algorithm,operation,message_bytes,concurrency,cpu_ghz,aesni,avx2,neon,machine_id,os_name,containerized,latency_ms,throughput_ops,crypto_type,correctness,timestamp,notes,trial_id
Classic-McEliece-348864,keygen,0,1,0.0,1,1,0,QPC,windows,0,228.16,4.38,KEM,True,2025-11-23T02:30:47.090206,,1
Classic-McEliece-348864,keygen,0,1,0.0,1,1,0,QPC,windows,0,121.4014,8.24,KEM,True,2025-11-23T02:30:47.211763,,2
Classic-McEliece-348864,keygen,0,1,0.0,1,1,0,QPC,windows,0,231.3745,4.32,KEM,True,2025-11-23T02:30:47.443332,,3
Classic-McEliece-348864,keygen,0,1,0.0,1,1,0,QPC,windows,0,856.9892,1.17,KEM,True,2025-11-23T02:30:48.300478,,4
Classic-McEliece-348864,keygen,0,1,0.0,1,1,0,QPC,windows,0,425.7544,2.35,KEM,True,2025-11-23T02:30:48.726408,,5
Classic-McEliece-348864,keygen,0,16,0.0,1,1,0,QPC,windows,0,119.742,8.35,KEM,True,2025-11-23T02:30:48.846313,,6
Classic-McEliece-348864,keygen,0,16,0.0,1,1,0,QPC,windows,0,119.0853,8.4,KEM,True,2025-11-23T02:30:48.965564,,7
Classic-McEliece-348864,keygen,0,16,0.0,1,1,0,QPC,windows,0,721.2729,1.39,KEM,True,2025-11-23T02:30:49.686997,,8
Classic-McEliece-348864,keygen,0,16,0.0,1,1,0,QPC,windows,0,123.4797,8.1,KEM,True,2025-11-23T02:30:49.810631,,9
Classic-McEliece-348864,keygen,0,16,0.0,1,1,0,QPC,windows,0,672.1387,1.49,KEM,True,2025-11-23T02:30:50.482957,,10
Classic-McEliece-348864,keygen,0,64,0.0,1,1,0,QPC,windows,0,519.3686,1.93,KEM,True,2025-11-23T02:30:51.002514,,11
Classic-McEliece-348864,keygen,0,64,0.0,1,1,0,QPC,windows,0,520.8867,1.92,KEM,True,2025-11-23T02:30:51.523556,,12
Classic-McEliece-348864,keygen,0,64,0.0,1,1,0,QPC,windows,0,318.6793,3.14,KEM,True,2025-11-23T02:30:51.842391,,13
Classic-McEliece-348864,keygen,0,64,0.0,1,1,0,QPC,windows,0,817.3046,1.22,KEM,True,2025-11-23T02:30:52.659856,,14
Classic-McEliece-348864,keygen,0,64,0.0,1,1,0,QPC,windows,0,118.2562,8.46,KEM,True,2025-11-23T02:30:52.778264,,15
Classic-McEliece-348864,keygen,1024,1,0.0,1,1,0,QPC,windows,0,323.684,3.09,KEM,True,2025-11-23T02:30:53.102087,,16
Classic-McEliece-348864,keygen,1024,1,0.0,1,1,0,QPC,windows,0,222.7821,4.49,KEM,True,2025-11-23T02:30:53.325024,,17
Classic-McEliece-348864,keygen,1024,1,0.0,1,1,0,QPC,windows,0,219.1809,4.56,KEM,True,2025-11-23T02:30:53.544375,,18
Classic-McEliece-348864,keygen,1024,1,0.0,1,1,0,QPC,windows,0,119.8292,8.35,KEM,True,2025-11-23T02:30:53.664365,,19
Classic-McEliece-348864,keygen,1024,1,0.0,1,1,0,QPC,windows,0,117.9948,8.47,KEM,True,2025-11-23T02:30:53.782473,,20
Classic-McEliece-348864,keygen,1024,16,0.0,1,1,0,QPC,windows,0,217.8557,4.59,KEM,True,2025-11-23T02:30:54.000465,,21
Classic-McEliece-348864,keygen,1024,16,0.0,1,1,0,QPC,windows,0,417.9087,2.39,KEM,True,2025-11-23T02:30:54.418531,,22
Classic-McEliece-348864,keygen,1024,16,0.0,1,1,0,QPC,windows,0,118.5923,8.43,KEM,True,2025-11-23T02:30:54.537272,,23
Classic-McEliece-348864,keygen,1024,16,0.0,1,1,0,QPC,windows,0,118.4755,8.44,KEM,True,2025-11-23T02:30:54.655860,,24
Classic-McEliece-348864,keygen,1024,16,0.0,1,1,0,QPC,windows,0,518.5869,1.93,KEM,True,2025-11-23T02:30:55.174744,,25
Classic-McEliece-348864,keygen,1024,64,0.0,1,1,0,QPC,windows,0,1114.0318,0.9,KEM,True,2025-11-23T02:30:56.288936,,26
Classic-McEliece-348864,keygen,1024,64,0.0,1,1,0,QPC,windows,0,420.0109,2.38,KEM,True,2025-11-23T02:30:56.709108,,27
Classic-McEliece-348864,keygen,1024,64,0.0,1,1,0,QPC,windows,0,416.2906,2.4,KEM,True,2025-11-23T02:30:57.125551,,28
Classic-McEliece-348864,keygen,1024,64,0.0,1,1,0,QPC,windows,0,218.7453,4.57,KEM,True,2025-11-23T02:30:57.344449,,29
Classic-McEliece-348864,keygen,1024,64,0.0,1,1,0,QPC,windows,0,420.5496,2.38,KEM,True,2025-11-23T02:30:57.765148,,30
Classic-McEliece-348864,encap,0,1,0.0,1,1,0,QPC,windows,0,123.099,8.12,KEM,True,2025-11-23T02:30:57.888459,,31
Classic-McEliece-348864,encap,0,1,0.0,1,1,0,QPC,windows,0,220.0688,4.54,KEM,True,2025-11-23T02:30:58.108670,,32
Classic-McEliece-348864,encap,0,1,0.0,1,1,0,QPC,windows,0,320.6257,3.12,KEM,True,2025-11-23T02:30:58.429444,,33
Classic-McEliece-348864,encap,0,1,0.0,1,1,0,QPC,windows,0,1618.7154,0.62,KEM,True,2025-11-23T02:31:00.048308,,34
Classic-McEliece-348864,encap,0,1,0.0,1,1,0,QPC,windows,0,124.4574,8.03,KEM,True,2025-11-23T02:31:00.172923,,35
Classic-McEliece-348864,encap,0,16,0.0,1,1,0,QPC,windows,0,927.9568,1.08,KEM,True,2025-11-23T02:31:01.101041,,36
Classic-McEliece-348864,encap,0,16,0.0,1,1,0,QPC,windows,0,1176.9936,0.85,KEM,True,2025-11-23T02:31:02.278202,,37
Classic-McEliece-348864,encap,0,16,0.0,1,1,0,QPC,windows,0,324.7317,3.08,KEM,True,2025-11-23T02:31:02.603092,,38
Classic-McEliece-348864,encap,0,16,0.0,1,1,0,QPC,windows,0,153.6494,6.51,KEM,True,2025-11-23T02:31:02.756894,,39
Classic-McEliece-348864,encap,0,16,0.0,1,1,0,QPC,windows,0,245.8483,4.07,KEM,True,2025-11-23T02:31:03.002905,,40
Classic-McEliece-348864,encap,0,64,0.0,1,1,0,QPC,windows,0,195.256,5.12,KEM,True,2025-11-23T02:31:03.198370,,41
Classic-McEliece-348864,encap,0,64,0.0,1,1,0,QPC,windows,0,133.6804,7.48,KEM,True,2025-11-23T02:31:03.332233,,42
Classic-McEliece-348864,encap,0,64,0.0,1,1,0,QPC,windows,0,118.5507,8.44,KEM,True,2025-11-23T02:31:03.450934,,43
Classic-McEliece-348864,encap,0,64,0.0,1,1,0,QPC,windows,0,516.7268,1.94,KEM,True,2025-11-23T02:31:03.967812,,44
Classic-McEliece-348864,encap,0,64,0.0,1,1,0,QPC,windows,0,118.8774,8.41,KEM,True,2025-11-23T02:31:04.086839,,45
Classic-McEliece-348864,encap,1024,1,0.0,1,1,0,QPC,windows,0,222.4567,4.5,KEM,True,2025-11-23T02:31:04.309440,,46
Classic-McEliece-348864,encap,1024,1,0.0,1,1,0,QPC,windows,0,716.521,1.4,KEM,True,2025-11-23T02:31:05.026115,,47
Classic-McEliece-348864,encap,1024,1,0.0,1,1,0,QPC,windows,0,219.6543,4.55,KEM,True,2025-11-23T02:31:05.245928,,48
Classic-McEliece-348864,encap,1024,1,0.0,1,1,0,QPC,windows,0,219.4497,4.56,KEM,True,2025-11-23T02:31:05.465520,,49
Classic-McEliece-348864,encap,1024,1,0.0,1,1,0,QPC,windows,0,316.8624,3.16,KEM,True,2025-11-23T02:31:05.782521,,50
Classic-McEliece-348864,encap,1024,16,0.0,1,1,0,QPC,windows,0,118.2499,8.46,KEM,True,2025-11-23T02:31:05.900898,,51
Classic-McEliece-348864,encap,1024,16,0.0,1,1,0,QPC,windows,0,218.9474,4.57,KEM,True,2025-11-23T02:31:06.119952,,52
Classic-McEliece-348864,encap,1024,16,0.0,1,1,0,QPC,windows,0,621.6286,1.61,KEM,True,2025-11-23T02:31:06.741727,,53
Classic-McEliece-348864,encap,1024,16,0.0,1,1,0,QPC,windows,0,126.8262,7.88,KEM,True,2025-11-23T02:31:06.868696,,54
Classic-McEliece-348864,encap,1024,16,0.0,1,1,0,QPC,windows,0,118.2082,8.46,KEM,True,2025-11-23T02:31:06.987064,,55
Classic-McEliece-348864,encap,1024,64,0.0,1,1,0,QPC,windows,0,627.9964,1.59,KEM,True,2025-11-23T02:31:07.615188,,56
Classic-McEliece-348864,encap,1024,64,0.0,1,1,0,QPC,windows,0,326.0241,3.07,KEM,True,2025-11-23T02:31:07.941367,,57
Classic-McEliece-348864,encap,1024,64,0.0,1,1,0,QPC,windows,0,945.3769,1.06,KEM,True,2025-11-23T02:31:08.886912,,58
Classic-McEliece-348864,encap,1024,64,0.0,1,1,0,QPC,windows,0,955.6442,1.05,KEM,True,2025-11-23T02:31:09.842707,,59
Classic-McEliece-348864,encap,1024,64,0.0,1,1,0,QPC,windows,0,217.4164,4.6,KEM,True,2025-11-23T02:31:10.060274,,60
Classic-McEliece-348864,decap,0,1,0.0,1,1,0,QPC,windows,0,136.1929,7.34,KEM,True,2025-11-23T02:31:10.196659,,61
Classic-McEliece-348864,decap,0,1,0.0,1,1,0,QPC,windows,0,834.1233,1.2,KEM,True,2025-11-23T02:31:11.030939,,62
Classic-McEliece-348864,decap,0,1,0.0,1,1,0,QPC,windows,0,240.2549,4.16,KEM,True,2025-11-23T02:31:11.271343,,63
Classic-McEliece-348864,decap,0,1,0.0,1,1,0,QPC,windows,0,928.695,1.08,KEM,True,2025-11-23T02:31:12.200197,,64
Classic-McEliece-348864,decap,0,1,0.0,1,1,0,QPC,windows,0,349.2687,2.86,KEM,True,2025-11-23T02:31:12.549620,,65
Classic-McEliece-348864,decap,0,16,0.0,1,1,0,QPC,windows,0,729.6908,1.37,KEM,True,2025-11-23T02:31:13.279477,,66
Classic-McEliece-348864,decap,0,16,0.0,1,1,0,QPC,windows,0,233.5284,4.28,KEM,True,2025-11-23T02:31:13.513190,,67
Classic-McEliece-348864,decap,0,16,0.0,1,1,0,QPC,windows,0,431.3373,2.32,KEM,True,2025-11-23T02:31:13.944677,,68
Classic-McEliece-348864,decap,0,16,0.0,1,1,0,QPC,windows,0,630.7525,1.59,KEM,True,2025-11-23T02:31:14.575587,,69
Classic-McEliece-348864,decap,0,16,0.0,1,1,0,QPC,windows,0,432.2175,2.31,KEM,True,2025-11-23T02:31:15.007974,,70
Classic-McEliece-348864,decap,0,64,0.0,1,1,0,QPC,windows,0,134.4535,7.44,KEM,True,2025-11-23T02:31:15.142582,,71
Classic-McEliece-348864,decap,0,64,0.0,1,1,0,QPC,windows,0,433.3309,2.31,KEM,True,2025-11-23T02:31:15.576038,,72
Classic-McEliece-348864,decap,0,64,0.0,1,1,0,QPC,windows,0,138.7777,7.21,KEM,True,2025-11-23T02:31:15.715246,,73
Classic-McEliece-348864,decap,0,64,0.0,1,1,0,QPC,windows,0,332.7889,3.0,KEM,True,2025-11-23T02:31:16.048187,,74
Classic-McEliece-348864,decap,0,64,0.0,1,1,0,QPC,windows,0,234.1331,4.27,KEM,True,2025-11-23T02:31:16.282587,,75
Classic-McEliece-348864,decap,1024,1,0.0,1,1,0,QPC,windows,0,332.7118,3.01,KEM,True,2025-11-23T02:31:16.615653,,76
Classic-McEliece-348864,decap,1024,1,0.0,1,1,0,QPC,windows,0,633.6174,1.58,KEM,True,2025-11-23T02:31:17.249422,,77
Classic-McEliece-348864,decap,1024,1,0.0,1,1,0,QPC,windows,0,435.8052,2.29,KEM,True,2025-11-23T02:31:17.685384,,78
Classic-McEliece-348864,decap,1024,1,0.0,1,1,0,QPC,windows,0,135.976,7.35,KEM,True,2025-11-23T02:31:17.821511,,79
Classic-McEliece-348864,decap,1024,1,0.0,1,1,0,QPC,windows,0,337.0888,2.97,KEM,True,2025-11-23T02:31:18.158744,,80
Classic-McEliece-348864,decap,1024,16,0.0,1,1,0,QPC,windows,0,634.2936,1.58,KEM,True,2025-11-23T02:31:18.793192,,81
Classic-McEliece-348864,decap,1024,16,0.0,1,1,0,QPC,windows,0,334.2843,2.99,KEM,True,2025-11-23T02:31:19.127632,,82
Classic-McEliece-348864,decap,1024,16,0.0,1,1,0,QPC,windows,0,434.736,2.3,KEM,True,2025-11-23T02:31:19.562519,,83
Classic-McEliece-348864,decap,1024,16,0.0,1,1,0,QPC,windows,0,535.9697,1.87,KEM,True,2025-11-23T02:31:20.099031,,84
Classic-McEliece-348864,decap,1024,16,0.0,1,1,0,QPC,windows,0,734.2682,1.36,KEM,True,2025-11-23T02:31:20.833452,,85
Classic-McEliece-348864,decap,1024,64,0.0,1,1,0,QPC,windows,0,236.2357,4.23,KEM,True,2025-11-23T02:31:21.069841,,86
Classic-McEliece-348864,decap,1024,64,0.0,1,1,0,QPC,windows,0,337.8601,2.96,KEM,True,2025-11-23T02:31:21.407857,,87
Classic-McEliece-348864,decap,1024,64,0.0,1,1,0,QPC,windows,0,235.9768,4.24,KEM,True,2025-11-23T02:31:21.643984,,88
Classic-McEliece-348864,decap,1024,64,0.0,1,1,0,QPC,windows,0,135.9618,7.36,KEM,True,2025-11-23T02:31:21.780101,,89
Classic-McEliece-348864,decap,1024,64,0.0,1,1,0,QPC,windows,0,235.9655,4.24,KEM,True,2025-11-23T02:31:22.016183,,90
Classic-McEliece-348864f,keygen,0,1,0.0,1,1,0,QPC,windows,0,118.8501,8.41,KEM,True,2025-11-23T02:31:22.135507,,91
Classic-McEliece-348864f,keygen,0,1,0.0,1,1,0,QPC,windows,0,119.5076,8.37,KEM,True,2025-11-23T02:31:22.255122,,92
Classic-McEliece-348864f,keygen,0,1,0.0,1,1,0,QPC,windows,0,117.6273,8.5,KEM,True,2025-11-23T02:31:22.372862,,93
Classic-McEliece-348864f,keygen,0,1,0.0,1,1,0,QPC,windows,0,118.1231,8.47,KEM,True,2025-11-23T02:31:22.491121,,94
Classic-McEliece-348864f,keygen,0,1,0.0,1,1,0,QPC,windows,0,121.9766,8.2,KEM,True,2025-11-23T02:31:22.613212,,95
Classic-McEliece-348864f,keygen,0,16,0.0,1,1,0,QPC,windows,0,118.6147,8.43,KEM,True,2025-11-23T02:31:22.731954,,96
Classic-McEliece-348864f,keygen,0,16,0.0,1,1,0,QPC,windows,0,118.3965,8.45,KEM,True,2025-11-23T02:31:22.850469,,97
Classic-McEliece-348864f,keygen,0,16,0.0,1,1,0,QPC,windows,0,118.8794,8.41,KEM,True,2025-11-23T02:31:22.969473,,98
Classic-McEliece-348864f,keygen,0,16,0.0,1,1,0,QPC,windows,0,118.8087,8.42,KEM,True,2025-11-23T02:31:23.088406,,99
Classic-McEliece-348864f,keygen,0,16,0.0,1,1,0,QPC,windows,0,118.9298,8.41,KEM,True,2025-11-23T02:31:23.207659,,100
Classic-McEliece-348864f,keygen,0,64,0.0,1,1,0,QPC,windows,0,118.3429,8.45,KEM,True,2025-11-23T02:31:23.326107,,101
Classic-McEliece-348864f,keygen,0,64,0.0,1,1,0,QPC,windows,0,118.4767,8.44,KEM,True,2025-11-23T02:31:23.444898,,102
Classic-McEliece-348864f,keygen,0,64,0.0,1,1,0,QPC,windows,0,118.1831,8.46,KEM,True,2025-11-23T02:31:23.563207,,103
Classic-McEliece-348864f,keygen,0,64,0.0,1,1,0,QPC,windows,0,118.4569,8.44,KEM,True,2025-11-23T02:31:23.681787,,104
Classic-McEliece-348864f,keygen,0,64,0.0,1,1,0,QPC,windows,0,118.1962,8.46,KEM,True,2025-11-23T02:31:23.800116,,105
Classic-McEliece-348864f,keygen,1024,1,0.0,1,1,0,QPC,windows,0,117.8768,8.48,KEM,True,2025-11-23T02:31:23.918094,,106
Classic-McEliece-348864f,keygen,1024,1,0.0,1,1,0,QPC,windows,0,119.062,8.4,KEM,True,2025-11-23T02:31:24.037282,,107
Classic-McEliece-348864f,keygen,1024,1,0.0,1,1,0,QPC,windows,0,118.147,8.46,KEM,True,2025-11-23T02:31:24.155547,,108
Classic-McEliece-348864f,keygen,1024,1,0.0,1,1,0,QPC,windows,0,118.7322,8.42,KEM,True,2025-11-23T02:31:24.274407,,109
Classic-McEliece-348864f,keygen,1024,1,0.0,1,1,0,QPC,windows,0,118.3838,8.45,KEM,True,2025-11-23T02:31:24.392916,,110
Classic-McEliece-348864f,keygen,1024,16,0.0,1,1,0,QPC,windows,0,118.4327,8.44,KEM,True,2025-11-23T02:31:24.511455,,111
Classic-McEliece-348864f,keygen,1024,16,0.0,1,1,0,QPC,windows,0,118.6916,8.43,KEM,True,2025-11-23T02:31:24.630255,,112
Classic-McEliece-348864f,keygen,1024,16,0.0,1,1,0,QPC,windows,0,117.9095,8.48,KEM,True,2025-11-23T02:31:24.748265,,113
Classic-McEliece-348864f,keygen,1024,16,0.0,1,1,0,QPC,windows,0,117.9029,8.48,KEM,True,2025-11-23T02:31:24.866269,,114
Classic-McEliece-348864f,keygen,1024,16,0.0,1,1,0,QPC,windows,0,118.1329,8.47,KEM,True,2025-11-23T02:31:24.984517,,115
Classic-McEliece-348864f,keygen,1024,64,0.0,1,1,0,QPC,windows,0,118.2772,8.45,KEM,True,2025-11-23T02:31:25.102901,,116
Classic-McEliece-348864f,keygen,1024,64,0.0,1,1,0,QPC,windows,0,118.6795,8.43,KEM,True,2025-11-23T02:31:25.221714,,117
Classic-McEliece-348864f,keygen,1024,64,0.0,1,1,0,QPC,windows,0,118.38,8.45,KEM,True,2025-11-23T02:31:25.340229,,118
Classic-McEliece-348864f,keygen,1024,64,0.0,1,1,0,QPC,windows,0,118.8312,8.42,KEM,True,2025-11-23T02:31:25.459167,,119
Classic-McEliece-348864f,keygen,1024,64,0.0,1,1,0,QPC,windows,0,119.0023,8.4,KEM,True,2025-11-23T02:31:25.578497,,120
Classic-McEliece-348864f,encap,0,1,0.0,1,1,0,QPC,windows,0,118.4568,8.44,KEM,True,2025-11-23T02:31:25.697110,,121
Classic-McEliece-348864f,encap,0,1,0.0,1,1,0,QPC,windows,0,120.8405,8.28,KEM,True,2025-11-23T02:31:25.818052,,122
Classic-McEliece-348864f,encap,0,1,0.0,1,1,0,QPC,windows,0,118.4897,8.44,KEM,True,2025-11-23T02:31:25.936664,,123
Classic-McEliece-348864f,encap,0,1,0.0,1,1,0,QPC,windows,0,118.4087,8.45,KEM,True,2025-11-23T02:31:26.055176,,124
Classic-McEliece-348864f,encap,0,1,0.0,1,1,0,QPC,windows,0,121.096,8.26,KEM,True,2025-11-23T02:31:26.176410,,125
Classic-McEliece-348864f,encap,0,16,0.0,1,1,0,QPC,windows,0,119.3103,8.38,KEM,True,2025-11-23T02:31:26.295838,,126
Classic-McEliece-348864f,encap,0,16,0.0,1,1,0,QPC,windows,0,118.891,8.41,KEM,True,2025-11-23T02:31:26.414827,,127
Classic-McEliece-348864f,encap,0,16,0.0,1,1,0,QPC,windows,0,120.0876,8.33,KEM,True,2025-11-23T02:31:26.535024,,128
Classic-McEliece-348864f,encap,0,16,0.0,1,1,0,QPC,windows,0,118.3938,8.45,KEM,True,2025-11-23T02:31:26.653548,,129
Classic-McEliece-348864f,encap,0,16,0.0,1,1,0,QPC,windows,0,118.1731,8.46,KEM,True,2025-11-23T02:31:26.771827,,130
Classic-McEliece-348864f,encap,0,64,0.0,1,1,0,QPC,windows,0,118.0838,8.47,KEM,True,2025-11-23T02:31:26.890048,,131
Classic-McEliece-348864f,encap,0,64,0.0,1,1,0,QPC,windows,0,118.57,8.43,KEM,True,2025-11-23T02:31:27.008719,,132
Classic-McEliece-348864f,encap,0,64,0.0,1,1,0,QPC,windows,0,118.1855,8.46,KEM,True,2025-11-23T02:31:27.127017,,133
Classic-McEliece-348864f,encap,0,64,0.0,1,1,0,QPC,windows,0,118.4078,8.45,KEM,True,2025-11-23T02:31:27.245542,,134
Classic-McEliece-348864f,encap,0,64,0.0,1,1,0,QPC,windows,0,118.5549,8.43,KEM,True,2025-11-23T02:31:27.364195,,135
Classic-McEliece-348864f,encap,1024,1,0.0,1,1,0,QPC,windows,0,118.0992,8.47,KEM,True,2025-11-23T02:31:27.482411,,136
Classic-McEliece-348864f,encap,1024,1,0.0,1,1,0,QPC,windows,0,117.9254,8.48,KEM,True,2025-11-23T02:31:27.600479,,137
Classic-McEliece-348864f,encap,1024,1,0.0,1,1,0,QPC,windows,0,117.8078,8.49,KEM,True,2025-11-23T02:31:27.718383,,138
Classic-McEliece-348864f,encap,1024,1,0.0,1,1,0,QPC,windows,0,117.9687,8.48,KEM,True,2025-11-23T02:31:27.836454,,139
Classic-McEliece-348864f,encap,1024,1,0.0,1,1,0,QPC,windows,0,118.4413,8.44,KEM,True,2025-11-23T02:31:27.955024,,140
Classic-McEliece-348864f,encap,1024,16,0.0,1,1,0,QPC,windows,0,120.9182,8.27,KEM,True,2025-11-23T02:31:28.076049,,141
Classic-McEliece-348864f,encap,1024,16,0.0,1,1,0,QPC,windows,0,118.5115,8.44,KEM,True,2025-11-23T02:31:28.194699,,142
Classic-McEliece-348864f,encap,1024,16,0.0,1,1,0,QPC,windows,0,117.8178,8.49,KEM,True,2025-11-23T02:31:28.312652,,143
Classic-McEliece-348864f,encap,1024,16,0.0,1,1,0,QPC,windows,0,118.1133,8.47,KEM,True,2025-11-23T02:31:28.430954,,144
Classic-McEliece-348864f,encap,1024,16,0.0,1,1,0,QPC,windows,0,118.1087,8.47,KEM,True,2025-11-23T02:31:28.549198,,145
Classic-McEliece-348864f,encap,1024,64,0.0,1,1,0,QPC,windows,0,117.7098,8.5,KEM,True,2025-11-23T02:31:28.667020,,146
Classic-McEliece-348864f,encap,1024,64,0.0,1,1,0,QPC,windows,0,118.282,8.45,KEM,True,2025-11-23T02:31:28.785403,,147
Classic-McEliece-348864f,encap,1024,64,0.0,1,1,0,QPC,windows,0,122.0056,8.2,KEM,True,2025-11-23T02:31:28.907550,,148
Classic-McEliece-348864f,encap,1024,64,0.0,1,1,0,QPC,windows,0,118.116,8.47,KEM,True,2025-11-23T02:31:29.025767,,149
Classic-McEliece-348864f,encap,1024,64,0.0,1,1,0,QPC,windows,0,117.9901,8.48,KEM,True,2025-11-23T02:31:29.143893,,150
Classic-McEliece-348864f,decap,0,1,0.0,1,1,0,QPC,windows,0,134.2436,7.45,KEM,True,2025-11-23T02:31:29.278297,,151
Classic-McEliece-348864f,decap,0,1,0.0,1,1,0,QPC,windows,0,134.4786,7.44,KEM,True,2025-11-23T02:31:29.412884,,152
Classic-McEliece-348864f,decap,0,1,0.0,1,1,0,QPC,windows,0,134.085,7.46,KEM,True,2025-11-23T02:31:29.547108,,153
Classic-McEliece-348864f,decap,0,1,0.0,1,1,0,QPC,windows,0,134.1129,7.46,KEM,True,2025-11-23T02:31:29.681338,,154
Classic-McEliece-348864f,decap,0,1,0.0,1,1,0,QPC,windows,0,134.097,7.46,KEM,True,2025-11-23T02:31:29.815595,,155
Classic-McEliece-348864f,decap,0,16,0.0,1,1,0,QPC,windows,0,134.1124,7.46,KEM,True,2025-11-23T02:31:29.949816,,156
Classic-McEliece-348864f,decap,0,16,0.0,1,1,0,QPC,windows,0,134.4297,7.44,KEM,True,2025-11-23T02:31:30.084354,,157
Classic-McEliece-348864f,decap,0,16,0.0,1,1,0,QPC,windows,0,134.2193,7.45,KEM,True,2025-11-23T02:31:30.218710,,158
Classic-McEliece-348864f,decap,0,16,0.0,1,1,0,QPC,windows,0,134.9544,7.41,KEM,True,2025-11-23T02:31:30.353772,,159
Classic-McEliece-348864f,decap,0,16,0.0,1,1,0,QPC,windows,0,135.1856,7.4,KEM,True,2025-11-23T02:31:30.489087,,160
Classic-McEliece-348864f,decap,0,64,0.0,1,1,0,QPC,windows,0,134.4703,7.44,KEM,True,2025-11-23T02:31:30.623673,,161
Classic-McEliece-348864f,decap,0,64,0.0,1,1,0,QPC,windows,0,135.181,7.4,KEM,True,2025-11-23T02:31:30.758987,,162
Classic-McEliece-348864f,decap,0,64,0.0,1,1,0,QPC,windows,0,134.4957,7.44,KEM,True,2025-11-23T02:31:30.893590,,163
Classic-McEliece-348864f,decap,0,64,0.0,1,1,0,QPC,windows,0,135.4098,7.38,KEM,True,2025-11-23T02:31:31.029107,,164
Classic-McEliece-348864f,decap,0,64,0.0,1,1,0,QPC,windows,0,134.8505,7.42,KEM,True,2025-11-23T02:31:31.164096,,165
Classic-McEliece-348864f,decap,1024,1,0.0,1,1,0,QPC,windows,0,133.9633,7.46,KEM,True,2025-11-23T02:31:31.298194,,166
Classic-McEliece-348864f,decap,1024,1,0.0,1,1,0,QPC,windows,0,134.3773,7.44,KEM,True,2025-11-23T02:31:31.432706,,167
Classic-McEliece-348864f,decap,1024,1,0.0,1,1,0,QPC,windows,0,134.5217,7.43,KEM,True,2025-11-23T02:31:31.567571,,168
Classic-McEliece-348864f,decap,1024,1,0.0,1,1,0,QPC,windows,0,137.7059,7.26,KEM,True,2025-11-23T02:31:31.705430,,169
Classic-McEliece-348864f,decap,1024,1,0.0,1,1,0,QPC,windows,0,135.4403,7.38,KEM,True,2025-11-23T02:31:31.840996,,170
Classic-McEliece-348864f,decap,1024,16,0.0,1,1,0,QPC,windows,0,135.4843,7.38,KEM,True,2025-11-23T02:31:31.976637,,171
Classic-McEliece-348864f,decap,1024,16,0.0,1,1,0,QPC,windows,0,134.243,7.45,KEM,True,2025-11-23T02:31:32.111014,,172
Classic-McEliece-348864f,decap,1024,16,0.0,1,1,0,QPC,windows,0,134.4047,7.44,KEM,True,2025-11-23T02:31:32.245551,,173
Classic-McEliece-348864f,decap,1024,16,0.0,1,1,0,QPC,windows,0,135.5657,7.38,KEM,True,2025-11-23T02:31:32.381247,,174
Classic-McEliece-348864f,decap,1024,16,0.0,1,1,0,QPC,windows,0,135.2271,7.39,KEM,True,2025-11-23T02:31:32.516579,,175
Classic-McEliece-348864f,decap,1024,64,0.0,1,1,0,QPC,windows,0,134.4456,7.44,KEM,True,2025-11-23T02:31:32.651148,,176
Classic-McEliece-348864f,decap,1024,64,0.0,1,1,0,QPC,windows,0,134.9173,7.41,KEM,True,2025-11-23T02:31:32.786181,,177
Classic-McEliece-348864f,decap,1024,64,0.0,1,1,0,QPC,windows,0,134.5559,7.43,KEM,True,2025-11-23T02:31:32.920842,,178
Classic-McEliece-348864f,decap,1024,64,0.0,1,1,0,QPC,windows,0,134.4656,7.44,KEM,True,2025-11-23T02:31:33.055441,,179
Classic-McEliece-348864f,decap,1024,64,0.0,1,1,0,QPC,windows,0,137.2595,7.29,KEM,True,2025-11-23T02:31:33.192819,,180
Classic-McEliece-460896,keygen,0,1,0.0,1,1,0,QPC,windows,0,394.8421,2.53,KEM,True,2025-11-23T02:31:33.587844,,181
Classic-McEliece-460896,keygen,0,1,0.0,1,1,0,QPC,windows,0,736.94,1.36,KEM,True,2025-11-23T02:31:34.324941,,182
Classic-McEliece-460896,keygen,0,1,0.0,1,1,0,QPC,windows,0,394.8321,2.53,KEM,True,2025-11-23T02:31:34.719931,,183
Classic-McEliece-460896,keygen,0,1,0.0,1,1,0,QPC,windows,0,1426.1053,0.7,KEM,True,2025-11-23T02:31:36.146196,,184
Classic-McEliece-460896,keygen,0,1,0.0,1,1,0,QPC,windows,0,1078.4719,0.93,KEM,True,2025-11-23T02:31:37.224827,,185
Classic-McEliece-460896,keygen,0,16,0.0,1,1,0,QPC,windows,0,1775.0813,0.56,KEM,True,2025-11-23T02:31:39.000069,,186
Classic-McEliece-460896,keygen,0,16,0.0,1,1,0,QPC,windows,0,4167.2066,0.24,KEM,True,2025-11-23T02:31:43.167435,,187
Classic-McEliece-460896,keygen,0,16,0.0,1,1,0,QPC,windows,0,741.5135,1.35,KEM,True,2025-11-23T02:31:43.909110,,188
Classic-McEliece-460896,keygen,0,16,0.0,1,1,0,QPC,windows,0,1079.006,0.93,KEM,True,2025-11-23T02:31:44.988274,,189
Classic-McEliece-460896,keygen,0,16,0.0,1,1,0,QPC,windows,0,737.2396,1.36,KEM,True,2025-11-23T02:31:45.725667,,190
Classic-McEliece-460896,keygen,0,64,0.0,1,1,0,QPC,windows,0,738.5687,1.35,KEM,True,2025-11-23T02:31:46.464394,,191
Classic-McEliece-460896,keygen,0,64,0.0,1,1,0,QPC,windows,0,395.0206,2.53,KEM,True,2025-11-23T02:31:46.859571,,192
Classic-McEliece-460896,keygen,0,64,0.0,1,1,0,QPC,windows,0,1081.8505,0.92,KEM,True,2025-11-23T02:31:47.941577,,193
Classic-McEliece-460896,keygen,0,64,0.0,1,1,0,QPC,windows,0,1082.0026,0.92,KEM,True,2025-11-23T02:31:49.023737,,194
Classic-McEliece-460896,keygen,0,64,0.0,1,1,0,QPC,windows,0,394.2097,2.54,KEM,True,2025-11-23T02:31:49.418106,,195
Classic-McEliece-460896,keygen,1024,1,0.0,1,1,0,QPC,windows,0,3484.3869,0.29,KEM,True,2025-11-23T02:31:52.902656,,196
Classic-McEliece-460896,keygen,1024,1,0.0,1,1,0,QPC,windows,0,1423.7292,0.7,KEM,True,2025-11-23T02:31:54.326546,,197
Classic-McEliece-460896,keygen,1024,1,0.0,1,1,0,QPC,windows,0,4165.8161,0.24,KEM,True,2025-11-23T02:31:58.492518,,198
Classic-McEliece-460896,keygen,1024,1,0.0,1,1,0,QPC,windows,0,1426.3431,0.7,KEM,True,2025-11-23T02:31:59.919020,,199
Classic-McEliece-460896,keygen,1024,1,0.0,1,1,0,QPC,windows,0,1432.7371,0.7,KEM,True,2025-11-23T02:32:01.351930,,200
Classic-McEliece-460896,keygen,1024,16,0.0,1,1,0,QPC,windows,0,1430.0597,0.7,KEM,True,2025-11-23T02:32:02.782151,,201
Classic-McEliece-460896,keygen,1024,16,0.0,1,1,0,QPC,windows,0,397.0768,2.52,KEM,True,2025-11-23T02:32:03.179387,,202
Classic-McEliece-460896,keygen,1024,16,0.0,1,1,0,QPC,windows,0,395.7859,2.53,KEM,True,2025-11-23T02:32:03.575331,,203
Classic-McEliece-460896,keygen,1024,16,0.0,1,1,0,QPC,windows,0,739.0468,1.35,KEM,True,2025-11-23T02:32:04.314532,,204
Classic-McEliece-460896,keygen,1024,16,0.0,1,1,0,QPC,windows,0,1771.2645,0.56,KEM,True,2025-11-23T02:32:06.085953,,205
Classic-McEliece-460896,keygen,1024,64,0.0,1,1,0,QPC,windows,0,1432.9669,0.7,KEM,True,2025-11-23T02:32:07.519082,,206
Classic-McEliece-460896,keygen,1024,64,0.0,1,1,0,QPC,windows,0,1771.462,0.56,KEM,True,2025-11-23T02:32:09.290705,,207
Classic-McEliece-460896,keygen,1024,64,0.0,1,1,0,QPC,windows,0,737.5461,1.36,KEM,True,2025-11-23T02:32:10.028411,,208
Classic-McEliece-460896,keygen,1024,64,0.0,1,1,0,QPC,windows,0,737.2706,1.36,KEM,True,2025-11-23T02:32:10.765841,,209
Classic-McEliece-460896,keygen,1024,64,0.0,1,1,0,QPC,windows,0,2447.879,0.41,KEM,True,2025-11-23T02:32:13.213880,,210
Classic-McEliece-460896,encap,0,1,0.0,1,1,0,QPC,windows,0,394.6442,2.53,KEM,True,2025-11-23T02:32:13.608718,,211
Classic-McEliece-460896,encap,0,1,0.0,1,1,0,QPC,windows,0,395.0023,2.53,KEM,True,2025-11-23T02:32:14.004074,,212
Classic-McEliece-460896,encap,0,1,0.0,1,1,0,QPC,windows,0,1082.0829,0.92,KEM,True,2025-11-23T02:32:15.086316,,213
Classic-McEliece-460896,encap,0,1,0.0,1,1,0,QPC,windows,0,746.6661,1.34,KEM,True,2025-11-23T02:32:15.833188,,214
Classic-McEliece-460896,encap,0,1,0.0,1,1,0,QPC,windows,0,737.875,1.36,KEM,True,2025-11-23T02:32:16.571217,,215
Classic-McEliece-460896,encap,0,16,0.0,1,1,0,QPC,windows,0,738.054,1.35,KEM,True,2025-11-23T02:32:17.309426,,216
Classic-McEliece-460896,encap,0,16,0.0,1,1,0,QPC,windows,0,397.6173,2.51,KEM,True,2025-11-23T02:32:17.707201,,217
Classic-McEliece-460896,encap,0,16,0.0,1,1,0,QPC,windows,0,1082.1574,0.92,KEM,True,2025-11-23T02:32:18.789873,,218
Classic-McEliece-460896,encap,0,16,0.0,1,1,0,QPC,windows,0,1085.9402,0.92,KEM,True,2025-11-23T02:32:19.875971,,219
Classic-McEliece-460896,encap,0,16,0.0,1,1,0,QPC,windows,0,398.0515,2.51,KEM,True,2025-11-23T02:32:20.274183,,220
Classic-McEliece-460896,encap,0,64,0.0,1,1,0,QPC,windows,0,2118.6215,0.47,KEM,True,2025-11-23T02:32:22.392963,,221
Classic-McEliece-460896,encap,0,64,0.0,1,1,0,QPC,windows,0,3831.0127,0.26,KEM,True,2025-11-23T02:32:26.224131,,222
Classic-McEliece-460896,encap,0,64,0.0,1,1,0,QPC,windows,0,2803.7733,0.36,KEM,True,2025-11-23T02:32:29.028060,,223
Classic-McEliece-460896,encap,0,64,0.0,1,1,0,QPC,windows,0,401.364,2.49,KEM,True,2025-11-23T02:32:29.429583,,224
Classic-McEliece-460896,encap,0,64,0.0,1,1,0,QPC,windows,0,3831.4061,0.26,KEM,True,2025-11-23T02:32:33.261144,,225
Classic-McEliece-460896,encap,1024,1,0.0,1,1,0,QPC,windows,0,5204.6757,0.19,KEM,True,2025-11-23T02:32:38.465969,,226
Classic-McEliece-460896,encap,1024,1,0.0,1,1,0,QPC,windows,0,1081.5466,0.92,KEM,True,2025-11-23T02:32:39.547674,,227
Classic-McEliece-460896,encap,1024,1,0.0,1,1,0,QPC,windows,0,397.4624,2.52,KEM,True,2025-11-23T02:32:39.945294,,228
Classic-McEliece-460896,encap,1024,1,0.0,1,1,0,QPC,windows,0,397.0966,2.52,KEM,True,2025-11-23T02:32:40.342533,,229
Classic-McEliece-460896,encap,1024,1,0.0,1,1,0,QPC,windows,0,738.5993,1.35,KEM,True,2025-11-23T02:32:41.081288,,230
Classic-McEliece-460896,encap,1024,16,0.0,1,1,0,QPC,windows,0,740.3102,1.35,KEM,True,2025-11-23T02:32:41.822105,,231
Classic-McEliece-460896,encap,1024,16,0.0,1,1,0,QPC,windows,0,4513.9296,0.22,KEM,True,2025-11-23T02:32:46.336188,,232
Classic-McEliece-460896,encap,1024,16,0.0,1,1,0,QPC,windows,0,739.1433,1.35,KEM,True,2025-11-23T02:32:47.075842,,233
Classic-McEliece-460896,encap,1024,16,0.0,1,1,0,QPC,windows,0,1425.6153,0.7,KEM,True,2025-11-23T02:32:48.501614,,234
Classic-McEliece-460896,encap,1024,16,0.0,1,1,0,QPC,windows,0,395.032,2.53,KEM,True,2025-11-23T02:32:48.896801,,235
Classic-McEliece-460896,encap,1024,64,0.0,1,1,0,QPC,windows,0,395.554,2.53,KEM,True,2025-11-23T02:32:49.292502,,236
Classic-McEliece-460896,encap,1024,64,0.0,1,1,0,QPC,windows,0,737.053,1.36,KEM,True,2025-11-23T02:32:50.029712,,237
Classic-McEliece-460896,encap,1024,64,0.0,1,1,0,QPC,windows,0,397.0133,2.52,KEM,True,2025-11-23T02:32:50.426881,,238
Classic-McEliece-460896,encap,1024,64,0.0,1,1,0,QPC,windows,0,1079.1154,0.93,KEM,True,2025-11-23T02:32:51.506519,,239
Classic-McEliece-460896,encap,1024,64,0.0,1,1,0,QPC,windows,0,2799.9268,0.36,KEM,True,2025-11-23T02:32:54.306602,,240
Classic-McEliece-460896,decap,0,1,0.0,1,1,0,QPC,windows,0,1801.8986,0.55,KEM,True,2025-11-23T02:32:56.108892,,241
Classic-McEliece-460896,decap,0,1,0.0,1,1,0,QPC,windows,0,2149.6482,0.47,KEM,True,2025-11-23T02:32:58.258696,,242
Classic-McEliece-460896,decap,0,1,0.0,1,1,0,QPC,windows,0,773.3111,1.29,KEM,True,2025-11-23T02:32:59.032156,,243
Classic-McEliece-460896,decap,0,1,0.0,1,1,0,QPC,windows,0,785.7834,1.27,KEM,True,2025-11-23T02:32:59.818093,,244
Classic-McEliece-460896,decap,0,1,0.0,1,1,0,QPC,windows,0,773.3582,1.29,KEM,True,2025-11-23T02:33:00.591608,,245
Classic-McEliece-460896,decap,0,16,0.0,1,1,0,QPC,windows,0,775.2201,1.29,KEM,True,2025-11-23T02:33:01.366982,,246
Classic-McEliece-460896,decap,0,16,0.0,1,1,0,QPC,windows,0,432.9485,2.31,KEM,True,2025-11-23T02:33:01.800083,,247
Classic-McEliece-460896,decap,0,16,0.0,1,1,0,QPC,windows,0,775.7931,1.29,KEM,True,2025-11-23T02:33:02.576030,,248
Classic-McEliece-460896,decap,0,16,0.0,1,1,0,QPC,windows,0,1469.2328,0.68,KEM,True,2025-11-23T02:33:04.045435,,249
Classic-McEliece-460896,decap,0,16,0.0,1,1,0,QPC,windows,0,1117.2157,0.9,KEM,True,2025-11-23T02:33:05.162811,,250
Classic-McEliece-460896,decap,0,64,0.0,1,1,0,QPC,windows,0,1117.296,0.9,KEM,True,2025-11-23T02:33:06.280269,,251
Classic-McEliece-460896,decap,0,64,0.0,1,1,0,QPC,windows,0,772.3352,1.29,KEM,True,2025-11-23T02:33:07.052764,,252
Classic-McEliece-460896,decap,0,64,0.0,1,1,0,QPC,windows,0,1119.5066,0.89,KEM,True,2025-11-23T02:33:08.172430,,253
Classic-McEliece-460896,decap,0,64,0.0,1,1,0,QPC,windows,0,440.1658,2.27,KEM,True,2025-11-23T02:33:08.612751,,254
Classic-McEliece-460896,decap,0,64,0.0,1,1,0,QPC,windows,0,1115.6423,0.9,KEM,True,2025-11-23T02:33:09.728547,,255
Classic-McEliece-460896,decap,1024,1,0.0,1,1,0,QPC,windows,0,430.1692,2.32,KEM,True,2025-11-23T02:33:10.158874,,256
Classic-McEliece-460896,decap,1024,1,0.0,1,1,0,QPC,windows,0,771.9804,1.3,KEM,True,2025-11-23T02:33:10.931210,,257
Classic-McEliece-460896,decap,1024,1,0.0,1,1,0,QPC,windows,0,1456.7265,0.69,KEM,True,2025-11-23T02:33:12.388092,,258
Classic-McEliece-460896,decap,1024,1,0.0,1,1,0,QPC,windows,0,1117.8755,0.89,KEM,True,2025-11-23T02:33:13.506126,,259
Classic-McEliece-460896,decap,1024,1,0.0,1,1,0,QPC,windows,0,430.1183,2.32,KEM,True,2025-11-23T02:33:13.936400,,260
Classic-McEliece-460896,decap,1024,16,0.0,1,1,0,QPC,windows,0,776.2373,1.29,KEM,True,2025-11-23T02:33:14.712787,,261
Classic-McEliece-460896,decap,1024,16,0.0,1,1,0,QPC,windows,0,2490.1621,0.4,KEM,True,2025-11-23T02:33:17.203103,,262
Classic-McEliece-460896,decap,1024,16,0.0,1,1,0,QPC,windows,0,772.5908,1.29,KEM,True,2025-11-23T02:33:17.975853,,263
Classic-McEliece-460896,decap,1024,16,0.0,1,1,0,QPC,windows,0,1461.553,0.68,KEM,True,2025-11-23T02:33:19.437560,,264
Classic-McEliece-460896,decap,1024,16,0.0,1,1,0,QPC,windows,0,777.9562,1.29,KEM,True,2025-11-23T02:33:20.215670,,265
Classic-McEliece-460896,decap,1024,64,0.0,1,1,0,QPC,windows,0,434.6261,2.3,KEM,True,2025-11-23T02:33:20.650452,,266
Classic-McEliece-460896,decap,1024,64,0.0,1,1,0,QPC,windows,0,432.3485,2.31,KEM,True,2025-11-23T02:33:21.083167,,267
Classic-McEliece-460896,decap,1024,64,0.0,1,1,0,QPC,windows,0,1114.9679,0.9,KEM,True,2025-11-23T02:33:22.198292,,268
Classic-McEliece-460896,decap,1024,64,0.0,1,1,0,QPC,windows,0,1811.8995,0.55,KEM,True,2025-11-23T02:33:24.010346,,269
Classic-McEliece-460896,decap,1024,64,0.0,1,1,0,QPC,windows,0,774.9156,1.29,KEM,True,2025-11-23T02:33:24.785415,,270
Classic-McEliece-460896f,keygen,0,1,0.0,1,1,0,QPC,windows,0,395.0128,2.53,KEM,True,2025-11-23T02:33:25.180617,,271
Classic-McEliece-460896f,keygen,0,1,0.0,1,1,0,QPC,windows,0,393.8064,2.54,KEM,True,2025-11-23T02:33:25.574584,,272
Classic-McEliece-460896f,keygen,0,1,0.0,1,1,0,QPC,windows,0,394.2296,2.54,KEM,True,2025-11-23T02:33:25.968968,,273
Classic-McEliece-460896f,keygen,0,1,0.0,1,1,0,QPC,windows,0,394.8263,2.53,KEM,True,2025-11-23T02:33:26.363953,,274
Classic-McEliece-460896f,keygen,0,1,0.0,1,1,0,QPC,windows,0,395.0991,2.53,KEM,True,2025-11-23T02:33:26.759207,,275
Classic-McEliece-460896f,keygen,0,16,0.0,1,1,0,QPC,windows,0,394.8194,2.53,KEM,True,2025-11-23T02:33:27.154185,,276
Classic-McEliece-460896f,keygen,0,16,0.0,1,1,0,QPC,windows,0,395.7957,2.53,KEM,True,2025-11-23T02:33:27.550136,,277
Classic-McEliece-460896f,keygen,0,16,0.0,1,1,0,QPC,windows,0,395.3207,2.53,KEM,True,2025-11-23T02:33:27.945618,,278
Classic-McEliece-460896f,keygen,0,16,0.0,1,1,0,QPC,windows,0,395.4885,2.53,KEM,True,2025-11-23T02:33:28.341262,,279
Classic-McEliece-460896f,keygen,0,16,0.0,1,1,0,QPC,windows,0,393.9191,2.54,KEM,True,2025-11-23T02:33:28.735357,,280
Classic-McEliece-460896f,keygen,0,64,0.0,1,1,0,QPC,windows,0,394.5944,2.53,KEM,True,2025-11-23T02:33:29.130107,,281
Classic-McEliece-460896f,keygen,0,64,0.0,1,1,0,QPC,windows,0,393.8825,2.54,KEM,True,2025-11-23T02:33:29.524149,,282
Classic-McEliece-460896f,keygen,0,64,0.0,1,1,0,QPC,windows,0,395.3067,2.53,KEM,True,2025-11-23T02:33:29.919611,,283
Classic-McEliece-460896f,keygen,0,64,0.0,1,1,0,QPC,windows,0,394.5439,2.53,KEM,True,2025-11-23T02:33:30.314309,,284
Classic-McEliece-460896f,keygen,0,64,0.0,1,1,0,QPC,windows,0,394.0089,2.54,KEM,True,2025-11-23T02:33:30.708590,,285
Classic-McEliece-460896f,keygen,1024,1,0.0,1,1,0,QPC,windows,0,394.3104,2.54,KEM,True,2025-11-23T02:33:31.103246,,286
Classic-McEliece-460896f,keygen,1024,1,0.0,1,1,0,QPC,windows,0,396.3564,2.52,KEM,True,2025-11-23T02:33:31.499761,,287
Classic-McEliece-460896f,keygen,1024,1,0.0,1,1,0,QPC,windows,0,395.4894,2.53,KEM,True,2025-11-23T02:33:31.895398,,288
Classic-McEliece-460896f,keygen,1024,1,0.0,1,1,0,QPC,windows,0,394.453,2.54,KEM,True,2025-11-23T02:33:32.290004,,289
Classic-McEliece-460896f,keygen,1024,1,0.0,1,1,0,QPC,windows,0,393.6261,2.54,KEM,True,2025-11-23T02:33:32.683789,,290
Classic-McEliece-460896f,keygen,1024,16,0.0,1,1,0,QPC,windows,0,393.6088,2.54,KEM,True,2025-11-23T02:33:33.077556,,291
Classic-McEliece-460896f,keygen,1024,16,0.0,1,1,0,QPC,windows,0,394.721,2.53,KEM,True,2025-11-23T02:33:33.472433,,292
Classic-McEliece-460896f,keygen,1024,16,0.0,1,1,0,QPC,windows,0,393.3136,2.54,KEM,True,2025-11-23T02:33:33.865908,,293
Classic-McEliece-460896f,keygen,1024,16,0.0,1,1,0,QPC,windows,0,397.8141,2.51,KEM,True,2025-11-23T02:33:34.263891,,294
Classic-McEliece-460896f,keygen,1024,16,0.0,1,1,0,QPC,windows,0,394.1837,2.54,KEM,True,2025-11-23T02:33:34.658238,,295
Classic-McEliece-460896f,keygen,1024,64,0.0,1,1,0,QPC,windows,0,393.5043,2.54,KEM,True,2025-11-23T02:33:35.051902,,296
Classic-McEliece-460896f,keygen,1024,64,0.0,1,1,0,QPC,windows,0,393.8238,2.54,KEM,True,2025-11-23T02:33:35.445880,,297
Classic-McEliece-460896f,keygen,1024,64,0.0,1,1,0,QPC,windows,0,393.4498,2.54,KEM,True,2025-11-23T02:33:35.839510,,298
Classic-McEliece-460896f,keygen,1024,64,0.0,1,1,0,QPC,windows,0,395.0826,2.53,KEM,True,2025-11-23T02:33:36.234744,,299
Classic-McEliece-460896f,keygen,1024,64,0.0,1,1,0,QPC,windows,0,395.2472,2.53,KEM,True,2025-11-23T02:33:36.630150,,300
Classic-McEliece-460896f,encap,0,1,0.0,1,1,0,QPC,windows,0,394.9907,2.53,KEM,True,2025-11-23T02:33:37.025332,,301
Classic-McEliece-460896f,encap,0,1,0.0,1,1,0,QPC,windows,0,393.9282,2.54,KEM,True,2025-11-23T02:33:37.419413,,302
Classic-McEliece-460896f,encap,0,1,0.0,1,1,0,QPC,windows,0,395.4308,2.53,KEM,True,2025-11-23T02:33:37.814992,,303
Classic-McEliece-460896f,encap,0,1,0.0,1,1,0,QPC,windows,0,393.5946,2.54,KEM,True,2025-11-23T02:33:38.208757,,304
Classic-McEliece-460896f,encap,0,1,0.0,1,1,0,QPC,windows,0,394.0873,2.54,KEM,True,2025-11-23T02:33:38.602994,,305
Classic-McEliece-460896f,encap,0,16,0.0,1,1,0,QPC,windows,0,395.2514,2.53,KEM,True,2025-11-23T02:33:38.998402,,306
Classic-McEliece-460896f,encap,0,16,0.0,1,1,0,QPC,windows,0,393.4533,2.54,KEM,True,2025-11-23T02:33:39.392216,,307
Classic-McEliece-460896f,encap,0,16,0.0,1,1,0,QPC,windows,0,397.5957,2.52,KEM,True,2025-11-23T02:33:39.789983,,308
Classic-McEliece-460896f,encap,0,16,0.0,1,1,0,QPC,windows,0,395.2599,2.53,KEM,True,2025-11-23T02:33:40.185401,,309
Classic-McEliece-460896f,encap,0,16,0.0,1,1,0,QPC,windows,0,398.1578,2.51,KEM,True,2025-11-23T02:33:40.583710,,310
Classic-McEliece-460896f,encap,0,64,0.0,1,1,0,QPC,windows,0,398.3299,2.51,KEM,True,2025-11-23T02:33:40.982190,,311
Classic-McEliece-460896f,encap,0,64,0.0,1,1,0,QPC,windows,0,399.5846,2.5,KEM,True,2025-11-23T02:33:41.381926,,312
Classic-McEliece-460896f,encap,0,64,0.0,1,1,0,QPC,windows,0,398.5236,2.51,KEM,True,2025-11-23T02:33:41.780598,,313
Classic-McEliece-460896f,encap,0,64,0.0,1,1,0,QPC,windows,0,395.746,2.53,KEM,True,2025-11-23T02:33:42.176500,,314
Classic-McEliece-460896f,encap,0,64,0.0,1,1,0,QPC,windows,0,399.0301,2.51,KEM,True,2025-11-23T02:33:42.575679,,315
Classic-McEliece-460896f,encap,1024,1,0.0,1,1,0,QPC,windows,0,395.1016,2.53,KEM,True,2025-11-23T02:33:42.970928,,316
Classic-McEliece-460896f,encap,1024,1,0.0,1,1,0,QPC,windows,0,394.0855,2.54,KEM,True,2025-11-23T02:33:43.365170,,317
Classic-McEliece-460896f,encap,1024,1,0.0,1,1,0,QPC,windows,0,396.704,2.52,KEM,True,2025-11-23T02:33:43.762052,,318
Classic-McEliece-460896f,encap,1024,1,0.0,1,1,0,QPC,windows,0,396.6859,2.52,KEM,True,2025-11-23T02:33:44.158888,,319
Classic-McEliece-460896f,encap,1024,1,0.0,1,1,0,QPC,windows,0,397.8814,2.51,KEM,True,2025-11-23T02:33:44.556917,,320
Classic-McEliece-460896f,encap,1024,16,0.0,1,1,0,QPC,windows,0,395.4704,2.53,KEM,True,2025-11-23T02:33:44.952543,,321
Classic-McEliece-460896f,encap,1024,16,0.0,1,1,0,QPC,windows,0,394.3021,2.54,KEM,True,2025-11-23T02:33:45.346996,,322
Classic-McEliece-460896f,encap,1024,16,0.0,1,1,0,QPC,windows,0,395.3761,2.53,KEM,True,2025-11-23T02:33:45.742529,,323
Classic-McEliece-460896f,encap,1024,16,0.0,1,1,0,QPC,windows,0,394.8705,2.53,KEM,True,2025-11-23T02:33:46.137554,,324
Classic-McEliece-460896f,encap,1024,16,0.0,1,1,0,QPC,windows,0,396.3807,2.52,KEM,True,2025-11-23T02:33:46.534106,,325
Classic-McEliece-460896f,encap,1024,64,0.0,1,1,0,QPC,windows,0,397.3504,2.52,KEM,True,2025-11-23T02:33:46.931613,,326
Classic-McEliece-460896f,encap,1024,64,0.0,1,1,0,QPC,windows,0,395.6615,2.53,KEM,True,2025-11-23T02:33:47.327427,,327
Classic-McEliece-460896f,encap,1024,64,0.0,1,1,0,QPC,windows,0,394.4781,2.53,KEM,True,2025-11-23T02:33:47.722056,,328
Classic-McEliece-460896f,encap,1024,64,0.0,1,1,0,QPC,windows,0,393.738,2.54,KEM,True,2025-11-23T02:33:48.115944,,329
Classic-McEliece-460896f,encap,1024,64,0.0,1,1,0,QPC,windows,0,394.825,2.53,KEM,True,2025-11-23T02:33:48.510923,,330
Classic-McEliece-460896f,decap,0,1,0.0,1,1,0,QPC,windows,0,430.1916,2.32,KEM,True,2025-11-23T02:33:48.941299,,331
Classic-McEliece-460896f,decap,0,1,0.0,1,1,0,QPC,windows,0,431.0776,2.32,KEM,True,2025-11-23T02:33:49.372531,,332
Classic-McEliece-460896f,decap,0,1,0.0,1,1,0,QPC,windows,0,430.1111,2.32,KEM,True,2025-11-23T02:33:49.802798,,333
Classic-McEliece-460896f,decap,0,1,0.0,1,1,0,QPC,windows,0,430.0515,2.33,KEM,True,2025-11-23T02:33:50.233002,,334
Classic-McEliece-460896f,decap,0,1,0.0,1,1,0,QPC,windows,0,432.5907,2.31,KEM,True,2025-11-23T02:33:50.665749,,335
Classic-McEliece-460896f,decap,0,16,0.0,1,1,0,QPC,windows,0,429.9052,2.33,KEM,True,2025-11-23T02:33:51.095811,,336
Classic-McEliece-460896f,decap,0,16,0.0,1,1,0,QPC,windows,0,429.5527,2.33,KEM,True,2025-11-23T02:33:51.525517,,337
Classic-McEliece-460896f,decap,0,16,0.0,1,1,0,QPC,windows,0,430.5499,2.32,KEM,True,2025-11-23T02:33:51.956220,,338
Classic-McEliece-460896f,decap,0,16,0.0,1,1,0,QPC,windows,0,430.4494,2.32,KEM,True,2025-11-23T02:33:52.386826,,339
Classic-McEliece-460896f,decap,0,16,0.0,1,1,0,QPC,windows,0,433.522,2.31,KEM,True,2025-11-23T02:33:52.820500,,340
Classic-McEliece-460896f,decap,0,64,0.0,1,1,0,QPC,windows,0,430.2748,2.32,KEM,True,2025-11-23T02:33:53.250928,,341
Classic-McEliece-460896f,decap,0,64,0.0,1,1,0,QPC,windows,0,429.4576,2.33,KEM,True,2025-11-23T02:33:53.680539,,342
Classic-McEliece-460896f,decap,0,64,0.0,1,1,0,QPC,windows,0,433.3124,2.31,KEM,True,2025-11-23T02:33:54.114002,,343
Classic-McEliece-460896f,decap,0,64,0.0,1,1,0,QPC,windows,0,429.8233,2.33,KEM,True,2025-11-23T02:33:54.543993,,344
Classic-McEliece-460896f,decap,0,64,0.0,1,1,0,QPC,windows,0,429.486,2.33,KEM,True,2025-11-23T02:33:54.973636,,345
Classic-McEliece-460896f,decap,1024,1,0.0,1,1,0,QPC,windows,0,429.3478,2.33,KEM,True,2025-11-23T02:33:55.403139,,346
Classic-McEliece-460896f,decap,1024,1,0.0,1,1,0,QPC,windows,0,430.1946,2.32,KEM,True,2025-11-23T02:33:55.833491,,347
Classic-McEliece-460896f,decap,1024,1,0.0,1,1,0,QPC,windows,0,430.4261,2.32,KEM,True,2025-11-23T02:33:56.264077,,348
Classic-McEliece-460896f,decap,1024,1,0.0,1,1,0,QPC,windows,0,430.0111,2.33,KEM,True,2025-11-23T02:33:56.694243,,349
Classic-McEliece-460896f,decap,1024,1,0.0,1,1,0,QPC,windows,0,430.8237,2.32,KEM,True,2025-11-23T02:33:57.125225,,350
Classic-McEliece-460896f,decap,1024,16,0.0,1,1,0,QPC,windows,0,430.2171,2.32,KEM,True,2025-11-23T02:33:57.555597,,351
Classic-McEliece-460896f,decap,1024,16,0.0,1,1,0,QPC,windows,0,430.0417,2.33,KEM,True,2025-11-23T02:33:57.986033,,352
Classic-McEliece-460896f,decap,1024,16,0.0,1,1,0,QPC,windows,0,428.8101,2.33,KEM,True,2025-11-23T02:33:58.414998,,353
Classic-McEliece-460896f,decap,1024,16,0.0,1,1,0,QPC,windows,0,434.0945,2.3,KEM,True,2025-11-23T02:33:58.849249,,354
Classic-McEliece-460896f,decap,1024,16,0.0,1,1,0,QPC,windows,0,429.8267,2.33,KEM,True,2025-11-23T02:33:59.279280,,355
Classic-McEliece-460896f,decap,1024,64,0.0,1,1,0,QPC,windows,0,428.8678,2.33,KEM,True,2025-11-23T02:33:59.708305,,356
Classic-McEliece-460896f,decap,1024,64,0.0,1,1,0,QPC,windows,0,437.0963,2.29,KEM,True,2025-11-23T02:34:00.145552,,357
Classic-McEliece-460896f,decap,1024,64,0.0,1,1,0,QPC,windows,0,433.5912,2.31,KEM,True,2025-11-23T02:34:00.579312,,358
Classic-McEliece-460896f,decap,1024,64,0.0,1,1,0,QPC,windows,0,430.7462,2.32,KEM,True,2025-11-23T02:34:01.010214,,359
Classic-McEliece-460896f,decap,1024,64,0.0,1,1,0,QPC,windows,0,434.2236,2.3,KEM,True,2025-11-23T02:34:01.444596,,360
Classic-McEliece-6688128,keygen,0,1,0.0,1,1,0,QPC,windows,0,7277.3731,0.14,KEM,True,2025-11-23T02:34:08.722161,,361
Classic-McEliece-6688128,keygen,0,1,0.0,1,1,0,QPC,windows,0,953.6201,1.05,KEM,True,2025-11-23T02:34:09.676146,,362
Classic-McEliece-6688128,keygen,0,1,0.0,1,1,0,QPC,windows,0,2755.6406,0.36,KEM,True,2025-11-23T02:34:12.431948,,363
Classic-McEliece-6688128,keygen,0,1,0.0,1,1,0,QPC,windows,0,2755.1114,0.36,KEM,True,2025-11-23T02:34:15.187221,,364
Classic-McEliece-6688128,keygen,0,1,0.0,1,1,0,QPC,windows,0,1858.4926,0.54,KEM,True,2025-11-23T02:34:17.045880,,365
Classic-McEliece-6688128,keygen,0,16,0.0,1,1,0,QPC,windows,0,3681.1469,0.27,KEM,True,2025-11-23T02:34:20.727192,,366
Classic-McEliece-6688128,keygen,0,16,0.0,1,1,0,QPC,windows,0,9078.4745,0.11,KEM,True,2025-11-23T02:34:29.805826,,367
Classic-McEliece-6688128,keygen,0,16,0.0,1,1,0,QPC,windows,0,2757.9283,0.36,KEM,True,2025-11-23T02:34:32.563914,,368
Classic-McEliece-6688128,keygen,0,16,0.0,1,1,0,QPC,windows,0,5465.8813,0.18,KEM,True,2025-11-23T02:34:38.029975,,369
Classic-McEliece-6688128,keygen,0,16,0.0,1,1,0,QPC,windows,0,3656.0201,0.27,KEM,True,2025-11-23T02:34:41.686157,,370
Classic-McEliece-6688128,keygen,0,64,0.0,1,1,0,QPC,windows,0,960.6184,1.04,KEM,True,2025-11-23T02:34:42.646939,,371
Classic-McEliece-6688128,keygen,0,64,0.0,1,1,0,QPC,windows,0,956.5363,1.05,KEM,True,2025-11-23T02:34:43.603636,,372
Classic-McEliece-6688128,keygen,0,64,0.0,1,1,0,QPC,windows,0,2754.4845,0.36,KEM,True,2025-11-23T02:34:46.358282,,373
Classic-McEliece-6688128,keygen,0,64,0.0,1,1,0,QPC,windows,0,2762.9669,0.36,KEM,True,2025-11-23T02:34:49.121415,,374
Classic-McEliece-6688128,keygen,0,64,0.0,1,1,0,QPC,windows,0,2756.226,0.36,KEM,True,2025-11-23T02:34:51.877808,,375
Classic-McEliece-6688128,keygen,1024,1,0.0,1,1,0,QPC,windows,0,7268.8419,0.14,KEM,True,2025-11-23T02:34:59.146830,,376
Classic-McEliece-6688128,keygen,1024,1,0.0,1,1,0,QPC,windows,0,3670.0907,0.27,KEM,True,2025-11-23T02:35:02.817083,,377
Classic-McEliece-6688128,keygen,1024,1,0.0,1,1,0,QPC,windows,0,1855.4485,0.54,KEM,True,2025-11-23T02:35:04.672692,,378
Classic-McEliece-6688128,keygen,1024,1,0.0,1,1,0,QPC,windows,0,1861.5577,0.54,KEM,True,2025-11-23T02:35:06.534413,,379
Classic-McEliece-6688128,keygen,1024,1,0.0,1,1,0,QPC,windows,0,1862.2512,0.54,KEM,True,2025-11-23T02:35:08.396824,,380
Classic-McEliece-6688128,keygen,1024,16,0.0,1,1,0,QPC,windows,0,953.1055,1.05,KEM,True,2025-11-23T02:35:09.350089,,381
Classic-McEliece-6688128,keygen,1024,16,0.0,1,1,0,QPC,windows,0,957.4376,1.04,KEM,True,2025-11-23T02:35:10.307695,,382
Classic-McEliece-6688128,keygen,1024,16,0.0,1,1,0,QPC,windows,0,3660.6832,0.27,KEM,True,2025-11-23T02:35:13.968540,,383
Classic-McEliece-6688128,keygen,1024,16,0.0,1,1,0,QPC,windows,0,1852.2685,0.54,KEM,True,2025-11-23T02:35:15.820967,,384
Classic-McEliece-6688128,keygen,1024,16,0.0,1,1,0,QPC,windows,0,1857.8018,0.54,KEM,True,2025-11-23T02:35:17.678942,,385
Classic-McEliece-6688128,keygen,1024,64,0.0,1,1,0,QPC,windows,0,2754.2734,0.36,KEM,True,2025-11-23T02:35:20.433376,,386
Classic-McEliece-6688128,keygen,1024,64,0.0,1,1,0,QPC,windows,0,6383.8992,0.16,KEM,True,2025-11-23T02:35:26.817438,,387
Classic-McEliece-6688128,keygen,1024,64,0.0,1,1,0,QPC,windows,0,2764.4485,0.36,KEM,True,2025-11-23T02:35:29.582053,,388
Classic-McEliece-6688128,keygen,1024,64,0.0,1,1,0,QPC,windows,0,4575.9029,0.22,KEM,True,2025-11-23T02:35:34.158115,,389
Classic-McEliece-6688128,keygen,1024,64,0.0,1,1,0,QPC,windows,0,1867.4793,0.54,KEM,True,2025-11-23T02:35:36.025758,,390
Classic-McEliece-6688128,encap,0,1,0.0,1,1,0,QPC,windows,0,5462.3308,0.18,KEM,True,2025-11-23T02:35:41.488285,,391
Classic-McEliece-6688128,encap,0,1,0.0,1,1,0,QPC,windows,0,5483.2453,0.18,KEM,True,2025-11-23T02:35:46.971695,,392
Classic-McEliece-6688128,encap,0,1,0.0,1,1,0,QPC,windows,0,6381.6069,0.16,KEM,True,2025-11-23T02:35:53.353464,,393
Classic-McEliece-6688128,encap,0,1,0.0,1,1,0,QPC,windows,0,1856.9496,0.54,KEM,True,2025-11-23T02:35:55.210576,,394
Classic-McEliece-6688128,encap,0,1,0.0,1,1,0,QPC,windows,0,2760.8844,0.36,KEM,True,2025-11-23T02:35:57.971825,,395
Classic-McEliece-6688128,encap,0,16,0.0,1,1,0,QPC,windows,0,1857.051,0.54,KEM,True,2025-11-23T02:35:59.829044,,396
Classic-McEliece-6688128,encap,0,16,0.0,1,1,0,QPC,windows,0,963.3031,1.04,KEM,True,2025-11-23T02:36:00.792511,,397
Classic-McEliece-6688128,encap,0,16,0.0,1,1,0,QPC,windows,0,955.3128,1.05,KEM,True,2025-11-23T02:36:01.747990,,398
Classic-McEliece-6688128,encap,0,16,0.0,1,1,0,QPC,windows,0,1861.6702,0.54,KEM,True,2025-11-23T02:36:03.609831,,399
Classic-McEliece-6688128,encap,0,16,0.0,1,1,0,QPC,windows,0,958.039,1.04,KEM,True,2025-11-23T02:36:04.568035,,400
Classic-McEliece-6688128,encap,0,64,0.0,1,1,0,QPC,windows,0,5475.5688,0.18,KEM,True,2025-11-23T02:36:10.044109,,401
Classic-McEliece-6688128,encap,0,64,0.0,1,1,0,QPC,windows,0,954.2313,1.05,KEM,True,2025-11-23T02:36:10.998507,,402
Classic-McEliece-6688128,encap,0,64,0.0,1,1,0,QPC,windows,0,961.0047,1.04,KEM,True,2025-11-23T02:36:11.959670,,403
Classic-McEliece-6688128,encap,0,64,0.0,1,1,0,QPC,windows,0,1855.2853,0.54,KEM,True,2025-11-23T02:36:13.815118,,404
Classic-McEliece-6688128,encap,0,64,0.0,1,1,0,QPC,windows,0,2872.0882,0.35,KEM,True,2025-11-23T02:36:16.687367,,405
Classic-McEliece-6688128,encap,1024,1,0.0,1,1,0,QPC,windows,0,2775.5685,0.36,KEM,True,2025-11-23T02:36:19.463098,,406
Classic-McEliece-6688128,encap,1024,1,0.0,1,1,0,QPC,windows,0,2766.9644,0.36,KEM,True,2025-11-23T02:36:22.230220,,407
Classic-McEliece-6688128,encap,1024,1,0.0,1,1,0,QPC,windows,0,6382.7132,0.16,KEM,True,2025-11-23T02:36:28.613098,,408
Classic-McEliece-6688128,encap,1024,1,0.0,1,1,0,QPC,windows,0,1859.2605,0.54,KEM,True,2025-11-23T02:36:30.472525,,409
Classic-McEliece-6688128,encap,1024,1,0.0,1,1,0,QPC,windows,0,4575.1061,0.22,KEM,True,2025-11-23T02:36:35.047785,,410
Classic-McEliece-6688128,encap,1024,16,0.0,1,1,0,QPC,windows,0,1861.1285,0.54,KEM,True,2025-11-23T02:36:36.909070,,411
Classic-McEliece-6688128,encap,1024,16,0.0,1,1,0,QPC,windows,0,3666.9912,0.27,KEM,True,2025-11-23T02:36:40.576216,,412
Classic-McEliece-6688128,encap,1024,16,0.0,1,1,0,QPC,windows,0,1857.2092,0.54,KEM,True,2025-11-23T02:36:42.433584,,413
Classic-McEliece-6688128,encap,1024,16,0.0,1,1,0,QPC,windows,0,6561.0922,0.15,KEM,True,2025-11-23T02:36:48.994843,,414
Classic-McEliece-6688128,encap,1024,16,0.0,1,1,0,QPC,windows,0,5469.3633,0.18,KEM,True,2025-11-23T02:36:54.464364,,415
Classic-McEliece-6688128,encap,1024,64,0.0,1,1,0,QPC,windows,0,3669.5007,0.27,KEM,True,2025-11-23T02:36:58.134023,,416
Classic-McEliece-6688128,encap,1024,64,0.0,1,1,0,QPC,windows,0,1859.0946,0.54,KEM,True,2025-11-23T02:36:59.993277,,417
Classic-McEliece-6688128,encap,1024,64,0.0,1,1,0,QPC,windows,0,956.6248,1.05,KEM,True,2025-11-23T02:37:00.950058,,418
Classic-McEliece-6688128,encap,1024,64,0.0,1,1,0,QPC,windows,0,958.1653,1.04,KEM,True,2025-11-23T02:37:01.908386,,419
Classic-McEliece-6688128,encap,1024,64,0.0,1,1,0,QPC,windows,0,2766.8306,0.36,KEM,True,2025-11-23T02:37:04.675395,,420
Classic-McEliece-6688128,decap,0,1,0.0,1,1,0,QPC,windows,0,2837.7168,0.35,KEM,True,2025-11-23T02:37:07.513304,,421
Classic-McEliece-6688128,decap,0,1,0.0,1,1,0,QPC,windows,0,1030.5594,0.97,KEM,True,2025-11-23T02:37:08.544015,,422
Classic-McEliece-6688128,decap,0,1,0.0,1,1,0,QPC,windows,0,1030.5549,0.97,KEM,True,2025-11-23T02:37:09.574722,,423
Classic-McEliece-6688128,decap,0,1,0.0,1,1,0,QPC,windows,0,1025.2954,0.98,KEM,True,2025-11-23T02:37:10.600170,,424
Classic-McEliece-6688128,decap,0,1,0.0,1,1,0,QPC,windows,0,7358.4174,0.14,KEM,True,2025-11-23T02:37:17.958868,,425
Classic-McEliece-6688128,decap,0,16,0.0,1,1,0,QPC,windows,0,1025.8706,0.97,KEM,True,2025-11-23T02:37:18.984898,,426
Classic-McEliece-6688128,decap,0,16,0.0,1,1,0,QPC,windows,0,1025.8202,0.97,KEM,True,2025-11-23T02:37:20.010868,,427
Classic-McEliece-6688128,decap,0,16,0.0,1,1,0,QPC,windows,0,2827.8335,0.35,KEM,True,2025-11-23T02:37:22.838854,,428
Classic-McEliece-6688128,decap,0,16,0.0,1,1,0,QPC,windows,0,1026.2976,0.97,KEM,True,2025-11-23T02:37:23.865311,,429
Classic-McEliece-6688128,decap,0,16,0.0,1,1,0,QPC,windows,0,7350.4961,0.14,KEM,True,2025-11-23T02:37:31.215958,,430
Classic-McEliece-6688128,decap,0,64,0.0,1,1,0,QPC,windows,0,3743.8284,0.27,KEM,True,2025-11-23T02:37:34.959949,,431
Classic-McEliece-6688128,decap,0,64,0.0,1,1,0,QPC,windows,0,2835.0282,0.35,KEM,True,2025-11-23T02:37:37.795135,,432
Classic-McEliece-6688128,decap,0,64,0.0,1,1,0,QPC,windows,0,2829.3434,0.35,KEM,True,2025-11-23T02:37:40.624638,,433
Classic-McEliece-6688128,decap,0,64,0.0,1,1,0,QPC,windows,0,1929.3835,0.52,KEM,True,2025-11-23T02:37:42.554185,,434
Classic-McEliece-6688128,decap,0,64,0.0,1,1,0,QPC,windows,0,3746.6844,0.27,KEM,True,2025-11-23T02:37:46.301027,,435
Classic-McEliece-6688128,decap,1024,1,0.0,1,1,0,QPC,windows,0,5545.5278,0.18,KEM,True,2025-11-23T02:37:51.846721,,436
Classic-McEliece-6688128,decap,1024,1,0.0,1,1,0,QPC,windows,0,3739.3171,0.27,KEM,True,2025-11-23T02:37:55.586201,,437
Classic-McEliece-6688128,decap,1024,1,0.0,1,1,0,QPC,windows,0,1027.4883,0.97,KEM,True,2025-11-23T02:37:56.613848,,438
Classic-McEliece-6688128,decap,1024,1,0.0,1,1,0,QPC,windows,0,1031.9267,0.97,KEM,True,2025-11-23T02:37:57.645936,,439
Classic-McEliece-6688128,decap,1024,1,0.0,1,1,0,QPC,windows,0,3745.9708,0.27,KEM,True,2025-11-23T02:38:01.392061,,440
Classic-McEliece-6688128,decap,1024,16,0.0,1,1,0,QPC,windows,0,7396.5644,0.14,KEM,True,2025-11-23T02:38:08.788789,,441
Classic-McEliece-6688128,decap,1024,16,0.0,1,1,0,QPC,windows,0,1932.9434,0.52,KEM,True,2025-11-23T02:38:10.721895,,442
Classic-McEliece-6688128,decap,1024,16,0.0,1,1,0,QPC,windows,0,1933.6946,0.52,KEM,True,2025-11-23T02:38:12.655750,,443
Classic-McEliece-6688128,decap,1024,16,0.0,1,1,0,QPC,windows,0,1025.6253,0.98,KEM,True,2025-11-23T02:38:13.681549,,444
Classic-McEliece-6688128,decap,1024,16,0.0,1,1,0,QPC,windows,0,1024.9526,0.98,KEM,True,2025-11-23T02:38:14.706659,,445
Classic-McEliece-6688128,decap,1024,64,0.0,1,1,0,QPC,windows,0,1025.4457,0.98,KEM,True,2025-11-23T02:38:15.732260,,446
Classic-McEliece-6688128,decap,1024,64,0.0,1,1,0,QPC,windows,0,5547.7173,0.18,KEM,True,2025-11-23T02:38:21.280135,,447
Classic-McEliece-6688128,decap,1024,64,0.0,1,1,0,QPC,windows,0,2829.0634,0.35,KEM,True,2025-11-23T02:38:24.109348,,448
Classic-McEliece-6688128,decap,1024,64,0.0,1,1,0,QPC,windows,0,10121.2965,0.1,KEM,True,2025-11-23T02:38:34.230796,,449
Classic-McEliece-6688128,decap,1024,64,0.0,1,1,0,QPC,windows,0,4640.6813,0.22,KEM,True,2025-11-23T02:38:38.871634,,450
Classic-McEliece-6688128f,keygen,0,1,0.0,1,1,0,QPC,windows,0,900.799,1.11,KEM,True,2025-11-23T02:38:39.772624,,451
Classic-McEliece-6688128f,keygen,0,1,0.0,1,1,0,QPC,windows,0,895.6099,1.12,KEM,True,2025-11-23T02:38:40.668388,,452
Classic-McEliece-6688128f,keygen,0,1,0.0,1,1,0,QPC,windows,0,901.1283,1.11,KEM,True,2025-11-23T02:38:41.569666,,453
Classic-McEliece-6688128f,keygen,0,1,0.0,1,1,0,QPC,windows,0,896.9016,1.11,KEM,True,2025-11-23T02:38:42.466721,,454
Classic-McEliece-6688128f,keygen,0,1,0.0,1,1,0,QPC,windows,0,895.3525,1.12,KEM,True,2025-11-23T02:38:43.362230,,455
Classic-McEliece-6688128f,keygen,0,16,0.0,1,1,0,QPC,windows,0,895.7673,1.12,KEM,True,2025-11-23T02:38:44.258153,,456
Classic-McEliece-6688128f,keygen,0,16,0.0,1,1,0,QPC,windows,0,897.1089,1.11,KEM,True,2025-11-23T02:38:45.155415,,457
Classic-McEliece-6688128f,keygen,0,16,0.0,1,1,0,QPC,windows,0,899.8293,1.11,KEM,True,2025-11-23T02:38:46.055399,,458
Classic-McEliece-6688128f,keygen,0,16,0.0,1,1,0,QPC,windows,0,893.7788,1.12,KEM,True,2025-11-23T02:38:46.949334,,459
Classic-McEliece-6688128f,keygen,0,16,0.0,1,1,0,QPC,windows,0,896.3047,1.12,KEM,True,2025-11-23T02:38:47.845795,,460
Classic-McEliece-6688128f,keygen,0,64,0.0,1,1,0,QPC,windows,0,896.9191,1.11,KEM,True,2025-11-23T02:38:48.742877,,461
Classic-McEliece-6688128f,keygen,0,64,0.0,1,1,0,QPC,windows,0,897.4055,1.11,KEM,True,2025-11-23T02:38:49.640449,,462
Classic-McEliece-6688128f,keygen,0,64,0.0,1,1,0,QPC,windows,0,894.5731,1.12,KEM,True,2025-11-23T02:38:50.535181,,463
Classic-McEliece-6688128f,keygen,0,64,0.0,1,1,0,QPC,windows,0,895.5073,1.12,KEM,True,2025-11-23T02:38:51.430843,,464
Classic-McEliece-6688128f,keygen,0,64,0.0,1,1,0,QPC,windows,0,895.57,1.12,KEM,True,2025-11-23T02:38:52.326569,,465
Classic-McEliece-6688128f,keygen,1024,1,0.0,1,1,0,QPC,windows,0,896.4783,1.12,KEM,True,2025-11-23T02:38:53.223202,,466
Classic-McEliece-6688128f,keygen,1024,1,0.0,1,1,0,QPC,windows,0,896.8703,1.11,KEM,True,2025-11-23T02:38:54.120227,,467
Classic-McEliece-6688128f,keygen,1024,1,0.0,1,1,0,QPC,windows,0,900.3851,1.11,KEM,True,2025-11-23T02:38:55.020766,,468
Classic-McEliece-6688128f,keygen,1024,1,0.0,1,1,0,QPC,windows,0,898.8957,1.11,KEM,True,2025-11-23T02:38:55.919814,,469
Classic-McEliece-6688128f,keygen,1024,1,0.0,1,1,0,QPC,windows,0,895.4628,1.12,KEM,True,2025-11-23T02:38:56.815435,,470
Classic-McEliece-6688128f,keygen,1024,16,0.0,1,1,0,QPC,windows,0,897.5755,1.11,KEM,True,2025-11-23T02:38:57.713337,,471
Classic-McEliece-6688128f,keygen,1024,16,0.0,1,1,0,QPC,windows,0,902.4745,1.11,KEM,True,2025-11-23T02:38:58.615973,,472
Classic-McEliece-6688128f,keygen,1024,16,0.0,1,1,0,QPC,windows,0,893.9996,1.12,KEM,True,2025-11-23T02:38:59.510126,,473
Classic-McEliece-6688128f,keygen,1024,16,0.0,1,1,0,QPC,windows,0,894.2573,1.12,KEM,True,2025-11-23T02:39:00.404542,,474
Classic-McEliece-6688128f,keygen,1024,16,0.0,1,1,0,QPC,windows,0,897.8535,1.11,KEM,True,2025-11-23T02:39:01.302541,,475
Classic-McEliece-6688128f,keygen,1024,64,0.0,1,1,0,QPC,windows,0,897.8728,1.11,KEM,True,2025-11-23T02:39:02.200578,,476
Classic-McEliece-6688128f,keygen,1024,64,0.0,1,1,0,QPC,windows,0,895.0933,1.12,KEM,True,2025-11-23T02:39:03.095826,,477
Classic-McEliece-6688128f,keygen,1024,64,0.0,1,1,0,QPC,windows,0,895.8828,1.12,KEM,True,2025-11-23T02:39:03.991861,,478
Classic-McEliece-6688128f,keygen,1024,64,0.0,1,1,0,QPC,windows,0,894.865,1.12,KEM,True,2025-11-23T02:39:04.886879,,479
Classic-McEliece-6688128f,keygen,1024,64,0.0,1,1,0,QPC,windows,0,904.0703,1.11,KEM,True,2025-11-23T02:39:05.791104,,480
Classic-McEliece-6688128f,encap,0,1,0.0,1,1,0,QPC,windows,0,893.5435,1.12,KEM,True,2025-11-23T02:39:06.684837,,481
Classic-McEliece-6688128f,encap,0,1,0.0,1,1,0,QPC,windows,0,903.1592,1.11,KEM,True,2025-11-23T02:39:07.588160,,482
Classic-McEliece-6688128f,encap,0,1,0.0,1,1,0,QPC,windows,0,898.1245,1.11,KEM,True,2025-11-23T02:39:08.486465,,483
Classic-McEliece-6688128f,encap,0,1,0.0,1,1,0,QPC,windows,0,905.171,1.1,KEM,True,2025-11-23T02:39:09.391799,,484
Classic-McEliece-6688128f,encap,0,1,0.0,1,1,0,QPC,windows,0,901.4119,1.11,KEM,True,2025-11-23T02:39:10.293369,,485
Classic-McEliece-6688128f,encap,0,16,0.0,1,1,0,QPC,windows,0,895.6058,1.12,KEM,True,2025-11-23T02:39:11.189131,,486
Classic-McEliece-6688128f,encap,0,16,0.0,1,1,0,QPC,windows,0,899.5487,1.11,KEM,True,2025-11-23T02:39:12.088831,,487
Classic-McEliece-6688128f,encap,0,16,0.0,1,1,0,QPC,windows,0,915.6179,1.09,KEM,True,2025-11-23T02:39:13.004607,,488
Classic-McEliece-6688128f,encap,0,16,0.0,1,1,0,QPC,windows,0,896.1443,1.12,KEM,True,2025-11-23T02:39:13.900908,,489
Classic-McEliece-6688128f,encap,0,16,0.0,1,1,0,QPC,windows,0,897.1804,1.11,KEM,True,2025-11-23T02:39:14.798243,,490
Classic-McEliece-6688128f,encap,0,64,0.0,1,1,0,QPC,windows,0,900.1925,1.11,KEM,True,2025-11-23T02:39:15.698592,,491
Classic-McEliece-6688128f,encap,0,64,0.0,1,1,0,QPC,windows,0,896.8404,1.12,KEM,True,2025-11-23T02:39:16.595593,,492
Classic-McEliece-6688128f,encap,0,64,0.0,1,1,0,QPC,windows,0,896.6246,1.12,KEM,True,2025-11-23T02:39:17.492375,,493
Classic-McEliece-6688128f,encap,0,64,0.0,1,1,0,QPC,windows,0,899.1455,1.11,KEM,True,2025-11-23T02:39:18.391672,,494
Classic-McEliece-6688128f,encap,0,64,0.0,1,1,0,QPC,windows,0,897.6298,1.11,KEM,True,2025-11-23T02:39:19.289494,,495
Classic-McEliece-6688128f,encap,1024,1,0.0,1,1,0,QPC,windows,0,901.1765,1.11,KEM,True,2025-11-23T02:39:20.190833,,496
Classic-McEliece-6688128f,encap,1024,1,0.0,1,1,0,QPC,windows,0,894.9345,1.12,KEM,True,2025-11-23T02:39:21.085926,,497
Classic-McEliece-6688128f,encap,1024,1,0.0,1,1,0,QPC,windows,0,895.0054,1.12,KEM,True,2025-11-23T02:39:21.981100,,498
Classic-McEliece-6688128f,encap,1024,1,0.0,1,1,0,QPC,windows,0,896.1008,1.12,KEM,True,2025-11-23T02:39:22.877361,,499
Classic-McEliece-6688128f,encap,1024,1,0.0,1,1,0,QPC,windows,0,906.7128,1.1,KEM,True,2025-11-23T02:39:23.784227,,500
Classic-McEliece-6688128f,encap,1024,16,0.0,1,1,0,QPC,windows,0,895.126,1.12,KEM,True,2025-11-23T02:39:24.679514,,501
Classic-McEliece-6688128f,encap,1024,16,0.0,1,1,0,QPC,windows,0,895.3813,1.12,KEM,True,2025-11-23T02:39:25.575051,,502
Classic-McEliece-6688128f,encap,1024,16,0.0,1,1,0,QPC,windows,0,899.7882,1.11,KEM,True,2025-11-23T02:39:26.474994,,503
Classic-McEliece-6688128f,encap,1024,16,0.0,1,1,0,QPC,windows,0,899.2118,1.11,KEM,True,2025-11-23T02:39:27.374362,,504
Classic-McEliece-6688128f,encap,1024,16,0.0,1,1,0,QPC,windows,0,895.8638,1.12,KEM,True,2025-11-23T02:39:28.270383,,505
Classic-McEliece-6688128f,encap,1024,64,0.0,1,1,0,QPC,windows,0,899.4721,1.11,KEM,True,2025-11-23T02:39:29.170013,,506
Classic-McEliece-6688128f,encap,1024,64,0.0,1,1,0,QPC,windows,0,901.3522,1.11,KEM,True,2025-11-23T02:39:30.071526,,507
Classic-McEliece-6688128f,encap,1024,64,0.0,1,1,0,QPC,windows,0,897.6112,1.11,KEM,True,2025-11-23T02:39:30.969292,,508
Classic-McEliece-6688128f,encap,1024,64,0.0,1,1,0,QPC,windows,0,899.4456,1.11,KEM,True,2025-11-23T02:39:31.868893,,509
Classic-McEliece-6688128f,encap,1024,64,0.0,1,1,0,QPC,windows,0,897.4613,1.11,KEM,True,2025-11-23T02:39:32.766512,,510
Classic-McEliece-6688128f,decap,0,1,0.0,1,1,0,QPC,windows,0,967.5196,1.03,KEM,True,2025-11-23T02:39:33.734212,,511
Classic-McEliece-6688128f,decap,0,1,0.0,1,1,0,QPC,windows,0,975.0581,1.03,KEM,True,2025-11-23T02:39:34.709424,,512
Classic-McEliece-6688128f,decap,0,1,0.0,1,1,0,QPC,windows,0,967.8815,1.03,KEM,True,2025-11-23T02:39:35.677459,,513
Classic-McEliece-6688128f,decap,0,1,0.0,1,1,0,QPC,windows,0,965.4511,1.04,KEM,True,2025-11-23T02:39:36.643070,,514
Classic-McEliece-6688128f,decap,0,1,0.0,1,1,0,QPC,windows,0,967.3131,1.03,KEM,True,2025-11-23T02:39:37.610538,,515
Classic-McEliece-6688128f,decap,0,16,0.0,1,1,0,QPC,windows,0,971.8325,1.03,KEM,True,2025-11-23T02:39:38.582525,,516
Classic-McEliece-6688128f,decap,0,16,0.0,1,1,0,QPC,windows,0,968.6256,1.03,KEM,True,2025-11-23T02:39:39.551309,,517
Classic-McEliece-6688128f,decap,0,16,0.0,1,1,0,QPC,windows,0,965.8333,1.04,KEM,True,2025-11-23T02:39:40.517301,,518
Classic-McEliece-6688128f,decap,0,16,0.0,1,1,0,QPC,windows,0,968.5689,1.03,KEM,True,2025-11-23T02:39:41.486013,,519
Classic-McEliece-6688128f,decap,0,16,0.0,1,1,0,QPC,windows,0,967.1323,1.03,KEM,True,2025-11-23T02:39:42.453298,,520
Classic-McEliece-6688128f,decap,0,64,0.0,1,1,0,QPC,windows,0,965.2676,1.04,KEM,True,2025-11-23T02:39:43.418726,,521
Classic-McEliece-6688128f,decap,0,64,0.0,1,1,0,QPC,windows,0,966.9493,1.03,KEM,True,2025-11-23T02:39:44.385828,,522
Classic-McEliece-6688128f,decap,0,64,0.0,1,1,0,QPC,windows,0,966.4468,1.03,KEM,True,2025-11-23T02:39:45.352428,,523
Classic-McEliece-6688128f,decap,0,64,0.0,1,1,0,QPC,windows,0,969.9991,1.03,KEM,True,2025-11-23T02:39:46.322582,,524
Classic-McEliece-6688128f,decap,0,64,0.0,1,1,0,QPC,windows,0,972.1598,1.03,KEM,True,2025-11-23T02:39:47.294892,,525
Classic-McEliece-6688128f,decap,1024,1,0.0,1,1,0,QPC,windows,0,967.974,1.03,KEM,True,2025-11-23T02:39:48.263028,,526
Classic-McEliece-6688128f,decap,1024,1,0.0,1,1,0,QPC,windows,0,968.7874,1.03,KEM,True,2025-11-23T02:39:49.231978,,527
Classic-McEliece-6688128f,decap,1024,1,0.0,1,1,0,QPC,windows,0,966.3395,1.03,KEM,True,2025-11-23T02:39:50.198501,,528
Classic-McEliece-6688128f,decap,1024,1,0.0,1,1,0,QPC,windows,0,966.3715,1.03,KEM,True,2025-11-23T02:39:51.165031,,529
Classic-McEliece-6688128f,decap,1024,1,0.0,1,1,0,QPC,windows,0,965.0825,1.04,KEM,True,2025-11-23T02:39:52.130276,,530
Classic-McEliece-6688128f,decap,1024,16,0.0,1,1,0,QPC,windows,0,968.0442,1.03,KEM,True,2025-11-23T02:39:53.098481,,531
Classic-McEliece-6688128f,decap,1024,16,0.0,1,1,0,QPC,windows,0,971.0477,1.03,KEM,True,2025-11-23T02:39:54.069695,,532
Classic-McEliece-6688128f,decap,1024,16,0.0,1,1,0,QPC,windows,0,969.2097,1.03,KEM,True,2025-11-23T02:39:55.039068,,533
Classic-McEliece-6688128f,decap,1024,16,0.0,1,1,0,QPC,windows,0,969.3246,1.03,KEM,True,2025-11-23T02:39:56.008548,,534
Classic-McEliece-6688128f,decap,1024,16,0.0,1,1,0,QPC,windows,0,996.6319,1.0,KEM,True,2025-11-23T02:39:57.005342,,535
Classic-McEliece-6688128f,decap,1024,64,0.0,1,1,0,QPC,windows,0,965.4039,1.04,KEM,True,2025-11-23T02:39:57.971128,,536
Classic-McEliece-6688128f,decap,1024,64,0.0,1,1,0,QPC,windows,0,966.6886,1.03,KEM,True,2025-11-23T02:39:58.937968,,537
Classic-McEliece-6688128f,decap,1024,64,0.0,1,1,0,QPC,windows,0,967.6899,1.03,KEM,True,2025-11-23T02:39:59.905827,,538
Classic-McEliece-6688128f,decap,1024,64,0.0,1,1,0,QPC,windows,0,966.7605,1.03,KEM,True,2025-11-23T02:40:00.872743,,539
Classic-McEliece-6688128f,decap,1024,64,0.0,1,1,0,QPC,windows,0,969.3277,1.03,KEM,True,2025-11-23T02:40:01.842217,,540
Classic-McEliece-6960119,keygen,0,1,0.0,1,1,0,QPC,windows,0,838.915,1.19,KEM,True,2025-11-23T02:40:02.681312,,541
Classic-McEliece-6960119,keygen,0,1,0.0,1,1,0,QPC,windows,0,11066.7434,0.09,KEM,True,2025-11-23T02:40:13.748206,,542
Classic-McEliece-6960119,keygen,0,1,0.0,1,1,0,QPC,windows,0,1617.0336,0.62,KEM,True,2025-11-23T02:40:15.365397,,543
Classic-McEliece-6960119,keygen,0,1,0.0,1,1,0,QPC,windows,0,3188.0792,0.31,KEM,True,2025-11-23T02:40:18.553626,,544
Classic-McEliece-6960119,keygen,0,1,0.0,1,1,0,QPC,windows,0,8663.4383,0.12,KEM,True,2025-11-23T02:40:27.217225,,545
Classic-McEliece-6960119,keygen,0,16,0.0,1,1,0,QPC,windows,0,1625.3925,0.62,KEM,True,2025-11-23T02:40:28.842776,,546
Classic-McEliece-6960119,keygen,0,16,0.0,1,1,0,QPC,windows,0,2407.4888,0.42,KEM,True,2025-11-23T02:40:31.250421,,547
Classic-McEliece-6960119,keygen,0,16,0.0,1,1,0,QPC,windows,0,837.8512,1.19,KEM,True,2025-11-23T02:40:32.088427,,548
Classic-McEliece-6960119,keygen,0,16,0.0,1,1,0,QPC,windows,0,2406.3843,0.42,KEM,True,2025-11-23T02:40:34.494966,,549
Classic-McEliece-6960119,keygen,0,16,0.0,1,1,0,QPC,windows,0,3183.3867,0.31,KEM,True,2025-11-23T02:40:37.678504,,550
Classic-McEliece-6960119,keygen,0,64,0.0,1,1,0,QPC,windows,0,2409.8966,0.41,KEM,True,2025-11-23T02:40:40.088563,,551
Classic-McEliece-6960119,keygen,0,64,0.0,1,1,0,QPC,windows,0,4757.6761,0.21,KEM,True,2025-11-23T02:40:44.846395,,552
Classic-McEliece-6960119,keygen,0,64,0.0,1,1,0,QPC,windows,0,12620.7725,0.08,KEM,True,2025-11-23T02:40:57.467321,,553
Classic-McEliece-6960119,keygen,0,64,0.0,1,1,0,QPC,windows,0,2403.911,0.42,KEM,True,2025-11-23T02:40:59.871384,,554
Classic-McEliece-6960119,keygen,0,64,0.0,1,1,0,QPC,windows,0,8675.4117,0.12,KEM,True,2025-11-23T02:41:08.546946,,555
Classic-McEliece-6960119,keygen,1024,1,0.0,1,1,0,QPC,windows,0,3981.2621,0.25,KEM,True,2025-11-23T02:41:12.528363,,556
Classic-McEliece-6960119,keygen,1024,1,0.0,1,1,0,QPC,windows,0,1626.0513,0.61,KEM,True,2025-11-23T02:41:14.154565,,557
Classic-McEliece-6960119,keygen,1024,1,0.0,1,1,0,QPC,windows,0,3976.0663,0.25,KEM,True,2025-11-23T02:41:18.130787,,558
Classic-McEliece-6960119,keygen,1024,1,0.0,1,1,0,QPC,windows,0,838.4311,1.19,KEM,True,2025-11-23T02:41:18.969376,,559
Classic-McEliece-6960119,keygen,1024,1,0.0,1,1,0,QPC,windows,0,3978.8523,0.25,KEM,True,2025-11-23T02:41:22.948384,,560
Classic-McEliece-6960119,keygen,1024,16,0.0,1,1,0,QPC,windows,0,1619.9737,0.62,KEM,True,2025-11-23T02:41:24.568504,,561
Classic-McEliece-6960119,keygen,1024,16,0.0,1,1,0,QPC,windows,0,839.5719,1.19,KEM,True,2025-11-23T02:41:25.408228,,562
Classic-McEliece-6960119,keygen,1024,16,0.0,1,1,0,QPC,windows,0,2410.6959,0.41,KEM,True,2025-11-23T02:41:27.819071,,563
Classic-McEliece-6960119,keygen,1024,16,0.0,1,1,0,QPC,windows,0,1623.5122,0.62,KEM,True,2025-11-23T02:41:29.442737,,564
Classic-McEliece-6960119,keygen,1024,16,0.0,1,1,0,QPC,windows,0,3186.5901,0.31,KEM,True,2025-11-23T02:41:32.629534,,565
Classic-McEliece-6960119,keygen,1024,64,0.0,1,1,0,QPC,windows,0,3200.4602,0.31,KEM,True,2025-11-23T02:41:35.830153,,566
Classic-McEliece-6960119,keygen,1024,64,0.0,1,1,0,QPC,windows,0,839.9148,1.19,KEM,True,2025-11-23T02:41:36.670225,,567
Classic-McEliece-6960119,keygen,1024,64,0.0,1,1,0,QPC,windows,0,4767.4141,0.21,KEM,True,2025-11-23T02:41:41.437790,,568
Classic-McEliece-6960119,keygen,1024,64,0.0,1,1,0,QPC,windows,0,834.9624,1.2,KEM,True,2025-11-23T02:41:42.272909,,569
Classic-McEliece-6960119,keygen,1024,64,0.0,1,1,0,QPC,windows,0,836.3025,1.2,KEM,True,2025-11-23T02:41:43.109377,,570
Classic-McEliece-6960119,encap,0,1,0.0,1,1,0,QPC,windows,0,2402.6349,0.42,KEM,True,2025-11-23T02:41:45.512204,,571
Classic-McEliece-6960119,encap,0,1,0.0,1,1,0,QPC,windows,0,7153.4988,0.14,KEM,True,2025-11-23T02:41:52.665850,,572
Classic-McEliece-6960119,encap,0,1,0.0,1,1,0,QPC,windows,0,3974.8494,0.25,KEM,True,2025-11-23T02:41:56.640854,,573
Classic-McEliece-6960119,encap,0,1,0.0,1,1,0,QPC,windows,0,11037.0714,0.09,KEM,True,2025-11-23T02:42:07.678079,,574
Classic-McEliece-6960119,encap,0,1,0.0,1,1,0,QPC,windows,0,836.6171,1.2,KEM,True,2025-11-23T02:42:08.514854,,575
Classic-McEliece-6960119,encap,0,16,0.0,1,1,0,QPC,windows,0,7905.2017,0.13,KEM,True,2025-11-23T02:42:16.420214,,576
Classic-McEliece-6960119,encap,0,16,0.0,1,1,0,QPC,windows,0,837.2164,1.19,KEM,True,2025-11-23T02:42:17.257590,,577
Classic-McEliece-6960119,encap,0,16,0.0,1,1,0,QPC,windows,0,4748.6986,0.21,KEM,True,2025-11-23T02:42:22.006440,,578
Classic-McEliece-6960119,encap,0,16,0.0,1,1,0,QPC,windows,0,1620.5429,0.62,KEM,True,2025-11-23T02:42:23.627137,,579
Classic-McEliece-6960119,encap,0,16,0.0,1,1,0,QPC,windows,0,3184.102,0.31,KEM,True,2025-11-23T02:42:26.811392,,580
Classic-McEliece-6960119,encap,0,64,0.0,1,1,0,QPC,windows,0,1624.8761,0.62,KEM,True,2025-11-23T02:42:28.436423,,581
Classic-McEliece-6960119,encap,0,64,0.0,1,1,0,QPC,windows,0,1623.5054,0.62,KEM,True,2025-11-23T02:42:30.060085,,582
Classic-McEliece-6960119,encap,0,64,0.0,1,1,0,QPC,windows,0,843.1956,1.19,KEM,True,2025-11-23T02:42:30.903438,,583
Classic-McEliece-6960119,encap,0,64,0.0,1,1,0,QPC,windows,0,837.3069,1.19,KEM,True,2025-11-23T02:42:31.740904,,584
Classic-McEliece-6960119,encap,0,64,0.0,1,1,0,QPC,windows,0,5547.8988,0.18,KEM,True,2025-11-23T02:42:37.288960,,585
Classic-McEliece-6960119,encap,1024,1,0.0,1,1,0,QPC,windows,0,3972.4612,0.25,KEM,True,2025-11-23T02:42:41.261583,,586
Classic-McEliece-6960119,encap,1024,1,0.0,1,1,0,QPC,windows,0,837.3003,1.19,KEM,True,2025-11-23T02:42:42.099043,,587
Classic-McEliece-6960119,encap,1024,1,0.0,1,1,0,QPC,windows,0,2408.1202,0.42,KEM,True,2025-11-23T02:42:44.507315,,588
Classic-McEliece-6960119,encap,1024,1,0.0,1,1,0,QPC,windows,0,1619.011,0.62,KEM,True,2025-11-23T02:42:46.126482,,589
Classic-McEliece-6960119,encap,1024,1,0.0,1,1,0,QPC,windows,0,852.6608,1.17,KEM,True,2025-11-23T02:42:46.979301,,590
Classic-McEliece-6960119,encap,1024,16,0.0,1,1,0,QPC,windows,0,3185.1767,0.31,KEM,True,2025-11-23T02:42:50.164633,,591
Classic-McEliece-6960119,encap,1024,16,0.0,1,1,0,QPC,windows,0,1620.1615,0.62,KEM,True,2025-11-23T02:42:51.784950,,592
Classic-McEliece-6960119,encap,1024,16,0.0,1,1,0,QPC,windows,0,3190.2557,0.31,KEM,True,2025-11-23T02:42:54.975368,,593
Classic-McEliece-6960119,encap,1024,16,0.0,1,1,0,QPC,windows,0,2504.7339,0.4,KEM,True,2025-11-23T02:42:57.480279,,594
Classic-McEliece-6960119,encap,1024,16,0.0,1,1,0,QPC,windows,0,2406.4007,0.42,KEM,True,2025-11-23T02:42:59.886832,,595
Classic-McEliece-6960119,encap,1024,64,0.0,1,1,0,QPC,windows,0,3978.0249,0.25,KEM,True,2025-11-23T02:43:03.865015,,596
Classic-McEliece-6960119,encap,1024,64,0.0,1,1,0,QPC,windows,0,3966.2714,0.25,KEM,True,2025-11-23T02:43:07.831453,,597
Classic-McEliece-6960119,encap,1024,64,0.0,1,1,0,QPC,windows,0,847.3244,1.18,KEM,True,2025-11-23T02:43:08.678935,,598
Classic-McEliece-6960119,encap,1024,64,0.0,1,1,0,QPC,windows,0,8694.7293,0.12,KEM,True,2025-11-23T02:43:17.373814,,599
Classic-McEliece-6960119,encap,1024,64,0.0,1,1,0,QPC,windows,0,1619.6451,0.62,KEM,True,2025-11-23T02:43:18.993614,,600
Classic-McEliece-6960119,decap,0,1,0.0,1,1,0,QPC,windows,0,3251.9937,0.31,KEM,True,2025-11-23T02:43:22.245794,,601
Classic-McEliece-6960119,decap,0,1,0.0,1,1,0,QPC,windows,0,901.6768,1.11,KEM,True,2025-11-23T02:43:23.147630,,602
Classic-McEliece-6960119,decap,0,1,0.0,1,1,0,QPC,windows,0,2469.386,0.4,KEM,True,2025-11-23T02:43:25.617172,,603
Classic-McEliece-6960119,decap,0,1,0.0,1,1,0,QPC,windows,0,2470.1337,0.4,KEM,True,2025-11-23T02:43:28.087466,,604
Classic-McEliece-6960119,decap,0,1,0.0,1,1,0,QPC,windows,0,2475.6478,0.4,KEM,True,2025-11-23T02:43:30.563270,,605
Classic-McEliece-6960119,decap,0,16,0.0,1,1,0,QPC,windows,0,4064.6791,0.25,KEM,True,2025-11-23T02:43:34.628182,,606
Classic-McEliece-6960119,decap,0,16,0.0,1,1,0,QPC,windows,0,902.1098,1.11,KEM,True,2025-11-23T02:43:35.530448,,607
Classic-McEliece-6960119,decap,0,16,0.0,1,1,0,QPC,windows,0,904.2119,1.11,KEM,True,2025-11-23T02:43:36.434821,,608
Classic-McEliece-6960119,decap,0,16,0.0,1,1,0,QPC,windows,0,2468.8499,0.41,KEM,True,2025-11-23T02:43:38.903828,,609
Classic-McEliece-6960119,decap,0,16,0.0,1,1,0,QPC,windows,0,3289.8591,0.3,KEM,True,2025-11-23T02:43:42.193845,,610
Classic-McEliece-6960119,decap,0,64,0.0,1,1,0,QPC,windows,0,905.2583,1.1,KEM,True,2025-11-23T02:43:43.099266,,611
Classic-McEliece-6960119,decap,0,64,0.0,1,1,0,QPC,windows,0,904.2938,1.11,KEM,True,2025-11-23T02:43:44.003719,,612
Classic-McEliece-6960119,decap,0,64,0.0,1,1,0,QPC,windows,0,905.1993,1.1,KEM,True,2025-11-23T02:43:44.909076,,613
Classic-McEliece-6960119,decap,0,64,0.0,1,1,0,QPC,windows,0,5609.3596,0.18,KEM,True,2025-11-23T02:43:50.518590,,614
Classic-McEliece-6960119,decap,0,64,0.0,1,1,0,QPC,windows,0,901.7009,1.11,KEM,True,2025-11-23T02:43:51.420448,,615
Classic-McEliece-6960119,decap,1024,1,0.0,1,1,0,QPC,windows,0,922.8795,1.08,KEM,True,2025-11-23T02:43:52.343487,,616
Classic-McEliece-6960119,decap,1024,1,0.0,1,1,0,QPC,windows,0,4827.9488,0.21,KEM,True,2025-11-23T02:43:57.171594,,617
Classic-McEliece-6960119,decap,1024,1,0.0,1,1,0,QPC,windows,0,903.3459,1.11,KEM,True,2025-11-23T02:43:58.075106,,618
Classic-McEliece-6960119,decap,1024,1,0.0,1,1,0,QPC,windows,0,5599.0008,0.18,KEM,True,2025-11-23T02:44:03.674266,,619
Classic-McEliece-6960119,decap,1024,1,0.0,1,1,0,QPC,windows,0,903.5776,1.11,KEM,True,2025-11-23T02:44:04.578001,,620
Classic-McEliece-6960119,decap,1024,16,0.0,1,1,0,QPC,windows,0,4039.3281,0.25,KEM,True,2025-11-23T02:44:08.617489,,621
Classic-McEliece-6960119,decap,1024,16,0.0,1,1,0,QPC,windows,0,2476.8678,0.4,KEM,True,2025-11-23T02:44:11.094514,,622
Classic-McEliece-6960119,decap,1024,16,0.0,1,1,0,QPC,windows,0,902.137,1.11,KEM,True,2025-11-23T02:44:11.996807,,623
Classic-McEliece-6960119,decap,1024,16,0.0,1,1,0,QPC,windows,0,1690.2226,0.59,KEM,True,2025-11-23T02:44:13.687184,,624
Classic-McEliece-6960119,decap,1024,16,0.0,1,1,0,QPC,windows,0,2477.5991,0.4,KEM,True,2025-11-23T02:44:16.164939,,625
Classic-McEliece-6960119,decap,1024,64,0.0,1,1,0,QPC,windows,0,902.4317,1.11,KEM,True,2025-11-23T02:44:17.067540,,626
Classic-McEliece-6960119,decap,1024,64,0.0,1,1,0,QPC,windows,0,3268.4289,0.31,KEM,True,2025-11-23T02:44:20.336129,,627
Classic-McEliece-6960119,decap,1024,64,0.0,1,1,0,QPC,windows,0,901.8509,1.11,KEM,True,2025-11-23T02:44:21.238137,,628
Classic-McEliece-6960119,decap,1024,64,0.0,1,1,0,QPC,windows,0,1684.1523,0.59,KEM,True,2025-11-23T02:44:22.922450,,629
Classic-McEliece-6960119,decap,1024,64,0.0,1,1,0,QPC,windows,0,904.6124,1.11,KEM,True,2025-11-23T02:44:23.827223,,630
Classic-McEliece-6960119f,keygen,0,1,0.0,1,1,0,QPC,windows,0,1222.6553,0.82,KEM,True,2025-11-23T02:44:25.050057,,631
Classic-McEliece-6960119f,keygen,0,1,0.0,1,1,0,QPC,windows,0,1222.7894,0.82,KEM,True,2025-11-23T02:44:26.273000,,632
Classic-McEliece-6960119f,keygen,0,1,0.0,1,1,0,QPC,windows,0,1223.3034,0.82,KEM,True,2025-11-23T02:44:27.496459,,633
Classic-McEliece-6960119f,keygen,0,1,0.0,1,1,0,QPC,windows,0,1221.563,0.82,KEM,True,2025-11-23T02:44:28.718172,,634
Classic-McEliece-6960119f,keygen,0,1,0.0,1,1,0,QPC,windows,0,1226.3687,0.82,KEM,True,2025-11-23T02:44:29.944736,,635
Classic-McEliece-6960119f,keygen,0,16,0.0,1,1,0,QPC,windows,0,1222.9413,0.82,KEM,True,2025-11-23T02:44:31.167832,,636
Classic-McEliece-6960119f,keygen,0,16,0.0,1,1,0,QPC,windows,0,1221.9399,0.82,KEM,True,2025-11-23T02:44:32.389925,,637
Classic-McEliece-6960119f,keygen,0,16,0.0,1,1,0,QPC,windows,0,1222.3964,0.82,KEM,True,2025-11-23T02:44:33.612474,,638
Classic-McEliece-6960119f,keygen,0,16,0.0,1,1,0,QPC,windows,0,1230.3961,0.81,KEM,True,2025-11-23T02:44:34.843027,,639
Classic-McEliece-6960119f,keygen,0,16,0.0,1,1,0,QPC,windows,0,1223.6276,0.82,KEM,True,2025-11-23T02:44:36.066824,,640
Classic-McEliece-6960119f,keygen,0,64,0.0,1,1,0,QPC,windows,0,1221.882,0.82,KEM,True,2025-11-23T02:44:37.288859,,641
Classic-McEliece-6960119f,keygen,0,64,0.0,1,1,0,QPC,windows,0,1221.8162,0.82,KEM,True,2025-11-23T02:44:38.510826,,642
Classic-McEliece-6960119f,keygen,0,64,0.0,1,1,0,QPC,windows,0,1221.269,0.82,KEM,True,2025-11-23T02:44:39.732260,,643
Classic-McEliece-6960119f,keygen,0,64,0.0,1,1,0,QPC,windows,0,1222.9327,0.82,KEM,True,2025-11-23T02:44:40.955346,,644
Classic-McEliece-6960119f,keygen,0,64,0.0,1,1,0,QPC,windows,0,1220.1263,0.82,KEM,True,2025-11-23T02:44:42.175631,,645
Classic-McEliece-6960119f,keygen,1024,1,0.0,1,1,0,QPC,windows,0,1218.5476,0.82,KEM,True,2025-11-23T02:44:43.394350,,646
Classic-McEliece-6960119f,keygen,1024,1,0.0,1,1,0,QPC,windows,0,1221.5197,0.82,KEM,True,2025-11-23T02:44:44.616033,,647
Classic-McEliece-6960119f,keygen,1024,1,0.0,1,1,0,QPC,windows,0,1226.4142,0.82,KEM,True,2025-11-23T02:44:45.842600,,648
Classic-McEliece-6960119f,keygen,1024,1,0.0,1,1,0,QPC,windows,0,1221.8111,0.82,KEM,True,2025-11-23T02:44:47.064566,,649
Classic-McEliece-6960119f,keygen,1024,1,0.0,1,1,0,QPC,windows,0,1220.4456,0.82,KEM,True,2025-11-23T02:44:48.285188,,650
Classic-McEliece-6960119f,keygen,1024,16,0.0,1,1,0,QPC,windows,0,1227.5316,0.81,KEM,True,2025-11-23T02:44:49.512875,,651
Classic-McEliece-6960119f,keygen,1024,16,0.0,1,1,0,QPC,windows,0,1224.4824,0.82,KEM,True,2025-11-23T02:44:50.737515,,652
Classic-McEliece-6960119f,keygen,1024,16,0.0,1,1,0,QPC,windows,0,1226.2873,0.82,KEM,True,2025-11-23T02:44:51.963962,,653
Classic-McEliece-6960119f,keygen,1024,16,0.0,1,1,0,QPC,windows,0,1223.694,0.82,KEM,True,2025-11-23T02:44:53.187818,,654
Classic-McEliece-6960119f,keygen,1024,16,0.0,1,1,0,QPC,windows,0,1228.9334,0.81,KEM,True,2025-11-23T02:44:54.416909,,655
Classic-McEliece-6960119f,keygen,1024,64,0.0,1,1,0,QPC,windows,0,1224.7073,0.82,KEM,True,2025-11-23T02:44:55.641766,,656
Classic-McEliece-6960119f,keygen,1024,64,0.0,1,1,0,QPC,windows,0,1222.6591,0.82,KEM,True,2025-11-23T02:44:56.864582,,657
Classic-McEliece-6960119f,keygen,1024,64,0.0,1,1,0,QPC,windows,0,1222.6806,0.82,KEM,True,2025-11-23T02:44:58.087413,,658
Classic-McEliece-6960119f,keygen,1024,64,0.0,1,1,0,QPC,windows,0,1222.4295,0.82,KEM,True,2025-11-23T02:44:59.309990,,659
Classic-McEliece-6960119f,keygen,1024,64,0.0,1,1,0,QPC,windows,0,1224.2342,0.82,KEM,True,2025-11-23T02:45:00.534377,,660
Classic-McEliece-6960119f,encap,0,1,0.0,1,1,0,QPC,windows,0,1226.4548,0.82,KEM,True,2025-11-23T02:45:01.761018,,661
Classic-McEliece-6960119f,encap,0,1,0.0,1,1,0,QPC,windows,0,1221.2109,0.82,KEM,True,2025-11-23T02:45:02.982385,,662
Classic-McEliece-6960119f,encap,0,1,0.0,1,1,0,QPC,windows,0,1222.2928,0.82,KEM,True,2025-11-23T02:45:04.204836,,663
Classic-McEliece-6960119f,encap,0,1,0.0,1,1,0,QPC,windows,0,1223.9539,0.82,KEM,True,2025-11-23T02:45:05.428948,,664
Classic-McEliece-6960119f,encap,0,1,0.0,1,1,0,QPC,windows,0,1223.8435,0.82,KEM,True,2025-11-23T02:45:06.652946,,665
Classic-McEliece-6960119f,encap,0,16,0.0,1,1,0,QPC,windows,0,1224.3191,0.82,KEM,True,2025-11-23T02:45:07.877413,,666
Classic-McEliece-6960119f,encap,0,16,0.0,1,1,0,QPC,windows,0,1222.7894,0.82,KEM,True,2025-11-23T02:45:09.100362,,667
Classic-McEliece-6960119f,encap,0,16,0.0,1,1,0,QPC,windows,0,1219.6362,0.82,KEM,True,2025-11-23T02:45:10.320161,,668
Classic-McEliece-6960119f,encap,0,16,0.0,1,1,0,QPC,windows,0,1226.8357,0.82,KEM,True,2025-11-23T02:45:11.547151,,669
Classic-McEliece-6960119f,encap,0,16,0.0,1,1,0,QPC,windows,0,1225.3941,0.82,KEM,True,2025-11-23T02:45:12.772699,,670
Classic-McEliece-6960119f,encap,0,64,0.0,1,1,0,QPC,windows,0,1226.7613,0.82,KEM,True,2025-11-23T02:45:13.999620,,671
Classic-McEliece-6960119f,encap,0,64,0.0,1,1,0,QPC,windows,0,1218.2492,0.82,KEM,True,2025-11-23T02:45:15.218025,,672
Classic-McEliece-6960119f,encap,0,64,0.0,1,1,0,QPC,windows,0,1224.6107,0.82,KEM,True,2025-11-23T02:45:16.442790,,673
Classic-McEliece-6960119f,encap,0,64,0.0,1,1,0,QPC,windows,0,1223.3155,0.82,KEM,True,2025-11-23T02:45:17.666260,,674
Classic-McEliece-6960119f,encap,0,64,0.0,1,1,0,QPC,windows,0,1222.3021,0.82,KEM,True,2025-11-23T02:45:18.888713,,675
Classic-McEliece-6960119f,encap,1024,1,0.0,1,1,0,QPC,windows,0,1224.8074,0.82,KEM,True,2025-11-23T02:45:20.113674,,676
Classic-McEliece-6960119f,encap,1024,1,0.0,1,1,0,QPC,windows,0,1220.1543,0.82,KEM,True,2025-11-23T02:45:21.333989,,677
Classic-McEliece-6960119f,encap,1024,1,0.0,1,1,0,QPC,windows,0,1228.6365,0.81,KEM,True,2025-11-23T02:45:22.562811,,678
Classic-McEliece-6960119f,encap,1024,1,0.0,1,1,0,QPC,windows,0,1227.7611,0.81,KEM,True,2025-11-23T02:45:23.790727,,679
Classic-McEliece-6960119f,encap,1024,1,0.0,1,1,0,QPC,windows,0,1231.1132,0.81,KEM,True,2025-11-23T02:45:25.021997,,680
Classic-McEliece-6960119f,encap,1024,16,0.0,1,1,0,QPC,windows,0,1225.8659,0.82,KEM,True,2025-11-23T02:45:26.248024,,681
Classic-McEliece-6960119f,encap,1024,16,0.0,1,1,0,QPC,windows,0,1222.7529,0.82,KEM,True,2025-11-23T02:45:27.470930,,682
Classic-McEliece-6960119f,encap,1024,16,0.0,1,1,0,QPC,windows,0,1225.5135,0.82,KEM,True,2025-11-23T02:45:28.696597,,683
Classic-McEliece-6960119f,encap,1024,16,0.0,1,1,0,QPC,windows,0,1223.6038,0.82,KEM,True,2025-11-23T02:45:29.920352,,684
Classic-McEliece-6960119f,encap,1024,16,0.0,1,1,0,QPC,windows,0,1221.1847,0.82,KEM,True,2025-11-23T02:45:31.141689,,685
Classic-McEliece-6960119f,encap,1024,64,0.0,1,1,0,QPC,windows,0,1227.465,0.81,KEM,True,2025-11-23T02:45:32.369309,,686
Classic-McEliece-6960119f,encap,1024,64,0.0,1,1,0,QPC,windows,0,1245.8028,0.8,KEM,True,2025-11-23T02:45:33.615269,,687
Classic-McEliece-6960119f,encap,1024,64,0.0,1,1,0,QPC,windows,0,1255.6828,0.8,KEM,True,2025-11-23T02:45:34.871109,,688
Classic-McEliece-6960119f,encap,1024,64,0.0,1,1,0,QPC,windows,0,1223.2817,0.82,KEM,True,2025-11-23T02:45:36.094539,,689
Classic-McEliece-6960119f,encap,1024,64,0.0,1,1,0,QPC,windows,0,1222.2725,0.82,KEM,True,2025-11-23T02:45:37.316972,,690
Classic-McEliece-6960119f,decap,0,1,0.0,1,1,0,QPC,windows,0,1289.6461,0.78,KEM,True,2025-11-23T02:45:38.606801,,691
Classic-McEliece-6960119f,decap,0,1,0.0,1,1,0,QPC,windows,0,1289.2824,0.78,KEM,True,2025-11-23T02:45:39.896241,,692
Classic-McEliece-6960119f,decap,0,1,0.0,1,1,0,QPC,windows,0,1288.6078,0.78,KEM,True,2025-11-23T02:45:41.185001,,693
Classic-McEliece-6960119f,decap,0,1,0.0,1,1,0,QPC,windows,0,1287.7725,0.78,KEM,True,2025-11-23T02:45:42.472933,,694
Classic-McEliece-6960119f,decap,0,1,0.0,1,1,0,QPC,windows,0,1286.1902,0.78,KEM,True,2025-11-23T02:45:43.759284,,695
Classic-McEliece-6960119f,decap,0,16,0.0,1,1,0,QPC,windows,0,1285.2467,0.78,KEM,True,2025-11-23T02:45:45.044690,,696
Classic-McEliece-6960119f,decap,0,16,0.0,1,1,0,QPC,windows,0,1289.0871,0.78,KEM,True,2025-11-23T02:45:46.333943,,697
Classic-McEliece-6960119f,decap,0,16,0.0,1,1,0,QPC,windows,0,1286.2227,0.78,KEM,True,2025-11-23T02:45:47.620325,,698
Classic-McEliece-6960119f,decap,0,16,0.0,1,1,0,QPC,windows,0,1288.3914,0.78,KEM,True,2025-11-23T02:45:48.908873,,699
Classic-McEliece-6960119f,decap,0,16,0.0,1,1,0,QPC,windows,0,1286.0955,0.78,KEM,True,2025-11-23T02:45:50.195130,,700
Classic-McEliece-6960119f,decap,0,64,0.0,1,1,0,QPC,windows,0,1292.308,0.77,KEM,True,2025-11-23T02:45:51.487601,,701
Classic-McEliece-6960119f,decap,0,64,0.0,1,1,0,QPC,windows,0,1287.9334,0.78,KEM,True,2025-11-23T02:45:52.775697,,702
Classic-McEliece-6960119f,decap,0,64,0.0,1,1,0,QPC,windows,0,1289.8355,0.78,KEM,True,2025-11-23T02:45:54.065697,,703
Classic-McEliece-6960119f,decap,0,64,0.0,1,1,0,QPC,windows,0,1291.0151,0.77,KEM,True,2025-11-23T02:45:55.356920,,704
Classic-McEliece-6960119f,decap,0,64,0.0,1,1,0,QPC,windows,0,1286.2785,0.78,KEM,True,2025-11-23T02:45:56.643348,,705
Classic-McEliece-6960119f,decap,1024,1,0.0,1,1,0,QPC,windows,0,1288.8217,0.78,KEM,True,2025-11-23T02:45:57.932328,,706
Classic-McEliece-6960119f,decap,1024,1,0.0,1,1,0,QPC,windows,0,1290.1215,0.78,KEM,True,2025-11-23T02:45:59.222616,,707
Classic-McEliece-6960119f,decap,1024,1,0.0,1,1,0,QPC,windows,0,1289.3366,0.78,KEM,True,2025-11-23T02:46:00.512109,,708
Classic-McEliece-6960119f,decap,1024,1,0.0,1,1,0,QPC,windows,0,1288.2955,0.78,KEM,True,2025-11-23T02:46:01.800564,,709
Classic-McEliece-6960119f,decap,1024,1,0.0,1,1,0,QPC,windows,0,1286.5033,0.78,KEM,True,2025-11-23T02:46:03.087228,,710
Classic-McEliece-6960119f,decap,1024,16,0.0,1,1,0,QPC,windows,0,1291.4428,0.77,KEM,True,2025-11-23T02:46:04.378826,,711
Classic-McEliece-6960119f,decap,1024,16,0.0,1,1,0,QPC,windows,0,1293.5624,0.77,KEM,True,2025-11-23T02:46:05.672543,,712
Classic-McEliece-6960119f,decap,1024,16,0.0,1,1,0,QPC,windows,0,1290.8918,0.77,KEM,True,2025-11-23T02:46:06.963590,,713
Classic-McEliece-6960119f,decap,1024,16,0.0,1,1,0,QPC,windows,0,1286.7336,0.78,KEM,True,2025-11-23T02:46:08.250479,,714
Classic-McEliece-6960119f,decap,1024,16,0.0,1,1,0,QPC,windows,0,1286.2316,0.78,KEM,True,2025-11-23T02:46:09.536872,,715
Classic-McEliece-6960119f,decap,1024,64,0.0,1,1,0,QPC,windows,0,1288.6604,0.78,KEM,True,2025-11-23T02:46:10.825686,,716
Classic-McEliece-6960119f,decap,1024,64,0.0,1,1,0,QPC,windows,0,1296.9661,0.77,KEM,True,2025-11-23T02:46:12.122807,,717
Classic-McEliece-6960119f,decap,1024,64,0.0,1,1,0,QPC,windows,0,1290.1747,0.78,KEM,True,2025-11-23T02:46:13.413136,,718
Classic-McEliece-6960119f,decap,1024,64,0.0,1,1,0,QPC,windows,0,1293.8542,0.77,KEM,True,2025-11-23T02:46:14.707145,,719
Classic-McEliece-6960119f,decap,1024,64,0.0,1,1,0,QPC,windows,0,1286.2655,0.78,KEM,True,2025-11-23T02:46:15.993570,,720
Classic-McEliece-8192128,keygen,0,1,0.0,1,1,0,QPC,windows,0,3232.2484,0.31,KEM,True,2025-11-23T02:46:19.226120,,721
Classic-McEliece-8192128,keygen,0,1,0.0,1,1,0,QPC,windows,0,4283.3923,0.23,KEM,True,2025-11-23T02:46:23.509792,,722
Classic-McEliece-8192128,keygen,0,1,0.0,1,1,0,QPC,windows,0,5337.7454,0.19,KEM,True,2025-11-23T02:46:28.847796,,723
Classic-McEliece-8192128,keygen,0,1,0.0,1,1,0,QPC,windows,0,1114.4814,0.9,KEM,True,2025-11-23T02:46:29.962545,,724
Classic-McEliece-8192128,keygen,0,1,0.0,1,1,0,QPC,windows,0,5354.9929,0.19,KEM,True,2025-11-23T02:46:35.317817,,725
Classic-McEliece-8192128,keygen,0,16,0.0,1,1,0,QPC,windows,0,1108.3104,0.9,KEM,True,2025-11-23T02:46:36.426444,,726
Classic-McEliece-8192128,keygen,0,16,0.0,1,1,0,QPC,windows,0,1112.0426,0.9,KEM,True,2025-11-23T02:46:37.538939,,727
Classic-McEliece-8192128,keygen,0,16,0.0,1,1,0,QPC,windows,0,2168.2595,0.46,KEM,True,2025-11-23T02:46:39.707473,,728
Classic-McEliece-8192128,keygen,0,16,0.0,1,1,0,QPC,windows,0,1109.2796,0.9,KEM,True,2025-11-23T02:46:40.817216,,729
Classic-McEliece-8192128,keygen,0,16,0.0,1,1,0,QPC,windows,0,7452.4361,0.13,KEM,True,2025-11-23T02:46:48.269919,,730
Classic-McEliece-8192128,keygen,0,64,0.0,1,1,0,QPC,windows,0,1109.0332,0.9,KEM,True,2025-11-23T02:46:49.379222,,731
Classic-McEliece-8192128,keygen,0,64,0.0,1,1,0,QPC,windows,0,1110.6237,0.9,KEM,True,2025-11-23T02:46:50.490117,,732
Classic-McEliece-8192128,keygen,0,64,0.0,1,1,0,QPC,windows,0,4304.3536,0.23,KEM,True,2025-11-23T02:46:54.794758,,733
Classic-McEliece-8192128,keygen,0,64,0.0,1,1,0,QPC,windows,0,3225.7791,0.31,KEM,True,2025-11-23T02:46:58.020825,,734
Classic-McEliece-8192128,keygen,0,64,0.0,1,1,0,QPC,windows,0,1113.5234,0.9,KEM,True,2025-11-23T02:46:59.134622,,735
Classic-McEliece-8192128,keygen,1024,1,0.0,1,1,0,QPC,windows,0,5348.3499,0.19,KEM,True,2025-11-23T02:47:04.483254,,736
Classic-McEliece-8192128,keygen,1024,1,0.0,1,1,0,QPC,windows,0,2166.9912,0.46,KEM,True,2025-11-23T02:47:06.650521,,737
Classic-McEliece-8192128,keygen,1024,1,0.0,1,1,0,QPC,windows,0,4284.4328,0.23,KEM,True,2025-11-23T02:47:10.935227,,738
Classic-McEliece-8192128,keygen,1024,1,0.0,1,1,0,QPC,windows,0,1110.7432,0.9,KEM,True,2025-11-23T02:47:12.046236,,739
Classic-McEliece-8192128,keygen,1024,1,0.0,1,1,0,QPC,windows,0,3232.4341,0.31,KEM,True,2025-11-23T02:47:15.278936,,740
Classic-McEliece-8192128,keygen,1024,16,0.0,1,1,0,QPC,windows,0,3239.6335,0.31,KEM,True,2025-11-23T02:47:18.518849,,741
Classic-McEliece-8192128,keygen,1024,16,0.0,1,1,0,QPC,windows,0,3218.4975,0.31,KEM,True,2025-11-23T02:47:21.737623,,742
Classic-McEliece-8192128,keygen,1024,16,0.0,1,1,0,QPC,windows,0,4283.8311,0.23,KEM,True,2025-11-23T02:47:26.021726,,743
Classic-McEliece-8192128,keygen,1024,16,0.0,1,1,0,QPC,windows,0,6415.2089,0.16,KEM,True,2025-11-23T02:47:32.437216,,744
Classic-McEliece-8192128,keygen,1024,16,0.0,1,1,0,QPC,windows,0,12765.4964,0.08,KEM,True,2025-11-23T02:47:45.202984,,745
Classic-McEliece-8192128,keygen,1024,64,0.0,1,1,0,QPC,windows,0,4280.5096,0.23,KEM,True,2025-11-23T02:47:49.483772,,746
Classic-McEliece-8192128,keygen,1024,64,0.0,1,1,0,QPC,windows,0,5358.4815,0.19,KEM,True,2025-11-23T02:47:54.842505,,747
Classic-McEliece-8192128,keygen,1024,64,0.0,1,1,0,QPC,windows,0,2174.7515,0.46,KEM,True,2025-11-23T02:47:57.017528,,748
Classic-McEliece-8192128,keygen,1024,64,0.0,1,1,0,QPC,windows,0,2171.3853,0.46,KEM,True,2025-11-23T02:47:59.189185,,749
Classic-McEliece-8192128,keygen,1024,64,0.0,1,1,0,QPC,windows,0,2178.4131,0.46,KEM,True,2025-11-23T02:48:01.367935,,750
Classic-McEliece-8192128,encap,0,1,0.0,1,1,0,QPC,windows,0,3233.5248,0.31,KEM,True,2025-11-23T02:48:04.601951,,751
Classic-McEliece-8192128,encap,0,1,0.0,1,1,0,QPC,windows,0,7463.4811,0.13,KEM,True,2025-11-23T02:48:12.065699,,752
Classic-McEliece-8192128,encap,0,1,0.0,1,1,0,QPC,windows,0,2169.4482,0.46,KEM,True,2025-11-23T02:48:14.235428,,753
Classic-McEliece-8192128,encap,0,1,0.0,1,1,0,QPC,windows,0,2181.6168,0.46,KEM,True,2025-11-23T02:48:16.417338,,754
Classic-McEliece-8192128,encap,0,1,0.0,1,1,0,QPC,windows,0,1113.2976,0.9,KEM,True,2025-11-23T02:48:17.530923,,755
Classic-McEliece-8192128,encap,0,16,0.0,1,1,0,QPC,windows,0,1109.3156,0.9,KEM,True,2025-11-23T02:48:18.640515,,756
Classic-McEliece-8192128,encap,0,16,0.0,1,1,0,QPC,windows,0,6418.9175,0.16,KEM,True,2025-11-23T02:48:25.059701,,757
Classic-McEliece-8192128,encap,0,16,0.0,1,1,0,QPC,windows,0,1109.8798,0.9,KEM,True,2025-11-23T02:48:26.169848,,758
Classic-McEliece-8192128,encap,0,16,0.0,1,1,0,QPC,windows,0,2167.2936,0.46,KEM,True,2025-11-23T02:48:28.337412,,759
Classic-McEliece-8192128,encap,0,16,0.0,1,1,0,QPC,windows,0,1109.9886,0.9,KEM,True,2025-11-23T02:48:29.447675,,760
Classic-McEliece-8192128,encap,0,64,0.0,1,1,0,QPC,windows,0,4287.9709,0.23,KEM,True,2025-11-23T02:48:33.735923,,761
Classic-McEliece-8192128,encap,0,64,0.0,1,1,0,QPC,windows,0,3244.6238,0.31,KEM,True,2025-11-23T02:48:36.980810,,762
Classic-McEliece-8192128,encap,0,64,0.0,1,1,0,QPC,windows,0,3234.3171,0.31,KEM,True,2025-11-23T02:48:40.215393,,763
Classic-McEliece-8192128,encap,0,64,0.0,1,1,0,QPC,windows,0,1112.1935,0.9,KEM,True,2025-11-23T02:48:41.327849,,764
Classic-McEliece-8192128,encap,0,64,0.0,1,1,0,QPC,windows,0,3228.8236,0.31,KEM,True,2025-11-23T02:48:44.556945,,765
Classic-McEliece-8192128,encap,1024,1,0.0,1,1,0,QPC,windows,0,8510.1481,0.12,KEM,True,2025-11-23T02:48:53.067360,,766
Classic-McEliece-8192128,encap,1024,1,0.0,1,1,0,QPC,windows,0,2172.354,0.46,KEM,True,2025-11-23T02:48:55.239987,,767
Classic-McEliece-8192128,encap,1024,1,0.0,1,1,0,QPC,windows,0,1122.232,0.89,KEM,True,2025-11-23T02:48:56.362488,,768
Classic-McEliece-8192128,encap,1024,1,0.0,1,1,0,QPC,windows,0,1113.7329,0.9,KEM,True,2025-11-23T02:48:57.476500,,769
Classic-McEliece-8192128,encap,1024,1,0.0,1,1,0,QPC,windows,0,1114.2191,0.9,KEM,True,2025-11-23T02:48:58.590988,,770
Classic-McEliece-8192128,encap,1024,16,0.0,1,1,0,QPC,windows,0,1111.5538,0.9,KEM,True,2025-11-23T02:48:59.702809,,771
Classic-McEliece-8192128,encap,1024,16,0.0,1,1,0,QPC,windows,0,2173.7835,0.46,KEM,True,2025-11-23T02:49:01.876873,,772
Classic-McEliece-8192128,encap,1024,16,0.0,1,1,0,QPC,windows,0,2173.3054,0.46,KEM,True,2025-11-23T02:49:04.050450,,773
Classic-McEliece-8192128,encap,1024,16,0.0,1,1,0,QPC,windows,0,6388.772,0.16,KEM,True,2025-11-23T02:49:10.439535,,774
Classic-McEliece-8192128,encap,1024,16,0.0,1,1,0,QPC,windows,0,4311.2711,0.23,KEM,True,2025-11-23T02:49:14.751081,,775
Classic-McEliece-8192128,encap,1024,64,0.0,1,1,0,QPC,windows,0,15952.5658,0.06,KEM,True,2025-11-23T02:49:30.703942,,776
Classic-McEliece-8192128,encap,1024,64,0.0,1,1,0,QPC,windows,0,2167.2636,0.46,KEM,True,2025-11-23T02:49:32.871615,,777
Classic-McEliece-8192128,encap,1024,64,0.0,1,1,0,QPC,windows,0,3242.3897,0.31,KEM,True,2025-11-23T02:49:36.114283,,778
Classic-McEliece-8192128,encap,1024,64,0.0,1,1,0,QPC,windows,0,1108.9999,0.9,KEM,True,2025-11-23T02:49:37.223537,,779
Classic-McEliece-8192128,encap,1024,64,0.0,1,1,0,QPC,windows,0,3232.4312,0.31,KEM,True,2025-11-23T02:49:40.456239,,780
Classic-McEliece-8192128,decap,0,1,0.0,1,1,0,QPC,windows,0,2254.5503,0.44,KEM,True,2025-11-23T02:49:42.711088,,781
Classic-McEliece-8192128,decap,0,1,0.0,1,1,0,QPC,windows,0,2250.1218,0.44,KEM,True,2025-11-23T02:49:44.961488,,782
Classic-McEliece-8192128,decap,0,1,0.0,1,1,0,QPC,windows,0,4358.6208,0.23,KEM,True,2025-11-23T02:49:49.320395,,783
Classic-McEliece-8192128,decap,0,1,0.0,1,1,0,QPC,windows,0,3303.8978,0.3,KEM,True,2025-11-23T02:49:52.624574,,784
Classic-McEliece-8192128,decap,0,1,0.0,1,1,0,QPC,windows,0,1193.9318,0.84,KEM,True,2025-11-23T02:49:53.818773,,785
Classic-McEliece-8192128,decap,0,16,0.0,1,1,0,QPC,windows,0,3311.8525,0.3,KEM,True,2025-11-23T02:49:57.130901,,786
Classic-McEliece-8192128,decap,0,16,0.0,1,1,0,QPC,windows,0,1195.3924,0.84,KEM,True,2025-11-23T02:49:58.326569,,787
Classic-McEliece-8192128,decap,0,16,0.0,1,1,0,QPC,windows,0,1194.202,0.84,KEM,True,2025-11-23T02:49:59.521042,,788
Classic-McEliece-8192128,decap,0,16,0.0,1,1,0,QPC,windows,0,2250.7713,0.44,KEM,True,2025-11-23T02:50:01.772155,,789
Classic-McEliece-8192128,decap,0,16,0.0,1,1,0,QPC,windows,0,3312.1245,0.3,KEM,True,2025-11-23T02:50:05.084721,,790
Classic-McEliece-8192128,decap,0,64,0.0,1,1,0,QPC,windows,0,1213.1875,0.82,KEM,True,2025-11-23T02:50:06.298184,,791
Classic-McEliece-8192128,decap,0,64,0.0,1,1,0,QPC,windows,0,3320.4302,0.3,KEM,True,2025-11-23T02:50:09.618883,,792
Classic-McEliece-8192128,decap,0,64,0.0,1,1,0,QPC,windows,0,1193.8676,0.84,KEM,True,2025-11-23T02:50:10.813019,,793
Classic-McEliece-8192128,decap,0,64,0.0,1,1,0,QPC,windows,0,8750.2844,0.11,KEM,True,2025-11-23T02:50:19.563580,,794
Classic-McEliece-8192128,decap,0,64,0.0,1,1,0,QPC,windows,0,1192.4749,0.84,KEM,True,2025-11-23T02:50:20.756370,,795
Classic-McEliece-8192128,decap,1024,1,0.0,1,1,0,QPC,windows,0,5431.4483,0.18,KEM,True,2025-11-23T02:50:26.188240,,796
Classic-McEliece-8192128,decap,1024,1,0.0,1,1,0,QPC,windows,0,2257.943,0.44,KEM,True,2025-11-23T02:50:28.446456,,797
Classic-McEliece-8192128,decap,1024,1,0.0,1,1,0,QPC,windows,0,1195.5825,0.84,KEM,True,2025-11-23T02:50:29.642321,,798
Classic-McEliece-8192128,decap,1024,1,0.0,1,1,0,QPC,windows,0,5439.7311,0.18,KEM,True,2025-11-23T02:50:35.082337,,799
Classic-McEliece-8192128,decap,1024,1,0.0,1,1,0,QPC,windows,0,2253.934,0.44,KEM,True,2025-11-23T02:50:37.336554,,800
Classic-McEliece-8192128,decap,1024,16,0.0,1,1,0,QPC,windows,0,6481.6031,0.15,KEM,True,2025-11-23T02:50:43.818442,,801
Classic-McEliece-8192128,decap,1024,16,0.0,1,1,0,QPC,windows,0,1194.5005,0.84,KEM,True,2025-11-23T02:50:45.013223,,802
Classic-McEliece-8192128,decap,1024,16,0.0,1,1,0,QPC,windows,0,2250.8928,0.44,KEM,True,2025-11-23T02:50:47.264404,,803
Classic-McEliece-8192128,decap,1024,16,0.0,1,1,0,QPC,windows,0,1193.5453,0.84,KEM,True,2025-11-23T02:50:48.458223,,804
Classic-McEliece-8192128,decap,1024,16,0.0,1,1,0,QPC,windows,0,2249.8177,0.44,KEM,True,2025-11-23T02:50:50.708362,,805
Classic-McEliece-8192128,decap,1024,64,0.0,1,1,0,QPC,windows,0,4368.1973,0.23,KEM,True,2025-11-23T02:50:55.077023,,806
Classic-McEliece-8192128,decap,1024,64,0.0,1,1,0,QPC,windows,0,9662.8457,0.1,KEM,True,2025-11-23T02:51:04.740143,,807
Classic-McEliece-8192128,decap,1024,64,0.0,1,1,0,QPC,windows,0,18159.6833,0.06,KEM,True,2025-11-23T02:51:22.900086,,808
Classic-McEliece-8192128,decap,1024,64,0.0,1,1,0,QPC,windows,0,2257.9336,0.44,KEM,True,2025-11-23T02:51:25.158309,,809
Classic-McEliece-8192128,decap,1024,64,0.0,1,1,0,QPC,windows,0,3311.8619,0.3,KEM,True,2025-11-23T02:51:28.470442,,810
Classic-McEliece-8192128f,keygen,0,1,0.0,1,1,0,QPC,windows,0,1078.0623,0.93,KEM,True,2025-11-23T02:51:29.548816,,811
Classic-McEliece-8192128f,keygen,0,1,0.0,1,1,0,QPC,windows,0,1077.0759,0.93,KEM,True,2025-11-23T02:51:30.626160,,812
Classic-McEliece-8192128f,keygen,0,1,0.0,1,1,0,QPC,windows,0,1077.7231,0.93,KEM,True,2025-11-23T02:51:31.704159,,813
Classic-McEliece-8192128f,keygen,0,1,0.0,1,1,0,QPC,windows,0,1077.8293,0.93,KEM,True,2025-11-23T02:51:32.782258,,814
Classic-McEliece-8192128f,keygen,0,1,0.0,1,1,0,QPC,windows,0,1079.3953,0.93,KEM,True,2025-11-23T02:51:33.861918,,815
Classic-McEliece-8192128f,keygen,0,16,0.0,1,1,0,QPC,windows,0,1086.6741,0.92,KEM,True,2025-11-23T02:51:34.948865,,816
Classic-McEliece-8192128f,keygen,0,16,0.0,1,1,0,QPC,windows,0,1080.4227,0.93,KEM,True,2025-11-23T02:51:36.029578,,817
Classic-McEliece-8192128f,keygen,0,16,0.0,1,1,0,QPC,windows,0,1077.8781,0.93,KEM,True,2025-11-23T02:51:37.107769,,818
Classic-McEliece-8192128f,keygen,0,16,0.0,1,1,0,QPC,windows,0,1079.0587,0.93,KEM,True,2025-11-23T02:51:38.187101,,819
Classic-McEliece-8192128f,keygen,0,16,0.0,1,1,0,QPC,windows,0,1078.1299,0.93,KEM,True,2025-11-23T02:51:39.265507,,820
Classic-McEliece-8192128f,keygen,0,64,0.0,1,1,0,QPC,windows,0,1081.4787,0.92,KEM,True,2025-11-23T02:51:40.347271,,821
Classic-McEliece-8192128f,keygen,0,64,0.0,1,1,0,QPC,windows,0,1081.812,0.92,KEM,True,2025-11-23T02:51:41.429443,,822
Classic-McEliece-8192128f,keygen,0,64,0.0,1,1,0,QPC,windows,0,1082.9264,0.92,KEM,True,2025-11-23T02:51:42.512813,,823
Classic-McEliece-8192128f,keygen,0,64,0.0,1,1,0,QPC,windows,0,1079.8204,0.93,KEM,True,2025-11-23T02:51:43.592902,,824
Classic-McEliece-8192128f,keygen,0,64,0.0,1,1,0,QPC,windows,0,1084.6506,0.92,KEM,True,2025-11-23T02:51:44.677823,,825
Classic-McEliece-8192128f,keygen,1024,1,0.0,1,1,0,QPC,windows,0,1081.1915,0.92,KEM,True,2025-11-23T02:51:45.759294,,826
Classic-McEliece-8192128f,keygen,1024,1,0.0,1,1,0,QPC,windows,0,1078.6336,0.93,KEM,True,2025-11-23T02:51:46.838182,,827
Classic-McEliece-8192128f,keygen,1024,1,0.0,1,1,0,QPC,windows,0,1076.8125,0.93,KEM,True,2025-11-23T02:51:47.915262,,828
Classic-McEliece-8192128f,keygen,1024,1,0.0,1,1,0,QPC,windows,0,1078.235,0.93,KEM,True,2025-11-23T02:51:48.993779,,829
Classic-McEliece-8192128f,keygen,1024,1,0.0,1,1,0,QPC,windows,0,1082.4357,0.92,KEM,True,2025-11-23T02:51:50.076486,,830
Classic-McEliece-8192128f,keygen,1024,16,0.0,1,1,0,QPC,windows,0,1081.1704,0.92,KEM,True,2025-11-23T02:51:51.157928,,831
Classic-McEliece-8192128f,keygen,1024,16,0.0,1,1,0,QPC,windows,0,1078.3564,0.93,KEM,True,2025-11-23T02:51:52.236549,,832
Classic-McEliece-8192128f,keygen,1024,16,0.0,1,1,0,QPC,windows,0,1081.7387,0.92,KEM,True,2025-11-23T02:51:53.318556,,833
Classic-McEliece-8192128f,keygen,1024,16,0.0,1,1,0,QPC,windows,0,1079.1788,0.93,KEM,True,2025-11-23T02:51:54.398007,,834
Classic-McEliece-8192128f,keygen,1024,16,0.0,1,1,0,QPC,windows,0,1081.2588,0.92,KEM,True,2025-11-23T02:51:55.479529,,835
Classic-McEliece-8192128f,keygen,1024,64,0.0,1,1,0,QPC,windows,0,1101.1068,0.91,KEM,True,2025-11-23T02:51:56.580906,,836
Classic-McEliece-8192128f,keygen,1024,64,0.0,1,1,0,QPC,windows,0,1082.8486,0.92,KEM,True,2025-11-23T02:51:57.664029,,837
Classic-McEliece-8192128f,keygen,1024,64,0.0,1,1,0,QPC,windows,0,1080.2037,0.93,KEM,True,2025-11-23T02:51:58.744506,,838
Classic-McEliece-8192128f,keygen,1024,64,0.0,1,1,0,QPC,windows,0,1087.3431,0.92,KEM,True,2025-11-23T02:51:59.832119,,839
Classic-McEliece-8192128f,keygen,1024,64,0.0,1,1,0,QPC,windows,0,1079.5612,0.93,KEM,True,2025-11-23T02:52:00.911947,,840
Classic-McEliece-8192128f,encap,0,1,0.0,1,1,0,QPC,windows,0,1079.3477,0.93,KEM,True,2025-11-23T02:52:01.991605,,841
Classic-McEliece-8192128f,encap,0,1,0.0,1,1,0,QPC,windows,0,1078.9463,0.93,KEM,True,2025-11-23T02:52:03.070819,,842
Classic-McEliece-8192128f,encap,0,1,0.0,1,1,0,QPC,windows,0,1083.146,0.92,KEM,True,2025-11-23T02:52:04.154337,,843
Classic-McEliece-8192128f,encap,0,1,0.0,1,1,0,QPC,windows,0,1079.5434,0.93,KEM,True,2025-11-23T02:52:05.234144,,844
Classic-McEliece-8192128f,encap,0,1,0.0,1,1,0,QPC,windows,0,1077.9702,0.93,KEM,True,2025-11-23T02:52:06.312383,,845
Classic-McEliece-8192128f,encap,0,16,0.0,1,1,0,QPC,windows,0,1078.9458,0.93,KEM,True,2025-11-23T02:52:07.391600,,846
Classic-McEliece-8192128f,encap,0,16,0.0,1,1,0,QPC,windows,0,1081.9318,0.92,KEM,True,2025-11-23T02:52:08.473806,,847
Classic-McEliece-8192128f,encap,0,16,0.0,1,1,0,QPC,windows,0,1079.5077,0.93,KEM,True,2025-11-23T02:52:09.553582,,848
Classic-McEliece-8192128f,encap,0,16,0.0,1,1,0,QPC,windows,0,1080.4286,0.93,KEM,True,2025-11-23T02:52:10.634471,,849
Classic-McEliece-8192128f,encap,0,16,0.0,1,1,0,QPC,windows,0,1082.1483,0.92,KEM,True,2025-11-23T02:52:11.716895,,850
Classic-McEliece-8192128f,encap,0,64,0.0,1,1,0,QPC,windows,0,1079.578,0.93,KEM,True,2025-11-23T02:52:12.796755,,851
Classic-McEliece-8192128f,encap,0,64,0.0,1,1,0,QPC,windows,0,1077.7191,0.93,KEM,True,2025-11-23T02:52:13.874734,,852
Classic-McEliece-8192128f,encap,0,64,0.0,1,1,0,QPC,windows,0,1077.8086,0.93,KEM,True,2025-11-23T02:52:14.952804,,853
Classic-McEliece-8192128f,encap,0,64,0.0,1,1,0,QPC,windows,0,1080.5295,0.93,KEM,True,2025-11-23T02:52:16.033601,,854
Classic-McEliece-8192128f,encap,0,64,0.0,1,1,0,QPC,windows,0,1080.4684,0.93,KEM,True,2025-11-23T02:52:17.114341,,855
Classic-McEliece-8192128f,encap,1024,1,0.0,1,1,0,QPC,windows,0,1086.4137,0.92,KEM,True,2025-11-23T02:52:18.201029,,856
Classic-McEliece-8192128f,encap,1024,1,0.0,1,1,0,QPC,windows,0,1084.1088,0.92,KEM,True,2025-11-23T02:52:19.285406,,857
Classic-McEliece-8192128f,encap,1024,1,0.0,1,1,0,QPC,windows,0,1084.8495,0.92,KEM,True,2025-11-23T02:52:20.370784,,858
Classic-McEliece-8192128f,encap,1024,1,0.0,1,1,0,QPC,windows,0,1082.8757,0.92,KEM,True,2025-11-23T02:52:21.453931,,859
Classic-McEliece-8192128f,encap,1024,1,0.0,1,1,0,QPC,windows,0,1079.6876,0.93,KEM,True,2025-11-23T02:52:22.533888,,860
Classic-McEliece-8192128f,encap,1024,16,0.0,1,1,0,QPC,windows,0,1081.3851,0.92,KEM,True,2025-11-23T02:52:23.615765,,861
Classic-McEliece-8192128f,encap,1024,16,0.0,1,1,0,QPC,windows,0,1082.9753,0.92,KEM,True,2025-11-23T02:52:24.699011,,862
Classic-McEliece-8192128f,encap,1024,16,0.0,1,1,0,QPC,windows,0,1079.2185,0.93,KEM,True,2025-11-23T02:52:25.778537,,863
Classic-McEliece-8192128f,encap,1024,16,0.0,1,1,0,QPC,windows,0,1078.8876,0.93,KEM,True,2025-11-23T02:52:26.857832,,864
Classic-McEliece-8192128f,encap,1024,16,0.0,1,1,0,QPC,windows,0,1078.5904,0.93,KEM,True,2025-11-23T02:52:27.936684,,865
Classic-McEliece-8192128f,encap,1024,64,0.0,1,1,0,QPC,windows,0,1078.4049,0.93,KEM,True,2025-11-23T02:52:29.015357,,866
Classic-McEliece-8192128f,encap,1024,64,0.0,1,1,0,QPC,windows,0,1079.7001,0.93,KEM,True,2025-11-23T02:52:30.095334,,867
Classic-McEliece-8192128f,encap,1024,64,0.0,1,1,0,QPC,windows,0,1082.2194,0.92,KEM,True,2025-11-23T02:52:31.177831,,868
Classic-McEliece-8192128f,encap,1024,64,0.0,1,1,0,QPC,windows,0,1078.7887,0.93,KEM,True,2025-11-23T02:52:32.256890,,869
Classic-McEliece-8192128f,encap,1024,64,0.0,1,1,0,QPC,windows,0,1078.0067,0.93,KEM,True,2025-11-23T02:52:33.335169,,870
Classic-McEliece-8192128f,decap,0,1,0.0,1,1,0,QPC,windows,0,1167.7344,0.86,KEM,True,2025-11-23T02:52:34.503215,,871
Classic-McEliece-8192128f,decap,0,1,0.0,1,1,0,QPC,windows,0,1162.4388,0.86,KEM,True,2025-11-23T02:52:35.665922,,872
Classic-McEliece-8192128f,decap,0,1,0.0,1,1,0,QPC,windows,0,1161.833,0.86,KEM,True,2025-11-23T02:52:36.828015,,873
Classic-McEliece-8192128f,decap,0,1,0.0,1,1,0,QPC,windows,0,1172.2743,0.85,KEM,True,2025-11-23T02:52:38.000563,,874
Classic-McEliece-8192128f,decap,0,1,0.0,1,1,0,QPC,windows,0,1163.7172,0.86,KEM,True,2025-11-23T02:52:39.164567,,875
Classic-McEliece-8192128f,decap,0,16,0.0,1,1,0,QPC,windows,0,1168.1684,0.86,KEM,True,2025-11-23T02:52:40.333022,,876
Classic-McEliece-8192128f,decap,0,16,0.0,1,1,0,QPC,windows,0,1167.6421,0.86,KEM,True,2025-11-23T02:52:41.500956,,877
Classic-McEliece-8192128f,decap,0,16,0.0,1,1,0,QPC,windows,0,1161.5377,0.86,KEM,True,2025-11-23T02:52:42.662774,,878
Classic-McEliece-8192128f,decap,0,16,0.0,1,1,0,QPC,windows,0,1163.5026,0.86,KEM,True,2025-11-23T02:52:43.826548,,879
Classic-McEliece-8192128f,decap,0,16,0.0,1,1,0,QPC,windows,0,1163.0633,0.86,KEM,True,2025-11-23T02:52:44.989886,,880
Classic-McEliece-8192128f,decap,0,64,0.0,1,1,0,QPC,windows,0,1161.5105,0.86,KEM,True,2025-11-23T02:52:46.151667,,881
Classic-McEliece-8192128f,decap,0,64,0.0,1,1,0,QPC,windows,0,1160.5042,0.86,KEM,True,2025-11-23T02:52:47.312446,,882
Classic-McEliece-8192128f,decap,0,64,0.0,1,1,0,QPC,windows,0,1163.9229,0.86,KEM,True,2025-11-23T02:52:48.476645,,883
Classic-McEliece-8192128f,decap,0,64,0.0,1,1,0,QPC,windows,0,1161.1511,0.86,KEM,True,2025-11-23T02:52:49.638074,,884
Classic-McEliece-8192128f,decap,0,64,0.0,1,1,0,QPC,windows,0,1180.8907,0.85,KEM,True,2025-11-23T02:52:50.819230,,885
Classic-McEliece-8192128f,decap,1024,1,0.0,1,1,0,QPC,windows,0,1162.2461,0.86,KEM,True,2025-11-23T02:52:51.981747,,886
Classic-McEliece-8192128f,decap,1024,1,0.0,1,1,0,QPC,windows,0,1165.5386,0.86,KEM,True,2025-11-23T02:52:53.147557,,887
Classic-McEliece-8192128f,decap,1024,1,0.0,1,1,0,QPC,windows,0,1164.0565,0.86,KEM,True,2025-11-23T02:52:54.311928,,888
Classic-McEliece-8192128f,decap,1024,1,0.0,1,1,0,QPC,windows,0,1162.0169,0.86,KEM,True,2025-11-23T02:52:55.474382,,889
Classic-McEliece-8192128f,decap,1024,1,0.0,1,1,0,QPC,windows,0,1163.0886,0.86,KEM,True,2025-11-23T02:52:56.637739,,890
Classic-McEliece-8192128f,decap,1024,16,0.0,1,1,0,QPC,windows,0,1163.6213,0.86,KEM,True,2025-11-23T02:52:57.801846,,891
Classic-McEliece-8192128f,decap,1024,16,0.0,1,1,0,QPC,windows,0,1164.5542,0.86,KEM,True,2025-11-23T02:52:58.966668,,892
Classic-McEliece-8192128f,decap,1024,16,0.0,1,1,0,QPC,windows,0,1167.7658,0.86,KEM,True,2025-11-23T02:53:00.134739,,893
Classic-McEliece-8192128f,decap,1024,16,0.0,1,1,0,QPC,windows,0,1171.6457,0.85,KEM,True,2025-11-23T02:53:01.306838,,894
Classic-McEliece-8192128f,decap,1024,16,0.0,1,1,0,QPC,windows,0,1166.6932,0.86,KEM,True,2025-11-23T02:53:02.473817,,895
Classic-McEliece-8192128f,decap,1024,64,0.0,1,1,0,QPC,windows,0,1167.6951,0.86,KEM,True,2025-11-23T02:53:03.641790,,896
Classic-McEliece-8192128f,decap,1024,64,0.0,1,1,0,QPC,windows,0,1185.993,0.84,KEM,True,2025-11-23T02:53:04.828057,,897
Classic-McEliece-8192128f,decap,1024,64,0.0,1,1,0,QPC,windows,0,1163.6993,0.86,KEM,True,2025-11-23T02:53:05.992034,,898
Classic-McEliece-8192128f,decap,1024,64,0.0,1,1,0,QPC,windows,0,1177.6926,0.85,KEM,True,2025-11-23T02:53:07.169983,,899
Classic-McEliece-8192128f,decap,1024,64,0.0,1,1,0,QPC,windows,0,1165.5219,0.86,KEM,True,2025-11-23T02:53:08.335773,,900
FrodoKEM-1344-AES,keygen,0,1,0.0,1,1,0,QPC,windows,0,4.3915,227.71,KEM,True,2025-11-23T02:53:08.340335,,901
FrodoKEM-1344-AES,keygen,0,1,0.0,1,1,0,QPC,windows,0,4.3727,228.69,KEM,True,2025-11-23T02:53:08.344789,,902
FrodoKEM-1344-AES,keygen,0,1,0.0,1,1,0,QPC,windows,0,4.2641,234.52,KEM,True,2025-11-23T02:53:08.349133,,903
FrodoKEM-1344-AES,keygen,0,1,0.0,1,1,0,QPC,windows,0,4.3299,230.95,KEM,True,2025-11-23T02:53:08.353535,,904
FrodoKEM-1344-AES,keygen,0,1,0.0,1,1,0,QPC,windows,0,4.3116,231.93,KEM,True,2025-11-23T02:53:08.357922,,905
FrodoKEM-1344-AES,keygen,0,16,0.0,1,1,0,QPC,windows,0,4.3223,231.36,KEM,True,2025-11-23T02:53:08.362318,,906
FrodoKEM-1344-AES,keygen,0,16,0.0,1,1,0,QPC,windows,0,4.2916,233.01,KEM,True,2025-11-23T02:53:08.366696,,907
FrodoKEM-1344-AES,keygen,0,16,0.0,1,1,0,QPC,windows,0,4.3168,231.65,KEM,True,2025-11-23T02:53:08.371088,,908
FrodoKEM-1344-AES,keygen,0,16,0.0,1,1,0,QPC,windows,0,4.3246,231.24,KEM,True,2025-11-23T02:53:08.375490,,909
FrodoKEM-1344-AES,keygen,0,16,0.0,1,1,0,QPC,windows,0,4.2754,233.9,KEM,True,2025-11-23T02:53:08.379837,,910
FrodoKEM-1344-AES,keygen,0,64,0.0,1,1,0,QPC,windows,0,4.3117,231.93,KEM,True,2025-11-23T02:53:08.384218,,911
FrodoKEM-1344-AES,keygen,0,64,0.0,1,1,0,QPC,windows,0,4.3124,231.89,KEM,True,2025-11-23T02:53:08.388606,,912
FrodoKEM-1344-AES,keygen,0,64,0.0,1,1,0,QPC,windows,0,4.3222,231.36,KEM,True,2025-11-23T02:53:08.393053,,913
FrodoKEM-1344-AES,keygen,0,64,0.0,1,1,0,QPC,windows,0,4.2678,234.31,KEM,True,2025-11-23T02:53:08.397403,,914
FrodoKEM-1344-AES,keygen,0,64,0.0,1,1,0,QPC,windows,0,4.3149,231.76,KEM,True,2025-11-23T02:53:08.401786,,915
FrodoKEM-1344-AES,keygen,1024,1,0.0,1,1,0,QPC,windows,0,4.3232,231.31,KEM,True,2025-11-23T02:53:08.406185,,916
FrodoKEM-1344-AES,keygen,1024,1,0.0,1,1,0,QPC,windows,0,4.3612,229.29,KEM,True,2025-11-23T02:53:08.410634,,917
FrodoKEM-1344-AES,keygen,1024,1,0.0,1,1,0,QPC,windows,0,4.279,233.7,KEM,True,2025-11-23T02:53:08.414992,,918
FrodoKEM-1344-AES,keygen,1024,1,0.0,1,1,0,QPC,windows,0,4.3418,230.32,KEM,True,2025-11-23T02:53:08.419410,,919
FrodoKEM-1344-AES,keygen,1024,1,0.0,1,1,0,QPC,windows,0,4.3727,228.69,KEM,True,2025-11-23T02:53:08.423862,,920
FrodoKEM-1344-AES,keygen,1024,16,0.0,1,1,0,QPC,windows,0,4.2649,234.47,KEM,True,2025-11-23T02:53:08.428200,,921
FrodoKEM-1344-AES,keygen,1024,16,0.0,1,1,0,QPC,windows,0,4.2733,234.01,KEM,True,2025-11-23T02:53:08.432542,,922
FrodoKEM-1344-AES,keygen,1024,16,0.0,1,1,0,QPC,windows,0,4.3795,228.34,KEM,True,2025-11-23T02:53:08.436995,,923
FrodoKEM-1344-AES,keygen,1024,16,0.0,1,1,0,QPC,windows,0,4.3645,229.12,KEM,True,2025-11-23T02:53:08.441432,,924
FrodoKEM-1344-AES,keygen,1024,16,0.0,1,1,0,QPC,windows,0,4.2586,234.82,KEM,True,2025-11-23T02:53:08.445764,,925
FrodoKEM-1344-AES,keygen,1024,64,0.0,1,1,0,QPC,windows,0,4.2874,233.24,KEM,True,2025-11-23T02:53:08.450120,,926
FrodoKEM-1344-AES,keygen,1024,64,0.0,1,1,0,QPC,windows,0,4.3733,228.66,KEM,True,2025-11-23T02:53:08.454566,,927
FrodoKEM-1344-AES,keygen,1024,64,0.0,1,1,0,QPC,windows,0,4.3081,232.12,KEM,True,2025-11-23T02:53:08.458952,,928
FrodoKEM-1344-AES,keygen,1024,64,0.0,1,1,0,QPC,windows,0,4.6319,215.89,KEM,True,2025-11-23T02:53:08.463694,,929
FrodoKEM-1344-AES,keygen,1024,64,0.0,1,1,0,QPC,windows,0,4.3441,230.2,KEM,True,2025-11-23T02:53:08.468117,,930
FrodoKEM-1344-AES,encap,0,1,0.0,1,1,0,QPC,windows,0,5.8653,170.49,KEM,True,2025-11-23T02:53:08.474081,,931
FrodoKEM-1344-AES,encap,0,1,0.0,1,1,0,QPC,windows,0,5.7865,172.82,KEM,True,2025-11-23T02:53:08.479954,,932
FrodoKEM-1344-AES,encap,0,1,0.0,1,1,0,QPC,windows,0,5.7974,172.49,KEM,True,2025-11-23T02:53:08.485827,,933
FrodoKEM-1344-AES,encap,0,1,0.0,1,1,0,QPC,windows,0,5.7868,172.81,KEM,True,2025-11-23T02:53:08.491688,,934
FrodoKEM-1344-AES,encap,0,1,0.0,1,1,0,QPC,windows,0,5.8114,172.08,KEM,True,2025-11-23T02:53:08.497572,,935
FrodoKEM-1344-AES,encap,0,16,0.0,1,1,0,QPC,windows,0,5.7889,172.74,KEM,True,2025-11-23T02:53:08.503435,,936
FrodoKEM-1344-AES,encap,0,16,0.0,1,1,0,QPC,windows,0,5.7854,172.85,KEM,True,2025-11-23T02:53:08.509292,,937
FrodoKEM-1344-AES,encap,0,16,0.0,1,1,0,QPC,windows,0,5.8057,172.24,KEM,True,2025-11-23T02:53:08.515167,,938
FrodoKEM-1344-AES,encap,0,16,0.0,1,1,0,QPC,windows,0,5.815,171.97,KEM,True,2025-11-23T02:53:08.521054,,939
FrodoKEM-1344-AES,encap,0,16,0.0,1,1,0,QPC,windows,0,5.8092,172.14,KEM,True,2025-11-23T02:53:08.526935,,940
FrodoKEM-1344-AES,encap,0,64,0.0,1,1,0,QPC,windows,0,5.8542,170.82,KEM,True,2025-11-23T02:53:08.532860,,941
FrodoKEM-1344-AES,encap,0,64,0.0,1,1,0,QPC,windows,0,5.8024,172.34,KEM,True,2025-11-23T02:53:08.538738,,942
FrodoKEM-1344-AES,encap,0,64,0.0,1,1,0,QPC,windows,0,5.8043,172.29,KEM,True,2025-11-23T02:53:08.544614,,943
FrodoKEM-1344-AES,encap,0,64,0.0,1,1,0,QPC,windows,0,5.8055,172.25,KEM,True,2025-11-23T02:53:08.550492,,944
FrodoKEM-1344-AES,encap,0,64,0.0,1,1,0,QPC,windows,0,5.7973,172.49,KEM,True,2025-11-23T02:53:08.556361,,945
FrodoKEM-1344-AES,encap,1024,1,0.0,1,1,0,QPC,windows,0,5.8025,172.34,KEM,True,2025-11-23T02:53:08.562240,,946
FrodoKEM-1344-AES,encap,1024,1,0.0,1,1,0,QPC,windows,0,5.7744,173.18,KEM,True,2025-11-23T02:53:08.568092,,947
FrodoKEM-1344-AES,encap,1024,1,0.0,1,1,0,QPC,windows,0,5.9339,168.52,KEM,True,2025-11-23T02:53:08.574299,,948
FrodoKEM-1344-AES,encap,1024,1,0.0,1,1,0,QPC,windows,0,5.7977,172.48,KEM,True,2025-11-23T02:53:08.580179,,949
FrodoKEM-1344-AES,encap,1024,1,0.0,1,1,0,QPC,windows,0,6.0931,164.12,KEM,True,2025-11-23T02:53:08.586349,,950
FrodoKEM-1344-AES,encap,1024,16,0.0,1,1,0,QPC,windows,0,5.7583,173.66,KEM,True,2025-11-23T02:53:08.592188,,951
FrodoKEM-1344-AES,encap,1024,16,0.0,1,1,0,QPC,windows,0,5.8616,170.6,KEM,True,2025-11-23T02:53:08.598144,,952
FrodoKEM-1344-AES,encap,1024,16,0.0,1,1,0,QPC,windows,0,5.8359,171.35,KEM,True,2025-11-23T02:53:08.604059,,953
FrodoKEM-1344-AES,encap,1024,16,0.0,1,1,0,QPC,windows,0,5.7895,172.73,KEM,True,2025-11-23T02:53:08.609927,,954
FrodoKEM-1344-AES,encap,1024,16,0.0,1,1,0,QPC,windows,0,5.7812,172.97,KEM,True,2025-11-23T02:53:08.615779,,955
FrodoKEM-1344-AES,encap,1024,64,0.0,1,1,0,QPC,windows,0,5.8066,172.22,KEM,True,2025-11-23T02:53:08.621662,,956
FrodoKEM-1344-AES,encap,1024,64,0.0,1,1,0,QPC,windows,0,5.7901,172.71,KEM,True,2025-11-23T02:53:08.627528,,957
FrodoKEM-1344-AES,encap,1024,64,0.0,1,1,0,QPC,windows,0,5.786,172.83,KEM,True,2025-11-23T02:53:08.633388,,958
FrodoKEM-1344-AES,encap,1024,64,0.0,1,1,0,QPC,windows,0,5.7944,172.58,KEM,True,2025-11-23T02:53:08.639257,,959
FrodoKEM-1344-AES,encap,1024,64,0.0,1,1,0,QPC,windows,0,5.7889,172.74,KEM,True,2025-11-23T02:53:08.645121,,960
FrodoKEM-1344-AES,decap,0,1,0.0,1,1,0,QPC,windows,0,7.2845,137.28,KEM,True,2025-11-23T02:53:08.652505,,961
FrodoKEM-1344-AES,decap,0,1,0.0,1,1,0,QPC,windows,0,7.2495,137.94,KEM,True,2025-11-23T02:53:08.659826,,962
FrodoKEM-1344-AES,decap,0,1,0.0,1,1,0,QPC,windows,0,7.3956,135.22,KEM,True,2025-11-23T02:53:08.667305,,963
FrodoKEM-1344-AES,decap,0,1,0.0,1,1,0,QPC,windows,0,7.2989,137.01,KEM,True,2025-11-23T02:53:08.674687,,964
FrodoKEM-1344-AES,decap,0,1,0.0,1,1,0,QPC,windows,0,7.2895,137.18,KEM,True,2025-11-23T02:53:08.682054,,965
FrodoKEM-1344-AES,decap,0,16,0.0,1,1,0,QPC,windows,0,7.2449,138.03,KEM,True,2025-11-23T02:53:08.689378,,966
FrodoKEM-1344-AES,decap,0,16,0.0,1,1,0,QPC,windows,0,7.2996,136.99,KEM,True,2025-11-23T02:53:08.696761,,967
FrodoKEM-1344-AES,decap,0,16,0.0,1,1,0,QPC,windows,0,7.2669,137.61,KEM,True,2025-11-23T02:53:08.704107,,968
FrodoKEM-1344-AES,decap,0,16,0.0,1,1,0,QPC,windows,0,7.2581,137.78,KEM,True,2025-11-23T02:53:08.711442,,969
FrodoKEM-1344-AES,decap,0,16,0.0,1,1,0,QPC,windows,0,7.3308,136.41,KEM,True,2025-11-23T02:53:08.718861,,970
FrodoKEM-1344-AES,decap,0,64,0.0,1,1,0,QPC,windows,0,7.2701,137.55,KEM,True,2025-11-23T02:53:08.726215,,971
FrodoKEM-1344-AES,decap,0,64,0.0,1,1,0,QPC,windows,0,7.2997,136.99,KEM,True,2025-11-23T02:53:08.733596,,972
FrodoKEM-1344-AES,decap,0,64,0.0,1,1,0,QPC,windows,0,7.2556,137.82,KEM,True,2025-11-23T02:53:08.740927,,973
FrodoKEM-1344-AES,decap,0,64,0.0,1,1,0,QPC,windows,0,7.2676,137.6,KEM,True,2025-11-23T02:53:08.748268,,974
FrodoKEM-1344-AES,decap,0,64,0.0,1,1,0,QPC,windows,0,7.25,137.93,KEM,True,2025-11-23T02:53:08.755593,,975
FrodoKEM-1344-AES,decap,1024,1,0.0,1,1,0,QPC,windows,0,7.2916,137.14,KEM,True,2025-11-23T02:53:08.762960,,976
FrodoKEM-1344-AES,decap,1024,1,0.0,1,1,0,QPC,windows,0,7.2609,137.72,KEM,True,2025-11-23T02:53:08.770303,,977
FrodoKEM-1344-AES,decap,1024,1,0.0,1,1,0,QPC,windows,0,7.2581,137.78,KEM,True,2025-11-23T02:53:08.777639,,978
FrodoKEM-1344-AES,decap,1024,1,0.0,1,1,0,QPC,windows,0,7.248,137.97,KEM,True,2025-11-23T02:53:08.784962,,979
FrodoKEM-1344-AES,decap,1024,1,0.0,1,1,0,QPC,windows,0,7.2587,137.77,KEM,True,2025-11-23T02:53:08.792296,,980
FrodoKEM-1344-AES,decap,1024,16,0.0,1,1,0,QPC,windows,0,7.2682,137.59,KEM,True,2025-11-23T02:53:08.799650,,981
FrodoKEM-1344-AES,decap,1024,16,0.0,1,1,0,QPC,windows,0,7.2784,137.39,KEM,True,2025-11-23T02:53:08.807003,,982
FrodoKEM-1344-AES,decap,1024,16,0.0,1,1,0,QPC,windows,0,7.2455,138.02,KEM,True,2025-11-23T02:53:08.814324,,983
FrodoKEM-1344-AES,decap,1024,16,0.0,1,1,0,QPC,windows,0,7.259,137.76,KEM,True,2025-11-23T02:53:08.821658,,984
FrodoKEM-1344-AES,decap,1024,16,0.0,1,1,0,QPC,windows,0,7.255,137.84,KEM,True,2025-11-23T02:53:08.828989,,985
FrodoKEM-1344-AES,decap,1024,64,0.0,1,1,0,QPC,windows,0,7.2767,137.42,KEM,True,2025-11-23T02:53:08.836347,,986
FrodoKEM-1344-AES,decap,1024,64,0.0,1,1,0,QPC,windows,0,7.2794,137.37,KEM,True,2025-11-23T02:53:08.843705,,987
FrodoKEM-1344-AES,decap,1024,64,0.0,1,1,0,QPC,windows,0,7.2686,137.58,KEM,True,2025-11-23T02:53:08.851090,,988
FrodoKEM-1344-AES,decap,1024,64,0.0,1,1,0,QPC,windows,0,7.2398,138.13,KEM,True,2025-11-23T02:53:08.858406,,989
FrodoKEM-1344-AES,decap,1024,64,0.0,1,1,0,QPC,windows,0,7.2529,137.88,KEM,True,2025-11-23T02:53:08.865733,,990
FrodoKEM-1344-SHAKE,keygen,0,1,0.0,1,1,0,QPC,windows,0,10.0734,99.27,KEM,True,2025-11-23T02:53:08.875915,,991
FrodoKEM-1344-SHAKE,keygen,0,1,0.0,1,1,0,QPC,windows,0,10.0983,99.03,KEM,True,2025-11-23T02:53:08.886092,,992
FrodoKEM-1344-SHAKE,keygen,0,1,0.0,1,1,0,QPC,windows,0,10.0682,99.32,KEM,True,2025-11-23T02:53:08.896244,,993
FrodoKEM-1344-SHAKE,keygen,0,1,0.0,1,1,0,QPC,windows,0,10.0463,99.54,KEM,True,2025-11-23T02:53:08.906371,,994
FrodoKEM-1344-SHAKE,keygen,0,1,0.0,1,1,0,QPC,windows,0,10.1006,99.0,KEM,True,2025-11-23T02:53:08.916549,,995
FrodoKEM-1344-SHAKE,keygen,0,16,0.0,1,1,0,QPC,windows,0,10.0695,99.31,KEM,True,2025-11-23T02:53:08.926703,,996
FrodoKEM-1344-SHAKE,keygen,0,16,0.0,1,1,0,QPC,windows,0,10.0493,99.51,KEM,True,2025-11-23T02:53:08.936834,,997
FrodoKEM-1344-SHAKE,keygen,0,16,0.0,1,1,0,QPC,windows,0,10.0602,99.4,KEM,True,2025-11-23T02:53:08.946971,,998
FrodoKEM-1344-SHAKE,keygen,0,16,0.0,1,1,0,QPC,windows,0,10.4118,96.04,KEM,True,2025-11-23T02:53:08.957465,,999
FrodoKEM-1344-SHAKE,keygen,0,16,0.0,1,1,0,QPC,windows,0,10.2605,97.46,KEM,True,2025-11-23T02:53:08.967811,,1000
FrodoKEM-1344-SHAKE,keygen,0,64,0.0,1,1,0,QPC,windows,0,10.2824,97.25,KEM,True,2025-11-23T02:53:08.978476,,1001
FrodoKEM-1344-SHAKE,keygen,0,64,0.0,1,1,0,QPC,windows,0,10.168,98.35,KEM,True,2025-11-23T02:53:08.988727,,1002
FrodoKEM-1344-SHAKE,keygen,0,64,0.0,1,1,0,QPC,windows,0,10.0677,99.33,KEM,True,2025-11-23T02:53:08.998880,,1003
FrodoKEM-1344-SHAKE,keygen,0,64,0.0,1,1,0,QPC,windows,0,10.1064,98.95,KEM,True,2025-11-23T02:53:09.009075,,1004
FrodoKEM-1344-SHAKE,keygen,0,64,0.0,1,1,0,QPC,windows,0,10.0724,99.28,KEM,True,2025-11-23T02:53:09.019228,,1005
FrodoKEM-1344-SHAKE,keygen,1024,1,0.0,1,1,0,QPC,windows,0,10.0537,99.47,KEM,True,2025-11-23T02:53:09.029371,,1006
FrodoKEM-1344-SHAKE,keygen,1024,1,0.0,1,1,0,QPC,windows,0,10.0846,99.16,KEM,True,2025-11-23T02:53:09.039539,,1007
FrodoKEM-1344-SHAKE,keygen,1024,1,0.0,1,1,0,QPC,windows,0,10.0645,99.36,KEM,True,2025-11-23T02:53:09.049682,,1008
FrodoKEM-1344-SHAKE,keygen,1024,1,0.0,1,1,0,QPC,windows,0,10.0518,99.48,KEM,True,2025-11-23T02:53:09.059816,,1009
FrodoKEM-1344-SHAKE,keygen,1024,1,0.0,1,1,0,QPC,windows,0,10.0726,99.28,KEM,True,2025-11-23T02:53:09.069971,,1010
FrodoKEM-1344-SHAKE,keygen,1024,16,0.0,1,1,0,QPC,windows,0,10.0579,99.42,KEM,True,2025-11-23T02:53:09.080109,,1011
FrodoKEM-1344-SHAKE,keygen,1024,16,0.0,1,1,0,QPC,windows,0,10.061,99.39,KEM,True,2025-11-23T02:53:09.090260,,1012
FrodoKEM-1344-SHAKE,keygen,1024,16,0.0,1,1,0,QPC,windows,0,10.0889,99.12,KEM,True,2025-11-23T02:53:09.100435,,1013
FrodoKEM-1344-SHAKE,keygen,1024,16,0.0,1,1,0,QPC,windows,0,10.0729,99.28,KEM,True,2025-11-23T02:53:09.110587,,1014
FrodoKEM-1344-SHAKE,keygen,1024,16,0.0,1,1,0,QPC,windows,0,10.1083,98.93,KEM,True,2025-11-23T02:53:09.120779,,1015
FrodoKEM-1344-SHAKE,keygen,1024,64,0.0,1,1,0,QPC,windows,0,10.3968,96.18,KEM,True,2025-11-23T02:53:09.131264,,1016
FrodoKEM-1344-SHAKE,keygen,1024,64,0.0,1,1,0,QPC,windows,0,10.0629,99.37,KEM,True,2025-11-23T02:53:09.141409,,1017
FrodoKEM-1344-SHAKE,keygen,1024,64,0.0,1,1,0,QPC,windows,0,10.0536,99.47,KEM,True,2025-11-23T02:53:09.151549,,1018
FrodoKEM-1344-SHAKE,keygen,1024,64,0.0,1,1,0,QPC,windows,0,10.058,99.42,KEM,True,2025-11-23T02:53:09.161691,,1019
FrodoKEM-1344-SHAKE,keygen,1024,64,0.0,1,1,0,QPC,windows,0,10.066,99.34,KEM,True,2025-11-23T02:53:09.171836,,1020
FrodoKEM-1344-SHAKE,encap,0,1,0.0,1,1,0,QPC,windows,0,17.2912,57.83,KEM,True,2025-11-23T02:53:09.189238,,1021
FrodoKEM-1344-SHAKE,encap,0,1,0.0,1,1,0,QPC,windows,0,17.2142,58.09,KEM,True,2025-11-23T02:53:09.206540,,1022
FrodoKEM-1344-SHAKE,encap,0,1,0.0,1,1,0,QPC,windows,0,17.251,57.97,KEM,True,2025-11-23T02:53:09.223875,,1023
FrodoKEM-1344-SHAKE,encap,0,1,0.0,1,1,0,QPC,windows,0,17.2402,58.0,KEM,True,2025-11-23T02:53:09.241199,,1024
FrodoKEM-1344-SHAKE,encap,0,1,0.0,1,1,0,QPC,windows,0,17.189,58.18,KEM,True,2025-11-23T02:53:09.258474,,1025
FrodoKEM-1344-SHAKE,encap,0,16,0.0,1,1,0,QPC,windows,0,17.2287,58.04,KEM,True,2025-11-23T02:53:09.275786,,1026
FrodoKEM-1344-SHAKE,encap,0,16,0.0,1,1,0,QPC,windows,0,17.27,57.9,KEM,True,2025-11-23T02:53:09.293142,,1027
FrodoKEM-1344-SHAKE,encap,0,16,0.0,1,1,0,QPC,windows,0,17.1968,58.15,KEM,True,2025-11-23T02:53:09.310425,,1028
FrodoKEM-1344-SHAKE,encap,0,16,0.0,1,1,0,QPC,windows,0,17.2615,57.93,KEM,True,2025-11-23T02:53:09.327778,,1029
FrodoKEM-1344-SHAKE,encap,0,16,0.0,1,1,0,QPC,windows,0,17.1963,58.15,KEM,True,2025-11-23T02:53:09.345058,,1030
FrodoKEM-1344-SHAKE,encap,0,64,0.0,1,1,0,QPC,windows,0,17.2055,58.12,KEM,True,2025-11-23T02:53:09.362347,,1031
FrodoKEM-1344-SHAKE,encap,0,64,0.0,1,1,0,QPC,windows,0,17.1983,58.15,KEM,True,2025-11-23T02:53:09.379631,,1032
FrodoKEM-1344-SHAKE,encap,0,64,0.0,1,1,0,QPC,windows,0,17.6936,56.52,KEM,True,2025-11-23T02:53:09.397408,,1033
FrodoKEM-1344-SHAKE,encap,0,64,0.0,1,1,0,QPC,windows,0,17.5151,57.09,KEM,True,2025-11-23T02:53:09.415011,,1034
FrodoKEM-1344-SHAKE,encap,0,64,0.0,1,1,0,QPC,windows,0,17.5201,57.08,KEM,True,2025-11-23T02:53:09.432619,,1035
FrodoKEM-1344-SHAKE,encap,1024,1,0.0,1,1,0,QPC,windows,0,17.5449,57.0,KEM,True,2025-11-23T02:53:09.450252,,1036
FrodoKEM-1344-SHAKE,encap,1024,1,0.0,1,1,0,QPC,windows,0,17.5404,57.01,KEM,True,2025-11-23T02:53:09.467880,,1037
FrodoKEM-1344-SHAKE,encap,1024,1,0.0,1,1,0,QPC,windows,0,17.4743,57.23,KEM,True,2025-11-23T02:53:09.485440,,1038
FrodoKEM-1344-SHAKE,encap,1024,1,0.0,1,1,0,QPC,windows,0,17.7787,56.25,KEM,True,2025-11-23T02:53:09.503307,,1039
FrodoKEM-1344-SHAKE,encap,1024,1,0.0,1,1,0,QPC,windows,0,17.2279,58.05,KEM,True,2025-11-23T02:53:09.520624,,1040
FrodoKEM-1344-SHAKE,encap,1024,16,0.0,1,1,0,QPC,windows,0,17.2796,57.87,KEM,True,2025-11-23T02:53:09.537989,,1041
FrodoKEM-1344-SHAKE,encap,1024,16,0.0,1,1,0,QPC,windows,0,17.2361,58.02,KEM,True,2025-11-23T02:53:09.555309,,1042
FrodoKEM-1344-SHAKE,encap,1024,16,0.0,1,1,0,QPC,windows,0,17.1961,58.15,KEM,True,2025-11-23T02:53:09.572591,,1043
FrodoKEM-1344-SHAKE,encap,1024,16,0.0,1,1,0,QPC,windows,0,17.1947,58.16,KEM,True,2025-11-23T02:53:09.589871,,1044
FrodoKEM-1344-SHAKE,encap,1024,16,0.0,1,1,0,QPC,windows,0,17.1947,58.16,KEM,True,2025-11-23T02:53:09.607150,,1045
FrodoKEM-1344-SHAKE,encap,1024,64,0.0,1,1,0,QPC,windows,0,17.1928,58.16,KEM,True,2025-11-23T02:53:09.624428,,1046
FrodoKEM-1344-SHAKE,encap,1024,64,0.0,1,1,0,QPC,windows,0,17.2411,58.0,KEM,True,2025-11-23T02:53:09.641756,,1047
FrodoKEM-1344-SHAKE,encap,1024,64,0.0,1,1,0,QPC,windows,0,17.2681,57.91,KEM,True,2025-11-23T02:53:09.659139,,1048
FrodoKEM-1344-SHAKE,encap,1024,64,0.0,1,1,0,QPC,windows,0,17.2557,57.95,KEM,True,2025-11-23T02:53:09.676477,,1049
FrodoKEM-1344-SHAKE,encap,1024,64,0.0,1,1,0,QPC,windows,0,17.1554,58.29,KEM,True,2025-11-23T02:53:09.693713,,1050
FrodoKEM-1344-SHAKE,decap,0,1,0.0,1,1,0,QPC,windows,0,24.345,41.08,KEM,True,2025-11-23T02:53:09.718169,,1051
FrodoKEM-1344-SHAKE,decap,0,1,0.0,1,1,0,QPC,windows,0,24.3205,41.12,KEM,True,2025-11-23T02:53:09.742610,,1052
FrodoKEM-1344-SHAKE,decap,0,1,0.0,1,1,0,QPC,windows,0,24.3825,41.01,KEM,True,2025-11-23T02:53:09.767080,,1053
FrodoKEM-1344-SHAKE,decap,0,1,0.0,1,1,0,QPC,windows,0,24.3368,41.09,KEM,True,2025-11-23T02:53:09.791501,,1054
FrodoKEM-1344-SHAKE,decap,0,1,0.0,1,1,0,QPC,windows,0,24.7294,40.44,KEM,True,2025-11-23T02:53:09.816319,,1055
FrodoKEM-1344-SHAKE,decap,0,16,0.0,1,1,0,QPC,windows,0,24.4708,40.87,KEM,True,2025-11-23T02:53:09.840880,,1056
FrodoKEM-1344-SHAKE,decap,0,16,0.0,1,1,0,QPC,windows,0,24.3017,41.15,KEM,True,2025-11-23T02:53:09.865268,,1057
FrodoKEM-1344-SHAKE,decap,0,16,0.0,1,1,0,QPC,windows,0,24.2742,41.2,KEM,True,2025-11-23T02:53:09.889629,,1058
FrodoKEM-1344-SHAKE,decap,0,16,0.0,1,1,0,QPC,windows,0,24.3476,41.07,KEM,True,2025-11-23T02:53:09.914062,,1059
FrodoKEM-1344-SHAKE,decap,0,16,0.0,1,1,0,QPC,windows,0,24.36,41.05,KEM,True,2025-11-23T02:53:09.938507,,1060
FrodoKEM-1344-SHAKE,decap,0,64,0.0,1,1,0,QPC,windows,0,24.4898,40.83,KEM,True,2025-11-23T02:53:09.963139,,1061
FrodoKEM-1344-SHAKE,decap,0,64,0.0,1,1,0,QPC,windows,0,24.4385,40.92,KEM,True,2025-11-23T02:53:09.987693,,1062
FrodoKEM-1344-SHAKE,decap,0,64,0.0,1,1,0,QPC,windows,0,24.426,40.94,KEM,True,2025-11-23T02:53:10.012208,,1063
FrodoKEM-1344-SHAKE,decap,0,64,0.0,1,1,0,QPC,windows,0,24.3193,41.12,KEM,True,2025-11-23T02:53:10.036616,,1064
FrodoKEM-1344-SHAKE,decap,0,64,0.0,1,1,0,QPC,windows,0,24.3843,41.01,KEM,True,2025-11-23T02:53:10.061088,,1065
FrodoKEM-1344-SHAKE,decap,1024,1,0.0,1,1,0,QPC,windows,0,24.4224,40.95,KEM,True,2025-11-23T02:53:10.085599,,1066
FrodoKEM-1344-SHAKE,decap,1024,1,0.0,1,1,0,QPC,windows,0,24.6766,40.52,KEM,True,2025-11-23T02:53:10.110378,,1067
FrodoKEM-1344-SHAKE,decap,1024,1,0.0,1,1,0,QPC,windows,0,24.3072,41.14,KEM,True,2025-11-23T02:53:10.134772,,1068
FrodoKEM-1344-SHAKE,decap,1024,1,0.0,1,1,0,QPC,windows,0,24.315,41.13,KEM,True,2025-11-23T02:53:10.159173,,1069
FrodoKEM-1344-SHAKE,decap,1024,1,0.0,1,1,0,QPC,windows,0,24.4478,40.9,KEM,True,2025-11-23T02:53:10.183705,,1070
FrodoKEM-1344-SHAKE,decap,1024,16,0.0,1,1,0,QPC,windows,0,24.3994,40.98,KEM,True,2025-11-23T02:53:10.208191,,1071
FrodoKEM-1344-SHAKE,decap,1024,16,0.0,1,1,0,QPC,windows,0,24.3188,41.12,KEM,True,2025-11-23T02:53:10.232592,,1072
FrodoKEM-1344-SHAKE,decap,1024,16,0.0,1,1,0,QPC,windows,0,24.2736,41.2,KEM,True,2025-11-23T02:53:10.256950,,1073
FrodoKEM-1344-SHAKE,decap,1024,16,0.0,1,1,0,QPC,windows,0,24.4019,40.98,KEM,True,2025-11-23T02:53:10.281439,,1074
FrodoKEM-1344-SHAKE,decap,1024,16,0.0,1,1,0,QPC,windows,0,24.3323,41.1,KEM,True,2025-11-23T02:53:10.305880,,1075
FrodoKEM-1344-SHAKE,decap,1024,64,0.0,1,1,0,QPC,windows,0,24.3209,41.12,KEM,True,2025-11-23T02:53:10.330288,,1076
FrodoKEM-1344-SHAKE,decap,1024,64,0.0,1,1,0,QPC,windows,0,24.3487,41.07,KEM,True,2025-11-23T02:53:10.354721,,1077
FrodoKEM-1344-SHAKE,decap,1024,64,0.0,1,1,0,QPC,windows,0,24.3639,41.04,KEM,True,2025-11-23T02:53:10.379171,,1078
FrodoKEM-1344-SHAKE,decap,1024,64,0.0,1,1,0,QPC,windows,0,24.3444,41.08,KEM,True,2025-11-23T02:53:10.403600,,1079
FrodoKEM-1344-SHAKE,decap,1024,64,0.0,1,1,0,QPC,windows,0,24.3928,41.0,KEM,True,2025-11-23T02:53:10.428077,,1080
FrodoKEM-640-AES,keygen,0,1,0.0,1,1,0,QPC,windows,0,1.0406,960.98,KEM,True,2025-11-23T02:53:10.429228,,1081
FrodoKEM-640-AES,keygen,0,1,0.0,1,1,0,QPC,windows,0,0.9835,1016.78,KEM,True,2025-11-23T02:53:10.430285,,1082
FrodoKEM-640-AES,keygen,0,1,0.0,1,1,0,QPC,windows,0,0.9712,1029.65,KEM,True,2025-11-23T02:53:10.431323,,1083
FrodoKEM-640-AES,keygen,0,1,0.0,1,1,0,QPC,windows,0,0.9659,1035.3,KEM,True,2025-11-23T02:53:10.432353,,1084
FrodoKEM-640-AES,keygen,0,1,0.0,1,1,0,QPC,windows,0,0.979,1021.45,KEM,True,2025-11-23T02:53:10.433393,,1085
FrodoKEM-640-AES,keygen,0,16,0.0,1,1,0,QPC,windows,0,0.9703,1030.61,KEM,True,2025-11-23T02:53:10.434426,,1086
FrodoKEM-640-AES,keygen,0,16,0.0,1,1,0,QPC,windows,0,1.1035,906.21,KEM,True,2025-11-23T02:53:10.435597,,1087
FrodoKEM-640-AES,keygen,0,16,0.0,1,1,0,QPC,windows,0,0.9689,1032.1,KEM,True,2025-11-23T02:53:10.436663,,1088
FrodoKEM-640-AES,keygen,0,16,0.0,1,1,0,QPC,windows,0,1.0216,978.86,KEM,True,2025-11-23T02:53:10.437750,,1089
FrodoKEM-640-AES,keygen,0,16,0.0,1,1,0,QPC,windows,0,0.9726,1028.17,KEM,True,2025-11-23T02:53:10.438795,,1090
FrodoKEM-640-AES,keygen,0,64,0.0,1,1,0,QPC,windows,0,0.9657,1035.52,KEM,True,2025-11-23T02:53:10.439828,,1091
FrodoKEM-640-AES,keygen,0,64,0.0,1,1,0,QPC,windows,0,1.0827,923.62,KEM,True,2025-11-23T02:53:10.440974,,1092
FrodoKEM-640-AES,keygen,0,64,0.0,1,1,0,QPC,windows,0,0.9717,1029.12,KEM,True,2025-11-23T02:53:10.442020,,1093
FrodoKEM-640-AES,keygen,0,64,0.0,1,1,0,QPC,windows,0,0.9756,1025.01,KEM,True,2025-11-23T02:53:10.443061,,1094
FrodoKEM-640-AES,keygen,0,64,0.0,1,1,0,QPC,windows,0,0.9713,1029.55,KEM,True,2025-11-23T02:53:10.444094,,1095
FrodoKEM-640-AES,keygen,1024,1,0.0,1,1,0,QPC,windows,0,0.9711,1029.76,KEM,True,2025-11-23T02:53:10.445127,,1096
FrodoKEM-640-AES,keygen,1024,1,0.0,1,1,0,QPC,windows,0,0.965,1036.27,KEM,True,2025-11-23T02:53:10.446153,,1097
FrodoKEM-640-AES,keygen,1024,1,0.0,1,1,0,QPC,windows,0,1.3241,755.23,KEM,True,2025-11-23T02:53:10.447554,,1098
FrodoKEM-640-AES,keygen,1024,1,0.0,1,1,0,QPC,windows,0,0.97,1030.93,KEM,True,2025-11-23T02:53:10.448601,,1099
FrodoKEM-640-AES,keygen,1024,1,0.0,1,1,0,QPC,windows,0,0.9664,1034.77,KEM,True,2025-11-23T02:53:10.449634,,1100
FrodoKEM-640-AES,keygen,1024,16,0.0,1,1,0,QPC,windows,0,0.9662,1034.98,KEM,True,2025-11-23T02:53:10.450663,,1101
FrodoKEM-640-AES,keygen,1024,16,0.0,1,1,0,QPC,windows,0,0.9765,1024.07,KEM,True,2025-11-23T02:53:10.451700,,1102
FrodoKEM-640-AES,keygen,1024,16,0.0,1,1,0,QPC,windows,0,1.0148,985.42,KEM,True,2025-11-23T02:53:10.452781,,1103
FrodoKEM-640-AES,keygen,1024,16,0.0,1,1,0,QPC,windows,0,1.2493,800.45,KEM,True,2025-11-23T02:53:10.454119,,1104
FrodoKEM-640-AES,keygen,1024,16,0.0,1,1,0,QPC,windows,0,0.9772,1023.33,KEM,True,2025-11-23T02:53:10.455171,,1105
FrodoKEM-640-AES,keygen,1024,64,0.0,1,1,0,QPC,windows,0,0.9749,1025.75,KEM,True,2025-11-23T02:53:10.456210,,1106
FrodoKEM-640-AES,keygen,1024,64,0.0,1,1,0,QPC,windows,0,0.9726,1028.17,KEM,True,2025-11-23T02:53:10.457250,,1107
FrodoKEM-640-AES,keygen,1024,64,0.0,1,1,0,QPC,windows,0,0.9718,1029.02,KEM,True,2025-11-23T02:53:10.458284,,1108
FrodoKEM-640-AES,keygen,1024,64,0.0,1,1,0,QPC,windows,0,1.0961,912.33,KEM,True,2025-11-23T02:53:10.459441,,1109
FrodoKEM-640-AES,keygen,1024,64,0.0,1,1,0,QPC,windows,0,0.9725,1028.28,KEM,True,2025-11-23T02:53:10.460492,,1110
FrodoKEM-640-AES,encap,0,1,0.0,1,1,0,QPC,windows,0,1.4468,691.18,KEM,True,2025-11-23T02:53:10.462023,,1111
FrodoKEM-640-AES,encap,0,1,0.0,1,1,0,QPC,windows,0,1.3961,716.28,KEM,True,2025-11-23T02:53:10.463486,,1112
FrodoKEM-640-AES,encap,0,1,0.0,1,1,0,QPC,windows,0,1.4329,697.89,KEM,True,2025-11-23T02:53:10.464984,,1113
FrodoKEM-640-AES,encap,0,1,0.0,1,1,0,QPC,windows,0,1.6025,624.02,KEM,True,2025-11-23T02:53:10.466676,,1114
FrodoKEM-640-AES,encap,0,1,0.0,1,1,0,QPC,windows,0,1.6839,593.86,KEM,True,2025-11-23T02:53:10.468437,,1115
FrodoKEM-640-AES,encap,0,16,0.0,1,1,0,QPC,windows,0,1.3875,720.72,KEM,True,2025-11-23T02:53:10.469901,,1116
FrodoKEM-640-AES,encap,0,16,0.0,1,1,0,QPC,windows,0,1.5477,646.12,KEM,True,2025-11-23T02:53:10.471514,,1117
FrodoKEM-640-AES,encap,0,16,0.0,1,1,0,QPC,windows,0,1.3891,719.89,KEM,True,2025-11-23T02:53:10.472980,,1118
FrodoKEM-640-AES,encap,0,16,0.0,1,1,0,QPC,windows,0,1.3862,721.4,KEM,True,2025-11-23T02:53:10.474431,,1119
FrodoKEM-640-AES,encap,0,16,0.0,1,1,0,QPC,windows,0,1.3868,721.08,KEM,True,2025-11-23T02:53:10.475880,,1120
FrodoKEM-640-AES,encap,0,64,0.0,1,1,0,QPC,windows,0,1.5257,655.44,KEM,True,2025-11-23T02:53:10.477470,,1121
FrodoKEM-640-AES,encap,0,64,0.0,1,1,0,QPC,windows,0,1.4086,709.92,KEM,True,2025-11-23T02:53:10.478959,,1122
FrodoKEM-640-AES,encap,0,64,0.0,1,1,0,QPC,windows,0,1.3921,718.34,KEM,True,2025-11-23T02:53:10.480419,,1123
FrodoKEM-640-AES,encap,0,64,0.0,1,1,0,QPC,windows,0,1.3849,722.07,KEM,True,2025-11-23T02:53:10.481868,,1124
FrodoKEM-640-AES,encap,0,64,0.0,1,1,0,QPC,windows,0,1.5088,662.78,KEM,True,2025-11-23T02:53:10.483441,,1125
FrodoKEM-640-AES,encap,1024,1,0.0,1,1,0,QPC,windows,0,1.4544,687.57,KEM,True,2025-11-23T02:53:10.484972,,1126
FrodoKEM-640-AES,encap,1024,1,0.0,1,1,0,QPC,windows,0,1.3948,716.95,KEM,True,2025-11-23T02:53:10.486442,,1127
FrodoKEM-640-AES,encap,1024,1,0.0,1,1,0,QPC,windows,0,1.3854,721.81,KEM,True,2025-11-23T02:53:10.487894,,1128
FrodoKEM-640-AES,encap,1024,1,0.0,1,1,0,QPC,windows,0,1.4972,667.91,KEM,True,2025-11-23T02:53:10.489456,,1129
FrodoKEM-640-AES,encap,1024,1,0.0,1,1,0,QPC,windows,0,1.4215,703.48,KEM,True,2025-11-23T02:53:10.490953,,1130
FrodoKEM-640-AES,encap,1024,16,0.0,1,1,0,QPC,windows,0,1.4062,711.14,KEM,True,2025-11-23T02:53:10.492429,,1131
FrodoKEM-640-AES,encap,1024,16,0.0,1,1,0,QPC,windows,0,1.3946,717.05,KEM,True,2025-11-23T02:53:10.493891,,1132
FrodoKEM-640-AES,encap,1024,16,0.0,1,1,0,QPC,windows,0,1.4917,670.38,KEM,True,2025-11-23T02:53:10.495447,,1133
FrodoKEM-640-AES,encap,1024,16,0.0,1,1,0,QPC,windows,0,1.4379,695.46,KEM,True,2025-11-23T02:53:10.496960,,1134
FrodoKEM-640-AES,encap,1024,16,0.0,1,1,0,QPC,windows,0,1.3967,715.97,KEM,True,2025-11-23T02:53:10.498482,,1135
FrodoKEM-640-AES,encap,1024,64,0.0,1,1,0,QPC,windows,0,1.3865,721.24,KEM,True,2025-11-23T02:53:10.499934,,1136
FrodoKEM-640-AES,encap,1024,64,0.0,1,1,0,QPC,windows,0,1.521,657.46,KEM,True,2025-11-23T02:53:10.501520,,1137
FrodoKEM-640-AES,encap,1024,64,0.0,1,1,0,QPC,windows,0,1.4224,703.04,KEM,True,2025-11-23T02:53:10.503018,,1138
FrodoKEM-640-AES,encap,1024,64,0.0,1,1,0,QPC,windows,0,1.3914,718.7,KEM,True,2025-11-23T02:53:10.504478,,1139
FrodoKEM-640-AES,encap,1024,64,0.0,1,1,0,QPC,windows,0,1.3855,721.76,KEM,True,2025-11-23T02:53:10.505925,,1140
FrodoKEM-640-AES,decap,0,1,0.0,1,1,0,QPC,windows,0,1.9735,506.71,KEM,True,2025-11-23T02:53:10.507984,,1141
FrodoKEM-640-AES,decap,0,1,0.0,1,1,0,QPC,windows,0,2.0665,483.91,KEM,True,2025-11-23T02:53:10.510139,,1142
FrodoKEM-640-AES,decap,0,1,0.0,1,1,0,QPC,windows,0,1.8247,548.04,KEM,True,2025-11-23T02:53:10.512039,,1143
FrodoKEM-640-AES,decap,0,1,0.0,1,1,0,QPC,windows,0,1.9101,523.53,KEM,True,2025-11-23T02:53:10.514014,,1144
FrodoKEM-640-AES,decap,0,1,0.0,1,1,0,QPC,windows,0,1.8353,544.87,KEM,True,2025-11-23T02:53:10.515933,,1145
FrodoKEM-640-AES,decap,0,16,0.0,1,1,0,QPC,windows,0,1.8191,549.72,KEM,True,2025-11-23T02:53:10.517837,,1146
FrodoKEM-640-AES,decap,0,16,0.0,1,1,0,QPC,windows,0,1.8976,526.98,KEM,True,2025-11-23T02:53:10.519804,,1147
FrodoKEM-640-AES,decap,0,16,0.0,1,1,0,QPC,windows,0,1.8268,547.41,KEM,True,2025-11-23T02:53:10.521707,,1148
FrodoKEM-640-AES,decap,0,16,0.0,1,1,0,QPC,windows,0,1.8181,550.02,KEM,True,2025-11-23T02:53:10.523592,,1149
FrodoKEM-640-AES,decap,0,16,0.0,1,1,0,QPC,windows,0,1.8237,548.34,KEM,True,2025-11-23T02:53:10.525481,,1150
FrodoKEM-640-AES,decap,0,64,0.0,1,1,0,QPC,windows,0,2.097,476.87,KEM,True,2025-11-23T02:53:10.527661,,1151
FrodoKEM-640-AES,decap,0,64,0.0,1,1,0,QPC,windows,0,1.9372,516.21,KEM,True,2025-11-23T02:53:10.529682,,1152
FrodoKEM-640-AES,decap,0,64,0.0,1,1,0,QPC,windows,0,2.1437,466.48,KEM,True,2025-11-23T02:53:10.531891,,1153
FrodoKEM-640-AES,decap,0,64,0.0,1,1,0,QPC,windows,0,1.8541,539.35,KEM,True,2025-11-23T02:53:10.533821,,1154
FrodoKEM-640-AES,decap,0,64,0.0,1,1,0,QPC,windows,0,2.1213,471.41,KEM,True,2025-11-23T02:53:10.536026,,1155
FrodoKEM-640-AES,decap,1024,1,0.0,1,1,0,QPC,windows,0,1.9057,524.74,KEM,True,2025-11-23T02:53:10.538008,,1156
FrodoKEM-640-AES,decap,1024,1,0.0,1,1,0,QPC,windows,0,1.8177,550.15,KEM,True,2025-11-23T02:53:10.539901,,1157
FrodoKEM-640-AES,decap,1024,1,0.0,1,1,0,QPC,windows,0,1.9424,514.83,KEM,True,2025-11-23T02:53:10.541917,,1158
FrodoKEM-640-AES,decap,1024,1,0.0,1,1,0,QPC,windows,0,1.8806,531.75,KEM,True,2025-11-23T02:53:10.543865,,1159
FrodoKEM-640-AES,decap,1024,1,0.0,1,1,0,QPC,windows,0,1.8259,547.68,KEM,True,2025-11-23T02:53:10.545793,,1160
FrodoKEM-640-AES,decap,1024,16,0.0,1,1,0,QPC,windows,0,1.901,526.04,KEM,True,2025-11-23T02:53:10.547763,,1161
FrodoKEM-640-AES,decap,1024,16,0.0,1,1,0,QPC,windows,0,1.8194,549.63,KEM,True,2025-11-23T02:53:10.549672,,1162
FrodoKEM-640-AES,decap,1024,16,0.0,1,1,0,QPC,windows,0,1.9473,513.53,KEM,True,2025-11-23T02:53:10.551706,,1163
FrodoKEM-640-AES,decap,1024,16,0.0,1,1,0,QPC,windows,0,1.9302,518.08,KEM,True,2025-11-23T02:53:10.553720,,1164
FrodoKEM-640-AES,decap,1024,16,0.0,1,1,0,QPC,windows,0,1.8316,545.97,KEM,True,2025-11-23T02:53:10.555614,,1165
FrodoKEM-640-AES,decap,1024,64,0.0,1,1,0,QPC,windows,0,1.9222,520.24,KEM,True,2025-11-23T02:53:10.557599,,1166
FrodoKEM-640-AES,decap,1024,64,0.0,1,1,0,QPC,windows,0,1.8175,550.21,KEM,True,2025-11-23T02:53:10.559486,,1167
FrodoKEM-640-AES,decap,1024,64,0.0,1,1,0,QPC,windows,0,1.824,548.25,KEM,True,2025-11-23T02:53:10.561369,,1168
FrodoKEM-640-AES,decap,1024,64,0.0,1,1,0,QPC,windows,0,1.9314,517.76,KEM,True,2025-11-23T02:53:10.563360,,1169
FrodoKEM-640-AES,decap,1024,64,0.0,1,1,0,QPC,windows,0,1.8154,550.84,KEM,True,2025-11-23T02:53:10.565247,,1170
FrodoKEM-640-SHAKE,keygen,0,1,0.0,1,1,0,QPC,windows,0,2.4567,407.05,KEM,True,2025-11-23T02:53:10.567787,,1171
FrodoKEM-640-SHAKE,keygen,0,1,0.0,1,1,0,QPC,windows,0,2.5535,391.62,KEM,True,2025-11-23T02:53:10.570413,,1172
FrodoKEM-640-SHAKE,keygen,0,1,0.0,1,1,0,QPC,windows,0,2.4775,403.63,KEM,True,2025-11-23T02:53:10.572961,,1173
FrodoKEM-640-SHAKE,keygen,0,1,0.0,1,1,0,QPC,windows,0,2.5439,393.1,KEM,True,2025-11-23T02:53:10.575568,,1174
FrodoKEM-640-SHAKE,keygen,0,1,0.0,1,1,0,QPC,windows,0,2.458,406.83,KEM,True,2025-11-23T02:53:10.578098,,1175
FrodoKEM-640-SHAKE,keygen,0,16,0.0,1,1,0,QPC,windows,0,2.5433,393.19,KEM,True,2025-11-23T02:53:10.580709,,1176
FrodoKEM-640-SHAKE,keygen,0,16,0.0,1,1,0,QPC,windows,0,2.4469,408.68,KEM,True,2025-11-23T02:53:10.583229,,1177
FrodoKEM-640-SHAKE,keygen,0,16,0.0,1,1,0,QPC,windows,0,2.4388,410.04,KEM,True,2025-11-23T02:53:10.585728,,1178
FrodoKEM-640-SHAKE,keygen,0,16,0.0,1,1,0,QPC,windows,0,2.5635,390.09,KEM,True,2025-11-23T02:53:10.588350,,1179
FrodoKEM-640-SHAKE,keygen,0,16,0.0,1,1,0,QPC,windows,0,2.4472,408.63,KEM,True,2025-11-23T02:53:10.590869,,1180
FrodoKEM-640-SHAKE,keygen,0,64,0.0,1,1,0,QPC,windows,0,2.5728,388.68,KEM,True,2025-11-23T02:53:10.593502,,1181
FrodoKEM-640-SHAKE,keygen,0,64,0.0,1,1,0,QPC,windows,0,2.4443,409.12,KEM,True,2025-11-23T02:53:10.596018,,1182
FrodoKEM-640-SHAKE,keygen,0,64,0.0,1,1,0,QPC,windows,0,2.5435,393.16,KEM,True,2025-11-23T02:53:10.598635,,1183
FrodoKEM-640-SHAKE,keygen,0,64,0.0,1,1,0,QPC,windows,0,2.4487,408.38,KEM,True,2025-11-23T02:53:10.601161,,1184
FrodoKEM-640-SHAKE,keygen,0,64,0.0,1,1,0,QPC,windows,0,2.4433,409.28,KEM,True,2025-11-23T02:53:10.603667,,1185
FrodoKEM-640-SHAKE,keygen,1024,1,0.0,1,1,0,QPC,windows,0,2.5603,390.58,KEM,True,2025-11-23T02:53:10.606295,,1186
FrodoKEM-640-SHAKE,keygen,1024,1,0.0,1,1,0,QPC,windows,0,2.4564,407.1,KEM,True,2025-11-23T02:53:10.608825,,1187
FrodoKEM-640-SHAKE,keygen,1024,1,0.0,1,1,0,QPC,windows,0,2.5369,394.18,KEM,True,2025-11-23T02:53:10.611428,,1188
FrodoKEM-640-SHAKE,keygen,1024,1,0.0,1,1,0,QPC,windows,0,2.4504,408.1,KEM,True,2025-11-23T02:53:10.613950,,1189
FrodoKEM-640-SHAKE,keygen,1024,1,0.0,1,1,0,QPC,windows,0,2.5006,399.9,KEM,True,2025-11-23T02:53:10.616517,,1190
FrodoKEM-640-SHAKE,keygen,1024,16,0.0,1,1,0,QPC,windows,0,2.8059,356.39,KEM,True,2025-11-23T02:53:10.619433,,1191
FrodoKEM-640-SHAKE,keygen,1024,16,0.0,1,1,0,QPC,windows,0,2.4476,408.56,KEM,True,2025-11-23T02:53:10.621957,,1192
FrodoKEM-640-SHAKE,keygen,1024,16,0.0,1,1,0,QPC,windows,0,2.5739,388.52,KEM,True,2025-11-23T02:53:10.624594,,1193
FrodoKEM-640-SHAKE,keygen,1024,16,0.0,1,1,0,QPC,windows,0,2.4387,410.05,KEM,True,2025-11-23T02:53:10.627107,,1194
FrodoKEM-640-SHAKE,keygen,1024,16,0.0,1,1,0,QPC,windows,0,2.5333,394.74,KEM,True,2025-11-23T02:53:10.629707,,1195
FrodoKEM-640-SHAKE,keygen,1024,64,0.0,1,1,0,QPC,windows,0,2.4574,406.93,KEM,True,2025-11-23T02:53:10.632236,,1196
FrodoKEM-640-SHAKE,keygen,1024,64,0.0,1,1,0,QPC,windows,0,2.5383,393.96,KEM,True,2025-11-23T02:53:10.634839,,1197
FrodoKEM-640-SHAKE,keygen,1024,64,0.0,1,1,0,QPC,windows,0,2.4403,409.79,KEM,True,2025-11-23T02:53:10.637354,,1198
FrodoKEM-640-SHAKE,keygen,1024,64,0.0,1,1,0,QPC,windows,0,2.4962,400.61,KEM,True,2025-11-23T02:53:10.639915,,1199
FrodoKEM-640-SHAKE,keygen,1024,64,0.0,1,1,0,QPC,windows,0,2.5986,384.82,KEM,True,2025-11-23T02:53:10.642589,,1200
FrodoKEM-640-SHAKE,encap,0,1,0.0,1,1,0,QPC,windows,0,4.3529,229.73,KEM,True,2025-11-23T02:53:10.647043,,1201
FrodoKEM-640-SHAKE,encap,0,1,0.0,1,1,0,QPC,windows,0,4.2321,236.29,KEM,True,2025-11-23T02:53:10.651351,,1202
FrodoKEM-640-SHAKE,encap,0,1,0.0,1,1,0,QPC,windows,0,4.3519,229.78,KEM,True,2025-11-23T02:53:10.655773,,1203
FrodoKEM-640-SHAKE,encap,0,1,0.0,1,1,0,QPC,windows,0,4.3273,231.09,KEM,True,2025-11-23T02:53:10.660172,,1204
FrodoKEM-640-SHAKE,encap,0,1,0.0,1,1,0,QPC,windows,0,4.2367,236.03,KEM,True,2025-11-23T02:53:10.664480,,1205
FrodoKEM-640-SHAKE,encap,0,16,0.0,1,1,0,QPC,windows,0,4.3369,230.58,KEM,True,2025-11-23T02:53:10.668884,,1206
FrodoKEM-640-SHAKE,encap,0,16,0.0,1,1,0,QPC,windows,0,4.3312,230.88,KEM,True,2025-11-23T02:53:10.673289,,1207
FrodoKEM-640-SHAKE,encap,0,16,0.0,1,1,0,QPC,windows,0,4.3337,230.75,KEM,True,2025-11-23T02:53:10.677698,,1208
FrodoKEM-640-SHAKE,encap,0,16,0.0,1,1,0,QPC,windows,0,4.2392,235.89,KEM,True,2025-11-23T02:53:10.682052,,1209
FrodoKEM-640-SHAKE,encap,0,16,0.0,1,1,0,QPC,windows,0,4.3663,229.03,KEM,True,2025-11-23T02:53:10.686484,,1210
FrodoKEM-640-SHAKE,encap,0,64,0.0,1,1,0,QPC,windows,0,4.329,231.0,KEM,True,2025-11-23T02:53:10.690889,,1211
FrodoKEM-640-SHAKE,encap,0,64,0.0,1,1,0,QPC,windows,0,4.2642,234.51,KEM,True,2025-11-23T02:53:10.695230,,1212
FrodoKEM-640-SHAKE,encap,0,64,0.0,1,1,0,QPC,windows,0,4.487,222.87,KEM,True,2025-11-23T02:53:10.699811,,1213
FrodoKEM-640-SHAKE,encap,0,64,0.0,1,1,0,QPC,windows,0,4.3969,227.43,KEM,True,2025-11-23T02:53:10.704284,,1214
FrodoKEM-640-SHAKE,encap,0,64,0.0,1,1,0,QPC,windows,0,4.3542,229.66,KEM,True,2025-11-23T02:53:10.708715,,1215
FrodoKEM-640-SHAKE,encap,1024,1,0.0,1,1,0,QPC,windows,0,4.2395,235.88,KEM,True,2025-11-23T02:53:10.713033,,1216
FrodoKEM-640-SHAKE,encap,1024,1,0.0,1,1,0,QPC,windows,0,4.3534,229.71,KEM,True,2025-11-23T02:53:10.717455,,1217
FrodoKEM-640-SHAKE,encap,1024,1,0.0,1,1,0,QPC,windows,0,4.3362,230.62,KEM,True,2025-11-23T02:53:10.721868,,1218
FrodoKEM-640-SHAKE,encap,1024,1,0.0,1,1,0,QPC,windows,0,4.33,230.95,KEM,True,2025-11-23T02:53:10.726274,,1219
FrodoKEM-640-SHAKE,encap,1024,1,0.0,1,1,0,QPC,windows,0,4.2288,236.47,KEM,True,2025-11-23T02:53:10.730576,,1220
FrodoKEM-640-SHAKE,encap,1024,16,0.0,1,1,0,QPC,windows,0,4.3838,228.11,KEM,True,2025-11-23T02:53:10.735025,,1221
FrodoKEM-640-SHAKE,encap,1024,16,0.0,1,1,0,QPC,windows,0,4.3607,229.32,KEM,True,2025-11-23T02:53:10.739462,,1222
FrodoKEM-640-SHAKE,encap,1024,16,0.0,1,1,0,QPC,windows,0,4.3144,231.78,KEM,True,2025-11-23T02:53:10.743849,,1223
FrodoKEM-640-SHAKE,encap,1024,16,0.0,1,1,0,QPC,windows,0,4.3169,231.65,KEM,True,2025-11-23T02:53:10.748243,,1224
FrodoKEM-640-SHAKE,encap,1024,16,0.0,1,1,0,QPC,windows,0,4.2572,234.9,KEM,True,2025-11-23T02:53:10.752575,,1225
FrodoKEM-640-SHAKE,encap,1024,64,0.0,1,1,0,QPC,windows,0,4.3331,230.78,KEM,True,2025-11-23T02:53:10.756983,,1226
FrodoKEM-640-SHAKE,encap,1024,64,0.0,1,1,0,QPC,windows,0,4.229,236.46,KEM,True,2025-11-23T02:53:10.761284,,1227
FrodoKEM-640-SHAKE,encap,1024,64,0.0,1,1,0,QPC,windows,0,4.3989,227.33,KEM,True,2025-11-23T02:53:10.765747,,1228
FrodoKEM-640-SHAKE,encap,1024,64,0.0,1,1,0,QPC,windows,0,4.3295,230.97,KEM,True,2025-11-23T02:53:10.770153,,1229
FrodoKEM-640-SHAKE,encap,1024,64,0.0,1,1,0,QPC,windows,0,4.3299,230.95,KEM,True,2025-11-23T02:53:10.774558,,1230
FrodoKEM-640-SHAKE,decap,0,1,0.0,1,1,0,QPC,windows,0,6.1567,162.42,KEM,True,2025-11-23T02:53:10.780816,,1231
FrodoKEM-640-SHAKE,decap,0,1,0.0,1,1,0,QPC,windows,0,6.1111,163.64,KEM,True,2025-11-23T02:53:10.787001,,1232
FrodoKEM-640-SHAKE,decap,0,1,0.0,1,1,0,QPC,windows,0,6.13,163.13,KEM,True,2025-11-23T02:53:10.793205,,1233
FrodoKEM-640-SHAKE,decap,0,1,0.0,1,1,0,QPC,windows,0,6.1228,163.32,KEM,True,2025-11-23T02:53:10.799401,,1234
FrodoKEM-640-SHAKE,decap,0,1,0.0,1,1,0,QPC,windows,0,6.1171,163.48,KEM,True,2025-11-23T02:53:10.805590,,1235
FrodoKEM-640-SHAKE,decap,0,16,0.0,1,1,0,QPC,windows,0,6.1756,161.93,KEM,True,2025-11-23T02:53:10.811839,,1236
FrodoKEM-640-SHAKE,decap,0,16,0.0,1,1,0,QPC,windows,0,6.1088,163.7,KEM,True,2025-11-23T02:53:10.818025,,1237
FrodoKEM-640-SHAKE,decap,0,16,0.0,1,1,0,QPC,windows,0,6.0699,164.75,KEM,True,2025-11-23T02:53:10.824170,,1238
FrodoKEM-640-SHAKE,decap,0,16,0.0,1,1,0,QPC,windows,0,6.1236,163.3,KEM,True,2025-11-23T02:53:10.830365,,1239
FrodoKEM-640-SHAKE,decap,0,16,0.0,1,1,0,QPC,windows,0,6.1019,163.88,KEM,True,2025-11-23T02:53:10.836538,,1240
FrodoKEM-640-SHAKE,decap,0,64,0.0,1,1,0,QPC,windows,0,6.1456,162.72,KEM,True,2025-11-23T02:53:10.842756,,1241
FrodoKEM-640-SHAKE,decap,0,64,0.0,1,1,0,QPC,windows,0,6.1108,163.64,KEM,True,2025-11-23T02:53:10.848942,,1242
FrodoKEM-640-SHAKE,decap,0,64,0.0,1,1,0,QPC,windows,0,6.1247,163.27,KEM,True,2025-11-23T02:53:10.855141,,1243
FrodoKEM-640-SHAKE,decap,0,64,0.0,1,1,0,QPC,windows,0,6.1141,163.56,KEM,True,2025-11-23T02:53:10.861330,,1244
FrodoKEM-640-SHAKE,decap,0,64,0.0,1,1,0,QPC,windows,0,6.1129,163.59,KEM,True,2025-11-23T02:53:10.867518,,1245
FrodoKEM-640-SHAKE,decap,1024,1,0.0,1,1,0,QPC,windows,0,6.202,161.24,KEM,True,2025-11-23T02:53:10.873795,,1246
FrodoKEM-640-SHAKE,decap,1024,1,0.0,1,1,0,QPC,windows,0,6.1135,163.57,KEM,True,2025-11-23T02:53:10.879985,,1247
FrodoKEM-640-SHAKE,decap,1024,1,0.0,1,1,0,QPC,windows,0,6.1243,163.28,KEM,True,2025-11-23T02:53:10.886184,,1248
FrodoKEM-640-SHAKE,decap,1024,1,0.0,1,1,0,QPC,windows,0,6.1176,163.46,KEM,True,2025-11-23T02:53:10.892383,,1249
FrodoKEM-640-SHAKE,decap,1024,1,0.0,1,1,0,QPC,windows,0,6.1126,163.6,KEM,True,2025-11-23T02:53:10.898572,,1250
FrodoKEM-640-SHAKE,decap,1024,16,0.0,1,1,0,QPC,windows,0,6.1517,162.56,KEM,True,2025-11-23T02:53:10.904798,,1251
FrodoKEM-640-SHAKE,decap,1024,16,0.0,1,1,0,QPC,windows,0,6.106,163.77,KEM,True,2025-11-23T02:53:10.910979,,1252
FrodoKEM-640-SHAKE,decap,1024,16,0.0,1,1,0,QPC,windows,0,6.1233,163.31,KEM,True,2025-11-23T02:53:10.917178,,1253
FrodoKEM-640-SHAKE,decap,1024,16,0.0,1,1,0,QPC,windows,0,6.1065,163.76,KEM,True,2025-11-23T02:53:10.923362,,1254
FrodoKEM-640-SHAKE,decap,1024,16,0.0,1,1,0,QPC,windows,0,6.1606,162.32,KEM,True,2025-11-23T02:53:10.929595,,1255
FrodoKEM-640-SHAKE,decap,1024,64,0.0,1,1,0,QPC,windows,0,6.4084,156.05,KEM,True,2025-11-23T02:53:10.936106,,1256
FrodoKEM-640-SHAKE,decap,1024,64,0.0,1,1,0,QPC,windows,0,6.1467,162.69,KEM,True,2025-11-23T02:53:10.942334,,1257
FrodoKEM-640-SHAKE,decap,1024,64,0.0,1,1,0,QPC,windows,0,6.16,162.34,KEM,True,2025-11-23T02:53:10.948570,,1258
FrodoKEM-640-SHAKE,decap,1024,64,0.0,1,1,0,QPC,windows,0,6.1376,162.93,KEM,True,2025-11-23T02:53:10.954783,,1259
FrodoKEM-640-SHAKE,decap,1024,64,0.0,1,1,0,QPC,windows,0,6.1602,162.33,KEM,True,2025-11-23T02:53:10.961018,,1260
FrodoKEM-976-AES,keygen,0,1,0.0,1,1,0,QPC,windows,0,2.5044,399.3,KEM,True,2025-11-23T02:53:10.963622,,1261
FrodoKEM-976-AES,keygen,0,1,0.0,1,1,0,QPC,windows,0,2.3486,425.79,KEM,True,2025-11-23T02:53:10.966044,,1262
FrodoKEM-976-AES,keygen,0,1,0.0,1,1,0,QPC,windows,0,2.4486,408.4,KEM,True,2025-11-23T02:53:10.968559,,1263
FrodoKEM-976-AES,keygen,0,1,0.0,1,1,0,QPC,windows,0,2.3496,425.6,KEM,True,2025-11-23T02:53:10.970982,,1264
FrodoKEM-976-AES,keygen,0,1,0.0,1,1,0,QPC,windows,0,2.3488,425.75,KEM,True,2025-11-23T02:53:10.973392,,1265
FrodoKEM-976-AES,keygen,0,16,0.0,1,1,0,QPC,windows,0,2.5468,392.65,KEM,True,2025-11-23T02:53:10.976001,,1266
FrodoKEM-976-AES,keygen,0,16,0.0,1,1,0,QPC,windows,0,2.3567,424.32,KEM,True,2025-11-23T02:53:10.978436,,1267
FrodoKEM-976-AES,keygen,0,16,0.0,1,1,0,QPC,windows,0,2.4446,409.06,KEM,True,2025-11-23T02:53:10.980949,,1268
FrodoKEM-976-AES,keygen,0,16,0.0,1,1,0,QPC,windows,0,2.3485,425.8,KEM,True,2025-11-23T02:53:10.983373,,1269
FrodoKEM-976-AES,keygen,0,16,0.0,1,1,0,QPC,windows,0,2.3466,426.15,KEM,True,2025-11-23T02:53:10.985785,,1270
FrodoKEM-976-AES,keygen,0,64,0.0,1,1,0,QPC,windows,0,2.4584,406.77,KEM,True,2025-11-23T02:53:10.988309,,1271
FrodoKEM-976-AES,keygen,0,64,0.0,1,1,0,QPC,windows,0,2.5264,395.82,KEM,True,2025-11-23T02:53:10.990914,,1272
FrodoKEM-976-AES,keygen,0,64,0.0,1,1,0,QPC,windows,0,2.4871,402.07,KEM,True,2025-11-23T02:53:10.993494,,1273
FrodoKEM-976-AES,keygen,0,64,0.0,1,1,0,QPC,windows,0,2.3517,425.22,KEM,True,2025-11-23T02:53:10.995923,,1274
FrodoKEM-976-AES,keygen,0,64,0.0,1,1,0,QPC,windows,0,2.4267,412.08,KEM,True,2025-11-23T02:53:10.998418,,1275
FrodoKEM-976-AES,keygen,1024,1,0.0,1,1,0,QPC,windows,0,2.3526,425.06,KEM,True,2025-11-23T02:53:11.000846,,1276
FrodoKEM-976-AES,keygen,1024,1,0.0,1,1,0,QPC,windows,0,2.3589,423.93,KEM,True,2025-11-23T02:53:11.003273,,1277
FrodoKEM-976-AES,keygen,1024,1,0.0,1,1,0,QPC,windows,0,2.4353,410.63,KEM,True,2025-11-23T02:53:11.005778,,1278
FrodoKEM-976-AES,keygen,1024,1,0.0,1,1,0,QPC,windows,0,2.3554,424.56,KEM,True,2025-11-23T02:53:11.008204,,1279
FrodoKEM-976-AES,keygen,1024,1,0.0,1,1,0,QPC,windows,0,2.4061,415.61,KEM,True,2025-11-23T02:53:11.010678,,1280
FrodoKEM-976-AES,keygen,1024,16,0.0,1,1,0,QPC,windows,0,2.3567,424.32,KEM,True,2025-11-23T02:53:11.013109,,1281
FrodoKEM-976-AES,keygen,1024,16,0.0,1,1,0,QPC,windows,0,2.3484,425.82,KEM,True,2025-11-23T02:53:11.015524,,1282
FrodoKEM-976-AES,keygen,1024,16,0.0,1,1,0,QPC,windows,0,2.4184,413.5,KEM,True,2025-11-23T02:53:11.018041,,1283
FrodoKEM-976-AES,keygen,1024,16,0.0,1,1,0,QPC,windows,0,2.3558,424.48,KEM,True,2025-11-23T02:53:11.020467,,1284
FrodoKEM-976-AES,keygen,1024,16,0.0,1,1,0,QPC,windows,0,2.4299,411.54,KEM,True,2025-11-23T02:53:11.022960,,1285
FrodoKEM-976-AES,keygen,1024,64,0.0,1,1,0,QPC,windows,0,2.389,418.59,KEM,True,2025-11-23T02:53:11.025449,,1286
FrodoKEM-976-AES,keygen,1024,64,0.0,1,1,0,QPC,windows,0,2.3531,424.97,KEM,True,2025-11-23T02:53:11.027876,,1287
FrodoKEM-976-AES,keygen,1024,64,0.0,1,1,0,QPC,windows,0,2.4508,408.03,KEM,True,2025-11-23T02:53:11.030396,,1288
FrodoKEM-976-AES,keygen,1024,64,0.0,1,1,0,QPC,windows,0,2.4873,402.04,KEM,True,2025-11-23T02:53:11.032970,,1289
FrodoKEM-976-AES,keygen,1024,64,0.0,1,1,0,QPC,windows,0,2.4171,413.72,KEM,True,2025-11-23T02:53:11.035460,,1290
FrodoKEM-976-AES,encap,0,1,0.0,1,1,0,QPC,windows,0,3.2264,309.94,KEM,True,2025-11-23T02:53:11.038783,,1291
FrodoKEM-976-AES,encap,0,1,0.0,1,1,0,QPC,windows,0,3.2515,307.55,KEM,True,2025-11-23T02:53:11.042102,,1292
FrodoKEM-976-AES,encap,0,1,0.0,1,1,0,QPC,windows,0,3.1859,313.88,KEM,True,2025-11-23T02:53:11.045361,,1293
FrodoKEM-976-AES,encap,0,1,0.0,1,1,0,QPC,windows,0,3.2433,308.33,KEM,True,2025-11-23T02:53:11.048668,,1294
FrodoKEM-976-AES,encap,0,1,0.0,1,1,0,QPC,windows,0,3.2031,312.2,KEM,True,2025-11-23T02:53:11.051950,,1295
FrodoKEM-976-AES,encap,0,16,0.0,1,1,0,QPC,windows,0,3.393,294.72,KEM,True,2025-11-23T02:53:11.055432,,1296
FrodoKEM-976-AES,encap,0,16,0.0,1,1,0,QPC,windows,0,3.1923,313.25,KEM,True,2025-11-23T02:53:11.058701,,1297
FrodoKEM-976-AES,encap,0,16,0.0,1,1,0,QPC,windows,0,3.2722,305.6,KEM,True,2025-11-23T02:53:11.062049,,1298
FrodoKEM-976-AES,encap,0,16,0.0,1,1,0,QPC,windows,0,3.2461,308.06,KEM,True,2025-11-23T02:53:11.065370,,1299
FrodoKEM-976-AES,encap,0,16,0.0,1,1,0,QPC,windows,0,3.1948,313.01,KEM,True,2025-11-23T02:53:11.068653,,1300
FrodoKEM-976-AES,encap,0,64,0.0,1,1,0,QPC,windows,0,3.2644,306.34,KEM,True,2025-11-23T02:53:11.071987,,1301
FrodoKEM-976-AES,encap,0,64,0.0,1,1,0,QPC,windows,0,3.1882,313.66,KEM,True,2025-11-23T02:53:11.075250,,1302
FrodoKEM-976-AES,encap,0,64,0.0,1,1,0,QPC,windows,0,3.2448,308.19,KEM,True,2025-11-23T02:53:11.078559,,1303
FrodoKEM-976-AES,encap,0,64,0.0,1,1,0,QPC,windows,0,3.1951,312.98,KEM,True,2025-11-23T02:53:11.081847,,1304
FrodoKEM-976-AES,encap,0,64,0.0,1,1,0,QPC,windows,0,3.2562,307.11,KEM,True,2025-11-23T02:53:11.085168,,1305
FrodoKEM-976-AES,encap,1024,1,0.0,1,1,0,QPC,windows,0,3.1948,313.01,KEM,True,2025-11-23T02:53:11.088435,,1306
FrodoKEM-976-AES,encap,1024,1,0.0,1,1,0,QPC,windows,0,3.246,308.07,KEM,True,2025-11-23T02:53:11.091748,,1307
FrodoKEM-976-AES,encap,1024,1,0.0,1,1,0,QPC,windows,0,3.1855,313.92,KEM,True,2025-11-23T02:53:11.095009,,1308
FrodoKEM-976-AES,encap,1024,1,0.0,1,1,0,QPC,windows,0,3.2581,306.93,KEM,True,2025-11-23T02:53:11.098338,,1309
FrodoKEM-976-AES,encap,1024,1,0.0,1,1,0,QPC,windows,0,3.2533,307.38,KEM,True,2025-11-23T02:53:11.101664,,1310
FrodoKEM-976-AES,encap,1024,16,0.0,1,1,0,QPC,windows,0,3.4964,286.01,KEM,True,2025-11-23T02:53:11.105254,,1311
FrodoKEM-976-AES,encap,1024,16,0.0,1,1,0,QPC,windows,0,3.2495,307.74,KEM,True,2025-11-23T02:53:11.108571,,1312
FrodoKEM-976-AES,encap,1024,16,0.0,1,1,0,QPC,windows,0,3.1901,313.47,KEM,True,2025-11-23T02:53:11.111832,,1313
FrodoKEM-976-AES,encap,1024,16,0.0,1,1,0,QPC,windows,0,3.2459,308.08,KEM,True,2025-11-23T02:53:11.115144,,1314
FrodoKEM-976-AES,encap,1024,16,0.0,1,1,0,QPC,windows,0,3.1823,314.24,KEM,True,2025-11-23T02:53:11.118397,,1315
FrodoKEM-976-AES,encap,1024,64,0.0,1,1,0,QPC,windows,0,3.2495,307.74,KEM,True,2025-11-23T02:53:11.121717,,1316
FrodoKEM-976-AES,encap,1024,64,0.0,1,1,0,QPC,windows,0,3.1913,313.35,KEM,True,2025-11-23T02:53:11.124983,,1317
FrodoKEM-976-AES,encap,1024,64,0.0,1,1,0,QPC,windows,0,3.2477,307.91,KEM,True,2025-11-23T02:53:11.128295,,1318
FrodoKEM-976-AES,encap,1024,64,0.0,1,1,0,QPC,windows,0,3.2133,311.21,KEM,True,2025-11-23T02:53:11.131584,,1319
FrodoKEM-976-AES,encap,1024,64,0.0,1,1,0,QPC,windows,0,3.5517,281.56,KEM,True,2025-11-23T02:53:11.135229,,1320
FrodoKEM-976-AES,decap,0,1,0.0,1,1,0,QPC,windows,0,4.1209,242.67,KEM,True,2025-11-23T02:53:11.139450,,1321
FrodoKEM-976-AES,decap,0,1,0.0,1,1,0,QPC,windows,0,4.0208,248.71,KEM,True,2025-11-23T02:53:11.143546,,1322
FrodoKEM-976-AES,decap,0,1,0.0,1,1,0,QPC,windows,0,4.1056,243.57,KEM,True,2025-11-23T02:53:11.147727,,1323
FrodoKEM-976-AES,decap,0,1,0.0,1,1,0,QPC,windows,0,4.0814,245.01,KEM,True,2025-11-23T02:53:11.151882,,1324
FrodoKEM-976-AES,decap,0,1,0.0,1,1,0,QPC,windows,0,4.0822,244.97,KEM,True,2025-11-23T02:53:11.156039,,1325
FrodoKEM-976-AES,decap,0,16,0.0,1,1,0,QPC,windows,0,4.0455,247.19,KEM,True,2025-11-23T02:53:11.160161,,1326
FrodoKEM-976-AES,decap,0,16,0.0,1,1,0,QPC,windows,0,4.0805,245.07,KEM,True,2025-11-23T02:53:11.164314,,1327
FrodoKEM-976-AES,decap,0,16,0.0,1,1,0,QPC,windows,0,4.0776,245.24,KEM,True,2025-11-23T02:53:11.168467,,1328
FrodoKEM-976-AES,decap,0,16,0.0,1,1,0,QPC,windows,0,4.0294,248.18,KEM,True,2025-11-23T02:53:11.172572,,1329
FrodoKEM-976-AES,decap,0,16,0.0,1,1,0,QPC,windows,0,4.0809,245.04,KEM,True,2025-11-23T02:53:11.176719,,1330
FrodoKEM-976-AES,decap,0,64,0.0,1,1,0,QPC,windows,0,4.1174,242.87,KEM,True,2025-11-23T02:53:11.180912,,1331
FrodoKEM-976-AES,decap,0,64,0.0,1,1,0,QPC,windows,0,4.0199,248.76,KEM,True,2025-11-23T02:53:11.185007,,1332
FrodoKEM-976-AES,decap,0,64,0.0,1,1,0,QPC,windows,0,4.0827,244.94,KEM,True,2025-11-23T02:53:11.189154,,1333
FrodoKEM-976-AES,decap,0,64,0.0,1,1,0,QPC,windows,0,4.082,244.98,KEM,True,2025-11-23T02:53:11.193311,,1334
FrodoKEM-976-AES,decap,0,64,0.0,1,1,0,QPC,windows,0,4.0195,248.79,KEM,True,2025-11-23T02:53:11.197407,,1335
FrodoKEM-976-AES,decap,1024,1,0.0,1,1,0,QPC,windows,0,4.0894,244.53,KEM,True,2025-11-23T02:53:11.201564,,1336
FrodoKEM-976-AES,decap,1024,1,0.0,1,1,0,QPC,windows,0,4.0788,245.17,KEM,True,2025-11-23T02:53:11.205717,,1337
FrodoKEM-976-AES,decap,1024,1,0.0,1,1,0,QPC,windows,0,4.0331,247.95,KEM,True,2025-11-23T02:53:11.209821,,1338
FrodoKEM-976-AES,decap,1024,1,0.0,1,1,0,QPC,windows,0,4.0759,245.34,KEM,True,2025-11-23T02:53:11.213967,,1339
FrodoKEM-976-AES,decap,1024,1,0.0,1,1,0,QPC,windows,0,4.1207,242.68,KEM,True,2025-11-23T02:53:11.218174,,1340
FrodoKEM-976-AES,decap,1024,16,0.0,1,1,0,QPC,windows,0,4.0535,246.7,KEM,True,2025-11-23T02:53:11.222300,,1341
FrodoKEM-976-AES,decap,1024,16,0.0,1,1,0,QPC,windows,0,4.0979,244.03,KEM,True,2025-11-23T02:53:11.226481,,1342
FrodoKEM-976-AES,decap,1024,16,0.0,1,1,0,QPC,windows,0,4.1019,243.79,KEM,True,2025-11-23T02:53:11.230657,,1343
FrodoKEM-976-AES,decap,1024,16,0.0,1,1,0,QPC,windows,0,4.0765,245.31,KEM,True,2025-11-23T02:53:11.234810,,1344
FrodoKEM-976-AES,decap,1024,16,0.0,1,1,0,QPC,windows,0,4.0317,248.03,KEM,True,2025-11-23T02:53:11.238917,,1345
FrodoKEM-976-AES,decap,1024,64,0.0,1,1,0,QPC,windows,0,4.0298,248.15,KEM,True,2025-11-23T02:53:11.243020,,1346
FrodoKEM-976-AES,decap,1024,64,0.0,1,1,0,QPC,windows,0,4.0867,244.7,KEM,True,2025-11-23T02:53:11.247184,,1347
FrodoKEM-976-AES,decap,1024,64,0.0,1,1,0,QPC,windows,0,4.1223,242.58,KEM,True,2025-11-23T02:53:11.251399,,1348
FrodoKEM-976-AES,decap,1024,64,0.0,1,1,0,QPC,windows,0,4.0549,246.62,KEM,True,2025-11-23T02:53:11.255529,,1349
FrodoKEM-976-AES,decap,1024,64,0.0,1,1,0,QPC,windows,0,4.117,242.9,KEM,True,2025-11-23T02:53:11.259721,,1350
FrodoKEM-976-SHAKE,keygen,0,1,0.0,1,1,0,QPC,windows,0,5.6008,178.55,KEM,True,2025-11-23T02:53:11.265419,,1351
FrodoKEM-976-SHAKE,keygen,0,1,0.0,1,1,0,QPC,windows,0,5.5786,179.26,KEM,True,2025-11-23T02:53:11.271076,,1352
FrodoKEM-976-SHAKE,keygen,0,1,0.0,1,1,0,QPC,windows,0,5.5016,181.77,KEM,True,2025-11-23T02:53:11.276674,,1353
FrodoKEM-976-SHAKE,keygen,0,1,0.0,1,1,0,QPC,windows,0,5.5853,179.04,KEM,True,2025-11-23T02:53:11.282332,,1354
FrodoKEM-976-SHAKE,keygen,0,1,0.0,1,1,0,QPC,windows,0,5.7181,174.88,KEM,True,2025-11-23T02:53:11.288124,,1355
FrodoKEM-976-SHAKE,keygen,0,16,0.0,1,1,0,QPC,windows,0,5.5068,181.59,KEM,True,2025-11-23T02:53:11.293710,,1356
FrodoKEM-976-SHAKE,keygen,0,16,0.0,1,1,0,QPC,windows,0,5.6018,178.51,KEM,True,2025-11-23T02:53:11.299384,,1357
FrodoKEM-976-SHAKE,keygen,0,16,0.0,1,1,0,QPC,windows,0,5.5868,178.99,KEM,True,2025-11-23T02:53:11.305091,,1358
FrodoKEM-976-SHAKE,keygen,0,16,0.0,1,1,0,QPC,windows,0,5.5726,179.45,KEM,True,2025-11-23T02:53:11.310738,,1359
FrodoKEM-976-SHAKE,keygen,0,16,0.0,1,1,0,QPC,windows,0,5.5748,179.38,KEM,True,2025-11-23T02:53:11.316388,,1360
FrodoKEM-976-SHAKE,keygen,0,64,0.0,1,1,0,QPC,windows,0,5.584,179.08,KEM,True,2025-11-23T02:53:11.322045,,1361
FrodoKEM-976-SHAKE,keygen,0,64,0.0,1,1,0,QPC,windows,0,5.5773,179.3,KEM,True,2025-11-23T02:53:11.327697,,1362
FrodoKEM-976-SHAKE,keygen,0,64,0.0,1,1,0,QPC,windows,0,5.59,178.89,KEM,True,2025-11-23T02:53:11.333360,,1363
FrodoKEM-976-SHAKE,keygen,0,64,0.0,1,1,0,QPC,windows,0,5.5865,179.0,KEM,True,2025-11-23T02:53:11.339019,,1364
FrodoKEM-976-SHAKE,keygen,0,64,0.0,1,1,0,QPC,windows,0,5.6255,177.76,KEM,True,2025-11-23T02:53:11.344715,,1365
FrodoKEM-976-SHAKE,keygen,1024,1,0.0,1,1,0,QPC,windows,0,5.5797,179.22,KEM,True,2025-11-23T02:53:11.350368,,1366
FrodoKEM-976-SHAKE,keygen,1024,1,0.0,1,1,0,QPC,windows,0,5.5667,179.64,KEM,True,2025-11-23T02:53:11.356010,,1367
FrodoKEM-976-SHAKE,keygen,1024,1,0.0,1,1,0,QPC,windows,0,5.5118,181.43,KEM,True,2025-11-23T02:53:11.361597,,1368
FrodoKEM-976-SHAKE,keygen,1024,1,0.0,1,1,0,QPC,windows,0,5.5891,178.92,KEM,True,2025-11-23T02:53:11.367257,,1369
FrodoKEM-976-SHAKE,keygen,1024,1,0.0,1,1,0,QPC,windows,0,5.5774,179.3,KEM,True,2025-11-23T02:53:11.372908,,1370
FrodoKEM-976-SHAKE,keygen,1024,16,0.0,1,1,0,QPC,windows,0,5.5733,179.43,KEM,True,2025-11-23T02:53:11.378556,,1371
FrodoKEM-976-SHAKE,keygen,1024,16,0.0,1,1,0,QPC,windows,0,5.5778,179.28,KEM,True,2025-11-23T02:53:11.384207,,1372
FrodoKEM-976-SHAKE,keygen,1024,16,0.0,1,1,0,QPC,windows,0,5.5805,179.2,KEM,True,2025-11-23T02:53:11.389863,,1373
FrodoKEM-976-SHAKE,keygen,1024,16,0.0,1,1,0,QPC,windows,0,5.615,178.09,KEM,True,2025-11-23T02:53:11.395552,,1374
FrodoKEM-976-SHAKE,keygen,1024,16,0.0,1,1,0,QPC,windows,0,5.5735,179.42,KEM,True,2025-11-23T02:53:11.401201,,1375
FrodoKEM-976-SHAKE,keygen,1024,64,0.0,1,1,0,QPC,windows,0,5.6098,178.26,KEM,True,2025-11-23T02:53:11.406887,,1376
FrodoKEM-976-SHAKE,keygen,1024,64,0.0,1,1,0,QPC,windows,0,5.5768,179.31,KEM,True,2025-11-23T02:53:11.412538,,1377
FrodoKEM-976-SHAKE,keygen,1024,64,0.0,1,1,0,QPC,windows,0,5.5744,179.39,KEM,True,2025-11-23T02:53:11.418187,,1378
FrodoKEM-976-SHAKE,keygen,1024,64,0.0,1,1,0,QPC,windows,0,5.579,179.24,KEM,True,2025-11-23T02:53:11.423839,,1379
FrodoKEM-976-SHAKE,keygen,1024,64,0.0,1,1,0,QPC,windows,0,5.5776,179.29,KEM,True,2025-11-23T02:53:11.429491,,1380
FrodoKEM-976-SHAKE,encap,0,1,0.0,1,1,0,QPC,windows,0,9.529,104.94,KEM,True,2025-11-23T02:53:11.439126,,1381
FrodoKEM-976-SHAKE,encap,0,1,0.0,1,1,0,QPC,windows,0,9.4992,105.27,KEM,True,2025-11-23T02:53:11.448701,,1382
FrodoKEM-976-SHAKE,encap,0,1,0.0,1,1,0,QPC,windows,0,9.8811,101.2,KEM,True,2025-11-23T02:53:11.458663,,1383
FrodoKEM-976-SHAKE,encap,0,1,0.0,1,1,0,QPC,windows,0,9.8104,101.93,KEM,True,2025-11-23T02:53:11.468650,,1384
FrodoKEM-976-SHAKE,encap,0,1,0.0,1,1,0,QPC,windows,0,9.5792,104.39,KEM,True,2025-11-23T02:53:11.478310,,1385
FrodoKEM-976-SHAKE,encap,0,16,0.0,1,1,0,QPC,windows,0,9.7038,103.05,KEM,True,2025-11-23T02:53:11.488099,,1386
FrodoKEM-976-SHAKE,encap,0,16,0.0,1,1,0,QPC,windows,0,9.8498,101.52,KEM,True,2025-11-23T02:53:11.498027,,1387
FrodoKEM-976-SHAKE,encap,0,16,0.0,1,1,0,QPC,windows,0,9.7577,102.48,KEM,True,2025-11-23T02:53:11.507866,,1388
FrodoKEM-976-SHAKE,encap,0,16,0.0,1,1,0,QPC,windows,0,9.661,103.51,KEM,True,2025-11-23T02:53:11.517616,,1389
FrodoKEM-976-SHAKE,encap,0,16,0.0,1,1,0,QPC,windows,0,9.7579,102.48,KEM,True,2025-11-23T02:53:11.527664,,1390
FrodoKEM-976-SHAKE,encap,0,64,0.0,1,1,0,QPC,windows,0,9.4958,105.31,KEM,True,2025-11-23T02:53:11.537247,,1391
FrodoKEM-976-SHAKE,encap,0,64,0.0,1,1,0,QPC,windows,0,9.517,105.08,KEM,True,2025-11-23T02:53:11.546844,,1392
FrodoKEM-976-SHAKE,encap,0,64,0.0,1,1,0,QPC,windows,0,9.4786,105.5,KEM,True,2025-11-23T02:53:11.556406,,1393
FrodoKEM-976-SHAKE,encap,0,64,0.0,1,1,0,QPC,windows,0,9.6039,104.12,KEM,True,2025-11-23T02:53:11.566093,,1394
FrodoKEM-976-SHAKE,encap,0,64,0.0,1,1,0,QPC,windows,0,9.9034,100.98,KEM,True,2025-11-23T02:53:11.576082,,1395
FrodoKEM-976-SHAKE,encap,1024,1,0.0,1,1,0,QPC,windows,0,9.6619,103.5,KEM,True,2025-11-23T02:53:11.585836,,1396
FrodoKEM-976-SHAKE,encap,1024,1,0.0,1,1,0,QPC,windows,0,9.5692,104.5,KEM,True,2025-11-23T02:53:11.595489,,1397
FrodoKEM-976-SHAKE,encap,1024,1,0.0,1,1,0,QPC,windows,0,9.916,100.85,KEM,True,2025-11-23T02:53:11.605492,,1398
FrodoKEM-976-SHAKE,encap,1024,1,0.0,1,1,0,QPC,windows,0,9.6814,103.29,KEM,True,2025-11-23T02:53:11.615259,,1399
FrodoKEM-976-SHAKE,encap,1024,1,0.0,1,1,0,QPC,windows,0,9.5658,104.54,KEM,True,2025-11-23T02:53:11.624906,,1400
FrodoKEM-976-SHAKE,encap,1024,16,0.0,1,1,0,QPC,windows,0,9.7597,102.46,KEM,True,2025-11-23T02:53:11.634753,,1401
FrodoKEM-976-SHAKE,encap,1024,16,0.0,1,1,0,QPC,windows,0,9.6876,103.22,KEM,True,2025-11-23T02:53:11.644539,,1402
FrodoKEM-976-SHAKE,encap,1024,16,0.0,1,1,0,QPC,windows,0,9.8718,101.3,KEM,True,2025-11-23T02:53:11.654499,,1403
FrodoKEM-976-SHAKE,encap,1024,16,0.0,1,1,0,QPC,windows,0,9.483,105.45,KEM,True,2025-11-23T02:53:11.664075,,1404
FrodoKEM-976-SHAKE,encap,1024,16,0.0,1,1,0,QPC,windows,0,9.5308,104.92,KEM,True,2025-11-23T02:53:11.673688,,1405
FrodoKEM-976-SHAKE,encap,1024,64,0.0,1,1,0,QPC,windows,0,9.512,105.13,KEM,True,2025-11-23T02:53:11.683287,,1406
FrodoKEM-976-SHAKE,encap,1024,64,0.0,1,1,0,QPC,windows,0,9.4993,105.27,KEM,True,2025-11-23T02:53:11.692874,,1407
FrodoKEM-976-SHAKE,encap,1024,64,0.0,1,1,0,QPC,windows,0,9.7696,102.36,KEM,True,2025-11-23T02:53:11.702724,,1408
FrodoKEM-976-SHAKE,encap,1024,64,0.0,1,1,0,QPC,windows,0,9.7014,103.08,KEM,True,2025-11-23T02:53:11.712513,,1409
FrodoKEM-976-SHAKE,encap,1024,64,0.0,1,1,0,QPC,windows,0,9.5672,104.52,KEM,True,2025-11-23T02:53:11.722163,,1410
FrodoKEM-976-SHAKE,decap,0,1,0.0,1,1,0,QPC,windows,0,13.5656,73.72,KEM,True,2025-11-23T02:53:11.735840,,1411
FrodoKEM-976-SHAKE,decap,0,1,0.0,1,1,0,QPC,windows,0,13.7476,72.74,KEM,True,2025-11-23T02:53:11.749674,,1412
FrodoKEM-976-SHAKE,decap,0,1,0.0,1,1,0,QPC,windows,0,13.744,72.76,KEM,True,2025-11-23T02:53:11.763505,,1413
FrodoKEM-976-SHAKE,decap,0,1,0.0,1,1,0,QPC,windows,0,13.6884,73.05,KEM,True,2025-11-23T02:53:11.777281,,1414
FrodoKEM-976-SHAKE,decap,0,1,0.0,1,1,0,QPC,windows,0,13.6351,73.34,KEM,True,2025-11-23T02:53:11.791000,,1415
FrodoKEM-976-SHAKE,decap,0,16,0.0,1,1,0,QPC,windows,0,13.7741,72.6,KEM,True,2025-11-23T02:53:11.804859,,1416
FrodoKEM-976-SHAKE,decap,0,16,0.0,1,1,0,QPC,windows,0,13.6467,73.28,KEM,True,2025-11-23T02:53:11.818594,,1417
FrodoKEM-976-SHAKE,decap,0,16,0.0,1,1,0,QPC,windows,0,13.3913,74.68,KEM,True,2025-11-23T02:53:11.832067,,1418
FrodoKEM-976-SHAKE,decap,0,16,0.0,1,1,0,QPC,windows,0,13.4056,74.6,KEM,True,2025-11-23T02:53:11.845559,,1419
FrodoKEM-976-SHAKE,decap,0,16,0.0,1,1,0,QPC,windows,0,13.5325,73.9,KEM,True,2025-11-23T02:53:11.859176,,1420
FrodoKEM-976-SHAKE,decap,0,64,0.0,1,1,0,QPC,windows,0,13.4775,74.2,KEM,True,2025-11-23T02:53:11.872741,,1421
FrodoKEM-976-SHAKE,decap,0,64,0.0,1,1,0,QPC,windows,0,13.5008,74.07,KEM,True,2025-11-23T02:53:11.886328,,1422
FrodoKEM-976-SHAKE,decap,0,64,0.0,1,1,0,QPC,windows,0,13.4964,74.09,KEM,True,2025-11-23T02:53:11.899911,,1423
FrodoKEM-976-SHAKE,decap,0,64,0.0,1,1,0,QPC,windows,0,13.5069,74.04,KEM,True,2025-11-23T02:53:11.913511,,1424
FrodoKEM-976-SHAKE,decap,0,64,0.0,1,1,0,QPC,windows,0,13.511,74.01,KEM,True,2025-11-23T02:53:11.927131,,1425
FrodoKEM-976-SHAKE,decap,1024,1,0.0,1,1,0,QPC,windows,0,13.4634,74.28,KEM,True,2025-11-23T02:53:11.940677,,1426
FrodoKEM-976-SHAKE,decap,1024,1,0.0,1,1,0,QPC,windows,0,13.476,74.21,KEM,True,2025-11-23T02:53:11.954236,,1427
FrodoKEM-976-SHAKE,decap,1024,1,0.0,1,1,0,QPC,windows,0,13.4697,74.24,KEM,True,2025-11-23T02:53:11.967790,,1428
FrodoKEM-976-SHAKE,decap,1024,1,0.0,1,1,0,QPC,windows,0,13.6719,73.14,KEM,True,2025-11-23T02:53:11.981547,,1429
FrodoKEM-976-SHAKE,decap,1024,1,0.0,1,1,0,QPC,windows,0,13.6202,73.42,KEM,True,2025-11-23T02:53:11.995250,,1430
FrodoKEM-976-SHAKE,decap,1024,16,0.0,1,1,0,QPC,windows,0,13.4967,74.09,KEM,True,2025-11-23T02:53:12.008841,,1431
FrodoKEM-976-SHAKE,decap,1024,16,0.0,1,1,0,QPC,windows,0,13.499,74.08,KEM,True,2025-11-23T02:53:12.022459,,1432
FrodoKEM-976-SHAKE,decap,1024,16,0.0,1,1,0,QPC,windows,0,13.4917,74.12,KEM,True,2025-11-23T02:53:12.036036,,1433
FrodoKEM-976-SHAKE,decap,1024,16,0.0,1,1,0,QPC,windows,0,13.4762,74.2,KEM,True,2025-11-23T02:53:12.049596,,1434
FrodoKEM-976-SHAKE,decap,1024,16,0.0,1,1,0,QPC,windows,0,13.4735,74.22,KEM,True,2025-11-23T02:53:12.063156,,1435
FrodoKEM-976-SHAKE,decap,1024,64,0.0,1,1,0,QPC,windows,0,13.4715,74.23,KEM,True,2025-11-23T02:53:12.076712,,1436
FrodoKEM-976-SHAKE,decap,1024,64,0.0,1,1,0,QPC,windows,0,13.538,73.87,KEM,True,2025-11-23T02:53:12.090333,,1437
FrodoKEM-976-SHAKE,decap,1024,64,0.0,1,1,0,QPC,windows,0,13.4668,74.26,KEM,True,2025-11-23T02:53:12.103882,,1438
FrodoKEM-976-SHAKE,decap,1024,64,0.0,1,1,0,QPC,windows,0,13.4671,74.26,KEM,True,2025-11-23T02:53:12.117435,,1439
FrodoKEM-976-SHAKE,decap,1024,64,0.0,1,1,0,QPC,windows,0,13.4718,74.23,KEM,True,2025-11-23T02:53:12.130989,,1440
Kyber1024,keygen,0,1,0.0,1,1,0,QPC,windows,0,0.161,6211.18,KEM,True,2025-11-23T02:53:12.131257,,1441
Kyber1024,keygen,0,1,0.0,1,1,0,QPC,windows,0,0.109,9174.31,KEM,True,2025-11-23T02:53:12.131442,,1442
Kyber1024,keygen,0,1,0.0,1,1,0,QPC,windows,0,0.1062,9416.19,KEM,True,2025-11-23T02:53:12.131619,,1443
Kyber1024,keygen,0,1,0.0,1,1,0,QPC,windows,0,0.0857,11668.61,KEM,True,2025-11-23T02:53:12.131770,,1444
Kyber1024,keygen,0,1,0.0,1,1,0,QPC,windows,0,0.0905,11049.72,KEM,True,2025-11-23T02:53:12.131929,,1445
Kyber1024,keygen,0,16,0.0,1,1,0,QPC,windows,0,0.0847,11806.37,KEM,True,2025-11-23T02:53:12.132073,,1446
Kyber1024,keygen,0,16,0.0,1,1,0,QPC,windows,0,0.0851,11750.88,KEM,True,2025-11-23T02:53:12.132216,,1447
Kyber1024,keygen,0,16,0.0,1,1,0,QPC,windows,0,0.0836,11961.72,KEM,True,2025-11-23T02:53:12.132354,,1448
Kyber1024,keygen,0,16,0.0,1,1,0,QPC,windows,0,0.0848,11792.45,KEM,True,2025-11-23T02:53:12.132497,,1449
Kyber1024,keygen,0,16,0.0,1,1,0,QPC,windows,0,0.0836,11961.72,KEM,True,2025-11-23T02:53:12.132634,,1450
Kyber1024,keygen,0,64,0.0,1,1,0,QPC,windows,0,0.0832,12019.23,KEM,True,2025-11-23T02:53:12.132771,,1451
Kyber1024,keygen,0,64,0.0,1,1,0,QPC,windows,0,0.0835,11976.04,KEM,True,2025-11-23T02:53:12.132909,,1452
Kyber1024,keygen,0,64,0.0,1,1,0,QPC,windows,0,0.0832,12019.23,KEM,True,2025-11-23T02:53:12.133046,,1453
Kyber1024,keygen,0,64,0.0,1,1,0,QPC,windows,0,0.083,12048.19,KEM,True,2025-11-23T02:53:12.133184,,1454
Kyber1024,keygen,0,64,0.0,1,1,0,QPC,windows,0,0.0836,11961.72,KEM,True,2025-11-23T02:53:12.133321,,1455
Kyber1024,keygen,1024,1,0.0,1,1,0,QPC,windows,0,0.0837,11947.43,KEM,True,2025-11-23T02:53:12.133460,,1456
Kyber1024,keygen,1024,1,0.0,1,1,0,QPC,windows,0,0.0845,11834.32,KEM,True,2025-11-23T02:53:12.133598,,1457
Kyber1024,keygen,1024,1,0.0,1,1,0,QPC,windows,0,0.0842,11876.48,KEM,True,2025-11-23T02:53:12.133736,,1458
Kyber1024,keygen,1024,1,0.0,1,1,0,QPC,windows,0,0.0908,11013.22,KEM,True,2025-11-23T02:53:12.133883,,1459
Kyber1024,keygen,1024,1,0.0,1,1,0,QPC,windows,0,0.084,11904.76,KEM,True,2025-11-23T02:53:12.134031,,1460
Kyber1024,keygen,1024,16,0.0,1,1,0,QPC,windows,0,0.0842,11876.48,KEM,True,2025-11-23T02:53:12.134170,,1461
Kyber1024,keygen,1024,16,0.0,1,1,0,QPC,windows,0,0.0839,11918.95,KEM,True,2025-11-23T02:53:12.134308,,1462
Kyber1024,keygen,1024,16,0.0,1,1,0,QPC,windows,0,0.0839,11918.95,KEM,True,2025-11-23T02:53:12.134448,,1463
Kyber1024,keygen,1024,16,0.0,1,1,0,QPC,windows,0,0.0831,12033.7,KEM,True,2025-11-23T02:53:12.134586,,1464
Kyber1024,keygen,1024,16,0.0,1,1,0,QPC,windows,0,0.0833,12004.8,KEM,True,2025-11-23T02:53:12.134724,,1465
Kyber1024,keygen,1024,64,0.0,1,1,0,QPC,windows,0,0.0835,11976.05,KEM,True,2025-11-23T02:53:12.134861,,1466
Kyber1024,keygen,1024,64,0.0,1,1,0,QPC,windows,0,0.0925,10810.81,KEM,True,2025-11-23T02:53:12.135033,,1467
Kyber1024,keygen,1024,64,0.0,1,1,0,QPC,windows,0,0.0868,11520.73,KEM,True,2025-11-23T02:53:12.135184,,1468
Kyber1024,keygen,1024,64,0.0,1,1,0,QPC,windows,0,0.0857,11668.61,KEM,True,2025-11-23T02:53:12.135328,,1469
Kyber1024,keygen,1024,64,0.0,1,1,0,QPC,windows,0,0.0846,11820.33,KEM,True,2025-11-23T02:53:12.135469,,1470
Kyber1024,encap,0,1,0.0,1,1,0,QPC,windows,0,0.1737,5757.05,KEM,True,2025-11-23T02:53:12.135721,,1471
Kyber1024,encap,0,1,0.0,1,1,0,QPC,windows,0,0.1722,5807.2,KEM,True,2025-11-23T02:53:12.135950,,1472
Kyber1024,encap,0,1,0.0,1,1,0,QPC,windows,0,0.1701,5878.89,KEM,True,2025-11-23T02:53:12.136177,,1473
Kyber1024,encap,0,1,0.0,1,1,0,QPC,windows,0,0.1778,5624.3,KEM,True,2025-11-23T02:53:12.136423,,1474
Kyber1024,encap,0,1,0.0,1,1,0,QPC,windows,0,0.1709,5851.38,KEM,True,2025-11-23T02:53:12.136658,,1475
Kyber1024,encap,0,16,0.0,1,1,0,QPC,windows,0,0.1701,5878.89,KEM,True,2025-11-23T02:53:12.136888,,1476
Kyber1024,encap,0,16,0.0,1,1,0,QPC,windows,0,0.1685,5934.72,KEM,True,2025-11-23T02:53:12.137114,,1477
Kyber1024,encap,0,16,0.0,1,1,0,QPC,windows,0,0.1681,5948.84,KEM,True,2025-11-23T02:53:12.137340,,1478
Kyber1024,encap,0,16,0.0,1,1,0,QPC,windows,0,0.1781,5614.82,KEM,True,2025-11-23T02:53:12.137575,,1479
Kyber1024,encap,0,16,0.0,1,1,0,QPC,windows,0,0.2247,4450.38,KEM,True,2025-11-23T02:53:12.137877,,1480
Kyber1024,encap,0,64,0.0,1,1,0,QPC,windows,0,0.2016,4960.32,KEM,True,2025-11-23T02:53:12.138167,,1481
Kyber1024,encap,0,64,0.0,1,1,0,QPC,windows,0,0.1765,5665.72,KEM,True,2025-11-23T02:53:12.138415,,1482
Kyber1024,encap,0,64,0.0,1,1,0,QPC,windows,0,0.1725,5797.1,KEM,True,2025-11-23T02:53:12.138645,,1483
Kyber1024,encap,0,64,0.0,1,1,0,QPC,windows,0,0.173,5780.35,KEM,True,2025-11-23T02:53:12.138877,,1484
Kyber1024,encap,0,64,0.0,1,1,0,QPC,windows,0,0.1717,5824.11,KEM,True,2025-11-23T02:53:12.139104,,1485
Kyber1024,encap,1024,1,0.0,1,1,0,QPC,windows,0,0.1747,5724.1,KEM,True,2025-11-23T02:53:12.139335,,1486
Kyber1024,encap,1024,1,0.0,1,1,0,QPC,windows,0,0.1702,5875.44,KEM,True,2025-11-23T02:53:12.139563,,1487
Kyber1024,encap,1024,1,0.0,1,1,0,QPC,windows,0,0.1696,5896.23,KEM,True,2025-11-23T02:53:12.139792,,1488
Kyber1024,encap,1024,1,0.0,1,1,0,QPC,windows,0,0.171,5847.95,KEM,True,2025-11-23T02:53:12.140021,,1489
Kyber1024,encap,1024,1,0.0,1,1,0,QPC,windows,0,0.1704,5868.54,KEM,True,2025-11-23T02:53:12.140248,,1490
Kyber1024,encap,1024,16,0.0,1,1,0,QPC,windows,0,0.1734,5767.01,KEM,True,2025-11-23T02:53:12.140479,,1491
Kyber1024,encap,1024,16,0.0,1,1,0,QPC,windows,0,0.1696,5896.23,KEM,True,2025-11-23T02:53:12.140707,,1492
Kyber1024,encap,1024,16,0.0,1,1,0,QPC,windows,0,0.1705,5865.1,KEM,True,2025-11-23T02:53:12.140934,,1493
Kyber1024,encap,1024,16,0.0,1,1,0,QPC,windows,0,0.2253,4438.53,KEM,True,2025-11-23T02:53:12.141242,,1494
Kyber1024,encap,1024,16,0.0,1,1,0,QPC,windows,0,0.2173,4601.93,KEM,True,2025-11-23T02:53:12.141530,,1495
Kyber1024,encap,1024,64,0.0,1,1,0,QPC,windows,0,0.2136,4681.65,KEM,True,2025-11-23T02:53:12.141809,,1496
Kyber1024,encap,1024,64,0.0,1,1,0,QPC,windows,0,0.2145,4662.0,KEM,True,2025-11-23T02:53:12.142089,,1497
Kyber1024,encap,1024,64,0.0,1,1,0,QPC,windows,0,0.1866,5359.06,KEM,True,2025-11-23T02:53:12.142338,,1498
Kyber1024,encap,1024,64,0.0,1,1,0,QPC,windows,0,0.1797,5564.83,KEM,True,2025-11-23T02:53:12.142580,,1499
Kyber1024,encap,1024,64,0.0,1,1,0,QPC,windows,0,0.1697,5892.75,KEM,True,2025-11-23T02:53:12.142810,,1500
Kyber1024,decap,0,1,0.0,1,1,0,QPC,windows,0,0.2692,3714.71,KEM,True,2025-11-23T02:53:12.143160,,1501
Kyber1024,decap,0,1,0.0,1,1,0,QPC,windows,0,0.2667,3749.53,KEM,True,2025-11-23T02:53:12.143485,,1502
Kyber1024,decap,0,1,0.0,1,1,0,QPC,windows,0,0.3721,2687.45,KEM,True,2025-11-23T02:53:12.143921,,1503
Kyber1024,decap,0,1,0.0,1,1,0,QPC,windows,0,0.346,2890.17,KEM,True,2025-11-23T02:53:12.144573,,1504
Kyber1024,decap,0,1,0.0,1,1,0,QPC,windows,0,0.2759,3624.5,KEM,True,2025-11-23T02:53:12.144933,,1505
Kyber1024,decap,0,16,0.0,1,1,0,QPC,windows,0,0.2704,3698.22,KEM,True,2025-11-23T02:53:12.145263,,1506
Kyber1024,decap,0,16,0.0,1,1,0,QPC,windows,0,0.2769,3611.41,KEM,True,2025-11-23T02:53:12.145597,,1507
Kyber1024,decap,0,16,0.0,1,1,0,QPC,windows,0,0.2661,3757.99,KEM,True,2025-11-23T02:53:12.145923,,1508
Kyber1024,decap,0,16,0.0,1,1,0,QPC,windows,0,0.2762,3620.56,KEM,True,2025-11-23T02:53:12.146257,,1509
Kyber1024,decap,0,16,0.0,1,1,0,QPC,windows,0,0.2674,3739.72,KEM,True,2025-11-23T02:53:12.146615,,1510
Kyber1024,decap,0,64,0.0,1,1,0,QPC,windows,0,0.2641,3786.44,KEM,True,2025-11-23T02:53:12.146941,,1511
Kyber1024,decap,0,64,0.0,1,1,0,QPC,windows,0,0.2647,3777.86,KEM,True,2025-11-23T02:53:12.147265,,1512
Kyber1024,decap,0,64,0.0,1,1,0,QPC,windows,0,0.2691,3716.09,KEM,True,2025-11-23T02:53:12.147593,,1513
Kyber1024,decap,0,64,0.0,1,1,0,QPC,windows,0,0.2651,3772.16,KEM,True,2025-11-23T02:53:12.147916,,1514
Kyber1024,decap,0,64,0.0,1,1,0,QPC,windows,0,0.2651,3772.16,KEM,True,2025-11-23T02:53:12.148239,,1515
Kyber1024,decap,1024,1,0.0,1,1,0,QPC,windows,0,0.266,3759.4,KEM,True,2025-11-23T02:53:12.148572,,1516
Kyber1024,decap,1024,1,0.0,1,1,0,QPC,windows,0,0.2649,3775.01,KEM,True,2025-11-23T02:53:12.148897,,1517
Kyber1024,decap,1024,1,0.0,1,1,0,QPC,windows,0,0.2652,3770.74,KEM,True,2025-11-23T02:53:12.149220,,1518
Kyber1024,decap,1024,1,0.0,1,1,0,QPC,windows,0,0.2656,3765.06,KEM,True,2025-11-23T02:53:12.149543,,1519
Kyber1024,decap,1024,1,0.0,1,1,0,QPC,windows,0,0.535,1869.16,KEM,True,2025-11-23T02:53:12.150182,,1520
Kyber1024,decap,1024,16,0.0,1,1,0,QPC,windows,0,0.2774,3604.9,KEM,True,2025-11-23T02:53:12.150550,,1521
Kyber1024,decap,1024,16,0.0,1,1,0,QPC,windows,0,0.2805,3565.06,KEM,True,2025-11-23T02:53:12.150902,,1522
Kyber1024,decap,1024,16,0.0,1,1,0,QPC,windows,0,0.2706,3695.49,KEM,True,2025-11-23T02:53:12.151235,,1523
Kyber1024,decap,1024,16,0.0,1,1,0,QPC,windows,0,0.2668,3748.13,KEM,True,2025-11-23T02:53:12.151563,,1524
Kyber1024,decap,1024,16,0.0,1,1,0,QPC,windows,0,0.2651,3772.16,KEM,True,2025-11-23T02:53:12.151889,,1525
Kyber1024,decap,1024,64,0.0,1,1,0,QPC,windows,0,0.2659,3760.81,KEM,True,2025-11-23T02:53:12.152214,,1526
Kyber1024,decap,1024,64,0.0,1,1,0,QPC,windows,0,0.2654,3767.9,KEM,True,2025-11-23T02:53:12.152538,,1527
Kyber1024,decap,1024,64,0.0,1,1,0,QPC,windows,0,0.2634,3796.51,KEM,True,2025-11-23T02:53:12.152862,,1528
Kyber1024,decap,1024,64,0.0,1,1,0,QPC,windows,0,0.2645,3780.72,KEM,True,2025-11-23T02:53:12.153185,,1529
Kyber1024,decap,1024,64,0.0,1,1,0,QPC,windows,0,0.2636,3793.63,KEM,True,2025-11-23T02:53:12.153507,,1530
Kyber512,keygen,0,1,0.0,1,1,0,QPC,windows,0,0.0884,11312.22,KEM,True,2025-11-23T02:53:12.153677,,1531
Kyber512,keygen,0,1,0.0,1,1,0,QPC,windows,0,0.0455,21978.02,KEM,True,2025-11-23T02:53:12.153784,,1532
Kyber512,keygen,0,1,0.0,1,1,0,QPC,windows,0,0.0441,22675.73,KEM,True,2025-11-23T02:53:12.153886,,1533
Kyber512,keygen,0,1,0.0,1,1,0,QPC,windows,0,0.0438,22831.06,KEM,True,2025-11-23T02:53:12.153986,,1534
Kyber512,keygen,0,1,0.0,1,1,0,QPC,windows,0,0.0432,23148.14,KEM,True,2025-11-23T02:53:12.154088,,1535
Kyber512,keygen,0,16,0.0,1,1,0,QPC,windows,0,0.0447,22371.37,KEM,True,2025-11-23T02:53:12.154203,,1536
Kyber512,keygen,0,16,0.0,1,1,0,QPC,windows,0,0.0442,22624.43,KEM,True,2025-11-23T02:53:12.154306,,1537
Kyber512,keygen,0,16,0.0,1,1,0,QPC,windows,0,0.0433,23094.68,KEM,True,2025-11-23T02:53:12.154403,,1538
Kyber512,keygen,0,16,0.0,1,1,0,QPC,windows,0,0.0438,22831.04,KEM,True,2025-11-23T02:53:12.154501,,1539
Kyber512,keygen,0,16,0.0,1,1,0,QPC,windows,0,0.0424,23584.9,KEM,True,2025-11-23T02:53:12.154598,,1540
Kyber512,keygen,0,64,0.0,1,1,0,QPC,windows,0,0.0435,22988.52,KEM,True,2025-11-23T02:53:12.154696,,1541
Kyber512,keygen,0,64,0.0,1,1,0,QPC,windows,0,0.0424,23584.9,KEM,True,2025-11-23T02:53:12.154792,,1542
Kyber512,keygen,0,64,0.0,1,1,0,QPC,windows,0,0.0429,23310.02,KEM,True,2025-11-23T02:53:12.154889,,1543
Kyber512,keygen,0,64,0.0,1,1,0,QPC,windows,0,0.0434,23041.47,KEM,True,2025-11-23T02:53:12.154986,,1544
Kyber512,keygen,0,64,0.0,1,1,0,QPC,windows,0,0.0433,23094.7,KEM,True,2025-11-23T02:53:12.155083,,1545
Kyber512,keygen,1024,1,0.0,1,1,0,QPC,windows,0,0.0429,23310.02,KEM,True,2025-11-23T02:53:12.155180,,1546
Kyber512,keygen,1024,1,0.0,1,1,0,QPC,windows,0,0.0436,22935.79,KEM,True,2025-11-23T02:53:12.155277,,1547
Kyber512,keygen,1024,1,0.0,1,1,0,QPC,windows,0,0.0421,23752.97,KEM,True,2025-11-23T02:53:12.155373,,1548
Kyber512,keygen,1024,1,0.0,1,1,0,QPC,windows,0,0.0434,23041.47,KEM,True,2025-11-23T02:53:12.155471,,1549
Kyber512,keygen,1024,1,0.0,1,1,0,QPC,windows,0,0.0427,23419.2,KEM,True,2025-11-23T02:53:12.155568,,1550
Kyber512,keygen,1024,16,0.0,1,1,0,QPC,windows,0,0.0558,17921.14,KEM,True,2025-11-23T02:53:12.155679,,1551
Kyber512,keygen,1024,16,0.0,1,1,0,QPC,windows,0,0.0469,21321.96,KEM,True,2025-11-23T02:53:12.155792,,1552
Kyber512,keygen,1024,16,0.0,1,1,0,QPC,windows,0,0.0721,13869.63,KEM,True,2025-11-23T02:53:12.155933,,1553
Kyber512,keygen,1024,16,0.0,1,1,0,QPC,windows,0,0.0649,15408.32,KEM,True,2025-11-23T02:53:12.156076,,1554
Kyber512,keygen,1024,16,0.0,1,1,0,QPC,windows,0,0.0723,13831.26,KEM,True,2025-11-23T02:53:12.156438,,1555
Kyber512,keygen,1024,64,0.0,1,1,0,QPC,windows,0,0.0461,21691.99,KEM,True,2025-11-23T02:53:12.156554,,1556
Kyber512,keygen,1024,64,0.0,1,1,0,QPC,windows,0,0.0443,22573.37,KEM,True,2025-11-23T02:53:12.156654,,1557
Kyber512,keygen,1024,64,0.0,1,1,0,QPC,windows,0,0.0436,22935.79,KEM,True,2025-11-23T02:53:12.156753,,1558
Kyber512,keygen,1024,64,0.0,1,1,0,QPC,windows,0,0.0432,23148.14,KEM,True,2025-11-23T02:53:12.156850,,1559
Kyber512,keygen,1024,64,0.0,1,1,0,QPC,windows,0,0.0428,23364.48,KEM,True,2025-11-23T02:53:12.156947,,1560
Kyber512,encap,0,1,0.0,1,1,0,QPC,windows,0,0.1175,8510.64,KEM,True,2025-11-23T02:53:12.157142,,1561
Kyber512,encap,0,1,0.0,1,1,0,QPC,windows,0,0.0865,11560.69,KEM,True,2025-11-23T02:53:12.157288,,1562
Kyber512,encap,0,1,0.0,1,1,0,QPC,windows,0,0.0846,11820.33,KEM,True,2025-11-23T02:53:12.157428,,1563
Kyber512,encap,0,1,0.0,1,1,0,QPC,windows,0,0.0841,11890.61,KEM,True,2025-11-23T02:53:12.157567,,1564
Kyber512,encap,0,1,0.0,1,1,0,QPC,windows,0,0.0845,11834.32,KEM,True,2025-11-23T02:53:12.157706,,1565
Kyber512,encap,0,16,0.0,1,1,0,QPC,windows,0,0.0836,11961.72,KEM,True,2025-11-23T02:53:12.157845,,1566
Kyber512,encap,0,16,0.0,1,1,0,QPC,windows,0,0.0836,11961.72,KEM,True,2025-11-23T02:53:12.157983,,1567
Kyber512,encap,0,16,0.0,1,1,0,QPC,windows,0,0.0894,11185.68,KEM,True,2025-11-23T02:53:12.158127,,1568
Kyber512,encap,0,16,0.0,1,1,0,QPC,windows,0,0.0865,11560.69,KEM,True,2025-11-23T02:53:12.158269,,1569
Kyber512,encap,0,16,0.0,1,1,0,QPC,windows,0,0.0836,11961.72,KEM,True,2025-11-23T02:53:12.158408,,1570
Kyber512,encap,0,64,0.0,1,1,0,QPC,windows,0,0.0835,11976.05,KEM,True,2025-11-23T02:53:12.158546,,1571
Kyber512,encap,0,64,0.0,1,1,0,QPC,windows,0,0.0838,11933.17,KEM,True,2025-11-23T02:53:12.158684,,1572
Kyber512,encap,0,64,0.0,1,1,0,QPC,windows,0,0.083,12048.19,KEM,True,2025-11-23T02:53:12.158823,,1573
Kyber512,encap,0,64,0.0,1,1,0,QPC,windows,0,0.0844,11848.34,KEM,True,2025-11-23T02:53:12.158962,,1574
Kyber512,encap,0,64,0.0,1,1,0,QPC,windows,0,0.0831,12033.7,KEM,True,2025-11-23T02:53:12.159100,,1575
Kyber512,encap,1024,1,0.0,1,1,0,QPC,windows,0,0.0842,11876.48,KEM,True,2025-11-23T02:53:12.159241,,1576
Kyber512,encap,1024,1,0.0,1,1,0,QPC,windows,0,0.083,12048.19,KEM,True,2025-11-23T02:53:12.159378,,1577
Kyber512,encap,1024,1,0.0,1,1,0,QPC,windows,0,0.0834,11990.41,KEM,True,2025-11-23T02:53:12.159515,,1578
Kyber512,encap,1024,1,0.0,1,1,0,QPC,windows,0,0.0876,11415.52,KEM,True,2025-11-23T02:53:12.159658,,1579
Kyber512,encap,1024,1,0.0,1,1,0,QPC,windows,0,0.0838,11933.17,KEM,True,2025-11-23T02:53:12.159797,,1580
Kyber512,encap,1024,16,0.0,1,1,0,QPC,windows,0,0.0832,12019.23,KEM,True,2025-11-23T02:53:12.159935,,1581
Kyber512,encap,1024,16,0.0,1,1,0,QPC,windows,0,0.0831,12033.7,KEM,True,2025-11-23T02:53:12.160073,,1582
Kyber512,encap,1024,16,0.0,1,1,0,QPC,windows,0,0.0934,10706.64,KEM,True,2025-11-23T02:53:12.160221,,1583
Kyber512,encap,1024,16,0.0,1,1,0,QPC,windows,0,0.0842,11876.48,KEM,True,2025-11-23T02:53:12.160363,,1584
Kyber512,encap,1024,16,0.0,1,1,0,QPC,windows,0,0.0832,12019.23,KEM,True,2025-11-23T02:53:12.160502,,1585
Kyber512,encap,1024,64,0.0,1,1,0,QPC,windows,0,0.0828,12077.29,KEM,True,2025-11-23T02:53:12.160639,,1586
Kyber512,encap,1024,64,0.0,1,1,0,QPC,windows,0,0.0827,12091.9,KEM,True,2025-11-23T02:53:12.160777,,1587
Kyber512,encap,1024,64,0.0,1,1,0,QPC,windows,0,0.0835,11976.04,KEM,True,2025-11-23T02:53:12.160915,,1588
Kyber512,encap,1024,64,0.0,1,1,0,QPC,windows,0,0.0877,11402.5,KEM,True,2025-11-23T02:53:12.161087,,1589
Kyber512,encap,1024,64,0.0,1,1,0,QPC,windows,0,0.0838,11933.17,KEM,True,2025-11-23T02:53:12.161227,,1590
Kyber512,decap,0,1,0.0,1,1,0,QPC,windows,0,0.1311,7627.76,KEM,True,2025-11-23T02:53:12.161434,,1591
Kyber512,decap,0,1,0.0,1,1,0,QPC,windows,0,0.1314,7610.35,KEM,True,2025-11-23T02:53:12.161621,,1592
Kyber512,decap,0,1,0.0,1,1,0,QPC,windows,0,0.1815,5509.64,KEM,True,2025-11-23T02:53:12.161859,,1593
Kyber512,decap,0,1,0.0,1,1,0,QPC,windows,0,0.1737,5757.05,KEM,True,2025-11-23T02:53:12.162114,,1594
Kyber512,decap,0,1,0.0,1,1,0,QPC,windows,0,0.14,7142.86,KEM,True,2025-11-23T02:53:12.162335,,1595
Kyber512,decap,0,16,0.0,1,1,0,QPC,windows,0,0.1565,6389.78,KEM,True,2025-11-23T02:53:12.162563,,1596
Kyber512,decap,0,16,0.0,1,1,0,QPC,windows,0,0.1337,7479.43,KEM,True,2025-11-23T02:53:12.162758,,1597
Kyber512,decap,0,16,0.0,1,1,0,QPC,windows,0,0.1321,7570.02,KEM,True,2025-11-23T02:53:12.162947,,1598
Kyber512,decap,0,16,0.0,1,1,0,QPC,windows,0,0.131,7633.59,KEM,True,2025-11-23T02:53:12.163134,,1599
Kyber512,decap,0,16,0.0,1,1,0,QPC,windows,0,0.131,7633.59,KEM,True,2025-11-23T02:53:12.163320,,1600
Kyber512,decap,0,64,0.0,1,1,0,QPC,windows,0,0.1308,7645.26,KEM,True,2025-11-23T02:53:12.163508,,1601
Kyber512,decap,0,64,0.0,1,1,0,QPC,windows,0,0.1317,7593.02,KEM,True,2025-11-23T02:53:12.163695,,1602
Kyber512,decap,0,64,0.0,1,1,0,QPC,windows,0,0.1311,7627.76,KEM,True,2025-11-23T02:53:12.163881,,1603
Kyber512,decap,0,64,0.0,1,1,0,QPC,windows,0,0.131,7633.59,KEM,True,2025-11-23T02:53:12.164067,,1604
Kyber512,decap,0,64,0.0,1,1,0,QPC,windows,0,0.1296,7716.05,KEM,True,2025-11-23T02:53:12.164252,,1605
Kyber512,decap,1024,1,0.0,1,1,0,QPC,windows,0,0.1299,7698.23,KEM,True,2025-11-23T02:53:12.164437,,1606
Kyber512,decap,1024,1,0.0,1,1,0,QPC,windows,0,0.1307,7651.11,KEM,True,2025-11-23T02:53:12.164622,,1607
Kyber512,decap,1024,1,0.0,1,1,0,QPC,windows,0,0.1505,6644.52,KEM,True,2025-11-23T02:53:12.164829,,1608
Kyber512,decap,1024,1,0.0,1,1,0,QPC,windows,0,0.1809,5527.92,KEM,True,2025-11-23T02:53:12.165102,,1609
Kyber512,decap,1024,1,0.0,1,1,0,QPC,windows,0,0.1522,6570.3,KEM,True,2025-11-23T02:53:12.165328,,1610
Kyber512,decap,1024,16,0.0,1,1,0,QPC,windows,0,0.1328,7530.12,KEM,True,2025-11-23T02:53:12.165521,,1611
Kyber512,decap,1024,16,0.0,1,1,0,QPC,windows,0,0.1357,7369.2,KEM,True,2025-11-23T02:53:12.165723,,1612
Kyber512,decap,1024,16,0.0,1,1,0,QPC,windows,0,0.141,7092.2,KEM,True,2025-11-23T02:53:12.165932,,1613
Kyber512,decap,1024,16,0.0,1,1,0,QPC,windows,0,0.1348,7418.4,KEM,True,2025-11-23T02:53:12.166136,,1614
Kyber512,decap,1024,16,0.0,1,1,0,QPC,windows,0,0.1395,7168.46,KEM,True,2025-11-23T02:53:12.166338,,1615
Kyber512,decap,1024,64,0.0,1,1,0,QPC,windows,0,0.132,7575.76,KEM,True,2025-11-23T02:53:12.166531,,1616
Kyber512,decap,1024,64,0.0,1,1,0,QPC,windows,0,0.1307,7651.11,KEM,True,2025-11-23T02:53:12.166718,,1617
Kyber512,decap,1024,64,0.0,1,1,0,QPC,windows,0,0.1308,7645.26,KEM,True,2025-11-23T02:53:12.166905,,1618
Kyber512,decap,1024,64,0.0,1,1,0,QPC,windows,0,0.1314,7610.35,KEM,True,2025-11-23T02:53:12.167092,,1619
Kyber512,decap,1024,64,0.0,1,1,0,QPC,windows,0,0.136,7352.94,KEM,True,2025-11-23T02:53:12.167285,,1620
Kyber768,keygen,0,1,0.0,1,1,0,QPC,windows,0,0.1022,9784.74,KEM,True,2025-11-23T02:53:12.167472,,1621
Kyber768,keygen,0,1,0.0,1,1,0,QPC,windows,0,0.0648,15432.1,KEM,True,2025-11-23T02:53:12.167599,,1622
Kyber768,keygen,0,1,0.0,1,1,0,QPC,windows,0,0.0605,16528.92,KEM,True,2025-11-23T02:53:12.167718,,1623
Kyber768,keygen,0,1,0.0,1,1,0,QPC,windows,0,0.0599,16694.49,KEM,True,2025-11-23T02:53:12.167841,,1624
Kyber768,keygen,0,1,0.0,1,1,0,QPC,windows,0,0.0823,12150.67,KEM,True,2025-11-23T02:53:12.167995,,1625
Kyber768,keygen,0,16,0.0,1,1,0,QPC,windows,0,0.0925,10810.81,KEM,True,2025-11-23T02:53:12.168164,,1626
Kyber768,keygen,0,16,0.0,1,1,0,QPC,windows,0,0.0725,13793.1,KEM,True,2025-11-23T02:53:12.168324,,1627
Kyber768,keygen,0,16,0.0,1,1,0,QPC,windows,0,0.066,15151.51,KEM,True,2025-11-23T02:53:12.168459,,1628
Kyber768,keygen,0,16,0.0,1,1,0,QPC,windows,0,0.0697,14347.2,KEM,True,2025-11-23T02:53:12.168598,,1629
Kyber768,keygen,0,16,0.0,1,1,0,QPC,windows,0,0.0614,16286.64,KEM,True,2025-11-23T02:53:12.168718,,1630
Kyber768,keygen,0,64,0.0,1,1,0,QPC,windows,0,0.0612,16339.87,KEM,True,2025-11-23T02:53:12.168838,,1631
Kyber768,keygen,0,64,0.0,1,1,0,QPC,windows,0,0.0606,16501.65,KEM,True,2025-11-23T02:53:12.168955,,1632
Kyber768,keygen,0,64,0.0,1,1,0,QPC,windows,0,0.0614,16286.64,KEM,True,2025-11-23T02:53:12.169072,,1633
Kyber768,keygen,0,64,0.0,1,1,0,QPC,windows,0,0.0607,16474.47,KEM,True,2025-11-23T02:53:12.169186,,1634
Kyber768,keygen,0,64,0.0,1,1,0,QPC,windows,0,0.0601,16638.94,KEM,True,2025-11-23T02:53:12.169301,,1635
Kyber768,keygen,1024,1,0.0,1,1,0,QPC,windows,0,0.0613,16313.21,KEM,True,2025-11-23T02:53:12.169416,,1636
Kyber768,keygen,1024,1,0.0,1,1,0,QPC,windows,0,0.06,16666.67,KEM,True,2025-11-23T02:53:12.169530,,1637
Kyber768,keygen,1024,1,0.0,1,1,0,QPC,windows,0,0.0602,16611.29,KEM,True,2025-11-23T02:53:12.169644,,1638
Kyber768,keygen,1024,1,0.0,1,1,0,QPC,windows,0,0.0606,16501.65,KEM,True,2025-11-23T02:53:12.169758,,1639
Kyber768,keygen,1024,1,0.0,1,1,0,QPC,windows,0,0.0599,16694.49,KEM,True,2025-11-23T02:53:12.169871,,1640
Kyber768,keygen,1024,16,0.0,1,1,0,QPC,windows,0,0.061,16393.44,KEM,True,2025-11-23T02:53:12.169986,,1641
Kyber768,keygen,1024,16,0.0,1,1,0,QPC,windows,0,0.0599,16694.49,KEM,True,2025-11-23T02:53:12.170099,,1642
Kyber768,keygen,1024,16,0.0,1,1,0,QPC,windows,0,0.0596,16778.52,KEM,True,2025-11-23T02:53:12.170213,,1643
Kyber768,keygen,1024,16,0.0,1,1,0,QPC,windows,0,0.0597,16750.42,KEM,True,2025-11-23T02:53:12.170326,,1644
Kyber768,keygen,1024,16,0.0,1,1,0,QPC,windows,0,0.0604,16556.29,KEM,True,2025-11-23T02:53:12.170442,,1645
Kyber768,keygen,1024,64,0.0,1,1,0,QPC,windows,0,0.0602,16611.3,KEM,True,2025-11-23T02:53:12.170556,,1646
Kyber768,keygen,1024,64,0.0,1,1,0,QPC,windows,0,0.0593,16863.4,KEM,True,2025-11-23T02:53:12.170668,,1647
Kyber768,keygen,1024,64,0.0,1,1,0,QPC,windows,0,0.0599,16694.49,KEM,True,2025-11-23T02:53:12.170781,,1648
Kyber768,keygen,1024,64,0.0,1,1,0,QPC,windows,0,0.06,16666.66,KEM,True,2025-11-23T02:53:12.170894,,1649
Kyber768,keygen,1024,64,0.0,1,1,0,QPC,windows,0,0.0599,16694.49,KEM,True,2025-11-23T02:53:12.171007,,1650
Kyber768,encap,0,1,0.0,1,1,0,QPC,windows,0,0.1493,6697.92,KEM,True,2025-11-23T02:53:12.171232,,1651
Kyber768,encap,0,1,0.0,1,1,0,QPC,windows,0,0.1238,8077.54,KEM,True,2025-11-23T02:53:12.171414,,1652
Kyber768,encap,0,1,0.0,1,1,0,QPC,windows,0,0.1247,8019.25,KEM,True,2025-11-23T02:53:12.171594,,1653
Kyber768,encap,0,1,0.0,1,1,0,QPC,windows,0,0.1216,8223.68,KEM,True,2025-11-23T02:53:12.171770,,1654
Kyber768,encap,0,1,0.0,1,1,0,QPC,windows,0,0.1203,8312.55,KEM,True,2025-11-23T02:53:12.171944,,1655
Kyber768,encap,0,16,0.0,1,1,0,QPC,windows,0,0.1209,8271.3,KEM,True,2025-11-23T02:53:12.172121,,1656
Kyber768,encap,0,16,0.0,1,1,0,QPC,windows,0,0.1204,8305.65,KEM,True,2025-11-23T02:53:12.172296,,1657
Kyber768,encap,0,16,0.0,1,1,0,QPC,windows,0,0.126,7936.51,KEM,True,2025-11-23T02:53:12.172476,,1658
Kyber768,encap,0,16,0.0,1,1,0,QPC,windows,0,0.1207,8285.0,KEM,True,2025-11-23T02:53:12.172652,,1659
Kyber768,encap,0,16,0.0,1,1,0,QPC,windows,0,0.1212,8250.83,KEM,True,2025-11-23T02:53:12.172827,,1660
Kyber768,encap,0,64,0.0,1,1,0,QPC,windows,0,0.1205,8298.76,KEM,True,2025-11-23T02:53:12.173002,,1661
Kyber768,encap,0,64,0.0,1,1,0,QPC,windows,0,0.1207,8285.0,KEM,True,2025-11-23T02:53:12.173177,,1662
Kyber768,encap,0,64,0.0,1,1,0,QPC,windows,0,0.1202,8319.47,KEM,True,2025-11-23T02:53:12.173351,,1663
Kyber768,encap,0,64,0.0,1,1,0,QPC,windows,0,0.1207,8285.0,KEM,True,2025-11-23T02:53:12.173529,,1664
Kyber768,encap,0,64,0.0,1,1,0,QPC,windows,0,0.1204,8305.65,KEM,True,2025-11-23T02:53:12.173706,,1665
Kyber768,encap,1024,1,0.0,1,1,0,QPC,windows,0,0.1525,6557.38,KEM,True,2025-11-23T02:53:12.173919,,1666
Kyber768,encap,1024,1,0.0,1,1,0,QPC,windows,0,0.1604,6234.41,KEM,True,2025-11-23T02:53:12.174153,,1667
Kyber768,encap,1024,1,0.0,1,1,0,QPC,windows,0,0.1521,6574.62,KEM,True,2025-11-23T02:53:12.174374,,1668
Kyber768,encap,1024,1,0.0,1,1,0,QPC,windows,0,0.1596,6265.66,KEM,True,2025-11-23T02:53:12.174631,,1669
Kyber768,encap,1024,1,0.0,1,1,0,QPC,windows,0,0.1244,8038.58,KEM,True,2025-11-23T02:53:12.174820,,1670
Kyber768,encap,1024,16,0.0,1,1,0,QPC,windows,0,0.1236,8090.61,KEM,True,2025-11-23T02:53:12.175014,,1671
Kyber768,encap,1024,16,0.0,1,1,0,QPC,windows,0,0.1224,8169.93,KEM,True,2025-11-23T02:53:12.175193,,1672
Kyber768,encap,1024,16,0.0,1,1,0,QPC,windows,0,0.1218,8210.18,KEM,True,2025-11-23T02:53:12.175370,,1673
Kyber768,encap,1024,16,0.0,1,1,0,QPC,windows,0,0.1205,8298.75,KEM,True,2025-11-23T02:53:12.175545,,1674
Kyber768,encap,1024,16,0.0,1,1,0,QPC,windows,0,0.1201,8326.4,KEM,True,2025-11-23T02:53:12.175719,,1675
Kyber768,encap,1024,64,0.0,1,1,0,QPC,windows,0,0.1214,8237.23,KEM,True,2025-11-23T02:53:12.175895,,1676
Kyber768,encap,1024,64,0.0,1,1,0,QPC,windows,0,0.1201,8326.39,KEM,True,2025-11-23T02:53:12.176070,,1677
Kyber768,encap,1024,64,0.0,1,1,0,QPC,windows,0,0.1309,7639.42,KEM,True,2025-11-23T02:53:12.176254,,1678
Kyber768,encap,1024,64,0.0,1,1,0,QPC,windows,0,0.1217,8216.93,KEM,True,2025-11-23T02:53:12.176437,,1679
Kyber768,encap,1024,64,0.0,1,1,0,QPC,windows,0,0.1202,8319.47,KEM,True,2025-11-23T02:53:12.176617,,1680
Kyber768,decap,0,1,0.0,1,1,0,QPC,windows,0,0.1899,5265.93,KEM,True,2025-11-23T02:53:12.176888,,1681
Kyber768,decap,0,1,0.0,1,1,0,QPC,windows,0,0.1893,5282.62,KEM,True,2025-11-23T02:53:12.177135,,1682
Kyber768,decap,0,1,0.0,1,1,0,QPC,windows,0,0.1903,5254.86,KEM,True,2025-11-23T02:53:12.177383,,1683
Kyber768,decap,0,1,0.0,1,1,0,QPC,windows,0,0.1903,5254.86,KEM,True,2025-11-23T02:53:12.177628,,1684
Kyber768,decap,0,1,0.0,1,1,0,QPC,windows,0,0.1891,5288.21,KEM,True,2025-11-23T02:53:12.177871,,1685
Kyber768,decap,0,16,0.0,1,1,0,QPC,windows,0,0.1924,5197.5,KEM,True,2025-11-23T02:53:12.178339,,1686
Kyber768,decap,0,16,0.0,1,1,0,QPC,windows,0,0.1941,5151.98,KEM,True,2025-11-23T02:53:12.178591,,1687
Kyber768,decap,0,16,0.0,1,1,0,QPC,windows,0,0.1895,5277.05,KEM,True,2025-11-23T02:53:12.178838,,1688
Kyber768,decap,0,16,0.0,1,1,0,QPC,windows,0,0.1894,5279.83,KEM,True,2025-11-23T02:53:12.179084,,1689
Kyber768,decap,0,16,0.0,1,1,0,QPC,windows,0,0.1895,5277.05,KEM,True,2025-11-23T02:53:12.179331,,1690
Kyber768,decap,0,64,0.0,1,1,0,QPC,windows,0,0.189,5291.0,KEM,True,2025-11-23T02:53:12.179578,,1691
Kyber768,decap,0,64,0.0,1,1,0,QPC,windows,0,0.1892,5285.41,KEM,True,2025-11-23T02:53:12.179826,,1692
Kyber768,decap,0,64,0.0,1,1,0,QPC,windows,0,0.2232,4480.29,KEM,True,2025-11-23T02:53:12.180107,,1693
Kyber768,decap,0,64,0.0,1,1,0,QPC,windows,0,0.195,5128.21,KEM,True,2025-11-23T02:53:12.180363,,1694
Kyber768,decap,0,64,0.0,1,1,0,QPC,windows,0,0.2096,4770.99,KEM,True,2025-11-23T02:53:12.180637,,1695
Kyber768,decap,1024,1,0.0,1,1,0,QPC,windows,0,0.1938,5159.96,KEM,True,2025-11-23T02:53:12.180902,,1696
Kyber768,decap,1024,1,0.0,1,1,0,QPC,windows,0,0.1945,5141.39,KEM,True,2025-11-23T02:53:12.181185,,1697
Kyber768,decap,1024,1,0.0,1,1,0,QPC,windows,0,0.2409,4151.1,KEM,True,2025-11-23T02:53:12.181517,,1698
Kyber768,decap,1024,1,0.0,1,1,0,QPC,windows,0,0.1947,5136.11,KEM,True,2025-11-23T02:53:12.181775,,1699
Kyber768,decap,1024,1,0.0,1,1,0,QPC,windows,0,0.1916,5219.21,KEM,True,2025-11-23T02:53:12.182024,,1700
Kyber768,decap,1024,16,0.0,1,1,0,QPC,windows,0,0.1933,5173.31,KEM,True,2025-11-23T02:53:12.182274,,1701
Kyber768,decap,1024,16,0.0,1,1,0,QPC,windows,0,0.1947,5136.11,KEM,True,2025-11-23T02:53:12.182526,,1702
Kyber768,decap,1024,16,0.0,1,1,0,QPC,windows,0,0.1906,5246.59,KEM,True,2025-11-23T02:53:12.182774,,1703
Kyber768,decap,1024,16,0.0,1,1,0,QPC,windows,0,0.19,5263.16,KEM,True,2025-11-23T02:53:12.183019,,1704
Kyber768,decap,1024,16,0.0,1,1,0,QPC,windows,0,0.1917,5216.48,KEM,True,2025-11-23T02:53:12.183266,,1705
Kyber768,decap,1024,64,0.0,1,1,0,QPC,windows,0,0.1903,5254.86,KEM,True,2025-11-23T02:53:12.183514,,1706
Kyber768,decap,1024,64,0.0,1,1,0,QPC,windows,0,0.1902,5257.62,KEM,True,2025-11-23T02:53:12.183762,,1707
Kyber768,decap,1024,64,0.0,1,1,0,QPC,windows,0,0.1889,5293.81,KEM,True,2025-11-23T02:53:12.184009,,1708
Kyber768,decap,1024,64,0.0,1,1,0,QPC,windows,0,0.1924,5197.5,KEM,True,2025-11-23T02:53:12.184259,,1709
Kyber768,decap,1024,64,0.0,1,1,0,QPC,windows,0,0.1893,5282.62,KEM,True,2025-11-23T02:53:12.184509,,1710
ML-KEM-1024,keygen,0,1,0.0,1,1,0,QPC,windows,0,0.0836,11961.72,KEM,True,2025-11-23T02:53:12.184675,,1711
ML-KEM-1024,keygen,0,1,0.0,1,1,0,QPC,windows,0,0.069,14492.75,KEM,True,2025-11-23T02:53:12.184803,,1712
ML-KEM-1024,keygen,0,1,0.0,1,1,0,QPC,windows,0,0.0672,14880.95,KEM,True,2025-11-23T02:53:12.184929,,1713
ML-KEM-1024,keygen,0,1,0.0,1,1,0,QPC,windows,0,0.0663,15082.96,KEM,True,2025-11-23T02:53:12.185052,,1714
ML-KEM-1024,keygen,0,1,0.0,1,1,0,QPC,windows,0,0.0667,14992.5,KEM,True,2025-11-23T02:53:12.185177,,1715
ML-KEM-1024,keygen,0,16,0.0,1,1,0,QPC,windows,0,0.0667,14992.51,KEM,True,2025-11-23T02:53:12.185301,,1716
ML-KEM-1024,keygen,0,16,0.0,1,1,0,QPC,windows,0,0.0667,14992.51,KEM,True,2025-11-23T02:53:12.185423,,1717
ML-KEM-1024,keygen,0,16,0.0,1,1,0,QPC,windows,0,0.0667,14992.5,KEM,True,2025-11-23T02:53:12.185544,,1718
ML-KEM-1024,keygen,0,16,0.0,1,1,0,QPC,windows,0,0.067,14925.38,KEM,True,2025-11-23T02:53:12.185679,,1719
ML-KEM-1024,keygen,0,16,0.0,1,1,0,QPC,windows,0,0.0683,14641.28,KEM,True,2025-11-23T02:53:12.185804,,1720
ML-KEM-1024,keygen,0,64,0.0,1,1,0,QPC,windows,0,0.0671,14903.13,KEM,True,2025-11-23T02:53:12.185927,,1721
ML-KEM-1024,keygen,0,64,0.0,1,1,0,QPC,windows,0,0.0725,13793.1,KEM,True,2025-11-23T02:53:12.186062,,1722
ML-KEM-1024,keygen,0,64,0.0,1,1,0,QPC,windows,0,0.0937,10672.36,KEM,True,2025-11-23T02:53:12.186232,,1723
ML-KEM-1024,keygen,0,64,0.0,1,1,0,QPC,windows,0,0.0741,13495.28,KEM,True,2025-11-23T02:53:12.186384,,1724
ML-KEM-1024,keygen,0,64,0.0,1,1,0,QPC,windows,0,0.0698,14326.65,KEM,True,2025-11-23T02:53:12.186525,,1725
ML-KEM-1024,keygen,1024,1,0.0,1,1,0,QPC,windows,0,0.0995,10050.25,KEM,True,2025-11-23T02:53:12.186695,,1726
ML-KEM-1024,keygen,1024,1,0.0,1,1,0,QPC,windows,0,0.0694,14409.22,KEM,True,2025-11-23T02:53:12.186828,,1727
ML-KEM-1024,keygen,1024,1,0.0,1,1,0,QPC,windows,0,0.0699,14306.15,KEM,True,2025-11-23T02:53:12.186953,,1728
ML-KEM-1024,keygen,1024,1,0.0,1,1,0,QPC,windows,0,0.0676,14792.9,KEM,True,2025-11-23T02:53:12.187076,,1729
ML-KEM-1024,keygen,1024,1,0.0,1,1,0,QPC,windows,0,0.0753,13280.21,KEM,True,2025-11-23T02:53:12.187223,,1730
ML-KEM-1024,keygen,1024,16,0.0,1,1,0,QPC,windows,0,0.0691,14471.78,KEM,True,2025-11-23T02:53:12.187354,,1731
ML-KEM-1024,keygen,1024,16,0.0,1,1,0,QPC,windows,0,0.0682,14662.76,KEM,True,2025-11-23T02:53:12.187479,,1732
ML-KEM-1024,keygen,1024,16,0.0,1,1,0,QPC,windows,0,0.0677,14771.05,KEM,True,2025-11-23T02:53:12.187602,,1733
ML-KEM-1024,keygen,1024,16,0.0,1,1,0,QPC,windows,0,0.0672,14880.96,KEM,True,2025-11-23T02:53:12.187725,,1734
ML-KEM-1024,keygen,1024,16,0.0,1,1,0,QPC,windows,0,0.0676,14792.9,KEM,True,2025-11-23T02:53:12.187847,,1735
ML-KEM-1024,keygen,1024,64,0.0,1,1,0,QPC,windows,0,0.0669,14947.69,KEM,True,2025-11-23T02:53:12.187969,,1736
ML-KEM-1024,keygen,1024,64,0.0,1,1,0,QPC,windows,0,0.0694,14409.22,KEM,True,2025-11-23T02:53:12.188094,,1737
ML-KEM-1024,keygen,1024,64,0.0,1,1,0,QPC,windows,0,0.0669,14947.68,KEM,True,2025-11-23T02:53:12.188216,,1738
ML-KEM-1024,keygen,1024,64,0.0,1,1,0,QPC,windows,0,0.0669,14947.68,KEM,True,2025-11-23T02:53:12.188338,,1739
ML-KEM-1024,keygen,1024,64,0.0,1,1,0,QPC,windows,0,0.0665,15037.59,KEM,True,2025-11-23T02:53:12.188459,,1740
ML-KEM-1024,encap,0,1,0.0,1,1,0,QPC,windows,0,0.141,7092.2,KEM,True,2025-11-23T02:53:12.188677,,1741
ML-KEM-1024,encap,0,1,0.0,1,1,0,QPC,windows,0,0.1295,7722.01,KEM,True,2025-11-23T02:53:12.188865,,1742
ML-KEM-1024,encap,0,1,0.0,1,1,0,QPC,windows,0,0.1276,7836.99,KEM,True,2025-11-23T02:53:12.189048,,1743
ML-KEM-1024,encap,0,1,0.0,1,1,0,QPC,windows,0,0.1275,7843.14,KEM,True,2025-11-23T02:53:12.189231,,1744
ML-KEM-1024,encap,0,1,0.0,1,1,0,QPC,windows,0,0.1282,7800.31,KEM,True,2025-11-23T02:53:12.189414,,1745
ML-KEM-1024,encap,0,16,0.0,1,1,0,QPC,windows,0,0.1281,7806.4,KEM,True,2025-11-23T02:53:12.189599,,1746
ML-KEM-1024,encap,0,16,0.0,1,1,0,QPC,windows,0,0.1331,7513.15,KEM,True,2025-11-23T02:53:12.189854,,1747
ML-KEM-1024,encap,0,16,0.0,1,1,0,QPC,windows,0,0.1378,7256.89,KEM,True,2025-11-23T02:53:12.190050,,1748
ML-KEM-1024,encap,0,16,0.0,1,1,0,QPC,windows,0,0.1464,6830.6,KEM,True,2025-11-23T02:53:12.190252,,1749
ML-KEM-1024,encap,0,16,0.0,1,1,0,QPC,windows,0,0.129,7751.94,KEM,True,2025-11-23T02:53:12.190439,,1750
ML-KEM-1024,encap,0,64,0.0,1,1,0,QPC,windows,0,0.1288,7763.98,KEM,True,2025-11-23T02:53:12.190627,,1751
ML-KEM-1024,encap,0,64,0.0,1,1,0,QPC,windows,0,0.1274,7849.29,KEM,True,2025-11-23T02:53:12.190813,,1752
ML-KEM-1024,encap,0,64,0.0,1,1,0,QPC,windows,0,0.1277,7830.85,KEM,True,2025-11-23T02:53:12.190998,,1753
ML-KEM-1024,encap,0,64,0.0,1,1,0,QPC,windows,0,0.1274,7849.29,KEM,True,2025-11-23T02:53:12.191182,,1754
ML-KEM-1024,encap,0,64,0.0,1,1,0,QPC,windows,0,0.1267,7892.66,KEM,True,2025-11-23T02:53:12.191367,,1755
ML-KEM-1024,encap,1024,1,0.0,1,1,0,QPC,windows,0,0.1272,7861.64,KEM,True,2025-11-23T02:53:12.191550,,1756
ML-KEM-1024,encap,1024,1,0.0,1,1,0,QPC,windows,0,0.1371,7293.95,KEM,True,2025-11-23T02:53:12.191743,,1757
ML-KEM-1024,encap,1024,1,0.0,1,1,0,QPC,windows,0,0.1282,7800.31,KEM,True,2025-11-23T02:53:12.191929,,1758
ML-KEM-1024,encap,1024,1,0.0,1,1,0,QPC,windows,0,0.1328,7530.12,KEM,True,2025-11-23T02:53:12.192118,,1759
ML-KEM-1024,encap,1024,1,0.0,1,1,0,QPC,windows,0,0.1678,5959.48,KEM,True,2025-11-23T02:53:12.192363,,1760
ML-KEM-1024,encap,1024,16,0.0,1,1,0,QPC,windows,0,0.1753,5704.51,KEM,True,2025-11-23T02:53:12.192613,,1761
ML-KEM-1024,encap,1024,16,0.0,1,1,0,QPC,windows,0,0.155,6451.61,KEM,True,2025-11-23T02:53:12.192850,,1762
ML-KEM-1024,encap,1024,16,0.0,1,1,0,QPC,windows,0,0.1312,7621.95,KEM,True,2025-11-23T02:53:12.193045,,1763
ML-KEM-1024,encap,1024,16,0.0,1,1,0,QPC,windows,0,0.1305,7662.84,KEM,True,2025-11-23T02:53:12.193232,,1764
ML-KEM-1024,encap,1024,16,0.0,1,1,0,QPC,windows,0,0.13,7692.31,KEM,True,2025-11-23T02:53:12.193419,,1765
ML-KEM-1024,encap,1024,64,0.0,1,1,0,QPC,windows,0,0.1287,7770.01,KEM,True,2025-11-23T02:53:12.193605,,1766
ML-KEM-1024,encap,1024,64,0.0,1,1,0,QPC,windows,0,0.1283,7794.23,KEM,True,2025-11-23T02:53:12.193789,,1767
ML-KEM-1024,encap,1024,64,0.0,1,1,0,QPC,windows,0,0.1284,7788.16,KEM,True,2025-11-23T02:53:12.193973,,1768
ML-KEM-1024,encap,1024,64,0.0,1,1,0,QPC,windows,0,0.1281,7806.4,KEM,True,2025-11-23T02:53:12.194155,,1769
ML-KEM-1024,encap,1024,64,0.0,1,1,0,QPC,windows,0,0.1337,7479.43,KEM,True,2025-11-23T02:53:12.194343,,1770
ML-KEM-1024,decap,0,1,0.0,1,1,0,QPC,windows,0,0.1984,5040.32,KEM,True,2025-11-23T02:53:12.194618,,1771
ML-KEM-1024,decap,0,1,0.0,1,1,0,QPC,windows,0,0.1976,5060.73,KEM,True,2025-11-23T02:53:12.194871,,1772
ML-KEM-1024,decap,0,1,0.0,1,1,0,QPC,windows,0,0.1979,5053.06,KEM,True,2025-11-23T02:53:12.195125,,1773
ML-KEM-1024,decap,0,1,0.0,1,1,0,QPC,windows,0,0.1974,5065.86,KEM,True,2025-11-23T02:53:12.195377,,1774
ML-KEM-1024,decap,0,1,0.0,1,1,0,QPC,windows,0,0.1983,5042.86,KEM,True,2025-11-23T02:53:12.195633,,1775
ML-KEM-1024,decap,0,16,0.0,1,1,0,QPC,windows,0,0.198,5050.51,KEM,True,2025-11-23T02:53:12.195889,,1776
ML-KEM-1024,decap,0,16,0.0,1,1,0,QPC,windows,0,0.197,5076.14,KEM,True,2025-11-23T02:53:12.196144,,1777
ML-KEM-1024,decap,0,16,0.0,1,1,0,QPC,windows,0,0.2628,3805.17,KEM,True,2025-11-23T02:53:12.196471,,1778
ML-KEM-1024,decap,0,16,0.0,1,1,0,QPC,windows,0,0.2652,3770.74,KEM,True,2025-11-23T02:53:12.196839,,1779
ML-KEM-1024,decap,0,16,0.0,1,1,0,QPC,windows,0,0.2065,4842.61,KEM,True,2025-11-23T02:53:12.197122,,1780
ML-KEM-1024,decap,0,64,0.0,1,1,0,QPC,windows,0,0.2005,4987.53,KEM,True,2025-11-23T02:53:12.197393,,1781
ML-KEM-1024,decap,0,64,0.0,1,1,0,QPC,windows,0,0.1986,5035.25,KEM,True,2025-11-23T02:53:12.197649,,1782
ML-KEM-1024,decap,0,64,0.0,1,1,0,QPC,windows,0,0.1982,5045.41,KEM,True,2025-11-23T02:53:12.197903,,1783
ML-KEM-1024,decap,0,64,0.0,1,1,0,QPC,windows,0,0.2368,4222.97,KEM,True,2025-11-23T02:53:12.198200,,1784
ML-KEM-1024,decap,0,64,0.0,1,1,0,QPC,windows,0,0.2609,3832.89,KEM,True,2025-11-23T02:53:12.198906,,1785
ML-KEM-1024,decap,1024,1,0.0,1,1,0,QPC,windows,0,0.261,3831.42,KEM,True,2025-11-23T02:53:12.199248,,1786
ML-KEM-1024,decap,1024,1,0.0,1,1,0,QPC,windows,0,0.1992,5020.08,KEM,True,2025-11-23T02:53:12.199514,,1787
ML-KEM-1024,decap,1024,1,0.0,1,1,0,QPC,windows,0,0.1979,5053.06,KEM,True,2025-11-23T02:53:12.199769,,1788
ML-KEM-1024,decap,1024,1,0.0,1,1,0,QPC,windows,0,0.2059,4856.73,KEM,True,2025-11-23T02:53:12.200031,,1789
ML-KEM-1024,decap,1024,1,0.0,1,1,0,QPC,windows,0,0.1979,5053.06,KEM,True,2025-11-23T02:53:12.200285,,1790
ML-KEM-1024,decap,1024,16,0.0,1,1,0,QPC,windows,0,0.197,5076.14,KEM,True,2025-11-23T02:53:12.200539,,1791
ML-KEM-1024,decap,1024,16,0.0,1,1,0,QPC,windows,0,0.2023,4943.15,KEM,True,2025-11-23T02:53:12.200800,,1792
ML-KEM-1024,decap,1024,16,0.0,1,1,0,QPC,windows,0,0.1989,5027.65,KEM,True,2025-11-23T02:53:12.201060,,1793
ML-KEM-1024,decap,1024,16,0.0,1,1,0,QPC,windows,0,0.205,4878.05,KEM,True,2025-11-23T02:53:12.201324,,1794
ML-KEM-1024,decap,1024,16,0.0,1,1,0,QPC,windows,0,0.1978,5055.61,KEM,True,2025-11-23T02:53:12.201580,,1795
ML-KEM-1024,decap,1024,64,0.0,1,1,0,QPC,windows,0,0.1978,5055.61,KEM,True,2025-11-23T02:53:12.201836,,1796
ML-KEM-1024,decap,1024,64,0.0,1,1,0,QPC,windows,0,0.1976,5060.73,KEM,True,2025-11-23T02:53:12.202092,,1797
ML-KEM-1024,decap,1024,64,0.0,1,1,0,QPC,windows,0,0.1976,5060.73,KEM,True,2025-11-23T02:53:12.202348,,1798
ML-KEM-1024,decap,1024,64,0.0,1,1,0,QPC,windows,0,0.1964,5091.65,KEM,True,2025-11-23T02:53:12.202603,,1799
ML-KEM-1024,decap,1024,64,0.0,1,1,0,QPC,windows,0,0.196,5102.04,KEM,True,2025-11-23T02:53:12.202857,,1800
ML-KEM-512,keygen,0,1,0.0,1,1,0,QPC,windows,0,0.0397,25188.93,KEM,True,2025-11-23T02:53:12.202979,,1801
ML-KEM-512,keygen,0,1,0.0,1,1,0,QPC,windows,0,0.0376,26595.75,KEM,True,2025-11-23T02:53:12.203074,,1802
ML-KEM-512,keygen,0,1,0.0,1,1,0,QPC,windows,0,0.0374,26737.97,KEM,True,2025-11-23T02:53:12.203169,,1803
ML-KEM-512,keygen,0,1,0.0,1,1,0,QPC,windows,0,0.0374,26737.97,KEM,True,2025-11-23T02:53:12.203263,,1804
ML-KEM-512,keygen,0,1,0.0,1,1,0,QPC,windows,0,0.0373,26809.66,KEM,True,2025-11-23T02:53:12.203358,,1805
ML-KEM-512,keygen,0,16,0.0,1,1,0,QPC,windows,0,0.0373,26809.64,KEM,True,2025-11-23T02:53:12.203451,,1806
ML-KEM-512,keygen,0,16,0.0,1,1,0,QPC,windows,0,0.0366,27322.39,KEM,True,2025-11-23T02:53:12.203542,,1807
ML-KEM-512,keygen,0,16,0.0,1,1,0,QPC,windows,0,0.0367,27247.94,KEM,True,2025-11-23T02:53:12.203634,,1808
ML-KEM-512,keygen,0,16,0.0,1,1,0,QPC,windows,0,0.036,27777.77,KEM,True,2025-11-23T02:53:12.203725,,1809
ML-KEM-512,keygen,0,16,0.0,1,1,0,QPC,windows,0,0.0374,26737.97,KEM,True,2025-11-23T02:53:12.203816,,1810
ML-KEM-512,keygen,0,64,0.0,1,1,0,QPC,windows,0,0.0364,27472.54,KEM,True,2025-11-23T02:53:12.203908,,1811
ML-KEM-512,keygen,0,64,0.0,1,1,0,QPC,windows,0,0.0384,26041.67,KEM,True,2025-11-23T02:53:12.204001,,1812
ML-KEM-512,keygen,0,64,0.0,1,1,0,QPC,windows,0,0.0363,27548.22,KEM,True,2025-11-23T02:53:12.204091,,1813
ML-KEM-512,keygen,0,64,0.0,1,1,0,QPC,windows,0,0.0365,27397.25,KEM,True,2025-11-23T02:53:12.204185,,1814
ML-KEM-512,keygen,0,64,0.0,1,1,0,QPC,windows,0,0.0367,27247.97,KEM,True,2025-11-23T02:53:12.204496,,1815
ML-KEM-512,keygen,1024,1,0.0,1,1,0,QPC,windows,0,0.0421,23752.97,KEM,True,2025-11-23T02:53:12.204611,,1816
ML-KEM-512,keygen,1024,1,0.0,1,1,0,QPC,windows,0,0.0371,26954.18,KEM,True,2025-11-23T02:53:12.204703,,1817
ML-KEM-512,keygen,1024,1,0.0,1,1,0,QPC,windows,0,0.0373,26809.66,KEM,True,2025-11-23T02:53:12.204795,,1818
ML-KEM-512,keygen,1024,1,0.0,1,1,0,QPC,windows,0,0.0391,25575.46,KEM,True,2025-11-23T02:53:12.204909,,1819
ML-KEM-512,keygen,1024,1,0.0,1,1,0,QPC,windows,0,0.0551,18148.83,KEM,True,2025-11-23T02:53:12.205030,,1820
ML-KEM-512,keygen,1024,16,0.0,1,1,0,QPC,windows,0,0.0375,26666.67,KEM,True,2025-11-23T02:53:12.205130,,1821
ML-KEM-512,keygen,1024,16,0.0,1,1,0,QPC,windows,0,0.0372,26881.73,KEM,True,2025-11-23T02:53:12.205229,,1822
ML-KEM-512,keygen,1024,16,0.0,1,1,0,QPC,windows,0,0.0732,13661.2,KEM,True,2025-11-23T02:53:12.205368,,1823
ML-KEM-512,keygen,1024,16,0.0,1,1,0,QPC,windows,0,0.0372,26881.73,KEM,True,2025-11-23T02:53:12.205469,,1824
ML-KEM-512,keygen,1024,16,0.0,1,1,0,QPC,windows,0,0.0469,21321.96,KEM,True,2025-11-23T02:53:12.205613,,1825
ML-KEM-512,keygen,1024,64,0.0,1,1,0,QPC,windows,0,0.0461,21691.99,KEM,True,2025-11-23T02:53:12.205732,,1826
ML-KEM-512,keygen,1024,64,0.0,1,1,0,QPC,windows,0,0.041,24390.23,KEM,True,2025-11-23T02:53:12.205838,,1827
ML-KEM-512,keygen,1024,64,0.0,1,1,0,QPC,windows,0,0.0427,23419.2,KEM,True,2025-11-23T02:53:12.205955,,1828
ML-KEM-512,keygen,1024,64,0.0,1,1,0,QPC,windows,0,0.0377,26525.2,KEM,True,2025-11-23T02:53:12.206051,,1829
ML-KEM-512,keygen,1024,64,0.0,1,1,0,QPC,windows,0,0.0372,26881.73,KEM,True,2025-11-23T02:53:12.206144,,1830
ML-KEM-512,encap,0,1,0.0,1,1,0,QPC,windows,0,0.0768,13020.83,KEM,True,2025-11-23T02:53:12.206306,,1831
ML-KEM-512,encap,0,1,0.0,1,1,0,QPC,windows,0,0.072,13888.89,KEM,True,2025-11-23T02:53:12.206441,,1832
ML-KEM-512,encap,0,1,0.0,1,1,0,QPC,windows,0,0.0682,14662.75,KEM,True,2025-11-23T02:53:12.206567,,1833
ML-KEM-512,encap,0,1,0.0,1,1,0,QPC,windows,0,0.0681,14684.29,KEM,True,2025-11-23T02:53:12.206698,,1834
ML-KEM-512,encap,0,1,0.0,1,1,0,QPC,windows,0,0.0819,12210.01,KEM,True,2025-11-23T02:53:12.206850,,1835
ML-KEM-512,encap,0,16,0.0,1,1,0,QPC,windows,0,0.0726,13774.1,KEM,True,2025-11-23T02:53:12.206994,,1836
ML-KEM-512,encap,0,16,0.0,1,1,0,QPC,windows,0,0.0695,14388.49,KEM,True,2025-11-23T02:53:12.207125,,1837
ML-KEM-512,encap,0,16,0.0,1,1,0,QPC,windows,0,0.0691,14471.78,KEM,True,2025-11-23T02:53:12.207254,,1838
ML-KEM-512,encap,0,16,0.0,1,1,0,QPC,windows,0,0.0685,14598.54,KEM,True,2025-11-23T02:53:12.207386,,1839
ML-KEM-512,encap,0,16,0.0,1,1,0,QPC,windows,0,0.0688,14534.88,KEM,True,2025-11-23T02:53:12.207512,,1840
ML-KEM-512,encap,0,64,0.0,1,1,0,QPC,windows,0,0.0681,14684.29,KEM,True,2025-11-23T02:53:12.207636,,1841
ML-KEM-512,encap,0,64,0.0,1,1,0,QPC,windows,0,0.0679,14727.54,KEM,True,2025-11-23T02:53:12.207760,,1842
ML-KEM-512,encap,0,64,0.0,1,1,0,QPC,windows,0,0.0674,14836.8,KEM,True,2025-11-23T02:53:12.207882,,1843
ML-KEM-512,encap,0,64,0.0,1,1,0,QPC,windows,0,0.0672,14880.96,KEM,True,2025-11-23T02:53:12.208005,,1844
ML-KEM-512,encap,0,64,0.0,1,1,0,QPC,windows,0,0.0672,14880.96,KEM,True,2025-11-23T02:53:12.208127,,1845
ML-KEM-512,encap,1024,1,0.0,1,1,0,QPC,windows,0,0.0671,14903.13,KEM,True,2025-11-23T02:53:12.208250,,1846
ML-KEM-512,encap,1024,1,0.0,1,1,0,QPC,windows,0,0.0753,13280.21,KEM,True,2025-11-23T02:53:12.208381,,1847
ML-KEM-512,encap,1024,1,0.0,1,1,0,QPC,windows,0,0.0673,14858.84,KEM,True,2025-11-23T02:53:12.208506,,1848
ML-KEM-512,encap,1024,1,0.0,1,1,0,QPC,windows,0,0.0683,14641.29,KEM,True,2025-11-23T02:53:12.208630,,1849
ML-KEM-512,encap,1024,1,0.0,1,1,0,QPC,windows,0,0.0697,14347.2,KEM,True,2025-11-23T02:53:12.208760,,1850
ML-KEM-512,encap,1024,16,0.0,1,1,0,QPC,windows,0,0.0668,14970.06,KEM,True,2025-11-23T02:53:12.208884,,1851
ML-KEM-512,encap,1024,16,0.0,1,1,0,QPC,windows,0,0.0677,14771.05,KEM,True,2025-11-23T02:53:12.209007,,1852
ML-KEM-512,encap,1024,16,0.0,1,1,0,QPC,windows,0,0.0669,14947.69,KEM,True,2025-11-23T02:53:12.209128,,1853
ML-KEM-512,encap,1024,16,0.0,1,1,0,QPC,windows,0,0.0675,14814.82,KEM,True,2025-11-23T02:53:12.209252,,1854
ML-KEM-512,encap,1024,16,0.0,1,1,0,QPC,windows,0,0.0673,14858.84,KEM,True,2025-11-23T02:53:12.209373,,1855
ML-KEM-512,encap,1024,64,0.0,1,1,0,QPC,windows,0,0.0683,14641.29,KEM,True,2025-11-23T02:53:12.209496,,1856
ML-KEM-512,encap,1024,64,0.0,1,1,0,QPC,windows,0,0.0668,14970.06,KEM,True,2025-11-23T02:53:12.209618,,1857
ML-KEM-512,encap,1024,64,0.0,1,1,0,QPC,windows,0,0.0668,14970.06,KEM,True,2025-11-23T02:53:12.209740,,1858
ML-KEM-512,encap,1024,64,0.0,1,1,0,QPC,windows,0,0.0669,14947.69,KEM,True,2025-11-23T02:53:12.209862,,1859
ML-KEM-512,encap,1024,64,0.0,1,1,0,QPC,windows,0,0.0766,13054.83,KEM,True,2025-11-23T02:53:12.210013,,1860
ML-KEM-512,decap,0,1,0.0,1,1,0,QPC,windows,0,0.1146,8726.0,KEM,True,2025-11-23T02:53:12.210214,,1861
ML-KEM-512,decap,0,1,0.0,1,1,0,QPC,windows,0,0.1172,8532.42,KEM,True,2025-11-23T02:53:12.210395,,1862
ML-KEM-512,decap,0,1,0.0,1,1,0,QPC,windows,0,0.2089,4786.98,KEM,True,2025-11-23T02:53:12.210670,,1863
ML-KEM-512,decap,0,1,0.0,1,1,0,QPC,windows,0,0.1041,9606.15,KEM,True,2025-11-23T02:53:12.210845,,1864
ML-KEM-512,decap,0,1,0.0,1,1,0,QPC,windows,0,0.1052,9505.7,KEM,True,2025-11-23T02:53:12.211010,,1865
ML-KEM-512,decap,0,16,0.0,1,1,0,QPC,windows,0,0.1245,8032.13,KEM,True,2025-11-23T02:53:12.211196,,1866
ML-KEM-512,decap,0,16,0.0,1,1,0,QPC,windows,0,0.1055,9478.67,KEM,True,2025-11-23T02:53:12.211363,,1867
ML-KEM-512,decap,0,16,0.0,1,1,0,QPC,windows,0,0.1127,8873.12,KEM,True,2025-11-23T02:53:12.211542,,1868
ML-KEM-512,decap,0,16,0.0,1,1,0,QPC,windows,0,0.1131,8841.73,KEM,True,2025-11-23T02:53:12.211724,,1869
ML-KEM-512,decap,0,16,0.0,1,1,0,QPC,windows,0,0.1061,9425.07,KEM,True,2025-11-23T02:53:12.211892,,1870
ML-KEM-512,decap,0,64,0.0,1,1,0,QPC,windows,0,0.1121,8920.61,KEM,True,2025-11-23T02:53:12.212075,,1871
ML-KEM-512,decap,0,64,0.0,1,1,0,QPC,windows,0,0.1078,9276.44,KEM,True,2025-11-23T02:53:12.212250,,1872
ML-KEM-512,decap,0,64,0.0,1,1,0,QPC,windows,0,0.1046,9560.23,KEM,True,2025-11-23T02:53:12.212411,,1873
ML-KEM-512,decap,0,64,0.0,1,1,0,QPC,windows,0,0.1041,9606.15,KEM,True,2025-11-23T02:53:12.212570,,1874
ML-KEM-512,decap,0,64,0.0,1,1,0,QPC,windows,0,0.105,9523.81,KEM,True,2025-11-23T02:53:12.212732,,1875
ML-KEM-512,decap,1024,1,0.0,1,1,0,QPC,windows,0,0.1033,9680.54,KEM,True,2025-11-23T02:53:12.212891,,1876
ML-KEM-512,decap,1024,1,0.0,1,1,0,QPC,windows,0,0.1106,9041.59,KEM,True,2025-11-23T02:53:12.213066,,1877
ML-KEM-512,decap,1024,1,0.0,1,1,0,QPC,windows,0,0.1049,9532.89,KEM,True,2025-11-23T02:53:12.213232,,1878
ML-KEM-512,decap,1024,1,0.0,1,1,0,QPC,windows,0,0.1043,9587.73,KEM,True,2025-11-23T02:53:12.213392,,1879
ML-KEM-512,decap,1024,1,0.0,1,1,0,QPC,windows,0,0.104,9615.38,KEM,True,2025-11-23T02:53:12.213551,,1880
ML-KEM-512,decap,1024,16,0.0,1,1,0,QPC,windows,0,0.1045,9569.38,KEM,True,2025-11-23T02:53:12.213711,,1881
ML-KEM-512,decap,1024,16,0.0,1,1,0,QPC,windows,0,0.1058,9451.8,KEM,True,2025-11-23T02:53:12.213873,,1882
ML-KEM-512,decap,1024,16,0.0,1,1,0,QPC,windows,0,0.1048,9541.99,KEM,True,2025-11-23T02:53:12.214033,,1883
ML-KEM-512,decap,1024,16,0.0,1,1,0,QPC,windows,0,0.1038,9633.91,KEM,True,2025-11-23T02:53:12.214193,,1884
ML-KEM-512,decap,1024,16,0.0,1,1,0,QPC,windows,0,0.1038,9633.91,KEM,True,2025-11-23T02:53:12.214352,,1885
ML-KEM-512,decap,1024,64,0.0,1,1,0,QPC,windows,0,0.1041,9606.15,KEM,True,2025-11-23T02:53:12.214514,,1886
ML-KEM-512,decap,1024,64,0.0,1,1,0,QPC,windows,0,0.1036,9652.51,KEM,True,2025-11-23T02:53:12.214677,,1887
ML-KEM-512,decap,1024,64,0.0,1,1,0,QPC,windows,0,0.1036,9652.51,KEM,True,2025-11-23T02:53:12.214838,,1888
ML-KEM-512,decap,1024,64,0.0,1,1,0,QPC,windows,0,0.1035,9661.84,KEM,True,2025-11-23T02:53:12.214999,,1889
ML-KEM-512,decap,1024,64,0.0,1,1,0,QPC,windows,0,0.1041,9606.15,KEM,True,2025-11-23T02:53:12.215160,,1890
ML-KEM-768,keygen,0,1,0.0,1,1,0,QPC,windows,0,0.0559,17889.08,KEM,True,2025-11-23T02:53:12.215297,,1891
ML-KEM-768,keygen,0,1,0.0,1,1,0,QPC,windows,0,0.0523,19120.45,KEM,True,2025-11-23T02:53:12.215407,,1892
ML-KEM-768,keygen,0,1,0.0,1,1,0,QPC,windows,0,0.0524,19083.97,KEM,True,2025-11-23T02:53:12.215513,,1893
ML-KEM-768,keygen,0,1,0.0,1,1,0,QPC,windows,0,0.0517,19342.36,KEM,True,2025-11-23T02:53:12.215618,,1894
ML-KEM-768,keygen,0,1,0.0,1,1,0,QPC,windows,0,0.052,19230.76,KEM,True,2025-11-23T02:53:12.215724,,1895
ML-KEM-768,keygen,0,16,0.0,1,1,0,QPC,windows,0,0.0519,19267.82,KEM,True,2025-11-23T02:53:12.215830,,1896
ML-KEM-768,keygen,0,16,0.0,1,1,0,QPC,windows,0,0.0539,18552.87,KEM,True,2025-11-23T02:53:12.215938,,1897
ML-KEM-768,keygen,0,16,0.0,1,1,0,QPC,windows,0,0.0566,17667.85,KEM,True,2025-11-23T02:53:12.216057,,1898
ML-KEM-768,keygen,0,16,0.0,1,1,0,QPC,windows,0,0.0536,18656.72,KEM,True,2025-11-23T02:53:12.216168,,1899
ML-KEM-768,keygen,0,16,0.0,1,1,0,QPC,windows,0,0.0702,14245.01,KEM,True,2025-11-23T02:53:12.216307,,1900
ML-KEM-768,keygen,0,64,0.0,1,1,0,QPC,windows,0,0.059,16949.15,KEM,True,2025-11-23T02:53:12.216444,,1901
ML-KEM-768,keygen,0,64,0.0,1,1,0,QPC,windows,0,0.1002,9980.04,KEM,True,2025-11-23T02:53:12.216625,,1902
ML-KEM-768,keygen,0,64,0.0,1,1,0,QPC,windows,0,0.0535,18691.59,KEM,True,2025-11-23T02:53:12.216797,,1903
ML-KEM-768,keygen,0,64,0.0,1,1,0,QPC,windows,0,0.0636,15723.27,KEM,True,2025-11-23T02:53:12.216923,,1904
ML-KEM-768,keygen,0,64,0.0,1,1,0,QPC,windows,0,0.056,17857.15,KEM,True,2025-11-23T02:53:12.217049,,1905
ML-KEM-768,keygen,1024,1,0.0,1,1,0,QPC,windows,0,0.0533,18761.73,KEM,True,2025-11-23T02:53:12.217170,,1906
ML-KEM-768,keygen,1024,1,0.0,1,1,0,QPC,windows,0,0.0524,19083.97,KEM,True,2025-11-23T02:53:12.217282,,1907
ML-KEM-768,keygen,1024,1,0.0,1,1,0,QPC,windows,0,0.0522,19157.08,KEM,True,2025-11-23T02:53:12.217390,,1908
ML-KEM-768,keygen,1024,1,0.0,1,1,0,QPC,windows,0,0.0604,16556.28,KEM,True,2025-11-23T02:53:12.217506,,1909
ML-KEM-768,keygen,1024,1,0.0,1,1,0,QPC,windows,0,0.052,19230.77,KEM,True,2025-11-23T02:53:12.217615,,1910
ML-KEM-768,keygen,1024,16,0.0,1,1,0,QPC,windows,0,0.0541,18484.3,KEM,True,2025-11-23T02:53:12.217724,,1911
ML-KEM-768,keygen,1024,16,0.0,1,1,0,QPC,windows,0,0.0518,19305.01,KEM,True,2025-11-23T02:53:12.217831,,1912
ML-KEM-768,keygen,1024,16,0.0,1,1,0,QPC,windows,0,0.0521,19193.86,KEM,True,2025-11-23T02:53:12.217938,,1913
ML-KEM-768,keygen,1024,16,0.0,1,1,0,QPC,windows,0,0.0522,19157.09,KEM,True,2025-11-23T02:53:12.218045,,1914
ML-KEM-768,keygen,1024,16,0.0,1,1,0,QPC,windows,0,0.0519,19267.83,KEM,True,2025-11-23T02:53:12.218152,,1915
ML-KEM-768,keygen,1024,64,0.0,1,1,0,QPC,windows,0,0.0514,19455.25,KEM,True,2025-11-23T02:53:12.218259,,1916
ML-KEM-768,keygen,1024,64,0.0,1,1,0,QPC,windows,0,0.0524,19083.96,KEM,True,2025-11-23T02:53:12.218365,,1917
ML-KEM-768,keygen,1024,64,0.0,1,1,0,QPC,windows,0,0.052,19230.76,KEM,True,2025-11-23T02:53:12.218471,,1918
ML-KEM-768,keygen,1024,64,0.0,1,1,0,QPC,windows,0,0.0518,19305.02,KEM,True,2025-11-23T02:53:12.218577,,1919
ML-KEM-768,keygen,1024,64,0.0,1,1,0,QPC,windows,0,0.0516,19379.85,KEM,True,2025-11-23T02:53:12.218683,,1920
ML-KEM-768,encap,0,1,0.0,1,1,0,QPC,windows,0,0.0983,10172.94,KEM,True,2025-11-23T02:53:12.218857,,1921
ML-KEM-768,encap,0,1,0.0,1,1,0,QPC,windows,0,0.102,9803.92,KEM,True,2025-11-23T02:53:12.219015,,1922
ML-KEM-768,encap,0,1,0.0,1,1,0,QPC,windows,0,0.098,10204.08,KEM,True,2025-11-23T02:53:12.219170,,1923
ML-KEM-768,encap,0,1,0.0,1,1,0,QPC,windows,0,0.0962,10395.01,KEM,True,2025-11-23T02:53:12.219322,,1924
ML-KEM-768,encap,0,1,0.0,1,1,0,QPC,windows,0,0.0953,10493.18,KEM,True,2025-11-23T02:53:12.219472,,1925
ML-KEM-768,encap,0,16,0.0,1,1,0,QPC,windows,0,0.0955,10471.2,KEM,True,2025-11-23T02:53:12.219623,,1926
ML-KEM-768,encap,0,16,0.0,1,1,0,QPC,windows,0,0.0961,10405.83,KEM,True,2025-11-23T02:53:12.219774,,1927
ML-KEM-768,encap,0,16,0.0,1,1,0,QPC,windows,0,0.0954,10482.18,KEM,True,2025-11-23T02:53:12.219924,,1928
ML-KEM-768,encap,0,16,0.0,1,1,0,QPC,windows,0,0.0955,10471.2,KEM,True,2025-11-23T02:53:12.220074,,1929
ML-KEM-768,encap,0,16,0.0,1,1,0,QPC,windows,0,0.0953,10493.18,KEM,True,2025-11-23T02:53:12.220224,,1930
ML-KEM-768,encap,0,64,0.0,1,1,0,QPC,windows,0,0.0955,10471.2,KEM,True,2025-11-23T02:53:12.220374,,1931
ML-KEM-768,encap,0,64,0.0,1,1,0,QPC,windows,0,0.1056,9469.7,KEM,True,2025-11-23T02:53:12.220538,,1932
ML-KEM-768,encap,0,64,0.0,1,1,0,QPC,windows,0,0.0973,10277.49,KEM,True,2025-11-23T02:53:12.220696,,1933
ML-KEM-768,encap,0,64,0.0,1,1,0,QPC,windows,0,0.0961,10405.83,KEM,True,2025-11-23T02:53:12.220850,,1934
ML-KEM-768,encap,0,64,0.0,1,1,0,QPC,windows,0,0.095,10526.31,KEM,True,2025-11-23T02:53:12.221003,,1935
ML-KEM-768,encap,1024,1,0.0,1,1,0,QPC,windows,0,0.0955,10471.2,KEM,True,2025-11-23T02:53:12.221157,,1936
ML-KEM-768,encap,1024,1,0.0,1,1,0,QPC,windows,0,0.0952,10504.2,KEM,True,2025-11-23T02:53:12.221310,,1937
ML-KEM-768,encap,1024,1,0.0,1,1,0,QPC,windows,0,0.0955,10471.2,KEM,True,2025-11-23T02:53:12.221461,,1938
ML-KEM-768,encap,1024,1,0.0,1,1,0,QPC,windows,0,0.0954,10482.18,KEM,True,2025-11-23T02:53:12.221612,,1939
ML-KEM-768,encap,1024,1,0.0,1,1,0,QPC,windows,0,0.0948,10548.52,KEM,True,2025-11-23T02:53:12.221761,,1940
ML-KEM-768,encap,1024,16,0.0,1,1,0,QPC,windows,0,0.0946,10570.83,KEM,True,2025-11-23T02:53:12.221911,,1941
ML-KEM-768,encap,1024,16,0.0,1,1,0,QPC,windows,0,0.1063,9407.34,KEM,True,2025-11-23T02:53:12.222072,,1942
ML-KEM-768,encap,1024,16,0.0,1,1,0,QPC,windows,0,0.0953,10493.18,KEM,True,2025-11-23T02:53:12.222224,,1943
ML-KEM-768,encap,1024,16,0.0,1,1,0,QPC,windows,0,0.0948,10548.52,KEM,True,2025-11-23T02:53:12.222374,,1944
ML-KEM-768,encap,1024,16,0.0,1,1,0,QPC,windows,0,0.1055,9478.67,KEM,True,2025-11-23T02:53:12.222546,,1945
ML-KEM-768,encap,1024,64,0.0,1,1,0,QPC,windows,0,0.1451,6891.8,KEM,True,2025-11-23T02:53:12.222757,,1946
ML-KEM-768,encap,1024,64,0.0,1,1,0,QPC,windows,0,0.1024,9765.63,KEM,True,2025-11-23T02:53:12.222949,,1947
ML-KEM-768,encap,1024,64,0.0,1,1,0,QPC,windows,0,0.1258,7949.13,KEM,True,2025-11-23T02:53:12.223138,,1948
ML-KEM-768,encap,1024,64,0.0,1,1,0,QPC,windows,0,0.098,10204.08,KEM,True,2025-11-23T02:53:12.223299,,1949
ML-KEM-768,encap,1024,64,0.0,1,1,0,QPC,windows,0,0.1002,9980.04,KEM,True,2025-11-23T02:53:12.223455,,1950
ML-KEM-768,decap,0,1,0.0,1,1,0,QPC,windows,0,0.1508,6631.3,KEM,True,2025-11-23T02:53:12.223684,,1951
ML-KEM-768,decap,0,1,0.0,1,1,0,QPC,windows,0,0.1526,6553.08,KEM,True,2025-11-23T02:53:12.223895,,1952
ML-KEM-768,decap,0,1,0.0,1,1,0,QPC,windows,0,0.1487,6724.95,KEM,True,2025-11-23T02:53:12.224099,,1953
ML-KEM-768,decap,0,1,0.0,1,1,0,QPC,windows,0,0.1477,6770.48,KEM,True,2025-11-23T02:53:12.224302,,1954
ML-KEM-768,decap,0,1,0.0,1,1,0,QPC,windows,0,0.1489,6715.92,KEM,True,2025-11-23T02:53:12.224506,,1955
ML-KEM-768,decap,0,16,0.0,1,1,0,QPC,windows,0,0.1475,6779.66,KEM,True,2025-11-23T02:53:12.224710,,1956
ML-KEM-768,decap,0,16,0.0,1,1,0,QPC,windows,0,0.1491,6706.91,KEM,True,2025-11-23T02:53:12.224915,,1957
ML-KEM-768,decap,0,16,0.0,1,1,0,QPC,windows,0,0.1479,6761.33,KEM,True,2025-11-23T02:53:12.225118,,1958
ML-KEM-768,decap,0,16,0.0,1,1,0,QPC,windows,0,0.148,6756.76,KEM,True,2025-11-23T02:53:12.225323,,1959
ML-KEM-768,decap,0,16,0.0,1,1,0,QPC,windows,0,0.1482,6747.64,KEM,True,2025-11-23T02:53:12.225527,,1960
ML-KEM-768,decap,0,64,0.0,1,1,0,QPC,windows,0,0.1481,6752.19,KEM,True,2025-11-23T02:53:12.225733,,1961
ML-KEM-768,decap,0,64,0.0,1,1,0,QPC,windows,0,0.1471,6798.1,KEM,True,2025-11-23T02:53:12.225938,,1962
ML-KEM-768,decap,0,64,0.0,1,1,0,QPC,windows,0,0.1484,6738.54,KEM,True,2025-11-23T02:53:12.226145,,1963
ML-KEM-768,decap,0,64,0.0,1,1,0,QPC,windows,0,0.196,5102.04,KEM,True,2025-11-23T02:53:12.226412,,1964
ML-KEM-768,decap,0,64,0.0,1,1,0,QPC,windows,0,0.2332,4288.16,KEM,True,2025-11-23T02:53:12.226724,,1965
ML-KEM-768,decap,1024,1,0.0,1,1,0,QPC,windows,0,0.1881,5316.32,KEM,True,2025-11-23T02:53:12.226996,,1966
ML-KEM-768,decap,1024,1,0.0,1,1,0,QPC,windows,0,0.1906,5246.59,KEM,True,2025-11-23T02:53:12.227254,,1967
ML-KEM-768,decap,1024,1,0.0,1,1,0,QPC,windows,0,0.1632,6127.45,KEM,True,2025-11-23T02:53:12.227482,,1968
ML-KEM-768,decap,1024,1,0.0,1,1,0,QPC,windows,0,0.1564,6393.86,KEM,True,2025-11-23T02:53:12.227695,,1969
ML-KEM-768,decap,1024,1,0.0,1,1,0,QPC,windows,0,0.1479,6761.33,KEM,True,2025-11-23T02:53:12.227900,,1970
ML-KEM-768,decap,1024,16,0.0,1,1,0,QPC,windows,0,0.1478,6765.9,KEM,True,2025-11-23T02:53:12.228104,,1971
ML-KEM-768,decap,1024,16,0.0,1,1,0,QPC,windows,0,0.1475,6779.66,KEM,True,2025-11-23T02:53:12.228307,,1972
ML-KEM-768,decap,1024,16,0.0,1,1,0,QPC,windows,0,0.1515,6600.66,KEM,True,2025-11-23T02:53:12.228514,,1973
ML-KEM-768,decap,1024,16,0.0,1,1,0,QPC,windows,0,0.1923,5200.21,KEM,True,2025-11-23T02:53:12.228783,,1974
ML-KEM-768,decap,1024,16,0.0,1,1,0,QPC,windows,0,0.1562,6402.05,KEM,True,2025-11-23T02:53:12.229019,,1975
ML-KEM-768,decap,1024,64,0.0,1,1,0,QPC,windows,0,0.1557,6422.61,KEM,True,2025-11-23T02:53:12.229257,,1976
ML-KEM-768,decap,1024,64,0.0,1,1,0,QPC,windows,0,0.1495,6688.96,KEM,True,2025-11-23T02:53:12.229471,,1977
ML-KEM-768,decap,1024,64,0.0,1,1,0,QPC,windows,0,0.152,6578.95,KEM,True,2025-11-23T02:53:12.229680,,1978
ML-KEM-768,decap,1024,64,0.0,1,1,0,QPC,windows,0,0.1595,6269.59,KEM,True,2025-11-23T02:53:12.229904,,1979
ML-KEM-768,decap,1024,64,0.0,1,1,0,QPC,windows,0,0.1523,6565.99,KEM,True,2025-11-23T02:53:12.230124,,1980
sntrup761,keygen,0,1,0.0,1,1,0,QPC,windows,0,16.2481,61.55,KEM,True,2025-11-23T02:53:12.246478,,1981
sntrup761,keygen,0,1,0.0,1,1,0,QPC,windows,0,15.6992,63.7,KEM,True,2025-11-23T02:53:12.262262,,1982
sntrup761,keygen,0,1,0.0,1,1,0,QPC,windows,0,15.7372,63.54,KEM,True,2025-11-23T02:53:12.278089,,1983
sntrup761,keygen,0,1,0.0,1,1,0,QPC,windows,0,15.7591,63.46,KEM,True,2025-11-23T02:53:12.293932,,1984
sntrup761,keygen,0,1,0.0,1,1,0,QPC,windows,0,15.6602,63.86,KEM,True,2025-11-23T02:53:12.309676,,1985
sntrup761,keygen,0,16,0.0,1,1,0,QPC,windows,0,15.7567,63.47,KEM,True,2025-11-23T02:53:12.325516,,1986
sntrup761,keygen,0,16,0.0,1,1,0,QPC,windows,0,15.9859,62.56,KEM,True,2025-11-23T02:53:12.341587,,1987
sntrup761,keygen,0,16,0.0,1,1,0,QPC,windows,0,15.7499,63.49,KEM,True,2025-11-23T02:53:12.357420,,1988
sntrup761,keygen,0,16,0.0,1,1,0,QPC,windows,0,15.7733,63.4,KEM,True,2025-11-23T02:53:12.373278,,1989
sntrup761,keygen,0,16,0.0,1,1,0,QPC,windows,0,15.5713,64.22,KEM,True,2025-11-23T02:53:12.388932,,1990
sntrup761,keygen,0,64,0.0,1,1,0,QPC,windows,0,15.5996,64.1,KEM,True,2025-11-23T02:53:12.404615,,1991
sntrup761,keygen,0,64,0.0,1,1,0,QPC,windows,0,15.6786,63.78,KEM,True,2025-11-23T02:53:12.420378,,1992
sntrup761,keygen,0,64,0.0,1,1,0,QPC,windows,0,15.8111,63.25,KEM,True,2025-11-23T02:53:12.436271,,1993
sntrup761,keygen,0,64,0.0,1,1,0,QPC,windows,0,15.6989,63.7,KEM,True,2025-11-23T02:53:12.452051,,1994
sntrup761,keygen,0,64,0.0,1,1,0,QPC,windows,0,15.7063,63.67,KEM,True,2025-11-23T02:53:12.467841,,1995
sntrup761,keygen,1024,1,0.0,1,1,0,QPC,windows,0,15.6487,63.9,KEM,True,2025-11-23T02:53:12.483572,,1996
sntrup761,keygen,1024,1,0.0,1,1,0,QPC,windows,0,15.6081,64.07,KEM,True,2025-11-23T02:53:12.499264,,1997
sntrup761,keygen,1024,1,0.0,1,1,0,QPC,windows,0,15.7975,63.3,KEM,True,2025-11-23T02:53:12.515144,,1998
sntrup761,keygen,1024,1,0.0,1,1,0,QPC,windows,0,15.7345,63.55,KEM,True,2025-11-23T02:53:12.530963,,1999
sntrup761,keygen,1024,1,0.0,1,1,0,QPC,windows,0,15.6527,63.89,KEM,True,2025-11-23T02:53:12.546912,,2000
sntrup761,keygen,1024,16,0.0,1,1,0,QPC,windows,0,15.5401,64.35,KEM,True,2025-11-23T02:53:12.562539,,2001
sntrup761,keygen,1024,16,0.0,1,1,0,QPC,windows,0,15.7642,63.43,KEM,True,2025-11-23T02:53:12.578388,,2002
sntrup761,keygen,1024,16,0.0,1,1,0,QPC,windows,0,15.7573,63.46,KEM,True,2025-11-23T02:53:12.594228,,2003
sntrup761,keygen,1024,16,0.0,1,1,0,QPC,windows,0,15.6607,63.85,KEM,True,2025-11-23T02:53:12.609973,,2004
sntrup761,keygen,1024,16,0.0,1,1,0,QPC,windows,0,15.6616,63.85,KEM,True,2025-11-23T02:53:12.625717,,2005
sntrup761,keygen,1024,64,0.0,1,1,0,QPC,windows,0,15.6771,63.79,KEM,True,2025-11-23T02:53:12.641479,,2006
sntrup761,keygen,1024,64,0.0,1,1,0,QPC,windows,0,15.7894,63.33,KEM,True,2025-11-23T02:53:12.657349,,2007
sntrup761,keygen,1024,64,0.0,1,1,0,QPC,windows,0,15.6927,63.72,KEM,True,2025-11-23T02:53:12.673123,,2008
sntrup761,keygen,1024,64,0.0,1,1,0,QPC,windows,0,15.6997,63.7,KEM,True,2025-11-23T02:53:12.688903,,2009
sntrup761,keygen,1024,64,0.0,1,1,0,QPC,windows,0,15.9973,62.51,KEM,True,2025-11-23T02:53:12.704982,,2010
sntrup761,encap,0,1,0.0,1,1,0,QPC,windows,0,16.0139,62.45,KEM,True,2025-11-23T02:53:12.721105,,2011
sntrup761,encap,0,1,0.0,1,1,0,QPC,windows,0,15.97,62.62,KEM,True,2025-11-23T02:53:12.737157,,2012
sntrup761,encap,0,1,0.0,1,1,0,QPC,windows,0,15.8256,63.19,KEM,True,2025-11-23T02:53:12.753064,,2013
sntrup761,encap,0,1,0.0,1,1,0,QPC,windows,0,15.9872,62.55,KEM,True,2025-11-23T02:53:12.769135,,2014
sntrup761,encap,0,1,0.0,1,1,0,QPC,windows,0,15.9898,62.54,KEM,True,2025-11-23T02:53:12.785205,,2015
sntrup761,encap,0,16,0.0,1,1,0,QPC,windows,0,16.2732,61.45,KEM,True,2025-11-23T02:53:12.801576,,2016
sntrup761,encap,0,16,0.0,1,1,0,QPC,windows,0,15.9645,62.64,KEM,True,2025-11-23T02:53:12.817630,,2017
sntrup761,encap,0,16,0.0,1,1,0,QPC,windows,0,15.8952,62.91,KEM,True,2025-11-23T02:53:12.833608,,2018
sntrup761,encap,0,16,0.0,1,1,0,QPC,windows,0,15.999,62.5,KEM,True,2025-11-23T02:53:12.849690,,2019
sntrup761,encap,0,16,0.0,1,1,0,QPC,windows,0,16.1257,62.01,KEM,True,2025-11-23T02:53:12.865902,,2020
sntrup761,encap,0,64,0.0,1,1,0,QPC,windows,0,15.9429,62.72,KEM,True,2025-11-23T02:53:12.881928,,2021
sntrup761,encap,0,64,0.0,1,1,0,QPC,windows,0,16.0612,62.26,KEM,True,2025-11-23T02:53:12.898073,,2022
sntrup761,encap,0,64,0.0,1,1,0,QPC,windows,0,16.0318,62.38,KEM,True,2025-11-23T02:53:12.914188,,2023
sntrup761,encap,0,64,0.0,1,1,0,QPC,windows,0,15.8684,63.02,KEM,True,2025-11-23T02:53:12.930137,,2024
sntrup761,encap,0,64,0.0,1,1,0,QPC,windows,0,15.9925,62.53,KEM,True,2025-11-23T02:53:12.946212,,2025
sntrup761,encap,1024,1,0.0,1,1,0,QPC,windows,0,15.9804,62.58,KEM,True,2025-11-23T02:53:12.962276,,2026
sntrup761,encap,1024,1,0.0,1,1,0,QPC,windows,0,16.1485,61.93,KEM,True,2025-11-23T02:53:12.978510,,2027
sntrup761,encap,1024,1,0.0,1,1,0,QPC,windows,0,16.1376,61.97,KEM,True,2025-11-23T02:53:12.994729,,2028
sntrup761,encap,1024,1,0.0,1,1,0,QPC,windows,0,16.035,62.36,KEM,True,2025-11-23T02:53:13.010850,,2029
sntrup761,encap,1024,1,0.0,1,1,0,QPC,windows,0,15.9411,62.73,KEM,True,2025-11-23T02:53:13.026874,,2030
sntrup761,encap,1024,16,0.0,1,1,0,QPC,windows,0,16.0544,62.29,KEM,True,2025-11-23T02:53:13.043019,,2031
sntrup761,encap,1024,16,0.0,1,1,0,QPC,windows,0,16.0098,62.46,KEM,True,2025-11-23T02:53:13.059115,,2032
sntrup761,encap,1024,16,0.0,1,1,0,QPC,windows,0,15.9038,62.88,KEM,True,2025-11-23T02:53:13.075104,,2033
sntrup761,encap,1024,16,0.0,1,1,0,QPC,windows,0,16.0086,62.47,KEM,True,2025-11-23T02:53:13.091196,,2034
sntrup761,encap,1024,16,0.0,1,1,0,QPC,windows,0,16.0036,62.49,KEM,True,2025-11-23T02:53:13.107284,,2035
sntrup761,encap,1024,64,0.0,1,1,0,QPC,windows,0,16.1975,61.74,KEM,True,2025-11-23T02:53:13.123582,,2036
sntrup761,encap,1024,64,0.0,1,1,0,QPC,windows,0,15.9366,62.75,KEM,True,2025-11-23T02:53:13.139603,,2037
sntrup761,encap,1024,64,0.0,1,1,0,QPC,windows,0,15.8371,63.14,KEM,True,2025-11-23T02:53:13.155522,,2038
sntrup761,encap,1024,64,0.0,1,1,0,QPC,windows,0,15.8494,63.09,KEM,True,2025-11-23T02:53:13.171456,,2039
sntrup761,encap,1024,64,0.0,1,1,0,QPC,windows,0,15.9202,62.81,KEM,True,2025-11-23T02:53:13.187463,,2040
sntrup761,decap,0,1,0.0,1,1,0,QPC,windows,0,16.6644,60.01,KEM,True,2025-11-23T02:53:13.204232,,2041
sntrup761,decap,0,1,0.0,1,1,0,QPC,windows,0,16.6457,60.08,KEM,True,2025-11-23T02:53:13.220962,,2042
sntrup761,decap,0,1,0.0,1,1,0,QPC,windows,0,16.7969,59.53,KEM,True,2025-11-23T02:53:13.237841,,2043
sntrup761,decap,0,1,0.0,1,1,0,QPC,windows,0,16.612,60.2,KEM,True,2025-11-23T02:53:13.254540,,2044
sntrup761,decap,0,1,0.0,1,1,0,QPC,windows,0,16.7997,59.52,KEM,True,2025-11-23T02:53:13.271424,,2045
sntrup761,decap,0,16,0.0,1,1,0,QPC,windows,0,16.8749,59.26,KEM,True,2025-11-23T02:53:13.288589,,2046
sntrup761,decap,0,16,0.0,1,1,0,QPC,windows,0,16.8078,59.5,KEM,True,2025-11-23T02:53:13.305480,,2047
sntrup761,decap,0,16,0.0,1,1,0,QPC,windows,0,16.7107,59.84,KEM,True,2025-11-23T02:53:13.322275,,2048
sntrup761,decap,0,16,0.0,1,1,0,QPC,windows,0,16.6688,59.99,KEM,True,2025-11-23T02:53:13.339026,,2049
sntrup761,decap,0,16,0.0,1,1,0,QPC,windows,0,16.7874,59.57,KEM,True,2025-11-23T02:53:13.355892,,2050
sntrup761,decap,0,64,0.0,1,1,0,QPC,windows,0,16.7406,59.74,KEM,True,2025-11-23T02:53:13.372715,,2051
sntrup761,decap,0,64,0.0,1,1,0,QPC,windows,0,16.7988,59.53,KEM,True,2025-11-23T02:53:13.389597,,2052
sntrup761,decap,0,64,0.0,1,1,0,QPC,windows,0,16.6819,59.95,KEM,True,2025-11-23T02:53:13.406361,,2053
sntrup761,decap,0,64,0.0,1,1,0,QPC,windows,0,16.7471,59.71,KEM,True,2025-11-23T02:53:13.423187,,2054
sntrup761,decap,0,64,0.0,1,1,0,QPC,windows,0,16.7693,59.63,KEM,True,2025-11-23T02:53:13.440038,,2055
sntrup761,decap,1024,1,0.0,1,1,0,QPC,windows,0,16.6736,59.98,KEM,True,2025-11-23T02:53:13.456790,,2056
sntrup761,decap,1024,1,0.0,1,1,0,QPC,windows,0,16.816,59.47,KEM,True,2025-11-23T02:53:13.473689,,2057
sntrup761,decap,1024,1,0.0,1,1,0,QPC,windows,0,17.2954,57.82,KEM,True,2025-11-23T02:53:13.491073,,2058
sntrup761,decap,1024,1,0.0,1,1,0,QPC,windows,0,16.846,59.36,KEM,True,2025-11-23T02:53:13.508016,,2059
sntrup761,decap,1024,1,0.0,1,1,0,QPC,windows,0,16.8928,59.2,KEM,True,2025-11-23T02:53:13.524998,,2060
sntrup761,decap,1024,16,0.0,1,1,0,QPC,windows,0,16.6447,60.08,KEM,True,2025-11-23T02:53:13.541770,,2061
sntrup761,decap,1024,16,0.0,1,1,0,QPC,windows,0,16.8481,59.35,KEM,True,2025-11-23T02:53:13.558703,,2062
sntrup761,decap,1024,16,0.0,1,1,0,QPC,windows,0,17.1881,58.18,KEM,True,2025-11-23T02:53:13.575987,,2063
sntrup761,decap,1024,16,0.0,1,1,0,QPC,windows,0,16.7389,59.74,KEM,True,2025-11-23T02:53:13.592815,,2064
sntrup761,decap,1024,16,0.0,1,1,0,QPC,windows,0,16.8565,59.32,KEM,True,2025-11-23T02:53:13.609757,,2065
sntrup761,decap,1024,64,0.0,1,1,0,QPC,windows,0,16.7235,59.8,KEM,True,2025-11-23T02:53:13.626563,,2066
sntrup761,decap,1024,64,0.0,1,1,0,QPC,windows,0,16.6072,60.21,KEM,True,2025-11-23T02:53:13.643252,,2067
sntrup761,decap,1024,64,0.0,1,1,0,QPC,windows,0,16.7639,59.65,KEM,True,2025-11-23T02:53:13.660098,,2068
sntrup761,decap,1024,64,0.0,1,1,0,QPC,windows,0,16.6902,59.92,KEM,True,2025-11-23T02:53:13.676873,,2069
sntrup761,decap,1024,64,0.0,1,1,0,QPC,windows,0,16.624,60.15,KEM,True,2025-11-23T02:53:13.693582,,2070
