algorithm,param_set,operation,message_bytes,concurrency,cpu_ghz,aesni,avx2,neon,machine_id,os_name,containerized,latency_ms,throughput_ops,crypto_type,correctness,timestamp,notes,trial_id
BIKE-L1,512,keygen,0,1,0.0,0,0,0,MacBook-Pro-4.local,darwin,0,15.2143,65.61,,,2025-11-17T02:47:56.512426,,1
BIKE-L1,512,keygen,0,1,0.0,0,0,0,MacBook-Pro-4.local,darwin,0,15.2592,63.23,,,2025-11-17T02:47:56.512808,,2
BIKE-L1,512,keygen,0,1,0.0,0,0,0,MacBook-Pro-4.local,darwin,0,13.8831,75.35,,,2025-11-17T02:47:56.512828,,3
BIKE-L1,512,keygen,0,1,0.0,0,0,0,MacBook-Pro-4.local,darwin,0,14.039,70.29,,,2025-11-17T02:47:56.512843,,4
BIKE-L1,512,keygen,0,1,0.0,0,0,0,MacBook-Pro-4.local,darwin,0,13.9344,73.26,,,2025-11-17T02:47:56.512855,,5
BIKE-L1,512,keygen,0,16,0.0,0,0,0,MacBook-Pro-4.local,darwin,0,14.8377,70.22,,,2025-11-17T02:47:56.512873,,6
BIKE-L1,512,keygen,0,16,0.0,0,0,0,MacBook-Pro-4.local,darwin,0,14.0381,68.52,,,2025-11-17T02:47:56.512885,,7
BIKE-L1,512,keygen,0,16,0.0,0,0,0,MacBook-Pro-4.local,darwin,0,15.7449,60.86,,,2025-11-17T02:47:56.512896,,8
BIKE-L1,512,keygen,0,16,0.0,0,0,0,MacBook-Pro-4.local,darwin,0,13.8241,72.77,,,2025-11-17T02:47:56.512907,,9
BIKE-L1,512,keygen,0,16,0.0,0,0,0,MacBook-Pro-4.local,darwin,0,15.2512,65.39,,,2025-11-17T02:47:56.512918,,10
BIKE-L1,512,keygen,0,64,0.0,0,0,0,MacBook-Pro-4.local,darwin,0,15.1495,65.46,,,2025-11-17T02:47:56.512933,,11
BIKE-L1,512,keygen,0,64,0.0,0,0,0,MacBook-Pro-4.local,darwin,0,16.4282,60.12,,,2025-11-17T02:47:56.512944,,12
BIKE-L1,512,keygen,0,64,0.0,0,0,0,MacBook-Pro-4.local,darwin,0,16.3723,63.29,,,2025-11-17T02:47:56.512955,,13
BIKE-L1,512,keygen,0,64,0.0,0,0,0,MacBook-Pro-4.local,darwin,0,15.6829,64.6,,,2025-11-17T02:47:56.512965,,14
BIKE-L1,512,keygen,0,64,0.0,0,0,0,MacBook-Pro-4.local,darwin,0,15.8128,64.11,,,2025-11-17T02:47:56.512976,,15
BIKE-L1,512,keygen,1024,1,0.0,0,0,0,MacBook-Pro-4.local,darwin,0,15.4538,63.92,,,2025-11-17T02:47:56.512992,,16
BIKE-L1,512,keygen,1024,1,0.0,0,0,0,MacBook-Pro-4.local,darwin,0,15.9151,62.75,,,2025-11-17T02:47:56.513007,,17
BIKE-L1,512,keygen,1024,1,0.0,0,0,0,MacBook-Pro-4.local,darwin,0,15.7291,61.2,,,2025-11-17T02:47:56.513019,,18
BIKE-L1,512,keygen,1024,1,0.0,0,0,0,MacBook-Pro-4.local,darwin,0,16.1328,63.6,,,2025-11-17T02:47:56.513030,,19
BIKE-L1,512,keygen,1024,1,0.0,0,0,0,MacBook-Pro-4.local,darwin,0,15.674,66.69,,,2025-11-17T02:47:56.513040,,20
BIKE-L1,512,keygen,1024,16,0.0,0,0,0,MacBook-Pro-4.local,darwin,0,16.78,59.45,,,2025-11-17T02:47:56.513054,,21
BIKE-L1,512,keygen,1024,16,0.0,0,0,0,MacBook-Pro-4.local,darwin,0,16.2685,63.67,,,2025-11-17T02:47:56.513066,,22
BIKE-L1,512,keygen,1024,16,0.0,0,0,0,MacBook-Pro-4.local,darwin,0,17.014,57.17,,,2025-11-17T02:47:56.513077,,23
BIKE-L1,512,keygen,1024,16,0.0,0,0,0,MacBook-Pro-4.local,darwin,0,17.374,57.29,,,2025-11-17T02:47:56.513087,,24
BIKE-L1,512,keygen,1024,16,0.0,0,0,0,MacBook-Pro-4.local,darwin,0,17.8588,54.97,,,2025-11-17T02:47:56.513098,,25
BIKE-L1,512,keygen,1024,64,0.0,0,0,0,MacBook-Pro-4.local,darwin,0,17.659,57.08,,,2025-11-17T02:47:56.513111,,26
BIKE-L1,512,keygen,1024,64,0.0,0,0,0,MacBook-Pro-4.local,darwin,0,18.546,52.75,,,2025-11-17T02:47:56.513122,,27
BIKE-L1,512,keygen,1024,64,0.0,0,0,0,MacBook-Pro-4.local,darwin,0,18.4312,55.35,,,2025-11-17T02:47:56.513133,,28
BIKE-L1,512,keygen,1024,64,0.0,0,0,0,MacBook-Pro-4.local,darwin,0,17.5087,55.77,,,2025-11-17T02:47:56.513143,,29
BIKE-L1,512,keygen,1024,64,0.0,0,0,0,MacBook-Pro-4.local,darwin,0,17.5093,57.69,,,2025-11-17T02:47:56.513154,,30
BIKE-L1,512,encap,0,1,0.0,0,0,0,MacBook-Pro-4.local,darwin,0,12.494,82.85,,,2025-11-17T02:47:56.513168,,31
BIKE-L1,512,encap,0,1,0.0,0,0,0,MacBook-Pro-4.local,darwin,0,11.876,82.15,,,2025-11-17T02:47:56.513180,,32
BIKE-L1,512,encap,0,1,0.0,0,0,0,MacBook-Pro-4.local,darwin,0,12.8767,75.02,,,2025-11-17T02:47:56.513192,,33
BIKE-L1,512,encap,0,1,0.0,0,0,0,MacBook-Pro-4.local,darwin,0,12.1457,83.62,,,2025-11-17T02:47:56.513203,,34
BIKE-L1,512,encap,0,1,0.0,0,0,0,MacBook-Pro-4.local,darwin,0,11.3761,87.02,,,2025-11-17T02:47:56.513215,,35
BIKE-L1,512,encap,0,16,0.0,0,0,0,MacBook-Pro-4.local,darwin,0,12.7261,76.96,,,2025-11-17T02:47:56.513228,,36
BIKE-L1,512,encap,0,16,0.0,0,0,0,MacBook-Pro-4.local,darwin,0,12.2847,82.02,,,2025-11-17T02:47:56.513239,,37
BIKE-L1,512,encap,0,16,0.0,0,0,0,MacBook-Pro-4.local,darwin,0,13.6096,74.11,,,2025-11-17T02:47:56.513251,,38
BIKE-L1,512,encap,0,16,0.0,0,0,0,MacBook-Pro-4.local,darwin,0,12.5773,82.01,,,2025-11-17T02:47:56.513261,,39
BIKE-L1,512,encap,0,16,0.0,0,0,0,MacBook-Pro-4.local,darwin,0,12.0945,83.85,,,2025-11-17T02:47:56.513272,,40
BIKE-L1,512,encap,0,64,0.0,0,0,0,MacBook-Pro-4.local,darwin,0,13.5353,71.37,,,2025-11-17T02:47:56.513286,,41
BIKE-L1,512,encap,0,64,0.0,0,0,0,MacBook-Pro-4.local,darwin,0,13.3508,71.45,,,2025-11-17T02:47:56.513299,,42
BIKE-L1,512,encap,0,64,0.0,0,0,0,MacBook-Pro-4.local,darwin,0,14.2826,70.35,,,2025-11-17T02:47:56.513310,,43
BIKE-L1,512,encap,0,64,0.0,0,0,0,MacBook-Pro-4.local,darwin,0,14.3221,69.44,,,2025-11-17T02:47:56.513320,,44
BIKE-L1,512,encap,0,64,0.0,0,0,0,MacBook-Pro-4.local,darwin,0,13.1142,76.31,,,2025-11-17T02:47:56.513330,,45
BIKE-L1,512,encap,1024,1,0.0,0,0,0,MacBook-Pro-4.local,darwin,0,13.9042,71.42,,,2025-11-17T02:47:56.513346,,46
BIKE-L1,512,encap,1024,1,0.0,0,0,0,MacBook-Pro-4.local,darwin,0,13.0442,73.26,,,2025-11-17T02:47:56.513357,,47
BIKE-L1,512,encap,1024,1,0.0,0,0,0,MacBook-Pro-4.local,darwin,0,14.2638,73.29,,,2025-11-17T02:47:56.513368,,48
BIKE-L1,512,encap,1024,1,0.0,0,0,0,MacBook-Pro-4.local,darwin,0,12.2925,80.95,,,2025-11-17T02:47:56.513378,,49
BIKE-L1,512,encap,1024,1,0.0,0,0,0,MacBook-Pro-4.local,darwin,0,13.438,72.22,,,2025-11-17T02:47:56.513389,,50
BIKE-L1,512,encap,1024,16,0.0,0,0,0,MacBook-Pro-4.local,darwin,0,13.9007,68.9,,,2025-11-17T02:47:56.513402,,51
BIKE-L1,512,encap,1024,16,0.0,0,0,0,MacBook-Pro-4.local,darwin,0,13.3389,75.62,,,2025-11-17T02:47:56.513413,,52
BIKE-L1,512,encap,1024,16,0.0,0,0,0,MacBook-Pro-4.local,darwin,0,14.3822,71.76,,,2025-11-17T02:47:56.513423,,53
BIKE-L1,512,encap,1024,16,0.0,0,0,0,MacBook-Pro-4.local,darwin,0,13.1242,74.11,,,2025-11-17T02:47:56.513433,,54
BIKE-L1,512,encap,1024,16,0.0,0,0,0,MacBook-Pro-4.local,darwin,0,13.2093,74.54,,,2025-11-17T02:47:56.513443,,55
BIKE-L1,512,encap,1024,64,0.0,0,0,0,MacBook-Pro-4.local,darwin,0,15.1608,68.87,,,2025-11-17T02:47:56.513457,,56
BIKE-L1,512,encap,1024,64,0.0,0,0,0,MacBook-Pro-4.local,darwin,0,15.0211,63.72,,,2025-11-17T02:47:56.513467,,57
BIKE-L1,512,encap,1024,64,0.0,0,0,0,MacBook-Pro-4.local,darwin,0,15.8553,65.05,,,2025-11-17T02:47:56.513477,,58
BIKE-L1,512,encap,1024,64,0.0,0,0,0,MacBook-Pro-4.local,darwin,0,14.7141,67.16,,,2025-11-17T02:47:56.513488,,59
BIKE-L1,512,encap,1024,64,0.0,0,0,0,MacBook-Pro-4.local,darwin,0,15.5952,61.31,,,2025-11-17T02:47:56.513498,,60
BIKE-L1,512,decap,0,1,0.0,0,0,0,MacBook-Pro-4.local,darwin,0,13.1769,77.4,,,2025-11-17T02:47:56.513512,,61
BIKE-L1,512,decap,0,1,0.0,0,0,0,MacBook-Pro-4.local,darwin,0,13.2778,72.11,,,2025-11-17T02:47:56.513523,,62
BIKE-L1,512,decap,0,1,0.0,0,0,0,MacBook-Pro-4.local,darwin,0,12.8436,79.08,,,2025-11-17T02:47:56.513533,,63
BIKE-L1,512,decap,0,1,0.0,0,0,0,MacBook-Pro-4.local,darwin,0,13.8228,69.8,,,2025-11-17T02:47:56.513543,,64
BIKE-L1,512,decap,0,1,0.0,0,0,0,MacBook-Pro-4.local,darwin,0,13.4107,75.86,,,2025-11-17T02:47:56.513554,,65
BIKE-L1,512,decap,0,16,0.0,0,0,0,MacBook-Pro-4.local,darwin,0,13.3435,75.51,,,2025-11-17T02:47:56.513584,,66
BIKE-L1,512,decap,0,16,0.0,0,0,0,MacBook-Pro-4.local,darwin,0,14.7471,69.54,,,2025-11-17T02:47:56.513595,,67
BIKE-L1,512,decap,0,16,0.0,0,0,0,MacBook-Pro-4.local,darwin,0,13.365,73.06,,,2025-11-17T02:47:56.513609,,68
BIKE-L1,512,decap,0,16,0.0,0,0,0,MacBook-Pro-4.local,darwin,0,14.333,71.06,,,2025-11-17T02:47:56.513620,,69
BIKE-L1,512,decap,0,16,0.0,0,0,0,MacBook-Pro-4.local,darwin,0,13.8503,75.32,,,2025-11-17T02:47:56.513631,,70
BIKE-L1,512,decap,0,64,0.0,0,0,0,MacBook-Pro-4.local,darwin,0,15.0647,66.32,,,2025-11-17T02:47:56.513644,,71
BIKE-L1,512,decap,0,64,0.0,0,0,0,MacBook-Pro-4.local,darwin,0,15.5593,64.43,,,2025-11-17T02:47:56.513655,,72
BIKE-L1,512,decap,0,64,0.0,0,0,0,MacBook-Pro-4.local,darwin,0,14.9141,69.62,,,2025-11-17T02:47:56.513665,,73
BIKE-L1,512,decap,0,64,0.0,0,0,0,MacBook-Pro-4.local,darwin,0,14.9614,63.84,,,2025-11-17T02:47:56.513676,,74
BIKE-L1,512,decap,0,64,0.0,0,0,0,MacBook-Pro-4.local,darwin,0,15.5093,66.07,,,2025-11-17T02:47:56.513749,,75
BIKE-L1,512,decap,1024,1,0.0,0,0,0,MacBook-Pro-4.local,darwin,0,15.0329,67.8,,,2025-11-17T02:47:56.513767,,76
BIKE-L1,512,decap,1024,1,0.0,0,0,0,MacBook-Pro-4.local,darwin,0,14.5439,71.04,,,2025-11-17T02:47:56.513779,,77
BIKE-L1,512,decap,1024,1,0.0,0,0,0,MacBook-Pro-4.local,darwin,0,13.8194,70.68,,,2025-11-17T02:47:56.513789,,78
BIKE-L1,512,decap,1024,1,0.0,0,0,0,MacBook-Pro-4.local,darwin,0,14.3458,68.06,,,2025-11-17T02:47:56.513800,,79
BIKE-L1,512,decap,1024,1,0.0,0,0,0,MacBook-Pro-4.local,darwin,0,14.2833,67.65,,,2025-11-17T02:47:56.513810,,80
BIKE-L1,512,decap,1024,16,0.0,0,0,0,MacBook-Pro-4.local,darwin,0,15.8408,63.04,,,2025-11-17T02:47:56.513824,,81
BIKE-L1,512,decap,1024,16,0.0,0,0,0,MacBook-Pro-4.local,darwin,0,15.6667,61.36,,,2025-11-17T02:47:56.513834,,82
BIKE-L1,512,decap,1024,16,0.0,0,0,0,MacBook-Pro-4.local,darwin,0,15.3114,68.15,,,2025-11-17T02:47:56.513844,,83
BIKE-L1,512,decap,1024,16,0.0,0,0,0,MacBook-Pro-4.local,darwin,0,15.2213,67.21,,,2025-11-17T02:47:56.513855,,84
BIKE-L1,512,decap,1024,16,0.0,0,0,0,MacBook-Pro-4.local,darwin,0,15.1591,66.47,,,2025-11-17T02:47:56.513865,,85
BIKE-L1,512,decap,1024,64,0.0,0,0,0,MacBook-Pro-4.local,darwin,0,17.0975,59.2,,,2025-11-17T02:47:56.513878,,86
BIKE-L1,512,decap,1024,64,0.0,0,0,0,MacBook-Pro-4.local,darwin,0,16.9643,61.13,,,2025-11-17T02:47:56.513889,,87
BIKE-L1,512,decap,1024,64,0.0,0,0,0,MacBook-Pro-4.local,darwin,0,17.3027,58.01,,,2025-11-17T02:47:56.513899,,88
BIKE-L1,512,decap,1024,64,0.0,0,0,0,MacBook-Pro-4.local,darwin,0,17.4632,59.3,,,2025-11-17T02:47:56.513910,,89
BIKE-L1,512,decap,1024,64,0.0,0,0,0,MacBook-Pro-4.local,darwin,0,16.5973,61.81,,,2025-11-17T02:47:56.513920,,90
BIKE-L1,768,keygen,0,1,0.0,0,0,0,MacBook-Pro-4.local,darwin,0,13.8204,74.09,,,2025-11-17T02:47:56.513935,,91
BIKE-L1,768,keygen,0,1,0.0,0,0,0,MacBook-Pro-4.local,darwin,0,14.8261,68.05,,,2025-11-17T02:47:56.513946,,92
BIKE-L1,768,keygen,0,1,0.0,0,0,0,MacBook-Pro-4.local,darwin,0,14.5457,65.67,,,2025-11-17T02:47:56.513957,,93
BIKE-L1,768,keygen,0,1,0.0,0,0,0,MacBook-Pro-4.local,darwin,0,14.0465,71.1,,,2025-11-17T02:47:56.513967,,94
BIKE-L1,768,keygen,0,1,0.0,0,0,0,MacBook-Pro-4.local,darwin,0,14.7713,64.64,,,2025-11-17T02:47:56.513977,,95
BIKE-L1,768,keygen,0,16,0.0,0,0,0,MacBook-Pro-4.local,darwin,0,15.6458,62.14,,,2025-11-17T02:47:56.513990,,96
BIKE-L1,768,keygen,0,16,0.0,0,0,0,MacBook-Pro-4.local,darwin,0,14.6652,65.18,,,2025-11-17T02:47:56.514001,,97
BIKE-L1,768,keygen,0,16,0.0,0,0,0,MacBook-Pro-4.local,darwin,0,14.9856,67.26,,,2025-11-17T02:47:56.514011,,98
BIKE-L1,768,keygen,0,16,0.0,0,0,0,MacBook-Pro-4.local,darwin,0,15.7419,66.08,,,2025-11-17T02:47:56.514021,,99
BIKE-L1,768,keygen,0,16,0.0,0,0,0,MacBook-Pro-4.local,darwin,0,14.7467,67.03,,,2025-11-17T02:47:56.514031,,100
BIKE-L1,768,keygen,0,64,0.0,0,0,0,MacBook-Pro-4.local,darwin,0,16.1669,63.39,,,2025-11-17T02:47:56.514046,,101
BIKE-L1,768,keygen,0,64,0.0,0,0,0,MacBook-Pro-4.local,darwin,0,16.1645,63.16,,,2025-11-17T02:47:56.514056,,102
BIKE-L1,768,keygen,0,64,0.0,0,0,0,MacBook-Pro-4.local,darwin,0,16.3236,59.79,,,2025-11-17T02:47:56.514066,,103
BIKE-L1,768,keygen,0,64,0.0,0,0,0,MacBook-Pro-4.local,darwin,0,15.3042,66.76,,,2025-11-17T02:47:56.514076,,104
BIKE-L1,768,keygen,0,64,0.0,0,0,0,MacBook-Pro-4.local,darwin,0,16.9409,58.07,,,2025-11-17T02:47:56.514086,,105
BIKE-L1,768,keygen,1024,1,0.0,0,0,0,MacBook-Pro-4.local,darwin,0,16.1627,61.2,,,2025-11-17T02:47:56.514100,,106
BIKE-L1,768,keygen,1024,1,0.0,0,0,0,MacBook-Pro-4.local,darwin,0,15.9543,63.47,,,2025-11-17T02:47:56.514111,,107
BIKE-L1,768,keygen,1024,1,0.0,0,0,0,MacBook-Pro-4.local,darwin,0,16.2026,58.79,,,2025-11-17T02:47:56.514121,,108
BIKE-L1,768,keygen,1024,1,0.0,0,0,0,MacBook-Pro-4.local,darwin,0,16.3638,63.86,,,2025-11-17T02:47:56.514131,,109
BIKE-L1,768,keygen,1024,1,0.0,0,0,0,MacBook-Pro-4.local,darwin,0,16.2179,63.39,,,2025-11-17T02:47:56.514142,,110
BIKE-L1,768,keygen,1024,16,0.0,0,0,0,MacBook-Pro-4.local,darwin,0,17.1033,58.69,,,2025-11-17T02:47:56.514155,,111
BIKE-L1,768,keygen,1024,16,0.0,0,0,0,MacBook-Pro-4.local,darwin,0,17.3507,57.03,,,2025-11-17T02:47:56.514165,,112
BIKE-L1,768,keygen,1024,16,0.0,0,0,0,MacBook-Pro-4.local,darwin,0,17.352,54.88,,,2025-11-17T02:47:56.514175,,113
BIKE-L1,768,keygen,1024,16,0.0,0,0,0,MacBook-Pro-4.local,darwin,0,16.8549,61.8,,,2025-11-17T02:47:56.514185,,114
BIKE-L1,768,keygen,1024,16,0.0,0,0,0,MacBook-Pro-4.local,darwin,0,17.5396,59.19,,,2025-11-17T02:47:56.514195,,115
BIKE-L1,768,keygen,1024,64,0.0,0,0,0,MacBook-Pro-4.local,darwin,0,18.2984,52.79,,,2025-11-17T02:47:56.514209,,116
BIKE-L1,768,keygen,1024,64,0.0,0,0,0,MacBook-Pro-4.local,darwin,0,18.4811,56.38,,,2025-11-17T02:47:56.514219,,117
BIKE-L1,768,keygen,1024,64,0.0,0,0,0,MacBook-Pro-4.local,darwin,0,18.3834,57.05,,,2025-11-17T02:47:56.514230,,118
BIKE-L1,768,keygen,1024,64,0.0,0,0,0,MacBook-Pro-4.local,darwin,0,17.8824,55.1,,,2025-11-17T02:47:56.514240,,119
BIKE-L1,768,keygen,1024,64,0.0,0,0,0,MacBook-Pro-4.local,darwin,0,18.9915,52.65,,,2025-11-17T02:47:56.514250,,120
BIKE-L1,768,encap,0,1,0.0,0,0,0,MacBook-Pro-4.local,darwin,0,11.9343,87.6,,,2025-11-17T02:47:56.514264,,121
BIKE-L1,768,encap,0,1,0.0,0,0,0,MacBook-Pro-4.local,darwin,0,11.6237,87.03,,,2025-11-17T02:47:56.514274,,122
BIKE-L1,768,encap,0,1,0.0,0,0,0,MacBook-Pro-4.local,darwin,0,12.2238,78.55,,,2025-11-17T02:47:56.514285,,123
BIKE-L1,768,encap,0,1,0.0,0,0,0,MacBook-Pro-4.local,darwin,0,13.1783,74.74,,,2025-11-17T02:47:56.514295,,124
BIKE-L1,768,encap,0,1,0.0,0,0,0,MacBook-Pro-4.local,darwin,0,12.0556,84.02,,,2025-11-17T02:47:56.514305,,125
BIKE-L1,768,encap,0,16,0.0,0,0,0,MacBook-Pro-4.local,darwin,0,12.9583,76.75,,,2025-11-17T02:47:56.514318,,126
BIKE-L1,768,encap,0,16,0.0,0,0,0,MacBook-Pro-4.local,darwin,0,11.9691,84.9,,,2025-11-17T02:47:56.514329,,127
BIKE-L1,768,encap,0,16,0.0,0,0,0,MacBook-Pro-4.local,darwin,0,12.5013,77.23,,,2025-11-17T02:47:56.514339,,128
BIKE-L1,768,encap,0,16,0.0,0,0,0,MacBook-Pro-4.local,darwin,0,11.3388,85.4,,,2025-11-17T02:47:56.514349,,129
BIKE-L1,768,encap,0,16,0.0,0,0,0,MacBook-Pro-4.local,darwin,0,12.7427,74.77,,,2025-11-17T02:47:56.514359,,130
BIKE-L1,768,encap,0,64,0.0,0,0,0,MacBook-Pro-4.local,darwin,0,13.0698,73.35,,,2025-11-17T02:47:56.514373,,131
BIKE-L1,768,encap,0,64,0.0,0,0,0,MacBook-Pro-4.local,darwin,0,13.1502,79.01,,,2025-11-17T02:47:56.514383,,132
BIKE-L1,768,encap,0,64,0.0,0,0,0,MacBook-Pro-4.local,darwin,0,13.7437,71.98,,,2025-11-17T02:47:56.514394,,133
BIKE-L1,768,encap,0,64,0.0,0,0,0,MacBook-Pro-4.local,darwin,0,14.1835,69.65,,,2025-11-17T02:47:56.514404,,134
BIKE-L1,768,encap,0,64,0.0,0,0,0,MacBook-Pro-4.local,darwin,0,13.4084,72.62,,,2025-11-17T02:47:56.514414,,135
BIKE-L1,768,encap,1024,1,0.0,0,0,0,MacBook-Pro-4.local,darwin,0,12.7747,76.43,,,2025-11-17T02:47:56.514428,,136
BIKE-L1,768,encap,1024,1,0.0,0,0,0,MacBook-Pro-4.local,darwin,0,12.8368,77.27,,,2025-11-17T02:47:56.514438,,137
BIKE-L1,768,encap,1024,1,0.0,0,0,0,MacBook-Pro-4.local,darwin,0,14.0606,74.49,,,2025-11-17T02:47:56.514448,,138
BIKE-L1,768,encap,1024,1,0.0,0,0,0,MacBook-Pro-4.local,darwin,0,13.2894,72.43,,,2025-11-17T02:47:56.514460,,139
BIKE-L1,768,encap,1024,1,0.0,0,0,0,MacBook-Pro-4.local,darwin,0,13.843,70.79,,,2025-11-17T02:47:56.514470,,140
BIKE-L1,768,encap,1024,16,0.0,0,0,0,MacBook-Pro-4.local,darwin,0,14.1401,70.39,,,2025-11-17T02:47:56.514484,,141
BIKE-L1,768,encap,1024,16,0.0,0,0,0,MacBook-Pro-4.local,darwin,0,13.3278,72.09,,,2025-11-17T02:47:56.514494,,142
BIKE-L1,768,encap,1024,16,0.0,0,0,0,MacBook-Pro-4.local,darwin,0,12.9102,81.12,,,2025-11-17T02:47:56.514504,,143
BIKE-L1,768,encap,1024,16,0.0,0,0,0,MacBook-Pro-4.local,darwin,0,14.5357,66.44,,,2025-11-17T02:47:56.514515,,144
BIKE-L1,768,encap,1024,16,0.0,0,0,0,MacBook-Pro-4.local,darwin,0,14.3921,72.24,,,2025-11-17T02:47:56.514525,,145
BIKE-L1,768,encap,1024,64,0.0,0,0,0,MacBook-Pro-4.local,darwin,0,15.2743,66.68,,,2025-11-17T02:47:56.514538,,146
BIKE-L1,768,encap,1024,64,0.0,0,0,0,MacBook-Pro-4.local,darwin,0,16.0003,62.0,,,2025-11-17T02:47:56.514549,,147
BIKE-L1,768,encap,1024,64,0.0,0,0,0,MacBook-Pro-4.local,darwin,0,16.0248,63.77,,,2025-11-17T02:47:56.514584,,148
BIKE-L1,768,encap,1024,64,0.0,0,0,0,MacBook-Pro-4.local,darwin,0,15.7411,63.94,,,2025-11-17T02:47:56.514596,,149
BIKE-L1,768,encap,1024,64,0.0,0,0,0,MacBook-Pro-4.local,darwin,0,16.0258,62.2,,,2025-11-17T02:47:56.514607,,150
BIKE-L1,768,decap,0,1,0.0,0,0,0,MacBook-Pro-4.local,darwin,0,13.7957,69.45,,,2025-11-17T02:47:56.514622,,151
BIKE-L1,768,decap,0,1,0.0,0,0,0,MacBook-Pro-4.local,darwin,0,12.7992,80.82,,,2025-11-17T02:47:56.514633,,152
BIKE-L1,768,decap,0,1,0.0,0,0,0,MacBook-Pro-4.local,darwin,0,14.1764,67.75,,,2025-11-17T02:47:56.514643,,153
BIKE-L1,768,decap,0,1,0.0,0,0,0,MacBook-Pro-4.local,darwin,0,13.025,74.3,,,2025-11-17T02:47:56.514654,,154
BIKE-L1,768,decap,0,1,0.0,0,0,0,MacBook-Pro-4.local,darwin,0,12.7002,78.37,,,2025-11-17T02:47:56.514665,,155
BIKE-L1,768,decap,0,16,0.0,0,0,0,MacBook-Pro-4.local,darwin,0,13.7779,69.82,,,2025-11-17T02:47:56.514678,,156
BIKE-L1,768,decap,0,16,0.0,0,0,0,MacBook-Pro-4.local,darwin,0,14.2462,72.3,,,2025-11-17T02:47:56.514689,,157
BIKE-L1,768,decap,0,16,0.0,0,0,0,MacBook-Pro-4.local,darwin,0,12.9915,77.94,,,2025-11-17T02:47:56.514699,,158
BIKE-L1,768,decap,0,16,0.0,0,0,0,MacBook-Pro-4.local,darwin,0,13.1921,72.52,,,2025-11-17T02:47:56.514709,,159
BIKE-L1,768,decap,0,16,0.0,0,0,0,MacBook-Pro-4.local,darwin,0,13.9768,71.57,,,2025-11-17T02:47:56.514720,,160
BIKE-L1,768,decap,0,64,0.0,0,0,0,MacBook-Pro-4.local,darwin,0,14.77,67.05,,,2025-11-17T02:47:56.514733,,161
BIKE-L1,768,decap,0,64,0.0,0,0,0,MacBook-Pro-4.local,darwin,0,15.173,65.21,,,2025-11-17T02:47:56.514744,,162
BIKE-L1,768,decap,0,64,0.0,0,0,0,MacBook-Pro-4.local,darwin,0,15.0404,66.27,,,2025-11-17T02:47:56.514754,,163
BIKE-L1,768,decap,0,64,0.0,0,0,0,MacBook-Pro-4.local,darwin,0,14.7777,70.27,,,2025-11-17T02:47:56.514765,,164
BIKE-L1,768,decap,0,64,0.0,0,0,0,MacBook-Pro-4.local,darwin,0,15.1901,68.73,,,2025-11-17T02:47:56.514775,,165
BIKE-L1,768,decap,1024,1,0.0,0,0,0,MacBook-Pro-4.local,darwin,0,14.5567,68.41,,,2025-11-17T02:47:56.514789,,166
BIKE-L1,768,decap,1024,1,0.0,0,0,0,MacBook-Pro-4.local,darwin,0,15.5477,62.21,,,2025-11-17T02:47:56.514800,,167
BIKE-L1,768,decap,1024,1,0.0,0,0,0,MacBook-Pro-4.local,darwin,0,13.9784,68.52,,,2025-11-17T02:47:56.514810,,168
BIKE-L1,768,decap,1024,1,0.0,0,0,0,MacBook-Pro-4.local,darwin,0,14.8951,65.29,,,2025-11-17T02:47:56.514821,,169
BIKE-L1,768,decap,1024,1,0.0,0,0,0,MacBook-Pro-4.local,darwin,0,14.4356,70.8,,,2025-11-17T02:47:56.514831,,170
BIKE-L1,768,decap,1024,16,0.0,0,0,0,MacBook-Pro-4.local,darwin,0,15.5827,64.82,,,2025-11-17T02:47:56.514845,,171
BIKE-L1,768,decap,1024,16,0.0,0,0,0,MacBook-Pro-4.local,darwin,0,15.2272,63.29,,,2025-11-17T02:47:56.514855,,172
BIKE-L1,768,decap,1024,16,0.0,0,0,0,MacBook-Pro-4.local,darwin,0,15.9269,60.02,,,2025-11-17T02:47:56.514865,,173
BIKE-L1,768,decap,1024,16,0.0,0,0,0,MacBook-Pro-4.local,darwin,0,14.6656,65.87,,,2025-11-17T02:47:56.514876,,174
BIKE-L1,768,decap,1024,16,0.0,0,0,0,MacBook-Pro-4.local,darwin,0,15.2607,67.73,,,2025-11-17T02:47:56.514886,,175
BIKE-L1,768,decap,1024,64,0.0,0,0,0,MacBook-Pro-4.local,darwin,0,16.4262,58.62,,,2025-11-17T02:47:56.514900,,176
BIKE-L1,768,decap,1024,64,0.0,0,0,0,MacBook-Pro-4.local,darwin,0,16.6905,58.66,,,2025-11-17T02:47:56.514910,,177
BIKE-L1,768,decap,1024,64,0.0,0,0,0,MacBook-Pro-4.local,darwin,0,16.3677,60.36,,,2025-11-17T02:47:56.514921,,178
BIKE-L1,768,decap,1024,64,0.0,0,0,0,MacBook-Pro-4.local,darwin,0,15.7669,62.19,,,2025-11-17T02:47:56.514931,,179
BIKE-L1,768,decap,1024,64,0.0,0,0,0,MacBook-Pro-4.local,darwin,0,16.8364,58.65,,,2025-11-17T02:47:56.514941,,180
BIKE-L1,1024,keygen,0,1,0.0,0,0,0,MacBook-Pro-4.local,darwin,0,14.5877,65.26,,,2025-11-17T02:47:56.514955,,181
BIKE-L1,1024,keygen,0,1,0.0,0,0,0,MacBook-Pro-4.local,darwin,0,15.0401,68.89,,,2025-11-17T02:47:56.514966,,182
BIKE-L1,1024,keygen,0,1,0.0,0,0,0,MacBook-Pro-4.local,darwin,0,15.5675,66.58,,,2025-11-17T02:47:56.514977,,183
BIKE-L1,1024,keygen,0,1,0.0,0,0,0,MacBook-Pro-4.local,darwin,0,14.3159,66.92,,,2025-11-17T02:47:56.514987,,184
BIKE-L1,1024,keygen,0,1,0.0,0,0,0,MacBook-Pro-4.local,darwin,0,13.9661,69.74,,,2025-11-17T02:47:56.514997,,185
BIKE-L1,1024,keygen,0,16,0.0,0,0,0,MacBook-Pro-4.local,darwin,0,15.2834,62.99,,,2025-11-17T02:47:56.515010,,186
BIKE-L1,1024,keygen,0,16,0.0,0,0,0,MacBook-Pro-4.local,darwin,0,14.8076,65.54,,,2025-11-17T02:47:56.515021,,187
BIKE-L1,1024,keygen,0,16,0.0,0,0,0,MacBook-Pro-4.local,darwin,0,14.9946,67.72,,,2025-11-17T02:47:56.515031,,188
BIKE-L1,1024,keygen,0,16,0.0,0,0,0,MacBook-Pro-4.local,darwin,0,14.9655,68.81,,,2025-11-17T02:47:56.515041,,189
BIKE-L1,1024,keygen,0,16,0.0,0,0,0,MacBook-Pro-4.local,darwin,0,14.5822,70.95,,,2025-11-17T02:47:56.515051,,190
BIKE-L1,1024,keygen,0,64,0.0,0,0,0,MacBook-Pro-4.local,darwin,0,15.7512,60.5,,,2025-11-17T02:47:56.515065,,191
BIKE-L1,1024,keygen,0,64,0.0,0,0,0,MacBook-Pro-4.local,darwin,0,15.9165,65.45,,,2025-11-17T02:47:56.515076,,192
BIKE-L1,1024,keygen,0,64,0.0,0,0,0,MacBook-Pro-4.local,darwin,0,16.2386,58.75,,,2025-11-17T02:47:56.515086,,193
BIKE-L1,1024,keygen,0,64,0.0,0,0,0,MacBook-Pro-4.local,darwin,0,17.5172,59.52,,,2025-11-17T02:47:56.515097,,194
BIKE-L1,1024,keygen,0,64,0.0,0,0,0,MacBook-Pro-4.local,darwin,0,16.3082,60.03,,,2025-11-17T02:47:56.515107,,195
BIKE-L1,1024,keygen,1024,1,0.0,0,0,0,MacBook-Pro-4.local,darwin,0,15.6799,64.94,,,2025-11-17T02:47:56.515121,,196
BIKE-L1,1024,keygen,1024,1,0.0,0,0,0,MacBook-Pro-4.local,darwin,0,15.5114,64.05,,,2025-11-17T02:47:56.515132,,197
BIKE-L1,1024,keygen,1024,1,0.0,0,0,0,MacBook-Pro-4.local,darwin,0,17.292,57.86,,,2025-11-17T02:47:56.515142,,198
BIKE-L1,1024,keygen,1024,1,0.0,0,0,0,MacBook-Pro-4.local,darwin,0,15.4987,65.54,,,2025-11-17T02:47:56.515153,,199
BIKE-L1,1024,keygen,1024,1,0.0,0,0,0,MacBook-Pro-4.local,darwin,0,16.3959,63.48,,,2025-11-17T02:47:56.515163,,200
BIKE-L1,1024,keygen,1024,16,0.0,0,0,0,MacBook-Pro-4.local,darwin,0,17.0766,60.95,,,2025-11-17T02:47:56.515177,,201
BIKE-L1,1024,keygen,1024,16,0.0,0,0,0,MacBook-Pro-4.local,darwin,0,16.8141,59.85,,,2025-11-17T02:47:56.515187,,202
BIKE-L1,1024,keygen,1024,16,0.0,0,0,0,MacBook-Pro-4.local,darwin,0,16.9782,58.34,,,2025-11-17T02:47:56.515198,,203
BIKE-L1,1024,keygen,1024,16,0.0,0,0,0,MacBook-Pro-4.local,darwin,0,16.6605,59.15,,,2025-11-17T02:47:56.515209,,204
BIKE-L1,1024,keygen,1024,16,0.0,0,0,0,MacBook-Pro-4.local,darwin,0,16.5481,61.75,,,2025-11-17T02:47:56.515220,,205
BIKE-L1,1024,keygen,1024,64,0.0,0,0,0,MacBook-Pro-4.local,darwin,0,18.458,55.39,,,2025-11-17T02:47:56.515234,,206
BIKE-L1,1024,keygen,1024,64,0.0,0,0,0,MacBook-Pro-4.local,darwin,0,17.9297,54.33,,,2025-11-17T02:47:56.515245,,207
BIKE-L1,1024,keygen,1024,64,0.0,0,0,0,MacBook-Pro-4.local,darwin,0,18.1486,56.6,,,2025-11-17T02:47:56.515256,,208
BIKE-L1,1024,keygen,1024,64,0.0,0,0,0,MacBook-Pro-4.local,darwin,0,17.9878,53.56,,,2025-11-17T02:47:56.515266,,209
BIKE-L1,1024,keygen,1024,64,0.0,0,0,0,MacBook-Pro-4.local,darwin,0,17.9076,55.64,,,2025-11-17T02:47:56.515276,,210
BIKE-L1,1024,encap,0,1,0.0,0,0,0,MacBook-Pro-4.local,darwin,0,11.7573,88.98,,,2025-11-17T02:47:56.515290,,211
BIKE-L1,1024,encap,0,1,0.0,0,0,0,MacBook-Pro-4.local,darwin,0,12.559,81.18,,,2025-11-17T02:47:56.515301,,212
BIKE-L1,1024,encap,0,1,0.0,0,0,0,MacBook-Pro-4.local,darwin,0,10.5939,95.32,,,2025-11-17T02:47:56.515311,,213
BIKE-L1,1024,encap,0,1,0.0,0,0,0,MacBook-Pro-4.local,darwin,0,12.2608,78.3,,,2025-11-17T02:47:56.515322,,214
BIKE-L1,1024,encap,0,1,0.0,0,0,0,MacBook-Pro-4.local,darwin,0,11.8754,85.84,,,2025-11-17T02:47:56.515332,,215
BIKE-L1,1024,encap,0,16,0.0,0,0,0,MacBook-Pro-4.local,darwin,0,12.5115,80.28,,,2025-11-17T02:47:56.515346,,216
BIKE-L1,1024,encap,0,16,0.0,0,0,0,MacBook-Pro-4.local,darwin,0,12.6532,79.17,,,2025-11-17T02:47:56.515356,,217
BIKE-L1,1024,encap,0,16,0.0,0,0,0,MacBook-Pro-4.local,darwin,0,12.3829,81.64,,,2025-11-17T02:47:56.515366,,218
BIKE-L1,1024,encap,0,16,0.0,0,0,0,MacBook-Pro-4.local,darwin,0,12.1784,78.12,,,2025-11-17T02:47:56.515377,,219
BIKE-L1,1024,encap,0,16,0.0,0,0,0,MacBook-Pro-4.local,darwin,0,11.8287,81.12,,,2025-11-17T02:47:56.515388,,220
BIKE-L1,1024,encap,0,64,0.0,0,0,0,MacBook-Pro-4.local,darwin,0,13.3449,73.45,,,2025-11-17T02:47:56.515421,,221
BIKE-L1,1024,encap,0,64,0.0,0,0,0,MacBook-Pro-4.local,darwin,0,13.1093,78.42,,,2025-11-17T02:47:56.515433,,222
BIKE-L1,1024,encap,0,64,0.0,0,0,0,MacBook-Pro-4.local,darwin,0,13.6717,75.15,,,2025-11-17T02:47:56.515444,,223
BIKE-L1,1024,encap,0,64,0.0,0,0,0,MacBook-Pro-4.local,darwin,0,13.4497,75.99,,,2025-11-17T02:47:56.515454,,224
BIKE-L1,1024,encap,0,64,0.0,0,0,0,MacBook-Pro-4.local,darwin,0,14.5308,70.79,,,2025-11-17T02:47:56.515465,,225
BIKE-L1,1024,encap,1024,1,0.0,0,0,0,MacBook-Pro-4.local,darwin,0,12.7583,79.67,,,2025-11-17T02:47:56.515479,,226
BIKE-L1,1024,encap,1024,1,0.0,0,0,0,MacBook-Pro-4.local,darwin,0,13.8182,74.84,,,2025-11-17T02:47:56.515489,,227
BIKE-L1,1024,encap,1024,1,0.0,0,0,0,MacBook-Pro-4.local,darwin,0,13.4428,76.33,,,2025-11-17T02:47:56.515500,,228
BIKE-L1,1024,encap,1024,1,0.0,0,0,0,MacBook-Pro-4.local,darwin,0,14.4576,69.57,,,2025-11-17T02:47:56.515510,,229
BIKE-L1,1024,encap,1024,1,0.0,0,0,0,MacBook-Pro-4.local,darwin,0,13.622,71.46,,,2025-11-17T02:47:56.515521,,230
BIKE-L1,1024,encap,1024,16,0.0,0,0,0,MacBook-Pro-4.local,darwin,0,14.2083,73.49,,,2025-11-17T02:47:56.515534,,231
BIKE-L1,1024,encap,1024,16,0.0,0,0,0,MacBook-Pro-4.local,darwin,0,14.2353,67.39,,,2025-11-17T02:47:56.515545,,232
BIKE-L1,1024,encap,1024,16,0.0,0,0,0,MacBook-Pro-4.local,darwin,0,13.6902,69.93,,,2025-11-17T02:47:56.515555,,233
BIKE-L1,1024,encap,1024,16,0.0,0,0,0,MacBook-Pro-4.local,darwin,0,15.0274,64.2,,,2025-11-17T02:47:56.515566,,234
BIKE-L1,1024,encap,1024,16,0.0,0,0,0,MacBook-Pro-4.local,darwin,0,13.9063,73.99,,,2025-11-17T02:47:56.515576,,235
BIKE-L1,1024,encap,1024,64,0.0,0,0,0,MacBook-Pro-4.local,darwin,0,15.1443,66.56,,,2025-11-17T02:47:56.515590,,236
BIKE-L1,1024,encap,1024,64,0.0,0,0,0,MacBook-Pro-4.local,darwin,0,15.9529,60.07,,,2025-11-17T02:47:56.515600,,237
BIKE-L1,1024,encap,1024,64,0.0,0,0,0,MacBook-Pro-4.local,darwin,0,15.0139,68.18,,,2025-11-17T02:47:56.515610,,238
BIKE-L1,1024,encap,1024,64,0.0,0,0,0,MacBook-Pro-4.local,darwin,0,15.0082,66.02,,,2025-11-17T02:47:56.515620,,239
BIKE-L1,1024,encap,1024,64,0.0,0,0,0,MacBook-Pro-4.local,darwin,0,14.9811,64.53,,,2025-11-17T02:47:56.515631,,240
BIKE-L1,1024,decap,0,1,0.0,0,0,0,MacBook-Pro-4.local,darwin,0,12.51,78.95,,,2025-11-17T02:47:56.515645,,241
BIKE-L1,1024,decap,0,1,0.0,0,0,0,MacBook-Pro-4.local,darwin,0,13.5726,76.83,,,2025-11-17T02:47:56.515655,,242
BIKE-L1,1024,decap,0,1,0.0,0,0,0,MacBook-Pro-4.local,darwin,0,12.8616,80.22,,,2025-11-17T02:47:56.515674,,243
BIKE-L1,1024,decap,0,1,0.0,0,0,0,MacBook-Pro-4.local,darwin,0,13.2272,73.1,,,2025-11-17T02:47:56.515684,,244
BIKE-L1,1024,decap,0,1,0.0,0,0,0,MacBook-Pro-4.local,darwin,0,13.0091,78.17,,,2025-11-17T02:47:56.515694,,245
BIKE-L1,1024,decap,0,16,0.0,0,0,0,MacBook-Pro-4.local,darwin,0,12.6643,76.42,,,2025-11-17T02:47:56.515707,,246
BIKE-L1,1024,decap,0,16,0.0,0,0,0,MacBook-Pro-4.local,darwin,0,13.6238,73.81,,,2025-11-17T02:47:56.515718,,247
BIKE-L1,1024,decap,0,16,0.0,0,0,0,MacBook-Pro-4.local,darwin,0,13.1645,73.75,,,2025-11-17T02:47:56.515728,,248
BIKE-L1,1024,decap,0,16,0.0,0,0,0,MacBook-Pro-4.local,darwin,0,13.5504,73.98,,,2025-11-17T02:47:56.515739,,249
BIKE-L1,1024,decap,0,16,0.0,0,0,0,MacBook-Pro-4.local,darwin,0,13.5102,71.53,,,2025-11-17T02:47:56.515749,,250
BIKE-L1,1024,decap,0,64,0.0,0,0,0,MacBook-Pro-4.local,darwin,0,14.7736,65.29,,,2025-11-17T02:47:56.515763,,251
BIKE-L1,1024,decap,0,64,0.0,0,0,0,MacBook-Pro-4.local,darwin,0,14.4399,66.76,,,2025-11-17T02:47:56.515773,,252
BIKE-L1,1024,decap,0,64,0.0,0,0,0,MacBook-Pro-4.local,darwin,0,15.1049,66.6,,,2025-11-17T02:47:56.515783,,253
BIKE-L1,1024,decap,0,64,0.0,0,0,0,MacBook-Pro-4.local,darwin,0,14.3787,71.79,,,2025-11-17T02:47:56.515794,,254
BIKE-L1,1024,decap,0,64,0.0,0,0,0,MacBook-Pro-4.local,darwin,0,14.5549,71.23,,,2025-11-17T02:47:56.515804,,255
BIKE-L1,1024,decap,1024,1,0.0,0,0,0,MacBook-Pro-4.local,darwin,0,15.1704,63.79,,,2025-11-17T02:47:56.515818,,256
BIKE-L1,1024,decap,1024,1,0.0,0,0,0,MacBook-Pro-4.local,darwin,0,14.6971,66.12,,,2025-11-17T02:47:56.515828,,257
BIKE-L1,1024,decap,1024,1,0.0,0,0,0,MacBook-Pro-4.local,darwin,0,15.1325,63.97,,,2025-11-17T02:47:56.515839,,258
BIKE-L1,1024,decap,1024,1,0.0,0,0,0,MacBook-Pro-4.local,darwin,0,14.6542,65.75,,,2025-11-17T02:47:56.515849,,259
BIKE-L1,1024,decap,1024,1,0.0,0,0,0,MacBook-Pro-4.local,darwin,0,14.6879,71.14,,,2025-11-17T02:47:56.515860,,260
BIKE-L1,1024,decap,1024,16,0.0,0,0,0,MacBook-Pro-4.local,darwin,0,15.1173,62.91,,,2025-11-17T02:47:56.515874,,261
BIKE-L1,1024,decap,1024,16,0.0,0,0,0,MacBook-Pro-4.local,darwin,0,15.7819,66.08,,,2025-11-17T02:47:56.515885,,262
BIKE-L1,1024,decap,1024,16,0.0,0,0,0,MacBook-Pro-4.local,darwin,0,14.5156,66.12,,,2025-11-17T02:47:56.515895,,263
BIKE-L1,1024,decap,1024,16,0.0,0,0,0,MacBook-Pro-4.local,darwin,0,15.9621,63.33,,,2025-11-17T02:47:56.515905,,264
BIKE-L1,1024,decap,1024,16,0.0,0,0,0,MacBook-Pro-4.local,darwin,0,14.514,71.44,,,2025-11-17T02:47:56.515916,,265
BIKE-L1,1024,decap,1024,64,0.0,0,0,0,MacBook-Pro-4.local,darwin,0,16.8183,61.51,,,2025-11-17T02:47:56.515930,,266
BIKE-L1,1024,decap,1024,64,0.0,0,0,0,MacBook-Pro-4.local,darwin,0,16.4874,58.09,,,2025-11-17T02:47:56.515940,,267
BIKE-L1,1024,decap,1024,64,0.0,0,0,0,MacBook-Pro-4.local,darwin,0,16.7881,61.52,,,2025-11-17T02:47:56.515951,,268
BIKE-L1,1024,decap,1024,64,0.0,0,0,0,MacBook-Pro-4.local,darwin,0,16.6487,60.06,,,2025-11-17T02:47:56.515961,,269
BIKE-L1,1024,decap,1024,64,0.0,0,0,0,MacBook-Pro-4.local,darwin,0,16.587,57.85,,,2025-11-17T02:47:56.515972,,270
BIKE-L3,512,keygen,0,1,0.0,0,0,0,MacBook-Pro-4.local,darwin,0,14.1003,68.44,,,2025-11-17T02:47:56.515987,,271
BIKE-L3,512,keygen,0,1,0.0,0,0,0,MacBook-Pro-4.local,darwin,0,14.4104,69.82,,,2025-11-17T02:47:56.515998,,272
BIKE-L3,512,keygen,0,1,0.0,0,0,0,MacBook-Pro-4.local,darwin,0,14.7454,65.68,,,2025-11-17T02:47:56.516010,,273
BIKE-L3,512,keygen,0,1,0.0,0,0,0,MacBook-Pro-4.local,darwin,0,14.46,72.55,,,2025-11-17T02:47:56.516020,,274
BIKE-L3,512,keygen,0,1,0.0,0,0,0,MacBook-Pro-4.local,darwin,0,15.3283,64.42,,,2025-11-17T02:47:56.516031,,275
BIKE-L3,512,keygen,0,16,0.0,0,0,0,MacBook-Pro-4.local,darwin,0,14.5138,65.76,,,2025-11-17T02:47:56.516044,,276
BIKE-L3,512,keygen,0,16,0.0,0,0,0,MacBook-Pro-4.local,darwin,0,14.9328,70.07,,,2025-11-17T02:47:56.516055,,277
BIKE-L3,512,keygen,0,16,0.0,0,0,0,MacBook-Pro-4.local,darwin,0,15.5628,61.87,,,2025-11-17T02:47:56.516065,,278
BIKE-L3,512,keygen,0,16,0.0,0,0,0,MacBook-Pro-4.local,darwin,0,15.5311,63.6,,,2025-11-17T02:47:56.516075,,279
BIKE-L3,512,keygen,0,16,0.0,0,0,0,MacBook-Pro-4.local,darwin,0,15.3806,65.85,,,2025-11-17T02:47:56.516085,,280
BIKE-L3,512,keygen,0,64,0.0,0,0,0,MacBook-Pro-4.local,darwin,0,16.0355,60.98,,,2025-11-17T02:47:56.516099,,281
BIKE-L3,512,keygen,0,64,0.0,0,0,0,MacBook-Pro-4.local,darwin,0,16.207,60.55,,,2025-11-17T02:47:56.516109,,282
BIKE-L3,512,keygen,0,64,0.0,0,0,0,MacBook-Pro-4.local,darwin,0,16.6877,61.5,,,2025-11-17T02:47:56.516120,,283
BIKE-L3,512,keygen,0,64,0.0,0,0,0,MacBook-Pro-4.local,darwin,0,16.2294,60.6,,,2025-11-17T02:47:56.516130,,284
BIKE-L3,512,keygen,0,64,0.0,0,0,0,MacBook-Pro-4.local,darwin,0,17.0057,58.9,,,2025-11-17T02:47:56.516140,,285
BIKE-L3,512,keygen,1024,1,0.0,0,0,0,MacBook-Pro-4.local,darwin,0,15.8657,62.88,,,2025-11-17T02:47:56.516155,,286
BIKE-L3,512,keygen,1024,1,0.0,0,0,0,MacBook-Pro-4.local,darwin,0,15.9173,64.42,,,2025-11-17T02:47:56.516165,,287
BIKE-L3,512,keygen,1024,1,0.0,0,0,0,MacBook-Pro-4.local,darwin,0,15.6596,61.8,,,2025-11-17T02:47:56.516175,,288
BIKE-L3,512,keygen,1024,1,0.0,0,0,0,MacBook-Pro-4.local,darwin,0,16.0302,65.14,,,2025-11-17T02:47:56.516186,,289
BIKE-L3,512,keygen,1024,1,0.0,0,0,0,MacBook-Pro-4.local,darwin,0,17.1977,60.41,,,2025-11-17T02:47:56.516196,,290
BIKE-L3,512,keygen,1024,16,0.0,0,0,0,MacBook-Pro-4.local,darwin,0,17.8612,57.45,,,2025-11-17T02:47:56.516210,,291
BIKE-L3,512,keygen,1024,16,0.0,0,0,0,MacBook-Pro-4.local,darwin,0,17.2995,55.36,,,2025-11-17T02:47:56.516220,,292
BIKE-L3,512,keygen,1024,16,0.0,0,0,0,MacBook-Pro-4.local,darwin,0,17.3969,58.07,,,2025-11-17T02:47:56.516231,,293
BIKE-L3,512,keygen,1024,16,0.0,0,0,0,MacBook-Pro-4.local,darwin,0,16.1014,59.63,,,2025-11-17T02:47:56.516262,,294
BIKE-L3,512,keygen,1024,16,0.0,0,0,0,MacBook-Pro-4.local,darwin,0,17.0052,58.21,,,2025-11-17T02:47:56.516274,,295
BIKE-L3,512,keygen,1024,64,0.0,0,0,0,MacBook-Pro-4.local,darwin,0,18.7178,50.85,,,2025-11-17T02:47:56.516288,,296
BIKE-L3,512,keygen,1024,64,0.0,0,0,0,MacBook-Pro-4.local,darwin,0,18.5955,56.15,,,2025-11-17T02:47:56.516298,,297
BIKE-L3,512,keygen,1024,64,0.0,0,0,0,MacBook-Pro-4.local,darwin,0,18.4624,51.94,,,2025-11-17T02:47:56.516309,,298
BIKE-L3,512,keygen,1024,64,0.0,0,0,0,MacBook-Pro-4.local,darwin,0,17.7731,58.54,,,2025-11-17T02:47:56.516319,,299
BIKE-L3,512,keygen,1024,64,0.0,0,0,0,MacBook-Pro-4.local,darwin,0,17.7203,58.96,,,2025-11-17T02:47:56.516330,,300
BIKE-L3,512,encap,0,1,0.0,0,0,0,MacBook-Pro-4.local,darwin,0,10.9096,91.3,,,2025-11-17T02:47:56.516345,,301
BIKE-L3,512,encap,0,1,0.0,0,0,0,MacBook-Pro-4.local,darwin,0,11.9888,86.79,,,2025-11-17T02:47:56.516355,,302
BIKE-L3,512,encap,0,1,0.0,0,0,0,MacBook-Pro-4.local,darwin,0,11.2763,89.27,,,2025-11-17T02:47:56.516366,,303
BIKE-L3,512,encap,0,1,0.0,0,0,0,MacBook-Pro-4.local,darwin,0,11.5008,85.72,,,2025-11-17T02:47:56.516376,,304
BIKE-L3,512,encap,0,1,0.0,0,0,0,MacBook-Pro-4.local,darwin,0,11.4935,89.68,,,2025-11-17T02:47:56.516387,,305
BIKE-L3,512,encap,0,16,0.0,0,0,0,MacBook-Pro-4.local,darwin,0,11.9805,87.12,,,2025-11-17T02:47:56.516400,,306
BIKE-L3,512,encap,0,16,0.0,0,0,0,MacBook-Pro-4.local,darwin,0,12.184,83.21,,,2025-11-17T02:47:56.516411,,307
BIKE-L3,512,encap,0,16,0.0,0,0,0,MacBook-Pro-4.local,darwin,0,12.2744,83.2,,,2025-11-17T02:47:56.516422,,308
BIKE-L3,512,encap,0,16,0.0,0,0,0,MacBook-Pro-4.local,darwin,0,11.9272,84.69,,,2025-11-17T02:47:56.516432,,309
BIKE-L3,512,encap,0,16,0.0,0,0,0,MacBook-Pro-4.local,darwin,0,12.2914,83.98,,,2025-11-17T02:47:56.516443,,310
BIKE-L3,512,encap,0,64,0.0,0,0,0,MacBook-Pro-4.local,darwin,0,13.6811,69.82,,,2025-11-17T02:47:56.516457,,311
BIKE-L3,512,encap,0,64,0.0,0,0,0,MacBook-Pro-4.local,darwin,0,13.8235,72.45,,,2025-11-17T02:47:56.516467,,312
BIKE-L3,512,encap,0,64,0.0,0,0,0,MacBook-Pro-4.local,darwin,0,13.1362,76.82,,,2025-11-17T02:47:56.516477,,313
BIKE-L3,512,encap,0,64,0.0,0,0,0,MacBook-Pro-4.local,darwin,0,13.6862,72.25,,,2025-11-17T02:47:56.516487,,314
BIKE-L3,512,encap,0,64,0.0,0,0,0,MacBook-Pro-4.local,darwin,0,12.9756,79.28,,,2025-11-17T02:47:56.516498,,315
BIKE-L3,512,encap,1024,1,0.0,0,0,0,MacBook-Pro-4.local,darwin,0,13.5544,76.02,,,2025-11-17T02:47:56.516511,,316
BIKE-L3,512,encap,1024,1,0.0,0,0,0,MacBook-Pro-4.local,darwin,0,12.9854,74.82,,,2025-11-17T02:47:56.516522,,317
BIKE-L3,512,encap,1024,1,0.0,0,0,0,MacBook-Pro-4.local,darwin,0,12.6214,80.07,,,2025-11-17T02:47:56.516533,,318
BIKE-L3,512,encap,1024,1,0.0,0,0,0,MacBook-Pro-4.local,darwin,0,13.5407,74.54,,,2025-11-17T02:47:56.516544,,319
BIKE-L3,512,encap,1024,1,0.0,0,0,0,MacBook-Pro-4.local,darwin,0,13.532,73.93,,,2025-11-17T02:47:56.516554,,320
BIKE-L3,512,encap,1024,16,0.0,0,0,0,MacBook-Pro-4.local,darwin,0,13.4394,76.69,,,2025-11-17T02:47:56.516567,,321
BIKE-L3,512,encap,1024,16,0.0,0,0,0,MacBook-Pro-4.local,darwin,0,14.5948,67.54,,,2025-11-17T02:47:56.516578,,322
BIKE-L3,512,encap,1024,16,0.0,0,0,0,MacBook-Pro-4.local,darwin,0,13.6589,69.78,,,2025-11-17T02:47:56.516588,,323
BIKE-L3,512,encap,1024,16,0.0,0,0,0,MacBook-Pro-4.local,darwin,0,13.104,79.06,,,2025-11-17T02:47:56.516598,,324
BIKE-L3,512,encap,1024,16,0.0,0,0,0,MacBook-Pro-4.local,darwin,0,13.5845,70.07,,,2025-11-17T02:47:56.516608,,325
BIKE-L3,512,encap,1024,64,0.0,0,0,0,MacBook-Pro-4.local,darwin,0,14.6964,66.83,,,2025-11-17T02:47:56.516621,,326
BIKE-L3,512,encap,1024,64,0.0,0,0,0,MacBook-Pro-4.local,darwin,0,14.8241,65.44,,,2025-11-17T02:47:56.516632,,327
BIKE-L3,512,encap,1024,64,0.0,0,0,0,MacBook-Pro-4.local,darwin,0,14.9784,66.13,,,2025-11-17T02:47:56.516642,,328
BIKE-L3,512,encap,1024,64,0.0,0,0,0,MacBook-Pro-4.local,darwin,0,15.5114,67.38,,,2025-11-17T02:47:56.516652,,329
BIKE-L3,512,encap,1024,64,0.0,0,0,0,MacBook-Pro-4.local,darwin,0,15.7313,63.15,,,2025-11-17T02:47:56.516662,,330
BIKE-L3,512,decap,0,1,0.0,0,0,0,MacBook-Pro-4.local,darwin,0,13.4026,72.87,,,2025-11-17T02:47:56.516676,,331
BIKE-L3,512,decap,0,1,0.0,0,0,0,MacBook-Pro-4.local,darwin,0,13.6979,70.98,,,2025-11-17T02:47:56.516686,,332
BIKE-L3,512,decap,0,1,0.0,0,0,0,MacBook-Pro-4.local,darwin,0,13.1055,75.0,,,2025-11-17T02:47:56.516697,,333
BIKE-L3,512,decap,0,1,0.0,0,0,0,MacBook-Pro-4.local,darwin,0,12.6389,77.72,,,2025-11-17T02:47:56.516707,,334
BIKE-L3,512,decap,0,1,0.0,0,0,0,MacBook-Pro-4.local,darwin,0,13.4871,71.4,,,2025-11-17T02:47:56.516718,,335
BIKE-L3,512,decap,0,16,0.0,0,0,0,MacBook-Pro-4.local,darwin,0,13.4354,71.51,,,2025-11-17T02:47:56.516731,,336
BIKE-L3,512,decap,0,16,0.0,0,0,0,MacBook-Pro-4.local,darwin,0,13.3913,75.77,,,2025-11-17T02:47:56.516741,,337
BIKE-L3,512,decap,0,16,0.0,0,0,0,MacBook-Pro-4.local,darwin,0,13.7198,74.16,,,2025-11-17T02:47:56.516751,,338
BIKE-L3,512,decap,0,16,0.0,0,0,0,MacBook-Pro-4.local,darwin,0,12.9499,74.85,,,2025-11-17T02:47:56.516761,,339
BIKE-L3,512,decap,0,16,0.0,0,0,0,MacBook-Pro-4.local,darwin,0,12.9386,79.18,,,2025-11-17T02:47:56.516771,,340
BIKE-L3,512,decap,0,64,0.0,0,0,0,MacBook-Pro-4.local,darwin,0,14.7514,68.39,,,2025-11-17T02:47:56.516784,,341
BIKE-L3,512,decap,0,64,0.0,0,0,0,MacBook-Pro-4.local,darwin,0,14.1981,67.98,,,2025-11-17T02:47:56.516795,,342
BIKE-L3,512,decap,0,64,0.0,0,0,0,MacBook-Pro-4.local,darwin,0,14.9155,68.81,,,2025-11-17T02:47:56.516806,,343
BIKE-L3,512,decap,0,64,0.0,0,0,0,MacBook-Pro-4.local,darwin,0,14.7776,70.06,,,2025-11-17T02:47:56.516817,,344
BIKE-L3,512,decap,0,64,0.0,0,0,0,MacBook-Pro-4.local,darwin,0,16.4337,63.4,,,2025-11-17T02:47:56.516828,,345
BIKE-L3,512,decap,1024,1,0.0,0,0,0,MacBook-Pro-4.local,darwin,0,15.1832,62.7,,,2025-11-17T02:47:56.516841,,346
BIKE-L3,512,decap,1024,1,0.0,0,0,0,MacBook-Pro-4.local,darwin,0,15.3371,66.96,,,2025-11-17T02:47:56.516852,,347
BIKE-L3,512,decap,1024,1,0.0,0,0,0,MacBook-Pro-4.local,darwin,0,14.7881,66.87,,,2025-11-17T02:47:56.516862,,348
BIKE-L3,512,decap,1024,1,0.0,0,0,0,MacBook-Pro-4.local,darwin,0,15.3174,62.56,,,2025-11-17T02:47:56.516873,,349
BIKE-L3,512,decap,1024,1,0.0,0,0,0,MacBook-Pro-4.local,darwin,0,14.3691,69.21,,,2025-11-17T02:47:56.516883,,350
BIKE-L3,512,decap,1024,16,0.0,0,0,0,MacBook-Pro-4.local,darwin,0,15.1176,69.17,,,2025-11-17T02:47:56.516896,,351
BIKE-L3,512,decap,1024,16,0.0,0,0,0,MacBook-Pro-4.local,darwin,0,15.3954,64.53,,,2025-11-17T02:47:56.516906,,352
BIKE-L3,512,decap,1024,16,0.0,0,0,0,MacBook-Pro-4.local,darwin,0,15.1323,65.43,,,2025-11-17T02:47:56.516916,,353
BIKE-L3,512,decap,1024,16,0.0,0,0,0,MacBook-Pro-4.local,darwin,0,14.8326,64.68,,,2025-11-17T02:47:56.516927,,354
BIKE-L3,512,decap,1024,16,0.0,0,0,0,MacBook-Pro-4.local,darwin,0,15.788,65.69,,,2025-11-17T02:47:56.516938,,355
BIKE-L3,512,decap,1024,64,0.0,0,0,0,MacBook-Pro-4.local,darwin,0,16.188,61.54,,,2025-11-17T02:47:56.516951,,356
BIKE-L3,512,decap,1024,64,0.0,0,0,0,MacBook-Pro-4.local,darwin,0,15.8477,63.01,,,2025-11-17T02:47:56.516961,,357
BIKE-L3,512,decap,1024,64,0.0,0,0,0,MacBook-Pro-4.local,darwin,0,16.5433,62.57,,,2025-11-17T02:47:56.516971,,358
BIKE-L3,512,decap,1024,64,0.0,0,0,0,MacBook-Pro-4.local,darwin,0,16.3654,61.57,,,2025-11-17T02:47:56.516982,,359
BIKE-L3,512,decap,1024,64,0.0,0,0,0,MacBook-Pro-4.local,darwin,0,16.624,62.58,,,2025-11-17T02:47:56.516992,,360
BIKE-L3,768,keygen,0,1,0.0,0,0,0,MacBook-Pro-4.local,darwin,0,14.4199,71.93,,,2025-11-17T02:47:56.517006,,361
BIKE-L3,768,keygen,0,1,0.0,0,0,0,MacBook-Pro-4.local,darwin,0,14.327,67.36,,,2025-11-17T02:47:56.517017,,362
BIKE-L3,768,keygen,0,1,0.0,0,0,0,MacBook-Pro-4.local,darwin,0,14.1774,68.19,,,2025-11-17T02:47:56.517027,,363
BIKE-L3,768,keygen,0,1,0.0,0,0,0,MacBook-Pro-4.local,darwin,0,13.8621,70.14,,,2025-11-17T02:47:56.517037,,364
BIKE-L3,768,keygen,0,1,0.0,0,0,0,MacBook-Pro-4.local,darwin,0,14.4169,70.65,,,2025-11-17T02:47:56.517047,,365
BIKE-L3,768,keygen,0,16,0.0,0,0,0,MacBook-Pro-4.local,darwin,0,14.393,71.52,,,2025-11-17T02:47:56.517061,,366
BIKE-L3,768,keygen,0,16,0.0,0,0,0,MacBook-Pro-4.local,darwin,0,14.8527,64.59,,,2025-11-17T02:47:56.517071,,367
BIKE-L3,768,keygen,0,16,0.0,0,0,0,MacBook-Pro-4.local,darwin,0,15.3502,65.69,,,2025-11-17T02:47:56.517100,,368
BIKE-L3,768,keygen,0,16,0.0,0,0,0,MacBook-Pro-4.local,darwin,0,15.3425,67.56,,,2025-11-17T02:47:56.517112,,369
BIKE-L3,768,keygen,0,16,0.0,0,0,0,MacBook-Pro-4.local,darwin,0,15.1181,67.85,,,2025-11-17T02:47:56.517122,,370
BIKE-L3,768,keygen,0,64,0.0,0,0,0,MacBook-Pro-4.local,darwin,0,16.2198,63.55,,,2025-11-17T02:47:56.517136,,371
BIKE-L3,768,keygen,0,64,0.0,0,0,0,MacBook-Pro-4.local,darwin,0,16.5525,58.76,,,2025-11-17T02:47:56.517147,,372
BIKE-L3,768,keygen,0,64,0.0,0,0,0,MacBook-Pro-4.local,darwin,0,16.2409,61.62,,,2025-11-17T02:47:56.517157,,373
BIKE-L3,768,keygen,0,64,0.0,0,0,0,MacBook-Pro-4.local,darwin,0,15.5617,66.67,,,2025-11-17T02:47:56.517167,,374
BIKE-L3,768,keygen,0,64,0.0,0,0,0,MacBook-Pro-4.local,darwin,0,17.2431,57.26,,,2025-11-17T02:47:56.517178,,375
BIKE-L3,768,keygen,1024,1,0.0,0,0,0,MacBook-Pro-4.local,darwin,0,16.0611,64.74,,,2025-11-17T02:47:56.517191,,376
BIKE-L3,768,keygen,1024,1,0.0,0,0,0,MacBook-Pro-4.local,darwin,0,16.3338,61.34,,,2025-11-17T02:47:56.517202,,377
BIKE-L3,768,keygen,1024,1,0.0,0,0,0,MacBook-Pro-4.local,darwin,0,16.5914,62.6,,,2025-11-17T02:47:56.517212,,378
BIKE-L3,768,keygen,1024,1,0.0,0,0,0,MacBook-Pro-4.local,darwin,0,16.3493,58.92,,,2025-11-17T02:47:56.517223,,379
BIKE-L3,768,keygen,1024,1,0.0,0,0,0,MacBook-Pro-4.local,darwin,0,16.2873,64.25,,,2025-11-17T02:47:56.517233,,380
BIKE-L3,768,keygen,1024,16,0.0,0,0,0,MacBook-Pro-4.local,darwin,0,15.8222,65.49,,,2025-11-17T02:47:56.517246,,381
BIKE-L3,768,keygen,1024,16,0.0,0,0,0,MacBook-Pro-4.local,darwin,0,17.0689,61.25,,,2025-11-17T02:47:56.517257,,382
BIKE-L3,768,keygen,1024,16,0.0,0,0,0,MacBook-Pro-4.local,darwin,0,16.2493,64.59,,,2025-11-17T02:47:56.517267,,383
BIKE-L3,768,keygen,1024,16,0.0,0,0,0,MacBook-Pro-4.local,darwin,0,16.1183,64.94,,,2025-11-17T02:47:56.517277,,384
BIKE-L3,768,keygen,1024,16,0.0,0,0,0,MacBook-Pro-4.local,darwin,0,17.1105,60.43,,,2025-11-17T02:47:56.517288,,385
BIKE-L3,768,keygen,1024,64,0.0,0,0,0,MacBook-Pro-4.local,darwin,0,19.0439,50.41,,,2025-11-17T02:47:56.517302,,386
BIKE-L3,768,keygen,1024,64,0.0,0,0,0,MacBook-Pro-4.local,darwin,0,18.4878,56.33,,,2025-11-17T02:47:56.517312,,387
BIKE-L3,768,keygen,1024,64,0.0,0,0,0,MacBook-Pro-4.local,darwin,0,18.9786,50.56,,,2025-11-17T02:47:56.517323,,388
BIKE-L3,768,keygen,1024,64,0.0,0,0,0,MacBook-Pro-4.local,darwin,0,18.2435,54.34,,,2025-11-17T02:47:56.517334,,389
BIKE-L3,768,keygen,1024,64,0.0,0,0,0,MacBook-Pro-4.local,darwin,0,18.6083,55.92,,,2025-11-17T02:47:56.517344,,390
BIKE-L3,768,encap,0,1,0.0,0,0,0,MacBook-Pro-4.local,darwin,0,12.2124,80.58,,,2025-11-17T02:47:56.517358,,391
BIKE-L3,768,encap,0,1,0.0,0,0,0,MacBook-Pro-4.local,darwin,0,12.2375,83.74,,,2025-11-17T02:47:56.517368,,392
BIKE-L3,768,encap,0,1,0.0,0,0,0,MacBook-Pro-4.local,darwin,0,12.0972,86.38,,,2025-11-17T02:47:56.517379,,393
BIKE-L3,768,encap,0,1,0.0,0,0,0,MacBook-Pro-4.local,darwin,0,10.9388,87.69,,,2025-11-17T02:47:56.517389,,394
BIKE-L3,768,encap,0,1,0.0,0,0,0,MacBook-Pro-4.local,darwin,0,13.374,76.8,,,2025-11-17T02:47:56.517399,,395
BIKE-L3,768,encap,0,16,0.0,0,0,0,MacBook-Pro-4.local,darwin,0,12.9273,79.19,,,2025-11-17T02:47:56.517413,,396
BIKE-L3,768,encap,0,16,0.0,0,0,0,MacBook-Pro-4.local,darwin,0,12.7589,78.01,,,2025-11-17T02:47:56.517423,,397
BIKE-L3,768,encap,0,16,0.0,0,0,0,MacBook-Pro-4.local,darwin,0,11.9349,82.55,,,2025-11-17T02:47:56.517433,,398
BIKE-L3,768,encap,0,16,0.0,0,0,0,MacBook-Pro-4.local,darwin,0,11.9758,86.38,,,2025-11-17T02:47:56.517443,,399
BIKE-L3,768,encap,0,16,0.0,0,0,0,MacBook-Pro-4.local,darwin,0,11.5439,90.21,,,2025-11-17T02:47:56.517454,,400
BIKE-L3,768,encap,0,64,0.0,0,0,0,MacBook-Pro-4.local,darwin,0,13.4902,77.81,,,2025-11-17T02:47:56.517467,,401
BIKE-L3,768,encap,0,64,0.0,0,0,0,MacBook-Pro-4.local,darwin,0,13.8656,71.89,,,2025-11-17T02:47:56.517477,,402
BIKE-L3,768,encap,0,64,0.0,0,0,0,MacBook-Pro-4.local,darwin,0,13.3,77.82,,,2025-11-17T02:47:56.517487,,403
BIKE-L3,768,encap,0,64,0.0,0,0,0,MacBook-Pro-4.local,darwin,0,13.2037,78.45,,,2025-11-17T02:47:56.517498,,404
BIKE-L3,768,encap,0,64,0.0,0,0,0,MacBook-Pro-4.local,darwin,0,13.6053,75.7,,,2025-11-17T02:47:56.517508,,405
BIKE-L3,768,encap,1024,1,0.0,0,0,0,MacBook-Pro-4.local,darwin,0,13.0108,74.18,,,2025-11-17T02:47:56.517521,,406
BIKE-L3,768,encap,1024,1,0.0,0,0,0,MacBook-Pro-4.local,darwin,0,13.1342,77.56,,,2025-11-17T02:47:56.517532,,407
BIKE-L3,768,encap,1024,1,0.0,0,0,0,MacBook-Pro-4.local,darwin,0,13.7264,72.55,,,2025-11-17T02:47:56.517542,,408
BIKE-L3,768,encap,1024,1,0.0,0,0,0,MacBook-Pro-4.local,darwin,0,14.2668,70.98,,,2025-11-17T02:47:56.517553,,409
BIKE-L3,768,encap,1024,1,0.0,0,0,0,MacBook-Pro-4.local,darwin,0,13.9359,75.1,,,2025-11-17T02:47:56.517563,,410
BIKE-L3,768,encap,1024,16,0.0,0,0,0,MacBook-Pro-4.local,darwin,0,14.6387,69.31,,,2025-11-17T02:47:56.517577,,411
BIKE-L3,768,encap,1024,16,0.0,0,0,0,MacBook-Pro-4.local,darwin,0,14.5737,65.31,,,2025-11-17T02:47:56.517588,,412
BIKE-L3,768,encap,1024,16,0.0,0,0,0,MacBook-Pro-4.local,darwin,0,13.528,76.05,,,2025-11-17T02:47:56.517598,,413
BIKE-L3,768,encap,1024,16,0.0,0,0,0,MacBook-Pro-4.local,darwin,0,13.9142,72.72,,,2025-11-17T02:47:56.517608,,414
BIKE-L3,768,encap,1024,16,0.0,0,0,0,MacBook-Pro-4.local,darwin,0,14.2919,73.05,,,2025-11-17T02:47:56.517618,,415
BIKE-L3,768,encap,1024,64,0.0,0,0,0,MacBook-Pro-4.local,darwin,0,14.9194,63.83,,,2025-11-17T02:47:56.517632,,416
BIKE-L3,768,encap,1024,64,0.0,0,0,0,MacBook-Pro-4.local,darwin,0,15.4579,62.03,,,2025-11-17T02:47:56.517643,,417
BIKE-L3,768,encap,1024,64,0.0,0,0,0,MacBook-Pro-4.local,darwin,0,15.2979,64.14,,,2025-11-17T02:47:56.517653,,418
BIKE-L3,768,encap,1024,64,0.0,0,0,0,MacBook-Pro-4.local,darwin,0,15.1943,68.71,,,2025-11-17T02:47:56.517664,,419
BIKE-L3,768,encap,1024,64,0.0,0,0,0,MacBook-Pro-4.local,darwin,0,14.8337,67.88,,,2025-11-17T02:47:56.517675,,420
BIKE-L3,768,decap,0,1,0.0,0,0,0,MacBook-Pro-4.local,darwin,0,13.9884,70.54,,,2025-11-17T02:47:56.517689,,421
BIKE-L3,768,decap,0,1,0.0,0,0,0,MacBook-Pro-4.local,darwin,0,13.0583,75.42,,,2025-11-17T02:47:56.517699,,422
BIKE-L3,768,decap,0,1,0.0,0,0,0,MacBook-Pro-4.local,darwin,0,13.4199,77.13,,,2025-11-17T02:47:56.517709,,423
BIKE-L3,768,decap,0,1,0.0,0,0,0,MacBook-Pro-4.local,darwin,0,13.5477,76.64,,,2025-11-17T02:47:56.517719,,424
BIKE-L3,768,decap,0,1,0.0,0,0,0,MacBook-Pro-4.local,darwin,0,12.8485,80.31,,,2025-11-17T02:47:56.517729,,425
BIKE-L3,768,decap,0,16,0.0,0,0,0,MacBook-Pro-4.local,darwin,0,12.7268,81.72,,,2025-11-17T02:47:56.517743,,426
BIKE-L3,768,decap,0,16,0.0,0,0,0,MacBook-Pro-4.local,darwin,0,15.0641,66.07,,,2025-11-17T02:47:56.517753,,427
BIKE-L3,768,decap,0,16,0.0,0,0,0,MacBook-Pro-4.local,darwin,0,13.7274,75.63,,,2025-11-17T02:47:56.517764,,428
BIKE-L3,768,decap,0,16,0.0,0,0,0,MacBook-Pro-4.local,darwin,0,13.6184,73.12,,,2025-11-17T02:47:56.517774,,429
BIKE-L3,768,decap,0,16,0.0,0,0,0,MacBook-Pro-4.local,darwin,0,13.8706,69.62,,,2025-11-17T02:47:56.517784,,430
BIKE-L3,768,decap,0,64,0.0,0,0,0,MacBook-Pro-4.local,darwin,0,14.7542,66.05,,,2025-11-17T02:47:56.517797,,431
BIKE-L3,768,decap,0,64,0.0,0,0,0,MacBook-Pro-4.local,darwin,0,14.781,68.52,,,2025-11-17T02:47:56.517808,,432
BIKE-L3,768,decap,0,64,0.0,0,0,0,MacBook-Pro-4.local,darwin,0,15.1096,67.47,,,2025-11-17T02:47:56.517819,,433
BIKE-L3,768,decap,0,64,0.0,0,0,0,MacBook-Pro-4.local,darwin,0,14.7585,67.67,,,2025-11-17T02:47:56.517829,,434
BIKE-L3,768,decap,0,64,0.0,0,0,0,MacBook-Pro-4.local,darwin,0,14.9209,68.98,,,2025-11-17T02:47:56.517840,,435
BIKE-L3,768,decap,1024,1,0.0,0,0,0,MacBook-Pro-4.local,darwin,0,15.5219,66.79,,,2025-11-17T02:47:56.517853,,436
BIKE-L3,768,decap,1024,1,0.0,0,0,0,MacBook-Pro-4.local,darwin,0,14.3632,72.37,,,2025-11-17T02:47:56.517864,,437
BIKE-L3,768,decap,1024,1,0.0,0,0,0,MacBook-Pro-4.local,darwin,0,15.551,65.18,,,2025-11-17T02:47:56.517875,,438
BIKE-L3,768,decap,1024,1,0.0,0,0,0,MacBook-Pro-4.local,darwin,0,15.708,64.65,,,2025-11-17T02:47:56.517886,,439
BIKE-L3,768,decap,1024,1,0.0,0,0,0,MacBook-Pro-4.local,darwin,0,15.7379,61.91,,,2025-11-17T02:47:56.517897,,440
BIKE-L3,768,decap,1024,16,0.0,0,0,0,MacBook-Pro-4.local,darwin,0,14.9996,67.4,,,2025-11-17T02:47:56.517931,,441
BIKE-L3,768,decap,1024,16,0.0,0,0,0,MacBook-Pro-4.local,darwin,0,15.2582,64.42,,,2025-11-17T02:47:56.517944,,442
BIKE-L3,768,decap,1024,16,0.0,0,0,0,MacBook-Pro-4.local,darwin,0,14.6215,66.66,,,2025-11-17T02:47:56.517955,,443
BIKE-L3,768,decap,1024,16,0.0,0,0,0,MacBook-Pro-4.local,darwin,0,14.8503,70.34,,,2025-11-17T02:47:56.517966,,444
BIKE-L3,768,decap,1024,16,0.0,0,0,0,MacBook-Pro-4.local,darwin,0,14.4641,72.42,,,2025-11-17T02:47:56.517977,,445
BIKE-L3,768,decap,1024,64,0.0,0,0,0,MacBook-Pro-4.local,darwin,0,16.2394,64.38,,,2025-11-17T02:47:56.517991,,446
BIKE-L3,768,decap,1024,64,0.0,0,0,0,MacBook-Pro-4.local,darwin,0,16.7831,59.39,,,2025-11-17T02:47:56.518002,,447
BIKE-L3,768,decap,1024,64,0.0,0,0,0,MacBook-Pro-4.local,darwin,0,17.3865,58.36,,,2025-11-17T02:47:56.518014,,448
BIKE-L3,768,decap,1024,64,0.0,0,0,0,MacBook-Pro-4.local,darwin,0,16.2934,59.0,,,2025-11-17T02:47:56.518024,,449
BIKE-L3,768,decap,1024,64,0.0,0,0,0,MacBook-Pro-4.local,darwin,0,17.128,57.81,,,2025-11-17T02:47:56.518035,,450
BIKE-L3,1024,keygen,0,1,0.0,0,0,0,MacBook-Pro-4.local,darwin,0,15.223,63.86,,,2025-11-17T02:47:56.518050,,451
BIKE-L3,1024,keygen,0,1,0.0,0,0,0,MacBook-Pro-4.local,darwin,0,14.4445,67.89,,,2025-11-17T02:47:56.518060,,452
BIKE-L3,1024,keygen,0,1,0.0,0,0,0,MacBook-Pro-4.local,darwin,0,14.5632,71.88,,,2025-11-17T02:47:56.518071,,453
BIKE-L3,1024,keygen,0,1,0.0,0,0,0,MacBook-Pro-4.local,darwin,0,13.889,73.69,,,2025-11-17T02:47:56.518081,,454
BIKE-L3,1024,keygen,0,1,0.0,0,0,0,MacBook-Pro-4.local,darwin,0,14.7024,69.6,,,2025-11-17T02:47:56.518092,,455
BIKE-L3,1024,keygen,0,16,0.0,0,0,0,MacBook-Pro-4.local,darwin,0,14.8793,67.37,,,2025-11-17T02:47:56.518105,,456
BIKE-L3,1024,keygen,0,16,0.0,0,0,0,MacBook-Pro-4.local,darwin,0,14.8074,70.5,,,2025-11-17T02:47:56.518116,,457
BIKE-L3,1024,keygen,0,16,0.0,0,0,0,MacBook-Pro-4.local,darwin,0,14.0752,69.59,,,2025-11-17T02:47:56.518126,,458
BIKE-L3,1024,keygen,0,16,0.0,0,0,0,MacBook-Pro-4.local,darwin,0,14.7771,69.87,,,2025-11-17T02:47:56.518137,,459
BIKE-L3,1024,keygen,0,16,0.0,0,0,0,MacBook-Pro-4.local,darwin,0,14.7001,71.33,,,2025-11-17T02:47:56.518147,,460
BIKE-L3,1024,keygen,0,64,0.0,0,0,0,MacBook-Pro-4.local,darwin,0,16.6601,59.48,,,2025-11-17T02:47:56.518160,,461
BIKE-L3,1024,keygen,0,64,0.0,0,0,0,MacBook-Pro-4.local,darwin,0,16.2642,60.44,,,2025-11-17T02:47:56.518171,,462
BIKE-L3,1024,keygen,0,64,0.0,0,0,0,MacBook-Pro-4.local,darwin,0,15.7253,61.0,,,2025-11-17T02:47:56.518181,,463
BIKE-L3,1024,keygen,0,64,0.0,0,0,0,MacBook-Pro-4.local,darwin,0,15.9116,63.24,,,2025-11-17T02:47:56.518191,,464
BIKE-L3,1024,keygen,0,64,0.0,0,0,0,MacBook-Pro-4.local,darwin,0,17.2917,60.18,,,2025-11-17T02:47:56.518202,,465
BIKE-L3,1024,keygen,1024,1,0.0,0,0,0,MacBook-Pro-4.local,darwin,0,15.9633,61.84,,,2025-11-17T02:47:56.518216,,466
BIKE-L3,1024,keygen,1024,1,0.0,0,0,0,MacBook-Pro-4.local,darwin,0,15.9256,59.94,,,2025-11-17T02:47:56.518226,,467
BIKE-L3,1024,keygen,1024,1,0.0,0,0,0,MacBook-Pro-4.local,darwin,0,17.0268,55.82,,,2025-11-17T02:47:56.518237,,468
BIKE-L3,1024,keygen,1024,1,0.0,0,0,0,MacBook-Pro-4.local,darwin,0,16.4402,63.65,,,2025-11-17T02:47:56.518247,,469
BIKE-L3,1024,keygen,1024,1,0.0,0,0,0,MacBook-Pro-4.local,darwin,0,16.1657,60.16,,,2025-11-17T02:47:56.518257,,470
BIKE-L3,1024,keygen,1024,16,0.0,0,0,0,MacBook-Pro-4.local,darwin,0,15.8865,63.54,,,2025-11-17T02:47:56.518271,,471
BIKE-L3,1024,keygen,1024,16,0.0,0,0,0,MacBook-Pro-4.local,darwin,0,16.8116,59.43,,,2025-11-17T02:47:56.518281,,472
BIKE-L3,1024,keygen,1024,16,0.0,0,0,0,MacBook-Pro-4.local,darwin,0,17.1096,56.51,,,2025-11-17T02:47:56.518292,,473
BIKE-L3,1024,keygen,1024,16,0.0,0,0,0,MacBook-Pro-4.local,darwin,0,16.5353,58.91,,,2025-11-17T02:47:56.518303,,474
BIKE-L3,1024,keygen,1024,16,0.0,0,0,0,MacBook-Pro-4.local,darwin,0,17.2142,56.81,,,2025-11-17T02:47:56.518313,,475
BIKE-L3,1024,keygen,1024,64,0.0,0,0,0,MacBook-Pro-4.local,darwin,0,18.5404,51.77,,,2025-11-17T02:47:56.518326,,476
BIKE-L3,1024,keygen,1024,64,0.0,0,0,0,MacBook-Pro-4.local,darwin,0,18.5086,55.43,,,2025-11-17T02:47:56.518337,,477
BIKE-L3,1024,keygen,1024,64,0.0,0,0,0,MacBook-Pro-4.local,darwin,0,18.1901,55.25,,,2025-11-17T02:47:56.518347,,478
BIKE-L3,1024,keygen,1024,64,0.0,0,0,0,MacBook-Pro-4.local,darwin,0,18.2787,57.38,,,2025-11-17T02:47:56.518358,,479
BIKE-L3,1024,keygen,1024,64,0.0,0,0,0,MacBook-Pro-4.local,darwin,0,18.2808,52.54,,,2025-11-17T02:47:56.518369,,480
BIKE-L3,1024,encap,0,1,0.0,0,0,0,MacBook-Pro-4.local,darwin,0,12.3759,82.27,,,2025-11-17T02:47:56.518383,,481
BIKE-L3,1024,encap,0,1,0.0,0,0,0,MacBook-Pro-4.local,darwin,0,12.7948,81.86,,,2025-11-17T02:47:56.518394,,482
BIKE-L3,1024,encap,0,1,0.0,0,0,0,MacBook-Pro-4.local,darwin,0,11.5334,87.01,,,2025-11-17T02:47:56.518404,,483
BIKE-L3,1024,encap,0,1,0.0,0,0,0,MacBook-Pro-4.local,darwin,0,11.5631,86.23,,,2025-11-17T02:47:56.518414,,484
BIKE-L3,1024,encap,0,1,0.0,0,0,0,MacBook-Pro-4.local,darwin,0,12.0855,84.13,,,2025-11-17T02:47:56.518425,,485
BIKE-L3,1024,encap,0,16,0.0,0,0,0,MacBook-Pro-4.local,darwin,0,12.3354,82.45,,,2025-11-17T02:47:56.518438,,486
BIKE-L3,1024,encap,0,16,0.0,0,0,0,MacBook-Pro-4.local,darwin,0,12.2146,82.76,,,2025-11-17T02:47:56.518449,,487
BIKE-L3,1024,encap,0,16,0.0,0,0,0,MacBook-Pro-4.local,darwin,0,11.8114,84.34,,,2025-11-17T02:47:56.518459,,488
BIKE-L3,1024,encap,0,16,0.0,0,0,0,MacBook-Pro-4.local,darwin,0,12.9176,74.95,,,2025-11-17T02:47:56.518469,,489
BIKE-L3,1024,encap,0,16,0.0,0,0,0,MacBook-Pro-4.local,darwin,0,12.0579,86.55,,,2025-11-17T02:47:56.518479,,490
BIKE-L3,1024,encap,0,64,0.0,0,0,0,MacBook-Pro-4.local,darwin,0,13.6855,75.14,,,2025-11-17T02:47:56.518493,,491
BIKE-L3,1024,encap,0,64,0.0,0,0,0,MacBook-Pro-4.local,darwin,0,12.7036,81.68,,,2025-11-17T02:47:56.518504,,492
BIKE-L3,1024,encap,0,64,0.0,0,0,0,MacBook-Pro-4.local,darwin,0,13.3448,77.42,,,2025-11-17T02:47:56.518514,,493
BIKE-L3,1024,encap,0,64,0.0,0,0,0,MacBook-Pro-4.local,darwin,0,13.3537,73.61,,,2025-11-17T02:47:56.518524,,494
BIKE-L3,1024,encap,0,64,0.0,0,0,0,MacBook-Pro-4.local,darwin,0,13.1301,79.32,,,2025-11-17T02:47:56.518534,,495
BIKE-L3,1024,encap,1024,1,0.0,0,0,0,MacBook-Pro-4.local,darwin,0,14.1929,70.65,,,2025-11-17T02:47:56.518548,,496
BIKE-L3,1024,encap,1024,1,0.0,0,0,0,MacBook-Pro-4.local,darwin,0,13.5093,72.05,,,2025-11-17T02:47:56.518558,,497
BIKE-L3,1024,encap,1024,1,0.0,0,0,0,MacBook-Pro-4.local,darwin,0,13.768,73.41,,,2025-11-17T02:47:56.518569,,498
BIKE-L3,1024,encap,1024,1,0.0,0,0,0,MacBook-Pro-4.local,darwin,0,13.4739,77.71,,,2025-11-17T02:47:56.518579,,499
BIKE-L3,1024,encap,1024,1,0.0,0,0,0,MacBook-Pro-4.local,darwin,0,13.1875,77.11,,,2025-11-17T02:47:56.518590,,500
BIKE-L3,1024,encap,1024,16,0.0,0,0,0,MacBook-Pro-4.local,darwin,0,14.1984,70.52,,,2025-11-17T02:47:56.518603,,501
BIKE-L3,1024,encap,1024,16,0.0,0,0,0,MacBook-Pro-4.local,darwin,0,14.0184,72.88,,,2025-11-17T02:47:56.518614,,502
BIKE-L3,1024,encap,1024,16,0.0,0,0,0,MacBook-Pro-4.local,darwin,0,13.8722,73.74,,,2025-11-17T02:47:56.518624,,503
BIKE-L3,1024,encap,1024,16,0.0,0,0,0,MacBook-Pro-4.local,darwin,0,14.1937,67.81,,,2025-11-17T02:47:56.518635,,504
BIKE-L3,1024,encap,1024,16,0.0,0,0,0,MacBook-Pro-4.local,darwin,0,13.5837,74.72,,,2025-11-17T02:47:56.518659,,505
BIKE-L3,1024,encap,1024,64,0.0,0,0,0,MacBook-Pro-4.local,darwin,0,15.996,59.41,,,2025-11-17T02:47:56.518705,,506
BIKE-L3,1024,encap,1024,64,0.0,0,0,0,MacBook-Pro-4.local,darwin,0,15.3031,67.86,,,2025-11-17T02:47:56.518717,,507
BIKE-L3,1024,encap,1024,64,0.0,0,0,0,MacBook-Pro-4.local,darwin,0,14.8143,64.3,,,2025-11-17T02:47:56.518728,,508
BIKE-L3,1024,encap,1024,64,0.0,0,0,0,MacBook-Pro-4.local,darwin,0,14.7923,70.06,,,2025-11-17T02:47:56.518740,,509
BIKE-L3,1024,encap,1024,64,0.0,0,0,0,MacBook-Pro-4.local,darwin,0,14.8839,66.53,,,2025-11-17T02:47:56.518754,,510
BIKE-L3,1024,decap,0,1,0.0,0,0,0,MacBook-Pro-4.local,darwin,0,13.2506,78.52,,,2025-11-17T02:47:56.518774,,511
BIKE-L3,1024,decap,0,1,0.0,0,0,0,MacBook-Pro-4.local,darwin,0,12.8597,81.61,,,2025-11-17T02:47:56.518788,,512
BIKE-L3,1024,decap,0,1,0.0,0,0,0,MacBook-Pro-4.local,darwin,0,12.941,78.36,,,2025-11-17T02:47:56.518800,,513
BIKE-L3,1024,decap,0,1,0.0,0,0,0,MacBook-Pro-4.local,darwin,0,13.3187,74.51,,,2025-11-17T02:47:56.518841,,514
BIKE-L3,1024,decap,0,1,0.0,0,0,0,MacBook-Pro-4.local,darwin,0,13.1632,77.3,,,2025-11-17T02:47:56.518855,,515
BIKE-L3,1024,decap,0,16,0.0,0,0,0,MacBook-Pro-4.local,darwin,0,13.9111,69.99,,,2025-11-17T02:47:56.518870,,516
BIKE-L3,1024,decap,0,16,0.0,0,0,0,MacBook-Pro-4.local,darwin,0,13.2312,76.81,,,2025-11-17T02:47:56.518882,,517
BIKE-L3,1024,decap,0,16,0.0,0,0,0,MacBook-Pro-4.local,darwin,0,13.0207,79.5,,,2025-11-17T02:47:56.518893,,518
BIKE-L3,1024,decap,0,16,0.0,0,0,0,MacBook-Pro-4.local,darwin,0,13.5838,69.97,,,2025-11-17T02:47:56.518904,,519
BIKE-L3,1024,decap,0,16,0.0,0,0,0,MacBook-Pro-4.local,darwin,0,13.9467,68.75,,,2025-11-17T02:47:56.518915,,520
BIKE-L3,1024,decap,0,64,0.0,0,0,0,MacBook-Pro-4.local,darwin,0,15.0024,65.5,,,2025-11-17T02:47:56.518930,,521
BIKE-L3,1024,decap,0,64,0.0,0,0,0,MacBook-Pro-4.local,darwin,0,15.8676,64.15,,,2025-11-17T02:47:56.518942,,522
BIKE-L3,1024,decap,0,64,0.0,0,0,0,MacBook-Pro-4.local,darwin,0,14.8258,65.39,,,2025-11-17T02:47:56.518953,,523
BIKE-L3,1024,decap,0,64,0.0,0,0,0,MacBook-Pro-4.local,darwin,0,15.0492,67.18,,,2025-11-17T02:47:56.518963,,524
BIKE-L3,1024,decap,0,64,0.0,0,0,0,MacBook-Pro-4.local,darwin,0,13.9602,68.8,,,2025-11-17T02:47:56.518973,,525
BIKE-L3,1024,decap,1024,1,0.0,0,0,0,MacBook-Pro-4.local,darwin,0,14.2739,66.58,,,2025-11-17T02:47:56.518987,,526
BIKE-L3,1024,decap,1024,1,0.0,0,0,0,MacBook-Pro-4.local,darwin,0,14.8713,68.91,,,2025-11-17T02:47:56.518998,,527
BIKE-L3,1024,decap,1024,1,0.0,0,0,0,MacBook-Pro-4.local,darwin,0,15.2305,62.86,,,2025-11-17T02:47:56.519009,,528
BIKE-L3,1024,decap,1024,1,0.0,0,0,0,MacBook-Pro-4.local,darwin,0,14.6232,66.23,,,2025-11-17T02:47:56.519020,,529
BIKE-L3,1024,decap,1024,1,0.0,0,0,0,MacBook-Pro-4.local,darwin,0,14.755,70.98,,,2025-11-17T02:47:56.519031,,530
BIKE-L3,1024,decap,1024,16,0.0,0,0,0,MacBook-Pro-4.local,darwin,0,15.1688,66.91,,,2025-11-17T02:47:56.519045,,531
BIKE-L3,1024,decap,1024,16,0.0,0,0,0,MacBook-Pro-4.local,darwin,0,14.9706,65.21,,,2025-11-17T02:47:56.519055,,532
BIKE-L3,1024,decap,1024,16,0.0,0,0,0,MacBook-Pro-4.local,darwin,0,15.4365,67.02,,,2025-11-17T02:47:56.519066,,533
BIKE-L3,1024,decap,1024,16,0.0,0,0,0,MacBook-Pro-4.local,darwin,0,14.2964,68.06,,,2025-11-17T02:47:56.519076,,534
BIKE-L3,1024,decap,1024,16,0.0,0,0,0,MacBook-Pro-4.local,darwin,0,15.442,62.38,,,2025-11-17T02:47:56.519087,,535
BIKE-L3,1024,decap,1024,64,0.0,0,0,0,MacBook-Pro-4.local,darwin,0,15.7661,62.46,,,2025-11-17T02:47:56.519102,,536
BIKE-L3,1024,decap,1024,64,0.0,0,0,0,MacBook-Pro-4.local,darwin,0,16.5341,62.13,,,2025-11-17T02:47:56.519114,,537
BIKE-L3,1024,decap,1024,64,0.0,0,0,0,MacBook-Pro-4.local,darwin,0,16.504,62.4,,,2025-11-17T02:47:56.519126,,538
BIKE-L3,1024,decap,1024,64,0.0,0,0,0,MacBook-Pro-4.local,darwin,0,17.1182,58.08,,,2025-11-17T02:47:56.519139,,539
BIKE-L3,1024,decap,1024,64,0.0,0,0,0,MacBook-Pro-4.local,darwin,0,16.283,59.7,,,2025-11-17T02:47:56.519151,,540
BIKE-L5,512,keygen,0,1,0.0,0,0,0,MacBook-Pro-4.local,darwin,0,13.754,74.07,,,2025-11-17T02:47:56.519167,,541
BIKE-L5,512,keygen,0,1,0.0,0,0,0,MacBook-Pro-4.local,darwin,0,13.6733,76.41,,,2025-11-17T02:47:56.519179,,542
BIKE-L5,512,keygen,0,1,0.0,0,0,0,MacBook-Pro-4.local,darwin,0,14.4891,66.31,,,2025-11-17T02:47:56.519190,,543
BIKE-L5,512,keygen,0,1,0.0,0,0,0,MacBook-Pro-4.local,darwin,0,14.3876,66.52,,,2025-11-17T02:47:56.519203,,544
BIKE-L5,512,keygen,0,1,0.0,0,0,0,MacBook-Pro-4.local,darwin,0,14.4278,68.49,,,2025-11-17T02:47:56.519221,,545
BIKE-L5,512,keygen,0,16,0.0,0,0,0,MacBook-Pro-4.local,darwin,0,15.5229,65.13,,,2025-11-17T02:47:56.519236,,546
BIKE-L5,512,keygen,0,16,0.0,0,0,0,MacBook-Pro-4.local,darwin,0,14.6825,67.01,,,2025-11-17T02:47:56.519247,,547
BIKE-L5,512,keygen,0,16,0.0,0,0,0,MacBook-Pro-4.local,darwin,0,14.3229,70.24,,,2025-11-17T02:47:56.519258,,548
BIKE-L5,512,keygen,0,16,0.0,0,0,0,MacBook-Pro-4.local,darwin,0,14.367,66.19,,,2025-11-17T02:47:56.519270,,549
BIKE-L5,512,keygen,0,16,0.0,0,0,0,MacBook-Pro-4.local,darwin,0,15.783,60.35,,,2025-11-17T02:47:56.519281,,550
BIKE-L5,512,keygen,0,64,0.0,0,0,0,MacBook-Pro-4.local,darwin,0,16.1709,62.07,,,2025-11-17T02:47:56.519297,,551
BIKE-L5,512,keygen,0,64,0.0,0,0,0,MacBook-Pro-4.local,darwin,0,16.8571,56.6,,,2025-11-17T02:47:56.519308,,552
BIKE-L5,512,keygen,0,64,0.0,0,0,0,MacBook-Pro-4.local,darwin,0,16.4757,58.52,,,2025-11-17T02:47:56.519320,,553
BIKE-L5,512,keygen,0,64,0.0,0,0,0,MacBook-Pro-4.local,darwin,0,16.4756,62.77,,,2025-11-17T02:47:56.519332,,554
BIKE-L5,512,keygen,0,64,0.0,0,0,0,MacBook-Pro-4.local,darwin,0,16.4075,59.05,,,2025-11-17T02:47:56.519344,,555
BIKE-L5,512,keygen,1024,1,0.0,0,0,0,MacBook-Pro-4.local,darwin,0,16.1082,61.5,,,2025-11-17T02:47:56.519358,,556
BIKE-L5,512,keygen,1024,1,0.0,0,0,0,MacBook-Pro-4.local,darwin,0,15.5898,62.24,,,2025-11-17T02:47:56.519370,,557
BIKE-L5,512,keygen,1024,1,0.0,0,0,0,MacBook-Pro-4.local,darwin,0,15.5871,64.93,,,2025-11-17T02:47:56.519381,,558
BIKE-L5,512,keygen,1024,1,0.0,0,0,0,MacBook-Pro-4.local,darwin,0,16.2102,62.67,,,2025-11-17T02:47:56.519394,,559
BIKE-L5,512,keygen,1024,1,0.0,0,0,0,MacBook-Pro-4.local,darwin,0,16.6514,60.04,,,2025-11-17T02:47:56.519404,,560
BIKE-L5,512,keygen,1024,16,0.0,0,0,0,MacBook-Pro-4.local,darwin,0,16.4062,63.47,,,2025-11-17T02:47:56.519420,,561
BIKE-L5,512,keygen,1024,16,0.0,0,0,0,MacBook-Pro-4.local,darwin,0,16.4486,63.66,,,2025-11-17T02:47:56.519432,,562
BIKE-L5,512,keygen,1024,16,0.0,0,0,0,MacBook-Pro-4.local,darwin,0,16.4705,58.7,,,2025-11-17T02:47:56.519443,,563
BIKE-L5,512,keygen,1024,16,0.0,0,0,0,MacBook-Pro-4.local,darwin,0,15.9574,62.66,,,2025-11-17T02:47:56.519454,,564
BIKE-L5,512,keygen,1024,16,0.0,0,0,0,MacBook-Pro-4.local,darwin,0,16.2675,63.44,,,2025-11-17T02:47:56.519466,,565
BIKE-L5,512,keygen,1024,64,0.0,0,0,0,MacBook-Pro-4.local,darwin,0,17.8971,53.95,,,2025-11-17T02:47:56.519482,,566
BIKE-L5,512,keygen,1024,64,0.0,0,0,0,MacBook-Pro-4.local,darwin,0,17.9592,57.32,,,2025-11-17T02:47:56.519493,,567
BIKE-L5,512,keygen,1024,64,0.0,0,0,0,MacBook-Pro-4.local,darwin,0,18.4681,51.59,,,2025-11-17T02:47:56.519504,,568
BIKE-L5,512,keygen,1024,64,0.0,0,0,0,MacBook-Pro-4.local,darwin,0,18.5298,52.77,,,2025-11-17T02:47:56.519516,,569
BIKE-L5,512,keygen,1024,64,0.0,0,0,0,MacBook-Pro-4.local,darwin,0,17.6722,54.7,,,2025-11-17T02:47:56.519528,,570
BIKE-L5,512,encap,0,1,0.0,0,0,0,MacBook-Pro-4.local,darwin,0,12.3219,82.99,,,2025-11-17T02:47:56.519543,,571
BIKE-L5,512,encap,0,1,0.0,0,0,0,MacBook-Pro-4.local,darwin,0,12.1368,83.27,,,2025-11-17T02:47:56.519555,,572
BIKE-L5,512,encap,0,1,0.0,0,0,0,MacBook-Pro-4.local,darwin,0,11.0577,91.31,,,2025-11-17T02:47:56.519566,,573
BIKE-L5,512,encap,0,1,0.0,0,0,0,MacBook-Pro-4.local,darwin,0,12.4108,81.92,,,2025-11-17T02:47:56.519578,,574
BIKE-L5,512,encap,0,1,0.0,0,0,0,MacBook-Pro-4.local,darwin,0,11.617,85.06,,,2025-11-17T02:47:56.519589,,575
BIKE-L5,512,encap,0,16,0.0,0,0,0,MacBook-Pro-4.local,darwin,0,12.628,77.21,,,2025-11-17T02:47:56.519604,,576
BIKE-L5,512,encap,0,16,0.0,0,0,0,MacBook-Pro-4.local,darwin,0,12.7101,75.48,,,2025-11-17T02:47:56.519615,,577
BIKE-L5,512,encap,0,16,0.0,0,0,0,MacBook-Pro-4.local,darwin,0,11.819,83.7,,,2025-11-17T02:47:56.519626,,578
BIKE-L5,512,encap,0,16,0.0,0,0,0,MacBook-Pro-4.local,darwin,0,12.0228,87.25,,,2025-11-17T02:47:56.519640,,579
BIKE-L5,512,encap,0,16,0.0,0,0,0,MacBook-Pro-4.local,darwin,0,12.5934,76.67,,,2025-11-17T02:47:56.519651,,580
BIKE-L5,512,encap,0,64,0.0,0,0,0,MacBook-Pro-4.local,darwin,0,13.0634,73.98,,,2025-11-17T02:47:56.519665,,581
BIKE-L5,512,encap,0,64,0.0,0,0,0,MacBook-Pro-4.local,darwin,0,13.3034,74.65,,,2025-11-17T02:47:56.519676,,582
BIKE-L5,512,encap,0,64,0.0,0,0,0,MacBook-Pro-4.local,darwin,0,13.2001,76.25,,,2025-11-17T02:47:56.519687,,583
BIKE-L5,512,encap,0,64,0.0,0,0,0,MacBook-Pro-4.local,darwin,0,13.602,73.39,,,2025-11-17T02:47:56.519698,,584
BIKE-L5,512,encap,0,64,0.0,0,0,0,MacBook-Pro-4.local,darwin,0,13.8037,72.3,,,2025-11-17T02:47:56.519709,,585
BIKE-L5,512,encap,1024,1,0.0,0,0,0,MacBook-Pro-4.local,darwin,0,13.6669,72.17,,,2025-11-17T02:47:56.519723,,586
BIKE-L5,512,encap,1024,1,0.0,0,0,0,MacBook-Pro-4.local,darwin,0,13.7488,71.93,,,2025-11-17T02:47:56.519781,,587
BIKE-L5,512,encap,1024,1,0.0,0,0,0,MacBook-Pro-4.local,darwin,0,13.3815,76.88,,,2025-11-17T02:47:56.519795,,588
BIKE-L5,512,encap,1024,1,0.0,0,0,0,MacBook-Pro-4.local,darwin,0,13.6194,70.58,,,2025-11-17T02:47:56.519807,,589
BIKE-L5,512,encap,1024,1,0.0,0,0,0,MacBook-Pro-4.local,darwin,0,12.6083,76.54,,,2025-11-17T02:47:56.519818,,590
BIKE-L5,512,encap,1024,16,0.0,0,0,0,MacBook-Pro-4.local,darwin,0,13.9745,74.43,,,2025-11-17T02:47:56.519833,,591
BIKE-L5,512,encap,1024,16,0.0,0,0,0,MacBook-Pro-4.local,darwin,0,14.4664,69.71,,,2025-11-17T02:47:56.519845,,592
BIKE-L5,512,encap,1024,16,0.0,0,0,0,MacBook-Pro-4.local,darwin,0,14.6882,69.33,,,2025-11-17T02:47:56.519856,,593
BIKE-L5,512,encap,1024,16,0.0,0,0,0,MacBook-Pro-4.local,darwin,0,12.9111,76.28,,,2025-11-17T02:47:56.519867,,594
BIKE-L5,512,encap,1024,16,0.0,0,0,0,MacBook-Pro-4.local,darwin,0,13.4476,72.9,,,2025-11-17T02:47:56.519879,,595
BIKE-L5,512,encap,1024,64,0.0,0,0,0,MacBook-Pro-4.local,darwin,0,14.4874,71.21,,,2025-11-17T02:47:56.519894,,596
BIKE-L5,512,encap,1024,64,0.0,0,0,0,MacBook-Pro-4.local,darwin,0,14.7324,67.88,,,2025-11-17T02:47:56.519906,,597
BIKE-L5,512,encap,1024,64,0.0,0,0,0,MacBook-Pro-4.local,darwin,0,15.876,63.41,,,2025-11-17T02:47:56.519919,,598
BIKE-L5,512,encap,1024,64,0.0,0,0,0,MacBook-Pro-4.local,darwin,0,16.0363,65.39,,,2025-11-17T02:47:56.519931,,599
BIKE-L5,512,encap,1024,64,0.0,0,0,0,MacBook-Pro-4.local,darwin,0,15.1614,67.62,,,2025-11-17T02:47:56.519943,,600
BIKE-L5,512,decap,0,1,0.0,0,0,0,MacBook-Pro-4.local,darwin,0,13.047,73.54,,,2025-11-17T02:47:56.519960,,601
BIKE-L5,512,decap,0,1,0.0,0,0,0,MacBook-Pro-4.local,darwin,0,12.8708,73.85,,,2025-11-17T02:47:56.519972,,602
BIKE-L5,512,decap,0,1,0.0,0,0,0,MacBook-Pro-4.local,darwin,0,13.1816,72.38,,,2025-11-17T02:47:56.519983,,603
BIKE-L5,512,decap,0,1,0.0,0,0,0,MacBook-Pro-4.local,darwin,0,12.812,74.45,,,2025-11-17T02:47:56.519994,,604
BIKE-L5,512,decap,0,1,0.0,0,0,0,MacBook-Pro-4.local,darwin,0,12.84,75.0,,,2025-11-17T02:47:56.520005,,605
BIKE-L5,512,decap,0,16,0.0,0,0,0,MacBook-Pro-4.local,darwin,0,14.782,65.11,,,2025-11-17T02:47:56.520019,,606
BIKE-L5,512,decap,0,16,0.0,0,0,0,MacBook-Pro-4.local,darwin,0,14.002,74.79,,,2025-11-17T02:47:56.520029,,607
BIKE-L5,512,decap,0,16,0.0,0,0,0,MacBook-Pro-4.local,darwin,0,13.7009,72.73,,,2025-11-17T02:47:56.520040,,608
BIKE-L5,512,decap,0,16,0.0,0,0,0,MacBook-Pro-4.local,darwin,0,13.211,77.08,,,2025-11-17T02:47:56.520050,,609
BIKE-L5,512,decap,0,16,0.0,0,0,0,MacBook-Pro-4.local,darwin,0,12.7362,81.37,,,2025-11-17T02:47:56.520061,,610
BIKE-L5,512,decap,0,64,0.0,0,0,0,MacBook-Pro-4.local,darwin,0,15.3403,68.34,,,2025-11-17T02:47:56.520075,,611
BIKE-L5,512,decap,0,64,0.0,0,0,0,MacBook-Pro-4.local,darwin,0,14.6971,70.51,,,2025-11-17T02:47:56.520088,,612
BIKE-L5,512,decap,0,64,0.0,0,0,0,MacBook-Pro-4.local,darwin,0,14.6006,66.73,,,2025-11-17T02:47:56.520100,,613
BIKE-L5,512,decap,0,64,0.0,0,0,0,MacBook-Pro-4.local,darwin,0,14.9859,66.97,,,2025-11-17T02:47:56.520111,,614
BIKE-L5,512,decap,0,64,0.0,0,0,0,MacBook-Pro-4.local,darwin,0,15.0861,68.71,,,2025-11-17T02:47:56.520122,,615
BIKE-L5,512,decap,1024,1,0.0,0,0,0,MacBook-Pro-4.local,darwin,0,14.8072,65.54,,,2025-11-17T02:47:56.520136,,616
BIKE-L5,512,decap,1024,1,0.0,0,0,0,MacBook-Pro-4.local,darwin,0,14.7492,65.63,,,2025-11-17T02:47:56.520147,,617
BIKE-L5,512,decap,1024,1,0.0,0,0,0,MacBook-Pro-4.local,darwin,0,15.4628,64.38,,,2025-11-17T02:47:56.520160,,618
BIKE-L5,512,decap,1024,1,0.0,0,0,0,MacBook-Pro-4.local,darwin,0,14.0924,72.3,,,2025-11-17T02:47:56.520170,,619
BIKE-L5,512,decap,1024,1,0.0,0,0,0,MacBook-Pro-4.local,darwin,0,14.6725,70.85,,,2025-11-17T02:47:56.520181,,620
BIKE-L5,512,decap,1024,16,0.0,0,0,0,MacBook-Pro-4.local,darwin,0,14.9022,66.1,,,2025-11-17T02:47:56.520195,,621
BIKE-L5,512,decap,1024,16,0.0,0,0,0,MacBook-Pro-4.local,darwin,0,14.7354,66.7,,,2025-11-17T02:47:56.520206,,622
BIKE-L5,512,decap,1024,16,0.0,0,0,0,MacBook-Pro-4.local,darwin,0,15.2972,63.51,,,2025-11-17T02:47:56.520217,,623
BIKE-L5,512,decap,1024,16,0.0,0,0,0,MacBook-Pro-4.local,darwin,0,16.271,61.93,,,2025-11-17T02:47:56.520228,,624
BIKE-L5,512,decap,1024,16,0.0,0,0,0,MacBook-Pro-4.local,darwin,0,14.7092,67.38,,,2025-11-17T02:47:56.520240,,625
BIKE-L5,512,decap,1024,64,0.0,0,0,0,MacBook-Pro-4.local,darwin,0,17.6792,56.39,,,2025-11-17T02:47:56.520255,,626
BIKE-L5,512,decap,1024,64,0.0,0,0,0,MacBook-Pro-4.local,darwin,0,16.64,61.49,,,2025-11-17T02:47:56.520269,,627
BIKE-L5,512,decap,1024,64,0.0,0,0,0,MacBook-Pro-4.local,darwin,0,15.981,61.32,,,2025-11-17T02:47:56.520282,,628
BIKE-L5,512,decap,1024,64,0.0,0,0,0,MacBook-Pro-4.local,darwin,0,16.7091,60.0,,,2025-11-17T02:47:56.520293,,629
BIKE-L5,512,decap,1024,64,0.0,0,0,0,MacBook-Pro-4.local,darwin,0,15.7172,63.87,,,2025-11-17T02:47:56.520305,,630
BIKE-L5,768,keygen,0,1,0.0,0,0,0,MacBook-Pro-4.local,darwin,0,14.4212,66.69,,,2025-11-17T02:47:56.520320,,631
BIKE-L5,768,keygen,0,1,0.0,0,0,0,MacBook-Pro-4.local,darwin,0,14.6622,69.59,,,2025-11-17T02:47:56.520331,,632
BIKE-L5,768,keygen,0,1,0.0,0,0,0,MacBook-Pro-4.local,darwin,0,15.4445,63.0,,,2025-11-17T02:47:56.520349,,633
BIKE-L5,768,keygen,0,1,0.0,0,0,0,MacBook-Pro-4.local,darwin,0,14.9438,64.07,,,2025-11-17T02:47:56.520360,,634
BIKE-L5,768,keygen,0,1,0.0,0,0,0,MacBook-Pro-4.local,darwin,0,14.4126,68.38,,,2025-11-17T02:47:56.520371,,635
BIKE-L5,768,keygen,0,16,0.0,0,0,0,MacBook-Pro-4.local,darwin,0,15.2047,68.49,,,2025-11-17T02:47:56.520386,,636
BIKE-L5,768,keygen,0,16,0.0,0,0,0,MacBook-Pro-4.local,darwin,0,14.4922,68.61,,,2025-11-17T02:47:56.520398,,637
BIKE-L5,768,keygen,0,16,0.0,0,0,0,MacBook-Pro-4.local,darwin,0,15.1763,66.55,,,2025-11-17T02:47:56.520409,,638
BIKE-L5,768,keygen,0,16,0.0,0,0,0,MacBook-Pro-4.local,darwin,0,14.3725,72.65,,,2025-11-17T02:47:56.520420,,639
BIKE-L5,768,keygen,0,16,0.0,0,0,0,MacBook-Pro-4.local,darwin,0,15.508,65.11,,,2025-11-17T02:47:56.520430,,640
BIKE-L5,768,keygen,0,64,0.0,0,0,0,MacBook-Pro-4.local,darwin,0,16.2628,60.82,,,2025-11-17T02:47:56.520444,,641
BIKE-L5,768,keygen,0,64,0.0,0,0,0,MacBook-Pro-4.local,darwin,0,16.6016,58.44,,,2025-11-17T02:47:56.520455,,642
BIKE-L5,768,keygen,0,64,0.0,0,0,0,MacBook-Pro-4.local,darwin,0,15.9592,59.7,,,2025-11-17T02:47:56.520466,,643
BIKE-L5,768,keygen,0,64,0.0,0,0,0,MacBook-Pro-4.local,darwin,0,16.4525,58.02,,,2025-11-17T02:47:56.520476,,644
BIKE-L5,768,keygen,0,64,0.0,0,0,0,MacBook-Pro-4.local,darwin,0,16.0455,65.34,,,2025-11-17T02:47:56.520487,,645
BIKE-L5,768,keygen,1024,1,0.0,0,0,0,MacBook-Pro-4.local,darwin,0,16.7781,60.67,,,2025-11-17T02:47:56.520501,,646
BIKE-L5,768,keygen,1024,1,0.0,0,0,0,MacBook-Pro-4.local,darwin,0,16.7302,58.12,,,2025-11-17T02:47:56.520513,,647
BIKE-L5,768,keygen,1024,1,0.0,0,0,0,MacBook-Pro-4.local,darwin,0,15.8431,63.49,,,2025-11-17T02:47:56.520524,,648
BIKE-L5,768,keygen,1024,1,0.0,0,0,0,MacBook-Pro-4.local,darwin,0,15.7675,65.49,,,2025-11-17T02:47:56.520535,,649
BIKE-L5,768,keygen,1024,1,0.0,0,0,0,MacBook-Pro-4.local,darwin,0,16.5973,57.34,,,2025-11-17T02:47:56.520545,,650
BIKE-L5,768,keygen,1024,16,0.0,0,0,0,MacBook-Pro-4.local,darwin,0,15.9978,65.0,,,2025-11-17T02:47:56.520560,,651
BIKE-L5,768,keygen,1024,16,0.0,0,0,0,MacBook-Pro-4.local,darwin,0,16.7903,61.03,,,2025-11-17T02:47:56.520571,,652
BIKE-L5,768,keygen,1024,16,0.0,0,0,0,MacBook-Pro-4.local,darwin,0,17.7132,56.63,,,2025-11-17T02:47:56.520591,,653
BIKE-L5,768,keygen,1024,16,0.0,0,0,0,MacBook-Pro-4.local,darwin,0,17.2803,59.2,,,2025-11-17T02:47:56.520602,,654
BIKE-L5,768,keygen,1024,16,0.0,0,0,0,MacBook-Pro-4.local,darwin,0,16.7427,60.38,,,2025-11-17T02:47:56.520613,,655
BIKE-L5,768,keygen,1024,64,0.0,0,0,0,MacBook-Pro-4.local,darwin,0,17.6908,55.96,,,2025-11-17T02:47:56.520627,,656
BIKE-L5,768,keygen,1024,64,0.0,0,0,0,MacBook-Pro-4.local,darwin,0,17.9281,55.78,,,2025-11-17T02:47:56.520639,,657
BIKE-L5,768,keygen,1024,64,0.0,0,0,0,MacBook-Pro-4.local,darwin,0,17.5994,54.72,,,2025-11-17T02:47:56.520651,,658
BIKE-L5,768,keygen,1024,64,0.0,0,0,0,MacBook-Pro-4.local,darwin,0,17.632,55.04,,,2025-11-17T02:47:56.520777,,659
BIKE-L5,768,keygen,1024,64,0.0,0,0,0,MacBook-Pro-4.local,darwin,0,18.3092,56.54,,,2025-11-17T02:47:56.520958,,660
BIKE-L5,768,encap,0,1,0.0,0,0,0,MacBook-Pro-4.local,darwin,0,11.7553,83.71,,,2025-11-17T02:47:56.520994,,661
BIKE-L5,768,encap,0,1,0.0,0,0,0,MacBook-Pro-4.local,darwin,0,11.3066,88.41,,,2025-11-17T02:47:56.521007,,662
BIKE-L5,768,encap,0,1,0.0,0,0,0,MacBook-Pro-4.local,darwin,0,12.1016,86.11,,,2025-11-17T02:47:56.521020,,663
BIKE-L5,768,encap,0,1,0.0,0,0,0,MacBook-Pro-4.local,darwin,0,12.6202,76.34,,,2025-11-17T02:47:56.521031,,664
BIKE-L5,768,encap,0,1,0.0,0,0,0,MacBook-Pro-4.local,darwin,0,11.2694,88.91,,,2025-11-17T02:47:56.521043,,665
BIKE-L5,768,encap,0,16,0.0,0,0,0,MacBook-Pro-4.local,darwin,0,12.441,80.28,,,2025-11-17T02:47:56.521057,,666
BIKE-L5,768,encap,0,16,0.0,0,0,0,MacBook-Pro-4.local,darwin,0,13.1492,72.25,,,2025-11-17T02:47:56.521068,,667
BIKE-L5,768,encap,0,16,0.0,0,0,0,MacBook-Pro-4.local,darwin,0,13.0066,79.87,,,2025-11-17T02:47:56.521079,,668
BIKE-L5,768,encap,0,16,0.0,0,0,0,MacBook-Pro-4.local,darwin,0,12.6175,82.29,,,2025-11-17T02:47:56.521090,,669
BIKE-L5,768,encap,0,16,0.0,0,0,0,MacBook-Pro-4.local,darwin,0,12.498,80.01,,,2025-11-17T02:47:56.521101,,670
BIKE-L5,768,encap,0,64,0.0,0,0,0,MacBook-Pro-4.local,darwin,0,13.5573,74.5,,,2025-11-17T02:47:56.521116,,671
BIKE-L5,768,encap,0,64,0.0,0,0,0,MacBook-Pro-4.local,darwin,0,12.6045,79.26,,,2025-11-17T02:47:56.521128,,672
BIKE-L5,768,encap,0,64,0.0,0,0,0,MacBook-Pro-4.local,darwin,0,13.3023,72.43,,,2025-11-17T02:47:56.521139,,673
BIKE-L5,768,encap,0,64,0.0,0,0,0,MacBook-Pro-4.local,darwin,0,14.0029,73.63,,,2025-11-17T02:47:56.521150,,674
BIKE-L5,768,encap,0,64,0.0,0,0,0,MacBook-Pro-4.local,darwin,0,12.8597,80.94,,,2025-11-17T02:47:56.521161,,675
BIKE-L5,768,encap,1024,1,0.0,0,0,0,MacBook-Pro-4.local,darwin,0,12.228,79.72,,,2025-11-17T02:47:56.521177,,676
BIKE-L5,768,encap,1024,1,0.0,0,0,0,MacBook-Pro-4.local,darwin,0,13.941,71.07,,,2025-11-17T02:47:56.521188,,677
BIKE-L5,768,encap,1024,1,0.0,0,0,0,MacBook-Pro-4.local,darwin,0,13.4682,71.53,,,2025-11-17T02:47:56.521200,,678
BIKE-L5,768,encap,1024,1,0.0,0,0,0,MacBook-Pro-4.local,darwin,0,14.5454,66.31,,,2025-11-17T02:47:56.521212,,679
BIKE-L5,768,encap,1024,1,0.0,0,0,0,MacBook-Pro-4.local,darwin,0,13.2665,72.36,,,2025-11-17T02:47:56.521224,,680
BIKE-L5,768,encap,1024,16,0.0,0,0,0,MacBook-Pro-4.local,darwin,0,13.9438,72.21,,,2025-11-17T02:47:56.521242,,681
BIKE-L5,768,encap,1024,16,0.0,0,0,0,MacBook-Pro-4.local,darwin,0,13.5553,72.19,,,2025-11-17T02:47:56.521253,,682
BIKE-L5,768,encap,1024,16,0.0,0,0,0,MacBook-Pro-4.local,darwin,0,13.4618,73.48,,,2025-11-17T02:47:56.521265,,683
BIKE-L5,768,encap,1024,16,0.0,0,0,0,MacBook-Pro-4.local,darwin,0,14.1511,68.96,,,2025-11-17T02:47:56.521276,,684
BIKE-L5,768,encap,1024,16,0.0,0,0,0,MacBook-Pro-4.local,darwin,0,14.309,66.49,,,2025-11-17T02:47:56.521287,,685
BIKE-L5,768,encap,1024,64,0.0,0,0,0,MacBook-Pro-4.local,darwin,0,15.3553,63.68,,,2025-11-17T02:47:56.521303,,686
BIKE-L5,768,encap,1024,64,0.0,0,0,0,MacBook-Pro-4.local,darwin,0,14.93,67.58,,,2025-11-17T02:47:56.521314,,687
BIKE-L5,768,encap,1024,64,0.0,0,0,0,MacBook-Pro-4.local,darwin,0,15.4983,63.57,,,2025-11-17T02:47:56.521325,,688
BIKE-L5,768,encap,1024,64,0.0,0,0,0,MacBook-Pro-4.local,darwin,0,15.074,63.86,,,2025-11-17T02:47:56.521337,,689
BIKE-L5,768,encap,1024,64,0.0,0,0,0,MacBook-Pro-4.local,darwin,0,14.5502,66.56,,,2025-11-17T02:47:56.521349,,690
BIKE-L5,768,decap,0,1,0.0,0,0,0,MacBook-Pro-4.local,darwin,0,13.5721,70.24,,,2025-11-17T02:47:56.521365,,691
BIKE-L5,768,decap,0,1,0.0,0,0,0,MacBook-Pro-4.local,darwin,0,13.7178,70.58,,,2025-11-17T02:47:56.521377,,692
BIKE-L5,768,decap,0,1,0.0,0,0,0,MacBook-Pro-4.local,darwin,0,12.9002,77.2,,,2025-11-17T02:47:56.521389,,693
BIKE-L5,768,decap,0,1,0.0,0,0,0,MacBook-Pro-4.local,darwin,0,12.5689,79.07,,,2025-11-17T02:47:56.521400,,694
BIKE-L5,768,decap,0,1,0.0,0,0,0,MacBook-Pro-4.local,darwin,0,11.5348,84.51,,,2025-11-17T02:47:56.521411,,695
BIKE-L5,768,decap,0,16,0.0,0,0,0,MacBook-Pro-4.local,darwin,0,13.7503,75.46,,,2025-11-17T02:47:56.521425,,696
BIKE-L5,768,decap,0,16,0.0,0,0,0,MacBook-Pro-4.local,darwin,0,12.8132,74.91,,,2025-11-17T02:47:56.521437,,697
BIKE-L5,768,decap,0,16,0.0,0,0,0,MacBook-Pro-4.local,darwin,0,13.6609,70.72,,,2025-11-17T02:47:56.521448,,698
BIKE-L5,768,decap,0,16,0.0,0,0,0,MacBook-Pro-4.local,darwin,0,13.1038,74.35,,,2025-11-17T02:47:56.521458,,699
BIKE-L5,768,decap,0,16,0.0,0,0,0,MacBook-Pro-4.local,darwin,0,13.4118,74.78,,,2025-11-17T02:47:56.521469,,700
BIKE-L5,768,decap,0,64,0.0,0,0,0,MacBook-Pro-4.local,darwin,0,15.4744,62.24,,,2025-11-17T02:47:56.521482,,701
BIKE-L5,768,decap,0,64,0.0,0,0,0,MacBook-Pro-4.local,darwin,0,14.3199,71.09,,,2025-11-17T02:47:56.521493,,702
BIKE-L5,768,decap,0,64,0.0,0,0,0,MacBook-Pro-4.local,darwin,0,15.1106,66.06,,,2025-11-17T02:47:56.521503,,703
BIKE-L5,768,decap,0,64,0.0,0,0,0,MacBook-Pro-4.local,darwin,0,14.9176,67.03,,,2025-11-17T02:47:56.521514,,704
BIKE-L5,768,decap,0,64,0.0,0,0,0,MacBook-Pro-4.local,darwin,0,14.4913,65.68,,,2025-11-17T02:47:56.521525,,705
BIKE-L5,768,decap,1024,1,0.0,0,0,0,MacBook-Pro-4.local,darwin,0,14.9581,67.74,,,2025-11-17T02:47:56.521539,,706
BIKE-L5,768,decap,1024,1,0.0,0,0,0,MacBook-Pro-4.local,darwin,0,14.7201,66.38,,,2025-11-17T02:47:56.521550,,707
BIKE-L5,768,decap,1024,1,0.0,0,0,0,MacBook-Pro-4.local,darwin,0,14.9966,67.17,,,2025-11-17T02:47:56.521561,,708
BIKE-L5,768,decap,1024,1,0.0,0,0,0,MacBook-Pro-4.local,darwin,0,14.7892,65.12,,,2025-11-17T02:47:56.521572,,709
BIKE-L5,768,decap,1024,1,0.0,0,0,0,MacBook-Pro-4.local,darwin,0,14.8707,67.02,,,2025-11-17T02:47:56.521582,,710
BIKE-L5,768,decap,1024,16,0.0,0,0,0,MacBook-Pro-4.local,darwin,0,15.6225,62.94,,,2025-11-17T02:47:56.521596,,711
BIKE-L5,768,decap,1024,16,0.0,0,0,0,MacBook-Pro-4.local,darwin,0,15.0671,67.3,,,2025-11-17T02:47:56.521607,,712
BIKE-L5,768,decap,1024,16,0.0,0,0,0,MacBook-Pro-4.local,darwin,0,15.1719,64.92,,,2025-11-17T02:47:56.521618,,713
BIKE-L5,768,decap,1024,16,0.0,0,0,0,MacBook-Pro-4.local,darwin,0,15.7658,65.78,,,2025-11-17T02:47:56.521629,,714
BIKE-L5,768,decap,1024,16,0.0,0,0,0,MacBook-Pro-4.local,darwin,0,16.0293,59.8,,,2025-11-17T02:47:56.521639,,715
BIKE-L5,768,decap,1024,64,0.0,0,0,0,MacBook-Pro-4.local,darwin,0,17.3479,54.97,,,2025-11-17T02:47:56.521653,,716
BIKE-L5,768,decap,1024,64,0.0,0,0,0,MacBook-Pro-4.local,darwin,0,16.4837,58.93,,,2025-11-17T02:47:56.521664,,717
BIKE-L5,768,decap,1024,64,0.0,0,0,0,MacBook-Pro-4.local,darwin,0,17.0565,57.26,,,2025-11-17T02:47:56.521674,,718
BIKE-L5,768,decap,1024,64,0.0,0,0,0,MacBook-Pro-4.local,darwin,0,17.0199,58.57,,,2025-11-17T02:47:56.521685,,719
BIKE-L5,768,decap,1024,64,0.0,0,0,0,MacBook-Pro-4.local,darwin,0,16.2537,59.74,,,2025-11-17T02:47:56.521695,,720
BIKE-L5,1024,keygen,0,1,0.0,0,0,0,MacBook-Pro-4.local,darwin,0,14.3394,68.15,,,2025-11-17T02:47:56.521710,,721
BIKE-L5,1024,keygen,0,1,0.0,0,0,0,MacBook-Pro-4.local,darwin,0,14.9312,68.69,,,2025-11-17T02:47:56.521721,,722
BIKE-L5,1024,keygen,0,1,0.0,0,0,0,MacBook-Pro-4.local,darwin,0,14.7477,64.73,,,2025-11-17T02:47:56.521732,,723
BIKE-L5,1024,keygen,0,1,0.0,0,0,0,MacBook-Pro-4.local,darwin,0,15.3604,68.27,,,2025-11-17T02:47:56.521759,,724
BIKE-L5,1024,keygen,0,1,0.0,0,0,0,MacBook-Pro-4.local,darwin,0,15.4628,66.73,,,2025-11-17T02:47:56.521772,,725
BIKE-L5,1024,keygen,0,16,0.0,0,0,0,MacBook-Pro-4.local,darwin,0,14.3816,67.82,,,2025-11-17T02:47:56.521786,,726
BIKE-L5,1024,keygen,0,16,0.0,0,0,0,MacBook-Pro-4.local,darwin,0,15.2131,64.11,,,2025-11-17T02:47:56.521796,,727
BIKE-L5,1024,keygen,0,16,0.0,0,0,0,MacBook-Pro-4.local,darwin,0,14.6655,67.61,,,2025-11-17T02:47:56.521807,,728
BIKE-L5,1024,keygen,0,16,0.0,0,0,0,MacBook-Pro-4.local,darwin,0,14.1102,68.0,,,2025-11-17T02:47:56.521817,,729
BIKE-L5,1024,keygen,0,16,0.0,0,0,0,MacBook-Pro-4.local,darwin,0,14.8255,67.0,,,2025-11-17T02:47:56.521828,,730
BIKE-L5,1024,keygen,0,64,0.0,0,0,0,MacBook-Pro-4.local,darwin,0,16.4208,59.36,,,2025-11-17T02:47:56.521843,,731
BIKE-L5,1024,keygen,0,64,0.0,0,0,0,MacBook-Pro-4.local,darwin,0,16.4259,58.92,,,2025-11-17T02:47:56.521853,,732
BIKE-L5,1024,keygen,0,64,0.0,0,0,0,MacBook-Pro-4.local,darwin,0,16.2294,59.68,,,2025-11-17T02:47:56.521864,,733
BIKE-L5,1024,keygen,0,64,0.0,0,0,0,MacBook-Pro-4.local,darwin,0,17.0058,58.71,,,2025-11-17T02:47:56.521965,,734
BIKE-L5,1024,keygen,0,64,0.0,0,0,0,MacBook-Pro-4.local,darwin,0,17.2915,57.72,,,2025-11-17T02:47:56.521981,,735
BIKE-L5,1024,keygen,1024,1,0.0,0,0,0,MacBook-Pro-4.local,darwin,0,15.6551,61.63,,,2025-11-17T02:47:56.522000,,736
BIKE-L5,1024,keygen,1024,1,0.0,0,0,0,MacBook-Pro-4.local,darwin,0,16.6496,59.83,,,2025-11-17T02:47:56.522013,,737
BIKE-L5,1024,keygen,1024,1,0.0,0,0,0,MacBook-Pro-4.local,darwin,0,15.9337,64.65,,,2025-11-17T02:47:56.522024,,738
BIKE-L5,1024,keygen,1024,1,0.0,0,0,0,MacBook-Pro-4.local,darwin,0,16.4615,62.91,,,2025-11-17T02:47:56.522036,,739
BIKE-L5,1024,keygen,1024,1,0.0,0,0,0,MacBook-Pro-4.local,darwin,0,15.8951,62.41,,,2025-11-17T02:47:56.522047,,740
BIKE-L5,1024,keygen,1024,16,0.0,0,0,0,MacBook-Pro-4.local,darwin,0,16.5985,58.12,,,2025-11-17T02:47:56.522061,,741
BIKE-L5,1024,keygen,1024,16,0.0,0,0,0,MacBook-Pro-4.local,darwin,0,17.7455,55.91,,,2025-11-17T02:47:56.522072,,742
BIKE-L5,1024,keygen,1024,16,0.0,0,0,0,MacBook-Pro-4.local,darwin,0,16.3969,59.33,,,2025-11-17T02:47:56.522083,,743
BIKE-L5,1024,keygen,1024,16,0.0,0,0,0,MacBook-Pro-4.local,darwin,0,16.8811,62.11,,,2025-11-17T02:47:56.522094,,744
BIKE-L5,1024,keygen,1024,16,0.0,0,0,0,MacBook-Pro-4.local,darwin,0,15.6999,63.34,,,2025-11-17T02:47:56.522105,,745
BIKE-L5,1024,keygen,1024,64,0.0,0,0,0,MacBook-Pro-4.local,darwin,0,17.4324,56.51,,,2025-11-17T02:47:56.522119,,746
BIKE-L5,1024,keygen,1024,64,0.0,0,0,0,MacBook-Pro-4.local,darwin,0,18.2577,53.51,,,2025-11-17T02:47:56.522130,,747
BIKE-L5,1024,keygen,1024,64,0.0,0,0,0,MacBook-Pro-4.local,darwin,0,18.1132,54.9,,,2025-11-17T02:47:56.522142,,748
BIKE-L5,1024,keygen,1024,64,0.0,0,0,0,MacBook-Pro-4.local,darwin,0,18.9708,50.93,,,2025-11-17T02:47:56.522153,,749
BIKE-L5,1024,keygen,1024,64,0.0,0,0,0,MacBook-Pro-4.local,darwin,0,17.213,57.14,,,2025-11-17T02:47:56.522165,,750
BIKE-L5,1024,encap,0,1,0.0,0,0,0,MacBook-Pro-4.local,darwin,0,12.2931,78.37,,,2025-11-17T02:47:56.522181,,751
BIKE-L5,1024,encap,0,1,0.0,0,0,0,MacBook-Pro-4.local,darwin,0,11.5456,86.22,,,2025-11-17T02:47:56.522193,,752
BIKE-L5,1024,encap,0,1,0.0,0,0,0,MacBook-Pro-4.local,darwin,0,11.6112,86.85,,,2025-11-17T02:47:56.522204,,753
BIKE-L5,1024,encap,0,1,0.0,0,0,0,MacBook-Pro-4.local,darwin,0,11.4765,83.04,,,2025-11-17T02:47:56.522215,,754
BIKE-L5,1024,encap,0,1,0.0,0,0,0,MacBook-Pro-4.local,darwin,0,12.3631,81.91,,,2025-11-17T02:47:56.522226,,755
BIKE-L5,1024,encap,0,16,0.0,0,0,0,MacBook-Pro-4.local,darwin,0,12.0611,82.1,,,2025-11-17T02:47:56.522240,,756
BIKE-L5,1024,encap,0,16,0.0,0,0,0,MacBook-Pro-4.local,darwin,0,11.5596,89.99,,,2025-11-17T02:47:56.522251,,757
BIKE-L5,1024,encap,0,16,0.0,0,0,0,MacBook-Pro-4.local,darwin,0,11.8991,88.18,,,2025-11-17T02:47:56.522262,,758
BIKE-L5,1024,encap,0,16,0.0,0,0,0,MacBook-Pro-4.local,darwin,0,12.6663,76.86,,,2025-11-17T02:47:56.522273,,759
BIKE-L5,1024,encap,0,16,0.0,0,0,0,MacBook-Pro-4.local,darwin,0,13.1622,75.17,,,2025-11-17T02:47:56.522284,,760
BIKE-L5,1024,encap,0,64,0.0,0,0,0,MacBook-Pro-4.local,darwin,0,13.6643,70.36,,,2025-11-17T02:47:56.522298,,761
BIKE-L5,1024,encap,0,64,0.0,0,0,0,MacBook-Pro-4.local,darwin,0,13.0481,77.62,,,2025-11-17T02:47:56.522310,,762
BIKE-L5,1024,encap,0,64,0.0,0,0,0,MacBook-Pro-4.local,darwin,0,13.5901,72.66,,,2025-11-17T02:47:56.522321,,763
BIKE-L5,1024,encap,0,64,0.0,0,0,0,MacBook-Pro-4.local,darwin,0,13.1029,76.56,,,2025-11-17T02:47:56.522332,,764
BIKE-L5,1024,encap,0,64,0.0,0,0,0,MacBook-Pro-4.local,darwin,0,13.6159,71.93,,,2025-11-17T02:47:56.522343,,765
BIKE-L5,1024,encap,1024,1,0.0,0,0,0,MacBook-Pro-4.local,darwin,0,14.4239,66.25,,,2025-11-17T02:47:56.522358,,766
BIKE-L5,1024,encap,1024,1,0.0,0,0,0,MacBook-Pro-4.local,darwin,0,14.1193,72.43,,,2025-11-17T02:47:56.522370,,767
BIKE-L5,1024,encap,1024,1,0.0,0,0,0,MacBook-Pro-4.local,darwin,0,12.9159,74.86,,,2025-11-17T02:47:56.522382,,768
BIKE-L5,1024,encap,1024,1,0.0,0,0,0,MacBook-Pro-4.local,darwin,0,13.3461,73.55,,,2025-11-17T02:47:56.522393,,769
BIKE-L5,1024,encap,1024,1,0.0,0,0,0,MacBook-Pro-4.local,darwin,0,13.1259,77.06,,,2025-11-17T02:47:56.522404,,770
BIKE-L5,1024,encap,1024,16,0.0,0,0,0,MacBook-Pro-4.local,darwin,0,13.8318,71.19,,,2025-11-17T02:47:56.522418,,771
BIKE-L5,1024,encap,1024,16,0.0,0,0,0,MacBook-Pro-4.local,darwin,0,13.5884,76.69,,,2025-11-17T02:47:56.522429,,772
BIKE-L5,1024,encap,1024,16,0.0,0,0,0,MacBook-Pro-4.local,darwin,0,13.7836,74.87,,,2025-11-17T02:47:56.522440,,773
BIKE-L5,1024,encap,1024,16,0.0,0,0,0,MacBook-Pro-4.local,darwin,0,14.1936,69.37,,,2025-11-17T02:47:56.522451,,774
BIKE-L5,1024,encap,1024,16,0.0,0,0,0,MacBook-Pro-4.local,darwin,0,13.8753,74.47,,,2025-11-17T02:47:56.522462,,775
BIKE-L5,1024,encap,1024,64,0.0,0,0,0,MacBook-Pro-4.local,darwin,0,15.071,65.43,,,2025-11-17T02:47:56.522477,,776
BIKE-L5,1024,encap,1024,64,0.0,0,0,0,MacBook-Pro-4.local,darwin,0,14.7511,68.57,,,2025-11-17T02:47:56.522489,,777
BIKE-L5,1024,encap,1024,64,0.0,0,0,0,MacBook-Pro-4.local,darwin,0,14.7412,70.85,,,2025-11-17T02:47:56.522499,,778
BIKE-L5,1024,encap,1024,64,0.0,0,0,0,MacBook-Pro-4.local,darwin,0,14.8835,67.56,,,2025-11-17T02:47:56.522510,,779
BIKE-L5,1024,encap,1024,64,0.0,0,0,0,MacBook-Pro-4.local,darwin,0,15.408,65.77,,,2025-11-17T02:47:56.522521,,780
BIKE-L5,1024,decap,0,1,0.0,0,0,0,MacBook-Pro-4.local,darwin,0,13.1802,74.08,,,2025-11-17T02:47:56.522536,,781
BIKE-L5,1024,decap,0,1,0.0,0,0,0,MacBook-Pro-4.local,darwin,0,12.8285,77.14,,,2025-11-17T02:47:56.522547,,782
BIKE-L5,1024,decap,0,1,0.0,0,0,0,MacBook-Pro-4.local,darwin,0,13.1497,77.47,,,2025-11-17T02:47:56.522559,,783
BIKE-L5,1024,decap,0,1,0.0,0,0,0,MacBook-Pro-4.local,darwin,0,12.7266,75.0,,,2025-11-17T02:47:56.522570,,784
BIKE-L5,1024,decap,0,1,0.0,0,0,0,MacBook-Pro-4.local,darwin,0,13.637,75.99,,,2025-11-17T02:47:56.522581,,785
BIKE-L5,1024,decap,0,16,0.0,0,0,0,MacBook-Pro-4.local,darwin,0,14.4342,72.63,,,2025-11-17T02:47:56.522595,,786
BIKE-L5,1024,decap,0,16,0.0,0,0,0,MacBook-Pro-4.local,darwin,0,14.0281,68.63,,,2025-11-17T02:47:56.522606,,787
BIKE-L5,1024,decap,0,16,0.0,0,0,0,MacBook-Pro-4.local,darwin,0,13.2033,72.35,,,2025-11-17T02:47:56.522618,,788
BIKE-L5,1024,decap,0,16,0.0,0,0,0,MacBook-Pro-4.local,darwin,0,13.122,76.83,,,2025-11-17T02:47:56.522629,,789
BIKE-L5,1024,decap,0,16,0.0,0,0,0,MacBook-Pro-4.local,darwin,0,13.9197,70.81,,,2025-11-17T02:47:56.522641,,790
BIKE-L5,1024,decap,0,64,0.0,0,0,0,MacBook-Pro-4.local,darwin,0,14.6722,66.38,,,2025-11-17T02:47:56.522656,,791
BIKE-L5,1024,decap,0,64,0.0,0,0,0,MacBook-Pro-4.local,darwin,0,15.2767,63.56,,,2025-11-17T02:47:56.522667,,792
BIKE-L5,1024,decap,0,64,0.0,0,0,0,MacBook-Pro-4.local,darwin,0,14.5954,68.34,,,2025-11-17T02:47:56.522678,,793
BIKE-L5,1024,decap,0,64,0.0,0,0,0,MacBook-Pro-4.local,darwin,0,14.5867,67.14,,,2025-11-17T02:47:56.522689,,794
BIKE-L5,1024,decap,0,64,0.0,0,0,0,MacBook-Pro-4.local,darwin,0,15.4086,64.55,,,2025-11-17T02:47:56.522700,,795
BIKE-L5,1024,decap,1024,1,0.0,0,0,0,MacBook-Pro-4.local,darwin,0,14.5559,65.89,,,2025-11-17T02:47:56.522715,,796
BIKE-L5,1024,decap,1024,1,0.0,0,0,0,MacBook-Pro-4.local,darwin,0,15.3549,64.26,,,2025-11-17T02:47:56.522726,,797
BIKE-L5,1024,decap,1024,1,0.0,0,0,0,MacBook-Pro-4.local,darwin,0,13.9243,72.56,,,2025-11-17T02:47:56.522737,,798
BIKE-L5,1024,decap,1024,1,0.0,0,0,0,MacBook-Pro-4.local,darwin,0,15.8647,65.48,,,2025-11-17T02:47:56.522749,,799
BIKE-L5,1024,decap,1024,1,0.0,0,0,0,MacBook-Pro-4.local,darwin,0,14.8451,67.03,,,2025-11-17T02:47:56.522761,,800
BIKE-L5,1024,decap,1024,16,0.0,0,0,0,MacBook-Pro-4.local,darwin,0,16.184,64.42,,,2025-11-17T02:47:56.522776,,801
BIKE-L5,1024,decap,1024,16,0.0,0,0,0,MacBook-Pro-4.local,darwin,0,15.104,68.47,,,2025-11-17T02:47:56.522787,,802
BIKE-L5,1024,decap,1024,16,0.0,0,0,0,MacBook-Pro-4.local,darwin,0,15.0901,63.12,,,2025-11-17T02:47:56.522798,,803
BIKE-L5,1024,decap,1024,16,0.0,0,0,0,MacBook-Pro-4.local,darwin,0,14.4638,72.56,,,2025-11-17T02:47:56.522810,,804
BIKE-L5,1024,decap,1024,16,0.0,0,0,0,MacBook-Pro-4.local,darwin,0,15.933,64.36,,,2025-11-17T02:47:56.522821,,805
BIKE-L5,1024,decap,1024,64,0.0,0,0,0,MacBook-Pro-4.local,darwin,0,17.4465,55.12,,,2025-11-17T02:47:56.522836,,806
BIKE-L5,1024,decap,1024,64,0.0,0,0,0,MacBook-Pro-4.local,darwin,0,17.4422,58.11,,,2025-11-17T02:47:56.522885,,807
BIKE-L5,1024,decap,1024,64,0.0,0,0,0,MacBook-Pro-4.local,darwin,0,16.6474,59.47,,,2025-11-17T02:47:56.522900,,808
BIKE-L5,1024,decap,1024,64,0.0,0,0,0,MacBook-Pro-4.local,darwin,0,15.7398,61.74,,,2025-11-17T02:47:56.522911,,809
BIKE-L5,1024,decap,1024,64,0.0,0,0,0,MacBook-Pro-4.local,darwin,0,16.6263,60.87,,,2025-11-17T02:47:56.522923,,810
Kyber512,512,keygen,0,1,0.0,0,0,0,MacBook-Pro-4.local,darwin,0,14.2607,69.46,,,2025-11-17T02:47:56.522939,,811
Kyber512,512,keygen,0,1,0.0,0,0,0,MacBook-Pro-4.local,darwin,0,14.2762,67.88,,,2025-11-17T02:47:56.522952,,812
Kyber512,512,keygen,0,1,0.0,0,0,0,MacBook-Pro-4.local,darwin,0,14.5448,67.08,,,2025-11-17T02:47:56.522964,,813
Kyber512,512,keygen,0,1,0.0,0,0,0,MacBook-Pro-4.local,darwin,0,14.6322,64.96,,,2025-11-17T02:47:56.522976,,814
Kyber512,512,keygen,0,1,0.0,0,0,0,MacBook-Pro-4.local,darwin,0,14.6185,71.38,,,2025-11-17T02:47:56.522987,,815
Kyber512,512,keygen,0,16,0.0,0,0,0,MacBook-Pro-4.local,darwin,0,14.3812,72.95,,,2025-11-17T02:47:56.523004,,816
Kyber512,512,keygen,0,16,0.0,0,0,0,MacBook-Pro-4.local,darwin,0,14.282,72.7,,,2025-11-17T02:47:56.523016,,817
Kyber512,512,keygen,0,16,0.0,0,0,0,MacBook-Pro-4.local,darwin,0,15.084,68.39,,,2025-11-17T02:47:56.523028,,818
Kyber512,512,keygen,0,16,0.0,0,0,0,MacBook-Pro-4.local,darwin,0,14.5653,66.11,,,2025-11-17T02:47:56.523040,,819
Kyber512,512,keygen,0,16,0.0,0,0,0,MacBook-Pro-4.local,darwin,0,14.8662,67.25,,,2025-11-17T02:47:56.523052,,820
Kyber512,512,keygen,0,64,0.0,0,0,0,MacBook-Pro-4.local,darwin,0,15.586,65.48,,,2025-11-17T02:47:56.523067,,821
Kyber512,512,keygen,0,64,0.0,0,0,0,MacBook-Pro-4.local,darwin,0,16.495,61.74,,,2025-11-17T02:47:56.523079,,822
Kyber512,512,keygen,0,64,0.0,0,0,0,MacBook-Pro-4.local,darwin,0,15.5736,63.41,,,2025-11-17T02:47:56.523091,,823
Kyber512,512,keygen,0,64,0.0,0,0,0,MacBook-Pro-4.local,darwin,0,16.6106,62.64,,,2025-11-17T02:47:56.523103,,824
Kyber512,512,keygen,0,64,0.0,0,0,0,MacBook-Pro-4.local,darwin,0,15.4688,66.17,,,2025-11-17T02:47:56.523114,,825
Kyber512,512,keygen,1024,1,0.0,0,0,0,MacBook-Pro-4.local,darwin,0,14.8318,66.26,,,2025-11-17T02:47:56.523129,,826
Kyber512,512,keygen,1024,1,0.0,0,0,0,MacBook-Pro-4.local,darwin,0,16.2827,63.22,,,2025-11-17T02:47:56.523142,,827
Kyber512,512,keygen,1024,1,0.0,0,0,0,MacBook-Pro-4.local,darwin,0,16.1582,59.41,,,2025-11-17T02:47:56.523153,,828
Kyber512,512,keygen,1024,1,0.0,0,0,0,MacBook-Pro-4.local,darwin,0,16.5247,59.14,,,2025-11-17T02:47:56.523164,,829
Kyber512,512,keygen,1024,1,0.0,0,0,0,MacBook-Pro-4.local,darwin,0,15.9086,64.96,,,2025-11-17T02:47:56.523176,,830
Kyber512,512,keygen,1024,16,0.0,0,0,0,MacBook-Pro-4.local,darwin,0,17.4033,60.05,,,2025-11-17T02:47:56.523192,,831
Kyber512,512,keygen,1024,16,0.0,0,0,0,MacBook-Pro-4.local,darwin,0,17.0517,58.03,,,2025-11-17T02:47:56.523204,,832
Kyber512,512,keygen,1024,16,0.0,0,0,0,MacBook-Pro-4.local,darwin,0,17.3071,56.35,,,2025-11-17T02:47:56.523216,,833
Kyber512,512,keygen,1024,16,0.0,0,0,0,MacBook-Pro-4.local,darwin,0,17.2133,60.03,,,2025-11-17T02:47:56.523227,,834
Kyber512,512,keygen,1024,16,0.0,0,0,0,MacBook-Pro-4.local,darwin,0,16.3634,60.98,,,2025-11-17T02:47:56.523239,,835
Kyber512,512,keygen,1024,64,0.0,0,0,0,MacBook-Pro-4.local,darwin,0,17.67,58.15,,,2025-11-17T02:47:56.523253,,836
Kyber512,512,keygen,1024,64,0.0,0,0,0,MacBook-Pro-4.local,darwin,0,18.0668,57.52,,,2025-11-17T02:47:56.523264,,837
Kyber512,512,keygen,1024,64,0.0,0,0,0,MacBook-Pro-4.local,darwin,0,18.4546,55.56,,,2025-11-17T02:47:56.523275,,838
Kyber512,512,keygen,1024,64,0.0,0,0,0,MacBook-Pro-4.local,darwin,0,18.5043,55.88,,,2025-11-17T02:47:56.523287,,839
Kyber512,512,keygen,1024,64,0.0,0,0,0,MacBook-Pro-4.local,darwin,0,17.5533,55.94,,,2025-11-17T02:47:56.523298,,840
Kyber512,512,encap,0,1,0.0,0,0,0,MacBook-Pro-4.local,darwin,0,11.499,86.54,,,2025-11-17T02:47:56.523314,,841
Kyber512,512,encap,0,1,0.0,0,0,0,MacBook-Pro-4.local,darwin,0,12.1439,80.62,,,2025-11-17T02:47:56.523324,,842
Kyber512,512,encap,0,1,0.0,0,0,0,MacBook-Pro-4.local,darwin,0,12.2994,79.05,,,2025-11-17T02:47:56.523336,,843
Kyber512,512,encap,0,1,0.0,0,0,0,MacBook-Pro-4.local,darwin,0,12.6963,82.61,,,2025-11-17T02:47:56.523347,,844
Kyber512,512,encap,0,1,0.0,0,0,0,MacBook-Pro-4.local,darwin,0,12.9987,78.47,,,2025-11-17T02:47:56.523360,,845
Kyber512,512,encap,0,16,0.0,0,0,0,MacBook-Pro-4.local,darwin,0,12.1757,85.37,,,2025-11-17T02:47:56.523375,,846
Kyber512,512,encap,0,16,0.0,0,0,0,MacBook-Pro-4.local,darwin,0,12.4026,83.21,,,2025-11-17T02:47:56.523387,,847
Kyber512,512,encap,0,16,0.0,0,0,0,MacBook-Pro-4.local,darwin,0,12.3422,81.36,,,2025-11-17T02:47:56.523397,,848
Kyber512,512,encap,0,16,0.0,0,0,0,MacBook-Pro-4.local,darwin,0,11.7781,87.17,,,2025-11-17T02:47:56.523408,,849
Kyber512,512,encap,0,16,0.0,0,0,0,MacBook-Pro-4.local,darwin,0,13.0276,75.67,,,2025-11-17T02:47:56.523420,,850
Kyber512,512,encap,0,64,0.0,0,0,0,MacBook-Pro-4.local,darwin,0,13.5513,75.94,,,2025-11-17T02:47:56.523434,,851
Kyber512,512,encap,0,64,0.0,0,0,0,MacBook-Pro-4.local,darwin,0,13.2734,76.21,,,2025-11-17T02:47:56.523445,,852
Kyber512,512,encap,0,64,0.0,0,0,0,MacBook-Pro-4.local,darwin,0,13.8171,68.82,,,2025-11-17T02:47:56.523457,,853
Kyber512,512,encap,0,64,0.0,0,0,0,MacBook-Pro-4.local,darwin,0,13.2266,71.86,,,2025-11-17T02:47:56.523467,,854
Kyber512,512,encap,0,64,0.0,0,0,0,MacBook-Pro-4.local,darwin,0,14.0749,72.41,,,2025-11-17T02:47:56.523478,,855
Kyber512,512,encap,1024,1,0.0,0,0,0,MacBook-Pro-4.local,darwin,0,13.231,73.53,,,2025-11-17T02:47:56.523493,,856
Kyber512,512,encap,1024,1,0.0,0,0,0,MacBook-Pro-4.local,darwin,0,13.162,77.39,,,2025-11-17T02:47:56.523504,,857
Kyber512,512,encap,1024,1,0.0,0,0,0,MacBook-Pro-4.local,darwin,0,13.0392,78.42,,,2025-11-17T02:47:56.523515,,858
Kyber512,512,encap,1024,1,0.0,0,0,0,MacBook-Pro-4.local,darwin,0,13.545,73.82,,,2025-11-17T02:47:56.523528,,859
Kyber512,512,encap,1024,1,0.0,0,0,0,MacBook-Pro-4.local,darwin,0,13.9422,72.44,,,2025-11-17T02:47:56.523540,,860
Kyber512,512,encap,1024,16,0.0,0,0,0,MacBook-Pro-4.local,darwin,0,14.6727,66.37,,,2025-11-17T02:47:56.523555,,861
Kyber512,512,encap,1024,16,0.0,0,0,0,MacBook-Pro-4.local,darwin,0,14.2196,67.46,,,2025-11-17T02:47:56.523568,,862
Kyber512,512,encap,1024,16,0.0,0,0,0,MacBook-Pro-4.local,darwin,0,13.371,76.2,,,2025-11-17T02:47:56.523580,,863
Kyber512,512,encap,1024,16,0.0,0,0,0,MacBook-Pro-4.local,darwin,0,14.262,67.86,,,2025-11-17T02:47:56.523591,,864
Kyber512,512,encap,1024,16,0.0,0,0,0,MacBook-Pro-4.local,darwin,0,14.4152,71.01,,,2025-11-17T02:47:56.523603,,865
Kyber512,512,encap,1024,64,0.0,0,0,0,MacBook-Pro-4.local,darwin,0,15.4496,62.39,,,2025-11-17T02:47:56.523618,,866
Kyber512,512,encap,1024,64,0.0,0,0,0,MacBook-Pro-4.local,darwin,0,15.3884,62.23,,,2025-11-17T02:47:56.523631,,867
Kyber512,512,encap,1024,64,0.0,0,0,0,MacBook-Pro-4.local,darwin,0,15.8725,61.56,,,2025-11-17T02:47:56.523644,,868
Kyber512,512,encap,1024,64,0.0,0,0,0,MacBook-Pro-4.local,darwin,0,15.7793,63.15,,,2025-11-17T02:47:56.523656,,869
Kyber512,512,encap,1024,64,0.0,0,0,0,MacBook-Pro-4.local,darwin,0,15.7318,61.9,,,2025-11-17T02:47:56.523668,,870
Kyber512,512,decap,0,1,0.0,0,0,0,MacBook-Pro-4.local,darwin,0,13.1001,73.91,,,2025-11-17T02:47:56.523684,,871
Kyber512,512,decap,0,1,0.0,0,0,0,MacBook-Pro-4.local,darwin,0,13.4476,75.72,,,2025-11-17T02:47:56.523696,,872
Kyber512,512,decap,0,1,0.0,0,0,0,MacBook-Pro-4.local,darwin,0,13.8356,71.08,,,2025-11-17T02:47:56.523709,,873
Kyber512,512,decap,0,1,0.0,0,0,0,MacBook-Pro-4.local,darwin,0,12.6467,77.77,,,2025-11-17T02:47:56.523721,,874
Kyber512,512,decap,0,1,0.0,0,0,0,MacBook-Pro-4.local,darwin,0,13.2757,78.15,,,2025-11-17T02:47:56.523733,,875
Kyber512,512,decap,0,16,0.0,0,0,0,MacBook-Pro-4.local,darwin,0,14.4722,70.94,,,2025-11-17T02:47:56.523750,,876
Kyber512,512,decap,0,16,0.0,0,0,0,MacBook-Pro-4.local,darwin,0,13.1942,74.55,,,2025-11-17T02:47:56.523761,,877
Kyber512,512,decap,0,16,0.0,0,0,0,MacBook-Pro-4.local,darwin,0,14.8556,70.66,,,2025-11-17T02:47:56.523774,,878
Kyber512,512,decap,0,16,0.0,0,0,0,MacBook-Pro-4.local,darwin,0,13.164,76.46,,,2025-11-17T02:47:56.523786,,879
Kyber512,512,decap,0,16,0.0,0,0,0,MacBook-Pro-4.local,darwin,0,14.9683,66.09,,,2025-11-17T02:47:56.523839,,880
Kyber512,512,decap,0,64,0.0,0,0,0,MacBook-Pro-4.local,darwin,0,15.1067,66.32,,,2025-11-17T02:47:56.523877,,881
Kyber512,512,decap,0,64,0.0,0,0,0,MacBook-Pro-4.local,darwin,0,15.0263,66.69,,,2025-11-17T02:47:56.523890,,882
Kyber512,512,decap,0,64,0.0,0,0,0,MacBook-Pro-4.local,darwin,0,14.8258,70.37,,,2025-11-17T02:47:56.523902,,883
Kyber512,512,decap,0,64,0.0,0,0,0,MacBook-Pro-4.local,darwin,0,15.1568,68.16,,,2025-11-17T02:47:56.523913,,884
Kyber512,512,decap,0,64,0.0,0,0,0,MacBook-Pro-4.local,darwin,0,14.916,67.83,,,2025-11-17T02:47:56.523924,,885
Kyber512,512,decap,1024,1,0.0,0,0,0,MacBook-Pro-4.local,darwin,0,14.6703,66.98,,,2025-11-17T02:47:56.523940,,886
Kyber512,512,decap,1024,1,0.0,0,0,0,MacBook-Pro-4.local,darwin,0,14.4325,68.05,,,2025-11-17T02:47:56.523951,,887
Kyber512,512,decap,1024,1,0.0,0,0,0,MacBook-Pro-4.local,darwin,0,14.7939,67.25,,,2025-11-17T02:47:56.523962,,888
Kyber512,512,decap,1024,1,0.0,0,0,0,MacBook-Pro-4.local,darwin,0,14.9855,66.8,,,2025-11-17T02:47:56.523974,,889
Kyber512,512,decap,1024,1,0.0,0,0,0,MacBook-Pro-4.local,darwin,0,15.1037,66.61,,,2025-11-17T02:47:56.523986,,890
Kyber512,512,decap,1024,16,0.0,0,0,0,MacBook-Pro-4.local,darwin,0,15.6723,61.05,,,2025-11-17T02:47:56.524000,,891
Kyber512,512,decap,1024,16,0.0,0,0,0,MacBook-Pro-4.local,darwin,0,14.8818,64.59,,,2025-11-17T02:47:56.524012,,892
Kyber512,512,decap,1024,16,0.0,0,0,0,MacBook-Pro-4.local,darwin,0,14.7756,70.94,,,2025-11-17T02:47:56.524023,,893
Kyber512,512,decap,1024,16,0.0,0,0,0,MacBook-Pro-4.local,darwin,0,14.9095,65.77,,,2025-11-17T02:47:56.524033,,894
Kyber512,512,decap,1024,16,0.0,0,0,0,MacBook-Pro-4.local,darwin,0,16.3713,59.59,,,2025-11-17T02:47:56.524044,,895
Kyber512,512,decap,1024,64,0.0,0,0,0,MacBook-Pro-4.local,darwin,0,15.5945,64.76,,,2025-11-17T02:47:56.524057,,896
Kyber512,512,decap,1024,64,0.0,0,0,0,MacBook-Pro-4.local,darwin,0,16.9597,56.96,,,2025-11-17T02:47:56.524068,,897
Kyber512,512,decap,1024,64,0.0,0,0,0,MacBook-Pro-4.local,darwin,0,16.4711,63.25,,,2025-11-17T02:47:56.524078,,898
Kyber512,512,decap,1024,64,0.0,0,0,0,MacBook-Pro-4.local,darwin,0,15.9017,63.94,,,2025-11-17T02:47:56.524089,,899
Kyber512,512,decap,1024,64,0.0,0,0,0,MacBook-Pro-4.local,darwin,0,16.4278,58.71,,,2025-11-17T02:47:56.524099,,900
Kyber512,768,keygen,0,1,0.0,0,0,0,MacBook-Pro-4.local,darwin,0,13.7856,71.61,,,2025-11-17T02:47:56.524113,,901
Kyber512,768,keygen,0,1,0.0,0,0,0,MacBook-Pro-4.local,darwin,0,13.4227,77.28,,,2025-11-17T02:47:56.524124,,902
Kyber512,768,keygen,0,1,0.0,0,0,0,MacBook-Pro-4.local,darwin,0,14.168,71.69,,,2025-11-17T02:47:56.524135,,903
Kyber512,768,keygen,0,1,0.0,0,0,0,MacBook-Pro-4.local,darwin,0,14.4415,70.32,,,2025-11-17T02:47:56.524145,,904
Kyber512,768,keygen,0,1,0.0,0,0,0,MacBook-Pro-4.local,darwin,0,14.3774,67.81,,,2025-11-17T02:47:56.524156,,905
Kyber512,768,keygen,0,16,0.0,0,0,0,MacBook-Pro-4.local,darwin,0,14.6363,66.66,,,2025-11-17T02:47:56.524171,,906
Kyber512,768,keygen,0,16,0.0,0,0,0,MacBook-Pro-4.local,darwin,0,14.9081,66.27,,,2025-11-17T02:47:56.524182,,907
Kyber512,768,keygen,0,16,0.0,0,0,0,MacBook-Pro-4.local,darwin,0,13.9399,75.15,,,2025-11-17T02:47:56.524192,,908
Kyber512,768,keygen,0,16,0.0,0,0,0,MacBook-Pro-4.local,darwin,0,14.6968,64.82,,,2025-11-17T02:47:56.524203,,909
Kyber512,768,keygen,0,16,0.0,0,0,0,MacBook-Pro-4.local,darwin,0,14.6735,69.47,,,2025-11-17T02:47:56.524214,,910
Kyber512,768,keygen,0,64,0.0,0,0,0,MacBook-Pro-4.local,darwin,0,15.8269,61.42,,,2025-11-17T02:47:56.524229,,911
Kyber512,768,keygen,0,64,0.0,0,0,0,MacBook-Pro-4.local,darwin,0,16.2547,58.52,,,2025-11-17T02:47:56.524239,,912
Kyber512,768,keygen,0,64,0.0,0,0,0,MacBook-Pro-4.local,darwin,0,16.1248,64.22,,,2025-11-17T02:47:56.524250,,913
Kyber512,768,keygen,0,64,0.0,0,0,0,MacBook-Pro-4.local,darwin,0,16.3513,61.97,,,2025-11-17T02:47:56.524261,,914
Kyber512,768,keygen,0,64,0.0,0,0,0,MacBook-Pro-4.local,darwin,0,16.5427,58.32,,,2025-11-17T02:47:56.524271,,915
Kyber512,768,keygen,1024,1,0.0,0,0,0,MacBook-Pro-4.local,darwin,0,15.0786,68.84,,,2025-11-17T02:47:56.524285,,916
Kyber512,768,keygen,1024,1,0.0,0,0,0,MacBook-Pro-4.local,darwin,0,16.3174,64.08,,,2025-11-17T02:47:56.524296,,917
Kyber512,768,keygen,1024,1,0.0,0,0,0,MacBook-Pro-4.local,darwin,0,17.1047,59.45,,,2025-11-17T02:47:56.524307,,918
Kyber512,768,keygen,1024,1,0.0,0,0,0,MacBook-Pro-4.local,darwin,0,16.3805,58.99,,,2025-11-17T02:47:56.524317,,919
Kyber512,768,keygen,1024,1,0.0,0,0,0,MacBook-Pro-4.local,darwin,0,15.4543,63.45,,,2025-11-17T02:47:56.524327,,920
Kyber512,768,keygen,1024,16,0.0,0,0,0,MacBook-Pro-4.local,darwin,0,15.8307,60.9,,,2025-11-17T02:47:56.524341,,921
Kyber512,768,keygen,1024,16,0.0,0,0,0,MacBook-Pro-4.local,darwin,0,16.3897,59.8,,,2025-11-17T02:47:56.524352,,922
Kyber512,768,keygen,1024,16,0.0,0,0,0,MacBook-Pro-4.local,darwin,0,16.2575,64.09,,,2025-11-17T02:47:56.524363,,923
Kyber512,768,keygen,1024,16,0.0,0,0,0,MacBook-Pro-4.local,darwin,0,16.1292,62.96,,,2025-11-17T02:47:56.524374,,924
Kyber512,768,keygen,1024,16,0.0,0,0,0,MacBook-Pro-4.local,darwin,0,16.3141,63.54,,,2025-11-17T02:47:56.524384,,925
Kyber512,768,keygen,1024,64,0.0,0,0,0,MacBook-Pro-4.local,darwin,0,19.0612,54.15,,,2025-11-17T02:47:56.524399,,926
Kyber512,768,keygen,1024,64,0.0,0,0,0,MacBook-Pro-4.local,darwin,0,17.5223,56.0,,,2025-11-17T02:47:56.524411,,927
Kyber512,768,keygen,1024,64,0.0,0,0,0,MacBook-Pro-4.local,darwin,0,18.3029,52.03,,,2025-11-17T02:47:56.524422,,928
Kyber512,768,keygen,1024,64,0.0,0,0,0,MacBook-Pro-4.local,darwin,0,18.5392,51.95,,,2025-11-17T02:47:56.524433,,929
Kyber512,768,keygen,1024,64,0.0,0,0,0,MacBook-Pro-4.local,darwin,0,17.5402,57.61,,,2025-11-17T02:47:56.524445,,930
Kyber512,768,encap,0,1,0.0,0,0,0,MacBook-Pro-4.local,darwin,0,12.6225,78.03,,,2025-11-17T02:47:56.524461,,931
Kyber512,768,encap,0,1,0.0,0,0,0,MacBook-Pro-4.local,darwin,0,11.7545,81.34,,,2025-11-17T02:47:56.524472,,932
Kyber512,768,encap,0,1,0.0,0,0,0,MacBook-Pro-4.local,darwin,0,11.8865,87.34,,,2025-11-17T02:47:56.524483,,933
Kyber512,768,encap,0,1,0.0,0,0,0,MacBook-Pro-4.local,darwin,0,13.1287,79.9,,,2025-11-17T02:47:56.524494,,934
Kyber512,768,encap,0,1,0.0,0,0,0,MacBook-Pro-4.local,darwin,0,11.948,87.31,,,2025-11-17T02:47:56.524505,,935
Kyber512,768,encap,0,16,0.0,0,0,0,MacBook-Pro-4.local,darwin,0,13.0812,75.96,,,2025-11-17T02:47:56.524520,,936
Kyber512,768,encap,0,16,0.0,0,0,0,MacBook-Pro-4.local,darwin,0,12.1665,80.15,,,2025-11-17T02:47:56.524532,,937
Kyber512,768,encap,0,16,0.0,0,0,0,MacBook-Pro-4.local,darwin,0,12.8295,75.46,,,2025-11-17T02:47:56.524543,,938
Kyber512,768,encap,0,16,0.0,0,0,0,MacBook-Pro-4.local,darwin,0,12.285,82.6,,,2025-11-17T02:47:56.524553,,939
Kyber512,768,encap,0,16,0.0,0,0,0,MacBook-Pro-4.local,darwin,0,12.9597,74.11,,,2025-11-17T02:47:56.524564,,940
Kyber512,768,encap,0,64,0.0,0,0,0,MacBook-Pro-4.local,darwin,0,13.6888,73.22,,,2025-11-17T02:47:56.524579,,941
Kyber512,768,encap,0,64,0.0,0,0,0,MacBook-Pro-4.local,darwin,0,13.5686,70.57,,,2025-11-17T02:47:56.524589,,942
Kyber512,768,encap,0,64,0.0,0,0,0,MacBook-Pro-4.local,darwin,0,13.8829,72.06,,,2025-11-17T02:47:56.524601,,943
Kyber512,768,encap,0,64,0.0,0,0,0,MacBook-Pro-4.local,darwin,0,13.4881,70.73,,,2025-11-17T02:47:56.524612,,944
Kyber512,768,encap,0,64,0.0,0,0,0,MacBook-Pro-4.local,darwin,0,13.7507,75.53,,,2025-11-17T02:47:56.524624,,945
Kyber512,768,encap,1024,1,0.0,0,0,0,MacBook-Pro-4.local,darwin,0,12.1224,79.3,,,2025-11-17T02:47:56.524639,,946
Kyber512,768,encap,1024,1,0.0,0,0,0,MacBook-Pro-4.local,darwin,0,12.8668,78.07,,,2025-11-17T02:47:56.524650,,947
Kyber512,768,encap,1024,1,0.0,0,0,0,MacBook-Pro-4.local,darwin,0,13.6857,73.43,,,2025-11-17T02:47:56.524662,,948
Kyber512,768,encap,1024,1,0.0,0,0,0,MacBook-Pro-4.local,darwin,0,13.6295,71.67,,,2025-11-17T02:47:56.524674,,949
Kyber512,768,encap,1024,1,0.0,0,0,0,MacBook-Pro-4.local,darwin,0,13.8911,69.4,,,2025-11-17T02:47:56.524685,,950
Kyber512,768,encap,1024,16,0.0,0,0,0,MacBook-Pro-4.local,darwin,0,13.5696,73.17,,,2025-11-17T02:47:56.524700,,951
Kyber512,768,encap,1024,16,0.0,0,0,0,MacBook-Pro-4.local,darwin,0,13.6175,70.73,,,2025-11-17T02:47:56.524712,,952
Kyber512,768,encap,1024,16,0.0,0,0,0,MacBook-Pro-4.local,darwin,0,13.805,74.75,,,2025-11-17T02:47:56.524758,,953
Kyber512,768,encap,1024,16,0.0,0,0,0,MacBook-Pro-4.local,darwin,0,13.834,69.28,,,2025-11-17T02:47:56.524773,,954
Kyber512,768,encap,1024,16,0.0,0,0,0,MacBook-Pro-4.local,darwin,0,14.7809,70.03,,,2025-11-17T02:47:56.524785,,955
Kyber512,768,encap,1024,64,0.0,0,0,0,MacBook-Pro-4.local,darwin,0,15.3627,67.0,,,2025-11-17T02:47:56.524801,,956
Kyber512,768,encap,1024,64,0.0,0,0,0,MacBook-Pro-4.local,darwin,0,15.6328,66.57,,,2025-11-17T02:47:56.524813,,957
Kyber512,768,encap,1024,64,0.0,0,0,0,MacBook-Pro-4.local,darwin,0,14.6994,69.46,,,2025-11-17T02:47:56.524826,,958
Kyber512,768,encap,1024,64,0.0,0,0,0,MacBook-Pro-4.local,darwin,0,14.9835,65.91,,,2025-11-17T02:47:56.524837,,959
Kyber512,768,encap,1024,64,0.0,0,0,0,MacBook-Pro-4.local,darwin,0,15.3036,66.67,,,2025-11-17T02:47:56.524849,,960
Kyber512,768,decap,0,1,0.0,0,0,0,MacBook-Pro-4.local,darwin,0,13.0017,74.23,,,2025-11-17T02:47:56.524866,,961
Kyber512,768,decap,0,1,0.0,0,0,0,MacBook-Pro-4.local,darwin,0,14.0318,68.17,,,2025-11-17T02:47:56.524877,,962
Kyber512,768,decap,0,1,0.0,0,0,0,MacBook-Pro-4.local,darwin,0,12.9951,75.29,,,2025-11-17T02:47:56.524889,,963
Kyber512,768,decap,0,1,0.0,0,0,0,MacBook-Pro-4.local,darwin,0,14.1178,70.02,,,2025-11-17T02:47:56.524901,,964
Kyber512,768,decap,0,1,0.0,0,0,0,MacBook-Pro-4.local,darwin,0,13.1562,77.31,,,2025-11-17T02:47:56.524913,,965
Kyber512,768,decap,0,16,0.0,0,0,0,MacBook-Pro-4.local,darwin,0,14.0064,69.42,,,2025-11-17T02:47:56.524928,,966
Kyber512,768,decap,0,16,0.0,0,0,0,MacBook-Pro-4.local,darwin,0,13.6869,73.25,,,2025-11-17T02:47:56.524940,,967
Kyber512,768,decap,0,16,0.0,0,0,0,MacBook-Pro-4.local,darwin,0,13.7341,69.48,,,2025-11-17T02:47:56.524952,,968
Kyber512,768,decap,0,16,0.0,0,0,0,MacBook-Pro-4.local,darwin,0,13.7832,74.34,,,2025-11-17T02:47:56.524963,,969
Kyber512,768,decap,0,16,0.0,0,0,0,MacBook-Pro-4.local,darwin,0,13.256,75.46,,,2025-11-17T02:47:56.524974,,970
Kyber512,768,decap,0,64,0.0,0,0,0,MacBook-Pro-4.local,darwin,0,13.6444,76.28,,,2025-11-17T02:47:56.524990,,971
Kyber512,768,decap,0,64,0.0,0,0,0,MacBook-Pro-4.local,darwin,0,15.3753,65.06,,,2025-11-17T02:47:56.525002,,972
Kyber512,768,decap,0,64,0.0,0,0,0,MacBook-Pro-4.local,darwin,0,14.5632,65.82,,,2025-11-17T02:47:56.525013,,973
Kyber512,768,decap,0,64,0.0,0,0,0,MacBook-Pro-4.local,darwin,0,15.7577,65.62,,,2025-11-17T02:47:56.525025,,974
Kyber512,768,decap,0,64,0.0,0,0,0,MacBook-Pro-4.local,darwin,0,16.1,64.39,,,2025-11-17T02:47:56.525036,,975
Kyber512,768,decap,1024,1,0.0,0,0,0,MacBook-Pro-4.local,darwin,0,14.3844,69.65,,,2025-11-17T02:47:56.525050,,976
Kyber512,768,decap,1024,1,0.0,0,0,0,MacBook-Pro-4.local,darwin,0,14.2148,72.46,,,2025-11-17T02:47:56.525062,,977
Kyber512,768,decap,1024,1,0.0,0,0,0,MacBook-Pro-4.local,darwin,0,15.0104,69.42,,,2025-11-17T02:47:56.525074,,978
Kyber512,768,decap,1024,1,0.0,0,0,0,MacBook-Pro-4.local,darwin,0,14.4762,68.55,,,2025-11-17T02:47:56.525142,,979
Kyber512,768,decap,1024,1,0.0,0,0,0,MacBook-Pro-4.local,darwin,0,15.1455,64.68,,,2025-11-17T02:47:56.525185,,980
Kyber512,768,decap,1024,16,0.0,0,0,0,MacBook-Pro-4.local,darwin,0,15.5478,65.4,,,2025-11-17T02:47:56.525216,,981
Kyber512,768,decap,1024,16,0.0,0,0,0,MacBook-Pro-4.local,darwin,0,14.821,66.37,,,2025-11-17T02:47:56.525237,,982
Kyber512,768,decap,1024,16,0.0,0,0,0,MacBook-Pro-4.local,darwin,0,15.6221,66.41,,,2025-11-17T02:47:56.525251,,983
Kyber512,768,decap,1024,16,0.0,0,0,0,MacBook-Pro-4.local,darwin,0,15.0845,68.83,,,2025-11-17T02:47:56.525262,,984
Kyber512,768,decap,1024,16,0.0,0,0,0,MacBook-Pro-4.local,darwin,0,15.0365,66.14,,,2025-11-17T02:47:56.525274,,985
Kyber512,768,decap,1024,64,0.0,0,0,0,MacBook-Pro-4.local,darwin,0,17.0873,60.33,,,2025-11-17T02:47:56.525289,,986
Kyber512,768,decap,1024,64,0.0,0,0,0,MacBook-Pro-4.local,darwin,0,16.9016,60.82,,,2025-11-17T02:47:56.525301,,987
Kyber512,768,decap,1024,64,0.0,0,0,0,MacBook-Pro-4.local,darwin,0,16.644,59.2,,,2025-11-17T02:47:56.525316,,988
Kyber512,768,decap,1024,64,0.0,0,0,0,MacBook-Pro-4.local,darwin,0,16.9432,58.77,,,2025-11-17T02:47:56.525335,,989
Kyber512,768,decap,1024,64,0.0,0,0,0,MacBook-Pro-4.local,darwin,0,17.9214,58.44,,,2025-11-17T02:47:56.525362,,990
Kyber512,1024,keygen,0,1,0.0,0,0,0,MacBook-Pro-4.local,darwin,0,14.6799,70.54,,,2025-11-17T02:47:56.525386,,991
Kyber512,1024,keygen,0,1,0.0,0,0,0,MacBook-Pro-4.local,darwin,0,14.8785,68.93,,,2025-11-17T02:47:56.525399,,992
Kyber512,1024,keygen,0,1,0.0,0,0,0,MacBook-Pro-4.local,darwin,0,14.4851,66.81,,,2025-11-17T02:47:56.525413,,993
Kyber512,1024,keygen,0,1,0.0,0,0,0,MacBook-Pro-4.local,darwin,0,14.5662,67.38,,,2025-11-17T02:47:56.525425,,994
Kyber512,1024,keygen,0,1,0.0,0,0,0,MacBook-Pro-4.local,darwin,0,14.4792,66.6,,,2025-11-17T02:47:56.525440,,995
Kyber512,1024,keygen,0,16,0.0,0,0,0,MacBook-Pro-4.local,darwin,0,14.4055,72.73,,,2025-11-17T02:47:56.525551,,996
Kyber512,1024,keygen,0,16,0.0,0,0,0,MacBook-Pro-4.local,darwin,0,14.2022,67.49,,,2025-11-17T02:47:56.525604,,997
Kyber512,1024,keygen,0,16,0.0,0,0,0,MacBook-Pro-4.local,darwin,0,14.933,63.77,,,2025-11-17T02:47:56.525617,,998
Kyber512,1024,keygen,0,16,0.0,0,0,0,MacBook-Pro-4.local,darwin,0,15.3007,64.22,,,2025-11-17T02:47:56.525629,,999
Kyber512,1024,keygen,0,16,0.0,0,0,0,MacBook-Pro-4.local,darwin,0,14.9921,69.87,,,2025-11-17T02:47:56.525642,,1000
Kyber512,1024,keygen,0,64,0.0,0,0,0,MacBook-Pro-4.local,darwin,0,16.2143,58.75,,,2025-11-17T02:47:56.525657,,1001
Kyber512,1024,keygen,0,64,0.0,0,0,0,MacBook-Pro-4.local,darwin,0,15.623,64.57,,,2025-11-17T02:47:56.525667,,1002
Kyber512,1024,keygen,0,64,0.0,0,0,0,MacBook-Pro-4.local,darwin,0,16.2567,63.86,,,2025-11-17T02:47:56.525678,,1003
Kyber512,1024,keygen,0,64,0.0,0,0,0,MacBook-Pro-4.local,darwin,0,16.2319,61.7,,,2025-11-17T02:47:56.525688,,1004
Kyber512,1024,keygen,0,64,0.0,0,0,0,MacBook-Pro-4.local,darwin,0,16.434,58.64,,,2025-11-17T02:47:56.525700,,1005
Kyber512,1024,keygen,1024,1,0.0,0,0,0,MacBook-Pro-4.local,darwin,0,15.9042,64.6,,,2025-11-17T02:47:56.525715,,1006
Kyber512,1024,keygen,1024,1,0.0,0,0,0,MacBook-Pro-4.local,darwin,0,16.0857,63.05,,,2025-11-17T02:47:56.525726,,1007
Kyber512,1024,keygen,1024,1,0.0,0,0,0,MacBook-Pro-4.local,darwin,0,16.1053,60.2,,,2025-11-17T02:47:56.525737,,1008
Kyber512,1024,keygen,1024,1,0.0,0,0,0,MacBook-Pro-4.local,darwin,0,16.3525,61.47,,,2025-11-17T02:47:56.525747,,1009
Kyber512,1024,keygen,1024,1,0.0,0,0,0,MacBook-Pro-4.local,darwin,0,16.8409,58.64,,,2025-11-17T02:47:56.525758,,1010
Kyber512,1024,keygen,1024,16,0.0,0,0,0,MacBook-Pro-4.local,darwin,0,15.8343,60.31,,,2025-11-17T02:47:56.525772,,1011
Kyber512,1024,keygen,1024,16,0.0,0,0,0,MacBook-Pro-4.local,darwin,0,16.6454,63.02,,,2025-11-17T02:47:56.525783,,1012
Kyber512,1024,keygen,1024,16,0.0,0,0,0,MacBook-Pro-4.local,darwin,0,17.3294,56.45,,,2025-11-17T02:47:56.525794,,1013
Kyber512,1024,keygen,1024,16,0.0,0,0,0,MacBook-Pro-4.local,darwin,0,16.2626,59.75,,,2025-11-17T02:47:56.525805,,1014
Kyber512,1024,keygen,1024,16,0.0,0,0,0,MacBook-Pro-4.local,darwin,0,16.2962,62.11,,,2025-11-17T02:47:56.525816,,1015
Kyber512,1024,keygen,1024,64,0.0,0,0,0,MacBook-Pro-4.local,darwin,0,17.2786,58.78,,,2025-11-17T02:47:56.525830,,1016
Kyber512,1024,keygen,1024,64,0.0,0,0,0,MacBook-Pro-4.local,darwin,0,17.4886,57.08,,,2025-11-17T02:47:56.525840,,1017
Kyber512,1024,keygen,1024,64,0.0,0,0,0,MacBook-Pro-4.local,darwin,0,18.8096,55.57,,,2025-11-17T02:47:56.525852,,1018
Kyber512,1024,keygen,1024,64,0.0,0,0,0,MacBook-Pro-4.local,darwin,0,18.9343,52.31,,,2025-11-17T02:47:56.525863,,1019
Kyber512,1024,keygen,1024,64,0.0,0,0,0,MacBook-Pro-4.local,darwin,0,17.8669,57.48,,,2025-11-17T02:47:56.525873,,1020
Kyber512,1024,encap,0,1,0.0,0,0,0,MacBook-Pro-4.local,darwin,0,11.9674,80.58,,,2025-11-17T02:47:56.525888,,1021
Kyber512,1024,encap,0,1,0.0,0,0,0,MacBook-Pro-4.local,darwin,0,12.6549,78.15,,,2025-11-17T02:47:56.525899,,1022
Kyber512,1024,encap,0,1,0.0,0,0,0,MacBook-Pro-4.local,darwin,0,11.6813,89.12,,,2025-11-17T02:47:56.525910,,1023
Kyber512,1024,encap,0,1,0.0,0,0,0,MacBook-Pro-4.local,darwin,0,12.1924,80.79,,,2025-11-17T02:47:56.525921,,1024
Kyber512,1024,encap,0,1,0.0,0,0,0,MacBook-Pro-4.local,darwin,0,10.9547,95.71,,,2025-11-17T02:47:56.526002,,1025
Kyber512,1024,encap,0,16,0.0,0,0,0,MacBook-Pro-4.local,darwin,0,12.6548,80.1,,,2025-11-17T02:47:56.526020,,1026
Kyber512,1024,encap,0,16,0.0,0,0,0,MacBook-Pro-4.local,darwin,0,13.1831,72.98,,,2025-11-17T02:47:56.526031,,1027
Kyber512,1024,encap,0,16,0.0,0,0,0,MacBook-Pro-4.local,darwin,0,12.3984,78.6,,,2025-11-17T02:47:56.526042,,1028
Kyber512,1024,encap,0,16,0.0,0,0,0,MacBook-Pro-4.local,darwin,0,12.0458,83.22,,,2025-11-17T02:47:56.526053,,1029
Kyber512,1024,encap,0,16,0.0,0,0,0,MacBook-Pro-4.local,darwin,0,12.1026,82.39,,,2025-11-17T02:47:56.526063,,1030
Kyber512,1024,encap,0,64,0.0,0,0,0,MacBook-Pro-4.local,darwin,0,13.914,73.33,,,2025-11-17T02:47:56.526077,,1031
Kyber512,1024,encap,0,64,0.0,0,0,0,MacBook-Pro-4.local,darwin,0,13.6223,74.71,,,2025-11-17T02:47:56.526087,,1032
Kyber512,1024,encap,0,64,0.0,0,0,0,MacBook-Pro-4.local,darwin,0,13.8124,72.64,,,2025-11-17T02:47:56.526098,,1033
Kyber512,1024,encap,0,64,0.0,0,0,0,MacBook-Pro-4.local,darwin,0,13.2767,78.46,,,2025-11-17T02:47:56.526109,,1034
Kyber512,1024,encap,0,64,0.0,0,0,0,MacBook-Pro-4.local,darwin,0,12.3,82.67,,,2025-11-17T02:47:56.526119,,1035
Kyber512,1024,encap,1024,1,0.0,0,0,0,MacBook-Pro-4.local,darwin,0,13.5098,73.29,,,2025-11-17T02:47:56.526133,,1036
Kyber512,1024,encap,1024,1,0.0,0,0,0,MacBook-Pro-4.local,darwin,0,13.6612,73.39,,,2025-11-17T02:47:56.526144,,1037
Kyber512,1024,encap,1024,1,0.0,0,0,0,MacBook-Pro-4.local,darwin,0,13.0871,74.68,,,2025-11-17T02:47:56.526155,,1038
Kyber512,1024,encap,1024,1,0.0,0,0,0,MacBook-Pro-4.local,darwin,0,13.8565,75.11,,,2025-11-17T02:47:56.526166,,1039
Kyber512,1024,encap,1024,1,0.0,0,0,0,MacBook-Pro-4.local,darwin,0,14.2597,70.29,,,2025-11-17T02:47:56.526177,,1040
Kyber512,1024,encap,1024,16,0.0,0,0,0,MacBook-Pro-4.local,darwin,0,13.6724,76.17,,,2025-11-17T02:47:56.526191,,1041
Kyber512,1024,encap,1024,16,0.0,0,0,0,MacBook-Pro-4.local,darwin,0,13.9707,70.36,,,2025-11-17T02:47:56.526202,,1042
Kyber512,1024,encap,1024,16,0.0,0,0,0,MacBook-Pro-4.local,darwin,0,14.4241,66.37,,,2025-11-17T02:47:56.526213,,1043
Kyber512,1024,encap,1024,16,0.0,0,0,0,MacBook-Pro-4.local,darwin,0,14.5466,71.75,,,2025-11-17T02:47:56.526223,,1044
Kyber512,1024,encap,1024,16,0.0,0,0,0,MacBook-Pro-4.local,darwin,0,13.7508,72.72,,,2025-11-17T02:47:56.526234,,1045
Kyber512,1024,encap,1024,64,0.0,0,0,0,MacBook-Pro-4.local,darwin,0,15.2105,63.29,,,2025-11-17T02:47:56.526248,,1046
Kyber512,1024,encap,1024,64,0.0,0,0,0,MacBook-Pro-4.local,darwin,0,14.6776,69.54,,,2025-11-17T02:47:56.526258,,1047
Kyber512,1024,encap,1024,64,0.0,0,0,0,MacBook-Pro-4.local,darwin,0,16.0133,60.51,,,2025-11-17T02:47:56.526269,,1048
Kyber512,1024,encap,1024,64,0.0,0,0,0,MacBook-Pro-4.local,darwin,0,15.2356,68.54,,,2025-11-17T02:47:56.526280,,1049
Kyber512,1024,encap,1024,64,0.0,0,0,0,MacBook-Pro-4.local,darwin,0,15.277,63.6,,,2025-11-17T02:47:56.526291,,1050
Kyber512,1024,decap,0,1,0.0,0,0,0,MacBook-Pro-4.local,darwin,0,13.6348,75.2,,,2025-11-17T02:47:56.526308,,1051
Kyber512,1024,decap,0,1,0.0,0,0,0,MacBook-Pro-4.local,darwin,0,13.2103,78.96,,,2025-11-17T02:47:56.526319,,1052
Kyber512,1024,decap,0,1,0.0,0,0,0,MacBook-Pro-4.local,darwin,0,13.1004,73.74,,,2025-11-17T02:47:56.526330,,1053
Kyber512,1024,decap,0,1,0.0,0,0,0,MacBook-Pro-4.local,darwin,0,13.1023,74.83,,,2025-11-17T02:47:56.526341,,1054
Kyber512,1024,decap,0,1,0.0,0,0,0,MacBook-Pro-4.local,darwin,0,13.741,73.35,,,2025-11-17T02:47:56.526351,,1055
Kyber512,1024,decap,0,16,0.0,0,0,0,MacBook-Pro-4.local,darwin,0,13.3143,74.52,,,2025-11-17T02:47:56.526365,,1056
Kyber512,1024,decap,0,16,0.0,0,0,0,MacBook-Pro-4.local,darwin,0,15.174,64.49,,,2025-11-17T02:47:56.526375,,1057
Kyber512,1024,decap,0,16,0.0,0,0,0,MacBook-Pro-4.local,darwin,0,13.8815,74.22,,,2025-11-17T02:47:56.526385,,1058
Kyber512,1024,decap,0,16,0.0,0,0,0,MacBook-Pro-4.local,darwin,0,14.0388,74.66,,,2025-11-17T02:47:56.526396,,1059
Kyber512,1024,decap,0,16,0.0,0,0,0,MacBook-Pro-4.local,darwin,0,14.0349,72.69,,,2025-11-17T02:47:56.526407,,1060
Kyber512,1024,decap,0,64,0.0,0,0,0,MacBook-Pro-4.local,darwin,0,15.79,63.33,,,2025-11-17T02:47:56.526421,,1061
Kyber512,1024,decap,0,64,0.0,0,0,0,MacBook-Pro-4.local,darwin,0,15.4902,62.39,,,2025-11-17T02:47:56.526432,,1062
Kyber512,1024,decap,0,64,0.0,0,0,0,MacBook-Pro-4.local,darwin,0,15.0758,68.11,,,2025-11-17T02:47:56.526443,,1063
Kyber512,1024,decap,0,64,0.0,0,0,0,MacBook-Pro-4.local,darwin,0,15.5035,61.48,,,2025-11-17T02:47:56.526453,,1064
Kyber512,1024,decap,0,64,0.0,0,0,0,MacBook-Pro-4.local,darwin,0,13.9169,73.35,,,2025-11-17T02:47:56.526464,,1065
Kyber512,1024,decap,1024,1,0.0,0,0,0,MacBook-Pro-4.local,darwin,0,14.1965,71.49,,,2025-11-17T02:47:56.526479,,1066
Kyber512,1024,decap,1024,1,0.0,0,0,0,MacBook-Pro-4.local,darwin,0,15.1711,63.08,,,2025-11-17T02:47:56.526490,,1067
Kyber512,1024,decap,1024,1,0.0,0,0,0,MacBook-Pro-4.local,darwin,0,14.6094,70.23,,,2025-11-17T02:47:56.526500,,1068
Kyber512,1024,decap,1024,1,0.0,0,0,0,MacBook-Pro-4.local,darwin,0,15.3423,66.6,,,2025-11-17T02:47:56.526511,,1069
Kyber512,1024,decap,1024,1,0.0,0,0,0,MacBook-Pro-4.local,darwin,0,14.4438,66.25,,,2025-11-17T02:47:56.526522,,1070
Kyber512,1024,decap,1024,16,0.0,0,0,0,MacBook-Pro-4.local,darwin,0,15.3581,65.65,,,2025-11-17T02:47:56.526535,,1071
Kyber512,1024,decap,1024,16,0.0,0,0,0,MacBook-Pro-4.local,darwin,0,15.5017,62.84,,,2025-11-17T02:47:56.526546,,1072
Kyber512,1024,decap,1024,16,0.0,0,0,0,MacBook-Pro-4.local,darwin,0,15.2766,62.84,,,2025-11-17T02:47:56.526558,,1073
Kyber512,1024,decap,1024,16,0.0,0,0,0,MacBook-Pro-4.local,darwin,0,16.0615,61.83,,,2025-11-17T02:47:56.526569,,1074
Kyber512,1024,decap,1024,16,0.0,0,0,0,MacBook-Pro-4.local,darwin,0,15.4477,64.51,,,2025-11-17T02:47:56.526580,,1075
Kyber512,1024,decap,1024,64,0.0,0,0,0,MacBook-Pro-4.local,darwin,0,16.704,57.8,,,2025-11-17T02:47:56.526595,,1076
Kyber512,1024,decap,1024,64,0.0,0,0,0,MacBook-Pro-4.local,darwin,0,15.875,65.39,,,2025-11-17T02:47:56.526606,,1077
Kyber512,1024,decap,1024,64,0.0,0,0,0,MacBook-Pro-4.local,darwin,0,16.3819,61.52,,,2025-11-17T02:47:56.526617,,1078
Kyber512,1024,decap,1024,64,0.0,0,0,0,MacBook-Pro-4.local,darwin,0,16.7582,61.56,,,2025-11-17T02:47:56.526628,,1079
Kyber512,1024,decap,1024,64,0.0,0,0,0,MacBook-Pro-4.local,darwin,0,16.7867,61.17,,,2025-11-17T02:47:56.526638,,1080
Kyber768,512,keygen,0,1,0.0,0,0,0,MacBook-Pro-4.local,darwin,0,15.0987,66.77,,,2025-11-17T02:47:56.526655,,1081
Kyber768,512,keygen,0,1,0.0,0,0,0,MacBook-Pro-4.local,darwin,0,14.7915,64.25,,,2025-11-17T02:47:56.526667,,1082
Kyber768,512,keygen,0,1,0.0,0,0,0,MacBook-Pro-4.local,darwin,0,13.633,73.34,,,2025-11-17T02:47:56.526678,,1083
Kyber768,512,keygen,0,1,0.0,0,0,0,MacBook-Pro-4.local,darwin,0,13.9281,75.06,,,2025-11-17T02:47:56.526689,,1084
Kyber768,512,keygen,0,1,0.0,0,0,0,MacBook-Pro-4.local,darwin,0,13.1617,73.98,,,2025-11-17T02:47:56.526700,,1085
Kyber768,512,keygen,0,16,0.0,0,0,0,MacBook-Pro-4.local,darwin,0,14.5386,71.22,,,2025-11-17T02:47:56.526715,,1086
Kyber768,512,keygen,0,16,0.0,0,0,0,MacBook-Pro-4.local,darwin,0,14.3067,69.32,,,2025-11-17T02:47:56.526727,,1087
Kyber768,512,keygen,0,16,0.0,0,0,0,MacBook-Pro-4.local,darwin,0,14.5392,67.03,,,2025-11-17T02:47:56.526737,,1088
Kyber768,512,keygen,0,16,0.0,0,0,0,MacBook-Pro-4.local,darwin,0,14.6426,71.37,,,2025-11-17T02:47:56.526749,,1089
Kyber768,512,keygen,0,16,0.0,0,0,0,MacBook-Pro-4.local,darwin,0,15.7551,61.23,,,2025-11-17T02:47:56.526761,,1090
Kyber768,512,keygen,0,64,0.0,0,0,0,MacBook-Pro-4.local,darwin,0,15.4552,63.24,,,2025-11-17T02:47:56.526776,,1091
Kyber768,512,keygen,0,64,0.0,0,0,0,MacBook-Pro-4.local,darwin,0,15.9611,59.78,,,2025-11-17T02:47:56.526786,,1092
Kyber768,512,keygen,0,64,0.0,0,0,0,MacBook-Pro-4.local,darwin,0,16.4169,61.05,,,2025-11-17T02:47:56.526797,,1093
Kyber768,512,keygen,0,64,0.0,0,0,0,MacBook-Pro-4.local,darwin,0,16.238,63.8,,,2025-11-17T02:47:56.526808,,1094
Kyber768,512,keygen,0,64,0.0,0,0,0,MacBook-Pro-4.local,darwin,0,16.4462,61.25,,,2025-11-17T02:47:56.526818,,1095
Kyber768,512,keygen,1024,1,0.0,0,0,0,MacBook-Pro-4.local,darwin,0,16.3551,62.98,,,2025-11-17T02:47:56.526834,,1096
Kyber768,512,keygen,1024,1,0.0,0,0,0,MacBook-Pro-4.local,darwin,0,16.4748,59.12,,,2025-11-17T02:47:56.526879,,1097
Kyber768,512,keygen,1024,1,0.0,0,0,0,MacBook-Pro-4.local,darwin,0,15.781,66.46,,,2025-11-17T02:47:56.526893,,1098
Kyber768,512,keygen,1024,1,0.0,0,0,0,MacBook-Pro-4.local,darwin,0,16.4189,63.58,,,2025-11-17T02:47:56.526904,,1099
Kyber768,512,keygen,1024,1,0.0,0,0,0,MacBook-Pro-4.local,darwin,0,15.9364,59.97,,,2025-11-17T02:47:56.526915,,1100
Kyber768,512,keygen,1024,16,0.0,0,0,0,MacBook-Pro-4.local,darwin,0,17.3027,58.86,,,2025-11-17T02:47:56.526930,,1101
Kyber768,512,keygen,1024,16,0.0,0,0,0,MacBook-Pro-4.local,darwin,0,15.8936,63.53,,,2025-11-17T02:47:56.526942,,1102
Kyber768,512,keygen,1024,16,0.0,0,0,0,MacBook-Pro-4.local,darwin,0,17.1844,55.35,,,2025-11-17T02:47:56.526954,,1103
Kyber768,512,keygen,1024,16,0.0,0,0,0,MacBook-Pro-4.local,darwin,0,16.9699,55.99,,,2025-11-17T02:47:56.526965,,1104
Kyber768,512,keygen,1024,16,0.0,0,0,0,MacBook-Pro-4.local,darwin,0,15.983,59.52,,,2025-11-17T02:47:56.526977,,1105
Kyber768,512,keygen,1024,64,0.0,0,0,0,MacBook-Pro-4.local,darwin,0,18.7145,50.92,,,2025-11-17T02:47:56.526991,,1106
Kyber768,512,keygen,1024,64,0.0,0,0,0,MacBook-Pro-4.local,darwin,0,18.2073,56.48,,,2025-11-17T02:47:56.527002,,1107
Kyber768,512,keygen,1024,64,0.0,0,0,0,MacBook-Pro-4.local,darwin,0,17.7924,54.55,,,2025-11-17T02:47:56.527014,,1108
Kyber768,512,keygen,1024,64,0.0,0,0,0,MacBook-Pro-4.local,darwin,0,18.1555,54.31,,,2025-11-17T02:47:56.527024,,1109
Kyber768,512,keygen,1024,64,0.0,0,0,0,MacBook-Pro-4.local,darwin,0,17.9894,54.09,,,2025-11-17T02:47:56.527035,,1110
Kyber768,512,encap,0,1,0.0,0,0,0,MacBook-Pro-4.local,darwin,0,11.6603,89.82,,,2025-11-17T02:47:56.527050,,1111
Kyber768,512,encap,0,1,0.0,0,0,0,MacBook-Pro-4.local,darwin,0,11.9667,87.46,,,2025-11-17T02:47:56.527060,,1112
Kyber768,512,encap,0,1,0.0,0,0,0,MacBook-Pro-4.local,darwin,0,12.4923,77.87,,,2025-11-17T02:47:56.527072,,1113
Kyber768,512,encap,0,1,0.0,0,0,0,MacBook-Pro-4.local,darwin,0,11.8851,81.89,,,2025-11-17T02:47:56.527082,,1114
Kyber768,512,encap,0,1,0.0,0,0,0,MacBook-Pro-4.local,darwin,0,13.2049,73.11,,,2025-11-17T02:47:56.527093,,1115
Kyber768,512,encap,0,16,0.0,0,0,0,MacBook-Pro-4.local,darwin,0,12.6951,80.95,,,2025-11-17T02:47:56.527108,,1116
Kyber768,512,encap,0,16,0.0,0,0,0,MacBook-Pro-4.local,darwin,0,11.4829,85.35,,,2025-11-17T02:47:56.527119,,1117
Kyber768,512,encap,0,16,0.0,0,0,0,MacBook-Pro-4.local,darwin,0,11.739,84.85,,,2025-11-17T02:47:56.527130,,1118
Kyber768,512,encap,0,16,0.0,0,0,0,MacBook-Pro-4.local,darwin,0,12.0189,85.08,,,2025-11-17T02:47:56.527140,,1119
Kyber768,512,encap,0,16,0.0,0,0,0,MacBook-Pro-4.local,darwin,0,12.345,79.52,,,2025-11-17T02:47:56.527151,,1120
Kyber768,512,encap,0,64,0.0,0,0,0,MacBook-Pro-4.local,darwin,0,13.8476,69.42,,,2025-11-17T02:47:56.527165,,1121
Kyber768,512,encap,0,64,0.0,0,0,0,MacBook-Pro-4.local,darwin,0,13.8917,70.99,,,2025-11-17T02:47:56.527176,,1122
Kyber768,512,encap,0,64,0.0,0,0,0,MacBook-Pro-4.local,darwin,0,13.2579,76.04,,,2025-11-17T02:47:56.527187,,1123
Kyber768,512,encap,0,64,0.0,0,0,0,MacBook-Pro-4.local,darwin,0,13.4686,72.72,,,2025-11-17T02:47:56.527198,,1124
Kyber768,512,encap,0,64,0.0,0,0,0,MacBook-Pro-4.local,darwin,0,13.2585,76.67,,,2025-11-17T02:47:56.527208,,1125
Kyber768,512,encap,1024,1,0.0,0,0,0,MacBook-Pro-4.local,darwin,0,13.7564,71.18,,,2025-11-17T02:47:56.527221,,1126
Kyber768,512,encap,1024,1,0.0,0,0,0,MacBook-Pro-4.local,darwin,0,13.7623,74.11,,,2025-11-17T02:47:56.527232,,1127
Kyber768,512,encap,1024,1,0.0,0,0,0,MacBook-Pro-4.local,darwin,0,13.1969,79.5,,,2025-11-17T02:47:56.527242,,1128
Kyber768,512,encap,1024,1,0.0,0,0,0,MacBook-Pro-4.local,darwin,0,12.8957,74.18,,,2025-11-17T02:47:56.527253,,1129
Kyber768,512,encap,1024,1,0.0,0,0,0,MacBook-Pro-4.local,darwin,0,12.8455,77.58,,,2025-11-17T02:47:56.527266,,1130
Kyber768,512,encap,1024,16,0.0,0,0,0,MacBook-Pro-4.local,darwin,0,14.2514,68.0,,,2025-11-17T02:47:56.527286,,1131
Kyber768,512,encap,1024,16,0.0,0,0,0,MacBook-Pro-4.local,darwin,0,14.8435,70.34,,,2025-11-17T02:47:56.527298,,1132
Kyber768,512,encap,1024,16,0.0,0,0,0,MacBook-Pro-4.local,darwin,0,13.4885,70.51,,,2025-11-17T02:47:56.527309,,1133
Kyber768,512,encap,1024,16,0.0,0,0,0,MacBook-Pro-4.local,darwin,0,14.5478,67.37,,,2025-11-17T02:47:56.527320,,1134
Kyber768,512,encap,1024,16,0.0,0,0,0,MacBook-Pro-4.local,darwin,0,14.0123,72.61,,,2025-11-17T02:47:56.527332,,1135
Kyber768,512,encap,1024,64,0.0,0,0,0,MacBook-Pro-4.local,darwin,0,15.2017,65.84,,,2025-11-17T02:47:56.527346,,1136
Kyber768,512,encap,1024,64,0.0,0,0,0,MacBook-Pro-4.local,darwin,0,14.7418,69.37,,,2025-11-17T02:47:56.527357,,1137
Kyber768,512,encap,1024,64,0.0,0,0,0,MacBook-Pro-4.local,darwin,0,15.3798,62.29,,,2025-11-17T02:47:56.527369,,1138
Kyber768,512,encap,1024,64,0.0,0,0,0,MacBook-Pro-4.local,darwin,0,15.5491,64.9,,,2025-11-17T02:47:56.527381,,1139
Kyber768,512,encap,1024,64,0.0,0,0,0,MacBook-Pro-4.local,darwin,0,15.8731,63.81,,,2025-11-17T02:47:56.527393,,1140
Kyber768,512,decap,0,1,0.0,0,0,0,MacBook-Pro-4.local,darwin,0,13.4042,77.95,,,2025-11-17T02:47:56.527410,,1141
Kyber768,512,decap,0,1,0.0,0,0,0,MacBook-Pro-4.local,darwin,0,13.7708,72.35,,,2025-11-17T02:47:56.527422,,1142
Kyber768,512,decap,0,1,0.0,0,0,0,MacBook-Pro-4.local,darwin,0,13.4122,72.55,,,2025-11-17T02:47:56.527434,,1143
Kyber768,512,decap,0,1,0.0,0,0,0,MacBook-Pro-4.local,darwin,0,14.0343,74.17,,,2025-11-17T02:47:56.527447,,1144
Kyber768,512,decap,0,1,0.0,0,0,0,MacBook-Pro-4.local,darwin,0,13.1005,78.18,,,2025-11-17T02:47:56.527459,,1145
Kyber768,512,decap,0,16,0.0,0,0,0,MacBook-Pro-4.local,darwin,0,12.9811,80.33,,,2025-11-17T02:47:56.527473,,1146
Kyber768,512,decap,0,16,0.0,0,0,0,MacBook-Pro-4.local,darwin,0,12.563,78.38,,,2025-11-17T02:47:56.527484,,1147
Kyber768,512,decap,0,16,0.0,0,0,0,MacBook-Pro-4.local,darwin,0,14.2867,71.3,,,2025-11-17T02:47:56.527494,,1148
Kyber768,512,decap,0,16,0.0,0,0,0,MacBook-Pro-4.local,darwin,0,12.8836,76.51,,,2025-11-17T02:47:56.527505,,1149
Kyber768,512,decap,0,16,0.0,0,0,0,MacBook-Pro-4.local,darwin,0,12.8362,75.28,,,2025-11-17T02:47:56.527516,,1150
Kyber768,512,decap,0,64,0.0,0,0,0,MacBook-Pro-4.local,darwin,0,14.7061,66.96,,,2025-11-17T02:47:56.527530,,1151
Kyber768,512,decap,0,64,0.0,0,0,0,MacBook-Pro-4.local,darwin,0,14.8854,70.16,,,2025-11-17T02:47:56.527541,,1152
Kyber768,512,decap,0,64,0.0,0,0,0,MacBook-Pro-4.local,darwin,0,15.2027,63.4,,,2025-11-17T02:47:56.527552,,1153
Kyber768,512,decap,0,64,0.0,0,0,0,MacBook-Pro-4.local,darwin,0,14.2465,73.15,,,2025-11-17T02:47:56.527564,,1154
Kyber768,512,decap,0,64,0.0,0,0,0,MacBook-Pro-4.local,darwin,0,15.0475,65.16,,,2025-11-17T02:47:56.527575,,1155
Kyber768,512,decap,1024,1,0.0,0,0,0,MacBook-Pro-4.local,darwin,0,14.9643,64.66,,,2025-11-17T02:47:56.527590,,1156
Kyber768,512,decap,1024,1,0.0,0,0,0,MacBook-Pro-4.local,darwin,0,15.0318,69.01,,,2025-11-17T02:47:56.527601,,1157
Kyber768,512,decap,1024,1,0.0,0,0,0,MacBook-Pro-4.local,darwin,0,14.9651,63.69,,,2025-11-17T02:47:56.527612,,1158
Kyber768,512,decap,1024,1,0.0,0,0,0,MacBook-Pro-4.local,darwin,0,15.0102,65.22,,,2025-11-17T02:47:56.527624,,1159
Kyber768,512,decap,1024,1,0.0,0,0,0,MacBook-Pro-4.local,darwin,0,15.0803,68.76,,,2025-11-17T02:47:56.527636,,1160
Kyber768,512,decap,1024,16,0.0,0,0,0,MacBook-Pro-4.local,darwin,0,15.9224,59.83,,,2025-11-17T02:47:56.527651,,1161
Kyber768,512,decap,1024,16,0.0,0,0,0,MacBook-Pro-4.local,darwin,0,15.2093,62.92,,,2025-11-17T02:47:56.527664,,1162
Kyber768,512,decap,1024,16,0.0,0,0,0,MacBook-Pro-4.local,darwin,0,15.6586,60.84,,,2025-11-17T02:47:56.527676,,1163
Kyber768,512,decap,1024,16,0.0,0,0,0,MacBook-Pro-4.local,darwin,0,15.7009,60.61,,,2025-11-17T02:47:56.527687,,1164
Kyber768,512,decap,1024,16,0.0,0,0,0,MacBook-Pro-4.local,darwin,0,14.5272,72.1,,,2025-11-17T02:47:56.527698,,1165
Kyber768,512,decap,1024,64,0.0,0,0,0,MacBook-Pro-4.local,darwin,0,15.9732,59.85,,,2025-11-17T02:47:56.527713,,1166
Kyber768,512,decap,1024,64,0.0,0,0,0,MacBook-Pro-4.local,darwin,0,16.0553,64.95,,,2025-11-17T02:47:56.527724,,1167
Kyber768,512,decap,1024,64,0.0,0,0,0,MacBook-Pro-4.local,darwin,0,17.3438,55.13,,,2025-11-17T02:47:56.527735,,1168
Kyber768,512,decap,1024,64,0.0,0,0,0,MacBook-Pro-4.local,darwin,0,16.2531,61.09,,,2025-11-17T02:47:56.527862,,1169
Kyber768,512,decap,1024,64,0.0,0,0,0,MacBook-Pro-4.local,darwin,0,16.8303,57.79,,,2025-11-17T02:47:56.527896,,1170
Kyber768,768,keygen,0,1,0.0,0,0,0,MacBook-Pro-4.local,darwin,0,14.4403,67.67,,,2025-11-17T02:47:56.527930,,1171
Kyber768,768,keygen,0,1,0.0,0,0,0,MacBook-Pro-4.local,darwin,0,13.4236,75.28,,,2025-11-17T02:47:56.527957,,1172
Kyber768,768,keygen,0,1,0.0,0,0,0,MacBook-Pro-4.local,darwin,0,13.6392,75.03,,,2025-11-17T02:47:56.527977,,1173
Kyber768,768,keygen,0,1,0.0,0,0,0,MacBook-Pro-4.local,darwin,0,14.5583,65.94,,,2025-11-17T02:47:56.527996,,1174
Kyber768,768,keygen,0,1,0.0,0,0,0,MacBook-Pro-4.local,darwin,0,13.9301,69.94,,,2025-11-17T02:47:56.528055,,1175
Kyber768,768,keygen,0,16,0.0,0,0,0,MacBook-Pro-4.local,darwin,0,14.7594,67.07,,,2025-11-17T02:47:56.528076,,1176
Kyber768,768,keygen,0,16,0.0,0,0,0,MacBook-Pro-4.local,darwin,0,14.709,65.83,,,2025-11-17T02:47:56.528088,,1177
Kyber768,768,keygen,0,16,0.0,0,0,0,MacBook-Pro-4.local,darwin,0,14.0534,71.63,,,2025-11-17T02:47:56.528099,,1178
Kyber768,768,keygen,0,16,0.0,0,0,0,MacBook-Pro-4.local,darwin,0,15.1496,68.64,,,2025-11-17T02:47:56.528110,,1179
Kyber768,768,keygen,0,16,0.0,0,0,0,MacBook-Pro-4.local,darwin,0,15.3538,63.96,,,2025-11-17T02:47:56.528121,,1180
Kyber768,768,keygen,0,64,0.0,0,0,0,MacBook-Pro-4.local,darwin,0,17.3939,55.94,,,2025-11-17T02:47:56.528135,,1181
Kyber768,768,keygen,0,64,0.0,0,0,0,MacBook-Pro-4.local,darwin,0,17.0283,56.38,,,2025-11-17T02:47:56.528146,,1182
Kyber768,768,keygen,0,64,0.0,0,0,0,MacBook-Pro-4.local,darwin,0,15.7792,65.02,,,2025-11-17T02:47:56.528156,,1183
Kyber768,768,keygen,0,64,0.0,0,0,0,MacBook-Pro-4.local,darwin,0,16.3619,60.48,,,2025-11-17T02:47:56.528167,,1184
Kyber768,768,keygen,0,64,0.0,0,0,0,MacBook-Pro-4.local,darwin,0,15.2871,63.34,,,2025-11-17T02:47:56.528177,,1185
Kyber768,768,keygen,1024,1,0.0,0,0,0,MacBook-Pro-4.local,darwin,0,16.364,60.0,,,2025-11-17T02:47:56.528192,,1186
Kyber768,768,keygen,1024,1,0.0,0,0,0,MacBook-Pro-4.local,darwin,0,16.7123,59.15,,,2025-11-17T02:47:56.528203,,1187
Kyber768,768,keygen,1024,1,0.0,0,0,0,MacBook-Pro-4.local,darwin,0,16.2548,61.09,,,2025-11-17T02:47:56.528214,,1188
Kyber768,768,keygen,1024,1,0.0,0,0,0,MacBook-Pro-4.local,darwin,0,14.9453,64.89,,,2025-11-17T02:47:56.528224,,1189
Kyber768,768,keygen,1024,1,0.0,0,0,0,MacBook-Pro-4.local,darwin,0,16.2224,64.23,,,2025-11-17T02:47:56.528235,,1190
Kyber768,768,keygen,1024,16,0.0,0,0,0,MacBook-Pro-4.local,darwin,0,17.7345,54.95,,,2025-11-17T02:47:56.528248,,1191
Kyber768,768,keygen,1024,16,0.0,0,0,0,MacBook-Pro-4.local,darwin,0,16.6573,60.29,,,2025-11-17T02:47:56.528259,,1192
Kyber768,768,keygen,1024,16,0.0,0,0,0,MacBook-Pro-4.local,darwin,0,17.3761,54.78,,,2025-11-17T02:47:56.528269,,1193
Kyber768,768,keygen,1024,16,0.0,0,0,0,MacBook-Pro-4.local,darwin,0,16.3448,63.56,,,2025-11-17T02:47:56.528280,,1194
Kyber768,768,keygen,1024,16,0.0,0,0,0,MacBook-Pro-4.local,darwin,0,16.4878,58.97,,,2025-11-17T02:47:56.528290,,1195
Kyber768,768,keygen,1024,64,0.0,0,0,0,MacBook-Pro-4.local,darwin,0,18.6082,53.7,,,2025-11-17T02:47:56.528304,,1196
Kyber768,768,keygen,1024,64,0.0,0,0,0,MacBook-Pro-4.local,darwin,0,18.5377,54.55,,,2025-11-17T02:47:56.528314,,1197
Kyber768,768,keygen,1024,64,0.0,0,0,0,MacBook-Pro-4.local,darwin,0,18.0577,57.31,,,2025-11-17T02:47:56.528325,,1198
Kyber768,768,keygen,1024,64,0.0,0,0,0,MacBook-Pro-4.local,darwin,0,18.0628,53.16,,,2025-11-17T02:47:56.528337,,1199
Kyber768,768,keygen,1024,64,0.0,0,0,0,MacBook-Pro-4.local,darwin,0,18.6766,51.78,,,2025-11-17T02:47:56.528348,,1200
Kyber768,768,encap,0,1,0.0,0,0,0,MacBook-Pro-4.local,darwin,0,11.3562,87.69,,,2025-11-17T02:47:56.528363,,1201
Kyber768,768,encap,0,1,0.0,0,0,0,MacBook-Pro-4.local,darwin,0,12.4566,80.94,,,2025-11-17T02:47:56.528373,,1202
Kyber768,768,encap,0,1,0.0,0,0,0,MacBook-Pro-4.local,darwin,0,11.979,84.81,,,2025-11-17T02:47:56.528384,,1203
Kyber768,768,encap,0,1,0.0,0,0,0,MacBook-Pro-4.local,darwin,0,11.7023,88.95,,,2025-11-17T02:47:56.528394,,1204
Kyber768,768,encap,0,1,0.0,0,0,0,MacBook-Pro-4.local,darwin,0,12.4748,82.1,,,2025-11-17T02:47:56.528404,,1205
Kyber768,768,encap,0,16,0.0,0,0,0,MacBook-Pro-4.local,darwin,0,12.8489,80.82,,,2025-11-17T02:47:56.528417,,1206
Kyber768,768,encap,0,16,0.0,0,0,0,MacBook-Pro-4.local,darwin,0,11.0458,91.54,,,2025-11-17T02:47:56.528428,,1207
Kyber768,768,encap,0,16,0.0,0,0,0,MacBook-Pro-4.local,darwin,0,12.0847,82.38,,,2025-11-17T02:47:56.528445,,1208
Kyber768,768,encap,0,16,0.0,0,0,0,MacBook-Pro-4.local,darwin,0,12.8537,81.24,,,2025-11-17T02:47:56.528456,,1209
Kyber768,768,encap,0,16,0.0,0,0,0,MacBook-Pro-4.local,darwin,0,12.6872,80.87,,,2025-11-17T02:47:56.528466,,1210
Kyber768,768,encap,0,64,0.0,0,0,0,MacBook-Pro-4.local,darwin,0,13.1414,75.76,,,2025-11-17T02:47:56.528479,,1211
Kyber768,768,encap,0,64,0.0,0,0,0,MacBook-Pro-4.local,darwin,0,13.0306,75.63,,,2025-11-17T02:47:56.528490,,1212
Kyber768,768,encap,0,64,0.0,0,0,0,MacBook-Pro-4.local,darwin,0,13.5367,72.02,,,2025-11-17T02:47:56.528500,,1213
Kyber768,768,encap,0,64,0.0,0,0,0,MacBook-Pro-4.local,darwin,0,12.9199,77.54,,,2025-11-17T02:47:56.528510,,1214
Kyber768,768,encap,0,64,0.0,0,0,0,MacBook-Pro-4.local,darwin,0,13.5112,70.69,,,2025-11-17T02:47:56.528521,,1215
Kyber768,768,encap,1024,1,0.0,0,0,0,MacBook-Pro-4.local,darwin,0,14.1309,72.67,,,2025-11-17T02:47:56.528535,,1216
Kyber768,768,encap,1024,1,0.0,0,0,0,MacBook-Pro-4.local,darwin,0,13.5597,71.96,,,2025-11-17T02:47:56.528545,,1217
Kyber768,768,encap,1024,1,0.0,0,0,0,MacBook-Pro-4.local,darwin,0,14.086,72.85,,,2025-11-17T02:47:56.528556,,1218
Kyber768,768,encap,1024,1,0.0,0,0,0,MacBook-Pro-4.local,darwin,0,13.6409,75.48,,,2025-11-17T02:47:56.528566,,1219
Kyber768,768,encap,1024,1,0.0,0,0,0,MacBook-Pro-4.local,darwin,0,13.3963,76.49,,,2025-11-17T02:47:56.528577,,1220
Kyber768,768,encap,1024,16,0.0,0,0,0,MacBook-Pro-4.local,darwin,0,13.8565,70.26,,,2025-11-17T02:47:56.528590,,1221
Kyber768,768,encap,1024,16,0.0,0,0,0,MacBook-Pro-4.local,darwin,0,14.4179,68.53,,,2025-11-17T02:47:56.528600,,1222
Kyber768,768,encap,1024,16,0.0,0,0,0,MacBook-Pro-4.local,darwin,0,14.1595,73.43,,,2025-11-17T02:47:56.528611,,1223
Kyber768,768,encap,1024,16,0.0,0,0,0,MacBook-Pro-4.local,darwin,0,14.0529,72.37,,,2025-11-17T02:47:56.528621,,1224
Kyber768,768,encap,1024,16,0.0,0,0,0,MacBook-Pro-4.local,darwin,0,13.8393,74.81,,,2025-11-17T02:47:56.528632,,1225
Kyber768,768,encap,1024,64,0.0,0,0,0,MacBook-Pro-4.local,darwin,0,15.1798,67.35,,,2025-11-17T02:47:56.528645,,1226
Kyber768,768,encap,1024,64,0.0,0,0,0,MacBook-Pro-4.local,darwin,0,15.3769,62.08,,,2025-11-17T02:47:56.528656,,1227
Kyber768,768,encap,1024,64,0.0,0,0,0,MacBook-Pro-4.local,darwin,0,14.7379,66.87,,,2025-11-17T02:47:56.528666,,1228
Kyber768,768,encap,1024,64,0.0,0,0,0,MacBook-Pro-4.local,darwin,0,14.9005,67.82,,,2025-11-17T02:47:56.528676,,1229
Kyber768,768,encap,1024,64,0.0,0,0,0,MacBook-Pro-4.local,darwin,0,14.8912,65.47,,,2025-11-17T02:47:56.528687,,1230
Kyber768,768,decap,0,1,0.0,0,0,0,MacBook-Pro-4.local,darwin,0,12.4754,78.33,,,2025-11-17T02:47:56.528700,,1231
Kyber768,768,decap,0,1,0.0,0,0,0,MacBook-Pro-4.local,darwin,0,11.9119,84.18,,,2025-11-17T02:47:56.528711,,1232
Kyber768,768,decap,0,1,0.0,0,0,0,MacBook-Pro-4.local,darwin,0,12.9268,80.29,,,2025-11-17T02:47:56.528721,,1233
Kyber768,768,decap,0,1,0.0,0,0,0,MacBook-Pro-4.local,darwin,0,14.2262,69.84,,,2025-11-17T02:47:56.528732,,1234
Kyber768,768,decap,0,1,0.0,0,0,0,MacBook-Pro-4.local,darwin,0,13.0208,79.91,,,2025-11-17T02:47:56.528742,,1235
Kyber768,768,decap,0,16,0.0,0,0,0,MacBook-Pro-4.local,darwin,0,15.2294,64.07,,,2025-11-17T02:47:56.528755,,1236
Kyber768,768,decap,0,16,0.0,0,0,0,MacBook-Pro-4.local,darwin,0,13.2063,72.55,,,2025-11-17T02:47:56.528765,,1237
Kyber768,768,decap,0,16,0.0,0,0,0,MacBook-Pro-4.local,darwin,0,13.4306,72.0,,,2025-11-17T02:47:56.528776,,1238
Kyber768,768,decap,0,16,0.0,0,0,0,MacBook-Pro-4.local,darwin,0,12.7948,74.57,,,2025-11-17T02:47:56.528786,,1239
Kyber768,768,decap,0,16,0.0,0,0,0,MacBook-Pro-4.local,darwin,0,14.0943,73.49,,,2025-11-17T02:47:56.528796,,1240
Kyber768,768,decap,0,64,0.0,0,0,0,MacBook-Pro-4.local,darwin,0,14.5809,69.19,,,2025-11-17T02:47:56.528860,,1241
Kyber768,768,decap,0,64,0.0,0,0,0,MacBook-Pro-4.local,darwin,0,14.4766,69.56,,,2025-11-17T02:47:56.528874,,1242
Kyber768,768,decap,0,64,0.0,0,0,0,MacBook-Pro-4.local,darwin,0,15.3977,63.21,,,2025-11-17T02:47:56.528884,,1243
Kyber768,768,decap,0,64,0.0,0,0,0,MacBook-Pro-4.local,darwin,0,15.5771,61.03,,,2025-11-17T02:47:56.528895,,1244
Kyber768,768,decap,0,64,0.0,0,0,0,MacBook-Pro-4.local,darwin,0,15.0737,68.91,,,2025-11-17T02:47:56.528905,,1245
Kyber768,768,decap,1024,1,0.0,0,0,0,MacBook-Pro-4.local,darwin,0,15.5652,66.17,,,2025-11-17T02:47:56.528920,,1246
Kyber768,768,decap,1024,1,0.0,0,0,0,MacBook-Pro-4.local,darwin,0,15.1176,63.6,,,2025-11-17T02:47:56.528931,,1247
Kyber768,768,decap,1024,1,0.0,0,0,0,MacBook-Pro-4.local,darwin,0,15.0678,65.25,,,2025-11-17T02:47:56.528942,,1248
Kyber768,768,decap,1024,1,0.0,0,0,0,MacBook-Pro-4.local,darwin,0,14.537,68.27,,,2025-11-17T02:47:56.528953,,1249
Kyber768,768,decap,1024,1,0.0,0,0,0,MacBook-Pro-4.local,darwin,0,15.1245,64.69,,,2025-11-17T02:47:56.528963,,1250
Kyber768,768,decap,1024,16,0.0,0,0,0,MacBook-Pro-4.local,darwin,0,15.1504,68.21,,,2025-11-17T02:47:56.528977,,1251
Kyber768,768,decap,1024,16,0.0,0,0,0,MacBook-Pro-4.local,darwin,0,16.4424,59.92,,,2025-11-17T02:47:56.528987,,1252
Kyber768,768,decap,1024,16,0.0,0,0,0,MacBook-Pro-4.local,darwin,0,14.8801,65.01,,,2025-11-17T02:47:56.528997,,1253
Kyber768,768,decap,1024,16,0.0,0,0,0,MacBook-Pro-4.local,darwin,0,15.5554,62.03,,,2025-11-17T02:47:56.529007,,1254
Kyber768,768,decap,1024,16,0.0,0,0,0,MacBook-Pro-4.local,darwin,0,15.4998,64.38,,,2025-11-17T02:47:56.529018,,1255
Kyber768,768,decap,1024,64,0.0,0,0,0,MacBook-Pro-4.local,darwin,0,16.9982,58.58,,,2025-11-17T02:47:56.529031,,1256
Kyber768,768,decap,1024,64,0.0,0,0,0,MacBook-Pro-4.local,darwin,0,17.0282,60.86,,,2025-11-17T02:47:56.529041,,1257
Kyber768,768,decap,1024,64,0.0,0,0,0,MacBook-Pro-4.local,darwin,0,16.6293,58.52,,,2025-11-17T02:47:56.529052,,1258
Kyber768,768,decap,1024,64,0.0,0,0,0,MacBook-Pro-4.local,darwin,0,16.8015,57.9,,,2025-11-17T02:47:56.529062,,1259
Kyber768,768,decap,1024,64,0.0,0,0,0,MacBook-Pro-4.local,darwin,0,16.4543,63.54,,,2025-11-17T02:47:56.529073,,1260
Kyber768,1024,keygen,0,1,0.0,0,0,0,MacBook-Pro-4.local,darwin,0,14.3801,66.27,,,2025-11-17T02:47:56.529087,,1261
Kyber768,1024,keygen,0,1,0.0,0,0,0,MacBook-Pro-4.local,darwin,0,13.8349,74.8,,,2025-11-17T02:47:56.529098,,1262
Kyber768,1024,keygen,0,1,0.0,0,0,0,MacBook-Pro-4.local,darwin,0,14.2076,72.32,,,2025-11-17T02:47:56.529108,,1263
Kyber768,1024,keygen,0,1,0.0,0,0,0,MacBook-Pro-4.local,darwin,0,13.585,74.65,,,2025-11-17T02:47:56.529118,,1264
Kyber768,1024,keygen,0,1,0.0,0,0,0,MacBook-Pro-4.local,darwin,0,14.8114,67.43,,,2025-11-17T02:47:56.529129,,1265
Kyber768,1024,keygen,0,16,0.0,0,0,0,MacBook-Pro-4.local,darwin,0,13.7947,71.4,,,2025-11-17T02:47:56.529142,,1266
Kyber768,1024,keygen,0,16,0.0,0,0,0,MacBook-Pro-4.local,darwin,0,14.3519,69.67,,,2025-11-17T02:47:56.529152,,1267
Kyber768,1024,keygen,0,16,0.0,0,0,0,MacBook-Pro-4.local,darwin,0,15.341,63.43,,,2025-11-17T02:47:56.529162,,1268
Kyber768,1024,keygen,0,16,0.0,0,0,0,MacBook-Pro-4.local,darwin,0,14.4154,66.71,,,2025-11-17T02:47:56.529172,,1269
Kyber768,1024,keygen,0,16,0.0,0,0,0,MacBook-Pro-4.local,darwin,0,14.7288,66.04,,,2025-11-17T02:47:56.529183,,1270
Kyber768,1024,keygen,0,64,0.0,0,0,0,MacBook-Pro-4.local,darwin,0,16.3239,62.21,,,2025-11-17T02:47:56.529196,,1271
Kyber768,1024,keygen,0,64,0.0,0,0,0,MacBook-Pro-4.local,darwin,0,15.7946,60.58,,,2025-11-17T02:47:56.529206,,1272
Kyber768,1024,keygen,0,64,0.0,0,0,0,MacBook-Pro-4.local,darwin,0,16.04,62.57,,,2025-11-17T02:47:56.529216,,1273
Kyber768,1024,keygen,0,64,0.0,0,0,0,MacBook-Pro-4.local,darwin,0,16.0944,62.06,,,2025-11-17T02:47:56.529226,,1274
Kyber768,1024,keygen,0,64,0.0,0,0,0,MacBook-Pro-4.local,darwin,0,16.2163,64.24,,,2025-11-17T02:47:56.529236,,1275
Kyber768,1024,keygen,1024,1,0.0,0,0,0,MacBook-Pro-4.local,darwin,0,16.4754,63.65,,,2025-11-17T02:47:56.529250,,1276
Kyber768,1024,keygen,1024,1,0.0,0,0,0,MacBook-Pro-4.local,darwin,0,16.2325,62.76,,,2025-11-17T02:47:56.529261,,1277
Kyber768,1024,keygen,1024,1,0.0,0,0,0,MacBook-Pro-4.local,darwin,0,16.304,61.18,,,2025-11-17T02:47:56.529271,,1278
Kyber768,1024,keygen,1024,1,0.0,0,0,0,MacBook-Pro-4.local,darwin,0,16.2776,60.52,,,2025-11-17T02:47:56.529281,,1279
Kyber768,1024,keygen,1024,1,0.0,0,0,0,MacBook-Pro-4.local,darwin,0,16.4332,61.37,,,2025-11-17T02:47:56.529291,,1280
Kyber768,1024,keygen,1024,16,0.0,0,0,0,MacBook-Pro-4.local,darwin,0,16.0014,60.65,,,2025-11-17T02:47:56.529305,,1281
Kyber768,1024,keygen,1024,16,0.0,0,0,0,MacBook-Pro-4.local,darwin,0,17.2702,60.75,,,2025-11-17T02:47:56.529315,,1282
Kyber768,1024,keygen,1024,16,0.0,0,0,0,MacBook-Pro-4.local,darwin,0,17.4875,58.76,,,2025-11-17T02:47:56.529326,,1283
Kyber768,1024,keygen,1024,16,0.0,0,0,0,MacBook-Pro-4.local,darwin,0,16.8754,58.45,,,2025-11-17T02:47:56.529336,,1284
Kyber768,1024,keygen,1024,16,0.0,0,0,0,MacBook-Pro-4.local,darwin,0,16.8119,60.02,,,2025-11-17T02:47:56.529346,,1285
Kyber768,1024,keygen,1024,64,0.0,0,0,0,MacBook-Pro-4.local,darwin,0,17.4667,57.27,,,2025-11-17T02:47:56.529359,,1286
Kyber768,1024,keygen,1024,64,0.0,0,0,0,MacBook-Pro-4.local,darwin,0,18.1329,53.29,,,2025-11-17T02:47:56.529370,,1287
Kyber768,1024,keygen,1024,64,0.0,0,0,0,MacBook-Pro-4.local,darwin,0,17.3136,56.46,,,2025-11-17T02:47:56.529380,,1288
Kyber768,1024,keygen,1024,64,0.0,0,0,0,MacBook-Pro-4.local,darwin,0,18.2327,57.15,,,2025-11-17T02:47:56.529391,,1289
Kyber768,1024,keygen,1024,64,0.0,0,0,0,MacBook-Pro-4.local,darwin,0,17.8792,55.05,,,2025-11-17T02:47:56.529402,,1290
Kyber768,1024,encap,0,1,0.0,0,0,0,MacBook-Pro-4.local,darwin,0,11.5108,83.38,,,2025-11-17T02:47:56.529415,,1291
Kyber768,1024,encap,0,1,0.0,0,0,0,MacBook-Pro-4.local,darwin,0,11.7131,81.36,,,2025-11-17T02:47:56.529425,,1292
Kyber768,1024,encap,0,1,0.0,0,0,0,MacBook-Pro-4.local,darwin,0,11.9255,87.17,,,2025-11-17T02:47:56.529436,,1293
Kyber768,1024,encap,0,1,0.0,0,0,0,MacBook-Pro-4.local,darwin,0,12.5435,75.8,,,2025-11-17T02:47:56.529446,,1294
Kyber768,1024,encap,0,1,0.0,0,0,0,MacBook-Pro-4.local,darwin,0,12.75,80.87,,,2025-11-17T02:47:56.529456,,1295
Kyber768,1024,encap,0,16,0.0,0,0,0,MacBook-Pro-4.local,darwin,0,11.9538,85.05,,,2025-11-17T02:47:56.529469,,1296
Kyber768,1024,encap,0,16,0.0,0,0,0,MacBook-Pro-4.local,darwin,0,12.7556,78.18,,,2025-11-17T02:47:56.529479,,1297
Kyber768,1024,encap,0,16,0.0,0,0,0,MacBook-Pro-4.local,darwin,0,13.2774,71.62,,,2025-11-17T02:47:56.529490,,1298
Kyber768,1024,encap,0,16,0.0,0,0,0,MacBook-Pro-4.local,darwin,0,12.7298,74.78,,,2025-11-17T02:47:56.529500,,1299
Kyber768,1024,encap,0,16,0.0,0,0,0,MacBook-Pro-4.local,darwin,0,12.2295,83.19,,,2025-11-17T02:47:56.529510,,1300
Kyber768,1024,encap,0,64,0.0,0,0,0,MacBook-Pro-4.local,darwin,0,14.0016,72.75,,,2025-11-17T02:47:56.529524,,1301
Kyber768,1024,encap,0,64,0.0,0,0,0,MacBook-Pro-4.local,darwin,0,14.3722,66.98,,,2025-11-17T02:47:56.529534,,1302
Kyber768,1024,encap,0,64,0.0,0,0,0,MacBook-Pro-4.local,darwin,0,13.8489,70.6,,,2025-11-17T02:47:56.529544,,1303
Kyber768,1024,encap,0,64,0.0,0,0,0,MacBook-Pro-4.local,darwin,0,12.955,74.4,,,2025-11-17T02:47:56.529555,,1304
Kyber768,1024,encap,0,64,0.0,0,0,0,MacBook-Pro-4.local,darwin,0,13.4483,76.66,,,2025-11-17T02:47:56.529565,,1305
Kyber768,1024,encap,1024,1,0.0,0,0,0,MacBook-Pro-4.local,darwin,0,12.27,82.25,,,2025-11-17T02:47:56.529579,,1306
Kyber768,1024,encap,1024,1,0.0,0,0,0,MacBook-Pro-4.local,darwin,0,13.8542,75.23,,,2025-11-17T02:47:56.529590,,1307
Kyber768,1024,encap,1024,1,0.0,0,0,0,MacBook-Pro-4.local,darwin,0,14.1472,73.79,,,2025-11-17T02:47:56.529600,,1308
Kyber768,1024,encap,1024,1,0.0,0,0,0,MacBook-Pro-4.local,darwin,0,13.4427,75.08,,,2025-11-17T02:47:56.529611,,1309
Kyber768,1024,encap,1024,1,0.0,0,0,0,MacBook-Pro-4.local,darwin,0,12.4383,81.99,,,2025-11-17T02:47:56.529621,,1310
Kyber768,1024,encap,1024,16,0.0,0,0,0,MacBook-Pro-4.local,darwin,0,14.3969,69.41,,,2025-11-17T02:47:56.529634,,1311
Kyber768,1024,encap,1024,16,0.0,0,0,0,MacBook-Pro-4.local,darwin,0,14.585,67.44,,,2025-11-17T02:47:56.529644,,1312
Kyber768,1024,encap,1024,16,0.0,0,0,0,MacBook-Pro-4.local,darwin,0,14.0973,68.76,,,2025-11-17T02:47:56.529675,,1313
Kyber768,1024,encap,1024,16,0.0,0,0,0,MacBook-Pro-4.local,darwin,0,13.5792,72.81,,,2025-11-17T02:47:56.529687,,1314
Kyber768,1024,encap,1024,16,0.0,0,0,0,MacBook-Pro-4.local,darwin,0,14.1252,68.62,,,2025-11-17T02:47:56.529698,,1315
Kyber768,1024,encap,1024,64,0.0,0,0,0,MacBook-Pro-4.local,darwin,0,15.0313,66.91,,,2025-11-17T02:47:56.529712,,1316
Kyber768,1024,encap,1024,64,0.0,0,0,0,MacBook-Pro-4.local,darwin,0,15.2445,65.36,,,2025-11-17T02:47:56.529723,,1317
Kyber768,1024,encap,1024,64,0.0,0,0,0,MacBook-Pro-4.local,darwin,0,14.9176,68.72,,,2025-11-17T02:47:56.529733,,1318
Kyber768,1024,encap,1024,64,0.0,0,0,0,MacBook-Pro-4.local,darwin,0,15.2791,67.9,,,2025-11-17T02:47:56.529744,,1319
Kyber768,1024,encap,1024,64,0.0,0,0,0,MacBook-Pro-4.local,darwin,0,14.4224,67.58,,,2025-11-17T02:47:56.529755,,1320
Kyber768,1024,decap,0,1,0.0,0,0,0,MacBook-Pro-4.local,darwin,0,13.4592,71.21,,,2025-11-17T02:47:56.529769,,1321
Kyber768,1024,decap,0,1,0.0,0,0,0,MacBook-Pro-4.local,darwin,0,13.1012,76.2,,,2025-11-17T02:47:56.529779,,1322
Kyber768,1024,decap,0,1,0.0,0,0,0,MacBook-Pro-4.local,darwin,0,13.6158,72.44,,,2025-11-17T02:47:56.529790,,1323
Kyber768,1024,decap,0,1,0.0,0,0,0,MacBook-Pro-4.local,darwin,0,13.3949,73.98,,,2025-11-17T02:47:56.529800,,1324
Kyber768,1024,decap,0,1,0.0,0,0,0,MacBook-Pro-4.local,darwin,0,13.9139,74.79,,,2025-11-17T02:47:56.529810,,1325
Kyber768,1024,decap,0,16,0.0,0,0,0,MacBook-Pro-4.local,darwin,0,13.8486,73.76,,,2025-11-17T02:47:56.529824,,1326
Kyber768,1024,decap,0,16,0.0,0,0,0,MacBook-Pro-4.local,darwin,0,13.3909,77.44,,,2025-11-17T02:47:56.529834,,1327
Kyber768,1024,decap,0,16,0.0,0,0,0,MacBook-Pro-4.local,darwin,0,13.5938,73.88,,,2025-11-17T02:47:56.529845,,1328
Kyber768,1024,decap,0,16,0.0,0,0,0,MacBook-Pro-4.local,darwin,0,13.8407,70.98,,,2025-11-17T02:47:56.529855,,1329
Kyber768,1024,decap,0,16,0.0,0,0,0,MacBook-Pro-4.local,darwin,0,13.4456,77.65,,,2025-11-17T02:47:56.529866,,1330
Kyber768,1024,decap,0,64,0.0,0,0,0,MacBook-Pro-4.local,darwin,0,14.3546,69.42,,,2025-11-17T02:47:56.529879,,1331
Kyber768,1024,decap,0,64,0.0,0,0,0,MacBook-Pro-4.local,darwin,0,15.59,64.91,,,2025-11-17T02:47:56.529890,,1332
Kyber768,1024,decap,0,64,0.0,0,0,0,MacBook-Pro-4.local,darwin,0,13.9559,71.17,,,2025-11-17T02:47:56.529900,,1333
Kyber768,1024,decap,0,64,0.0,0,0,0,MacBook-Pro-4.local,darwin,0,14.5151,70.17,,,2025-11-17T02:47:56.529912,,1334
Kyber768,1024,decap,0,64,0.0,0,0,0,MacBook-Pro-4.local,darwin,0,15.1865,65.45,,,2025-11-17T02:47:56.529922,,1335
Kyber768,1024,decap,1024,1,0.0,0,0,0,MacBook-Pro-4.local,darwin,0,14.8663,67.01,,,2025-11-17T02:47:56.529937,,1336
Kyber768,1024,decap,1024,1,0.0,0,0,0,MacBook-Pro-4.local,darwin,0,15.2159,66.21,,,2025-11-17T02:47:56.529948,,1337
Kyber768,1024,decap,1024,1,0.0,0,0,0,MacBook-Pro-4.local,darwin,0,15.145,63.39,,,2025-11-17T02:47:56.529959,,1338
Kyber768,1024,decap,1024,1,0.0,0,0,0,MacBook-Pro-4.local,darwin,0,14.7111,66.53,,,2025-11-17T02:47:56.529969,,1339
Kyber768,1024,decap,1024,1,0.0,0,0,0,MacBook-Pro-4.local,darwin,0,14.3997,69.37,,,2025-11-17T02:47:56.529980,,1340
Kyber768,1024,decap,1024,16,0.0,0,0,0,MacBook-Pro-4.local,darwin,0,15.0003,64.89,,,2025-11-17T02:47:56.529994,,1341
Kyber768,1024,decap,1024,16,0.0,0,0,0,MacBook-Pro-4.local,darwin,0,14.7843,70.01,,,2025-11-17T02:47:56.530004,,1342
Kyber768,1024,decap,1024,16,0.0,0,0,0,MacBook-Pro-4.local,darwin,0,15.5734,62.61,,,2025-11-17T02:47:56.530015,,1343
Kyber768,1024,decap,1024,16,0.0,0,0,0,MacBook-Pro-4.local,darwin,0,15.4075,65.47,,,2025-11-17T02:47:56.530026,,1344
Kyber768,1024,decap,1024,16,0.0,0,0,0,MacBook-Pro-4.local,darwin,0,15.5258,63.1,,,2025-11-17T02:47:56.530036,,1345
Kyber768,1024,decap,1024,64,0.0,0,0,0,MacBook-Pro-4.local,darwin,0,17.0022,56.82,,,2025-11-17T02:47:56.530050,,1346
Kyber768,1024,decap,1024,64,0.0,0,0,0,MacBook-Pro-4.local,darwin,0,17.4816,59.2,,,2025-11-17T02:47:56.530061,,1347
Kyber768,1024,decap,1024,64,0.0,0,0,0,MacBook-Pro-4.local,darwin,0,16.7675,61.32,,,2025-11-17T02:47:56.530071,,1348
Kyber768,1024,decap,1024,64,0.0,0,0,0,MacBook-Pro-4.local,darwin,0,16.8014,57.03,,,2025-11-17T02:47:56.530082,,1349
Kyber768,1024,decap,1024,64,0.0,0,0,0,MacBook-Pro-4.local,darwin,0,16.3626,59.67,,,2025-11-17T02:47:56.530092,,1350
Kyber1024,512,keygen,0,1,0.0,0,0,0,MacBook-Pro-4.local,darwin,0,14.8058,69.11,,,2025-11-17T02:47:56.530107,,1351
Kyber1024,512,keygen,0,1,0.0,0,0,0,MacBook-Pro-4.local,darwin,0,14.436,67.98,,,2025-11-17T02:47:56.530118,,1352
Kyber1024,512,keygen,0,1,0.0,0,0,0,MacBook-Pro-4.local,darwin,0,15.2385,63.48,,,2025-11-17T02:47:56.530129,,1353
Kyber1024,512,keygen,0,1,0.0,0,0,0,MacBook-Pro-4.local,darwin,0,14.5337,68.63,,,2025-11-17T02:47:56.530139,,1354
Kyber1024,512,keygen,0,1,0.0,0,0,0,MacBook-Pro-4.local,darwin,0,14.1074,73.94,,,2025-11-17T02:47:56.530150,,1355
Kyber1024,512,keygen,0,16,0.0,0,0,0,MacBook-Pro-4.local,darwin,0,15.0064,63.56,,,2025-11-17T02:47:56.530164,,1356
Kyber1024,512,keygen,0,16,0.0,0,0,0,MacBook-Pro-4.local,darwin,0,14.8819,70.26,,,2025-11-17T02:47:56.530174,,1357
Kyber1024,512,keygen,0,16,0.0,0,0,0,MacBook-Pro-4.local,darwin,0,14.6953,69.45,,,2025-11-17T02:47:56.530184,,1358
Kyber1024,512,keygen,0,16,0.0,0,0,0,MacBook-Pro-4.local,darwin,0,15.0176,66.36,,,2025-11-17T02:47:56.530195,,1359
Kyber1024,512,keygen,0,16,0.0,0,0,0,MacBook-Pro-4.local,darwin,0,14.8627,68.22,,,2025-11-17T02:47:56.530205,,1360
Kyber1024,512,keygen,0,64,0.0,0,0,0,MacBook-Pro-4.local,darwin,0,16.1591,62.71,,,2025-11-17T02:47:56.530219,,1361
Kyber1024,512,keygen,0,64,0.0,0,0,0,MacBook-Pro-4.local,darwin,0,17.2475,58.9,,,2025-11-17T02:47:56.530229,,1362
Kyber1024,512,keygen,0,64,0.0,0,0,0,MacBook-Pro-4.local,darwin,0,16.0616,61.2,,,2025-11-17T02:47:56.530239,,1363
Kyber1024,512,keygen,0,64,0.0,0,0,0,MacBook-Pro-4.local,darwin,0,16.0758,60.83,,,2025-11-17T02:47:56.530250,,1364
Kyber1024,512,keygen,0,64,0.0,0,0,0,MacBook-Pro-4.local,darwin,0,15.6478,63.81,,,2025-11-17T02:47:56.530261,,1365
Kyber1024,512,keygen,1024,1,0.0,0,0,0,MacBook-Pro-4.local,darwin,0,16.004,61.05,,,2025-11-17T02:47:56.530275,,1366
Kyber1024,512,keygen,1024,1,0.0,0,0,0,MacBook-Pro-4.local,darwin,0,16.4676,63.27,,,2025-11-17T02:47:56.530285,,1367
Kyber1024,512,keygen,1024,1,0.0,0,0,0,MacBook-Pro-4.local,darwin,0,16.696,57.69,,,2025-11-17T02:47:56.530296,,1368
Kyber1024,512,keygen,1024,1,0.0,0,0,0,MacBook-Pro-4.local,darwin,0,16.6071,60.68,,,2025-11-17T02:47:56.530306,,1369
Kyber1024,512,keygen,1024,1,0.0,0,0,0,MacBook-Pro-4.local,darwin,0,16.3759,59.1,,,2025-11-17T02:47:56.530317,,1370
Kyber1024,512,keygen,1024,16,0.0,0,0,0,MacBook-Pro-4.local,darwin,0,16.6283,61.57,,,2025-11-17T02:47:56.530332,,1371
Kyber1024,512,keygen,1024,16,0.0,0,0,0,MacBook-Pro-4.local,darwin,0,17.0982,56.76,,,2025-11-17T02:47:56.530342,,1372
Kyber1024,512,keygen,1024,16,0.0,0,0,0,MacBook-Pro-4.local,darwin,0,16.3087,62.99,,,2025-11-17T02:47:56.530353,,1373
Kyber1024,512,keygen,1024,16,0.0,0,0,0,MacBook-Pro-4.local,darwin,0,16.0979,62.75,,,2025-11-17T02:47:56.530363,,1374
Kyber1024,512,keygen,1024,16,0.0,0,0,0,MacBook-Pro-4.local,darwin,0,17.3949,55.07,,,2025-11-17T02:47:56.530374,,1375
Kyber1024,512,keygen,1024,64,0.0,0,0,0,MacBook-Pro-4.local,darwin,0,17.1921,56.08,,,2025-11-17T02:47:56.530388,,1376
Kyber1024,512,keygen,1024,64,0.0,0,0,0,MacBook-Pro-4.local,darwin,0,18.5746,53.61,,,2025-11-17T02:47:56.530398,,1377
Kyber1024,512,keygen,1024,64,0.0,0,0,0,MacBook-Pro-4.local,darwin,0,18.0235,57.34,,,2025-11-17T02:47:56.530409,,1378
Kyber1024,512,keygen,1024,64,0.0,0,0,0,MacBook-Pro-4.local,darwin,0,18.6264,53.07,,,2025-11-17T02:47:56.530420,,1379
Kyber1024,512,keygen,1024,64,0.0,0,0,0,MacBook-Pro-4.local,darwin,0,18.7136,53.67,,,2025-11-17T02:47:56.530430,,1380
Kyber1024,512,encap,0,1,0.0,0,0,0,MacBook-Pro-4.local,darwin,0,12.4769,80.14,,,2025-11-17T02:47:56.530445,,1381
Kyber1024,512,encap,0,1,0.0,0,0,0,MacBook-Pro-4.local,darwin,0,12.8345,78.34,,,2025-11-17T02:47:56.530455,,1382
Kyber1024,512,encap,0,1,0.0,0,0,0,MacBook-Pro-4.local,darwin,0,11.9275,81.29,,,2025-11-17T02:47:56.530465,,1383
Kyber1024,512,encap,0,1,0.0,0,0,0,MacBook-Pro-4.local,darwin,0,11.9151,84.51,,,2025-11-17T02:47:56.530496,,1384
Kyber1024,512,encap,0,1,0.0,0,0,0,MacBook-Pro-4.local,darwin,0,11.3769,89.78,,,2025-11-17T02:47:56.530508,,1385
Kyber1024,512,encap,0,16,0.0,0,0,0,MacBook-Pro-4.local,darwin,0,12.288,81.22,,,2025-11-17T02:47:56.530522,,1386
Kyber1024,512,encap,0,16,0.0,0,0,0,MacBook-Pro-4.local,darwin,0,12.1344,81.13,,,2025-11-17T02:47:56.530533,,1387
Kyber1024,512,encap,0,16,0.0,0,0,0,MacBook-Pro-4.local,darwin,0,12.5279,82.35,,,2025-11-17T02:47:56.530544,,1388
Kyber1024,512,encap,0,16,0.0,0,0,0,MacBook-Pro-4.local,darwin,0,11.8846,80.19,,,2025-11-17T02:47:56.530554,,1389
Kyber1024,512,encap,0,16,0.0,0,0,0,MacBook-Pro-4.local,darwin,0,12.482,79.16,,,2025-11-17T02:47:56.530564,,1390
Kyber1024,512,encap,0,64,0.0,0,0,0,MacBook-Pro-4.local,darwin,0,13.9764,69.86,,,2025-11-17T02:47:56.530578,,1391
Kyber1024,512,encap,0,64,0.0,0,0,0,MacBook-Pro-4.local,darwin,0,13.6538,73.76,,,2025-11-17T02:47:56.530588,,1392
Kyber1024,512,encap,0,64,0.0,0,0,0,MacBook-Pro-4.local,darwin,0,14.3107,72.17,,,2025-11-17T02:47:56.530599,,1393
Kyber1024,512,encap,0,64,0.0,0,0,0,MacBook-Pro-4.local,darwin,0,13.9665,71.63,,,2025-11-17T02:47:56.530610,,1394
Kyber1024,512,encap,0,64,0.0,0,0,0,MacBook-Pro-4.local,darwin,0,13.4632,74.74,,,2025-11-17T02:47:56.530620,,1395
Kyber1024,512,encap,1024,1,0.0,0,0,0,MacBook-Pro-4.local,darwin,0,14.0667,71.49,,,2025-11-17T02:47:56.530634,,1396
Kyber1024,512,encap,1024,1,0.0,0,0,0,MacBook-Pro-4.local,darwin,0,13.0722,79.92,,,2025-11-17T02:47:56.530644,,1397
Kyber1024,512,encap,1024,1,0.0,0,0,0,MacBook-Pro-4.local,darwin,0,13.9861,73.86,,,2025-11-17T02:47:56.530655,,1398
Kyber1024,512,encap,1024,1,0.0,0,0,0,MacBook-Pro-4.local,darwin,0,13.7246,72.53,,,2025-11-17T02:47:56.530665,,1399
Kyber1024,512,encap,1024,1,0.0,0,0,0,MacBook-Pro-4.local,darwin,0,13.1704,76.84,,,2025-11-17T02:47:56.530675,,1400
Kyber1024,512,encap,1024,16,0.0,0,0,0,MacBook-Pro-4.local,darwin,0,12.6309,76.03,,,2025-11-17T02:47:56.530689,,1401
Kyber1024,512,encap,1024,16,0.0,0,0,0,MacBook-Pro-4.local,darwin,0,14.3185,66.99,,,2025-11-17T02:47:56.530700,,1402
Kyber1024,512,encap,1024,16,0.0,0,0,0,MacBook-Pro-4.local,darwin,0,13.4088,75.68,,,2025-11-17T02:47:56.530710,,1403
Kyber1024,512,encap,1024,16,0.0,0,0,0,MacBook-Pro-4.local,darwin,0,13.6419,73.74,,,2025-11-17T02:47:56.530721,,1404
Kyber1024,512,encap,1024,16,0.0,0,0,0,MacBook-Pro-4.local,darwin,0,13.212,75.32,,,2025-11-17T02:47:56.530731,,1405
Kyber1024,512,encap,1024,64,0.0,0,0,0,MacBook-Pro-4.local,darwin,0,15.1732,63.54,,,2025-11-17T02:47:56.530745,,1406
Kyber1024,512,encap,1024,64,0.0,0,0,0,MacBook-Pro-4.local,darwin,0,15.1167,63.86,,,2025-11-17T02:47:56.530756,,1407
Kyber1024,512,encap,1024,64,0.0,0,0,0,MacBook-Pro-4.local,darwin,0,15.5318,61.46,,,2025-11-17T02:47:56.530766,,1408
Kyber1024,512,encap,1024,64,0.0,0,0,0,MacBook-Pro-4.local,darwin,0,14.333,66.55,,,2025-11-17T02:47:56.530777,,1409
Kyber1024,512,encap,1024,64,0.0,0,0,0,MacBook-Pro-4.local,darwin,0,15.2,62.9,,,2025-11-17T02:47:56.530787,,1410
Kyber1024,512,decap,0,1,0.0,0,0,0,MacBook-Pro-4.local,darwin,0,14.1389,69.6,,,2025-11-17T02:47:56.530801,,1411
Kyber1024,512,decap,0,1,0.0,0,0,0,MacBook-Pro-4.local,darwin,0,12.6586,80.42,,,2025-11-17T02:47:56.530811,,1412
Kyber1024,512,decap,0,1,0.0,0,0,0,MacBook-Pro-4.local,darwin,0,13.613,70.57,,,2025-11-17T02:47:56.530822,,1413
Kyber1024,512,decap,0,1,0.0,0,0,0,MacBook-Pro-4.local,darwin,0,13.8244,75.03,,,2025-11-17T02:47:56.530832,,1414
Kyber1024,512,decap,0,1,0.0,0,0,0,MacBook-Pro-4.local,darwin,0,12.2877,83.35,,,2025-11-17T02:47:56.530843,,1415
Kyber1024,512,decap,0,16,0.0,0,0,0,MacBook-Pro-4.local,darwin,0,13.7686,74.73,,,2025-11-17T02:47:56.530856,,1416
Kyber1024,512,decap,0,16,0.0,0,0,0,MacBook-Pro-4.local,darwin,0,13.316,77.8,,,2025-11-17T02:47:56.530867,,1417
Kyber1024,512,decap,0,16,0.0,0,0,0,MacBook-Pro-4.local,darwin,0,13.5968,73.89,,,2025-11-17T02:47:56.530878,,1418
Kyber1024,512,decap,0,16,0.0,0,0,0,MacBook-Pro-4.local,darwin,0,13.9103,70.82,,,2025-11-17T02:47:56.530888,,1419
Kyber1024,512,decap,0,16,0.0,0,0,0,MacBook-Pro-4.local,darwin,0,12.9697,77.92,,,2025-11-17T02:47:56.530898,,1420
Kyber1024,512,decap,0,64,0.0,0,0,0,MacBook-Pro-4.local,darwin,0,15.1006,65.68,,,2025-11-17T02:47:56.530912,,1421
Kyber1024,512,decap,0,64,0.0,0,0,0,MacBook-Pro-4.local,darwin,0,14.8775,63.92,,,2025-11-17T02:47:56.530922,,1422
Kyber1024,512,decap,0,64,0.0,0,0,0,MacBook-Pro-4.local,darwin,0,14.1988,70.76,,,2025-11-17T02:47:56.530933,,1423
Kyber1024,512,decap,0,64,0.0,0,0,0,MacBook-Pro-4.local,darwin,0,14.3085,68.7,,,2025-11-17T02:47:56.530943,,1424
Kyber1024,512,decap,0,64,0.0,0,0,0,MacBook-Pro-4.local,darwin,0,14.3347,67.7,,,2025-11-17T02:47:56.531009,,1425
Kyber1024,512,decap,1024,1,0.0,0,0,0,MacBook-Pro-4.local,darwin,0,14.8586,69.27,,,2025-11-17T02:47:56.531024,,1426
Kyber1024,512,decap,1024,1,0.0,0,0,0,MacBook-Pro-4.local,darwin,0,15.1465,64.31,,,2025-11-17T02:47:56.531035,,1427
Kyber1024,512,decap,1024,1,0.0,0,0,0,MacBook-Pro-4.local,darwin,0,14.4368,71.88,,,2025-11-17T02:47:56.531046,,1428
Kyber1024,512,decap,1024,1,0.0,0,0,0,MacBook-Pro-4.local,darwin,0,14.6607,68.77,,,2025-11-17T02:47:56.531056,,1429
Kyber1024,512,decap,1024,1,0.0,0,0,0,MacBook-Pro-4.local,darwin,0,14.7733,66.39,,,2025-11-17T02:47:56.531067,,1430
Kyber1024,512,decap,1024,16,0.0,0,0,0,MacBook-Pro-4.local,darwin,0,15.5129,63.08,,,2025-11-17T02:47:56.531107,,1431
Kyber1024,512,decap,1024,16,0.0,0,0,0,MacBook-Pro-4.local,darwin,0,15.1881,65.4,,,2025-11-17T02:47:56.531117,,1432
Kyber1024,512,decap,1024,16,0.0,0,0,0,MacBook-Pro-4.local,darwin,0,14.6317,71.57,,,2025-11-17T02:47:56.531128,,1433
Kyber1024,512,decap,1024,16,0.0,0,0,0,MacBook-Pro-4.local,darwin,0,14.5235,65.75,,,2025-11-17T02:47:56.531139,,1434
Kyber1024,512,decap,1024,16,0.0,0,0,0,MacBook-Pro-4.local,darwin,0,14.1438,70.2,,,2025-11-17T02:47:56.531150,,1435
Kyber1024,512,decap,1024,64,0.0,0,0,0,MacBook-Pro-4.local,darwin,0,17.2956,59.02,,,2025-11-17T02:47:56.531163,,1436
Kyber1024,512,decap,1024,64,0.0,0,0,0,MacBook-Pro-4.local,darwin,0,16.4113,61.69,,,2025-11-17T02:47:56.531174,,1437
Kyber1024,512,decap,1024,64,0.0,0,0,0,MacBook-Pro-4.local,darwin,0,16.6856,62.89,,,2025-11-17T02:47:56.531185,,1438
Kyber1024,512,decap,1024,64,0.0,0,0,0,MacBook-Pro-4.local,darwin,0,17.2706,56.3,,,2025-11-17T02:47:56.531196,,1439
Kyber1024,512,decap,1024,64,0.0,0,0,0,MacBook-Pro-4.local,darwin,0,16.9405,57.37,,,2025-11-17T02:47:56.531206,,1440
Kyber1024,768,keygen,0,1,0.0,0,0,0,MacBook-Pro-4.local,darwin,0,15.0868,66.39,,,2025-11-17T02:47:56.531220,,1441
Kyber1024,768,keygen,0,1,0.0,0,0,0,MacBook-Pro-4.local,darwin,0,14.6418,71.18,,,2025-11-17T02:47:56.531230,,1442
Kyber1024,768,keygen,0,1,0.0,0,0,0,MacBook-Pro-4.local,darwin,0,14.8515,68.35,,,2025-11-17T02:47:56.531241,,1443
Kyber1024,768,keygen,0,1,0.0,0,0,0,MacBook-Pro-4.local,darwin,0,15.1988,64.89,,,2025-11-17T02:47:56.531252,,1444
Kyber1024,768,keygen,0,1,0.0,0,0,0,MacBook-Pro-4.local,darwin,0,14.3308,69.82,,,2025-11-17T02:47:56.531262,,1445
Kyber1024,768,keygen,0,16,0.0,0,0,0,MacBook-Pro-4.local,darwin,0,13.8997,71.96,,,2025-11-17T02:47:56.531276,,1446
Kyber1024,768,keygen,0,16,0.0,0,0,0,MacBook-Pro-4.local,darwin,0,13.6118,71.69,,,2025-11-17T02:47:56.531286,,1447
Kyber1024,768,keygen,0,16,0.0,0,0,0,MacBook-Pro-4.local,darwin,0,15.0447,67.43,,,2025-11-17T02:47:56.531296,,1448
Kyber1024,768,keygen,0,16,0.0,0,0,0,MacBook-Pro-4.local,darwin,0,15.0099,65.8,,,2025-11-17T02:47:56.531307,,1449
Kyber1024,768,keygen,0,16,0.0,0,0,0,MacBook-Pro-4.local,darwin,0,15.28,68.48,,,2025-11-17T02:47:56.531318,,1450
Kyber1024,768,keygen,0,64,0.0,0,0,0,MacBook-Pro-4.local,darwin,0,16.0215,60.61,,,2025-11-17T02:47:56.531331,,1451
Kyber1024,768,keygen,0,64,0.0,0,0,0,MacBook-Pro-4.local,darwin,0,16.1568,61.97,,,2025-11-17T02:47:56.531341,,1452
Kyber1024,768,keygen,0,64,0.0,0,0,0,MacBook-Pro-4.local,darwin,0,16.0457,64.15,,,2025-11-17T02:47:56.531352,,1453
Kyber1024,768,keygen,0,64,0.0,0,0,0,MacBook-Pro-4.local,darwin,0,15.7509,61.83,,,2025-11-17T02:47:56.531362,,1454
Kyber1024,768,keygen,0,64,0.0,0,0,0,MacBook-Pro-4.local,darwin,0,15.4171,66.09,,,2025-11-17T02:47:56.531372,,1455
Kyber1024,768,keygen,1024,1,0.0,0,0,0,MacBook-Pro-4.local,darwin,0,16.2969,60.81,,,2025-11-17T02:47:56.531409,,1456
Kyber1024,768,keygen,1024,1,0.0,0,0,0,MacBook-Pro-4.local,darwin,0,16.9157,61.17,,,2025-11-17T02:47:56.531421,,1457
Kyber1024,768,keygen,1024,1,0.0,0,0,0,MacBook-Pro-4.local,darwin,0,16.2298,63.9,,,2025-11-17T02:47:56.531432,,1458
Kyber1024,768,keygen,1024,1,0.0,0,0,0,MacBook-Pro-4.local,darwin,0,16.2135,61.38,,,2025-11-17T02:47:56.531443,,1459
Kyber1024,768,keygen,1024,1,0.0,0,0,0,MacBook-Pro-4.local,darwin,0,16.875,58.64,,,2025-11-17T02:47:56.531453,,1460
Kyber1024,768,keygen,1024,16,0.0,0,0,0,MacBook-Pro-4.local,darwin,0,16.9923,57.3,,,2025-11-17T02:47:56.531467,,1461
Kyber1024,768,keygen,1024,16,0.0,0,0,0,MacBook-Pro-4.local,darwin,0,16.6149,62.75,,,2025-11-17T02:47:56.531477,,1462
Kyber1024,768,keygen,1024,16,0.0,0,0,0,MacBook-Pro-4.local,darwin,0,15.6628,61.7,,,2025-11-17T02:47:56.531488,,1463
Kyber1024,768,keygen,1024,16,0.0,0,0,0,MacBook-Pro-4.local,darwin,0,18.1974,57.69,,,2025-11-17T02:47:56.531498,,1464
Kyber1024,768,keygen,1024,16,0.0,0,0,0,MacBook-Pro-4.local,darwin,0,17.0972,56.8,,,2025-11-17T02:47:56.531508,,1465
Kyber1024,768,keygen,1024,64,0.0,0,0,0,MacBook-Pro-4.local,darwin,0,18.2378,52.63,,,2025-11-17T02:47:56.531522,,1466
Kyber1024,768,keygen,1024,64,0.0,0,0,0,MacBook-Pro-4.local,darwin,0,17.7559,55.29,,,2025-11-17T02:47:56.531532,,1467
Kyber1024,768,keygen,1024,64,0.0,0,0,0,MacBook-Pro-4.local,darwin,0,17.6284,54.22,,,2025-11-17T02:47:56.531543,,1468
Kyber1024,768,keygen,1024,64,0.0,0,0,0,MacBook-Pro-4.local,darwin,0,18.1596,52.68,,,2025-11-17T02:47:56.531553,,1469
Kyber1024,768,keygen,1024,64,0.0,0,0,0,MacBook-Pro-4.local,darwin,0,18.1972,54.19,,,2025-11-17T02:47:56.531563,,1470
Kyber1024,768,encap,0,1,0.0,0,0,0,MacBook-Pro-4.local,darwin,0,12.3564,78.95,,,2025-11-17T02:47:56.531577,,1471
Kyber1024,768,encap,0,1,0.0,0,0,0,MacBook-Pro-4.local,darwin,0,12.3831,83.73,,,2025-11-17T02:47:56.531588,,1472
Kyber1024,768,encap,0,1,0.0,0,0,0,MacBook-Pro-4.local,darwin,0,12.5772,79.95,,,2025-11-17T02:47:56.531599,,1473
Kyber1024,768,encap,0,1,0.0,0,0,0,MacBook-Pro-4.local,darwin,0,12.6195,81.72,,,2025-11-17T02:47:56.531609,,1474
Kyber1024,768,encap,0,1,0.0,0,0,0,MacBook-Pro-4.local,darwin,0,11.9842,85.78,,,2025-11-17T02:47:56.531619,,1475
Kyber1024,768,encap,0,16,0.0,0,0,0,MacBook-Pro-4.local,darwin,0,12.7477,81.14,,,2025-11-17T02:47:56.531633,,1476
Kyber1024,768,encap,0,16,0.0,0,0,0,MacBook-Pro-4.local,darwin,0,11.9493,85.48,,,2025-11-17T02:47:56.531644,,1477
Kyber1024,768,encap,0,16,0.0,0,0,0,MacBook-Pro-4.local,darwin,0,12.0494,84.73,,,2025-11-17T02:47:56.531654,,1478
Kyber1024,768,encap,0,16,0.0,0,0,0,MacBook-Pro-4.local,darwin,0,11.508,85.83,,,2025-11-17T02:47:56.531664,,1479
Kyber1024,768,encap,0,16,0.0,0,0,0,MacBook-Pro-4.local,darwin,0,12.4957,82.16,,,2025-11-17T02:47:56.531674,,1480
Kyber1024,768,encap,0,64,0.0,0,0,0,MacBook-Pro-4.local,darwin,0,13.7435,74.25,,,2025-11-17T02:47:56.531688,,1481
Kyber1024,768,encap,0,64,0.0,0,0,0,MacBook-Pro-4.local,darwin,0,13.7697,75.85,,,2025-11-17T02:47:56.531698,,1482
Kyber1024,768,encap,0,64,0.0,0,0,0,MacBook-Pro-4.local,darwin,0,13.6514,74.3,,,2025-11-17T02:47:56.531708,,1483
Kyber1024,768,encap,0,64,0.0,0,0,0,MacBook-Pro-4.local,darwin,0,13.5339,70.6,,,2025-11-17T02:47:56.531718,,1484
Kyber1024,768,encap,0,64,0.0,0,0,0,MacBook-Pro-4.local,darwin,0,14.4762,69.64,,,2025-11-17T02:47:56.531728,,1485
Kyber1024,768,encap,1024,1,0.0,0,0,0,MacBook-Pro-4.local,darwin,0,14.0541,72.89,,,2025-11-17T02:47:56.531742,,1486
Kyber1024,768,encap,1024,1,0.0,0,0,0,MacBook-Pro-4.local,darwin,0,13.7422,70.19,,,2025-11-17T02:47:56.531752,,1487
Kyber1024,768,encap,1024,1,0.0,0,0,0,MacBook-Pro-4.local,darwin,0,14.1194,71.95,,,2025-11-17T02:47:56.531763,,1488
Kyber1024,768,encap,1024,1,0.0,0,0,0,MacBook-Pro-4.local,darwin,0,13.129,76.15,,,2025-11-17T02:47:56.531774,,1489
Kyber1024,768,encap,1024,1,0.0,0,0,0,MacBook-Pro-4.local,darwin,0,14.1262,68.4,,,2025-11-17T02:47:56.531784,,1490
Kyber1024,768,encap,1024,16,0.0,0,0,0,MacBook-Pro-4.local,darwin,0,13.4773,71.06,,,2025-11-17T02:47:56.531797,,1491
Kyber1024,768,encap,1024,16,0.0,0,0,0,MacBook-Pro-4.local,darwin,0,14.3558,71.48,,,2025-11-17T02:47:56.531808,,1492
Kyber1024,768,encap,1024,16,0.0,0,0,0,MacBook-Pro-4.local,darwin,0,14.3774,71.49,,,2025-11-17T02:47:56.531818,,1493
Kyber1024,768,encap,1024,16,0.0,0,0,0,MacBook-Pro-4.local,darwin,0,13.1614,72.42,,,2025-11-17T02:47:56.531829,,1494
Kyber1024,768,encap,1024,16,0.0,0,0,0,MacBook-Pro-4.local,darwin,0,14.4715,67.28,,,2025-11-17T02:47:56.531839,,1495
Kyber1024,768,encap,1024,64,0.0,0,0,0,MacBook-Pro-4.local,darwin,0,15.5974,66.8,,,2025-11-17T02:47:56.531852,,1496
Kyber1024,768,encap,1024,64,0.0,0,0,0,MacBook-Pro-4.local,darwin,0,14.6313,66.27,,,2025-11-17T02:47:56.531862,,1497
Kyber1024,768,encap,1024,64,0.0,0,0,0,MacBook-Pro-4.local,darwin,0,16.0415,61.34,,,2025-11-17T02:47:56.531873,,1498
Kyber1024,768,encap,1024,64,0.0,0,0,0,MacBook-Pro-4.local,darwin,0,15.4495,65.35,,,2025-11-17T02:47:56.531883,,1499
Kyber1024,768,encap,1024,64,0.0,0,0,0,MacBook-Pro-4.local,darwin,0,16.5985,61.03,,,2025-11-17T02:47:56.531894,,1500
Kyber1024,768,decap,0,1,0.0,0,0,0,MacBook-Pro-4.local,darwin,0,12.7889,76.64,,,2025-11-17T02:47:56.531907,,1501
Kyber1024,768,decap,0,1,0.0,0,0,0,MacBook-Pro-4.local,darwin,0,12.3443,83.69,,,2025-11-17T02:47:56.531918,,1502
Kyber1024,768,decap,0,1,0.0,0,0,0,MacBook-Pro-4.local,darwin,0,13.3919,76.41,,,2025-11-17T02:47:56.531928,,1503
Kyber1024,768,decap,0,1,0.0,0,0,0,MacBook-Pro-4.local,darwin,0,14.2445,71.44,,,2025-11-17T02:47:56.531938,,1504
Kyber1024,768,decap,0,1,0.0,0,0,0,MacBook-Pro-4.local,darwin,0,12.8512,79.56,,,2025-11-17T02:47:56.531949,,1505
Kyber1024,768,decap,0,16,0.0,0,0,0,MacBook-Pro-4.local,darwin,0,13.3402,71.74,,,2025-11-17T02:47:56.531962,,1506
Kyber1024,768,decap,0,16,0.0,0,0,0,MacBook-Pro-4.local,darwin,0,14.0332,68.18,,,2025-11-17T02:47:56.531972,,1507
Kyber1024,768,decap,0,16,0.0,0,0,0,MacBook-Pro-4.local,darwin,0,13.8781,71.89,,,2025-11-17T02:47:56.531983,,1508
Kyber1024,768,decap,0,16,0.0,0,0,0,MacBook-Pro-4.local,darwin,0,13.1412,72.89,,,2025-11-17T02:47:56.531993,,1509
Kyber1024,768,decap,0,16,0.0,0,0,0,MacBook-Pro-4.local,darwin,0,12.6629,81.64,,,2025-11-17T02:47:56.532003,,1510
Kyber1024,768,decap,0,64,0.0,0,0,0,MacBook-Pro-4.local,darwin,0,14.155,73.37,,,2025-11-17T02:47:56.532016,,1511
Kyber1024,768,decap,0,64,0.0,0,0,0,MacBook-Pro-4.local,darwin,0,14.2126,73.3,,,2025-11-17T02:47:56.532027,,1512
Kyber1024,768,decap,0,64,0.0,0,0,0,MacBook-Pro-4.local,darwin,0,14.7337,71.09,,,2025-11-17T02:47:56.532038,,1513
Kyber1024,768,decap,0,64,0.0,0,0,0,MacBook-Pro-4.local,darwin,0,14.5437,70.0,,,2025-11-17T02:47:56.532048,,1514
Kyber1024,768,decap,0,64,0.0,0,0,0,MacBook-Pro-4.local,darwin,0,15.6653,65.31,,,2025-11-17T02:47:56.532058,,1515
Kyber1024,768,decap,1024,1,0.0,0,0,0,MacBook-Pro-4.local,darwin,0,14.1135,70.02,,,2025-11-17T02:47:56.532072,,1516
Kyber1024,768,decap,1024,1,0.0,0,0,0,MacBook-Pro-4.local,darwin,0,14.7447,70.84,,,2025-11-17T02:47:56.532083,,1517
Kyber1024,768,decap,1024,1,0.0,0,0,0,MacBook-Pro-4.local,darwin,0,14.7606,69.76,,,2025-11-17T02:47:56.532093,,1518
Kyber1024,768,decap,1024,1,0.0,0,0,0,MacBook-Pro-4.local,darwin,0,14.7083,67.02,,,2025-11-17T02:47:56.532104,,1519
Kyber1024,768,decap,1024,1,0.0,0,0,0,MacBook-Pro-4.local,darwin,0,15.453,62.16,,,2025-11-17T02:47:56.532114,,1520
Kyber1024,768,decap,1024,16,0.0,0,0,0,MacBook-Pro-4.local,darwin,0,14.2259,67.79,,,2025-11-17T02:47:56.532128,,1521
Kyber1024,768,decap,1024,16,0.0,0,0,0,MacBook-Pro-4.local,darwin,0,14.9605,66.49,,,2025-11-17T02:47:56.532139,,1522
Kyber1024,768,decap,1024,16,0.0,0,0,0,MacBook-Pro-4.local,darwin,0,14.9073,68.71,,,2025-11-17T02:47:56.532149,,1523
Kyber1024,768,decap,1024,16,0.0,0,0,0,MacBook-Pro-4.local,darwin,0,14.5446,71.99,,,2025-11-17T02:47:56.532159,,1524
Kyber1024,768,decap,1024,16,0.0,0,0,0,MacBook-Pro-4.local,darwin,0,15.9566,61.2,,,2025-11-17T02:47:56.532169,,1525
Kyber1024,768,decap,1024,64,0.0,0,0,0,MacBook-Pro-4.local,darwin,0,15.9977,65.31,,,2025-11-17T02:47:56.532183,,1526
Kyber1024,768,decap,1024,64,0.0,0,0,0,MacBook-Pro-4.local,darwin,0,17.0054,57.9,,,2025-11-17T02:47:56.532193,,1527
Kyber1024,768,decap,1024,64,0.0,0,0,0,MacBook-Pro-4.local,darwin,0,17.003,60.78,,,2025-11-17T02:47:56.532224,,1528
Kyber1024,768,decap,1024,64,0.0,0,0,0,MacBook-Pro-4.local,darwin,0,16.9653,59.91,,,2025-11-17T02:47:56.532236,,1529
Kyber1024,768,decap,1024,64,0.0,0,0,0,MacBook-Pro-4.local,darwin,0,16.5539,60.84,,,2025-11-17T02:47:56.532247,,1530
Kyber1024,1024,keygen,0,1,0.0,0,0,0,MacBook-Pro-4.local,darwin,0,14.6004,67.61,,,2025-11-17T02:47:56.532262,,1531
Kyber1024,1024,keygen,0,1,0.0,0,0,0,MacBook-Pro-4.local,darwin,0,14.4682,65.75,,,2025-11-17T02:47:56.532273,,1532
Kyber1024,1024,keygen,0,1,0.0,0,0,0,MacBook-Pro-4.local,darwin,0,14.379,67.9,,,2025-11-17T02:47:56.532284,,1533
Kyber1024,1024,keygen,0,1,0.0,0,0,0,MacBook-Pro-4.local,darwin,0,13.6219,74.93,,,2025-11-17T02:47:56.532294,,1534
Kyber1024,1024,keygen,0,1,0.0,0,0,0,MacBook-Pro-4.local,darwin,0,14.8688,64.62,,,2025-11-17T02:47:56.532305,,1535
Kyber1024,1024,keygen,0,16,0.0,0,0,0,MacBook-Pro-4.local,darwin,0,14.6939,71.39,,,2025-11-17T02:47:56.532318,,1536
Kyber1024,1024,keygen,0,16,0.0,0,0,0,MacBook-Pro-4.local,darwin,0,14.8118,69.44,,,2025-11-17T02:47:56.532329,,1537
Kyber1024,1024,keygen,0,16,0.0,0,0,0,MacBook-Pro-4.local,darwin,0,14.3134,71.61,,,2025-11-17T02:47:56.532340,,1538
Kyber1024,1024,keygen,0,16,0.0,0,0,0,MacBook-Pro-4.local,darwin,0,14.5885,68.52,,,2025-11-17T02:47:56.532350,,1539
Kyber1024,1024,keygen,0,16,0.0,0,0,0,MacBook-Pro-4.local,darwin,0,15.7842,61.06,,,2025-11-17T02:47:56.532361,,1540
Kyber1024,1024,keygen,0,64,0.0,0,0,0,MacBook-Pro-4.local,darwin,0,16.546,60.58,,,2025-11-17T02:47:56.532374,,1541
Kyber1024,1024,keygen,0,64,0.0,0,0,0,MacBook-Pro-4.local,darwin,0,16.0869,64.72,,,2025-11-17T02:47:56.532385,,1542
Kyber1024,1024,keygen,0,64,0.0,0,0,0,MacBook-Pro-4.local,darwin,0,17.2172,59.38,,,2025-11-17T02:47:56.532395,,1543
Kyber1024,1024,keygen,0,64,0.0,0,0,0,MacBook-Pro-4.local,darwin,0,15.9137,65.9,,,2025-11-17T02:47:56.532406,,1544
Kyber1024,1024,keygen,0,64,0.0,0,0,0,MacBook-Pro-4.local,darwin,0,15.9024,63.69,,,2025-11-17T02:47:56.532416,,1545
Kyber1024,1024,keygen,1024,1,0.0,0,0,0,MacBook-Pro-4.local,darwin,0,16.7557,57.54,,,2025-11-17T02:47:56.532430,,1546
Kyber1024,1024,keygen,1024,1,0.0,0,0,0,MacBook-Pro-4.local,darwin,0,16.3186,63.48,,,2025-11-17T02:47:56.532441,,1547
Kyber1024,1024,keygen,1024,1,0.0,0,0,0,MacBook-Pro-4.local,darwin,0,15.9628,60.22,,,2025-11-17T02:47:56.532451,,1548
Kyber1024,1024,keygen,1024,1,0.0,0,0,0,MacBook-Pro-4.local,darwin,0,15.6469,66.99,,,2025-11-17T02:47:56.532462,,1549
Kyber1024,1024,keygen,1024,1,0.0,0,0,0,MacBook-Pro-4.local,darwin,0,16.3386,59.28,,,2025-11-17T02:47:56.532472,,1550
Kyber1024,1024,keygen,1024,16,0.0,0,0,0,MacBook-Pro-4.local,darwin,0,16.566,60.29,,,2025-11-17T02:47:56.532487,,1551
Kyber1024,1024,keygen,1024,16,0.0,0,0,0,MacBook-Pro-4.local,darwin,0,17.1158,56.28,,,2025-11-17T02:47:56.532497,,1552
Kyber1024,1024,keygen,1024,16,0.0,0,0,0,MacBook-Pro-4.local,darwin,0,16.5712,59.53,,,2025-11-17T02:47:56.532508,,1553
Kyber1024,1024,keygen,1024,16,0.0,0,0,0,MacBook-Pro-4.local,darwin,0,16.5483,57.49,,,2025-11-17T02:47:56.532518,,1554
Kyber1024,1024,keygen,1024,16,0.0,0,0,0,MacBook-Pro-4.local,darwin,0,15.8652,61.2,,,2025-11-17T02:47:56.532528,,1555
Kyber1024,1024,keygen,1024,64,0.0,0,0,0,MacBook-Pro-4.local,darwin,0,18.0939,54.46,,,2025-11-17T02:47:56.532542,,1556
Kyber1024,1024,keygen,1024,64,0.0,0,0,0,MacBook-Pro-4.local,darwin,0,18.6823,53.75,,,2025-11-17T02:47:56.532552,,1557
Kyber1024,1024,keygen,1024,64,0.0,0,0,0,MacBook-Pro-4.local,darwin,0,17.6556,54.2,,,2025-11-17T02:47:56.532562,,1558
Kyber1024,1024,keygen,1024,64,0.0,0,0,0,MacBook-Pro-4.local,darwin,0,18.2001,54.33,,,2025-11-17T02:47:56.532573,,1559
Kyber1024,1024,keygen,1024,64,0.0,0,0,0,MacBook-Pro-4.local,darwin,0,19.284,50.35,,,2025-11-17T02:47:56.532583,,1560
Kyber1024,1024,encap,0,1,0.0,0,0,0,MacBook-Pro-4.local,darwin,0,12.3627,83.41,,,2025-11-17T02:47:56.532597,,1561
Kyber1024,1024,encap,0,1,0.0,0,0,0,MacBook-Pro-4.local,darwin,0,12.6279,82.62,,,2025-11-17T02:47:56.532607,,1562
Kyber1024,1024,encap,0,1,0.0,0,0,0,MacBook-Pro-4.local,darwin,0,11.4533,88.88,,,2025-11-17T02:47:56.532618,,1563
Kyber1024,1024,encap,0,1,0.0,0,0,0,MacBook-Pro-4.local,darwin,0,11.094,91.52,,,2025-11-17T02:47:56.532628,,1564
Kyber1024,1024,encap,0,1,0.0,0,0,0,MacBook-Pro-4.local,darwin,0,11.9263,80.36,,,2025-11-17T02:47:56.532639,,1565
Kyber1024,1024,encap,0,16,0.0,0,0,0,MacBook-Pro-4.local,darwin,0,12.3576,82.04,,,2025-11-17T02:47:56.532653,,1566
Kyber1024,1024,encap,0,16,0.0,0,0,0,MacBook-Pro-4.local,darwin,0,12.0885,84.66,,,2025-11-17T02:47:56.532663,,1567
Kyber1024,1024,encap,0,16,0.0,0,0,0,MacBook-Pro-4.local,darwin,0,11.5601,84.37,,,2025-11-17T02:47:56.532674,,1568
Kyber1024,1024,encap,0,16,0.0,0,0,0,MacBook-Pro-4.local,darwin,0,12.5064,77.6,,,2025-11-17T02:47:56.532684,,1569
Kyber1024,1024,encap,0,16,0.0,0,0,0,MacBook-Pro-4.local,darwin,0,13.0752,72.74,,,2025-11-17T02:47:56.532695,,1570
Kyber1024,1024,encap,0,64,0.0,0,0,0,MacBook-Pro-4.local,darwin,0,14.2306,69.68,,,2025-11-17T02:47:56.532709,,1571
Kyber1024,1024,encap,0,64,0.0,0,0,0,MacBook-Pro-4.local,darwin,0,13.9441,70.9,,,2025-11-17T02:47:56.532719,,1572
Kyber1024,1024,encap,0,64,0.0,0,0,0,MacBook-Pro-4.local,darwin,0,14.2363,67.7,,,2025-11-17T02:47:56.532730,,1573
Kyber1024,1024,encap,0,64,0.0,0,0,0,MacBook-Pro-4.local,darwin,0,13.4495,77.1,,,2025-11-17T02:47:56.532741,,1574
Kyber1024,1024,encap,0,64,0.0,0,0,0,MacBook-Pro-4.local,darwin,0,13.2912,75.65,,,2025-11-17T02:47:56.532751,,1575
Kyber1024,1024,encap,1024,1,0.0,0,0,0,MacBook-Pro-4.local,darwin,0,12.9116,78.77,,,2025-11-17T02:47:56.532764,,1576
Kyber1024,1024,encap,1024,1,0.0,0,0,0,MacBook-Pro-4.local,darwin,0,13.8069,72.49,,,2025-11-17T02:47:56.532775,,1577
Kyber1024,1024,encap,1024,1,0.0,0,0,0,MacBook-Pro-4.local,darwin,0,12.5636,81.56,,,2025-11-17T02:47:56.532785,,1578
Kyber1024,1024,encap,1024,1,0.0,0,0,0,MacBook-Pro-4.local,darwin,0,13.2691,76.21,,,2025-11-17T02:47:56.532796,,1579
Kyber1024,1024,encap,1024,1,0.0,0,0,0,MacBook-Pro-4.local,darwin,0,13.5948,73.2,,,2025-11-17T02:47:56.532807,,1580
Kyber1024,1024,encap,1024,16,0.0,0,0,0,MacBook-Pro-4.local,darwin,0,14.6839,66.46,,,2025-11-17T02:47:56.532820,,1581
Kyber1024,1024,encap,1024,16,0.0,0,0,0,MacBook-Pro-4.local,darwin,0,13.8196,73.33,,,2025-11-17T02:47:56.532831,,1582
Kyber1024,1024,encap,1024,16,0.0,0,0,0,MacBook-Pro-4.local,darwin,0,13.9114,75.37,,,2025-11-17T02:47:56.532841,,1583
Kyber1024,1024,encap,1024,16,0.0,0,0,0,MacBook-Pro-4.local,darwin,0,14.4937,70.85,,,2025-11-17T02:47:56.532851,,1584
Kyber1024,1024,encap,1024,16,0.0,0,0,0,MacBook-Pro-4.local,darwin,0,14.8452,68.1,,,2025-11-17T02:47:56.532861,,1585
Kyber1024,1024,encap,1024,64,0.0,0,0,0,MacBook-Pro-4.local,darwin,0,15.3153,63.22,,,2025-11-17T02:47:56.532875,,1586
Kyber1024,1024,encap,1024,64,0.0,0,0,0,MacBook-Pro-4.local,darwin,0,14.7223,69.16,,,2025-11-17T02:47:56.532885,,1587
Kyber1024,1024,encap,1024,64,0.0,0,0,0,MacBook-Pro-4.local,darwin,0,14.4154,70.59,,,2025-11-17T02:47:56.532896,,1588
Kyber1024,1024,encap,1024,64,0.0,0,0,0,MacBook-Pro-4.local,darwin,0,15.4408,65.13,,,2025-11-17T02:47:56.532906,,1589
Kyber1024,1024,encap,1024,64,0.0,0,0,0,MacBook-Pro-4.local,darwin,0,14.1298,69.09,,,2025-11-17T02:47:56.532916,,1590
Kyber1024,1024,decap,0,1,0.0,0,0,0,MacBook-Pro-4.local,darwin,0,13.3404,78.03,,,2025-11-17T02:47:56.532930,,1591
Kyber1024,1024,decap,0,1,0.0,0,0,0,MacBook-Pro-4.local,darwin,0,12.8611,75.04,,,2025-11-17T02:47:56.532940,,1592
Kyber1024,1024,decap,0,1,0.0,0,0,0,MacBook-Pro-4.local,darwin,0,12.5055,78.9,,,2025-11-17T02:47:56.532952,,1593
Kyber1024,1024,decap,0,1,0.0,0,0,0,MacBook-Pro-4.local,darwin,0,12.2125,79.72,,,2025-11-17T02:47:56.532962,,1594
Kyber1024,1024,decap,0,1,0.0,0,0,0,MacBook-Pro-4.local,darwin,0,13.2371,73.56,,,2025-11-17T02:47:56.532972,,1595
Kyber1024,1024,decap,0,16,0.0,0,0,0,MacBook-Pro-4.local,darwin,0,14.1941,71.36,,,2025-11-17T02:47:56.532985,,1596
Kyber1024,1024,decap,0,16,0.0,0,0,0,MacBook-Pro-4.local,darwin,0,13.1487,76.95,,,2025-11-17T02:47:56.532996,,1597
Kyber1024,1024,decap,0,16,0.0,0,0,0,MacBook-Pro-4.local,darwin,0,13.7436,74.93,,,2025-11-17T02:47:56.533006,,1598
Kyber1024,1024,decap,0,16,0.0,0,0,0,MacBook-Pro-4.local,darwin,0,14.313,71.87,,,2025-11-17T02:47:56.533036,,1599
Kyber1024,1024,decap,0,16,0.0,0,0,0,MacBook-Pro-4.local,darwin,0,13.6733,74.75,,,2025-11-17T02:47:56.533048,,1600
Kyber1024,1024,decap,0,64,0.0,0,0,0,MacBook-Pro-4.local,darwin,0,15.3623,66.85,,,2025-11-17T02:47:56.533062,,1601
Kyber1024,1024,decap,0,64,0.0,0,0,0,MacBook-Pro-4.local,darwin,0,15.3645,61.88,,,2025-11-17T02:47:56.533073,,1602
Kyber1024,1024,decap,0,64,0.0,0,0,0,MacBook-Pro-4.local,darwin,0,14.9135,67.06,,,2025-11-17T02:47:56.533083,,1603
Kyber1024,1024,decap,0,64,0.0,0,0,0,MacBook-Pro-4.local,darwin,0,15.0587,65.56,,,2025-11-17T02:47:56.533093,,1604
Kyber1024,1024,decap,0,64,0.0,0,0,0,MacBook-Pro-4.local,darwin,0,15.0452,66.59,,,2025-11-17T02:47:56.533104,,1605
Kyber1024,1024,decap,1024,1,0.0,0,0,0,MacBook-Pro-4.local,darwin,0,15.0916,68.02,,,2025-11-17T02:47:56.533117,,1606
Kyber1024,1024,decap,1024,1,0.0,0,0,0,MacBook-Pro-4.local,darwin,0,14.3913,69.22,,,2025-11-17T02:47:56.533128,,1607
Kyber1024,1024,decap,1024,1,0.0,0,0,0,MacBook-Pro-4.local,darwin,0,14.5126,70.48,,,2025-11-17T02:47:56.533138,,1608
Kyber1024,1024,decap,1024,1,0.0,0,0,0,MacBook-Pro-4.local,darwin,0,15.4605,62.76,,,2025-11-17T02:47:56.533148,,1609
Kyber1024,1024,decap,1024,1,0.0,0,0,0,MacBook-Pro-4.local,darwin,0,14.8248,69.04,,,2025-11-17T02:47:56.533159,,1610
Kyber1024,1024,decap,1024,16,0.0,0,0,0,MacBook-Pro-4.local,darwin,0,15.8284,64.91,,,2025-11-17T02:47:56.533172,,1611
Kyber1024,1024,decap,1024,16,0.0,0,0,0,MacBook-Pro-4.local,darwin,0,16.1203,64.24,,,2025-11-17T02:47:56.533183,,1612
Kyber1024,1024,decap,1024,16,0.0,0,0,0,MacBook-Pro-4.local,darwin,0,15.1214,64.78,,,2025-11-17T02:47:56.533193,,1613
Kyber1024,1024,decap,1024,16,0.0,0,0,0,MacBook-Pro-4.local,darwin,0,15.4635,61.88,,,2025-11-17T02:47:56.533203,,1614
Kyber1024,1024,decap,1024,16,0.0,0,0,0,MacBook-Pro-4.local,darwin,0,15.5346,61.73,,,2025-11-17T02:47:56.533214,,1615
Kyber1024,1024,decap,1024,64,0.0,0,0,0,MacBook-Pro-4.local,darwin,0,16.5862,59.76,,,2025-11-17T02:47:56.533227,,1616
Kyber1024,1024,decap,1024,64,0.0,0,0,0,MacBook-Pro-4.local,darwin,0,16.5121,60.5,,,2025-11-17T02:47:56.533237,,1617
Kyber1024,1024,decap,1024,64,0.0,0,0,0,MacBook-Pro-4.local,darwin,0,15.8509,64.84,,,2025-11-17T02:47:56.533247,,1618
Kyber1024,1024,decap,1024,64,0.0,0,0,0,MacBook-Pro-4.local,darwin,0,17.5739,59.15,,,2025-11-17T02:47:56.533258,,1619
Kyber1024,1024,decap,1024,64,0.0,0,0,0,MacBook-Pro-4.local,darwin,0,15.9998,63.08,,,2025-11-17T02:47:56.533268,,1620
ML-KEM-512,512,keygen,0,1,0.0,0,0,0,MacBook-Pro-4.local,darwin,0,15.0772,68.37,,,2025-11-17T02:47:56.533282,,1621
ML-KEM-512,512,keygen,0,1,0.0,0,0,0,MacBook-Pro-4.local,darwin,0,14.5225,66.31,,,2025-11-17T02:47:56.533293,,1622
ML-KEM-512,512,keygen,0,1,0.0,0,0,0,MacBook-Pro-4.local,darwin,0,14.1399,72.46,,,2025-11-17T02:47:56.533303,,1623
ML-KEM-512,512,keygen,0,1,0.0,0,0,0,MacBook-Pro-4.local,darwin,0,14.0145,73.19,,,2025-11-17T02:47:56.533314,,1624
ML-KEM-512,512,keygen,0,1,0.0,0,0,0,MacBook-Pro-4.local,darwin,0,13.8641,73.56,,,2025-11-17T02:47:56.533324,,1625
ML-KEM-512,512,keygen,0,16,0.0,0,0,0,MacBook-Pro-4.local,darwin,0,15.7521,63.43,,,2025-11-17T02:47:56.533337,,1626
ML-KEM-512,512,keygen,0,16,0.0,0,0,0,MacBook-Pro-4.local,darwin,0,15.2713,62.23,,,2025-11-17T02:47:56.533347,,1627
ML-KEM-512,512,keygen,0,16,0.0,0,0,0,MacBook-Pro-4.local,darwin,0,14.682,67.28,,,2025-11-17T02:47:56.533357,,1628
ML-KEM-512,512,keygen,0,16,0.0,0,0,0,MacBook-Pro-4.local,darwin,0,15.7738,63.94,,,2025-11-17T02:47:56.533368,,1629
ML-KEM-512,512,keygen,0,16,0.0,0,0,0,MacBook-Pro-4.local,darwin,0,16.0631,64.68,,,2025-11-17T02:47:56.533378,,1630
ML-KEM-512,512,keygen,0,64,0.0,0,0,0,MacBook-Pro-4.local,darwin,0,15.5583,61.68,,,2025-11-17T02:47:56.533391,,1631
ML-KEM-512,512,keygen,0,64,0.0,0,0,0,MacBook-Pro-4.local,darwin,0,16.104,62.79,,,2025-11-17T02:47:56.533402,,1632
ML-KEM-512,512,keygen,0,64,0.0,0,0,0,MacBook-Pro-4.local,darwin,0,16.0119,63.65,,,2025-11-17T02:47:56.533413,,1633
ML-KEM-512,512,keygen,0,64,0.0,0,0,0,MacBook-Pro-4.local,darwin,0,15.2853,64.13,,,2025-11-17T02:47:56.533423,,1634
ML-KEM-512,512,keygen,0,64,0.0,0,0,0,MacBook-Pro-4.local,darwin,0,15.9028,61.51,,,2025-11-17T02:47:56.533433,,1635
ML-KEM-512,512,keygen,1024,1,0.0,0,0,0,MacBook-Pro-4.local,darwin,0,16.3723,63.84,,,2025-11-17T02:47:56.533447,,1636
ML-KEM-512,512,keygen,1024,1,0.0,0,0,0,MacBook-Pro-4.local,darwin,0,15.3669,65.9,,,2025-11-17T02:47:56.533458,,1637
ML-KEM-512,512,keygen,1024,1,0.0,0,0,0,MacBook-Pro-4.local,darwin,0,16.0744,61.97,,,2025-11-17T02:47:56.533468,,1638
ML-KEM-512,512,keygen,1024,1,0.0,0,0,0,MacBook-Pro-4.local,darwin,0,16.7138,57.04,,,2025-11-17T02:47:56.533479,,1639
ML-KEM-512,512,keygen,1024,1,0.0,0,0,0,MacBook-Pro-4.local,darwin,0,16.9375,60.76,,,2025-11-17T02:47:56.533489,,1640
ML-KEM-512,512,keygen,1024,16,0.0,0,0,0,MacBook-Pro-4.local,darwin,0,16.4285,63.68,,,2025-11-17T02:47:56.533503,,1641
ML-KEM-512,512,keygen,1024,16,0.0,0,0,0,MacBook-Pro-4.local,darwin,0,17.1893,59.66,,,2025-11-17T02:47:56.533513,,1642
ML-KEM-512,512,keygen,1024,16,0.0,0,0,0,MacBook-Pro-4.local,darwin,0,17.3466,59.33,,,2025-11-17T02:47:56.533523,,1643
ML-KEM-512,512,keygen,1024,16,0.0,0,0,0,MacBook-Pro-4.local,darwin,0,17.1641,58.65,,,2025-11-17T02:47:56.533534,,1644
ML-KEM-512,512,keygen,1024,16,0.0,0,0,0,MacBook-Pro-4.local,darwin,0,17.7819,57.03,,,2025-11-17T02:47:56.533544,,1645
ML-KEM-512,512,keygen,1024,64,0.0,0,0,0,MacBook-Pro-4.local,darwin,0,17.5983,55.42,,,2025-11-17T02:47:56.533558,,1646
ML-KEM-512,512,keygen,1024,64,0.0,0,0,0,MacBook-Pro-4.local,darwin,0,17.8551,55.07,,,2025-11-17T02:47:56.533568,,1647
ML-KEM-512,512,keygen,1024,64,0.0,0,0,0,MacBook-Pro-4.local,darwin,0,17.442,59.54,,,2025-11-17T02:47:56.533579,,1648
ML-KEM-512,512,keygen,1024,64,0.0,0,0,0,MacBook-Pro-4.local,darwin,0,19.1868,53.16,,,2025-11-17T02:47:56.533589,,1649
ML-KEM-512,512,keygen,1024,64,0.0,0,0,0,MacBook-Pro-4.local,darwin,0,17.9707,56.24,,,2025-11-17T02:47:56.533600,,1650
ML-KEM-512,512,encap,0,1,0.0,0,0,0,MacBook-Pro-4.local,darwin,0,11.8422,81.93,,,2025-11-17T02:47:56.533613,,1651
ML-KEM-512,512,encap,0,1,0.0,0,0,0,MacBook-Pro-4.local,darwin,0,12.1447,82.27,,,2025-11-17T02:47:56.533624,,1652
ML-KEM-512,512,encap,0,1,0.0,0,0,0,MacBook-Pro-4.local,darwin,0,12.0977,85.45,,,2025-11-17T02:47:56.533634,,1653
ML-KEM-512,512,encap,0,1,0.0,0,0,0,MacBook-Pro-4.local,darwin,0,12.0852,79.07,,,2025-11-17T02:47:56.533645,,1654
ML-KEM-512,512,encap,0,1,0.0,0,0,0,MacBook-Pro-4.local,darwin,0,11.6649,89.47,,,2025-11-17T02:47:56.533656,,1655
ML-KEM-512,512,encap,0,16,0.0,0,0,0,MacBook-Pro-4.local,darwin,0,12.4768,76.45,,,2025-11-17T02:47:56.533669,,1656
ML-KEM-512,512,encap,0,16,0.0,0,0,0,MacBook-Pro-4.local,darwin,0,12.0111,87.37,,,2025-11-17T02:47:56.533679,,1657
ML-KEM-512,512,encap,0,16,0.0,0,0,0,MacBook-Pro-4.local,darwin,0,11.8629,86.66,,,2025-11-17T02:47:56.533689,,1658
ML-KEM-512,512,encap,0,16,0.0,0,0,0,MacBook-Pro-4.local,darwin,0,11.7807,85.28,,,2025-11-17T02:47:56.533699,,1659
ML-KEM-512,512,encap,0,16,0.0,0,0,0,MacBook-Pro-4.local,darwin,0,12.0519,79.16,,,2025-11-17T02:47:56.533709,,1660
ML-KEM-512,512,encap,0,64,0.0,0,0,0,MacBook-Pro-4.local,darwin,0,13.3855,77.86,,,2025-11-17T02:47:56.533722,,1661
ML-KEM-512,512,encap,0,64,0.0,0,0,0,MacBook-Pro-4.local,darwin,0,13.2664,79.09,,,2025-11-17T02:47:56.533733,,1662
ML-KEM-512,512,encap,0,64,0.0,0,0,0,MacBook-Pro-4.local,darwin,0,13.0731,74.28,,,2025-11-17T02:47:56.533743,,1663
ML-KEM-512,512,encap,0,64,0.0,0,0,0,MacBook-Pro-4.local,darwin,0,13.4346,72.27,,,2025-11-17T02:47:56.533754,,1664
ML-KEM-512,512,encap,0,64,0.0,0,0,0,MacBook-Pro-4.local,darwin,0,13.4133,74.12,,,2025-11-17T02:47:56.533764,,1665
ML-KEM-512,512,encap,1024,1,0.0,0,0,0,MacBook-Pro-4.local,darwin,0,13.924,73.2,,,2025-11-17T02:47:56.533777,,1666
ML-KEM-512,512,encap,1024,1,0.0,0,0,0,MacBook-Pro-4.local,darwin,0,12.5898,78.59,,,2025-11-17T02:47:56.533788,,1667
ML-KEM-512,512,encap,1024,1,0.0,0,0,0,MacBook-Pro-4.local,darwin,0,13.6111,70.6,,,2025-11-17T02:47:56.533798,,1668
ML-KEM-512,512,encap,1024,1,0.0,0,0,0,MacBook-Pro-4.local,darwin,0,13.2956,74.18,,,2025-11-17T02:47:56.533809,,1669
ML-KEM-512,512,encap,1024,1,0.0,0,0,0,MacBook-Pro-4.local,darwin,0,13.7149,71.38,,,2025-11-17T02:47:56.533839,,1670
ML-KEM-512,512,encap,1024,16,0.0,0,0,0,MacBook-Pro-4.local,darwin,0,14.33,70.16,,,2025-11-17T02:47:56.533854,,1671
ML-KEM-512,512,encap,1024,16,0.0,0,0,0,MacBook-Pro-4.local,darwin,0,15.0802,64.74,,,2025-11-17T02:47:56.533865,,1672
ML-KEM-512,512,encap,1024,16,0.0,0,0,0,MacBook-Pro-4.local,darwin,0,13.3906,74.7,,,2025-11-17T02:47:56.533876,,1673
ML-KEM-512,512,encap,1024,16,0.0,0,0,0,MacBook-Pro-4.local,darwin,0,13.0449,77.31,,,2025-11-17T02:47:56.533887,,1674
ML-KEM-512,512,encap,1024,16,0.0,0,0,0,MacBook-Pro-4.local,darwin,0,13.8613,69.25,,,2025-11-17T02:47:56.533897,,1675
ML-KEM-512,512,encap,1024,64,0.0,0,0,0,MacBook-Pro-4.local,darwin,0,15.1256,65.1,,,2025-11-17T02:47:56.533911,,1676
ML-KEM-512,512,encap,1024,64,0.0,0,0,0,MacBook-Pro-4.local,darwin,0,15.3723,64.77,,,2025-11-17T02:47:56.533921,,1677
ML-KEM-512,512,encap,1024,64,0.0,0,0,0,MacBook-Pro-4.local,darwin,0,15.2127,65.68,,,2025-11-17T02:47:56.533932,,1678
ML-KEM-512,512,encap,1024,64,0.0,0,0,0,MacBook-Pro-4.local,darwin,0,15.1412,67.16,,,2025-11-17T02:47:56.533942,,1679
ML-KEM-512,512,encap,1024,64,0.0,0,0,0,MacBook-Pro-4.local,darwin,0,15.4112,63.88,,,2025-11-17T02:47:56.533953,,1680
ML-KEM-512,512,decap,0,1,0.0,0,0,0,MacBook-Pro-4.local,darwin,0,13.4493,71.21,,,2025-11-17T02:47:56.533966,,1681
ML-KEM-512,512,decap,0,1,0.0,0,0,0,MacBook-Pro-4.local,darwin,0,13.626,76.2,,,2025-11-17T02:47:56.533977,,1682
ML-KEM-512,512,decap,0,1,0.0,0,0,0,MacBook-Pro-4.local,darwin,0,13.8439,70.32,,,2025-11-17T02:47:56.533987,,1683
ML-KEM-512,512,decap,0,1,0.0,0,0,0,MacBook-Pro-4.local,darwin,0,13.3612,73.58,,,2025-11-17T02:47:56.533998,,1684
ML-KEM-512,512,decap,0,1,0.0,0,0,0,MacBook-Pro-4.local,darwin,0,13.3483,76.36,,,2025-11-17T02:47:56.534008,,1685
ML-KEM-512,512,decap,0,16,0.0,0,0,0,MacBook-Pro-4.local,darwin,0,12.9862,74.77,,,2025-11-17T02:47:56.534021,,1686
ML-KEM-512,512,decap,0,16,0.0,0,0,0,MacBook-Pro-4.local,darwin,0,13.5675,71.55,,,2025-11-17T02:47:56.534032,,1687
ML-KEM-512,512,decap,0,16,0.0,0,0,0,MacBook-Pro-4.local,darwin,0,12.7392,75.42,,,2025-11-17T02:47:56.534042,,1688
ML-KEM-512,512,decap,0,16,0.0,0,0,0,MacBook-Pro-4.local,darwin,0,13.6965,70.5,,,2025-11-17T02:47:56.534052,,1689
ML-KEM-512,512,decap,0,16,0.0,0,0,0,MacBook-Pro-4.local,darwin,0,13.1003,76.94,,,2025-11-17T02:47:56.534063,,1690
ML-KEM-512,512,decap,0,64,0.0,0,0,0,MacBook-Pro-4.local,darwin,0,14.394,70.96,,,2025-11-17T02:47:56.534076,,1691
ML-KEM-512,512,decap,0,64,0.0,0,0,0,MacBook-Pro-4.local,darwin,0,13.8926,75.48,,,2025-11-17T02:47:56.534087,,1692
ML-KEM-512,512,decap,0,64,0.0,0,0,0,MacBook-Pro-4.local,darwin,0,15.4452,64.23,,,2025-11-17T02:47:56.534097,,1693
ML-KEM-512,512,decap,0,64,0.0,0,0,0,MacBook-Pro-4.local,darwin,0,14.8485,64.01,,,2025-11-17T02:47:56.534108,,1694
ML-KEM-512,512,decap,0,64,0.0,0,0,0,MacBook-Pro-4.local,darwin,0,14.6926,67.31,,,2025-11-17T02:47:56.534118,,1695
ML-KEM-512,512,decap,1024,1,0.0,0,0,0,MacBook-Pro-4.local,darwin,0,15.3486,65.38,,,2025-11-17T02:47:56.534131,,1696
ML-KEM-512,512,decap,1024,1,0.0,0,0,0,MacBook-Pro-4.local,darwin,0,14.8756,66.35,,,2025-11-17T02:47:56.534143,,1697
ML-KEM-512,512,decap,1024,1,0.0,0,0,0,MacBook-Pro-4.local,darwin,0,14.2185,67.77,,,2025-11-17T02:47:56.534154,,1698
ML-KEM-512,512,decap,1024,1,0.0,0,0,0,MacBook-Pro-4.local,darwin,0,13.9944,72.96,,,2025-11-17T02:47:56.534165,,1699
ML-KEM-512,512,decap,1024,1,0.0,0,0,0,MacBook-Pro-4.local,darwin,0,14.0829,71.71,,,2025-11-17T02:47:56.534175,,1700
ML-KEM-512,512,decap,1024,16,0.0,0,0,0,MacBook-Pro-4.local,darwin,0,15.7794,60.66,,,2025-11-17T02:47:56.534189,,1701
ML-KEM-512,512,decap,1024,16,0.0,0,0,0,MacBook-Pro-4.local,darwin,0,15.5387,63.66,,,2025-11-17T02:47:56.534199,,1702
ML-KEM-512,512,decap,1024,16,0.0,0,0,0,MacBook-Pro-4.local,darwin,0,15.7987,63.96,,,2025-11-17T02:47:56.534210,,1703
ML-KEM-512,512,decap,1024,16,0.0,0,0,0,MacBook-Pro-4.local,darwin,0,14.6048,71.21,,,2025-11-17T02:47:56.534220,,1704
ML-KEM-512,512,decap,1024,16,0.0,0,0,0,MacBook-Pro-4.local,darwin,0,14.9198,69.93,,,2025-11-17T02:47:56.534230,,1705
ML-KEM-512,512,decap,1024,64,0.0,0,0,0,MacBook-Pro-4.local,darwin,0,16.8965,59.86,,,2025-11-17T02:47:56.534243,,1706
ML-KEM-512,512,decap,1024,64,0.0,0,0,0,MacBook-Pro-4.local,darwin,0,16.376,62.92,,,2025-11-17T02:47:56.534254,,1707
ML-KEM-512,512,decap,1024,64,0.0,0,0,0,MacBook-Pro-4.local,darwin,0,17.2624,57.79,,,2025-11-17T02:47:56.534264,,1708
ML-KEM-512,512,decap,1024,64,0.0,0,0,0,MacBook-Pro-4.local,darwin,0,17.0932,57.63,,,2025-11-17T02:47:56.534274,,1709
ML-KEM-512,512,decap,1024,64,0.0,0,0,0,MacBook-Pro-4.local,darwin,0,17.1971,57.86,,,2025-11-17T02:47:56.534284,,1710
ML-KEM-512,768,keygen,0,1,0.0,0,0,0,MacBook-Pro-4.local,darwin,0,15.8896,64.35,,,2025-11-17T02:47:56.534299,,1711
ML-KEM-512,768,keygen,0,1,0.0,0,0,0,MacBook-Pro-4.local,darwin,0,14.3503,68.81,,,2025-11-17T02:47:56.534309,,1712
ML-KEM-512,768,keygen,0,1,0.0,0,0,0,MacBook-Pro-4.local,darwin,0,13.4112,75.46,,,2025-11-17T02:47:56.534320,,1713
ML-KEM-512,768,keygen,0,1,0.0,0,0,0,MacBook-Pro-4.local,darwin,0,14.2079,73.36,,,2025-11-17T02:47:56.534330,,1714
ML-KEM-512,768,keygen,0,1,0.0,0,0,0,MacBook-Pro-4.local,darwin,0,15.2987,67.34,,,2025-11-17T02:47:56.534340,,1715
ML-KEM-512,768,keygen,0,16,0.0,0,0,0,MacBook-Pro-4.local,darwin,0,14.8822,64.99,,,2025-11-17T02:47:56.534354,,1716
ML-KEM-512,768,keygen,0,16,0.0,0,0,0,MacBook-Pro-4.local,darwin,0,15.2659,62.25,,,2025-11-17T02:47:56.534364,,1717
ML-KEM-512,768,keygen,0,16,0.0,0,0,0,MacBook-Pro-4.local,darwin,0,15.8981,63.2,,,2025-11-17T02:47:56.534375,,1718
ML-KEM-512,768,keygen,0,16,0.0,0,0,0,MacBook-Pro-4.local,darwin,0,14.442,70.37,,,2025-11-17T02:47:56.534385,,1719
ML-KEM-512,768,keygen,0,16,0.0,0,0,0,MacBook-Pro-4.local,darwin,0,15.0289,64.46,,,2025-11-17T02:47:56.534396,,1720
ML-KEM-512,768,keygen,0,64,0.0,0,0,0,MacBook-Pro-4.local,darwin,0,15.4178,67.57,,,2025-11-17T02:47:56.534411,,1721
ML-KEM-512,768,keygen,0,64,0.0,0,0,0,MacBook-Pro-4.local,darwin,0,15.8844,60.79,,,2025-11-17T02:47:56.534422,,1722
ML-KEM-512,768,keygen,0,64,0.0,0,0,0,MacBook-Pro-4.local,darwin,0,16.1158,62.35,,,2025-11-17T02:47:56.534433,,1723
ML-KEM-512,768,keygen,0,64,0.0,0,0,0,MacBook-Pro-4.local,darwin,0,15.7575,64.39,,,2025-11-17T02:47:56.534444,,1724
ML-KEM-512,768,keygen,0,64,0.0,0,0,0,MacBook-Pro-4.local,darwin,0,15.6951,61.26,,,2025-11-17T02:47:56.534456,,1725
ML-KEM-512,768,keygen,1024,1,0.0,0,0,0,MacBook-Pro-4.local,darwin,0,16.3829,59.01,,,2025-11-17T02:47:56.534471,,1726
ML-KEM-512,768,keygen,1024,1,0.0,0,0,0,MacBook-Pro-4.local,darwin,0,15.8942,61.98,,,2025-11-17T02:47:56.534482,,1727
ML-KEM-512,768,keygen,1024,1,0.0,0,0,0,MacBook-Pro-4.local,darwin,0,15.7107,66.13,,,2025-11-17T02:47:56.534492,,1728
ML-KEM-512,768,keygen,1024,1,0.0,0,0,0,MacBook-Pro-4.local,darwin,0,15.6175,65.92,,,2025-11-17T02:47:56.534503,,1729
ML-KEM-512,768,keygen,1024,1,0.0,0,0,0,MacBook-Pro-4.local,darwin,0,16.1239,64.71,,,2025-11-17T02:47:56.534513,,1730
ML-KEM-512,768,keygen,1024,16,0.0,0,0,0,MacBook-Pro-4.local,darwin,0,16.6152,62.3,,,2025-11-17T02:47:56.534527,,1731
ML-KEM-512,768,keygen,1024,16,0.0,0,0,0,MacBook-Pro-4.local,darwin,0,16.8633,59.75,,,2025-11-17T02:47:56.534537,,1732
ML-KEM-512,768,keygen,1024,16,0.0,0,0,0,MacBook-Pro-4.local,darwin,0,17.5448,56.74,,,2025-11-17T02:47:56.534547,,1733
ML-KEM-512,768,keygen,1024,16,0.0,0,0,0,MacBook-Pro-4.local,darwin,0,17.2755,57.23,,,2025-11-17T02:47:56.534558,,1734
ML-KEM-512,768,keygen,1024,16,0.0,0,0,0,MacBook-Pro-4.local,darwin,0,16.3333,60.22,,,2025-11-17T02:47:56.534569,,1735
ML-KEM-512,768,keygen,1024,64,0.0,0,0,0,MacBook-Pro-4.local,darwin,0,18.4655,52.47,,,2025-11-17T02:47:56.534582,,1736
ML-KEM-512,768,keygen,1024,64,0.0,0,0,0,MacBook-Pro-4.local,darwin,0,18.5605,54.28,,,2025-11-17T02:47:56.534592,,1737
ML-KEM-512,768,keygen,1024,64,0.0,0,0,0,MacBook-Pro-4.local,darwin,0,18.5093,55.54,,,2025-11-17T02:47:56.534603,,1738
ML-KEM-512,768,keygen,1024,64,0.0,0,0,0,MacBook-Pro-4.local,darwin,0,18.6988,51.21,,,2025-11-17T02:47:56.534613,,1739
ML-KEM-512,768,keygen,1024,64,0.0,0,0,0,MacBook-Pro-4.local,darwin,0,18.6332,53.94,,,2025-11-17T02:47:56.534623,,1740
ML-KEM-512,768,encap,0,1,0.0,0,0,0,MacBook-Pro-4.local,darwin,0,11.2451,87.29,,,2025-11-17T02:47:56.534657,,1741
ML-KEM-512,768,encap,0,1,0.0,0,0,0,MacBook-Pro-4.local,darwin,0,11.8324,88.56,,,2025-11-17T02:47:56.534669,,1742
ML-KEM-512,768,encap,0,1,0.0,0,0,0,MacBook-Pro-4.local,darwin,0,11.8311,88.09,,,2025-11-17T02:47:56.534680,,1743
ML-KEM-512,768,encap,0,1,0.0,0,0,0,MacBook-Pro-4.local,darwin,0,11.5027,85.86,,,2025-11-17T02:47:56.534691,,1744
ML-KEM-512,768,encap,0,1,0.0,0,0,0,MacBook-Pro-4.local,darwin,0,12.5682,77.29,,,2025-11-17T02:47:56.534701,,1745
ML-KEM-512,768,encap,0,16,0.0,0,0,0,MacBook-Pro-4.local,darwin,0,12.777,78.35,,,2025-11-17T02:47:56.534715,,1746
ML-KEM-512,768,encap,0,16,0.0,0,0,0,MacBook-Pro-4.local,darwin,0,12.0922,83.04,,,2025-11-17T02:47:56.534726,,1747
ML-KEM-512,768,encap,0,16,0.0,0,0,0,MacBook-Pro-4.local,darwin,0,12.4128,78.41,,,2025-11-17T02:47:56.534736,,1748
ML-KEM-512,768,encap,0,16,0.0,0,0,0,MacBook-Pro-4.local,darwin,0,12.4311,76.84,,,2025-11-17T02:47:56.534747,,1749
ML-KEM-512,768,encap,0,16,0.0,0,0,0,MacBook-Pro-4.local,darwin,0,12.0856,85.34,,,2025-11-17T02:47:56.534757,,1750
ML-KEM-512,768,encap,0,64,0.0,0,0,0,MacBook-Pro-4.local,darwin,0,14.2379,72.88,,,2025-11-17T02:47:56.534770,,1751
ML-KEM-512,768,encap,0,64,0.0,0,0,0,MacBook-Pro-4.local,darwin,0,13.0728,74.73,,,2025-11-17T02:47:56.534780,,1752
ML-KEM-512,768,encap,0,64,0.0,0,0,0,MacBook-Pro-4.local,darwin,0,13.629,71.07,,,2025-11-17T02:47:56.534790,,1753
ML-KEM-512,768,encap,0,64,0.0,0,0,0,MacBook-Pro-4.local,darwin,0,13.4409,73.99,,,2025-11-17T02:47:56.534800,,1754
ML-KEM-512,768,encap,0,64,0.0,0,0,0,MacBook-Pro-4.local,darwin,0,13.1847,77.53,,,2025-11-17T02:47:56.534810,,1755
ML-KEM-512,768,encap,1024,1,0.0,0,0,0,MacBook-Pro-4.local,darwin,0,13.7323,72.28,,,2025-11-17T02:47:56.534823,,1756
ML-KEM-512,768,encap,1024,1,0.0,0,0,0,MacBook-Pro-4.local,darwin,0,12.05,81.83,,,2025-11-17T02:47:56.534834,,1757
ML-KEM-512,768,encap,1024,1,0.0,0,0,0,MacBook-Pro-4.local,darwin,0,12.8105,79.18,,,2025-11-17T02:47:56.534844,,1758
ML-KEM-512,768,encap,1024,1,0.0,0,0,0,MacBook-Pro-4.local,darwin,0,12.7236,78.92,,,2025-11-17T02:47:56.534854,,1759
ML-KEM-512,768,encap,1024,1,0.0,0,0,0,MacBook-Pro-4.local,darwin,0,14.1905,71.87,,,2025-11-17T02:47:56.534865,,1760
ML-KEM-512,768,encap,1024,16,0.0,0,0,0,MacBook-Pro-4.local,darwin,0,13.9216,69.45,,,2025-11-17T02:47:56.534878,,1761
ML-KEM-512,768,encap,1024,16,0.0,0,0,0,MacBook-Pro-4.local,darwin,0,14.3962,69.6,,,2025-11-17T02:47:56.534888,,1762
ML-KEM-512,768,encap,1024,16,0.0,0,0,0,MacBook-Pro-4.local,darwin,0,13.9234,72.76,,,2025-11-17T02:47:56.534899,,1763
ML-KEM-512,768,encap,1024,16,0.0,0,0,0,MacBook-Pro-4.local,darwin,0,14.7248,65.39,,,2025-11-17T02:47:56.534909,,1764
ML-KEM-512,768,encap,1024,16,0.0,0,0,0,MacBook-Pro-4.local,darwin,0,14.7985,68.16,,,2025-11-17T02:47:56.534919,,1765
ML-KEM-512,768,encap,1024,64,0.0,0,0,0,MacBook-Pro-4.local,darwin,0,14.7584,71.03,,,2025-11-17T02:47:56.534932,,1766
ML-KEM-512,768,encap,1024,64,0.0,0,0,0,MacBook-Pro-4.local,darwin,0,14.3832,67.68,,,2025-11-17T02:47:56.534942,,1767
ML-KEM-512,768,encap,1024,64,0.0,0,0,0,MacBook-Pro-4.local,darwin,0,14.9506,70.17,,,2025-11-17T02:47:56.534953,,1768
ML-KEM-512,768,encap,1024,64,0.0,0,0,0,MacBook-Pro-4.local,darwin,0,14.5282,66.56,,,2025-11-17T02:47:56.534963,,1769
ML-KEM-512,768,encap,1024,64,0.0,0,0,0,MacBook-Pro-4.local,darwin,0,14.9023,66.99,,,2025-11-17T02:47:56.534974,,1770
ML-KEM-512,768,decap,0,1,0.0,0,0,0,MacBook-Pro-4.local,darwin,0,13.3075,75.95,,,2025-11-17T02:47:56.534988,,1771
ML-KEM-512,768,decap,0,1,0.0,0,0,0,MacBook-Pro-4.local,darwin,0,13.4726,72.58,,,2025-11-17T02:47:56.534998,,1772
ML-KEM-512,768,decap,0,1,0.0,0,0,0,MacBook-Pro-4.local,darwin,0,12.7028,76.52,,,2025-11-17T02:47:56.535008,,1773
ML-KEM-512,768,decap,0,1,0.0,0,0,0,MacBook-Pro-4.local,darwin,0,12.9682,75.05,,,2025-11-17T02:47:56.535019,,1774
ML-KEM-512,768,decap,0,1,0.0,0,0,0,MacBook-Pro-4.local,darwin,0,13.2563,73.43,,,2025-11-17T02:47:56.535029,,1775
ML-KEM-512,768,decap,0,16,0.0,0,0,0,MacBook-Pro-4.local,darwin,0,14.0563,73.98,,,2025-11-17T02:47:56.535043,,1776
ML-KEM-512,768,decap,0,16,0.0,0,0,0,MacBook-Pro-4.local,darwin,0,13.6631,73.19,,,2025-11-17T02:47:56.535054,,1777
ML-KEM-512,768,decap,0,16,0.0,0,0,0,MacBook-Pro-4.local,darwin,0,13.5472,73.52,,,2025-11-17T02:47:56.535064,,1778
ML-KEM-512,768,decap,0,16,0.0,0,0,0,MacBook-Pro-4.local,darwin,0,13.4054,73.79,,,2025-11-17T02:47:56.535074,,1779
ML-KEM-512,768,decap,0,16,0.0,0,0,0,MacBook-Pro-4.local,darwin,0,14.6794,65.76,,,2025-11-17T02:47:56.535084,,1780
ML-KEM-512,768,decap,0,64,0.0,0,0,0,MacBook-Pro-4.local,darwin,0,14.6194,70.65,,,2025-11-17T02:47:56.535097,,1781
ML-KEM-512,768,decap,0,64,0.0,0,0,0,MacBook-Pro-4.local,darwin,0,15.1118,65.22,,,2025-11-17T02:47:56.535108,,1782
ML-KEM-512,768,decap,0,64,0.0,0,0,0,MacBook-Pro-4.local,darwin,0,14.7008,69.43,,,2025-11-17T02:47:56.535118,,1783
ML-KEM-512,768,decap,0,64,0.0,0,0,0,MacBook-Pro-4.local,darwin,0,15.3117,65.5,,,2025-11-17T02:47:56.535128,,1784
ML-KEM-512,768,decap,0,64,0.0,0,0,0,MacBook-Pro-4.local,darwin,0,15.4001,62.15,,,2025-11-17T02:47:56.535138,,1785
ML-KEM-512,768,decap,1024,1,0.0,0,0,0,MacBook-Pro-4.local,darwin,0,14.2261,68.61,,,2025-11-17T02:47:56.535152,,1786
ML-KEM-512,768,decap,1024,1,0.0,0,0,0,MacBook-Pro-4.local,darwin,0,15.8223,65.05,,,2025-11-17T02:47:56.535162,,1787
ML-KEM-512,768,decap,1024,1,0.0,0,0,0,MacBook-Pro-4.local,darwin,0,14.3315,68.39,,,2025-11-17T02:47:56.535173,,1788
ML-KEM-512,768,decap,1024,1,0.0,0,0,0,MacBook-Pro-4.local,darwin,0,16.1076,61.72,,,2025-11-17T02:47:56.535184,,1789
ML-KEM-512,768,decap,1024,1,0.0,0,0,0,MacBook-Pro-4.local,darwin,0,14.4673,68.17,,,2025-11-17T02:47:56.535194,,1790
ML-KEM-512,768,decap,1024,16,0.0,0,0,0,MacBook-Pro-4.local,darwin,0,15.9377,62.83,,,2025-11-17T02:47:56.535207,,1791
ML-KEM-512,768,decap,1024,16,0.0,0,0,0,MacBook-Pro-4.local,darwin,0,14.3621,67.9,,,2025-11-17T02:47:56.535217,,1792
ML-KEM-512,768,decap,1024,16,0.0,0,0,0,MacBook-Pro-4.local,darwin,0,15.2075,66.0,,,2025-11-17T02:47:56.535228,,1793
ML-KEM-512,768,decap,1024,16,0.0,0,0,0,MacBook-Pro-4.local,darwin,0,15.9408,61.09,,,2025-11-17T02:47:56.535238,,1794
ML-KEM-512,768,decap,1024,16,0.0,0,0,0,MacBook-Pro-4.local,darwin,0,15.2298,66.69,,,2025-11-17T02:47:56.535248,,1795
ML-KEM-512,768,decap,1024,64,0.0,0,0,0,MacBook-Pro-4.local,darwin,0,15.9897,64.83,,,2025-11-17T02:47:56.535262,,1796
ML-KEM-512,768,decap,1024,64,0.0,0,0,0,MacBook-Pro-4.local,darwin,0,16.8455,61.67,,,2025-11-17T02:47:56.535272,,1797
ML-KEM-512,768,decap,1024,64,0.0,0,0,0,MacBook-Pro-4.local,darwin,0,17.4079,55.34,,,2025-11-17T02:47:56.535282,,1798
ML-KEM-512,768,decap,1024,64,0.0,0,0,0,MacBook-Pro-4.local,darwin,0,16.863,56.8,,,2025-11-17T02:47:56.535293,,1799
ML-KEM-512,768,decap,1024,64,0.0,0,0,0,MacBook-Pro-4.local,darwin,0,17.28,59.3,,,2025-11-17T02:47:56.535303,,1800
ML-KEM-512,1024,keygen,0,1,0.0,0,0,0,MacBook-Pro-4.local,darwin,0,14.3886,69.06,,,2025-11-17T02:47:56.535317,,1801
ML-KEM-512,1024,keygen,0,1,0.0,0,0,0,MacBook-Pro-4.local,darwin,0,13.647,74.82,,,2025-11-17T02:47:56.535327,,1802
ML-KEM-512,1024,keygen,0,1,0.0,0,0,0,MacBook-Pro-4.local,darwin,0,13.5504,72.15,,,2025-11-17T02:47:56.535338,,1803
ML-KEM-512,1024,keygen,0,1,0.0,0,0,0,MacBook-Pro-4.local,darwin,0,14.6362,65.51,,,2025-11-17T02:47:56.535348,,1804
ML-KEM-512,1024,keygen,0,1,0.0,0,0,0,MacBook-Pro-4.local,darwin,0,14.5297,70.84,,,2025-11-17T02:47:56.535358,,1805
ML-KEM-512,1024,keygen,0,16,0.0,0,0,0,MacBook-Pro-4.local,darwin,0,15.6605,64.24,,,2025-11-17T02:47:56.535373,,1806
ML-KEM-512,1024,keygen,0,16,0.0,0,0,0,MacBook-Pro-4.local,darwin,0,14.9118,68.34,,,2025-11-17T02:47:56.535383,,1807
ML-KEM-512,1024,keygen,0,16,0.0,0,0,0,MacBook-Pro-4.local,darwin,0,15.7187,64.05,,,2025-11-17T02:47:56.535394,,1808
ML-KEM-512,1024,keygen,0,16,0.0,0,0,0,MacBook-Pro-4.local,darwin,0,15.3237,64.42,,,2025-11-17T02:47:56.535404,,1809
ML-KEM-512,1024,keygen,0,16,0.0,0,0,0,MacBook-Pro-4.local,darwin,0,14.365,66.75,,,2025-11-17T02:47:56.535414,,1810
ML-KEM-512,1024,keygen,0,64,0.0,0,0,0,MacBook-Pro-4.local,darwin,0,16.6697,60.8,,,2025-11-17T02:47:56.535428,,1811
ML-KEM-512,1024,keygen,0,64,0.0,0,0,0,MacBook-Pro-4.local,darwin,0,15.8444,62.81,,,2025-11-17T02:47:56.535457,,1812
ML-KEM-512,1024,keygen,0,64,0.0,0,0,0,MacBook-Pro-4.local,darwin,0,15.5799,63.14,,,2025-11-17T02:47:56.535469,,1813
ML-KEM-512,1024,keygen,0,64,0.0,0,0,0,MacBook-Pro-4.local,darwin,0,15.3732,67.53,,,2025-11-17T02:47:56.535480,,1814
ML-KEM-512,1024,keygen,0,64,0.0,0,0,0,MacBook-Pro-4.local,darwin,0,15.655,64.53,,,2025-11-17T02:47:56.535490,,1815
ML-KEM-512,1024,keygen,1024,1,0.0,0,0,0,MacBook-Pro-4.local,darwin,0,16.6886,62.79,,,2025-11-17T02:47:56.535504,,1816
ML-KEM-512,1024,keygen,1024,1,0.0,0,0,0,MacBook-Pro-4.local,darwin,0,16.4103,61.56,,,2025-11-17T02:47:56.535515,,1817
ML-KEM-512,1024,keygen,1024,1,0.0,0,0,0,MacBook-Pro-4.local,darwin,0,15.7557,63.94,,,2025-11-17T02:47:56.535526,,1818
ML-KEM-512,1024,keygen,1024,1,0.0,0,0,0,MacBook-Pro-4.local,darwin,0,16.4263,60.31,,,2025-11-17T02:47:56.535536,,1819
ML-KEM-512,1024,keygen,1024,1,0.0,0,0,0,MacBook-Pro-4.local,darwin,0,16.1055,59.59,,,2025-11-17T02:47:56.535546,,1820
ML-KEM-512,1024,keygen,1024,16,0.0,0,0,0,MacBook-Pro-4.local,darwin,0,15.9342,60.04,,,2025-11-17T02:47:56.535560,,1821
ML-KEM-512,1024,keygen,1024,16,0.0,0,0,0,MacBook-Pro-4.local,darwin,0,17.485,58.57,,,2025-11-17T02:47:56.535571,,1822
ML-KEM-512,1024,keygen,1024,16,0.0,0,0,0,MacBook-Pro-4.local,darwin,0,16.5544,58.77,,,2025-11-17T02:47:56.535581,,1823
ML-KEM-512,1024,keygen,1024,16,0.0,0,0,0,MacBook-Pro-4.local,darwin,0,16.3405,63.2,,,2025-11-17T02:47:56.535592,,1824
ML-KEM-512,1024,keygen,1024,16,0.0,0,0,0,MacBook-Pro-4.local,darwin,0,16.5428,63.1,,,2025-11-17T02:47:56.535611,,1825
ML-KEM-512,1024,keygen,1024,64,0.0,0,0,0,MacBook-Pro-4.local,darwin,0,18.6307,51.98,,,2025-11-17T02:47:56.535625,,1826
ML-KEM-512,1024,keygen,1024,64,0.0,0,0,0,MacBook-Pro-4.local,darwin,0,19.2264,51.18,,,2025-11-17T02:47:56.535635,,1827
ML-KEM-512,1024,keygen,1024,64,0.0,0,0,0,MacBook-Pro-4.local,darwin,0,18.3532,54.68,,,2025-11-17T02:47:56.535645,,1828
ML-KEM-512,1024,keygen,1024,64,0.0,0,0,0,MacBook-Pro-4.local,darwin,0,18.147,53.25,,,2025-11-17T02:47:56.535656,,1829
ML-KEM-512,1024,keygen,1024,64,0.0,0,0,0,MacBook-Pro-4.local,darwin,0,17.7468,56.28,,,2025-11-17T02:47:56.535667,,1830
ML-KEM-512,1024,encap,0,1,0.0,0,0,0,MacBook-Pro-4.local,darwin,0,11.3722,87.72,,,2025-11-17T02:47:56.535680,,1831
ML-KEM-512,1024,encap,0,1,0.0,0,0,0,MacBook-Pro-4.local,darwin,0,12.0772,81.72,,,2025-11-17T02:47:56.535691,,1832
ML-KEM-512,1024,encap,0,1,0.0,0,0,0,MacBook-Pro-4.local,darwin,0,12.1473,80.64,,,2025-11-17T02:47:56.535701,,1833
ML-KEM-512,1024,encap,0,1,0.0,0,0,0,MacBook-Pro-4.local,darwin,0,12.2835,78.11,,,2025-11-17T02:47:56.535712,,1834
ML-KEM-512,1024,encap,0,1,0.0,0,0,0,MacBook-Pro-4.local,darwin,0,12.669,75.33,,,2025-11-17T02:47:56.535722,,1835
ML-KEM-512,1024,encap,0,16,0.0,0,0,0,MacBook-Pro-4.local,darwin,0,12.99,76.52,,,2025-11-17T02:47:56.535735,,1836
ML-KEM-512,1024,encap,0,16,0.0,0,0,0,MacBook-Pro-4.local,darwin,0,12.9467,80.34,,,2025-11-17T02:47:56.535745,,1837
ML-KEM-512,1024,encap,0,16,0.0,0,0,0,MacBook-Pro-4.local,darwin,0,12.0136,83.77,,,2025-11-17T02:47:56.535756,,1838
ML-KEM-512,1024,encap,0,16,0.0,0,0,0,MacBook-Pro-4.local,darwin,0,11.581,87.91,,,2025-11-17T02:47:56.535767,,1839
ML-KEM-512,1024,encap,0,16,0.0,0,0,0,MacBook-Pro-4.local,darwin,0,12.8425,74.71,,,2025-11-17T02:47:56.535777,,1840
ML-KEM-512,1024,encap,0,64,0.0,0,0,0,MacBook-Pro-4.local,darwin,0,14.5858,67.37,,,2025-11-17T02:47:56.535790,,1841
ML-KEM-512,1024,encap,0,64,0.0,0,0,0,MacBook-Pro-4.local,darwin,0,13.6133,71.89,,,2025-11-17T02:47:56.535800,,1842
ML-KEM-512,1024,encap,0,64,0.0,0,0,0,MacBook-Pro-4.local,darwin,0,14.3621,72.81,,,2025-11-17T02:47:56.535811,,1843
ML-KEM-512,1024,encap,0,64,0.0,0,0,0,MacBook-Pro-4.local,darwin,0,12.9756,74.24,,,2025-11-17T02:47:56.535821,,1844
ML-KEM-512,1024,encap,0,64,0.0,0,0,0,MacBook-Pro-4.local,darwin,0,13.8819,73.97,,,2025-11-17T02:47:56.535831,,1845
ML-KEM-512,1024,encap,1024,1,0.0,0,0,0,MacBook-Pro-4.local,darwin,0,14.1534,69.19,,,2025-11-17T02:47:56.535845,,1846
ML-KEM-512,1024,encap,1024,1,0.0,0,0,0,MacBook-Pro-4.local,darwin,0,12.9254,74.44,,,2025-11-17T02:47:56.535856,,1847
ML-KEM-512,1024,encap,1024,1,0.0,0,0,0,MacBook-Pro-4.local,darwin,0,13.0232,73.81,,,2025-11-17T02:47:56.535866,,1848
ML-KEM-512,1024,encap,1024,1,0.0,0,0,0,MacBook-Pro-4.local,darwin,0,14.1118,67.59,,,2025-11-17T02:47:56.535876,,1849
ML-KEM-512,1024,encap,1024,1,0.0,0,0,0,MacBook-Pro-4.local,darwin,0,13.9546,73.99,,,2025-11-17T02:47:56.535887,,1850
ML-KEM-512,1024,encap,1024,16,0.0,0,0,0,MacBook-Pro-4.local,darwin,0,14.3657,72.93,,,2025-11-17T02:47:56.535900,,1851
ML-KEM-512,1024,encap,1024,16,0.0,0,0,0,MacBook-Pro-4.local,darwin,0,14.0343,68.09,,,2025-11-17T02:47:56.535910,,1852
ML-KEM-512,1024,encap,1024,16,0.0,0,0,0,MacBook-Pro-4.local,darwin,0,14.0544,71.36,,,2025-11-17T02:47:56.535921,,1853
ML-KEM-512,1024,encap,1024,16,0.0,0,0,0,MacBook-Pro-4.local,darwin,0,13.6094,73.09,,,2025-11-17T02:47:56.535931,,1854
ML-KEM-512,1024,encap,1024,16,0.0,0,0,0,MacBook-Pro-4.local,darwin,0,14.0381,70.27,,,2025-11-17T02:47:56.535942,,1855
ML-KEM-512,1024,encap,1024,64,0.0,0,0,0,MacBook-Pro-4.local,darwin,0,14.8684,65.11,,,2025-11-17T02:47:56.535956,,1856
ML-KEM-512,1024,encap,1024,64,0.0,0,0,0,MacBook-Pro-4.local,darwin,0,15.1007,66.86,,,2025-11-17T02:47:56.535966,,1857
ML-KEM-512,1024,encap,1024,64,0.0,0,0,0,MacBook-Pro-4.local,darwin,0,15.4923,64.62,,,2025-11-17T02:47:56.535976,,1858
ML-KEM-512,1024,encap,1024,64,0.0,0,0,0,MacBook-Pro-4.local,darwin,0,14.9408,66.34,,,2025-11-17T02:47:56.535986,,1859
ML-KEM-512,1024,encap,1024,64,0.0,0,0,0,MacBook-Pro-4.local,darwin,0,15.18,65.3,,,2025-11-17T02:47:56.535997,,1860
ML-KEM-512,1024,decap,0,1,0.0,0,0,0,MacBook-Pro-4.local,darwin,0,12.5911,78.01,,,2025-11-17T02:47:56.536010,,1861
ML-KEM-512,1024,decap,0,1,0.0,0,0,0,MacBook-Pro-4.local,darwin,0,13.9005,73.62,,,2025-11-17T02:47:56.536021,,1862
ML-KEM-512,1024,decap,0,1,0.0,0,0,0,MacBook-Pro-4.local,darwin,0,13.1956,77.32,,,2025-11-17T02:47:56.536031,,1863
ML-KEM-512,1024,decap,0,1,0.0,0,0,0,MacBook-Pro-4.local,darwin,0,13.4145,72.17,,,2025-11-17T02:47:56.536041,,1864
ML-KEM-512,1024,decap,0,1,0.0,0,0,0,MacBook-Pro-4.local,darwin,0,12.3492,77.32,,,2025-11-17T02:47:56.536051,,1865
ML-KEM-512,1024,decap,0,16,0.0,0,0,0,MacBook-Pro-4.local,darwin,0,13.503,72.26,,,2025-11-17T02:47:56.536065,,1866
ML-KEM-512,1024,decap,0,16,0.0,0,0,0,MacBook-Pro-4.local,darwin,0,13.6868,73.3,,,2025-11-17T02:47:56.536076,,1867
ML-KEM-512,1024,decap,0,16,0.0,0,0,0,MacBook-Pro-4.local,darwin,0,13.0767,78.55,,,2025-11-17T02:47:56.536087,,1868
ML-KEM-512,1024,decap,0,16,0.0,0,0,0,MacBook-Pro-4.local,darwin,0,13.1887,72.67,,,2025-11-17T02:47:56.536097,,1869
ML-KEM-512,1024,decap,0,16,0.0,0,0,0,MacBook-Pro-4.local,darwin,0,13.771,73.42,,,2025-11-17T02:47:56.536107,,1870
ML-KEM-512,1024,decap,0,64,0.0,0,0,0,MacBook-Pro-4.local,darwin,0,14.8747,66.65,,,2025-11-17T02:47:56.536120,,1871
ML-KEM-512,1024,decap,0,64,0.0,0,0,0,MacBook-Pro-4.local,darwin,0,15.3843,62.51,,,2025-11-17T02:47:56.536131,,1872
ML-KEM-512,1024,decap,0,64,0.0,0,0,0,MacBook-Pro-4.local,darwin,0,14.8854,66.59,,,2025-11-17T02:47:56.536141,,1873
ML-KEM-512,1024,decap,0,64,0.0,0,0,0,MacBook-Pro-4.local,darwin,0,14.3658,67.81,,,2025-11-17T02:47:56.536151,,1874
ML-KEM-512,1024,decap,0,64,0.0,0,0,0,MacBook-Pro-4.local,darwin,0,14.9893,67.59,,,2025-11-17T02:47:56.536162,,1875
ML-KEM-512,1024,decap,1024,1,0.0,0,0,0,MacBook-Pro-4.local,darwin,0,14.528,69.48,,,2025-11-17T02:47:56.536175,,1876
ML-KEM-512,1024,decap,1024,1,0.0,0,0,0,MacBook-Pro-4.local,darwin,0,14.9325,69.07,,,2025-11-17T02:47:56.536186,,1877
ML-KEM-512,1024,decap,1024,1,0.0,0,0,0,MacBook-Pro-4.local,darwin,0,14.4143,66.44,,,2025-11-17T02:47:56.536196,,1878
ML-KEM-512,1024,decap,1024,1,0.0,0,0,0,MacBook-Pro-4.local,darwin,0,14.8243,65.51,,,2025-11-17T02:47:56.536207,,1879
ML-KEM-512,1024,decap,1024,1,0.0,0,0,0,MacBook-Pro-4.local,darwin,0,14.5509,69.32,,,2025-11-17T02:47:56.536217,,1880
ML-KEM-512,1024,decap,1024,16,0.0,0,0,0,MacBook-Pro-4.local,darwin,0,16.2356,62.97,,,2025-11-17T02:47:56.536230,,1881
ML-KEM-512,1024,decap,1024,16,0.0,0,0,0,MacBook-Pro-4.local,darwin,0,15.8042,64.15,,,2025-11-17T02:47:56.536260,,1882
ML-KEM-512,1024,decap,1024,16,0.0,0,0,0,MacBook-Pro-4.local,darwin,0,15.0473,63.2,,,2025-11-17T02:47:56.536272,,1883
ML-KEM-512,1024,decap,1024,16,0.0,0,0,0,MacBook-Pro-4.local,darwin,0,14.888,67.74,,,2025-11-17T02:47:56.536283,,1884
ML-KEM-512,1024,decap,1024,16,0.0,0,0,0,MacBook-Pro-4.local,darwin,0,15.0236,65.86,,,2025-11-17T02:47:56.536294,,1885
ML-KEM-512,1024,decap,1024,64,0.0,0,0,0,MacBook-Pro-4.local,darwin,0,16.8196,57.1,,,2025-11-17T02:47:56.536307,,1886
ML-KEM-512,1024,decap,1024,64,0.0,0,0,0,MacBook-Pro-4.local,darwin,0,17.1025,61.27,,,2025-11-17T02:47:56.536318,,1887
ML-KEM-512,1024,decap,1024,64,0.0,0,0,0,MacBook-Pro-4.local,darwin,0,16.9605,59.1,,,2025-11-17T02:47:56.536328,,1888
ML-KEM-512,1024,decap,1024,64,0.0,0,0,0,MacBook-Pro-4.local,darwin,0,16.7542,58.84,,,2025-11-17T02:47:56.536339,,1889
ML-KEM-512,1024,decap,1024,64,0.0,0,0,0,MacBook-Pro-4.local,darwin,0,16.4125,63.13,,,2025-11-17T02:47:56.536349,,1890
ML-KEM-768,512,keygen,0,1,0.0,0,0,0,MacBook-Pro-4.local,darwin,0,14.402,66.65,,,2025-11-17T02:47:56.536363,,1891
ML-KEM-768,512,keygen,0,1,0.0,0,0,0,MacBook-Pro-4.local,darwin,0,14.5611,69.03,,,2025-11-17T02:47:56.536374,,1892
ML-KEM-768,512,keygen,0,1,0.0,0,0,0,MacBook-Pro-4.local,darwin,0,14.5699,71.51,,,2025-11-17T02:47:56.536384,,1893
ML-KEM-768,512,keygen,0,1,0.0,0,0,0,MacBook-Pro-4.local,darwin,0,15.0476,65.39,,,2025-11-17T02:47:56.536394,,1894
ML-KEM-768,512,keygen,0,1,0.0,0,0,0,MacBook-Pro-4.local,darwin,0,14.8011,65.91,,,2025-11-17T02:47:56.536405,,1895
ML-KEM-768,512,keygen,0,16,0.0,0,0,0,MacBook-Pro-4.local,darwin,0,13.89,73.28,,,2025-11-17T02:47:56.536418,,1896
ML-KEM-768,512,keygen,0,16,0.0,0,0,0,MacBook-Pro-4.local,darwin,0,15.0891,66.48,,,2025-11-17T02:47:56.536428,,1897
ML-KEM-768,512,keygen,0,16,0.0,0,0,0,MacBook-Pro-4.local,darwin,0,14.9834,63.52,,,2025-11-17T02:47:56.536439,,1898
ML-KEM-768,512,keygen,0,16,0.0,0,0,0,MacBook-Pro-4.local,darwin,0,15.3151,68.1,,,2025-11-17T02:47:56.536449,,1899
ML-KEM-768,512,keygen,0,16,0.0,0,0,0,MacBook-Pro-4.local,darwin,0,14.4094,71.41,,,2025-11-17T02:47:56.536459,,1900
ML-KEM-768,512,keygen,0,64,0.0,0,0,0,MacBook-Pro-4.local,darwin,0,15.8834,64.55,,,2025-11-17T02:47:56.536473,,1901
ML-KEM-768,512,keygen,0,64,0.0,0,0,0,MacBook-Pro-4.local,darwin,0,16.4668,59.6,,,2025-11-17T02:47:56.536483,,1902
ML-KEM-768,512,keygen,0,64,0.0,0,0,0,MacBook-Pro-4.local,darwin,0,15.9789,64.14,,,2025-11-17T02:47:56.536493,,1903
ML-KEM-768,512,keygen,0,64,0.0,0,0,0,MacBook-Pro-4.local,darwin,0,15.8828,63.45,,,2025-11-17T02:47:56.536503,,1904
ML-KEM-768,512,keygen,0,64,0.0,0,0,0,MacBook-Pro-4.local,darwin,0,17.0616,59.79,,,2025-11-17T02:47:56.536513,,1905
ML-KEM-768,512,keygen,1024,1,0.0,0,0,0,MacBook-Pro-4.local,darwin,0,16.1462,63.72,,,2025-11-17T02:47:56.536527,,1906
ML-KEM-768,512,keygen,1024,1,0.0,0,0,0,MacBook-Pro-4.local,darwin,0,15.7584,65.47,,,2025-11-17T02:47:56.536538,,1907
ML-KEM-768,512,keygen,1024,1,0.0,0,0,0,MacBook-Pro-4.local,darwin,0,15.7687,66.4,,,2025-11-17T02:47:56.536549,,1908
ML-KEM-768,512,keygen,1024,1,0.0,0,0,0,MacBook-Pro-4.local,darwin,0,16.9904,58.12,,,2025-11-17T02:47:56.536559,,1909
ML-KEM-768,512,keygen,1024,1,0.0,0,0,0,MacBook-Pro-4.local,darwin,0,16.4303,57.92,,,2025-11-17T02:47:56.536570,,1910
ML-KEM-768,512,keygen,1024,16,0.0,0,0,0,MacBook-Pro-4.local,darwin,0,16.2563,61.83,,,2025-11-17T02:47:56.536585,,1911
ML-KEM-768,512,keygen,1024,16,0.0,0,0,0,MacBook-Pro-4.local,darwin,0,16.2908,62.76,,,2025-11-17T02:47:56.536595,,1912
ML-KEM-768,512,keygen,1024,16,0.0,0,0,0,MacBook-Pro-4.local,darwin,0,16.5952,61.92,,,2025-11-17T02:47:56.536606,,1913
ML-KEM-768,512,keygen,1024,16,0.0,0,0,0,MacBook-Pro-4.local,darwin,0,16.4428,57.85,,,2025-11-17T02:47:56.536616,,1914
ML-KEM-768,512,keygen,1024,16,0.0,0,0,0,MacBook-Pro-4.local,darwin,0,16.6363,61.46,,,2025-11-17T02:47:56.536627,,1915
ML-KEM-768,512,keygen,1024,64,0.0,0,0,0,MacBook-Pro-4.local,darwin,0,18.5321,52.49,,,2025-11-17T02:47:56.536640,,1916
ML-KEM-768,512,keygen,1024,64,0.0,0,0,0,MacBook-Pro-4.local,darwin,0,17.9934,53.97,,,2025-11-17T02:47:56.536650,,1917
ML-KEM-768,512,keygen,1024,64,0.0,0,0,0,MacBook-Pro-4.local,darwin,0,17.8265,56.53,,,2025-11-17T02:47:56.536661,,1918
ML-KEM-768,512,keygen,1024,64,0.0,0,0,0,MacBook-Pro-4.local,darwin,0,17.714,54.52,,,2025-11-17T02:47:56.536671,,1919
ML-KEM-768,512,keygen,1024,64,0.0,0,0,0,MacBook-Pro-4.local,darwin,0,18.4098,54.41,,,2025-11-17T02:47:56.536681,,1920
ML-KEM-768,512,encap,0,1,0.0,0,0,0,MacBook-Pro-4.local,darwin,0,13.214,76.43,,,2025-11-17T02:47:56.536695,,1921
ML-KEM-768,512,encap,0,1,0.0,0,0,0,MacBook-Pro-4.local,darwin,0,11.707,85.17,,,2025-11-17T02:47:56.536705,,1922
ML-KEM-768,512,encap,0,1,0.0,0,0,0,MacBook-Pro-4.local,darwin,0,12.138,80.75,,,2025-11-17T02:47:56.536716,,1923
ML-KEM-768,512,encap,0,1,0.0,0,0,0,MacBook-Pro-4.local,darwin,0,12.0701,79.73,,,2025-11-17T02:47:56.536727,,1924
ML-KEM-768,512,encap,0,1,0.0,0,0,0,MacBook-Pro-4.local,darwin,0,12.323,84.95,,,2025-11-17T02:47:56.536737,,1925
ML-KEM-768,512,encap,0,16,0.0,0,0,0,MacBook-Pro-4.local,darwin,0,12.6873,78.36,,,2025-11-17T02:47:56.536751,,1926
ML-KEM-768,512,encap,0,16,0.0,0,0,0,MacBook-Pro-4.local,darwin,0,12.5375,77.62,,,2025-11-17T02:47:56.536761,,1927
ML-KEM-768,512,encap,0,16,0.0,0,0,0,MacBook-Pro-4.local,darwin,0,12.6796,80.42,,,2025-11-17T02:47:56.536772,,1928
ML-KEM-768,512,encap,0,16,0.0,0,0,0,MacBook-Pro-4.local,darwin,0,12.3071,82.1,,,2025-11-17T02:47:56.536782,,1929
ML-KEM-768,512,encap,0,16,0.0,0,0,0,MacBook-Pro-4.local,darwin,0,12.4132,82.94,,,2025-11-17T02:47:56.536792,,1930
ML-KEM-768,512,encap,0,64,0.0,0,0,0,MacBook-Pro-4.local,darwin,0,12.8848,76.08,,,2025-11-17T02:47:56.536805,,1931
ML-KEM-768,512,encap,0,64,0.0,0,0,0,MacBook-Pro-4.local,darwin,0,13.5606,74.83,,,2025-11-17T02:47:56.536815,,1932
ML-KEM-768,512,encap,0,64,0.0,0,0,0,MacBook-Pro-4.local,darwin,0,12.8509,76.35,,,2025-11-17T02:47:56.536825,,1933
ML-KEM-768,512,encap,0,64,0.0,0,0,0,MacBook-Pro-4.local,darwin,0,12.5766,82.01,,,2025-11-17T02:47:56.536835,,1934
ML-KEM-768,512,encap,0,64,0.0,0,0,0,MacBook-Pro-4.local,darwin,0,13.7739,75.53,,,2025-11-17T02:47:56.536846,,1935
ML-KEM-768,512,encap,1024,1,0.0,0,0,0,MacBook-Pro-4.local,darwin,0,14.0392,73.96,,,2025-11-17T02:47:56.536859,,1936
ML-KEM-768,512,encap,1024,1,0.0,0,0,0,MacBook-Pro-4.local,darwin,0,12.656,80.6,,,2025-11-17T02:47:56.536870,,1937
ML-KEM-768,512,encap,1024,1,0.0,0,0,0,MacBook-Pro-4.local,darwin,0,13.4235,71.89,,,2025-11-17T02:47:56.536880,,1938
ML-KEM-768,512,encap,1024,1,0.0,0,0,0,MacBook-Pro-4.local,darwin,0,13.421,76.07,,,2025-11-17T02:47:56.536892,,1939
ML-KEM-768,512,encap,1024,1,0.0,0,0,0,MacBook-Pro-4.local,darwin,0,13.321,77.86,,,2025-11-17T02:47:56.536902,,1940
ML-KEM-768,512,encap,1024,16,0.0,0,0,0,MacBook-Pro-4.local,darwin,0,14.3656,69.57,,,2025-11-17T02:47:56.536915,,1941
ML-KEM-768,512,encap,1024,16,0.0,0,0,0,MacBook-Pro-4.local,darwin,0,14.2612,66.89,,,2025-11-17T02:47:56.536925,,1942
ML-KEM-768,512,encap,1024,16,0.0,0,0,0,MacBook-Pro-4.local,darwin,0,13.8424,69.07,,,2025-11-17T02:47:56.536936,,1943
ML-KEM-768,512,encap,1024,16,0.0,0,0,0,MacBook-Pro-4.local,darwin,0,13.423,73.13,,,2025-11-17T02:47:56.536946,,1944
ML-KEM-768,512,encap,1024,16,0.0,0,0,0,MacBook-Pro-4.local,darwin,0,13.2077,76.36,,,2025-11-17T02:47:56.536956,,1945
ML-KEM-768,512,encap,1024,64,0.0,0,0,0,MacBook-Pro-4.local,darwin,0,16.111,63.15,,,2025-11-17T02:47:56.536969,,1946
ML-KEM-768,512,encap,1024,64,0.0,0,0,0,MacBook-Pro-4.local,darwin,0,15.7238,61.64,,,2025-11-17T02:47:56.536980,,1947
ML-KEM-768,512,encap,1024,64,0.0,0,0,0,MacBook-Pro-4.local,darwin,0,15.2164,63.33,,,2025-11-17T02:47:56.536990,,1948
ML-KEM-768,512,encap,1024,64,0.0,0,0,0,MacBook-Pro-4.local,darwin,0,14.7639,69.65,,,2025-11-17T02:47:56.537000,,1949
ML-KEM-768,512,encap,1024,64,0.0,0,0,0,MacBook-Pro-4.local,darwin,0,15.1124,68.59,,,2025-11-17T02:47:56.537010,,1950
ML-KEM-768,512,decap,0,1,0.0,0,0,0,MacBook-Pro-4.local,darwin,0,13.81,70.04,,,2025-11-17T02:47:56.537024,,1951
ML-KEM-768,512,decap,0,1,0.0,0,0,0,MacBook-Pro-4.local,darwin,0,12.9784,75.77,,,2025-11-17T02:47:56.537040,,1952
ML-KEM-768,512,decap,0,1,0.0,0,0,0,MacBook-Pro-4.local,darwin,0,13.4689,73.29,,,2025-11-17T02:47:56.537100,,1953
ML-KEM-768,512,decap,0,1,0.0,0,0,0,MacBook-Pro-4.local,darwin,0,13.0161,73.81,,,2025-11-17T02:47:56.537113,,1954
ML-KEM-768,512,decap,0,1,0.0,0,0,0,MacBook-Pro-4.local,darwin,0,12.937,75.3,,,2025-11-17T02:47:56.537124,,1955
ML-KEM-768,512,decap,0,16,0.0,0,0,0,MacBook-Pro-4.local,darwin,0,12.5778,81.42,,,2025-11-17T02:47:56.537140,,1956
ML-KEM-768,512,decap,0,16,0.0,0,0,0,MacBook-Pro-4.local,darwin,0,13.4264,75.84,,,2025-11-17T02:47:56.537151,,1957
ML-KEM-768,512,decap,0,16,0.0,0,0,0,MacBook-Pro-4.local,darwin,0,13.7173,70.77,,,2025-11-17T02:47:56.537162,,1958
ML-KEM-768,512,decap,0,16,0.0,0,0,0,MacBook-Pro-4.local,darwin,0,13.7269,71.88,,,2025-11-17T02:47:56.537172,,1959
ML-KEM-768,512,decap,0,16,0.0,0,0,0,MacBook-Pro-4.local,darwin,0,13.3094,76.33,,,2025-11-17T02:47:56.537205,,1960
ML-KEM-768,512,decap,0,64,0.0,0,0,0,MacBook-Pro-4.local,darwin,0,15.2511,68.17,,,2025-11-17T02:47:56.537218,,1961
ML-KEM-768,512,decap,0,64,0.0,0,0,0,MacBook-Pro-4.local,darwin,0,14.7451,65.44,,,2025-11-17T02:47:56.537228,,1962
ML-KEM-768,512,decap,0,64,0.0,0,0,0,MacBook-Pro-4.local,darwin,0,14.5708,70.26,,,2025-11-17T02:47:56.537239,,1963
ML-KEM-768,512,decap,0,64,0.0,0,0,0,MacBook-Pro-4.local,darwin,0,15.7115,65.24,,,2025-11-17T02:47:56.537249,,1964
ML-KEM-768,512,decap,0,64,0.0,0,0,0,MacBook-Pro-4.local,darwin,0,14.7598,70.99,,,2025-11-17T02:47:56.537259,,1965
ML-KEM-768,512,decap,1024,1,0.0,0,0,0,MacBook-Pro-4.local,darwin,0,14.9713,67.11,,,2025-11-17T02:47:56.537274,,1966
ML-KEM-768,512,decap,1024,1,0.0,0,0,0,MacBook-Pro-4.local,darwin,0,15.15,68.27,,,2025-11-17T02:47:56.537285,,1967
ML-KEM-768,512,decap,1024,1,0.0,0,0,0,MacBook-Pro-4.local,darwin,0,14.2013,69.5,,,2025-11-17T02:47:56.537295,,1968
ML-KEM-768,512,decap,1024,1,0.0,0,0,0,MacBook-Pro-4.local,darwin,0,15.1802,68.04,,,2025-11-17T02:47:56.537306,,1969
ML-KEM-768,512,decap,1024,1,0.0,0,0,0,MacBook-Pro-4.local,darwin,0,15.1547,68.21,,,2025-11-17T02:47:56.537316,,1970
ML-KEM-768,512,decap,1024,16,0.0,0,0,0,MacBook-Pro-4.local,darwin,0,15.3082,66.03,,,2025-11-17T02:47:56.537330,,1971
ML-KEM-768,512,decap,1024,16,0.0,0,0,0,MacBook-Pro-4.local,darwin,0,14.4832,71.84,,,2025-11-17T02:47:56.537340,,1972
ML-KEM-768,512,decap,1024,16,0.0,0,0,0,MacBook-Pro-4.local,darwin,0,15.9895,65.06,,,2025-11-17T02:47:56.537350,,1973
ML-KEM-768,512,decap,1024,16,0.0,0,0,0,MacBook-Pro-4.local,darwin,0,15.5914,65.41,,,2025-11-17T02:47:56.537361,,1974
ML-KEM-768,512,decap,1024,16,0.0,0,0,0,MacBook-Pro-4.local,darwin,0,15.3294,64.54,,,2025-11-17T02:47:56.537371,,1975
ML-KEM-768,512,decap,1024,64,0.0,0,0,0,MacBook-Pro-4.local,darwin,0,16.5374,63.27,,,2025-11-17T02:47:56.537384,,1976
ML-KEM-768,512,decap,1024,64,0.0,0,0,0,MacBook-Pro-4.local,darwin,0,17.016,59.08,,,2025-11-17T02:47:56.537394,,1977
ML-KEM-768,512,decap,1024,64,0.0,0,0,0,MacBook-Pro-4.local,darwin,0,15.8822,64.6,,,2025-11-17T02:47:56.537406,,1978
ML-KEM-768,512,decap,1024,64,0.0,0,0,0,MacBook-Pro-4.local,darwin,0,16.5199,62.99,,,2025-11-17T02:47:56.537416,,1979
ML-KEM-768,512,decap,1024,64,0.0,0,0,0,MacBook-Pro-4.local,darwin,0,17.0983,55.69,,,2025-11-17T02:47:56.537427,,1980
ML-KEM-768,768,keygen,0,1,0.0,0,0,0,MacBook-Pro-4.local,darwin,0,15.2588,62.85,,,2025-11-17T02:47:56.537441,,1981
ML-KEM-768,768,keygen,0,1,0.0,0,0,0,MacBook-Pro-4.local,darwin,0,14.6363,65.57,,,2025-11-17T02:47:56.537451,,1982
ML-KEM-768,768,keygen,0,1,0.0,0,0,0,MacBook-Pro-4.local,darwin,0,13.5229,76.5,,,2025-11-17T02:47:56.537462,,1983
ML-KEM-768,768,keygen,0,1,0.0,0,0,0,MacBook-Pro-4.local,darwin,0,14.8057,66.48,,,2025-11-17T02:47:56.537472,,1984
ML-KEM-768,768,keygen,0,1,0.0,0,0,0,MacBook-Pro-4.local,darwin,0,14.804,68.67,,,2025-11-17T02:47:56.537483,,1985
ML-KEM-768,768,keygen,0,16,0.0,0,0,0,MacBook-Pro-4.local,darwin,0,14.5777,69.76,,,2025-11-17T02:47:56.537496,,1986
ML-KEM-768,768,keygen,0,16,0.0,0,0,0,MacBook-Pro-4.local,darwin,0,14.8645,66.53,,,2025-11-17T02:47:56.537507,,1987
ML-KEM-768,768,keygen,0,16,0.0,0,0,0,MacBook-Pro-4.local,darwin,0,13.9451,70.2,,,2025-11-17T02:47:56.537517,,1988
ML-KEM-768,768,keygen,0,16,0.0,0,0,0,MacBook-Pro-4.local,darwin,0,15.096,63.21,,,2025-11-17T02:47:56.537528,,1989
ML-KEM-768,768,keygen,0,16,0.0,0,0,0,MacBook-Pro-4.local,darwin,0,15.264,68.22,,,2025-11-17T02:47:56.537538,,1990
ML-KEM-768,768,keygen,0,64,0.0,0,0,0,MacBook-Pro-4.local,darwin,0,16.2528,61.5,,,2025-11-17T02:47:56.537551,,1991
ML-KEM-768,768,keygen,0,64,0.0,0,0,0,MacBook-Pro-4.local,darwin,0,16.4446,60.79,,,2025-11-17T02:47:56.537562,,1992
ML-KEM-768,768,keygen,0,64,0.0,0,0,0,MacBook-Pro-4.local,darwin,0,16.0219,61.57,,,2025-11-17T02:47:56.537572,,1993
ML-KEM-768,768,keygen,0,64,0.0,0,0,0,MacBook-Pro-4.local,darwin,0,16.3684,60.9,,,2025-11-17T02:47:56.537582,,1994
ML-KEM-768,768,keygen,0,64,0.0,0,0,0,MacBook-Pro-4.local,darwin,0,16.4673,60.79,,,2025-11-17T02:47:56.537593,,1995
ML-KEM-768,768,keygen,1024,1,0.0,0,0,0,MacBook-Pro-4.local,darwin,0,16.5664,57.43,,,2025-11-17T02:47:56.537606,,1996
ML-KEM-768,768,keygen,1024,1,0.0,0,0,0,MacBook-Pro-4.local,darwin,0,15.3468,67.77,,,2025-11-17T02:47:56.537617,,1997
ML-KEM-768,768,keygen,1024,1,0.0,0,0,0,MacBook-Pro-4.local,darwin,0,15.5753,66.6,,,2025-11-17T02:47:56.537627,,1998
ML-KEM-768,768,keygen,1024,1,0.0,0,0,0,MacBook-Pro-4.local,darwin,0,17.0875,58.67,,,2025-11-17T02:47:56.537638,,1999
ML-KEM-768,768,keygen,1024,1,0.0,0,0,0,MacBook-Pro-4.local,darwin,0,16.9872,58.2,,,2025-11-17T02:47:56.537648,,2000
ML-KEM-768,768,keygen,1024,16,0.0,0,0,0,MacBook-Pro-4.local,darwin,0,16.4599,59.56,,,2025-11-17T02:47:56.537661,,2001
ML-KEM-768,768,keygen,1024,16,0.0,0,0,0,MacBook-Pro-4.local,darwin,0,17.3808,59.78,,,2025-11-17T02:47:56.537672,,2002
ML-KEM-768,768,keygen,1024,16,0.0,0,0,0,MacBook-Pro-4.local,darwin,0,16.5757,58.89,,,2025-11-17T02:47:56.537682,,2003
ML-KEM-768,768,keygen,1024,16,0.0,0,0,0,MacBook-Pro-4.local,darwin,0,17.8194,56.28,,,2025-11-17T02:47:56.537693,,2004
ML-KEM-768,768,keygen,1024,16,0.0,0,0,0,MacBook-Pro-4.local,darwin,0,16.4685,63.24,,,2025-11-17T02:47:56.537703,,2005
ML-KEM-768,768,keygen,1024,64,0.0,0,0,0,MacBook-Pro-4.local,darwin,0,18.0441,57.89,,,2025-11-17T02:47:56.537716,,2006
ML-KEM-768,768,keygen,1024,64,0.0,0,0,0,MacBook-Pro-4.local,darwin,0,17.6339,57.05,,,2025-11-17T02:47:56.537727,,2007
ML-KEM-768,768,keygen,1024,64,0.0,0,0,0,MacBook-Pro-4.local,darwin,0,17.7612,58.64,,,2025-11-17T02:47:56.537738,,2008
ML-KEM-768,768,keygen,1024,64,0.0,0,0,0,MacBook-Pro-4.local,darwin,0,18.5199,53.17,,,2025-11-17T02:47:56.537748,,2009
ML-KEM-768,768,keygen,1024,64,0.0,0,0,0,MacBook-Pro-4.local,darwin,0,18.5553,55.19,,,2025-11-17T02:47:56.537758,,2010
ML-KEM-768,768,encap,0,1,0.0,0,0,0,MacBook-Pro-4.local,darwin,0,12.9308,75.49,,,2025-11-17T02:47:56.537772,,2011
ML-KEM-768,768,encap,0,1,0.0,0,0,0,MacBook-Pro-4.local,darwin,0,12.2979,78.13,,,2025-11-17T02:47:56.537782,,2012
ML-KEM-768,768,encap,0,1,0.0,0,0,0,MacBook-Pro-4.local,darwin,0,12.772,80.8,,,2025-11-17T02:47:56.537793,,2013
ML-KEM-768,768,encap,0,1,0.0,0,0,0,MacBook-Pro-4.local,darwin,0,12.2628,81.42,,,2025-11-17T02:47:56.537803,,2014
ML-KEM-768,768,encap,0,1,0.0,0,0,0,MacBook-Pro-4.local,darwin,0,11.0652,88.43,,,2025-11-17T02:47:56.537813,,2015
ML-KEM-768,768,encap,0,16,0.0,0,0,0,MacBook-Pro-4.local,darwin,0,11.9538,82.07,,,2025-11-17T02:47:56.537826,,2016
ML-KEM-768,768,encap,0,16,0.0,0,0,0,MacBook-Pro-4.local,darwin,0,11.7367,81.5,,,2025-11-17T02:47:56.537837,,2017
ML-KEM-768,768,encap,0,16,0.0,0,0,0,MacBook-Pro-4.local,darwin,0,12.5934,77.62,,,2025-11-17T02:47:56.537847,,2018
ML-KEM-768,768,encap,0,16,0.0,0,0,0,MacBook-Pro-4.local,darwin,0,12.3545,81.71,,,2025-11-17T02:47:56.537858,,2019
ML-KEM-768,768,encap,0,16,0.0,0,0,0,MacBook-Pro-4.local,darwin,0,11.3868,91.96,,,2025-11-17T02:47:56.537868,,2020
ML-KEM-768,768,encap,0,64,0.0,0,0,0,MacBook-Pro-4.local,darwin,0,14.4745,71.17,,,2025-11-17T02:47:56.537882,,2021
ML-KEM-768,768,encap,0,64,0.0,0,0,0,MacBook-Pro-4.local,darwin,0,14.2503,73.07,,,2025-11-17T02:47:56.537892,,2022
ML-KEM-768,768,encap,0,64,0.0,0,0,0,MacBook-Pro-4.local,darwin,0,12.9167,76.52,,,2025-11-17T02:47:56.537902,,2023
ML-KEM-768,768,encap,0,64,0.0,0,0,0,MacBook-Pro-4.local,darwin,0,13.1382,73.1,,,2025-11-17T02:47:56.537932,,2024
ML-KEM-768,768,encap,0,64,0.0,0,0,0,MacBook-Pro-4.local,darwin,0,14.2716,66.96,,,2025-11-17T02:47:56.537944,,2025
ML-KEM-768,768,encap,1024,1,0.0,0,0,0,MacBook-Pro-4.local,darwin,0,13.2581,76.43,,,2025-11-17T02:47:56.537958,,2026
ML-KEM-768,768,encap,1024,1,0.0,0,0,0,MacBook-Pro-4.local,darwin,0,13.4548,72.55,,,2025-11-17T02:47:56.537968,,2027
ML-KEM-768,768,encap,1024,1,0.0,0,0,0,MacBook-Pro-4.local,darwin,0,13.3666,74.57,,,2025-11-17T02:47:56.537979,,2028
ML-KEM-768,768,encap,1024,1,0.0,0,0,0,MacBook-Pro-4.local,darwin,0,14.0898,74.4,,,2025-11-17T02:47:56.537989,,2029
ML-KEM-768,768,encap,1024,1,0.0,0,0,0,MacBook-Pro-4.local,darwin,0,13.7552,71.48,,,2025-11-17T02:47:56.538000,,2030
ML-KEM-768,768,encap,1024,16,0.0,0,0,0,MacBook-Pro-4.local,darwin,0,13.8978,70.72,,,2025-11-17T02:47:56.538013,,2031
ML-KEM-768,768,encap,1024,16,0.0,0,0,0,MacBook-Pro-4.local,darwin,0,14.0096,71.76,,,2025-11-17T02:47:56.538024,,2032
ML-KEM-768,768,encap,1024,16,0.0,0,0,0,MacBook-Pro-4.local,darwin,0,13.5828,73.65,,,2025-11-17T02:47:56.538034,,2033
ML-KEM-768,768,encap,1024,16,0.0,0,0,0,MacBook-Pro-4.local,darwin,0,14.0697,70.94,,,2025-11-17T02:47:56.538044,,2034
ML-KEM-768,768,encap,1024,16,0.0,0,0,0,MacBook-Pro-4.local,darwin,0,14.0326,72.91,,,2025-11-17T02:47:56.538055,,2035
ML-KEM-768,768,encap,1024,64,0.0,0,0,0,MacBook-Pro-4.local,darwin,0,15.6191,62.47,,,2025-11-17T02:47:56.538068,,2036
ML-KEM-768,768,encap,1024,64,0.0,0,0,0,MacBook-Pro-4.local,darwin,0,14.8948,64.3,,,2025-11-17T02:47:56.538079,,2037
ML-KEM-768,768,encap,1024,64,0.0,0,0,0,MacBook-Pro-4.local,darwin,0,15.1373,69.33,,,2025-11-17T02:47:56.538090,,2038
ML-KEM-768,768,encap,1024,64,0.0,0,0,0,MacBook-Pro-4.local,darwin,0,16.0393,61.14,,,2025-11-17T02:47:56.538101,,2039
ML-KEM-768,768,encap,1024,64,0.0,0,0,0,MacBook-Pro-4.local,darwin,0,15.4831,66.39,,,2025-11-17T02:47:56.538111,,2040
ML-KEM-768,768,decap,0,1,0.0,0,0,0,MacBook-Pro-4.local,darwin,0,13.2308,72.48,,,2025-11-17T02:47:56.538125,,2041
ML-KEM-768,768,decap,0,1,0.0,0,0,0,MacBook-Pro-4.local,darwin,0,13.5749,77.27,,,2025-11-17T02:47:56.538135,,2042
ML-KEM-768,768,decap,0,1,0.0,0,0,0,MacBook-Pro-4.local,darwin,0,13.4432,77.14,,,2025-11-17T02:47:56.538145,,2043
ML-KEM-768,768,decap,0,1,0.0,0,0,0,MacBook-Pro-4.local,darwin,0,13.21,73.9,,,2025-11-17T02:47:56.538155,,2044
ML-KEM-768,768,decap,0,1,0.0,0,0,0,MacBook-Pro-4.local,darwin,0,12.993,79.56,,,2025-11-17T02:47:56.538166,,2045
ML-KEM-768,768,decap,0,16,0.0,0,0,0,MacBook-Pro-4.local,darwin,0,14.406,67.9,,,2025-11-17T02:47:56.538180,,2046
ML-KEM-768,768,decap,0,16,0.0,0,0,0,MacBook-Pro-4.local,darwin,0,13.946,69.08,,,2025-11-17T02:47:56.538190,,2047
ML-KEM-768,768,decap,0,16,0.0,0,0,0,MacBook-Pro-4.local,darwin,0,13.0912,75.19,,,2025-11-17T02:47:56.538201,,2048
ML-KEM-768,768,decap,0,16,0.0,0,0,0,MacBook-Pro-4.local,darwin,0,13.7654,73.95,,,2025-11-17T02:47:56.538211,,2049
ML-KEM-768,768,decap,0,16,0.0,0,0,0,MacBook-Pro-4.local,darwin,0,14.2282,71.86,,,2025-11-17T02:47:56.538221,,2050
ML-KEM-768,768,decap,0,64,0.0,0,0,0,MacBook-Pro-4.local,darwin,0,15.1896,68.51,,,2025-11-17T02:47:56.538235,,2051
ML-KEM-768,768,decap,0,64,0.0,0,0,0,MacBook-Pro-4.local,darwin,0,14.3147,69.36,,,2025-11-17T02:47:56.538245,,2052
ML-KEM-768,768,decap,0,64,0.0,0,0,0,MacBook-Pro-4.local,darwin,0,15.0009,65.07,,,2025-11-17T02:47:56.538255,,2053
ML-KEM-768,768,decap,0,64,0.0,0,0,0,MacBook-Pro-4.local,darwin,0,14.9326,66.76,,,2025-11-17T02:47:56.538265,,2054
ML-KEM-768,768,decap,0,64,0.0,0,0,0,MacBook-Pro-4.local,darwin,0,14.3462,69.93,,,2025-11-17T02:47:56.538275,,2055
ML-KEM-768,768,decap,1024,1,0.0,0,0,0,MacBook-Pro-4.local,darwin,0,15.2092,65.09,,,2025-11-17T02:47:56.538289,,2056
ML-KEM-768,768,decap,1024,1,0.0,0,0,0,MacBook-Pro-4.local,darwin,0,15.6151,64.65,,,2025-11-17T02:47:56.538299,,2057
ML-KEM-768,768,decap,1024,1,0.0,0,0,0,MacBook-Pro-4.local,darwin,0,14.8875,67.78,,,2025-11-17T02:47:56.538310,,2058
ML-KEM-768,768,decap,1024,1,0.0,0,0,0,MacBook-Pro-4.local,darwin,0,14.3958,72.87,,,2025-11-17T02:47:56.538320,,2059
ML-KEM-768,768,decap,1024,1,0.0,0,0,0,MacBook-Pro-4.local,darwin,0,14.8529,66.53,,,2025-11-17T02:47:56.538330,,2060
ML-KEM-768,768,decap,1024,16,0.0,0,0,0,MacBook-Pro-4.local,darwin,0,14.4731,70.11,,,2025-11-17T02:47:56.538343,,2061
ML-KEM-768,768,decap,1024,16,0.0,0,0,0,MacBook-Pro-4.local,darwin,0,15.1963,65.44,,,2025-11-17T02:47:56.538353,,2062
ML-KEM-768,768,decap,1024,16,0.0,0,0,0,MacBook-Pro-4.local,darwin,0,15.8279,61.96,,,2025-11-17T02:47:56.538364,,2063
ML-KEM-768,768,decap,1024,16,0.0,0,0,0,MacBook-Pro-4.local,darwin,0,14.623,65.84,,,2025-11-17T02:47:56.538374,,2064
ML-KEM-768,768,decap,1024,16,0.0,0,0,0,MacBook-Pro-4.local,darwin,0,15.5967,61.31,,,2025-11-17T02:47:56.538385,,2065
ML-KEM-768,768,decap,1024,64,0.0,0,0,0,MacBook-Pro-4.local,darwin,0,16.4409,60.77,,,2025-11-17T02:47:56.538398,,2066
ML-KEM-768,768,decap,1024,64,0.0,0,0,0,MacBook-Pro-4.local,darwin,0,16.5736,57.97,,,2025-11-17T02:47:56.538408,,2067
ML-KEM-768,768,decap,1024,64,0.0,0,0,0,MacBook-Pro-4.local,darwin,0,16.6692,60.94,,,2025-11-17T02:47:56.538418,,2068
ML-KEM-768,768,decap,1024,64,0.0,0,0,0,MacBook-Pro-4.local,darwin,0,16.5833,62.13,,,2025-11-17T02:47:56.538428,,2069
ML-KEM-768,768,decap,1024,64,0.0,0,0,0,MacBook-Pro-4.local,darwin,0,17.2353,56.85,,,2025-11-17T02:47:56.538439,,2070
ML-KEM-768,1024,keygen,0,1,0.0,0,0,0,MacBook-Pro-4.local,darwin,0,14.6502,67.98,,,2025-11-17T02:47:56.538453,,2071
ML-KEM-768,1024,keygen,0,1,0.0,0,0,0,MacBook-Pro-4.local,darwin,0,14.3071,72.03,,,2025-11-17T02:47:56.538463,,2072
ML-KEM-768,1024,keygen,0,1,0.0,0,0,0,MacBook-Pro-4.local,darwin,0,15.2638,64.74,,,2025-11-17T02:47:56.538473,,2073
ML-KEM-768,1024,keygen,0,1,0.0,0,0,0,MacBook-Pro-4.local,darwin,0,13.9473,73.94,,,2025-11-17T02:47:56.538484,,2074
ML-KEM-768,1024,keygen,0,1,0.0,0,0,0,MacBook-Pro-4.local,darwin,0,14.1198,71.7,,,2025-11-17T02:47:56.538494,,2075
ML-KEM-768,1024,keygen,0,16,0.0,0,0,0,MacBook-Pro-4.local,darwin,0,15.3391,67.64,,,2025-11-17T02:47:56.538507,,2076
ML-KEM-768,1024,keygen,0,16,0.0,0,0,0,MacBook-Pro-4.local,darwin,0,14.8976,68.17,,,2025-11-17T02:47:56.538517,,2077
ML-KEM-768,1024,keygen,0,16,0.0,0,0,0,MacBook-Pro-4.local,darwin,0,15.0246,64.38,,,2025-11-17T02:47:56.538528,,2078
ML-KEM-768,1024,keygen,0,16,0.0,0,0,0,MacBook-Pro-4.local,darwin,0,15.3228,67.86,,,2025-11-17T02:47:56.538538,,2079
ML-KEM-768,1024,keygen,0,16,0.0,0,0,0,MacBook-Pro-4.local,darwin,0,14.566,71.09,,,2025-11-17T02:47:56.538549,,2080
ML-KEM-768,1024,keygen,0,64,0.0,0,0,0,MacBook-Pro-4.local,darwin,0,17.217,55.82,,,2025-11-17T02:47:56.538563,,2081
ML-KEM-768,1024,keygen,0,64,0.0,0,0,0,MacBook-Pro-4.local,darwin,0,15.9318,62.21,,,2025-11-17T02:47:56.538573,,2082
ML-KEM-768,1024,keygen,0,64,0.0,0,0,0,MacBook-Pro-4.local,darwin,0,16.7135,62.45,,,2025-11-17T02:47:56.538583,,2083
ML-KEM-768,1024,keygen,0,64,0.0,0,0,0,MacBook-Pro-4.local,darwin,0,15.9728,61.4,,,2025-11-17T02:47:56.538594,,2084
ML-KEM-768,1024,keygen,0,64,0.0,0,0,0,MacBook-Pro-4.local,darwin,0,15.9587,61.69,,,2025-11-17T02:47:56.538604,,2085
ML-KEM-768,1024,keygen,1024,1,0.0,0,0,0,MacBook-Pro-4.local,darwin,0,15.9994,63.14,,,2025-11-17T02:47:56.538618,,2086
ML-KEM-768,1024,keygen,1024,1,0.0,0,0,0,MacBook-Pro-4.local,darwin,0,16.2291,63.17,,,2025-11-17T02:47:56.538629,,2087
ML-KEM-768,1024,keygen,1024,1,0.0,0,0,0,MacBook-Pro-4.local,darwin,0,16.0865,65.0,,,2025-11-17T02:47:56.538639,,2088
ML-KEM-768,1024,keygen,1024,1,0.0,0,0,0,MacBook-Pro-4.local,darwin,0,16.0878,59.79,,,2025-11-17T02:47:56.538650,,2089
ML-KEM-768,1024,keygen,1024,1,0.0,0,0,0,MacBook-Pro-4.local,darwin,0,16.5033,60.23,,,2025-11-17T02:47:56.538660,,2090
ML-KEM-768,1024,keygen,1024,16,0.0,0,0,0,MacBook-Pro-4.local,darwin,0,16.0083,64.01,,,2025-11-17T02:47:56.538674,,2091
ML-KEM-768,1024,keygen,1024,16,0.0,0,0,0,MacBook-Pro-4.local,darwin,0,16.4559,58.34,,,2025-11-17T02:47:56.538684,,2092
ML-KEM-768,1024,keygen,1024,16,0.0,0,0,0,MacBook-Pro-4.local,darwin,0,16.4136,58.15,,,2025-11-17T02:47:56.538695,,2093
ML-KEM-768,1024,keygen,1024,16,0.0,0,0,0,MacBook-Pro-4.local,darwin,0,16.8973,58.48,,,2025-11-17T02:47:56.538705,,2094
ML-KEM-768,1024,keygen,1024,16,0.0,0,0,0,MacBook-Pro-4.local,darwin,0,16.4088,62.15,,,2025-11-17T02:47:56.538734,,2095
ML-KEM-768,1024,keygen,1024,64,0.0,0,0,0,MacBook-Pro-4.local,darwin,0,18.1724,52.34,,,2025-11-17T02:47:56.538749,,2096
ML-KEM-768,1024,keygen,1024,64,0.0,0,0,0,MacBook-Pro-4.local,darwin,0,18.0797,53.82,,,2025-11-17T02:47:56.538760,,2097
ML-KEM-768,1024,keygen,1024,64,0.0,0,0,0,MacBook-Pro-4.local,darwin,0,17.8471,57.04,,,2025-11-17T02:47:56.538770,,2098
ML-KEM-768,1024,keygen,1024,64,0.0,0,0,0,MacBook-Pro-4.local,darwin,0,18.3896,56.76,,,2025-11-17T02:47:56.538781,,2099
ML-KEM-768,1024,keygen,1024,64,0.0,0,0,0,MacBook-Pro-4.local,darwin,0,18.3404,53.72,,,2025-11-17T02:47:56.538792,,2100
ML-KEM-768,1024,encap,0,1,0.0,0,0,0,MacBook-Pro-4.local,darwin,0,11.8524,86.66,,,2025-11-17T02:47:56.538806,,2101
ML-KEM-768,1024,encap,0,1,0.0,0,0,0,MacBook-Pro-4.local,darwin,0,11.9078,80.78,,,2025-11-17T02:47:56.538817,,2102
ML-KEM-768,1024,encap,0,1,0.0,0,0,0,MacBook-Pro-4.local,darwin,0,11.5387,84.46,,,2025-11-17T02:47:56.538828,,2103
ML-KEM-768,1024,encap,0,1,0.0,0,0,0,MacBook-Pro-4.local,darwin,0,12.0991,80.41,,,2025-11-17T02:47:56.538839,,2104
ML-KEM-768,1024,encap,0,1,0.0,0,0,0,MacBook-Pro-4.local,darwin,0,11.4994,90.23,,,2025-11-17T02:47:56.538849,,2105
ML-KEM-768,1024,encap,0,16,0.0,0,0,0,MacBook-Pro-4.local,darwin,0,12.297,80.56,,,2025-11-17T02:47:56.538863,,2106
ML-KEM-768,1024,encap,0,16,0.0,0,0,0,MacBook-Pro-4.local,darwin,0,12.331,81.98,,,2025-11-17T02:47:56.538873,,2107
ML-KEM-768,1024,encap,0,16,0.0,0,0,0,MacBook-Pro-4.local,darwin,0,12.4304,76.94,,,2025-11-17T02:47:56.538883,,2108
ML-KEM-768,1024,encap,0,16,0.0,0,0,0,MacBook-Pro-4.local,darwin,0,12.4284,79.63,,,2025-11-17T02:47:56.538894,,2109
ML-KEM-768,1024,encap,0,16,0.0,0,0,0,MacBook-Pro-4.local,darwin,0,12.5638,83.53,,,2025-11-17T02:47:56.538904,,2110
ML-KEM-768,1024,encap,0,64,0.0,0,0,0,MacBook-Pro-4.local,darwin,0,12.8614,75.09,,,2025-11-17T02:47:56.538918,,2111
ML-KEM-768,1024,encap,0,64,0.0,0,0,0,MacBook-Pro-4.local,darwin,0,14.0193,71.05,,,2025-11-17T02:47:56.538928,,2112
ML-KEM-768,1024,encap,0,64,0.0,0,0,0,MacBook-Pro-4.local,darwin,0,13.3321,75.36,,,2025-11-17T02:47:56.538938,,2113
ML-KEM-768,1024,encap,0,64,0.0,0,0,0,MacBook-Pro-4.local,darwin,0,13.677,71.18,,,2025-11-17T02:47:56.538949,,2114
ML-KEM-768,1024,encap,0,64,0.0,0,0,0,MacBook-Pro-4.local,darwin,0,13.4813,75.27,,,2025-11-17T02:47:56.538959,,2115
ML-KEM-768,1024,encap,1024,1,0.0,0,0,0,MacBook-Pro-4.local,darwin,0,13.6078,69.98,,,2025-11-17T02:47:56.538973,,2116
ML-KEM-768,1024,encap,1024,1,0.0,0,0,0,MacBook-Pro-4.local,darwin,0,13.6169,70.15,,,2025-11-17T02:47:56.538983,,2117
ML-KEM-768,1024,encap,1024,1,0.0,0,0,0,MacBook-Pro-4.local,darwin,0,12.9933,76.59,,,2025-11-17T02:47:56.538994,,2118
ML-KEM-768,1024,encap,1024,1,0.0,0,0,0,MacBook-Pro-4.local,darwin,0,13.5969,76.99,,,2025-11-17T02:47:56.539005,,2119
ML-KEM-768,1024,encap,1024,1,0.0,0,0,0,MacBook-Pro-4.local,darwin,0,13.0979,76.3,,,2025-11-17T02:47:56.539015,,2120
ML-KEM-768,1024,encap,1024,16,0.0,0,0,0,MacBook-Pro-4.local,darwin,0,14.9294,66.39,,,2025-11-17T02:47:56.539029,,2121
ML-KEM-768,1024,encap,1024,16,0.0,0,0,0,MacBook-Pro-4.local,darwin,0,14.1818,73.97,,,2025-11-17T02:47:56.539041,,2122
ML-KEM-768,1024,encap,1024,16,0.0,0,0,0,MacBook-Pro-4.local,darwin,0,13.6643,76.55,,,2025-11-17T02:47:56.539051,,2123
ML-KEM-768,1024,encap,1024,16,0.0,0,0,0,MacBook-Pro-4.local,darwin,0,14.5153,71.93,,,2025-11-17T02:47:56.539061,,2124
ML-KEM-768,1024,encap,1024,16,0.0,0,0,0,MacBook-Pro-4.local,darwin,0,13.5783,76.62,,,2025-11-17T02:47:56.539072,,2125
ML-KEM-768,1024,encap,1024,64,0.0,0,0,0,MacBook-Pro-4.local,darwin,0,15.0187,68.12,,,2025-11-17T02:47:56.539085,,2126
ML-KEM-768,1024,encap,1024,64,0.0,0,0,0,MacBook-Pro-4.local,darwin,0,14.6026,69.37,,,2025-11-17T02:47:56.539095,,2127
ML-KEM-768,1024,encap,1024,64,0.0,0,0,0,MacBook-Pro-4.local,darwin,0,15.1794,67.52,,,2025-11-17T02:47:56.539105,,2128
ML-KEM-768,1024,encap,1024,64,0.0,0,0,0,MacBook-Pro-4.local,darwin,0,14.2129,67.41,,,2025-11-17T02:47:56.539116,,2129
ML-KEM-768,1024,encap,1024,64,0.0,0,0,0,MacBook-Pro-4.local,darwin,0,14.7675,65.36,,,2025-11-17T02:47:56.539126,,2130
ML-KEM-768,1024,decap,0,1,0.0,0,0,0,MacBook-Pro-4.local,darwin,0,13.7835,74.84,,,2025-11-17T02:47:56.539140,,2131
ML-KEM-768,1024,decap,0,1,0.0,0,0,0,MacBook-Pro-4.local,darwin,0,12.6868,82.54,,,2025-11-17T02:47:56.539151,,2132
ML-KEM-768,1024,decap,0,1,0.0,0,0,0,MacBook-Pro-4.local,darwin,0,12.8241,78.91,,,2025-11-17T02:47:56.539161,,2133
ML-KEM-768,1024,decap,0,1,0.0,0,0,0,MacBook-Pro-4.local,darwin,0,13.3165,71.58,,,2025-11-17T02:47:56.539171,,2134
ML-KEM-768,1024,decap,0,1,0.0,0,0,0,MacBook-Pro-4.local,darwin,0,13.4404,76.11,,,2025-11-17T02:47:56.539181,,2135
ML-KEM-768,1024,decap,0,16,0.0,0,0,0,MacBook-Pro-4.local,darwin,0,12.3766,82.78,,,2025-11-17T02:47:56.539194,,2136
ML-KEM-768,1024,decap,0,16,0.0,0,0,0,MacBook-Pro-4.local,darwin,0,14.3392,70.41,,,2025-11-17T02:47:56.539205,,2137
ML-KEM-768,1024,decap,0,16,0.0,0,0,0,MacBook-Pro-4.local,darwin,0,13.0466,75.63,,,2025-11-17T02:47:56.539216,,2138
ML-KEM-768,1024,decap,0,16,0.0,0,0,0,MacBook-Pro-4.local,darwin,0,13.0843,73.34,,,2025-11-17T02:47:56.539226,,2139
ML-KEM-768,1024,decap,0,16,0.0,0,0,0,MacBook-Pro-4.local,darwin,0,12.9829,76.59,,,2025-11-17T02:47:56.539236,,2140
ML-KEM-768,1024,decap,0,64,0.0,0,0,0,MacBook-Pro-4.local,darwin,0,15.6185,63.91,,,2025-11-17T02:47:56.539250,,2141
ML-KEM-768,1024,decap,0,64,0.0,0,0,0,MacBook-Pro-4.local,darwin,0,14.7702,71.08,,,2025-11-17T02:47:56.539260,,2142
ML-KEM-768,1024,decap,0,64,0.0,0,0,0,MacBook-Pro-4.local,darwin,0,14.5756,70.51,,,2025-11-17T02:47:56.539270,,2143
ML-KEM-768,1024,decap,0,64,0.0,0,0,0,MacBook-Pro-4.local,darwin,0,15.1612,63.25,,,2025-11-17T02:47:56.539281,,2144
ML-KEM-768,1024,decap,0,64,0.0,0,0,0,MacBook-Pro-4.local,darwin,0,14.6349,65.54,,,2025-11-17T02:47:56.539291,,2145
ML-KEM-768,1024,decap,1024,1,0.0,0,0,0,MacBook-Pro-4.local,darwin,0,14.3942,70.28,,,2025-11-17T02:47:56.539305,,2146
ML-KEM-768,1024,decap,1024,1,0.0,0,0,0,MacBook-Pro-4.local,darwin,0,14.4651,70.0,,,2025-11-17T02:47:56.539315,,2147
ML-KEM-768,1024,decap,1024,1,0.0,0,0,0,MacBook-Pro-4.local,darwin,0,15.1132,64.87,,,2025-11-17T02:47:56.539326,,2148
ML-KEM-768,1024,decap,1024,1,0.0,0,0,0,MacBook-Pro-4.local,darwin,0,14.9752,67.32,,,2025-11-17T02:47:56.539337,,2149
ML-KEM-768,1024,decap,1024,1,0.0,0,0,0,MacBook-Pro-4.local,darwin,0,13.9691,74.21,,,2025-11-17T02:47:56.539347,,2150
ML-KEM-768,1024,decap,1024,16,0.0,0,0,0,MacBook-Pro-4.local,darwin,0,15.4176,62.92,,,2025-11-17T02:47:56.539360,,2151
ML-KEM-768,1024,decap,1024,16,0.0,0,0,0,MacBook-Pro-4.local,darwin,0,15.1315,67.87,,,2025-11-17T02:47:56.539371,,2152
ML-KEM-768,1024,decap,1024,16,0.0,0,0,0,MacBook-Pro-4.local,darwin,0,15.1243,68.1,,,2025-11-17T02:47:56.539381,,2153
ML-KEM-768,1024,decap,1024,16,0.0,0,0,0,MacBook-Pro-4.local,darwin,0,14.4337,71.78,,,2025-11-17T02:47:56.539392,,2154
ML-KEM-768,1024,decap,1024,16,0.0,0,0,0,MacBook-Pro-4.local,darwin,0,15.6335,62.34,,,2025-11-17T02:47:56.539402,,2155
ML-KEM-768,1024,decap,1024,64,0.0,0,0,0,MacBook-Pro-4.local,darwin,0,16.1994,59.78,,,2025-11-17T02:47:56.539415,,2156
ML-KEM-768,1024,decap,1024,64,0.0,0,0,0,MacBook-Pro-4.local,darwin,0,16.5302,59.19,,,2025-11-17T02:47:56.539426,,2157
ML-KEM-768,1024,decap,1024,64,0.0,0,0,0,MacBook-Pro-4.local,darwin,0,16.9063,58.68,,,2025-11-17T02:47:56.539436,,2158
ML-KEM-768,1024,decap,1024,64,0.0,0,0,0,MacBook-Pro-4.local,darwin,0,16.896,60.26,,,2025-11-17T02:47:56.539447,,2159
ML-KEM-768,1024,decap,1024,64,0.0,0,0,0,MacBook-Pro-4.local,darwin,0,17.4181,57.77,,,2025-11-17T02:47:56.539457,,2160
ML-KEM-1024,512,keygen,0,1,0.0,0,0,0,MacBook-Pro-4.local,darwin,0,13.9242,72.7,,,2025-11-17T02:47:56.539472,,2161
ML-KEM-1024,512,keygen,0,1,0.0,0,0,0,MacBook-Pro-4.local,darwin,0,14.6313,69.16,,,2025-11-17T02:47:56.539482,,2162
ML-KEM-1024,512,keygen,0,1,0.0,0,0,0,MacBook-Pro-4.local,darwin,0,14.2026,67.75,,,2025-11-17T02:47:56.539493,,2163
ML-KEM-1024,512,keygen,0,1,0.0,0,0,0,MacBook-Pro-4.local,darwin,0,14.7609,69.23,,,2025-11-17T02:47:56.539504,,2164
ML-KEM-1024,512,keygen,0,1,0.0,0,0,0,MacBook-Pro-4.local,darwin,0,14.6204,67.27,,,2025-11-17T02:47:56.539533,,2165
ML-KEM-1024,512,keygen,0,16,0.0,0,0,0,MacBook-Pro-4.local,darwin,0,14.7195,65.03,,,2025-11-17T02:47:56.539549,,2166
ML-KEM-1024,512,keygen,0,16,0.0,0,0,0,MacBook-Pro-4.local,darwin,0,14.6201,65.91,,,2025-11-17T02:47:56.539559,,2167
ML-KEM-1024,512,keygen,0,16,0.0,0,0,0,MacBook-Pro-4.local,darwin,0,14.5126,66.44,,,2025-11-17T02:47:56.539570,,2168
ML-KEM-1024,512,keygen,0,16,0.0,0,0,0,MacBook-Pro-4.local,darwin,0,14.1996,70.03,,,2025-11-17T02:47:56.539581,,2169
ML-KEM-1024,512,keygen,0,16,0.0,0,0,0,MacBook-Pro-4.local,darwin,0,14.8011,65.7,,,2025-11-17T02:47:56.539591,,2170
ML-KEM-1024,512,keygen,0,64,0.0,0,0,0,MacBook-Pro-4.local,darwin,0,16.1068,62.44,,,2025-11-17T02:47:56.539605,,2171
ML-KEM-1024,512,keygen,0,64,0.0,0,0,0,MacBook-Pro-4.local,darwin,0,15.6076,65.7,,,2025-11-17T02:47:56.539615,,2172
ML-KEM-1024,512,keygen,0,64,0.0,0,0,0,MacBook-Pro-4.local,darwin,0,16.1525,61.45,,,2025-11-17T02:47:56.539625,,2173
ML-KEM-1024,512,keygen,0,64,0.0,0,0,0,MacBook-Pro-4.local,darwin,0,16.0177,64.66,,,2025-11-17T02:47:56.539636,,2174
ML-KEM-1024,512,keygen,0,64,0.0,0,0,0,MacBook-Pro-4.local,darwin,0,16.437,60.66,,,2025-11-17T02:47:56.539646,,2175
ML-KEM-1024,512,keygen,1024,1,0.0,0,0,0,MacBook-Pro-4.local,darwin,0,16.8797,56.99,,,2025-11-17T02:47:56.539660,,2176
ML-KEM-1024,512,keygen,1024,1,0.0,0,0,0,MacBook-Pro-4.local,darwin,0,16.2665,60.73,,,2025-11-17T02:47:56.539671,,2177
ML-KEM-1024,512,keygen,1024,1,0.0,0,0,0,MacBook-Pro-4.local,darwin,0,16.4906,58.05,,,2025-11-17T02:47:56.539682,,2178
ML-KEM-1024,512,keygen,1024,1,0.0,0,0,0,MacBook-Pro-4.local,darwin,0,16.1116,59.9,,,2025-11-17T02:47:56.539695,,2179
ML-KEM-1024,512,keygen,1024,1,0.0,0,0,0,MacBook-Pro-4.local,darwin,0,15.7201,63.22,,,2025-11-17T02:47:56.539706,,2180
ML-KEM-1024,512,keygen,1024,16,0.0,0,0,0,MacBook-Pro-4.local,darwin,0,16.9268,61.33,,,2025-11-17T02:47:56.539721,,2181
ML-KEM-1024,512,keygen,1024,16,0.0,0,0,0,MacBook-Pro-4.local,darwin,0,17.2675,55.16,,,2025-11-17T02:47:56.539733,,2182
ML-KEM-1024,512,keygen,1024,16,0.0,0,0,0,MacBook-Pro-4.local,darwin,0,16.9916,61.61,,,2025-11-17T02:47:56.539745,,2183
ML-KEM-1024,512,keygen,1024,16,0.0,0,0,0,MacBook-Pro-4.local,darwin,0,17.2286,59.74,,,2025-11-17T02:47:56.539757,,2184
ML-KEM-1024,512,keygen,1024,16,0.0,0,0,0,MacBook-Pro-4.local,darwin,0,15.961,63.2,,,2025-11-17T02:47:56.539768,,2185
ML-KEM-1024,512,keygen,1024,64,0.0,0,0,0,MacBook-Pro-4.local,darwin,0,17.5715,56.24,,,2025-11-17T02:47:56.539783,,2186
ML-KEM-1024,512,keygen,1024,64,0.0,0,0,0,MacBook-Pro-4.local,darwin,0,18.6363,52.89,,,2025-11-17T02:47:56.539795,,2187
ML-KEM-1024,512,keygen,1024,64,0.0,0,0,0,MacBook-Pro-4.local,darwin,0,17.8676,55.88,,,2025-11-17T02:47:56.539808,,2188
ML-KEM-1024,512,keygen,1024,64,0.0,0,0,0,MacBook-Pro-4.local,darwin,0,18.5213,54.29,,,2025-11-17T02:47:56.539820,,2189
ML-KEM-1024,512,keygen,1024,64,0.0,0,0,0,MacBook-Pro-4.local,darwin,0,17.6112,54.57,,,2025-11-17T02:47:56.539831,,2190
ML-KEM-1024,512,encap,0,1,0.0,0,0,0,MacBook-Pro-4.local,darwin,0,11.6461,84.92,,,2025-11-17T02:47:56.539845,,2191
ML-KEM-1024,512,encap,0,1,0.0,0,0,0,MacBook-Pro-4.local,darwin,0,11.9564,79.51,,,2025-11-17T02:47:56.539857,,2192
ML-KEM-1024,512,encap,0,1,0.0,0,0,0,MacBook-Pro-4.local,darwin,0,11.5996,87.56,,,2025-11-17T02:47:56.539868,,2193
ML-KEM-1024,512,encap,0,1,0.0,0,0,0,MacBook-Pro-4.local,darwin,0,12.2472,80.36,,,2025-11-17T02:47:56.539880,,2194
ML-KEM-1024,512,encap,0,1,0.0,0,0,0,MacBook-Pro-4.local,darwin,0,12.1007,82.32,,,2025-11-17T02:47:56.539892,,2195
ML-KEM-1024,512,encap,0,16,0.0,0,0,0,MacBook-Pro-4.local,darwin,0,11.8958,81.92,,,2025-11-17T02:47:56.539908,,2196
ML-KEM-1024,512,encap,0,16,0.0,0,0,0,MacBook-Pro-4.local,darwin,0,12.4899,76.86,,,2025-11-17T02:47:56.539919,,2197
ML-KEM-1024,512,encap,0,16,0.0,0,0,0,MacBook-Pro-4.local,darwin,0,11.8103,82.29,,,2025-11-17T02:47:56.539930,,2198
ML-KEM-1024,512,encap,0,16,0.0,0,0,0,MacBook-Pro-4.local,darwin,0,12.0529,80.58,,,2025-11-17T02:47:56.539941,,2199
ML-KEM-1024,512,encap,0,16,0.0,0,0,0,MacBook-Pro-4.local,darwin,0,11.8659,87.23,,,2025-11-17T02:47:56.539952,,2200
ML-KEM-1024,512,encap,0,64,0.0,0,0,0,MacBook-Pro-4.local,darwin,0,13.1893,73.74,,,2025-11-17T02:47:56.539967,,2201
ML-KEM-1024,512,encap,0,64,0.0,0,0,0,MacBook-Pro-4.local,darwin,0,12.615,81.45,,,2025-11-17T02:47:56.539977,,2202
ML-KEM-1024,512,encap,0,64,0.0,0,0,0,MacBook-Pro-4.local,darwin,0,13.2475,74.09,,,2025-11-17T02:47:56.539989,,2203
ML-KEM-1024,512,encap,0,64,0.0,0,0,0,MacBook-Pro-4.local,darwin,0,12.7783,75.62,,,2025-11-17T02:47:56.540002,,2204
ML-KEM-1024,512,encap,0,64,0.0,0,0,0,MacBook-Pro-4.local,darwin,0,13.4411,75.64,,,2025-11-17T02:47:56.540013,,2205
ML-KEM-1024,512,encap,1024,1,0.0,0,0,0,MacBook-Pro-4.local,darwin,0,13.5139,76.98,,,2025-11-17T02:47:56.540028,,2206
ML-KEM-1024,512,encap,1024,1,0.0,0,0,0,MacBook-Pro-4.local,darwin,0,13.4994,76.56,,,2025-11-17T02:47:56.540040,,2207
ML-KEM-1024,512,encap,1024,1,0.0,0,0,0,MacBook-Pro-4.local,darwin,0,14.1179,68.6,,,2025-11-17T02:47:56.540052,,2208
ML-KEM-1024,512,encap,1024,1,0.0,0,0,0,MacBook-Pro-4.local,darwin,0,13.1029,72.76,,,2025-11-17T02:47:56.540063,,2209
ML-KEM-1024,512,encap,1024,1,0.0,0,0,0,MacBook-Pro-4.local,darwin,0,13.8553,71.15,,,2025-11-17T02:47:56.540075,,2210
ML-KEM-1024,512,encap,1024,16,0.0,0,0,0,MacBook-Pro-4.local,darwin,0,14.9636,69.33,,,2025-11-17T02:47:56.540090,,2211
ML-KEM-1024,512,encap,1024,16,0.0,0,0,0,MacBook-Pro-4.local,darwin,0,14.3734,72.81,,,2025-11-17T02:47:56.540101,,2212
ML-KEM-1024,512,encap,1024,16,0.0,0,0,0,MacBook-Pro-4.local,darwin,0,13.8991,69.23,,,2025-11-17T02:47:56.540113,,2213
ML-KEM-1024,512,encap,1024,16,0.0,0,0,0,MacBook-Pro-4.local,darwin,0,14.0276,68.09,,,2025-11-17T02:47:56.540124,,2214
ML-KEM-1024,512,encap,1024,16,0.0,0,0,0,MacBook-Pro-4.local,darwin,0,12.8698,75.54,,,2025-11-17T02:47:56.540136,,2215
ML-KEM-1024,512,encap,1024,64,0.0,0,0,0,MacBook-Pro-4.local,darwin,0,15.3458,62.12,,,2025-11-17T02:47:56.540151,,2216
ML-KEM-1024,512,encap,1024,64,0.0,0,0,0,MacBook-Pro-4.local,darwin,0,15.1037,63.88,,,2025-11-17T02:47:56.540162,,2217
ML-KEM-1024,512,encap,1024,64,0.0,0,0,0,MacBook-Pro-4.local,darwin,0,15.0512,68.81,,,2025-11-17T02:47:56.540173,,2218
ML-KEM-1024,512,encap,1024,64,0.0,0,0,0,MacBook-Pro-4.local,darwin,0,14.586,66.9,,,2025-11-17T02:47:56.540186,,2219
ML-KEM-1024,512,encap,1024,64,0.0,0,0,0,MacBook-Pro-4.local,darwin,0,14.7265,64.98,,,2025-11-17T02:47:56.540198,,2220
ML-KEM-1024,512,decap,0,1,0.0,0,0,0,MacBook-Pro-4.local,darwin,0,13.2537,73.07,,,2025-11-17T02:47:56.540214,,2221
ML-KEM-1024,512,decap,0,1,0.0,0,0,0,MacBook-Pro-4.local,darwin,0,13.3908,74.47,,,2025-11-17T02:47:56.540227,,2222
ML-KEM-1024,512,decap,0,1,0.0,0,0,0,MacBook-Pro-4.local,darwin,0,13.1332,77.3,,,2025-11-17T02:47:56.540237,,2223
ML-KEM-1024,512,decap,0,1,0.0,0,0,0,MacBook-Pro-4.local,darwin,0,13.4363,73.65,,,2025-11-17T02:47:56.540249,,2224
ML-KEM-1024,512,decap,0,1,0.0,0,0,0,MacBook-Pro-4.local,darwin,0,13.5327,75.26,,,2025-11-17T02:47:56.540260,,2225
ML-KEM-1024,512,decap,0,16,0.0,0,0,0,MacBook-Pro-4.local,darwin,0,13.6266,72.96,,,2025-11-17T02:47:56.540275,,2226
ML-KEM-1024,512,decap,0,16,0.0,0,0,0,MacBook-Pro-4.local,darwin,0,12.5434,83.24,,,2025-11-17T02:47:56.540288,,2227
ML-KEM-1024,512,decap,0,16,0.0,0,0,0,MacBook-Pro-4.local,darwin,0,13.4653,76.83,,,2025-11-17T02:47:56.540300,,2228
ML-KEM-1024,512,decap,0,16,0.0,0,0,0,MacBook-Pro-4.local,darwin,0,14.0432,68.21,,,2025-11-17T02:47:56.540312,,2229
ML-KEM-1024,512,decap,0,16,0.0,0,0,0,MacBook-Pro-4.local,darwin,0,14.1111,70.77,,,2025-11-17T02:47:56.540325,,2230
ML-KEM-1024,512,decap,0,64,0.0,0,0,0,MacBook-Pro-4.local,darwin,0,14.5428,65.74,,,2025-11-17T02:47:56.540339,,2231
ML-KEM-1024,512,decap,0,64,0.0,0,0,0,MacBook-Pro-4.local,darwin,0,14.7187,67.61,,,2025-11-17T02:47:56.540350,,2232
ML-KEM-1024,512,decap,0,64,0.0,0,0,0,MacBook-Pro-4.local,darwin,0,15.6491,63.65,,,2025-11-17T02:47:56.540361,,2233
ML-KEM-1024,512,decap,0,64,0.0,0,0,0,MacBook-Pro-4.local,darwin,0,14.3806,68.36,,,2025-11-17T02:47:56.540372,,2234
ML-KEM-1024,512,decap,0,64,0.0,0,0,0,MacBook-Pro-4.local,darwin,0,14.4737,70.68,,,2025-11-17T02:47:56.540421,,2235
ML-KEM-1024,512,decap,1024,1,0.0,0,0,0,MacBook-Pro-4.local,darwin,0,14.393,68.83,,,2025-11-17T02:47:56.540439,,2236
ML-KEM-1024,512,decap,1024,1,0.0,0,0,0,MacBook-Pro-4.local,darwin,0,14.2268,70.29,,,2025-11-17T02:47:56.540452,,2237
ML-KEM-1024,512,decap,1024,1,0.0,0,0,0,MacBook-Pro-4.local,darwin,0,15.2645,66.29,,,2025-11-17T02:47:56.540464,,2238
ML-KEM-1024,512,decap,1024,1,0.0,0,0,0,MacBook-Pro-4.local,darwin,0,14.9127,63.77,,,2025-11-17T02:47:56.540475,,2239
ML-KEM-1024,512,decap,1024,1,0.0,0,0,0,MacBook-Pro-4.local,darwin,0,14.8178,65.81,,,2025-11-17T02:47:56.540487,,2240
ML-KEM-1024,512,decap,1024,16,0.0,0,0,0,MacBook-Pro-4.local,darwin,0,15.4708,63.48,,,2025-11-17T02:47:56.540504,,2241
ML-KEM-1024,512,decap,1024,16,0.0,0,0,0,MacBook-Pro-4.local,darwin,0,15.6833,64.28,,,2025-11-17T02:47:56.540517,,2242
ML-KEM-1024,512,decap,1024,16,0.0,0,0,0,MacBook-Pro-4.local,darwin,0,15.0917,65.62,,,2025-11-17T02:47:56.540534,,2243
ML-KEM-1024,512,decap,1024,16,0.0,0,0,0,MacBook-Pro-4.local,darwin,0,15.2675,62.42,,,2025-11-17T02:47:56.540546,,2244
ML-KEM-1024,512,decap,1024,16,0.0,0,0,0,MacBook-Pro-4.local,darwin,0,15.2954,64.66,,,2025-11-17T02:47:56.540559,,2245
ML-KEM-1024,512,decap,1024,64,0.0,0,0,0,MacBook-Pro-4.local,darwin,0,15.9151,64.92,,,2025-11-17T02:47:56.540575,,2246
ML-KEM-1024,512,decap,1024,64,0.0,0,0,0,MacBook-Pro-4.local,darwin,0,16.4726,62.83,,,2025-11-17T02:47:56.540587,,2247
ML-KEM-1024,512,decap,1024,64,0.0,0,0,0,MacBook-Pro-4.local,darwin,0,16.2543,63.91,,,2025-11-17T02:47:56.540598,,2248
ML-KEM-1024,512,decap,1024,64,0.0,0,0,0,MacBook-Pro-4.local,darwin,0,16.8046,60.75,,,2025-11-17T02:47:56.540611,,2249
ML-KEM-1024,512,decap,1024,64,0.0,0,0,0,MacBook-Pro-4.local,darwin,0,16.7824,56.77,,,2025-11-17T02:47:56.540624,,2250
ML-KEM-1024,768,keygen,0,1,0.0,0,0,0,MacBook-Pro-4.local,darwin,0,14.1347,71.75,,,2025-11-17T02:47:56.540642,,2251
ML-KEM-1024,768,keygen,0,1,0.0,0,0,0,MacBook-Pro-4.local,darwin,0,13.7302,69.39,,,2025-11-17T02:47:56.540654,,2252
ML-KEM-1024,768,keygen,0,1,0.0,0,0,0,MacBook-Pro-4.local,darwin,0,14.0511,69.97,,,2025-11-17T02:47:56.540667,,2253
ML-KEM-1024,768,keygen,0,1,0.0,0,0,0,MacBook-Pro-4.local,darwin,0,14.38,70.04,,,2025-11-17T02:47:56.540679,,2254
ML-KEM-1024,768,keygen,0,1,0.0,0,0,0,MacBook-Pro-4.local,darwin,0,14.2856,66.91,,,2025-11-17T02:47:56.540692,,2255
ML-KEM-1024,768,keygen,0,16,0.0,0,0,0,MacBook-Pro-4.local,darwin,0,15.6891,64.38,,,2025-11-17T02:47:56.540709,,2256
ML-KEM-1024,768,keygen,0,16,0.0,0,0,0,MacBook-Pro-4.local,darwin,0,14.655,69.78,,,2025-11-17T02:47:56.540722,,2257
ML-KEM-1024,768,keygen,0,16,0.0,0,0,0,MacBook-Pro-4.local,darwin,0,14.5562,66.74,,,2025-11-17T02:47:56.540735,,2258
ML-KEM-1024,768,keygen,0,16,0.0,0,0,0,MacBook-Pro-4.local,darwin,0,14.7328,66.92,,,2025-11-17T02:47:56.540749,,2259
ML-KEM-1024,768,keygen,0,16,0.0,0,0,0,MacBook-Pro-4.local,darwin,0,14.7428,66.98,,,2025-11-17T02:47:56.540763,,2260
ML-KEM-1024,768,keygen,0,64,0.0,0,0,0,MacBook-Pro-4.local,darwin,0,16.5165,62.51,,,2025-11-17T02:47:56.540779,,2261
ML-KEM-1024,768,keygen,0,64,0.0,0,0,0,MacBook-Pro-4.local,darwin,0,16.9082,57.73,,,2025-11-17T02:47:56.540792,,2262
ML-KEM-1024,768,keygen,0,64,0.0,0,0,0,MacBook-Pro-4.local,darwin,0,16.1369,63.12,,,2025-11-17T02:47:56.540804,,2263
ML-KEM-1024,768,keygen,0,64,0.0,0,0,0,MacBook-Pro-4.local,darwin,0,16.0523,63.27,,,2025-11-17T02:47:56.540816,,2264
ML-KEM-1024,768,keygen,0,64,0.0,0,0,0,MacBook-Pro-4.local,darwin,0,16.077,61.94,,,2025-11-17T02:47:56.540828,,2265
ML-KEM-1024,768,keygen,1024,1,0.0,0,0,0,MacBook-Pro-4.local,darwin,0,16.7434,62.57,,,2025-11-17T02:47:56.540843,,2266
ML-KEM-1024,768,keygen,1024,1,0.0,0,0,0,MacBook-Pro-4.local,darwin,0,16.1504,62.16,,,2025-11-17T02:47:56.540856,,2267
ML-KEM-1024,768,keygen,1024,1,0.0,0,0,0,MacBook-Pro-4.local,darwin,0,16.7812,57.78,,,2025-11-17T02:47:56.540868,,2268
ML-KEM-1024,768,keygen,1024,1,0.0,0,0,0,MacBook-Pro-4.local,darwin,0,15.9605,61.94,,,2025-11-17T02:47:56.540880,,2269
ML-KEM-1024,768,keygen,1024,1,0.0,0,0,0,MacBook-Pro-4.local,darwin,0,16.259,61.1,,,2025-11-17T02:47:56.540891,,2270
ML-KEM-1024,768,keygen,1024,16,0.0,0,0,0,MacBook-Pro-4.local,darwin,0,17.3711,58.19,,,2025-11-17T02:47:56.540907,,2271
ML-KEM-1024,768,keygen,1024,16,0.0,0,0,0,MacBook-Pro-4.local,darwin,0,17.0895,60.22,,,2025-11-17T02:47:56.540919,,2272
ML-KEM-1024,768,keygen,1024,16,0.0,0,0,0,MacBook-Pro-4.local,darwin,0,16.2888,60.28,,,2025-11-17T02:47:56.540931,,2273
ML-KEM-1024,768,keygen,1024,16,0.0,0,0,0,MacBook-Pro-4.local,darwin,0,17.5337,59.11,,,2025-11-17T02:47:56.540944,,2274
ML-KEM-1024,768,keygen,1024,16,0.0,0,0,0,MacBook-Pro-4.local,darwin,0,18.3796,52.56,,,2025-11-17T02:47:56.540956,,2275
ML-KEM-1024,768,keygen,1024,64,0.0,0,0,0,MacBook-Pro-4.local,darwin,0,17.616,59.19,,,2025-11-17T02:47:56.540995,,2276
ML-KEM-1024,768,keygen,1024,64,0.0,0,0,0,MacBook-Pro-4.local,darwin,0,19.331,50.08,,,2025-11-17T02:47:56.541011,,2277
ML-KEM-1024,768,keygen,1024,64,0.0,0,0,0,MacBook-Pro-4.local,darwin,0,18.9137,50.48,,,2025-11-17T02:47:56.541024,,2278
ML-KEM-1024,768,keygen,1024,64,0.0,0,0,0,MacBook-Pro-4.local,darwin,0,18.758,51.3,,,2025-11-17T02:47:56.541037,,2279
ML-KEM-1024,768,keygen,1024,64,0.0,0,0,0,MacBook-Pro-4.local,darwin,0,18.7765,53.16,,,2025-11-17T02:47:56.541049,,2280
ML-KEM-1024,768,encap,0,1,0.0,0,0,0,MacBook-Pro-4.local,darwin,0,12.4471,79.09,,,2025-11-17T02:47:56.541066,,2281
ML-KEM-1024,768,encap,0,1,0.0,0,0,0,MacBook-Pro-4.local,darwin,0,11.815,87.02,,,2025-11-17T02:47:56.541080,,2282
ML-KEM-1024,768,encap,0,1,0.0,0,0,0,MacBook-Pro-4.local,darwin,0,12.6215,78.94,,,2025-11-17T02:47:56.541092,,2283
ML-KEM-1024,768,encap,0,1,0.0,0,0,0,MacBook-Pro-4.local,darwin,0,12.3772,77.54,,,2025-11-17T02:47:56.541103,,2284
ML-KEM-1024,768,encap,0,1,0.0,0,0,0,MacBook-Pro-4.local,darwin,0,12.3252,78.17,,,2025-11-17T02:47:56.541114,,2285
ML-KEM-1024,768,encap,0,16,0.0,0,0,0,MacBook-Pro-4.local,darwin,0,12.4155,84.02,,,2025-11-17T02:47:56.541131,,2286
ML-KEM-1024,768,encap,0,16,0.0,0,0,0,MacBook-Pro-4.local,darwin,0,12.3924,82.17,,,2025-11-17T02:47:56.541143,,2287
ML-KEM-1024,768,encap,0,16,0.0,0,0,0,MacBook-Pro-4.local,darwin,0,13.1209,74.85,,,2025-11-17T02:47:56.541155,,2288
ML-KEM-1024,768,encap,0,16,0.0,0,0,0,MacBook-Pro-4.local,darwin,0,12.8138,79.84,,,2025-11-17T02:47:56.541168,,2289
ML-KEM-1024,768,encap,0,16,0.0,0,0,0,MacBook-Pro-4.local,darwin,0,12.913,76.83,,,2025-11-17T02:47:56.541180,,2290
ML-KEM-1024,768,encap,0,64,0.0,0,0,0,MacBook-Pro-4.local,darwin,0,14.1473,72.13,,,2025-11-17T02:47:56.541199,,2291
ML-KEM-1024,768,encap,0,64,0.0,0,0,0,MacBook-Pro-4.local,darwin,0,12.8127,80.04,,,2025-11-17T02:47:56.541212,,2292
ML-KEM-1024,768,encap,0,64,0.0,0,0,0,MacBook-Pro-4.local,darwin,0,13.9468,70.32,,,2025-11-17T02:47:56.541224,,2293
ML-KEM-1024,768,encap,0,64,0.0,0,0,0,MacBook-Pro-4.local,darwin,0,13.6269,72.89,,,2025-11-17T02:47:56.541237,,2294
ML-KEM-1024,768,encap,0,64,0.0,0,0,0,MacBook-Pro-4.local,darwin,0,12.9732,80.86,,,2025-11-17T02:47:56.541248,,2295
ML-KEM-1024,768,encap,1024,1,0.0,0,0,0,MacBook-Pro-4.local,darwin,0,13.5978,76.48,,,2025-11-17T02:47:56.541265,,2296
ML-KEM-1024,768,encap,1024,1,0.0,0,0,0,MacBook-Pro-4.local,darwin,0,13.2981,74.54,,,2025-11-17T02:47:56.541278,,2297
ML-KEM-1024,768,encap,1024,1,0.0,0,0,0,MacBook-Pro-4.local,darwin,0,13.8138,73.72,,,2025-11-17T02:47:56.541290,,2298
ML-KEM-1024,768,encap,1024,1,0.0,0,0,0,MacBook-Pro-4.local,darwin,0,13.6746,74.39,,,2025-11-17T02:47:56.541302,,2299
ML-KEM-1024,768,encap,1024,1,0.0,0,0,0,MacBook-Pro-4.local,darwin,0,13.5407,70.35,,,2025-11-17T02:47:56.541350,,2300
ML-KEM-1024,768,encap,1024,16,0.0,0,0,0,MacBook-Pro-4.local,darwin,0,14.2852,71.5,,,2025-11-17T02:47:56.541368,,2301
ML-KEM-1024,768,encap,1024,16,0.0,0,0,0,MacBook-Pro-4.local,darwin,0,13.263,75.37,,,2025-11-17T02:47:56.541381,,2302
ML-KEM-1024,768,encap,1024,16,0.0,0,0,0,MacBook-Pro-4.local,darwin,0,14.7081,69.1,,,2025-11-17T02:47:56.541394,,2303
ML-KEM-1024,768,encap,1024,16,0.0,0,0,0,MacBook-Pro-4.local,darwin,0,13.137,73.57,,,2025-11-17T02:47:56.541406,,2304
ML-KEM-1024,768,encap,1024,16,0.0,0,0,0,MacBook-Pro-4.local,darwin,0,14.7208,66.47,,,2025-11-17T02:47:56.541478,,2305
ML-KEM-1024,768,encap,1024,64,0.0,0,0,0,MacBook-Pro-4.local,darwin,0,15.3514,65.93,,,2025-11-17T02:47:56.541579,,2306
ML-KEM-1024,768,encap,1024,64,0.0,0,0,0,MacBook-Pro-4.local,darwin,0,15.3826,67.09,,,2025-11-17T02:47:56.541610,,2307
ML-KEM-1024,768,encap,1024,64,0.0,0,0,0,MacBook-Pro-4.local,darwin,0,15.1221,66.86,,,2025-11-17T02:47:56.541624,,2308
ML-KEM-1024,768,encap,1024,64,0.0,0,0,0,MacBook-Pro-4.local,darwin,0,15.1654,62.91,,,2025-11-17T02:47:56.541636,,2309
ML-KEM-1024,768,encap,1024,64,0.0,0,0,0,MacBook-Pro-4.local,darwin,0,14.7873,64.25,,,2025-11-17T02:47:56.541647,,2310
ML-KEM-1024,768,decap,0,1,0.0,0,0,0,MacBook-Pro-4.local,darwin,0,12.8509,79.53,,,2025-11-17T02:47:56.541665,,2311
ML-KEM-1024,768,decap,0,1,0.0,0,0,0,MacBook-Pro-4.local,darwin,0,13.1103,79.94,,,2025-11-17T02:47:56.541676,,2312
ML-KEM-1024,768,decap,0,1,0.0,0,0,0,MacBook-Pro-4.local,darwin,0,13.137,79.52,,,2025-11-17T02:47:56.541687,,2313
ML-KEM-1024,768,decap,0,1,0.0,0,0,0,MacBook-Pro-4.local,darwin,0,12.6578,80.62,,,2025-11-17T02:47:56.541699,,2314
ML-KEM-1024,768,decap,0,1,0.0,0,0,0,MacBook-Pro-4.local,darwin,0,13.3619,72.3,,,2025-11-17T02:47:56.541729,,2315
ML-KEM-1024,768,decap,0,16,0.0,0,0,0,MacBook-Pro-4.local,darwin,0,13.8328,69.55,,,2025-11-17T02:47:56.541745,,2316
ML-KEM-1024,768,decap,0,16,0.0,0,0,0,MacBook-Pro-4.local,darwin,0,14.0044,71.68,,,2025-11-17T02:47:56.541756,,2317
ML-KEM-1024,768,decap,0,16,0.0,0,0,0,MacBook-Pro-4.local,darwin,0,13.5946,70.01,,,2025-11-17T02:47:56.541767,,2318
ML-KEM-1024,768,decap,0,16,0.0,0,0,0,MacBook-Pro-4.local,darwin,0,13.7906,73.3,,,2025-11-17T02:47:56.541779,,2319
ML-KEM-1024,768,decap,0,16,0.0,0,0,0,MacBook-Pro-4.local,darwin,0,13.8707,70.34,,,2025-11-17T02:47:56.541790,,2320
ML-KEM-1024,768,decap,0,64,0.0,0,0,0,MacBook-Pro-4.local,darwin,0,14.7316,70.75,,,2025-11-17T02:47:56.541803,,2321
ML-KEM-1024,768,decap,0,64,0.0,0,0,0,MacBook-Pro-4.local,darwin,0,14.2394,68.94,,,2025-11-17T02:47:56.541814,,2322
ML-KEM-1024,768,decap,0,64,0.0,0,0,0,MacBook-Pro-4.local,darwin,0,14.7205,70.99,,,2025-11-17T02:47:56.541824,,2323
ML-KEM-1024,768,decap,0,64,0.0,0,0,0,MacBook-Pro-4.local,darwin,0,14.46,66.84,,,2025-11-17T02:47:56.541835,,2324
ML-KEM-1024,768,decap,0,64,0.0,0,0,0,MacBook-Pro-4.local,darwin,0,15.8424,66.02,,,2025-11-17T02:47:56.541845,,2325
ML-KEM-1024,768,decap,1024,1,0.0,0,0,0,MacBook-Pro-4.local,darwin,0,14.7121,66.49,,,2025-11-17T02:47:56.541859,,2326
ML-KEM-1024,768,decap,1024,1,0.0,0,0,0,MacBook-Pro-4.local,darwin,0,14.4455,68.71,,,2025-11-17T02:47:56.541870,,2327
ML-KEM-1024,768,decap,1024,1,0.0,0,0,0,MacBook-Pro-4.local,darwin,0,15.434,62.39,,,2025-11-17T02:47:56.541881,,2328
ML-KEM-1024,768,decap,1024,1,0.0,0,0,0,MacBook-Pro-4.local,darwin,0,14.1926,67.69,,,2025-11-17T02:47:56.541891,,2329
ML-KEM-1024,768,decap,1024,1,0.0,0,0,0,MacBook-Pro-4.local,darwin,0,14.7584,67.93,,,2025-11-17T02:47:56.541902,,2330
ML-KEM-1024,768,decap,1024,16,0.0,0,0,0,MacBook-Pro-4.local,darwin,0,15.6244,66.35,,,2025-11-17T02:47:56.541915,,2331
ML-KEM-1024,768,decap,1024,16,0.0,0,0,0,MacBook-Pro-4.local,darwin,0,15.135,64.64,,,2025-11-17T02:47:56.541926,,2332
ML-KEM-1024,768,decap,1024,16,0.0,0,0,0,MacBook-Pro-4.local,darwin,0,15.6349,62.66,,,2025-11-17T02:47:56.541936,,2333
ML-KEM-1024,768,decap,1024,16,0.0,0,0,0,MacBook-Pro-4.local,darwin,0,14.9149,64.18,,,2025-11-17T02:47:56.541947,,2334
ML-KEM-1024,768,decap,1024,16,0.0,0,0,0,MacBook-Pro-4.local,darwin,0,15.6931,64.52,,,2025-11-17T02:47:56.541957,,2335
ML-KEM-1024,768,decap,1024,64,0.0,0,0,0,MacBook-Pro-4.local,darwin,0,16.6856,57.96,,,2025-11-17T02:47:56.541971,,2336
ML-KEM-1024,768,decap,1024,64,0.0,0,0,0,MacBook-Pro-4.local,darwin,0,17.5406,54.74,,,2025-11-17T02:47:56.541981,,2337
ML-KEM-1024,768,decap,1024,64,0.0,0,0,0,MacBook-Pro-4.local,darwin,0,17.1418,59.03,,,2025-11-17T02:47:56.541992,,2338
ML-KEM-1024,768,decap,1024,64,0.0,0,0,0,MacBook-Pro-4.local,darwin,0,16.6566,61.13,,,2025-11-17T02:47:56.542002,,2339
ML-KEM-1024,768,decap,1024,64,0.0,0,0,0,MacBook-Pro-4.local,darwin,0,17.4752,59.94,,,2025-11-17T02:47:56.542012,,2340
ML-KEM-1024,1024,keygen,0,1,0.0,0,0,0,MacBook-Pro-4.local,darwin,0,15.1063,64.36,,,2025-11-17T02:47:56.542028,,2341
ML-KEM-1024,1024,keygen,0,1,0.0,0,0,0,MacBook-Pro-4.local,darwin,0,14.6601,70.49,,,2025-11-17T02:47:56.542039,,2342
ML-KEM-1024,1024,keygen,0,1,0.0,0,0,0,MacBook-Pro-4.local,darwin,0,14.6463,66.3,,,2025-11-17T02:47:56.542050,,2343
ML-KEM-1024,1024,keygen,0,1,0.0,0,0,0,MacBook-Pro-4.local,darwin,0,14.0611,69.69,,,2025-11-17T02:47:56.542060,,2344
ML-KEM-1024,1024,keygen,0,1,0.0,0,0,0,MacBook-Pro-4.local,darwin,0,14.3865,69.45,,,2025-11-17T02:47:56.542071,,2345
ML-KEM-1024,1024,keygen,0,16,0.0,0,0,0,MacBook-Pro-4.local,darwin,0,14.7971,65.41,,,2025-11-17T02:47:56.542084,,2346
ML-KEM-1024,1024,keygen,0,16,0.0,0,0,0,MacBook-Pro-4.local,darwin,0,15.0889,66.26,,,2025-11-17T02:47:56.542094,,2347
ML-KEM-1024,1024,keygen,0,16,0.0,0,0,0,MacBook-Pro-4.local,darwin,0,14.5823,65.6,,,2025-11-17T02:47:56.542104,,2348
ML-KEM-1024,1024,keygen,0,16,0.0,0,0,0,MacBook-Pro-4.local,darwin,0,15.2688,63.7,,,2025-11-17T02:47:56.542115,,2349
ML-KEM-1024,1024,keygen,0,16,0.0,0,0,0,MacBook-Pro-4.local,darwin,0,14.4176,71.44,,,2025-11-17T02:47:56.542125,,2350
ML-KEM-1024,1024,keygen,0,64,0.0,0,0,0,MacBook-Pro-4.local,darwin,0,16.4256,63.43,,,2025-11-17T02:47:56.542139,,2351
ML-KEM-1024,1024,keygen,0,64,0.0,0,0,0,MacBook-Pro-4.local,darwin,0,15.4426,63.59,,,2025-11-17T02:47:56.542150,,2352
ML-KEM-1024,1024,keygen,0,64,0.0,0,0,0,MacBook-Pro-4.local,darwin,0,15.5915,61.66,,,2025-11-17T02:47:56.542161,,2353
ML-KEM-1024,1024,keygen,0,64,0.0,0,0,0,MacBook-Pro-4.local,darwin,0,16.9036,60.86,,,2025-11-17T02:47:56.542171,,2354
ML-KEM-1024,1024,keygen,0,64,0.0,0,0,0,MacBook-Pro-4.local,darwin,0,16.235,60.95,,,2025-11-17T02:47:56.542181,,2355
ML-KEM-1024,1024,keygen,1024,1,0.0,0,0,0,MacBook-Pro-4.local,darwin,0,16.5982,63.02,,,2025-11-17T02:47:56.542195,,2356
ML-KEM-1024,1024,keygen,1024,1,0.0,0,0,0,MacBook-Pro-4.local,darwin,0,16.767,61.93,,,2025-11-17T02:47:56.542206,,2357
ML-KEM-1024,1024,keygen,1024,1,0.0,0,0,0,MacBook-Pro-4.local,darwin,0,16.0915,63.96,,,2025-11-17T02:47:56.542217,,2358
ML-KEM-1024,1024,keygen,1024,1,0.0,0,0,0,MacBook-Pro-4.local,darwin,0,15.5197,66.79,,,2025-11-17T02:47:56.542227,,2359
ML-KEM-1024,1024,keygen,1024,1,0.0,0,0,0,MacBook-Pro-4.local,darwin,0,16.252,58.9,,,2025-11-17T02:47:56.542238,,2360
ML-KEM-1024,1024,keygen,1024,16,0.0,0,0,0,MacBook-Pro-4.local,darwin,0,17.1103,58.72,,,2025-11-17T02:47:56.542251,,2361
ML-KEM-1024,1024,keygen,1024,16,0.0,0,0,0,MacBook-Pro-4.local,darwin,0,17.0692,60.57,,,2025-11-17T02:47:56.542262,,2362
ML-KEM-1024,1024,keygen,1024,16,0.0,0,0,0,MacBook-Pro-4.local,darwin,0,16.4582,62.78,,,2025-11-17T02:47:56.542272,,2363
ML-KEM-1024,1024,keygen,1024,16,0.0,0,0,0,MacBook-Pro-4.local,darwin,0,16.7145,58.04,,,2025-11-17T02:47:56.542282,,2364
ML-KEM-1024,1024,keygen,1024,16,0.0,0,0,0,MacBook-Pro-4.local,darwin,0,16.0409,63.0,,,2025-11-17T02:47:56.542293,,2365
ML-KEM-1024,1024,keygen,1024,64,0.0,0,0,0,MacBook-Pro-4.local,darwin,0,19.2437,52.01,,,2025-11-17T02:47:56.542307,,2366
ML-KEM-1024,1024,keygen,1024,64,0.0,0,0,0,MacBook-Pro-4.local,darwin,0,18.7202,54.8,,,2025-11-17T02:47:56.542317,,2367
ML-KEM-1024,1024,keygen,1024,64,0.0,0,0,0,MacBook-Pro-4.local,darwin,0,17.808,55.03,,,2025-11-17T02:47:56.542327,,2368
ML-KEM-1024,1024,keygen,1024,64,0.0,0,0,0,MacBook-Pro-4.local,darwin,0,18.8084,52.89,,,2025-11-17T02:47:56.542338,,2369
ML-KEM-1024,1024,keygen,1024,64,0.0,0,0,0,MacBook-Pro-4.local,darwin,0,18.8274,53.38,,,2025-11-17T02:47:56.542361,,2370
ML-KEM-1024,1024,encap,0,1,0.0,0,0,0,MacBook-Pro-4.local,darwin,0,11.599,85.22,,,2025-11-17T02:47:56.542376,,2371
ML-KEM-1024,1024,encap,0,1,0.0,0,0,0,MacBook-Pro-4.local,darwin,0,11.9359,80.07,,,2025-11-17T02:47:56.542387,,2372
ML-KEM-1024,1024,encap,0,1,0.0,0,0,0,MacBook-Pro-4.local,darwin,0,12.104,84.55,,,2025-11-17T02:47:56.542398,,2373
ML-KEM-1024,1024,encap,0,1,0.0,0,0,0,MacBook-Pro-4.local,darwin,0,11.2575,91.75,,,2025-11-17T02:47:56.542408,,2374
ML-KEM-1024,1024,encap,0,1,0.0,0,0,0,MacBook-Pro-4.local,darwin,0,11.5201,83.31,,,2025-11-17T02:47:56.542475,,2375
ML-KEM-1024,1024,encap,0,16,0.0,0,0,0,MacBook-Pro-4.local,darwin,0,12.1433,83.95,,,2025-11-17T02:47:56.542494,,2376
ML-KEM-1024,1024,encap,0,16,0.0,0,0,0,MacBook-Pro-4.local,darwin,0,12.6292,75.47,,,2025-11-17T02:47:56.542505,,2377
ML-KEM-1024,1024,encap,0,16,0.0,0,0,0,MacBook-Pro-4.local,darwin,0,11.5922,88.16,,,2025-11-17T02:47:56.542517,,2378
ML-KEM-1024,1024,encap,0,16,0.0,0,0,0,MacBook-Pro-4.local,darwin,0,11.5602,86.45,,,2025-11-17T02:47:56.542527,,2379
ML-KEM-1024,1024,encap,0,16,0.0,0,0,0,MacBook-Pro-4.local,darwin,0,11.7361,87.54,,,2025-11-17T02:47:56.542538,,2380
ML-KEM-1024,1024,encap,0,64,0.0,0,0,0,MacBook-Pro-4.local,darwin,0,13.4562,72.46,,,2025-11-17T02:47:56.542551,,2381
ML-KEM-1024,1024,encap,0,64,0.0,0,0,0,MacBook-Pro-4.local,darwin,0,13.3337,75.95,,,2025-11-17T02:47:56.542562,,2382
ML-KEM-1024,1024,encap,0,64,0.0,0,0,0,MacBook-Pro-4.local,darwin,0,13.5616,75.42,,,2025-11-17T02:47:56.542572,,2383
ML-KEM-1024,1024,encap,0,64,0.0,0,0,0,MacBook-Pro-4.local,darwin,0,13.6235,76.73,,,2025-11-17T02:47:56.542583,,2384
ML-KEM-1024,1024,encap,0,64,0.0,0,0,0,MacBook-Pro-4.local,darwin,0,14.0622,74.52,,,2025-11-17T02:47:56.542593,,2385
ML-KEM-1024,1024,encap,1024,1,0.0,0,0,0,MacBook-Pro-4.local,darwin,0,13.4388,75.77,,,2025-11-17T02:47:56.542608,,2386
ML-KEM-1024,1024,encap,1024,1,0.0,0,0,0,MacBook-Pro-4.local,darwin,0,13.7203,75.05,,,2025-11-17T02:47:56.542653,,2387
ML-KEM-1024,1024,encap,1024,1,0.0,0,0,0,MacBook-Pro-4.local,darwin,0,13.8509,75.22,,,2025-11-17T02:47:56.542693,,2388
ML-KEM-1024,1024,encap,1024,1,0.0,0,0,0,MacBook-Pro-4.local,darwin,0,12.6751,81.14,,,2025-11-17T02:47:56.542708,,2389
ML-KEM-1024,1024,encap,1024,1,0.0,0,0,0,MacBook-Pro-4.local,darwin,0,13.4815,76.46,,,2025-11-17T02:47:56.542725,,2390
ML-KEM-1024,1024,encap,1024,16,0.0,0,0,0,MacBook-Pro-4.local,darwin,0,13.4587,74.48,,,2025-11-17T02:47:56.542754,,2391
ML-KEM-1024,1024,encap,1024,16,0.0,0,0,0,MacBook-Pro-4.local,darwin,0,12.9097,77.29,,,2025-11-17T02:47:56.542765,,2392
ML-KEM-1024,1024,encap,1024,16,0.0,0,0,0,MacBook-Pro-4.local,darwin,0,13.7135,73.22,,,2025-11-17T02:47:56.542776,,2393
ML-KEM-1024,1024,encap,1024,16,0.0,0,0,0,MacBook-Pro-4.local,darwin,0,13.7903,75.79,,,2025-11-17T02:47:56.542786,,2394
ML-KEM-1024,1024,encap,1024,16,0.0,0,0,0,MacBook-Pro-4.local,darwin,0,14.2102,71.17,,,2025-11-17T02:47:56.542797,,2395
ML-KEM-1024,1024,encap,1024,64,0.0,0,0,0,MacBook-Pro-4.local,darwin,0,13.7889,73.1,,,2025-11-17T02:47:56.542836,,2396
ML-KEM-1024,1024,encap,1024,64,0.0,0,0,0,MacBook-Pro-4.local,darwin,0,15.3841,63.04,,,2025-11-17T02:47:56.542847,,2397
ML-KEM-1024,1024,encap,1024,64,0.0,0,0,0,MacBook-Pro-4.local,darwin,0,14.2746,72.58,,,2025-11-17T02:47:56.542857,,2398
ML-KEM-1024,1024,encap,1024,64,0.0,0,0,0,MacBook-Pro-4.local,darwin,0,14.8433,69.4,,,2025-11-17T02:47:56.542868,,2399
ML-KEM-1024,1024,encap,1024,64,0.0,0,0,0,MacBook-Pro-4.local,darwin,0,15.7153,60.96,,,2025-11-17T02:47:56.542879,,2400
ML-KEM-1024,1024,decap,0,1,0.0,0,0,0,MacBook-Pro-4.local,darwin,0,13.0318,72.9,,,2025-11-17T02:47:56.542893,,2401
ML-KEM-1024,1024,decap,0,1,0.0,0,0,0,MacBook-Pro-4.local,darwin,0,12.5939,77.09,,,2025-11-17T02:47:56.542904,,2402
ML-KEM-1024,1024,decap,0,1,0.0,0,0,0,MacBook-Pro-4.local,darwin,0,12.4485,82.15,,,2025-11-17T02:47:56.542915,,2403
ML-KEM-1024,1024,decap,0,1,0.0,0,0,0,MacBook-Pro-4.local,darwin,0,13.4687,74.7,,,2025-11-17T02:47:56.542926,,2404
ML-KEM-1024,1024,decap,0,1,0.0,0,0,0,MacBook-Pro-4.local,darwin,0,13.5703,71.01,,,2025-11-17T02:47:56.542937,,2405
ML-KEM-1024,1024,decap,0,16,0.0,0,0,0,MacBook-Pro-4.local,darwin,0,13.8883,74.59,,,2025-11-17T02:47:56.542962,,2406
ML-KEM-1024,1024,decap,0,16,0.0,0,0,0,MacBook-Pro-4.local,darwin,0,13.5616,74.95,,,2025-11-17T02:47:56.543015,,2407
ML-KEM-1024,1024,decap,0,16,0.0,0,0,0,MacBook-Pro-4.local,darwin,0,14.0354,69.75,,,2025-11-17T02:47:56.543171,,2408
ML-KEM-1024,1024,decap,0,16,0.0,0,0,0,MacBook-Pro-4.local,darwin,0,13.4001,77.47,,,2025-11-17T02:47:56.543208,,2409
ML-KEM-1024,1024,decap,0,16,0.0,0,0,0,MacBook-Pro-4.local,darwin,0,13.5046,76.13,,,2025-11-17T02:47:56.543223,,2410
ML-KEM-1024,1024,decap,0,64,0.0,0,0,0,MacBook-Pro-4.local,darwin,0,15.0839,64.09,,,2025-11-17T02:47:56.543240,,2411
ML-KEM-1024,1024,decap,0,64,0.0,0,0,0,MacBook-Pro-4.local,darwin,0,14.9568,66.81,,,2025-11-17T02:47:56.543251,,2412
ML-KEM-1024,1024,decap,0,64,0.0,0,0,0,MacBook-Pro-4.local,darwin,0,14.3356,68.68,,,2025-11-17T02:47:56.543262,,2413
ML-KEM-1024,1024,decap,0,64,0.0,0,0,0,MacBook-Pro-4.local,darwin,0,14.666,66.54,,,2025-11-17T02:47:56.543272,,2414
ML-KEM-1024,1024,decap,0,64,0.0,0,0,0,MacBook-Pro-4.local,darwin,0,14.498,70.31,,,2025-11-17T02:47:56.543283,,2415
ML-KEM-1024,1024,decap,1024,1,0.0,0,0,0,MacBook-Pro-4.local,darwin,0,14.9758,68.2,,,2025-11-17T02:47:56.543298,,2416
ML-KEM-1024,1024,decap,1024,1,0.0,0,0,0,MacBook-Pro-4.local,darwin,0,15.1873,68.23,,,2025-11-17T02:47:56.543309,,2417
ML-KEM-1024,1024,decap,1024,1,0.0,0,0,0,MacBook-Pro-4.local,darwin,0,16.0115,64.66,,,2025-11-17T02:47:56.543320,,2418
ML-KEM-1024,1024,decap,1024,1,0.0,0,0,0,MacBook-Pro-4.local,darwin,0,15.6252,66.86,,,2025-11-17T02:47:56.543330,,2419
ML-KEM-1024,1024,decap,1024,1,0.0,0,0,0,MacBook-Pro-4.local,darwin,0,14.1558,72.25,,,2025-11-17T02:47:56.543341,,2420
ML-KEM-1024,1024,decap,1024,16,0.0,0,0,0,MacBook-Pro-4.local,darwin,0,15.1734,68.46,,,2025-11-17T02:47:56.543354,,2421
ML-KEM-1024,1024,decap,1024,16,0.0,0,0,0,MacBook-Pro-4.local,darwin,0,14.5036,68.83,,,2025-11-17T02:47:56.543365,,2422
ML-KEM-1024,1024,decap,1024,16,0.0,0,0,0,MacBook-Pro-4.local,darwin,0,14.9441,69.35,,,2025-11-17T02:47:56.543376,,2423
ML-KEM-1024,1024,decap,1024,16,0.0,0,0,0,MacBook-Pro-4.local,darwin,0,15.9583,64.21,,,2025-11-17T02:47:56.543388,,2424
ML-KEM-1024,1024,decap,1024,16,0.0,0,0,0,MacBook-Pro-4.local,darwin,0,15.776,62.49,,,2025-11-17T02:47:56.543398,,2425
ML-KEM-1024,1024,decap,1024,64,0.0,0,0,0,MacBook-Pro-4.local,darwin,0,16.1294,59.51,,,2025-11-17T02:47:56.543412,,2426
ML-KEM-1024,1024,decap,1024,64,0.0,0,0,0,MacBook-Pro-4.local,darwin,0,16.5156,59.53,,,2025-11-17T02:47:56.543422,,2427
ML-KEM-1024,1024,decap,1024,64,0.0,0,0,0,MacBook-Pro-4.local,darwin,0,16.4745,60.7,,,2025-11-17T02:47:56.543433,,2428
ML-KEM-1024,1024,decap,1024,64,0.0,0,0,0,MacBook-Pro-4.local,darwin,0,16.5492,62.18,,,2025-11-17T02:47:56.543444,,2429
ML-KEM-1024,1024,decap,1024,64,0.0,0,0,0,MacBook-Pro-4.local,darwin,0,17.0163,61.13,,,2025-11-17T02:47:56.543454,,2430
