algorithm,param_set,operation,message_bytes,concurrency,cpu_ghz,aesni,avx2,neon,machine_id,os_name,containerized,latency_ms,throughput_ops,crypto_type,correctness,timestamp,notes,trial_id
Dilithium2,512,keygen,0,1,0.0,0,0,0,MacBook-Pro-4.local,darwin,0,14.3654,66.77,,,2025-11-17T02:47:33.297699,,1
Dilithium2,512,keygen,0,1,0.0,0,0,0,MacBook-Pro-4.local,darwin,0,14.8894,64.03,,,2025-11-17T02:47:33.298090,,2
Dilithium2,512,keygen,0,1,0.0,0,0,0,MacBook-Pro-4.local,darwin,0,14.3577,70.47,,,2025-11-17T02:47:33.298111,,3
Dilithium2,512,keygen,0,1,0.0,0,0,0,MacBook-Pro-4.local,darwin,0,14.4708,72.47,,,2025-11-17T02:47:33.298126,,4
Dilithium2,512,keygen,0,1,0.0,0,0,0,MacBook-Pro-4.local,darwin,0,15.0388,69.05,,,2025-11-17T02:47:33.298139,,5
Dilithium2,512,keygen,0,16,0.0,0,0,0,MacBook-Pro-4.local,darwin,0,14.1767,72.57,,,2025-11-17T02:47:33.298157,,6
Dilithium2,512,keygen,0,16,0.0,0,0,0,MacBook-Pro-4.local,darwin,0,14.546,70.93,,,2025-11-17T02:47:33.298169,,7
Dilithium2,512,keygen,0,16,0.0,0,0,0,MacBook-Pro-4.local,darwin,0,14.298,70.67,,,2025-11-17T02:47:33.298180,,8
Dilithium2,512,keygen,0,16,0.0,0,0,0,MacBook-Pro-4.local,darwin,0,16.2657,58.64,,,2025-11-17T02:47:33.298191,,9
Dilithium2,512,keygen,0,16,0.0,0,0,0,MacBook-Pro-4.local,darwin,0,15.1005,67.66,,,2025-11-17T02:47:33.298203,,10
Dilithium2,512,keygen,0,64,0.0,0,0,0,MacBook-Pro-4.local,darwin,0,16.9093,60.83,,,2025-11-17T02:47:33.298217,,11
Dilithium2,512,keygen,0,64,0.0,0,0,0,MacBook-Pro-4.local,darwin,0,16.1482,63.91,,,2025-11-17T02:47:33.298228,,12
Dilithium2,512,keygen,0,64,0.0,0,0,0,MacBook-Pro-4.local,darwin,0,16.2614,63.77,,,2025-11-17T02:47:33.298239,,13
Dilithium2,512,keygen,0,64,0.0,0,0,0,MacBook-Pro-4.local,darwin,0,16.3476,58.7,,,2025-11-17T02:47:33.298250,,14
Dilithium2,512,keygen,0,64,0.0,0,0,0,MacBook-Pro-4.local,darwin,0,16.4365,61.71,,,2025-11-17T02:47:33.298261,,15
Dilithium2,512,keygen,1024,1,0.0,0,0,0,MacBook-Pro-4.local,darwin,0,16.4262,63.5,,,2025-11-17T02:47:33.298276,,16
Dilithium2,512,keygen,1024,1,0.0,0,0,0,MacBook-Pro-4.local,darwin,0,15.4441,66.75,,,2025-11-17T02:47:33.298293,,17
Dilithium2,512,keygen,1024,1,0.0,0,0,0,MacBook-Pro-4.local,darwin,0,16.0296,65.33,,,2025-11-17T02:47:33.298305,,18
Dilithium2,512,keygen,1024,1,0.0,0,0,0,MacBook-Pro-4.local,darwin,0,16.005,63.39,,,2025-11-17T02:47:33.298316,,19
Dilithium2,512,keygen,1024,1,0.0,0,0,0,MacBook-Pro-4.local,darwin,0,16.4084,60.65,,,2025-11-17T02:47:33.298327,,20
Dilithium2,512,keygen,1024,16,0.0,0,0,0,MacBook-Pro-4.local,darwin,0,17.569,55.09,,,2025-11-17T02:47:33.298341,,21
Dilithium2,512,keygen,1024,16,0.0,0,0,0,MacBook-Pro-4.local,darwin,0,17.3968,55.53,,,2025-11-17T02:47:33.298352,,22
Dilithium2,512,keygen,1024,16,0.0,0,0,0,MacBook-Pro-4.local,darwin,0,17.3704,60.29,,,2025-11-17T02:47:33.298363,,23
Dilithium2,512,keygen,1024,16,0.0,0,0,0,MacBook-Pro-4.local,darwin,0,16.9963,59.83,,,2025-11-17T02:47:33.298374,,24
Dilithium2,512,keygen,1024,16,0.0,0,0,0,MacBook-Pro-4.local,darwin,0,16.5373,61.95,,,2025-11-17T02:47:33.298385,,25
Dilithium2,512,keygen,1024,64,0.0,0,0,0,MacBook-Pro-4.local,darwin,0,18.1084,56.8,,,2025-11-17T02:47:33.298399,,26
Dilithium2,512,keygen,1024,64,0.0,0,0,0,MacBook-Pro-4.local,darwin,0,17.9051,57.53,,,2025-11-17T02:47:33.298410,,27
Dilithium2,512,keygen,1024,64,0.0,0,0,0,MacBook-Pro-4.local,darwin,0,17.7738,55.95,,,2025-11-17T02:47:33.298421,,28
Dilithium2,512,keygen,1024,64,0.0,0,0,0,MacBook-Pro-4.local,darwin,0,17.8626,53.24,,,2025-11-17T02:47:33.298431,,29
Dilithium2,512,keygen,1024,64,0.0,0,0,0,MacBook-Pro-4.local,darwin,0,18.082,57.4,,,2025-11-17T02:47:33.298442,,30
Dilithium2,512,sign,0,1,0.0,0,0,0,MacBook-Pro-4.local,darwin,0,17.0812,58.14,,,2025-11-17T02:47:33.298459,,31
Dilithium2,512,sign,0,1,0.0,0,0,0,MacBook-Pro-4.local,darwin,0,18.2289,57.56,,,2025-11-17T02:47:33.298471,,32
Dilithium2,512,sign,0,1,0.0,0,0,0,MacBook-Pro-4.local,darwin,0,17.8914,53.87,,,2025-11-17T02:47:33.298481,,33
Dilithium2,512,sign,0,1,0.0,0,0,0,MacBook-Pro-4.local,darwin,0,17.8225,58.78,,,2025-11-17T02:47:33.298493,,34
Dilithium2,512,sign,0,1,0.0,0,0,0,MacBook-Pro-4.local,darwin,0,17.977,55.11,,,2025-11-17T02:47:33.298503,,35
Dilithium2,512,sign,0,16,0.0,0,0,0,MacBook-Pro-4.local,darwin,0,18.2631,56.8,,,2025-11-17T02:47:33.298518,,36
Dilithium2,512,sign,0,16,0.0,0,0,0,MacBook-Pro-4.local,darwin,0,18.5507,56.23,,,2025-11-17T02:47:33.298528,,37
Dilithium2,512,sign,0,16,0.0,0,0,0,MacBook-Pro-4.local,darwin,0,18.0641,57.43,,,2025-11-17T02:47:33.298540,,38
Dilithium2,512,sign,0,16,0.0,0,0,0,MacBook-Pro-4.local,darwin,0,18.3174,54.89,,,2025-11-17T02:47:33.298550,,39
Dilithium2,512,sign,0,16,0.0,0,0,0,MacBook-Pro-4.local,darwin,0,19.2666,52.31,,,2025-11-17T02:47:33.298561,,40
Dilithium2,512,sign,0,64,0.0,0,0,0,MacBook-Pro-4.local,darwin,0,20.0878,50.72,,,2025-11-17T02:47:33.298575,,41
Dilithium2,512,sign,0,64,0.0,0,0,0,MacBook-Pro-4.local,darwin,0,19.9659,49.97,,,2025-11-17T02:47:33.298588,,42
Dilithium2,512,sign,0,64,0.0,0,0,0,MacBook-Pro-4.local,darwin,0,20.1881,49.86,,,2025-11-17T02:47:33.298598,,43
Dilithium2,512,sign,0,64,0.0,0,0,0,MacBook-Pro-4.local,darwin,0,20.0388,49.03,,,2025-11-17T02:47:33.298609,,44
Dilithium2,512,sign,0,64,0.0,0,0,0,MacBook-Pro-4.local,darwin,0,21.2574,46.93,,,2025-11-17T02:47:33.298619,,45
Dilithium2,512,sign,1024,1,0.0,0,0,0,MacBook-Pro-4.local,darwin,0,20.2994,49.77,,,2025-11-17T02:47:33.298635,,46
Dilithium2,512,sign,1024,1,0.0,0,0,0,MacBook-Pro-4.local,darwin,0,20.6665,46.38,,,2025-11-17T02:47:33.298646,,47
Dilithium2,512,sign,1024,1,0.0,0,0,0,MacBook-Pro-4.local,darwin,0,19.3805,50.32,,,2025-11-17T02:47:33.298657,,48
Dilithium2,512,sign,1024,1,0.0,0,0,0,MacBook-Pro-4.local,darwin,0,20.1222,48.03,,,2025-11-17T02:47:33.298668,,49
Dilithium2,512,sign,1024,1,0.0,0,0,0,MacBook-Pro-4.local,darwin,0,19.5809,51.34,,,2025-11-17T02:47:33.298679,,50
Dilithium2,512,sign,1024,16,0.0,0,0,0,MacBook-Pro-4.local,darwin,0,19.687,49.87,,,2025-11-17T02:47:33.298692,,51
Dilithium2,512,sign,1024,16,0.0,0,0,0,MacBook-Pro-4.local,darwin,0,20.8286,45.91,,,2025-11-17T02:47:33.298703,,52
Dilithium2,512,sign,1024,16,0.0,0,0,0,MacBook-Pro-4.local,darwin,0,20.5543,48.12,,,2025-11-17T02:47:33.298714,,53
Dilithium2,512,sign,1024,16,0.0,0,0,0,MacBook-Pro-4.local,darwin,0,20.7039,49.83,,,2025-11-17T02:47:33.298724,,54
Dilithium2,512,sign,1024,16,0.0,0,0,0,MacBook-Pro-4.local,darwin,0,20.1344,47.9,,,2025-11-17T02:47:33.298735,,55
Dilithium2,512,sign,1024,64,0.0,0,0,0,MacBook-Pro-4.local,darwin,0,22.2843,45.9,,,2025-11-17T02:47:33.298748,,56
Dilithium2,512,sign,1024,64,0.0,0,0,0,MacBook-Pro-4.local,darwin,0,22.7822,45.43,,,2025-11-17T02:47:33.298759,,57
Dilithium2,512,sign,1024,64,0.0,0,0,0,MacBook-Pro-4.local,darwin,0,22.7929,42.24,,,2025-11-17T02:47:33.298770,,58
Dilithium2,512,sign,1024,64,0.0,0,0,0,MacBook-Pro-4.local,darwin,0,23.2467,42.06,,,2025-11-17T02:47:33.298781,,59
Dilithium2,512,sign,1024,64,0.0,0,0,0,MacBook-Pro-4.local,darwin,0,23.3705,41.08,,,2025-11-17T02:47:33.298791,,60
Dilithium2,512,verify,0,1,0.0,0,0,0,MacBook-Pro-4.local,darwin,0,9.854,97.24,,,2025-11-17T02:47:33.298806,,61
Dilithium2,512,verify,0,1,0.0,0,0,0,MacBook-Pro-4.local,darwin,0,10.3529,94.83,,,2025-11-17T02:47:33.298817,,62
Dilithium2,512,verify,0,1,0.0,0,0,0,MacBook-Pro-4.local,darwin,0,9.3761,106.4,,,2025-11-17T02:47:33.298829,,63
Dilithium2,512,verify,0,1,0.0,0,0,0,MacBook-Pro-4.local,darwin,0,9.0893,113.46,,,2025-11-17T02:47:33.298839,,64
Dilithium2,512,verify,0,1,0.0,0,0,0,MacBook-Pro-4.local,darwin,0,10.0156,96.0,,,2025-11-17T02:47:33.298850,,65
Dilithium2,512,verify,0,16,0.0,0,0,0,MacBook-Pro-4.local,darwin,0,9.9281,104.92,,,2025-11-17T02:47:33.298873,,66
Dilithium2,512,verify,0,16,0.0,0,0,0,MacBook-Pro-4.local,darwin,0,9.4971,102.14,,,2025-11-17T02:47:33.298884,,67
Dilithium2,512,verify,0,16,0.0,0,0,0,MacBook-Pro-4.local,darwin,0,9.755,101.42,,,2025-11-17T02:47:33.298906,,68
Dilithium2,512,verify,0,16,0.0,0,0,0,MacBook-Pro-4.local,darwin,0,9.6889,106.12,,,2025-11-17T02:47:33.298917,,69
Dilithium2,512,verify,0,16,0.0,0,0,0,MacBook-Pro-4.local,darwin,0,10.3918,92.23,,,2025-11-17T02:47:33.298927,,70
Dilithium2,512,verify,0,64,0.0,0,0,0,MacBook-Pro-4.local,darwin,0,11.7788,80.93,,,2025-11-17T02:47:33.298956,,71
Dilithium2,512,verify,0,64,0.0,0,0,0,MacBook-Pro-4.local,darwin,0,10.9504,87.58,,,2025-11-17T02:47:33.298966,,72
Dilithium2,512,verify,0,64,0.0,0,0,0,MacBook-Pro-4.local,darwin,0,10.7514,91.16,,,2025-11-17T02:47:33.298977,,73
Dilithium2,512,verify,0,64,0.0,0,0,0,MacBook-Pro-4.local,darwin,0,11.0455,87.57,,,2025-11-17T02:47:33.299058,,74
Dilithium2,512,verify,0,64,0.0,0,0,0,MacBook-Pro-4.local,darwin,0,10.6548,93.05,,,2025-11-17T02:47:33.299073,,75
Dilithium2,512,verify,1024,1,0.0,0,0,0,MacBook-Pro-4.local,darwin,0,11.3017,87.09,,,2025-11-17T02:47:33.299088,,76
Dilithium2,512,verify,1024,1,0.0,0,0,0,MacBook-Pro-4.local,darwin,0,10.3712,98.04,,,2025-11-17T02:47:33.299100,,77
Dilithium2,512,verify,1024,1,0.0,0,0,0,MacBook-Pro-4.local,darwin,0,10.5706,94.56,,,2025-11-17T02:47:33.299110,,78
Dilithium2,512,verify,1024,1,0.0,0,0,0,MacBook-Pro-4.local,darwin,0,11.1309,88.51,,,2025-11-17T02:47:33.299121,,79
Dilithium2,512,verify,1024,1,0.0,0,0,0,MacBook-Pro-4.local,darwin,0,10.3801,98.06,,,2025-11-17T02:47:33.299132,,80
Dilithium2,512,verify,1024,16,0.0,0,0,0,MacBook-Pro-4.local,darwin,0,10.7485,92.28,,,2025-11-17T02:47:33.299146,,81
Dilithium2,512,verify,1024,16,0.0,0,0,0,MacBook-Pro-4.local,darwin,0,11.1502,92.92,,,2025-11-17T02:47:33.299156,,82
Dilithium2,512,verify,1024,16,0.0,0,0,0,MacBook-Pro-4.local,darwin,0,12.3035,80.29,,,2025-11-17T02:47:33.299167,,83
Dilithium2,512,verify,1024,16,0.0,0,0,0,MacBook-Pro-4.local,darwin,0,11.6583,89.25,,,2025-11-17T02:47:33.299178,,84
Dilithium2,512,verify,1024,16,0.0,0,0,0,MacBook-Pro-4.local,darwin,0,11.2334,84.86,,,2025-11-17T02:47:33.299189,,85
Dilithium2,512,verify,1024,64,0.0,0,0,0,MacBook-Pro-4.local,darwin,0,11.9715,79.56,,,2025-11-17T02:47:33.299203,,86
Dilithium2,512,verify,1024,64,0.0,0,0,0,MacBook-Pro-4.local,darwin,0,11.5675,84.16,,,2025-11-17T02:47:33.299214,,87
Dilithium2,512,verify,1024,64,0.0,0,0,0,MacBook-Pro-4.local,darwin,0,11.7193,86.03,,,2025-11-17T02:47:33.299225,,88
Dilithium2,512,verify,1024,64,0.0,0,0,0,MacBook-Pro-4.local,darwin,0,12.0229,84.5,,,2025-11-17T02:47:33.299236,,89
Dilithium2,512,verify,1024,64,0.0,0,0,0,MacBook-Pro-4.local,darwin,0,11.5907,88.87,,,2025-11-17T02:47:33.299246,,90
Dilithium2,768,keygen,0,1,0.0,0,0,0,MacBook-Pro-4.local,darwin,0,14.6661,67.58,,,2025-11-17T02:47:33.299261,,91
Dilithium2,768,keygen,0,1,0.0,0,0,0,MacBook-Pro-4.local,darwin,0,14.9766,63.78,,,2025-11-17T02:47:33.299272,,92
Dilithium2,768,keygen,0,1,0.0,0,0,0,MacBook-Pro-4.local,darwin,0,14.9751,69.28,,,2025-11-17T02:47:33.299282,,93
Dilithium2,768,keygen,0,1,0.0,0,0,0,MacBook-Pro-4.local,darwin,0,14.8152,64.61,,,2025-11-17T02:47:33.299293,,94
Dilithium2,768,keygen,0,1,0.0,0,0,0,MacBook-Pro-4.local,darwin,0,14.7569,67.1,,,2025-11-17T02:47:33.299304,,95
Dilithium2,768,keygen,0,16,0.0,0,0,0,MacBook-Pro-4.local,darwin,0,14.948,65.2,,,2025-11-17T02:47:33.299318,,96
Dilithium2,768,keygen,0,16,0.0,0,0,0,MacBook-Pro-4.local,darwin,0,14.1276,70.56,,,2025-11-17T02:47:33.299328,,97
Dilithium2,768,keygen,0,16,0.0,0,0,0,MacBook-Pro-4.local,darwin,0,13.9726,68.99,,,2025-11-17T02:47:33.299339,,98
Dilithium2,768,keygen,0,16,0.0,0,0,0,MacBook-Pro-4.local,darwin,0,14.5994,65.13,,,2025-11-17T02:47:33.299350,,99
Dilithium2,768,keygen,0,16,0.0,0,0,0,MacBook-Pro-4.local,darwin,0,14.4392,70.35,,,2025-11-17T02:47:33.299361,,100
Dilithium2,768,keygen,0,64,0.0,0,0,0,MacBook-Pro-4.local,darwin,0,16.3309,61.58,,,2025-11-17T02:47:33.299375,,101
Dilithium2,768,keygen,0,64,0.0,0,0,0,MacBook-Pro-4.local,darwin,0,15.6796,65.78,,,2025-11-17T02:47:33.299386,,102
Dilithium2,768,keygen,0,64,0.0,0,0,0,MacBook-Pro-4.local,darwin,0,16.0361,62.2,,,2025-11-17T02:47:33.299397,,103
Dilithium2,768,keygen,0,64,0.0,0,0,0,MacBook-Pro-4.local,darwin,0,16.3383,63.84,,,2025-11-17T02:47:33.299407,,104
Dilithium2,768,keygen,0,64,0.0,0,0,0,MacBook-Pro-4.local,darwin,0,15.9667,64.76,,,2025-11-17T02:47:33.299418,,105
Dilithium2,768,keygen,1024,1,0.0,0,0,0,MacBook-Pro-4.local,darwin,0,16.705,60.67,,,2025-11-17T02:47:33.299432,,106
Dilithium2,768,keygen,1024,1,0.0,0,0,0,MacBook-Pro-4.local,darwin,0,15.9837,64.56,,,2025-11-17T02:47:33.299443,,107
Dilithium2,768,keygen,1024,1,0.0,0,0,0,MacBook-Pro-4.local,darwin,0,16.987,57.16,,,2025-11-17T02:47:33.299453,,108
Dilithium2,768,keygen,1024,1,0.0,0,0,0,MacBook-Pro-4.local,darwin,0,16.8858,61.57,,,2025-11-17T02:47:33.299464,,109
Dilithium2,768,keygen,1024,1,0.0,0,0,0,MacBook-Pro-4.local,darwin,0,16.6254,58.67,,,2025-11-17T02:47:33.299474,,110
Dilithium2,768,keygen,1024,16,0.0,0,0,0,MacBook-Pro-4.local,darwin,0,16.7822,61.74,,,2025-11-17T02:47:33.299488,,111
Dilithium2,768,keygen,1024,16,0.0,0,0,0,MacBook-Pro-4.local,darwin,0,16.8945,57.03,,,2025-11-17T02:47:33.299499,,112
Dilithium2,768,keygen,1024,16,0.0,0,0,0,MacBook-Pro-4.local,darwin,0,16.7124,60.17,,,2025-11-17T02:47:33.299509,,113
Dilithium2,768,keygen,1024,16,0.0,0,0,0,MacBook-Pro-4.local,darwin,0,16.7753,56.67,,,2025-11-17T02:47:33.299520,,114
Dilithium2,768,keygen,1024,16,0.0,0,0,0,MacBook-Pro-4.local,darwin,0,17.5559,57.0,,,2025-11-17T02:47:33.299530,,115
Dilithium2,768,keygen,1024,64,0.0,0,0,0,MacBook-Pro-4.local,darwin,0,17.9744,57.27,,,2025-11-17T02:47:33.299544,,116
Dilithium2,768,keygen,1024,64,0.0,0,0,0,MacBook-Pro-4.local,darwin,0,18.1946,56.45,,,2025-11-17T02:47:33.299554,,117
Dilithium2,768,keygen,1024,64,0.0,0,0,0,MacBook-Pro-4.local,darwin,0,18.1869,53.81,,,2025-11-17T02:47:33.299564,,118
Dilithium2,768,keygen,1024,64,0.0,0,0,0,MacBook-Pro-4.local,darwin,0,18.1716,57.56,,,2025-11-17T02:47:33.299575,,119
Dilithium2,768,keygen,1024,64,0.0,0,0,0,MacBook-Pro-4.local,darwin,0,18.4985,53.47,,,2025-11-17T02:47:33.299585,,120
Dilithium2,768,sign,0,1,0.0,0,0,0,MacBook-Pro-4.local,darwin,0,18.5928,53.75,,,2025-11-17T02:47:33.299600,,121
Dilithium2,768,sign,0,1,0.0,0,0,0,MacBook-Pro-4.local,darwin,0,18.3527,54.96,,,2025-11-17T02:47:33.299611,,122
Dilithium2,768,sign,0,1,0.0,0,0,0,MacBook-Pro-4.local,darwin,0,17.849,58.51,,,2025-11-17T02:47:33.299622,,123
Dilithium2,768,sign,0,1,0.0,0,0,0,MacBook-Pro-4.local,darwin,0,17.5696,56.52,,,2025-11-17T02:47:33.299632,,124
Dilithium2,768,sign,0,1,0.0,0,0,0,MacBook-Pro-4.local,darwin,0,18.2276,52.86,,,2025-11-17T02:47:33.299642,,125
Dilithium2,768,sign,0,16,0.0,0,0,0,MacBook-Pro-4.local,darwin,0,19.8344,48.2,,,2025-11-17T02:47:33.299656,,126
Dilithium2,768,sign,0,16,0.0,0,0,0,MacBook-Pro-4.local,darwin,0,17.6535,59.11,,,2025-11-17T02:47:33.299666,,127
Dilithium2,768,sign,0,16,0.0,0,0,0,MacBook-Pro-4.local,darwin,0,18.0721,54.57,,,2025-11-17T02:47:33.299677,,128
Dilithium2,768,sign,0,16,0.0,0,0,0,MacBook-Pro-4.local,darwin,0,18.1445,54.56,,,2025-11-17T02:47:33.299688,,129
Dilithium2,768,sign,0,16,0.0,0,0,0,MacBook-Pro-4.local,darwin,0,19.0792,50.71,,,2025-11-17T02:47:33.299698,,130
Dilithium2,768,sign,0,64,0.0,0,0,0,MacBook-Pro-4.local,darwin,0,19.7613,51.8,,,2025-11-17T02:47:33.299712,,131
Dilithium2,768,sign,0,64,0.0,0,0,0,MacBook-Pro-4.local,darwin,0,20.2941,47.61,,,2025-11-17T02:47:33.299722,,132
Dilithium2,768,sign,0,64,0.0,0,0,0,MacBook-Pro-4.local,darwin,0,20.621,49.52,,,2025-11-17T02:47:33.299733,,133
Dilithium2,768,sign,0,64,0.0,0,0,0,MacBook-Pro-4.local,darwin,0,20.5084,50.97,,,2025-11-17T02:47:33.299743,,134
Dilithium2,768,sign,0,64,0.0,0,0,0,MacBook-Pro-4.local,darwin,0,20.1627,49.97,,,2025-11-17T02:47:33.299753,,135
Dilithium2,768,sign,1024,1,0.0,0,0,0,MacBook-Pro-4.local,darwin,0,21.6773,45.86,,,2025-11-17T02:47:33.299767,,136
Dilithium2,768,sign,1024,1,0.0,0,0,0,MacBook-Pro-4.local,darwin,0,19.6647,51.65,,,2025-11-17T02:47:33.299778,,137
Dilithium2,768,sign,1024,1,0.0,0,0,0,MacBook-Pro-4.local,darwin,0,19.8561,49.53,,,2025-11-17T02:47:33.299788,,138
Dilithium2,768,sign,1024,1,0.0,0,0,0,MacBook-Pro-4.local,darwin,0,19.8965,49.63,,,2025-11-17T02:47:33.299799,,139
Dilithium2,768,sign,1024,1,0.0,0,0,0,MacBook-Pro-4.local,darwin,0,20.1736,49.14,,,2025-11-17T02:47:33.299810,,140
Dilithium2,768,sign,1024,16,0.0,0,0,0,MacBook-Pro-4.local,darwin,0,21.7129,46.15,,,2025-11-17T02:47:33.299824,,141
Dilithium2,768,sign,1024,16,0.0,0,0,0,MacBook-Pro-4.local,darwin,0,20.5494,47.87,,,2025-11-17T02:47:33.299835,,142
Dilithium2,768,sign,1024,16,0.0,0,0,0,MacBook-Pro-4.local,darwin,0,20.4038,50.24,,,2025-11-17T02:47:33.299845,,143
Dilithium2,768,sign,1024,16,0.0,0,0,0,MacBook-Pro-4.local,darwin,0,20.2908,48.3,,,2025-11-17T02:47:33.299857,,144
Dilithium2,768,sign,1024,16,0.0,0,0,0,MacBook-Pro-4.local,darwin,0,21.9379,46.62,,,2025-11-17T02:47:33.299867,,145
Dilithium2,768,sign,1024,64,0.0,0,0,0,MacBook-Pro-4.local,darwin,0,22.7035,44.92,,,2025-11-17T02:47:33.299907,,146
Dilithium2,768,sign,1024,64,0.0,0,0,0,MacBook-Pro-4.local,darwin,0,22.4472,43.58,,,2025-11-17T02:47:33.299919,,147
Dilithium2,768,sign,1024,64,0.0,0,0,0,MacBook-Pro-4.local,darwin,0,22.3588,43.57,,,2025-11-17T02:47:33.299930,,148
Dilithium2,768,sign,1024,64,0.0,0,0,0,MacBook-Pro-4.local,darwin,0,23.0023,43.55,,,2025-11-17T02:47:33.299941,,149
Dilithium2,768,sign,1024,64,0.0,0,0,0,MacBook-Pro-4.local,darwin,0,23.1194,44.92,,,2025-11-17T02:47:33.299952,,150
Dilithium2,768,verify,0,1,0.0,0,0,0,MacBook-Pro-4.local,darwin,0,9.5716,103.53,,,2025-11-17T02:47:33.299967,,151
Dilithium2,768,verify,0,1,0.0,0,0,0,MacBook-Pro-4.local,darwin,0,9.9122,100.76,,,2025-11-17T02:47:33.299978,,152
Dilithium2,768,verify,0,1,0.0,0,0,0,MacBook-Pro-4.local,darwin,0,9.3202,106.88,,,2025-11-17T02:47:33.299989,,153
Dilithium2,768,verify,0,1,0.0,0,0,0,MacBook-Pro-4.local,darwin,0,10.6732,93.47,,,2025-11-17T02:47:33.299999,,154
Dilithium2,768,verify,0,1,0.0,0,0,0,MacBook-Pro-4.local,darwin,0,9.3492,107.6,,,2025-11-17T02:47:33.300010,,155
Dilithium2,768,verify,0,16,0.0,0,0,0,MacBook-Pro-4.local,darwin,0,9.5912,101.17,,,2025-11-17T02:47:33.300024,,156
Dilithium2,768,verify,0,16,0.0,0,0,0,MacBook-Pro-4.local,darwin,0,10.4026,100.91,,,2025-11-17T02:47:33.300035,,157
Dilithium2,768,verify,0,16,0.0,0,0,0,MacBook-Pro-4.local,darwin,0,9.3792,110.57,,,2025-11-17T02:47:33.300046,,158
Dilithium2,768,verify,0,16,0.0,0,0,0,MacBook-Pro-4.local,darwin,0,9.7653,98.93,,,2025-11-17T02:47:33.300057,,159
Dilithium2,768,verify,0,16,0.0,0,0,0,MacBook-Pro-4.local,darwin,0,9.784,98.11,,,2025-11-17T02:47:33.300067,,160
Dilithium2,768,verify,0,64,0.0,0,0,0,MacBook-Pro-4.local,darwin,0,11.6398,85.82,,,2025-11-17T02:47:33.300082,,161
Dilithium2,768,verify,0,64,0.0,0,0,0,MacBook-Pro-4.local,darwin,0,9.4066,102.94,,,2025-11-17T02:47:33.300092,,162
Dilithium2,768,verify,0,64,0.0,0,0,0,MacBook-Pro-4.local,darwin,0,11.1699,87.53,,,2025-11-17T02:47:33.300103,,163
Dilithium2,768,verify,0,64,0.0,0,0,0,MacBook-Pro-4.local,darwin,0,11.1108,87.9,,,2025-11-17T02:47:33.300113,,164
Dilithium2,768,verify,0,64,0.0,0,0,0,MacBook-Pro-4.local,darwin,0,10.3578,97.76,,,2025-11-17T02:47:33.300124,,165
Dilithium2,768,verify,1024,1,0.0,0,0,0,MacBook-Pro-4.local,darwin,0,11.3018,92.51,,,2025-11-17T02:47:33.300138,,166
Dilithium2,768,verify,1024,1,0.0,0,0,0,MacBook-Pro-4.local,darwin,0,11.1164,92.82,,,2025-11-17T02:47:33.300148,,167
Dilithium2,768,verify,1024,1,0.0,0,0,0,MacBook-Pro-4.local,darwin,0,10.8072,95.34,,,2025-11-17T02:47:33.300159,,168
Dilithium2,768,verify,1024,1,0.0,0,0,0,MacBook-Pro-4.local,darwin,0,10.6131,89.89,,,2025-11-17T02:47:33.300170,,169
Dilithium2,768,verify,1024,1,0.0,0,0,0,MacBook-Pro-4.local,darwin,0,10.7063,91.21,,,2025-11-17T02:47:33.300181,,170
Dilithium2,768,verify,1024,16,0.0,0,0,0,MacBook-Pro-4.local,darwin,0,10.591,97.14,,,2025-11-17T02:47:33.300195,,171
Dilithium2,768,verify,1024,16,0.0,0,0,0,MacBook-Pro-4.local,darwin,0,11.0794,90.8,,,2025-11-17T02:47:33.300205,,172
Dilithium2,768,verify,1024,16,0.0,0,0,0,MacBook-Pro-4.local,darwin,0,11.5117,87.8,,,2025-11-17T02:47:33.300216,,173
Dilithium2,768,verify,1024,16,0.0,0,0,0,MacBook-Pro-4.local,darwin,0,11.6798,88.65,,,2025-11-17T02:47:33.300226,,174
Dilithium2,768,verify,1024,16,0.0,0,0,0,MacBook-Pro-4.local,darwin,0,11.486,88.1,,,2025-11-17T02:47:33.300237,,175
Dilithium2,768,verify,1024,64,0.0,0,0,0,MacBook-Pro-4.local,darwin,0,12.3253,82.2,,,2025-11-17T02:47:33.300251,,176
Dilithium2,768,verify,1024,64,0.0,0,0,0,MacBook-Pro-4.local,darwin,0,12.8556,80.53,,,2025-11-17T02:47:33.300261,,177
Dilithium2,768,verify,1024,64,0.0,0,0,0,MacBook-Pro-4.local,darwin,0,11.9692,83.18,,,2025-11-17T02:47:33.300272,,178
Dilithium2,768,verify,1024,64,0.0,0,0,0,MacBook-Pro-4.local,darwin,0,11.5706,85.19,,,2025-11-17T02:47:33.300282,,179
Dilithium2,768,verify,1024,64,0.0,0,0,0,MacBook-Pro-4.local,darwin,0,12.1544,81.08,,,2025-11-17T02:47:33.300293,,180
Dilithium2,1024,keygen,0,1,0.0,0,0,0,MacBook-Pro-4.local,darwin,0,14.6343,71.0,,,2025-11-17T02:47:33.300307,,181
Dilithium2,1024,keygen,0,1,0.0,0,0,0,MacBook-Pro-4.local,darwin,0,15.1768,66.6,,,2025-11-17T02:47:33.300318,,182
Dilithium2,1024,keygen,0,1,0.0,0,0,0,MacBook-Pro-4.local,darwin,0,14.5379,71.18,,,2025-11-17T02:47:33.300329,,183
Dilithium2,1024,keygen,0,1,0.0,0,0,0,MacBook-Pro-4.local,darwin,0,14.9803,63.43,,,2025-11-17T02:47:33.300339,,184
Dilithium2,1024,keygen,0,1,0.0,0,0,0,MacBook-Pro-4.local,darwin,0,14.3648,72.81,,,2025-11-17T02:47:33.300350,,185
Dilithium2,1024,keygen,0,16,0.0,0,0,0,MacBook-Pro-4.local,darwin,0,14.2775,67.68,,,2025-11-17T02:47:33.300363,,186
Dilithium2,1024,keygen,0,16,0.0,0,0,0,MacBook-Pro-4.local,darwin,0,14.9806,64.44,,,2025-11-17T02:47:33.300374,,187
Dilithium2,1024,keygen,0,16,0.0,0,0,0,MacBook-Pro-4.local,darwin,0,15.7116,63.86,,,2025-11-17T02:47:33.300385,,188
Dilithium2,1024,keygen,0,16,0.0,0,0,0,MacBook-Pro-4.local,darwin,0,14.2385,72.93,,,2025-11-17T02:47:33.300395,,189
Dilithium2,1024,keygen,0,16,0.0,0,0,0,MacBook-Pro-4.local,darwin,0,14.5758,70.11,,,2025-11-17T02:47:33.300406,,190
Dilithium2,1024,keygen,0,64,0.0,0,0,0,MacBook-Pro-4.local,darwin,0,16.5636,58.01,,,2025-11-17T02:47:33.300420,,191
Dilithium2,1024,keygen,0,64,0.0,0,0,0,MacBook-Pro-4.local,darwin,0,16.0362,62.24,,,2025-11-17T02:47:33.300430,,192
Dilithium2,1024,keygen,0,64,0.0,0,0,0,MacBook-Pro-4.local,darwin,0,16.2568,60.81,,,2025-11-17T02:47:33.300441,,193
Dilithium2,1024,keygen,0,64,0.0,0,0,0,MacBook-Pro-4.local,darwin,0,16.572,62.07,,,2025-11-17T02:47:33.300451,,194
Dilithium2,1024,keygen,0,64,0.0,0,0,0,MacBook-Pro-4.local,darwin,0,15.7783,66.25,,,2025-11-17T02:47:33.300462,,195
Dilithium2,1024,keygen,1024,1,0.0,0,0,0,MacBook-Pro-4.local,darwin,0,16.586,57.74,,,2025-11-17T02:47:33.300476,,196
Dilithium2,1024,keygen,1024,1,0.0,0,0,0,MacBook-Pro-4.local,darwin,0,16.238,62.01,,,2025-11-17T02:47:33.300486,,197
Dilithium2,1024,keygen,1024,1,0.0,0,0,0,MacBook-Pro-4.local,darwin,0,15.8674,62.58,,,2025-11-17T02:47:33.300497,,198
Dilithium2,1024,keygen,1024,1,0.0,0,0,0,MacBook-Pro-4.local,darwin,0,16.3745,62.91,,,2025-11-17T02:47:33.300508,,199
Dilithium2,1024,keygen,1024,1,0.0,0,0,0,MacBook-Pro-4.local,darwin,0,16.1771,62.27,,,2025-11-17T02:47:33.300518,,200
Dilithium2,1024,keygen,1024,16,0.0,0,0,0,MacBook-Pro-4.local,darwin,0,17.0276,57.83,,,2025-11-17T02:47:33.300532,,201
Dilithium2,1024,keygen,1024,16,0.0,0,0,0,MacBook-Pro-4.local,darwin,0,17.0519,58.38,,,2025-11-17T02:47:33.300543,,202
Dilithium2,1024,keygen,1024,16,0.0,0,0,0,MacBook-Pro-4.local,darwin,0,17.601,57.79,,,2025-11-17T02:47:33.300553,,203
Dilithium2,1024,keygen,1024,16,0.0,0,0,0,MacBook-Pro-4.local,darwin,0,16.1147,60.08,,,2025-11-17T02:47:33.300564,,204
Dilithium2,1024,keygen,1024,16,0.0,0,0,0,MacBook-Pro-4.local,darwin,0,17.7144,55.14,,,2025-11-17T02:47:33.300574,,205
Dilithium2,1024,keygen,1024,64,0.0,0,0,0,MacBook-Pro-4.local,darwin,0,17.5363,59.09,,,2025-11-17T02:47:33.300589,,206
Dilithium2,1024,keygen,1024,64,0.0,0,0,0,MacBook-Pro-4.local,darwin,0,18.3087,54.57,,,2025-11-17T02:47:33.300599,,207
Dilithium2,1024,keygen,1024,64,0.0,0,0,0,MacBook-Pro-4.local,darwin,0,17.4723,56.19,,,2025-11-17T02:47:33.300610,,208
Dilithium2,1024,keygen,1024,64,0.0,0,0,0,MacBook-Pro-4.local,darwin,0,18.0096,53.27,,,2025-11-17T02:47:33.300621,,209
Dilithium2,1024,keygen,1024,64,0.0,0,0,0,MacBook-Pro-4.local,darwin,0,18.0977,57.39,,,2025-11-17T02:47:33.300632,,210
Dilithium2,1024,sign,0,1,0.0,0,0,0,MacBook-Pro-4.local,darwin,0,17.726,57.24,,,2025-11-17T02:47:33.300646,,211
Dilithium2,1024,sign,0,1,0.0,0,0,0,MacBook-Pro-4.local,darwin,0,18.5005,54.77,,,2025-11-17T02:47:33.300657,,212
Dilithium2,1024,sign,0,1,0.0,0,0,0,MacBook-Pro-4.local,darwin,0,18.6948,51.43,,,2025-11-17T02:47:33.300668,,213
Dilithium2,1024,sign,0,1,0.0,0,0,0,MacBook-Pro-4.local,darwin,0,18.659,50.93,,,2025-11-17T02:47:33.300678,,214
Dilithium2,1024,sign,0,1,0.0,0,0,0,MacBook-Pro-4.local,darwin,0,18.7016,52.3,,,2025-11-17T02:47:33.300689,,215
Dilithium2,1024,sign,0,16,0.0,0,0,0,MacBook-Pro-4.local,darwin,0,18.8232,50.9,,,2025-11-17T02:47:33.300702,,216
Dilithium2,1024,sign,0,16,0.0,0,0,0,MacBook-Pro-4.local,darwin,0,17.5654,55.27,,,2025-11-17T02:47:33.300735,,217
Dilithium2,1024,sign,0,16,0.0,0,0,0,MacBook-Pro-4.local,darwin,0,18.5274,54.77,,,2025-11-17T02:47:33.300747,,218
Dilithium2,1024,sign,0,16,0.0,0,0,0,MacBook-Pro-4.local,darwin,0,17.9125,54.6,,,2025-11-17T02:47:33.300758,,219
Dilithium2,1024,sign,0,16,0.0,0,0,0,MacBook-Pro-4.local,darwin,0,17.7021,57.9,,,2025-11-17T02:47:33.300768,,220
Dilithium2,1024,sign,0,64,0.0,0,0,0,MacBook-Pro-4.local,darwin,0,20.7193,47.34,,,2025-11-17T02:47:33.300782,,221
Dilithium2,1024,sign,0,64,0.0,0,0,0,MacBook-Pro-4.local,darwin,0,20.6206,50.88,,,2025-11-17T02:47:33.300793,,222
Dilithium2,1024,sign,0,64,0.0,0,0,0,MacBook-Pro-4.local,darwin,0,20.1558,51.68,,,2025-11-17T02:47:33.300804,,223
Dilithium2,1024,sign,0,64,0.0,0,0,0,MacBook-Pro-4.local,darwin,0,20.5361,49.11,,,2025-11-17T02:47:33.300814,,224
Dilithium2,1024,sign,0,64,0.0,0,0,0,MacBook-Pro-4.local,darwin,0,20.294,51.6,,,2025-11-17T02:47:33.300825,,225
Dilithium2,1024,sign,1024,1,0.0,0,0,0,MacBook-Pro-4.local,darwin,0,20.3655,47.73,,,2025-11-17T02:47:33.300839,,226
Dilithium2,1024,sign,1024,1,0.0,0,0,0,MacBook-Pro-4.local,darwin,0,20.3837,50.5,,,2025-11-17T02:47:33.300849,,227
Dilithium2,1024,sign,1024,1,0.0,0,0,0,MacBook-Pro-4.local,darwin,0,20.6777,50.04,,,2025-11-17T02:47:33.300860,,228
Dilithium2,1024,sign,1024,1,0.0,0,0,0,MacBook-Pro-4.local,darwin,0,20.5872,47.64,,,2025-11-17T02:47:33.300870,,229
Dilithium2,1024,sign,1024,1,0.0,0,0,0,MacBook-Pro-4.local,darwin,0,19.3267,51.54,,,2025-11-17T02:47:33.300881,,230
Dilithium2,1024,sign,1024,16,0.0,0,0,0,MacBook-Pro-4.local,darwin,0,20.4759,46.8,,,2025-11-17T02:47:33.300895,,231
Dilithium2,1024,sign,1024,16,0.0,0,0,0,MacBook-Pro-4.local,darwin,0,20.4899,47.69,,,2025-11-17T02:47:33.300905,,232
Dilithium2,1024,sign,1024,16,0.0,0,0,0,MacBook-Pro-4.local,darwin,0,20.6559,49.91,,,2025-11-17T02:47:33.300916,,233
Dilithium2,1024,sign,1024,16,0.0,0,0,0,MacBook-Pro-4.local,darwin,0,21.1544,48.88,,,2025-11-17T02:47:33.300927,,234
Dilithium2,1024,sign,1024,16,0.0,0,0,0,MacBook-Pro-4.local,darwin,0,21.2255,46.84,,,2025-11-17T02:47:33.300937,,235
Dilithium2,1024,sign,1024,64,0.0,0,0,0,MacBook-Pro-4.local,darwin,0,22.4166,43.52,,,2025-11-17T02:47:33.300950,,236
Dilithium2,1024,sign,1024,64,0.0,0,0,0,MacBook-Pro-4.local,darwin,0,22.4716,45.71,,,2025-11-17T02:47:33.300961,,237
Dilithium2,1024,sign,1024,64,0.0,0,0,0,MacBook-Pro-4.local,darwin,0,22.6853,42.08,,,2025-11-17T02:47:33.300971,,238
Dilithium2,1024,sign,1024,64,0.0,0,0,0,MacBook-Pro-4.local,darwin,0,22.8248,45.23,,,2025-11-17T02:47:33.300981,,239
Dilithium2,1024,sign,1024,64,0.0,0,0,0,MacBook-Pro-4.local,darwin,0,23.3778,44.2,,,2025-11-17T02:47:33.300991,,240
Dilithium2,1024,verify,0,1,0.0,0,0,0,MacBook-Pro-4.local,darwin,0,9.7519,103.9,,,2025-11-17T02:47:33.301006,,241
Dilithium2,1024,verify,0,1,0.0,0,0,0,MacBook-Pro-4.local,darwin,0,9.6614,106.36,,,2025-11-17T02:47:33.301017,,242
Dilithium2,1024,verify,0,1,0.0,0,0,0,MacBook-Pro-4.local,darwin,0,10.068,97.16,,,2025-11-17T02:47:33.301027,,243
Dilithium2,1024,verify,0,1,0.0,0,0,0,MacBook-Pro-4.local,darwin,0,9.9031,96.55,,,2025-11-17T02:47:33.301038,,244
Dilithium2,1024,verify,0,1,0.0,0,0,0,MacBook-Pro-4.local,darwin,0,9.6923,102.64,,,2025-11-17T02:47:33.301048,,245
Dilithium2,1024,verify,0,16,0.0,0,0,0,MacBook-Pro-4.local,darwin,0,8.8105,115.51,,,2025-11-17T02:47:33.301062,,246
Dilithium2,1024,verify,0,16,0.0,0,0,0,MacBook-Pro-4.local,darwin,0,10.4457,91.84,,,2025-11-17T02:47:33.301073,,247
Dilithium2,1024,verify,0,16,0.0,0,0,0,MacBook-Pro-4.local,darwin,0,10.072,98.74,,,2025-11-17T02:47:33.301083,,248
Dilithium2,1024,verify,0,16,0.0,0,0,0,MacBook-Pro-4.local,darwin,0,9.3402,104.24,,,2025-11-17T02:47:33.301094,,249
Dilithium2,1024,verify,0,16,0.0,0,0,0,MacBook-Pro-4.local,darwin,0,9.3073,107.89,,,2025-11-17T02:47:33.301105,,250
Dilithium2,1024,verify,0,64,0.0,0,0,0,MacBook-Pro-4.local,darwin,0,10.2116,97.59,,,2025-11-17T02:47:33.301118,,251
Dilithium2,1024,verify,0,64,0.0,0,0,0,MacBook-Pro-4.local,darwin,0,10.654,91.73,,,2025-11-17T02:47:33.301129,,252
Dilithium2,1024,verify,0,64,0.0,0,0,0,MacBook-Pro-4.local,darwin,0,10.7463,93.25,,,2025-11-17T02:47:33.301139,,253
Dilithium2,1024,verify,0,64,0.0,0,0,0,MacBook-Pro-4.local,darwin,0,10.0369,100.43,,,2025-11-17T02:47:33.301150,,254
Dilithium2,1024,verify,0,64,0.0,0,0,0,MacBook-Pro-4.local,darwin,0,10.6505,95.87,,,2025-11-17T02:47:33.301161,,255
Dilithium2,1024,verify,1024,1,0.0,0,0,0,MacBook-Pro-4.local,darwin,0,10.3866,97.0,,,2025-11-17T02:47:33.301174,,256
Dilithium2,1024,verify,1024,1,0.0,0,0,0,MacBook-Pro-4.local,darwin,0,10.7293,95.23,,,2025-11-17T02:47:33.301185,,257
Dilithium2,1024,verify,1024,1,0.0,0,0,0,MacBook-Pro-4.local,darwin,0,10.8245,95.14,,,2025-11-17T02:47:33.301197,,258
Dilithium2,1024,verify,1024,1,0.0,0,0,0,MacBook-Pro-4.local,darwin,0,10.8237,95.86,,,2025-11-17T02:47:33.301208,,259
Dilithium2,1024,verify,1024,1,0.0,0,0,0,MacBook-Pro-4.local,darwin,0,10.9378,94.83,,,2025-11-17T02:47:33.301218,,260
Dilithium2,1024,verify,1024,16,0.0,0,0,0,MacBook-Pro-4.local,darwin,0,11.1597,88.53,,,2025-11-17T02:47:33.301232,,261
Dilithium2,1024,verify,1024,16,0.0,0,0,0,MacBook-Pro-4.local,darwin,0,11.056,86.05,,,2025-11-17T02:47:33.301243,,262
Dilithium2,1024,verify,1024,16,0.0,0,0,0,MacBook-Pro-4.local,darwin,0,11.4783,89.31,,,2025-11-17T02:47:33.301254,,263
Dilithium2,1024,verify,1024,16,0.0,0,0,0,MacBook-Pro-4.local,darwin,0,10.8372,89.92,,,2025-11-17T02:47:33.301265,,264
Dilithium2,1024,verify,1024,16,0.0,0,0,0,MacBook-Pro-4.local,darwin,0,10.6519,92.23,,,2025-11-17T02:47:33.301275,,265
Dilithium2,1024,verify,1024,64,0.0,0,0,0,MacBook-Pro-4.local,darwin,0,11.9928,83.9,,,2025-11-17T02:47:33.301289,,266
Dilithium2,1024,verify,1024,64,0.0,0,0,0,MacBook-Pro-4.local,darwin,0,12.2831,79.05,,,2025-11-17T02:47:33.301300,,267
Dilithium2,1024,verify,1024,64,0.0,0,0,0,MacBook-Pro-4.local,darwin,0,13.3019,73.77,,,2025-11-17T02:47:33.301311,,268
Dilithium2,1024,verify,1024,64,0.0,0,0,0,MacBook-Pro-4.local,darwin,0,11.8659,85.68,,,2025-11-17T02:47:33.301321,,269
Dilithium2,1024,verify,1024,64,0.0,0,0,0,MacBook-Pro-4.local,darwin,0,11.7773,82.54,,,2025-11-17T02:47:33.301332,,270
Dilithium3,512,keygen,0,1,0.0,0,0,0,MacBook-Pro-4.local,darwin,0,13.4722,73.7,,,2025-11-17T02:47:33.301348,,271
Dilithium3,512,keygen,0,1,0.0,0,0,0,MacBook-Pro-4.local,darwin,0,14.3335,67.45,,,2025-11-17T02:47:33.301359,,272
Dilithium3,512,keygen,0,1,0.0,0,0,0,MacBook-Pro-4.local,darwin,0,14.5236,69.32,,,2025-11-17T02:47:33.301370,,273
Dilithium3,512,keygen,0,1,0.0,0,0,0,MacBook-Pro-4.local,darwin,0,13.9608,70.62,,,2025-11-17T02:47:33.301381,,274
Dilithium3,512,keygen,0,1,0.0,0,0,0,MacBook-Pro-4.local,darwin,0,14.1733,68.05,,,2025-11-17T02:47:33.301391,,275
Dilithium3,512,keygen,0,16,0.0,0,0,0,MacBook-Pro-4.local,darwin,0,14.3515,67.02,,,2025-11-17T02:47:33.301407,,276
Dilithium3,512,keygen,0,16,0.0,0,0,0,MacBook-Pro-4.local,darwin,0,15.0156,63.98,,,2025-11-17T02:47:33.301417,,277
Dilithium3,512,keygen,0,16,0.0,0,0,0,MacBook-Pro-4.local,darwin,0,14.9329,66.82,,,2025-11-17T02:47:33.301428,,278
Dilithium3,512,keygen,0,16,0.0,0,0,0,MacBook-Pro-4.local,darwin,0,14.2828,70.25,,,2025-11-17T02:47:33.301438,,279
Dilithium3,512,keygen,0,16,0.0,0,0,0,MacBook-Pro-4.local,darwin,0,14.2429,66.94,,,2025-11-17T02:47:33.301449,,280
Dilithium3,512,keygen,0,64,0.0,0,0,0,MacBook-Pro-4.local,darwin,0,16.3294,59.26,,,2025-11-17T02:47:33.301463,,281
Dilithium3,512,keygen,0,64,0.0,0,0,0,MacBook-Pro-4.local,darwin,0,15.7306,66.69,,,2025-11-17T02:47:33.301475,,282
Dilithium3,512,keygen,0,64,0.0,0,0,0,MacBook-Pro-4.local,darwin,0,17.3597,59.72,,,2025-11-17T02:47:33.301485,,283
Dilithium3,512,keygen,0,64,0.0,0,0,0,MacBook-Pro-4.local,darwin,0,15.9939,62.95,,,2025-11-17T02:47:33.301496,,284
Dilithium3,512,keygen,0,64,0.0,0,0,0,MacBook-Pro-4.local,darwin,0,16.3759,58.82,,,2025-11-17T02:47:33.301507,,285
Dilithium3,512,keygen,1024,1,0.0,0,0,0,MacBook-Pro-4.local,darwin,0,15.8283,66.2,,,2025-11-17T02:47:33.301521,,286
Dilithium3,512,keygen,1024,1,0.0,0,0,0,MacBook-Pro-4.local,darwin,0,15.8414,60.29,,,2025-11-17T02:47:33.301532,,287
Dilithium3,512,keygen,1024,1,0.0,0,0,0,MacBook-Pro-4.local,darwin,0,16.3256,61.54,,,2025-11-17T02:47:33.301563,,288
Dilithium3,512,keygen,1024,1,0.0,0,0,0,MacBook-Pro-4.local,darwin,0,16.2969,58.53,,,2025-11-17T02:47:33.301575,,289
Dilithium3,512,keygen,1024,1,0.0,0,0,0,MacBook-Pro-4.local,darwin,0,16.3556,59.96,,,2025-11-17T02:47:33.301586,,290
Dilithium3,512,keygen,1024,16,0.0,0,0,0,MacBook-Pro-4.local,darwin,0,16.4136,63.95,,,2025-11-17T02:47:33.301600,,291
Dilithium3,512,keygen,1024,16,0.0,0,0,0,MacBook-Pro-4.local,darwin,0,17.0364,59.96,,,2025-11-17T02:47:33.301611,,292
Dilithium3,512,keygen,1024,16,0.0,0,0,0,MacBook-Pro-4.local,darwin,0,16.3906,58.47,,,2025-11-17T02:47:33.301622,,293
Dilithium3,512,keygen,1024,16,0.0,0,0,0,MacBook-Pro-4.local,darwin,0,17.4792,55.38,,,2025-11-17T02:47:33.301632,,294
Dilithium3,512,keygen,1024,16,0.0,0,0,0,MacBook-Pro-4.local,darwin,0,17.6711,57.07,,,2025-11-17T02:47:33.301643,,295
Dilithium3,512,keygen,1024,64,0.0,0,0,0,MacBook-Pro-4.local,darwin,0,18.0302,54.62,,,2025-11-17T02:47:33.301656,,296
Dilithium3,512,keygen,1024,64,0.0,0,0,0,MacBook-Pro-4.local,darwin,0,18.6841,54.21,,,2025-11-17T02:47:33.301667,,297
Dilithium3,512,keygen,1024,64,0.0,0,0,0,MacBook-Pro-4.local,darwin,0,18.597,51.48,,,2025-11-17T02:47:33.301677,,298
Dilithium3,512,keygen,1024,64,0.0,0,0,0,MacBook-Pro-4.local,darwin,0,18.4714,52.94,,,2025-11-17T02:47:33.301688,,299
Dilithium3,512,keygen,1024,64,0.0,0,0,0,MacBook-Pro-4.local,darwin,0,18.7896,51.02,,,2025-11-17T02:47:33.301699,,300
Dilithium3,512,sign,0,1,0.0,0,0,0,MacBook-Pro-4.local,darwin,0,18.6088,53.39,,,2025-11-17T02:47:33.301713,,301
Dilithium3,512,sign,0,1,0.0,0,0,0,MacBook-Pro-4.local,darwin,0,18.7365,53.81,,,2025-11-17T02:47:33.301723,,302
Dilithium3,512,sign,0,1,0.0,0,0,0,MacBook-Pro-4.local,darwin,0,18.0998,56.75,,,2025-11-17T02:47:33.301734,,303
Dilithium3,512,sign,0,1,0.0,0,0,0,MacBook-Pro-4.local,darwin,0,17.5303,59.7,,,2025-11-17T02:47:33.301745,,304
Dilithium3,512,sign,0,1,0.0,0,0,0,MacBook-Pro-4.local,darwin,0,17.3238,59.32,,,2025-11-17T02:47:33.301756,,305
Dilithium3,512,sign,0,16,0.0,0,0,0,MacBook-Pro-4.local,darwin,0,19.1152,51.55,,,2025-11-17T02:47:33.301770,,306
Dilithium3,512,sign,0,16,0.0,0,0,0,MacBook-Pro-4.local,darwin,0,18.7275,55.18,,,2025-11-17T02:47:33.301781,,307
Dilithium3,512,sign,0,16,0.0,0,0,0,MacBook-Pro-4.local,darwin,0,18.5661,53.12,,,2025-11-17T02:47:33.301791,,308
Dilithium3,512,sign,0,16,0.0,0,0,0,MacBook-Pro-4.local,darwin,0,18.6246,54.25,,,2025-11-17T02:47:33.301802,,309
Dilithium3,512,sign,0,16,0.0,0,0,0,MacBook-Pro-4.local,darwin,0,19.0915,52.91,,,2025-11-17T02:47:33.301812,,310
Dilithium3,512,sign,0,64,0.0,0,0,0,MacBook-Pro-4.local,darwin,0,20.2339,51.29,,,2025-11-17T02:47:33.301826,,311
Dilithium3,512,sign,0,64,0.0,0,0,0,MacBook-Pro-4.local,darwin,0,20.7325,46.59,,,2025-11-17T02:47:33.301836,,312
Dilithium3,512,sign,0,64,0.0,0,0,0,MacBook-Pro-4.local,darwin,0,21.2554,46.88,,,2025-11-17T02:47:33.301847,,313
Dilithium3,512,sign,0,64,0.0,0,0,0,MacBook-Pro-4.local,darwin,0,20.1136,51.54,,,2025-11-17T02:47:33.301857,,314
Dilithium3,512,sign,0,64,0.0,0,0,0,MacBook-Pro-4.local,darwin,0,20.6551,47.05,,,2025-11-17T02:47:33.301867,,315
Dilithium3,512,sign,1024,1,0.0,0,0,0,MacBook-Pro-4.local,darwin,0,19.791,49.44,,,2025-11-17T02:47:33.301882,,316
Dilithium3,512,sign,1024,1,0.0,0,0,0,MacBook-Pro-4.local,darwin,0,20.1277,48.86,,,2025-11-17T02:47:33.301892,,317
Dilithium3,512,sign,1024,1,0.0,0,0,0,MacBook-Pro-4.local,darwin,0,20.043,49.64,,,2025-11-17T02:47:33.301903,,318
Dilithium3,512,sign,1024,1,0.0,0,0,0,MacBook-Pro-4.local,darwin,0,20.7437,50.17,,,2025-11-17T02:47:33.301913,,319
Dilithium3,512,sign,1024,1,0.0,0,0,0,MacBook-Pro-4.local,darwin,0,20.7231,50.56,,,2025-11-17T02:47:33.301924,,320
Dilithium3,512,sign,1024,16,0.0,0,0,0,MacBook-Pro-4.local,darwin,0,20.319,49.86,,,2025-11-17T02:47:33.301937,,321
Dilithium3,512,sign,1024,16,0.0,0,0,0,MacBook-Pro-4.local,darwin,0,21.0175,48.96,,,2025-11-17T02:47:33.301948,,322
Dilithium3,512,sign,1024,16,0.0,0,0,0,MacBook-Pro-4.local,darwin,0,21.0042,45.33,,,2025-11-17T02:47:33.301958,,323
Dilithium3,512,sign,1024,16,0.0,0,0,0,MacBook-Pro-4.local,darwin,0,20.739,49.75,,,2025-11-17T02:47:33.301969,,324
Dilithium3,512,sign,1024,16,0.0,0,0,0,MacBook-Pro-4.local,darwin,0,19.9781,50.1,,,2025-11-17T02:47:33.301979,,325
Dilithium3,512,sign,1024,64,0.0,0,0,0,MacBook-Pro-4.local,darwin,0,22.6892,46.11,,,2025-11-17T02:47:33.301993,,326
Dilithium3,512,sign,1024,64,0.0,0,0,0,MacBook-Pro-4.local,darwin,0,22.6951,44.64,,,2025-11-17T02:47:33.302004,,327
Dilithium3,512,sign,1024,64,0.0,0,0,0,MacBook-Pro-4.local,darwin,0,22.1933,44.9,,,2025-11-17T02:47:33.302014,,328
Dilithium3,512,sign,1024,64,0.0,0,0,0,MacBook-Pro-4.local,darwin,0,22.6964,43.01,,,2025-11-17T02:47:33.302024,,329
Dilithium3,512,sign,1024,64,0.0,0,0,0,MacBook-Pro-4.local,darwin,0,23.3792,42.85,,,2025-11-17T02:47:33.302035,,330
Dilithium3,512,verify,0,1,0.0,0,0,0,MacBook-Pro-4.local,darwin,0,10.254,93.07,,,2025-11-17T02:47:33.302049,,331
Dilithium3,512,verify,0,1,0.0,0,0,0,MacBook-Pro-4.local,darwin,0,9.9946,97.94,,,2025-11-17T02:47:33.302059,,332
Dilithium3,512,verify,0,1,0.0,0,0,0,MacBook-Pro-4.local,darwin,0,9.5881,104.25,,,2025-11-17T02:47:33.302070,,333
Dilithium3,512,verify,0,1,0.0,0,0,0,MacBook-Pro-4.local,darwin,0,10.3116,92.27,,,2025-11-17T02:47:33.302081,,334
Dilithium3,512,verify,0,1,0.0,0,0,0,MacBook-Pro-4.local,darwin,0,9.8555,103.81,,,2025-11-17T02:47:33.302091,,335
Dilithium3,512,verify,0,16,0.0,0,0,0,MacBook-Pro-4.local,darwin,0,8.8768,111.73,,,2025-11-17T02:47:33.302105,,336
Dilithium3,512,verify,0,16,0.0,0,0,0,MacBook-Pro-4.local,darwin,0,11.3821,83.56,,,2025-11-17T02:47:33.302116,,337
Dilithium3,512,verify,0,16,0.0,0,0,0,MacBook-Pro-4.local,darwin,0,9.5697,99.36,,,2025-11-17T02:47:33.302126,,338
Dilithium3,512,verify,0,16,0.0,0,0,0,MacBook-Pro-4.local,darwin,0,9.0383,107.39,,,2025-11-17T02:47:33.302137,,339
Dilithium3,512,verify,0,16,0.0,0,0,0,MacBook-Pro-4.local,darwin,0,9.5961,105.25,,,2025-11-17T02:47:33.302147,,340
Dilithium3,512,verify,0,64,0.0,0,0,0,MacBook-Pro-4.local,darwin,0,10.2365,93.48,,,2025-11-17T02:47:33.302161,,341
Dilithium3,512,verify,0,64,0.0,0,0,0,MacBook-Pro-4.local,darwin,0,10.8321,93.7,,,2025-11-17T02:47:33.302172,,342
Dilithium3,512,verify,0,64,0.0,0,0,0,MacBook-Pro-4.local,darwin,0,10.739,92.73,,,2025-11-17T02:47:33.302183,,343
Dilithium3,512,verify,0,64,0.0,0,0,0,MacBook-Pro-4.local,darwin,0,10.691,93.95,,,2025-11-17T02:47:33.302193,,344
Dilithium3,512,verify,0,64,0.0,0,0,0,MacBook-Pro-4.local,darwin,0,10.5162,91.72,,,2025-11-17T02:47:33.302203,,345
Dilithium3,512,verify,1024,1,0.0,0,0,0,MacBook-Pro-4.local,darwin,0,11.5151,90.35,,,2025-11-17T02:47:33.302217,,346
Dilithium3,512,verify,1024,1,0.0,0,0,0,MacBook-Pro-4.local,darwin,0,11.2969,84.38,,,2025-11-17T02:47:33.302228,,347
Dilithium3,512,verify,1024,1,0.0,0,0,0,MacBook-Pro-4.local,darwin,0,10.7252,92.31,,,2025-11-17T02:47:33.302239,,348
Dilithium3,512,verify,1024,1,0.0,0,0,0,MacBook-Pro-4.local,darwin,0,11.2826,91.42,,,2025-11-17T02:47:33.302250,,349
Dilithium3,512,verify,1024,1,0.0,0,0,0,MacBook-Pro-4.local,darwin,0,10.4028,92.28,,,2025-11-17T02:47:33.302261,,350
Dilithium3,512,verify,1024,16,0.0,0,0,0,MacBook-Pro-4.local,darwin,0,11.4744,90.13,,,2025-11-17T02:47:33.302275,,351
Dilithium3,512,verify,1024,16,0.0,0,0,0,MacBook-Pro-4.local,darwin,0,11.4836,84.88,,,2025-11-17T02:47:33.302285,,352
Dilithium3,512,verify,1024,16,0.0,0,0,0,MacBook-Pro-4.local,darwin,0,10.4574,99.42,,,2025-11-17T02:47:33.302296,,353
Dilithium3,512,verify,1024,16,0.0,0,0,0,MacBook-Pro-4.local,darwin,0,10.6148,90.19,,,2025-11-17T02:47:33.302307,,354
Dilithium3,512,verify,1024,16,0.0,0,0,0,MacBook-Pro-4.local,darwin,0,11.2312,87.64,,,2025-11-17T02:47:33.302318,,355
Dilithium3,512,verify,1024,64,0.0,0,0,0,MacBook-Pro-4.local,darwin,0,12.7146,76.45,,,2025-11-17T02:47:33.302331,,356
Dilithium3,512,verify,1024,64,0.0,0,0,0,MacBook-Pro-4.local,darwin,0,11.6934,83.12,,,2025-11-17T02:47:33.302342,,357
Dilithium3,512,verify,1024,64,0.0,0,0,0,MacBook-Pro-4.local,darwin,0,11.8595,84.57,,,2025-11-17T02:47:33.302352,,358
Dilithium3,512,verify,1024,64,0.0,0,0,0,MacBook-Pro-4.local,darwin,0,12.1333,80.48,,,2025-11-17T02:47:33.302363,,359
Dilithium3,512,verify,1024,64,0.0,0,0,0,MacBook-Pro-4.local,darwin,0,11.5022,90.15,,,2025-11-17T02:47:33.302393,,360
Dilithium3,768,keygen,0,1,0.0,0,0,0,MacBook-Pro-4.local,darwin,0,14.2297,71.7,,,2025-11-17T02:47:33.302409,,361
Dilithium3,768,keygen,0,1,0.0,0,0,0,MacBook-Pro-4.local,darwin,0,14.8288,69.14,,,2025-11-17T02:47:33.302420,,362
Dilithium3,768,keygen,0,1,0.0,0,0,0,MacBook-Pro-4.local,darwin,0,14.0097,72.05,,,2025-11-17T02:47:33.302431,,363
Dilithium3,768,keygen,0,1,0.0,0,0,0,MacBook-Pro-4.local,darwin,0,14.9471,70.19,,,2025-11-17T02:47:33.302442,,364
Dilithium3,768,keygen,0,1,0.0,0,0,0,MacBook-Pro-4.local,darwin,0,14.1244,74.01,,,2025-11-17T02:47:33.302452,,365
Dilithium3,768,keygen,0,16,0.0,0,0,0,MacBook-Pro-4.local,darwin,0,15.0529,67.9,,,2025-11-17T02:47:33.302467,,366
Dilithium3,768,keygen,0,16,0.0,0,0,0,MacBook-Pro-4.local,darwin,0,14.4236,66.66,,,2025-11-17T02:47:33.302477,,367
Dilithium3,768,keygen,0,16,0.0,0,0,0,MacBook-Pro-4.local,darwin,0,14.8939,64.62,,,2025-11-17T02:47:33.302488,,368
Dilithium3,768,keygen,0,16,0.0,0,0,0,MacBook-Pro-4.local,darwin,0,14.4092,66.25,,,2025-11-17T02:47:33.302498,,369
Dilithium3,768,keygen,0,16,0.0,0,0,0,MacBook-Pro-4.local,darwin,0,14.3233,71.57,,,2025-11-17T02:47:33.302509,,370
Dilithium3,768,keygen,0,64,0.0,0,0,0,MacBook-Pro-4.local,darwin,0,15.7308,61.87,,,2025-11-17T02:47:33.302523,,371
Dilithium3,768,keygen,0,64,0.0,0,0,0,MacBook-Pro-4.local,darwin,0,16.4849,59.28,,,2025-11-17T02:47:33.302533,,372
Dilithium3,768,keygen,0,64,0.0,0,0,0,MacBook-Pro-4.local,darwin,0,16.2959,63.73,,,2025-11-17T02:47:33.302544,,373
Dilithium3,768,keygen,0,64,0.0,0,0,0,MacBook-Pro-4.local,darwin,0,15.7816,62.32,,,2025-11-17T02:47:33.302554,,374
Dilithium3,768,keygen,0,64,0.0,0,0,0,MacBook-Pro-4.local,darwin,0,15.8922,64.14,,,2025-11-17T02:47:33.302565,,375
Dilithium3,768,keygen,1024,1,0.0,0,0,0,MacBook-Pro-4.local,darwin,0,16.5996,59.21,,,2025-11-17T02:47:33.302579,,376
Dilithium3,768,keygen,1024,1,0.0,0,0,0,MacBook-Pro-4.local,darwin,0,16.327,61.39,,,2025-11-17T02:47:33.302590,,377
Dilithium3,768,keygen,1024,1,0.0,0,0,0,MacBook-Pro-4.local,darwin,0,16.3214,59.45,,,2025-11-17T02:47:33.302600,,378
Dilithium3,768,keygen,1024,1,0.0,0,0,0,MacBook-Pro-4.local,darwin,0,15.3953,64.4,,,2025-11-17T02:47:33.302611,,379
Dilithium3,768,keygen,1024,1,0.0,0,0,0,MacBook-Pro-4.local,darwin,0,16.5016,58.13,,,2025-11-17T02:47:33.302622,,380
Dilithium3,768,keygen,1024,16,0.0,0,0,0,MacBook-Pro-4.local,darwin,0,16.3349,62.15,,,2025-11-17T02:47:33.302635,,381
Dilithium3,768,keygen,1024,16,0.0,0,0,0,MacBook-Pro-4.local,darwin,0,16.9648,60.4,,,2025-11-17T02:47:33.302646,,382
Dilithium3,768,keygen,1024,16,0.0,0,0,0,MacBook-Pro-4.local,darwin,0,16.0326,60.62,,,2025-11-17T02:47:33.302657,,383
Dilithium3,768,keygen,1024,16,0.0,0,0,0,MacBook-Pro-4.local,darwin,0,16.4089,62.19,,,2025-11-17T02:47:33.302667,,384
Dilithium3,768,keygen,1024,16,0.0,0,0,0,MacBook-Pro-4.local,darwin,0,17.2015,55.43,,,2025-11-17T02:47:33.302678,,385
Dilithium3,768,keygen,1024,64,0.0,0,0,0,MacBook-Pro-4.local,darwin,0,18.4129,51.83,,,2025-11-17T02:47:33.302692,,386
Dilithium3,768,keygen,1024,64,0.0,0,0,0,MacBook-Pro-4.local,darwin,0,18.2951,52.09,,,2025-11-17T02:47:33.302702,,387
Dilithium3,768,keygen,1024,64,0.0,0,0,0,MacBook-Pro-4.local,darwin,0,18.9508,52.95,,,2025-11-17T02:47:33.302713,,388
Dilithium3,768,keygen,1024,64,0.0,0,0,0,MacBook-Pro-4.local,darwin,0,17.5621,56.9,,,2025-11-17T02:47:33.302723,,389
Dilithium3,768,keygen,1024,64,0.0,0,0,0,MacBook-Pro-4.local,darwin,0,19.1092,51.26,,,2025-11-17T02:47:33.302734,,390
Dilithium3,768,sign,0,1,0.0,0,0,0,MacBook-Pro-4.local,darwin,0,18.3248,52.02,,,2025-11-17T02:47:33.302748,,391
Dilithium3,768,sign,0,1,0.0,0,0,0,MacBook-Pro-4.local,darwin,0,18.8529,55.04,,,2025-11-17T02:47:33.302759,,392
Dilithium3,768,sign,0,1,0.0,0,0,0,MacBook-Pro-4.local,darwin,0,18.6837,56.12,,,2025-11-17T02:47:33.302770,,393
Dilithium3,768,sign,0,1,0.0,0,0,0,MacBook-Pro-4.local,darwin,0,18.3823,53.45,,,2025-11-17T02:47:33.302780,,394
Dilithium3,768,sign,0,1,0.0,0,0,0,MacBook-Pro-4.local,darwin,0,19.3233,50.0,,,2025-11-17T02:47:33.302791,,395
Dilithium3,768,sign,0,16,0.0,0,0,0,MacBook-Pro-4.local,darwin,0,17.8828,55.88,,,2025-11-17T02:47:33.302805,,396
Dilithium3,768,sign,0,16,0.0,0,0,0,MacBook-Pro-4.local,darwin,0,18.6981,50.86,,,2025-11-17T02:47:33.302815,,397
Dilithium3,768,sign,0,16,0.0,0,0,0,MacBook-Pro-4.local,darwin,0,18.3258,55.9,,,2025-11-17T02:47:33.302826,,398
Dilithium3,768,sign,0,16,0.0,0,0,0,MacBook-Pro-4.local,darwin,0,19.3322,49.32,,,2025-11-17T02:47:33.302837,,399
Dilithium3,768,sign,0,16,0.0,0,0,0,MacBook-Pro-4.local,darwin,0,19.4663,51.38,,,2025-11-17T02:47:33.302847,,400
Dilithium3,768,sign,0,64,0.0,0,0,0,MacBook-Pro-4.local,darwin,0,21.077,48.68,,,2025-11-17T02:47:33.302860,,401
Dilithium3,768,sign,0,64,0.0,0,0,0,MacBook-Pro-4.local,darwin,0,20.4211,49.6,,,2025-11-17T02:47:33.302871,,402
Dilithium3,768,sign,0,64,0.0,0,0,0,MacBook-Pro-4.local,darwin,0,19.9899,48.32,,,2025-11-17T02:47:33.302881,,403
Dilithium3,768,sign,0,64,0.0,0,0,0,MacBook-Pro-4.local,darwin,0,20.8034,48.27,,,2025-11-17T02:47:33.302892,,404
Dilithium3,768,sign,0,64,0.0,0,0,0,MacBook-Pro-4.local,darwin,0,20.4811,50.39,,,2025-11-17T02:47:33.302902,,405
Dilithium3,768,sign,1024,1,0.0,0,0,0,MacBook-Pro-4.local,darwin,0,20.7871,46.09,,,2025-11-17T02:47:33.302916,,406
Dilithium3,768,sign,1024,1,0.0,0,0,0,MacBook-Pro-4.local,darwin,0,20.7359,46.45,,,2025-11-17T02:47:33.302927,,407
Dilithium3,768,sign,1024,1,0.0,0,0,0,MacBook-Pro-4.local,darwin,0,20.7352,49.57,,,2025-11-17T02:47:33.302938,,408
Dilithium3,768,sign,1024,1,0.0,0,0,0,MacBook-Pro-4.local,darwin,0,20.5324,47.08,,,2025-11-17T02:47:33.302948,,409
Dilithium3,768,sign,1024,1,0.0,0,0,0,MacBook-Pro-4.local,darwin,0,20.0341,48.84,,,2025-11-17T02:47:33.302959,,410
Dilithium3,768,sign,1024,16,0.0,0,0,0,MacBook-Pro-4.local,darwin,0,20.8868,47.45,,,2025-11-17T02:47:33.302972,,411
Dilithium3,768,sign,1024,16,0.0,0,0,0,MacBook-Pro-4.local,darwin,0,22.0083,43.93,,,2025-11-17T02:47:33.302983,,412
Dilithium3,768,sign,1024,16,0.0,0,0,0,MacBook-Pro-4.local,darwin,0,21.0974,45.21,,,2025-11-17T02:47:33.302993,,413
Dilithium3,768,sign,1024,16,0.0,0,0,0,MacBook-Pro-4.local,darwin,0,20.7603,47.75,,,2025-11-17T02:47:33.303004,,414
Dilithium3,768,sign,1024,16,0.0,0,0,0,MacBook-Pro-4.local,darwin,0,20.879,47.63,,,2025-11-17T02:47:33.303015,,415
Dilithium3,768,sign,1024,64,0.0,0,0,0,MacBook-Pro-4.local,darwin,0,22.1563,44.91,,,2025-11-17T02:47:33.303028,,416
Dilithium3,768,sign,1024,64,0.0,0,0,0,MacBook-Pro-4.local,darwin,0,22.7555,43.38,,,2025-11-17T02:47:33.303039,,417
Dilithium3,768,sign,1024,64,0.0,0,0,0,MacBook-Pro-4.local,darwin,0,22.9732,44.21,,,2025-11-17T02:47:33.303050,,418
Dilithium3,768,sign,1024,64,0.0,0,0,0,MacBook-Pro-4.local,darwin,0,22.7823,42.52,,,2025-11-17T02:47:33.303062,,419
Dilithium3,768,sign,1024,64,0.0,0,0,0,MacBook-Pro-4.local,darwin,0,22.5326,44.64,,,2025-11-17T02:47:33.303073,,420
Dilithium3,768,verify,0,1,0.0,0,0,0,MacBook-Pro-4.local,darwin,0,10.1278,94.93,,,2025-11-17T02:47:33.303087,,421
Dilithium3,768,verify,0,1,0.0,0,0,0,MacBook-Pro-4.local,darwin,0,10.7171,95.44,,,2025-11-17T02:47:33.303097,,422
Dilithium3,768,verify,0,1,0.0,0,0,0,MacBook-Pro-4.local,darwin,0,8.8851,111.93,,,2025-11-17T02:47:33.303108,,423
Dilithium3,768,verify,0,1,0.0,0,0,0,MacBook-Pro-4.local,darwin,0,8.7449,111.89,,,2025-11-17T02:47:33.303119,,424
Dilithium3,768,verify,0,1,0.0,0,0,0,MacBook-Pro-4.local,darwin,0,9.8132,96.91,,,2025-11-17T02:47:33.303130,,425
Dilithium3,768,verify,0,16,0.0,0,0,0,MacBook-Pro-4.local,darwin,0,10.394,93.58,,,2025-11-17T02:47:33.303144,,426
Dilithium3,768,verify,0,16,0.0,0,0,0,MacBook-Pro-4.local,darwin,0,10.0747,98.97,,,2025-11-17T02:47:33.303154,,427
Dilithium3,768,verify,0,16,0.0,0,0,0,MacBook-Pro-4.local,darwin,0,10.4944,98.05,,,2025-11-17T02:47:33.303165,,428
Dilithium3,768,verify,0,16,0.0,0,0,0,MacBook-Pro-4.local,darwin,0,9.6723,98.65,,,2025-11-17T02:47:33.303176,,429
Dilithium3,768,verify,0,16,0.0,0,0,0,MacBook-Pro-4.local,darwin,0,9.359,107.96,,,2025-11-17T02:47:33.303186,,430
Dilithium3,768,verify,0,64,0.0,0,0,0,MacBook-Pro-4.local,darwin,0,10.6837,92.38,,,2025-11-17T02:47:33.303200,,431
Dilithium3,768,verify,0,64,0.0,0,0,0,MacBook-Pro-4.local,darwin,0,11.1335,87.15,,,2025-11-17T02:47:33.303230,,432
Dilithium3,768,verify,0,64,0.0,0,0,0,MacBook-Pro-4.local,darwin,0,10.3808,91.76,,,2025-11-17T02:47:33.303241,,433
Dilithium3,768,verify,0,64,0.0,0,0,0,MacBook-Pro-4.local,darwin,0,11.743,83.88,,,2025-11-17T02:47:33.303253,,434
Dilithium3,768,verify,0,64,0.0,0,0,0,MacBook-Pro-4.local,darwin,0,10.3744,96.24,,,2025-11-17T02:47:33.303263,,435
Dilithium3,768,verify,1024,1,0.0,0,0,0,MacBook-Pro-4.local,darwin,0,10.992,91.26,,,2025-11-17T02:47:33.303278,,436
Dilithium3,768,verify,1024,1,0.0,0,0,0,MacBook-Pro-4.local,darwin,0,10.763,97.54,,,2025-11-17T02:47:33.303289,,437
Dilithium3,768,verify,1024,1,0.0,0,0,0,MacBook-Pro-4.local,darwin,0,11.3351,84.37,,,2025-11-17T02:47:33.303299,,438
Dilithium3,768,verify,1024,1,0.0,0,0,0,MacBook-Pro-4.local,darwin,0,10.3492,100.16,,,2025-11-17T02:47:33.303310,,439
Dilithium3,768,verify,1024,1,0.0,0,0,0,MacBook-Pro-4.local,darwin,0,11.5305,84.76,,,2025-11-17T02:47:33.303321,,440
Dilithium3,768,verify,1024,16,0.0,0,0,0,MacBook-Pro-4.local,darwin,0,10.258,95.76,,,2025-11-17T02:47:33.303335,,441
Dilithium3,768,verify,1024,16,0.0,0,0,0,MacBook-Pro-4.local,darwin,0,11.2507,93.23,,,2025-11-17T02:47:33.303345,,442
Dilithium3,768,verify,1024,16,0.0,0,0,0,MacBook-Pro-4.local,darwin,0,11.6312,85.02,,,2025-11-17T02:47:33.303357,,443
Dilithium3,768,verify,1024,16,0.0,0,0,0,MacBook-Pro-4.local,darwin,0,11.2299,85.01,,,2025-11-17T02:47:33.303367,,444
Dilithium3,768,verify,1024,16,0.0,0,0,0,MacBook-Pro-4.local,darwin,0,10.873,95.96,,,2025-11-17T02:47:33.303378,,445
Dilithium3,768,verify,1024,64,0.0,0,0,0,MacBook-Pro-4.local,darwin,0,12.1269,82.91,,,2025-11-17T02:47:33.303392,,446
Dilithium3,768,verify,1024,64,0.0,0,0,0,MacBook-Pro-4.local,darwin,0,12.09,85.82,,,2025-11-17T02:47:33.303402,,447
Dilithium3,768,verify,1024,64,0.0,0,0,0,MacBook-Pro-4.local,darwin,0,12.859,79.35,,,2025-11-17T02:47:33.303413,,448
Dilithium3,768,verify,1024,64,0.0,0,0,0,MacBook-Pro-4.local,darwin,0,13.1832,72.88,,,2025-11-17T02:47:33.303424,,449
Dilithium3,768,verify,1024,64,0.0,0,0,0,MacBook-Pro-4.local,darwin,0,12.1006,86.29,,,2025-11-17T02:47:33.303434,,450
Dilithium3,1024,keygen,0,1,0.0,0,0,0,MacBook-Pro-4.local,darwin,0,13.7876,75.97,,,2025-11-17T02:47:33.303449,,451
Dilithium3,1024,keygen,0,1,0.0,0,0,0,MacBook-Pro-4.local,darwin,0,14.336,70.91,,,2025-11-17T02:47:33.303459,,452
Dilithium3,1024,keygen,0,1,0.0,0,0,0,MacBook-Pro-4.local,darwin,0,14.4303,67.06,,,2025-11-17T02:47:33.303470,,453
Dilithium3,1024,keygen,0,1,0.0,0,0,0,MacBook-Pro-4.local,darwin,0,14.5081,68.35,,,2025-11-17T02:47:33.303480,,454
Dilithium3,1024,keygen,0,1,0.0,0,0,0,MacBook-Pro-4.local,darwin,0,14.7647,70.62,,,2025-11-17T02:47:33.303492,,455
Dilithium3,1024,keygen,0,16,0.0,0,0,0,MacBook-Pro-4.local,darwin,0,14.9301,65.77,,,2025-11-17T02:47:33.303506,,456
Dilithium3,1024,keygen,0,16,0.0,0,0,0,MacBook-Pro-4.local,darwin,0,14.929,69.57,,,2025-11-17T02:47:33.303516,,457
Dilithium3,1024,keygen,0,16,0.0,0,0,0,MacBook-Pro-4.local,darwin,0,15.0799,68.23,,,2025-11-17T02:47:33.303527,,458
Dilithium3,1024,keygen,0,16,0.0,0,0,0,MacBook-Pro-4.local,darwin,0,15.0212,64.56,,,2025-11-17T02:47:33.303537,,459
Dilithium3,1024,keygen,0,16,0.0,0,0,0,MacBook-Pro-4.local,darwin,0,15.1858,67.43,,,2025-11-17T02:47:33.303547,,460
Dilithium3,1024,keygen,0,64,0.0,0,0,0,MacBook-Pro-4.local,darwin,0,15.9199,60.43,,,2025-11-17T02:47:33.303561,,461
Dilithium3,1024,keygen,0,64,0.0,0,0,0,MacBook-Pro-4.local,darwin,0,16.8628,59.4,,,2025-11-17T02:47:33.303571,,462
Dilithium3,1024,keygen,0,64,0.0,0,0,0,MacBook-Pro-4.local,darwin,0,15.7993,63.14,,,2025-11-17T02:47:33.303582,,463
Dilithium3,1024,keygen,0,64,0.0,0,0,0,MacBook-Pro-4.local,darwin,0,16.7614,62.4,,,2025-11-17T02:47:33.303598,,464
Dilithium3,1024,keygen,0,64,0.0,0,0,0,MacBook-Pro-4.local,darwin,0,16.5043,60.9,,,2025-11-17T02:47:33.303608,,465
Dilithium3,1024,keygen,1024,1,0.0,0,0,0,MacBook-Pro-4.local,darwin,0,16.0242,61.74,,,2025-11-17T02:47:33.303624,,466
Dilithium3,1024,keygen,1024,1,0.0,0,0,0,MacBook-Pro-4.local,darwin,0,16.3105,59.95,,,2025-11-17T02:47:33.303635,,467
Dilithium3,1024,keygen,1024,1,0.0,0,0,0,MacBook-Pro-4.local,darwin,0,15.7439,60.37,,,2025-11-17T02:47:33.303647,,468
Dilithium3,1024,keygen,1024,1,0.0,0,0,0,MacBook-Pro-4.local,darwin,0,16.4916,61.03,,,2025-11-17T02:47:33.303658,,469
Dilithium3,1024,keygen,1024,1,0.0,0,0,0,MacBook-Pro-4.local,darwin,0,16.6828,59.11,,,2025-11-17T02:47:33.303669,,470
Dilithium3,1024,keygen,1024,16,0.0,0,0,0,MacBook-Pro-4.local,darwin,0,17.3227,60.49,,,2025-11-17T02:47:33.303684,,471
Dilithium3,1024,keygen,1024,16,0.0,0,0,0,MacBook-Pro-4.local,darwin,0,16.4705,57.8,,,2025-11-17T02:47:33.303695,,472
Dilithium3,1024,keygen,1024,16,0.0,0,0,0,MacBook-Pro-4.local,darwin,0,15.7689,61.12,,,2025-11-17T02:47:33.303707,,473
Dilithium3,1024,keygen,1024,16,0.0,0,0,0,MacBook-Pro-4.local,darwin,0,16.5576,59.56,,,2025-11-17T02:47:33.303719,,474
Dilithium3,1024,keygen,1024,16,0.0,0,0,0,MacBook-Pro-4.local,darwin,0,16.481,58.32,,,2025-11-17T02:47:33.303732,,475
Dilithium3,1024,keygen,1024,64,0.0,0,0,0,MacBook-Pro-4.local,darwin,0,18.7732,53.16,,,2025-11-17T02:47:33.303747,,476
Dilithium3,1024,keygen,1024,64,0.0,0,0,0,MacBook-Pro-4.local,darwin,0,17.7441,55.37,,,2025-11-17T02:47:33.303760,,477
Dilithium3,1024,keygen,1024,64,0.0,0,0,0,MacBook-Pro-4.local,darwin,0,17.5866,56.97,,,2025-11-17T02:47:33.303773,,478
Dilithium3,1024,keygen,1024,64,0.0,0,0,0,MacBook-Pro-4.local,darwin,0,18.1651,53.1,,,2025-11-17T02:47:33.303786,,479
Dilithium3,1024,keygen,1024,64,0.0,0,0,0,MacBook-Pro-4.local,darwin,0,18.466,53.27,,,2025-11-17T02:47:33.303797,,480
Dilithium3,1024,sign,0,1,0.0,0,0,0,MacBook-Pro-4.local,darwin,0,17.7823,56.69,,,2025-11-17T02:47:33.303812,,481
Dilithium3,1024,sign,0,1,0.0,0,0,0,MacBook-Pro-4.local,darwin,0,18.1323,57.88,,,2025-11-17T02:47:33.303956,,482
Dilithium3,1024,sign,0,1,0.0,0,0,0,MacBook-Pro-4.local,darwin,0,18.4224,51.58,,,2025-11-17T02:47:33.304080,,483
Dilithium3,1024,sign,0,1,0.0,0,0,0,MacBook-Pro-4.local,darwin,0,17.1458,59.6,,,2025-11-17T02:47:33.304104,,484
Dilithium3,1024,sign,0,1,0.0,0,0,0,MacBook-Pro-4.local,darwin,0,17.8707,57.35,,,2025-11-17T02:47:33.304122,,485
Dilithium3,1024,sign,0,16,0.0,0,0,0,MacBook-Pro-4.local,darwin,0,18.3293,55.78,,,2025-11-17T02:47:33.304138,,486
Dilithium3,1024,sign,0,16,0.0,0,0,0,MacBook-Pro-4.local,darwin,0,18.3941,54.74,,,2025-11-17T02:47:33.304149,,487
Dilithium3,1024,sign,0,16,0.0,0,0,0,MacBook-Pro-4.local,darwin,0,17.9955,53.58,,,2025-11-17T02:47:33.304159,,488
Dilithium3,1024,sign,0,16,0.0,0,0,0,MacBook-Pro-4.local,darwin,0,19.3198,50.75,,,2025-11-17T02:47:33.304171,,489
Dilithium3,1024,sign,0,16,0.0,0,0,0,MacBook-Pro-4.local,darwin,0,18.635,52.99,,,2025-11-17T02:47:33.304181,,490
Dilithium3,1024,sign,0,64,0.0,0,0,0,MacBook-Pro-4.local,darwin,0,20.4171,48.8,,,2025-11-17T02:47:33.304196,,491
Dilithium3,1024,sign,0,64,0.0,0,0,0,MacBook-Pro-4.local,darwin,0,21.0497,47.65,,,2025-11-17T02:47:33.304207,,492
Dilithium3,1024,sign,0,64,0.0,0,0,0,MacBook-Pro-4.local,darwin,0,20.7687,50.23,,,2025-11-17T02:47:33.304218,,493
Dilithium3,1024,sign,0,64,0.0,0,0,0,MacBook-Pro-4.local,darwin,0,20.8812,48.43,,,2025-11-17T02:47:33.304228,,494
Dilithium3,1024,sign,0,64,0.0,0,0,0,MacBook-Pro-4.local,darwin,0,20.5413,46.72,,,2025-11-17T02:47:33.304238,,495
Dilithium3,1024,sign,1024,1,0.0,0,0,0,MacBook-Pro-4.local,darwin,0,20.6388,47.96,,,2025-11-17T02:47:33.304254,,496
Dilithium3,1024,sign,1024,1,0.0,0,0,0,MacBook-Pro-4.local,darwin,0,19.8983,48.88,,,2025-11-17T02:47:33.304267,,497
Dilithium3,1024,sign,1024,1,0.0,0,0,0,MacBook-Pro-4.local,darwin,0,20.0264,49.81,,,2025-11-17T02:47:33.304278,,498
Dilithium3,1024,sign,1024,1,0.0,0,0,0,MacBook-Pro-4.local,darwin,0,20.1158,49.95,,,2025-11-17T02:47:33.304289,,499
Dilithium3,1024,sign,1024,1,0.0,0,0,0,MacBook-Pro-4.local,darwin,0,20.873,46.12,,,2025-11-17T02:47:33.304300,,500
Dilithium3,1024,sign,1024,16,0.0,0,0,0,MacBook-Pro-4.local,darwin,0,20.9189,47.78,,,2025-11-17T02:47:33.304314,,501
Dilithium3,1024,sign,1024,16,0.0,0,0,0,MacBook-Pro-4.local,darwin,0,20.9967,45.48,,,2025-11-17T02:47:33.304325,,502
Dilithium3,1024,sign,1024,16,0.0,0,0,0,MacBook-Pro-4.local,darwin,0,21.1315,48.39,,,2025-11-17T02:47:33.304390,,503
Dilithium3,1024,sign,1024,16,0.0,0,0,0,MacBook-Pro-4.local,darwin,0,20.9617,47.47,,,2025-11-17T02:47:33.304405,,504
Dilithium3,1024,sign,1024,16,0.0,0,0,0,MacBook-Pro-4.local,darwin,0,19.8706,50.61,,,2025-11-17T02:47:33.304416,,505
Dilithium3,1024,sign,1024,64,0.0,0,0,0,MacBook-Pro-4.local,darwin,0,23.1358,41.66,,,2025-11-17T02:47:33.304431,,506
Dilithium3,1024,sign,1024,64,0.0,0,0,0,MacBook-Pro-4.local,darwin,0,22.7094,44.04,,,2025-11-17T02:47:33.304442,,507
Dilithium3,1024,sign,1024,64,0.0,0,0,0,MacBook-Pro-4.local,darwin,0,23.0537,45.33,,,2025-11-17T02:47:33.304453,,508
Dilithium3,1024,sign,1024,64,0.0,0,0,0,MacBook-Pro-4.local,darwin,0,22.6363,42.94,,,2025-11-17T02:47:33.304463,,509
Dilithium3,1024,sign,1024,64,0.0,0,0,0,MacBook-Pro-4.local,darwin,0,22.7724,42.22,,,2025-11-17T02:47:33.304474,,510
Dilithium3,1024,verify,0,1,0.0,0,0,0,MacBook-Pro-4.local,darwin,0,9.5584,109.65,,,2025-11-17T02:47:33.304489,,511
Dilithium3,1024,verify,0,1,0.0,0,0,0,MacBook-Pro-4.local,darwin,0,9.7612,106.39,,,2025-11-17T02:47:33.304501,,512
Dilithium3,1024,verify,0,1,0.0,0,0,0,MacBook-Pro-4.local,darwin,0,9.6725,99.76,,,2025-11-17T02:47:33.304511,,513
Dilithium3,1024,verify,0,1,0.0,0,0,0,MacBook-Pro-4.local,darwin,0,9.5176,104.48,,,2025-11-17T02:47:33.304523,,514
Dilithium3,1024,verify,0,1,0.0,0,0,0,MacBook-Pro-4.local,darwin,0,9.6461,104.51,,,2025-11-17T02:47:33.304533,,515
Dilithium3,1024,verify,0,16,0.0,0,0,0,MacBook-Pro-4.local,darwin,0,10.179,95.38,,,2025-11-17T02:47:33.304547,,516
Dilithium3,1024,verify,0,16,0.0,0,0,0,MacBook-Pro-4.local,darwin,0,9.8158,99.11,,,2025-11-17T02:47:33.304558,,517
Dilithium3,1024,verify,0,16,0.0,0,0,0,MacBook-Pro-4.local,darwin,0,10.1294,95.07,,,2025-11-17T02:47:33.304569,,518
Dilithium3,1024,verify,0,16,0.0,0,0,0,MacBook-Pro-4.local,darwin,0,10.484,99.56,,,2025-11-17T02:47:33.304580,,519
Dilithium3,1024,verify,0,16,0.0,0,0,0,MacBook-Pro-4.local,darwin,0,9.7621,99.8,,,2025-11-17T02:47:33.304590,,520
Dilithium3,1024,verify,0,64,0.0,0,0,0,MacBook-Pro-4.local,darwin,0,11.3215,84.6,,,2025-11-17T02:47:33.304604,,521
Dilithium3,1024,verify,0,64,0.0,0,0,0,MacBook-Pro-4.local,darwin,0,10.8904,90.44,,,2025-11-17T02:47:33.304615,,522
Dilithium3,1024,verify,0,64,0.0,0,0,0,MacBook-Pro-4.local,darwin,0,11.0666,93.6,,,2025-11-17T02:47:33.304626,,523
Dilithium3,1024,verify,0,64,0.0,0,0,0,MacBook-Pro-4.local,darwin,0,10.5195,95.6,,,2025-11-17T02:47:33.304636,,524
Dilithium3,1024,verify,0,64,0.0,0,0,0,MacBook-Pro-4.local,darwin,0,10.7062,93.66,,,2025-11-17T02:47:33.304648,,525
Dilithium3,1024,verify,1024,1,0.0,0,0,0,MacBook-Pro-4.local,darwin,0,10.6861,93.05,,,2025-11-17T02:47:33.304662,,526
Dilithium3,1024,verify,1024,1,0.0,0,0,0,MacBook-Pro-4.local,darwin,0,10.9709,87.45,,,2025-11-17T02:47:33.304674,,527
Dilithium3,1024,verify,1024,1,0.0,0,0,0,MacBook-Pro-4.local,darwin,0,11.3616,90.18,,,2025-11-17T02:47:33.304685,,528
Dilithium3,1024,verify,1024,1,0.0,0,0,0,MacBook-Pro-4.local,darwin,0,11.1988,92.93,,,2025-11-17T02:47:33.304696,,529
Dilithium3,1024,verify,1024,1,0.0,0,0,0,MacBook-Pro-4.local,darwin,0,10.9605,87.42,,,2025-11-17T02:47:33.304706,,530
Dilithium3,1024,verify,1024,16,0.0,0,0,0,MacBook-Pro-4.local,darwin,0,10.8427,95.99,,,2025-11-17T02:47:33.304720,,531
Dilithium3,1024,verify,1024,16,0.0,0,0,0,MacBook-Pro-4.local,darwin,0,10.3926,96.73,,,2025-11-17T02:47:33.304731,,532
Dilithium3,1024,verify,1024,16,0.0,0,0,0,MacBook-Pro-4.local,darwin,0,10.3653,100.02,,,2025-11-17T02:47:33.304742,,533
Dilithium3,1024,verify,1024,16,0.0,0,0,0,MacBook-Pro-4.local,darwin,0,11.3622,91.81,,,2025-11-17T02:47:33.304768,,534
Dilithium3,1024,verify,1024,16,0.0,0,0,0,MacBook-Pro-4.local,darwin,0,10.5985,94.99,,,2025-11-17T02:47:33.304779,,535
Dilithium3,1024,verify,1024,64,0.0,0,0,0,MacBook-Pro-4.local,darwin,0,11.1364,90.6,,,2025-11-17T02:47:33.304792,,536
Dilithium3,1024,verify,1024,64,0.0,0,0,0,MacBook-Pro-4.local,darwin,0,12.2353,78.75,,,2025-11-17T02:47:33.304803,,537
Dilithium3,1024,verify,1024,64,0.0,0,0,0,MacBook-Pro-4.local,darwin,0,12.1701,78.81,,,2025-11-17T02:47:33.304815,,538
Dilithium3,1024,verify,1024,64,0.0,0,0,0,MacBook-Pro-4.local,darwin,0,11.5676,90.37,,,2025-11-17T02:47:33.304825,,539
Dilithium3,1024,verify,1024,64,0.0,0,0,0,MacBook-Pro-4.local,darwin,0,12.418,82.69,,,2025-11-17T02:47:33.304836,,540
Dilithium5,512,keygen,0,1,0.0,0,0,0,MacBook-Pro-4.local,darwin,0,14.4035,67.91,,,2025-11-17T02:47:33.304852,,541
Dilithium5,512,keygen,0,1,0.0,0,0,0,MacBook-Pro-4.local,darwin,0,14.7868,69.19,,,2025-11-17T02:47:33.304863,,542
Dilithium5,512,keygen,0,1,0.0,0,0,0,MacBook-Pro-4.local,darwin,0,14.2827,67.01,,,2025-11-17T02:47:33.304874,,543
Dilithium5,512,keygen,0,1,0.0,0,0,0,MacBook-Pro-4.local,darwin,0,14.5745,70.58,,,2025-11-17T02:47:33.304885,,544
Dilithium5,512,keygen,0,1,0.0,0,0,0,MacBook-Pro-4.local,darwin,0,13.8789,69.19,,,2025-11-17T02:47:33.304896,,545
Dilithium5,512,keygen,0,16,0.0,0,0,0,MacBook-Pro-4.local,darwin,0,15.1921,63.39,,,2025-11-17T02:47:33.304910,,546
Dilithium5,512,keygen,0,16,0.0,0,0,0,MacBook-Pro-4.local,darwin,0,14.6185,68.32,,,2025-11-17T02:47:33.304920,,547
Dilithium5,512,keygen,0,16,0.0,0,0,0,MacBook-Pro-4.local,darwin,0,15.5524,62.3,,,2025-11-17T02:47:33.304931,,548
Dilithium5,512,keygen,0,16,0.0,0,0,0,MacBook-Pro-4.local,darwin,0,15.3485,67.77,,,2025-11-17T02:47:33.304941,,549
Dilithium5,512,keygen,0,16,0.0,0,0,0,MacBook-Pro-4.local,darwin,0,14.6121,70.91,,,2025-11-17T02:47:33.304952,,550
Dilithium5,512,keygen,0,64,0.0,0,0,0,MacBook-Pro-4.local,darwin,0,16.2017,60.81,,,2025-11-17T02:47:33.304965,,551
Dilithium5,512,keygen,0,64,0.0,0,0,0,MacBook-Pro-4.local,darwin,0,15.7761,63.46,,,2025-11-17T02:47:33.304976,,552
Dilithium5,512,keygen,0,64,0.0,0,0,0,MacBook-Pro-4.local,darwin,0,16.3502,61.8,,,2025-11-17T02:47:33.304986,,553
Dilithium5,512,keygen,0,64,0.0,0,0,0,MacBook-Pro-4.local,darwin,0,16.7956,61.96,,,2025-11-17T02:47:33.304997,,554
Dilithium5,512,keygen,0,64,0.0,0,0,0,MacBook-Pro-4.local,darwin,0,16.2595,59.73,,,2025-11-17T02:47:33.305008,,555
Dilithium5,512,keygen,1024,1,0.0,0,0,0,MacBook-Pro-4.local,darwin,0,15.8456,65.45,,,2025-11-17T02:47:33.305022,,556
Dilithium5,512,keygen,1024,1,0.0,0,0,0,MacBook-Pro-4.local,darwin,0,16.2192,61.12,,,2025-11-17T02:47:33.305033,,557
Dilithium5,512,keygen,1024,1,0.0,0,0,0,MacBook-Pro-4.local,darwin,0,15.8535,66.0,,,2025-11-17T02:47:33.305043,,558
Dilithium5,512,keygen,1024,1,0.0,0,0,0,MacBook-Pro-4.local,darwin,0,16.7649,59.51,,,2025-11-17T02:47:33.305054,,559
Dilithium5,512,keygen,1024,1,0.0,0,0,0,MacBook-Pro-4.local,darwin,0,15.1837,68.45,,,2025-11-17T02:47:33.305065,,560
Dilithium5,512,keygen,1024,16,0.0,0,0,0,MacBook-Pro-4.local,darwin,0,16.7231,62.04,,,2025-11-17T02:47:33.305079,,561
Dilithium5,512,keygen,1024,16,0.0,0,0,0,MacBook-Pro-4.local,darwin,0,16.7146,58.03,,,2025-11-17T02:47:33.305090,,562
Dilithium5,512,keygen,1024,16,0.0,0,0,0,MacBook-Pro-4.local,darwin,0,16.5253,58.36,,,2025-11-17T02:47:33.305100,,563
Dilithium5,512,keygen,1024,16,0.0,0,0,0,MacBook-Pro-4.local,darwin,0,16.9795,59.11,,,2025-11-17T02:47:33.305110,,564
Dilithium5,512,keygen,1024,16,0.0,0,0,0,MacBook-Pro-4.local,darwin,0,15.646,63.14,,,2025-11-17T02:47:33.305121,,565
Dilithium5,512,keygen,1024,64,0.0,0,0,0,MacBook-Pro-4.local,darwin,0,17.7503,56.66,,,2025-11-17T02:47:33.305135,,566
Dilithium5,512,keygen,1024,64,0.0,0,0,0,MacBook-Pro-4.local,darwin,0,18.5961,52.83,,,2025-11-17T02:47:33.305145,,567
Dilithium5,512,keygen,1024,64,0.0,0,0,0,MacBook-Pro-4.local,darwin,0,18.7097,51.26,,,2025-11-17T02:47:33.305157,,568
Dilithium5,512,keygen,1024,64,0.0,0,0,0,MacBook-Pro-4.local,darwin,0,18.3042,52.69,,,2025-11-17T02:47:33.305168,,569
Dilithium5,512,keygen,1024,64,0.0,0,0,0,MacBook-Pro-4.local,darwin,0,17.7935,58.41,,,2025-11-17T02:47:33.305178,,570
Dilithium5,512,sign,0,1,0.0,0,0,0,MacBook-Pro-4.local,darwin,0,18.4037,52.92,,,2025-11-17T02:47:33.305192,,571
Dilithium5,512,sign,0,1,0.0,0,0,0,MacBook-Pro-4.local,darwin,0,18.1333,56.04,,,2025-11-17T02:47:33.305203,,572
Dilithium5,512,sign,0,1,0.0,0,0,0,MacBook-Pro-4.local,darwin,0,17.4038,57.62,,,2025-11-17T02:47:33.305214,,573
Dilithium5,512,sign,0,1,0.0,0,0,0,MacBook-Pro-4.local,darwin,0,17.8925,55.88,,,2025-11-17T02:47:33.305250,,574
Dilithium5,512,sign,0,1,0.0,0,0,0,MacBook-Pro-4.local,darwin,0,17.9411,55.6,,,2025-11-17T02:47:33.305263,,575
Dilithium5,512,sign,0,16,0.0,0,0,0,MacBook-Pro-4.local,darwin,0,19.3007,50.04,,,2025-11-17T02:47:33.305278,,576
Dilithium5,512,sign,0,16,0.0,0,0,0,MacBook-Pro-4.local,darwin,0,18.3799,54.43,,,2025-11-17T02:47:33.305289,,577
Dilithium5,512,sign,0,16,0.0,0,0,0,MacBook-Pro-4.local,darwin,0,19.2741,53.0,,,2025-11-17T02:47:33.305300,,578
Dilithium5,512,sign,0,16,0.0,0,0,0,MacBook-Pro-4.local,darwin,0,18.1797,52.68,,,2025-11-17T02:47:33.305311,,579
Dilithium5,512,sign,0,16,0.0,0,0,0,MacBook-Pro-4.local,darwin,0,18.9471,51.01,,,2025-11-17T02:47:33.305321,,580
Dilithium5,512,sign,0,64,0.0,0,0,0,MacBook-Pro-4.local,darwin,0,20.6836,50.41,,,2025-11-17T02:47:33.305335,,581
Dilithium5,512,sign,0,64,0.0,0,0,0,MacBook-Pro-4.local,darwin,0,20.147,50.84,,,2025-11-17T02:47:33.305346,,582
Dilithium5,512,sign,0,64,0.0,0,0,0,MacBook-Pro-4.local,darwin,0,19.2647,54.12,,,2025-11-17T02:47:33.305357,,583
Dilithium5,512,sign,0,64,0.0,0,0,0,MacBook-Pro-4.local,darwin,0,20.3898,49.36,,,2025-11-17T02:47:33.305368,,584
Dilithium5,512,sign,0,64,0.0,0,0,0,MacBook-Pro-4.local,darwin,0,20.1254,51.26,,,2025-11-17T02:47:33.305378,,585
Dilithium5,512,sign,1024,1,0.0,0,0,0,MacBook-Pro-4.local,darwin,0,20.1417,50.05,,,2025-11-17T02:47:33.305393,,586
Dilithium5,512,sign,1024,1,0.0,0,0,0,MacBook-Pro-4.local,darwin,0,20.1037,48.88,,,2025-11-17T02:47:33.305403,,587
Dilithium5,512,sign,1024,1,0.0,0,0,0,MacBook-Pro-4.local,darwin,0,20.224,51.6,,,2025-11-17T02:47:33.305414,,588
Dilithium5,512,sign,1024,1,0.0,0,0,0,MacBook-Pro-4.local,darwin,0,20.0888,47.62,,,2025-11-17T02:47:33.305425,,589
Dilithium5,512,sign,1024,1,0.0,0,0,0,MacBook-Pro-4.local,darwin,0,20.0051,50.27,,,2025-11-17T02:47:33.305435,,590
Dilithium5,512,sign,1024,16,0.0,0,0,0,MacBook-Pro-4.local,darwin,0,21.4587,45.96,,,2025-11-17T02:47:33.305449,,591
Dilithium5,512,sign,1024,16,0.0,0,0,0,MacBook-Pro-4.local,darwin,0,20.2756,48.83,,,2025-11-17T02:47:33.305459,,592
Dilithium5,512,sign,1024,16,0.0,0,0,0,MacBook-Pro-4.local,darwin,0,20.551,49.65,,,2025-11-17T02:47:33.305471,,593
Dilithium5,512,sign,1024,16,0.0,0,0,0,MacBook-Pro-4.local,darwin,0,20.9269,48.22,,,2025-11-17T02:47:33.305481,,594
Dilithium5,512,sign,1024,16,0.0,0,0,0,MacBook-Pro-4.local,darwin,0,21.3792,47.72,,,2025-11-17T02:47:33.305492,,595
Dilithium5,512,sign,1024,64,0.0,0,0,0,MacBook-Pro-4.local,darwin,0,22.3599,42.62,,,2025-11-17T02:47:33.305506,,596
Dilithium5,512,sign,1024,64,0.0,0,0,0,MacBook-Pro-4.local,darwin,0,22.398,43.77,,,2025-11-17T02:47:33.305516,,597
Dilithium5,512,sign,1024,64,0.0,0,0,0,MacBook-Pro-4.local,darwin,0,22.8494,45.47,,,2025-11-17T02:47:33.305527,,598
Dilithium5,512,sign,1024,64,0.0,0,0,0,MacBook-Pro-4.local,darwin,0,22.9932,44.4,,,2025-11-17T02:47:33.305537,,599
Dilithium5,512,sign,1024,64,0.0,0,0,0,MacBook-Pro-4.local,darwin,0,22.3551,46.3,,,2025-11-17T02:47:33.305548,,600
Dilithium5,512,verify,0,1,0.0,0,0,0,MacBook-Pro-4.local,darwin,0,10.1926,96.38,,,2025-11-17T02:47:33.305562,,601
Dilithium5,512,verify,0,1,0.0,0,0,0,MacBook-Pro-4.local,darwin,0,10.3132,98.54,,,2025-11-17T02:47:33.305573,,602
Dilithium5,512,verify,0,1,0.0,0,0,0,MacBook-Pro-4.local,darwin,0,9.0863,113.22,,,2025-11-17T02:47:33.305583,,603
Dilithium5,512,verify,0,1,0.0,0,0,0,MacBook-Pro-4.local,darwin,0,9.8188,105.32,,,2025-11-17T02:47:33.305595,,604
Dilithium5,512,verify,0,1,0.0,0,0,0,MacBook-Pro-4.local,darwin,0,10.0864,95.63,,,2025-11-17T02:47:33.305605,,605
Dilithium5,512,verify,0,16,0.0,0,0,0,MacBook-Pro-4.local,darwin,0,10.2278,96.35,,,2025-11-17T02:47:33.305618,,606
Dilithium5,512,verify,0,16,0.0,0,0,0,MacBook-Pro-4.local,darwin,0,10.198,102.04,,,2025-11-17T02:47:33.305629,,607
Dilithium5,512,verify,0,16,0.0,0,0,0,MacBook-Pro-4.local,darwin,0,9.9767,95.66,,,2025-11-17T02:47:33.305640,,608
Dilithium5,512,verify,0,16,0.0,0,0,0,MacBook-Pro-4.local,darwin,0,9.14,109.61,,,2025-11-17T02:47:33.305651,,609
Dilithium5,512,verify,0,16,0.0,0,0,0,MacBook-Pro-4.local,darwin,0,10.4627,98.39,,,2025-11-17T02:47:33.305661,,610
Dilithium5,512,verify,0,64,0.0,0,0,0,MacBook-Pro-4.local,darwin,0,11.0315,89.44,,,2025-11-17T02:47:33.305675,,611
Dilithium5,512,verify,0,64,0.0,0,0,0,MacBook-Pro-4.local,darwin,0,10.3004,98.92,,,2025-11-17T02:47:33.305686,,612
Dilithium5,512,verify,0,64,0.0,0,0,0,MacBook-Pro-4.local,darwin,0,9.4865,105.21,,,2025-11-17T02:47:33.305697,,613
Dilithium5,512,verify,0,64,0.0,0,0,0,MacBook-Pro-4.local,darwin,0,10.3719,93.22,,,2025-11-17T02:47:33.305708,,614
Dilithium5,512,verify,0,64,0.0,0,0,0,MacBook-Pro-4.local,darwin,0,10.889,92.62,,,2025-11-17T02:47:33.305719,,615
Dilithium5,512,verify,1024,1,0.0,0,0,0,MacBook-Pro-4.local,darwin,0,10.9237,88.52,,,2025-11-17T02:47:33.305733,,616
Dilithium5,512,verify,1024,1,0.0,0,0,0,MacBook-Pro-4.local,darwin,0,10.646,95.87,,,2025-11-17T02:47:33.305744,,617
Dilithium5,512,verify,1024,1,0.0,0,0,0,MacBook-Pro-4.local,darwin,0,11.3708,87.16,,,2025-11-17T02:47:33.305754,,618
Dilithium5,512,verify,1024,1,0.0,0,0,0,MacBook-Pro-4.local,darwin,0,10.7706,89.3,,,2025-11-17T02:47:33.305765,,619
Dilithium5,512,verify,1024,1,0.0,0,0,0,MacBook-Pro-4.local,darwin,0,10.783,88.62,,,2025-11-17T02:47:33.305776,,620
Dilithium5,512,verify,1024,16,0.0,0,0,0,MacBook-Pro-4.local,darwin,0,11.1336,86.68,,,2025-11-17T02:47:33.305789,,621
Dilithium5,512,verify,1024,16,0.0,0,0,0,MacBook-Pro-4.local,darwin,0,11.7283,87.99,,,2025-11-17T02:47:33.305800,,622
Dilithium5,512,verify,1024,16,0.0,0,0,0,MacBook-Pro-4.local,darwin,0,11.2482,86.69,,,2025-11-17T02:47:33.305811,,623
Dilithium5,512,verify,1024,16,0.0,0,0,0,MacBook-Pro-4.local,darwin,0,10.9201,90.78,,,2025-11-17T02:47:33.305822,,624
Dilithium5,512,verify,1024,16,0.0,0,0,0,MacBook-Pro-4.local,darwin,0,11.5476,82.72,,,2025-11-17T02:47:33.305832,,625
Dilithium5,512,verify,1024,64,0.0,0,0,0,MacBook-Pro-4.local,darwin,0,12.1258,83.26,,,2025-11-17T02:47:33.305847,,626
Dilithium5,512,verify,1024,64,0.0,0,0,0,MacBook-Pro-4.local,darwin,0,12.7088,81.34,,,2025-11-17T02:47:33.305857,,627
Dilithium5,512,verify,1024,64,0.0,0,0,0,MacBook-Pro-4.local,darwin,0,12.2987,80.54,,,2025-11-17T02:47:33.305868,,628
Dilithium5,512,verify,1024,64,0.0,0,0,0,MacBook-Pro-4.local,darwin,0,11.7601,82.25,,,2025-11-17T02:47:33.305879,,629
Dilithium5,512,verify,1024,64,0.0,0,0,0,MacBook-Pro-4.local,darwin,0,12.3446,82.47,,,2025-11-17T02:47:33.305890,,630
Dilithium5,768,keygen,0,1,0.0,0,0,0,MacBook-Pro-4.local,darwin,0,14.9876,67.68,,,2025-11-17T02:47:33.305904,,631
Dilithium5,768,keygen,0,1,0.0,0,0,0,MacBook-Pro-4.local,darwin,0,14.9968,63.42,,,2025-11-17T02:47:33.305915,,632
Dilithium5,768,keygen,0,1,0.0,0,0,0,MacBook-Pro-4.local,darwin,0,14.1167,73.6,,,2025-11-17T02:47:33.305927,,633
Dilithium5,768,keygen,0,1,0.0,0,0,0,MacBook-Pro-4.local,darwin,0,13.7028,75.62,,,2025-11-17T02:47:33.305937,,634
Dilithium5,768,keygen,0,1,0.0,0,0,0,MacBook-Pro-4.local,darwin,0,14.2924,68.87,,,2025-11-17T02:47:33.305948,,635
Dilithium5,768,keygen,0,16,0.0,0,0,0,MacBook-Pro-4.local,darwin,0,14.4176,69.03,,,2025-11-17T02:47:33.305961,,636
Dilithium5,768,keygen,0,16,0.0,0,0,0,MacBook-Pro-4.local,darwin,0,15.2922,66.26,,,2025-11-17T02:47:33.305972,,637
Dilithium5,768,keygen,0,16,0.0,0,0,0,MacBook-Pro-4.local,darwin,0,15.1231,66.97,,,2025-11-17T02:47:33.305983,,638
Dilithium5,768,keygen,0,16,0.0,0,0,0,MacBook-Pro-4.local,darwin,0,14.5966,67.3,,,2025-11-17T02:47:33.305993,,639
Dilithium5,768,keygen,0,16,0.0,0,0,0,MacBook-Pro-4.local,darwin,0,15.3357,63.81,,,2025-11-17T02:47:33.306004,,640
Dilithium5,768,keygen,0,64,0.0,0,0,0,MacBook-Pro-4.local,darwin,0,15.2232,64.73,,,2025-11-17T02:47:33.306018,,641
Dilithium5,768,keygen,0,64,0.0,0,0,0,MacBook-Pro-4.local,darwin,0,15.8099,62.97,,,2025-11-17T02:47:33.306029,,642
Dilithium5,768,keygen,0,64,0.0,0,0,0,MacBook-Pro-4.local,darwin,0,16.4293,63.28,,,2025-11-17T02:47:33.306039,,643
Dilithium5,768,keygen,0,64,0.0,0,0,0,MacBook-Pro-4.local,darwin,0,16.6864,60.83,,,2025-11-17T02:47:33.306049,,644
Dilithium5,768,keygen,0,64,0.0,0,0,0,MacBook-Pro-4.local,darwin,0,16.6993,58.05,,,2025-11-17T02:47:33.306060,,645
Dilithium5,768,keygen,1024,1,0.0,0,0,0,MacBook-Pro-4.local,darwin,0,15.651,66.79,,,2025-11-17T02:47:33.306097,,646
Dilithium5,768,keygen,1024,1,0.0,0,0,0,MacBook-Pro-4.local,darwin,0,16.7144,60.02,,,2025-11-17T02:47:33.306110,,647
Dilithium5,768,keygen,1024,1,0.0,0,0,0,MacBook-Pro-4.local,darwin,0,16.5627,58.02,,,2025-11-17T02:47:33.306121,,648
Dilithium5,768,keygen,1024,1,0.0,0,0,0,MacBook-Pro-4.local,darwin,0,15.915,65.55,,,2025-11-17T02:47:33.306132,,649
Dilithium5,768,keygen,1024,1,0.0,0,0,0,MacBook-Pro-4.local,darwin,0,15.5615,63.98,,,2025-11-17T02:47:33.306143,,650
Dilithium5,768,keygen,1024,16,0.0,0,0,0,MacBook-Pro-4.local,darwin,0,16.7739,61.09,,,2025-11-17T02:47:33.306159,,651
Dilithium5,768,keygen,1024,16,0.0,0,0,0,MacBook-Pro-4.local,darwin,0,15.8982,61.6,,,2025-11-17T02:47:33.306170,,652
Dilithium5,768,keygen,1024,16,0.0,0,0,0,MacBook-Pro-4.local,darwin,0,16.5859,59.29,,,2025-11-17T02:47:33.306181,,653
Dilithium5,768,keygen,1024,16,0.0,0,0,0,MacBook-Pro-4.local,darwin,0,16.8648,61.65,,,2025-11-17T02:47:33.306191,,654
Dilithium5,768,keygen,1024,16,0.0,0,0,0,MacBook-Pro-4.local,darwin,0,16.3527,63.96,,,2025-11-17T02:47:33.306202,,655
Dilithium5,768,keygen,1024,64,0.0,0,0,0,MacBook-Pro-4.local,darwin,0,17.8406,56.0,,,2025-11-17T02:47:33.306216,,656
Dilithium5,768,keygen,1024,64,0.0,0,0,0,MacBook-Pro-4.local,darwin,0,18.7162,54.73,,,2025-11-17T02:47:33.306227,,657
Dilithium5,768,keygen,1024,64,0.0,0,0,0,MacBook-Pro-4.local,darwin,0,17.7023,56.35,,,2025-11-17T02:47:33.306237,,658
Dilithium5,768,keygen,1024,64,0.0,0,0,0,MacBook-Pro-4.local,darwin,0,18.6772,54.46,,,2025-11-17T02:47:33.306248,,659
Dilithium5,768,keygen,1024,64,0.0,0,0,0,MacBook-Pro-4.local,darwin,0,18.2817,54.56,,,2025-11-17T02:47:33.306258,,660
Dilithium5,768,sign,0,1,0.0,0,0,0,MacBook-Pro-4.local,darwin,0,18.5259,55.25,,,2025-11-17T02:47:33.306273,,661
Dilithium5,768,sign,0,1,0.0,0,0,0,MacBook-Pro-4.local,darwin,0,17.3248,54.98,,,2025-11-17T02:47:33.306284,,662
Dilithium5,768,sign,0,1,0.0,0,0,0,MacBook-Pro-4.local,darwin,0,17.6012,55.67,,,2025-11-17T02:47:33.306294,,663
Dilithium5,768,sign,0,1,0.0,0,0,0,MacBook-Pro-4.local,darwin,0,18.5867,52.52,,,2025-11-17T02:47:33.306305,,664
Dilithium5,768,sign,0,1,0.0,0,0,0,MacBook-Pro-4.local,darwin,0,18.0015,53.7,,,2025-11-17T02:47:33.306315,,665
Dilithium5,768,sign,0,16,0.0,0,0,0,MacBook-Pro-4.local,darwin,0,18.7452,52.08,,,2025-11-17T02:47:33.306329,,666
Dilithium5,768,sign,0,16,0.0,0,0,0,MacBook-Pro-4.local,darwin,0,18.5939,51.9,,,2025-11-17T02:47:33.306340,,667
Dilithium5,768,sign,0,16,0.0,0,0,0,MacBook-Pro-4.local,darwin,0,18.2223,56.37,,,2025-11-17T02:47:33.306350,,668
Dilithium5,768,sign,0,16,0.0,0,0,0,MacBook-Pro-4.local,darwin,0,18.4761,56.65,,,2025-11-17T02:47:33.306360,,669
Dilithium5,768,sign,0,16,0.0,0,0,0,MacBook-Pro-4.local,darwin,0,18.5951,53.04,,,2025-11-17T02:47:33.306371,,670
Dilithium5,768,sign,0,64,0.0,0,0,0,MacBook-Pro-4.local,darwin,0,20.6269,48.37,,,2025-11-17T02:47:33.306385,,671
Dilithium5,768,sign,0,64,0.0,0,0,0,MacBook-Pro-4.local,darwin,0,19.9608,49.1,,,2025-11-17T02:47:33.306395,,672
Dilithium5,768,sign,0,64,0.0,0,0,0,MacBook-Pro-4.local,darwin,0,20.727,48.7,,,2025-11-17T02:47:33.306405,,673
Dilithium5,768,sign,0,64,0.0,0,0,0,MacBook-Pro-4.local,darwin,0,20.1092,51.35,,,2025-11-17T02:47:33.306416,,674
Dilithium5,768,sign,0,64,0.0,0,0,0,MacBook-Pro-4.local,darwin,0,20.7414,46.86,,,2025-11-17T02:47:33.306427,,675
Dilithium5,768,sign,1024,1,0.0,0,0,0,MacBook-Pro-4.local,darwin,0,21.3344,45.26,,,2025-11-17T02:47:33.306440,,676
Dilithium5,768,sign,1024,1,0.0,0,0,0,MacBook-Pro-4.local,darwin,0,20.5668,50.76,,,2025-11-17T02:47:33.306451,,677
Dilithium5,768,sign,1024,1,0.0,0,0,0,MacBook-Pro-4.local,darwin,0,19.1766,51.98,,,2025-11-17T02:47:33.306463,,678
Dilithium5,768,sign,1024,1,0.0,0,0,0,MacBook-Pro-4.local,darwin,0,19.831,50.46,,,2025-11-17T02:47:33.306473,,679
Dilithium5,768,sign,1024,1,0.0,0,0,0,MacBook-Pro-4.local,darwin,0,19.9737,48.83,,,2025-11-17T02:47:33.306484,,680
Dilithium5,768,sign,1024,16,0.0,0,0,0,MacBook-Pro-4.local,darwin,0,20.7612,46.61,,,2025-11-17T02:47:33.306498,,681
Dilithium5,768,sign,1024,16,0.0,0,0,0,MacBook-Pro-4.local,darwin,0,20.8138,49.15,,,2025-11-17T02:47:33.306509,,682
Dilithium5,768,sign,1024,16,0.0,0,0,0,MacBook-Pro-4.local,darwin,0,21.1965,45.21,,,2025-11-17T02:47:33.306519,,683
Dilithium5,768,sign,1024,16,0.0,0,0,0,MacBook-Pro-4.local,darwin,0,21.4882,46.47,,,2025-11-17T02:47:33.306529,,684
Dilithium5,768,sign,1024,16,0.0,0,0,0,MacBook-Pro-4.local,darwin,0,20.6475,50.68,,,2025-11-17T02:47:33.306539,,685
Dilithium5,768,sign,1024,64,0.0,0,0,0,MacBook-Pro-4.local,darwin,0,23.1715,43.14,,,2025-11-17T02:47:33.306553,,686
Dilithium5,768,sign,1024,64,0.0,0,0,0,MacBook-Pro-4.local,darwin,0,22.2974,44.46,,,2025-11-17T02:47:33.306564,,687
Dilithium5,768,sign,1024,64,0.0,0,0,0,MacBook-Pro-4.local,darwin,0,22.1963,44.83,,,2025-11-17T02:47:33.306575,,688
Dilithium5,768,sign,1024,64,0.0,0,0,0,MacBook-Pro-4.local,darwin,0,22.3243,43.97,,,2025-11-17T02:47:33.306585,,689
Dilithium5,768,sign,1024,64,0.0,0,0,0,MacBook-Pro-4.local,darwin,0,23.0168,44.93,,,2025-11-17T02:47:33.306596,,690
Dilithium5,768,verify,0,1,0.0,0,0,0,MacBook-Pro-4.local,darwin,0,8.9008,108.35,,,2025-11-17T02:47:33.306610,,691
Dilithium5,768,verify,0,1,0.0,0,0,0,MacBook-Pro-4.local,darwin,0,10.9024,88.9,,,2025-11-17T02:47:33.306621,,692
Dilithium5,768,verify,0,1,0.0,0,0,0,MacBook-Pro-4.local,darwin,0,9.8305,103.32,,,2025-11-17T02:47:33.306632,,693
Dilithium5,768,verify,0,1,0.0,0,0,0,MacBook-Pro-4.local,darwin,0,9.5744,108.92,,,2025-11-17T02:47:33.306643,,694
Dilithium5,768,verify,0,1,0.0,0,0,0,MacBook-Pro-4.local,darwin,0,9.2982,110.61,,,2025-11-17T02:47:33.306654,,695
Dilithium5,768,verify,0,16,0.0,0,0,0,MacBook-Pro-4.local,darwin,0,9.4861,109.27,,,2025-11-17T02:47:33.306668,,696
Dilithium5,768,verify,0,16,0.0,0,0,0,MacBook-Pro-4.local,darwin,0,9.5331,109.84,,,2025-11-17T02:47:33.306678,,697
Dilithium5,768,verify,0,16,0.0,0,0,0,MacBook-Pro-4.local,darwin,0,8.9713,111.67,,,2025-11-17T02:47:33.306689,,698
Dilithium5,768,verify,0,16,0.0,0,0,0,MacBook-Pro-4.local,darwin,0,9.6473,100.21,,,2025-11-17T02:47:33.306699,,699
Dilithium5,768,verify,0,16,0.0,0,0,0,MacBook-Pro-4.local,darwin,0,9.9675,101.64,,,2025-11-17T02:47:33.306710,,700
Dilithium5,768,verify,0,64,0.0,0,0,0,MacBook-Pro-4.local,darwin,0,11.0119,86.66,,,2025-11-17T02:47:33.306724,,701
Dilithium5,768,verify,0,64,0.0,0,0,0,MacBook-Pro-4.local,darwin,0,10.763,89.8,,,2025-11-17T02:47:33.306735,,702
Dilithium5,768,verify,0,64,0.0,0,0,0,MacBook-Pro-4.local,darwin,0,10.6534,91.75,,,2025-11-17T02:47:33.306746,,703
Dilithium5,768,verify,0,64,0.0,0,0,0,MacBook-Pro-4.local,darwin,0,10.8173,89.89,,,2025-11-17T02:47:33.306757,,704
Dilithium5,768,verify,0,64,0.0,0,0,0,MacBook-Pro-4.local,darwin,0,10.7238,95.28,,,2025-11-17T02:47:33.306767,,705
Dilithium5,768,verify,1024,1,0.0,0,0,0,MacBook-Pro-4.local,darwin,0,11.6353,85.95,,,2025-11-17T02:47:33.306782,,706
Dilithium5,768,verify,1024,1,0.0,0,0,0,MacBook-Pro-4.local,darwin,0,10.989,88.35,,,2025-11-17T02:47:33.306792,,707
Dilithium5,768,verify,1024,1,0.0,0,0,0,MacBook-Pro-4.local,darwin,0,11.3577,89.62,,,2025-11-17T02:47:33.306803,,708
Dilithium5,768,verify,1024,1,0.0,0,0,0,MacBook-Pro-4.local,darwin,0,11.1554,90.85,,,2025-11-17T02:47:33.306813,,709
Dilithium5,768,verify,1024,1,0.0,0,0,0,MacBook-Pro-4.local,darwin,0,10.3249,101.61,,,2025-11-17T02:47:33.306824,,710
Dilithium5,768,verify,1024,16,0.0,0,0,0,MacBook-Pro-4.local,darwin,0,11.1209,86.11,,,2025-11-17T02:47:33.306838,,711
Dilithium5,768,verify,1024,16,0.0,0,0,0,MacBook-Pro-4.local,darwin,0,11.7694,82.08,,,2025-11-17T02:47:33.306850,,712
Dilithium5,768,verify,1024,16,0.0,0,0,0,MacBook-Pro-4.local,darwin,0,10.4089,95.22,,,2025-11-17T02:47:33.306860,,713
Dilithium5,768,verify,1024,16,0.0,0,0,0,MacBook-Pro-4.local,darwin,0,10.9206,91.84,,,2025-11-17T02:47:33.306871,,714
Dilithium5,768,verify,1024,16,0.0,0,0,0,MacBook-Pro-4.local,darwin,0,11.6822,81.42,,,2025-11-17T02:47:33.306881,,715
Dilithium5,768,verify,1024,64,0.0,0,0,0,MacBook-Pro-4.local,darwin,0,11.9525,87.75,,,2025-11-17T02:47:33.306895,,716
Dilithium5,768,verify,1024,64,0.0,0,0,0,MacBook-Pro-4.local,darwin,0,12.0656,83.33,,,2025-11-17T02:47:33.306906,,717
Dilithium5,768,verify,1024,64,0.0,0,0,0,MacBook-Pro-4.local,darwin,0,12.0571,81.54,,,2025-11-17T02:47:33.306938,,718
Dilithium5,768,verify,1024,64,0.0,0,0,0,MacBook-Pro-4.local,darwin,0,11.7712,82.15,,,2025-11-17T02:47:33.306950,,719
Dilithium5,768,verify,1024,64,0.0,0,0,0,MacBook-Pro-4.local,darwin,0,11.9971,87.26,,,2025-11-17T02:47:33.306961,,720
Dilithium5,1024,keygen,0,1,0.0,0,0,0,MacBook-Pro-4.local,darwin,0,14.2858,71.65,,,2025-11-17T02:47:33.306977,,721
Dilithium5,1024,keygen,0,1,0.0,0,0,0,MacBook-Pro-4.local,darwin,0,14.1326,70.97,,,2025-11-17T02:47:33.306988,,722
Dilithium5,1024,keygen,0,1,0.0,0,0,0,MacBook-Pro-4.local,darwin,0,14.0831,69.78,,,2025-11-17T02:47:33.306998,,723
Dilithium5,1024,keygen,0,1,0.0,0,0,0,MacBook-Pro-4.local,darwin,0,14.0049,72.6,,,2025-11-17T02:47:33.307009,,724
Dilithium5,1024,keygen,0,1,0.0,0,0,0,MacBook-Pro-4.local,darwin,0,15.0444,66.98,,,2025-11-17T02:47:33.307019,,725
Dilithium5,1024,keygen,0,16,0.0,0,0,0,MacBook-Pro-4.local,darwin,0,14.6096,66.52,,,2025-11-17T02:47:33.307033,,726
Dilithium5,1024,keygen,0,16,0.0,0,0,0,MacBook-Pro-4.local,darwin,0,14.3884,66.82,,,2025-11-17T02:47:33.307044,,727
Dilithium5,1024,keygen,0,16,0.0,0,0,0,MacBook-Pro-4.local,darwin,0,14.7922,67.15,,,2025-11-17T02:47:33.307054,,728
Dilithium5,1024,keygen,0,16,0.0,0,0,0,MacBook-Pro-4.local,darwin,0,14.9624,66.17,,,2025-11-17T02:47:33.307065,,729
Dilithium5,1024,keygen,0,16,0.0,0,0,0,MacBook-Pro-4.local,darwin,0,14.2334,70.73,,,2025-11-17T02:47:33.307075,,730
Dilithium5,1024,keygen,0,64,0.0,0,0,0,MacBook-Pro-4.local,darwin,0,15.4853,65.31,,,2025-11-17T02:47:33.307089,,731
Dilithium5,1024,keygen,0,64,0.0,0,0,0,MacBook-Pro-4.local,darwin,0,14.7917,67.95,,,2025-11-17T02:47:33.307100,,732
Dilithium5,1024,keygen,0,64,0.0,0,0,0,MacBook-Pro-4.local,darwin,0,15.7918,64.47,,,2025-11-17T02:47:33.307110,,733
Dilithium5,1024,keygen,0,64,0.0,0,0,0,MacBook-Pro-4.local,darwin,0,16.479,60.98,,,2025-11-17T02:47:33.307121,,734
Dilithium5,1024,keygen,0,64,0.0,0,0,0,MacBook-Pro-4.local,darwin,0,16.6845,61.92,,,2025-11-17T02:47:33.307131,,735
Dilithium5,1024,keygen,1024,1,0.0,0,0,0,MacBook-Pro-4.local,darwin,0,15.6519,61.84,,,2025-11-17T02:47:33.307145,,736
Dilithium5,1024,keygen,1024,1,0.0,0,0,0,MacBook-Pro-4.local,darwin,0,15.8916,64.57,,,2025-11-17T02:47:33.307156,,737
Dilithium5,1024,keygen,1024,1,0.0,0,0,0,MacBook-Pro-4.local,darwin,0,15.5337,61.56,,,2025-11-17T02:47:33.307166,,738
Dilithium5,1024,keygen,1024,1,0.0,0,0,0,MacBook-Pro-4.local,darwin,0,15.4629,61.83,,,2025-11-17T02:47:33.307177,,739
Dilithium5,1024,keygen,1024,1,0.0,0,0,0,MacBook-Pro-4.local,darwin,0,15.6441,67.0,,,2025-11-17T02:47:33.307187,,740
Dilithium5,1024,keygen,1024,16,0.0,0,0,0,MacBook-Pro-4.local,darwin,0,16.6284,57.45,,,2025-11-17T02:47:33.307201,,741
Dilithium5,1024,keygen,1024,16,0.0,0,0,0,MacBook-Pro-4.local,darwin,0,17.0508,59.85,,,2025-11-17T02:47:33.307211,,742
Dilithium5,1024,keygen,1024,16,0.0,0,0,0,MacBook-Pro-4.local,darwin,0,16.9858,59.29,,,2025-11-17T02:47:33.307222,,743
Dilithium5,1024,keygen,1024,16,0.0,0,0,0,MacBook-Pro-4.local,darwin,0,16.8329,59.24,,,2025-11-17T02:47:33.307233,,744
Dilithium5,1024,keygen,1024,16,0.0,0,0,0,MacBook-Pro-4.local,darwin,0,16.3647,63.05,,,2025-11-17T02:47:33.307243,,745
Dilithium5,1024,keygen,1024,64,0.0,0,0,0,MacBook-Pro-4.local,darwin,0,18.6636,54.74,,,2025-11-17T02:47:33.307256,,746
Dilithium5,1024,keygen,1024,64,0.0,0,0,0,MacBook-Pro-4.local,darwin,0,18.584,56.29,,,2025-11-17T02:47:33.307267,,747
Dilithium5,1024,keygen,1024,64,0.0,0,0,0,MacBook-Pro-4.local,darwin,0,18.3218,53.45,,,2025-11-17T02:47:33.307278,,748
Dilithium5,1024,keygen,1024,64,0.0,0,0,0,MacBook-Pro-4.local,darwin,0,19.5369,51.94,,,2025-11-17T02:47:33.307288,,749
Dilithium5,1024,keygen,1024,64,0.0,0,0,0,MacBook-Pro-4.local,darwin,0,19.0409,53.55,,,2025-11-17T02:47:33.307299,,750
Dilithium5,1024,sign,0,1,0.0,0,0,0,MacBook-Pro-4.local,darwin,0,18.34,53.75,,,2025-11-17T02:47:33.307313,,751
Dilithium5,1024,sign,0,1,0.0,0,0,0,MacBook-Pro-4.local,darwin,0,18.1582,57.61,,,2025-11-17T02:47:33.307323,,752
Dilithium5,1024,sign,0,1,0.0,0,0,0,MacBook-Pro-4.local,darwin,0,17.4628,57.04,,,2025-11-17T02:47:33.307334,,753
Dilithium5,1024,sign,0,1,0.0,0,0,0,MacBook-Pro-4.local,darwin,0,17.2156,57.57,,,2025-11-17T02:47:33.307344,,754
Dilithium5,1024,sign,0,1,0.0,0,0,0,MacBook-Pro-4.local,darwin,0,18.4452,55.97,,,2025-11-17T02:47:33.307354,,755
Dilithium5,1024,sign,0,16,0.0,0,0,0,MacBook-Pro-4.local,darwin,0,18.3437,52.33,,,2025-11-17T02:47:33.307368,,756
Dilithium5,1024,sign,0,16,0.0,0,0,0,MacBook-Pro-4.local,darwin,0,18.6832,52.38,,,2025-11-17T02:47:33.307379,,757
Dilithium5,1024,sign,0,16,0.0,0,0,0,MacBook-Pro-4.local,darwin,0,18.641,56.28,,,2025-11-17T02:47:33.307389,,758
Dilithium5,1024,sign,0,16,0.0,0,0,0,MacBook-Pro-4.local,darwin,0,18.8682,51.63,,,2025-11-17T02:47:33.307400,,759
Dilithium5,1024,sign,0,16,0.0,0,0,0,MacBook-Pro-4.local,darwin,0,18.2606,54.71,,,2025-11-17T02:47:33.307410,,760
Dilithium5,1024,sign,0,64,0.0,0,0,0,MacBook-Pro-4.local,darwin,0,20.5416,50.88,,,2025-11-17T02:47:33.307424,,761
Dilithium5,1024,sign,0,64,0.0,0,0,0,MacBook-Pro-4.local,darwin,0,20.2569,48.79,,,2025-11-17T02:47:33.307435,,762
Dilithium5,1024,sign,0,64,0.0,0,0,0,MacBook-Pro-4.local,darwin,0,20.3028,51.31,,,2025-11-17T02:47:33.307446,,763
Dilithium5,1024,sign,0,64,0.0,0,0,0,MacBook-Pro-4.local,darwin,0,20.642,46.03,,,2025-11-17T02:47:33.307456,,764
Dilithium5,1024,sign,0,64,0.0,0,0,0,MacBook-Pro-4.local,darwin,0,19.3336,50.67,,,2025-11-17T02:47:33.307467,,765
Dilithium5,1024,sign,1024,1,0.0,0,0,0,MacBook-Pro-4.local,darwin,0,20.7797,47.96,,,2025-11-17T02:47:33.307481,,766
Dilithium5,1024,sign,1024,1,0.0,0,0,0,MacBook-Pro-4.local,darwin,0,19.6079,52.27,,,2025-11-17T02:47:33.307491,,767
Dilithium5,1024,sign,1024,1,0.0,0,0,0,MacBook-Pro-4.local,darwin,0,19.8368,52.63,,,2025-11-17T02:47:33.307502,,768
Dilithium5,1024,sign,1024,1,0.0,0,0,0,MacBook-Pro-4.local,darwin,0,19.5929,50.46,,,2025-11-17T02:47:33.307512,,769
Dilithium5,1024,sign,1024,1,0.0,0,0,0,MacBook-Pro-4.local,darwin,0,20.331,50.82,,,2025-11-17T02:47:33.307523,,770
Dilithium5,1024,sign,1024,16,0.0,0,0,0,MacBook-Pro-4.local,darwin,0,20.5084,50.15,,,2025-11-17T02:47:33.307537,,771
Dilithium5,1024,sign,1024,16,0.0,0,0,0,MacBook-Pro-4.local,darwin,0,20.8107,46.61,,,2025-11-17T02:47:33.307548,,772
Dilithium5,1024,sign,1024,16,0.0,0,0,0,MacBook-Pro-4.local,darwin,0,20.5754,48.38,,,2025-11-17T02:47:33.307558,,773
Dilithium5,1024,sign,1024,16,0.0,0,0,0,MacBook-Pro-4.local,darwin,0,20.9168,48.54,,,2025-11-17T02:47:33.307568,,774
Dilithium5,1024,sign,1024,16,0.0,0,0,0,MacBook-Pro-4.local,darwin,0,20.8759,46.97,,,2025-11-17T02:47:33.307579,,775
Dilithium5,1024,sign,1024,64,0.0,0,0,0,MacBook-Pro-4.local,darwin,0,23.062,42.58,,,2025-11-17T02:47:33.307592,,776
Dilithium5,1024,sign,1024,64,0.0,0,0,0,MacBook-Pro-4.local,darwin,0,23.1248,43.92,,,2025-11-17T02:47:33.307603,,777
Dilithium5,1024,sign,1024,64,0.0,0,0,0,MacBook-Pro-4.local,darwin,0,23.012,44.09,,,2025-11-17T02:47:33.307613,,778
Dilithium5,1024,sign,1024,64,0.0,0,0,0,MacBook-Pro-4.local,darwin,0,23.0578,41.9,,,2025-11-17T02:47:33.307624,,779
Dilithium5,1024,sign,1024,64,0.0,0,0,0,MacBook-Pro-4.local,darwin,0,22.6548,44.65,,,2025-11-17T02:47:33.307634,,780
Dilithium5,1024,verify,0,1,0.0,0,0,0,MacBook-Pro-4.local,darwin,0,9.0083,113.89,,,2025-11-17T02:47:33.307649,,781
Dilithium5,1024,verify,0,1,0.0,0,0,0,MacBook-Pro-4.local,darwin,0,10.2136,99.44,,,2025-11-17T02:47:33.307660,,782
Dilithium5,1024,verify,0,1,0.0,0,0,0,MacBook-Pro-4.local,darwin,0,10.5896,98.07,,,2025-11-17T02:47:33.307671,,783
Dilithium5,1024,verify,0,1,0.0,0,0,0,MacBook-Pro-4.local,darwin,0,9.5527,101.94,,,2025-11-17T02:47:33.307683,,784
Dilithium5,1024,verify,0,1,0.0,0,0,0,MacBook-Pro-4.local,darwin,0,9.2109,104.36,,,2025-11-17T02:47:33.307693,,785
Dilithium5,1024,verify,0,16,0.0,0,0,0,MacBook-Pro-4.local,darwin,0,10.0617,100.14,,,2025-11-17T02:47:33.307707,,786
Dilithium5,1024,verify,0,16,0.0,0,0,0,MacBook-Pro-4.local,darwin,0,9.4217,102.22,,,2025-11-17T02:47:33.307717,,787
Dilithium5,1024,verify,0,16,0.0,0,0,0,MacBook-Pro-4.local,darwin,0,10.1842,98.1,,,2025-11-17T02:47:33.307728,,788
Dilithium5,1024,verify,0,16,0.0,0,0,0,MacBook-Pro-4.local,darwin,0,10.1682,97.36,,,2025-11-17T02:47:33.307758,,789
Dilithium5,1024,verify,0,16,0.0,0,0,0,MacBook-Pro-4.local,darwin,0,9.7132,107.48,,,2025-11-17T02:47:33.307770,,790
Dilithium5,1024,verify,0,64,0.0,0,0,0,MacBook-Pro-4.local,darwin,0,10.8428,95.29,,,2025-11-17T02:47:33.307785,,791
Dilithium5,1024,verify,0,64,0.0,0,0,0,MacBook-Pro-4.local,darwin,0,10.8861,95.7,,,2025-11-17T02:47:33.307796,,792
Dilithium5,1024,verify,0,64,0.0,0,0,0,MacBook-Pro-4.local,darwin,0,11.0011,93.13,,,2025-11-17T02:47:33.307807,,793
Dilithium5,1024,verify,0,64,0.0,0,0,0,MacBook-Pro-4.local,darwin,0,11.563,83.46,,,2025-11-17T02:47:33.307818,,794
Dilithium5,1024,verify,0,64,0.0,0,0,0,MacBook-Pro-4.local,darwin,0,10.8123,88.47,,,2025-11-17T02:47:33.307829,,795
Dilithium5,1024,verify,1024,1,0.0,0,0,0,MacBook-Pro-4.local,darwin,0,10.3836,94.62,,,2025-11-17T02:47:33.307843,,796
Dilithium5,1024,verify,1024,1,0.0,0,0,0,MacBook-Pro-4.local,darwin,0,11.272,86.79,,,2025-11-17T02:47:33.307854,,797
Dilithium5,1024,verify,1024,1,0.0,0,0,0,MacBook-Pro-4.local,darwin,0,11.4915,89.39,,,2025-11-17T02:47:33.307865,,798
Dilithium5,1024,verify,1024,1,0.0,0,0,0,MacBook-Pro-4.local,darwin,0,10.4111,100.32,,,2025-11-17T02:47:33.307876,,799
Dilithium5,1024,verify,1024,1,0.0,0,0,0,MacBook-Pro-4.local,darwin,0,11.3765,86.61,,,2025-11-17T02:47:33.307887,,800
Dilithium5,1024,verify,1024,16,0.0,0,0,0,MacBook-Pro-4.local,darwin,0,12.2221,81.02,,,2025-11-17T02:47:33.307900,,801
Dilithium5,1024,verify,1024,16,0.0,0,0,0,MacBook-Pro-4.local,darwin,0,11.3312,86.02,,,2025-11-17T02:47:33.307911,,802
Dilithium5,1024,verify,1024,16,0.0,0,0,0,MacBook-Pro-4.local,darwin,0,11.1102,92.61,,,2025-11-17T02:47:33.307921,,803
Dilithium5,1024,verify,1024,16,0.0,0,0,0,MacBook-Pro-4.local,darwin,0,11.4367,88.54,,,2025-11-17T02:47:33.307932,,804
Dilithium5,1024,verify,1024,16,0.0,0,0,0,MacBook-Pro-4.local,darwin,0,10.6308,96.14,,,2025-11-17T02:47:33.307942,,805
Dilithium5,1024,verify,1024,64,0.0,0,0,0,MacBook-Pro-4.local,darwin,0,11.9621,83.29,,,2025-11-17T02:47:33.307956,,806
Dilithium5,1024,verify,1024,64,0.0,0,0,0,MacBook-Pro-4.local,darwin,0,12.186,81.91,,,2025-11-17T02:47:33.307967,,807
Dilithium5,1024,verify,1024,64,0.0,0,0,0,MacBook-Pro-4.local,darwin,0,12.1886,78.18,,,2025-11-17T02:47:33.307977,,808
Dilithium5,1024,verify,1024,64,0.0,0,0,0,MacBook-Pro-4.local,darwin,0,11.7169,83.53,,,2025-11-17T02:47:33.307988,,809
Dilithium5,1024,verify,1024,64,0.0,0,0,0,MacBook-Pro-4.local,darwin,0,11.9634,83.03,,,2025-11-17T02:47:33.308000,,810
Falcon-512,512,keygen,0,1,0.0,0,0,0,MacBook-Pro-4.local,darwin,0,13.8671,75.6,,,2025-11-17T02:47:33.308015,,811
Falcon-512,512,keygen,0,1,0.0,0,0,0,MacBook-Pro-4.local,darwin,0,14.8823,66.96,,,2025-11-17T02:47:33.308026,,812
Falcon-512,512,keygen,0,1,0.0,0,0,0,MacBook-Pro-4.local,darwin,0,15.1749,68.33,,,2025-11-17T02:47:33.308037,,813
Falcon-512,512,keygen,0,1,0.0,0,0,0,MacBook-Pro-4.local,darwin,0,14.6,69.41,,,2025-11-17T02:47:33.308048,,814
Falcon-512,512,keygen,0,1,0.0,0,0,0,MacBook-Pro-4.local,darwin,0,14.4976,68.58,,,2025-11-17T02:47:33.308059,,815
Falcon-512,512,keygen,0,16,0.0,0,0,0,MacBook-Pro-4.local,darwin,0,14.6638,67.78,,,2025-11-17T02:47:33.308072,,816
Falcon-512,512,keygen,0,16,0.0,0,0,0,MacBook-Pro-4.local,darwin,0,15.1484,68.13,,,2025-11-17T02:47:33.308083,,817
Falcon-512,512,keygen,0,16,0.0,0,0,0,MacBook-Pro-4.local,darwin,0,15.1641,65.75,,,2025-11-17T02:47:33.308098,,818
Falcon-512,512,keygen,0,16,0.0,0,0,0,MacBook-Pro-4.local,darwin,0,15.1073,68.43,,,2025-11-17T02:47:33.308109,,819
Falcon-512,512,keygen,0,16,0.0,0,0,0,MacBook-Pro-4.local,darwin,0,14.4566,70.32,,,2025-11-17T02:47:33.308119,,820
Falcon-512,512,keygen,0,64,0.0,0,0,0,MacBook-Pro-4.local,darwin,0,16.2595,61.03,,,2025-11-17T02:47:33.308133,,821
Falcon-512,512,keygen,0,64,0.0,0,0,0,MacBook-Pro-4.local,darwin,0,16.1034,59.38,,,2025-11-17T02:47:33.308144,,822
Falcon-512,512,keygen,0,64,0.0,0,0,0,MacBook-Pro-4.local,darwin,0,16.0335,61.32,,,2025-11-17T02:47:33.308154,,823
Falcon-512,512,keygen,0,64,0.0,0,0,0,MacBook-Pro-4.local,darwin,0,15.6702,65.38,,,2025-11-17T02:47:33.308165,,824
Falcon-512,512,keygen,0,64,0.0,0,0,0,MacBook-Pro-4.local,darwin,0,15.8576,61.63,,,2025-11-17T02:47:33.308175,,825
Falcon-512,512,keygen,1024,1,0.0,0,0,0,MacBook-Pro-4.local,darwin,0,16.356,62.4,,,2025-11-17T02:47:33.308189,,826
Falcon-512,512,keygen,1024,1,0.0,0,0,0,MacBook-Pro-4.local,darwin,0,16.2807,58.47,,,2025-11-17T02:47:33.308200,,827
Falcon-512,512,keygen,1024,1,0.0,0,0,0,MacBook-Pro-4.local,darwin,0,16.1211,60.56,,,2025-11-17T02:47:33.308211,,828
Falcon-512,512,keygen,1024,1,0.0,0,0,0,MacBook-Pro-4.local,darwin,0,17.0725,58.59,,,2025-11-17T02:47:33.308222,,829
Falcon-512,512,keygen,1024,1,0.0,0,0,0,MacBook-Pro-4.local,darwin,0,15.5475,65.62,,,2025-11-17T02:47:33.308233,,830
Falcon-512,512,keygen,1024,16,0.0,0,0,0,MacBook-Pro-4.local,darwin,0,17.1706,56.11,,,2025-11-17T02:47:33.308246,,831
Falcon-512,512,keygen,1024,16,0.0,0,0,0,MacBook-Pro-4.local,darwin,0,16.5252,57.87,,,2025-11-17T02:47:33.308257,,832
Falcon-512,512,keygen,1024,16,0.0,0,0,0,MacBook-Pro-4.local,darwin,0,18.3228,57.14,,,2025-11-17T02:47:33.308268,,833
Falcon-512,512,keygen,1024,16,0.0,0,0,0,MacBook-Pro-4.local,darwin,0,16.6833,59.08,,,2025-11-17T02:47:33.308279,,834
Falcon-512,512,keygen,1024,16,0.0,0,0,0,MacBook-Pro-4.local,darwin,0,17.3288,59.27,,,2025-11-17T02:47:33.308289,,835
Falcon-512,512,keygen,1024,64,0.0,0,0,0,MacBook-Pro-4.local,darwin,0,18.5627,52.44,,,2025-11-17T02:47:33.308304,,836
Falcon-512,512,keygen,1024,64,0.0,0,0,0,MacBook-Pro-4.local,darwin,0,18.1571,56.96,,,2025-11-17T02:47:33.308314,,837
Falcon-512,512,keygen,1024,64,0.0,0,0,0,MacBook-Pro-4.local,darwin,0,18.5447,56.01,,,2025-11-17T02:47:33.308325,,838
Falcon-512,512,keygen,1024,64,0.0,0,0,0,MacBook-Pro-4.local,darwin,0,18.5787,56.19,,,2025-11-17T02:47:33.308336,,839
Falcon-512,512,keygen,1024,64,0.0,0,0,0,MacBook-Pro-4.local,darwin,0,18.5105,53.84,,,2025-11-17T02:47:33.308346,,840
Falcon-512,512,sign,0,1,0.0,0,0,0,MacBook-Pro-4.local,darwin,0,17.4742,59.8,,,2025-11-17T02:47:33.308360,,841
Falcon-512,512,sign,0,1,0.0,0,0,0,MacBook-Pro-4.local,darwin,0,17.3402,56.47,,,2025-11-17T02:47:33.308371,,842
Falcon-512,512,sign,0,1,0.0,0,0,0,MacBook-Pro-4.local,darwin,0,17.6669,55.96,,,2025-11-17T02:47:33.308381,,843
Falcon-512,512,sign,0,1,0.0,0,0,0,MacBook-Pro-4.local,darwin,0,17.977,56.83,,,2025-11-17T02:47:33.308392,,844
Falcon-512,512,sign,0,1,0.0,0,0,0,MacBook-Pro-4.local,darwin,0,18.013,56.37,,,2025-11-17T02:47:33.308403,,845
Falcon-512,512,sign,0,16,0.0,0,0,0,MacBook-Pro-4.local,darwin,0,18.0311,55.69,,,2025-11-17T02:47:33.308417,,846
Falcon-512,512,sign,0,16,0.0,0,0,0,MacBook-Pro-4.local,darwin,0,18.1332,55.9,,,2025-11-17T02:47:33.308428,,847
Falcon-512,512,sign,0,16,0.0,0,0,0,MacBook-Pro-4.local,darwin,0,17.858,56.07,,,2025-11-17T02:47:33.308438,,848
Falcon-512,512,sign,0,16,0.0,0,0,0,MacBook-Pro-4.local,darwin,0,19.2329,52.98,,,2025-11-17T02:47:33.308448,,849
Falcon-512,512,sign,0,16,0.0,0,0,0,MacBook-Pro-4.local,darwin,0,17.5954,54.33,,,2025-11-17T02:47:33.308459,,850
Falcon-512,512,sign,0,64,0.0,0,0,0,MacBook-Pro-4.local,darwin,0,20.2293,49.81,,,2025-11-17T02:47:33.308472,,851
Falcon-512,512,sign,0,64,0.0,0,0,0,MacBook-Pro-4.local,darwin,0,19.2469,51.71,,,2025-11-17T02:47:33.308483,,852
Falcon-512,512,sign,0,64,0.0,0,0,0,MacBook-Pro-4.local,darwin,0,20.6215,49.08,,,2025-11-17T02:47:33.308494,,853
Falcon-512,512,sign,0,64,0.0,0,0,0,MacBook-Pro-4.local,darwin,0,18.9589,55.18,,,2025-11-17T02:47:33.308505,,854
Falcon-512,512,sign,0,64,0.0,0,0,0,MacBook-Pro-4.local,darwin,0,20.2328,48.03,,,2025-11-17T02:47:33.308516,,855
Falcon-512,512,sign,1024,1,0.0,0,0,0,MacBook-Pro-4.local,darwin,0,20.525,49.87,,,2025-11-17T02:47:33.308532,,856
Falcon-512,512,sign,1024,1,0.0,0,0,0,MacBook-Pro-4.local,darwin,0,20.0094,50.83,,,2025-11-17T02:47:33.308546,,857
Falcon-512,512,sign,1024,1,0.0,0,0,0,MacBook-Pro-4.local,darwin,0,20.0726,47.6,,,2025-11-17T02:47:33.308560,,858
Falcon-512,512,sign,1024,1,0.0,0,0,0,MacBook-Pro-4.local,darwin,0,20.1698,49.9,,,2025-11-17T02:47:33.308575,,859
Falcon-512,512,sign,1024,1,0.0,0,0,0,MacBook-Pro-4.local,darwin,0,19.7808,48.99,,,2025-11-17T02:47:33.308616,,860
Falcon-512,512,sign,1024,16,0.0,0,0,0,MacBook-Pro-4.local,darwin,0,21.6438,47.17,,,2025-11-17T02:47:33.308635,,861
Falcon-512,512,sign,1024,16,0.0,0,0,0,MacBook-Pro-4.local,darwin,0,20.95,48.42,,,2025-11-17T02:47:33.308648,,862
Falcon-512,512,sign,1024,16,0.0,0,0,0,MacBook-Pro-4.local,darwin,0,21.4931,44.99,,,2025-11-17T02:47:33.308662,,863
Falcon-512,512,sign,1024,16,0.0,0,0,0,MacBook-Pro-4.local,darwin,0,20.0029,48.23,,,2025-11-17T02:47:33.308675,,864
Falcon-512,512,sign,1024,16,0.0,0,0,0,MacBook-Pro-4.local,darwin,0,20.6893,49.44,,,2025-11-17T02:47:33.308685,,865
Falcon-512,512,sign,1024,64,0.0,0,0,0,MacBook-Pro-4.local,darwin,0,23.0278,42.89,,,2025-11-17T02:47:33.308722,,866
Falcon-512,512,sign,1024,64,0.0,0,0,0,MacBook-Pro-4.local,darwin,0,22.4395,46.2,,,2025-11-17T02:47:33.308733,,867
Falcon-512,512,sign,1024,64,0.0,0,0,0,MacBook-Pro-4.local,darwin,0,22.0683,47.57,,,2025-11-17T02:47:33.308744,,868
Falcon-512,512,sign,1024,64,0.0,0,0,0,MacBook-Pro-4.local,darwin,0,23.0531,43.73,,,2025-11-17T02:47:33.308755,,869
Falcon-512,512,sign,1024,64,0.0,0,0,0,MacBook-Pro-4.local,darwin,0,22.4952,45.53,,,2025-11-17T02:47:33.308766,,870
Falcon-512,512,verify,0,1,0.0,0,0,0,MacBook-Pro-4.local,darwin,0,9.8246,99.45,,,2025-11-17T02:47:33.308780,,871
Falcon-512,512,verify,0,1,0.0,0,0,0,MacBook-Pro-4.local,darwin,0,9.0583,108.91,,,2025-11-17T02:47:33.308791,,872
Falcon-512,512,verify,0,1,0.0,0,0,0,MacBook-Pro-4.local,darwin,0,9.9557,98.63,,,2025-11-17T02:47:33.308802,,873
Falcon-512,512,verify,0,1,0.0,0,0,0,MacBook-Pro-4.local,darwin,0,9.5909,105.87,,,2025-11-17T02:47:33.308812,,874
Falcon-512,512,verify,0,1,0.0,0,0,0,MacBook-Pro-4.local,darwin,0,9.7241,103.08,,,2025-11-17T02:47:33.308823,,875
Falcon-512,512,verify,0,16,0.0,0,0,0,MacBook-Pro-4.local,darwin,0,9.7969,99.8,,,2025-11-17T02:47:33.308837,,876
Falcon-512,512,verify,0,16,0.0,0,0,0,MacBook-Pro-4.local,darwin,0,9.7283,100.94,,,2025-11-17T02:47:33.308848,,877
Falcon-512,512,verify,0,16,0.0,0,0,0,MacBook-Pro-4.local,darwin,0,10.1405,97.56,,,2025-11-17T02:47:33.308858,,878
Falcon-512,512,verify,0,16,0.0,0,0,0,MacBook-Pro-4.local,darwin,0,9.6994,108.18,,,2025-11-17T02:47:33.308869,,879
Falcon-512,512,verify,0,16,0.0,0,0,0,MacBook-Pro-4.local,darwin,0,10.1578,97.03,,,2025-11-17T02:47:33.308879,,880
Falcon-512,512,verify,0,64,0.0,0,0,0,MacBook-Pro-4.local,darwin,0,10.8218,94.58,,,2025-11-17T02:47:33.308893,,881
Falcon-512,512,verify,0,64,0.0,0,0,0,MacBook-Pro-4.local,darwin,0,10.3969,93.35,,,2025-11-17T02:47:33.308904,,882
Falcon-512,512,verify,0,64,0.0,0,0,0,MacBook-Pro-4.local,darwin,0,10.9032,93.49,,,2025-11-17T02:47:33.308914,,883
Falcon-512,512,verify,0,64,0.0,0,0,0,MacBook-Pro-4.local,darwin,0,10.6443,97.0,,,2025-11-17T02:47:33.308925,,884
Falcon-512,512,verify,0,64,0.0,0,0,0,MacBook-Pro-4.local,darwin,0,11.1905,92.04,,,2025-11-17T02:47:33.308936,,885
Falcon-512,512,verify,1024,1,0.0,0,0,0,MacBook-Pro-4.local,darwin,0,11.6584,83.48,,,2025-11-17T02:47:33.308950,,886
Falcon-512,512,verify,1024,1,0.0,0,0,0,MacBook-Pro-4.local,darwin,0,10.7189,96.48,,,2025-11-17T02:47:33.308961,,887
Falcon-512,512,verify,1024,1,0.0,0,0,0,MacBook-Pro-4.local,darwin,0,9.9712,105.03,,,2025-11-17T02:47:33.308971,,888
Falcon-512,512,verify,1024,1,0.0,0,0,0,MacBook-Pro-4.local,darwin,0,10.9359,89.62,,,2025-11-17T02:47:33.308982,,889
Falcon-512,512,verify,1024,1,0.0,0,0,0,MacBook-Pro-4.local,darwin,0,10.474,96.97,,,2025-11-17T02:47:33.308992,,890
Falcon-512,512,verify,1024,16,0.0,0,0,0,MacBook-Pro-4.local,darwin,0,11.2645,87.62,,,2025-11-17T02:47:33.309007,,891
Falcon-512,512,verify,1024,16,0.0,0,0,0,MacBook-Pro-4.local,darwin,0,11.9219,80.05,,,2025-11-17T02:47:33.309018,,892
Falcon-512,512,verify,1024,16,0.0,0,0,0,MacBook-Pro-4.local,darwin,0,10.6261,91.9,,,2025-11-17T02:47:33.309029,,893
Falcon-512,512,verify,1024,16,0.0,0,0,0,MacBook-Pro-4.local,darwin,0,10.4489,94.18,,,2025-11-17T02:47:33.309040,,894
Falcon-512,512,verify,1024,16,0.0,0,0,0,MacBook-Pro-4.local,darwin,0,11.1475,86.01,,,2025-11-17T02:47:33.309050,,895
Falcon-512,512,verify,1024,64,0.0,0,0,0,MacBook-Pro-4.local,darwin,0,12.3059,78.76,,,2025-11-17T02:47:33.309064,,896
Falcon-512,512,verify,1024,64,0.0,0,0,0,MacBook-Pro-4.local,darwin,0,12.7099,78.31,,,2025-11-17T02:47:33.309075,,897
Falcon-512,512,verify,1024,64,0.0,0,0,0,MacBook-Pro-4.local,darwin,0,12.5615,83.43,,,2025-11-17T02:47:33.309085,,898
Falcon-512,512,verify,1024,64,0.0,0,0,0,MacBook-Pro-4.local,darwin,0,12.2091,85.42,,,2025-11-17T02:47:33.309096,,899
Falcon-512,512,verify,1024,64,0.0,0,0,0,MacBook-Pro-4.local,darwin,0,12.339,80.79,,,2025-11-17T02:47:33.309107,,900
Falcon-512,768,keygen,0,1,0.0,0,0,0,MacBook-Pro-4.local,darwin,0,14.3153,67.93,,,2025-11-17T02:47:33.309123,,901
Falcon-512,768,keygen,0,1,0.0,0,0,0,MacBook-Pro-4.local,darwin,0,14.9623,68.97,,,2025-11-17T02:47:33.309134,,902
Falcon-512,768,keygen,0,1,0.0,0,0,0,MacBook-Pro-4.local,darwin,0,13.9018,70.76,,,2025-11-17T02:47:33.309145,,903
Falcon-512,768,keygen,0,1,0.0,0,0,0,MacBook-Pro-4.local,darwin,0,14.3621,66.37,,,2025-11-17T02:47:33.309155,,904
Falcon-512,768,keygen,0,1,0.0,0,0,0,MacBook-Pro-4.local,darwin,0,14.8581,70.57,,,2025-11-17T02:47:33.309166,,905
Falcon-512,768,keygen,0,16,0.0,0,0,0,MacBook-Pro-4.local,darwin,0,14.6401,68.73,,,2025-11-17T02:47:33.309179,,906
Falcon-512,768,keygen,0,16,0.0,0,0,0,MacBook-Pro-4.local,darwin,0,15.3259,66.05,,,2025-11-17T02:47:33.309190,,907
Falcon-512,768,keygen,0,16,0.0,0,0,0,MacBook-Pro-4.local,darwin,0,14.8393,69.04,,,2025-11-17T02:47:33.309200,,908
Falcon-512,768,keygen,0,16,0.0,0,0,0,MacBook-Pro-4.local,darwin,0,15.0916,65.64,,,2025-11-17T02:47:33.309211,,909
Falcon-512,768,keygen,0,16,0.0,0,0,0,MacBook-Pro-4.local,darwin,0,14.7691,64.89,,,2025-11-17T02:47:33.309221,,910
Falcon-512,768,keygen,0,64,0.0,0,0,0,MacBook-Pro-4.local,darwin,0,16.0617,63.68,,,2025-11-17T02:47:33.309234,,911
Falcon-512,768,keygen,0,64,0.0,0,0,0,MacBook-Pro-4.local,darwin,0,16.8272,56.81,,,2025-11-17T02:47:33.309246,,912
Falcon-512,768,keygen,0,64,0.0,0,0,0,MacBook-Pro-4.local,darwin,0,16.4063,61.28,,,2025-11-17T02:47:33.309256,,913
Falcon-512,768,keygen,0,64,0.0,0,0,0,MacBook-Pro-4.local,darwin,0,16.5368,63.36,,,2025-11-17T02:47:33.309267,,914
Falcon-512,768,keygen,0,64,0.0,0,0,0,MacBook-Pro-4.local,darwin,0,16.7525,61.58,,,2025-11-17T02:47:33.309277,,915
Falcon-512,768,keygen,1024,1,0.0,0,0,0,MacBook-Pro-4.local,darwin,0,16.0043,64.08,,,2025-11-17T02:47:33.309291,,916
Falcon-512,768,keygen,1024,1,0.0,0,0,0,MacBook-Pro-4.local,darwin,0,15.2217,62.73,,,2025-11-17T02:47:33.309302,,917
Falcon-512,768,keygen,1024,1,0.0,0,0,0,MacBook-Pro-4.local,darwin,0,15.1549,64.13,,,2025-11-17T02:47:33.309312,,918
Falcon-512,768,keygen,1024,1,0.0,0,0,0,MacBook-Pro-4.local,darwin,0,15.9466,61.22,,,2025-11-17T02:47:33.309323,,919
Falcon-512,768,keygen,1024,1,0.0,0,0,0,MacBook-Pro-4.local,darwin,0,16.431,62.67,,,2025-11-17T02:47:33.309334,,920
Falcon-512,768,keygen,1024,16,0.0,0,0,0,MacBook-Pro-4.local,darwin,0,16.6653,61.07,,,2025-11-17T02:47:33.309348,,921
Falcon-512,768,keygen,1024,16,0.0,0,0,0,MacBook-Pro-4.local,darwin,0,15.9376,65.47,,,2025-11-17T02:47:33.309358,,922
Falcon-512,768,keygen,1024,16,0.0,0,0,0,MacBook-Pro-4.local,darwin,0,16.935,59.8,,,2025-11-17T02:47:33.309369,,923
Falcon-512,768,keygen,1024,16,0.0,0,0,0,MacBook-Pro-4.local,darwin,0,16.5795,58.06,,,2025-11-17T02:47:33.309379,,924
Falcon-512,768,keygen,1024,16,0.0,0,0,0,MacBook-Pro-4.local,darwin,0,16.5228,62.22,,,2025-11-17T02:47:33.309391,,925
Falcon-512,768,keygen,1024,64,0.0,0,0,0,MacBook-Pro-4.local,darwin,0,18.6134,51.68,,,2025-11-17T02:47:33.309404,,926
Falcon-512,768,keygen,1024,64,0.0,0,0,0,MacBook-Pro-4.local,darwin,0,18.7019,52.03,,,2025-11-17T02:47:33.309415,,927
Falcon-512,768,keygen,1024,64,0.0,0,0,0,MacBook-Pro-4.local,darwin,0,17.6451,59.39,,,2025-11-17T02:47:33.309425,,928
Falcon-512,768,keygen,1024,64,0.0,0,0,0,MacBook-Pro-4.local,darwin,0,18.4145,52.18,,,2025-11-17T02:47:33.309436,,929
Falcon-512,768,keygen,1024,64,0.0,0,0,0,MacBook-Pro-4.local,darwin,0,18.5396,52.79,,,2025-11-17T02:47:33.309446,,930
Falcon-512,768,sign,0,1,0.0,0,0,0,MacBook-Pro-4.local,darwin,0,17.5514,54.96,,,2025-11-17T02:47:33.309486,,931
Falcon-512,768,sign,0,1,0.0,0,0,0,MacBook-Pro-4.local,darwin,0,17.2525,56.8,,,2025-11-17T02:47:33.309498,,932
Falcon-512,768,sign,0,1,0.0,0,0,0,MacBook-Pro-4.local,darwin,0,18.8894,54.02,,,2025-11-17T02:47:33.309509,,933
Falcon-512,768,sign,0,1,0.0,0,0,0,MacBook-Pro-4.local,darwin,0,17.6111,55.72,,,2025-11-17T02:47:33.309519,,934
Falcon-512,768,sign,0,1,0.0,0,0,0,MacBook-Pro-4.local,darwin,0,18.6527,55.79,,,2025-11-17T02:47:33.309530,,935
Falcon-512,768,sign,0,16,0.0,0,0,0,MacBook-Pro-4.local,darwin,0,19.1354,53.31,,,2025-11-17T02:47:33.309543,,936
Falcon-512,768,sign,0,16,0.0,0,0,0,MacBook-Pro-4.local,darwin,0,18.3008,53.32,,,2025-11-17T02:47:33.309554,,937
Falcon-512,768,sign,0,16,0.0,0,0,0,MacBook-Pro-4.local,darwin,0,18.6074,54.97,,,2025-11-17T02:47:33.309564,,938
Falcon-512,768,sign,0,16,0.0,0,0,0,MacBook-Pro-4.local,darwin,0,19.1778,53.24,,,2025-11-17T02:47:33.309575,,939
Falcon-512,768,sign,0,16,0.0,0,0,0,MacBook-Pro-4.local,darwin,0,18.1097,57.33,,,2025-11-17T02:47:33.309585,,940
Falcon-512,768,sign,0,64,0.0,0,0,0,MacBook-Pro-4.local,darwin,0,19.7269,51.35,,,2025-11-17T02:47:33.309599,,941
Falcon-512,768,sign,0,64,0.0,0,0,0,MacBook-Pro-4.local,darwin,0,19.9496,51.66,,,2025-11-17T02:47:33.309609,,942
Falcon-512,768,sign,0,64,0.0,0,0,0,MacBook-Pro-4.local,darwin,0,20.6437,48.51,,,2025-11-17T02:47:33.309619,,943
Falcon-512,768,sign,0,64,0.0,0,0,0,MacBook-Pro-4.local,darwin,0,20.0668,50.78,,,2025-11-17T02:47:33.309630,,944
Falcon-512,768,sign,0,64,0.0,0,0,0,MacBook-Pro-4.local,darwin,0,19.5825,51.67,,,2025-11-17T02:47:33.309640,,945
Falcon-512,768,sign,1024,1,0.0,0,0,0,MacBook-Pro-4.local,darwin,0,20.0428,50.24,,,2025-11-17T02:47:33.309654,,946
Falcon-512,768,sign,1024,1,0.0,0,0,0,MacBook-Pro-4.local,darwin,0,20.8086,46.96,,,2025-11-17T02:47:33.309665,,947
Falcon-512,768,sign,1024,1,0.0,0,0,0,MacBook-Pro-4.local,darwin,0,19.7927,49.65,,,2025-11-17T02:47:33.309676,,948
Falcon-512,768,sign,1024,1,0.0,0,0,0,MacBook-Pro-4.local,darwin,0,20.0156,50.32,,,2025-11-17T02:47:33.309686,,949
Falcon-512,768,sign,1024,1,0.0,0,0,0,MacBook-Pro-4.local,darwin,0,19.7313,48.41,,,2025-11-17T02:47:33.309696,,950
Falcon-512,768,sign,1024,16,0.0,0,0,0,MacBook-Pro-4.local,darwin,0,20.9477,49.33,,,2025-11-17T02:47:33.309710,,951
Falcon-512,768,sign,1024,16,0.0,0,0,0,MacBook-Pro-4.local,darwin,0,20.6491,46.9,,,2025-11-17T02:47:33.309721,,952
Falcon-512,768,sign,1024,16,0.0,0,0,0,MacBook-Pro-4.local,darwin,0,21.2535,44.73,,,2025-11-17T02:47:33.309731,,953
Falcon-512,768,sign,1024,16,0.0,0,0,0,MacBook-Pro-4.local,darwin,0,21.3558,48.4,,,2025-11-17T02:47:33.309742,,954
Falcon-512,768,sign,1024,16,0.0,0,0,0,MacBook-Pro-4.local,darwin,0,20.6037,50.09,,,2025-11-17T02:47:33.309753,,955
Falcon-512,768,sign,1024,64,0.0,0,0,0,MacBook-Pro-4.local,darwin,0,23.6056,43.16,,,2025-11-17T02:47:33.309766,,956
Falcon-512,768,sign,1024,64,0.0,0,0,0,MacBook-Pro-4.local,darwin,0,23.9403,41.05,,,2025-11-17T02:47:33.309777,,957
Falcon-512,768,sign,1024,64,0.0,0,0,0,MacBook-Pro-4.local,darwin,0,23.6987,41.55,,,2025-11-17T02:47:33.309787,,958
Falcon-512,768,sign,1024,64,0.0,0,0,0,MacBook-Pro-4.local,darwin,0,22.3228,45.9,,,2025-11-17T02:47:33.309797,,959
Falcon-512,768,sign,1024,64,0.0,0,0,0,MacBook-Pro-4.local,darwin,0,22.8251,45.94,,,2025-11-17T02:47:33.309808,,960
Falcon-512,768,verify,0,1,0.0,0,0,0,MacBook-Pro-4.local,darwin,0,9.1273,112.47,,,2025-11-17T02:47:33.309822,,961
Falcon-512,768,verify,0,1,0.0,0,0,0,MacBook-Pro-4.local,darwin,0,9.9033,98.04,,,2025-11-17T02:47:33.309832,,962
Falcon-512,768,verify,0,1,0.0,0,0,0,MacBook-Pro-4.local,darwin,0,10.0895,97.08,,,2025-11-17T02:47:33.309843,,963
Falcon-512,768,verify,0,1,0.0,0,0,0,MacBook-Pro-4.local,darwin,0,9.7033,108.04,,,2025-11-17T02:47:33.309854,,964
Falcon-512,768,verify,0,1,0.0,0,0,0,MacBook-Pro-4.local,darwin,0,8.9462,113.49,,,2025-11-17T02:47:33.309865,,965
Falcon-512,768,verify,0,16,0.0,0,0,0,MacBook-Pro-4.local,darwin,0,9.798,101.18,,,2025-11-17T02:47:33.309879,,966
Falcon-512,768,verify,0,16,0.0,0,0,0,MacBook-Pro-4.local,darwin,0,10.1732,95.41,,,2025-11-17T02:47:33.309890,,967
Falcon-512,768,verify,0,16,0.0,0,0,0,MacBook-Pro-4.local,darwin,0,9.9951,97.83,,,2025-11-17T02:47:33.309900,,968
Falcon-512,768,verify,0,16,0.0,0,0,0,MacBook-Pro-4.local,darwin,0,10.5604,99.17,,,2025-11-17T02:47:33.309911,,969
Falcon-512,768,verify,0,16,0.0,0,0,0,MacBook-Pro-4.local,darwin,0,9.6779,107.5,,,2025-11-17T02:47:33.309921,,970
Falcon-512,768,verify,0,64,0.0,0,0,0,MacBook-Pro-4.local,darwin,0,10.7849,93.47,,,2025-11-17T02:47:33.309936,,971
Falcon-512,768,verify,0,64,0.0,0,0,0,MacBook-Pro-4.local,darwin,0,10.394,98.58,,,2025-11-17T02:47:33.309946,,972
Falcon-512,768,verify,0,64,0.0,0,0,0,MacBook-Pro-4.local,darwin,0,10.313,94.09,,,2025-11-17T02:47:33.309957,,973
Falcon-512,768,verify,0,64,0.0,0,0,0,MacBook-Pro-4.local,darwin,0,10.7483,94.89,,,2025-11-17T02:47:33.309968,,974
Falcon-512,768,verify,0,64,0.0,0,0,0,MacBook-Pro-4.local,darwin,0,11.7746,84.54,,,2025-11-17T02:47:33.309979,,975
Falcon-512,768,verify,1024,1,0.0,0,0,0,MacBook-Pro-4.local,darwin,0,10.6973,92.83,,,2025-11-17T02:47:33.309992,,976
Falcon-512,768,verify,1024,1,0.0,0,0,0,MacBook-Pro-4.local,darwin,0,10.8657,94.51,,,2025-11-17T02:47:33.310003,,977
Falcon-512,768,verify,1024,1,0.0,0,0,0,MacBook-Pro-4.local,darwin,0,10.9734,95.06,,,2025-11-17T02:47:33.310014,,978
Falcon-512,768,verify,1024,1,0.0,0,0,0,MacBook-Pro-4.local,darwin,0,10.7932,93.95,,,2025-11-17T02:47:33.310024,,979
Falcon-512,768,verify,1024,1,0.0,0,0,0,MacBook-Pro-4.local,darwin,0,10.9111,91.46,,,2025-11-17T02:47:33.310034,,980
Falcon-512,768,verify,1024,16,0.0,0,0,0,MacBook-Pro-4.local,darwin,0,12.2261,85.67,,,2025-11-17T02:47:33.310048,,981
Falcon-512,768,verify,1024,16,0.0,0,0,0,MacBook-Pro-4.local,darwin,0,10.9392,91.52,,,2025-11-17T02:47:33.310058,,982
Falcon-512,768,verify,1024,16,0.0,0,0,0,MacBook-Pro-4.local,darwin,0,12.0962,83.58,,,2025-11-17T02:47:33.310069,,983
Falcon-512,768,verify,1024,16,0.0,0,0,0,MacBook-Pro-4.local,darwin,0,10.7429,91.46,,,2025-11-17T02:47:33.310080,,984
Falcon-512,768,verify,1024,16,0.0,0,0,0,MacBook-Pro-4.local,darwin,0,11.69,81.34,,,2025-11-17T02:47:33.310091,,985
Falcon-512,768,verify,1024,64,0.0,0,0,0,MacBook-Pro-4.local,darwin,0,12.1865,78.78,,,2025-11-17T02:47:33.310104,,986
Falcon-512,768,verify,1024,64,0.0,0,0,0,MacBook-Pro-4.local,darwin,0,12.4189,84.11,,,2025-11-17T02:47:33.310115,,987
Falcon-512,768,verify,1024,64,0.0,0,0,0,MacBook-Pro-4.local,darwin,0,11.9626,84.3,,,2025-11-17T02:47:33.310125,,988
Falcon-512,768,verify,1024,64,0.0,0,0,0,MacBook-Pro-4.local,darwin,0,12.6847,82.13,,,2025-11-17T02:47:33.310136,,989
Falcon-512,768,verify,1024,64,0.0,0,0,0,MacBook-Pro-4.local,darwin,0,11.3728,85.34,,,2025-11-17T02:47:33.310147,,990
Falcon-512,1024,keygen,0,1,0.0,0,0,0,MacBook-Pro-4.local,darwin,0,13.5683,77.03,,,2025-11-17T02:47:33.310161,,991
Falcon-512,1024,keygen,0,1,0.0,0,0,0,MacBook-Pro-4.local,darwin,0,13.6964,70.32,,,2025-11-17T02:47:33.310171,,992
Falcon-512,1024,keygen,0,1,0.0,0,0,0,MacBook-Pro-4.local,darwin,0,14.8696,67.95,,,2025-11-17T02:47:33.310182,,993
Falcon-512,1024,keygen,0,1,0.0,0,0,0,MacBook-Pro-4.local,darwin,0,13.859,74.51,,,2025-11-17T02:47:33.310193,,994
Falcon-512,1024,keygen,0,1,0.0,0,0,0,MacBook-Pro-4.local,darwin,0,13.4992,76.4,,,2025-11-17T02:47:33.310203,,995
Falcon-512,1024,keygen,0,16,0.0,0,0,0,MacBook-Pro-4.local,darwin,0,15.121,68.69,,,2025-11-17T02:47:33.310218,,996
Falcon-512,1024,keygen,0,16,0.0,0,0,0,MacBook-Pro-4.local,darwin,0,14.4209,69.29,,,2025-11-17T02:47:33.310229,,997
Falcon-512,1024,keygen,0,16,0.0,0,0,0,MacBook-Pro-4.local,darwin,0,14.5852,65.46,,,2025-11-17T02:47:33.310240,,998
Falcon-512,1024,keygen,0,16,0.0,0,0,0,MacBook-Pro-4.local,darwin,0,14.5328,65.89,,,2025-11-17T02:47:33.310251,,999
Falcon-512,1024,keygen,0,16,0.0,0,0,0,MacBook-Pro-4.local,darwin,0,13.4262,72.17,,,2025-11-17T02:47:33.310261,,1000
Falcon-512,1024,keygen,0,64,0.0,0,0,0,MacBook-Pro-4.local,darwin,0,16.4219,58.7,,,2025-11-17T02:47:33.310274,,1001
Falcon-512,1024,keygen,0,64,0.0,0,0,0,MacBook-Pro-4.local,darwin,0,16.1471,64.79,,,2025-11-17T02:47:33.310285,,1002
Falcon-512,1024,keygen,0,64,0.0,0,0,0,MacBook-Pro-4.local,darwin,0,15.2038,65.23,,,2025-11-17T02:47:33.310315,,1003
Falcon-512,1024,keygen,0,64,0.0,0,0,0,MacBook-Pro-4.local,darwin,0,16.6495,58.88,,,2025-11-17T02:47:33.310328,,1004
Falcon-512,1024,keygen,0,64,0.0,0,0,0,MacBook-Pro-4.local,darwin,0,15.6109,62.4,,,2025-11-17T02:47:33.310338,,1005
Falcon-512,1024,keygen,1024,1,0.0,0,0,0,MacBook-Pro-4.local,darwin,0,15.8997,66.01,,,2025-11-17T02:47:33.310354,,1006
Falcon-512,1024,keygen,1024,1,0.0,0,0,0,MacBook-Pro-4.local,darwin,0,16.8942,58.78,,,2025-11-17T02:47:33.310365,,1007
Falcon-512,1024,keygen,1024,1,0.0,0,0,0,MacBook-Pro-4.local,darwin,0,16.0964,62.51,,,2025-11-17T02:47:33.310375,,1008
Falcon-512,1024,keygen,1024,1,0.0,0,0,0,MacBook-Pro-4.local,darwin,0,15.8175,64.79,,,2025-11-17T02:47:33.310386,,1009
Falcon-512,1024,keygen,1024,1,0.0,0,0,0,MacBook-Pro-4.local,darwin,0,16.174,62.17,,,2025-11-17T02:47:33.310396,,1010
Falcon-512,1024,keygen,1024,16,0.0,0,0,0,MacBook-Pro-4.local,darwin,0,16.6759,62.45,,,2025-11-17T02:47:33.310410,,1011
Falcon-512,1024,keygen,1024,16,0.0,0,0,0,MacBook-Pro-4.local,darwin,0,15.4182,62.3,,,2025-11-17T02:47:33.310421,,1012
Falcon-512,1024,keygen,1024,16,0.0,0,0,0,MacBook-Pro-4.local,darwin,0,17.0576,56.64,,,2025-11-17T02:47:33.310432,,1013
Falcon-512,1024,keygen,1024,16,0.0,0,0,0,MacBook-Pro-4.local,darwin,0,16.9674,57.58,,,2025-11-17T02:47:33.310443,,1014
Falcon-512,1024,keygen,1024,16,0.0,0,0,0,MacBook-Pro-4.local,darwin,0,16.383,61.78,,,2025-11-17T02:47:33.310465,,1015
Falcon-512,1024,keygen,1024,64,0.0,0,0,0,MacBook-Pro-4.local,darwin,0,18.7341,53.93,,,2025-11-17T02:47:33.310479,,1016
Falcon-512,1024,keygen,1024,64,0.0,0,0,0,MacBook-Pro-4.local,darwin,0,18.3642,52.24,,,2025-11-17T02:47:33.310490,,1017
Falcon-512,1024,keygen,1024,64,0.0,0,0,0,MacBook-Pro-4.local,darwin,0,17.9602,55.38,,,2025-11-17T02:47:33.310500,,1018
Falcon-512,1024,keygen,1024,64,0.0,0,0,0,MacBook-Pro-4.local,darwin,0,18.6058,55.17,,,2025-11-17T02:47:33.310511,,1019
Falcon-512,1024,keygen,1024,64,0.0,0,0,0,MacBook-Pro-4.local,darwin,0,18.58,53.56,,,2025-11-17T02:47:33.310521,,1020
Falcon-512,1024,sign,0,1,0.0,0,0,0,MacBook-Pro-4.local,darwin,0,18.2647,52.9,,,2025-11-17T02:47:33.310536,,1021
Falcon-512,1024,sign,0,1,0.0,0,0,0,MacBook-Pro-4.local,darwin,0,18.223,52.91,,,2025-11-17T02:47:33.310547,,1022
Falcon-512,1024,sign,0,1,0.0,0,0,0,MacBook-Pro-4.local,darwin,0,18.4272,52.11,,,2025-11-17T02:47:33.310557,,1023
Falcon-512,1024,sign,0,1,0.0,0,0,0,MacBook-Pro-4.local,darwin,0,18.1378,56.14,,,2025-11-17T02:47:33.310568,,1024
Falcon-512,1024,sign,0,1,0.0,0,0,0,MacBook-Pro-4.local,darwin,0,18.5928,52.83,,,2025-11-17T02:47:33.310579,,1025
Falcon-512,1024,sign,0,16,0.0,0,0,0,MacBook-Pro-4.local,darwin,0,19.0509,50.41,,,2025-11-17T02:47:33.310593,,1026
Falcon-512,1024,sign,0,16,0.0,0,0,0,MacBook-Pro-4.local,darwin,0,18.3724,52.52,,,2025-11-17T02:47:33.310603,,1027
Falcon-512,1024,sign,0,16,0.0,0,0,0,MacBook-Pro-4.local,darwin,0,18.5968,55.42,,,2025-11-17T02:47:33.310614,,1028
Falcon-512,1024,sign,0,16,0.0,0,0,0,MacBook-Pro-4.local,darwin,0,18.1462,57.28,,,2025-11-17T02:47:33.310624,,1029
Falcon-512,1024,sign,0,16,0.0,0,0,0,MacBook-Pro-4.local,darwin,0,18.6192,54.77,,,2025-11-17T02:47:33.310635,,1030
Falcon-512,1024,sign,0,64,0.0,0,0,0,MacBook-Pro-4.local,darwin,0,20.9146,46.13,,,2025-11-17T02:47:33.310648,,1031
Falcon-512,1024,sign,0,64,0.0,0,0,0,MacBook-Pro-4.local,darwin,0,19.638,51.51,,,2025-11-17T02:47:33.310658,,1032
Falcon-512,1024,sign,0,64,0.0,0,0,0,MacBook-Pro-4.local,darwin,0,19.5078,52.92,,,2025-11-17T02:47:33.310669,,1033
Falcon-512,1024,sign,0,64,0.0,0,0,0,MacBook-Pro-4.local,darwin,0,20.3115,48.06,,,2025-11-17T02:47:33.310679,,1034
Falcon-512,1024,sign,0,64,0.0,0,0,0,MacBook-Pro-4.local,darwin,0,19.8498,50.5,,,2025-11-17T02:47:33.310690,,1035
Falcon-512,1024,sign,1024,1,0.0,0,0,0,MacBook-Pro-4.local,darwin,0,19.4101,50.11,,,2025-11-17T02:47:33.310703,,1036
Falcon-512,1024,sign,1024,1,0.0,0,0,0,MacBook-Pro-4.local,darwin,0,20.5313,48.26,,,2025-11-17T02:47:33.310714,,1037
Falcon-512,1024,sign,1024,1,0.0,0,0,0,MacBook-Pro-4.local,darwin,0,21.0046,45.72,,,2025-11-17T02:47:33.310724,,1038
Falcon-512,1024,sign,1024,1,0.0,0,0,0,MacBook-Pro-4.local,darwin,0,20.9191,48.1,,,2025-11-17T02:47:33.310735,,1039
Falcon-512,1024,sign,1024,1,0.0,0,0,0,MacBook-Pro-4.local,darwin,0,20.8423,47.97,,,2025-11-17T02:47:33.310746,,1040
Falcon-512,1024,sign,1024,16,0.0,0,0,0,MacBook-Pro-4.local,darwin,0,21.0416,47.75,,,2025-11-17T02:47:33.310760,,1041
Falcon-512,1024,sign,1024,16,0.0,0,0,0,MacBook-Pro-4.local,darwin,0,20.7883,50.35,,,2025-11-17T02:47:33.310771,,1042
Falcon-512,1024,sign,1024,16,0.0,0,0,0,MacBook-Pro-4.local,darwin,0,20.3042,49.13,,,2025-11-17T02:47:33.310781,,1043
Falcon-512,1024,sign,1024,16,0.0,0,0,0,MacBook-Pro-4.local,darwin,0,20.5696,49.47,,,2025-11-17T02:47:33.310792,,1044
Falcon-512,1024,sign,1024,16,0.0,0,0,0,MacBook-Pro-4.local,darwin,0,21.0502,47.04,,,2025-11-17T02:47:33.310802,,1045
Falcon-512,1024,sign,1024,64,0.0,0,0,0,MacBook-Pro-4.local,darwin,0,22.2401,46.31,,,2025-11-17T02:47:33.310816,,1046
Falcon-512,1024,sign,1024,64,0.0,0,0,0,MacBook-Pro-4.local,darwin,0,22.7581,45.28,,,2025-11-17T02:47:33.310826,,1047
Falcon-512,1024,sign,1024,64,0.0,0,0,0,MacBook-Pro-4.local,darwin,0,22.5394,43.97,,,2025-11-17T02:47:33.310837,,1048
Falcon-512,1024,sign,1024,64,0.0,0,0,0,MacBook-Pro-4.local,darwin,0,23.283,43.53,,,2025-11-17T02:47:33.310847,,1049
Falcon-512,1024,sign,1024,64,0.0,0,0,0,MacBook-Pro-4.local,darwin,0,22.9886,44.72,,,2025-11-17T02:47:33.310858,,1050
Falcon-512,1024,verify,0,1,0.0,0,0,0,MacBook-Pro-4.local,darwin,0,9.9475,97.25,,,2025-11-17T02:47:33.310871,,1051
Falcon-512,1024,verify,0,1,0.0,0,0,0,MacBook-Pro-4.local,darwin,0,9.6498,101.35,,,2025-11-17T02:47:33.310882,,1052
Falcon-512,1024,verify,0,1,0.0,0,0,0,MacBook-Pro-4.local,darwin,0,10.1772,96.32,,,2025-11-17T02:47:33.310893,,1053
Falcon-512,1024,verify,0,1,0.0,0,0,0,MacBook-Pro-4.local,darwin,0,9.242,109.79,,,2025-11-17T02:47:33.310904,,1054
Falcon-512,1024,verify,0,1,0.0,0,0,0,MacBook-Pro-4.local,darwin,0,9.6636,101.69,,,2025-11-17T02:47:33.310914,,1055
Falcon-512,1024,verify,0,16,0.0,0,0,0,MacBook-Pro-4.local,darwin,0,9.0777,114.91,,,2025-11-17T02:47:33.310928,,1056
Falcon-512,1024,verify,0,16,0.0,0,0,0,MacBook-Pro-4.local,darwin,0,9.1959,107.92,,,2025-11-17T02:47:33.310939,,1057
Falcon-512,1024,verify,0,16,0.0,0,0,0,MacBook-Pro-4.local,darwin,0,10.0555,95.52,,,2025-11-17T02:47:33.310950,,1058
Falcon-512,1024,verify,0,16,0.0,0,0,0,MacBook-Pro-4.local,darwin,0,10.296,92.78,,,2025-11-17T02:47:33.310960,,1059
Falcon-512,1024,verify,0,16,0.0,0,0,0,MacBook-Pro-4.local,darwin,0,10.3107,101.53,,,2025-11-17T02:47:33.310971,,1060
Falcon-512,1024,verify,0,64,0.0,0,0,0,MacBook-Pro-4.local,darwin,0,11.2256,93.44,,,2025-11-17T02:47:33.310985,,1061
Falcon-512,1024,verify,0,64,0.0,0,0,0,MacBook-Pro-4.local,darwin,0,10.8868,90.93,,,2025-11-17T02:47:33.310996,,1062
Falcon-512,1024,verify,0,64,0.0,0,0,0,MacBook-Pro-4.local,darwin,0,11.1882,87.36,,,2025-11-17T02:47:33.311006,,1063
Falcon-512,1024,verify,0,64,0.0,0,0,0,MacBook-Pro-4.local,darwin,0,11.4861,89.99,,,2025-11-17T02:47:33.311017,,1064
Falcon-512,1024,verify,0,64,0.0,0,0,0,MacBook-Pro-4.local,darwin,0,10.8853,95.99,,,2025-11-17T02:47:33.311028,,1065
Falcon-512,1024,verify,1024,1,0.0,0,0,0,MacBook-Pro-4.local,darwin,0,11.4489,89.86,,,2025-11-17T02:47:33.311041,,1066
Falcon-512,1024,verify,1024,1,0.0,0,0,0,MacBook-Pro-4.local,darwin,0,11.0432,91.48,,,2025-11-17T02:47:33.311052,,1067
Falcon-512,1024,verify,1024,1,0.0,0,0,0,MacBook-Pro-4.local,darwin,0,10.4157,100.43,,,2025-11-17T02:47:33.311063,,1068
Falcon-512,1024,verify,1024,1,0.0,0,0,0,MacBook-Pro-4.local,darwin,0,10.4678,92.22,,,2025-11-17T02:47:33.311074,,1069
Falcon-512,1024,verify,1024,1,0.0,0,0,0,MacBook-Pro-4.local,darwin,0,11.0548,89.49,,,2025-11-17T02:47:33.311085,,1070
Falcon-512,1024,verify,1024,16,0.0,0,0,0,MacBook-Pro-4.local,darwin,0,11.1915,93.2,,,2025-11-17T02:47:33.311099,,1071
Falcon-512,1024,verify,1024,16,0.0,0,0,0,MacBook-Pro-4.local,darwin,0,11.6835,88.78,,,2025-11-17T02:47:33.311110,,1072
Falcon-512,1024,verify,1024,16,0.0,0,0,0,MacBook-Pro-4.local,darwin,0,10.6264,91.93,,,2025-11-17T02:47:33.311142,,1073
Falcon-512,1024,verify,1024,16,0.0,0,0,0,MacBook-Pro-4.local,darwin,0,11.0587,94.54,,,2025-11-17T02:47:33.311154,,1074
Falcon-512,1024,verify,1024,16,0.0,0,0,0,MacBook-Pro-4.local,darwin,0,10.2155,98.11,,,2025-11-17T02:47:33.311165,,1075
Falcon-512,1024,verify,1024,64,0.0,0,0,0,MacBook-Pro-4.local,darwin,0,11.5228,86.45,,,2025-11-17T02:47:33.311179,,1076
Falcon-512,1024,verify,1024,64,0.0,0,0,0,MacBook-Pro-4.local,darwin,0,12.3728,80.61,,,2025-11-17T02:47:33.311190,,1077
Falcon-512,1024,verify,1024,64,0.0,0,0,0,MacBook-Pro-4.local,darwin,0,11.8416,83.01,,,2025-11-17T02:47:33.311200,,1078
Falcon-512,1024,verify,1024,64,0.0,0,0,0,MacBook-Pro-4.local,darwin,0,11.8812,83.8,,,2025-11-17T02:47:33.311211,,1079
Falcon-512,1024,verify,1024,64,0.0,0,0,0,MacBook-Pro-4.local,darwin,0,12.631,82.21,,,2025-11-17T02:47:33.311222,,1080
Falcon-1024,512,keygen,0,1,0.0,0,0,0,MacBook-Pro-4.local,darwin,0,14.2207,71.23,,,2025-11-17T02:47:33.311237,,1081
Falcon-1024,512,keygen,0,1,0.0,0,0,0,MacBook-Pro-4.local,darwin,0,14.3388,67.84,,,2025-11-17T02:47:33.311248,,1082
Falcon-1024,512,keygen,0,1,0.0,0,0,0,MacBook-Pro-4.local,darwin,0,14.1904,73.16,,,2025-11-17T02:47:33.311259,,1083
Falcon-1024,512,keygen,0,1,0.0,0,0,0,MacBook-Pro-4.local,darwin,0,14.264,70.91,,,2025-11-17T02:47:33.311270,,1084
Falcon-1024,512,keygen,0,1,0.0,0,0,0,MacBook-Pro-4.local,darwin,0,14.5321,70.25,,,2025-11-17T02:47:33.311281,,1085
Falcon-1024,512,keygen,0,16,0.0,0,0,0,MacBook-Pro-4.local,darwin,0,15.9154,59.95,,,2025-11-17T02:47:33.311295,,1086
Falcon-1024,512,keygen,0,16,0.0,0,0,0,MacBook-Pro-4.local,darwin,0,14.7915,68.22,,,2025-11-17T02:47:33.311306,,1087
Falcon-1024,512,keygen,0,16,0.0,0,0,0,MacBook-Pro-4.local,darwin,0,14.785,70.32,,,2025-11-17T02:47:33.311316,,1088
Falcon-1024,512,keygen,0,16,0.0,0,0,0,MacBook-Pro-4.local,darwin,0,16.0202,63.15,,,2025-11-17T02:47:33.311327,,1089
Falcon-1024,512,keygen,0,16,0.0,0,0,0,MacBook-Pro-4.local,darwin,0,15.1951,67.77,,,2025-11-17T02:47:33.311338,,1090
Falcon-1024,512,keygen,0,64,0.0,0,0,0,MacBook-Pro-4.local,darwin,0,16.2718,58.97,,,2025-11-17T02:47:33.311352,,1091
Falcon-1024,512,keygen,0,64,0.0,0,0,0,MacBook-Pro-4.local,darwin,0,16.4297,58.29,,,2025-11-17T02:47:33.311362,,1092
Falcon-1024,512,keygen,0,64,0.0,0,0,0,MacBook-Pro-4.local,darwin,0,16.4402,61.43,,,2025-11-17T02:47:33.311373,,1093
Falcon-1024,512,keygen,0,64,0.0,0,0,0,MacBook-Pro-4.local,darwin,0,16.1971,63.82,,,2025-11-17T02:47:33.311383,,1094
Falcon-1024,512,keygen,0,64,0.0,0,0,0,MacBook-Pro-4.local,darwin,0,16.2624,64.01,,,2025-11-17T02:47:33.311394,,1095
Falcon-1024,512,keygen,1024,1,0.0,0,0,0,MacBook-Pro-4.local,darwin,0,15.994,63.95,,,2025-11-17T02:47:33.311408,,1096
Falcon-1024,512,keygen,1024,1,0.0,0,0,0,MacBook-Pro-4.local,darwin,0,16.8025,60.49,,,2025-11-17T02:47:33.311419,,1097
Falcon-1024,512,keygen,1024,1,0.0,0,0,0,MacBook-Pro-4.local,darwin,0,16.3542,60.91,,,2025-11-17T02:47:33.311430,,1098
Falcon-1024,512,keygen,1024,1,0.0,0,0,0,MacBook-Pro-4.local,darwin,0,16.0433,64.14,,,2025-11-17T02:47:33.311441,,1099
Falcon-1024,512,keygen,1024,1,0.0,0,0,0,MacBook-Pro-4.local,darwin,0,16.7325,62.55,,,2025-11-17T02:47:33.311451,,1100
Falcon-1024,512,keygen,1024,16,0.0,0,0,0,MacBook-Pro-4.local,darwin,0,16.0557,62.83,,,2025-11-17T02:47:33.311465,,1101
Falcon-1024,512,keygen,1024,16,0.0,0,0,0,MacBook-Pro-4.local,darwin,0,17.057,56.66,,,2025-11-17T02:47:33.311476,,1102
Falcon-1024,512,keygen,1024,16,0.0,0,0,0,MacBook-Pro-4.local,darwin,0,16.6056,61.51,,,2025-11-17T02:47:33.311487,,1103
Falcon-1024,512,keygen,1024,16,0.0,0,0,0,MacBook-Pro-4.local,darwin,0,16.434,58.45,,,2025-11-17T02:47:33.311498,,1104
Falcon-1024,512,keygen,1024,16,0.0,0,0,0,MacBook-Pro-4.local,darwin,0,15.5043,67.46,,,2025-11-17T02:47:33.311509,,1105
Falcon-1024,512,keygen,1024,64,0.0,0,0,0,MacBook-Pro-4.local,darwin,0,18.0232,58.0,,,2025-11-17T02:47:33.311522,,1106
Falcon-1024,512,keygen,1024,64,0.0,0,0,0,MacBook-Pro-4.local,darwin,0,18.3505,53.23,,,2025-11-17T02:47:33.311533,,1107
Falcon-1024,512,keygen,1024,64,0.0,0,0,0,MacBook-Pro-4.local,darwin,0,17.5086,55.5,,,2025-11-17T02:47:33.311544,,1108
Falcon-1024,512,keygen,1024,64,0.0,0,0,0,MacBook-Pro-4.local,darwin,0,18.1629,52.36,,,2025-11-17T02:47:33.311554,,1109
Falcon-1024,512,keygen,1024,64,0.0,0,0,0,MacBook-Pro-4.local,darwin,0,18.3232,54.34,,,2025-11-17T02:47:33.311566,,1110
Falcon-1024,512,sign,0,1,0.0,0,0,0,MacBook-Pro-4.local,darwin,0,18.0792,56.31,,,2025-11-17T02:47:33.311581,,1111
Falcon-1024,512,sign,0,1,0.0,0,0,0,MacBook-Pro-4.local,darwin,0,18.2882,52.17,,,2025-11-17T02:47:33.311592,,1112
Falcon-1024,512,sign,0,1,0.0,0,0,0,MacBook-Pro-4.local,darwin,0,18.8812,50.57,,,2025-11-17T02:47:33.311603,,1113
Falcon-1024,512,sign,0,1,0.0,0,0,0,MacBook-Pro-4.local,darwin,0,17.8586,53.82,,,2025-11-17T02:47:33.311614,,1114
Falcon-1024,512,sign,0,1,0.0,0,0,0,MacBook-Pro-4.local,darwin,0,18.1667,56.47,,,2025-11-17T02:47:33.311625,,1115
Falcon-1024,512,sign,0,16,0.0,0,0,0,MacBook-Pro-4.local,darwin,0,18.3831,56.17,,,2025-11-17T02:47:33.311638,,1116
Falcon-1024,512,sign,0,16,0.0,0,0,0,MacBook-Pro-4.local,darwin,0,18.0768,55.31,,,2025-11-17T02:47:33.311649,,1117
Falcon-1024,512,sign,0,16,0.0,0,0,0,MacBook-Pro-4.local,darwin,0,18.0087,54.18,,,2025-11-17T02:47:33.311659,,1118
Falcon-1024,512,sign,0,16,0.0,0,0,0,MacBook-Pro-4.local,darwin,0,18.0182,57.51,,,2025-11-17T02:47:33.311670,,1119
Falcon-1024,512,sign,0,16,0.0,0,0,0,MacBook-Pro-4.local,darwin,0,17.8425,56.99,,,2025-11-17T02:47:33.311681,,1120
Falcon-1024,512,sign,0,64,0.0,0,0,0,MacBook-Pro-4.local,darwin,0,19.7936,49.71,,,2025-11-17T02:47:33.311695,,1121
Falcon-1024,512,sign,0,64,0.0,0,0,0,MacBook-Pro-4.local,darwin,0,20.4636,48.11,,,2025-11-17T02:47:33.311706,,1122
Falcon-1024,512,sign,0,64,0.0,0,0,0,MacBook-Pro-4.local,darwin,0,20.0717,51.86,,,2025-11-17T02:47:33.311716,,1123
Falcon-1024,512,sign,0,64,0.0,0,0,0,MacBook-Pro-4.local,darwin,0,20.7473,46.26,,,2025-11-17T02:47:33.311727,,1124
Falcon-1024,512,sign,0,64,0.0,0,0,0,MacBook-Pro-4.local,darwin,0,20.6553,50.53,,,2025-11-17T02:47:33.311737,,1125
Falcon-1024,512,sign,1024,1,0.0,0,0,0,MacBook-Pro-4.local,darwin,0,20.5387,48.93,,,2025-11-17T02:47:33.311751,,1126
Falcon-1024,512,sign,1024,1,0.0,0,0,0,MacBook-Pro-4.local,darwin,0,20.703,46.73,,,2025-11-17T02:47:33.311762,,1127
Falcon-1024,512,sign,1024,1,0.0,0,0,0,MacBook-Pro-4.local,darwin,0,20.6261,48.67,,,2025-11-17T02:47:33.311773,,1128
Falcon-1024,512,sign,1024,1,0.0,0,0,0,MacBook-Pro-4.local,darwin,0,19.9207,52.25,,,2025-11-17T02:47:33.311784,,1129
Falcon-1024,512,sign,1024,1,0.0,0,0,0,MacBook-Pro-4.local,darwin,0,19.9762,50.18,,,2025-11-17T02:47:33.311795,,1130
Falcon-1024,512,sign,1024,16,0.0,0,0,0,MacBook-Pro-4.local,darwin,0,20.4838,48.45,,,2025-11-17T02:47:33.311808,,1131
Falcon-1024,512,sign,1024,16,0.0,0,0,0,MacBook-Pro-4.local,darwin,0,21.0842,48.99,,,2025-11-17T02:47:33.311819,,1132
Falcon-1024,512,sign,1024,16,0.0,0,0,0,MacBook-Pro-4.local,darwin,0,20.7707,49.23,,,2025-11-17T02:47:33.311829,,1133
Falcon-1024,512,sign,1024,16,0.0,0,0,0,MacBook-Pro-4.local,darwin,0,20.2278,47.88,,,2025-11-17T02:47:33.311840,,1134
Falcon-1024,512,sign,1024,16,0.0,0,0,0,MacBook-Pro-4.local,darwin,0,21.3964,45.5,,,2025-11-17T02:47:33.311850,,1135
Falcon-1024,512,sign,1024,64,0.0,0,0,0,MacBook-Pro-4.local,darwin,0,22.3733,44.53,,,2025-11-17T02:47:33.311864,,1136
Falcon-1024,512,sign,1024,64,0.0,0,0,0,MacBook-Pro-4.local,darwin,0,21.8629,47.46,,,2025-11-17T02:47:33.311875,,1137
Falcon-1024,512,sign,1024,64,0.0,0,0,0,MacBook-Pro-4.local,darwin,0,22.9918,43.26,,,2025-11-17T02:47:33.311886,,1138
Falcon-1024,512,sign,1024,64,0.0,0,0,0,MacBook-Pro-4.local,darwin,0,22.4214,45.25,,,2025-11-17T02:47:33.311897,,1139
Falcon-1024,512,sign,1024,64,0.0,0,0,0,MacBook-Pro-4.local,darwin,0,22.1113,45.0,,,2025-11-17T02:47:33.311908,,1140
Falcon-1024,512,verify,0,1,0.0,0,0,0,MacBook-Pro-4.local,darwin,0,9.4534,100.54,,,2025-11-17T02:47:33.311922,,1141
Falcon-1024,512,verify,0,1,0.0,0,0,0,MacBook-Pro-4.local,darwin,0,10.0612,95.41,,,2025-11-17T02:47:33.311933,,1142
Falcon-1024,512,verify,0,1,0.0,0,0,0,MacBook-Pro-4.local,darwin,0,10.1514,101.16,,,2025-11-17T02:47:33.311964,,1143
Falcon-1024,512,verify,0,1,0.0,0,0,0,MacBook-Pro-4.local,darwin,0,9.3974,108.86,,,2025-11-17T02:47:33.311976,,1144
Falcon-1024,512,verify,0,1,0.0,0,0,0,MacBook-Pro-4.local,darwin,0,8.4586,119.49,,,2025-11-17T02:47:33.311986,,1145
Falcon-1024,512,verify,0,16,0.0,0,0,0,MacBook-Pro-4.local,darwin,0,9.7245,106.32,,,2025-11-17T02:47:33.312001,,1146
Falcon-1024,512,verify,0,16,0.0,0,0,0,MacBook-Pro-4.local,darwin,0,8.8076,116.07,,,2025-11-17T02:47:33.312012,,1147
Falcon-1024,512,verify,0,16,0.0,0,0,0,MacBook-Pro-4.local,darwin,0,10.1845,93.72,,,2025-11-17T02:47:33.312023,,1148
Falcon-1024,512,verify,0,16,0.0,0,0,0,MacBook-Pro-4.local,darwin,0,9.7824,98.6,,,2025-11-17T02:47:33.312034,,1149
Falcon-1024,512,verify,0,16,0.0,0,0,0,MacBook-Pro-4.local,darwin,0,9.6861,102.76,,,2025-11-17T02:47:33.312044,,1150
Falcon-1024,512,verify,0,64,0.0,0,0,0,MacBook-Pro-4.local,darwin,0,10.3421,99.22,,,2025-11-17T02:47:33.312058,,1151
Falcon-1024,512,verify,0,64,0.0,0,0,0,MacBook-Pro-4.local,darwin,0,10.5362,94.99,,,2025-11-17T02:47:33.312069,,1152
Falcon-1024,512,verify,0,64,0.0,0,0,0,MacBook-Pro-4.local,darwin,0,12.0207,81.59,,,2025-11-17T02:47:33.312080,,1153
Falcon-1024,512,verify,0,64,0.0,0,0,0,MacBook-Pro-4.local,darwin,0,11.5783,82.96,,,2025-11-17T02:47:33.312090,,1154
Falcon-1024,512,verify,0,64,0.0,0,0,0,MacBook-Pro-4.local,darwin,0,10.4532,94.91,,,2025-11-17T02:47:33.312101,,1155
Falcon-1024,512,verify,1024,1,0.0,0,0,0,MacBook-Pro-4.local,darwin,0,9.659,99.29,,,2025-11-17T02:47:33.312116,,1156
Falcon-1024,512,verify,1024,1,0.0,0,0,0,MacBook-Pro-4.local,darwin,0,11.0919,86.1,,,2025-11-17T02:47:33.312127,,1157
Falcon-1024,512,verify,1024,1,0.0,0,0,0,MacBook-Pro-4.local,darwin,0,11.0905,92.74,,,2025-11-17T02:47:33.312137,,1158
Falcon-1024,512,verify,1024,1,0.0,0,0,0,MacBook-Pro-4.local,darwin,0,10.7155,91.47,,,2025-11-17T02:47:33.312148,,1159
Falcon-1024,512,verify,1024,1,0.0,0,0,0,MacBook-Pro-4.local,darwin,0,11.3202,89.04,,,2025-11-17T02:47:33.312159,,1160
Falcon-1024,512,verify,1024,16,0.0,0,0,0,MacBook-Pro-4.local,darwin,0,12.0221,81.25,,,2025-11-17T02:47:33.312172,,1161
Falcon-1024,512,verify,1024,16,0.0,0,0,0,MacBook-Pro-4.local,darwin,0,10.875,92.1,,,2025-11-17T02:47:33.312183,,1162
Falcon-1024,512,verify,1024,16,0.0,0,0,0,MacBook-Pro-4.local,darwin,0,10.5819,91.68,,,2025-11-17T02:47:33.312193,,1163
Falcon-1024,512,verify,1024,16,0.0,0,0,0,MacBook-Pro-4.local,darwin,0,10.346,101.13,,,2025-11-17T02:47:33.312204,,1164
Falcon-1024,512,verify,1024,16,0.0,0,0,0,MacBook-Pro-4.local,darwin,0,10.1261,97.7,,,2025-11-17T02:47:33.312215,,1165
Falcon-1024,512,verify,1024,64,0.0,0,0,0,MacBook-Pro-4.local,darwin,0,11.5143,87.59,,,2025-11-17T02:47:33.312228,,1166
Falcon-1024,512,verify,1024,64,0.0,0,0,0,MacBook-Pro-4.local,darwin,0,11.8421,84.86,,,2025-11-17T02:47:33.312239,,1167
Falcon-1024,512,verify,1024,64,0.0,0,0,0,MacBook-Pro-4.local,darwin,0,11.9782,82.22,,,2025-11-17T02:47:33.312250,,1168
Falcon-1024,512,verify,1024,64,0.0,0,0,0,MacBook-Pro-4.local,darwin,0,12.225,84.28,,,2025-11-17T02:47:33.312260,,1169
Falcon-1024,512,verify,1024,64,0.0,0,0,0,MacBook-Pro-4.local,darwin,0,12.7072,81.1,,,2025-11-17T02:47:33.312271,,1170
Falcon-1024,768,keygen,0,1,0.0,0,0,0,MacBook-Pro-4.local,darwin,0,14.015,73.99,,,2025-11-17T02:47:33.312285,,1171
Falcon-1024,768,keygen,0,1,0.0,0,0,0,MacBook-Pro-4.local,darwin,0,14.1801,70.3,,,2025-11-17T02:47:33.312296,,1172
Falcon-1024,768,keygen,0,1,0.0,0,0,0,MacBook-Pro-4.local,darwin,0,15.0319,63.77,,,2025-11-17T02:47:33.312307,,1173
Falcon-1024,768,keygen,0,1,0.0,0,0,0,MacBook-Pro-4.local,darwin,0,13.9601,73.8,,,2025-11-17T02:47:33.312317,,1174
Falcon-1024,768,keygen,0,1,0.0,0,0,0,MacBook-Pro-4.local,darwin,0,14.2293,66.81,,,2025-11-17T02:47:33.312329,,1175
Falcon-1024,768,keygen,0,16,0.0,0,0,0,MacBook-Pro-4.local,darwin,0,15.2717,65.9,,,2025-11-17T02:47:33.312342,,1176
Falcon-1024,768,keygen,0,16,0.0,0,0,0,MacBook-Pro-4.local,darwin,0,13.8407,72.82,,,2025-11-17T02:47:33.312354,,1177
Falcon-1024,768,keygen,0,16,0.0,0,0,0,MacBook-Pro-4.local,darwin,0,15.1699,67.11,,,2025-11-17T02:47:33.312364,,1178
Falcon-1024,768,keygen,0,16,0.0,0,0,0,MacBook-Pro-4.local,darwin,0,15.8262,60.78,,,2025-11-17T02:47:33.312375,,1179
Falcon-1024,768,keygen,0,16,0.0,0,0,0,MacBook-Pro-4.local,darwin,0,14.3602,67.02,,,2025-11-17T02:47:33.312386,,1180
Falcon-1024,768,keygen,0,64,0.0,0,0,0,MacBook-Pro-4.local,darwin,0,16.9326,58.46,,,2025-11-17T02:47:33.312400,,1181
Falcon-1024,768,keygen,0,64,0.0,0,0,0,MacBook-Pro-4.local,darwin,0,16.2084,64.73,,,2025-11-17T02:47:33.312410,,1182
Falcon-1024,768,keygen,0,64,0.0,0,0,0,MacBook-Pro-4.local,darwin,0,16.6238,59.85,,,2025-11-17T02:47:33.312421,,1183
Falcon-1024,768,keygen,0,64,0.0,0,0,0,MacBook-Pro-4.local,darwin,0,16.3643,62.8,,,2025-11-17T02:47:33.312431,,1184
Falcon-1024,768,keygen,0,64,0.0,0,0,0,MacBook-Pro-4.local,darwin,0,16.16,63.23,,,2025-11-17T02:47:33.312442,,1185
Falcon-1024,768,keygen,1024,1,0.0,0,0,0,MacBook-Pro-4.local,darwin,0,15.3603,67.18,,,2025-11-17T02:47:33.312456,,1186
Falcon-1024,768,keygen,1024,1,0.0,0,0,0,MacBook-Pro-4.local,darwin,0,15.8505,63.31,,,2025-11-17T02:47:33.312466,,1187
Falcon-1024,768,keygen,1024,1,0.0,0,0,0,MacBook-Pro-4.local,darwin,0,16.2457,58.85,,,2025-11-17T02:47:33.312477,,1188
Falcon-1024,768,keygen,1024,1,0.0,0,0,0,MacBook-Pro-4.local,darwin,0,16.6887,57.15,,,2025-11-17T02:47:33.312487,,1189
Falcon-1024,768,keygen,1024,1,0.0,0,0,0,MacBook-Pro-4.local,darwin,0,15.8879,60.83,,,2025-11-17T02:47:33.312498,,1190
Falcon-1024,768,keygen,1024,16,0.0,0,0,0,MacBook-Pro-4.local,darwin,0,16.3093,58.31,,,2025-11-17T02:47:33.312512,,1191
Falcon-1024,768,keygen,1024,16,0.0,0,0,0,MacBook-Pro-4.local,darwin,0,16.2369,63.65,,,2025-11-17T02:47:33.312523,,1192
Falcon-1024,768,keygen,1024,16,0.0,0,0,0,MacBook-Pro-4.local,darwin,0,16.9141,57.03,,,2025-11-17T02:47:33.312534,,1193
Falcon-1024,768,keygen,1024,16,0.0,0,0,0,MacBook-Pro-4.local,darwin,0,16.3608,62.93,,,2025-11-17T02:47:33.312544,,1194
Falcon-1024,768,keygen,1024,16,0.0,0,0,0,MacBook-Pro-4.local,darwin,0,16.6873,61.71,,,2025-11-17T02:47:33.312555,,1195
Falcon-1024,768,keygen,1024,64,0.0,0,0,0,MacBook-Pro-4.local,darwin,0,18.0546,52.83,,,2025-11-17T02:47:33.312569,,1196
Falcon-1024,768,keygen,1024,64,0.0,0,0,0,MacBook-Pro-4.local,darwin,0,18.8484,54.81,,,2025-11-17T02:47:33.312579,,1197
Falcon-1024,768,keygen,1024,64,0.0,0,0,0,MacBook-Pro-4.local,darwin,0,18.1571,57.13,,,2025-11-17T02:47:33.312590,,1198
Falcon-1024,768,keygen,1024,64,0.0,0,0,0,MacBook-Pro-4.local,darwin,0,19.021,51.24,,,2025-11-17T02:47:33.312601,,1199
Falcon-1024,768,keygen,1024,64,0.0,0,0,0,MacBook-Pro-4.local,darwin,0,18.6822,56.09,,,2025-11-17T02:47:33.312612,,1200
Falcon-1024,768,sign,0,1,0.0,0,0,0,MacBook-Pro-4.local,darwin,0,18.5342,53.93,,,2025-11-17T02:47:33.312626,,1201
Falcon-1024,768,sign,0,1,0.0,0,0,0,MacBook-Pro-4.local,darwin,0,17.0485,57.86,,,2025-11-17T02:47:33.312636,,1202
Falcon-1024,768,sign,0,1,0.0,0,0,0,MacBook-Pro-4.local,darwin,0,17.3143,57.98,,,2025-11-17T02:47:33.312647,,1203
Falcon-1024,768,sign,0,1,0.0,0,0,0,MacBook-Pro-4.local,darwin,0,17.6896,54.99,,,2025-11-17T02:47:33.312657,,1204
Falcon-1024,768,sign,0,1,0.0,0,0,0,MacBook-Pro-4.local,darwin,0,17.6874,56.97,,,2025-11-17T02:47:33.312668,,1205
Falcon-1024,768,sign,0,16,0.0,0,0,0,MacBook-Pro-4.local,darwin,0,18.2321,56.35,,,2025-11-17T02:47:33.312681,,1206
Falcon-1024,768,sign,0,16,0.0,0,0,0,MacBook-Pro-4.local,darwin,0,18.3363,56.2,,,2025-11-17T02:47:33.312692,,1207
Falcon-1024,768,sign,0,16,0.0,0,0,0,MacBook-Pro-4.local,darwin,0,18.0139,54.93,,,2025-11-17T02:47:33.312703,,1208
Falcon-1024,768,sign,0,16,0.0,0,0,0,MacBook-Pro-4.local,darwin,0,18.2913,56.99,,,2025-11-17T02:47:33.312713,,1209
Falcon-1024,768,sign,0,16,0.0,0,0,0,MacBook-Pro-4.local,darwin,0,18.4272,53.2,,,2025-11-17T02:47:33.312724,,1210
Falcon-1024,768,sign,0,64,0.0,0,0,0,MacBook-Pro-4.local,darwin,0,19.752,51.58,,,2025-11-17T02:47:33.312737,,1211
Falcon-1024,768,sign,0,64,0.0,0,0,0,MacBook-Pro-4.local,darwin,0,19.7597,48.71,,,2025-11-17T02:47:33.312747,,1212
Falcon-1024,768,sign,0,64,0.0,0,0,0,MacBook-Pro-4.local,darwin,0,19.5558,53.35,,,2025-11-17T02:47:33.312777,,1213
Falcon-1024,768,sign,0,64,0.0,0,0,0,MacBook-Pro-4.local,darwin,0,20.0483,51.07,,,2025-11-17T02:47:33.312789,,1214
Falcon-1024,768,sign,0,64,0.0,0,0,0,MacBook-Pro-4.local,darwin,0,21.0345,48.6,,,2025-11-17T02:47:33.312800,,1215
Falcon-1024,768,sign,1024,1,0.0,0,0,0,MacBook-Pro-4.local,darwin,0,19.6257,51.96,,,2025-11-17T02:47:33.312814,,1216
Falcon-1024,768,sign,1024,1,0.0,0,0,0,MacBook-Pro-4.local,darwin,0,20.9064,48.17,,,2025-11-17T02:47:33.312825,,1217
Falcon-1024,768,sign,1024,1,0.0,0,0,0,MacBook-Pro-4.local,darwin,0,20.5162,50.87,,,2025-11-17T02:47:33.312836,,1218
Falcon-1024,768,sign,1024,1,0.0,0,0,0,MacBook-Pro-4.local,darwin,0,19.978,50.25,,,2025-11-17T02:47:33.312847,,1219
Falcon-1024,768,sign,1024,1,0.0,0,0,0,MacBook-Pro-4.local,darwin,0,20.8357,49.41,,,2025-11-17T02:47:33.312858,,1220
Falcon-1024,768,sign,1024,16,0.0,0,0,0,MacBook-Pro-4.local,darwin,0,20.6229,46.46,,,2025-11-17T02:47:33.312872,,1221
Falcon-1024,768,sign,1024,16,0.0,0,0,0,MacBook-Pro-4.local,darwin,0,20.505,49.85,,,2025-11-17T02:47:33.312883,,1222
Falcon-1024,768,sign,1024,16,0.0,0,0,0,MacBook-Pro-4.local,darwin,0,20.5319,47.64,,,2025-11-17T02:47:33.312893,,1223
Falcon-1024,768,sign,1024,16,0.0,0,0,0,MacBook-Pro-4.local,darwin,0,21.271,45.46,,,2025-11-17T02:47:33.312904,,1224
Falcon-1024,768,sign,1024,16,0.0,0,0,0,MacBook-Pro-4.local,darwin,0,21.0135,45.21,,,2025-11-17T02:47:33.312915,,1225
Falcon-1024,768,sign,1024,64,0.0,0,0,0,MacBook-Pro-4.local,darwin,0,21.5478,46.61,,,2025-11-17T02:47:33.312929,,1226
Falcon-1024,768,sign,1024,64,0.0,0,0,0,MacBook-Pro-4.local,darwin,0,22.4403,46.59,,,2025-11-17T02:47:33.312939,,1227
Falcon-1024,768,sign,1024,64,0.0,0,0,0,MacBook-Pro-4.local,darwin,0,22.4475,43.43,,,2025-11-17T02:47:33.312950,,1228
Falcon-1024,768,sign,1024,64,0.0,0,0,0,MacBook-Pro-4.local,darwin,0,22.4412,45.12,,,2025-11-17T02:47:33.312960,,1229
Falcon-1024,768,sign,1024,64,0.0,0,0,0,MacBook-Pro-4.local,darwin,0,23.0129,42.6,,,2025-11-17T02:47:33.312971,,1230
Falcon-1024,768,verify,0,1,0.0,0,0,0,MacBook-Pro-4.local,darwin,0,9.9008,98.37,,,2025-11-17T02:47:33.312986,,1231
Falcon-1024,768,verify,0,1,0.0,0,0,0,MacBook-Pro-4.local,darwin,0,10.0218,102.71,,,2025-11-17T02:47:33.312997,,1232
Falcon-1024,768,verify,0,1,0.0,0,0,0,MacBook-Pro-4.local,darwin,0,9.6701,100.16,,,2025-11-17T02:47:33.313007,,1233
Falcon-1024,768,verify,0,1,0.0,0,0,0,MacBook-Pro-4.local,darwin,0,9.4495,104.35,,,2025-11-17T02:47:33.313019,,1234
Falcon-1024,768,verify,0,1,0.0,0,0,0,MacBook-Pro-4.local,darwin,0,9.4253,103.19,,,2025-11-17T02:47:33.313029,,1235
Falcon-1024,768,verify,0,16,0.0,0,0,0,MacBook-Pro-4.local,darwin,0,9.9774,100.67,,,2025-11-17T02:47:33.313044,,1236
Falcon-1024,768,verify,0,16,0.0,0,0,0,MacBook-Pro-4.local,darwin,0,8.9425,114.24,,,2025-11-17T02:47:33.313055,,1237
Falcon-1024,768,verify,0,16,0.0,0,0,0,MacBook-Pro-4.local,darwin,0,9.5518,102.61,,,2025-11-17T02:47:33.313066,,1238
Falcon-1024,768,verify,0,16,0.0,0,0,0,MacBook-Pro-4.local,darwin,0,9.4725,107.77,,,2025-11-17T02:47:33.313077,,1239
Falcon-1024,768,verify,0,16,0.0,0,0,0,MacBook-Pro-4.local,darwin,0,9.3974,111.11,,,2025-11-17T02:47:33.313087,,1240
Falcon-1024,768,verify,0,64,0.0,0,0,0,MacBook-Pro-4.local,darwin,0,11.521,90.63,,,2025-11-17T02:47:33.313101,,1241
Falcon-1024,768,verify,0,64,0.0,0,0,0,MacBook-Pro-4.local,darwin,0,10.819,90.03,,,2025-11-17T02:47:33.313112,,1242
Falcon-1024,768,verify,0,64,0.0,0,0,0,MacBook-Pro-4.local,darwin,0,10.3357,101.38,,,2025-11-17T02:47:33.313123,,1243
Falcon-1024,768,verify,0,64,0.0,0,0,0,MacBook-Pro-4.local,darwin,0,10.5494,93.47,,,2025-11-17T02:47:33.313134,,1244
Falcon-1024,768,verify,0,64,0.0,0,0,0,MacBook-Pro-4.local,darwin,0,10.2181,96.98,,,2025-11-17T02:47:33.313145,,1245
Falcon-1024,768,verify,1024,1,0.0,0,0,0,MacBook-Pro-4.local,darwin,0,10.6256,94.52,,,2025-11-17T02:47:33.313160,,1246
Falcon-1024,768,verify,1024,1,0.0,0,0,0,MacBook-Pro-4.local,darwin,0,11.5076,89.96,,,2025-11-17T02:47:33.313171,,1247
Falcon-1024,768,verify,1024,1,0.0,0,0,0,MacBook-Pro-4.local,darwin,0,10.5974,92.77,,,2025-11-17T02:47:33.313181,,1248
Falcon-1024,768,verify,1024,1,0.0,0,0,0,MacBook-Pro-4.local,darwin,0,10.9999,86.94,,,2025-11-17T02:47:33.313193,,1249
Falcon-1024,768,verify,1024,1,0.0,0,0,0,MacBook-Pro-4.local,darwin,0,11.5659,88.59,,,2025-11-17T02:47:33.313204,,1250
Falcon-1024,768,verify,1024,16,0.0,0,0,0,MacBook-Pro-4.local,darwin,0,10.8597,91.2,,,2025-11-17T02:47:33.313221,,1251
Falcon-1024,768,verify,1024,16,0.0,0,0,0,MacBook-Pro-4.local,darwin,0,11.8954,85.93,,,2025-11-17T02:47:33.313233,,1252
Falcon-1024,768,verify,1024,16,0.0,0,0,0,MacBook-Pro-4.local,darwin,0,10.5942,94.93,,,2025-11-17T02:47:33.313243,,1253
Falcon-1024,768,verify,1024,16,0.0,0,0,0,MacBook-Pro-4.local,darwin,0,10.8481,90.51,,,2025-11-17T02:47:33.313254,,1254
Falcon-1024,768,verify,1024,16,0.0,0,0,0,MacBook-Pro-4.local,darwin,0,10.9776,91.83,,,2025-11-17T02:47:33.313265,,1255
Falcon-1024,768,verify,1024,64,0.0,0,0,0,MacBook-Pro-4.local,darwin,0,12.1584,81.86,,,2025-11-17T02:47:33.313279,,1256
Falcon-1024,768,verify,1024,64,0.0,0,0,0,MacBook-Pro-4.local,darwin,0,11.1295,90.8,,,2025-11-17T02:47:33.313290,,1257
Falcon-1024,768,verify,1024,64,0.0,0,0,0,MacBook-Pro-4.local,darwin,0,12.0021,84.04,,,2025-11-17T02:47:33.313300,,1258
Falcon-1024,768,verify,1024,64,0.0,0,0,0,MacBook-Pro-4.local,darwin,0,12.7836,79.11,,,2025-11-17T02:47:33.313311,,1259
Falcon-1024,768,verify,1024,64,0.0,0,0,0,MacBook-Pro-4.local,darwin,0,12.4376,82.46,,,2025-11-17T02:47:33.313321,,1260
Falcon-1024,1024,keygen,0,1,0.0,0,0,0,MacBook-Pro-4.local,darwin,0,14.9505,67.63,,,2025-11-17T02:47:33.313336,,1261
Falcon-1024,1024,keygen,0,1,0.0,0,0,0,MacBook-Pro-4.local,darwin,0,14.4379,69.68,,,2025-11-17T02:47:33.313347,,1262
Falcon-1024,1024,keygen,0,1,0.0,0,0,0,MacBook-Pro-4.local,darwin,0,15.283,62.62,,,2025-11-17T02:47:33.313358,,1263
Falcon-1024,1024,keygen,0,1,0.0,0,0,0,MacBook-Pro-4.local,darwin,0,15.1334,69.14,,,2025-11-17T02:47:33.313368,,1264
Falcon-1024,1024,keygen,0,1,0.0,0,0,0,MacBook-Pro-4.local,darwin,0,14.1719,69.57,,,2025-11-17T02:47:33.313379,,1265
Falcon-1024,1024,keygen,0,16,0.0,0,0,0,MacBook-Pro-4.local,darwin,0,15.6516,61.85,,,2025-11-17T02:47:33.313393,,1266
Falcon-1024,1024,keygen,0,16,0.0,0,0,0,MacBook-Pro-4.local,darwin,0,15.4464,66.39,,,2025-11-17T02:47:33.313405,,1267
Falcon-1024,1024,keygen,0,16,0.0,0,0,0,MacBook-Pro-4.local,darwin,0,15.04,65.26,,,2025-11-17T02:47:33.313415,,1268
Falcon-1024,1024,keygen,0,16,0.0,0,0,0,MacBook-Pro-4.local,darwin,0,14.25,72.74,,,2025-11-17T02:47:33.313426,,1269
Falcon-1024,1024,keygen,0,16,0.0,0,0,0,MacBook-Pro-4.local,darwin,0,14.5713,65.63,,,2025-11-17T02:47:33.313437,,1270
Falcon-1024,1024,keygen,0,64,0.0,0,0,0,MacBook-Pro-4.local,darwin,0,16.2031,62.72,,,2025-11-17T02:47:33.313450,,1271
Falcon-1024,1024,keygen,0,64,0.0,0,0,0,MacBook-Pro-4.local,darwin,0,15.6269,64.82,,,2025-11-17T02:47:33.313461,,1272
Falcon-1024,1024,keygen,0,64,0.0,0,0,0,MacBook-Pro-4.local,darwin,0,16.8163,57.46,,,2025-11-17T02:47:33.313472,,1273
Falcon-1024,1024,keygen,0,64,0.0,0,0,0,MacBook-Pro-4.local,darwin,0,16.819,56.7,,,2025-11-17T02:47:33.313483,,1274
Falcon-1024,1024,keygen,0,64,0.0,0,0,0,MacBook-Pro-4.local,darwin,0,16.3615,60.81,,,2025-11-17T02:47:33.313493,,1275
Falcon-1024,1024,keygen,1024,1,0.0,0,0,0,MacBook-Pro-4.local,darwin,0,16.3078,61.28,,,2025-11-17T02:47:33.313507,,1276
Falcon-1024,1024,keygen,1024,1,0.0,0,0,0,MacBook-Pro-4.local,darwin,0,16.2329,61.61,,,2025-11-17T02:47:33.313518,,1277
Falcon-1024,1024,keygen,1024,1,0.0,0,0,0,MacBook-Pro-4.local,darwin,0,16.0021,60.56,,,2025-11-17T02:47:33.313530,,1278
Falcon-1024,1024,keygen,1024,1,0.0,0,0,0,MacBook-Pro-4.local,darwin,0,15.8493,66.13,,,2025-11-17T02:47:33.313541,,1279
Falcon-1024,1024,keygen,1024,1,0.0,0,0,0,MacBook-Pro-4.local,darwin,0,15.8311,60.14,,,2025-11-17T02:47:33.313551,,1280
Falcon-1024,1024,keygen,1024,16,0.0,0,0,0,MacBook-Pro-4.local,darwin,0,16.5935,58.64,,,2025-11-17T02:47:33.313565,,1281
Falcon-1024,1024,keygen,1024,16,0.0,0,0,0,MacBook-Pro-4.local,darwin,0,17.2413,57.03,,,2025-11-17T02:47:33.313576,,1282
Falcon-1024,1024,keygen,1024,16,0.0,0,0,0,MacBook-Pro-4.local,darwin,0,16.9589,57.57,,,2025-11-17T02:47:33.313605,,1283
Falcon-1024,1024,keygen,1024,16,0.0,0,0,0,MacBook-Pro-4.local,darwin,0,16.9012,60.56,,,2025-11-17T02:47:33.313617,,1284
Falcon-1024,1024,keygen,1024,16,0.0,0,0,0,MacBook-Pro-4.local,darwin,0,17.8456,54.77,,,2025-11-17T02:47:33.313628,,1285
Falcon-1024,1024,keygen,1024,64,0.0,0,0,0,MacBook-Pro-4.local,darwin,0,17.1657,55.5,,,2025-11-17T02:47:33.313643,,1286
Falcon-1024,1024,keygen,1024,64,0.0,0,0,0,MacBook-Pro-4.local,darwin,0,17.954,56.61,,,2025-11-17T02:47:33.313654,,1287
Falcon-1024,1024,keygen,1024,64,0.0,0,0,0,MacBook-Pro-4.local,darwin,0,18.2767,53.06,,,2025-11-17T02:47:33.313665,,1288
Falcon-1024,1024,keygen,1024,64,0.0,0,0,0,MacBook-Pro-4.local,darwin,0,19.0826,53.75,,,2025-11-17T02:47:33.313676,,1289
Falcon-1024,1024,keygen,1024,64,0.0,0,0,0,MacBook-Pro-4.local,darwin,0,18.0802,56.82,,,2025-11-17T02:47:33.313687,,1290
Falcon-1024,1024,sign,0,1,0.0,0,0,0,MacBook-Pro-4.local,darwin,0,17.5719,57.02,,,2025-11-17T02:47:33.313702,,1291
Falcon-1024,1024,sign,0,1,0.0,0,0,0,MacBook-Pro-4.local,darwin,0,17.7875,54.3,,,2025-11-17T02:47:33.313713,,1292
Falcon-1024,1024,sign,0,1,0.0,0,0,0,MacBook-Pro-4.local,darwin,0,18.0846,57.56,,,2025-11-17T02:47:33.313723,,1293
Falcon-1024,1024,sign,0,1,0.0,0,0,0,MacBook-Pro-4.local,darwin,0,18.0866,55.42,,,2025-11-17T02:47:33.313734,,1294
Falcon-1024,1024,sign,0,1,0.0,0,0,0,MacBook-Pro-4.local,darwin,0,17.5808,59.61,,,2025-11-17T02:47:33.313744,,1295
Falcon-1024,1024,sign,0,16,0.0,0,0,0,MacBook-Pro-4.local,darwin,0,18.6291,51.23,,,2025-11-17T02:47:33.313758,,1296
Falcon-1024,1024,sign,0,16,0.0,0,0,0,MacBook-Pro-4.local,darwin,0,18.2494,56.36,,,2025-11-17T02:47:33.313768,,1297
Falcon-1024,1024,sign,0,16,0.0,0,0,0,MacBook-Pro-4.local,darwin,0,19.0848,50.48,,,2025-11-17T02:47:33.313779,,1298
Falcon-1024,1024,sign,0,16,0.0,0,0,0,MacBook-Pro-4.local,darwin,0,18.3499,55.89,,,2025-11-17T02:47:33.313790,,1299
Falcon-1024,1024,sign,0,16,0.0,0,0,0,MacBook-Pro-4.local,darwin,0,19.1914,50.43,,,2025-11-17T02:47:33.313801,,1300
Falcon-1024,1024,sign,0,64,0.0,0,0,0,MacBook-Pro-4.local,darwin,0,19.8734,47.92,,,2025-11-17T02:47:33.313815,,1301
Falcon-1024,1024,sign,0,64,0.0,0,0,0,MacBook-Pro-4.local,darwin,0,20.083,49.87,,,2025-11-17T02:47:33.313825,,1302
Falcon-1024,1024,sign,0,64,0.0,0,0,0,MacBook-Pro-4.local,darwin,0,20.5118,46.47,,,2025-11-17T02:47:33.313836,,1303
Falcon-1024,1024,sign,0,64,0.0,0,0,0,MacBook-Pro-4.local,darwin,0,20.4037,49.81,,,2025-11-17T02:47:33.313846,,1304
Falcon-1024,1024,sign,0,64,0.0,0,0,0,MacBook-Pro-4.local,darwin,0,21.6686,46.55,,,2025-11-17T02:47:33.313857,,1305
Falcon-1024,1024,sign,1024,1,0.0,0,0,0,MacBook-Pro-4.local,darwin,0,20.333,49.9,,,2025-11-17T02:47:33.313871,,1306
Falcon-1024,1024,sign,1024,1,0.0,0,0,0,MacBook-Pro-4.local,darwin,0,20.2214,48.09,,,2025-11-17T02:47:33.313881,,1307
Falcon-1024,1024,sign,1024,1,0.0,0,0,0,MacBook-Pro-4.local,darwin,0,19.9435,48.01,,,2025-11-17T02:47:33.313893,,1308
Falcon-1024,1024,sign,1024,1,0.0,0,0,0,MacBook-Pro-4.local,darwin,0,20.2907,49.62,,,2025-11-17T02:47:33.313903,,1309
Falcon-1024,1024,sign,1024,1,0.0,0,0,0,MacBook-Pro-4.local,darwin,0,20.6688,46.51,,,2025-11-17T02:47:33.313914,,1310
Falcon-1024,1024,sign,1024,16,0.0,0,0,0,MacBook-Pro-4.local,darwin,0,21.2731,47.64,,,2025-11-17T02:47:33.313928,,1311
Falcon-1024,1024,sign,1024,16,0.0,0,0,0,MacBook-Pro-4.local,darwin,0,21.1866,45.63,,,2025-11-17T02:47:33.313938,,1312
Falcon-1024,1024,sign,1024,16,0.0,0,0,0,MacBook-Pro-4.local,darwin,0,20.8712,46.37,,,2025-11-17T02:47:33.313949,,1313
Falcon-1024,1024,sign,1024,16,0.0,0,0,0,MacBook-Pro-4.local,darwin,0,20.8298,46.32,,,2025-11-17T02:47:33.313959,,1314
Falcon-1024,1024,sign,1024,16,0.0,0,0,0,MacBook-Pro-4.local,darwin,0,21.2901,48.7,,,2025-11-17T02:47:33.313970,,1315
Falcon-1024,1024,sign,1024,64,0.0,0,0,0,MacBook-Pro-4.local,darwin,0,22.826,45.85,,,2025-11-17T02:47:33.313983,,1316
Falcon-1024,1024,sign,1024,64,0.0,0,0,0,MacBook-Pro-4.local,darwin,0,22.2009,43.73,,,2025-11-17T02:47:33.313994,,1317
Falcon-1024,1024,sign,1024,64,0.0,0,0,0,MacBook-Pro-4.local,darwin,0,23.0788,44.34,,,2025-11-17T02:47:33.314004,,1318
Falcon-1024,1024,sign,1024,64,0.0,0,0,0,MacBook-Pro-4.local,darwin,0,22.8186,41.73,,,2025-11-17T02:47:33.314015,,1319
Falcon-1024,1024,sign,1024,64,0.0,0,0,0,MacBook-Pro-4.local,darwin,0,23.0389,44.41,,,2025-11-17T02:47:33.314026,,1320
Falcon-1024,1024,verify,0,1,0.0,0,0,0,MacBook-Pro-4.local,darwin,0,9.2214,108.1,,,2025-11-17T02:47:33.314041,,1321
Falcon-1024,1024,verify,0,1,0.0,0,0,0,MacBook-Pro-4.local,darwin,0,10.1184,95.2,,,2025-11-17T02:47:33.314053,,1322
Falcon-1024,1024,verify,0,1,0.0,0,0,0,MacBook-Pro-4.local,darwin,0,8.8475,116.38,,,2025-11-17T02:47:33.314064,,1323
Falcon-1024,1024,verify,0,1,0.0,0,0,0,MacBook-Pro-4.local,darwin,0,9.1069,113.15,,,2025-11-17T02:47:33.314075,,1324
Falcon-1024,1024,verify,0,1,0.0,0,0,0,MacBook-Pro-4.local,darwin,0,10.1352,95.07,,,2025-11-17T02:47:33.314086,,1325
Falcon-1024,1024,verify,0,16,0.0,0,0,0,MacBook-Pro-4.local,darwin,0,9.9372,97.18,,,2025-11-17T02:47:33.314101,,1326
Falcon-1024,1024,verify,0,16,0.0,0,0,0,MacBook-Pro-4.local,darwin,0,9.9585,96.93,,,2025-11-17T02:47:33.314112,,1327
Falcon-1024,1024,verify,0,16,0.0,0,0,0,MacBook-Pro-4.local,darwin,0,9.9747,98.81,,,2025-11-17T02:47:33.314123,,1328
Falcon-1024,1024,verify,0,16,0.0,0,0,0,MacBook-Pro-4.local,darwin,0,9.1441,108.85,,,2025-11-17T02:47:33.314134,,1329
Falcon-1024,1024,verify,0,16,0.0,0,0,0,MacBook-Pro-4.local,darwin,0,9.7527,106.39,,,2025-11-17T02:47:33.314146,,1330
Falcon-1024,1024,verify,0,64,0.0,0,0,0,MacBook-Pro-4.local,darwin,0,11.3271,90.22,,,2025-11-17T02:47:33.314160,,1331
Falcon-1024,1024,verify,0,64,0.0,0,0,0,MacBook-Pro-4.local,darwin,0,10.6243,93.62,,,2025-11-17T02:47:33.314171,,1332
Falcon-1024,1024,verify,0,64,0.0,0,0,0,MacBook-Pro-4.local,darwin,0,10.8585,95.12,,,2025-11-17T02:47:33.314183,,1333
Falcon-1024,1024,verify,0,64,0.0,0,0,0,MacBook-Pro-4.local,darwin,0,10.5414,92.47,,,2025-11-17T02:47:33.314194,,1334
Falcon-1024,1024,verify,0,64,0.0,0,0,0,MacBook-Pro-4.local,darwin,0,10.2886,96.78,,,2025-11-17T02:47:33.314205,,1335
Falcon-1024,1024,verify,1024,1,0.0,0,0,0,MacBook-Pro-4.local,darwin,0,10.854,92.33,,,2025-11-17T02:47:33.314219,,1336
Falcon-1024,1024,verify,1024,1,0.0,0,0,0,MacBook-Pro-4.local,darwin,0,10.7225,95.99,,,2025-11-17T02:47:33.314230,,1337
Falcon-1024,1024,verify,1024,1,0.0,0,0,0,MacBook-Pro-4.local,darwin,0,10.7363,94.28,,,2025-11-17T02:47:33.314240,,1338
Falcon-1024,1024,verify,1024,1,0.0,0,0,0,MacBook-Pro-4.local,darwin,0,10.6217,90.57,,,2025-11-17T02:47:33.314251,,1339
Falcon-1024,1024,verify,1024,1,0.0,0,0,0,MacBook-Pro-4.local,darwin,0,9.9996,103.46,,,2025-11-17T02:47:33.314262,,1340
Falcon-1024,1024,verify,1024,16,0.0,0,0,0,MacBook-Pro-4.local,darwin,0,11.3957,87.38,,,2025-11-17T02:47:33.314277,,1341
Falcon-1024,1024,verify,1024,16,0.0,0,0,0,MacBook-Pro-4.local,darwin,0,11.3089,84.41,,,2025-11-17T02:47:33.314287,,1342
Falcon-1024,1024,verify,1024,16,0.0,0,0,0,MacBook-Pro-4.local,darwin,0,11.3782,92.19,,,2025-11-17T02:47:33.314298,,1343
Falcon-1024,1024,verify,1024,16,0.0,0,0,0,MacBook-Pro-4.local,darwin,0,10.8612,88.77,,,2025-11-17T02:47:33.314309,,1344
Falcon-1024,1024,verify,1024,16,0.0,0,0,0,MacBook-Pro-4.local,darwin,0,11.201,90.02,,,2025-11-17T02:47:33.314320,,1345
Falcon-1024,1024,verify,1024,64,0.0,0,0,0,MacBook-Pro-4.local,darwin,0,11.9365,85.14,,,2025-11-17T02:47:33.314334,,1346
Falcon-1024,1024,verify,1024,64,0.0,0,0,0,MacBook-Pro-4.local,darwin,0,11.8594,84.48,,,2025-11-17T02:47:33.314345,,1347
Falcon-1024,1024,verify,1024,64,0.0,0,0,0,MacBook-Pro-4.local,darwin,0,12.4043,82.96,,,2025-11-17T02:47:33.314356,,1348
Falcon-1024,1024,verify,1024,64,0.0,0,0,0,MacBook-Pro-4.local,darwin,0,12.4598,77.9,,,2025-11-17T02:47:33.314368,,1349
Falcon-1024,1024,verify,1024,64,0.0,0,0,0,MacBook-Pro-4.local,darwin,0,11.5497,86.19,,,2025-11-17T02:47:33.314379,,1350
ML-DSA-44,512,keygen,0,1,0.0,0,0,0,MacBook-Pro-4.local,darwin,0,13.8317,75.26,,,2025-11-17T02:47:33.314393,,1351
ML-DSA-44,512,keygen,0,1,0.0,0,0,0,MacBook-Pro-4.local,darwin,0,14.4161,68.42,,,2025-11-17T02:47:33.314404,,1352
ML-DSA-44,512,keygen,0,1,0.0,0,0,0,MacBook-Pro-4.local,darwin,0,14.2203,71.28,,,2025-11-17T02:47:33.314436,,1353
ML-DSA-44,512,keygen,0,1,0.0,0,0,0,MacBook-Pro-4.local,darwin,0,14.283,67.23,,,2025-11-17T02:47:33.314449,,1354
ML-DSA-44,512,keygen,0,1,0.0,0,0,0,MacBook-Pro-4.local,darwin,0,14.0817,73.75,,,2025-11-17T02:47:33.314460,,1355
ML-DSA-44,512,keygen,0,16,0.0,0,0,0,MacBook-Pro-4.local,darwin,0,14.9897,63.53,,,2025-11-17T02:47:33.314474,,1356
ML-DSA-44,512,keygen,0,16,0.0,0,0,0,MacBook-Pro-4.local,darwin,0,15.1068,67.93,,,2025-11-17T02:47:33.314485,,1357
ML-DSA-44,512,keygen,0,16,0.0,0,0,0,MacBook-Pro-4.local,darwin,0,14.9262,65.04,,,2025-11-17T02:47:33.314495,,1358
ML-DSA-44,512,keygen,0,16,0.0,0,0,0,MacBook-Pro-4.local,darwin,0,14.3711,70.36,,,2025-11-17T02:47:33.314506,,1359
ML-DSA-44,512,keygen,0,16,0.0,0,0,0,MacBook-Pro-4.local,darwin,0,14.4122,69.13,,,2025-11-17T02:47:33.314516,,1360
ML-DSA-44,512,keygen,0,64,0.0,0,0,0,MacBook-Pro-4.local,darwin,0,16.242,61.95,,,2025-11-17T02:47:33.314530,,1361
ML-DSA-44,512,keygen,0,64,0.0,0,0,0,MacBook-Pro-4.local,darwin,0,16.2644,58.44,,,2025-11-17T02:47:33.314540,,1362
ML-DSA-44,512,keygen,0,64,0.0,0,0,0,MacBook-Pro-4.local,darwin,0,16.355,60.57,,,2025-11-17T02:47:33.314551,,1363
ML-DSA-44,512,keygen,0,64,0.0,0,0,0,MacBook-Pro-4.local,darwin,0,15.7995,62.0,,,2025-11-17T02:47:33.314561,,1364
ML-DSA-44,512,keygen,0,64,0.0,0,0,0,MacBook-Pro-4.local,darwin,0,16.2925,60.99,,,2025-11-17T02:47:33.314572,,1365
ML-DSA-44,512,keygen,1024,1,0.0,0,0,0,MacBook-Pro-4.local,darwin,0,15.681,66.05,,,2025-11-17T02:47:33.314586,,1366
ML-DSA-44,512,keygen,1024,1,0.0,0,0,0,MacBook-Pro-4.local,darwin,0,15.692,61.47,,,2025-11-17T02:47:33.314597,,1367
ML-DSA-44,512,keygen,1024,1,0.0,0,0,0,MacBook-Pro-4.local,darwin,0,16.6562,60.93,,,2025-11-17T02:47:33.314607,,1368
ML-DSA-44,512,keygen,1024,1,0.0,0,0,0,MacBook-Pro-4.local,darwin,0,16.2962,62.85,,,2025-11-17T02:47:33.314619,,1369
ML-DSA-44,512,keygen,1024,1,0.0,0,0,0,MacBook-Pro-4.local,darwin,0,16.6951,61.42,,,2025-11-17T02:47:33.314632,,1370
ML-DSA-44,512,keygen,1024,16,0.0,0,0,0,MacBook-Pro-4.local,darwin,0,16.9931,58.15,,,2025-11-17T02:47:33.314647,,1371
ML-DSA-44,512,keygen,1024,16,0.0,0,0,0,MacBook-Pro-4.local,darwin,0,16.8819,56.62,,,2025-11-17T02:47:33.314659,,1372
ML-DSA-44,512,keygen,1024,16,0.0,0,0,0,MacBook-Pro-4.local,darwin,0,17.5915,55.33,,,2025-11-17T02:47:33.314672,,1373
ML-DSA-44,512,keygen,1024,16,0.0,0,0,0,MacBook-Pro-4.local,darwin,0,17.6776,57.78,,,2025-11-17T02:47:33.314684,,1374
ML-DSA-44,512,keygen,1024,16,0.0,0,0,0,MacBook-Pro-4.local,darwin,0,16.4765,60.77,,,2025-11-17T02:47:33.314695,,1375
ML-DSA-44,512,keygen,1024,64,0.0,0,0,0,MacBook-Pro-4.local,darwin,0,18.4172,51.9,,,2025-11-17T02:47:33.314709,,1376
ML-DSA-44,512,keygen,1024,64,0.0,0,0,0,MacBook-Pro-4.local,darwin,0,18.8816,53.77,,,2025-11-17T02:47:33.314719,,1377
ML-DSA-44,512,keygen,1024,64,0.0,0,0,0,MacBook-Pro-4.local,darwin,0,19.1152,52.92,,,2025-11-17T02:47:33.314730,,1378
ML-DSA-44,512,keygen,1024,64,0.0,0,0,0,MacBook-Pro-4.local,darwin,0,19.0421,53.69,,,2025-11-17T02:47:33.314741,,1379
ML-DSA-44,512,keygen,1024,64,0.0,0,0,0,MacBook-Pro-4.local,darwin,0,17.8431,56.44,,,2025-11-17T02:47:33.314751,,1380
ML-DSA-44,512,sign,0,1,0.0,0,0,0,MacBook-Pro-4.local,darwin,0,17.2201,58.32,,,2025-11-17T02:47:33.314765,,1381
ML-DSA-44,512,sign,0,1,0.0,0,0,0,MacBook-Pro-4.local,darwin,0,18.2971,56.07,,,2025-11-17T02:47:33.314776,,1382
ML-DSA-44,512,sign,0,1,0.0,0,0,0,MacBook-Pro-4.local,darwin,0,18.2223,56.93,,,2025-11-17T02:47:33.314787,,1383
ML-DSA-44,512,sign,0,1,0.0,0,0,0,MacBook-Pro-4.local,darwin,0,18.3664,57.08,,,2025-11-17T02:47:33.314797,,1384
ML-DSA-44,512,sign,0,1,0.0,0,0,0,MacBook-Pro-4.local,darwin,0,18.2093,56.32,,,2025-11-17T02:47:33.314808,,1385
ML-DSA-44,512,sign,0,16,0.0,0,0,0,MacBook-Pro-4.local,darwin,0,17.8327,55.48,,,2025-11-17T02:47:33.314822,,1386
ML-DSA-44,512,sign,0,16,0.0,0,0,0,MacBook-Pro-4.local,darwin,0,18.5607,56.21,,,2025-11-17T02:47:33.314832,,1387
ML-DSA-44,512,sign,0,16,0.0,0,0,0,MacBook-Pro-4.local,darwin,0,19.1396,49.7,,,2025-11-17T02:47:33.314843,,1388
ML-DSA-44,512,sign,0,16,0.0,0,0,0,MacBook-Pro-4.local,darwin,0,18.37,52.13,,,2025-11-17T02:47:33.314853,,1389
ML-DSA-44,512,sign,0,16,0.0,0,0,0,MacBook-Pro-4.local,darwin,0,18.9654,53.73,,,2025-11-17T02:47:33.314863,,1390
ML-DSA-44,512,sign,0,64,0.0,0,0,0,MacBook-Pro-4.local,darwin,0,19.5974,49.47,,,2025-11-17T02:47:33.314877,,1391
ML-DSA-44,512,sign,0,64,0.0,0,0,0,MacBook-Pro-4.local,darwin,0,20.5667,46.53,,,2025-11-17T02:47:33.314888,,1392
ML-DSA-44,512,sign,0,64,0.0,0,0,0,MacBook-Pro-4.local,darwin,0,19.1539,53.53,,,2025-11-17T02:47:33.314898,,1393
ML-DSA-44,512,sign,0,64,0.0,0,0,0,MacBook-Pro-4.local,darwin,0,20.1544,50.06,,,2025-11-17T02:47:33.314908,,1394
ML-DSA-44,512,sign,0,64,0.0,0,0,0,MacBook-Pro-4.local,darwin,0,20.5289,50.84,,,2025-11-17T02:47:33.314919,,1395
ML-DSA-44,512,sign,1024,1,0.0,0,0,0,MacBook-Pro-4.local,darwin,0,19.8205,50.19,,,2025-11-17T02:47:33.314933,,1396
ML-DSA-44,512,sign,1024,1,0.0,0,0,0,MacBook-Pro-4.local,darwin,0,20.8565,46.0,,,2025-11-17T02:47:33.314943,,1397
ML-DSA-44,512,sign,1024,1,0.0,0,0,0,MacBook-Pro-4.local,darwin,0,20.4924,50.4,,,2025-11-17T02:47:33.314954,,1398
ML-DSA-44,512,sign,1024,1,0.0,0,0,0,MacBook-Pro-4.local,darwin,0,20.623,48.41,,,2025-11-17T02:47:33.314964,,1399
ML-DSA-44,512,sign,1024,1,0.0,0,0,0,MacBook-Pro-4.local,darwin,0,20.0936,51.56,,,2025-11-17T02:47:33.314975,,1400
ML-DSA-44,512,sign,1024,16,0.0,0,0,0,MacBook-Pro-4.local,darwin,0,20.7324,48.21,,,2025-11-17T02:47:33.314989,,1401
ML-DSA-44,512,sign,1024,16,0.0,0,0,0,MacBook-Pro-4.local,darwin,0,20.7444,46.52,,,2025-11-17T02:47:33.315000,,1402
ML-DSA-44,512,sign,1024,16,0.0,0,0,0,MacBook-Pro-4.local,darwin,0,21.3295,45.36,,,2025-11-17T02:47:33.315011,,1403
ML-DSA-44,512,sign,1024,16,0.0,0,0,0,MacBook-Pro-4.local,darwin,0,20.6018,47.44,,,2025-11-17T02:47:33.315022,,1404
ML-DSA-44,512,sign,1024,16,0.0,0,0,0,MacBook-Pro-4.local,darwin,0,20.4391,50.4,,,2025-11-17T02:47:33.315033,,1405
ML-DSA-44,512,sign,1024,64,0.0,0,0,0,MacBook-Pro-4.local,darwin,0,22.5242,42.45,,,2025-11-17T02:47:33.315047,,1406
ML-DSA-44,512,sign,1024,64,0.0,0,0,0,MacBook-Pro-4.local,darwin,0,23.7278,42.23,,,2025-11-17T02:47:33.315058,,1407
ML-DSA-44,512,sign,1024,64,0.0,0,0,0,MacBook-Pro-4.local,darwin,0,22.4733,43.49,,,2025-11-17T02:47:33.315069,,1408
ML-DSA-44,512,sign,1024,64,0.0,0,0,0,MacBook-Pro-4.local,darwin,0,23.5713,42.89,,,2025-11-17T02:47:33.315081,,1409
ML-DSA-44,512,sign,1024,64,0.0,0,0,0,MacBook-Pro-4.local,darwin,0,23.7669,42.39,,,2025-11-17T02:47:33.315092,,1410
ML-DSA-44,512,verify,0,1,0.0,0,0,0,MacBook-Pro-4.local,darwin,0,9.6032,108.5,,,2025-11-17T02:47:33.315107,,1411
ML-DSA-44,512,verify,0,1,0.0,0,0,0,MacBook-Pro-4.local,darwin,0,8.7388,119.27,,,2025-11-17T02:47:33.315117,,1412
ML-DSA-44,512,verify,0,1,0.0,0,0,0,MacBook-Pro-4.local,darwin,0,10.362,96.88,,,2025-11-17T02:47:33.315129,,1413
ML-DSA-44,512,verify,0,1,0.0,0,0,0,MacBook-Pro-4.local,darwin,0,9.9858,102.0,,,2025-11-17T02:47:33.315139,,1414
ML-DSA-44,512,verify,0,1,0.0,0,0,0,MacBook-Pro-4.local,darwin,0,8.9413,116.9,,,2025-11-17T02:47:33.315150,,1415
ML-DSA-44,512,verify,0,16,0.0,0,0,0,MacBook-Pro-4.local,darwin,0,9.6,106.63,,,2025-11-17T02:47:33.315163,,1416
ML-DSA-44,512,verify,0,16,0.0,0,0,0,MacBook-Pro-4.local,darwin,0,9.5439,100.09,,,2025-11-17T02:47:33.315174,,1417
ML-DSA-44,512,verify,0,16,0.0,0,0,0,MacBook-Pro-4.local,darwin,0,9.6723,103.13,,,2025-11-17T02:47:33.315186,,1418
ML-DSA-44,512,verify,0,16,0.0,0,0,0,MacBook-Pro-4.local,darwin,0,9.9328,99.56,,,2025-11-17T02:47:33.315196,,1419
ML-DSA-44,512,verify,0,16,0.0,0,0,0,MacBook-Pro-4.local,darwin,0,10.4303,98.83,,,2025-11-17T02:47:33.315207,,1420
ML-DSA-44,512,verify,0,64,0.0,0,0,0,MacBook-Pro-4.local,darwin,0,11.2525,89.13,,,2025-11-17T02:47:33.315220,,1421
ML-DSA-44,512,verify,0,64,0.0,0,0,0,MacBook-Pro-4.local,darwin,0,10.5936,98.68,,,2025-11-17T02:47:33.315231,,1422
ML-DSA-44,512,verify,0,64,0.0,0,0,0,MacBook-Pro-4.local,darwin,0,11.1283,85.86,,,2025-11-17T02:47:33.315241,,1423
ML-DSA-44,512,verify,0,64,0.0,0,0,0,MacBook-Pro-4.local,darwin,0,10.5359,95.01,,,2025-11-17T02:47:33.315252,,1424
ML-DSA-44,512,verify,0,64,0.0,0,0,0,MacBook-Pro-4.local,darwin,0,10.5092,97.86,,,2025-11-17T02:47:33.315287,,1425
ML-DSA-44,512,verify,1024,1,0.0,0,0,0,MacBook-Pro-4.local,darwin,0,10.8693,92.44,,,2025-11-17T02:47:33.315303,,1426
ML-DSA-44,512,verify,1024,1,0.0,0,0,0,MacBook-Pro-4.local,darwin,0,10.4817,99.69,,,2025-11-17T02:47:33.315314,,1427
ML-DSA-44,512,verify,1024,1,0.0,0,0,0,MacBook-Pro-4.local,darwin,0,11.4709,88.15,,,2025-11-17T02:47:33.315325,,1428
ML-DSA-44,512,verify,1024,1,0.0,0,0,0,MacBook-Pro-4.local,darwin,0,10.3395,92.45,,,2025-11-17T02:47:33.315336,,1429
ML-DSA-44,512,verify,1024,1,0.0,0,0,0,MacBook-Pro-4.local,darwin,0,11.4153,86.64,,,2025-11-17T02:47:33.315347,,1430
ML-DSA-44,512,verify,1024,16,0.0,0,0,0,MacBook-Pro-4.local,darwin,0,11.7627,84.85,,,2025-11-17T02:47:33.315361,,1431
ML-DSA-44,512,verify,1024,16,0.0,0,0,0,MacBook-Pro-4.local,darwin,0,10.704,93.4,,,2025-11-17T02:47:33.315372,,1432
ML-DSA-44,512,verify,1024,16,0.0,0,0,0,MacBook-Pro-4.local,darwin,0,10.7538,96.13,,,2025-11-17T02:47:33.315383,,1433
ML-DSA-44,512,verify,1024,16,0.0,0,0,0,MacBook-Pro-4.local,darwin,0,11.4995,88.9,,,2025-11-17T02:47:33.315393,,1434
ML-DSA-44,512,verify,1024,16,0.0,0,0,0,MacBook-Pro-4.local,darwin,0,11.634,89.06,,,2025-11-17T02:47:33.315404,,1435
ML-DSA-44,512,verify,1024,64,0.0,0,0,0,MacBook-Pro-4.local,darwin,0,11.2684,89.56,,,2025-11-17T02:47:33.315417,,1436
ML-DSA-44,512,verify,1024,64,0.0,0,0,0,MacBook-Pro-4.local,darwin,0,12.482,79.67,,,2025-11-17T02:47:33.315430,,1437
ML-DSA-44,512,verify,1024,64,0.0,0,0,0,MacBook-Pro-4.local,darwin,0,12.5221,79.38,,,2025-11-17T02:47:33.315442,,1438
ML-DSA-44,512,verify,1024,64,0.0,0,0,0,MacBook-Pro-4.local,darwin,0,12.2043,83.57,,,2025-11-17T02:47:33.315454,,1439
ML-DSA-44,512,verify,1024,64,0.0,0,0,0,MacBook-Pro-4.local,darwin,0,12.181,83.23,,,2025-11-17T02:47:33.315465,,1440
ML-DSA-44,768,keygen,0,1,0.0,0,0,0,MacBook-Pro-4.local,darwin,0,13.986,73.32,,,2025-11-17T02:47:33.315482,,1441
ML-DSA-44,768,keygen,0,1,0.0,0,0,0,MacBook-Pro-4.local,darwin,0,14.8679,67.46,,,2025-11-17T02:47:33.315518,,1442
ML-DSA-44,768,keygen,0,1,0.0,0,0,0,MacBook-Pro-4.local,darwin,0,13.8228,73.55,,,2025-11-17T02:47:33.315529,,1443
ML-DSA-44,768,keygen,0,1,0.0,0,0,0,MacBook-Pro-4.local,darwin,0,13.3576,72.41,,,2025-11-17T02:47:33.315540,,1444
ML-DSA-44,768,keygen,0,1,0.0,0,0,0,MacBook-Pro-4.local,darwin,0,15.0489,66.44,,,2025-11-17T02:47:33.315550,,1445
ML-DSA-44,768,keygen,0,16,0.0,0,0,0,MacBook-Pro-4.local,darwin,0,13.9946,67.89,,,2025-11-17T02:47:33.315564,,1446
ML-DSA-44,768,keygen,0,16,0.0,0,0,0,MacBook-Pro-4.local,darwin,0,14.4302,69.71,,,2025-11-17T02:47:33.315574,,1447
ML-DSA-44,768,keygen,0,16,0.0,0,0,0,MacBook-Pro-4.local,darwin,0,14.2612,69.42,,,2025-11-17T02:47:33.315585,,1448
ML-DSA-44,768,keygen,0,16,0.0,0,0,0,MacBook-Pro-4.local,darwin,0,15.4626,63.83,,,2025-11-17T02:47:33.315595,,1449
ML-DSA-44,768,keygen,0,16,0.0,0,0,0,MacBook-Pro-4.local,darwin,0,14.1799,70.84,,,2025-11-17T02:47:33.315606,,1450
ML-DSA-44,768,keygen,0,64,0.0,0,0,0,MacBook-Pro-4.local,darwin,0,16.2101,59.51,,,2025-11-17T02:47:33.315620,,1451
ML-DSA-44,768,keygen,0,64,0.0,0,0,0,MacBook-Pro-4.local,darwin,0,15.9825,63.6,,,2025-11-17T02:47:33.315630,,1452
ML-DSA-44,768,keygen,0,64,0.0,0,0,0,MacBook-Pro-4.local,darwin,0,15.7643,66.29,,,2025-11-17T02:47:33.315641,,1453
ML-DSA-44,768,keygen,0,64,0.0,0,0,0,MacBook-Pro-4.local,darwin,0,16.2459,60.38,,,2025-11-17T02:47:33.315651,,1454
ML-DSA-44,768,keygen,0,64,0.0,0,0,0,MacBook-Pro-4.local,darwin,0,16.6898,61.66,,,2025-11-17T02:47:33.315662,,1455
ML-DSA-44,768,keygen,1024,1,0.0,0,0,0,MacBook-Pro-4.local,darwin,0,16.9771,58.64,,,2025-11-17T02:47:33.315676,,1456
ML-DSA-44,768,keygen,1024,1,0.0,0,0,0,MacBook-Pro-4.local,darwin,0,16.0523,60.48,,,2025-11-17T02:47:33.315687,,1457
ML-DSA-44,768,keygen,1024,1,0.0,0,0,0,MacBook-Pro-4.local,darwin,0,16.3142,61.94,,,2025-11-17T02:47:33.315697,,1458
ML-DSA-44,768,keygen,1024,1,0.0,0,0,0,MacBook-Pro-4.local,darwin,0,16.2745,62.35,,,2025-11-17T02:47:33.315708,,1459
ML-DSA-44,768,keygen,1024,1,0.0,0,0,0,MacBook-Pro-4.local,darwin,0,16.9818,59.56,,,2025-11-17T02:47:33.315718,,1460
ML-DSA-44,768,keygen,1024,16,0.0,0,0,0,MacBook-Pro-4.local,darwin,0,16.3089,60.63,,,2025-11-17T02:47:33.315732,,1461
ML-DSA-44,768,keygen,1024,16,0.0,0,0,0,MacBook-Pro-4.local,darwin,0,17.0746,59.38,,,2025-11-17T02:47:33.315743,,1462
ML-DSA-44,768,keygen,1024,16,0.0,0,0,0,MacBook-Pro-4.local,darwin,0,16.7552,60.08,,,2025-11-17T02:47:33.315753,,1463
ML-DSA-44,768,keygen,1024,16,0.0,0,0,0,MacBook-Pro-4.local,darwin,0,16.1509,63.14,,,2025-11-17T02:47:33.315764,,1464
ML-DSA-44,768,keygen,1024,16,0.0,0,0,0,MacBook-Pro-4.local,darwin,0,15.999,65.18,,,2025-11-17T02:47:33.315774,,1465
ML-DSA-44,768,keygen,1024,64,0.0,0,0,0,MacBook-Pro-4.local,darwin,0,18.6756,53.61,,,2025-11-17T02:47:33.315788,,1466
ML-DSA-44,768,keygen,1024,64,0.0,0,0,0,MacBook-Pro-4.local,darwin,0,18.3743,55.91,,,2025-11-17T02:47:33.315799,,1467
ML-DSA-44,768,keygen,1024,64,0.0,0,0,0,MacBook-Pro-4.local,darwin,0,18.3942,54.33,,,2025-11-17T02:47:33.315809,,1468
ML-DSA-44,768,keygen,1024,64,0.0,0,0,0,MacBook-Pro-4.local,darwin,0,18.0026,55.31,,,2025-11-17T02:47:33.315819,,1469
ML-DSA-44,768,keygen,1024,64,0.0,0,0,0,MacBook-Pro-4.local,darwin,0,18.5232,54.65,,,2025-11-17T02:47:33.315830,,1470
ML-DSA-44,768,sign,0,1,0.0,0,0,0,MacBook-Pro-4.local,darwin,0,17.5966,55.34,,,2025-11-17T02:47:33.315844,,1471
ML-DSA-44,768,sign,0,1,0.0,0,0,0,MacBook-Pro-4.local,darwin,0,18.0009,57.42,,,2025-11-17T02:47:33.315854,,1472
ML-DSA-44,768,sign,0,1,0.0,0,0,0,MacBook-Pro-4.local,darwin,0,18.0563,57.64,,,2025-11-17T02:47:33.315865,,1473
ML-DSA-44,768,sign,0,1,0.0,0,0,0,MacBook-Pro-4.local,darwin,0,17.8416,58.5,,,2025-11-17T02:47:33.315876,,1474
ML-DSA-44,768,sign,0,1,0.0,0,0,0,MacBook-Pro-4.local,darwin,0,17.7885,55.2,,,2025-11-17T02:47:33.315886,,1475
ML-DSA-44,768,sign,0,16,0.0,0,0,0,MacBook-Pro-4.local,darwin,0,18.4979,53.78,,,2025-11-17T02:47:33.315900,,1476
ML-DSA-44,768,sign,0,16,0.0,0,0,0,MacBook-Pro-4.local,darwin,0,18.9594,51.62,,,2025-11-17T02:47:33.315910,,1477
ML-DSA-44,768,sign,0,16,0.0,0,0,0,MacBook-Pro-4.local,darwin,0,18.427,54.08,,,2025-11-17T02:47:33.315921,,1478
ML-DSA-44,768,sign,0,16,0.0,0,0,0,MacBook-Pro-4.local,darwin,0,19.0579,54.31,,,2025-11-17T02:47:33.315932,,1479
ML-DSA-44,768,sign,0,16,0.0,0,0,0,MacBook-Pro-4.local,darwin,0,19.335,51.1,,,2025-11-17T02:47:33.315942,,1480
ML-DSA-44,768,sign,0,64,0.0,0,0,0,MacBook-Pro-4.local,darwin,0,19.6595,48.64,,,2025-11-17T02:47:33.315956,,1481
ML-DSA-44,768,sign,0,64,0.0,0,0,0,MacBook-Pro-4.local,darwin,0,20.7632,49.43,,,2025-11-17T02:47:33.315966,,1482
ML-DSA-44,768,sign,0,64,0.0,0,0,0,MacBook-Pro-4.local,darwin,0,20.1199,50.77,,,2025-11-17T02:47:33.315977,,1483
ML-DSA-44,768,sign,0,64,0.0,0,0,0,MacBook-Pro-4.local,darwin,0,20.4562,49.66,,,2025-11-17T02:47:33.315987,,1484
ML-DSA-44,768,sign,0,64,0.0,0,0,0,MacBook-Pro-4.local,darwin,0,20.6519,50.68,,,2025-11-17T02:47:33.315997,,1485
ML-DSA-44,768,sign,1024,1,0.0,0,0,0,MacBook-Pro-4.local,darwin,0,20.3144,49.12,,,2025-11-17T02:47:33.316011,,1486
ML-DSA-44,768,sign,1024,1,0.0,0,0,0,MacBook-Pro-4.local,darwin,0,20.651,48.23,,,2025-11-17T02:47:33.316022,,1487
ML-DSA-44,768,sign,1024,1,0.0,0,0,0,MacBook-Pro-4.local,darwin,0,19.3493,49.49,,,2025-11-17T02:47:33.316032,,1488
ML-DSA-44,768,sign,1024,1,0.0,0,0,0,MacBook-Pro-4.local,darwin,0,20.3565,49.29,,,2025-11-17T02:47:33.316043,,1489
ML-DSA-44,768,sign,1024,1,0.0,0,0,0,MacBook-Pro-4.local,darwin,0,19.5353,52.59,,,2025-11-17T02:47:33.316054,,1490
ML-DSA-44,768,sign,1024,16,0.0,0,0,0,MacBook-Pro-4.local,darwin,0,21.0998,46.54,,,2025-11-17T02:47:33.316068,,1491
ML-DSA-44,768,sign,1024,16,0.0,0,0,0,MacBook-Pro-4.local,darwin,0,22.0884,43.74,,,2025-11-17T02:47:33.316079,,1492
ML-DSA-44,768,sign,1024,16,0.0,0,0,0,MacBook-Pro-4.local,darwin,0,20.7711,49.39,,,2025-11-17T02:47:33.316089,,1493
ML-DSA-44,768,sign,1024,16,0.0,0,0,0,MacBook-Pro-4.local,darwin,0,20.9828,45.67,,,2025-11-17T02:47:33.316100,,1494
ML-DSA-44,768,sign,1024,16,0.0,0,0,0,MacBook-Pro-4.local,darwin,0,20.9614,47.16,,,2025-11-17T02:47:33.316110,,1495
ML-DSA-44,768,sign,1024,64,0.0,0,0,0,MacBook-Pro-4.local,darwin,0,21.9282,45.39,,,2025-11-17T02:47:33.316145,,1496
ML-DSA-44,768,sign,1024,64,0.0,0,0,0,MacBook-Pro-4.local,darwin,0,22.5927,45.92,,,2025-11-17T02:47:33.316158,,1497
ML-DSA-44,768,sign,1024,64,0.0,0,0,0,MacBook-Pro-4.local,darwin,0,23.0181,43.34,,,2025-11-17T02:47:33.316168,,1498
ML-DSA-44,768,sign,1024,64,0.0,0,0,0,MacBook-Pro-4.local,darwin,0,22.249,45.87,,,2025-11-17T02:47:33.316178,,1499
ML-DSA-44,768,sign,1024,64,0.0,0,0,0,MacBook-Pro-4.local,darwin,0,22.7077,44.99,,,2025-11-17T02:47:33.316189,,1500
ML-DSA-44,768,verify,0,1,0.0,0,0,0,MacBook-Pro-4.local,darwin,0,9.3231,105.39,,,2025-11-17T02:47:33.316203,,1501
ML-DSA-44,768,verify,0,1,0.0,0,0,0,MacBook-Pro-4.local,darwin,0,10.1018,97.08,,,2025-11-17T02:47:33.316214,,1502
ML-DSA-44,768,verify,0,1,0.0,0,0,0,MacBook-Pro-4.local,darwin,0,10.0814,99.24,,,2025-11-17T02:47:33.316224,,1503
ML-DSA-44,768,verify,0,1,0.0,0,0,0,MacBook-Pro-4.local,darwin,0,8.4353,114.21,,,2025-11-17T02:47:33.316235,,1504
ML-DSA-44,768,verify,0,1,0.0,0,0,0,MacBook-Pro-4.local,darwin,0,9.7964,105.49,,,2025-11-17T02:47:33.316246,,1505
ML-DSA-44,768,verify,0,16,0.0,0,0,0,MacBook-Pro-4.local,darwin,0,9.8849,98.64,,,2025-11-17T02:47:33.316260,,1506
ML-DSA-44,768,verify,0,16,0.0,0,0,0,MacBook-Pro-4.local,darwin,0,9.6127,101.72,,,2025-11-17T02:47:33.316271,,1507
ML-DSA-44,768,verify,0,16,0.0,0,0,0,MacBook-Pro-4.local,darwin,0,10.0809,102.58,,,2025-11-17T02:47:33.316281,,1508
ML-DSA-44,768,verify,0,16,0.0,0,0,0,MacBook-Pro-4.local,darwin,0,9.5269,103.13,,,2025-11-17T02:47:33.316292,,1509
ML-DSA-44,768,verify,0,16,0.0,0,0,0,MacBook-Pro-4.local,darwin,0,10.3148,97.41,,,2025-11-17T02:47:33.316302,,1510
ML-DSA-44,768,verify,0,64,0.0,0,0,0,MacBook-Pro-4.local,darwin,0,10.9861,91.28,,,2025-11-17T02:47:33.316316,,1511
ML-DSA-44,768,verify,0,64,0.0,0,0,0,MacBook-Pro-4.local,darwin,0,10.4529,93.65,,,2025-11-17T02:47:33.316327,,1512
ML-DSA-44,768,verify,0,64,0.0,0,0,0,MacBook-Pro-4.local,darwin,0,10.8894,91.19,,,2025-11-17T02:47:33.316338,,1513
ML-DSA-44,768,verify,0,64,0.0,0,0,0,MacBook-Pro-4.local,darwin,0,10.8913,89.9,,,2025-11-17T02:47:33.316348,,1514
ML-DSA-44,768,verify,0,64,0.0,0,0,0,MacBook-Pro-4.local,darwin,0,11.2499,85.27,,,2025-11-17T02:47:33.316358,,1515
ML-DSA-44,768,verify,1024,1,0.0,0,0,0,MacBook-Pro-4.local,darwin,0,10.865,87.91,,,2025-11-17T02:47:33.316373,,1516
ML-DSA-44,768,verify,1024,1,0.0,0,0,0,MacBook-Pro-4.local,darwin,0,10.6395,94.08,,,2025-11-17T02:47:33.316384,,1517
ML-DSA-44,768,verify,1024,1,0.0,0,0,0,MacBook-Pro-4.local,darwin,0,11.1935,90.25,,,2025-11-17T02:47:33.316394,,1518
ML-DSA-44,768,verify,1024,1,0.0,0,0,0,MacBook-Pro-4.local,darwin,0,10.9556,91.55,,,2025-11-17T02:47:33.316405,,1519
ML-DSA-44,768,verify,1024,1,0.0,0,0,0,MacBook-Pro-4.local,darwin,0,11.1726,89.76,,,2025-11-17T02:47:33.316417,,1520
ML-DSA-44,768,verify,1024,16,0.0,0,0,0,MacBook-Pro-4.local,darwin,0,11.4948,83.34,,,2025-11-17T02:47:33.316430,,1521
ML-DSA-44,768,verify,1024,16,0.0,0,0,0,MacBook-Pro-4.local,darwin,0,11.3445,83.84,,,2025-11-17T02:47:33.316441,,1522
ML-DSA-44,768,verify,1024,16,0.0,0,0,0,MacBook-Pro-4.local,darwin,0,10.9047,94.5,,,2025-11-17T02:47:33.316451,,1523
ML-DSA-44,768,verify,1024,16,0.0,0,0,0,MacBook-Pro-4.local,darwin,0,11.1633,89.98,,,2025-11-17T02:47:33.316462,,1524
ML-DSA-44,768,verify,1024,16,0.0,0,0,0,MacBook-Pro-4.local,darwin,0,11.8314,86.41,,,2025-11-17T02:47:33.316473,,1525
ML-DSA-44,768,verify,1024,64,0.0,0,0,0,MacBook-Pro-4.local,darwin,0,11.1891,86.64,,,2025-11-17T02:47:33.316487,,1526
ML-DSA-44,768,verify,1024,64,0.0,0,0,0,MacBook-Pro-4.local,darwin,0,12.8149,81.81,,,2025-11-17T02:47:33.316497,,1527
ML-DSA-44,768,verify,1024,64,0.0,0,0,0,MacBook-Pro-4.local,darwin,0,11.9836,79.72,,,2025-11-17T02:47:33.316508,,1528
ML-DSA-44,768,verify,1024,64,0.0,0,0,0,MacBook-Pro-4.local,darwin,0,11.6055,86.93,,,2025-11-17T02:47:33.316519,,1529
ML-DSA-44,768,verify,1024,64,0.0,0,0,0,MacBook-Pro-4.local,darwin,0,11.9253,84.19,,,2025-11-17T02:47:33.316529,,1530
ML-DSA-44,1024,keygen,0,1,0.0,0,0,0,MacBook-Pro-4.local,darwin,0,15.9555,65.68,,,2025-11-17T02:47:33.316544,,1531
ML-DSA-44,1024,keygen,0,1,0.0,0,0,0,MacBook-Pro-4.local,darwin,0,14.5714,70.5,,,2025-11-17T02:47:33.316555,,1532
ML-DSA-44,1024,keygen,0,1,0.0,0,0,0,MacBook-Pro-4.local,darwin,0,15.6403,65.03,,,2025-11-17T02:47:33.316565,,1533
ML-DSA-44,1024,keygen,0,1,0.0,0,0,0,MacBook-Pro-4.local,darwin,0,14.1987,67.99,,,2025-11-17T02:47:33.316576,,1534
ML-DSA-44,1024,keygen,0,1,0.0,0,0,0,MacBook-Pro-4.local,darwin,0,14.6314,66.62,,,2025-11-17T02:47:33.316586,,1535
ML-DSA-44,1024,keygen,0,16,0.0,0,0,0,MacBook-Pro-4.local,darwin,0,14.3021,72.05,,,2025-11-17T02:47:33.316600,,1536
ML-DSA-44,1024,keygen,0,16,0.0,0,0,0,MacBook-Pro-4.local,darwin,0,14.9801,68.81,,,2025-11-17T02:47:33.316610,,1537
ML-DSA-44,1024,keygen,0,16,0.0,0,0,0,MacBook-Pro-4.local,darwin,0,14.7556,70.7,,,2025-11-17T02:47:33.316621,,1538
ML-DSA-44,1024,keygen,0,16,0.0,0,0,0,MacBook-Pro-4.local,darwin,0,14.6009,68.56,,,2025-11-17T02:47:33.316632,,1539
ML-DSA-44,1024,keygen,0,16,0.0,0,0,0,MacBook-Pro-4.local,darwin,0,14.2594,69.88,,,2025-11-17T02:47:33.316643,,1540
ML-DSA-44,1024,keygen,0,64,0.0,0,0,0,MacBook-Pro-4.local,darwin,0,15.975,65.18,,,2025-11-17T02:47:33.316658,,1541
ML-DSA-44,1024,keygen,0,64,0.0,0,0,0,MacBook-Pro-4.local,darwin,0,15.8471,64.67,,,2025-11-17T02:47:33.316669,,1542
ML-DSA-44,1024,keygen,0,64,0.0,0,0,0,MacBook-Pro-4.local,darwin,0,16.2066,63.79,,,2025-11-17T02:47:33.316679,,1543
ML-DSA-44,1024,keygen,0,64,0.0,0,0,0,MacBook-Pro-4.local,darwin,0,16.2162,59.56,,,2025-11-17T02:47:33.316690,,1544
ML-DSA-44,1024,keygen,0,64,0.0,0,0,0,MacBook-Pro-4.local,darwin,0,15.8606,63.65,,,2025-11-17T02:47:33.316701,,1545
ML-DSA-44,1024,keygen,1024,1,0.0,0,0,0,MacBook-Pro-4.local,darwin,0,15.7952,61.01,,,2025-11-17T02:47:33.316715,,1546
ML-DSA-44,1024,keygen,1024,1,0.0,0,0,0,MacBook-Pro-4.local,darwin,0,15.7437,64.43,,,2025-11-17T02:47:33.316725,,1547
ML-DSA-44,1024,keygen,1024,1,0.0,0,0,0,MacBook-Pro-4.local,darwin,0,15.7018,60.61,,,2025-11-17T02:47:33.316736,,1548
ML-DSA-44,1024,keygen,1024,1,0.0,0,0,0,MacBook-Pro-4.local,darwin,0,15.6862,66.03,,,2025-11-17T02:47:33.316747,,1549
ML-DSA-44,1024,keygen,1024,1,0.0,0,0,0,MacBook-Pro-4.local,darwin,0,16.8624,56.48,,,2025-11-17T02:47:33.316757,,1550
ML-DSA-44,1024,keygen,1024,16,0.0,0,0,0,MacBook-Pro-4.local,darwin,0,16.9344,60.03,,,2025-11-17T02:47:33.316771,,1551
ML-DSA-44,1024,keygen,1024,16,0.0,0,0,0,MacBook-Pro-4.local,darwin,0,17.1645,56.31,,,2025-11-17T02:47:33.316782,,1552
ML-DSA-44,1024,keygen,1024,16,0.0,0,0,0,MacBook-Pro-4.local,darwin,0,16.2023,62.94,,,2025-11-17T02:47:33.316793,,1553
ML-DSA-44,1024,keygen,1024,16,0.0,0,0,0,MacBook-Pro-4.local,darwin,0,17.2345,59.35,,,2025-11-17T02:47:33.316803,,1554
ML-DSA-44,1024,keygen,1024,16,0.0,0,0,0,MacBook-Pro-4.local,darwin,0,16.4786,60.71,,,2025-11-17T02:47:33.316815,,1555
ML-DSA-44,1024,keygen,1024,64,0.0,0,0,0,MacBook-Pro-4.local,darwin,0,17.4364,58.35,,,2025-11-17T02:47:33.316828,,1556
ML-DSA-44,1024,keygen,1024,64,0.0,0,0,0,MacBook-Pro-4.local,darwin,0,19.4463,52.38,,,2025-11-17T02:47:33.316839,,1557
ML-DSA-44,1024,keygen,1024,64,0.0,0,0,0,MacBook-Pro-4.local,darwin,0,18.2457,53.17,,,2025-11-17T02:47:33.316849,,1558
ML-DSA-44,1024,keygen,1024,64,0.0,0,0,0,MacBook-Pro-4.local,darwin,0,18.2118,56.96,,,2025-11-17T02:47:33.316860,,1559
ML-DSA-44,1024,keygen,1024,64,0.0,0,0,0,MacBook-Pro-4.local,darwin,0,18.4688,51.85,,,2025-11-17T02:47:33.316870,,1560
ML-DSA-44,1024,sign,0,1,0.0,0,0,0,MacBook-Pro-4.local,darwin,0,18.1844,54.32,,,2025-11-17T02:47:33.316885,,1561
ML-DSA-44,1024,sign,0,1,0.0,0,0,0,MacBook-Pro-4.local,darwin,0,17.9997,53.2,,,2025-11-17T02:47:33.316896,,1562
ML-DSA-44,1024,sign,0,1,0.0,0,0,0,MacBook-Pro-4.local,darwin,0,18.1262,56.69,,,2025-11-17T02:47:33.316908,,1563
ML-DSA-44,1024,sign,0,1,0.0,0,0,0,MacBook-Pro-4.local,darwin,0,18.7005,51.94,,,2025-11-17T02:47:33.316918,,1564
ML-DSA-44,1024,sign,0,1,0.0,0,0,0,MacBook-Pro-4.local,darwin,0,18.4142,54.45,,,2025-11-17T02:47:33.316929,,1565
ML-DSA-44,1024,sign,0,16,0.0,0,0,0,MacBook-Pro-4.local,darwin,0,18.4503,53.25,,,2025-11-17T02:47:33.316943,,1566
ML-DSA-44,1024,sign,0,16,0.0,0,0,0,MacBook-Pro-4.local,darwin,0,19.8296,50.18,,,2025-11-17T02:47:33.316976,,1567
ML-DSA-44,1024,sign,0,16,0.0,0,0,0,MacBook-Pro-4.local,darwin,0,18.8089,51.17,,,2025-11-17T02:47:33.316987,,1568
ML-DSA-44,1024,sign,0,16,0.0,0,0,0,MacBook-Pro-4.local,darwin,0,18.8319,52.17,,,2025-11-17T02:47:33.316998,,1569
ML-DSA-44,1024,sign,0,16,0.0,0,0,0,MacBook-Pro-4.local,darwin,0,17.899,56.06,,,2025-11-17T02:47:33.317009,,1570
ML-DSA-44,1024,sign,0,64,0.0,0,0,0,MacBook-Pro-4.local,darwin,0,21.2228,45.56,,,2025-11-17T02:47:33.317023,,1571
ML-DSA-44,1024,sign,0,64,0.0,0,0,0,MacBook-Pro-4.local,darwin,0,20.8323,49.39,,,2025-11-17T02:47:33.317033,,1572
ML-DSA-44,1024,sign,0,64,0.0,0,0,0,MacBook-Pro-4.local,darwin,0,19.9105,50.52,,,2025-11-17T02:47:33.317044,,1573
ML-DSA-44,1024,sign,0,64,0.0,0,0,0,MacBook-Pro-4.local,darwin,0,19.8351,48.44,,,2025-11-17T02:47:33.317055,,1574
ML-DSA-44,1024,sign,0,64,0.0,0,0,0,MacBook-Pro-4.local,darwin,0,20.3724,48.36,,,2025-11-17T02:47:33.317065,,1575
ML-DSA-44,1024,sign,1024,1,0.0,0,0,0,MacBook-Pro-4.local,darwin,0,20.4043,50.96,,,2025-11-17T02:47:33.317080,,1576
ML-DSA-44,1024,sign,1024,1,0.0,0,0,0,MacBook-Pro-4.local,darwin,0,20.5652,49.56,,,2025-11-17T02:47:33.317090,,1577
ML-DSA-44,1024,sign,1024,1,0.0,0,0,0,MacBook-Pro-4.local,darwin,0,19.9114,48.38,,,2025-11-17T02:47:33.317101,,1578
ML-DSA-44,1024,sign,1024,1,0.0,0,0,0,MacBook-Pro-4.local,darwin,0,19.5489,50.95,,,2025-11-17T02:47:33.317112,,1579
ML-DSA-44,1024,sign,1024,1,0.0,0,0,0,MacBook-Pro-4.local,darwin,0,20.1237,47.24,,,2025-11-17T02:47:33.317124,,1580
ML-DSA-44,1024,sign,1024,16,0.0,0,0,0,MacBook-Pro-4.local,darwin,0,21.057,45.56,,,2025-11-17T02:47:33.317138,,1581
ML-DSA-44,1024,sign,1024,16,0.0,0,0,0,MacBook-Pro-4.local,darwin,0,20.8568,49.21,,,2025-11-17T02:47:33.317149,,1582
ML-DSA-44,1024,sign,1024,16,0.0,0,0,0,MacBook-Pro-4.local,darwin,0,21.0086,46.73,,,2025-11-17T02:47:33.317160,,1583
ML-DSA-44,1024,sign,1024,16,0.0,0,0,0,MacBook-Pro-4.local,darwin,0,20.9076,46.14,,,2025-11-17T02:47:33.317171,,1584
ML-DSA-44,1024,sign,1024,16,0.0,0,0,0,MacBook-Pro-4.local,darwin,0,21.1987,48.46,,,2025-11-17T02:47:33.317182,,1585
ML-DSA-44,1024,sign,1024,64,0.0,0,0,0,MacBook-Pro-4.local,darwin,0,22.2063,42.81,,,2025-11-17T02:47:33.317196,,1586
ML-DSA-44,1024,sign,1024,64,0.0,0,0,0,MacBook-Pro-4.local,darwin,0,23.0825,42.14,,,2025-11-17T02:47:33.317207,,1587
ML-DSA-44,1024,sign,1024,64,0.0,0,0,0,MacBook-Pro-4.local,darwin,0,22.956,41.62,,,2025-11-17T02:47:33.317217,,1588
ML-DSA-44,1024,sign,1024,64,0.0,0,0,0,MacBook-Pro-4.local,darwin,0,22.2873,43.07,,,2025-11-17T02:47:33.317228,,1589
ML-DSA-44,1024,sign,1024,64,0.0,0,0,0,MacBook-Pro-4.local,darwin,0,22.5442,44.17,,,2025-11-17T02:47:33.317238,,1590
ML-DSA-44,1024,verify,0,1,0.0,0,0,0,MacBook-Pro-4.local,darwin,0,8.9817,114.33,,,2025-11-17T02:47:33.317252,,1591
ML-DSA-44,1024,verify,0,1,0.0,0,0,0,MacBook-Pro-4.local,darwin,0,9.4441,104.8,,,2025-11-17T02:47:33.317263,,1592
ML-DSA-44,1024,verify,0,1,0.0,0,0,0,MacBook-Pro-4.local,darwin,0,9.9406,101.17,,,2025-11-17T02:47:33.317274,,1593
ML-DSA-44,1024,verify,0,1,0.0,0,0,0,MacBook-Pro-4.local,darwin,0,9.6769,104.86,,,2025-11-17T02:47:33.317284,,1594
ML-DSA-44,1024,verify,0,1,0.0,0,0,0,MacBook-Pro-4.local,darwin,0,10.9005,87.71,,,2025-11-17T02:47:33.317295,,1595
ML-DSA-44,1024,verify,0,16,0.0,0,0,0,MacBook-Pro-4.local,darwin,0,9.764,104.84,,,2025-11-17T02:47:33.317309,,1596
ML-DSA-44,1024,verify,0,16,0.0,0,0,0,MacBook-Pro-4.local,darwin,0,9.4549,110.1,,,2025-11-17T02:47:33.317320,,1597
ML-DSA-44,1024,verify,0,16,0.0,0,0,0,MacBook-Pro-4.local,darwin,0,11.118,90.97,,,2025-11-17T02:47:33.317330,,1598
ML-DSA-44,1024,verify,0,16,0.0,0,0,0,MacBook-Pro-4.local,darwin,0,9.3125,102.64,,,2025-11-17T02:47:33.317341,,1599
ML-DSA-44,1024,verify,0,16,0.0,0,0,0,MacBook-Pro-4.local,darwin,0,9.9419,95.69,,,2025-11-17T02:47:33.317352,,1600
ML-DSA-44,1024,verify,0,64,0.0,0,0,0,MacBook-Pro-4.local,darwin,0,10.6692,91.3,,,2025-11-17T02:47:33.317366,,1601
ML-DSA-44,1024,verify,0,64,0.0,0,0,0,MacBook-Pro-4.local,darwin,0,10.7847,92.25,,,2025-11-17T02:47:33.317376,,1602
ML-DSA-44,1024,verify,0,64,0.0,0,0,0,MacBook-Pro-4.local,darwin,0,10.9786,90.23,,,2025-11-17T02:47:33.317387,,1603
ML-DSA-44,1024,verify,0,64,0.0,0,0,0,MacBook-Pro-4.local,darwin,0,10.0293,98.71,,,2025-11-17T02:47:33.317397,,1604
ML-DSA-44,1024,verify,0,64,0.0,0,0,0,MacBook-Pro-4.local,darwin,0,11.1185,87.14,,,2025-11-17T02:47:33.317408,,1605
ML-DSA-44,1024,verify,1024,1,0.0,0,0,0,MacBook-Pro-4.local,darwin,0,11.0401,89.57,,,2025-11-17T02:47:33.317421,,1606
ML-DSA-44,1024,verify,1024,1,0.0,0,0,0,MacBook-Pro-4.local,darwin,0,11.4476,83.42,,,2025-11-17T02:47:33.317432,,1607
ML-DSA-44,1024,verify,1024,1,0.0,0,0,0,MacBook-Pro-4.local,darwin,0,10.3045,99.91,,,2025-11-17T02:47:33.317443,,1608
ML-DSA-44,1024,verify,1024,1,0.0,0,0,0,MacBook-Pro-4.local,darwin,0,10.4972,97.4,,,2025-11-17T02:47:33.317454,,1609
ML-DSA-44,1024,verify,1024,1,0.0,0,0,0,MacBook-Pro-4.local,darwin,0,11.3087,84.44,,,2025-11-17T02:47:33.317464,,1610
ML-DSA-44,1024,verify,1024,16,0.0,0,0,0,MacBook-Pro-4.local,darwin,0,10.1693,98.82,,,2025-11-17T02:47:33.317478,,1611
ML-DSA-44,1024,verify,1024,16,0.0,0,0,0,MacBook-Pro-4.local,darwin,0,10.4371,94.0,,,2025-11-17T02:47:33.317489,,1612
ML-DSA-44,1024,verify,1024,16,0.0,0,0,0,MacBook-Pro-4.local,darwin,0,11.2603,85.49,,,2025-11-17T02:47:33.317500,,1613
ML-DSA-44,1024,verify,1024,16,0.0,0,0,0,MacBook-Pro-4.local,darwin,0,11.2034,88.5,,,2025-11-17T02:47:33.317511,,1614
ML-DSA-44,1024,verify,1024,16,0.0,0,0,0,MacBook-Pro-4.local,darwin,0,11.1985,88.03,,,2025-11-17T02:47:33.317521,,1615
ML-DSA-44,1024,verify,1024,64,0.0,0,0,0,MacBook-Pro-4.local,darwin,0,12.5152,81.92,,,2025-11-17T02:47:33.317535,,1616
ML-DSA-44,1024,verify,1024,64,0.0,0,0,0,MacBook-Pro-4.local,darwin,0,13.2957,75.95,,,2025-11-17T02:47:33.317546,,1617
ML-DSA-44,1024,verify,1024,64,0.0,0,0,0,MacBook-Pro-4.local,darwin,0,12.0514,79.52,,,2025-11-17T02:47:33.317556,,1618
ML-DSA-44,1024,verify,1024,64,0.0,0,0,0,MacBook-Pro-4.local,darwin,0,12.2198,83.23,,,2025-11-17T02:47:33.317567,,1619
ML-DSA-44,1024,verify,1024,64,0.0,0,0,0,MacBook-Pro-4.local,darwin,0,12.2187,83.49,,,2025-11-17T02:47:33.317577,,1620
ML-DSA-65,512,keygen,0,1,0.0,0,0,0,MacBook-Pro-4.local,darwin,0,14.4906,71.53,,,2025-11-17T02:47:33.317592,,1621
ML-DSA-65,512,keygen,0,1,0.0,0,0,0,MacBook-Pro-4.local,darwin,0,13.8105,75.26,,,2025-11-17T02:47:33.317602,,1622
ML-DSA-65,512,keygen,0,1,0.0,0,0,0,MacBook-Pro-4.local,darwin,0,14.5222,66.44,,,2025-11-17T02:47:33.317613,,1623
ML-DSA-65,512,keygen,0,1,0.0,0,0,0,MacBook-Pro-4.local,darwin,0,14.7426,67.49,,,2025-11-17T02:47:33.317624,,1624
ML-DSA-65,512,keygen,0,1,0.0,0,0,0,MacBook-Pro-4.local,darwin,0,13.9316,73.4,,,2025-11-17T02:47:33.317634,,1625
ML-DSA-65,512,keygen,0,16,0.0,0,0,0,MacBook-Pro-4.local,darwin,0,14.5316,69.01,,,2025-11-17T02:47:33.317648,,1626
ML-DSA-65,512,keygen,0,16,0.0,0,0,0,MacBook-Pro-4.local,darwin,0,14.2404,70.41,,,2025-11-17T02:47:33.317659,,1627
ML-DSA-65,512,keygen,0,16,0.0,0,0,0,MacBook-Pro-4.local,darwin,0,14.2914,68.84,,,2025-11-17T02:47:33.317670,,1628
ML-DSA-65,512,keygen,0,16,0.0,0,0,0,MacBook-Pro-4.local,darwin,0,14.6033,66.79,,,2025-11-17T02:47:33.317680,,1629
ML-DSA-65,512,keygen,0,16,0.0,0,0,0,MacBook-Pro-4.local,darwin,0,14.4355,68.1,,,2025-11-17T02:47:33.317691,,1630
ML-DSA-65,512,keygen,0,64,0.0,0,0,0,MacBook-Pro-4.local,darwin,0,16.2101,63.8,,,2025-11-17T02:47:33.317705,,1631
ML-DSA-65,512,keygen,0,64,0.0,0,0,0,MacBook-Pro-4.local,darwin,0,16.6176,61.46,,,2025-11-17T02:47:33.317715,,1632
ML-DSA-65,512,keygen,0,64,0.0,0,0,0,MacBook-Pro-4.local,darwin,0,15.7396,60.75,,,2025-11-17T02:47:33.317726,,1633
ML-DSA-65,512,keygen,0,64,0.0,0,0,0,MacBook-Pro-4.local,darwin,0,15.8501,64.64,,,2025-11-17T02:47:33.317737,,1634
ML-DSA-65,512,keygen,0,64,0.0,0,0,0,MacBook-Pro-4.local,darwin,0,15.5611,63.39,,,2025-11-17T02:47:33.317747,,1635
ML-DSA-65,512,keygen,1024,1,0.0,0,0,0,MacBook-Pro-4.local,darwin,0,16.2058,60.39,,,2025-11-17T02:47:33.317761,,1636
ML-DSA-65,512,keygen,1024,1,0.0,0,0,0,MacBook-Pro-4.local,darwin,0,17.0953,61.36,,,2025-11-17T02:47:33.317771,,1637
ML-DSA-65,512,keygen,1024,1,0.0,0,0,0,MacBook-Pro-4.local,darwin,0,16.0398,65.45,,,2025-11-17T02:47:33.317802,,1638
ML-DSA-65,512,keygen,1024,1,0.0,0,0,0,MacBook-Pro-4.local,darwin,0,15.4461,66.57,,,2025-11-17T02:47:33.317815,,1639
ML-DSA-65,512,keygen,1024,1,0.0,0,0,0,MacBook-Pro-4.local,darwin,0,16.9906,56.91,,,2025-11-17T02:47:33.317826,,1640
ML-DSA-65,512,keygen,1024,16,0.0,0,0,0,MacBook-Pro-4.local,darwin,0,16.0752,63.12,,,2025-11-17T02:47:33.317840,,1641
ML-DSA-65,512,keygen,1024,16,0.0,0,0,0,MacBook-Pro-4.local,darwin,0,17.3144,56.64,,,2025-11-17T02:47:33.317851,,1642
ML-DSA-65,512,keygen,1024,16,0.0,0,0,0,MacBook-Pro-4.local,darwin,0,17.2553,57.26,,,2025-11-17T02:47:33.317861,,1643
ML-DSA-65,512,keygen,1024,16,0.0,0,0,0,MacBook-Pro-4.local,darwin,0,17.0706,57.6,,,2025-11-17T02:47:33.317872,,1644
ML-DSA-65,512,keygen,1024,16,0.0,0,0,0,MacBook-Pro-4.local,darwin,0,16.982,58.73,,,2025-11-17T02:47:33.317883,,1645
ML-DSA-65,512,keygen,1024,64,0.0,0,0,0,MacBook-Pro-4.local,darwin,0,17.1637,60.83,,,2025-11-17T02:47:33.317897,,1646
ML-DSA-65,512,keygen,1024,64,0.0,0,0,0,MacBook-Pro-4.local,darwin,0,17.7809,57.89,,,2025-11-17T02:47:33.317907,,1647
ML-DSA-65,512,keygen,1024,64,0.0,0,0,0,MacBook-Pro-4.local,darwin,0,17.8294,55.53,,,2025-11-17T02:47:33.317918,,1648
ML-DSA-65,512,keygen,1024,64,0.0,0,0,0,MacBook-Pro-4.local,darwin,0,18.2485,53.77,,,2025-11-17T02:47:33.317929,,1649
ML-DSA-65,512,keygen,1024,64,0.0,0,0,0,MacBook-Pro-4.local,darwin,0,18.1853,52.45,,,2025-11-17T02:47:33.317939,,1650
ML-DSA-65,512,sign,0,1,0.0,0,0,0,MacBook-Pro-4.local,darwin,0,18.3235,56.58,,,2025-11-17T02:47:33.317954,,1651
ML-DSA-65,512,sign,0,1,0.0,0,0,0,MacBook-Pro-4.local,darwin,0,17.7394,54.38,,,2025-11-17T02:47:33.317964,,1652
ML-DSA-65,512,sign,0,1,0.0,0,0,0,MacBook-Pro-4.local,darwin,0,18.4677,54.99,,,2025-11-17T02:47:33.317975,,1653
ML-DSA-65,512,sign,0,1,0.0,0,0,0,MacBook-Pro-4.local,darwin,0,17.3897,57.52,,,2025-11-17T02:47:33.317985,,1654
ML-DSA-65,512,sign,0,1,0.0,0,0,0,MacBook-Pro-4.local,darwin,0,17.4577,57.74,,,2025-11-17T02:47:33.317996,,1655
ML-DSA-65,512,sign,0,16,0.0,0,0,0,MacBook-Pro-4.local,darwin,0,18.9892,51.08,,,2025-11-17T02:47:33.318010,,1656
ML-DSA-65,512,sign,0,16,0.0,0,0,0,MacBook-Pro-4.local,darwin,0,18.2211,56.78,,,2025-11-17T02:47:33.318020,,1657
ML-DSA-65,512,sign,0,16,0.0,0,0,0,MacBook-Pro-4.local,darwin,0,18.9087,53.58,,,2025-11-17T02:47:33.318031,,1658
ML-DSA-65,512,sign,0,16,0.0,0,0,0,MacBook-Pro-4.local,darwin,0,18.3366,52.91,,,2025-11-17T02:47:33.318041,,1659
ML-DSA-65,512,sign,0,16,0.0,0,0,0,MacBook-Pro-4.local,darwin,0,18.3123,55.89,,,2025-11-17T02:47:33.318051,,1660
ML-DSA-65,512,sign,0,64,0.0,0,0,0,MacBook-Pro-4.local,darwin,0,19.4921,49.03,,,2025-11-17T02:47:33.318064,,1661
ML-DSA-65,512,sign,0,64,0.0,0,0,0,MacBook-Pro-4.local,darwin,0,20.6575,46.37,,,2025-11-17T02:47:33.318075,,1662
ML-DSA-65,512,sign,0,64,0.0,0,0,0,MacBook-Pro-4.local,darwin,0,19.7965,50.18,,,2025-11-17T02:47:33.318089,,1663
ML-DSA-65,512,sign,0,64,0.0,0,0,0,MacBook-Pro-4.local,darwin,0,20.2729,51.14,,,2025-11-17T02:47:33.318099,,1664
ML-DSA-65,512,sign,0,64,0.0,0,0,0,MacBook-Pro-4.local,darwin,0,20.0148,49.95,,,2025-11-17T02:47:33.318110,,1665
ML-DSA-65,512,sign,1024,1,0.0,0,0,0,MacBook-Pro-4.local,darwin,0,20.809,45.73,,,2025-11-17T02:47:33.318124,,1666
ML-DSA-65,512,sign,1024,1,0.0,0,0,0,MacBook-Pro-4.local,darwin,0,19.4529,50.8,,,2025-11-17T02:47:33.318134,,1667
ML-DSA-65,512,sign,1024,1,0.0,0,0,0,MacBook-Pro-4.local,darwin,0,20.386,50.4,,,2025-11-17T02:47:33.318145,,1668
ML-DSA-65,512,sign,1024,1,0.0,0,0,0,MacBook-Pro-4.local,darwin,0,19.8999,50.78,,,2025-11-17T02:47:33.318156,,1669
ML-DSA-65,512,sign,1024,1,0.0,0,0,0,MacBook-Pro-4.local,darwin,0,20.8641,49.66,,,2025-11-17T02:47:33.318166,,1670
ML-DSA-65,512,sign,1024,16,0.0,0,0,0,MacBook-Pro-4.local,darwin,0,20.4854,48.41,,,2025-11-17T02:47:33.318180,,1671
ML-DSA-65,512,sign,1024,16,0.0,0,0,0,MacBook-Pro-4.local,darwin,0,20.2628,50.26,,,2025-11-17T02:47:33.318191,,1672
ML-DSA-65,512,sign,1024,16,0.0,0,0,0,MacBook-Pro-4.local,darwin,0,21.0208,47.65,,,2025-11-17T02:47:33.318201,,1673
ML-DSA-65,512,sign,1024,16,0.0,0,0,0,MacBook-Pro-4.local,darwin,0,20.6873,49.95,,,2025-11-17T02:47:33.318211,,1674
ML-DSA-65,512,sign,1024,16,0.0,0,0,0,MacBook-Pro-4.local,darwin,0,19.9224,51.86,,,2025-11-17T02:47:33.318222,,1675
ML-DSA-65,512,sign,1024,64,0.0,0,0,0,MacBook-Pro-4.local,darwin,0,22.7898,41.87,,,2025-11-17T02:47:33.318235,,1676
ML-DSA-65,512,sign,1024,64,0.0,0,0,0,MacBook-Pro-4.local,darwin,0,23.1213,44.74,,,2025-11-17T02:47:33.318246,,1677
ML-DSA-65,512,sign,1024,64,0.0,0,0,0,MacBook-Pro-4.local,darwin,0,22.059,46.66,,,2025-11-17T02:47:33.318256,,1678
ML-DSA-65,512,sign,1024,64,0.0,0,0,0,MacBook-Pro-4.local,darwin,0,22.9996,42.47,,,2025-11-17T02:47:33.318267,,1679
ML-DSA-65,512,sign,1024,64,0.0,0,0,0,MacBook-Pro-4.local,darwin,0,22.1918,46.35,,,2025-11-17T02:47:33.318278,,1680
ML-DSA-65,512,verify,0,1,0.0,0,0,0,MacBook-Pro-4.local,darwin,0,9.9465,100.1,,,2025-11-17T02:47:33.318292,,1681
ML-DSA-65,512,verify,0,1,0.0,0,0,0,MacBook-Pro-4.local,darwin,0,10.1589,102.75,,,2025-11-17T02:47:33.318303,,1682
ML-DSA-65,512,verify,0,1,0.0,0,0,0,MacBook-Pro-4.local,darwin,0,9.4108,111.02,,,2025-11-17T02:47:33.318314,,1683
ML-DSA-65,512,verify,0,1,0.0,0,0,0,MacBook-Pro-4.local,darwin,0,10.1402,94.3,,,2025-11-17T02:47:33.318325,,1684
ML-DSA-65,512,verify,0,1,0.0,0,0,0,MacBook-Pro-4.local,darwin,0,9.2094,113.18,,,2025-11-17T02:47:33.318335,,1685
ML-DSA-65,512,verify,0,16,0.0,0,0,0,MacBook-Pro-4.local,darwin,0,10.29,95.75,,,2025-11-17T02:47:33.318349,,1686
ML-DSA-65,512,verify,0,16,0.0,0,0,0,MacBook-Pro-4.local,darwin,0,9.6181,104.34,,,2025-11-17T02:47:33.318360,,1687
ML-DSA-65,512,verify,0,16,0.0,0,0,0,MacBook-Pro-4.local,darwin,0,10.3777,96.0,,,2025-11-17T02:47:33.318370,,1688
ML-DSA-65,512,verify,0,16,0.0,0,0,0,MacBook-Pro-4.local,darwin,0,9.4537,107.61,,,2025-11-17T02:47:33.318381,,1689
ML-DSA-65,512,verify,0,16,0.0,0,0,0,MacBook-Pro-4.local,darwin,0,9.7678,100.57,,,2025-11-17T02:47:33.318392,,1690
ML-DSA-65,512,verify,0,64,0.0,0,0,0,MacBook-Pro-4.local,darwin,0,10.9854,91.29,,,2025-11-17T02:47:33.318405,,1691
ML-DSA-65,512,verify,0,64,0.0,0,0,0,MacBook-Pro-4.local,darwin,0,10.5436,92.6,,,2025-11-17T02:47:33.318416,,1692
ML-DSA-65,512,verify,0,64,0.0,0,0,0,MacBook-Pro-4.local,darwin,0,11.2796,90.5,,,2025-11-17T02:47:33.318426,,1693
ML-DSA-65,512,verify,0,64,0.0,0,0,0,MacBook-Pro-4.local,darwin,0,10.9499,90.41,,,2025-11-17T02:47:33.318437,,1694
ML-DSA-65,512,verify,0,64,0.0,0,0,0,MacBook-Pro-4.local,darwin,0,11.2117,87.83,,,2025-11-17T02:47:33.318447,,1695
ML-DSA-65,512,verify,1024,1,0.0,0,0,0,MacBook-Pro-4.local,darwin,0,10.5798,98.33,,,2025-11-17T02:47:33.318461,,1696
ML-DSA-65,512,verify,1024,1,0.0,0,0,0,MacBook-Pro-4.local,darwin,0,10.168,95.94,,,2025-11-17T02:47:33.318473,,1697
ML-DSA-65,512,verify,1024,1,0.0,0,0,0,MacBook-Pro-4.local,darwin,0,11.6615,88.11,,,2025-11-17T02:47:33.318484,,1698
ML-DSA-65,512,verify,1024,1,0.0,0,0,0,MacBook-Pro-4.local,darwin,0,11.1818,87.68,,,2025-11-17T02:47:33.318495,,1699
ML-DSA-65,512,verify,1024,1,0.0,0,0,0,MacBook-Pro-4.local,darwin,0,11.0634,89.14,,,2025-11-17T02:47:33.318505,,1700
ML-DSA-65,512,verify,1024,16,0.0,0,0,0,MacBook-Pro-4.local,darwin,0,11.0757,86.14,,,2025-11-17T02:47:33.318519,,1701
ML-DSA-65,512,verify,1024,16,0.0,0,0,0,MacBook-Pro-4.local,darwin,0,12.2358,80.15,,,2025-11-17T02:47:33.318529,,1702
ML-DSA-65,512,verify,1024,16,0.0,0,0,0,MacBook-Pro-4.local,darwin,0,10.8659,89.98,,,2025-11-17T02:47:33.318540,,1703
ML-DSA-65,512,verify,1024,16,0.0,0,0,0,MacBook-Pro-4.local,darwin,0,11.2464,92.07,,,2025-11-17T02:47:33.318551,,1704
ML-DSA-65,512,verify,1024,16,0.0,0,0,0,MacBook-Pro-4.local,darwin,0,11.0089,92.51,,,2025-11-17T02:47:33.318562,,1705
ML-DSA-65,512,verify,1024,64,0.0,0,0,0,MacBook-Pro-4.local,darwin,0,13.1719,76.6,,,2025-11-17T02:47:33.318576,,1706
ML-DSA-65,512,verify,1024,64,0.0,0,0,0,MacBook-Pro-4.local,darwin,0,11.2624,92.6,,,2025-11-17T02:47:33.318587,,1707
ML-DSA-65,512,verify,1024,64,0.0,0,0,0,MacBook-Pro-4.local,darwin,0,12.0666,86.38,,,2025-11-17T02:47:33.318597,,1708
ML-DSA-65,512,verify,1024,64,0.0,0,0,0,MacBook-Pro-4.local,darwin,0,12.0358,82.41,,,2025-11-17T02:47:33.318608,,1709
ML-DSA-65,512,verify,1024,64,0.0,0,0,0,MacBook-Pro-4.local,darwin,0,12.3252,80.56,,,2025-11-17T02:47:33.318639,,1710
ML-DSA-65,768,keygen,0,1,0.0,0,0,0,MacBook-Pro-4.local,darwin,0,14.0031,74.45,,,2025-11-17T02:47:33.318656,,1711
ML-DSA-65,768,keygen,0,1,0.0,0,0,0,MacBook-Pro-4.local,darwin,0,14.4085,72.42,,,2025-11-17T02:47:33.318667,,1712
ML-DSA-65,768,keygen,0,1,0.0,0,0,0,MacBook-Pro-4.local,darwin,0,14.1265,70.35,,,2025-11-17T02:47:33.318678,,1713
ML-DSA-65,768,keygen,0,1,0.0,0,0,0,MacBook-Pro-4.local,darwin,0,15.0518,69.29,,,2025-11-17T02:47:33.318689,,1714
ML-DSA-65,768,keygen,0,1,0.0,0,0,0,MacBook-Pro-4.local,darwin,0,14.9535,66.06,,,2025-11-17T02:47:33.318700,,1715
ML-DSA-65,768,keygen,0,16,0.0,0,0,0,MacBook-Pro-4.local,darwin,0,15.8694,65.71,,,2025-11-17T02:47:33.318745,,1716
ML-DSA-65,768,keygen,0,16,0.0,0,0,0,MacBook-Pro-4.local,darwin,0,15.222,65.65,,,2025-11-17T02:47:33.318756,,1717
ML-DSA-65,768,keygen,0,16,0.0,0,0,0,MacBook-Pro-4.local,darwin,0,15.0782,64.5,,,2025-11-17T02:47:33.318767,,1718
ML-DSA-65,768,keygen,0,16,0.0,0,0,0,MacBook-Pro-4.local,darwin,0,14.9507,68.35,,,2025-11-17T02:47:33.318778,,1719
ML-DSA-65,768,keygen,0,16,0.0,0,0,0,MacBook-Pro-4.local,darwin,0,14.2882,69.98,,,2025-11-17T02:47:33.318788,,1720
ML-DSA-65,768,keygen,0,64,0.0,0,0,0,MacBook-Pro-4.local,darwin,0,15.2074,68.88,,,2025-11-17T02:47:33.318826,,1721
ML-DSA-65,768,keygen,0,64,0.0,0,0,0,MacBook-Pro-4.local,darwin,0,16.7945,61.09,,,2025-11-17T02:47:33.318836,,1722
ML-DSA-65,768,keygen,0,64,0.0,0,0,0,MacBook-Pro-4.local,darwin,0,16.1629,61.55,,,2025-11-17T02:47:33.318847,,1723
ML-DSA-65,768,keygen,0,64,0.0,0,0,0,MacBook-Pro-4.local,darwin,0,16.2149,61.31,,,2025-11-17T02:47:33.318857,,1724
ML-DSA-65,768,keygen,0,64,0.0,0,0,0,MacBook-Pro-4.local,darwin,0,16.6244,62.53,,,2025-11-17T02:47:33.318867,,1725
ML-DSA-65,768,keygen,1024,1,0.0,0,0,0,MacBook-Pro-4.local,darwin,0,16.0524,60.92,,,2025-11-17T02:47:33.318882,,1726
ML-DSA-65,768,keygen,1024,1,0.0,0,0,0,MacBook-Pro-4.local,darwin,0,16.4237,62.47,,,2025-11-17T02:47:33.318892,,1727
ML-DSA-65,768,keygen,1024,1,0.0,0,0,0,MacBook-Pro-4.local,darwin,0,15.5255,66.39,,,2025-11-17T02:47:33.318903,,1728
ML-DSA-65,768,keygen,1024,1,0.0,0,0,0,MacBook-Pro-4.local,darwin,0,16.2122,61.62,,,2025-11-17T02:47:33.318913,,1729
ML-DSA-65,768,keygen,1024,1,0.0,0,0,0,MacBook-Pro-4.local,darwin,0,16.1225,64.53,,,2025-11-17T02:47:33.318924,,1730
ML-DSA-65,768,keygen,1024,16,0.0,0,0,0,MacBook-Pro-4.local,darwin,0,16.4994,58.55,,,2025-11-17T02:47:33.318938,,1731
ML-DSA-65,768,keygen,1024,16,0.0,0,0,0,MacBook-Pro-4.local,darwin,0,17.2044,57.7,,,2025-11-17T02:47:33.318949,,1732
ML-DSA-65,768,keygen,1024,16,0.0,0,0,0,MacBook-Pro-4.local,darwin,0,17.3599,58.76,,,2025-11-17T02:47:33.318960,,1733
ML-DSA-65,768,keygen,1024,16,0.0,0,0,0,MacBook-Pro-4.local,darwin,0,16.7483,58.16,,,2025-11-17T02:47:33.318970,,1734
ML-DSA-65,768,keygen,1024,16,0.0,0,0,0,MacBook-Pro-4.local,darwin,0,16.272,60.33,,,2025-11-17T02:47:33.318982,,1735
ML-DSA-65,768,keygen,1024,64,0.0,0,0,0,MacBook-Pro-4.local,darwin,0,17.8464,57.78,,,2025-11-17T02:47:33.318995,,1736
ML-DSA-65,768,keygen,1024,64,0.0,0,0,0,MacBook-Pro-4.local,darwin,0,18.067,56.64,,,2025-11-17T02:47:33.319006,,1737
ML-DSA-65,768,keygen,1024,64,0.0,0,0,0,MacBook-Pro-4.local,darwin,0,18.4941,54.17,,,2025-11-17T02:47:33.319017,,1738
ML-DSA-65,768,keygen,1024,64,0.0,0,0,0,MacBook-Pro-4.local,darwin,0,18.6777,54.15,,,2025-11-17T02:47:33.319027,,1739
ML-DSA-65,768,keygen,1024,64,0.0,0,0,0,MacBook-Pro-4.local,darwin,0,18.0045,56.02,,,2025-11-17T02:47:33.319038,,1740
ML-DSA-65,768,sign,0,1,0.0,0,0,0,MacBook-Pro-4.local,darwin,0,17.6324,54.91,,,2025-11-17T02:47:33.319051,,1741
ML-DSA-65,768,sign,0,1,0.0,0,0,0,MacBook-Pro-4.local,darwin,0,17.8459,58.11,,,2025-11-17T02:47:33.319062,,1742
ML-DSA-65,768,sign,0,1,0.0,0,0,0,MacBook-Pro-4.local,darwin,0,18.065,57.53,,,2025-11-17T02:47:33.319073,,1743
ML-DSA-65,768,sign,0,1,0.0,0,0,0,MacBook-Pro-4.local,darwin,0,18.1926,53.47,,,2025-11-17T02:47:33.319084,,1744
ML-DSA-65,768,sign,0,1,0.0,0,0,0,MacBook-Pro-4.local,darwin,0,17.794,54.31,,,2025-11-17T02:47:33.319094,,1745
ML-DSA-65,768,sign,0,16,0.0,0,0,0,MacBook-Pro-4.local,darwin,0,17.977,54.76,,,2025-11-17T02:47:33.319108,,1746
ML-DSA-65,768,sign,0,16,0.0,0,0,0,MacBook-Pro-4.local,darwin,0,18.8466,52.4,,,2025-11-17T02:47:33.319118,,1747
ML-DSA-65,768,sign,0,16,0.0,0,0,0,MacBook-Pro-4.local,darwin,0,17.5969,54.73,,,2025-11-17T02:47:33.319129,,1748
ML-DSA-65,768,sign,0,16,0.0,0,0,0,MacBook-Pro-4.local,darwin,0,18.9753,55.23,,,2025-11-17T02:47:33.319139,,1749
ML-DSA-65,768,sign,0,16,0.0,0,0,0,MacBook-Pro-4.local,darwin,0,17.778,55.86,,,2025-11-17T02:47:33.319150,,1750
ML-DSA-65,768,sign,0,64,0.0,0,0,0,MacBook-Pro-4.local,darwin,0,20.2281,51.67,,,2025-11-17T02:47:33.319163,,1751
ML-DSA-65,768,sign,0,64,0.0,0,0,0,MacBook-Pro-4.local,darwin,0,19.7338,52.22,,,2025-11-17T02:47:33.319174,,1752
ML-DSA-65,768,sign,0,64,0.0,0,0,0,MacBook-Pro-4.local,darwin,0,20.4638,47.6,,,2025-11-17T02:47:33.319184,,1753
ML-DSA-65,768,sign,0,64,0.0,0,0,0,MacBook-Pro-4.local,darwin,0,20.2339,51.79,,,2025-11-17T02:47:33.319194,,1754
ML-DSA-65,768,sign,0,64,0.0,0,0,0,MacBook-Pro-4.local,darwin,0,20.3263,50.5,,,2025-11-17T02:47:33.319205,,1755
ML-DSA-65,768,sign,1024,1,0.0,0,0,0,MacBook-Pro-4.local,darwin,0,20.1647,49.3,,,2025-11-17T02:47:33.319219,,1756
ML-DSA-65,768,sign,1024,1,0.0,0,0,0,MacBook-Pro-4.local,darwin,0,20.9053,50.02,,,2025-11-17T02:47:33.319229,,1757
ML-DSA-65,768,sign,1024,1,0.0,0,0,0,MacBook-Pro-4.local,darwin,0,20.3109,50.53,,,2025-11-17T02:47:33.319240,,1758
ML-DSA-65,768,sign,1024,1,0.0,0,0,0,MacBook-Pro-4.local,darwin,0,20.1757,51.65,,,2025-11-17T02:47:33.319250,,1759
ML-DSA-65,768,sign,1024,1,0.0,0,0,0,MacBook-Pro-4.local,darwin,0,20.5533,50.88,,,2025-11-17T02:47:33.319261,,1760
ML-DSA-65,768,sign,1024,16,0.0,0,0,0,MacBook-Pro-4.local,darwin,0,20.6404,48.84,,,2025-11-17T02:47:33.319275,,1761
ML-DSA-65,768,sign,1024,16,0.0,0,0,0,MacBook-Pro-4.local,darwin,0,21.1039,45.53,,,2025-11-17T02:47:33.319286,,1762
ML-DSA-65,768,sign,1024,16,0.0,0,0,0,MacBook-Pro-4.local,darwin,0,19.5142,50.97,,,2025-11-17T02:47:33.319297,,1763
ML-DSA-65,768,sign,1024,16,0.0,0,0,0,MacBook-Pro-4.local,darwin,0,21.1509,46.75,,,2025-11-17T02:47:33.319307,,1764
ML-DSA-65,768,sign,1024,16,0.0,0,0,0,MacBook-Pro-4.local,darwin,0,21.3674,47.25,,,2025-11-17T02:47:33.319318,,1765
ML-DSA-65,768,sign,1024,64,0.0,0,0,0,MacBook-Pro-4.local,darwin,0,22.1545,46.65,,,2025-11-17T02:47:33.319331,,1766
ML-DSA-65,768,sign,1024,64,0.0,0,0,0,MacBook-Pro-4.local,darwin,0,23.6916,41.06,,,2025-11-17T02:47:33.319342,,1767
ML-DSA-65,768,sign,1024,64,0.0,0,0,0,MacBook-Pro-4.local,darwin,0,22.9362,42.2,,,2025-11-17T02:47:33.319352,,1768
ML-DSA-65,768,sign,1024,64,0.0,0,0,0,MacBook-Pro-4.local,darwin,0,22.4636,46.61,,,2025-11-17T02:47:33.319362,,1769
ML-DSA-65,768,sign,1024,64,0.0,0,0,0,MacBook-Pro-4.local,darwin,0,22.2352,47.11,,,2025-11-17T02:47:33.319373,,1770
ML-DSA-65,768,verify,0,1,0.0,0,0,0,MacBook-Pro-4.local,darwin,0,9.6483,106.38,,,2025-11-17T02:47:33.319387,,1771
ML-DSA-65,768,verify,0,1,0.0,0,0,0,MacBook-Pro-4.local,darwin,0,9.4221,103.82,,,2025-11-17T02:47:33.319398,,1772
ML-DSA-65,768,verify,0,1,0.0,0,0,0,MacBook-Pro-4.local,darwin,0,8.6919,116.79,,,2025-11-17T02:47:33.319408,,1773
ML-DSA-65,768,verify,0,1,0.0,0,0,0,MacBook-Pro-4.local,darwin,0,9.6253,105.25,,,2025-11-17T02:47:33.319419,,1774
ML-DSA-65,768,verify,0,1,0.0,0,0,0,MacBook-Pro-4.local,darwin,0,9.3292,105.82,,,2025-11-17T02:47:33.319430,,1775
ML-DSA-65,768,verify,0,16,0.0,0,0,0,MacBook-Pro-4.local,darwin,0,9.8412,104.69,,,2025-11-17T02:47:33.319444,,1776
ML-DSA-65,768,verify,0,16,0.0,0,0,0,MacBook-Pro-4.local,darwin,0,9.1609,106.89,,,2025-11-17T02:47:33.319455,,1777
ML-DSA-65,768,verify,0,16,0.0,0,0,0,MacBook-Pro-4.local,darwin,0,9.876,97.51,,,2025-11-17T02:47:33.319466,,1778
ML-DSA-65,768,verify,0,16,0.0,0,0,0,MacBook-Pro-4.local,darwin,0,9.8881,104.92,,,2025-11-17T02:47:33.319477,,1779
ML-DSA-65,768,verify,0,16,0.0,0,0,0,MacBook-Pro-4.local,darwin,0,9.4321,106.09,,,2025-11-17T02:47:33.319488,,1780
ML-DSA-65,768,verify,0,64,0.0,0,0,0,MacBook-Pro-4.local,darwin,0,10.336,101.49,,,2025-11-17T02:47:33.319501,,1781
ML-DSA-65,768,verify,0,64,0.0,0,0,0,MacBook-Pro-4.local,darwin,0,10.5399,98.27,,,2025-11-17T02:47:33.319534,,1782
ML-DSA-65,768,verify,0,64,0.0,0,0,0,MacBook-Pro-4.local,darwin,0,12.136,86.18,,,2025-11-17T02:47:33.319546,,1783
ML-DSA-65,768,verify,0,64,0.0,0,0,0,MacBook-Pro-4.local,darwin,0,11.1173,92.71,,,2025-11-17T02:47:33.319557,,1784
ML-DSA-65,768,verify,0,64,0.0,0,0,0,MacBook-Pro-4.local,darwin,0,11.125,93.71,,,2025-11-17T02:47:33.319568,,1785
ML-DSA-65,768,verify,1024,1,0.0,0,0,0,MacBook-Pro-4.local,darwin,0,11.2051,86.86,,,2025-11-17T02:47:33.319583,,1786
ML-DSA-65,768,verify,1024,1,0.0,0,0,0,MacBook-Pro-4.local,darwin,0,11.1262,89.73,,,2025-11-17T02:47:33.319594,,1787
ML-DSA-65,768,verify,1024,1,0.0,0,0,0,MacBook-Pro-4.local,darwin,0,10.7209,95.34,,,2025-11-17T02:47:33.319604,,1788
ML-DSA-65,768,verify,1024,1,0.0,0,0,0,MacBook-Pro-4.local,darwin,0,11.5495,87.8,,,2025-11-17T02:47:33.319616,,1789
ML-DSA-65,768,verify,1024,1,0.0,0,0,0,MacBook-Pro-4.local,darwin,0,10.8665,93.59,,,2025-11-17T02:47:33.319626,,1790
ML-DSA-65,768,verify,1024,16,0.0,0,0,0,MacBook-Pro-4.local,darwin,0,10.434,91.84,,,2025-11-17T02:47:33.319640,,1791
ML-DSA-65,768,verify,1024,16,0.0,0,0,0,MacBook-Pro-4.local,darwin,0,10.8352,96.62,,,2025-11-17T02:47:33.319652,,1792
ML-DSA-65,768,verify,1024,16,0.0,0,0,0,MacBook-Pro-4.local,darwin,0,10.8509,93.23,,,2025-11-17T02:47:33.319663,,1793
ML-DSA-65,768,verify,1024,16,0.0,0,0,0,MacBook-Pro-4.local,darwin,0,11.1359,92.25,,,2025-11-17T02:47:33.319673,,1794
ML-DSA-65,768,verify,1024,16,0.0,0,0,0,MacBook-Pro-4.local,darwin,0,10.4441,94.59,,,2025-11-17T02:47:33.319684,,1795
ML-DSA-65,768,verify,1024,64,0.0,0,0,0,MacBook-Pro-4.local,darwin,0,12.0066,79.43,,,2025-11-17T02:47:33.319698,,1796
ML-DSA-65,768,verify,1024,64,0.0,0,0,0,MacBook-Pro-4.local,darwin,0,11.9912,81.89,,,2025-11-17T02:47:33.319708,,1797
ML-DSA-65,768,verify,1024,64,0.0,0,0,0,MacBook-Pro-4.local,darwin,0,12.3062,83.01,,,2025-11-17T02:47:33.319719,,1798
ML-DSA-65,768,verify,1024,64,0.0,0,0,0,MacBook-Pro-4.local,darwin,0,12.2311,82.39,,,2025-11-17T02:47:33.319730,,1799
ML-DSA-65,768,verify,1024,64,0.0,0,0,0,MacBook-Pro-4.local,darwin,0,12.4824,83.08,,,2025-11-17T02:47:33.319741,,1800
ML-DSA-65,1024,keygen,0,1,0.0,0,0,0,MacBook-Pro-4.local,darwin,0,14.7804,68.25,,,2025-11-17T02:47:33.319756,,1801
ML-DSA-65,1024,keygen,0,1,0.0,0,0,0,MacBook-Pro-4.local,darwin,0,14.4599,69.99,,,2025-11-17T02:47:33.319766,,1802
ML-DSA-65,1024,keygen,0,1,0.0,0,0,0,MacBook-Pro-4.local,darwin,0,15.0062,66.98,,,2025-11-17T02:47:33.319777,,1803
ML-DSA-65,1024,keygen,0,1,0.0,0,0,0,MacBook-Pro-4.local,darwin,0,14.7445,69.75,,,2025-11-17T02:47:33.319788,,1804
ML-DSA-65,1024,keygen,0,1,0.0,0,0,0,MacBook-Pro-4.local,darwin,0,13.8044,70.63,,,2025-11-17T02:47:33.319799,,1805
ML-DSA-65,1024,keygen,0,16,0.0,0,0,0,MacBook-Pro-4.local,darwin,0,13.8416,73.87,,,2025-11-17T02:47:33.319813,,1806
ML-DSA-65,1024,keygen,0,16,0.0,0,0,0,MacBook-Pro-4.local,darwin,0,14.451,70.29,,,2025-11-17T02:47:33.319823,,1807
ML-DSA-65,1024,keygen,0,16,0.0,0,0,0,MacBook-Pro-4.local,darwin,0,15.4814,63.77,,,2025-11-17T02:47:33.319834,,1808
ML-DSA-65,1024,keygen,0,16,0.0,0,0,0,MacBook-Pro-4.local,darwin,0,14.7589,69.99,,,2025-11-17T02:47:33.319845,,1809
ML-DSA-65,1024,keygen,0,16,0.0,0,0,0,MacBook-Pro-4.local,darwin,0,15.0288,68.21,,,2025-11-17T02:47:33.319855,,1810
ML-DSA-65,1024,keygen,0,64,0.0,0,0,0,MacBook-Pro-4.local,darwin,0,15.7216,62.74,,,2025-11-17T02:47:33.319869,,1811
ML-DSA-65,1024,keygen,0,64,0.0,0,0,0,MacBook-Pro-4.local,darwin,0,16.5064,60.1,,,2025-11-17T02:47:33.319880,,1812
ML-DSA-65,1024,keygen,0,64,0.0,0,0,0,MacBook-Pro-4.local,darwin,0,15.9413,63.59,,,2025-11-17T02:47:33.319890,,1813
ML-DSA-65,1024,keygen,0,64,0.0,0,0,0,MacBook-Pro-4.local,darwin,0,16.0991,64.69,,,2025-11-17T02:47:33.319900,,1814
ML-DSA-65,1024,keygen,0,64,0.0,0,0,0,MacBook-Pro-4.local,darwin,0,16.5188,60.6,,,2025-11-17T02:47:33.319911,,1815
ML-DSA-65,1024,keygen,1024,1,0.0,0,0,0,MacBook-Pro-4.local,darwin,0,17.2481,57.64,,,2025-11-17T02:47:33.319926,,1816
ML-DSA-65,1024,keygen,1024,1,0.0,0,0,0,MacBook-Pro-4.local,darwin,0,16.4731,63.36,,,2025-11-17T02:47:33.319937,,1817
ML-DSA-65,1024,keygen,1024,1,0.0,0,0,0,MacBook-Pro-4.local,darwin,0,16.2658,61.14,,,2025-11-17T02:47:33.319948,,1818
ML-DSA-65,1024,keygen,1024,1,0.0,0,0,0,MacBook-Pro-4.local,darwin,0,15.885,65.63,,,2025-11-17T02:47:33.319958,,1819
ML-DSA-65,1024,keygen,1024,1,0.0,0,0,0,MacBook-Pro-4.local,darwin,0,16.5522,59.18,,,2025-11-17T02:47:33.319969,,1820
ML-DSA-65,1024,keygen,1024,16,0.0,0,0,0,MacBook-Pro-4.local,darwin,0,16.058,63.8,,,2025-11-17T02:47:33.319983,,1821
ML-DSA-65,1024,keygen,1024,16,0.0,0,0,0,MacBook-Pro-4.local,darwin,0,16.1891,62.13,,,2025-11-17T02:47:33.319994,,1822
ML-DSA-65,1024,keygen,1024,16,0.0,0,0,0,MacBook-Pro-4.local,darwin,0,16.9663,57.67,,,2025-11-17T02:47:33.320005,,1823
ML-DSA-65,1024,keygen,1024,16,0.0,0,0,0,MacBook-Pro-4.local,darwin,0,16.7223,60.68,,,2025-11-17T02:47:33.320015,,1824
ML-DSA-65,1024,keygen,1024,16,0.0,0,0,0,MacBook-Pro-4.local,darwin,0,16.6278,62.53,,,2025-11-17T02:47:33.320026,,1825
ML-DSA-65,1024,keygen,1024,64,0.0,0,0,0,MacBook-Pro-4.local,darwin,0,18.5496,52.34,,,2025-11-17T02:47:33.320040,,1826
ML-DSA-65,1024,keygen,1024,64,0.0,0,0,0,MacBook-Pro-4.local,darwin,0,18.5365,52.19,,,2025-11-17T02:47:33.320050,,1827
ML-DSA-65,1024,keygen,1024,64,0.0,0,0,0,MacBook-Pro-4.local,darwin,0,18.0425,54.16,,,2025-11-17T02:47:33.320061,,1828
ML-DSA-65,1024,keygen,1024,64,0.0,0,0,0,MacBook-Pro-4.local,darwin,0,17.8241,53.95,,,2025-11-17T02:47:33.320072,,1829
ML-DSA-65,1024,keygen,1024,64,0.0,0,0,0,MacBook-Pro-4.local,darwin,0,18.3915,55.7,,,2025-11-17T02:47:33.320083,,1830
ML-DSA-65,1024,sign,0,1,0.0,0,0,0,MacBook-Pro-4.local,darwin,0,18.0273,55.4,,,2025-11-17T02:47:33.320097,,1831
ML-DSA-65,1024,sign,0,1,0.0,0,0,0,MacBook-Pro-4.local,darwin,0,18.3053,56.48,,,2025-11-17T02:47:33.320108,,1832
ML-DSA-65,1024,sign,0,1,0.0,0,0,0,MacBook-Pro-4.local,darwin,0,17.9647,54.14,,,2025-11-17T02:47:33.320118,,1833
ML-DSA-65,1024,sign,0,1,0.0,0,0,0,MacBook-Pro-4.local,darwin,0,19.3265,49.67,,,2025-11-17T02:47:33.320129,,1834
ML-DSA-65,1024,sign,0,1,0.0,0,0,0,MacBook-Pro-4.local,darwin,0,18.4813,52.87,,,2025-11-17T02:47:33.320140,,1835
ML-DSA-65,1024,sign,0,16,0.0,0,0,0,MacBook-Pro-4.local,darwin,0,18.7345,52.4,,,2025-11-17T02:47:33.320153,,1836
ML-DSA-65,1024,sign,0,16,0.0,0,0,0,MacBook-Pro-4.local,darwin,0,18.8142,55.64,,,2025-11-17T02:47:33.320164,,1837
ML-DSA-65,1024,sign,0,16,0.0,0,0,0,MacBook-Pro-4.local,darwin,0,18.0895,54.47,,,2025-11-17T02:47:33.320175,,1838
ML-DSA-65,1024,sign,0,16,0.0,0,0,0,MacBook-Pro-4.local,darwin,0,19.1836,50.42,,,2025-11-17T02:47:33.320186,,1839
ML-DSA-65,1024,sign,0,16,0.0,0,0,0,MacBook-Pro-4.local,darwin,0,18.9748,54.42,,,2025-11-17T02:47:33.320196,,1840
ML-DSA-65,1024,sign,0,64,0.0,0,0,0,MacBook-Pro-4.local,darwin,0,20.1093,47.41,,,2025-11-17T02:47:33.320210,,1841
ML-DSA-65,1024,sign,0,64,0.0,0,0,0,MacBook-Pro-4.local,darwin,0,19.4984,51.43,,,2025-11-17T02:47:33.320220,,1842
ML-DSA-65,1024,sign,0,64,0.0,0,0,0,MacBook-Pro-4.local,darwin,0,20.0325,50.16,,,2025-11-17T02:47:33.320230,,1843
ML-DSA-65,1024,sign,0,64,0.0,0,0,0,MacBook-Pro-4.local,darwin,0,20.2897,48.36,,,2025-11-17T02:47:33.320241,,1844
ML-DSA-65,1024,sign,0,64,0.0,0,0,0,MacBook-Pro-4.local,darwin,0,21.0946,48.04,,,2025-11-17T02:47:33.320251,,1845
ML-DSA-65,1024,sign,1024,1,0.0,0,0,0,MacBook-Pro-4.local,darwin,0,20.5061,50.9,,,2025-11-17T02:47:33.320265,,1846
ML-DSA-65,1024,sign,1024,1,0.0,0,0,0,MacBook-Pro-4.local,darwin,0,20.1858,50.73,,,2025-11-17T02:47:33.320276,,1847
ML-DSA-65,1024,sign,1024,1,0.0,0,0,0,MacBook-Pro-4.local,darwin,0,19.4525,51.38,,,2025-11-17T02:47:33.320287,,1848
ML-DSA-65,1024,sign,1024,1,0.0,0,0,0,MacBook-Pro-4.local,darwin,0,19.5362,50.76,,,2025-11-17T02:47:33.320298,,1849
ML-DSA-65,1024,sign,1024,1,0.0,0,0,0,MacBook-Pro-4.local,darwin,0,19.744,48.48,,,2025-11-17T02:47:33.320309,,1850
ML-DSA-65,1024,sign,1024,16,0.0,0,0,0,MacBook-Pro-4.local,darwin,0,20.8941,46.7,,,2025-11-17T02:47:33.320323,,1851
ML-DSA-65,1024,sign,1024,16,0.0,0,0,0,MacBook-Pro-4.local,darwin,0,20.5116,50.99,,,2025-11-17T02:47:33.320333,,1852
ML-DSA-65,1024,sign,1024,16,0.0,0,0,0,MacBook-Pro-4.local,darwin,0,22.1046,43.19,,,2025-11-17T02:47:33.320363,,1853
ML-DSA-65,1024,sign,1024,16,0.0,0,0,0,MacBook-Pro-4.local,darwin,0,20.3773,50.05,,,2025-11-17T02:47:33.320375,,1854
ML-DSA-65,1024,sign,1024,16,0.0,0,0,0,MacBook-Pro-4.local,darwin,0,20.5734,46.72,,,2025-11-17T02:47:33.320386,,1855
ML-DSA-65,1024,sign,1024,64,0.0,0,0,0,MacBook-Pro-4.local,darwin,0,23.9542,43.46,,,2025-11-17T02:47:33.320400,,1856
ML-DSA-65,1024,sign,1024,64,0.0,0,0,0,MacBook-Pro-4.local,darwin,0,22.134,44.68,,,2025-11-17T02:47:33.320411,,1857
ML-DSA-65,1024,sign,1024,64,0.0,0,0,0,MacBook-Pro-4.local,darwin,0,22.356,45.92,,,2025-11-17T02:47:33.320422,,1858
ML-DSA-65,1024,sign,1024,64,0.0,0,0,0,MacBook-Pro-4.local,darwin,0,22.6617,42.55,,,2025-11-17T02:47:33.320432,,1859
ML-DSA-65,1024,sign,1024,64,0.0,0,0,0,MacBook-Pro-4.local,darwin,0,23.2621,42.11,,,2025-11-17T02:47:33.320444,,1860
ML-DSA-65,1024,verify,0,1,0.0,0,0,0,MacBook-Pro-4.local,darwin,0,9.5337,105.43,,,2025-11-17T02:47:33.320459,,1861
ML-DSA-65,1024,verify,0,1,0.0,0,0,0,MacBook-Pro-4.local,darwin,0,9.612,100.87,,,2025-11-17T02:47:33.320470,,1862
ML-DSA-65,1024,verify,0,1,0.0,0,0,0,MacBook-Pro-4.local,darwin,0,9.9663,101.6,,,2025-11-17T02:47:33.320481,,1863
ML-DSA-65,1024,verify,0,1,0.0,0,0,0,MacBook-Pro-4.local,darwin,0,10.2061,101.91,,,2025-11-17T02:47:33.320491,,1864
ML-DSA-65,1024,verify,0,1,0.0,0,0,0,MacBook-Pro-4.local,darwin,0,10.523,97.42,,,2025-11-17T02:47:33.320503,,1865
ML-DSA-65,1024,verify,0,16,0.0,0,0,0,MacBook-Pro-4.local,darwin,0,10.9675,88.41,,,2025-11-17T02:47:33.320516,,1866
ML-DSA-65,1024,verify,0,16,0.0,0,0,0,MacBook-Pro-4.local,darwin,0,9.5491,102.11,,,2025-11-17T02:47:33.320527,,1867
ML-DSA-65,1024,verify,0,16,0.0,0,0,0,MacBook-Pro-4.local,darwin,0,10.6794,94.95,,,2025-11-17T02:47:33.320537,,1868
ML-DSA-65,1024,verify,0,16,0.0,0,0,0,MacBook-Pro-4.local,darwin,0,9.3817,108.13,,,2025-11-17T02:47:33.320548,,1869
ML-DSA-65,1024,verify,0,16,0.0,0,0,0,MacBook-Pro-4.local,darwin,0,10.8914,92.1,,,2025-11-17T02:47:33.320559,,1870
ML-DSA-65,1024,verify,0,64,0.0,0,0,0,MacBook-Pro-4.local,darwin,0,10.5289,90.4,,,2025-11-17T02:47:33.320572,,1871
ML-DSA-65,1024,verify,0,64,0.0,0,0,0,MacBook-Pro-4.local,darwin,0,10.8899,88.0,,,2025-11-17T02:47:33.320583,,1872
ML-DSA-65,1024,verify,0,64,0.0,0,0,0,MacBook-Pro-4.local,darwin,0,10.3546,98.9,,,2025-11-17T02:47:33.320594,,1873
ML-DSA-65,1024,verify,0,64,0.0,0,0,0,MacBook-Pro-4.local,darwin,0,10.3902,99.95,,,2025-11-17T02:47:33.320605,,1874
ML-DSA-65,1024,verify,0,64,0.0,0,0,0,MacBook-Pro-4.local,darwin,0,10.1952,97.44,,,2025-11-17T02:47:33.320616,,1875
ML-DSA-65,1024,verify,1024,1,0.0,0,0,0,MacBook-Pro-4.local,darwin,0,10.387,93.41,,,2025-11-17T02:47:33.320630,,1876
ML-DSA-65,1024,verify,1024,1,0.0,0,0,0,MacBook-Pro-4.local,darwin,0,11.3361,85.27,,,2025-11-17T02:47:33.320640,,1877
ML-DSA-65,1024,verify,1024,1,0.0,0,0,0,MacBook-Pro-4.local,darwin,0,11.0972,90.6,,,2025-11-17T02:47:33.320651,,1878
ML-DSA-65,1024,verify,1024,1,0.0,0,0,0,MacBook-Pro-4.local,darwin,0,10.5625,93.12,,,2025-11-17T02:47:33.320662,,1879
ML-DSA-65,1024,verify,1024,1,0.0,0,0,0,MacBook-Pro-4.local,darwin,0,10.6594,96.3,,,2025-11-17T02:47:33.320673,,1880
ML-DSA-65,1024,verify,1024,16,0.0,0,0,0,MacBook-Pro-4.local,darwin,0,11.5473,86.68,,,2025-11-17T02:47:33.320687,,1881
ML-DSA-65,1024,verify,1024,16,0.0,0,0,0,MacBook-Pro-4.local,darwin,0,11.054,94.75,,,2025-11-17T02:47:33.320697,,1882
ML-DSA-65,1024,verify,1024,16,0.0,0,0,0,MacBook-Pro-4.local,darwin,0,11.1104,93.87,,,2025-11-17T02:47:33.320709,,1883
ML-DSA-65,1024,verify,1024,16,0.0,0,0,0,MacBook-Pro-4.local,darwin,0,11.9408,87.16,,,2025-11-17T02:47:33.320719,,1884
ML-DSA-65,1024,verify,1024,16,0.0,0,0,0,MacBook-Pro-4.local,darwin,0,11.1739,93.64,,,2025-11-17T02:47:33.320730,,1885
ML-DSA-65,1024,verify,1024,64,0.0,0,0,0,MacBook-Pro-4.local,darwin,0,12.2046,81.78,,,2025-11-17T02:47:33.320744,,1886
ML-DSA-65,1024,verify,1024,64,0.0,0,0,0,MacBook-Pro-4.local,darwin,0,11.777,85.81,,,2025-11-17T02:47:33.320754,,1887
ML-DSA-65,1024,verify,1024,64,0.0,0,0,0,MacBook-Pro-4.local,darwin,0,12.827,74.3,,,2025-11-17T02:47:33.320765,,1888
ML-DSA-65,1024,verify,1024,64,0.0,0,0,0,MacBook-Pro-4.local,darwin,0,11.8585,86.37,,,2025-11-17T02:47:33.320775,,1889
ML-DSA-65,1024,verify,1024,64,0.0,0,0,0,MacBook-Pro-4.local,darwin,0,12.0525,80.13,,,2025-11-17T02:47:33.320786,,1890
ML-DSA-87,512,keygen,0,1,0.0,0,0,0,MacBook-Pro-4.local,darwin,0,13.7701,72.43,,,2025-11-17T02:47:33.320807,,1891
ML-DSA-87,512,keygen,0,1,0.0,0,0,0,MacBook-Pro-4.local,darwin,0,14.7308,66.28,,,2025-11-17T02:47:33.320818,,1892
ML-DSA-87,512,keygen,0,1,0.0,0,0,0,MacBook-Pro-4.local,darwin,0,14.661,65.01,,,2025-11-17T02:47:33.320829,,1893
ML-DSA-87,512,keygen,0,1,0.0,0,0,0,MacBook-Pro-4.local,darwin,0,14.3874,69.36,,,2025-11-17T02:47:33.320839,,1894
ML-DSA-87,512,keygen,0,1,0.0,0,0,0,MacBook-Pro-4.local,darwin,0,14.4737,71.29,,,2025-11-17T02:47:33.320850,,1895
ML-DSA-87,512,keygen,0,16,0.0,0,0,0,MacBook-Pro-4.local,darwin,0,14.2054,71.47,,,2025-11-17T02:47:33.320863,,1896
ML-DSA-87,512,keygen,0,16,0.0,0,0,0,MacBook-Pro-4.local,darwin,0,15.0858,68.37,,,2025-11-17T02:47:33.320874,,1897
ML-DSA-87,512,keygen,0,16,0.0,0,0,0,MacBook-Pro-4.local,darwin,0,14.8015,70.49,,,2025-11-17T02:47:33.320884,,1898
ML-DSA-87,512,keygen,0,16,0.0,0,0,0,MacBook-Pro-4.local,darwin,0,15.229,66.09,,,2025-11-17T02:47:33.320895,,1899
ML-DSA-87,512,keygen,0,16,0.0,0,0,0,MacBook-Pro-4.local,darwin,0,15.623,60.87,,,2025-11-17T02:47:33.320906,,1900
ML-DSA-87,512,keygen,0,64,0.0,0,0,0,MacBook-Pro-4.local,darwin,0,15.9975,61.87,,,2025-11-17T02:47:33.320920,,1901
ML-DSA-87,512,keygen,0,64,0.0,0,0,0,MacBook-Pro-4.local,darwin,0,16.3712,59.99,,,2025-11-17T02:47:33.320931,,1902
ML-DSA-87,512,keygen,0,64,0.0,0,0,0,MacBook-Pro-4.local,darwin,0,16.1373,61.43,,,2025-11-17T02:47:33.320941,,1903
ML-DSA-87,512,keygen,0,64,0.0,0,0,0,MacBook-Pro-4.local,darwin,0,16.4382,58.39,,,2025-11-17T02:47:33.320952,,1904
ML-DSA-87,512,keygen,0,64,0.0,0,0,0,MacBook-Pro-4.local,darwin,0,16.6197,58.49,,,2025-11-17T02:47:33.320962,,1905
ML-DSA-87,512,keygen,1024,1,0.0,0,0,0,MacBook-Pro-4.local,darwin,0,16.4493,61.06,,,2025-11-17T02:47:33.320976,,1906
ML-DSA-87,512,keygen,1024,1,0.0,0,0,0,MacBook-Pro-4.local,darwin,0,17.421,55.26,,,2025-11-17T02:47:33.320987,,1907
ML-DSA-87,512,keygen,1024,1,0.0,0,0,0,MacBook-Pro-4.local,darwin,0,16.9735,60.84,,,2025-11-17T02:47:33.320998,,1908
ML-DSA-87,512,keygen,1024,1,0.0,0,0,0,MacBook-Pro-4.local,darwin,0,15.853,65.83,,,2025-11-17T02:47:33.321009,,1909
ML-DSA-87,512,keygen,1024,1,0.0,0,0,0,MacBook-Pro-4.local,darwin,0,16.4837,61.21,,,2025-11-17T02:47:33.321020,,1910
ML-DSA-87,512,keygen,1024,16,0.0,0,0,0,MacBook-Pro-4.local,darwin,0,16.8318,58.42,,,2025-11-17T02:47:33.321033,,1911
ML-DSA-87,512,keygen,1024,16,0.0,0,0,0,MacBook-Pro-4.local,darwin,0,16.4104,61.84,,,2025-11-17T02:47:33.321044,,1912
ML-DSA-87,512,keygen,1024,16,0.0,0,0,0,MacBook-Pro-4.local,darwin,0,16.5257,60.23,,,2025-11-17T02:47:33.321055,,1913
ML-DSA-87,512,keygen,1024,16,0.0,0,0,0,MacBook-Pro-4.local,darwin,0,16.7142,57.13,,,2025-11-17T02:47:33.321066,,1914
ML-DSA-87,512,keygen,1024,16,0.0,0,0,0,MacBook-Pro-4.local,darwin,0,16.5324,59.35,,,2025-11-17T02:47:33.321077,,1915
ML-DSA-87,512,keygen,1024,64,0.0,0,0,0,MacBook-Pro-4.local,darwin,0,18.3189,54.17,,,2025-11-17T02:47:33.321091,,1916
ML-DSA-87,512,keygen,1024,64,0.0,0,0,0,MacBook-Pro-4.local,darwin,0,17.9778,53.35,,,2025-11-17T02:47:33.321102,,1917
ML-DSA-87,512,keygen,1024,64,0.0,0,0,0,MacBook-Pro-4.local,darwin,0,18.2337,56.51,,,2025-11-17T02:47:33.321113,,1918
ML-DSA-87,512,keygen,1024,64,0.0,0,0,0,MacBook-Pro-4.local,darwin,0,18.2082,55.94,,,2025-11-17T02:47:33.321123,,1919
ML-DSA-87,512,keygen,1024,64,0.0,0,0,0,MacBook-Pro-4.local,darwin,0,18.5886,52.56,,,2025-11-17T02:47:33.321134,,1920
ML-DSA-87,512,sign,0,1,0.0,0,0,0,MacBook-Pro-4.local,darwin,0,18.0988,54.45,,,2025-11-17T02:47:33.321148,,1921
ML-DSA-87,512,sign,0,1,0.0,0,0,0,MacBook-Pro-4.local,darwin,0,17.933,57.5,,,2025-11-17T02:47:33.321159,,1922
ML-DSA-87,512,sign,0,1,0.0,0,0,0,MacBook-Pro-4.local,darwin,0,18.1376,55.54,,,2025-11-17T02:47:33.321170,,1923
ML-DSA-87,512,sign,0,1,0.0,0,0,0,MacBook-Pro-4.local,darwin,0,17.1275,55.86,,,2025-11-17T02:47:33.321200,,1924
ML-DSA-87,512,sign,0,1,0.0,0,0,0,MacBook-Pro-4.local,darwin,0,18.1814,55.56,,,2025-11-17T02:47:33.321212,,1925
ML-DSA-87,512,sign,0,16,0.0,0,0,0,MacBook-Pro-4.local,darwin,0,18.7203,53.88,,,2025-11-17T02:47:33.321226,,1926
ML-DSA-87,512,sign,0,16,0.0,0,0,0,MacBook-Pro-4.local,darwin,0,17.8605,58.51,,,2025-11-17T02:47:33.321237,,1927
ML-DSA-87,512,sign,0,16,0.0,0,0,0,MacBook-Pro-4.local,darwin,0,18.1424,54.04,,,2025-11-17T02:47:33.321248,,1928
ML-DSA-87,512,sign,0,16,0.0,0,0,0,MacBook-Pro-4.local,darwin,0,18.2243,56.2,,,2025-11-17T02:47:33.321258,,1929
ML-DSA-87,512,sign,0,16,0.0,0,0,0,MacBook-Pro-4.local,darwin,0,17.8614,56.95,,,2025-11-17T02:47:33.321270,,1930
ML-DSA-87,512,sign,0,64,0.0,0,0,0,MacBook-Pro-4.local,darwin,0,20.9111,48.85,,,2025-11-17T02:47:33.321284,,1931
ML-DSA-87,512,sign,0,64,0.0,0,0,0,MacBook-Pro-4.local,darwin,0,20.6566,50.27,,,2025-11-17T02:47:33.321296,,1932
ML-DSA-87,512,sign,0,64,0.0,0,0,0,MacBook-Pro-4.local,darwin,0,19.3782,49.73,,,2025-11-17T02:47:33.321307,,1933
ML-DSA-87,512,sign,0,64,0.0,0,0,0,MacBook-Pro-4.local,darwin,0,20.7116,49.97,,,2025-11-17T02:47:33.321318,,1934
ML-DSA-87,512,sign,0,64,0.0,0,0,0,MacBook-Pro-4.local,darwin,0,19.2707,51.95,,,2025-11-17T02:47:33.321329,,1935
ML-DSA-87,512,sign,1024,1,0.0,0,0,0,MacBook-Pro-4.local,darwin,0,20.0957,52.18,,,2025-11-17T02:47:33.321343,,1936
ML-DSA-87,512,sign,1024,1,0.0,0,0,0,MacBook-Pro-4.local,darwin,0,19.886,48.05,,,2025-11-17T02:47:33.321354,,1937
ML-DSA-87,512,sign,1024,1,0.0,0,0,0,MacBook-Pro-4.local,darwin,0,20.5933,50.88,,,2025-11-17T02:47:33.321364,,1938
ML-DSA-87,512,sign,1024,1,0.0,0,0,0,MacBook-Pro-4.local,darwin,0,19.6442,50.48,,,2025-11-17T02:47:33.321375,,1939
ML-DSA-87,512,sign,1024,1,0.0,0,0,0,MacBook-Pro-4.local,darwin,0,20.2303,47.66,,,2025-11-17T02:47:33.321386,,1940
ML-DSA-87,512,sign,1024,16,0.0,0,0,0,MacBook-Pro-4.local,darwin,0,21.4666,47.2,,,2025-11-17T02:47:33.321399,,1941
ML-DSA-87,512,sign,1024,16,0.0,0,0,0,MacBook-Pro-4.local,darwin,0,20.9377,49.79,,,2025-11-17T02:47:33.321410,,1942
ML-DSA-87,512,sign,1024,16,0.0,0,0,0,MacBook-Pro-4.local,darwin,0,22.3644,46.82,,,2025-11-17T02:47:33.321420,,1943
ML-DSA-87,512,sign,1024,16,0.0,0,0,0,MacBook-Pro-4.local,darwin,0,20.8585,49.72,,,2025-11-17T02:47:33.321431,,1944
ML-DSA-87,512,sign,1024,16,0.0,0,0,0,MacBook-Pro-4.local,darwin,0,20.6487,48.69,,,2025-11-17T02:47:33.321441,,1945
ML-DSA-87,512,sign,1024,64,0.0,0,0,0,MacBook-Pro-4.local,darwin,0,22.6189,43.11,,,2025-11-17T02:47:33.321455,,1946
ML-DSA-87,512,sign,1024,64,0.0,0,0,0,MacBook-Pro-4.local,darwin,0,22.9941,42.56,,,2025-11-17T02:47:33.321465,,1947
ML-DSA-87,512,sign,1024,64,0.0,0,0,0,MacBook-Pro-4.local,darwin,0,23.8969,42.13,,,2025-11-17T02:47:33.321476,,1948
ML-DSA-87,512,sign,1024,64,0.0,0,0,0,MacBook-Pro-4.local,darwin,0,22.3833,43.96,,,2025-11-17T02:47:33.321488,,1949
ML-DSA-87,512,sign,1024,64,0.0,0,0,0,MacBook-Pro-4.local,darwin,0,23.3047,42.39,,,2025-11-17T02:47:33.321498,,1950
ML-DSA-87,512,verify,0,1,0.0,0,0,0,MacBook-Pro-4.local,darwin,0,9.4167,103.78,,,2025-11-17T02:47:33.321513,,1951
ML-DSA-87,512,verify,0,1,0.0,0,0,0,MacBook-Pro-4.local,darwin,0,9.7368,106.32,,,2025-11-17T02:47:33.321524,,1952
ML-DSA-87,512,verify,0,1,0.0,0,0,0,MacBook-Pro-4.local,darwin,0,9.1593,113.12,,,2025-11-17T02:47:33.321535,,1953
ML-DSA-87,512,verify,0,1,0.0,0,0,0,MacBook-Pro-4.local,darwin,0,10.48,93.43,,,2025-11-17T02:47:33.321545,,1954
ML-DSA-87,512,verify,0,1,0.0,0,0,0,MacBook-Pro-4.local,darwin,0,9.0761,109.48,,,2025-11-17T02:47:33.321556,,1955
ML-DSA-87,512,verify,0,16,0.0,0,0,0,MacBook-Pro-4.local,darwin,0,10.2267,95.44,,,2025-11-17T02:47:33.321569,,1956
ML-DSA-87,512,verify,0,16,0.0,0,0,0,MacBook-Pro-4.local,darwin,0,9.72,105.18,,,2025-11-17T02:47:33.321580,,1957
ML-DSA-87,512,verify,0,16,0.0,0,0,0,MacBook-Pro-4.local,darwin,0,10.0823,101.21,,,2025-11-17T02:47:33.321591,,1958
ML-DSA-87,512,verify,0,16,0.0,0,0,0,MacBook-Pro-4.local,darwin,0,10.2814,101.59,,,2025-11-17T02:47:33.321601,,1959
ML-DSA-87,512,verify,0,16,0.0,0,0,0,MacBook-Pro-4.local,darwin,0,10.7639,89.46,,,2025-11-17T02:47:33.321612,,1960
ML-DSA-87,512,verify,0,64,0.0,0,0,0,MacBook-Pro-4.local,darwin,0,11.4031,83.77,,,2025-11-17T02:47:33.321625,,1961
ML-DSA-87,512,verify,0,64,0.0,0,0,0,MacBook-Pro-4.local,darwin,0,10.2851,98.81,,,2025-11-17T02:47:33.321636,,1962
ML-DSA-87,512,verify,0,64,0.0,0,0,0,MacBook-Pro-4.local,darwin,0,10.295,93.56,,,2025-11-17T02:47:33.321647,,1963
ML-DSA-87,512,verify,0,64,0.0,0,0,0,MacBook-Pro-4.local,darwin,0,11.673,86.08,,,2025-11-17T02:47:33.321657,,1964
ML-DSA-87,512,verify,0,64,0.0,0,0,0,MacBook-Pro-4.local,darwin,0,10.3233,98.1,,,2025-11-17T02:47:33.321668,,1965
ML-DSA-87,512,verify,1024,1,0.0,0,0,0,MacBook-Pro-4.local,darwin,0,10.1865,99.67,,,2025-11-17T02:47:33.321681,,1966
ML-DSA-87,512,verify,1024,1,0.0,0,0,0,MacBook-Pro-4.local,darwin,0,10.7472,92.45,,,2025-11-17T02:47:33.321692,,1967
ML-DSA-87,512,verify,1024,1,0.0,0,0,0,MacBook-Pro-4.local,darwin,0,10.3416,92.2,,,2025-11-17T02:47:33.321703,,1968
ML-DSA-87,512,verify,1024,1,0.0,0,0,0,MacBook-Pro-4.local,darwin,0,11.6963,83.95,,,2025-11-17T02:47:33.321714,,1969
ML-DSA-87,512,verify,1024,1,0.0,0,0,0,MacBook-Pro-4.local,darwin,0,10.9557,87.09,,,2025-11-17T02:47:33.321724,,1970
ML-DSA-87,512,verify,1024,16,0.0,0,0,0,MacBook-Pro-4.local,darwin,0,10.607,98.83,,,2025-11-17T02:47:33.321738,,1971
ML-DSA-87,512,verify,1024,16,0.0,0,0,0,MacBook-Pro-4.local,darwin,0,11.8391,82.32,,,2025-11-17T02:47:33.321748,,1972
ML-DSA-87,512,verify,1024,16,0.0,0,0,0,MacBook-Pro-4.local,darwin,0,11.1013,89.3,,,2025-11-17T02:47:33.321759,,1973
ML-DSA-87,512,verify,1024,16,0.0,0,0,0,MacBook-Pro-4.local,darwin,0,12.0074,86.77,,,2025-11-17T02:47:33.321769,,1974
ML-DSA-87,512,verify,1024,16,0.0,0,0,0,MacBook-Pro-4.local,darwin,0,10.7024,88.94,,,2025-11-17T02:47:33.321780,,1975
ML-DSA-87,512,verify,1024,64,0.0,0,0,0,MacBook-Pro-4.local,darwin,0,12.0997,84.88,,,2025-11-17T02:47:33.321795,,1976
ML-DSA-87,512,verify,1024,64,0.0,0,0,0,MacBook-Pro-4.local,darwin,0,12.6881,76.73,,,2025-11-17T02:47:33.321806,,1977
ML-DSA-87,512,verify,1024,64,0.0,0,0,0,MacBook-Pro-4.local,darwin,0,12.0154,79.17,,,2025-11-17T02:47:33.321816,,1978
ML-DSA-87,512,verify,1024,64,0.0,0,0,0,MacBook-Pro-4.local,darwin,0,11.1643,90.95,,,2025-11-17T02:47:33.321827,,1979
ML-DSA-87,512,verify,1024,64,0.0,0,0,0,MacBook-Pro-4.local,darwin,0,12.8201,76.4,,,2025-11-17T02:47:33.321838,,1980
ML-DSA-87,768,keygen,0,1,0.0,0,0,0,MacBook-Pro-4.local,darwin,0,14.9135,68.0,,,2025-11-17T02:47:33.321852,,1981
ML-DSA-87,768,keygen,0,1,0.0,0,0,0,MacBook-Pro-4.local,darwin,0,14.366,66.43,,,2025-11-17T02:47:33.321863,,1982
ML-DSA-87,768,keygen,0,1,0.0,0,0,0,MacBook-Pro-4.local,darwin,0,14.81,65.29,,,2025-11-17T02:47:33.321874,,1983
ML-DSA-87,768,keygen,0,1,0.0,0,0,0,MacBook-Pro-4.local,darwin,0,14.5381,66.66,,,2025-11-17T02:47:33.321884,,1984
ML-DSA-87,768,keygen,0,1,0.0,0,0,0,MacBook-Pro-4.local,darwin,0,14.556,67.42,,,2025-11-17T02:47:33.321895,,1985
ML-DSA-87,768,keygen,0,16,0.0,0,0,0,MacBook-Pro-4.local,darwin,0,14.7402,69.43,,,2025-11-17T02:47:33.321909,,1986
ML-DSA-87,768,keygen,0,16,0.0,0,0,0,MacBook-Pro-4.local,darwin,0,14.1216,70.17,,,2025-11-17T02:47:33.321920,,1987
ML-DSA-87,768,keygen,0,16,0.0,0,0,0,MacBook-Pro-4.local,darwin,0,14.2552,69.12,,,2025-11-17T02:47:33.321931,,1988
ML-DSA-87,768,keygen,0,16,0.0,0,0,0,MacBook-Pro-4.local,darwin,0,14.416,71.13,,,2025-11-17T02:47:33.321942,,1989
ML-DSA-87,768,keygen,0,16,0.0,0,0,0,MacBook-Pro-4.local,darwin,0,15.2235,63.59,,,2025-11-17T02:47:33.321953,,1990
ML-DSA-87,768,keygen,0,64,0.0,0,0,0,MacBook-Pro-4.local,darwin,0,16.0927,61.94,,,2025-11-17T02:47:33.321967,,1991
ML-DSA-87,768,keygen,0,64,0.0,0,0,0,MacBook-Pro-4.local,darwin,0,15.8762,65.54,,,2025-11-17T02:47:33.321978,,1992
ML-DSA-87,768,keygen,0,64,0.0,0,0,0,MacBook-Pro-4.local,darwin,0,16.206,61.39,,,2025-11-17T02:47:33.321988,,1993
ML-DSA-87,768,keygen,0,64,0.0,0,0,0,MacBook-Pro-4.local,darwin,0,16.3316,62.97,,,2025-11-17T02:47:33.321999,,1994
ML-DSA-87,768,keygen,0,64,0.0,0,0,0,MacBook-Pro-4.local,darwin,0,15.5697,62.36,,,2025-11-17T02:47:33.322010,,1995
ML-DSA-87,768,keygen,1024,1,0.0,0,0,0,MacBook-Pro-4.local,darwin,0,15.7921,60.41,,,2025-11-17T02:47:33.322046,,1996
ML-DSA-87,768,keygen,1024,1,0.0,0,0,0,MacBook-Pro-4.local,darwin,0,16.6833,57.23,,,2025-11-17T02:47:33.322058,,1997
ML-DSA-87,768,keygen,1024,1,0.0,0,0,0,MacBook-Pro-4.local,darwin,0,16.2461,64.34,,,2025-11-17T02:47:33.322070,,1998
ML-DSA-87,768,keygen,1024,1,0.0,0,0,0,MacBook-Pro-4.local,darwin,0,16.0567,60.05,,,2025-11-17T02:47:33.322082,,1999
ML-DSA-87,768,keygen,1024,1,0.0,0,0,0,MacBook-Pro-4.local,darwin,0,15.6277,64.96,,,2025-11-17T02:47:33.322092,,2000
ML-DSA-87,768,keygen,1024,16,0.0,0,0,0,MacBook-Pro-4.local,darwin,0,17.5426,56.92,,,2025-11-17T02:47:33.322106,,2001
ML-DSA-87,768,keygen,1024,16,0.0,0,0,0,MacBook-Pro-4.local,darwin,0,16.2163,60.12,,,2025-11-17T02:47:33.322117,,2002
ML-DSA-87,768,keygen,1024,16,0.0,0,0,0,MacBook-Pro-4.local,darwin,0,15.9417,63.6,,,2025-11-17T02:47:33.322127,,2003
ML-DSA-87,768,keygen,1024,16,0.0,0,0,0,MacBook-Pro-4.local,darwin,0,17.5027,59.52,,,2025-11-17T02:47:33.322138,,2004
ML-DSA-87,768,keygen,1024,16,0.0,0,0,0,MacBook-Pro-4.local,darwin,0,17.314,59.54,,,2025-11-17T02:47:33.322148,,2005
ML-DSA-87,768,keygen,1024,64,0.0,0,0,0,MacBook-Pro-4.local,darwin,0,18.3274,56.2,,,2025-11-17T02:47:33.322162,,2006
ML-DSA-87,768,keygen,1024,64,0.0,0,0,0,MacBook-Pro-4.local,darwin,0,18.1329,53.87,,,2025-11-17T02:47:33.322173,,2007
ML-DSA-87,768,keygen,1024,64,0.0,0,0,0,MacBook-Pro-4.local,darwin,0,18.3953,54.41,,,2025-11-17T02:47:33.322184,,2008
ML-DSA-87,768,keygen,1024,64,0.0,0,0,0,MacBook-Pro-4.local,darwin,0,17.8403,54.21,,,2025-11-17T02:47:33.322194,,2009
ML-DSA-87,768,keygen,1024,64,0.0,0,0,0,MacBook-Pro-4.local,darwin,0,17.9341,54.43,,,2025-11-17T02:47:33.322205,,2010
ML-DSA-87,768,sign,0,1,0.0,0,0,0,MacBook-Pro-4.local,darwin,0,17.9069,54.17,,,2025-11-17T02:47:33.322219,,2011
ML-DSA-87,768,sign,0,1,0.0,0,0,0,MacBook-Pro-4.local,darwin,0,18.0226,53.63,,,2025-11-17T02:47:33.322230,,2012
ML-DSA-87,768,sign,0,1,0.0,0,0,0,MacBook-Pro-4.local,darwin,0,18.6095,51.14,,,2025-11-17T02:47:33.322240,,2013
ML-DSA-87,768,sign,0,1,0.0,0,0,0,MacBook-Pro-4.local,darwin,0,17.6177,55.32,,,2025-11-17T02:47:33.322251,,2014
ML-DSA-87,768,sign,0,1,0.0,0,0,0,MacBook-Pro-4.local,darwin,0,18.9977,54.84,,,2025-11-17T02:47:33.322261,,2015
ML-DSA-87,768,sign,0,16,0.0,0,0,0,MacBook-Pro-4.local,darwin,0,19.3495,52.37,,,2025-11-17T02:47:33.322274,,2016
ML-DSA-87,768,sign,0,16,0.0,0,0,0,MacBook-Pro-4.local,darwin,0,17.7587,56.09,,,2025-11-17T02:47:33.322285,,2017
ML-DSA-87,768,sign,0,16,0.0,0,0,0,MacBook-Pro-4.local,darwin,0,18.222,56.55,,,2025-11-17T02:47:33.322295,,2018
ML-DSA-87,768,sign,0,16,0.0,0,0,0,MacBook-Pro-4.local,darwin,0,18.1889,52.34,,,2025-11-17T02:47:33.322306,,2019
ML-DSA-87,768,sign,0,16,0.0,0,0,0,MacBook-Pro-4.local,darwin,0,18.3306,54.74,,,2025-11-17T02:47:33.322316,,2020
ML-DSA-87,768,sign,0,64,0.0,0,0,0,MacBook-Pro-4.local,darwin,0,19.9263,52.25,,,2025-11-17T02:47:33.322330,,2021
ML-DSA-87,768,sign,0,64,0.0,0,0,0,MacBook-Pro-4.local,darwin,0,19.6689,48.58,,,2025-11-17T02:47:33.322340,,2022
ML-DSA-87,768,sign,0,64,0.0,0,0,0,MacBook-Pro-4.local,darwin,0,20.1271,48.17,,,2025-11-17T02:47:33.322350,,2023
ML-DSA-87,768,sign,0,64,0.0,0,0,0,MacBook-Pro-4.local,darwin,0,21.1355,48.35,,,2025-11-17T02:47:33.322361,,2024
ML-DSA-87,768,sign,0,64,0.0,0,0,0,MacBook-Pro-4.local,darwin,0,20.6525,49.41,,,2025-11-17T02:47:33.322371,,2025
ML-DSA-87,768,sign,1024,1,0.0,0,0,0,MacBook-Pro-4.local,darwin,0,21.4518,48.08,,,2025-11-17T02:47:33.322385,,2026
ML-DSA-87,768,sign,1024,1,0.0,0,0,0,MacBook-Pro-4.local,darwin,0,20.4602,47.2,,,2025-11-17T02:47:33.322396,,2027
ML-DSA-87,768,sign,1024,1,0.0,0,0,0,MacBook-Pro-4.local,darwin,0,21.2234,44.91,,,2025-11-17T02:47:33.322406,,2028
ML-DSA-87,768,sign,1024,1,0.0,0,0,0,MacBook-Pro-4.local,darwin,0,21.2206,47.93,,,2025-11-17T02:47:33.322417,,2029
ML-DSA-87,768,sign,1024,1,0.0,0,0,0,MacBook-Pro-4.local,darwin,0,20.4104,47.38,,,2025-11-17T02:47:33.322428,,2030
ML-DSA-87,768,sign,1024,16,0.0,0,0,0,MacBook-Pro-4.local,darwin,0,21.622,45.47,,,2025-11-17T02:47:33.322441,,2031
ML-DSA-87,768,sign,1024,16,0.0,0,0,0,MacBook-Pro-4.local,darwin,0,20.474,46.89,,,2025-11-17T02:47:33.322452,,2032
ML-DSA-87,768,sign,1024,16,0.0,0,0,0,MacBook-Pro-4.local,darwin,0,21.156,47.04,,,2025-11-17T02:47:33.322463,,2033
ML-DSA-87,768,sign,1024,16,0.0,0,0,0,MacBook-Pro-4.local,darwin,0,21.968,47.68,,,2025-11-17T02:47:33.322473,,2034
ML-DSA-87,768,sign,1024,16,0.0,0,0,0,MacBook-Pro-4.local,darwin,0,21.2857,48.88,,,2025-11-17T02:47:33.322483,,2035
ML-DSA-87,768,sign,1024,64,0.0,0,0,0,MacBook-Pro-4.local,darwin,0,22.9215,43.24,,,2025-11-17T02:47:33.322497,,2036
ML-DSA-87,768,sign,1024,64,0.0,0,0,0,MacBook-Pro-4.local,darwin,0,22.6401,43.66,,,2025-11-17T02:47:33.322508,,2037
ML-DSA-87,768,sign,1024,64,0.0,0,0,0,MacBook-Pro-4.local,darwin,0,22.697,42.1,,,2025-11-17T02:47:33.322519,,2038
ML-DSA-87,768,sign,1024,64,0.0,0,0,0,MacBook-Pro-4.local,darwin,0,22.9308,44.86,,,2025-11-17T02:47:33.322529,,2039
ML-DSA-87,768,sign,1024,64,0.0,0,0,0,MacBook-Pro-4.local,darwin,0,23.2117,43.5,,,2025-11-17T02:47:33.322540,,2040
ML-DSA-87,768,verify,0,1,0.0,0,0,0,MacBook-Pro-4.local,darwin,0,9.6956,106.47,,,2025-11-17T02:47:33.322554,,2041
ML-DSA-87,768,verify,0,1,0.0,0,0,0,MacBook-Pro-4.local,darwin,0,9.2405,109.88,,,2025-11-17T02:47:33.322564,,2042
ML-DSA-87,768,verify,0,1,0.0,0,0,0,MacBook-Pro-4.local,darwin,0,9.2492,105.02,,,2025-11-17T02:47:33.322575,,2043
ML-DSA-87,768,verify,0,1,0.0,0,0,0,MacBook-Pro-4.local,darwin,0,8.9905,107.17,,,2025-11-17T02:47:33.322586,,2044
ML-DSA-87,768,verify,0,1,0.0,0,0,0,MacBook-Pro-4.local,darwin,0,9.5911,109.19,,,2025-11-17T02:47:33.322596,,2045
ML-DSA-87,768,verify,0,16,0.0,0,0,0,MacBook-Pro-4.local,darwin,0,9.4883,105.97,,,2025-11-17T02:47:33.322610,,2046
ML-DSA-87,768,verify,0,16,0.0,0,0,0,MacBook-Pro-4.local,darwin,0,9.1423,106.08,,,2025-11-17T02:47:33.322621,,2047
ML-DSA-87,768,verify,0,16,0.0,0,0,0,MacBook-Pro-4.local,darwin,0,9.3299,104.51,,,2025-11-17T02:47:33.322631,,2048
ML-DSA-87,768,verify,0,16,0.0,0,0,0,MacBook-Pro-4.local,darwin,0,9.9294,101.77,,,2025-11-17T02:47:33.322642,,2049
ML-DSA-87,768,verify,0,16,0.0,0,0,0,MacBook-Pro-4.local,darwin,0,9.9788,98.0,,,2025-11-17T02:47:33.322652,,2050
ML-DSA-87,768,verify,0,64,0.0,0,0,0,MacBook-Pro-4.local,darwin,0,10.963,92.11,,,2025-11-17T02:47:33.322666,,2051
ML-DSA-87,768,verify,0,64,0.0,0,0,0,MacBook-Pro-4.local,darwin,0,10.4257,96.66,,,2025-11-17T02:47:33.322677,,2052
ML-DSA-87,768,verify,0,64,0.0,0,0,0,MacBook-Pro-4.local,darwin,0,11.6719,82.96,,,2025-11-17T02:47:33.322687,,2053
ML-DSA-87,768,verify,0,64,0.0,0,0,0,MacBook-Pro-4.local,darwin,0,10.3975,92.59,,,2025-11-17T02:47:33.322705,,2054
ML-DSA-87,768,verify,0,64,0.0,0,0,0,MacBook-Pro-4.local,darwin,0,10.3361,93.9,,,2025-11-17T02:47:33.322716,,2055
ML-DSA-87,768,verify,1024,1,0.0,0,0,0,MacBook-Pro-4.local,darwin,0,10.8904,89.39,,,2025-11-17T02:47:33.322731,,2056
ML-DSA-87,768,verify,1024,1,0.0,0,0,0,MacBook-Pro-4.local,darwin,0,11.0859,92.28,,,2025-11-17T02:47:33.322741,,2057
ML-DSA-87,768,verify,1024,1,0.0,0,0,0,MacBook-Pro-4.local,darwin,0,11.1138,91.81,,,2025-11-17T02:47:33.322752,,2058
ML-DSA-87,768,verify,1024,1,0.0,0,0,0,MacBook-Pro-4.local,darwin,0,10.8024,89.03,,,2025-11-17T02:47:33.322763,,2059
ML-DSA-87,768,verify,1024,1,0.0,0,0,0,MacBook-Pro-4.local,darwin,0,11.1288,90.5,,,2025-11-17T02:47:33.322774,,2060
ML-DSA-87,768,verify,1024,16,0.0,0,0,0,MacBook-Pro-4.local,darwin,0,12.0612,83.18,,,2025-11-17T02:47:33.322789,,2061
ML-DSA-87,768,verify,1024,16,0.0,0,0,0,MacBook-Pro-4.local,darwin,0,10.9823,92.78,,,2025-11-17T02:47:33.322799,,2062
ML-DSA-87,768,verify,1024,16,0.0,0,0,0,MacBook-Pro-4.local,darwin,0,11.3545,87.4,,,2025-11-17T02:47:33.322810,,2063
ML-DSA-87,768,verify,1024,16,0.0,0,0,0,MacBook-Pro-4.local,darwin,0,11.315,92.28,,,2025-11-17T02:47:33.322820,,2064
ML-DSA-87,768,verify,1024,16,0.0,0,0,0,MacBook-Pro-4.local,darwin,0,10.4089,92.42,,,2025-11-17T02:47:33.322858,,2065
ML-DSA-87,768,verify,1024,64,0.0,0,0,0,MacBook-Pro-4.local,darwin,0,11.6108,83.92,,,2025-11-17T02:47:33.322872,,2066
ML-DSA-87,768,verify,1024,64,0.0,0,0,0,MacBook-Pro-4.local,darwin,0,12.5681,76.66,,,2025-11-17T02:47:33.322883,,2067
ML-DSA-87,768,verify,1024,64,0.0,0,0,0,MacBook-Pro-4.local,darwin,0,12.3527,77.1,,,2025-11-17T02:47:33.322915,,2068
ML-DSA-87,768,verify,1024,64,0.0,0,0,0,MacBook-Pro-4.local,darwin,0,12.6097,77.65,,,2025-11-17T02:47:33.322926,,2069
ML-DSA-87,768,verify,1024,64,0.0,0,0,0,MacBook-Pro-4.local,darwin,0,12.154,86.13,,,2025-11-17T02:47:33.322937,,2070
ML-DSA-87,1024,keygen,0,1,0.0,0,0,0,MacBook-Pro-4.local,darwin,0,14.0749,70.79,,,2025-11-17T02:47:33.322952,,2071
ML-DSA-87,1024,keygen,0,1,0.0,0,0,0,MacBook-Pro-4.local,darwin,0,15.1138,66.25,,,2025-11-17T02:47:33.322962,,2072
ML-DSA-87,1024,keygen,0,1,0.0,0,0,0,MacBook-Pro-4.local,darwin,0,14.2691,71.87,,,2025-11-17T02:47:33.322973,,2073
ML-DSA-87,1024,keygen,0,1,0.0,0,0,0,MacBook-Pro-4.local,darwin,0,14.9448,66.04,,,2025-11-17T02:47:33.322984,,2074
ML-DSA-87,1024,keygen,0,1,0.0,0,0,0,MacBook-Pro-4.local,darwin,0,14.3171,69.25,,,2025-11-17T02:47:33.322995,,2075
ML-DSA-87,1024,keygen,0,16,0.0,0,0,0,MacBook-Pro-4.local,darwin,0,15.3219,67.03,,,2025-11-17T02:47:33.323009,,2076
ML-DSA-87,1024,keygen,0,16,0.0,0,0,0,MacBook-Pro-4.local,darwin,0,14.0502,70.18,,,2025-11-17T02:47:33.323020,,2077
ML-DSA-87,1024,keygen,0,16,0.0,0,0,0,MacBook-Pro-4.local,darwin,0,16.3328,59.27,,,2025-11-17T02:47:33.323030,,2078
ML-DSA-87,1024,keygen,0,16,0.0,0,0,0,MacBook-Pro-4.local,darwin,0,14.8469,68.28,,,2025-11-17T02:47:33.323041,,2079
ML-DSA-87,1024,keygen,0,16,0.0,0,0,0,MacBook-Pro-4.local,darwin,0,14.7769,65.27,,,2025-11-17T02:47:33.323051,,2080
ML-DSA-87,1024,keygen,0,64,0.0,0,0,0,MacBook-Pro-4.local,darwin,0,15.6279,64.06,,,2025-11-17T02:47:33.323065,,2081
ML-DSA-87,1024,keygen,0,64,0.0,0,0,0,MacBook-Pro-4.local,darwin,0,16.7718,57.35,,,2025-11-17T02:47:33.323076,,2082
ML-DSA-87,1024,keygen,0,64,0.0,0,0,0,MacBook-Pro-4.local,darwin,0,16.5431,58.94,,,2025-11-17T02:47:33.323086,,2083
ML-DSA-87,1024,keygen,0,64,0.0,0,0,0,MacBook-Pro-4.local,darwin,0,16.8031,58.36,,,2025-11-17T02:47:33.323096,,2084
ML-DSA-87,1024,keygen,0,64,0.0,0,0,0,MacBook-Pro-4.local,darwin,0,16.323,62.32,,,2025-11-17T02:47:33.323107,,2085
ML-DSA-87,1024,keygen,1024,1,0.0,0,0,0,MacBook-Pro-4.local,darwin,0,15.2139,65.22,,,2025-11-17T02:47:33.323121,,2086
ML-DSA-87,1024,keygen,1024,1,0.0,0,0,0,MacBook-Pro-4.local,darwin,0,16.3257,64.1,,,2025-11-17T02:47:33.323132,,2087
ML-DSA-87,1024,keygen,1024,1,0.0,0,0,0,MacBook-Pro-4.local,darwin,0,15.4524,66.12,,,2025-11-17T02:47:33.323143,,2088
ML-DSA-87,1024,keygen,1024,1,0.0,0,0,0,MacBook-Pro-4.local,darwin,0,15.4212,63.24,,,2025-11-17T02:47:33.323153,,2089
ML-DSA-87,1024,keygen,1024,1,0.0,0,0,0,MacBook-Pro-4.local,darwin,0,16.5975,59.29,,,2025-11-17T02:47:33.323164,,2090
ML-DSA-87,1024,keygen,1024,16,0.0,0,0,0,MacBook-Pro-4.local,darwin,0,16.4812,63.33,,,2025-11-17T02:47:33.323178,,2091
ML-DSA-87,1024,keygen,1024,16,0.0,0,0,0,MacBook-Pro-4.local,darwin,0,16.7661,61.7,,,2025-11-17T02:47:33.323188,,2092
ML-DSA-87,1024,keygen,1024,16,0.0,0,0,0,MacBook-Pro-4.local,darwin,0,17.5331,55.15,,,2025-11-17T02:47:33.323199,,2093
ML-DSA-87,1024,keygen,1024,16,0.0,0,0,0,MacBook-Pro-4.local,darwin,0,17.0818,56.4,,,2025-11-17T02:47:33.323209,,2094
ML-DSA-87,1024,keygen,1024,16,0.0,0,0,0,MacBook-Pro-4.local,darwin,0,16.3614,61.02,,,2025-11-17T02:47:33.323219,,2095
ML-DSA-87,1024,keygen,1024,64,0.0,0,0,0,MacBook-Pro-4.local,darwin,0,17.9449,54.54,,,2025-11-17T02:47:33.323233,,2096
ML-DSA-87,1024,keygen,1024,64,0.0,0,0,0,MacBook-Pro-4.local,darwin,0,17.3799,54.89,,,2025-11-17T02:47:33.323243,,2097
ML-DSA-87,1024,keygen,1024,64,0.0,0,0,0,MacBook-Pro-4.local,darwin,0,17.6321,56.8,,,2025-11-17T02:47:33.323254,,2098
ML-DSA-87,1024,keygen,1024,64,0.0,0,0,0,MacBook-Pro-4.local,darwin,0,17.4232,59.12,,,2025-11-17T02:47:33.323264,,2099
ML-DSA-87,1024,keygen,1024,64,0.0,0,0,0,MacBook-Pro-4.local,darwin,0,18.2672,56.97,,,2025-11-17T02:47:33.323275,,2100
ML-DSA-87,1024,sign,0,1,0.0,0,0,0,MacBook-Pro-4.local,darwin,0,18.5785,51.23,,,2025-11-17T02:47:33.323289,,2101
ML-DSA-87,1024,sign,0,1,0.0,0,0,0,MacBook-Pro-4.local,darwin,0,18.3408,52.4,,,2025-11-17T02:47:33.323299,,2102
ML-DSA-87,1024,sign,0,1,0.0,0,0,0,MacBook-Pro-4.local,darwin,0,18.4562,51.96,,,2025-11-17T02:47:33.323310,,2103
ML-DSA-87,1024,sign,0,1,0.0,0,0,0,MacBook-Pro-4.local,darwin,0,17.6729,55.42,,,2025-11-17T02:47:33.323321,,2104
ML-DSA-87,1024,sign,0,1,0.0,0,0,0,MacBook-Pro-4.local,darwin,0,18.1245,54.83,,,2025-11-17T02:47:33.323332,,2105
ML-DSA-87,1024,sign,0,16,0.0,0,0,0,MacBook-Pro-4.local,darwin,0,18.5684,55.88,,,2025-11-17T02:47:33.323345,,2106
ML-DSA-87,1024,sign,0,16,0.0,0,0,0,MacBook-Pro-4.local,darwin,0,17.9845,53.3,,,2025-11-17T02:47:33.323356,,2107
ML-DSA-87,1024,sign,0,16,0.0,0,0,0,MacBook-Pro-4.local,darwin,0,18.7699,52.71,,,2025-11-17T02:47:33.323366,,2108
ML-DSA-87,1024,sign,0,16,0.0,0,0,0,MacBook-Pro-4.local,darwin,0,18.8767,53.76,,,2025-11-17T02:47:33.323377,,2109
ML-DSA-87,1024,sign,0,16,0.0,0,0,0,MacBook-Pro-4.local,darwin,0,17.7362,57.11,,,2025-11-17T02:47:33.323387,,2110
ML-DSA-87,1024,sign,0,64,0.0,0,0,0,MacBook-Pro-4.local,darwin,0,19.6608,48.97,,,2025-11-17T02:47:33.323400,,2111
ML-DSA-87,1024,sign,0,64,0.0,0,0,0,MacBook-Pro-4.local,darwin,0,19.6706,48.64,,,2025-11-17T02:47:33.323411,,2112
ML-DSA-87,1024,sign,0,64,0.0,0,0,0,MacBook-Pro-4.local,darwin,0,20.7011,49.33,,,2025-11-17T02:47:33.323422,,2113
ML-DSA-87,1024,sign,0,64,0.0,0,0,0,MacBook-Pro-4.local,darwin,0,20.5561,47.64,,,2025-11-17T02:47:33.323432,,2114
ML-DSA-87,1024,sign,0,64,0.0,0,0,0,MacBook-Pro-4.local,darwin,0,19.6238,52.21,,,2025-11-17T02:47:33.323443,,2115
ML-DSA-87,1024,sign,1024,1,0.0,0,0,0,MacBook-Pro-4.local,darwin,0,19.5046,51.47,,,2025-11-17T02:47:33.323456,,2116
ML-DSA-87,1024,sign,1024,1,0.0,0,0,0,MacBook-Pro-4.local,darwin,0,21.6889,46.22,,,2025-11-17T02:47:33.323467,,2117
ML-DSA-87,1024,sign,1024,1,0.0,0,0,0,MacBook-Pro-4.local,darwin,0,20.281,49.43,,,2025-11-17T02:47:33.323478,,2118
ML-DSA-87,1024,sign,1024,1,0.0,0,0,0,MacBook-Pro-4.local,darwin,0,20.9782,46.94,,,2025-11-17T02:47:33.323488,,2119
ML-DSA-87,1024,sign,1024,1,0.0,0,0,0,MacBook-Pro-4.local,darwin,0,20.9526,45.65,,,2025-11-17T02:47:33.323499,,2120
ML-DSA-87,1024,sign,1024,16,0.0,0,0,0,MacBook-Pro-4.local,darwin,0,21.6737,45.25,,,2025-11-17T02:47:33.323512,,2121
ML-DSA-87,1024,sign,1024,16,0.0,0,0,0,MacBook-Pro-4.local,darwin,0,20.663,48.12,,,2025-11-17T02:47:33.323523,,2122
ML-DSA-87,1024,sign,1024,16,0.0,0,0,0,MacBook-Pro-4.local,darwin,0,21.0012,46.43,,,2025-11-17T02:47:33.323533,,2123
ML-DSA-87,1024,sign,1024,16,0.0,0,0,0,MacBook-Pro-4.local,darwin,0,20.7824,45.97,,,2025-11-17T02:47:33.323544,,2124
ML-DSA-87,1024,sign,1024,16,0.0,0,0,0,MacBook-Pro-4.local,darwin,0,20.9031,48.0,,,2025-11-17T02:47:33.323555,,2125
ML-DSA-87,1024,sign,1024,64,0.0,0,0,0,MacBook-Pro-4.local,darwin,0,21.9252,47.01,,,2025-11-17T02:47:33.323568,,2126
ML-DSA-87,1024,sign,1024,64,0.0,0,0,0,MacBook-Pro-4.local,darwin,0,23.2377,42.3,,,2025-11-17T02:47:33.323579,,2127
ML-DSA-87,1024,sign,1024,64,0.0,0,0,0,MacBook-Pro-4.local,darwin,0,22.7673,45.71,,,2025-11-17T02:47:33.323589,,2128
ML-DSA-87,1024,sign,1024,64,0.0,0,0,0,MacBook-Pro-4.local,darwin,0,23.2805,43.31,,,2025-11-17T02:47:33.323600,,2129
ML-DSA-87,1024,sign,1024,64,0.0,0,0,0,MacBook-Pro-4.local,darwin,0,23.4309,42.66,,,2025-11-17T02:47:33.323610,,2130
ML-DSA-87,1024,verify,0,1,0.0,0,0,0,MacBook-Pro-4.local,darwin,0,9.3611,109.19,,,2025-11-17T02:47:33.323626,,2131
ML-DSA-87,1024,verify,0,1,0.0,0,0,0,MacBook-Pro-4.local,darwin,0,10.2347,97.45,,,2025-11-17T02:47:33.323637,,2132
ML-DSA-87,1024,verify,0,1,0.0,0,0,0,MacBook-Pro-4.local,darwin,0,9.6109,105.62,,,2025-11-17T02:47:33.323648,,2133
ML-DSA-87,1024,verify,0,1,0.0,0,0,0,MacBook-Pro-4.local,darwin,0,9.7513,97.56,,,2025-11-17T02:47:33.323660,,2134
ML-DSA-87,1024,verify,0,1,0.0,0,0,0,MacBook-Pro-4.local,darwin,0,9.3424,107.59,,,2025-11-17T02:47:33.323670,,2135
ML-DSA-87,1024,verify,0,16,0.0,0,0,0,MacBook-Pro-4.local,darwin,0,9.7201,97.8,,,2025-11-17T02:47:33.323684,,2136
ML-DSA-87,1024,verify,0,16,0.0,0,0,0,MacBook-Pro-4.local,darwin,0,10.4351,95.05,,,2025-11-17T02:47:33.323694,,2137
ML-DSA-87,1024,verify,0,16,0.0,0,0,0,MacBook-Pro-4.local,darwin,0,9.6264,99.45,,,2025-11-17T02:47:33.323705,,2138
ML-DSA-87,1024,verify,0,16,0.0,0,0,0,MacBook-Pro-4.local,darwin,0,9.9575,97.38,,,2025-11-17T02:47:33.323734,,2139
ML-DSA-87,1024,verify,0,16,0.0,0,0,0,MacBook-Pro-4.local,darwin,0,9.8497,103.54,,,2025-11-17T02:47:33.323746,,2140
ML-DSA-87,1024,verify,0,64,0.0,0,0,0,MacBook-Pro-4.local,darwin,0,11.7835,82.45,,,2025-11-17T02:47:33.323760,,2141
ML-DSA-87,1024,verify,0,64,0.0,0,0,0,MacBook-Pro-4.local,darwin,0,10.5898,97.85,,,2025-11-17T02:47:33.323771,,2142
ML-DSA-87,1024,verify,0,64,0.0,0,0,0,MacBook-Pro-4.local,darwin,0,10.9195,88.37,,,2025-11-17T02:47:33.323782,,2143
ML-DSA-87,1024,verify,0,64,0.0,0,0,0,MacBook-Pro-4.local,darwin,0,10.9332,91.7,,,2025-11-17T02:47:33.323793,,2144
ML-DSA-87,1024,verify,0,64,0.0,0,0,0,MacBook-Pro-4.local,darwin,0,10.7672,96.77,,,2025-11-17T02:47:33.323804,,2145
ML-DSA-87,1024,verify,1024,1,0.0,0,0,0,MacBook-Pro-4.local,darwin,0,10.3989,97.46,,,2025-11-17T02:47:33.323817,,2146
ML-DSA-87,1024,verify,1024,1,0.0,0,0,0,MacBook-Pro-4.local,darwin,0,11.3305,85.44,,,2025-11-17T02:47:33.323828,,2147
ML-DSA-87,1024,verify,1024,1,0.0,0,0,0,MacBook-Pro-4.local,darwin,0,10.2206,100.2,,,2025-11-17T02:47:33.323839,,2148
ML-DSA-87,1024,verify,1024,1,0.0,0,0,0,MacBook-Pro-4.local,darwin,0,10.7137,97.05,,,2025-11-17T02:47:33.323850,,2149
ML-DSA-87,1024,verify,1024,1,0.0,0,0,0,MacBook-Pro-4.local,darwin,0,11.363,91.5,,,2025-11-17T02:47:33.323861,,2150
ML-DSA-87,1024,verify,1024,16,0.0,0,0,0,MacBook-Pro-4.local,darwin,0,11.1627,86.45,,,2025-11-17T02:47:33.323875,,2151
ML-DSA-87,1024,verify,1024,16,0.0,0,0,0,MacBook-Pro-4.local,darwin,0,11.7165,88.05,,,2025-11-17T02:47:33.323885,,2152
ML-DSA-87,1024,verify,1024,16,0.0,0,0,0,MacBook-Pro-4.local,darwin,0,10.7037,91.96,,,2025-11-17T02:47:33.323896,,2153
ML-DSA-87,1024,verify,1024,16,0.0,0,0,0,MacBook-Pro-4.local,darwin,0,10.9741,92.99,,,2025-11-17T02:47:33.323906,,2154
ML-DSA-87,1024,verify,1024,16,0.0,0,0,0,MacBook-Pro-4.local,darwin,0,10.6289,95.43,,,2025-11-17T02:47:33.323917,,2155
ML-DSA-87,1024,verify,1024,64,0.0,0,0,0,MacBook-Pro-4.local,darwin,0,11.7011,87.24,,,2025-11-17T02:47:33.323930,,2156
ML-DSA-87,1024,verify,1024,64,0.0,0,0,0,MacBook-Pro-4.local,darwin,0,12.8992,81.07,,,2025-11-17T02:47:33.323941,,2157
ML-DSA-87,1024,verify,1024,64,0.0,0,0,0,MacBook-Pro-4.local,darwin,0,11.5229,87.14,,,2025-11-17T02:47:33.323951,,2158
ML-DSA-87,1024,verify,1024,64,0.0,0,0,0,MacBook-Pro-4.local,darwin,0,11.6749,86.81,,,2025-11-17T02:47:33.323962,,2159
ML-DSA-87,1024,verify,1024,64,0.0,0,0,0,MacBook-Pro-4.local,darwin,0,12.4574,84.04,,,2025-11-17T02:47:33.323972,,2160
SPHINCS+-SHA2-128s-simple,512,keygen,0,1,0.0,0,0,0,MacBook-Pro-4.local,darwin,0,13.7595,73.08,,,2025-11-17T02:47:33.323988,,2161
SPHINCS+-SHA2-128s-simple,512,keygen,0,1,0.0,0,0,0,MacBook-Pro-4.local,darwin,0,14.2441,70.23,,,2025-11-17T02:47:33.323999,,2162
SPHINCS+-SHA2-128s-simple,512,keygen,0,1,0.0,0,0,0,MacBook-Pro-4.local,darwin,0,14.6518,66.42,,,2025-11-17T02:47:33.324011,,2163
SPHINCS+-SHA2-128s-simple,512,keygen,0,1,0.0,0,0,0,MacBook-Pro-4.local,darwin,0,14.0059,70.79,,,2025-11-17T02:47:33.324022,,2164
SPHINCS+-SHA2-128s-simple,512,keygen,0,1,0.0,0,0,0,MacBook-Pro-4.local,darwin,0,14.3579,72.77,,,2025-11-17T02:47:33.324033,,2165
SPHINCS+-SHA2-128s-simple,512,keygen,0,16,0.0,0,0,0,MacBook-Pro-4.local,darwin,0,14.4717,66.55,,,2025-11-17T02:47:33.324047,,2166
SPHINCS+-SHA2-128s-simple,512,keygen,0,16,0.0,0,0,0,MacBook-Pro-4.local,darwin,0,15.3717,64.35,,,2025-11-17T02:47:33.324057,,2167
SPHINCS+-SHA2-128s-simple,512,keygen,0,16,0.0,0,0,0,MacBook-Pro-4.local,darwin,0,15.2137,65.65,,,2025-11-17T02:47:33.324068,,2168
SPHINCS+-SHA2-128s-simple,512,keygen,0,16,0.0,0,0,0,MacBook-Pro-4.local,darwin,0,14.8139,67.28,,,2025-11-17T02:47:33.324079,,2169
SPHINCS+-SHA2-128s-simple,512,keygen,0,16,0.0,0,0,0,MacBook-Pro-4.local,darwin,0,14.782,70.97,,,2025-11-17T02:47:33.324090,,2170
SPHINCS+-SHA2-128s-simple,512,keygen,0,64,0.0,0,0,0,MacBook-Pro-4.local,darwin,0,16.4379,59.98,,,2025-11-17T02:47:33.324104,,2171
SPHINCS+-SHA2-128s-simple,512,keygen,0,64,0.0,0,0,0,MacBook-Pro-4.local,darwin,0,16.1484,64.17,,,2025-11-17T02:47:33.324115,,2172
SPHINCS+-SHA2-128s-simple,512,keygen,0,64,0.0,0,0,0,MacBook-Pro-4.local,darwin,0,15.5911,62.38,,,2025-11-17T02:47:33.324126,,2173
SPHINCS+-SHA2-128s-simple,512,keygen,0,64,0.0,0,0,0,MacBook-Pro-4.local,darwin,0,16.1542,63.48,,,2025-11-17T02:47:33.324137,,2174
SPHINCS+-SHA2-128s-simple,512,keygen,0,64,0.0,0,0,0,MacBook-Pro-4.local,darwin,0,16.8204,57.28,,,2025-11-17T02:47:33.324147,,2175
SPHINCS+-SHA2-128s-simple,512,keygen,1024,1,0.0,0,0,0,MacBook-Pro-4.local,darwin,0,15.7977,64.74,,,2025-11-17T02:47:33.324161,,2176
SPHINCS+-SHA2-128s-simple,512,keygen,1024,1,0.0,0,0,0,MacBook-Pro-4.local,darwin,0,16.233,60.23,,,2025-11-17T02:47:33.324172,,2177
SPHINCS+-SHA2-128s-simple,512,keygen,1024,1,0.0,0,0,0,MacBook-Pro-4.local,darwin,0,15.367,64.86,,,2025-11-17T02:47:33.324183,,2178
SPHINCS+-SHA2-128s-simple,512,keygen,1024,1,0.0,0,0,0,MacBook-Pro-4.local,darwin,0,16.7065,56.93,,,2025-11-17T02:47:33.324194,,2179
SPHINCS+-SHA2-128s-simple,512,keygen,1024,1,0.0,0,0,0,MacBook-Pro-4.local,darwin,0,16.5012,63.33,,,2025-11-17T02:47:33.324205,,2180
SPHINCS+-SHA2-128s-simple,512,keygen,1024,16,0.0,0,0,0,MacBook-Pro-4.local,darwin,0,16.4596,62.79,,,2025-11-17T02:47:33.324219,,2181
SPHINCS+-SHA2-128s-simple,512,keygen,1024,16,0.0,0,0,0,MacBook-Pro-4.local,darwin,0,16.0542,61.0,,,2025-11-17T02:47:33.324230,,2182
SPHINCS+-SHA2-128s-simple,512,keygen,1024,16,0.0,0,0,0,MacBook-Pro-4.local,darwin,0,17.0493,61.45,,,2025-11-17T02:47:33.324240,,2183
SPHINCS+-SHA2-128s-simple,512,keygen,1024,16,0.0,0,0,0,MacBook-Pro-4.local,darwin,0,16.3711,61.87,,,2025-11-17T02:47:33.324251,,2184
SPHINCS+-SHA2-128s-simple,512,keygen,1024,16,0.0,0,0,0,MacBook-Pro-4.local,darwin,0,16.5907,57.63,,,2025-11-17T02:47:33.324262,,2185
SPHINCS+-SHA2-128s-simple,512,keygen,1024,64,0.0,0,0,0,MacBook-Pro-4.local,darwin,0,18.2113,54.83,,,2025-11-17T02:47:33.324276,,2186
SPHINCS+-SHA2-128s-simple,512,keygen,1024,64,0.0,0,0,0,MacBook-Pro-4.local,darwin,0,17.0875,56.47,,,2025-11-17T02:47:33.324292,,2187
SPHINCS+-SHA2-128s-simple,512,keygen,1024,64,0.0,0,0,0,MacBook-Pro-4.local,darwin,0,18.324,55.65,,,2025-11-17T02:47:33.324303,,2188
SPHINCS+-SHA2-128s-simple,512,keygen,1024,64,0.0,0,0,0,MacBook-Pro-4.local,darwin,0,17.3513,58.87,,,2025-11-17T02:47:33.324314,,2189
SPHINCS+-SHA2-128s-simple,512,keygen,1024,64,0.0,0,0,0,MacBook-Pro-4.local,darwin,0,17.2009,55.66,,,2025-11-17T02:47:33.324325,,2190
SPHINCS+-SHA2-128s-simple,512,sign,0,1,0.0,0,0,0,MacBook-Pro-4.local,darwin,0,17.6106,55.32,,,2025-11-17T02:47:33.324340,,2191
SPHINCS+-SHA2-128s-simple,512,sign,0,1,0.0,0,0,0,MacBook-Pro-4.local,darwin,0,17.81,56.15,,,2025-11-17T02:47:33.324351,,2192
SPHINCS+-SHA2-128s-simple,512,sign,0,1,0.0,0,0,0,MacBook-Pro-4.local,darwin,0,18.5174,55.61,,,2025-11-17T02:47:33.324362,,2193
SPHINCS+-SHA2-128s-simple,512,sign,0,1,0.0,0,0,0,MacBook-Pro-4.local,darwin,0,19.1594,49.67,,,2025-11-17T02:47:33.324374,,2194
SPHINCS+-SHA2-128s-simple,512,sign,0,1,0.0,0,0,0,MacBook-Pro-4.local,darwin,0,18.1262,53.84,,,2025-11-17T02:47:33.324385,,2195
SPHINCS+-SHA2-128s-simple,512,sign,0,16,0.0,0,0,0,MacBook-Pro-4.local,darwin,0,19.5335,49.1,,,2025-11-17T02:47:33.324399,,2196
SPHINCS+-SHA2-128s-simple,512,sign,0,16,0.0,0,0,0,MacBook-Pro-4.local,darwin,0,19.1451,51.2,,,2025-11-17T02:47:33.324410,,2197
SPHINCS+-SHA2-128s-simple,512,sign,0,16,0.0,0,0,0,MacBook-Pro-4.local,darwin,0,18.8621,55.48,,,2025-11-17T02:47:33.324420,,2198
SPHINCS+-SHA2-128s-simple,512,sign,0,16,0.0,0,0,0,MacBook-Pro-4.local,darwin,0,17.3794,54.9,,,2025-11-17T02:47:33.324431,,2199
SPHINCS+-SHA2-128s-simple,512,sign,0,16,0.0,0,0,0,MacBook-Pro-4.local,darwin,0,17.554,57.24,,,2025-11-17T02:47:33.324442,,2200
SPHINCS+-SHA2-128s-simple,512,sign,0,64,0.0,0,0,0,MacBook-Pro-4.local,darwin,0,20.4724,47.64,,,2025-11-17T02:47:33.324456,,2201
SPHINCS+-SHA2-128s-simple,512,sign,0,64,0.0,0,0,0,MacBook-Pro-4.local,darwin,0,20.9963,46.92,,,2025-11-17T02:47:33.324467,,2202
SPHINCS+-SHA2-128s-simple,512,sign,0,64,0.0,0,0,0,MacBook-Pro-4.local,darwin,0,19.5217,50.64,,,2025-11-17T02:47:33.324478,,2203
SPHINCS+-SHA2-128s-simple,512,sign,0,64,0.0,0,0,0,MacBook-Pro-4.local,darwin,0,20.3417,50.38,,,2025-11-17T02:47:33.324508,,2204
SPHINCS+-SHA2-128s-simple,512,sign,0,64,0.0,0,0,0,MacBook-Pro-4.local,darwin,0,20.5903,50.87,,,2025-11-17T02:47:33.324520,,2205
SPHINCS+-SHA2-128s-simple,512,sign,1024,1,0.0,0,0,0,MacBook-Pro-4.local,darwin,0,20.4983,48.31,,,2025-11-17T02:47:33.324535,,2206
SPHINCS+-SHA2-128s-simple,512,sign,1024,1,0.0,0,0,0,MacBook-Pro-4.local,darwin,0,21.4376,45.73,,,2025-11-17T02:47:33.324546,,2207
SPHINCS+-SHA2-128s-simple,512,sign,1024,1,0.0,0,0,0,MacBook-Pro-4.local,darwin,0,20.0567,48.17,,,2025-11-17T02:47:33.324558,,2208
SPHINCS+-SHA2-128s-simple,512,sign,1024,1,0.0,0,0,0,MacBook-Pro-4.local,darwin,0,21.0317,46.77,,,2025-11-17T02:47:33.324568,,2209
SPHINCS+-SHA2-128s-simple,512,sign,1024,1,0.0,0,0,0,MacBook-Pro-4.local,darwin,0,20.8797,49.47,,,2025-11-17T02:47:33.324579,,2210
SPHINCS+-SHA2-128s-simple,512,sign,1024,16,0.0,0,0,0,MacBook-Pro-4.local,darwin,0,20.8139,47.78,,,2025-11-17T02:47:33.324593,,2211
SPHINCS+-SHA2-128s-simple,512,sign,1024,16,0.0,0,0,0,MacBook-Pro-4.local,darwin,0,20.5495,46.25,,,2025-11-17T02:47:33.324604,,2212
SPHINCS+-SHA2-128s-simple,512,sign,1024,16,0.0,0,0,0,MacBook-Pro-4.local,darwin,0,20.7629,49.2,,,2025-11-17T02:47:33.324616,,2213
SPHINCS+-SHA2-128s-simple,512,sign,1024,16,0.0,0,0,0,MacBook-Pro-4.local,darwin,0,20.8348,47.34,,,2025-11-17T02:47:33.324627,,2214
SPHINCS+-SHA2-128s-simple,512,sign,1024,16,0.0,0,0,0,MacBook-Pro-4.local,darwin,0,20.7233,47.85,,,2025-11-17T02:47:33.324638,,2215
SPHINCS+-SHA2-128s-simple,512,sign,1024,64,0.0,0,0,0,MacBook-Pro-4.local,darwin,0,24.0824,40.6,,,2025-11-17T02:47:33.324652,,2216
SPHINCS+-SHA2-128s-simple,512,sign,1024,64,0.0,0,0,0,MacBook-Pro-4.local,darwin,0,22.924,43.82,,,2025-11-17T02:47:33.324663,,2217
SPHINCS+-SHA2-128s-simple,512,sign,1024,64,0.0,0,0,0,MacBook-Pro-4.local,darwin,0,22.3297,42.61,,,2025-11-17T02:47:33.324674,,2218
SPHINCS+-SHA2-128s-simple,512,sign,1024,64,0.0,0,0,0,MacBook-Pro-4.local,darwin,0,23.1965,42.96,,,2025-11-17T02:47:33.324685,,2219
SPHINCS+-SHA2-128s-simple,512,sign,1024,64,0.0,0,0,0,MacBook-Pro-4.local,darwin,0,22.7674,41.74,,,2025-11-17T02:47:33.324696,,2220
SPHINCS+-SHA2-128s-simple,512,verify,0,1,0.0,0,0,0,MacBook-Pro-4.local,darwin,0,9.7228,106.94,,,2025-11-17T02:47:33.324711,,2221
SPHINCS+-SHA2-128s-simple,512,verify,0,1,0.0,0,0,0,MacBook-Pro-4.local,darwin,0,9.8561,100.23,,,2025-11-17T02:47:33.324722,,2222
SPHINCS+-SHA2-128s-simple,512,verify,0,1,0.0,0,0,0,MacBook-Pro-4.local,darwin,0,9.3578,105.07,,,2025-11-17T02:47:33.324734,,2223
SPHINCS+-SHA2-128s-simple,512,verify,0,1,0.0,0,0,0,MacBook-Pro-4.local,darwin,0,8.9278,114.6,,,2025-11-17T02:47:33.324745,,2224
SPHINCS+-SHA2-128s-simple,512,verify,0,1,0.0,0,0,0,MacBook-Pro-4.local,darwin,0,9.8079,97.8,,,2025-11-17T02:47:33.324756,,2225
SPHINCS+-SHA2-128s-simple,512,verify,0,16,0.0,0,0,0,MacBook-Pro-4.local,darwin,0,9.6443,103.81,,,2025-11-17T02:47:33.324770,,2226
SPHINCS+-SHA2-128s-simple,512,verify,0,16,0.0,0,0,0,MacBook-Pro-4.local,darwin,0,8.8736,118.06,,,2025-11-17T02:47:33.324781,,2227
SPHINCS+-SHA2-128s-simple,512,verify,0,16,0.0,0,0,0,MacBook-Pro-4.local,darwin,0,10.6193,93.39,,,2025-11-17T02:47:33.324791,,2228
SPHINCS+-SHA2-128s-simple,512,verify,0,16,0.0,0,0,0,MacBook-Pro-4.local,darwin,0,10.0221,95.73,,,2025-11-17T02:47:33.324803,,2229
SPHINCS+-SHA2-128s-simple,512,verify,0,16,0.0,0,0,0,MacBook-Pro-4.local,darwin,0,10.1772,96.1,,,2025-11-17T02:47:33.324813,,2230
SPHINCS+-SHA2-128s-simple,512,verify,0,64,0.0,0,0,0,MacBook-Pro-4.local,darwin,0,10.3955,97.86,,,2025-11-17T02:47:33.324827,,2231
SPHINCS+-SHA2-128s-simple,512,verify,0,64,0.0,0,0,0,MacBook-Pro-4.local,darwin,0,10.6815,91.1,,,2025-11-17T02:47:33.324839,,2232
SPHINCS+-SHA2-128s-simple,512,verify,0,64,0.0,0,0,0,MacBook-Pro-4.local,darwin,0,10.9836,87.69,,,2025-11-17T02:47:33.324850,,2233
SPHINCS+-SHA2-128s-simple,512,verify,0,64,0.0,0,0,0,MacBook-Pro-4.local,darwin,0,11.73,85.68,,,2025-11-17T02:47:33.324861,,2234
SPHINCS+-SHA2-128s-simple,512,verify,0,64,0.0,0,0,0,MacBook-Pro-4.local,darwin,0,10.5635,97.07,,,2025-11-17T02:47:33.324873,,2235
SPHINCS+-SHA2-128s-simple,512,verify,1024,1,0.0,0,0,0,MacBook-Pro-4.local,darwin,0,10.4166,92.06,,,2025-11-17T02:47:33.324887,,2236
SPHINCS+-SHA2-128s-simple,512,verify,1024,1,0.0,0,0,0,MacBook-Pro-4.local,darwin,0,10.4775,96.61,,,2025-11-17T02:47:33.324898,,2237
SPHINCS+-SHA2-128s-simple,512,verify,1024,1,0.0,0,0,0,MacBook-Pro-4.local,darwin,0,10.8027,93.44,,,2025-11-17T02:47:33.324909,,2238
SPHINCS+-SHA2-128s-simple,512,verify,1024,1,0.0,0,0,0,MacBook-Pro-4.local,darwin,0,10.4145,100.62,,,2025-11-17T02:47:33.324920,,2239
SPHINCS+-SHA2-128s-simple,512,verify,1024,1,0.0,0,0,0,MacBook-Pro-4.local,darwin,0,10.3346,93.62,,,2025-11-17T02:47:33.324931,,2240
SPHINCS+-SHA2-128s-simple,512,verify,1024,16,0.0,0,0,0,MacBook-Pro-4.local,darwin,0,10.6439,98.49,,,2025-11-17T02:47:33.324945,,2241
SPHINCS+-SHA2-128s-simple,512,verify,1024,16,0.0,0,0,0,MacBook-Pro-4.local,darwin,0,10.2378,101.11,,,2025-11-17T02:47:33.324957,,2242
SPHINCS+-SHA2-128s-simple,512,verify,1024,16,0.0,0,0,0,MacBook-Pro-4.local,darwin,0,11.7671,88.83,,,2025-11-17T02:47:33.324968,,2243
SPHINCS+-SHA2-128s-simple,512,verify,1024,16,0.0,0,0,0,MacBook-Pro-4.local,darwin,0,10.0509,102.76,,,2025-11-17T02:47:33.324978,,2244
SPHINCS+-SHA2-128s-simple,512,verify,1024,16,0.0,0,0,0,MacBook-Pro-4.local,darwin,0,11.11,94.44,,,2025-11-17T02:47:33.324990,,2245
SPHINCS+-SHA2-128s-simple,512,verify,1024,64,0.0,0,0,0,MacBook-Pro-4.local,darwin,0,11.7359,86.36,,,2025-11-17T02:47:33.325004,,2246
SPHINCS+-SHA2-128s-simple,512,verify,1024,64,0.0,0,0,0,MacBook-Pro-4.local,darwin,0,12.0172,84.08,,,2025-11-17T02:47:33.325015,,2247
SPHINCS+-SHA2-128s-simple,512,verify,1024,64,0.0,0,0,0,MacBook-Pro-4.local,darwin,0,11.7738,82.4,,,2025-11-17T02:47:33.325026,,2248
SPHINCS+-SHA2-128s-simple,512,verify,1024,64,0.0,0,0,0,MacBook-Pro-4.local,darwin,0,12.5029,78.37,,,2025-11-17T02:47:33.325037,,2249
SPHINCS+-SHA2-128s-simple,512,verify,1024,64,0.0,0,0,0,MacBook-Pro-4.local,darwin,0,11.549,84.68,,,2025-11-17T02:47:33.325048,,2250
SPHINCS+-SHA2-128s-simple,768,keygen,0,1,0.0,0,0,0,MacBook-Pro-4.local,darwin,0,14.1056,68.2,,,2025-11-17T02:47:33.325063,,2251
SPHINCS+-SHA2-128s-simple,768,keygen,0,1,0.0,0,0,0,MacBook-Pro-4.local,darwin,0,14.4947,70.15,,,2025-11-17T02:47:33.325074,,2252
SPHINCS+-SHA2-128s-simple,768,keygen,0,1,0.0,0,0,0,MacBook-Pro-4.local,darwin,0,14.4158,69.24,,,2025-11-17T02:47:33.325089,,2253
SPHINCS+-SHA2-128s-simple,768,keygen,0,1,0.0,0,0,0,MacBook-Pro-4.local,darwin,0,14.6501,65.16,,,2025-11-17T02:47:33.325100,,2254
SPHINCS+-SHA2-128s-simple,768,keygen,0,1,0.0,0,0,0,MacBook-Pro-4.local,darwin,0,14.4673,67.61,,,2025-11-17T02:47:33.325111,,2255
SPHINCS+-SHA2-128s-simple,768,keygen,0,16,0.0,0,0,0,MacBook-Pro-4.local,darwin,0,15.5296,67.06,,,2025-11-17T02:47:33.325125,,2256
SPHINCS+-SHA2-128s-simple,768,keygen,0,16,0.0,0,0,0,MacBook-Pro-4.local,darwin,0,14.5481,69.0,,,2025-11-17T02:47:33.325136,,2257
SPHINCS+-SHA2-128s-simple,768,keygen,0,16,0.0,0,0,0,MacBook-Pro-4.local,darwin,0,15.2681,66.05,,,2025-11-17T02:47:33.325147,,2258
SPHINCS+-SHA2-128s-simple,768,keygen,0,16,0.0,0,0,0,MacBook-Pro-4.local,darwin,0,15.0472,66.2,,,2025-11-17T02:47:33.325158,,2259
SPHINCS+-SHA2-128s-simple,768,keygen,0,16,0.0,0,0,0,MacBook-Pro-4.local,darwin,0,15.0354,68.55,,,2025-11-17T02:47:33.325169,,2260
SPHINCS+-SHA2-128s-simple,768,keygen,0,64,0.0,0,0,0,MacBook-Pro-4.local,darwin,0,16.4058,61.04,,,2025-11-17T02:47:33.325183,,2261
SPHINCS+-SHA2-128s-simple,768,keygen,0,64,0.0,0,0,0,MacBook-Pro-4.local,darwin,0,16.9846,61.81,,,2025-11-17T02:47:33.325194,,2262
SPHINCS+-SHA2-128s-simple,768,keygen,0,64,0.0,0,0,0,MacBook-Pro-4.local,darwin,0,15.2887,67.27,,,2025-11-17T02:47:33.325205,,2263
SPHINCS+-SHA2-128s-simple,768,keygen,0,64,0.0,0,0,0,MacBook-Pro-4.local,darwin,0,16.4377,60.26,,,2025-11-17T02:47:33.325216,,2264
SPHINCS+-SHA2-128s-simple,768,keygen,0,64,0.0,0,0,0,MacBook-Pro-4.local,darwin,0,16.4825,60.99,,,2025-11-17T02:47:33.325227,,2265
SPHINCS+-SHA2-128s-simple,768,keygen,1024,1,0.0,0,0,0,MacBook-Pro-4.local,darwin,0,16.2811,62.29,,,2025-11-17T02:47:33.325242,,2266
SPHINCS+-SHA2-128s-simple,768,keygen,1024,1,0.0,0,0,0,MacBook-Pro-4.local,darwin,0,16.4272,63.35,,,2025-11-17T02:47:33.325272,,2267
SPHINCS+-SHA2-128s-simple,768,keygen,1024,1,0.0,0,0,0,MacBook-Pro-4.local,darwin,0,15.7484,61.78,,,2025-11-17T02:47:33.325284,,2268
SPHINCS+-SHA2-128s-simple,768,keygen,1024,1,0.0,0,0,0,MacBook-Pro-4.local,darwin,0,16.335,59.0,,,2025-11-17T02:47:33.325295,,2269
SPHINCS+-SHA2-128s-simple,768,keygen,1024,1,0.0,0,0,0,MacBook-Pro-4.local,darwin,0,15.4939,64.14,,,2025-11-17T02:47:33.325306,,2270
SPHINCS+-SHA2-128s-simple,768,keygen,1024,16,0.0,0,0,0,MacBook-Pro-4.local,darwin,0,16.9718,61.21,,,2025-11-17T02:47:33.325322,,2271
SPHINCS+-SHA2-128s-simple,768,keygen,1024,16,0.0,0,0,0,MacBook-Pro-4.local,darwin,0,16.286,63.35,,,2025-11-17T02:47:33.325333,,2272
SPHINCS+-SHA2-128s-simple,768,keygen,1024,16,0.0,0,0,0,MacBook-Pro-4.local,darwin,0,16.1588,61.25,,,2025-11-17T02:47:33.325344,,2273
SPHINCS+-SHA2-128s-simple,768,keygen,1024,16,0.0,0,0,0,MacBook-Pro-4.local,darwin,0,16.9414,60.16,,,2025-11-17T02:47:33.325355,,2274
SPHINCS+-SHA2-128s-simple,768,keygen,1024,16,0.0,0,0,0,MacBook-Pro-4.local,darwin,0,17.0521,59.19,,,2025-11-17T02:47:33.325366,,2275
SPHINCS+-SHA2-128s-simple,768,keygen,1024,64,0.0,0,0,0,MacBook-Pro-4.local,darwin,0,18.3665,53.42,,,2025-11-17T02:47:33.325384,,2276
SPHINCS+-SHA2-128s-simple,768,keygen,1024,64,0.0,0,0,0,MacBook-Pro-4.local,darwin,0,18.0218,53.88,,,2025-11-17T02:47:33.325394,,2277
SPHINCS+-SHA2-128s-simple,768,keygen,1024,64,0.0,0,0,0,MacBook-Pro-4.local,darwin,0,19.3125,53.85,,,2025-11-17T02:47:33.325405,,2278
SPHINCS+-SHA2-128s-simple,768,keygen,1024,64,0.0,0,0,0,MacBook-Pro-4.local,darwin,0,18.152,56.56,,,2025-11-17T02:47:33.325417,,2279
SPHINCS+-SHA2-128s-simple,768,keygen,1024,64,0.0,0,0,0,MacBook-Pro-4.local,darwin,0,18.1015,57.19,,,2025-11-17T02:47:33.325429,,2280
SPHINCS+-SHA2-128s-simple,768,sign,0,1,0.0,0,0,0,MacBook-Pro-4.local,darwin,0,17.6275,55.53,,,2025-11-17T02:47:33.325444,,2281
SPHINCS+-SHA2-128s-simple,768,sign,0,1,0.0,0,0,0,MacBook-Pro-4.local,darwin,0,18.3751,56.62,,,2025-11-17T02:47:33.325457,,2282
SPHINCS+-SHA2-128s-simple,768,sign,0,1,0.0,0,0,0,MacBook-Pro-4.local,darwin,0,18.3123,55.32,,,2025-11-17T02:47:33.325469,,2283
SPHINCS+-SHA2-128s-simple,768,sign,0,1,0.0,0,0,0,MacBook-Pro-4.local,darwin,0,17.6783,59.3,,,2025-11-17T02:47:33.325481,,2284
SPHINCS+-SHA2-128s-simple,768,sign,0,1,0.0,0,0,0,MacBook-Pro-4.local,darwin,0,19.1889,50.1,,,2025-11-17T02:47:33.325493,,2285
SPHINCS+-SHA2-128s-simple,768,sign,0,16,0.0,0,0,0,MacBook-Pro-4.local,darwin,0,17.8391,54.69,,,2025-11-17T02:47:33.325509,,2286
SPHINCS+-SHA2-128s-simple,768,sign,0,16,0.0,0,0,0,MacBook-Pro-4.local,darwin,0,18.0509,57.22,,,2025-11-17T02:47:33.325521,,2287
SPHINCS+-SHA2-128s-simple,768,sign,0,16,0.0,0,0,0,MacBook-Pro-4.local,darwin,0,18.2472,54.8,,,2025-11-17T02:47:33.325532,,2288
SPHINCS+-SHA2-128s-simple,768,sign,0,16,0.0,0,0,0,MacBook-Pro-4.local,darwin,0,18.5053,52.24,,,2025-11-17T02:47:33.325543,,2289
SPHINCS+-SHA2-128s-simple,768,sign,0,16,0.0,0,0,0,MacBook-Pro-4.local,darwin,0,19.0253,50.18,,,2025-11-17T02:47:33.325554,,2290
SPHINCS+-SHA2-128s-simple,768,sign,0,64,0.0,0,0,0,MacBook-Pro-4.local,darwin,0,19.8412,49.4,,,2025-11-17T02:47:33.325586,,2291
SPHINCS+-SHA2-128s-simple,768,sign,0,64,0.0,0,0,0,MacBook-Pro-4.local,darwin,0,19.8287,52.41,,,2025-11-17T02:47:33.325597,,2292
SPHINCS+-SHA2-128s-simple,768,sign,0,64,0.0,0,0,0,MacBook-Pro-4.local,darwin,0,19.8045,48.4,,,2025-11-17T02:47:33.325608,,2293
SPHINCS+-SHA2-128s-simple,768,sign,0,64,0.0,0,0,0,MacBook-Pro-4.local,darwin,0,20.0793,51.04,,,2025-11-17T02:47:33.325618,,2294
SPHINCS+-SHA2-128s-simple,768,sign,0,64,0.0,0,0,0,MacBook-Pro-4.local,darwin,0,19.7941,49.6,,,2025-11-17T02:47:33.325629,,2295
SPHINCS+-SHA2-128s-simple,768,sign,1024,1,0.0,0,0,0,MacBook-Pro-4.local,darwin,0,19.5243,49.77,,,2025-11-17T02:47:33.325643,,2296
SPHINCS+-SHA2-128s-simple,768,sign,1024,1,0.0,0,0,0,MacBook-Pro-4.local,darwin,0,20.4402,50.21,,,2025-11-17T02:47:33.325654,,2297
SPHINCS+-SHA2-128s-simple,768,sign,1024,1,0.0,0,0,0,MacBook-Pro-4.local,darwin,0,19.8396,50.66,,,2025-11-17T02:47:33.325666,,2298
SPHINCS+-SHA2-128s-simple,768,sign,1024,1,0.0,0,0,0,MacBook-Pro-4.local,darwin,0,19.8516,47.89,,,2025-11-17T02:47:33.325677,,2299
SPHINCS+-SHA2-128s-simple,768,sign,1024,1,0.0,0,0,0,MacBook-Pro-4.local,darwin,0,19.9489,51.37,,,2025-11-17T02:47:33.325687,,2300
SPHINCS+-SHA2-128s-simple,768,sign,1024,16,0.0,0,0,0,MacBook-Pro-4.local,darwin,0,20.6952,48.32,,,2025-11-17T02:47:33.325701,,2301
SPHINCS+-SHA2-128s-simple,768,sign,1024,16,0.0,0,0,0,MacBook-Pro-4.local,darwin,0,21.1131,46.14,,,2025-11-17T02:47:33.325712,,2302
SPHINCS+-SHA2-128s-simple,768,sign,1024,16,0.0,0,0,0,MacBook-Pro-4.local,darwin,0,20.8153,48.37,,,2025-11-17T02:47:33.325723,,2303
SPHINCS+-SHA2-128s-simple,768,sign,1024,16,0.0,0,0,0,MacBook-Pro-4.local,darwin,0,21.2352,45.57,,,2025-11-17T02:47:33.325734,,2304
SPHINCS+-SHA2-128s-simple,768,sign,1024,16,0.0,0,0,0,MacBook-Pro-4.local,darwin,0,20.7875,45.95,,,2025-11-17T02:47:33.325744,,2305
SPHINCS+-SHA2-128s-simple,768,sign,1024,64,0.0,0,0,0,MacBook-Pro-4.local,darwin,0,22.8101,43.54,,,2025-11-17T02:47:33.325759,,2306
SPHINCS+-SHA2-128s-simple,768,sign,1024,64,0.0,0,0,0,MacBook-Pro-4.local,darwin,0,22.4342,45.49,,,2025-11-17T02:47:33.325769,,2307
SPHINCS+-SHA2-128s-simple,768,sign,1024,64,0.0,0,0,0,MacBook-Pro-4.local,darwin,0,22.7317,45.47,,,2025-11-17T02:47:33.325780,,2308
SPHINCS+-SHA2-128s-simple,768,sign,1024,64,0.0,0,0,0,MacBook-Pro-4.local,darwin,0,22.346,42.56,,,2025-11-17T02:47:33.325791,,2309
SPHINCS+-SHA2-128s-simple,768,sign,1024,64,0.0,0,0,0,MacBook-Pro-4.local,darwin,0,22.6439,44.17,,,2025-11-17T02:47:33.325801,,2310
SPHINCS+-SHA2-128s-simple,768,verify,0,1,0.0,0,0,0,MacBook-Pro-4.local,darwin,0,10.3638,98.22,,,2025-11-17T02:47:33.325817,,2311
SPHINCS+-SHA2-128s-simple,768,verify,0,1,0.0,0,0,0,MacBook-Pro-4.local,darwin,0,9.7628,104.25,,,2025-11-17T02:47:33.325828,,2312
SPHINCS+-SHA2-128s-simple,768,verify,0,1,0.0,0,0,0,MacBook-Pro-4.local,darwin,0,9.3085,105.32,,,2025-11-17T02:47:33.325839,,2313
SPHINCS+-SHA2-128s-simple,768,verify,0,1,0.0,0,0,0,MacBook-Pro-4.local,darwin,0,9.1081,111.2,,,2025-11-17T02:47:33.325850,,2314
SPHINCS+-SHA2-128s-simple,768,verify,0,1,0.0,0,0,0,MacBook-Pro-4.local,darwin,0,9.3039,107.02,,,2025-11-17T02:47:33.325861,,2315
SPHINCS+-SHA2-128s-simple,768,verify,0,16,0.0,0,0,0,MacBook-Pro-4.local,darwin,0,11.0012,93.89,,,2025-11-17T02:47:33.325875,,2316
SPHINCS+-SHA2-128s-simple,768,verify,0,16,0.0,0,0,0,MacBook-Pro-4.local,darwin,0,8.7199,113.22,,,2025-11-17T02:47:33.325886,,2317
SPHINCS+-SHA2-128s-simple,768,verify,0,16,0.0,0,0,0,MacBook-Pro-4.local,darwin,0,10.2497,96.97,,,2025-11-17T02:47:33.325897,,2318
SPHINCS+-SHA2-128s-simple,768,verify,0,16,0.0,0,0,0,MacBook-Pro-4.local,darwin,0,10.5142,91.61,,,2025-11-17T02:47:33.325908,,2319
SPHINCS+-SHA2-128s-simple,768,verify,0,16,0.0,0,0,0,MacBook-Pro-4.local,darwin,0,10.0368,96.02,,,2025-11-17T02:47:33.325919,,2320
SPHINCS+-SHA2-128s-simple,768,verify,0,64,0.0,0,0,0,MacBook-Pro-4.local,darwin,0,10.7066,97.98,,,2025-11-17T02:47:33.325933,,2321
SPHINCS+-SHA2-128s-simple,768,verify,0,64,0.0,0,0,0,MacBook-Pro-4.local,darwin,0,10.0442,95.0,,,2025-11-17T02:47:33.325944,,2322
SPHINCS+-SHA2-128s-simple,768,verify,0,64,0.0,0,0,0,MacBook-Pro-4.local,darwin,0,10.4231,91.34,,,2025-11-17T02:47:33.325955,,2323
SPHINCS+-SHA2-128s-simple,768,verify,0,64,0.0,0,0,0,MacBook-Pro-4.local,darwin,0,10.0162,104.67,,,2025-11-17T02:47:33.325965,,2324
SPHINCS+-SHA2-128s-simple,768,verify,0,64,0.0,0,0,0,MacBook-Pro-4.local,darwin,0,11.1732,92.48,,,2025-11-17T02:47:33.325977,,2325
SPHINCS+-SHA2-128s-simple,768,verify,1024,1,0.0,0,0,0,MacBook-Pro-4.local,darwin,0,10.7649,95.08,,,2025-11-17T02:47:33.325991,,2326
SPHINCS+-SHA2-128s-simple,768,verify,1024,1,0.0,0,0,0,MacBook-Pro-4.local,darwin,0,11.135,91.32,,,2025-11-17T02:47:33.326002,,2327
SPHINCS+-SHA2-128s-simple,768,verify,1024,1,0.0,0,0,0,MacBook-Pro-4.local,darwin,0,11.7738,84.75,,,2025-11-17T02:47:33.326013,,2328
SPHINCS+-SHA2-128s-simple,768,verify,1024,1,0.0,0,0,0,MacBook-Pro-4.local,darwin,0,10.1405,95.54,,,2025-11-17T02:47:33.326025,,2329
SPHINCS+-SHA2-128s-simple,768,verify,1024,1,0.0,0,0,0,MacBook-Pro-4.local,darwin,0,11.2062,89.38,,,2025-11-17T02:47:33.326059,,2330
SPHINCS+-SHA2-128s-simple,768,verify,1024,16,0.0,0,0,0,MacBook-Pro-4.local,darwin,0,10.8436,96.6,,,2025-11-17T02:47:33.326075,,2331
SPHINCS+-SHA2-128s-simple,768,verify,1024,16,0.0,0,0,0,MacBook-Pro-4.local,darwin,0,11.3187,88.86,,,2025-11-17T02:47:33.326086,,2332
SPHINCS+-SHA2-128s-simple,768,verify,1024,16,0.0,0,0,0,MacBook-Pro-4.local,darwin,0,10.7559,95.87,,,2025-11-17T02:47:33.326097,,2333
SPHINCS+-SHA2-128s-simple,768,verify,1024,16,0.0,0,0,0,MacBook-Pro-4.local,darwin,0,11.3727,86.92,,,2025-11-17T02:47:33.326108,,2334
SPHINCS+-SHA2-128s-simple,768,verify,1024,16,0.0,0,0,0,MacBook-Pro-4.local,darwin,0,11.4657,91.06,,,2025-11-17T02:47:33.326119,,2335
SPHINCS+-SHA2-128s-simple,768,verify,1024,64,0.0,0,0,0,MacBook-Pro-4.local,darwin,0,11.9346,80.14,,,2025-11-17T02:47:33.326133,,2336
SPHINCS+-SHA2-128s-simple,768,verify,1024,64,0.0,0,0,0,MacBook-Pro-4.local,darwin,0,11.4421,88.95,,,2025-11-17T02:47:33.326145,,2337
SPHINCS+-SHA2-128s-simple,768,verify,1024,64,0.0,0,0,0,MacBook-Pro-4.local,darwin,0,12.6298,75.31,,,2025-11-17T02:47:33.326156,,2338
SPHINCS+-SHA2-128s-simple,768,verify,1024,64,0.0,0,0,0,MacBook-Pro-4.local,darwin,0,11.6823,89.57,,,2025-11-17T02:47:33.326167,,2339
SPHINCS+-SHA2-128s-simple,768,verify,1024,64,0.0,0,0,0,MacBook-Pro-4.local,darwin,0,11.7526,83.89,,,2025-11-17T02:47:33.326178,,2340
SPHINCS+-SHA2-128s-simple,1024,keygen,0,1,0.0,0,0,0,MacBook-Pro-4.local,darwin,0,14.44,66.35,,,2025-11-17T02:47:33.326193,,2341
SPHINCS+-SHA2-128s-simple,1024,keygen,0,1,0.0,0,0,0,MacBook-Pro-4.local,darwin,0,14.3932,70.75,,,2025-11-17T02:47:33.326204,,2342
SPHINCS+-SHA2-128s-simple,1024,keygen,0,1,0.0,0,0,0,MacBook-Pro-4.local,darwin,0,14.3755,72.51,,,2025-11-17T02:47:33.326215,,2343
SPHINCS+-SHA2-128s-simple,1024,keygen,0,1,0.0,0,0,0,MacBook-Pro-4.local,darwin,0,14.2818,66.71,,,2025-11-17T02:47:33.326227,,2344
SPHINCS+-SHA2-128s-simple,1024,keygen,0,1,0.0,0,0,0,MacBook-Pro-4.local,darwin,0,14.3786,66.77,,,2025-11-17T02:47:33.326238,,2345
SPHINCS+-SHA2-128s-simple,1024,keygen,0,16,0.0,0,0,0,MacBook-Pro-4.local,darwin,0,14.6056,70.19,,,2025-11-17T02:47:33.326252,,2346
SPHINCS+-SHA2-128s-simple,1024,keygen,0,16,0.0,0,0,0,MacBook-Pro-4.local,darwin,0,14.8672,68.49,,,2025-11-17T02:47:33.326263,,2347
SPHINCS+-SHA2-128s-simple,1024,keygen,0,16,0.0,0,0,0,MacBook-Pro-4.local,darwin,0,14.9385,69.46,,,2025-11-17T02:47:33.326274,,2348
SPHINCS+-SHA2-128s-simple,1024,keygen,0,16,0.0,0,0,0,MacBook-Pro-4.local,darwin,0,14.4038,71.17,,,2025-11-17T02:47:33.326285,,2349
SPHINCS+-SHA2-128s-simple,1024,keygen,0,16,0.0,0,0,0,MacBook-Pro-4.local,darwin,0,14.4137,70.52,,,2025-11-17T02:47:33.326296,,2350
SPHINCS+-SHA2-128s-simple,1024,keygen,0,64,0.0,0,0,0,MacBook-Pro-4.local,darwin,0,16.8934,61.71,,,2025-11-17T02:47:33.326310,,2351
SPHINCS+-SHA2-128s-simple,1024,keygen,0,64,0.0,0,0,0,MacBook-Pro-4.local,darwin,0,15.3841,62.48,,,2025-11-17T02:47:33.326320,,2352
SPHINCS+-SHA2-128s-simple,1024,keygen,0,64,0.0,0,0,0,MacBook-Pro-4.local,darwin,0,16.4536,57.8,,,2025-11-17T02:47:33.326332,,2353
SPHINCS+-SHA2-128s-simple,1024,keygen,0,64,0.0,0,0,0,MacBook-Pro-4.local,darwin,0,16.099,60.44,,,2025-11-17T02:47:33.326343,,2354
SPHINCS+-SHA2-128s-simple,1024,keygen,0,64,0.0,0,0,0,MacBook-Pro-4.local,darwin,0,15.8421,62.39,,,2025-11-17T02:47:33.326354,,2355
SPHINCS+-SHA2-128s-simple,1024,keygen,1024,1,0.0,0,0,0,MacBook-Pro-4.local,darwin,0,16.0855,63.43,,,2025-11-17T02:47:33.326368,,2356
SPHINCS+-SHA2-128s-simple,1024,keygen,1024,1,0.0,0,0,0,MacBook-Pro-4.local,darwin,0,16.4436,60.58,,,2025-11-17T02:47:33.326379,,2357
SPHINCS+-SHA2-128s-simple,1024,keygen,1024,1,0.0,0,0,0,MacBook-Pro-4.local,darwin,0,16.9577,59.02,,,2025-11-17T02:47:33.326390,,2358
SPHINCS+-SHA2-128s-simple,1024,keygen,1024,1,0.0,0,0,0,MacBook-Pro-4.local,darwin,0,15.9889,61.8,,,2025-11-17T02:47:33.326401,,2359
SPHINCS+-SHA2-128s-simple,1024,keygen,1024,1,0.0,0,0,0,MacBook-Pro-4.local,darwin,0,16.353,59.2,,,2025-11-17T02:47:33.326412,,2360
SPHINCS+-SHA2-128s-simple,1024,keygen,1024,16,0.0,0,0,0,MacBook-Pro-4.local,darwin,0,16.3306,60.31,,,2025-11-17T02:47:33.326426,,2361
SPHINCS+-SHA2-128s-simple,1024,keygen,1024,16,0.0,0,0,0,MacBook-Pro-4.local,darwin,0,17.3103,55.12,,,2025-11-17T02:47:33.326437,,2362
SPHINCS+-SHA2-128s-simple,1024,keygen,1024,16,0.0,0,0,0,MacBook-Pro-4.local,darwin,0,16.4653,60.55,,,2025-11-17T02:47:33.326449,,2363
SPHINCS+-SHA2-128s-simple,1024,keygen,1024,16,0.0,0,0,0,MacBook-Pro-4.local,darwin,0,16.4872,60.19,,,2025-11-17T02:47:33.326460,,2364
SPHINCS+-SHA2-128s-simple,1024,keygen,1024,16,0.0,0,0,0,MacBook-Pro-4.local,darwin,0,16.6974,61.86,,,2025-11-17T02:47:33.326471,,2365
SPHINCS+-SHA2-128s-simple,1024,keygen,1024,64,0.0,0,0,0,MacBook-Pro-4.local,darwin,0,18.026,54.38,,,2025-11-17T02:47:33.326485,,2366
SPHINCS+-SHA2-128s-simple,1024,keygen,1024,64,0.0,0,0,0,MacBook-Pro-4.local,darwin,0,18.3793,55.09,,,2025-11-17T02:47:33.326495,,2367
SPHINCS+-SHA2-128s-simple,1024,keygen,1024,64,0.0,0,0,0,MacBook-Pro-4.local,darwin,0,18.1764,54.0,,,2025-11-17T02:47:33.326506,,2368
SPHINCS+-SHA2-128s-simple,1024,keygen,1024,64,0.0,0,0,0,MacBook-Pro-4.local,darwin,0,16.8192,61.5,,,2025-11-17T02:47:33.326517,,2369
SPHINCS+-SHA2-128s-simple,1024,keygen,1024,64,0.0,0,0,0,MacBook-Pro-4.local,darwin,0,18.6331,54.76,,,2025-11-17T02:47:33.326529,,2370
SPHINCS+-SHA2-128s-simple,1024,sign,0,1,0.0,0,0,0,MacBook-Pro-4.local,darwin,0,17.7253,54.0,,,2025-11-17T02:47:33.326544,,2371
SPHINCS+-SHA2-128s-simple,1024,sign,0,1,0.0,0,0,0,MacBook-Pro-4.local,darwin,0,17.3531,59.67,,,2025-11-17T02:47:33.326554,,2372
SPHINCS+-SHA2-128s-simple,1024,sign,0,1,0.0,0,0,0,MacBook-Pro-4.local,darwin,0,17.8869,55.11,,,2025-11-17T02:47:33.326566,,2373
SPHINCS+-SHA2-128s-simple,1024,sign,0,1,0.0,0,0,0,MacBook-Pro-4.local,darwin,0,18.4779,55.37,,,2025-11-17T02:47:33.326577,,2374
SPHINCS+-SHA2-128s-simple,1024,sign,0,1,0.0,0,0,0,MacBook-Pro-4.local,darwin,0,18.0057,57.67,,,2025-11-17T02:47:33.326588,,2375
SPHINCS+-SHA2-128s-simple,1024,sign,0,16,0.0,0,0,0,MacBook-Pro-4.local,darwin,0,18.8354,51.1,,,2025-11-17T02:47:33.326602,,2376
SPHINCS+-SHA2-128s-simple,1024,sign,0,16,0.0,0,0,0,MacBook-Pro-4.local,darwin,0,18.7817,53.98,,,2025-11-17T02:47:33.326613,,2377
SPHINCS+-SHA2-128s-simple,1024,sign,0,16,0.0,0,0,0,MacBook-Pro-4.local,darwin,0,17.401,58.77,,,2025-11-17T02:47:33.326624,,2378
SPHINCS+-SHA2-128s-simple,1024,sign,0,16,0.0,0,0,0,MacBook-Pro-4.local,darwin,0,18.1707,55.97,,,2025-11-17T02:47:33.326636,,2379
SPHINCS+-SHA2-128s-simple,1024,sign,0,16,0.0,0,0,0,MacBook-Pro-4.local,darwin,0,18.0333,53.97,,,2025-11-17T02:47:33.326647,,2380
SPHINCS+-SHA2-128s-simple,1024,sign,0,64,0.0,0,0,0,MacBook-Pro-4.local,darwin,0,21.0868,48.75,,,2025-11-17T02:47:33.326661,,2381
SPHINCS+-SHA2-128s-simple,1024,sign,0,64,0.0,0,0,0,MacBook-Pro-4.local,darwin,0,20.1414,49.58,,,2025-11-17T02:47:33.326672,,2382
SPHINCS+-SHA2-128s-simple,1024,sign,0,64,0.0,0,0,0,MacBook-Pro-4.local,darwin,0,20.7179,50.53,,,2025-11-17T02:47:33.326682,,2383
SPHINCS+-SHA2-128s-simple,1024,sign,0,64,0.0,0,0,0,MacBook-Pro-4.local,darwin,0,19.6428,52.99,,,2025-11-17T02:47:33.326693,,2384
SPHINCS+-SHA2-128s-simple,1024,sign,0,64,0.0,0,0,0,MacBook-Pro-4.local,darwin,0,20.6217,49.77,,,2025-11-17T02:47:33.326704,,2385
SPHINCS+-SHA2-128s-simple,1024,sign,1024,1,0.0,0,0,0,MacBook-Pro-4.local,darwin,0,19.8839,51.88,,,2025-11-17T02:47:33.326719,,2386
SPHINCS+-SHA2-128s-simple,1024,sign,1024,1,0.0,0,0,0,MacBook-Pro-4.local,darwin,0,20.8676,47.83,,,2025-11-17T02:47:33.326730,,2387
SPHINCS+-SHA2-128s-simple,1024,sign,1024,1,0.0,0,0,0,MacBook-Pro-4.local,darwin,0,19.5428,53.55,,,2025-11-17T02:47:33.326741,,2388
SPHINCS+-SHA2-128s-simple,1024,sign,1024,1,0.0,0,0,0,MacBook-Pro-4.local,darwin,0,19.8172,48.88,,,2025-11-17T02:47:33.326753,,2389
SPHINCS+-SHA2-128s-simple,1024,sign,1024,1,0.0,0,0,0,MacBook-Pro-4.local,darwin,0,20.5041,50.45,,,2025-11-17T02:47:33.326764,,2390
SPHINCS+-SHA2-128s-simple,1024,sign,1024,16,0.0,0,0,0,MacBook-Pro-4.local,darwin,0,21.8984,43.55,,,2025-11-17T02:47:33.326778,,2391
SPHINCS+-SHA2-128s-simple,1024,sign,1024,16,0.0,0,0,0,MacBook-Pro-4.local,darwin,0,21.6283,45.6,,,2025-11-17T02:47:33.326809,,2392
SPHINCS+-SHA2-128s-simple,1024,sign,1024,16,0.0,0,0,0,MacBook-Pro-4.local,darwin,0,21.5476,48.07,,,2025-11-17T02:47:33.326822,,2393
SPHINCS+-SHA2-128s-simple,1024,sign,1024,16,0.0,0,0,0,MacBook-Pro-4.local,darwin,0,20.7199,48.54,,,2025-11-17T02:47:33.326833,,2394
SPHINCS+-SHA2-128s-simple,1024,sign,1024,16,0.0,0,0,0,MacBook-Pro-4.local,darwin,0,21.4073,47.9,,,2025-11-17T02:47:33.326844,,2395
SPHINCS+-SHA2-128s-simple,1024,sign,1024,64,0.0,0,0,0,MacBook-Pro-4.local,darwin,0,22.2716,44.22,,,2025-11-17T02:47:33.326859,,2396
SPHINCS+-SHA2-128s-simple,1024,sign,1024,64,0.0,0,0,0,MacBook-Pro-4.local,darwin,0,23.4617,43.9,,,2025-11-17T02:47:33.326870,,2397
SPHINCS+-SHA2-128s-simple,1024,sign,1024,64,0.0,0,0,0,MacBook-Pro-4.local,darwin,0,23.2441,40.96,,,2025-11-17T02:47:33.326881,,2398
SPHINCS+-SHA2-128s-simple,1024,sign,1024,64,0.0,0,0,0,MacBook-Pro-4.local,darwin,0,22.7994,43.13,,,2025-11-17T02:47:33.326892,,2399
SPHINCS+-SHA2-128s-simple,1024,sign,1024,64,0.0,0,0,0,MacBook-Pro-4.local,darwin,0,22.6592,43.53,,,2025-11-17T02:47:33.326903,,2400
SPHINCS+-SHA2-128s-simple,1024,verify,0,1,0.0,0,0,0,MacBook-Pro-4.local,darwin,0,9.2892,104.32,,,2025-11-17T02:47:33.326919,,2401
SPHINCS+-SHA2-128s-simple,1024,verify,0,1,0.0,0,0,0,MacBook-Pro-4.local,darwin,0,9.0833,110.69,,,2025-11-17T02:47:33.326930,,2402
SPHINCS+-SHA2-128s-simple,1024,verify,0,1,0.0,0,0,0,MacBook-Pro-4.local,darwin,0,9.3546,105.37,,,2025-11-17T02:47:33.326941,,2403
SPHINCS+-SHA2-128s-simple,1024,verify,0,1,0.0,0,0,0,MacBook-Pro-4.local,darwin,0,9.2055,112.13,,,2025-11-17T02:47:33.326952,,2404
SPHINCS+-SHA2-128s-simple,1024,verify,0,1,0.0,0,0,0,MacBook-Pro-4.local,darwin,0,9.8666,104.76,,,2025-11-17T02:47:33.326963,,2405
SPHINCS+-SHA2-128s-simple,1024,verify,0,16,0.0,0,0,0,MacBook-Pro-4.local,darwin,0,9.0456,111.47,,,2025-11-17T02:47:33.326978,,2406
SPHINCS+-SHA2-128s-simple,1024,verify,0,16,0.0,0,0,0,MacBook-Pro-4.local,darwin,0,9.4289,105.94,,,2025-11-17T02:47:33.326989,,2407
SPHINCS+-SHA2-128s-simple,1024,verify,0,16,0.0,0,0,0,MacBook-Pro-4.local,darwin,0,9.3355,105.46,,,2025-11-17T02:47:33.326999,,2408
SPHINCS+-SHA2-128s-simple,1024,verify,0,16,0.0,0,0,0,MacBook-Pro-4.local,darwin,0,10.0823,103.39,,,2025-11-17T02:47:33.327011,,2409
SPHINCS+-SHA2-128s-simple,1024,verify,0,16,0.0,0,0,0,MacBook-Pro-4.local,darwin,0,9.6595,101.21,,,2025-11-17T02:47:33.327021,,2410
SPHINCS+-SHA2-128s-simple,1024,verify,0,64,0.0,0,0,0,MacBook-Pro-4.local,darwin,0,10.738,88.65,,,2025-11-17T02:47:33.327035,,2411
SPHINCS+-SHA2-128s-simple,1024,verify,0,64,0.0,0,0,0,MacBook-Pro-4.local,darwin,0,11.3514,87.15,,,2025-11-17T02:47:33.327046,,2412
SPHINCS+-SHA2-128s-simple,1024,verify,0,64,0.0,0,0,0,MacBook-Pro-4.local,darwin,0,11.4063,88.66,,,2025-11-17T02:47:33.327057,,2413
SPHINCS+-SHA2-128s-simple,1024,verify,0,64,0.0,0,0,0,MacBook-Pro-4.local,darwin,0,10.9162,95.26,,,2025-11-17T02:47:33.327067,,2414
SPHINCS+-SHA2-128s-simple,1024,verify,0,64,0.0,0,0,0,MacBook-Pro-4.local,darwin,0,11.6864,81.47,,,2025-11-17T02:47:33.327078,,2415
SPHINCS+-SHA2-128s-simple,1024,verify,1024,1,0.0,0,0,0,MacBook-Pro-4.local,darwin,0,11.259,91.05,,,2025-11-17T02:47:33.327093,,2416
SPHINCS+-SHA2-128s-simple,1024,verify,1024,1,0.0,0,0,0,MacBook-Pro-4.local,darwin,0,11.0657,88.88,,,2025-11-17T02:47:33.327104,,2417
SPHINCS+-SHA2-128s-simple,1024,verify,1024,1,0.0,0,0,0,MacBook-Pro-4.local,darwin,0,9.9812,101.54,,,2025-11-17T02:47:33.327115,,2418
SPHINCS+-SHA2-128s-simple,1024,verify,1024,1,0.0,0,0,0,MacBook-Pro-4.local,darwin,0,10.6,97.14,,,2025-11-17T02:47:33.327125,,2419
SPHINCS+-SHA2-128s-simple,1024,verify,1024,1,0.0,0,0,0,MacBook-Pro-4.local,darwin,0,11.3724,85.88,,,2025-11-17T02:47:33.327136,,2420
SPHINCS+-SHA2-128s-simple,1024,verify,1024,16,0.0,0,0,0,MacBook-Pro-4.local,darwin,0,10.1891,93.46,,,2025-11-17T02:47:33.327150,,2421
SPHINCS+-SHA2-128s-simple,1024,verify,1024,16,0.0,0,0,0,MacBook-Pro-4.local,darwin,0,11.377,85.89,,,2025-11-17T02:47:33.327161,,2422
SPHINCS+-SHA2-128s-simple,1024,verify,1024,16,0.0,0,0,0,MacBook-Pro-4.local,darwin,0,10.9653,88.11,,,2025-11-17T02:47:33.327171,,2423
SPHINCS+-SHA2-128s-simple,1024,verify,1024,16,0.0,0,0,0,MacBook-Pro-4.local,darwin,0,11.4377,87.26,,,2025-11-17T02:47:33.327182,,2424
SPHINCS+-SHA2-128s-simple,1024,verify,1024,16,0.0,0,0,0,MacBook-Pro-4.local,darwin,0,11.4651,89.9,,,2025-11-17T02:47:33.327193,,2425
SPHINCS+-SHA2-128s-simple,1024,verify,1024,64,0.0,0,0,0,MacBook-Pro-4.local,darwin,0,12.3658,81.36,,,2025-11-17T02:47:33.327207,,2426
SPHINCS+-SHA2-128s-simple,1024,verify,1024,64,0.0,0,0,0,MacBook-Pro-4.local,darwin,0,13.1838,77.82,,,2025-11-17T02:47:33.327218,,2427
SPHINCS+-SHA2-128s-simple,1024,verify,1024,64,0.0,0,0,0,MacBook-Pro-4.local,darwin,0,12.3031,85.06,,,2025-11-17T02:47:33.327229,,2428
SPHINCS+-SHA2-128s-simple,1024,verify,1024,64,0.0,0,0,0,MacBook-Pro-4.local,darwin,0,11.875,80.85,,,2025-11-17T02:47:33.327240,,2429
SPHINCS+-SHA2-128s-simple,1024,verify,1024,64,0.0,0,0,0,MacBook-Pro-4.local,darwin,0,11.9921,85.32,,,2025-11-17T02:47:33.327251,,2430
SPHINCS+-SHA2-192s-simple,512,keygen,0,1,0.0,0,0,0,MacBook-Pro-4.local,darwin,0,14.8015,69.88,,,2025-11-17T02:47:33.327266,,2431
SPHINCS+-SHA2-192s-simple,512,keygen,0,1,0.0,0,0,0,MacBook-Pro-4.local,darwin,0,15.4311,67.67,,,2025-11-17T02:47:33.327277,,2432
SPHINCS+-SHA2-192s-simple,512,keygen,0,1,0.0,0,0,0,MacBook-Pro-4.local,darwin,0,14.218,72.96,,,2025-11-17T02:47:33.327288,,2433
SPHINCS+-SHA2-192s-simple,512,keygen,0,1,0.0,0,0,0,MacBook-Pro-4.local,darwin,0,14.2335,69.32,,,2025-11-17T02:47:33.327299,,2434
SPHINCS+-SHA2-192s-simple,512,keygen,0,1,0.0,0,0,0,MacBook-Pro-4.local,darwin,0,14.3382,72.3,,,2025-11-17T02:47:33.327310,,2435
SPHINCS+-SHA2-192s-simple,512,keygen,0,16,0.0,0,0,0,MacBook-Pro-4.local,darwin,0,14.4159,68.92,,,2025-11-17T02:47:33.327324,,2436
SPHINCS+-SHA2-192s-simple,512,keygen,0,16,0.0,0,0,0,MacBook-Pro-4.local,darwin,0,16.0732,59.4,,,2025-11-17T02:47:33.327335,,2437
SPHINCS+-SHA2-192s-simple,512,keygen,0,16,0.0,0,0,0,MacBook-Pro-4.local,darwin,0,14.1185,67.84,,,2025-11-17T02:47:33.327345,,2438
SPHINCS+-SHA2-192s-simple,512,keygen,0,16,0.0,0,0,0,MacBook-Pro-4.local,darwin,0,14.5909,66.67,,,2025-11-17T02:47:33.327356,,2439
SPHINCS+-SHA2-192s-simple,512,keygen,0,16,0.0,0,0,0,MacBook-Pro-4.local,darwin,0,15.3551,67.17,,,2025-11-17T02:47:33.327367,,2440
SPHINCS+-SHA2-192s-simple,512,keygen,0,64,0.0,0,0,0,MacBook-Pro-4.local,darwin,0,15.8072,64.47,,,2025-11-17T02:47:33.327382,,2441
SPHINCS+-SHA2-192s-simple,512,keygen,0,64,0.0,0,0,0,MacBook-Pro-4.local,darwin,0,16.7802,58.63,,,2025-11-17T02:47:33.327392,,2442
SPHINCS+-SHA2-192s-simple,512,keygen,0,64,0.0,0,0,0,MacBook-Pro-4.local,darwin,0,15.0197,69.87,,,2025-11-17T02:47:33.327403,,2443
SPHINCS+-SHA2-192s-simple,512,keygen,0,64,0.0,0,0,0,MacBook-Pro-4.local,darwin,0,16.1956,60.74,,,2025-11-17T02:47:33.327414,,2444
SPHINCS+-SHA2-192s-simple,512,keygen,0,64,0.0,0,0,0,MacBook-Pro-4.local,darwin,0,16.4383,60.27,,,2025-11-17T02:47:33.327426,,2445
SPHINCS+-SHA2-192s-simple,512,keygen,1024,1,0.0,0,0,0,MacBook-Pro-4.local,darwin,0,15.994,63.4,,,2025-11-17T02:47:33.327440,,2446
SPHINCS+-SHA2-192s-simple,512,keygen,1024,1,0.0,0,0,0,MacBook-Pro-4.local,darwin,0,16.4086,59.37,,,2025-11-17T02:47:33.327451,,2447
SPHINCS+-SHA2-192s-simple,512,keygen,1024,1,0.0,0,0,0,MacBook-Pro-4.local,darwin,0,16.2863,62.19,,,2025-11-17T02:47:33.327462,,2448
SPHINCS+-SHA2-192s-simple,512,keygen,1024,1,0.0,0,0,0,MacBook-Pro-4.local,darwin,0,16.7602,58.36,,,2025-11-17T02:47:33.327472,,2449
SPHINCS+-SHA2-192s-simple,512,keygen,1024,1,0.0,0,0,0,MacBook-Pro-4.local,darwin,0,15.9081,64.62,,,2025-11-17T02:47:33.327483,,2450
SPHINCS+-SHA2-192s-simple,512,keygen,1024,16,0.0,0,0,0,MacBook-Pro-4.local,darwin,0,16.2726,64.47,,,2025-11-17T02:47:33.327497,,2451
SPHINCS+-SHA2-192s-simple,512,keygen,1024,16,0.0,0,0,0,MacBook-Pro-4.local,darwin,0,16.4897,59.0,,,2025-11-17T02:47:33.327509,,2452
SPHINCS+-SHA2-192s-simple,512,keygen,1024,16,0.0,0,0,0,MacBook-Pro-4.local,darwin,0,17.6989,55.93,,,2025-11-17T02:47:33.327519,,2453
SPHINCS+-SHA2-192s-simple,512,keygen,1024,16,0.0,0,0,0,MacBook-Pro-4.local,darwin,0,17.1374,59.93,,,2025-11-17T02:47:33.327549,,2454
SPHINCS+-SHA2-192s-simple,512,keygen,1024,16,0.0,0,0,0,MacBook-Pro-4.local,darwin,0,17.1244,56.95,,,2025-11-17T02:47:33.327561,,2455
SPHINCS+-SHA2-192s-simple,512,keygen,1024,64,0.0,0,0,0,MacBook-Pro-4.local,darwin,0,17.4846,57.49,,,2025-11-17T02:47:33.327575,,2456
SPHINCS+-SHA2-192s-simple,512,keygen,1024,64,0.0,0,0,0,MacBook-Pro-4.local,darwin,0,18.8256,51.87,,,2025-11-17T02:47:33.327587,,2457
SPHINCS+-SHA2-192s-simple,512,keygen,1024,64,0.0,0,0,0,MacBook-Pro-4.local,darwin,0,18.4608,56.35,,,2025-11-17T02:47:33.327598,,2458
SPHINCS+-SHA2-192s-simple,512,keygen,1024,64,0.0,0,0,0,MacBook-Pro-4.local,darwin,0,18.1816,55.77,,,2025-11-17T02:47:33.327610,,2459
SPHINCS+-SHA2-192s-simple,512,keygen,1024,64,0.0,0,0,0,MacBook-Pro-4.local,darwin,0,17.7698,56.62,,,2025-11-17T02:47:33.327620,,2460
SPHINCS+-SHA2-192s-simple,512,sign,0,1,0.0,0,0,0,MacBook-Pro-4.local,darwin,0,18.1251,55.22,,,2025-11-17T02:47:33.327636,,2461
SPHINCS+-SHA2-192s-simple,512,sign,0,1,0.0,0,0,0,MacBook-Pro-4.local,darwin,0,17.8466,57.47,,,2025-11-17T02:47:33.327647,,2462
SPHINCS+-SHA2-192s-simple,512,sign,0,1,0.0,0,0,0,MacBook-Pro-4.local,darwin,0,18.1817,53.93,,,2025-11-17T02:47:33.327658,,2463
SPHINCS+-SHA2-192s-simple,512,sign,0,1,0.0,0,0,0,MacBook-Pro-4.local,darwin,0,18.0768,55.7,,,2025-11-17T02:47:33.327669,,2464
SPHINCS+-SHA2-192s-simple,512,sign,0,1,0.0,0,0,0,MacBook-Pro-4.local,darwin,0,18.2386,54.09,,,2025-11-17T02:47:33.327680,,2465
SPHINCS+-SHA2-192s-simple,512,sign,0,16,0.0,0,0,0,MacBook-Pro-4.local,darwin,0,18.3095,53.15,,,2025-11-17T02:47:33.327694,,2466
SPHINCS+-SHA2-192s-simple,512,sign,0,16,0.0,0,0,0,MacBook-Pro-4.local,darwin,0,18.1101,56.27,,,2025-11-17T02:47:33.327704,,2467
SPHINCS+-SHA2-192s-simple,512,sign,0,16,0.0,0,0,0,MacBook-Pro-4.local,darwin,0,18.5482,54.17,,,2025-11-17T02:47:33.327715,,2468
SPHINCS+-SHA2-192s-simple,512,sign,0,16,0.0,0,0,0,MacBook-Pro-4.local,darwin,0,18.2712,52.56,,,2025-11-17T02:47:33.327726,,2469
SPHINCS+-SHA2-192s-simple,512,sign,0,16,0.0,0,0,0,MacBook-Pro-4.local,darwin,0,18.6053,55.14,,,2025-11-17T02:47:33.327737,,2470
SPHINCS+-SHA2-192s-simple,512,sign,0,64,0.0,0,0,0,MacBook-Pro-4.local,darwin,0,20.4606,50.5,,,2025-11-17T02:47:33.327752,,2471
SPHINCS+-SHA2-192s-simple,512,sign,0,64,0.0,0,0,0,MacBook-Pro-4.local,darwin,0,20.6299,49.13,,,2025-11-17T02:47:33.327763,,2472
SPHINCS+-SHA2-192s-simple,512,sign,0,64,0.0,0,0,0,MacBook-Pro-4.local,darwin,0,20.7801,48.94,,,2025-11-17T02:47:33.327774,,2473
SPHINCS+-SHA2-192s-simple,512,sign,0,64,0.0,0,0,0,MacBook-Pro-4.local,darwin,0,21.4618,46.77,,,2025-11-17T02:47:33.327785,,2474
SPHINCS+-SHA2-192s-simple,512,sign,0,64,0.0,0,0,0,MacBook-Pro-4.local,darwin,0,19.6502,52.0,,,2025-11-17T02:47:33.327796,,2475
SPHINCS+-SHA2-192s-simple,512,sign,1024,1,0.0,0,0,0,MacBook-Pro-4.local,darwin,0,18.9377,52.87,,,2025-11-17T02:47:33.327810,,2476
SPHINCS+-SHA2-192s-simple,512,sign,1024,1,0.0,0,0,0,MacBook-Pro-4.local,darwin,0,20.0682,47.64,,,2025-11-17T02:47:33.327821,,2477
SPHINCS+-SHA2-192s-simple,512,sign,1024,1,0.0,0,0,0,MacBook-Pro-4.local,darwin,0,20.8259,48.6,,,2025-11-17T02:47:33.327832,,2478
SPHINCS+-SHA2-192s-simple,512,sign,1024,1,0.0,0,0,0,MacBook-Pro-4.local,darwin,0,19.8062,48.34,,,2025-11-17T02:47:33.327843,,2479
SPHINCS+-SHA2-192s-simple,512,sign,1024,1,0.0,0,0,0,MacBook-Pro-4.local,darwin,0,19.5924,48.57,,,2025-11-17T02:47:33.327854,,2480
SPHINCS+-SHA2-192s-simple,512,sign,1024,16,0.0,0,0,0,MacBook-Pro-4.local,darwin,0,21.3808,47.35,,,2025-11-17T02:47:33.327868,,2481
SPHINCS+-SHA2-192s-simple,512,sign,1024,16,0.0,0,0,0,MacBook-Pro-4.local,darwin,0,21.3921,46.69,,,2025-11-17T02:47:33.327879,,2482
SPHINCS+-SHA2-192s-simple,512,sign,1024,16,0.0,0,0,0,MacBook-Pro-4.local,darwin,0,20.7025,50.61,,,2025-11-17T02:47:33.327890,,2483
SPHINCS+-SHA2-192s-simple,512,sign,1024,16,0.0,0,0,0,MacBook-Pro-4.local,darwin,0,21.4521,45.64,,,2025-11-17T02:47:33.327901,,2484
SPHINCS+-SHA2-192s-simple,512,sign,1024,16,0.0,0,0,0,MacBook-Pro-4.local,darwin,0,19.9518,48.78,,,2025-11-17T02:47:33.327911,,2485
SPHINCS+-SHA2-192s-simple,512,sign,1024,64,0.0,0,0,0,MacBook-Pro-4.local,darwin,0,23.2714,43.61,,,2025-11-17T02:47:33.327925,,2486
SPHINCS+-SHA2-192s-simple,512,sign,1024,64,0.0,0,0,0,MacBook-Pro-4.local,darwin,0,22.4283,46.04,,,2025-11-17T02:47:33.327936,,2487
SPHINCS+-SHA2-192s-simple,512,sign,1024,64,0.0,0,0,0,MacBook-Pro-4.local,darwin,0,22.7617,45.65,,,2025-11-17T02:47:33.327947,,2488
SPHINCS+-SHA2-192s-simple,512,sign,1024,64,0.0,0,0,0,MacBook-Pro-4.local,darwin,0,22.797,43.26,,,2025-11-17T02:47:33.327958,,2489
SPHINCS+-SHA2-192s-simple,512,sign,1024,64,0.0,0,0,0,MacBook-Pro-4.local,darwin,0,23.603,42.7,,,2025-11-17T02:47:33.327969,,2490
SPHINCS+-SHA2-192s-simple,512,verify,0,1,0.0,0,0,0,MacBook-Pro-4.local,darwin,0,9.2532,106.26,,,2025-11-17T02:47:33.327983,,2491
SPHINCS+-SHA2-192s-simple,512,verify,0,1,0.0,0,0,0,MacBook-Pro-4.local,darwin,0,10.5958,97.19,,,2025-11-17T02:47:33.327995,,2492
SPHINCS+-SHA2-192s-simple,512,verify,0,1,0.0,0,0,0,MacBook-Pro-4.local,darwin,0,9.8391,104.32,,,2025-11-17T02:47:33.328006,,2493
SPHINCS+-SHA2-192s-simple,512,verify,0,1,0.0,0,0,0,MacBook-Pro-4.local,darwin,0,10.0493,96.96,,,2025-11-17T02:47:33.328017,,2494
SPHINCS+-SHA2-192s-simple,512,verify,0,1,0.0,0,0,0,MacBook-Pro-4.local,darwin,0,9.8837,100.15,,,2025-11-17T02:47:33.328029,,2495
SPHINCS+-SHA2-192s-simple,512,verify,0,16,0.0,0,0,0,MacBook-Pro-4.local,darwin,0,9.5863,108.83,,,2025-11-17T02:47:33.328043,,2496
SPHINCS+-SHA2-192s-simple,512,verify,0,16,0.0,0,0,0,MacBook-Pro-4.local,darwin,0,10.387,97.16,,,2025-11-17T02:47:33.328054,,2497
SPHINCS+-SHA2-192s-simple,512,verify,0,16,0.0,0,0,0,MacBook-Pro-4.local,darwin,0,10.1911,98.01,,,2025-11-17T02:47:33.328065,,2498
SPHINCS+-SHA2-192s-simple,512,verify,0,16,0.0,0,0,0,MacBook-Pro-4.local,darwin,0,9.3587,103.06,,,2025-11-17T02:47:33.328076,,2499
SPHINCS+-SHA2-192s-simple,512,verify,0,16,0.0,0,0,0,MacBook-Pro-4.local,darwin,0,9.2683,105.68,,,2025-11-17T02:47:33.328089,,2500
SPHINCS+-SHA2-192s-simple,512,verify,0,64,0.0,0,0,0,MacBook-Pro-4.local,darwin,0,10.4213,96.41,,,2025-11-17T02:47:33.328103,,2501
SPHINCS+-SHA2-192s-simple,512,verify,0,64,0.0,0,0,0,MacBook-Pro-4.local,darwin,0,10.6408,90.03,,,2025-11-17T02:47:33.328115,,2502
SPHINCS+-SHA2-192s-simple,512,verify,0,64,0.0,0,0,0,MacBook-Pro-4.local,darwin,0,11.373,85.65,,,2025-11-17T02:47:33.328126,,2503
SPHINCS+-SHA2-192s-simple,512,verify,0,64,0.0,0,0,0,MacBook-Pro-4.local,darwin,0,10.0216,99.69,,,2025-11-17T02:47:33.328137,,2504
SPHINCS+-SHA2-192s-simple,512,verify,0,64,0.0,0,0,0,MacBook-Pro-4.local,darwin,0,10.4396,91.4,,,2025-11-17T02:47:33.328148,,2505
SPHINCS+-SHA2-192s-simple,512,verify,1024,1,0.0,0,0,0,MacBook-Pro-4.local,darwin,0,11.2865,86.21,,,2025-11-17T02:47:33.328163,,2506
SPHINCS+-SHA2-192s-simple,512,verify,1024,1,0.0,0,0,0,MacBook-Pro-4.local,darwin,0,10.3795,91.82,,,2025-11-17T02:47:33.328174,,2507
SPHINCS+-SHA2-192s-simple,512,verify,1024,1,0.0,0,0,0,MacBook-Pro-4.local,darwin,0,10.941,91.83,,,2025-11-17T02:47:33.328185,,2508
SPHINCS+-SHA2-192s-simple,512,verify,1024,1,0.0,0,0,0,MacBook-Pro-4.local,darwin,0,11.3572,88.47,,,2025-11-17T02:47:33.328196,,2509
SPHINCS+-SHA2-192s-simple,512,verify,1024,1,0.0,0,0,0,MacBook-Pro-4.local,darwin,0,10.2801,99.65,,,2025-11-17T02:47:33.328207,,2510
SPHINCS+-SHA2-192s-simple,512,verify,1024,16,0.0,0,0,0,MacBook-Pro-4.local,darwin,0,10.9174,87.89,,,2025-11-17T02:47:33.328221,,2511
SPHINCS+-SHA2-192s-simple,512,verify,1024,16,0.0,0,0,0,MacBook-Pro-4.local,darwin,0,10.6751,91.08,,,2025-11-17T02:47:33.328232,,2512
SPHINCS+-SHA2-192s-simple,512,verify,1024,16,0.0,0,0,0,MacBook-Pro-4.local,darwin,0,11.109,90.22,,,2025-11-17T02:47:33.328243,,2513
SPHINCS+-SHA2-192s-simple,512,verify,1024,16,0.0,0,0,0,MacBook-Pro-4.local,darwin,0,11.3875,91.08,,,2025-11-17T02:47:33.328254,,2514
SPHINCS+-SHA2-192s-simple,512,verify,1024,16,0.0,0,0,0,MacBook-Pro-4.local,darwin,0,12.0625,81.37,,,2025-11-17T02:47:33.328265,,2515
SPHINCS+-SHA2-192s-simple,512,verify,1024,64,0.0,0,0,0,MacBook-Pro-4.local,darwin,0,12.5067,82.18,,,2025-11-17T02:47:33.328279,,2516
SPHINCS+-SHA2-192s-simple,512,verify,1024,64,0.0,0,0,0,MacBook-Pro-4.local,darwin,0,12.4747,80.14,,,2025-11-17T02:47:33.328308,,2517
SPHINCS+-SHA2-192s-simple,512,verify,1024,64,0.0,0,0,0,MacBook-Pro-4.local,darwin,0,13.1142,76.51,,,2025-11-17T02:47:33.328320,,2518
SPHINCS+-SHA2-192s-simple,512,verify,1024,64,0.0,0,0,0,MacBook-Pro-4.local,darwin,0,11.9976,82.05,,,2025-11-17T02:47:33.328331,,2519
SPHINCS+-SHA2-192s-simple,512,verify,1024,64,0.0,0,0,0,MacBook-Pro-4.local,darwin,0,11.2658,87.82,,,2025-11-17T02:47:33.328342,,2520
SPHINCS+-SHA2-192s-simple,768,keygen,0,1,0.0,0,0,0,MacBook-Pro-4.local,darwin,0,14.0022,68.47,,,2025-11-17T02:47:33.328357,,2521
SPHINCS+-SHA2-192s-simple,768,keygen,0,1,0.0,0,0,0,MacBook-Pro-4.local,darwin,0,14.5421,66.46,,,2025-11-17T02:47:33.328368,,2522
SPHINCS+-SHA2-192s-simple,768,keygen,0,1,0.0,0,0,0,MacBook-Pro-4.local,darwin,0,14.3335,71.17,,,2025-11-17T02:47:33.328379,,2523
SPHINCS+-SHA2-192s-simple,768,keygen,0,1,0.0,0,0,0,MacBook-Pro-4.local,darwin,0,14.4531,67.32,,,2025-11-17T02:47:33.328390,,2524
SPHINCS+-SHA2-192s-simple,768,keygen,0,1,0.0,0,0,0,MacBook-Pro-4.local,darwin,0,15.0242,65.65,,,2025-11-17T02:47:33.328401,,2525
SPHINCS+-SHA2-192s-simple,768,keygen,0,16,0.0,0,0,0,MacBook-Pro-4.local,darwin,0,15.3996,68.07,,,2025-11-17T02:47:33.328415,,2526
SPHINCS+-SHA2-192s-simple,768,keygen,0,16,0.0,0,0,0,MacBook-Pro-4.local,darwin,0,14.9037,63.98,,,2025-11-17T02:47:33.328426,,2527
SPHINCS+-SHA2-192s-simple,768,keygen,0,16,0.0,0,0,0,MacBook-Pro-4.local,darwin,0,13.8577,73.96,,,2025-11-17T02:47:33.328437,,2528
SPHINCS+-SHA2-192s-simple,768,keygen,0,16,0.0,0,0,0,MacBook-Pro-4.local,darwin,0,15.7086,65.23,,,2025-11-17T02:47:33.328448,,2529
SPHINCS+-SHA2-192s-simple,768,keygen,0,16,0.0,0,0,0,MacBook-Pro-4.local,darwin,0,14.539,68.6,,,2025-11-17T02:47:33.328460,,2530
SPHINCS+-SHA2-192s-simple,768,keygen,0,64,0.0,0,0,0,MacBook-Pro-4.local,darwin,0,15.6079,61.76,,,2025-11-17T02:47:33.328473,,2531
SPHINCS+-SHA2-192s-simple,768,keygen,0,64,0.0,0,0,0,MacBook-Pro-4.local,darwin,0,16.8567,60.38,,,2025-11-17T02:47:33.328484,,2532
SPHINCS+-SHA2-192s-simple,768,keygen,0,64,0.0,0,0,0,MacBook-Pro-4.local,darwin,0,16.5161,58.97,,,2025-11-17T02:47:33.328495,,2533
SPHINCS+-SHA2-192s-simple,768,keygen,0,64,0.0,0,0,0,MacBook-Pro-4.local,darwin,0,15.8202,65.36,,,2025-11-17T02:47:33.328506,,2534
SPHINCS+-SHA2-192s-simple,768,keygen,0,64,0.0,0,0,0,MacBook-Pro-4.local,darwin,0,16.8657,61.04,,,2025-11-17T02:47:33.328517,,2535
SPHINCS+-SHA2-192s-simple,768,keygen,1024,1,0.0,0,0,0,MacBook-Pro-4.local,darwin,0,16.549,57.72,,,2025-11-17T02:47:33.328532,,2536
SPHINCS+-SHA2-192s-simple,768,keygen,1024,1,0.0,0,0,0,MacBook-Pro-4.local,darwin,0,16.6216,57.88,,,2025-11-17T02:47:33.328543,,2537
SPHINCS+-SHA2-192s-simple,768,keygen,1024,1,0.0,0,0,0,MacBook-Pro-4.local,darwin,0,15.2585,68.4,,,2025-11-17T02:47:33.328554,,2538
SPHINCS+-SHA2-192s-simple,768,keygen,1024,1,0.0,0,0,0,MacBook-Pro-4.local,darwin,0,16.6694,58.97,,,2025-11-17T02:47:33.328565,,2539
SPHINCS+-SHA2-192s-simple,768,keygen,1024,1,0.0,0,0,0,MacBook-Pro-4.local,darwin,0,15.8515,61.05,,,2025-11-17T02:47:33.328576,,2540
SPHINCS+-SHA2-192s-simple,768,keygen,1024,16,0.0,0,0,0,MacBook-Pro-4.local,darwin,0,17.1177,61.06,,,2025-11-17T02:47:33.328589,,2541
SPHINCS+-SHA2-192s-simple,768,keygen,1024,16,0.0,0,0,0,MacBook-Pro-4.local,darwin,0,16.721,62.32,,,2025-11-17T02:47:33.328601,,2542
SPHINCS+-SHA2-192s-simple,768,keygen,1024,16,0.0,0,0,0,MacBook-Pro-4.local,darwin,0,16.7749,61.88,,,2025-11-17T02:47:33.328611,,2543
SPHINCS+-SHA2-192s-simple,768,keygen,1024,16,0.0,0,0,0,MacBook-Pro-4.local,darwin,0,16.1649,63.63,,,2025-11-17T02:47:33.328622,,2544
SPHINCS+-SHA2-192s-simple,768,keygen,1024,16,0.0,0,0,0,MacBook-Pro-4.local,darwin,0,16.3435,62.81,,,2025-11-17T02:47:33.328634,,2545
SPHINCS+-SHA2-192s-simple,768,keygen,1024,64,0.0,0,0,0,MacBook-Pro-4.local,darwin,0,18.2823,52.22,,,2025-11-17T02:47:33.328648,,2546
SPHINCS+-SHA2-192s-simple,768,keygen,1024,64,0.0,0,0,0,MacBook-Pro-4.local,darwin,0,18.0229,52.81,,,2025-11-17T02:47:33.328659,,2547
SPHINCS+-SHA2-192s-simple,768,keygen,1024,64,0.0,0,0,0,MacBook-Pro-4.local,darwin,0,17.7859,58.78,,,2025-11-17T02:47:33.328669,,2548
SPHINCS+-SHA2-192s-simple,768,keygen,1024,64,0.0,0,0,0,MacBook-Pro-4.local,darwin,0,18.8004,55.29,,,2025-11-17T02:47:33.328680,,2549
SPHINCS+-SHA2-192s-simple,768,keygen,1024,64,0.0,0,0,0,MacBook-Pro-4.local,darwin,0,18.8505,52.13,,,2025-11-17T02:47:33.328691,,2550
SPHINCS+-SHA2-192s-simple,768,sign,0,1,0.0,0,0,0,MacBook-Pro-4.local,darwin,0,17.8655,54.63,,,2025-11-17T02:47:33.328706,,2551
SPHINCS+-SHA2-192s-simple,768,sign,0,1,0.0,0,0,0,MacBook-Pro-4.local,darwin,0,17.6645,58.58,,,2025-11-17T02:47:33.328717,,2552
SPHINCS+-SHA2-192s-simple,768,sign,0,1,0.0,0,0,0,MacBook-Pro-4.local,darwin,0,17.6347,56.35,,,2025-11-17T02:47:33.328728,,2553
SPHINCS+-SHA2-192s-simple,768,sign,0,1,0.0,0,0,0,MacBook-Pro-4.local,darwin,0,18.029,55.38,,,2025-11-17T02:47:33.328738,,2554
SPHINCS+-SHA2-192s-simple,768,sign,0,1,0.0,0,0,0,MacBook-Pro-4.local,darwin,0,18.0979,53.66,,,2025-11-17T02:47:33.328749,,2555
SPHINCS+-SHA2-192s-simple,768,sign,0,16,0.0,0,0,0,MacBook-Pro-4.local,darwin,0,18.2844,57.38,,,2025-11-17T02:47:33.328763,,2556
SPHINCS+-SHA2-192s-simple,768,sign,0,16,0.0,0,0,0,MacBook-Pro-4.local,darwin,0,17.9979,55.35,,,2025-11-17T02:47:33.328774,,2557
SPHINCS+-SHA2-192s-simple,768,sign,0,16,0.0,0,0,0,MacBook-Pro-4.local,darwin,0,18.8934,51.08,,,2025-11-17T02:47:33.328785,,2558
SPHINCS+-SHA2-192s-simple,768,sign,0,16,0.0,0,0,0,MacBook-Pro-4.local,darwin,0,18.5817,55.18,,,2025-11-17T02:47:33.328795,,2559
SPHINCS+-SHA2-192s-simple,768,sign,0,16,0.0,0,0,0,MacBook-Pro-4.local,darwin,0,19.2962,51.59,,,2025-11-17T02:47:33.328806,,2560
SPHINCS+-SHA2-192s-simple,768,sign,0,64,0.0,0,0,0,MacBook-Pro-4.local,darwin,0,20.6351,49.3,,,2025-11-17T02:47:33.328820,,2561
SPHINCS+-SHA2-192s-simple,768,sign,0,64,0.0,0,0,0,MacBook-Pro-4.local,darwin,0,20.8157,46.89,,,2025-11-17T02:47:33.328831,,2562
SPHINCS+-SHA2-192s-simple,768,sign,0,64,0.0,0,0,0,MacBook-Pro-4.local,darwin,0,19.5371,50.38,,,2025-11-17T02:47:33.328842,,2563
SPHINCS+-SHA2-192s-simple,768,sign,0,64,0.0,0,0,0,MacBook-Pro-4.local,darwin,0,20.3196,48.07,,,2025-11-17T02:47:33.328853,,2564
SPHINCS+-SHA2-192s-simple,768,sign,0,64,0.0,0,0,0,MacBook-Pro-4.local,darwin,0,20.2348,50.29,,,2025-11-17T02:47:33.328864,,2565
SPHINCS+-SHA2-192s-simple,768,sign,1024,1,0.0,0,0,0,MacBook-Pro-4.local,darwin,0,19.3657,50.2,,,2025-11-17T02:47:33.328878,,2566
SPHINCS+-SHA2-192s-simple,768,sign,1024,1,0.0,0,0,0,MacBook-Pro-4.local,darwin,0,20.265,50.57,,,2025-11-17T02:47:33.328890,,2567
SPHINCS+-SHA2-192s-simple,768,sign,1024,1,0.0,0,0,0,MacBook-Pro-4.local,darwin,0,21.026,48.84,,,2025-11-17T02:47:33.328900,,2568
SPHINCS+-SHA2-192s-simple,768,sign,1024,1,0.0,0,0,0,MacBook-Pro-4.local,darwin,0,19.808,50.38,,,2025-11-17T02:47:33.328911,,2569
SPHINCS+-SHA2-192s-simple,768,sign,1024,1,0.0,0,0,0,MacBook-Pro-4.local,darwin,0,20.1672,49.36,,,2025-11-17T02:47:33.328923,,2570
SPHINCS+-SHA2-192s-simple,768,sign,1024,16,0.0,0,0,0,MacBook-Pro-4.local,darwin,0,20.9549,47.18,,,2025-11-17T02:47:33.328937,,2571
SPHINCS+-SHA2-192s-simple,768,sign,1024,16,0.0,0,0,0,MacBook-Pro-4.local,darwin,0,21.3107,46.97,,,2025-11-17T02:47:33.328948,,2572
SPHINCS+-SHA2-192s-simple,768,sign,1024,16,0.0,0,0,0,MacBook-Pro-4.local,darwin,0,20.4009,48.99,,,2025-11-17T02:47:33.328958,,2573
SPHINCS+-SHA2-192s-simple,768,sign,1024,16,0.0,0,0,0,MacBook-Pro-4.local,darwin,0,21.6043,45.72,,,2025-11-17T02:47:33.328969,,2574
SPHINCS+-SHA2-192s-simple,768,sign,1024,16,0.0,0,0,0,MacBook-Pro-4.local,darwin,0,20.5307,46.99,,,2025-11-17T02:47:33.328980,,2575
SPHINCS+-SHA2-192s-simple,768,sign,1024,64,0.0,0,0,0,MacBook-Pro-4.local,darwin,0,22.7621,42.61,,,2025-11-17T02:47:33.328994,,2576
SPHINCS+-SHA2-192s-simple,768,sign,1024,64,0.0,0,0,0,MacBook-Pro-4.local,darwin,0,22.7558,42.5,,,2025-11-17T02:47:33.329005,,2577
SPHINCS+-SHA2-192s-simple,768,sign,1024,64,0.0,0,0,0,MacBook-Pro-4.local,darwin,0,22.9152,41.88,,,2025-11-17T02:47:33.329015,,2578
SPHINCS+-SHA2-192s-simple,768,sign,1024,64,0.0,0,0,0,MacBook-Pro-4.local,darwin,0,22.1887,46.21,,,2025-11-17T02:47:33.329026,,2579
SPHINCS+-SHA2-192s-simple,768,sign,1024,64,0.0,0,0,0,MacBook-Pro-4.local,darwin,0,22.9215,42.48,,,2025-11-17T02:47:33.329056,,2580
SPHINCS+-SHA2-192s-simple,768,verify,0,1,0.0,0,0,0,MacBook-Pro-4.local,darwin,0,9.307,112.8,,,2025-11-17T02:47:33.329073,,2581
SPHINCS+-SHA2-192s-simple,768,verify,0,1,0.0,0,0,0,MacBook-Pro-4.local,darwin,0,9.4297,102.67,,,2025-11-17T02:47:33.329084,,2582
SPHINCS+-SHA2-192s-simple,768,verify,0,1,0.0,0,0,0,MacBook-Pro-4.local,darwin,0,9.6175,101.43,,,2025-11-17T02:47:33.329095,,2583
SPHINCS+-SHA2-192s-simple,768,verify,0,1,0.0,0,0,0,MacBook-Pro-4.local,darwin,0,9.4634,101.2,,,2025-11-17T02:47:33.329106,,2584
SPHINCS+-SHA2-192s-simple,768,verify,0,1,0.0,0,0,0,MacBook-Pro-4.local,darwin,0,8.7813,110.13,,,2025-11-17T02:47:33.329118,,2585
SPHINCS+-SHA2-192s-simple,768,verify,0,16,0.0,0,0,0,MacBook-Pro-4.local,darwin,0,9.7834,105.74,,,2025-11-17T02:47:33.329132,,2586
SPHINCS+-SHA2-192s-simple,768,verify,0,16,0.0,0,0,0,MacBook-Pro-4.local,darwin,0,9.2279,105.74,,,2025-11-17T02:47:33.329144,,2587
SPHINCS+-SHA2-192s-simple,768,verify,0,16,0.0,0,0,0,MacBook-Pro-4.local,darwin,0,9.2768,108.23,,,2025-11-17T02:47:33.329156,,2588
SPHINCS+-SHA2-192s-simple,768,verify,0,16,0.0,0,0,0,MacBook-Pro-4.local,darwin,0,10.3783,93.26,,,2025-11-17T02:47:33.329167,,2589
SPHINCS+-SHA2-192s-simple,768,verify,0,16,0.0,0,0,0,MacBook-Pro-4.local,darwin,0,10.6984,96.3,,,2025-11-17T02:47:33.329178,,2590
SPHINCS+-SHA2-192s-simple,768,verify,0,64,0.0,0,0,0,MacBook-Pro-4.local,darwin,0,10.6831,93.16,,,2025-11-17T02:47:33.329192,,2591
SPHINCS+-SHA2-192s-simple,768,verify,0,64,0.0,0,0,0,MacBook-Pro-4.local,darwin,0,10.8273,88.45,,,2025-11-17T02:47:33.329203,,2592
SPHINCS+-SHA2-192s-simple,768,verify,0,64,0.0,0,0,0,MacBook-Pro-4.local,darwin,0,11.2752,87.74,,,2025-11-17T02:47:33.329214,,2593
SPHINCS+-SHA2-192s-simple,768,verify,0,64,0.0,0,0,0,MacBook-Pro-4.local,darwin,0,9.831,101.8,,,2025-11-17T02:47:33.329225,,2594
SPHINCS+-SHA2-192s-simple,768,verify,0,64,0.0,0,0,0,MacBook-Pro-4.local,darwin,0,10.9405,89.68,,,2025-11-17T02:47:33.329236,,2595
SPHINCS+-SHA2-192s-simple,768,verify,1024,1,0.0,0,0,0,MacBook-Pro-4.local,darwin,0,10.781,93.69,,,2025-11-17T02:47:33.329251,,2596
SPHINCS+-SHA2-192s-simple,768,verify,1024,1,0.0,0,0,0,MacBook-Pro-4.local,darwin,0,10.9438,94.69,,,2025-11-17T02:47:33.329262,,2597
SPHINCS+-SHA2-192s-simple,768,verify,1024,1,0.0,0,0,0,MacBook-Pro-4.local,darwin,0,11.0284,88.89,,,2025-11-17T02:47:33.329273,,2598
SPHINCS+-SHA2-192s-simple,768,verify,1024,1,0.0,0,0,0,MacBook-Pro-4.local,darwin,0,10.6339,97.71,,,2025-11-17T02:47:33.329284,,2599
SPHINCS+-SHA2-192s-simple,768,verify,1024,1,0.0,0,0,0,MacBook-Pro-4.local,darwin,0,11.3047,90.52,,,2025-11-17T02:47:33.329295,,2600
SPHINCS+-SHA2-192s-simple,768,verify,1024,16,0.0,0,0,0,MacBook-Pro-4.local,darwin,0,11.1674,91.0,,,2025-11-17T02:47:33.329308,,2601
SPHINCS+-SHA2-192s-simple,768,verify,1024,16,0.0,0,0,0,MacBook-Pro-4.local,darwin,0,11.6669,87.01,,,2025-11-17T02:47:33.329319,,2602
SPHINCS+-SHA2-192s-simple,768,verify,1024,16,0.0,0,0,0,MacBook-Pro-4.local,darwin,0,11.264,89.03,,,2025-11-17T02:47:33.329330,,2603
SPHINCS+-SHA2-192s-simple,768,verify,1024,16,0.0,0,0,0,MacBook-Pro-4.local,darwin,0,10.5599,93.27,,,2025-11-17T02:47:33.329341,,2604
SPHINCS+-SHA2-192s-simple,768,verify,1024,16,0.0,0,0,0,MacBook-Pro-4.local,darwin,0,10.8581,92.24,,,2025-11-17T02:47:33.329352,,2605
SPHINCS+-SHA2-192s-simple,768,verify,1024,64,0.0,0,0,0,MacBook-Pro-4.local,darwin,0,12.8631,79.55,,,2025-11-17T02:47:33.329366,,2606
SPHINCS+-SHA2-192s-simple,768,verify,1024,64,0.0,0,0,0,MacBook-Pro-4.local,darwin,0,12.0036,80.43,,,2025-11-17T02:47:33.329377,,2607
SPHINCS+-SHA2-192s-simple,768,verify,1024,64,0.0,0,0,0,MacBook-Pro-4.local,darwin,0,12.9361,80.0,,,2025-11-17T02:47:33.329389,,2608
SPHINCS+-SHA2-192s-simple,768,verify,1024,64,0.0,0,0,0,MacBook-Pro-4.local,darwin,0,11.946,82.54,,,2025-11-17T02:47:33.329400,,2609
SPHINCS+-SHA2-192s-simple,768,verify,1024,64,0.0,0,0,0,MacBook-Pro-4.local,darwin,0,12.3378,80.48,,,2025-11-17T02:47:33.329412,,2610
SPHINCS+-SHA2-192s-simple,1024,keygen,0,1,0.0,0,0,0,MacBook-Pro-4.local,darwin,0,14.2066,70.77,,,2025-11-17T02:47:33.329426,,2611
SPHINCS+-SHA2-192s-simple,1024,keygen,0,1,0.0,0,0,0,MacBook-Pro-4.local,darwin,0,13.9304,69.74,,,2025-11-17T02:47:33.329437,,2612
SPHINCS+-SHA2-192s-simple,1024,keygen,0,1,0.0,0,0,0,MacBook-Pro-4.local,darwin,0,13.8142,71.66,,,2025-11-17T02:47:33.329450,,2613
SPHINCS+-SHA2-192s-simple,1024,keygen,0,1,0.0,0,0,0,MacBook-Pro-4.local,darwin,0,14.8073,70.53,,,2025-11-17T02:47:33.329461,,2614
SPHINCS+-SHA2-192s-simple,1024,keygen,0,1,0.0,0,0,0,MacBook-Pro-4.local,darwin,0,14.4637,69.19,,,2025-11-17T02:47:33.329472,,2615
SPHINCS+-SHA2-192s-simple,1024,keygen,0,16,0.0,0,0,0,MacBook-Pro-4.local,darwin,0,15.1639,67.7,,,2025-11-17T02:47:33.329486,,2616
SPHINCS+-SHA2-192s-simple,1024,keygen,0,16,0.0,0,0,0,MacBook-Pro-4.local,darwin,0,15.1803,62.83,,,2025-11-17T02:47:33.329497,,2617
SPHINCS+-SHA2-192s-simple,1024,keygen,0,16,0.0,0,0,0,MacBook-Pro-4.local,darwin,0,15.7503,64.18,,,2025-11-17T02:47:33.329508,,2618
SPHINCS+-SHA2-192s-simple,1024,keygen,0,16,0.0,0,0,0,MacBook-Pro-4.local,darwin,0,14.9956,67.17,,,2025-11-17T02:47:33.329519,,2619
SPHINCS+-SHA2-192s-simple,1024,keygen,0,16,0.0,0,0,0,MacBook-Pro-4.local,darwin,0,15.0287,65.79,,,2025-11-17T02:47:33.329530,,2620
SPHINCS+-SHA2-192s-simple,1024,keygen,0,64,0.0,0,0,0,MacBook-Pro-4.local,darwin,0,15.9868,59.68,,,2025-11-17T02:47:33.329544,,2621
SPHINCS+-SHA2-192s-simple,1024,keygen,0,64,0.0,0,0,0,MacBook-Pro-4.local,darwin,0,15.9601,65.02,,,2025-11-17T02:47:33.329555,,2622
SPHINCS+-SHA2-192s-simple,1024,keygen,0,64,0.0,0,0,0,MacBook-Pro-4.local,darwin,0,16.478,63.44,,,2025-11-17T02:47:33.329566,,2623
SPHINCS+-SHA2-192s-simple,1024,keygen,0,64,0.0,0,0,0,MacBook-Pro-4.local,darwin,0,16.4246,63.79,,,2025-11-17T02:47:33.329577,,2624
SPHINCS+-SHA2-192s-simple,1024,keygen,0,64,0.0,0,0,0,MacBook-Pro-4.local,darwin,0,15.8771,62.96,,,2025-11-17T02:47:33.329588,,2625
SPHINCS+-SHA2-192s-simple,1024,keygen,1024,1,0.0,0,0,0,MacBook-Pro-4.local,darwin,0,16.351,59.36,,,2025-11-17T02:47:33.329603,,2626
SPHINCS+-SHA2-192s-simple,1024,keygen,1024,1,0.0,0,0,0,MacBook-Pro-4.local,darwin,0,15.6403,65.06,,,2025-11-17T02:47:33.329614,,2627
SPHINCS+-SHA2-192s-simple,1024,keygen,1024,1,0.0,0,0,0,MacBook-Pro-4.local,darwin,0,16.0483,64.1,,,2025-11-17T02:47:33.329625,,2628
SPHINCS+-SHA2-192s-simple,1024,keygen,1024,1,0.0,0,0,0,MacBook-Pro-4.local,darwin,0,16.3758,59.79,,,2025-11-17T02:47:33.329637,,2629
SPHINCS+-SHA2-192s-simple,1024,keygen,1024,1,0.0,0,0,0,MacBook-Pro-4.local,darwin,0,16.1117,63.15,,,2025-11-17T02:47:33.329648,,2630
SPHINCS+-SHA2-192s-simple,1024,keygen,1024,16,0.0,0,0,0,MacBook-Pro-4.local,darwin,0,17.091,61.29,,,2025-11-17T02:47:33.329663,,2631
SPHINCS+-SHA2-192s-simple,1024,keygen,1024,16,0.0,0,0,0,MacBook-Pro-4.local,darwin,0,16.2225,60.49,,,2025-11-17T02:47:33.329675,,2632
SPHINCS+-SHA2-192s-simple,1024,keygen,1024,16,0.0,0,0,0,MacBook-Pro-4.local,darwin,0,16.6272,60.06,,,2025-11-17T02:47:33.329686,,2633
SPHINCS+-SHA2-192s-simple,1024,keygen,1024,16,0.0,0,0,0,MacBook-Pro-4.local,darwin,0,15.7732,66.5,,,2025-11-17T02:47:33.329697,,2634
SPHINCS+-SHA2-192s-simple,1024,keygen,1024,16,0.0,0,0,0,MacBook-Pro-4.local,darwin,0,17.3499,59.41,,,2025-11-17T02:47:33.329708,,2635
SPHINCS+-SHA2-192s-simple,1024,keygen,1024,64,0.0,0,0,0,MacBook-Pro-4.local,darwin,0,18.1256,55.44,,,2025-11-17T02:47:33.329722,,2636
SPHINCS+-SHA2-192s-simple,1024,keygen,1024,64,0.0,0,0,0,MacBook-Pro-4.local,darwin,0,18.3228,55.98,,,2025-11-17T02:47:33.329733,,2637
SPHINCS+-SHA2-192s-simple,1024,keygen,1024,64,0.0,0,0,0,MacBook-Pro-4.local,darwin,0,17.8669,58.72,,,2025-11-17T02:47:33.329744,,2638
SPHINCS+-SHA2-192s-simple,1024,keygen,1024,64,0.0,0,0,0,MacBook-Pro-4.local,darwin,0,18.3807,54.08,,,2025-11-17T02:47:33.329756,,2639
SPHINCS+-SHA2-192s-simple,1024,keygen,1024,64,0.0,0,0,0,MacBook-Pro-4.local,darwin,0,17.8104,58.16,,,2025-11-17T02:47:33.329768,,2640
SPHINCS+-SHA2-192s-simple,1024,sign,0,1,0.0,0,0,0,MacBook-Pro-4.local,darwin,0,18.4133,52.79,,,2025-11-17T02:47:33.329784,,2641
SPHINCS+-SHA2-192s-simple,1024,sign,0,1,0.0,0,0,0,MacBook-Pro-4.local,darwin,0,18.5336,51.8,,,2025-11-17T02:47:33.329818,,2642
SPHINCS+-SHA2-192s-simple,1024,sign,0,1,0.0,0,0,0,MacBook-Pro-4.local,darwin,0,17.7877,53.8,,,2025-11-17T02:47:33.329831,,2643
SPHINCS+-SHA2-192s-simple,1024,sign,0,1,0.0,0,0,0,MacBook-Pro-4.local,darwin,0,17.6048,57.56,,,2025-11-17T02:47:33.329843,,2644
SPHINCS+-SHA2-192s-simple,1024,sign,0,1,0.0,0,0,0,MacBook-Pro-4.local,darwin,0,17.3135,55.65,,,2025-11-17T02:47:33.329854,,2645
SPHINCS+-SHA2-192s-simple,1024,sign,0,16,0.0,0,0,0,MacBook-Pro-4.local,darwin,0,18.8196,51.75,,,2025-11-17T02:47:33.329868,,2646
SPHINCS+-SHA2-192s-simple,1024,sign,0,16,0.0,0,0,0,MacBook-Pro-4.local,darwin,0,18.7219,51.59,,,2025-11-17T02:47:33.329879,,2647
SPHINCS+-SHA2-192s-simple,1024,sign,0,16,0.0,0,0,0,MacBook-Pro-4.local,darwin,0,18.9055,54.23,,,2025-11-17T02:47:33.329890,,2648
SPHINCS+-SHA2-192s-simple,1024,sign,0,16,0.0,0,0,0,MacBook-Pro-4.local,darwin,0,17.9641,55.03,,,2025-11-17T02:47:33.329902,,2649
SPHINCS+-SHA2-192s-simple,1024,sign,0,16,0.0,0,0,0,MacBook-Pro-4.local,darwin,0,19.1499,51.16,,,2025-11-17T02:47:33.329913,,2650
SPHINCS+-SHA2-192s-simple,1024,sign,0,64,0.0,0,0,0,MacBook-Pro-4.local,darwin,0,20.8534,49.81,,,2025-11-17T02:47:33.329927,,2651
SPHINCS+-SHA2-192s-simple,1024,sign,0,64,0.0,0,0,0,MacBook-Pro-4.local,darwin,0,20.2635,48.6,,,2025-11-17T02:47:33.329938,,2652
SPHINCS+-SHA2-192s-simple,1024,sign,0,64,0.0,0,0,0,MacBook-Pro-4.local,darwin,0,20.1587,51.79,,,2025-11-17T02:47:33.329949,,2653
SPHINCS+-SHA2-192s-simple,1024,sign,0,64,0.0,0,0,0,MacBook-Pro-4.local,darwin,0,20.4581,51.11,,,2025-11-17T02:47:33.329960,,2654
SPHINCS+-SHA2-192s-simple,1024,sign,0,64,0.0,0,0,0,MacBook-Pro-4.local,darwin,0,19.5837,51.66,,,2025-11-17T02:47:33.329971,,2655
SPHINCS+-SHA2-192s-simple,1024,sign,1024,1,0.0,0,0,0,MacBook-Pro-4.local,darwin,0,20.7319,48.45,,,2025-11-17T02:47:33.329985,,2656
SPHINCS+-SHA2-192s-simple,1024,sign,1024,1,0.0,0,0,0,MacBook-Pro-4.local,darwin,0,21.0099,49.45,,,2025-11-17T02:47:33.329997,,2657
SPHINCS+-SHA2-192s-simple,1024,sign,1024,1,0.0,0,0,0,MacBook-Pro-4.local,darwin,0,20.7694,48.32,,,2025-11-17T02:47:33.330008,,2658
SPHINCS+-SHA2-192s-simple,1024,sign,1024,1,0.0,0,0,0,MacBook-Pro-4.local,darwin,0,19.9911,49.13,,,2025-11-17T02:47:33.330019,,2659
SPHINCS+-SHA2-192s-simple,1024,sign,1024,1,0.0,0,0,0,MacBook-Pro-4.local,darwin,0,20.3397,49.68,,,2025-11-17T02:47:33.330030,,2660
SPHINCS+-SHA2-192s-simple,1024,sign,1024,16,0.0,0,0,0,MacBook-Pro-4.local,darwin,0,21.071,46.88,,,2025-11-17T02:47:33.330044,,2661
SPHINCS+-SHA2-192s-simple,1024,sign,1024,16,0.0,0,0,0,MacBook-Pro-4.local,darwin,0,19.4721,53.48,,,2025-11-17T02:47:33.330055,,2662
SPHINCS+-SHA2-192s-simple,1024,sign,1024,16,0.0,0,0,0,MacBook-Pro-4.local,darwin,0,21.287,45.59,,,2025-11-17T02:47:33.330066,,2663
SPHINCS+-SHA2-192s-simple,1024,sign,1024,16,0.0,0,0,0,MacBook-Pro-4.local,darwin,0,21.0482,47.2,,,2025-11-17T02:47:33.330077,,2664
SPHINCS+-SHA2-192s-simple,1024,sign,1024,16,0.0,0,0,0,MacBook-Pro-4.local,darwin,0,21.0972,45.35,,,2025-11-17T02:47:33.330088,,2665
SPHINCS+-SHA2-192s-simple,1024,sign,1024,64,0.0,0,0,0,MacBook-Pro-4.local,darwin,0,22.6977,45.34,,,2025-11-17T02:47:33.330101,,2666
SPHINCS+-SHA2-192s-simple,1024,sign,1024,64,0.0,0,0,0,MacBook-Pro-4.local,darwin,0,22.4413,44.81,,,2025-11-17T02:47:33.330112,,2667
SPHINCS+-SHA2-192s-simple,1024,sign,1024,64,0.0,0,0,0,MacBook-Pro-4.local,darwin,0,21.6493,44.78,,,2025-11-17T02:47:33.330123,,2668
SPHINCS+-SHA2-192s-simple,1024,sign,1024,64,0.0,0,0,0,MacBook-Pro-4.local,darwin,0,22.9774,41.6,,,2025-11-17T02:47:33.330134,,2669
SPHINCS+-SHA2-192s-simple,1024,sign,1024,64,0.0,0,0,0,MacBook-Pro-4.local,darwin,0,22.2709,44.5,,,2025-11-17T02:47:33.330145,,2670
SPHINCS+-SHA2-192s-simple,1024,verify,0,1,0.0,0,0,0,MacBook-Pro-4.local,darwin,0,8.8562,110.76,,,2025-11-17T02:47:33.330160,,2671
SPHINCS+-SHA2-192s-simple,1024,verify,0,1,0.0,0,0,0,MacBook-Pro-4.local,darwin,0,10.2803,95.48,,,2025-11-17T02:47:33.330171,,2672
SPHINCS+-SHA2-192s-simple,1024,verify,0,1,0.0,0,0,0,MacBook-Pro-4.local,darwin,0,9.5907,103.71,,,2025-11-17T02:47:33.330183,,2673
SPHINCS+-SHA2-192s-simple,1024,verify,0,1,0.0,0,0,0,MacBook-Pro-4.local,darwin,0,10.0772,97.0,,,2025-11-17T02:47:33.330194,,2674
SPHINCS+-SHA2-192s-simple,1024,verify,0,1,0.0,0,0,0,MacBook-Pro-4.local,darwin,0,9.662,108.24,,,2025-11-17T02:47:33.330205,,2675
SPHINCS+-SHA2-192s-simple,1024,verify,0,16,0.0,0,0,0,MacBook-Pro-4.local,darwin,0,10.17,102.68,,,2025-11-17T02:47:33.330220,,2676
SPHINCS+-SHA2-192s-simple,1024,verify,0,16,0.0,0,0,0,MacBook-Pro-4.local,darwin,0,9.5336,106.34,,,2025-11-17T02:47:33.330231,,2677
SPHINCS+-SHA2-192s-simple,1024,verify,0,16,0.0,0,0,0,MacBook-Pro-4.local,darwin,0,9.6171,102.79,,,2025-11-17T02:47:33.330243,,2678
SPHINCS+-SHA2-192s-simple,1024,verify,0,16,0.0,0,0,0,MacBook-Pro-4.local,darwin,0,10.4469,94.47,,,2025-11-17T02:47:33.330253,,2679
SPHINCS+-SHA2-192s-simple,1024,verify,0,16,0.0,0,0,0,MacBook-Pro-4.local,darwin,0,10.0922,96.23,,,2025-11-17T02:47:33.330264,,2680
SPHINCS+-SHA2-192s-simple,1024,verify,0,64,0.0,0,0,0,MacBook-Pro-4.local,darwin,0,10.5167,94.7,,,2025-11-17T02:47:33.330278,,2681
SPHINCS+-SHA2-192s-simple,1024,verify,0,64,0.0,0,0,0,MacBook-Pro-4.local,darwin,0,11.0145,92.1,,,2025-11-17T02:47:33.330289,,2682
SPHINCS+-SHA2-192s-simple,1024,verify,0,64,0.0,0,0,0,MacBook-Pro-4.local,darwin,0,12.0648,80.58,,,2025-11-17T02:47:33.330300,,2683
SPHINCS+-SHA2-192s-simple,1024,verify,0,64,0.0,0,0,0,MacBook-Pro-4.local,darwin,0,11.499,84.85,,,2025-11-17T02:47:33.330311,,2684
SPHINCS+-SHA2-192s-simple,1024,verify,0,64,0.0,0,0,0,MacBook-Pro-4.local,darwin,0,10.9699,88.96,,,2025-11-17T02:47:33.330322,,2685
SPHINCS+-SHA2-192s-simple,1024,verify,1024,1,0.0,0,0,0,MacBook-Pro-4.local,darwin,0,10.6874,92.56,,,2025-11-17T02:47:33.330336,,2686
SPHINCS+-SHA2-192s-simple,1024,verify,1024,1,0.0,0,0,0,MacBook-Pro-4.local,darwin,0,10.9846,88.74,,,2025-11-17T02:47:33.330347,,2687
SPHINCS+-SHA2-192s-simple,1024,verify,1024,1,0.0,0,0,0,MacBook-Pro-4.local,darwin,0,10.672,98.0,,,2025-11-17T02:47:33.330358,,2688
SPHINCS+-SHA2-192s-simple,1024,verify,1024,1,0.0,0,0,0,MacBook-Pro-4.local,darwin,0,10.5373,97.27,,,2025-11-17T02:47:33.330369,,2689
SPHINCS+-SHA2-192s-simple,1024,verify,1024,1,0.0,0,0,0,MacBook-Pro-4.local,darwin,0,11.2294,88.13,,,2025-11-17T02:47:33.330380,,2690
SPHINCS+-SHA2-192s-simple,1024,verify,1024,16,0.0,0,0,0,MacBook-Pro-4.local,darwin,0,10.6789,91.2,,,2025-11-17T02:47:33.330394,,2691
SPHINCS+-SHA2-192s-simple,1024,verify,1024,16,0.0,0,0,0,MacBook-Pro-4.local,darwin,0,11.3139,90.83,,,2025-11-17T02:47:33.330405,,2692
SPHINCS+-SHA2-192s-simple,1024,verify,1024,16,0.0,0,0,0,MacBook-Pro-4.local,darwin,0,11.4485,85.03,,,2025-11-17T02:47:33.330416,,2693
SPHINCS+-SHA2-192s-simple,1024,verify,1024,16,0.0,0,0,0,MacBook-Pro-4.local,darwin,0,10.8851,87.29,,,2025-11-17T02:47:33.330427,,2694
SPHINCS+-SHA2-192s-simple,1024,verify,1024,16,0.0,0,0,0,MacBook-Pro-4.local,darwin,0,9.9016,100.16,,,2025-11-17T02:47:33.330438,,2695
SPHINCS+-SHA2-192s-simple,1024,verify,1024,64,0.0,0,0,0,MacBook-Pro-4.local,darwin,0,11.7517,84.02,,,2025-11-17T02:47:33.330452,,2696
SPHINCS+-SHA2-192s-simple,1024,verify,1024,64,0.0,0,0,0,MacBook-Pro-4.local,darwin,0,12.2373,78.64,,,2025-11-17T02:47:33.330463,,2697
SPHINCS+-SHA2-192s-simple,1024,verify,1024,64,0.0,0,0,0,MacBook-Pro-4.local,darwin,0,12.2453,82.57,,,2025-11-17T02:47:33.330474,,2698
SPHINCS+-SHA2-192s-simple,1024,verify,1024,64,0.0,0,0,0,MacBook-Pro-4.local,darwin,0,12.229,79.45,,,2025-11-17T02:47:33.330485,,2699
SPHINCS+-SHA2-192s-simple,1024,verify,1024,64,0.0,0,0,0,MacBook-Pro-4.local,darwin,0,12.4664,82.92,,,2025-11-17T02:47:33.330496,,2700
