algorithm,operation,message_bytes,concurrency,cpu_ghz,aesni,avx2,neon,machine_id,os_name,containerized,latency_ms,throughput_ops,crypto_type,correctness,timestamp,notes,trial_id
BIKE-L1,keygen,0,1,2.5,1,1,0,ip-172-31-41-169,linux,0,2.6357,379.41,KEM,True,2025-11-21T06:35:22.049791,,1
BIKE-L1,keygen,0,1,2.5,1,1,0,ip-172-31-41-169,linux,0,0.4571,2187.84,KEM,True,2025-11-21T06:35:22.050351,,2
BIKE-L1,keygen,0,1,2.5,1,1,0,ip-172-31-41-169,linux,0,0.434,2304.19,KEM,True,2025-11-21T06:35:22.050841,,3
BIKE-L1,keygen,0,1,2.5,1,1,0,ip-172-31-41-169,linux,0,0.4228,2365.18,KEM,True,2025-11-21T06:35:22.051316,,4
BIKE-L1,keygen,0,1,2.5,1,1,0,ip-172-31-41-169,linux,0,0.3986,2508.5,KEM,True,2025-11-21T06:35:22.051761,,5
BIKE-L1,keygen,0,16,2.5,1,1,0,ip-172-31-41-169,linux,0,0.4341,2303.88,KEM,True,2025-11-21T06:35:22.052243,,6
BIKE-L1,keygen,0,16,2.5,1,1,0,ip-172-31-41-169,linux,0,0.4011,2493.2,KEM,True,2025-11-21T06:35:22.052692,,7
BIKE-L1,keygen,0,16,2.5,1,1,0,ip-172-31-41-169,linux,0,0.3934,2542.2,KEM,True,2025-11-21T06:35:22.053127,,8
BIKE-L1,keygen,0,16,2.5,1,1,0,ip-172-31-41-169,linux,0,0.3951,2530.72,KEM,True,2025-11-21T06:35:22.053578,,9
BIKE-L1,keygen,0,16,2.5,1,1,0,ip-172-31-41-169,linux,0,0.3854,2594.58,KEM,True,2025-11-21T06:35:22.054003,,10
BIKE-L1,keygen,0,64,2.5,1,1,0,ip-172-31-41-169,linux,0,0.3975,2515.99,KEM,True,2025-11-21T06:35:22.054441,,11
BIKE-L1,keygen,0,64,2.5,1,1,0,ip-172-31-41-169,linux,0,0.3859,2591.48,KEM,True,2025-11-21T06:35:22.054867,,12
BIKE-L1,keygen,0,64,2.5,1,1,0,ip-172-31-41-169,linux,0,0.4057,2464.86,KEM,True,2025-11-21T06:35:22.055312,,13
BIKE-L1,keygen,0,64,2.5,1,1,0,ip-172-31-41-169,linux,0,0.3869,2584.91,KEM,True,2025-11-21T06:35:22.055754,,14
BIKE-L1,keygen,0,64,2.5,1,1,0,ip-172-31-41-169,linux,0,0.4259,2347.84,KEM,True,2025-11-21T06:35:22.056221,,15
BIKE-L1,keygen,1024,1,2.5,1,1,0,ip-172-31-41-169,linux,0,0.3905,2561.09,KEM,True,2025-11-21T06:35:22.056658,,16
BIKE-L1,keygen,1024,1,2.5,1,1,0,ip-172-31-41-169,linux,0,0.3826,2614.02,KEM,True,2025-11-21T06:35:22.057079,,17
BIKE-L1,keygen,1024,1,2.5,1,1,0,ip-172-31-41-169,linux,0,0.4014,2491.4,KEM,True,2025-11-21T06:35:22.057520,,18
BIKE-L1,keygen,1024,1,2.5,1,1,0,ip-172-31-41-169,linux,0,0.3829,2611.7,KEM,True,2025-11-21T06:35:22.057942,,19
BIKE-L1,keygen,1024,1,2.5,1,1,0,ip-172-31-41-169,linux,0,0.4053,2467.16,KEM,True,2025-11-21T06:35:22.058385,,20
BIKE-L1,keygen,1024,16,2.5,1,1,0,ip-172-31-41-169,linux,0,0.3829,2611.63,KEM,True,2025-11-21T06:35:22.058808,,21
BIKE-L1,keygen,1024,16,2.5,1,1,0,ip-172-31-41-169,linux,0,0.3931,2544.16,KEM,True,2025-11-21T06:35:22.059239,,22
BIKE-L1,keygen,1024,16,2.5,1,1,0,ip-172-31-41-169,linux,0,0.3822,2616.49,KEM,True,2025-11-21T06:35:22.059658,,23
BIKE-L1,keygen,1024,16,2.5,1,1,0,ip-172-31-41-169,linux,0,0.4058,2464.32,KEM,True,2025-11-21T06:35:22.060103,,24
BIKE-L1,keygen,1024,16,2.5,1,1,0,ip-172-31-41-169,linux,0,0.389,2570.96,KEM,True,2025-11-21T06:35:22.060555,,25
BIKE-L1,keygen,1024,64,2.5,1,1,0,ip-172-31-41-169,linux,0,0.3833,2608.96,KEM,True,2025-11-21T06:35:22.060979,,26
BIKE-L1,keygen,1024,64,2.5,1,1,0,ip-172-31-41-169,linux,0,0.4003,2497.85,KEM,True,2025-11-21T06:35:22.061418,,27
BIKE-L1,keygen,1024,64,2.5,1,1,0,ip-172-31-41-169,linux,0,0.3841,2603.54,KEM,True,2025-11-21T06:35:22.061841,,28
BIKE-L1,keygen,1024,64,2.5,1,1,0,ip-172-31-41-169,linux,0,0.3941,2537.36,KEM,True,2025-11-21T06:35:22.062273,,29
BIKE-L1,keygen,1024,64,2.5,1,1,0,ip-172-31-41-169,linux,0,0.3828,2612.17,KEM,True,2025-11-21T06:35:22.062693,,30
BIKE-L1,encap,0,1,2.5,1,1,0,ip-172-31-41-169,linux,0,0.6019,1661.39,KEM,True,2025-11-21T06:35:22.063353,,31
BIKE-L1,encap,0,1,2.5,1,1,0,ip-172-31-41-169,linux,0,0.4957,2017.16,KEM,True,2025-11-21T06:35:22.063905,,32
BIKE-L1,encap,0,1,2.5,1,1,0,ip-172-31-41-169,linux,0,0.5308,1883.79,KEM,True,2025-11-21T06:35:22.064492,,33
BIKE-L1,encap,0,1,2.5,1,1,0,ip-172-31-41-169,linux,0,0.4493,2225.86,KEM,True,2025-11-21T06:35:22.064995,,34
BIKE-L1,encap,0,1,2.5,1,1,0,ip-172-31-41-169,linux,0,0.4672,2140.2,KEM,True,2025-11-21T06:35:22.065506,,35
BIKE-L1,encap,0,16,2.5,1,1,0,ip-172-31-41-169,linux,0,0.4396,2274.59,KEM,True,2025-11-21T06:35:22.065989,,36
BIKE-L1,encap,0,16,2.5,1,1,0,ip-172-31-41-169,linux,0,0.4537,2204.29,KEM,True,2025-11-21T06:35:22.066484,,37
BIKE-L1,encap,0,16,2.5,1,1,0,ip-172-31-41-169,linux,0,0.4383,2281.7,KEM,True,2025-11-21T06:35:22.066962,,38
BIKE-L1,encap,0,16,2.5,1,1,0,ip-172-31-41-169,linux,0,0.4537,2204.12,KEM,True,2025-11-21T06:35:22.067471,,39
BIKE-L1,encap,0,16,2.5,1,1,0,ip-172-31-41-169,linux,0,0.4377,2284.46,KEM,True,2025-11-21T06:35:22.067948,,40
BIKE-L1,encap,0,64,2.5,1,1,0,ip-172-31-41-169,linux,0,0.561,1782.47,KEM,True,2025-11-21T06:35:22.068551,,41
BIKE-L1,encap,0,64,2.5,1,1,0,ip-172-31-41-169,linux,0,0.4473,2235.48,KEM,True,2025-11-21T06:35:22.069046,,42
BIKE-L1,encap,0,64,2.5,1,1,0,ip-172-31-41-169,linux,0,0.4523,2211.14,KEM,True,2025-11-21T06:35:22.069539,,43
BIKE-L1,encap,0,64,2.5,1,1,0,ip-172-31-41-169,linux,0,0.4392,2276.7,KEM,True,2025-11-21T06:35:22.070018,,44
BIKE-L1,encap,0,64,2.5,1,1,0,ip-172-31-41-169,linux,0,0.4506,2219.08,KEM,True,2025-11-21T06:35:22.070508,,45
BIKE-L1,encap,1024,1,2.5,1,1,0,ip-172-31-41-169,linux,0,0.439,2277.65,KEM,True,2025-11-21T06:35:22.070988,,46
BIKE-L1,encap,1024,1,2.5,1,1,0,ip-172-31-41-169,linux,0,0.4515,2214.86,KEM,True,2025-11-21T06:35:22.071480,,47
BIKE-L1,encap,1024,1,2.5,1,1,0,ip-172-31-41-169,linux,0,0.4375,2285.87,KEM,True,2025-11-21T06:35:22.071957,,48
BIKE-L1,encap,1024,1,2.5,1,1,0,ip-172-31-41-169,linux,0,0.4851,2061.51,KEM,True,2025-11-21T06:35:22.072482,,49
BIKE-L1,encap,1024,1,2.5,1,1,0,ip-172-31-41-169,linux,0,0.442,2262.43,KEM,True,2025-11-21T06:35:22.072969,,50
BIKE-L1,encap,1024,16,2.5,1,1,0,ip-172-31-41-169,linux,0,0.4512,2216.44,KEM,True,2025-11-21T06:35:22.073462,,51
BIKE-L1,encap,1024,16,2.5,1,1,0,ip-172-31-41-169,linux,0,0.4378,2284.28,KEM,True,2025-11-21T06:35:22.073939,,52
BIKE-L1,encap,1024,16,2.5,1,1,0,ip-172-31-41-169,linux,0,0.4509,2217.86,KEM,True,2025-11-21T06:35:22.074429,,53
BIKE-L1,encap,1024,16,2.5,1,1,0,ip-172-31-41-169,linux,0,0.4389,2278.37,KEM,True,2025-11-21T06:35:22.074909,,54
BIKE-L1,encap,1024,16,2.5,1,1,0,ip-172-31-41-169,linux,0,0.4491,2226.82,KEM,True,2025-11-21T06:35:22.075397,,55
BIKE-L1,encap,1024,64,2.5,1,1,0,ip-172-31-41-169,linux,0,0.4365,2290.99,KEM,True,2025-11-21T06:35:22.075874,,56
BIKE-L1,encap,1024,64,2.5,1,1,0,ip-172-31-41-169,linux,0,0.4824,2072.93,KEM,True,2025-11-21T06:35:22.076397,,57
BIKE-L1,encap,1024,64,2.5,1,1,0,ip-172-31-41-169,linux,0,0.4477,2233.77,KEM,True,2025-11-21T06:35:22.076891,,58
BIKE-L1,encap,1024,64,2.5,1,1,0,ip-172-31-41-169,linux,0,0.4514,2215.1,KEM,True,2025-11-21T06:35:22.077384,,59
BIKE-L1,encap,1024,64,2.5,1,1,0,ip-172-31-41-169,linux,0,0.4373,2286.6,KEM,True,2025-11-21T06:35:22.077861,,60
BIKE-L1,decap,0,1,2.5,1,1,0,ip-172-31-41-169,linux,0,1.1285,886.12,KEM,True,2025-11-21T06:35:22.079039,,61
BIKE-L1,decap,0,1,2.5,1,1,0,ip-172-31-41-169,linux,0,1.2311,812.27,KEM,True,2025-11-21T06:35:22.080321,,62
BIKE-L1,decap,0,1,2.5,1,1,0,ip-172-31-41-169,linux,0,1.1917,839.11,KEM,True,2025-11-21T06:35:22.081566,,63
BIKE-L1,decap,0,1,2.5,1,1,0,ip-172-31-41-169,linux,0,1.1631,859.74,KEM,True,2025-11-21T06:35:22.082777,,64
BIKE-L1,decap,0,1,2.5,1,1,0,ip-172-31-41-169,linux,0,1.2798,781.4,KEM,True,2025-11-21T06:35:22.084118,,65
BIKE-L1,decap,0,16,2.5,1,1,0,ip-172-31-41-169,linux,0,1.2038,830.73,KEM,True,2025-11-21T06:35:22.085389,,66
BIKE-L1,decap,0,16,2.5,1,1,0,ip-172-31-41-169,linux,0,1.2398,806.59,KEM,True,2025-11-21T06:35:22.086678,,67
BIKE-L1,decap,0,16,2.5,1,1,0,ip-172-31-41-169,linux,0,1.2186,820.59,KEM,True,2025-11-21T06:35:22.087948,,68
BIKE-L1,decap,0,16,2.5,1,1,0,ip-172-31-41-169,linux,0,1.2406,806.05,KEM,True,2025-11-21T06:35:22.089237,,69
BIKE-L1,decap,0,16,2.5,1,1,0,ip-172-31-41-169,linux,0,1.2255,815.97,KEM,True,2025-11-21T06:35:22.090515,,70
BIKE-L1,decap,0,64,2.5,1,1,0,ip-172-31-41-169,linux,0,1.1813,846.5,KEM,True,2025-11-21T06:35:22.091744,,71
BIKE-L1,decap,0,64,2.5,1,1,0,ip-172-31-41-169,linux,0,1.2256,815.9,KEM,True,2025-11-21T06:35:22.093018,,72
BIKE-L1,decap,0,64,2.5,1,1,0,ip-172-31-41-169,linux,0,1.1983,834.51,KEM,True,2025-11-21T06:35:22.094267,,73
BIKE-L1,decap,0,64,2.5,1,1,0,ip-172-31-41-169,linux,0,1.1831,845.24,KEM,True,2025-11-21T06:35:22.095497,,74
BIKE-L1,decap,0,64,2.5,1,1,0,ip-172-31-41-169,linux,0,1.235,809.7,KEM,True,2025-11-21T06:35:22.096837,,75
BIKE-L1,decap,1024,1,2.5,1,1,0,ip-172-31-41-169,linux,0,1.1855,843.54,KEM,True,2025-11-21T06:35:22.098075,,76
BIKE-L1,decap,1024,1,2.5,1,1,0,ip-172-31-41-169,linux,0,1.234,810.4,KEM,True,2025-11-21T06:35:22.099357,,77
BIKE-L1,decap,1024,1,2.5,1,1,0,ip-172-31-41-169,linux,0,1.1934,837.96,KEM,True,2025-11-21T06:35:22.100599,,78
BIKE-L1,decap,1024,1,2.5,1,1,0,ip-172-31-41-169,linux,0,1.1859,843.26,KEM,True,2025-11-21T06:35:22.101837,,79
BIKE-L1,decap,1024,1,2.5,1,1,0,ip-172-31-41-169,linux,0,1.2088,827.24,KEM,True,2025-11-21T06:35:22.103093,,80
BIKE-L1,decap,1024,16,2.5,1,1,0,ip-172-31-41-169,linux,0,1.2677,788.85,KEM,True,2025-11-21T06:35:22.104411,,81
BIKE-L1,decap,1024,16,2.5,1,1,0,ip-172-31-41-169,linux,0,1.2435,804.18,KEM,True,2025-11-21T06:35:22.105712,,82
BIKE-L1,decap,1024,16,2.5,1,1,0,ip-172-31-41-169,linux,0,1.2668,789.4,KEM,True,2025-11-21T06:35:22.107034,,83
BIKE-L1,decap,1024,16,2.5,1,1,0,ip-172-31-41-169,linux,0,1.2946,772.45,KEM,True,2025-11-21T06:35:22.108384,,84
BIKE-L1,decap,1024,16,2.5,1,1,0,ip-172-31-41-169,linux,0,1.2174,821.44,KEM,True,2025-11-21T06:35:22.109659,,85
BIKE-L1,decap,1024,64,2.5,1,1,0,ip-172-31-41-169,linux,0,1.2208,819.17,KEM,True,2025-11-21T06:35:22.110932,,86
BIKE-L1,decap,1024,64,2.5,1,1,0,ip-172-31-41-169,linux,0,1.2423,804.94,KEM,True,2025-11-21T06:35:22.112228,,87
BIKE-L1,decap,1024,64,2.5,1,1,0,ip-172-31-41-169,linux,0,1.3124,761.94,KEM,True,2025-11-21T06:35:22.113592,,88
BIKE-L1,decap,1024,64,2.5,1,1,0,ip-172-31-41-169,linux,0,1.2526,798.36,KEM,True,2025-11-21T06:35:22.114901,,89
BIKE-L1,decap,1024,64,2.5,1,1,0,ip-172-31-41-169,linux,0,1.2749,784.39,KEM,True,2025-11-21T06:35:22.116229,,90
BIKE-L3,keygen,0,1,2.5,1,1,0,ip-172-31-41-169,linux,0,1.1653,858.18,KEM,True,2025-11-21T06:35:22.117465,,91
BIKE-L3,keygen,0,1,2.5,1,1,0,ip-172-31-41-169,linux,0,0.8966,1115.33,KEM,True,2025-11-21T06:35:22.118416,,92
BIKE-L3,keygen,0,1,2.5,1,1,0,ip-172-31-41-169,linux,0,0.8861,1128.51,KEM,True,2025-11-21T06:35:22.119348,,93
BIKE-L3,keygen,0,1,2.5,1,1,0,ip-172-31-41-169,linux,0,0.9319,1073.12,KEM,True,2025-11-21T06:35:22.120327,,94
BIKE-L3,keygen,0,1,2.5,1,1,0,ip-172-31-41-169,linux,0,0.8939,1118.69,KEM,True,2025-11-21T06:35:22.121270,,95
BIKE-L3,keygen,0,16,2.5,1,1,0,ip-172-31-41-169,linux,0,0.886,1128.71,KEM,True,2025-11-21T06:35:22.122202,,96
BIKE-L3,keygen,0,16,2.5,1,1,0,ip-172-31-41-169,linux,0,0.872,1146.84,KEM,True,2025-11-21T06:35:22.123116,,97
BIKE-L3,keygen,0,16,2.5,1,1,0,ip-172-31-41-169,linux,0,0.9559,1046.14,KEM,True,2025-11-21T06:35:22.124129,,98
BIKE-L3,keygen,0,16,2.5,1,1,0,ip-172-31-41-169,linux,0,0.9316,1073.43,KEM,True,2025-11-21T06:35:22.125134,,99
BIKE-L3,keygen,0,16,2.5,1,1,0,ip-172-31-41-169,linux,0,0.9232,1083.24,KEM,True,2025-11-21T06:35:22.126123,,100
BIKE-L3,keygen,0,64,2.5,1,1,0,ip-172-31-41-169,linux,0,0.8756,1142.09,KEM,True,2025-11-21T06:35:22.127060,,101
BIKE-L3,keygen,0,64,2.5,1,1,0,ip-172-31-41-169,linux,0,0.9128,1095.51,KEM,True,2025-11-21T06:35:22.128018,,102
BIKE-L3,keygen,0,64,2.5,1,1,0,ip-172-31-41-169,linux,0,0.9074,1102.04,KEM,True,2025-11-21T06:35:22.129003,,103
BIKE-L3,keygen,0,64,2.5,1,1,0,ip-172-31-41-169,linux,0,0.9171,1090.41,KEM,True,2025-11-21T06:35:22.129970,,104
BIKE-L3,keygen,0,64,2.5,1,1,0,ip-172-31-41-169,linux,0,0.9055,1104.36,KEM,True,2025-11-21T06:35:22.130925,,105
BIKE-L3,keygen,1024,1,2.5,1,1,0,ip-172-31-41-169,linux,0,0.907,1102.51,KEM,True,2025-11-21T06:35:22.131881,,106
BIKE-L3,keygen,1024,1,2.5,1,1,0,ip-172-31-41-169,linux,0,0.8921,1120.91,KEM,True,2025-11-21T06:35:22.132820,,107
BIKE-L3,keygen,1024,1,2.5,1,1,0,ip-172-31-41-169,linux,0,0.887,1127.43,KEM,True,2025-11-21T06:35:22.133750,,108
BIKE-L3,keygen,1024,1,2.5,1,1,0,ip-172-31-41-169,linux,0,0.8745,1143.5,KEM,True,2025-11-21T06:35:22.134665,,109
BIKE-L3,keygen,1024,1,2.5,1,1,0,ip-172-31-41-169,linux,0,0.872,1146.75,KEM,True,2025-11-21T06:35:22.135578,,110
BIKE-L3,keygen,1024,16,2.5,1,1,0,ip-172-31-41-169,linux,0,0.8991,1112.28,KEM,True,2025-11-21T06:35:22.136521,,111
BIKE-L3,keygen,1024,16,2.5,1,1,0,ip-172-31-41-169,linux,0,0.8789,1137.82,KEM,True,2025-11-21T06:35:22.137445,,112
BIKE-L3,keygen,1024,16,2.5,1,1,0,ip-172-31-41-169,linux,0,0.8762,1141.3,KEM,True,2025-11-21T06:35:22.138362,,113
BIKE-L3,keygen,1024,16,2.5,1,1,0,ip-172-31-41-169,linux,0,0.8936,1119.08,KEM,True,2025-11-21T06:35:22.139298,,114
BIKE-L3,keygen,1024,16,2.5,1,1,0,ip-172-31-41-169,linux,0,0.8836,1131.74,KEM,True,2025-11-21T06:35:22.140227,,115
BIKE-L3,keygen,1024,64,2.5,1,1,0,ip-172-31-41-169,linux,0,0.8952,1117.13,KEM,True,2025-11-21T06:35:22.141166,,116
BIKE-L3,keygen,1024,64,2.5,1,1,0,ip-172-31-41-169,linux,0,0.8646,1156.63,KEM,True,2025-11-21T06:35:22.142075,,117
BIKE-L3,keygen,1024,64,2.5,1,1,0,ip-172-31-41-169,linux,0,0.874,1144.2,KEM,True,2025-11-21T06:35:22.142989,,118
BIKE-L3,keygen,1024,64,2.5,1,1,0,ip-172-31-41-169,linux,0,0.8828,1132.76,KEM,True,2025-11-21T06:35:22.143913,,119
BIKE-L3,keygen,1024,64,2.5,1,1,0,ip-172-31-41-169,linux,0,0.8977,1113.99,KEM,True,2025-11-21T06:35:22.144853,,120
BIKE-L3,encap,0,1,2.5,1,1,0,ip-172-31-41-169,linux,0,1.0575,945.61,KEM,True,2025-11-21T06:35:22.145966,,121
BIKE-L3,encap,0,1,2.5,1,1,0,ip-172-31-41-169,linux,0,1.116,896.03,KEM,True,2025-11-21T06:35:22.147133,,122
BIKE-L3,encap,0,1,2.5,1,1,0,ip-172-31-41-169,linux,0,1.0215,978.95,KEM,True,2025-11-21T06:35:22.148225,,123
BIKE-L3,encap,0,1,2.5,1,1,0,ip-172-31-41-169,linux,0,0.991,1009.13,KEM,True,2025-11-21T06:35:22.149265,,124
BIKE-L3,encap,0,1,2.5,1,1,0,ip-172-31-41-169,linux,0,0.987,1013.18,KEM,True,2025-11-21T06:35:22.150296,,125
BIKE-L3,encap,0,16,2.5,1,1,0,ip-172-31-41-169,linux,0,0.9879,1012.23,KEM,True,2025-11-21T06:35:22.151329,,126
BIKE-L3,encap,0,16,2.5,1,1,0,ip-172-31-41-169,linux,0,1.0156,984.64,KEM,True,2025-11-21T06:35:22.152389,,127
BIKE-L3,encap,0,16,2.5,1,1,0,ip-172-31-41-169,linux,0,1.0071,992.99,KEM,True,2025-11-21T06:35:22.153444,,128
BIKE-L3,encap,0,16,2.5,1,1,0,ip-172-31-41-169,linux,0,0.9883,1011.88,KEM,True,2025-11-21T06:35:22.154478,,129
BIKE-L3,encap,0,16,2.5,1,1,0,ip-172-31-41-169,linux,0,0.986,1014.17,KEM,True,2025-11-21T06:35:22.155506,,130
BIKE-L3,encap,0,64,2.5,1,1,0,ip-172-31-41-169,linux,0,0.9908,1009.27,KEM,True,2025-11-21T06:35:22.156540,,131
BIKE-L3,encap,0,64,2.5,1,1,0,ip-172-31-41-169,linux,0,0.9855,1014.67,KEM,True,2025-11-21T06:35:22.157567,,132
BIKE-L3,encap,0,64,2.5,1,1,0,ip-172-31-41-169,linux,0,1.01,990.05,KEM,True,2025-11-21T06:35:22.158621,,133
BIKE-L3,encap,0,64,2.5,1,1,0,ip-172-31-41-169,linux,0,1.0057,994.33,KEM,True,2025-11-21T06:35:22.159674,,134
BIKE-L3,encap,0,64,2.5,1,1,0,ip-172-31-41-169,linux,0,1.0076,992.46,KEM,True,2025-11-21T06:35:22.160728,,135
BIKE-L3,encap,1024,1,2.5,1,1,0,ip-172-31-41-169,linux,0,0.9888,1011.34,KEM,True,2025-11-21T06:35:22.161765,,136
BIKE-L3,encap,1024,1,2.5,1,1,0,ip-172-31-41-169,linux,0,0.9853,1014.89,KEM,True,2025-11-21T06:35:22.162794,,137
BIKE-L3,encap,1024,1,2.5,1,1,0,ip-172-31-41-169,linux,0,1.0078,992.25,KEM,True,2025-11-21T06:35:22.163846,,138
BIKE-L3,encap,1024,1,2.5,1,1,0,ip-172-31-41-169,linux,0,1.0441,957.78,KEM,True,2025-11-21T06:35:22.164940,,139
BIKE-L3,encap,1024,1,2.5,1,1,0,ip-172-31-41-169,linux,0,1.0443,957.55,KEM,True,2025-11-21T06:35:22.166037,,140
BIKE-L3,encap,1024,16,2.5,1,1,0,ip-172-31-41-169,linux,0,1.0161,984.11,KEM,True,2025-11-21T06:35:22.167104,,141
BIKE-L3,encap,1024,16,2.5,1,1,0,ip-172-31-41-169,linux,0,1.0176,982.72,KEM,True,2025-11-21T06:35:22.168189,,142
BIKE-L3,encap,1024,16,2.5,1,1,0,ip-172-31-41-169,linux,0,1.0328,968.25,KEM,True,2025-11-21T06:35:22.169271,,143
BIKE-L3,encap,1024,16,2.5,1,1,0,ip-172-31-41-169,linux,0,1.0784,927.28,KEM,True,2025-11-21T06:35:22.170400,,144
BIKE-L3,encap,1024,16,2.5,1,1,0,ip-172-31-41-169,linux,0,1.0317,969.3,KEM,True,2025-11-21T06:35:22.171482,,145
BIKE-L3,encap,1024,64,2.5,1,1,0,ip-172-31-41-169,linux,0,1.0374,963.93,KEM,True,2025-11-21T06:35:22.172572,,146
BIKE-L3,encap,1024,64,2.5,1,1,0,ip-172-31-41-169,linux,0,1.0146,985.6,KEM,True,2025-11-21T06:35:22.173634,,147
BIKE-L3,encap,1024,64,2.5,1,1,0,ip-172-31-41-169,linux,0,1.0324,968.58,KEM,True,2025-11-21T06:35:22.174753,,148
BIKE-L3,encap,1024,64,2.5,1,1,0,ip-172-31-41-169,linux,0,1.0002,999.85,KEM,True,2025-11-21T06:35:22.175801,,149
BIKE-L3,encap,1024,64,2.5,1,1,0,ip-172-31-41-169,linux,0,1.0437,958.09,KEM,True,2025-11-21T06:35:22.176891,,150
BIKE-L3,decap,0,1,2.5,1,1,0,ip-172-31-41-169,linux,0,3.3028,302.77,KEM,True,2025-11-21T06:35:22.180256,,151
BIKE-L3,decap,0,1,2.5,1,1,0,ip-172-31-41-169,linux,0,3.456,289.35,KEM,True,2025-11-21T06:35:22.183773,,152
BIKE-L3,decap,0,1,2.5,1,1,0,ip-172-31-41-169,linux,0,3.5573,281.11,KEM,True,2025-11-21T06:35:22.187407,,153
BIKE-L3,decap,0,1,2.5,1,1,0,ip-172-31-41-169,linux,0,3.4506,289.81,KEM,True,2025-11-21T06:35:22.190934,,154
BIKE-L3,decap,0,1,2.5,1,1,0,ip-172-31-41-169,linux,0,3.4119,293.09,KEM,True,2025-11-21T06:35:22.194417,,155
BIKE-L3,decap,0,16,2.5,1,1,0,ip-172-31-41-169,linux,0,3.3769,296.13,KEM,True,2025-11-21T06:35:22.197861,,156
BIKE-L3,decap,0,16,2.5,1,1,0,ip-172-31-41-169,linux,0,3.3837,295.53,KEM,True,2025-11-21T06:35:22.201311,,157
BIKE-L3,decap,0,16,2.5,1,1,0,ip-172-31-41-169,linux,0,3.352,298.33,KEM,True,2025-11-21T06:35:22.204725,,158
BIKE-L3,decap,0,16,2.5,1,1,0,ip-172-31-41-169,linux,0,3.4195,292.44,KEM,True,2025-11-21T06:35:22.208207,,159
BIKE-L3,decap,0,16,2.5,1,1,0,ip-172-31-41-169,linux,0,3.4254,291.94,KEM,True,2025-11-21T06:35:22.211700,,160
BIKE-L3,decap,0,64,2.5,1,1,0,ip-172-31-41-169,linux,0,3.3742,296.37,KEM,True,2025-11-21T06:35:22.215155,,161
BIKE-L3,decap,0,64,2.5,1,1,0,ip-172-31-41-169,linux,0,3.3756,296.24,KEM,True,2025-11-21T06:35:22.218599,,162
BIKE-L3,decap,0,64,2.5,1,1,0,ip-172-31-41-169,linux,0,3.4067,293.54,KEM,True,2025-11-21T06:35:22.222076,,163
BIKE-L3,decap,0,64,2.5,1,1,0,ip-172-31-41-169,linux,0,3.4345,291.16,KEM,True,2025-11-21T06:35:22.225601,,164
BIKE-L3,decap,0,64,2.5,1,1,0,ip-172-31-41-169,linux,0,3.6812,271.65,KEM,True,2025-11-21T06:35:22.229367,,165
BIKE-L3,decap,1024,1,2.5,1,1,0,ip-172-31-41-169,linux,0,3.4963,286.02,KEM,True,2025-11-21T06:35:22.232958,,166
BIKE-L3,decap,1024,1,2.5,1,1,0,ip-172-31-41-169,linux,0,3.541,282.4,KEM,True,2025-11-21T06:35:22.236586,,167
BIKE-L3,decap,1024,1,2.5,1,1,0,ip-172-31-41-169,linux,0,3.5056,285.26,KEM,True,2025-11-21T06:35:22.240179,,168
BIKE-L3,decap,1024,1,2.5,1,1,0,ip-172-31-41-169,linux,0,3.3694,296.79,KEM,True,2025-11-21T06:35:22.243629,,169
BIKE-L3,decap,1024,1,2.5,1,1,0,ip-172-31-41-169,linux,0,3.5145,284.53,KEM,True,2025-11-21T06:35:22.247220,,170
BIKE-L3,decap,1024,16,2.5,1,1,0,ip-172-31-41-169,linux,0,3.4927,286.31,KEM,True,2025-11-21T06:35:22.250802,,171
BIKE-L3,decap,1024,16,2.5,1,1,0,ip-172-31-41-169,linux,0,3.3662,297.07,KEM,True,2025-11-21T06:35:22.254255,,172
BIKE-L3,decap,1024,16,2.5,1,1,0,ip-172-31-41-169,linux,0,3.3942,294.62,KEM,True,2025-11-21T06:35:22.257726,,173
BIKE-L3,decap,1024,16,2.5,1,1,0,ip-172-31-41-169,linux,0,3.3846,295.46,KEM,True,2025-11-21T06:35:22.261183,,174
BIKE-L3,decap,1024,16,2.5,1,1,0,ip-172-31-41-169,linux,0,3.4332,291.27,KEM,True,2025-11-21T06:35:22.264688,,175
BIKE-L3,decap,1024,64,2.5,1,1,0,ip-172-31-41-169,linux,0,3.4862,286.85,KEM,True,2025-11-21T06:35:22.268255,,176
BIKE-L3,decap,1024,64,2.5,1,1,0,ip-172-31-41-169,linux,0,3.3647,297.2,KEM,True,2025-11-21T06:35:22.271694,,177
BIKE-L3,decap,1024,64,2.5,1,1,0,ip-172-31-41-169,linux,0,3.4078,293.45,KEM,True,2025-11-21T06:35:22.275179,,178
BIKE-L3,decap,1024,64,2.5,1,1,0,ip-172-31-41-169,linux,0,3.4001,294.11,KEM,True,2025-11-21T06:35:22.278650,,179
BIKE-L3,decap,1024,64,2.5,1,1,0,ip-172-31-41-169,linux,0,3.4173,292.63,KEM,True,2025-11-21T06:35:22.282149,,180
BIKE-L5,keygen,0,1,2.5,1,1,0,ip-172-31-41-169,linux,0,2.5504,392.1,KEM,True,2025-11-21T06:35:22.284781,,181
BIKE-L5,keygen,0,1,2.5,1,1,0,ip-172-31-41-169,linux,0,2.2289,448.66,KEM,True,2025-11-21T06:35:22.287078,,182
BIKE-L5,keygen,0,1,2.5,1,1,0,ip-172-31-41-169,linux,0,2.2191,450.63,KEM,True,2025-11-21T06:35:22.289361,,183
BIKE-L5,keygen,0,1,2.5,1,1,0,ip-172-31-41-169,linux,0,2.1781,459.12,KEM,True,2025-11-21T06:35:22.291602,,184
BIKE-L5,keygen,0,1,2.5,1,1,0,ip-172-31-41-169,linux,0,2.2184,450.77,KEM,True,2025-11-21T06:35:22.293878,,185
BIKE-L5,keygen,0,16,2.5,1,1,0,ip-172-31-41-169,linux,0,2.1743,459.93,KEM,True,2025-11-21T06:35:22.296116,,186
BIKE-L5,keygen,0,16,2.5,1,1,0,ip-172-31-41-169,linux,0,2.1769,459.36,KEM,True,2025-11-21T06:35:22.298363,,187
BIKE-L5,keygen,0,16,2.5,1,1,0,ip-172-31-41-169,linux,0,2.198,454.97,KEM,True,2025-11-21T06:35:22.300621,,188
BIKE-L5,keygen,0,16,2.5,1,1,0,ip-172-31-41-169,linux,0,2.1577,463.46,KEM,True,2025-11-21T06:35:22.302837,,189
BIKE-L5,keygen,0,16,2.5,1,1,0,ip-172-31-41-169,linux,0,2.243,445.84,KEM,True,2025-11-21T06:35:22.305154,,190
BIKE-L5,keygen,0,64,2.5,1,1,0,ip-172-31-41-169,linux,0,2.1672,461.42,KEM,True,2025-11-21T06:35:22.307400,,191
BIKE-L5,keygen,0,64,2.5,1,1,0,ip-172-31-41-169,linux,0,2.2043,453.66,KEM,True,2025-11-21T06:35:22.309673,,192
BIKE-L5,keygen,0,64,2.5,1,1,0,ip-172-31-41-169,linux,0,2.1906,456.5,KEM,True,2025-11-21T06:35:22.311932,,193
BIKE-L5,keygen,0,64,2.5,1,1,0,ip-172-31-41-169,linux,0,2.1783,459.08,KEM,True,2025-11-21T06:35:22.314175,,194
BIKE-L5,keygen,0,64,2.5,1,1,0,ip-172-31-41-169,linux,0,2.2054,453.42,KEM,True,2025-11-21T06:35:22.316446,,195
BIKE-L5,keygen,1024,1,2.5,1,1,0,ip-172-31-41-169,linux,0,2.2043,453.66,KEM,True,2025-11-21T06:35:22.318723,,196
BIKE-L5,keygen,1024,1,2.5,1,1,0,ip-172-31-41-169,linux,0,2.2014,454.26,KEM,True,2025-11-21T06:35:22.320993,,197
BIKE-L5,keygen,1024,1,2.5,1,1,0,ip-172-31-41-169,linux,0,2.1759,459.58,KEM,True,2025-11-21T06:35:22.323237,,198
BIKE-L5,keygen,1024,1,2.5,1,1,0,ip-172-31-41-169,linux,0,2.2291,448.62,KEM,True,2025-11-21T06:35:22.325531,,199
BIKE-L5,keygen,1024,1,2.5,1,1,0,ip-172-31-41-169,linux,0,2.2584,442.79,KEM,True,2025-11-21T06:35:22.327858,,200
BIKE-L5,keygen,1024,16,2.5,1,1,0,ip-172-31-41-169,linux,0,2.2045,453.63,KEM,True,2025-11-21T06:35:22.330148,,201
BIKE-L5,keygen,1024,16,2.5,1,1,0,ip-172-31-41-169,linux,0,2.2659,441.32,KEM,True,2025-11-21T06:35:22.332486,,202
BIKE-L5,keygen,1024,16,2.5,1,1,0,ip-172-31-41-169,linux,0,2.1792,458.89,KEM,True,2025-11-21T06:35:22.334735,,203
BIKE-L5,keygen,1024,16,2.5,1,1,0,ip-172-31-41-169,linux,0,2.1728,460.23,KEM,True,2025-11-21T06:35:22.336971,,204
BIKE-L5,keygen,1024,16,2.5,1,1,0,ip-172-31-41-169,linux,0,2.2264,449.17,KEM,True,2025-11-21T06:35:22.339261,,205
BIKE-L5,keygen,1024,64,2.5,1,1,0,ip-172-31-41-169,linux,0,2.17,460.83,KEM,True,2025-11-21T06:35:22.341497,,206
BIKE-L5,keygen,1024,64,2.5,1,1,0,ip-172-31-41-169,linux,0,2.1934,455.92,KEM,True,2025-11-21T06:35:22.343754,,207
BIKE-L5,keygen,1024,64,2.5,1,1,0,ip-172-31-41-169,linux,0,2.247,445.05,KEM,True,2025-11-21T06:35:22.346067,,208
BIKE-L5,keygen,1024,64,2.5,1,1,0,ip-172-31-41-169,linux,0,2.2497,444.5,KEM,True,2025-11-21T06:35:22.348383,,209
BIKE-L5,keygen,1024,64,2.5,1,1,0,ip-172-31-41-169,linux,0,2.1888,456.88,KEM,True,2025-11-21T06:35:22.350636,,210
BIKE-L5,encap,0,1,2.5,1,1,0,ip-172-31-41-169,linux,0,2.511,398.25,KEM,True,2025-11-21T06:35:22.353219,,211
BIKE-L5,encap,0,1,2.5,1,1,0,ip-172-31-41-169,linux,0,2.4062,415.6,KEM,True,2025-11-21T06:35:22.355691,,212
BIKE-L5,encap,0,1,2.5,1,1,0,ip-172-31-41-169,linux,0,2.4584,406.77,KEM,True,2025-11-21T06:35:22.358216,,213
BIKE-L5,encap,0,1,2.5,1,1,0,ip-172-31-41-169,linux,0,2.3974,417.13,KEM,True,2025-11-21T06:35:22.360675,,214
BIKE-L5,encap,0,1,2.5,1,1,0,ip-172-31-41-169,linux,0,2.3777,420.57,KEM,True,2025-11-21T06:35:22.363114,,215
BIKE-L5,encap,0,16,2.5,1,1,0,ip-172-31-41-169,linux,0,2.5232,396.33,KEM,True,2025-11-21T06:35:22.365711,,216
BIKE-L5,encap,0,16,2.5,1,1,0,ip-172-31-41-169,linux,0,2.4092,415.08,KEM,True,2025-11-21T06:35:22.368189,,217
BIKE-L5,encap,0,16,2.5,1,1,0,ip-172-31-41-169,linux,0,2.4145,414.16,KEM,True,2025-11-21T06:35:22.370666,,218
BIKE-L5,encap,0,16,2.5,1,1,0,ip-172-31-41-169,linux,0,2.4102,414.91,KEM,True,2025-11-21T06:35:22.373151,,219
BIKE-L5,encap,0,16,2.5,1,1,0,ip-172-31-41-169,linux,0,2.3892,418.55,KEM,True,2025-11-21T06:35:22.375603,,220
BIKE-L5,encap,0,64,2.5,1,1,0,ip-172-31-41-169,linux,0,2.4046,415.86,KEM,True,2025-11-21T06:35:22.378104,,221
BIKE-L5,encap,0,64,2.5,1,1,0,ip-172-31-41-169,linux,0,2.4305,411.44,KEM,True,2025-11-21T06:35:22.380620,,222
BIKE-L5,encap,0,64,2.5,1,1,0,ip-172-31-41-169,linux,0,2.3746,421.13,KEM,True,2025-11-21T06:35:22.383053,,223
BIKE-L5,encap,0,64,2.5,1,1,0,ip-172-31-41-169,linux,0,2.4249,412.38,KEM,True,2025-11-21T06:35:22.385537,,224
BIKE-L5,encap,0,64,2.5,1,1,0,ip-172-31-41-169,linux,0,2.4339,410.86,KEM,True,2025-11-21T06:35:22.388029,,225
BIKE-L5,encap,1024,1,2.5,1,1,0,ip-172-31-41-169,linux,0,2.422,412.88,KEM,True,2025-11-21T06:35:22.390523,,226
BIKE-L5,encap,1024,1,2.5,1,1,0,ip-172-31-41-169,linux,0,2.3957,417.42,KEM,True,2025-11-21T06:35:22.392974,,227
BIKE-L5,encap,1024,1,2.5,1,1,0,ip-172-31-41-169,linux,0,2.3702,421.91,KEM,True,2025-11-21T06:35:22.395400,,228
BIKE-L5,encap,1024,1,2.5,1,1,0,ip-172-31-41-169,linux,0,2.3934,417.82,KEM,True,2025-11-21T06:35:22.397849,,229
BIKE-L5,encap,1024,1,2.5,1,1,0,ip-172-31-41-169,linux,0,2.4068,415.49,KEM,True,2025-11-21T06:35:22.400322,,230
BIKE-L5,encap,1024,16,2.5,1,1,0,ip-172-31-41-169,linux,0,2.3907,418.28,KEM,True,2025-11-21T06:35:22.402775,,231
BIKE-L5,encap,1024,16,2.5,1,1,0,ip-172-31-41-169,linux,0,2.4155,413.99,KEM,True,2025-11-21T06:35:22.405251,,232
BIKE-L5,encap,1024,16,2.5,1,1,0,ip-172-31-41-169,linux,0,2.3727,421.47,KEM,True,2025-11-21T06:35:22.407686,,233
BIKE-L5,encap,1024,16,2.5,1,1,0,ip-172-31-41-169,linux,0,2.3922,418.03,KEM,True,2025-11-21T06:35:22.410159,,234
BIKE-L5,encap,1024,16,2.5,1,1,0,ip-172-31-41-169,linux,0,2.4356,410.58,KEM,True,2025-11-21T06:35:22.412664,,235
BIKE-L5,encap,1024,64,2.5,1,1,0,ip-172-31-41-169,linux,0,2.4038,416.01,KEM,True,2025-11-21T06:35:22.415146,,236
BIKE-L5,encap,1024,64,2.5,1,1,0,ip-172-31-41-169,linux,0,2.4202,413.19,KEM,True,2025-11-21T06:35:22.417634,,237
BIKE-L5,encap,1024,64,2.5,1,1,0,ip-172-31-41-169,linux,0,2.3936,417.78,KEM,True,2025-11-21T06:35:22.420098,,238
BIKE-L5,encap,1024,64,2.5,1,1,0,ip-172-31-41-169,linux,0,2.5051,399.19,KEM,True,2025-11-21T06:35:22.422708,,239
BIKE-L5,encap,1024,64,2.5,1,1,0,ip-172-31-41-169,linux,0,2.5295,395.34,KEM,True,2025-11-21T06:35:22.425309,,240
BIKE-L5,decap,0,1,2.5,1,1,0,ip-172-31-41-169,linux,0,8.239,121.37,KEM,True,2025-11-21T06:35:22.433630,,241
BIKE-L5,decap,0,1,2.5,1,1,0,ip-172-31-41-169,linux,0,8.2925,120.59,KEM,True,2025-11-21T06:35:22.442025,,242
BIKE-L5,decap,0,1,2.5,1,1,0,ip-172-31-41-169,linux,0,8.3764,119.38,KEM,True,2025-11-21T06:35:22.450501,,243
BIKE-L5,decap,0,1,2.5,1,1,0,ip-172-31-41-169,linux,0,8.2429,121.32,KEM,True,2025-11-21T06:35:22.458840,,244
BIKE-L5,decap,0,1,2.5,1,1,0,ip-172-31-41-169,linux,0,8.4134,118.86,KEM,True,2025-11-21T06:35:22.467346,,245
BIKE-L5,decap,0,16,2.5,1,1,0,ip-172-31-41-169,linux,0,8.2259,121.57,KEM,True,2025-11-21T06:35:22.475667,,246
BIKE-L5,decap,0,16,2.5,1,1,0,ip-172-31-41-169,linux,0,8.2616,121.04,KEM,True,2025-11-21T06:35:22.484019,,247
BIKE-L5,decap,0,16,2.5,1,1,0,ip-172-31-41-169,linux,0,8.3145,120.27,KEM,True,2025-11-21T06:35:22.492484,,248
BIKE-L5,decap,0,16,2.5,1,1,0,ip-172-31-41-169,linux,0,8.2311,121.49,KEM,True,2025-11-21T06:35:22.500814,,249
BIKE-L5,decap,0,16,2.5,1,1,0,ip-172-31-41-169,linux,0,8.3391,119.92,KEM,True,2025-11-21T06:35:22.509254,,250
BIKE-L5,decap,0,64,2.5,1,1,0,ip-172-31-41-169,linux,0,8.2019,121.92,KEM,True,2025-11-21T06:35:22.517552,,251
BIKE-L5,decap,0,64,2.5,1,1,0,ip-172-31-41-169,linux,0,8.2901,120.63,KEM,True,2025-11-21T06:35:22.525935,,252
BIKE-L5,decap,0,64,2.5,1,1,0,ip-172-31-41-169,linux,0,8.2304,121.5,KEM,True,2025-11-21T06:35:22.534261,,253
BIKE-L5,decap,0,64,2.5,1,1,0,ip-172-31-41-169,linux,0,8.2919,120.6,KEM,True,2025-11-21T06:35:22.542652,,254
BIKE-L5,decap,0,64,2.5,1,1,0,ip-172-31-41-169,linux,0,8.3376,119.94,KEM,True,2025-11-21T06:35:22.551085,,255
BIKE-L5,decap,1024,1,2.5,1,1,0,ip-172-31-41-169,linux,0,8.2308,121.5,KEM,True,2025-11-21T06:35:22.559423,,256
BIKE-L5,decap,1024,1,2.5,1,1,0,ip-172-31-41-169,linux,0,8.2954,120.55,KEM,True,2025-11-21T06:35:22.567816,,257
BIKE-L5,decap,1024,1,2.5,1,1,0,ip-172-31-41-169,linux,0,8.1923,122.07,KEM,True,2025-11-21T06:35:22.576104,,258
BIKE-L5,decap,1024,1,2.5,1,1,0,ip-172-31-41-169,linux,0,8.2042,121.89,KEM,True,2025-11-21T06:35:22.584410,,259
BIKE-L5,decap,1024,1,2.5,1,1,0,ip-172-31-41-169,linux,0,8.267,120.96,KEM,True,2025-11-21T06:35:22.592773,,260
BIKE-L5,decap,1024,16,2.5,1,1,0,ip-172-31-41-169,linux,0,8.2181,121.68,KEM,True,2025-11-21T06:35:22.601086,,261
BIKE-L5,decap,1024,16,2.5,1,1,0,ip-172-31-41-169,linux,0,8.3155,120.26,KEM,True,2025-11-21T06:35:22.609511,,262
BIKE-L5,decap,1024,16,2.5,1,1,0,ip-172-31-41-169,linux,0,8.2217,121.63,KEM,True,2025-11-21T06:35:22.617827,,263
BIKE-L5,decap,1024,16,2.5,1,1,0,ip-172-31-41-169,linux,0,8.377,119.37,KEM,True,2025-11-21T06:35:22.626303,,264
BIKE-L5,decap,1024,16,2.5,1,1,0,ip-172-31-41-169,linux,0,8.2082,121.83,KEM,True,2025-11-21T06:35:22.634607,,265
BIKE-L5,decap,1024,64,2.5,1,1,0,ip-172-31-41-169,linux,0,8.2601,121.06,KEM,True,2025-11-21T06:35:22.642969,,266
BIKE-L5,decap,1024,64,2.5,1,1,0,ip-172-31-41-169,linux,0,8.3233,120.14,KEM,True,2025-11-21T06:35:22.651391,,267
BIKE-L5,decap,1024,64,2.5,1,1,0,ip-172-31-41-169,linux,0,8.2227,121.62,KEM,True,2025-11-21T06:35:22.659707,,268
BIKE-L5,decap,1024,64,2.5,1,1,0,ip-172-31-41-169,linux,0,8.7096,114.82,KEM,True,2025-11-21T06:35:22.668517,,269
BIKE-L5,decap,1024,64,2.5,1,1,0,ip-172-31-41-169,linux,0,8.2393,121.37,KEM,True,2025-11-21T06:35:22.676855,,270
Classic-McEliece-348864,keygen,0,1,2.5,1,1,0,ip-172-31-41-169,linux,0,98.0916,10.19,KEM,True,2025-11-21T06:35:22.775068,,271
Classic-McEliece-348864,keygen,0,1,2.5,1,1,0,ip-172-31-41-169,linux,0,47.3626,21.11,KEM,True,2025-11-21T06:35:22.822591,,272
Classic-McEliece-348864,keygen,0,1,2.5,1,1,0,ip-172-31-41-169,linux,0,58.9815,16.95,KEM,True,2025-11-21T06:35:22.881709,,273
Classic-McEliece-348864,keygen,0,1,2.5,1,1,0,ip-172-31-41-169,linux,0,51.2393,19.52,KEM,True,2025-11-21T06:35:22.933086,,274
Classic-McEliece-348864,keygen,0,1,2.5,1,1,0,ip-172-31-41-169,linux,0,66.815,14.97,KEM,True,2025-11-21T06:35:23.000065,,275
Classic-McEliece-348864,keygen,0,16,2.5,1,1,0,ip-172-31-41-169,linux,0,47.3811,21.11,KEM,True,2025-11-21T06:35:23.047615,,276
Classic-McEliece-348864,keygen,0,16,2.5,1,1,0,ip-172-31-41-169,linux,0,55.0139,18.18,KEM,True,2025-11-21T06:35:23.102767,,277
Classic-McEliece-348864,keygen,0,16,2.5,1,1,0,ip-172-31-41-169,linux,0,51.2592,19.51,KEM,True,2025-11-21T06:35:23.154195,,278
Classic-McEliece-348864,keygen,0,16,2.5,1,1,0,ip-172-31-41-169,linux,0,51.3835,19.46,KEM,True,2025-11-21T06:35:23.205720,,279
Classic-McEliece-348864,keygen,0,16,2.5,1,1,0,ip-172-31-41-169,linux,0,47.487,21.06,KEM,True,2025-11-21T06:35:23.253342,,280
Classic-McEliece-348864,keygen,0,64,2.5,1,1,0,ip-172-31-41-169,linux,0,55.1585,18.13,KEM,True,2025-11-21T06:35:23.308636,,281
Classic-McEliece-348864,keygen,0,64,2.5,1,1,0,ip-172-31-41-169,linux,0,55.1176,18.14,KEM,True,2025-11-21T06:35:23.363888,,282
Classic-McEliece-348864,keygen,0,64,2.5,1,1,0,ip-172-31-41-169,linux,0,47.4348,21.08,KEM,True,2025-11-21T06:35:23.411462,,283
Classic-McEliece-348864,keygen,0,64,2.5,1,1,0,ip-172-31-41-169,linux,0,51.2698,19.5,KEM,True,2025-11-21T06:35:23.462868,,284
Classic-McEliece-348864,keygen,0,64,2.5,1,1,0,ip-172-31-41-169,linux,0,70.6265,14.16,KEM,True,2025-11-21T06:35:23.533636,,285
Classic-McEliece-348864,keygen,1024,1,2.5,1,1,0,ip-172-31-41-169,linux,0,59.0855,16.92,KEM,True,2025-11-21T06:35:23.592860,,286
Classic-McEliece-348864,keygen,1024,1,2.5,1,1,0,ip-172-31-41-169,linux,0,47.2738,21.15,KEM,True,2025-11-21T06:35:23.640271,,287
Classic-McEliece-348864,keygen,1024,1,2.5,1,1,0,ip-172-31-41-169,linux,0,66.6939,14.99,KEM,True,2025-11-21T06:35:23.707099,,288
Classic-McEliece-348864,keygen,1024,1,2.5,1,1,0,ip-172-31-41-169,linux,0,54.9482,18.2,KEM,True,2025-11-21T06:35:23.762209,,289
Classic-McEliece-348864,keygen,1024,1,2.5,1,1,0,ip-172-31-41-169,linux,0,47.3844,21.1,KEM,True,2025-11-21T06:35:23.809730,,290
Classic-McEliece-348864,keygen,1024,16,2.5,1,1,0,ip-172-31-41-169,linux,0,47.442,21.08,KEM,True,2025-11-21T06:35:23.857345,,291
Classic-McEliece-348864,keygen,1024,16,2.5,1,1,0,ip-172-31-41-169,linux,0,47.3724,21.11,KEM,True,2025-11-21T06:35:23.904859,,292
Classic-McEliece-348864,keygen,1024,16,2.5,1,1,0,ip-172-31-41-169,linux,0,63.7255,15.69,KEM,True,2025-11-21T06:35:23.968724,,293
Classic-McEliece-348864,keygen,1024,16,2.5,1,1,0,ip-172-31-41-169,linux,0,55.0301,18.17,KEM,True,2025-11-21T06:35:24.023893,,294
Classic-McEliece-348864,keygen,1024,16,2.5,1,1,0,ip-172-31-41-169,linux,0,70.268,14.23,KEM,True,2025-11-21T06:35:24.094301,,295
Classic-McEliece-348864,keygen,1024,64,2.5,1,1,0,ip-172-31-41-169,linux,0,54.608,18.31,KEM,True,2025-11-21T06:35:24.149048,,296
Classic-McEliece-348864,keygen,1024,64,2.5,1,1,0,ip-172-31-41-169,linux,0,47.2543,21.16,KEM,True,2025-11-21T06:35:24.196443,,297
Classic-McEliece-348864,keygen,1024,64,2.5,1,1,0,ip-172-31-41-169,linux,0,51.4417,19.44,KEM,True,2025-11-21T06:35:24.248024,,298
Classic-McEliece-348864,keygen,1024,64,2.5,1,1,0,ip-172-31-41-169,linux,0,47.1178,21.22,KEM,True,2025-11-21T06:35:24.295289,,299
Classic-McEliece-348864,keygen,1024,64,2.5,1,1,0,ip-172-31-41-169,linux,0,74.2834,13.46,KEM,True,2025-11-21T06:35:24.369710,,300
Classic-McEliece-348864,encap,0,1,2.5,1,1,0,ip-172-31-41-169,linux,0,50.9544,19.63,KEM,True,2025-11-21T06:35:24.420812,,301
Classic-McEliece-348864,encap,0,1,2.5,1,1,0,ip-172-31-41-169,linux,0,47.2879,21.15,KEM,True,2025-11-21T06:35:24.468243,,302
Classic-McEliece-348864,encap,0,1,2.5,1,1,0,ip-172-31-41-169,linux,0,62.8402,15.91,KEM,True,2025-11-21T06:35:24.531221,,303
Classic-McEliece-348864,encap,0,1,2.5,1,1,0,ip-172-31-41-169,linux,0,59.0884,16.92,KEM,True,2025-11-21T06:35:24.590454,,304
Classic-McEliece-348864,encap,0,1,2.5,1,1,0,ip-172-31-41-169,linux,0,62.8497,15.91,KEM,True,2025-11-21T06:35:24.653447,,305
Classic-McEliece-348864,encap,0,16,2.5,1,1,0,ip-172-31-41-169,linux,0,63.1284,15.84,KEM,True,2025-11-21T06:35:24.716720,,306
Classic-McEliece-348864,encap,0,16,2.5,1,1,0,ip-172-31-41-169,linux,0,51.2545,19.51,KEM,True,2025-11-21T06:35:24.768117,,307
Classic-McEliece-348864,encap,0,16,2.5,1,1,0,ip-172-31-41-169,linux,0,55.0739,18.16,KEM,True,2025-11-21T06:35:24.823362,,308
Classic-McEliece-348864,encap,0,16,2.5,1,1,0,ip-172-31-41-169,linux,0,66.88,14.95,KEM,True,2025-11-21T06:35:24.890387,,309
Classic-McEliece-348864,encap,0,16,2.5,1,1,0,ip-172-31-41-169,linux,0,47.1104,21.23,KEM,True,2025-11-21T06:35:24.937637,,310
Classic-McEliece-348864,encap,0,64,2.5,1,1,0,ip-172-31-41-169,linux,0,51.117,19.56,KEM,True,2025-11-21T06:35:24.988898,,311
Classic-McEliece-348864,encap,0,64,2.5,1,1,0,ip-172-31-41-169,linux,0,63.8136,15.67,KEM,True,2025-11-21T06:35:25.052851,,312
Classic-McEliece-348864,encap,0,64,2.5,1,1,0,ip-172-31-41-169,linux,0,54.9451,18.2,KEM,True,2025-11-21T06:35:25.107940,,313
Classic-McEliece-348864,encap,0,64,2.5,1,1,0,ip-172-31-41-169,linux,0,55.0249,18.17,KEM,True,2025-11-21T06:35:25.163105,,314
Classic-McEliece-348864,encap,0,64,2.5,1,1,0,ip-172-31-41-169,linux,0,62.6544,15.96,KEM,True,2025-11-21T06:35:25.225929,,315
Classic-McEliece-348864,encap,1024,1,2.5,1,1,0,ip-172-31-41-169,linux,0,47.266,21.16,KEM,True,2025-11-21T06:35:25.273338,,316
Classic-McEliece-348864,encap,1024,1,2.5,1,1,0,ip-172-31-41-169,linux,0,47.2703,21.15,KEM,True,2025-11-21T06:35:25.320747,,317
Classic-McEliece-348864,encap,1024,1,2.5,1,1,0,ip-172-31-41-169,linux,0,51.1948,19.53,KEM,True,2025-11-21T06:35:25.372089,,318
Classic-McEliece-348864,encap,1024,1,2.5,1,1,0,ip-172-31-41-169,linux,0,66.6287,15.01,KEM,True,2025-11-21T06:35:25.438873,,319
Classic-McEliece-348864,encap,1024,1,2.5,1,1,0,ip-172-31-41-169,linux,0,47.3007,21.14,KEM,True,2025-11-21T06:35:25.486323,,320
Classic-McEliece-348864,encap,1024,16,2.5,1,1,0,ip-172-31-41-169,linux,0,47.2187,21.18,KEM,True,2025-11-21T06:35:25.533684,,321
Classic-McEliece-348864,encap,1024,16,2.5,1,1,0,ip-172-31-41-169,linux,0,51.1437,19.55,KEM,True,2025-11-21T06:35:25.584971,,322
Classic-McEliece-348864,encap,1024,16,2.5,1,1,0,ip-172-31-41-169,linux,0,62.9076,15.9,KEM,True,2025-11-21T06:35:25.648019,,323
Classic-McEliece-348864,encap,1024,16,2.5,1,1,0,ip-172-31-41-169,linux,0,47.6333,20.99,KEM,True,2025-11-21T06:35:25.695800,,324
Classic-McEliece-348864,encap,1024,16,2.5,1,1,0,ip-172-31-41-169,linux,0,51.1296,19.56,KEM,True,2025-11-21T06:35:25.747067,,325
Classic-McEliece-348864,encap,1024,64,2.5,1,1,0,ip-172-31-41-169,linux,0,47.0385,21.26,KEM,True,2025-11-21T06:35:25.794265,,326
Classic-McEliece-348864,encap,1024,64,2.5,1,1,0,ip-172-31-41-169,linux,0,47.1689,21.2,KEM,True,2025-11-21T06:35:25.841568,,327
Classic-McEliece-348864,encap,1024,64,2.5,1,1,0,ip-172-31-41-169,linux,0,66.686,15.0,KEM,True,2025-11-21T06:35:25.908399,,328
Classic-McEliece-348864,encap,1024,64,2.5,1,1,0,ip-172-31-41-169,linux,0,54.924,18.21,KEM,True,2025-11-21T06:35:25.963467,,329
Classic-McEliece-348864,encap,1024,64,2.5,1,1,0,ip-172-31-41-169,linux,0,66.5713,15.02,KEM,True,2025-11-21T06:35:26.030212,,330
Classic-McEliece-348864,decap,0,1,2.5,1,1,0,ip-172-31-41-169,linux,0,47.3359,21.13,KEM,True,2025-11-21T06:35:26.077704,,331
Classic-McEliece-348864,decap,0,1,2.5,1,1,0,ip-172-31-41-169,linux,0,47.3825,21.1,KEM,True,2025-11-21T06:35:26.125227,,332
Classic-McEliece-348864,decap,0,1,2.5,1,1,0,ip-172-31-41-169,linux,0,55.0802,18.16,KEM,True,2025-11-21T06:35:26.180445,,333
Classic-McEliece-348864,decap,0,1,2.5,1,1,0,ip-172-31-41-169,linux,0,47.0389,21.26,KEM,True,2025-11-21T06:35:26.227622,,334
Classic-McEliece-348864,decap,0,1,2.5,1,1,0,ip-172-31-41-169,linux,0,66.8565,14.96,KEM,True,2025-11-21T06:35:26.294634,,335
Classic-McEliece-348864,decap,0,16,2.5,1,1,0,ip-172-31-41-169,linux,0,51.1321,19.56,KEM,True,2025-11-21T06:35:26.345907,,336
Classic-McEliece-348864,decap,0,16,2.5,1,1,0,ip-172-31-41-169,linux,0,51.2017,19.53,KEM,True,2025-11-21T06:35:26.397253,,337
Classic-McEliece-348864,decap,0,16,2.5,1,1,0,ip-172-31-41-169,linux,0,51.4403,19.44,KEM,True,2025-11-21T06:35:26.448829,,338
Classic-McEliece-348864,decap,0,16,2.5,1,1,0,ip-172-31-41-169,linux,0,58.9793,16.96,KEM,True,2025-11-21T06:35:26.507955,,339
Classic-McEliece-348864,decap,0,16,2.5,1,1,0,ip-172-31-41-169,linux,0,51.2395,19.52,KEM,True,2025-11-21T06:35:26.559336,,340
Classic-McEliece-348864,decap,0,64,2.5,1,1,0,ip-172-31-41-169,linux,0,51.2095,19.53,KEM,True,2025-11-21T06:35:26.610687,,341
Classic-McEliece-348864,decap,0,64,2.5,1,1,0,ip-172-31-41-169,linux,0,51.361,19.47,KEM,True,2025-11-21T06:35:26.662204,,342
Classic-McEliece-348864,decap,0,64,2.5,1,1,0,ip-172-31-41-169,linux,0,66.6873,15.0,KEM,True,2025-11-21T06:35:26.729031,,343
Classic-McEliece-348864,decap,0,64,2.5,1,1,0,ip-172-31-41-169,linux,0,58.9437,16.97,KEM,True,2025-11-21T06:35:26.788130,,344
Classic-McEliece-348864,decap,0,64,2.5,1,1,0,ip-172-31-41-169,linux,0,55.3099,18.08,KEM,True,2025-11-21T06:35:26.843618,,345
Classic-McEliece-348864,decap,1024,1,2.5,1,1,0,ip-172-31-41-169,linux,0,47.3216,21.13,KEM,True,2025-11-21T06:35:26.891087,,346
Classic-McEliece-348864,decap,1024,1,2.5,1,1,0,ip-172-31-41-169,linux,0,47.29,21.15,KEM,True,2025-11-21T06:35:26.938541,,347
Classic-McEliece-348864,decap,1024,1,2.5,1,1,0,ip-172-31-41-169,linux,0,58.9098,16.98,KEM,True,2025-11-21T06:35:26.997594,,348
Classic-McEliece-348864,decap,1024,1,2.5,1,1,0,ip-172-31-41-169,linux,0,47.0701,21.24,KEM,True,2025-11-21T06:35:27.044802,,349
Classic-McEliece-348864,decap,1024,1,2.5,1,1,0,ip-172-31-41-169,linux,0,47.0951,21.23,KEM,True,2025-11-21T06:35:27.092046,,350
Classic-McEliece-348864,decap,1024,16,2.5,1,1,0,ip-172-31-41-169,linux,0,47.5038,21.05,KEM,True,2025-11-21T06:35:27.139695,,351
Classic-McEliece-348864,decap,1024,16,2.5,1,1,0,ip-172-31-41-169,linux,0,55.0587,18.16,KEM,True,2025-11-21T06:35:27.194900,,352
Classic-McEliece-348864,decap,1024,16,2.5,1,1,0,ip-172-31-41-169,linux,0,55.114,18.14,KEM,True,2025-11-21T06:35:27.250181,,353
Classic-McEliece-348864,decap,1024,16,2.5,1,1,0,ip-172-31-41-169,linux,0,47.4068,21.09,KEM,True,2025-11-21T06:35:27.297748,,354
Classic-McEliece-348864,decap,1024,16,2.5,1,1,0,ip-172-31-41-169,linux,0,47.4266,21.09,KEM,True,2025-11-21T06:35:27.345344,,355
Classic-McEliece-348864,decap,1024,64,2.5,1,1,0,ip-172-31-41-169,linux,0,51.2405,19.52,KEM,True,2025-11-21T06:35:27.396722,,356
Classic-McEliece-348864,decap,1024,64,2.5,1,1,0,ip-172-31-41-169,linux,0,55.11,18.15,KEM,True,2025-11-21T06:35:27.451973,,357
Classic-McEliece-348864,decap,1024,64,2.5,1,1,0,ip-172-31-41-169,linux,0,47.291,21.15,KEM,True,2025-11-21T06:35:27.499412,,358
Classic-McEliece-348864,decap,1024,64,2.5,1,1,0,ip-172-31-41-169,linux,0,51.2202,19.52,KEM,True,2025-11-21T06:35:27.550774,,359
Classic-McEliece-348864,decap,1024,64,2.5,1,1,0,ip-172-31-41-169,linux,0,51.1685,19.54,KEM,True,2025-11-21T06:35:27.602086,,360
Classic-McEliece-348864f,keygen,0,1,2.5,1,1,0,ip-172-31-41-169,linux,0,44.9093,22.27,KEM,True,2025-11-21T06:35:27.647189,,361
Classic-McEliece-348864f,keygen,0,1,2.5,1,1,0,ip-172-31-41-169,linux,0,45.0521,22.2,KEM,True,2025-11-21T06:35:27.692390,,362
Classic-McEliece-348864f,keygen,0,1,2.5,1,1,0,ip-172-31-41-169,linux,0,44.831,22.31,KEM,True,2025-11-21T06:35:27.737356,,363
Classic-McEliece-348864f,keygen,0,1,2.5,1,1,0,ip-172-31-41-169,linux,0,44.9233,22.26,KEM,True,2025-11-21T06:35:27.782416,,364
Classic-McEliece-348864f,keygen,0,1,2.5,1,1,0,ip-172-31-41-169,linux,0,44.8517,22.3,KEM,True,2025-11-21T06:35:27.827402,,365
Classic-McEliece-348864f,keygen,0,16,2.5,1,1,0,ip-172-31-41-169,linux,0,44.8847,22.28,KEM,True,2025-11-21T06:35:27.872428,,366
Classic-McEliece-348864f,keygen,0,16,2.5,1,1,0,ip-172-31-41-169,linux,0,44.6575,22.39,KEM,True,2025-11-21T06:35:27.917226,,367
Classic-McEliece-348864f,keygen,0,16,2.5,1,1,0,ip-172-31-41-169,linux,0,44.8696,22.29,KEM,True,2025-11-21T06:35:27.962236,,368
Classic-McEliece-348864f,keygen,0,16,2.5,1,1,0,ip-172-31-41-169,linux,0,44.7986,22.32,KEM,True,2025-11-21T06:35:28.007191,,369
Classic-McEliece-348864f,keygen,0,16,2.5,1,1,0,ip-172-31-41-169,linux,0,44.8688,22.29,KEM,True,2025-11-21T06:35:28.052212,,370
Classic-McEliece-348864f,keygen,0,64,2.5,1,1,0,ip-172-31-41-169,linux,0,44.811,22.32,KEM,True,2025-11-21T06:35:28.097185,,371
Classic-McEliece-348864f,keygen,0,64,2.5,1,1,0,ip-172-31-41-169,linux,0,44.8806,22.28,KEM,True,2025-11-21T06:35:28.142219,,372
Classic-McEliece-348864f,keygen,0,64,2.5,1,1,0,ip-172-31-41-169,linux,0,44.8068,22.32,KEM,True,2025-11-21T06:35:28.187182,,373
Classic-McEliece-348864f,keygen,0,64,2.5,1,1,0,ip-172-31-41-169,linux,0,44.8292,22.31,KEM,True,2025-11-21T06:35:28.232184,,374
Classic-McEliece-348864f,keygen,0,64,2.5,1,1,0,ip-172-31-41-169,linux,0,44.9757,22.23,KEM,True,2025-11-21T06:35:28.277309,,375
Classic-McEliece-348864f,keygen,1024,1,2.5,1,1,0,ip-172-31-41-169,linux,0,44.8261,22.31,KEM,True,2025-11-21T06:35:28.322277,,376
Classic-McEliece-348864f,keygen,1024,1,2.5,1,1,0,ip-172-31-41-169,linux,0,44.9089,22.27,KEM,True,2025-11-21T06:35:28.367325,,377
Classic-McEliece-348864f,keygen,1024,1,2.5,1,1,0,ip-172-31-41-169,linux,0,44.9342,22.25,KEM,True,2025-11-21T06:35:28.412398,,378
Classic-McEliece-348864f,keygen,1024,1,2.5,1,1,0,ip-172-31-41-169,linux,0,44.9421,22.25,KEM,True,2025-11-21T06:35:28.457482,,379
Classic-McEliece-348864f,keygen,1024,1,2.5,1,1,0,ip-172-31-41-169,linux,0,44.8229,22.31,KEM,True,2025-11-21T06:35:28.502447,,380
Classic-McEliece-348864f,keygen,1024,16,2.5,1,1,0,ip-172-31-41-169,linux,0,44.8649,22.29,KEM,True,2025-11-21T06:35:28.547453,,381
Classic-McEliece-348864f,keygen,1024,16,2.5,1,1,0,ip-172-31-41-169,linux,0,44.9481,22.25,KEM,True,2025-11-21T06:35:28.592545,,382
Classic-McEliece-348864f,keygen,1024,16,2.5,1,1,0,ip-172-31-41-169,linux,0,44.7686,22.34,KEM,True,2025-11-21T06:35:28.637459,,383
Classic-McEliece-348864f,keygen,1024,16,2.5,1,1,0,ip-172-31-41-169,linux,0,44.8701,22.29,KEM,True,2025-11-21T06:35:28.682474,,384
Classic-McEliece-348864f,keygen,1024,16,2.5,1,1,0,ip-172-31-41-169,linux,0,44.8328,22.31,KEM,True,2025-11-21T06:35:28.727445,,385
Classic-McEliece-348864f,keygen,1024,64,2.5,1,1,0,ip-172-31-41-169,linux,0,44.9462,22.25,KEM,True,2025-11-21T06:35:28.772529,,386
Classic-McEliece-348864f,keygen,1024,64,2.5,1,1,0,ip-172-31-41-169,linux,0,44.9265,22.26,KEM,True,2025-11-21T06:35:28.817590,,387
Classic-McEliece-348864f,keygen,1024,64,2.5,1,1,0,ip-172-31-41-169,linux,0,44.9123,22.27,KEM,True,2025-11-21T06:35:28.862639,,388
Classic-McEliece-348864f,keygen,1024,64,2.5,1,1,0,ip-172-31-41-169,linux,0,44.8816,22.28,KEM,True,2025-11-21T06:35:28.907658,,389
Classic-McEliece-348864f,keygen,1024,64,2.5,1,1,0,ip-172-31-41-169,linux,0,44.87,22.29,KEM,True,2025-11-21T06:35:28.952674,,390
Classic-McEliece-348864f,encap,0,1,2.5,1,1,0,ip-172-31-41-169,linux,0,44.9296,22.26,KEM,True,2025-11-21T06:35:28.997754,,391
Classic-McEliece-348864f,encap,0,1,2.5,1,1,0,ip-172-31-41-169,linux,0,44.9312,22.26,KEM,True,2025-11-21T06:35:29.042823,,392
Classic-McEliece-348864f,encap,0,1,2.5,1,1,0,ip-172-31-41-169,linux,0,44.8596,22.29,KEM,True,2025-11-21T06:35:29.087821,,393
Classic-McEliece-348864f,encap,0,1,2.5,1,1,0,ip-172-31-41-169,linux,0,44.9153,22.26,KEM,True,2025-11-21T06:35:29.132880,,394
Classic-McEliece-348864f,encap,0,1,2.5,1,1,0,ip-172-31-41-169,linux,0,44.9174,22.26,KEM,True,2025-11-21T06:35:29.177938,,395
Classic-McEliece-348864f,encap,0,16,2.5,1,1,0,ip-172-31-41-169,linux,0,45.021,22.21,KEM,True,2025-11-21T06:35:29.223097,,396
Classic-McEliece-348864f,encap,0,16,2.5,1,1,0,ip-172-31-41-169,linux,0,45.7334,21.87,KEM,True,2025-11-21T06:35:29.268998,,397
Classic-McEliece-348864f,encap,0,16,2.5,1,1,0,ip-172-31-41-169,linux,0,44.8943,22.27,KEM,True,2025-11-21T06:35:29.314035,,398
Classic-McEliece-348864f,encap,0,16,2.5,1,1,0,ip-172-31-41-169,linux,0,44.8872,22.28,KEM,True,2025-11-21T06:35:29.359065,,399
Classic-McEliece-348864f,encap,0,16,2.5,1,1,0,ip-172-31-41-169,linux,0,45.0089,22.22,KEM,True,2025-11-21T06:35:29.404246,,400
Classic-McEliece-348864f,encap,0,64,2.5,1,1,0,ip-172-31-41-169,linux,0,45.106,22.17,KEM,True,2025-11-21T06:35:29.449489,,401
Classic-McEliece-348864f,encap,0,64,2.5,1,1,0,ip-172-31-41-169,linux,0,44.6752,22.38,KEM,True,2025-11-21T06:35:29.494304,,402
Classic-McEliece-348864f,encap,0,64,2.5,1,1,0,ip-172-31-41-169,linux,0,44.9252,22.26,KEM,True,2025-11-21T06:35:29.539372,,403
Classic-McEliece-348864f,encap,0,64,2.5,1,1,0,ip-172-31-41-169,linux,0,44.9566,22.24,KEM,True,2025-11-21T06:35:29.584470,,404
Classic-McEliece-348864f,encap,0,64,2.5,1,1,0,ip-172-31-41-169,linux,0,44.9984,22.22,KEM,True,2025-11-21T06:35:29.629607,,405
Classic-McEliece-348864f,encap,1024,1,2.5,1,1,0,ip-172-31-41-169,linux,0,44.9738,22.24,KEM,True,2025-11-21T06:35:29.674726,,406
Classic-McEliece-348864f,encap,1024,1,2.5,1,1,0,ip-172-31-41-169,linux,0,44.8769,22.28,KEM,True,2025-11-21T06:35:29.719745,,407
Classic-McEliece-348864f,encap,1024,1,2.5,1,1,0,ip-172-31-41-169,linux,0,44.9856,22.23,KEM,True,2025-11-21T06:35:29.764872,,408
Classic-McEliece-348864f,encap,1024,1,2.5,1,1,0,ip-172-31-41-169,linux,0,44.908,22.27,KEM,True,2025-11-21T06:35:29.809919,,409
Classic-McEliece-348864f,encap,1024,1,2.5,1,1,0,ip-172-31-41-169,linux,0,45.0142,22.22,KEM,True,2025-11-21T06:35:29.855069,,410
Classic-McEliece-348864f,encap,1024,16,2.5,1,1,0,ip-172-31-41-169,linux,0,44.937,22.25,KEM,True,2025-11-21T06:35:29.900191,,411
Classic-McEliece-348864f,encap,1024,16,2.5,1,1,0,ip-172-31-41-169,linux,0,44.9578,22.24,KEM,True,2025-11-21T06:35:29.945298,,412
Classic-McEliece-348864f,encap,1024,16,2.5,1,1,0,ip-172-31-41-169,linux,0,44.8837,22.28,KEM,True,2025-11-21T06:35:29.990325,,413
Classic-McEliece-348864f,encap,1024,16,2.5,1,1,0,ip-172-31-41-169,linux,0,44.954,22.24,KEM,True,2025-11-21T06:35:30.035422,,414
Classic-McEliece-348864f,encap,1024,16,2.5,1,1,0,ip-172-31-41-169,linux,0,44.9304,22.26,KEM,True,2025-11-21T06:35:30.080492,,415
Classic-McEliece-348864f,encap,1024,64,2.5,1,1,0,ip-172-31-41-169,linux,0,44.9259,22.26,KEM,True,2025-11-21T06:35:30.125559,,416
Classic-McEliece-348864f,encap,1024,64,2.5,1,1,0,ip-172-31-41-169,linux,0,44.9201,22.26,KEM,True,2025-11-21T06:35:30.170617,,417
Classic-McEliece-348864f,encap,1024,64,2.5,1,1,0,ip-172-31-41-169,linux,0,44.9095,22.27,KEM,True,2025-11-21T06:35:30.215699,,418
Classic-McEliece-348864f,encap,1024,64,2.5,1,1,0,ip-172-31-41-169,linux,0,45.098,22.17,KEM,True,2025-11-21T06:35:30.260938,,419
Classic-McEliece-348864f,encap,1024,64,2.5,1,1,0,ip-172-31-41-169,linux,0,44.9046,22.27,KEM,True,2025-11-21T06:35:30.305987,,420
Classic-McEliece-348864f,decap,0,1,2.5,1,1,0,ip-172-31-41-169,linux,0,44.9724,22.24,KEM,True,2025-11-21T06:35:30.351112,,421
Classic-McEliece-348864f,decap,0,1,2.5,1,1,0,ip-172-31-41-169,linux,0,44.9917,22.23,KEM,True,2025-11-21T06:35:30.396271,,422
Classic-McEliece-348864f,decap,0,1,2.5,1,1,0,ip-172-31-41-169,linux,0,45.0994,22.17,KEM,True,2025-11-21T06:35:30.441507,,423
Classic-McEliece-348864f,decap,0,1,2.5,1,1,0,ip-172-31-41-169,linux,0,44.9322,22.26,KEM,True,2025-11-21T06:35:30.486577,,424
Classic-McEliece-348864f,decap,0,1,2.5,1,1,0,ip-172-31-41-169,linux,0,44.9506,22.25,KEM,True,2025-11-21T06:35:30.531667,,425
Classic-McEliece-348864f,decap,0,16,2.5,1,1,0,ip-172-31-41-169,linux,0,44.9655,22.24,KEM,True,2025-11-21T06:35:30.576775,,426
Classic-McEliece-348864f,decap,0,16,2.5,1,1,0,ip-172-31-41-169,linux,0,44.9442,22.25,KEM,True,2025-11-21T06:35:30.621859,,427
Classic-McEliece-348864f,decap,0,16,2.5,1,1,0,ip-172-31-41-169,linux,0,45.1183,22.16,KEM,True,2025-11-21T06:35:30.667118,,428
Classic-McEliece-348864f,decap,0,16,2.5,1,1,0,ip-172-31-41-169,linux,0,45.009,22.22,KEM,True,2025-11-21T06:35:30.712296,,429
Classic-McEliece-348864f,decap,0,16,2.5,1,1,0,ip-172-31-41-169,linux,0,44.9855,22.23,KEM,True,2025-11-21T06:35:30.757421,,430
Classic-McEliece-348864f,decap,0,64,2.5,1,1,0,ip-172-31-41-169,linux,0,44.9702,22.24,KEM,True,2025-11-21T06:35:30.802536,,431
Classic-McEliece-348864f,decap,0,64,2.5,1,1,0,ip-172-31-41-169,linux,0,44.966,22.24,KEM,True,2025-11-21T06:35:30.847645,,432
Classic-McEliece-348864f,decap,0,64,2.5,1,1,0,ip-172-31-41-169,linux,0,45.085,22.18,KEM,True,2025-11-21T06:35:30.892872,,433
Classic-McEliece-348864f,decap,0,64,2.5,1,1,0,ip-172-31-41-169,linux,0,45.0375,22.2,KEM,True,2025-11-21T06:35:30.938049,,434
Classic-McEliece-348864f,decap,0,64,2.5,1,1,0,ip-172-31-41-169,linux,0,45.0214,22.21,KEM,True,2025-11-21T06:35:30.983216,,435
Classic-McEliece-348864f,decap,1024,1,2.5,1,1,0,ip-172-31-41-169,linux,0,44.9508,22.25,KEM,True,2025-11-21T06:35:31.028312,,436
Classic-McEliece-348864f,decap,1024,1,2.5,1,1,0,ip-172-31-41-169,linux,0,45.0102,22.22,KEM,True,2025-11-21T06:35:31.073460,,437
Classic-McEliece-348864f,decap,1024,1,2.5,1,1,0,ip-172-31-41-169,linux,0,44.9627,22.24,KEM,True,2025-11-21T06:35:31.118560,,438
Classic-McEliece-348864f,decap,1024,1,2.5,1,1,0,ip-172-31-41-169,linux,0,45.0042,22.22,KEM,True,2025-11-21T06:35:31.163707,,439
Classic-McEliece-348864f,decap,1024,1,2.5,1,1,0,ip-172-31-41-169,linux,0,44.9762,22.23,KEM,True,2025-11-21T06:35:31.208825,,440
Classic-McEliece-348864f,decap,1024,16,2.5,1,1,0,ip-172-31-41-169,linux,0,45.0925,22.18,KEM,True,2025-11-21T06:35:31.254061,,441
Classic-McEliece-348864f,decap,1024,16,2.5,1,1,0,ip-172-31-41-169,linux,0,45.0075,22.22,KEM,True,2025-11-21T06:35:31.299228,,442
Classic-McEliece-348864f,decap,1024,16,2.5,1,1,0,ip-172-31-41-169,linux,0,45.0181,22.21,KEM,True,2025-11-21T06:35:31.344386,,443
Classic-McEliece-348864f,decap,1024,16,2.5,1,1,0,ip-172-31-41-169,linux,0,45.0019,22.22,KEM,True,2025-11-21T06:35:31.389533,,444
Classic-McEliece-348864f,decap,1024,16,2.5,1,1,0,ip-172-31-41-169,linux,0,44.9231,22.26,KEM,True,2025-11-21T06:35:31.434597,,445
Classic-McEliece-348864f,decap,1024,64,2.5,1,1,0,ip-172-31-41-169,linux,0,44.8404,22.3,KEM,True,2025-11-21T06:35:31.479581,,446
Classic-McEliece-348864f,decap,1024,64,2.5,1,1,0,ip-172-31-41-169,linux,0,45.026,22.21,KEM,True,2025-11-21T06:35:31.524746,,447
Classic-McEliece-348864f,decap,1024,64,2.5,1,1,0,ip-172-31-41-169,linux,0,44.944,22.25,KEM,True,2025-11-21T06:35:31.569829,,448
Classic-McEliece-348864f,decap,1024,64,2.5,1,1,0,ip-172-31-41-169,linux,0,44.9547,22.24,KEM,True,2025-11-21T06:35:31.614922,,449
Classic-McEliece-348864f,decap,1024,64,2.5,1,1,0,ip-172-31-41-169,linux,0,44.9959,22.22,KEM,True,2025-11-21T06:35:31.660068,,450
Classic-McEliece-460896,keygen,0,1,2.5,1,1,0,ip-172-31-41-169,linux,0,236.5258,4.23,KEM,True,2025-11-21T06:35:31.896753,,451
Classic-McEliece-460896,keygen,0,1,2.5,1,1,0,ip-172-31-41-169,linux,0,162.1304,6.17,KEM,True,2025-11-21T06:35:32.059056,,452
Classic-McEliece-460896,keygen,0,1,2.5,1,1,0,ip-172-31-41-169,linux,0,124.9086,8.01,KEM,True,2025-11-21T06:35:32.184174,,453
Classic-McEliece-460896,keygen,0,1,2.5,1,1,0,ip-172-31-41-169,linux,0,136.6415,7.32,KEM,True,2025-11-21T06:35:32.320996,,454
Classic-McEliece-460896,keygen,0,1,2.5,1,1,0,ip-172-31-41-169,linux,0,151.7062,6.59,KEM,True,2025-11-21T06:35:32.472868,,455
Classic-McEliece-460896,keygen,0,16,2.5,1,1,0,ip-172-31-41-169,linux,0,124.1402,8.06,KEM,True,2025-11-21T06:35:32.597210,,456
Classic-McEliece-460896,keygen,0,16,2.5,1,1,0,ip-172-31-41-169,linux,0,149.052,6.71,KEM,True,2025-11-21T06:35:32.746426,,457
Classic-McEliece-460896,keygen,0,16,2.5,1,1,0,ip-172-31-41-169,linux,0,211.2597,4.73,KEM,True,2025-11-21T06:35:32.957854,,458
Classic-McEliece-460896,keygen,0,16,2.5,1,1,0,ip-172-31-41-169,linux,0,136.5112,7.33,KEM,True,2025-11-21T06:35:33.094530,,459
Classic-McEliece-460896,keygen,0,16,2.5,1,1,0,ip-172-31-41-169,linux,0,149.0198,6.71,KEM,True,2025-11-21T06:35:33.243717,,460
Classic-McEliece-460896,keygen,0,64,2.5,1,1,0,ip-172-31-41-169,linux,0,148.978,6.71,KEM,True,2025-11-21T06:35:33.392867,,461
Classic-McEliece-460896,keygen,0,64,2.5,1,1,0,ip-172-31-41-169,linux,0,148.9908,6.71,KEM,True,2025-11-21T06:35:33.542024,,462
Classic-McEliece-460896,keygen,0,64,2.5,1,1,0,ip-172-31-41-169,linux,0,161.5486,6.19,KEM,True,2025-11-21T06:35:33.703738,,463
Classic-McEliece-460896,keygen,0,64,2.5,1,1,0,ip-172-31-41-169,linux,0,174.0443,5.75,KEM,True,2025-11-21T06:35:33.877950,,464
Classic-McEliece-460896,keygen,0,64,2.5,1,1,0,ip-172-31-41-169,linux,0,173.9803,5.75,KEM,True,2025-11-21T06:35:34.052106,,465
Classic-McEliece-460896,keygen,1024,1,2.5,1,1,0,ip-172-31-41-169,linux,0,148.9872,6.71,KEM,True,2025-11-21T06:35:34.201288,,466
Classic-McEliece-460896,keygen,1024,1,2.5,1,1,0,ip-172-31-41-169,linux,0,138.6555,7.21,KEM,True,2025-11-21T06:35:34.340118,,467
Classic-McEliece-460896,keygen,1024,1,2.5,1,1,0,ip-172-31-41-169,linux,0,161.5602,6.19,KEM,True,2025-11-21T06:35:34.501875,,468
Classic-McEliece-460896,keygen,1024,1,2.5,1,1,0,ip-172-31-41-169,linux,0,123.8402,8.07,KEM,True,2025-11-21T06:35:34.625882,,469
Classic-McEliece-460896,keygen,1024,1,2.5,1,1,0,ip-172-31-41-169,linux,0,173.9158,5.75,KEM,True,2025-11-21T06:35:34.799963,,470
Classic-McEliece-460896,keygen,1024,16,2.5,1,1,0,ip-172-31-41-169,linux,0,161.4384,6.19,KEM,True,2025-11-21T06:35:34.961575,,471
Classic-McEliece-460896,keygen,1024,16,2.5,1,1,0,ip-172-31-41-169,linux,0,124.0611,8.06,KEM,True,2025-11-21T06:35:35.085804,,472
Classic-McEliece-460896,keygen,1024,16,2.5,1,1,0,ip-172-31-41-169,linux,0,186.4085,5.36,KEM,True,2025-11-21T06:35:35.272374,,473
Classic-McEliece-460896,keygen,1024,16,2.5,1,1,0,ip-172-31-41-169,linux,0,161.8703,6.18,KEM,True,2025-11-21T06:35:35.434409,,474
Classic-McEliece-460896,keygen,1024,16,2.5,1,1,0,ip-172-31-41-169,linux,0,136.5107,7.33,KEM,True,2025-11-21T06:35:35.571080,,475
Classic-McEliece-460896,keygen,1024,64,2.5,1,1,0,ip-172-31-41-169,linux,0,136.8417,7.31,KEM,True,2025-11-21T06:35:35.708119,,476
Classic-McEliece-460896,keygen,1024,64,2.5,1,1,0,ip-172-31-41-169,linux,0,223.3992,4.48,KEM,True,2025-11-21T06:35:35.931714,,477
Classic-McEliece-460896,keygen,1024,64,2.5,1,1,0,ip-172-31-41-169,linux,0,148.5434,6.73,KEM,True,2025-11-21T06:35:36.080418,,478
Classic-McEliece-460896,keygen,1024,64,2.5,1,1,0,ip-172-31-41-169,linux,0,161.3952,6.2,KEM,True,2025-11-21T06:35:36.241972,,479
Classic-McEliece-460896,keygen,1024,64,2.5,1,1,0,ip-172-31-41-169,linux,0,124.3106,8.04,KEM,True,2025-11-21T06:35:36.366452,,480
Classic-McEliece-460896,encap,0,1,2.5,1,1,0,ip-172-31-41-169,linux,0,124.3468,8.04,KEM,True,2025-11-21T06:35:36.490931,,481
Classic-McEliece-460896,encap,0,1,2.5,1,1,0,ip-172-31-41-169,linux,0,136.1664,7.34,KEM,True,2025-11-21T06:35:36.627192,,482
Classic-McEliece-460896,encap,0,1,2.5,1,1,0,ip-172-31-41-169,linux,0,161.4145,6.2,KEM,True,2025-11-21T06:35:36.788703,,483
Classic-McEliece-460896,encap,0,1,2.5,1,1,0,ip-172-31-41-169,linux,0,173.475,5.76,KEM,True,2025-11-21T06:35:36.962274,,484
Classic-McEliece-460896,encap,0,1,2.5,1,1,0,ip-172-31-41-169,linux,0,136.1999,7.34,KEM,True,2025-11-21T06:35:37.098572,,485
Classic-McEliece-460896,encap,0,16,2.5,1,1,0,ip-172-31-41-169,linux,0,173.4758,5.76,KEM,True,2025-11-21T06:35:37.272157,,486
Classic-McEliece-460896,encap,0,16,2.5,1,1,0,ip-172-31-41-169,linux,0,197.9483,5.05,KEM,True,2025-11-21T06:35:37.470204,,487
Classic-McEliece-460896,encap,0,16,2.5,1,1,0,ip-172-31-41-169,linux,0,161.0289,6.21,KEM,True,2025-11-21T06:35:37.631329,,488
Classic-McEliece-460896,encap,0,16,2.5,1,1,0,ip-172-31-41-169,linux,0,161.4655,6.19,KEM,True,2025-11-21T06:35:37.792894,,489
Classic-McEliece-460896,encap,0,16,2.5,1,1,0,ip-172-31-41-169,linux,0,148.1753,6.75,KEM,True,2025-11-21T06:35:37.941171,,490
Classic-McEliece-460896,encap,0,64,2.5,1,1,0,ip-172-31-41-169,linux,0,123.5735,8.09,KEM,True,2025-11-21T06:35:38.064838,,491
Classic-McEliece-460896,encap,0,64,2.5,1,1,0,ip-172-31-41-169,linux,0,173.4595,5.77,KEM,True,2025-11-21T06:35:38.238399,,492
Classic-McEliece-460896,encap,0,64,2.5,1,1,0,ip-172-31-41-169,linux,0,185.6423,5.39,KEM,True,2025-11-21T06:35:38.424160,,493
Classic-McEliece-460896,encap,0,64,2.5,1,1,0,ip-172-31-41-169,linux,0,173.4792,5.76,KEM,True,2025-11-21T06:35:38.597752,,494
Classic-McEliece-460896,encap,0,64,2.5,1,1,0,ip-172-31-41-169,linux,0,123.7073,8.08,KEM,True,2025-11-21T06:35:38.721553,,495
Classic-McEliece-460896,encap,1024,1,2.5,1,1,0,ip-172-31-41-169,linux,0,222.8681,4.49,KEM,True,2025-11-21T06:35:38.944523,,496
Classic-McEliece-460896,encap,1024,1,2.5,1,1,0,ip-172-31-41-169,linux,0,223.6232,4.47,KEM,True,2025-11-21T06:35:39.168249,,497
Classic-McEliece-460896,encap,1024,1,2.5,1,1,0,ip-172-31-41-169,linux,0,186.1583,5.37,KEM,True,2025-11-21T06:35:39.354510,,498
Classic-McEliece-460896,encap,1024,1,2.5,1,1,0,ip-172-31-41-169,linux,0,136.3937,7.33,KEM,True,2025-11-21T06:35:39.491001,,499
Classic-McEliece-460896,encap,1024,1,2.5,1,1,0,ip-172-31-41-169,linux,0,173.5781,5.76,KEM,True,2025-11-21T06:35:39.664676,,500
Classic-McEliece-460896,encap,1024,16,2.5,1,1,0,ip-172-31-41-169,linux,0,136.1404,7.35,KEM,True,2025-11-21T06:35:39.800915,,501
Classic-McEliece-460896,encap,1024,16,2.5,1,1,0,ip-172-31-41-169,linux,0,173.4131,5.77,KEM,True,2025-11-21T06:35:39.974426,,502
Classic-McEliece-460896,encap,1024,16,2.5,1,1,0,ip-172-31-41-169,linux,0,136.1046,7.35,KEM,True,2025-11-21T06:35:40.110630,,503
Classic-McEliece-460896,encap,1024,16,2.5,1,1,0,ip-172-31-41-169,linux,0,148.7771,6.72,KEM,True,2025-11-21T06:35:40.259504,,504
Classic-McEliece-460896,encap,1024,16,2.5,1,1,0,ip-172-31-41-169,linux,0,161.0526,6.21,KEM,True,2025-11-21T06:35:40.420655,,505
Classic-McEliece-460896,encap,1024,64,2.5,1,1,0,ip-172-31-41-169,linux,0,148.6279,6.73,KEM,True,2025-11-21T06:35:40.569386,,506
Classic-McEliece-460896,encap,1024,64,2.5,1,1,0,ip-172-31-41-169,linux,0,123.9486,8.07,KEM,True,2025-11-21T06:35:40.693430,,507
Classic-McEliece-460896,encap,1024,64,2.5,1,1,0,ip-172-31-41-169,linux,0,148.5221,6.73,KEM,True,2025-11-21T06:35:40.842049,,508
Classic-McEliece-460896,encap,1024,64,2.5,1,1,0,ip-172-31-41-169,linux,0,123.5874,8.09,KEM,True,2025-11-21T06:35:40.965738,,509
Classic-McEliece-460896,encap,1024,64,2.5,1,1,0,ip-172-31-41-169,linux,0,123.7496,8.08,KEM,True,2025-11-21T06:35:41.089584,,510
Classic-McEliece-460896,decap,0,1,2.5,1,1,0,ip-172-31-41-169,linux,0,161.1189,6.21,KEM,True,2025-11-21T06:35:41.250806,,511
Classic-McEliece-460896,decap,0,1,2.5,1,1,0,ip-172-31-41-169,linux,0,186.1112,5.37,KEM,True,2025-11-21T06:35:41.437018,,512
Classic-McEliece-460896,decap,0,1,2.5,1,1,0,ip-172-31-41-169,linux,0,211.0648,4.74,KEM,True,2025-11-21T06:35:41.648181,,513
Classic-McEliece-460896,decap,0,1,2.5,1,1,0,ip-172-31-41-169,linux,0,124.2236,8.05,KEM,True,2025-11-21T06:35:41.772502,,514
Classic-McEliece-460896,decap,0,1,2.5,1,1,0,ip-172-31-41-169,linux,0,148.7249,6.72,KEM,True,2025-11-21T06:35:41.921324,,515
Classic-McEliece-460896,decap,0,16,2.5,1,1,0,ip-172-31-41-169,linux,0,161.1209,6.21,KEM,True,2025-11-21T06:35:42.082540,,516
Classic-McEliece-460896,decap,0,16,2.5,1,1,0,ip-172-31-41-169,linux,0,123.8633,8.07,KEM,True,2025-11-21T06:35:42.206504,,517
Classic-McEliece-460896,decap,0,16,2.5,1,1,0,ip-172-31-41-169,linux,0,149.0638,6.71,KEM,True,2025-11-21T06:35:42.355666,,518
Classic-McEliece-460896,decap,0,16,2.5,1,1,0,ip-172-31-41-169,linux,0,185.5771,5.39,KEM,True,2025-11-21T06:35:42.541343,,519
Classic-McEliece-460896,decap,0,16,2.5,1,1,0,ip-172-31-41-169,linux,0,136.5293,7.32,KEM,True,2025-11-21T06:35:42.677969,,520
Classic-McEliece-460896,decap,0,64,2.5,1,1,0,ip-172-31-41-169,linux,0,148.538,6.73,KEM,True,2025-11-21T06:35:42.826646,,521
Classic-McEliece-460896,decap,0,64,2.5,1,1,0,ip-172-31-41-169,linux,0,173.5368,5.76,KEM,True,2025-11-21T06:35:43.000282,,522
Classic-McEliece-460896,decap,0,64,2.5,1,1,0,ip-172-31-41-169,linux,0,136.4355,7.33,KEM,True,2025-11-21T06:35:43.136813,,523
Classic-McEliece-460896,decap,0,64,2.5,1,1,0,ip-172-31-41-169,linux,0,161.1859,6.2,KEM,True,2025-11-21T06:35:43.298094,,524
Classic-McEliece-460896,decap,0,64,2.5,1,1,0,ip-172-31-41-169,linux,0,124.0187,8.06,KEM,True,2025-11-21T06:35:43.422224,,525
Classic-McEliece-460896,decap,1024,1,2.5,1,1,0,ip-172-31-41-169,linux,0,123.6972,8.08,KEM,True,2025-11-21T06:35:43.546019,,526
Classic-McEliece-460896,decap,1024,1,2.5,1,1,0,ip-172-31-41-169,linux,0,198.7731,5.03,KEM,True,2025-11-21T06:35:43.744890,,527
Classic-McEliece-460896,decap,1024,1,2.5,1,1,0,ip-172-31-41-169,linux,0,248.5469,4.02,KEM,True,2025-11-21T06:35:43.993577,,528
Classic-McEliece-460896,decap,1024,1,2.5,1,1,0,ip-172-31-41-169,linux,0,198.6791,5.03,KEM,True,2025-11-21T06:35:44.192359,,529
Classic-McEliece-460896,decap,1024,1,2.5,1,1,0,ip-172-31-41-169,linux,0,225.1354,4.44,KEM,True,2025-11-21T06:35:44.417593,,530
Classic-McEliece-460896,decap,1024,16,2.5,1,1,0,ip-172-31-41-169,linux,0,124.1543,8.05,KEM,True,2025-11-21T06:35:44.541846,,531
Classic-McEliece-460896,decap,1024,16,2.5,1,1,0,ip-172-31-41-169,linux,0,136.8808,7.31,KEM,True,2025-11-21T06:35:44.678826,,532
Classic-McEliece-460896,decap,1024,16,2.5,1,1,0,ip-172-31-41-169,linux,0,297.9735,3.36,KEM,True,2025-11-21T06:35:44.976901,,533
Classic-McEliece-460896,decap,1024,16,2.5,1,1,0,ip-172-31-41-169,linux,0,123.8524,8.07,KEM,True,2025-11-21T06:35:45.100854,,534
Classic-McEliece-460896,decap,1024,16,2.5,1,1,0,ip-172-31-41-169,linux,0,185.9162,5.38,KEM,True,2025-11-21T06:35:45.286871,,535
Classic-McEliece-460896,decap,1024,64,2.5,1,1,0,ip-172-31-41-169,linux,0,123.7515,8.08,KEM,True,2025-11-21T06:35:45.410724,,536
Classic-McEliece-460896,decap,1024,64,2.5,1,1,0,ip-172-31-41-169,linux,0,123.4374,8.1,KEM,True,2025-11-21T06:35:45.534260,,537
Classic-McEliece-460896,decap,1024,64,2.5,1,1,0,ip-172-31-41-169,linux,0,123.9453,8.07,KEM,True,2025-11-21T06:35:45.658301,,538
Classic-McEliece-460896,decap,1024,64,2.5,1,1,0,ip-172-31-41-169,linux,0,136.3896,7.33,KEM,True,2025-11-21T06:35:45.794790,,539
Classic-McEliece-460896,decap,1024,64,2.5,1,1,0,ip-172-31-41-169,linux,0,235.6201,4.24,KEM,True,2025-11-21T06:35:46.030509,,540
Classic-McEliece-460896f,keygen,0,1,2.5,1,1,0,ip-172-31-41-169,linux,0,132.5635,7.54,KEM,True,2025-11-21T06:35:46.163184,,541
Classic-McEliece-460896f,keygen,0,1,2.5,1,1,0,ip-172-31-41-169,linux,0,132.2701,7.56,KEM,True,2025-11-21T06:35:46.295555,,542
Classic-McEliece-460896f,keygen,0,1,2.5,1,1,0,ip-172-31-41-169,linux,0,132.3239,7.56,KEM,True,2025-11-21T06:35:46.427981,,543
Classic-McEliece-460896f,keygen,0,1,2.5,1,1,0,ip-172-31-41-169,linux,0,132.4852,7.55,KEM,True,2025-11-21T06:35:46.560573,,544
Classic-McEliece-460896f,keygen,0,1,2.5,1,1,0,ip-172-31-41-169,linux,0,132.4408,7.55,KEM,True,2025-11-21T06:35:46.693159,,545
Classic-McEliece-460896f,keygen,0,16,2.5,1,1,0,ip-172-31-41-169,linux,0,132.3177,7.56,KEM,True,2025-11-21T06:35:46.825572,,546
Classic-McEliece-460896f,keygen,0,16,2.5,1,1,0,ip-172-31-41-169,linux,0,132.1707,7.57,KEM,True,2025-11-21T06:35:46.957842,,547
Classic-McEliece-460896f,keygen,0,16,2.5,1,1,0,ip-172-31-41-169,linux,0,132.2468,7.56,KEM,True,2025-11-21T06:35:47.090188,,548
Classic-McEliece-460896f,keygen,0,16,2.5,1,1,0,ip-172-31-41-169,linux,0,132.1572,7.57,KEM,True,2025-11-21T06:35:47.222438,,549
Classic-McEliece-460896f,keygen,0,16,2.5,1,1,0,ip-172-31-41-169,linux,0,132.4258,7.55,KEM,True,2025-11-21T06:35:47.354966,,550
Classic-McEliece-460896f,keygen,0,64,2.5,1,1,0,ip-172-31-41-169,linux,0,132.1877,7.57,KEM,True,2025-11-21T06:35:47.487254,,551
Classic-McEliece-460896f,keygen,0,64,2.5,1,1,0,ip-172-31-41-169,linux,0,132.3984,7.55,KEM,True,2025-11-21T06:35:47.619748,,552
Classic-McEliece-460896f,keygen,0,64,2.5,1,1,0,ip-172-31-41-169,linux,0,132.3939,7.55,KEM,True,2025-11-21T06:35:47.752240,,553
Classic-McEliece-460896f,keygen,0,64,2.5,1,1,0,ip-172-31-41-169,linux,0,132.2907,7.56,KEM,True,2025-11-21T06:35:47.884628,,554
Classic-McEliece-460896f,keygen,0,64,2.5,1,1,0,ip-172-31-41-169,linux,0,132.0678,7.57,KEM,True,2025-11-21T06:35:48.016793,,555
Classic-McEliece-460896f,keygen,1024,1,2.5,1,1,0,ip-172-31-41-169,linux,0,132.3327,7.56,KEM,True,2025-11-21T06:35:48.149225,,556
Classic-McEliece-460896f,keygen,1024,1,2.5,1,1,0,ip-172-31-41-169,linux,0,132.154,7.57,KEM,True,2025-11-21T06:35:48.281475,,557
Classic-McEliece-460896f,keygen,1024,1,2.5,1,1,0,ip-172-31-41-169,linux,0,132.3897,7.55,KEM,True,2025-11-21T06:35:48.413963,,558
Classic-McEliece-460896f,keygen,1024,1,2.5,1,1,0,ip-172-31-41-169,linux,0,132.252,7.56,KEM,True,2025-11-21T06:35:48.546315,,559
Classic-McEliece-460896f,keygen,1024,1,2.5,1,1,0,ip-172-31-41-169,linux,0,132.233,7.56,KEM,True,2025-11-21T06:35:48.678647,,560
Classic-McEliece-460896f,keygen,1024,16,2.5,1,1,0,ip-172-31-41-169,linux,0,132.097,7.57,KEM,True,2025-11-21T06:35:48.810844,,561
Classic-McEliece-460896f,keygen,1024,16,2.5,1,1,0,ip-172-31-41-169,linux,0,132.3698,7.55,KEM,True,2025-11-21T06:35:48.943313,,562
Classic-McEliece-460896f,keygen,1024,16,2.5,1,1,0,ip-172-31-41-169,linux,0,132.2764,7.56,KEM,True,2025-11-21T06:35:49.075688,,563
Classic-McEliece-460896f,keygen,1024,16,2.5,1,1,0,ip-172-31-41-169,linux,0,132.6119,7.54,KEM,True,2025-11-21T06:35:49.208397,,564
Classic-McEliece-460896f,keygen,1024,16,2.5,1,1,0,ip-172-31-41-169,linux,0,132.5284,7.55,KEM,True,2025-11-21T06:35:49.341029,,565
Classic-McEliece-460896f,keygen,1024,64,2.5,1,1,0,ip-172-31-41-169,linux,0,132.4819,7.55,KEM,True,2025-11-21T06:35:49.473612,,566
Classic-McEliece-460896f,keygen,1024,64,2.5,1,1,0,ip-172-31-41-169,linux,0,132.3255,7.56,KEM,True,2025-11-21T06:35:49.606037,,567
Classic-McEliece-460896f,keygen,1024,64,2.5,1,1,0,ip-172-31-41-169,linux,0,132.354,7.56,KEM,True,2025-11-21T06:35:49.738487,,568
Classic-McEliece-460896f,keygen,1024,64,2.5,1,1,0,ip-172-31-41-169,linux,0,132.2183,7.56,KEM,True,2025-11-21T06:35:49.870804,,569
Classic-McEliece-460896f,keygen,1024,64,2.5,1,1,0,ip-172-31-41-169,linux,0,132.3533,7.56,KEM,True,2025-11-21T06:35:50.003256,,570
Classic-McEliece-460896f,encap,0,1,2.5,1,1,0,ip-172-31-41-169,linux,0,132.2077,7.56,KEM,True,2025-11-21T06:35:50.135569,,571
Classic-McEliece-460896f,encap,0,1,2.5,1,1,0,ip-172-31-41-169,linux,0,132.7778,7.53,KEM,True,2025-11-21T06:35:50.268447,,572
Classic-McEliece-460896f,encap,0,1,2.5,1,1,0,ip-172-31-41-169,linux,0,132.197,7.56,KEM,True,2025-11-21T06:35:50.400739,,573
Classic-McEliece-460896f,encap,0,1,2.5,1,1,0,ip-172-31-41-169,linux,0,132.5864,7.54,KEM,True,2025-11-21T06:35:50.533421,,574
Classic-McEliece-460896f,encap,0,1,2.5,1,1,0,ip-172-31-41-169,linux,0,132.5094,7.55,KEM,True,2025-11-21T06:35:50.666027,,575
Classic-McEliece-460896f,encap,0,16,2.5,1,1,0,ip-172-31-41-169,linux,0,132.6272,7.54,KEM,True,2025-11-21T06:35:50.798756,,576
Classic-McEliece-460896f,encap,0,16,2.5,1,1,0,ip-172-31-41-169,linux,0,132.6534,7.54,KEM,True,2025-11-21T06:35:50.931509,,577
Classic-McEliece-460896f,encap,0,16,2.5,1,1,0,ip-172-31-41-169,linux,0,132.3916,7.55,KEM,True,2025-11-21T06:35:51.064000,,578
Classic-McEliece-460896f,encap,0,16,2.5,1,1,0,ip-172-31-41-169,linux,0,132.4296,7.55,KEM,True,2025-11-21T06:35:51.196535,,579
Classic-McEliece-460896f,encap,0,16,2.5,1,1,0,ip-172-31-41-169,linux,0,132.4857,7.55,KEM,True,2025-11-21T06:35:51.329121,,580
Classic-McEliece-460896f,encap,0,64,2.5,1,1,0,ip-172-31-41-169,linux,0,132.3609,7.56,KEM,True,2025-11-21T06:35:51.461592,,581
Classic-McEliece-460896f,encap,0,64,2.5,1,1,0,ip-172-31-41-169,linux,0,132.4564,7.55,KEM,True,2025-11-21T06:35:51.594154,,582
Classic-McEliece-460896f,encap,0,64,2.5,1,1,0,ip-172-31-41-169,linux,0,132.5834,7.54,KEM,True,2025-11-21T06:35:51.726832,,583
Classic-McEliece-460896f,encap,0,64,2.5,1,1,0,ip-172-31-41-169,linux,0,132.4241,7.55,KEM,True,2025-11-21T06:35:51.859357,,584
Classic-McEliece-460896f,encap,0,64,2.5,1,1,0,ip-172-31-41-169,linux,0,132.2437,7.56,KEM,True,2025-11-21T06:35:51.991702,,585
Classic-McEliece-460896f,encap,1024,1,2.5,1,1,0,ip-172-31-41-169,linux,0,132.4281,7.55,KEM,True,2025-11-21T06:35:52.124231,,586
Classic-McEliece-460896f,encap,1024,1,2.5,1,1,0,ip-172-31-41-169,linux,0,134.0048,7.46,KEM,True,2025-11-21T06:35:52.258333,,587
Classic-McEliece-460896f,encap,1024,1,2.5,1,1,0,ip-172-31-41-169,linux,0,132.3499,7.56,KEM,True,2025-11-21T06:35:52.390786,,588
Classic-McEliece-460896f,encap,1024,1,2.5,1,1,0,ip-172-31-41-169,linux,0,132.577,7.54,KEM,True,2025-11-21T06:35:52.523464,,589
Classic-McEliece-460896f,encap,1024,1,2.5,1,1,0,ip-172-31-41-169,linux,0,132.3013,7.56,KEM,True,2025-11-21T06:35:52.655862,,590
Classic-McEliece-460896f,encap,1024,16,2.5,1,1,0,ip-172-31-41-169,linux,0,132.3433,7.56,KEM,True,2025-11-21T06:35:52.788302,,591
Classic-McEliece-460896f,encap,1024,16,2.5,1,1,0,ip-172-31-41-169,linux,0,132.5454,7.54,KEM,True,2025-11-21T06:35:52.920942,,592
Classic-McEliece-460896f,encap,1024,16,2.5,1,1,0,ip-172-31-41-169,linux,0,132.3231,7.56,KEM,True,2025-11-21T06:35:53.053362,,593
Classic-McEliece-460896f,encap,1024,16,2.5,1,1,0,ip-172-31-41-169,linux,0,132.4319,7.55,KEM,True,2025-11-21T06:35:53.185893,,594
Classic-McEliece-460896f,encap,1024,16,2.5,1,1,0,ip-172-31-41-169,linux,0,132.4286,7.55,KEM,True,2025-11-21T06:35:53.318419,,595
Classic-McEliece-460896f,encap,1024,64,2.5,1,1,0,ip-172-31-41-169,linux,0,132.4129,7.55,KEM,True,2025-11-21T06:35:53.450936,,596
Classic-McEliece-460896f,encap,1024,64,2.5,1,1,0,ip-172-31-41-169,linux,0,131.8496,7.58,KEM,True,2025-11-21T06:35:53.582883,,597
Classic-McEliece-460896f,encap,1024,64,2.5,1,1,0,ip-172-31-41-169,linux,0,132.3924,7.55,KEM,True,2025-11-21T06:35:53.715375,,598
Classic-McEliece-460896f,encap,1024,64,2.5,1,1,0,ip-172-31-41-169,linux,0,132.3872,7.55,KEM,True,2025-11-21T06:35:53.847862,,599
Classic-McEliece-460896f,encap,1024,64,2.5,1,1,0,ip-172-31-41-169,linux,0,132.3822,7.55,KEM,True,2025-11-21T06:35:53.980341,,600
Classic-McEliece-460896f,decap,0,1,2.5,1,1,0,ip-172-31-41-169,linux,0,132.4652,7.55,KEM,True,2025-11-21T06:35:54.112911,,601
Classic-McEliece-460896f,decap,0,1,2.5,1,1,0,ip-172-31-41-169,linux,0,132.6179,7.54,KEM,True,2025-11-21T06:35:54.245626,,602
Classic-McEliece-460896f,decap,0,1,2.5,1,1,0,ip-172-31-41-169,linux,0,132.3682,7.55,KEM,True,2025-11-21T06:35:54.378092,,603
Classic-McEliece-460896f,decap,0,1,2.5,1,1,0,ip-172-31-41-169,linux,0,132.7134,7.54,KEM,True,2025-11-21T06:35:54.510916,,604
Classic-McEliece-460896f,decap,0,1,2.5,1,1,0,ip-172-31-41-169,linux,0,132.5944,7.54,KEM,True,2025-11-21T06:35:54.643610,,605
Classic-McEliece-460896f,decap,0,16,2.5,1,1,0,ip-172-31-41-169,linux,0,132.6866,7.54,KEM,True,2025-11-21T06:35:54.776393,,606
Classic-McEliece-460896f,decap,0,16,2.5,1,1,0,ip-172-31-41-169,linux,0,132.3996,7.55,KEM,True,2025-11-21T06:35:54.908890,,607
Classic-McEliece-460896f,decap,0,16,2.5,1,1,0,ip-172-31-41-169,linux,0,132.5558,7.54,KEM,True,2025-11-21T06:35:55.041583,,608
Classic-McEliece-460896f,decap,0,16,2.5,1,1,0,ip-172-31-41-169,linux,0,132.3332,7.56,KEM,True,2025-11-21T06:35:55.174013,,609
Classic-McEliece-460896f,decap,0,16,2.5,1,1,0,ip-172-31-41-169,linux,0,132.6262,7.54,KEM,True,2025-11-21T06:35:55.306736,,610
Classic-McEliece-460896f,decap,0,64,2.5,1,1,0,ip-172-31-41-169,linux,0,132.6855,7.54,KEM,True,2025-11-21T06:35:55.439523,,611
Classic-McEliece-460896f,decap,0,64,2.5,1,1,0,ip-172-31-41-169,linux,0,132.5071,7.55,KEM,True,2025-11-21T06:35:55.572130,,612
Classic-McEliece-460896f,decap,0,64,2.5,1,1,0,ip-172-31-41-169,linux,0,132.8572,7.53,KEM,True,2025-11-21T06:35:55.705094,,613
Classic-McEliece-460896f,decap,0,64,2.5,1,1,0,ip-172-31-41-169,linux,0,132.5345,7.55,KEM,True,2025-11-21T06:35:55.837743,,614
Classic-McEliece-460896f,decap,0,64,2.5,1,1,0,ip-172-31-41-169,linux,0,132.5084,7.55,KEM,True,2025-11-21T06:35:55.970351,,615
Classic-McEliece-460896f,decap,1024,1,2.5,1,1,0,ip-172-31-41-169,linux,0,132.8122,7.53,KEM,True,2025-11-21T06:35:56.103269,,616
Classic-McEliece-460896f,decap,1024,1,2.5,1,1,0,ip-172-31-41-169,linux,0,132.4768,7.55,KEM,True,2025-11-21T06:35:56.235836,,617
Classic-McEliece-460896f,decap,1024,1,2.5,1,1,0,ip-172-31-41-169,linux,0,132.4973,7.55,KEM,True,2025-11-21T06:35:56.368434,,618
Classic-McEliece-460896f,decap,1024,1,2.5,1,1,0,ip-172-31-41-169,linux,0,132.3413,7.56,KEM,True,2025-11-21T06:35:56.500871,,619
Classic-McEliece-460896f,decap,1024,1,2.5,1,1,0,ip-172-31-41-169,linux,0,132.4709,7.55,KEM,True,2025-11-21T06:35:56.633438,,620
Classic-McEliece-460896f,decap,1024,16,2.5,1,1,0,ip-172-31-41-169,linux,0,133.057,7.52,KEM,True,2025-11-21T06:35:56.766594,,621
Classic-McEliece-460896f,decap,1024,16,2.5,1,1,0,ip-172-31-41-169,linux,0,132.7415,7.53,KEM,True,2025-11-21T06:35:56.899435,,622
Classic-McEliece-460896f,decap,1024,16,2.5,1,1,0,ip-172-31-41-169,linux,0,132.7915,7.53,KEM,True,2025-11-21T06:35:57.032327,,623
Classic-McEliece-460896f,decap,1024,16,2.5,1,1,0,ip-172-31-41-169,linux,0,132.5645,7.54,KEM,True,2025-11-21T06:35:57.164994,,624
Classic-McEliece-460896f,decap,1024,16,2.5,1,1,0,ip-172-31-41-169,linux,0,132.3932,7.55,KEM,True,2025-11-21T06:35:57.297486,,625
Classic-McEliece-460896f,decap,1024,64,2.5,1,1,0,ip-172-31-41-169,linux,0,132.5396,7.54,KEM,True,2025-11-21T06:35:57.430126,,626
Classic-McEliece-460896f,decap,1024,64,2.5,1,1,0,ip-172-31-41-169,linux,0,132.8933,7.52,KEM,True,2025-11-21T06:35:57.563129,,627
Classic-McEliece-460896f,decap,1024,64,2.5,1,1,0,ip-172-31-41-169,linux,0,132.5962,7.54,KEM,True,2025-11-21T06:35:57.695840,,628
Classic-McEliece-460896f,decap,1024,64,2.5,1,1,0,ip-172-31-41-169,linux,0,132.1588,7.57,KEM,True,2025-11-21T06:35:57.828096,,629
Classic-McEliece-460896f,decap,1024,64,2.5,1,1,0,ip-172-31-41-169,linux,0,132.5115,7.55,KEM,True,2025-11-21T06:35:57.960718,,630
Classic-McEliece-6688128,keygen,0,1,2.5,1,1,0,ip-172-31-41-169,linux,0,433.8475,2.3,KEM,True,2025-11-21T06:35:58.394744,,631
Classic-McEliece-6688128,keygen,0,1,2.5,1,1,0,ip-172-31-41-169,linux,0,321.9343,3.11,KEM,True,2025-11-21T06:35:58.716783,,632
Classic-McEliece-6688128,keygen,0,1,2.5,1,1,0,ip-172-31-41-169,linux,0,209.0252,4.78,KEM,True,2025-11-21T06:35:58.925908,,633
Classic-McEliece-6688128,keygen,0,1,2.5,1,1,0,ip-172-31-41-169,linux,0,181.2728,5.52,KEM,True,2025-11-21T06:35:59.107287,,634
Classic-McEliece-6688128,keygen,0,1,2.5,1,1,0,ip-172-31-41-169,linux,0,237.2702,4.21,KEM,True,2025-11-21T06:35:59.344657,,635
Classic-McEliece-6688128,keygen,0,16,2.5,1,1,0,ip-172-31-41-169,linux,0,181.3601,5.51,KEM,True,2025-11-21T06:35:59.526118,,636
Classic-McEliece-6688128,keygen,0,16,2.5,1,1,0,ip-172-31-41-169,linux,0,237.4657,4.21,KEM,True,2025-11-21T06:35:59.763695,,637
Classic-McEliece-6688128,keygen,0,16,2.5,1,1,0,ip-172-31-41-169,linux,0,208.9878,4.78,KEM,True,2025-11-21T06:35:59.972786,,638
Classic-McEliece-6688128,keygen,0,16,2.5,1,1,0,ip-172-31-41-169,linux,0,274.1126,3.65,KEM,True,2025-11-21T06:36:00.247002,,639
Classic-McEliece-6688128,keygen,0,16,2.5,1,1,0,ip-172-31-41-169,linux,0,181.4409,5.51,KEM,True,2025-11-21T06:36:00.428553,,640
Classic-McEliece-6688128,keygen,0,64,2.5,1,1,0,ip-172-31-41-169,linux,0,461.2549,2.17,KEM,True,2025-11-21T06:36:00.889911,,641
Classic-McEliece-6688128,keygen,0,64,2.5,1,1,0,ip-172-31-41-169,linux,0,210.6448,4.75,KEM,True,2025-11-21T06:36:01.100660,,642
Classic-McEliece-6688128,keygen,0,64,2.5,1,1,0,ip-172-31-41-169,linux,0,383.6122,2.61,KEM,True,2025-11-21T06:36:01.484385,,643
Classic-McEliece-6688128,keygen,0,64,2.5,1,1,0,ip-172-31-41-169,linux,0,296.0374,3.38,KEM,True,2025-11-21T06:36:01.780530,,644
Classic-McEliece-6688128,keygen,0,64,2.5,1,1,0,ip-172-31-41-169,linux,0,220.6884,4.53,KEM,True,2025-11-21T06:36:02.001433,,645
Classic-McEliece-6688128,keygen,1024,1,2.5,1,1,0,ip-172-31-41-169,linux,0,279.6727,3.58,KEM,True,2025-11-21T06:36:02.281467,,646
Classic-McEliece-6688128,keygen,1024,1,2.5,1,1,0,ip-172-31-41-169,linux,0,210.5258,4.75,KEM,True,2025-11-21T06:36:02.492101,,647
Classic-McEliece-6688128,keygen,1024,1,2.5,1,1,0,ip-172-31-41-169,linux,0,293.7671,3.4,KEM,True,2025-11-21T06:36:02.786005,,648
Classic-McEliece-6688128,keygen,1024,1,2.5,1,1,0,ip-172-31-41-169,linux,0,181.3982,5.51,KEM,True,2025-11-21T06:36:02.967507,,649
Classic-McEliece-6688128,keygen,1024,1,2.5,1,1,0,ip-172-31-41-169,linux,0,321.8089,3.11,KEM,True,2025-11-21T06:36:03.289418,,650
Classic-McEliece-6688128,keygen,1024,16,2.5,1,1,0,ip-172-31-41-169,linux,0,265.4168,3.77,KEM,True,2025-11-21T06:36:03.554947,,651
Classic-McEliece-6688128,keygen,1024,16,2.5,1,1,0,ip-172-31-41-169,linux,0,265.3745,3.77,KEM,True,2025-11-21T06:36:03.820429,,652
Classic-McEliece-6688128,keygen,1024,16,2.5,1,1,0,ip-172-31-41-169,linux,0,237.0894,4.22,KEM,True,2025-11-21T06:36:04.057620,,653
Classic-McEliece-6688128,keygen,1024,16,2.5,1,1,0,ip-172-31-41-169,linux,0,181.7481,5.5,KEM,True,2025-11-21T06:36:04.239471,,654
Classic-McEliece-6688128,keygen,1024,16,2.5,1,1,0,ip-172-31-41-169,linux,0,181.2145,5.52,KEM,True,2025-11-21T06:36:04.420790,,655
Classic-McEliece-6688128,keygen,1024,64,2.5,1,1,0,ip-172-31-41-169,linux,0,293.3241,3.41,KEM,True,2025-11-21T06:36:04.714219,,656
Classic-McEliece-6688128,keygen,1024,64,2.5,1,1,0,ip-172-31-41-169,linux,0,181.4551,5.51,KEM,True,2025-11-21T06:36:04.895774,,657
Classic-McEliece-6688128,keygen,1024,64,2.5,1,1,0,ip-172-31-41-169,linux,0,459.5478,2.18,KEM,True,2025-11-21T06:36:05.355429,,658
Classic-McEliece-6688128,keygen,1024,64,2.5,1,1,0,ip-172-31-41-169,linux,0,208.6446,4.79,KEM,True,2025-11-21T06:36:05.564181,,659
Classic-McEliece-6688128,keygen,1024,64,2.5,1,1,0,ip-172-31-41-169,linux,0,208.8262,4.79,KEM,True,2025-11-21T06:36:05.773111,,660
Classic-McEliece-6688128,encap,0,1,2.5,1,1,0,ip-172-31-41-169,linux,0,293.6445,3.41,KEM,True,2025-11-21T06:36:06.066868,,661
Classic-McEliece-6688128,encap,0,1,2.5,1,1,0,ip-172-31-41-169,linux,0,208.6546,4.79,KEM,True,2025-11-21T06:36:06.275621,,662
Classic-McEliece-6688128,encap,0,1,2.5,1,1,0,ip-172-31-41-169,linux,0,462.1875,2.16,KEM,True,2025-11-21T06:36:06.737910,,663
Classic-McEliece-6688128,encap,0,1,2.5,1,1,0,ip-172-31-41-169,linux,0,406.1845,2.46,KEM,True,2025-11-21T06:36:07.144201,,664
Classic-McEliece-6688128,encap,0,1,2.5,1,1,0,ip-172-31-41-169,linux,0,210.1449,4.76,KEM,True,2025-11-21T06:36:07.354463,,665
Classic-McEliece-6688128,encap,0,16,2.5,1,1,0,ip-172-31-41-169,linux,0,182.1283,5.49,KEM,True,2025-11-21T06:36:07.536694,,666
Classic-McEliece-6688128,encap,0,16,2.5,1,1,0,ip-172-31-41-169,linux,0,237.8039,4.21,KEM,True,2025-11-21T06:36:07.774601,,667
Classic-McEliece-6688128,encap,0,16,2.5,1,1,0,ip-172-31-41-169,linux,0,181.8126,5.5,KEM,True,2025-11-21T06:36:07.956514,,668
Classic-McEliece-6688128,encap,0,16,2.5,1,1,0,ip-172-31-41-169,linux,0,378.1537,2.64,KEM,True,2025-11-21T06:36:08.334769,,669
Classic-McEliece-6688128,encap,0,16,2.5,1,1,0,ip-172-31-41-169,linux,0,293.706,3.4,KEM,True,2025-11-21T06:36:08.628576,,670
Classic-McEliece-6688128,encap,0,64,2.5,1,1,0,ip-172-31-41-169,linux,0,322.0987,3.1,KEM,True,2025-11-21T06:36:08.950819,,671
Classic-McEliece-6688128,encap,0,64,2.5,1,1,0,ip-172-31-41-169,linux,0,294.2097,3.4,KEM,True,2025-11-21T06:36:09.245128,,672
Classic-McEliece-6688128,encap,0,64,2.5,1,1,0,ip-172-31-41-169,linux,0,210.1831,4.76,KEM,True,2025-11-21T06:36:09.455427,,673
Classic-McEliece-6688128,encap,0,64,2.5,1,1,0,ip-172-31-41-169,linux,0,265.7627,3.76,KEM,True,2025-11-21T06:36:09.721287,,674
Classic-McEliece-6688128,encap,0,64,2.5,1,1,0,ip-172-31-41-169,linux,0,292.4928,3.42,KEM,True,2025-11-21T06:36:10.013885,,675
Classic-McEliece-6688128,encap,1024,1,2.5,1,1,0,ip-172-31-41-169,linux,0,181.7376,5.5,KEM,True,2025-11-21T06:36:10.195724,,676
Classic-McEliece-6688128,encap,1024,1,2.5,1,1,0,ip-172-31-41-169,linux,0,181.9336,5.5,KEM,True,2025-11-21T06:36:10.377763,,677
Classic-McEliece-6688128,encap,1024,1,2.5,1,1,0,ip-172-31-41-169,linux,0,181.7648,5.5,KEM,True,2025-11-21T06:36:10.559630,,678
Classic-McEliece-6688128,encap,1024,1,2.5,1,1,0,ip-172-31-41-169,linux,0,181.6276,5.51,KEM,True,2025-11-21T06:36:10.741359,,679
Classic-McEliece-6688128,encap,1024,1,2.5,1,1,0,ip-172-31-41-169,linux,0,238.1421,4.2,KEM,True,2025-11-21T06:36:10.979599,,680
Classic-McEliece-6688128,encap,1024,16,2.5,1,1,0,ip-172-31-41-169,linux,0,181.7856,5.5,KEM,True,2025-11-21T06:36:11.161488,,681
Classic-McEliece-6688128,encap,1024,16,2.5,1,1,0,ip-172-31-41-169,linux,0,322.2737,3.1,KEM,True,2025-11-21T06:36:11.483862,,682
Classic-McEliece-6688128,encap,1024,16,2.5,1,1,0,ip-172-31-41-169,linux,0,238.3447,4.2,KEM,True,2025-11-21T06:36:11.722307,,683
Classic-McEliece-6688128,encap,1024,16,2.5,1,1,0,ip-172-31-41-169,linux,0,181.6951,5.5,KEM,True,2025-11-21T06:36:11.904103,,684
Classic-McEliece-6688128,encap,1024,16,2.5,1,1,0,ip-172-31-41-169,linux,0,181.9654,5.5,KEM,True,2025-11-21T06:36:12.086180,,685
Classic-McEliece-6688128,encap,1024,64,2.5,1,1,0,ip-172-31-41-169,linux,0,294.054,3.4,KEM,True,2025-11-21T06:36:12.380335,,686
Classic-McEliece-6688128,encap,1024,64,2.5,1,1,0,ip-172-31-41-169,linux,0,378.402,2.64,KEM,True,2025-11-21T06:36:12.758847,,687
Classic-McEliece-6688128,encap,1024,64,2.5,1,1,0,ip-172-31-41-169,linux,0,209.6868,4.77,KEM,True,2025-11-21T06:36:12.968638,,688
Classic-McEliece-6688128,encap,1024,64,2.5,1,1,0,ip-172-31-41-169,linux,0,210.0217,4.76,KEM,True,2025-11-21T06:36:13.178760,,689
Classic-McEliece-6688128,encap,1024,64,2.5,1,1,0,ip-172-31-41-169,linux,0,237.8435,4.2,KEM,True,2025-11-21T06:36:13.416707,,690
Classic-McEliece-6688128,decap,0,1,2.5,1,1,0,ip-172-31-41-169,linux,0,321.8249,3.11,KEM,True,2025-11-21T06:36:13.738634,,691
Classic-McEliece-6688128,decap,0,1,2.5,1,1,0,ip-172-31-41-169,linux,0,265.9492,3.76,KEM,True,2025-11-21T06:36:14.004682,,692
Classic-McEliece-6688128,decap,0,1,2.5,1,1,0,ip-172-31-41-169,linux,0,181.7462,5.5,KEM,True,2025-11-21T06:36:14.186525,,693
Classic-McEliece-6688128,decap,0,1,2.5,1,1,0,ip-172-31-41-169,linux,0,322.1474,3.1,KEM,True,2025-11-21T06:36:14.508771,,694
Classic-McEliece-6688128,decap,0,1,2.5,1,1,0,ip-172-31-41-169,linux,0,211.9167,4.72,KEM,True,2025-11-21T06:36:14.720784,,695
Classic-McEliece-6688128,decap,0,16,2.5,1,1,0,ip-172-31-41-169,linux,0,269.3768,3.71,KEM,True,2025-11-21T06:36:14.990264,,696
Classic-McEliece-6688128,decap,0,16,2.5,1,1,0,ip-172-31-41-169,linux,0,323.4418,3.09,KEM,True,2025-11-21T06:36:15.313805,,697
Classic-McEliece-6688128,decap,0,16,2.5,1,1,0,ip-172-31-41-169,linux,0,237.9632,4.2,KEM,True,2025-11-21T06:36:15.551871,,698
Classic-McEliece-6688128,decap,0,16,2.5,1,1,0,ip-172-31-41-169,linux,0,182.061,5.49,KEM,True,2025-11-21T06:36:15.734033,,699
Classic-McEliece-6688128,decap,0,16,2.5,1,1,0,ip-172-31-41-169,linux,0,182.3624,5.48,KEM,True,2025-11-21T06:36:15.916497,,700
Classic-McEliece-6688128,decap,0,64,2.5,1,1,0,ip-172-31-41-169,linux,0,321.4678,3.11,KEM,True,2025-11-21T06:36:16.238067,,701
Classic-McEliece-6688128,decap,0,64,2.5,1,1,0,ip-172-31-41-169,linux,0,406.0901,2.46,KEM,True,2025-11-21T06:36:16.644279,,702
Classic-McEliece-6688128,decap,0,64,2.5,1,1,0,ip-172-31-41-169,linux,0,209.847,4.77,KEM,True,2025-11-21T06:36:16.854223,,703
Classic-McEliece-6688128,decap,0,64,2.5,1,1,0,ip-172-31-41-169,linux,0,209.327,4.78,KEM,True,2025-11-21T06:36:17.063651,,704
Classic-McEliece-6688128,decap,0,64,2.5,1,1,0,ip-172-31-41-169,linux,0,181.9886,5.49,KEM,True,2025-11-21T06:36:17.245739,,705
Classic-McEliece-6688128,decap,1024,1,2.5,1,1,0,ip-172-31-41-169,linux,0,266.0611,3.76,KEM,True,2025-11-21T06:36:17.511901,,706
Classic-McEliece-6688128,decap,1024,1,2.5,1,1,0,ip-172-31-41-169,linux,0,293.7469,3.4,KEM,True,2025-11-21T06:36:17.805747,,707
Classic-McEliece-6688128,decap,1024,1,2.5,1,1,0,ip-172-31-41-169,linux,0,181.5899,5.51,KEM,True,2025-11-21T06:36:17.987437,,708
Classic-McEliece-6688128,decap,1024,1,2.5,1,1,0,ip-172-31-41-169,linux,0,237.9038,4.2,KEM,True,2025-11-21T06:36:18.225445,,709
Classic-McEliece-6688128,decap,1024,1,2.5,1,1,0,ip-172-31-41-169,linux,0,181.9415,5.5,KEM,True,2025-11-21T06:36:18.407485,,710
Classic-McEliece-6688128,decap,1024,16,2.5,1,1,0,ip-172-31-41-169,linux,0,238.3142,4.2,KEM,True,2025-11-21T06:36:18.645901,,711
Classic-McEliece-6688128,decap,1024,16,2.5,1,1,0,ip-172-31-41-169,linux,0,349.3793,2.86,KEM,True,2025-11-21T06:36:18.995381,,712
Classic-McEliece-6688128,decap,1024,16,2.5,1,1,0,ip-172-31-41-169,linux,0,213.4677,4.68,KEM,True,2025-11-21T06:36:19.208948,,713
Classic-McEliece-6688128,decap,1024,16,2.5,1,1,0,ip-172-31-41-169,linux,0,181.9154,5.5,KEM,True,2025-11-21T06:36:19.390962,,714
Classic-McEliece-6688128,decap,1024,16,2.5,1,1,0,ip-172-31-41-169,linux,0,210.0751,4.76,KEM,True,2025-11-21T06:36:19.601134,,715
Classic-McEliece-6688128,decap,1024,64,2.5,1,1,0,ip-172-31-41-169,linux,0,490.2399,2.04,KEM,True,2025-11-21T06:36:20.091485,,716
Classic-McEliece-6688128,decap,1024,64,2.5,1,1,0,ip-172-31-41-169,linux,0,266.5195,3.75,KEM,True,2025-11-21T06:36:20.358105,,717
Classic-McEliece-6688128,decap,1024,64,2.5,1,1,0,ip-172-31-41-169,linux,0,238.3307,4.2,KEM,True,2025-11-21T06:36:20.596547,,718
Classic-McEliece-6688128,decap,1024,64,2.5,1,1,0,ip-172-31-41-169,linux,0,322.5997,3.1,KEM,True,2025-11-21T06:36:20.919247,,719
Classic-McEliece-6688128,decap,1024,64,2.5,1,1,0,ip-172-31-41-169,linux,0,209.6926,4.77,KEM,True,2025-11-21T06:36:21.129040,,720
Classic-McEliece-6688128f,keygen,0,1,2.5,1,1,0,ip-172-31-41-169,linux,0,177.2567,5.64,KEM,True,2025-11-21T06:36:21.306410,,721
Classic-McEliece-6688128f,keygen,0,1,2.5,1,1,0,ip-172-31-41-169,linux,0,176.7111,5.66,KEM,True,2025-11-21T06:36:21.483219,,722
Classic-McEliece-6688128f,keygen,0,1,2.5,1,1,0,ip-172-31-41-169,linux,0,177.2673,5.64,KEM,True,2025-11-21T06:36:21.660583,,723
Classic-McEliece-6688128f,keygen,0,1,2.5,1,1,0,ip-172-31-41-169,linux,0,177.5227,5.63,KEM,True,2025-11-21T06:36:21.838208,,724
Classic-McEliece-6688128f,keygen,0,1,2.5,1,1,0,ip-172-31-41-169,linux,0,176.8705,5.65,KEM,True,2025-11-21T06:36:22.015176,,725
Classic-McEliece-6688128f,keygen,0,16,2.5,1,1,0,ip-172-31-41-169,linux,0,177.2166,5.64,KEM,True,2025-11-21T06:36:22.192498,,726
Classic-McEliece-6688128f,keygen,0,16,2.5,1,1,0,ip-172-31-41-169,linux,0,177.3105,5.64,KEM,True,2025-11-21T06:36:22.369913,,727
Classic-McEliece-6688128f,keygen,0,16,2.5,1,1,0,ip-172-31-41-169,linux,0,177.4902,5.63,KEM,True,2025-11-21T06:36:22.547509,,728
Classic-McEliece-6688128f,keygen,0,16,2.5,1,1,0,ip-172-31-41-169,linux,0,176.9128,5.65,KEM,True,2025-11-21T06:36:22.724526,,729
Classic-McEliece-6688128f,keygen,0,16,2.5,1,1,0,ip-172-31-41-169,linux,0,177.3185,5.64,KEM,True,2025-11-21T06:36:22.901944,,730
Classic-McEliece-6688128f,keygen,0,64,2.5,1,1,0,ip-172-31-41-169,linux,0,177.1336,5.65,KEM,True,2025-11-21T06:36:23.079181,,731
Classic-McEliece-6688128f,keygen,0,64,2.5,1,1,0,ip-172-31-41-169,linux,0,177.1855,5.64,KEM,True,2025-11-21T06:36:23.256468,,732
Classic-McEliece-6688128f,keygen,0,64,2.5,1,1,0,ip-172-31-41-169,linux,0,177.5135,5.63,KEM,True,2025-11-21T06:36:23.434082,,733
Classic-McEliece-6688128f,keygen,0,64,2.5,1,1,0,ip-172-31-41-169,linux,0,176.9154,5.65,KEM,True,2025-11-21T06:36:23.611158,,734
Classic-McEliece-6688128f,keygen,0,64,2.5,1,1,0,ip-172-31-41-169,linux,0,177.6719,5.63,KEM,True,2025-11-21T06:36:23.788929,,735
Classic-McEliece-6688128f,keygen,1024,1,2.5,1,1,0,ip-172-31-41-169,linux,0,177.248,5.64,KEM,True,2025-11-21T06:36:23.966282,,736
Classic-McEliece-6688128f,keygen,1024,1,2.5,1,1,0,ip-172-31-41-169,linux,0,177.6737,5.63,KEM,True,2025-11-21T06:36:24.144067,,737
Classic-McEliece-6688128f,keygen,1024,1,2.5,1,1,0,ip-172-31-41-169,linux,0,177.4868,5.63,KEM,True,2025-11-21T06:36:24.321683,,738
Classic-McEliece-6688128f,keygen,1024,1,2.5,1,1,0,ip-172-31-41-169,linux,0,177.2714,5.64,KEM,True,2025-11-21T06:36:24.499057,,739
Classic-McEliece-6688128f,keygen,1024,1,2.5,1,1,0,ip-172-31-41-169,linux,0,177.3561,5.64,KEM,True,2025-11-21T06:36:24.676529,,740
Classic-McEliece-6688128f,keygen,1024,16,2.5,1,1,0,ip-172-31-41-169,linux,0,177.214,5.64,KEM,True,2025-11-21T06:36:24.853856,,741
Classic-McEliece-6688128f,keygen,1024,16,2.5,1,1,0,ip-172-31-41-169,linux,0,177.089,5.65,KEM,True,2025-11-21T06:36:25.031050,,742
Classic-McEliece-6688128f,keygen,1024,16,2.5,1,1,0,ip-172-31-41-169,linux,0,176.5486,5.66,KEM,True,2025-11-21T06:36:25.207702,,743
Classic-McEliece-6688128f,keygen,1024,16,2.5,1,1,0,ip-172-31-41-169,linux,0,177.3161,5.64,KEM,True,2025-11-21T06:36:25.385117,,744
Classic-McEliece-6688128f,keygen,1024,16,2.5,1,1,0,ip-172-31-41-169,linux,0,177.0338,5.65,KEM,True,2025-11-21T06:36:25.562260,,745
Classic-McEliece-6688128f,keygen,1024,64,2.5,1,1,0,ip-172-31-41-169,linux,0,177.2509,5.64,KEM,True,2025-11-21T06:36:25.739611,,746
Classic-McEliece-6688128f,keygen,1024,64,2.5,1,1,0,ip-172-31-41-169,linux,0,177.0018,5.65,KEM,True,2025-11-21T06:36:25.916713,,747
Classic-McEliece-6688128f,keygen,1024,64,2.5,1,1,0,ip-172-31-41-169,linux,0,177.072,5.65,KEM,True,2025-11-21T06:36:26.093886,,748
Classic-McEliece-6688128f,keygen,1024,64,2.5,1,1,0,ip-172-31-41-169,linux,0,176.6588,5.66,KEM,True,2025-11-21T06:36:26.270645,,749
Classic-McEliece-6688128f,keygen,1024,64,2.5,1,1,0,ip-172-31-41-169,linux,0,177.6093,5.63,KEM,True,2025-11-21T06:36:26.448355,,750
Classic-McEliece-6688128f,encap,0,1,2.5,1,1,0,ip-172-31-41-169,linux,0,177.4826,5.63,KEM,True,2025-11-21T06:36:26.625953,,751
Classic-McEliece-6688128f,encap,0,1,2.5,1,1,0,ip-172-31-41-169,linux,0,178.2026,5.61,KEM,True,2025-11-21T06:36:26.804255,,752
Classic-McEliece-6688128f,encap,0,1,2.5,1,1,0,ip-172-31-41-169,linux,0,177.5543,5.63,KEM,True,2025-11-21T06:36:26.981911,,753
Classic-McEliece-6688128f,encap,0,1,2.5,1,1,0,ip-172-31-41-169,linux,0,177.425,5.64,KEM,True,2025-11-21T06:36:27.159438,,754
Classic-McEliece-6688128f,encap,0,1,2.5,1,1,0,ip-172-31-41-169,linux,0,177.6043,5.63,KEM,True,2025-11-21T06:36:27.337159,,755
Classic-McEliece-6688128f,encap,0,16,2.5,1,1,0,ip-172-31-41-169,linux,0,178.2286,5.61,KEM,True,2025-11-21T06:36:27.515488,,756
Classic-McEliece-6688128f,encap,0,16,2.5,1,1,0,ip-172-31-41-169,linux,0,177.8101,5.62,KEM,True,2025-11-21T06:36:27.693398,,757
Classic-McEliece-6688128f,encap,0,16,2.5,1,1,0,ip-172-31-41-169,linux,0,178.0194,5.62,KEM,True,2025-11-21T06:36:27.871516,,758
Classic-McEliece-6688128f,encap,0,16,2.5,1,1,0,ip-172-31-41-169,linux,0,177.5122,5.63,KEM,True,2025-11-21T06:36:28.049124,,759
Classic-McEliece-6688128f,encap,0,16,2.5,1,1,0,ip-172-31-41-169,linux,0,177.1964,5.64,KEM,True,2025-11-21T06:36:28.226434,,760
Classic-McEliece-6688128f,encap,0,64,2.5,1,1,0,ip-172-31-41-169,linux,0,177.5693,5.63,KEM,True,2025-11-21T06:36:28.404109,,761
Classic-McEliece-6688128f,encap,0,64,2.5,1,1,0,ip-172-31-41-169,linux,0,177.7175,5.63,KEM,True,2025-11-21T06:36:28.581936,,762
Classic-McEliece-6688128f,encap,0,64,2.5,1,1,0,ip-172-31-41-169,linux,0,177.5282,5.63,KEM,True,2025-11-21T06:36:28.759568,,763
Classic-McEliece-6688128f,encap,0,64,2.5,1,1,0,ip-172-31-41-169,linux,0,177.4115,5.64,KEM,True,2025-11-21T06:36:28.937079,,764
Classic-McEliece-6688128f,encap,0,64,2.5,1,1,0,ip-172-31-41-169,linux,0,177.1964,5.64,KEM,True,2025-11-21T06:36:29.114398,,765
Classic-McEliece-6688128f,encap,1024,1,2.5,1,1,0,ip-172-31-41-169,linux,0,177.2804,5.64,KEM,True,2025-11-21T06:36:29.291782,,766
Classic-McEliece-6688128f,encap,1024,1,2.5,1,1,0,ip-172-31-41-169,linux,0,177.2914,5.64,KEM,True,2025-11-21T06:36:29.469172,,767
Classic-McEliece-6688128f,encap,1024,1,2.5,1,1,0,ip-172-31-41-169,linux,0,177.4169,5.64,KEM,True,2025-11-21T06:36:29.646688,,768
Classic-McEliece-6688128f,encap,1024,1,2.5,1,1,0,ip-172-31-41-169,linux,0,177.5595,5.63,KEM,True,2025-11-21T06:36:29.824348,,769
Classic-McEliece-6688128f,encap,1024,1,2.5,1,1,0,ip-172-31-41-169,linux,0,177.5269,5.63,KEM,True,2025-11-21T06:36:30.001974,,770
Classic-McEliece-6688128f,encap,1024,16,2.5,1,1,0,ip-172-31-41-169,linux,0,176.9043,5.65,KEM,True,2025-11-21T06:36:30.178980,,771
Classic-McEliece-6688128f,encap,1024,16,2.5,1,1,0,ip-172-31-41-169,linux,0,176.3652,5.67,KEM,True,2025-11-21T06:36:30.355444,,772
Classic-McEliece-6688128f,encap,1024,16,2.5,1,1,0,ip-172-31-41-169,linux,0,177.4758,5.63,KEM,True,2025-11-21T06:36:30.533018,,773
Classic-McEliece-6688128f,encap,1024,16,2.5,1,1,0,ip-172-31-41-169,linux,0,177.2371,5.64,KEM,True,2025-11-21T06:36:30.710354,,774
Classic-McEliece-6688128f,encap,1024,16,2.5,1,1,0,ip-172-31-41-169,linux,0,176.8469,5.65,KEM,True,2025-11-21T06:36:30.887300,,775
Classic-McEliece-6688128f,encap,1024,64,2.5,1,1,0,ip-172-31-41-169,linux,0,177.4015,5.64,KEM,True,2025-11-21T06:36:31.064805,,776
Classic-McEliece-6688128f,encap,1024,64,2.5,1,1,0,ip-172-31-41-169,linux,0,177.4102,5.64,KEM,True,2025-11-21T06:36:31.242315,,777
Classic-McEliece-6688128f,encap,1024,64,2.5,1,1,0,ip-172-31-41-169,linux,0,176.6221,5.66,KEM,True,2025-11-21T06:36:31.419035,,778
Classic-McEliece-6688128f,encap,1024,64,2.5,1,1,0,ip-172-31-41-169,linux,0,177.2438,5.64,KEM,True,2025-11-21T06:36:31.596379,,779
Classic-McEliece-6688128f,encap,1024,64,2.5,1,1,0,ip-172-31-41-169,linux,0,177.3435,5.64,KEM,True,2025-11-21T06:36:31.773819,,780
Classic-McEliece-6688128f,decap,0,1,2.5,1,1,0,ip-172-31-41-169,linux,0,177.5891,5.63,KEM,True,2025-11-21T06:36:31.951517,,781
Classic-McEliece-6688128f,decap,0,1,2.5,1,1,0,ip-172-31-41-169,linux,0,178.9616,5.59,KEM,True,2025-11-21T06:36:32.130576,,782
Classic-McEliece-6688128f,decap,0,1,2.5,1,1,0,ip-172-31-41-169,linux,0,177.5727,5.63,KEM,True,2025-11-21T06:36:32.308254,,783
Classic-McEliece-6688128f,decap,0,1,2.5,1,1,0,ip-172-31-41-169,linux,0,177.4459,5.64,KEM,True,2025-11-21T06:36:32.485793,,784
Classic-McEliece-6688128f,decap,0,1,2.5,1,1,0,ip-172-31-41-169,linux,0,177.597,5.63,KEM,True,2025-11-21T06:36:32.663490,,785
Classic-McEliece-6688128f,decap,0,16,2.5,1,1,0,ip-172-31-41-169,linux,0,177.1866,5.64,KEM,True,2025-11-21T06:36:32.840781,,786
Classic-McEliece-6688128f,decap,0,16,2.5,1,1,0,ip-172-31-41-169,linux,0,177.4955,5.63,KEM,True,2025-11-21T06:36:33.018375,,787
Classic-McEliece-6688128f,decap,0,16,2.5,1,1,0,ip-172-31-41-169,linux,0,177.6303,5.63,KEM,True,2025-11-21T06:36:33.196106,,788
Classic-McEliece-6688128f,decap,0,16,2.5,1,1,0,ip-172-31-41-169,linux,0,177.4385,5.64,KEM,True,2025-11-21T06:36:33.373655,,789
Classic-McEliece-6688128f,decap,0,16,2.5,1,1,0,ip-172-31-41-169,linux,0,177.5793,5.63,KEM,True,2025-11-21T06:36:33.551336,,790
Classic-McEliece-6688128f,decap,0,64,2.5,1,1,0,ip-172-31-41-169,linux,0,177.4905,5.63,KEM,True,2025-11-21T06:36:33.728927,,791
Classic-McEliece-6688128f,decap,0,64,2.5,1,1,0,ip-172-31-41-169,linux,0,176.8389,5.65,KEM,True,2025-11-21T06:36:33.905866,,792
Classic-McEliece-6688128f,decap,0,64,2.5,1,1,0,ip-172-31-41-169,linux,0,177.4287,5.64,KEM,True,2025-11-21T06:36:34.083392,,793
Classic-McEliece-6688128f,decap,0,64,2.5,1,1,0,ip-172-31-41-169,linux,0,177.3656,5.64,KEM,True,2025-11-21T06:36:34.260855,,794
Classic-McEliece-6688128f,decap,0,64,2.5,1,1,0,ip-172-31-41-169,linux,0,177.528,5.63,KEM,True,2025-11-21T06:36:34.438481,,795
Classic-McEliece-6688128f,decap,1024,1,2.5,1,1,0,ip-172-31-41-169,linux,0,177.6014,5.63,KEM,True,2025-11-21T06:36:34.616184,,796
Classic-McEliece-6688128f,decap,1024,1,2.5,1,1,0,ip-172-31-41-169,linux,0,177.8555,5.62,KEM,True,2025-11-21T06:36:34.794170,,797
Classic-McEliece-6688128f,decap,1024,1,2.5,1,1,0,ip-172-31-41-169,linux,0,177.5286,5.63,KEM,True,2025-11-21T06:36:34.971794,,798
Classic-McEliece-6688128f,decap,1024,1,2.5,1,1,0,ip-172-31-41-169,linux,0,177.5746,5.63,KEM,True,2025-11-21T06:36:35.149472,,799
Classic-McEliece-6688128f,decap,1024,1,2.5,1,1,0,ip-172-31-41-169,linux,0,177.4772,5.63,KEM,True,2025-11-21T06:36:35.327050,,800
Classic-McEliece-6688128f,decap,1024,16,2.5,1,1,0,ip-172-31-41-169,linux,0,177.2737,5.64,KEM,True,2025-11-21T06:36:35.504427,,801
Classic-McEliece-6688128f,decap,1024,16,2.5,1,1,0,ip-172-31-41-169,linux,0,177.3872,5.64,KEM,True,2025-11-21T06:36:35.681910,,802
Classic-McEliece-6688128f,decap,1024,16,2.5,1,1,0,ip-172-31-41-169,linux,0,177.295,5.64,KEM,True,2025-11-21T06:36:35.859306,,803
Classic-McEliece-6688128f,decap,1024,16,2.5,1,1,0,ip-172-31-41-169,linux,0,177.528,5.63,KEM,True,2025-11-21T06:36:36.036929,,804
Classic-McEliece-6688128f,decap,1024,16,2.5,1,1,0,ip-172-31-41-169,linux,0,177.6313,5.63,KEM,True,2025-11-21T06:36:36.214660,,805
Classic-McEliece-6688128f,decap,1024,64,2.5,1,1,0,ip-172-31-41-169,linux,0,176.8132,5.66,KEM,True,2025-11-21T06:36:36.391573,,806
Classic-McEliece-6688128f,decap,1024,64,2.5,1,1,0,ip-172-31-41-169,linux,0,177.5858,5.63,KEM,True,2025-11-21T06:36:36.569255,,807
Classic-McEliece-6688128f,decap,1024,64,2.5,1,1,0,ip-172-31-41-169,linux,0,177.8533,5.62,KEM,True,2025-11-21T06:36:36.747208,,808
Classic-McEliece-6688128f,decap,1024,64,2.5,1,1,0,ip-172-31-41-169,linux,0,177.4786,5.63,KEM,True,2025-11-21T06:36:36.924787,,809
Classic-McEliece-6688128f,decap,1024,64,2.5,1,1,0,ip-172-31-41-169,linux,0,178.2228,5.61,KEM,True,2025-11-21T06:36:37.103110,,810
Classic-McEliece-6960119,keygen,0,1,2.5,1,1,0,ip-172-31-41-169,linux,0,217.1359,4.61,KEM,True,2025-11-21T06:36:37.320518,,811
Classic-McEliece-6960119,keygen,0,1,2.5,1,1,0,ip-172-31-41-169,linux,0,307.1256,3.26,KEM,True,2025-11-21T06:36:37.627864,,812
Classic-McEliece-6960119,keygen,0,1,2.5,1,1,0,ip-172-31-41-169,linux,0,307.4881,3.25,KEM,True,2025-11-21T06:36:37.935571,,813
Classic-McEliece-6960119,keygen,0,1,2.5,1,1,0,ip-172-31-41-169,linux,0,194.9603,5.13,KEM,True,2025-11-21T06:36:38.130753,,814
Classic-McEliece-6960119,keygen,0,1,2.5,1,1,0,ip-172-31-41-169,linux,0,285.0399,3.51,KEM,True,2025-11-21T06:36:38.416010,,815
Classic-McEliece-6960119,keygen,0,16,2.5,1,1,0,ip-172-31-41-169,linux,0,172.8683,5.78,KEM,True,2025-11-21T06:36:38.589108,,816
Classic-McEliece-6960119,keygen,0,16,2.5,1,1,0,ip-172-31-41-169,linux,0,172.7594,5.79,KEM,True,2025-11-21T06:36:38.762118,,817
Classic-McEliece-6960119,keygen,0,16,2.5,1,1,0,ip-172-31-41-169,linux,0,173.0097,5.78,KEM,True,2025-11-21T06:36:38.935387,,818
Classic-McEliece-6960119,keygen,0,16,2.5,1,1,0,ip-172-31-41-169,linux,0,173.2018,5.77,KEM,True,2025-11-21T06:36:39.108809,,819
Classic-McEliece-6960119,keygen,0,16,2.5,1,1,0,ip-172-31-41-169,linux,0,217.907,4.59,KEM,True,2025-11-21T06:36:39.326935,,820
Classic-McEliece-6960119,keygen,0,64,2.5,1,1,0,ip-172-31-41-169,linux,0,285.3617,3.5,KEM,True,2025-11-21T06:36:39.612543,,821
Classic-McEliece-6960119,keygen,0,64,2.5,1,1,0,ip-172-31-41-169,linux,0,218.3913,4.58,KEM,True,2025-11-21T06:36:39.831218,,822
Classic-McEliece-6960119,keygen,0,64,2.5,1,1,0,ip-172-31-41-169,linux,0,195.909,5.1,KEM,True,2025-11-21T06:36:40.027356,,823
Classic-McEliece-6960119,keygen,0,64,2.5,1,1,0,ip-172-31-41-169,linux,0,240.4915,4.16,KEM,True,2025-11-21T06:36:40.268083,,824
Classic-McEliece-6960119,keygen,0,64,2.5,1,1,0,ip-172-31-41-169,linux,0,262.2221,3.81,KEM,True,2025-11-21T06:36:40.530546,,825
Classic-McEliece-6960119,keygen,1024,1,2.5,1,1,0,ip-172-31-41-169,linux,0,173.05,5.78,KEM,True,2025-11-21T06:36:40.703821,,826
Classic-McEliece-6960119,keygen,1024,1,2.5,1,1,0,ip-172-31-41-169,linux,0,195.1544,5.12,KEM,True,2025-11-21T06:36:40.899239,,827
Classic-McEliece-6960119,keygen,1024,1,2.5,1,1,0,ip-172-31-41-169,linux,0,172.9827,5.78,KEM,True,2025-11-21T06:36:41.072436,,828
Classic-McEliece-6960119,keygen,1024,1,2.5,1,1,0,ip-172-31-41-169,linux,0,442.5318,2.26,KEM,True,2025-11-21T06:36:41.515223,,829
Classic-McEliece-6960119,keygen,1024,1,2.5,1,1,0,ip-172-31-41-169,linux,0,195.7142,5.11,KEM,True,2025-11-21T06:36:41.711198,,830
Classic-McEliece-6960119,keygen,1024,16,2.5,1,1,0,ip-172-31-41-169,linux,0,217.9523,4.59,KEM,True,2025-11-21T06:36:41.929384,,831
Classic-McEliece-6960119,keygen,1024,16,2.5,1,1,0,ip-172-31-41-169,linux,0,285.2963,3.51,KEM,True,2025-11-21T06:36:42.214907,,832
Classic-McEliece-6960119,keygen,1024,16,2.5,1,1,0,ip-172-31-41-169,linux,0,172.6049,5.79,KEM,True,2025-11-21T06:36:42.387732,,833
Classic-McEliece-6960119,keygen,1024,16,2.5,1,1,0,ip-172-31-41-169,linux,0,286.0209,3.5,KEM,True,2025-11-21T06:36:42.673978,,834
Classic-McEliece-6960119,keygen,1024,16,2.5,1,1,0,ip-172-31-41-169,linux,0,195.1344,5.12,KEM,True,2025-11-21T06:36:42.869334,,835
Classic-McEliece-6960119,keygen,1024,64,2.5,1,1,0,ip-172-31-41-169,linux,0,218.0128,4.59,KEM,True,2025-11-21T06:36:43.087570,,836
Classic-McEliece-6960119,keygen,1024,64,2.5,1,1,0,ip-172-31-41-169,linux,0,398.1142,2.51,KEM,True,2025-11-21T06:36:43.485904,,837
Classic-McEliece-6960119,keygen,1024,64,2.5,1,1,0,ip-172-31-41-169,linux,0,173.0359,5.78,KEM,True,2025-11-21T06:36:43.659198,,838
Classic-McEliece-6960119,keygen,1024,64,2.5,1,1,0,ip-172-31-41-169,linux,0,308.1247,3.25,KEM,True,2025-11-21T06:36:43.967551,,839
Classic-McEliece-6960119,keygen,1024,64,2.5,1,1,0,ip-172-31-41-169,linux,0,195.4182,5.12,KEM,True,2025-11-21T06:36:44.163236,,840
Classic-McEliece-6960119,encap,0,1,2.5,1,1,0,ip-172-31-41-169,linux,0,173.3763,5.77,KEM,True,2025-11-21T06:36:44.336854,,841
Classic-McEliece-6960119,encap,0,1,2.5,1,1,0,ip-172-31-41-169,linux,0,172.4658,5.8,KEM,True,2025-11-21T06:36:44.509547,,842
Classic-McEliece-6960119,encap,0,1,2.5,1,1,0,ip-172-31-41-169,linux,0,195.723,5.11,KEM,True,2025-11-21T06:36:44.705503,,843
Classic-McEliece-6960119,encap,0,1,2.5,1,1,0,ip-172-31-41-169,linux,0,239.3666,4.18,KEM,True,2025-11-21T06:36:44.945097,,844
Classic-McEliece-6960119,encap,0,1,2.5,1,1,0,ip-172-31-41-169,linux,0,240.2716,4.16,KEM,True,2025-11-21T06:36:45.185617,,845
Classic-McEliece-6960119,encap,0,16,2.5,1,1,0,ip-172-31-41-169,linux,0,195.6329,5.11,KEM,True,2025-11-21T06:36:45.381479,,846
Classic-McEliece-6960119,encap,0,16,2.5,1,1,0,ip-172-31-41-169,linux,0,195.124,5.12,KEM,True,2025-11-21T06:36:45.576831,,847
Classic-McEliece-6960119,encap,0,16,2.5,1,1,0,ip-172-31-41-169,linux,0,173.0687,5.78,KEM,True,2025-11-21T06:36:45.750123,,848
Classic-McEliece-6960119,encap,0,16,2.5,1,1,0,ip-172-31-41-169,linux,0,195.3339,5.12,KEM,True,2025-11-21T06:36:45.945721,,849
Classic-McEliece-6960119,encap,0,16,2.5,1,1,0,ip-172-31-41-169,linux,0,240.0829,4.17,KEM,True,2025-11-21T06:36:46.186032,,850
Classic-McEliece-6960119,encap,0,64,2.5,1,1,0,ip-172-31-41-169,linux,0,173.1653,5.77,KEM,True,2025-11-21T06:36:46.359426,,851
Classic-McEliece-6960119,encap,0,64,2.5,1,1,0,ip-172-31-41-169,linux,0,261.5841,3.82,KEM,True,2025-11-21T06:36:46.621272,,852
Classic-McEliece-6960119,encap,0,64,2.5,1,1,0,ip-172-31-41-169,linux,0,442.8185,2.26,KEM,True,2025-11-21T06:36:47.064321,,853
Classic-McEliece-6960119,encap,0,64,2.5,1,1,0,ip-172-31-41-169,linux,0,553.8302,1.81,KEM,True,2025-11-21T06:36:47.618379,,854
Classic-McEliece-6960119,encap,0,64,2.5,1,1,0,ip-172-31-41-169,linux,0,285.4395,3.5,KEM,True,2025-11-21T06:36:47.904042,,855
Classic-McEliece-6960119,encap,1024,1,2.5,1,1,0,ip-172-31-41-169,linux,0,172.6966,5.79,KEM,True,2025-11-21T06:36:48.076981,,856
Classic-McEliece-6960119,encap,1024,1,2.5,1,1,0,ip-172-31-41-169,linux,0,217.1999,4.6,KEM,True,2025-11-21T06:36:48.294412,,857
Classic-McEliece-6960119,encap,1024,1,2.5,1,1,0,ip-172-31-41-169,linux,0,194.5974,5.14,KEM,True,2025-11-21T06:36:48.489273,,858
Classic-McEliece-6960119,encap,1024,1,2.5,1,1,0,ip-172-31-41-169,linux,0,173.1117,5.78,KEM,True,2025-11-21T06:36:48.662629,,859
Classic-McEliece-6960119,encap,1024,1,2.5,1,1,0,ip-172-31-41-169,linux,0,307.9797,3.25,KEM,True,2025-11-21T06:36:48.970880,,860
Classic-McEliece-6960119,encap,1024,16,2.5,1,1,0,ip-172-31-41-169,linux,0,172.7286,5.79,KEM,True,2025-11-21T06:36:49.143830,,861
Classic-McEliece-6960119,encap,1024,16,2.5,1,1,0,ip-172-31-41-169,linux,0,173.1064,5.78,KEM,True,2025-11-21T06:36:49.317191,,862
Classic-McEliece-6960119,encap,1024,16,2.5,1,1,0,ip-172-31-41-169,linux,0,263.0769,3.8,KEM,True,2025-11-21T06:36:49.580499,,863
Classic-McEliece-6960119,encap,1024,16,2.5,1,1,0,ip-172-31-41-169,linux,0,195.8052,5.11,KEM,True,2025-11-21T06:36:49.776528,,864
Classic-McEliece-6960119,encap,1024,16,2.5,1,1,0,ip-172-31-41-169,linux,0,218.0769,4.59,KEM,True,2025-11-21T06:36:49.994832,,865
Classic-McEliece-6960119,encap,1024,64,2.5,1,1,0,ip-172-31-41-169,linux,0,600.0024,1.67,KEM,True,2025-11-21T06:36:50.595058,,866
Classic-McEliece-6960119,encap,1024,64,2.5,1,1,0,ip-172-31-41-169,linux,0,263.4818,3.8,KEM,True,2025-11-21T06:36:50.858780,,867
Classic-McEliece-6960119,encap,1024,64,2.5,1,1,0,ip-172-31-41-169,linux,0,218.2992,4.58,KEM,True,2025-11-21T06:36:51.077302,,868
Classic-McEliece-6960119,encap,1024,64,2.5,1,1,0,ip-172-31-41-169,linux,0,218.1917,4.58,KEM,True,2025-11-21T06:36:51.295716,,869
Classic-McEliece-6960119,encap,1024,64,2.5,1,1,0,ip-172-31-41-169,linux,0,218.3817,4.58,KEM,True,2025-11-21T06:36:51.514317,,870
Classic-McEliece-6960119,decap,0,1,2.5,1,1,0,ip-172-31-41-169,linux,0,173.211,5.77,KEM,True,2025-11-21T06:36:51.687757,,871
Classic-McEliece-6960119,decap,0,1,2.5,1,1,0,ip-172-31-41-169,linux,0,420.8528,2.38,KEM,True,2025-11-21T06:36:52.108828,,872
Classic-McEliece-6960119,decap,0,1,2.5,1,1,0,ip-172-31-41-169,linux,0,240.737,4.15,KEM,True,2025-11-21T06:36:52.349786,,873
Classic-McEliece-6960119,decap,0,1,2.5,1,1,0,ip-172-31-41-169,linux,0,195.586,5.11,KEM,True,2025-11-21T06:36:52.545594,,874
Classic-McEliece-6960119,decap,0,1,2.5,1,1,0,ip-172-31-41-169,linux,0,172.7474,5.79,KEM,True,2025-11-21T06:36:52.718561,,875
Classic-McEliece-6960119,decap,0,16,2.5,1,1,0,ip-172-31-41-169,linux,0,576.9443,1.73,KEM,True,2025-11-21T06:36:53.295727,,876
Classic-McEliece-6960119,decap,0,16,2.5,1,1,0,ip-172-31-41-169,linux,0,510.2399,1.96,KEM,True,2025-11-21T06:36:53.806229,,877
Classic-McEliece-6960119,decap,0,16,2.5,1,1,0,ip-172-31-41-169,linux,0,173.1373,5.78,KEM,True,2025-11-21T06:36:53.979593,,878
Classic-McEliece-6960119,decap,0,16,2.5,1,1,0,ip-172-31-41-169,linux,0,173.2647,5.77,KEM,True,2025-11-21T06:36:54.153086,,879
Classic-McEliece-6960119,decap,0,16,2.5,1,1,0,ip-172-31-41-169,linux,0,173.0046,5.78,KEM,True,2025-11-21T06:36:54.326333,,880
Classic-McEliece-6960119,decap,0,64,2.5,1,1,0,ip-172-31-41-169,linux,0,217.8713,4.59,KEM,True,2025-11-21T06:36:54.544426,,881
Classic-McEliece-6960119,decap,0,64,2.5,1,1,0,ip-172-31-41-169,linux,0,218.1013,4.59,KEM,True,2025-11-21T06:36:54.762753,,882
Classic-McEliece-6960119,decap,0,64,2.5,1,1,0,ip-172-31-41-169,linux,0,266.4321,3.75,KEM,True,2025-11-21T06:36:55.029405,,883
Classic-McEliece-6960119,decap,0,64,2.5,1,1,0,ip-172-31-41-169,linux,0,195.8043,5.11,KEM,True,2025-11-21T06:36:55.225435,,884
Classic-McEliece-6960119,decap,0,64,2.5,1,1,0,ip-172-31-41-169,linux,0,465.2183,2.15,KEM,True,2025-11-21T06:36:55.690874,,885
Classic-McEliece-6960119,decap,1024,1,2.5,1,1,0,ip-172-31-41-169,linux,0,311.525,3.21,KEM,True,2025-11-21T06:36:56.002631,,886
Classic-McEliece-6960119,decap,1024,1,2.5,1,1,0,ip-172-31-41-169,linux,0,286.4482,3.49,KEM,True,2025-11-21T06:36:56.289303,,887
Classic-McEliece-6960119,decap,1024,1,2.5,1,1,0,ip-172-31-41-169,linux,0,240.983,4.15,KEM,True,2025-11-21T06:36:56.530511,,888
Classic-McEliece-6960119,decap,1024,1,2.5,1,1,0,ip-172-31-41-169,linux,0,173.3142,5.77,KEM,True,2025-11-21T06:36:56.704043,,889
Classic-McEliece-6960119,decap,1024,1,2.5,1,1,0,ip-172-31-41-169,linux,0,173.2649,5.77,KEM,True,2025-11-21T06:36:56.877560,,890
Classic-McEliece-6960119,decap,1024,16,2.5,1,1,0,ip-172-31-41-169,linux,0,173.2684,5.77,KEM,True,2025-11-21T06:36:57.051051,,891
Classic-McEliece-6960119,decap,1024,16,2.5,1,1,0,ip-172-31-41-169,linux,0,218.4457,4.58,KEM,True,2025-11-21T06:36:57.269721,,892
Classic-McEliece-6960119,decap,1024,16,2.5,1,1,0,ip-172-31-41-169,linux,0,195.8184,5.11,KEM,True,2025-11-21T06:36:57.465762,,893
Classic-McEliece-6960119,decap,1024,16,2.5,1,1,0,ip-172-31-41-169,linux,0,378.8649,2.64,KEM,True,2025-11-21T06:36:57.844850,,894
Classic-McEliece-6960119,decap,1024,16,2.5,1,1,0,ip-172-31-41-169,linux,0,195.0943,5.13,KEM,True,2025-11-21T06:36:58.040214,,895
Classic-McEliece-6960119,decap,1024,64,2.5,1,1,0,ip-172-31-41-169,linux,0,218.3639,4.58,KEM,True,2025-11-21T06:36:58.258801,,896
Classic-McEliece-6960119,decap,1024,64,2.5,1,1,0,ip-172-31-41-169,linux,0,263.1997,3.8,KEM,True,2025-11-21T06:36:58.522264,,897
Classic-McEliece-6960119,decap,1024,64,2.5,1,1,0,ip-172-31-41-169,linux,0,196.0129,5.1,KEM,True,2025-11-21T06:36:58.718500,,898
Classic-McEliece-6960119,decap,1024,64,2.5,1,1,0,ip-172-31-41-169,linux,0,195.8646,5.11,KEM,True,2025-11-21T06:36:58.914581,,899
Classic-McEliece-6960119,decap,1024,64,2.5,1,1,0,ip-172-31-41-169,linux,0,173.5601,5.76,KEM,True,2025-11-21T06:36:59.088365,,900
Classic-McEliece-6960119f,keygen,0,1,2.5,1,1,0,ip-172-31-41-169,linux,0,167.9782,5.95,KEM,True,2025-11-21T06:36:59.256566,,901
Classic-McEliece-6960119f,keygen,0,1,2.5,1,1,0,ip-172-31-41-169,linux,0,168.5152,5.93,KEM,True,2025-11-21T06:36:59.425299,,902
Classic-McEliece-6960119f,keygen,0,1,2.5,1,1,0,ip-172-31-41-169,linux,0,168.1363,5.95,KEM,True,2025-11-21T06:36:59.593648,,903
Classic-McEliece-6960119f,keygen,0,1,2.5,1,1,0,ip-172-31-41-169,linux,0,168.8141,5.92,KEM,True,2025-11-21T06:36:59.762684,,904
Classic-McEliece-6960119f,keygen,0,1,2.5,1,1,0,ip-172-31-41-169,linux,0,168.2408,5.94,KEM,True,2025-11-21T06:36:59.931164,,905
Classic-McEliece-6960119f,keygen,0,16,2.5,1,1,0,ip-172-31-41-169,linux,0,199.9338,5.0,KEM,True,2025-11-21T06:37:00.131341,,906
Classic-McEliece-6960119f,keygen,0,16,2.5,1,1,0,ip-172-31-41-169,linux,0,169.4321,5.9,KEM,True,2025-11-21T06:37:00.300998,,907
Classic-McEliece-6960119f,keygen,0,16,2.5,1,1,0,ip-172-31-41-169,linux,0,168.6277,5.93,KEM,True,2025-11-21T06:37:00.469844,,908
Classic-McEliece-6960119f,keygen,0,16,2.5,1,1,0,ip-172-31-41-169,linux,0,168.4393,5.94,KEM,True,2025-11-21T06:37:00.638505,,909
Classic-McEliece-6960119f,keygen,0,16,2.5,1,1,0,ip-172-31-41-169,linux,0,168.6516,5.93,KEM,True,2025-11-21T06:37:00.807370,,910
Classic-McEliece-6960119f,keygen,0,64,2.5,1,1,0,ip-172-31-41-169,linux,0,171.4362,5.83,KEM,True,2025-11-21T06:37:00.979024,,911
Classic-McEliece-6960119f,keygen,0,64,2.5,1,1,0,ip-172-31-41-169,linux,0,168.5479,5.93,KEM,True,2025-11-21T06:37:01.147791,,912
Classic-McEliece-6960119f,keygen,0,64,2.5,1,1,0,ip-172-31-41-169,linux,0,168.5239,5.93,KEM,True,2025-11-21T06:37:01.316531,,913
Classic-McEliece-6960119f,keygen,0,64,2.5,1,1,0,ip-172-31-41-169,linux,0,171.9997,5.81,KEM,True,2025-11-21T06:37:01.488750,,914
Classic-McEliece-6960119f,keygen,0,64,2.5,1,1,0,ip-172-31-41-169,linux,0,172.9092,5.78,KEM,True,2025-11-21T06:37:01.661891,,915
Classic-McEliece-6960119f,keygen,1024,1,2.5,1,1,0,ip-172-31-41-169,linux,0,174.5947,5.73,KEM,True,2025-11-21T06:37:01.836712,,916
Classic-McEliece-6960119f,keygen,1024,1,2.5,1,1,0,ip-172-31-41-169,linux,0,177.3757,5.64,KEM,True,2025-11-21T06:37:02.014321,,917
Classic-McEliece-6960119f,keygen,1024,1,2.5,1,1,0,ip-172-31-41-169,linux,0,170.5543,5.86,KEM,True,2025-11-21T06:37:02.185097,,918
Classic-McEliece-6960119f,keygen,1024,1,2.5,1,1,0,ip-172-31-41-169,linux,0,169.2926,5.91,KEM,True,2025-11-21T06:37:02.354648,,919
Classic-McEliece-6960119f,keygen,1024,1,2.5,1,1,0,ip-172-31-41-169,linux,0,168.8238,5.92,KEM,True,2025-11-21T06:37:02.523699,,920
Classic-McEliece-6960119f,keygen,1024,16,2.5,1,1,0,ip-172-31-41-169,linux,0,168.4646,5.94,KEM,True,2025-11-21T06:37:02.692379,,921
Classic-McEliece-6960119f,keygen,1024,16,2.5,1,1,0,ip-172-31-41-169,linux,0,168.0397,5.95,KEM,True,2025-11-21T06:37:02.860630,,922
Classic-McEliece-6960119f,keygen,1024,16,2.5,1,1,0,ip-172-31-41-169,linux,0,168.3083,5.94,KEM,True,2025-11-21T06:37:03.029230,,923
Classic-McEliece-6960119f,keygen,1024,16,2.5,1,1,0,ip-172-31-41-169,linux,0,168.2982,5.94,KEM,True,2025-11-21T06:37:03.197741,,924
Classic-McEliece-6960119f,keygen,1024,16,2.5,1,1,0,ip-172-31-41-169,linux,0,168.2128,5.94,KEM,True,2025-11-21T06:37:03.366202,,925
Classic-McEliece-6960119f,keygen,1024,64,2.5,1,1,0,ip-172-31-41-169,linux,0,168.3581,5.94,KEM,True,2025-11-21T06:37:03.534785,,926
Classic-McEliece-6960119f,keygen,1024,64,2.5,1,1,0,ip-172-31-41-169,linux,0,168.2947,5.94,KEM,True,2025-11-21T06:37:03.703300,,927
Classic-McEliece-6960119f,keygen,1024,64,2.5,1,1,0,ip-172-31-41-169,linux,0,168.3015,5.94,KEM,True,2025-11-21T06:37:03.871814,,928
Classic-McEliece-6960119f,keygen,1024,64,2.5,1,1,0,ip-172-31-41-169,linux,0,168.0334,5.95,KEM,True,2025-11-21T06:37:04.040073,,929
Classic-McEliece-6960119f,keygen,1024,64,2.5,1,1,0,ip-172-31-41-169,linux,0,168.1392,5.95,KEM,True,2025-11-21T06:37:04.208464,,930
Classic-McEliece-6960119f,encap,0,1,2.5,1,1,0,ip-172-31-41-169,linux,0,168.6524,5.93,KEM,True,2025-11-21T06:37:04.377381,,931
Classic-McEliece-6960119f,encap,0,1,2.5,1,1,0,ip-172-31-41-169,linux,0,168.3738,5.94,KEM,True,2025-11-21T06:37:04.545996,,932
Classic-McEliece-6960119f,encap,0,1,2.5,1,1,0,ip-172-31-41-169,linux,0,168.6811,5.93,KEM,True,2025-11-21T06:37:04.714894,,933
Classic-McEliece-6960119f,encap,0,1,2.5,1,1,0,ip-172-31-41-169,linux,0,168.5647,5.93,KEM,True,2025-11-21T06:37:04.883678,,934
Classic-McEliece-6960119f,encap,0,1,2.5,1,1,0,ip-172-31-41-169,linux,0,168.5176,5.93,KEM,True,2025-11-21T06:37:05.052421,,935
Classic-McEliece-6960119f,encap,0,16,2.5,1,1,0,ip-172-31-41-169,linux,0,168.6271,5.93,KEM,True,2025-11-21T06:37:05.221290,,936
Classic-McEliece-6960119f,encap,0,16,2.5,1,1,0,ip-172-31-41-169,linux,0,168.2111,5.94,KEM,True,2025-11-21T06:37:05.389721,,937
Classic-McEliece-6960119f,encap,0,16,2.5,1,1,0,ip-172-31-41-169,linux,0,167.8805,5.96,KEM,True,2025-11-21T06:37:05.557827,,938
Classic-McEliece-6960119f,encap,0,16,2.5,1,1,0,ip-172-31-41-169,linux,0,168.6947,5.93,KEM,True,2025-11-21T06:37:05.726745,,939
Classic-McEliece-6960119f,encap,0,16,2.5,1,1,0,ip-172-31-41-169,linux,0,167.8626,5.96,KEM,True,2025-11-21T06:37:05.894829,,940
Classic-McEliece-6960119f,encap,0,64,2.5,1,1,0,ip-172-31-41-169,linux,0,167.6681,5.96,KEM,True,2025-11-21T06:37:06.062715,,941
Classic-McEliece-6960119f,encap,0,64,2.5,1,1,0,ip-172-31-41-169,linux,0,168.5989,5.93,KEM,True,2025-11-21T06:37:06.231537,,942
Classic-McEliece-6960119f,encap,0,64,2.5,1,1,0,ip-172-31-41-169,linux,0,167.8016,5.96,KEM,True,2025-11-21T06:37:06.399561,,943
Classic-McEliece-6960119f,encap,0,64,2.5,1,1,0,ip-172-31-41-169,linux,0,168.5381,5.93,KEM,True,2025-11-21T06:37:06.568319,,944
Classic-McEliece-6960119f,encap,0,64,2.5,1,1,0,ip-172-31-41-169,linux,0,168.6758,5.93,KEM,True,2025-11-21T06:37:06.737254,,945
Classic-McEliece-6960119f,encap,1024,1,2.5,1,1,0,ip-172-31-41-169,linux,0,167.8429,5.96,KEM,True,2025-11-21T06:37:06.905319,,946
Classic-McEliece-6960119f,encap,1024,1,2.5,1,1,0,ip-172-31-41-169,linux,0,168.432,5.94,KEM,True,2025-11-21T06:37:07.073967,,947
Classic-McEliece-6960119f,encap,1024,1,2.5,1,1,0,ip-172-31-41-169,linux,0,168.7402,5.93,KEM,True,2025-11-21T06:37:07.242931,,948
Classic-McEliece-6960119f,encap,1024,1,2.5,1,1,0,ip-172-31-41-169,linux,0,168.5797,5.93,KEM,True,2025-11-21T06:37:07.411733,,949
Classic-McEliece-6960119f,encap,1024,1,2.5,1,1,0,ip-172-31-41-169,linux,0,168.5073,5.93,KEM,True,2025-11-21T06:37:07.580466,,950
Classic-McEliece-6960119f,encap,1024,16,2.5,1,1,0,ip-172-31-41-169,linux,0,169.4479,5.9,KEM,True,2025-11-21T06:37:07.750130,,951
Classic-McEliece-6960119f,encap,1024,16,2.5,1,1,0,ip-172-31-41-169,linux,0,168.5364,5.93,KEM,True,2025-11-21T06:37:07.918929,,952
Classic-McEliece-6960119f,encap,1024,16,2.5,1,1,0,ip-172-31-41-169,linux,0,167.892,5.96,KEM,True,2025-11-21T06:37:08.087041,,953
Classic-McEliece-6960119f,encap,1024,16,2.5,1,1,0,ip-172-31-41-169,linux,0,168.273,5.94,KEM,True,2025-11-21T06:37:08.255543,,954
Classic-McEliece-6960119f,encap,1024,16,2.5,1,1,0,ip-172-31-41-169,linux,0,168.4069,5.94,KEM,True,2025-11-21T06:37:08.424209,,955
Classic-McEliece-6960119f,encap,1024,64,2.5,1,1,0,ip-172-31-41-169,linux,0,167.834,5.96,KEM,True,2025-11-21T06:37:08.592291,,956
Classic-McEliece-6960119f,encap,1024,64,2.5,1,1,0,ip-172-31-41-169,linux,0,168.6676,5.93,KEM,True,2025-11-21T06:37:08.761211,,957
Classic-McEliece-6960119f,encap,1024,64,2.5,1,1,0,ip-172-31-41-169,linux,0,168.2648,5.94,KEM,True,2025-11-21T06:37:08.929698,,958
Classic-McEliece-6960119f,encap,1024,64,2.5,1,1,0,ip-172-31-41-169,linux,0,168.3267,5.94,KEM,True,2025-11-21T06:37:09.098288,,959
Classic-McEliece-6960119f,encap,1024,64,2.5,1,1,0,ip-172-31-41-169,linux,0,168.5812,5.93,KEM,True,2025-11-21T06:37:09.267090,,960
Classic-McEliece-6960119f,decap,0,1,2.5,1,1,0,ip-172-31-41-169,linux,0,168.2378,5.94,KEM,True,2025-11-21T06:37:09.435573,,961
Classic-McEliece-6960119f,decap,0,1,2.5,1,1,0,ip-172-31-41-169,linux,0,168.7518,5.93,KEM,True,2025-11-21T06:37:09.604546,,962
Classic-McEliece-6960119f,decap,0,1,2.5,1,1,0,ip-172-31-41-169,linux,0,168.8006,5.92,KEM,True,2025-11-21T06:37:09.773565,,963
Classic-McEliece-6960119f,decap,0,1,2.5,1,1,0,ip-172-31-41-169,linux,0,168.6415,5.93,KEM,True,2025-11-21T06:37:09.942428,,964
Classic-McEliece-6960119f,decap,0,1,2.5,1,1,0,ip-172-31-41-169,linux,0,168.2243,5.94,KEM,True,2025-11-21T06:37:10.110879,,965
Classic-McEliece-6960119f,decap,0,16,2.5,1,1,0,ip-172-31-41-169,linux,0,168.6615,5.93,KEM,True,2025-11-21T06:37:10.279770,,966
Classic-McEliece-6960119f,decap,0,16,2.5,1,1,0,ip-172-31-41-169,linux,0,167.7446,5.96,KEM,True,2025-11-21T06:37:10.447731,,967
Classic-McEliece-6960119f,decap,0,16,2.5,1,1,0,ip-172-31-41-169,linux,0,168.5639,5.93,KEM,True,2025-11-21T06:37:10.616519,,968
Classic-McEliece-6960119f,decap,0,16,2.5,1,1,0,ip-172-31-41-169,linux,0,168.4073,5.94,KEM,True,2025-11-21T06:37:10.785180,,969
Classic-McEliece-6960119f,decap,0,16,2.5,1,1,0,ip-172-31-41-169,linux,0,168.2747,5.94,KEM,True,2025-11-21T06:37:10.953694,,970
Classic-McEliece-6960119f,decap,0,64,2.5,1,1,0,ip-172-31-41-169,linux,0,168.3325,5.94,KEM,True,2025-11-21T06:37:11.122292,,971
Classic-McEliece-6960119f,decap,0,64,2.5,1,1,0,ip-172-31-41-169,linux,0,168.1487,5.95,KEM,True,2025-11-21T06:37:11.290665,,972
Classic-McEliece-6960119f,decap,0,64,2.5,1,1,0,ip-172-31-41-169,linux,0,167.6759,5.96,KEM,True,2025-11-21T06:37:11.458560,,973
Classic-McEliece-6960119f,decap,0,64,2.5,1,1,0,ip-172-31-41-169,linux,0,168.6215,5.93,KEM,True,2025-11-21T06:37:11.627411,,974
Classic-McEliece-6960119f,decap,0,64,2.5,1,1,0,ip-172-31-41-169,linux,0,167.8795,5.96,KEM,True,2025-11-21T06:37:11.795513,,975
Classic-McEliece-6960119f,decap,1024,1,2.5,1,1,0,ip-172-31-41-169,linux,0,168.0942,5.95,KEM,True,2025-11-21T06:37:11.963829,,976
Classic-McEliece-6960119f,decap,1024,1,2.5,1,1,0,ip-172-31-41-169,linux,0,168.5432,5.93,KEM,True,2025-11-21T06:37:12.132595,,977
Classic-McEliece-6960119f,decap,1024,1,2.5,1,1,0,ip-172-31-41-169,linux,0,167.8171,5.96,KEM,True,2025-11-21T06:37:12.300637,,978
Classic-McEliece-6960119f,decap,1024,1,2.5,1,1,0,ip-172-31-41-169,linux,0,169.0805,5.91,KEM,True,2025-11-21T06:37:12.469941,,979
Classic-McEliece-6960119f,decap,1024,1,2.5,1,1,0,ip-172-31-41-169,linux,0,168.8391,5.92,KEM,True,2025-11-21T06:37:12.639004,,980
Classic-McEliece-6960119f,decap,1024,16,2.5,1,1,0,ip-172-31-41-169,linux,0,169.7107,5.89,KEM,True,2025-11-21T06:37:12.808940,,981
Classic-McEliece-6960119f,decap,1024,16,2.5,1,1,0,ip-172-31-41-169,linux,0,168.5347,5.93,KEM,True,2025-11-21T06:37:12.977700,,982
Classic-McEliece-6960119f,decap,1024,16,2.5,1,1,0,ip-172-31-41-169,linux,0,168.6715,5.93,KEM,True,2025-11-21T06:37:13.146596,,983
Classic-McEliece-6960119f,decap,1024,16,2.5,1,1,0,ip-172-31-41-169,linux,0,168.662,5.93,KEM,True,2025-11-21T06:37:13.315483,,984
Classic-McEliece-6960119f,decap,1024,16,2.5,1,1,0,ip-172-31-41-169,linux,0,168.7695,5.93,KEM,True,2025-11-21T06:37:13.484479,,985
Classic-McEliece-6960119f,decap,1024,64,2.5,1,1,0,ip-172-31-41-169,linux,0,168.6619,5.93,KEM,True,2025-11-21T06:37:13.653403,,986
Classic-McEliece-6960119f,decap,1024,64,2.5,1,1,0,ip-172-31-41-169,linux,0,168.8628,5.92,KEM,True,2025-11-21T06:37:13.822488,,987
Classic-McEliece-6960119f,decap,1024,64,2.5,1,1,0,ip-172-31-41-169,linux,0,167.8601,5.96,KEM,True,2025-11-21T06:37:13.990567,,988
Classic-McEliece-6960119f,decap,1024,64,2.5,1,1,0,ip-172-31-41-169,linux,0,168.5766,5.93,KEM,True,2025-11-21T06:37:14.159366,,989
Classic-McEliece-6960119f,decap,1024,64,2.5,1,1,0,ip-172-31-41-169,linux,0,168.8133,5.92,KEM,True,2025-11-21T06:37:14.328405,,990
Classic-McEliece-8192128,keygen,0,1,2.5,1,1,0,ip-172-31-41-169,linux,0,283.8118,3.52,KEM,True,2025-11-21T06:37:14.612393,,991
Classic-McEliece-8192128,keygen,0,1,2.5,1,1,0,ip-172-31-41-169,linux,0,180.2041,5.55,KEM,True,2025-11-21T06:37:14.792848,,992
Classic-McEliece-8192128,keygen,0,1,2.5,1,1,0,ip-172-31-41-169,linux,0,205.6648,4.86,KEM,True,2025-11-21T06:37:14.998758,,993
Classic-McEliece-8192128,keygen,0,1,2.5,1,1,0,ip-172-31-41-169,linux,0,232.1145,4.31,KEM,True,2025-11-21T06:37:15.231129,,994
Classic-McEliece-8192128,keygen,0,1,2.5,1,1,0,ip-172-31-41-169,linux,0,257.9646,3.88,KEM,True,2025-11-21T06:37:15.489366,,995
Classic-McEliece-8192128,keygen,0,16,2.5,1,1,0,ip-172-31-41-169,linux,0,179.728,5.56,KEM,True,2025-11-21T06:37:15.669342,,996
Classic-McEliece-8192128,keygen,0,16,2.5,1,1,0,ip-172-31-41-169,linux,0,206.0179,4.85,KEM,True,2025-11-21T06:37:15.875606,,997
Classic-McEliece-8192128,keygen,0,16,2.5,1,1,0,ip-172-31-41-169,linux,0,389.8,2.57,KEM,True,2025-11-21T06:37:16.265662,,998
Classic-McEliece-8192128,keygen,0,16,2.5,1,1,0,ip-172-31-41-169,linux,0,180.0635,5.55,KEM,True,2025-11-21T06:37:16.445975,,999
Classic-McEliece-8192128,keygen,0,16,2.5,1,1,0,ip-172-31-41-169,linux,0,310.0219,3.23,KEM,True,2025-11-21T06:37:16.756284,,1000
Classic-McEliece-8192128,keygen,0,64,2.5,1,1,0,ip-172-31-41-169,linux,0,283.7041,3.52,KEM,True,2025-11-21T06:37:17.040294,,1001
Classic-McEliece-8192128,keygen,0,64,2.5,1,1,0,ip-172-31-41-169,linux,0,206.3345,4.85,KEM,True,2025-11-21T06:37:17.246879,,1002
Classic-McEliece-8192128,keygen,0,64,2.5,1,1,0,ip-172-31-41-169,linux,0,180.2014,5.55,KEM,True,2025-11-21T06:37:17.427356,,1003
Classic-McEliece-8192128,keygen,0,64,2.5,1,1,0,ip-172-31-41-169,linux,0,205.8923,4.86,KEM,True,2025-11-21T06:37:17.633529,,1004
Classic-McEliece-8192128,keygen,0,64,2.5,1,1,0,ip-172-31-41-169,linux,0,180.2174,5.55,KEM,True,2025-11-21T06:37:17.813990,,1005
Classic-McEliece-8192128,keygen,1024,1,2.5,1,1,0,ip-172-31-41-169,linux,0,232.3098,4.3,KEM,True,2025-11-21T06:37:18.046550,,1006
Classic-McEliece-8192128,keygen,1024,1,2.5,1,1,0,ip-172-31-41-169,linux,0,206.1445,4.85,KEM,True,2025-11-21T06:37:18.252944,,1007
Classic-McEliece-8192128,keygen,1024,1,2.5,1,1,0,ip-172-31-41-169,linux,0,258.0924,3.87,KEM,True,2025-11-21T06:37:18.511320,,1008
Classic-McEliece-8192128,keygen,1024,1,2.5,1,1,0,ip-172-31-41-169,linux,0,231.6507,4.32,KEM,True,2025-11-21T06:37:18.743258,,1009
Classic-McEliece-8192128,keygen,1024,1,2.5,1,1,0,ip-172-31-41-169,linux,0,179.6813,5.57,KEM,True,2025-11-21T06:37:18.923243,,1010
Classic-McEliece-8192128,keygen,1024,16,2.5,1,1,0,ip-172-31-41-169,linux,0,232.0366,4.31,KEM,True,2025-11-21T06:37:19.155530,,1011
Classic-McEliece-8192128,keygen,1024,16,2.5,1,1,0,ip-172-31-41-169,linux,0,180.0642,5.55,KEM,True,2025-11-21T06:37:19.335845,,1012
Classic-McEliece-8192128,keygen,1024,16,2.5,1,1,0,ip-172-31-41-169,linux,0,179.8389,5.56,KEM,True,2025-11-21T06:37:19.515937,,1013
Classic-McEliece-8192128,keygen,1024,16,2.5,1,1,0,ip-172-31-41-169,linux,0,180.2072,5.55,KEM,True,2025-11-21T06:37:19.696394,,1014
Classic-McEliece-8192128,keygen,1024,16,2.5,1,1,0,ip-172-31-41-169,linux,0,257.7674,3.88,KEM,True,2025-11-21T06:37:19.954406,,1015
Classic-McEliece-8192128,keygen,1024,64,2.5,1,1,0,ip-172-31-41-169,linux,0,179.4908,5.57,KEM,True,2025-11-21T06:37:20.134173,,1016
Classic-McEliece-8192128,keygen,1024,64,2.5,1,1,0,ip-172-31-41-169,linux,0,206.0373,4.85,KEM,True,2025-11-21T06:37:20.340472,,1017
Classic-McEliece-8192128,keygen,1024,64,2.5,1,1,0,ip-172-31-41-169,linux,0,179.9445,5.56,KEM,True,2025-11-21T06:37:20.520665,,1018
Classic-McEliece-8192128,keygen,1024,64,2.5,1,1,0,ip-172-31-41-169,linux,0,206.1909,4.85,KEM,True,2025-11-21T06:37:20.727098,,1019
Classic-McEliece-8192128,keygen,1024,64,2.5,1,1,0,ip-172-31-41-169,linux,0,180.0941,5.55,KEM,True,2025-11-21T06:37:20.907458,,1020
Classic-McEliece-8192128,encap,0,1,2.5,1,1,0,ip-172-31-41-169,linux,0,204.7864,4.88,KEM,True,2025-11-21T06:37:21.112501,,1021
Classic-McEliece-8192128,encap,0,1,2.5,1,1,0,ip-172-31-41-169,linux,0,516.949,1.93,KEM,True,2025-11-21T06:37:21.629708,,1022
Classic-McEliece-8192128,encap,0,1,2.5,1,1,0,ip-172-31-41-169,linux,0,206.9124,4.83,KEM,True,2025-11-21T06:37:21.836876,,1023
Classic-McEliece-8192128,encap,0,1,2.5,1,1,0,ip-172-31-41-169,linux,0,283.4727,3.53,KEM,True,2025-11-21T06:37:22.120643,,1024
Classic-McEliece-8192128,encap,0,1,2.5,1,1,0,ip-172-31-41-169,linux,0,361.1566,2.77,KEM,True,2025-11-21T06:37:22.482060,,1025
Classic-McEliece-8192128,encap,0,16,2.5,1,1,0,ip-172-31-41-169,linux,0,261.6878,3.82,KEM,True,2025-11-21T06:37:22.744028,,1026
Classic-McEliece-8192128,encap,0,16,2.5,1,1,0,ip-172-31-41-169,linux,0,180.4888,5.54,KEM,True,2025-11-21T06:37:22.924785,,1027
Classic-McEliece-8192128,encap,0,16,2.5,1,1,0,ip-172-31-41-169,linux,0,309.9794,3.23,KEM,True,2025-11-21T06:37:23.235026,,1028
Classic-McEliece-8192128,encap,0,16,2.5,1,1,0,ip-172-31-41-169,linux,0,180.6472,5.54,KEM,True,2025-11-21T06:37:23.415938,,1029
Classic-McEliece-8192128,encap,0,16,2.5,1,1,0,ip-172-31-41-169,linux,0,361.3941,2.77,KEM,True,2025-11-21T06:37:23.777592,,1030
Classic-McEliece-8192128,encap,0,64,2.5,1,1,0,ip-172-31-41-169,linux,0,179.7827,5.56,KEM,True,2025-11-21T06:37:23.957629,,1031
Classic-McEliece-8192128,encap,0,64,2.5,1,1,0,ip-172-31-41-169,linux,0,180.061,5.55,KEM,True,2025-11-21T06:37:24.137948,,1032
Classic-McEliece-8192128,encap,0,64,2.5,1,1,0,ip-172-31-41-169,linux,0,180.0465,5.55,KEM,True,2025-11-21T06:37:24.318281,,1033
Classic-McEliece-8192128,encap,0,64,2.5,1,1,0,ip-172-31-41-169,linux,0,179.7601,5.56,KEM,True,2025-11-21T06:37:24.498338,,1034
Classic-McEliece-8192128,encap,0,64,2.5,1,1,0,ip-172-31-41-169,linux,0,206.3146,4.85,KEM,True,2025-11-21T06:37:24.704914,,1035
Classic-McEliece-8192128,encap,1024,1,2.5,1,1,0,ip-172-31-41-169,linux,0,283.3364,3.53,KEM,True,2025-11-21T06:37:24.988509,,1036
Classic-McEliece-8192128,encap,1024,1,2.5,1,1,0,ip-172-31-41-169,linux,0,339.4189,2.95,KEM,True,2025-11-21T06:37:25.328234,,1037
Classic-McEliece-8192128,encap,1024,1,2.5,1,1,0,ip-172-31-41-169,linux,0,232.135,4.31,KEM,True,2025-11-21T06:37:25.560637,,1038
Classic-McEliece-8192128,encap,1024,1,2.5,1,1,0,ip-172-31-41-169,linux,0,257.6142,3.88,KEM,True,2025-11-21T06:37:25.818511,,1039
Classic-McEliece-8192128,encap,1024,1,2.5,1,1,0,ip-172-31-41-169,linux,0,257.5659,3.88,KEM,True,2025-11-21T06:37:26.076334,,1040
Classic-McEliece-8192128,encap,1024,16,2.5,1,1,0,ip-172-31-41-169,linux,0,206.3907,4.85,KEM,True,2025-11-21T06:37:26.282974,,1041
Classic-McEliece-8192128,encap,1024,16,2.5,1,1,0,ip-172-31-41-169,linux,0,258.1426,3.87,KEM,True,2025-11-21T06:37:26.541370,,1042
Classic-McEliece-8192128,encap,1024,16,2.5,1,1,0,ip-172-31-41-169,linux,0,620.0401,1.61,KEM,True,2025-11-21T06:37:27.161687,,1043
Classic-McEliece-8192128,encap,1024,16,2.5,1,1,0,ip-172-31-41-169,linux,0,206.6907,4.84,KEM,True,2025-11-21T06:37:27.368639,,1044
Classic-McEliece-8192128,encap,1024,16,2.5,1,1,0,ip-172-31-41-169,linux,0,335.9528,2.98,KEM,True,2025-11-21T06:37:27.704847,,1045
Classic-McEliece-8192128,encap,1024,64,2.5,1,1,0,ip-172-31-41-169,linux,0,205.783,4.86,KEM,True,2025-11-21T06:37:27.910890,,1046
Classic-McEliece-8192128,encap,1024,64,2.5,1,1,0,ip-172-31-41-169,linux,0,231.8768,4.31,KEM,True,2025-11-21T06:37:28.143022,,1047
Classic-McEliece-8192128,encap,1024,64,2.5,1,1,0,ip-172-31-41-169,linux,0,180.5818,5.54,KEM,True,2025-11-21T06:37:28.323864,,1048
Classic-McEliece-8192128,encap,1024,64,2.5,1,1,0,ip-172-31-41-169,linux,0,205.61,4.86,KEM,True,2025-11-21T06:37:28.529760,,1049
Classic-McEliece-8192128,encap,1024,64,2.5,1,1,0,ip-172-31-41-169,linux,0,205.7595,4.86,KEM,True,2025-11-21T06:37:28.735779,,1050
Classic-McEliece-8192128,decap,0,1,2.5,1,1,0,ip-172-31-41-169,linux,0,180.4264,5.54,KEM,True,2025-11-21T06:37:28.916472,,1051
Classic-McEliece-8192128,decap,0,1,2.5,1,1,0,ip-172-31-41-169,linux,0,206.4086,4.84,KEM,True,2025-11-21T06:37:29.123133,,1052
Classic-McEliece-8192128,decap,0,1,2.5,1,1,0,ip-172-31-41-169,linux,0,206.0266,4.85,KEM,True,2025-11-21T06:37:29.329456,,1053
Classic-McEliece-8192128,decap,0,1,2.5,1,1,0,ip-172-31-41-169,linux,0,206.554,4.84,KEM,True,2025-11-21T06:37:29.536312,,1054
Classic-McEliece-8192128,decap,0,1,2.5,1,1,0,ip-172-31-41-169,linux,0,181.4505,5.51,KEM,True,2025-11-21T06:37:29.718017,,1055
Classic-McEliece-8192128,decap,0,16,2.5,1,1,0,ip-172-31-41-169,linux,0,361.8452,2.76,KEM,True,2025-11-21T06:37:30.080133,,1056
Classic-McEliece-8192128,decap,0,16,2.5,1,1,0,ip-172-31-41-169,linux,0,180.1259,5.55,KEM,True,2025-11-21T06:37:30.260545,,1057
Classic-McEliece-8192128,decap,0,16,2.5,1,1,0,ip-172-31-41-169,linux,0,232.1978,4.31,KEM,True,2025-11-21T06:37:30.492999,,1058
Classic-McEliece-8192128,decap,0,16,2.5,1,1,0,ip-172-31-41-169,linux,0,180.6769,5.53,KEM,True,2025-11-21T06:37:30.673929,,1059
Classic-McEliece-8192128,decap,0,16,2.5,1,1,0,ip-172-31-41-169,linux,0,283.4324,3.53,KEM,True,2025-11-21T06:37:30.957620,,1060
Classic-McEliece-8192128,decap,0,64,2.5,1,1,0,ip-172-31-41-169,linux,0,334.061,2.99,KEM,True,2025-11-21T06:37:31.291939,,1061
Classic-McEliece-8192128,decap,0,64,2.5,1,1,0,ip-172-31-41-169,linux,0,179.9524,5.56,KEM,True,2025-11-21T06:37:31.472178,,1062
Classic-McEliece-8192128,decap,0,64,2.5,1,1,0,ip-172-31-41-169,linux,0,412.6754,2.42,KEM,True,2025-11-21T06:37:31.885119,,1063
Classic-McEliece-8192128,decap,0,64,2.5,1,1,0,ip-172-31-41-169,linux,0,259.2716,3.86,KEM,True,2025-11-21T06:37:32.144675,,1064
Classic-McEliece-8192128,decap,0,64,2.5,1,1,0,ip-172-31-41-169,linux,0,206.3371,4.85,KEM,True,2025-11-21T06:37:32.351308,,1065
Classic-McEliece-8192128,decap,1024,1,2.5,1,1,0,ip-172-31-41-169,linux,0,180.2923,5.55,KEM,True,2025-11-21T06:37:32.531859,,1066
Classic-McEliece-8192128,decap,1024,1,2.5,1,1,0,ip-172-31-41-169,linux,0,438.8698,2.28,KEM,True,2025-11-21T06:37:32.970987,,1067
Classic-McEliece-8192128,decap,1024,1,2.5,1,1,0,ip-172-31-41-169,linux,0,206.5376,4.84,KEM,True,2025-11-21T06:37:33.177783,,1068
Classic-McEliece-8192128,decap,1024,1,2.5,1,1,0,ip-172-31-41-169,linux,0,180.4728,5.54,KEM,True,2025-11-21T06:37:33.358513,,1069
Classic-McEliece-8192128,decap,1024,1,2.5,1,1,0,ip-172-31-41-169,linux,0,284.2872,3.52,KEM,True,2025-11-21T06:37:33.643056,,1070
Classic-McEliece-8192128,decap,1024,16,2.5,1,1,0,ip-172-31-41-169,linux,0,206.5735,4.84,KEM,True,2025-11-21T06:37:33.849908,,1071
Classic-McEliece-8192128,decap,1024,16,2.5,1,1,0,ip-172-31-41-169,linux,0,284.0724,3.52,KEM,True,2025-11-21T06:37:34.134279,,1072
Classic-McEliece-8192128,decap,1024,16,2.5,1,1,0,ip-172-31-41-169,linux,0,180.716,5.53,KEM,True,2025-11-21T06:37:34.315290,,1073
Classic-McEliece-8192128,decap,1024,16,2.5,1,1,0,ip-172-31-41-169,linux,0,258.1845,3.87,KEM,True,2025-11-21T06:37:34.573721,,1074
Classic-McEliece-8192128,decap,1024,16,2.5,1,1,0,ip-172-31-41-169,linux,0,180.593,5.54,KEM,True,2025-11-21T06:37:34.754572,,1075
Classic-McEliece-8192128,decap,1024,64,2.5,1,1,0,ip-172-31-41-169,linux,0,180.7395,5.53,KEM,True,2025-11-21T06:37:34.935568,,1076
Classic-McEliece-8192128,decap,1024,64,2.5,1,1,0,ip-172-31-41-169,linux,0,309.6165,3.23,KEM,True,2025-11-21T06:37:35.245441,,1077
Classic-McEliece-8192128,decap,1024,64,2.5,1,1,0,ip-172-31-41-169,linux,0,258.3946,3.87,KEM,True,2025-11-21T06:37:35.504089,,1078
Classic-McEliece-8192128,decap,1024,64,2.5,1,1,0,ip-172-31-41-169,linux,0,180.5341,5.54,KEM,True,2025-11-21T06:37:35.684894,,1079
Classic-McEliece-8192128,decap,1024,64,2.5,1,1,0,ip-172-31-41-169,linux,0,284.2411,3.52,KEM,True,2025-11-21T06:37:35.969389,,1080
Classic-McEliece-8192128f,keygen,0,1,2.5,1,1,0,ip-172-31-41-169,linux,0,202.8802,4.93,KEM,True,2025-11-21T06:37:36.172522,,1081
Classic-McEliece-8192128f,keygen,0,1,2.5,1,1,0,ip-172-31-41-169,linux,0,203.2076,4.92,KEM,True,2025-11-21T06:37:36.375975,,1082
Classic-McEliece-8192128f,keygen,0,1,2.5,1,1,0,ip-172-31-41-169,linux,0,203.2787,4.92,KEM,True,2025-11-21T06:37:36.579500,,1083
Classic-McEliece-8192128f,keygen,0,1,2.5,1,1,0,ip-172-31-41-169,linux,0,203.6639,4.91,KEM,True,2025-11-21T06:37:36.783417,,1084
Classic-McEliece-8192128f,keygen,0,1,2.5,1,1,0,ip-172-31-41-169,linux,0,203.264,4.92,KEM,True,2025-11-21T06:37:36.986925,,1085
Classic-McEliece-8192128f,keygen,0,16,2.5,1,1,0,ip-172-31-41-169,linux,0,203.2628,4.92,KEM,True,2025-11-21T06:37:37.190437,,1086
Classic-McEliece-8192128f,keygen,0,16,2.5,1,1,0,ip-172-31-41-169,linux,0,203.4826,4.91,KEM,True,2025-11-21T06:37:37.394189,,1087
Classic-McEliece-8192128f,keygen,0,16,2.5,1,1,0,ip-172-31-41-169,linux,0,203.2785,4.92,KEM,True,2025-11-21T06:37:37.597742,,1088
Classic-McEliece-8192128f,keygen,0,16,2.5,1,1,0,ip-172-31-41-169,linux,0,203.4572,4.92,KEM,True,2025-11-21T06:37:37.801450,,1089
Classic-McEliece-8192128f,keygen,0,16,2.5,1,1,0,ip-172-31-41-169,linux,0,203.3109,4.92,KEM,True,2025-11-21T06:37:38.005011,,1090
Classic-McEliece-8192128f,keygen,0,64,2.5,1,1,0,ip-172-31-41-169,linux,0,203.0441,4.93,KEM,True,2025-11-21T06:37:38.208314,,1091
Classic-McEliece-8192128f,keygen,0,64,2.5,1,1,0,ip-172-31-41-169,linux,0,203.0099,4.93,KEM,True,2025-11-21T06:37:38.411568,,1092
Classic-McEliece-8192128f,keygen,0,64,2.5,1,1,0,ip-172-31-41-169,linux,0,203.2598,4.92,KEM,True,2025-11-21T06:37:38.615079,,1093
Classic-McEliece-8192128f,keygen,0,64,2.5,1,1,0,ip-172-31-41-169,linux,0,231.659,4.32,KEM,True,2025-11-21T06:37:38.847044,,1094
Classic-McEliece-8192128f,keygen,0,64,2.5,1,1,0,ip-172-31-41-169,linux,0,203.2625,4.92,KEM,True,2025-11-21T06:37:39.050597,,1095
Classic-McEliece-8192128f,keygen,1024,1,2.5,1,1,0,ip-172-31-41-169,linux,0,203.2982,4.92,KEM,True,2025-11-21T06:37:39.254172,,1096
Classic-McEliece-8192128f,keygen,1024,1,2.5,1,1,0,ip-172-31-41-169,linux,0,203.3563,4.92,KEM,True,2025-11-21T06:37:39.457797,,1097
Classic-McEliece-8192128f,keygen,1024,1,2.5,1,1,0,ip-172-31-41-169,linux,0,203.2517,4.92,KEM,True,2025-11-21T06:37:39.661311,,1098
Classic-McEliece-8192128f,keygen,1024,1,2.5,1,1,0,ip-172-31-41-169,linux,0,203.1994,4.92,KEM,True,2025-11-21T06:37:39.864768,,1099
Classic-McEliece-8192128f,keygen,1024,1,2.5,1,1,0,ip-172-31-41-169,linux,0,203.261,4.92,KEM,True,2025-11-21T06:37:40.068329,,1100
Classic-McEliece-8192128f,keygen,1024,16,2.5,1,1,0,ip-172-31-41-169,linux,0,203.3911,4.92,KEM,True,2025-11-21T06:37:40.271986,,1101
Classic-McEliece-8192128f,keygen,1024,16,2.5,1,1,0,ip-172-31-41-169,linux,0,202.9866,4.93,KEM,True,2025-11-21T06:37:40.475273,,1102
Classic-McEliece-8192128f,keygen,1024,16,2.5,1,1,0,ip-172-31-41-169,linux,0,203.5525,4.91,KEM,True,2025-11-21T06:37:40.679095,,1103
Classic-McEliece-8192128f,keygen,1024,16,2.5,1,1,0,ip-172-31-41-169,linux,0,203.3997,4.92,KEM,True,2025-11-21T06:37:40.882767,,1104
Classic-McEliece-8192128f,keygen,1024,16,2.5,1,1,0,ip-172-31-41-169,linux,0,203.2034,4.92,KEM,True,2025-11-21T06:37:41.086263,,1105
Classic-McEliece-8192128f,keygen,1024,64,2.5,1,1,0,ip-172-31-41-169,linux,0,203.4085,4.92,KEM,True,2025-11-21T06:37:41.289926,,1106
Classic-McEliece-8192128f,keygen,1024,64,2.5,1,1,0,ip-172-31-41-169,linux,0,203.2518,4.92,KEM,True,2025-11-21T06:37:41.493436,,1107
Classic-McEliece-8192128f,keygen,1024,64,2.5,1,1,0,ip-172-31-41-169,linux,0,203.469,4.91,KEM,True,2025-11-21T06:37:41.697176,,1108
Classic-McEliece-8192128f,keygen,1024,64,2.5,1,1,0,ip-172-31-41-169,linux,0,203.3919,4.92,KEM,True,2025-11-21T06:37:41.900833,,1109
Classic-McEliece-8192128f,keygen,1024,64,2.5,1,1,0,ip-172-31-41-169,linux,0,203.2533,4.92,KEM,True,2025-11-21T06:37:42.104341,,1110
Classic-McEliece-8192128f,encap,0,1,2.5,1,1,0,ip-172-31-41-169,linux,0,203.4579,4.92,KEM,True,2025-11-21T06:37:42.308120,,1111
Classic-McEliece-8192128f,encap,0,1,2.5,1,1,0,ip-172-31-41-169,linux,0,203.6674,4.91,KEM,True,2025-11-21T06:37:42.512096,,1112
Classic-McEliece-8192128f,encap,0,1,2.5,1,1,0,ip-172-31-41-169,linux,0,203.8643,4.91,KEM,True,2025-11-21T06:37:42.716310,,1113
Classic-McEliece-8192128f,encap,0,1,2.5,1,1,0,ip-172-31-41-169,linux,0,203.6548,4.91,KEM,True,2025-11-21T06:37:42.920288,,1114
Classic-McEliece-8192128f,encap,0,1,2.5,1,1,0,ip-172-31-41-169,linux,0,203.0792,4.92,KEM,True,2025-11-21T06:37:43.123637,,1115
Classic-McEliece-8192128f,encap,0,16,2.5,1,1,0,ip-172-31-41-169,linux,0,203.6065,4.91,KEM,True,2025-11-21T06:37:43.327516,,1116
Classic-McEliece-8192128f,encap,0,16,2.5,1,1,0,ip-172-31-41-169,linux,0,203.4889,4.91,KEM,True,2025-11-21T06:37:43.531314,,1117
Classic-McEliece-8192128f,encap,0,16,2.5,1,1,0,ip-172-31-41-169,linux,0,204.1224,4.9,KEM,True,2025-11-21T06:37:43.735720,,1118
Classic-McEliece-8192128f,encap,0,16,2.5,1,1,0,ip-172-31-41-169,linux,0,203.6756,4.91,KEM,True,2025-11-21T06:37:43.939670,,1119
Classic-McEliece-8192128f,encap,0,16,2.5,1,1,0,ip-172-31-41-169,linux,0,203.6428,4.91,KEM,True,2025-11-21T06:37:44.143582,,1120
Classic-McEliece-8192128f,encap,0,64,2.5,1,1,0,ip-172-31-41-169,linux,0,203.7127,4.91,KEM,True,2025-11-21T06:37:44.347567,,1121
Classic-McEliece-8192128f,encap,0,64,2.5,1,1,0,ip-172-31-41-169,linux,0,203.5067,4.91,KEM,True,2025-11-21T06:37:44.551340,,1122
Classic-McEliece-8192128f,encap,0,64,2.5,1,1,0,ip-172-31-41-169,linux,0,204.0445,4.9,KEM,True,2025-11-21T06:37:44.755649,,1123
Classic-McEliece-8192128f,encap,0,64,2.5,1,1,0,ip-172-31-41-169,linux,0,203.816,4.91,KEM,True,2025-11-21T06:37:44.959730,,1124
Classic-McEliece-8192128f,encap,0,64,2.5,1,1,0,ip-172-31-41-169,linux,0,203.7618,4.91,KEM,True,2025-11-21T06:37:45.163760,,1125
Classic-McEliece-8192128f,encap,1024,1,2.5,1,1,0,ip-172-31-41-169,linux,0,203.5812,4.91,KEM,True,2025-11-21T06:37:45.367614,,1126
Classic-McEliece-8192128f,encap,1024,1,2.5,1,1,0,ip-172-31-41-169,linux,0,203.8471,4.91,KEM,True,2025-11-21T06:37:45.571727,,1127
Classic-McEliece-8192128f,encap,1024,1,2.5,1,1,0,ip-172-31-41-169,linux,0,203.75,4.91,KEM,True,2025-11-21T06:37:45.775743,,1128
Classic-McEliece-8192128f,encap,1024,1,2.5,1,1,0,ip-172-31-41-169,linux,0,203.6437,4.91,KEM,True,2025-11-21T06:37:45.979654,,1129
Classic-McEliece-8192128f,encap,1024,1,2.5,1,1,0,ip-172-31-41-169,linux,0,203.5316,4.91,KEM,True,2025-11-21T06:37:46.183450,,1130
Classic-McEliece-8192128f,encap,1024,16,2.5,1,1,0,ip-172-31-41-169,linux,0,203.6912,4.91,KEM,True,2025-11-21T06:37:46.387411,,1131
Classic-McEliece-8192128f,encap,1024,16,2.5,1,1,0,ip-172-31-41-169,linux,0,203.7016,4.91,KEM,True,2025-11-21T06:37:46.591372,,1132
Classic-McEliece-8192128f,encap,1024,16,2.5,1,1,0,ip-172-31-41-169,linux,0,203.7451,4.91,KEM,True,2025-11-21T06:37:46.795379,,1133
Classic-McEliece-8192128f,encap,1024,16,2.5,1,1,0,ip-172-31-41-169,linux,0,203.6735,4.91,KEM,True,2025-11-21T06:37:46.999334,,1134
Classic-McEliece-8192128f,encap,1024,16,2.5,1,1,0,ip-172-31-41-169,linux,0,208.4344,4.8,KEM,True,2025-11-21T06:37:47.208033,,1135
Classic-McEliece-8192128f,encap,1024,64,2.5,1,1,0,ip-172-31-41-169,linux,0,203.4053,4.92,KEM,True,2025-11-21T06:37:47.411715,,1136
Classic-McEliece-8192128f,encap,1024,64,2.5,1,1,0,ip-172-31-41-169,linux,0,203.6048,4.91,KEM,True,2025-11-21T06:37:47.615592,,1137
Classic-McEliece-8192128f,encap,1024,64,2.5,1,1,0,ip-172-31-41-169,linux,0,203.841,4.91,KEM,True,2025-11-21T06:37:47.819702,,1138
Classic-McEliece-8192128f,encap,1024,64,2.5,1,1,0,ip-172-31-41-169,linux,0,203.0777,4.92,KEM,True,2025-11-21T06:37:48.023051,,1139
Classic-McEliece-8192128f,encap,1024,64,2.5,1,1,0,ip-172-31-41-169,linux,0,203.3499,4.92,KEM,True,2025-11-21T06:37:48.226665,,1140
Classic-McEliece-8192128f,decap,0,1,2.5,1,1,0,ip-172-31-41-169,linux,0,203.6176,4.91,KEM,True,2025-11-21T06:37:48.430564,,1141
Classic-McEliece-8192128f,decap,0,1,2.5,1,1,0,ip-172-31-41-169,linux,0,203.7078,4.91,KEM,True,2025-11-21T06:37:48.634546,,1142
Classic-McEliece-8192128f,decap,0,1,2.5,1,1,0,ip-172-31-41-169,linux,0,203.7103,4.91,KEM,True,2025-11-21T06:37:48.838589,,1143
Classic-McEliece-8192128f,decap,0,1,2.5,1,1,0,ip-172-31-41-169,linux,0,203.6369,4.91,KEM,True,2025-11-21T06:37:49.042496,,1144
Classic-McEliece-8192128f,decap,0,1,2.5,1,1,0,ip-172-31-41-169,linux,0,203.4709,4.91,KEM,True,2025-11-21T06:37:49.246275,,1145
Classic-McEliece-8192128f,decap,0,16,2.5,1,1,0,ip-172-31-41-169,linux,0,203.5154,4.91,KEM,True,2025-11-21T06:37:49.450057,,1146
Classic-McEliece-8192128f,decap,0,16,2.5,1,1,0,ip-172-31-41-169,linux,0,203.4237,4.92,KEM,True,2025-11-21T06:37:49.653762,,1147
Classic-McEliece-8192128f,decap,0,16,2.5,1,1,0,ip-172-31-41-169,linux,0,203.6941,4.91,KEM,True,2025-11-21T06:37:49.857717,,1148
Classic-McEliece-8192128f,decap,0,16,2.5,1,1,0,ip-172-31-41-169,linux,0,203.3651,4.92,KEM,True,2025-11-21T06:37:50.061346,,1149
Classic-McEliece-8192128f,decap,0,16,2.5,1,1,0,ip-172-31-41-169,linux,0,203.0529,4.92,KEM,True,2025-11-21T06:37:50.264661,,1150
Classic-McEliece-8192128f,decap,0,64,2.5,1,1,0,ip-172-31-41-169,linux,0,203.6119,4.91,KEM,True,2025-11-21T06:37:50.468545,,1151
Classic-McEliece-8192128f,decap,0,64,2.5,1,1,0,ip-172-31-41-169,linux,0,203.4985,4.91,KEM,True,2025-11-21T06:37:50.672348,,1152
Classic-McEliece-8192128f,decap,0,64,2.5,1,1,0,ip-172-31-41-169,linux,0,203.4352,4.92,KEM,True,2025-11-21T06:37:50.876062,,1153
Classic-McEliece-8192128f,decap,0,64,2.5,1,1,0,ip-172-31-41-169,linux,0,203.0692,4.92,KEM,True,2025-11-21T06:37:51.079420,,1154
Classic-McEliece-8192128f,decap,0,64,2.5,1,1,0,ip-172-31-41-169,linux,0,203.6133,4.91,KEM,True,2025-11-21T06:37:51.283335,,1155
Classic-McEliece-8192128f,decap,1024,1,2.5,1,1,0,ip-172-31-41-169,linux,0,203.8024,4.91,KEM,True,2025-11-21T06:37:51.487395,,1156
Classic-McEliece-8192128f,decap,1024,1,2.5,1,1,0,ip-172-31-41-169,linux,0,203.31,4.92,KEM,True,2025-11-21T06:37:51.690968,,1157
Classic-McEliece-8192128f,decap,1024,1,2.5,1,1,0,ip-172-31-41-169,linux,0,203.7346,4.91,KEM,True,2025-11-21T06:37:51.894972,,1158
Classic-McEliece-8192128f,decap,1024,1,2.5,1,1,0,ip-172-31-41-169,linux,0,203.7606,4.91,KEM,True,2025-11-21T06:37:52.099003,,1159
Classic-McEliece-8192128f,decap,1024,1,2.5,1,1,0,ip-172-31-41-169,linux,0,204.1371,4.9,KEM,True,2025-11-21T06:37:52.303409,,1160
Classic-McEliece-8192128f,decap,1024,16,2.5,1,1,0,ip-172-31-41-169,linux,0,203.6623,4.91,KEM,True,2025-11-21T06:37:52.507341,,1161
Classic-McEliece-8192128f,decap,1024,16,2.5,1,1,0,ip-172-31-41-169,linux,0,203.7551,4.91,KEM,True,2025-11-21T06:37:52.711382,,1162
Classic-McEliece-8192128f,decap,1024,16,2.5,1,1,0,ip-172-31-41-169,linux,0,203.6398,4.91,KEM,True,2025-11-21T06:37:52.915330,,1163
Classic-McEliece-8192128f,decap,1024,16,2.5,1,1,0,ip-172-31-41-169,linux,0,203.7184,4.91,KEM,True,2025-11-21T06:37:53.119363,,1164
Classic-McEliece-8192128f,decap,1024,16,2.5,1,1,0,ip-172-31-41-169,linux,0,203.6164,4.91,KEM,True,2025-11-21T06:37:53.323293,,1165
Classic-McEliece-8192128f,decap,1024,64,2.5,1,1,0,ip-172-31-41-169,linux,0,203.7066,4.91,KEM,True,2025-11-21T06:37:53.527299,,1166
Classic-McEliece-8192128f,decap,1024,64,2.5,1,1,0,ip-172-31-41-169,linux,0,203.6618,4.91,KEM,True,2025-11-21T06:37:53.731267,,1167
Classic-McEliece-8192128f,decap,1024,64,2.5,1,1,0,ip-172-31-41-169,linux,0,203.7181,4.91,KEM,True,2025-11-21T06:37:53.935301,,1168
Classic-McEliece-8192128f,decap,1024,64,2.5,1,1,0,ip-172-31-41-169,linux,0,203.6352,4.91,KEM,True,2025-11-21T06:37:54.139249,,1169
Classic-McEliece-8192128f,decap,1024,64,2.5,1,1,0,ip-172-31-41-169,linux,0,203.9141,4.9,KEM,True,2025-11-21T06:37:54.343429,,1170
FrodoKEM-1344-AES,keygen,0,1,2.5,1,1,0,ip-172-31-41-169,linux,0,1.9651,508.87,KEM,True,2025-11-21T06:37:54.345498,,1171
FrodoKEM-1344-AES,keygen,0,1,2.5,1,1,0,ip-172-31-41-169,linux,0,1.8103,552.4,KEM,True,2025-11-21T06:37:54.347382,,1172
FrodoKEM-1344-AES,keygen,0,1,2.5,1,1,0,ip-172-31-41-169,linux,0,1.8255,547.8,KEM,True,2025-11-21T06:37:54.349264,,1173
FrodoKEM-1344-AES,keygen,0,1,2.5,1,1,0,ip-172-31-41-169,linux,0,1.8032,554.57,KEM,True,2025-11-21T06:37:54.351175,,1174
FrodoKEM-1344-AES,keygen,0,1,2.5,1,1,0,ip-172-31-41-169,linux,0,1.7978,556.22,KEM,True,2025-11-21T06:37:54.353024,,1175
FrodoKEM-1344-AES,keygen,0,16,2.5,1,1,0,ip-172-31-41-169,linux,0,1.7944,557.3,KEM,True,2025-11-21T06:37:54.354868,,1176
FrodoKEM-1344-AES,keygen,0,16,2.5,1,1,0,ip-172-31-41-169,linux,0,1.8177,550.15,KEM,True,2025-11-21T06:37:54.356732,,1177
FrodoKEM-1344-AES,keygen,0,16,2.5,1,1,0,ip-172-31-41-169,linux,0,1.8001,555.52,KEM,True,2025-11-21T06:37:54.358580,,1178
FrodoKEM-1344-AES,keygen,0,16,2.5,1,1,0,ip-172-31-41-169,linux,0,1.8009,555.27,KEM,True,2025-11-21T06:37:54.360426,,1179
FrodoKEM-1344-AES,keygen,0,16,2.5,1,1,0,ip-172-31-41-169,linux,0,1.7922,557.96,KEM,True,2025-11-21T06:37:54.362264,,1180
FrodoKEM-1344-AES,keygen,0,64,2.5,1,1,0,ip-172-31-41-169,linux,0,1.7835,560.69,KEM,True,2025-11-21T06:37:54.364093,,1181
FrodoKEM-1344-AES,keygen,0,64,2.5,1,1,0,ip-172-31-41-169,linux,0,1.7931,557.7,KEM,True,2025-11-21T06:37:54.365929,,1182
FrodoKEM-1344-AES,keygen,0,64,2.5,1,1,0,ip-172-31-41-169,linux,0,1.7842,560.46,KEM,True,2025-11-21T06:37:54.367756,,1183
FrodoKEM-1344-AES,keygen,0,64,2.5,1,1,0,ip-172-31-41-169,linux,0,1.7878,559.36,KEM,True,2025-11-21T06:37:54.369586,,1184
FrodoKEM-1344-AES,keygen,0,64,2.5,1,1,0,ip-172-31-41-169,linux,0,1.7803,561.71,KEM,True,2025-11-21T06:37:54.371408,,1185
FrodoKEM-1344-AES,keygen,1024,1,2.5,1,1,0,ip-172-31-41-169,linux,0,1.7923,557.94,KEM,True,2025-11-21T06:37:54.373244,,1186
FrodoKEM-1344-AES,keygen,1024,1,2.5,1,1,0,ip-172-31-41-169,linux,0,1.772,564.34,KEM,True,2025-11-21T06:37:54.375057,,1187
FrodoKEM-1344-AES,keygen,1024,1,2.5,1,1,0,ip-172-31-41-169,linux,0,1.7893,558.88,KEM,True,2025-11-21T06:37:54.376886,,1188
FrodoKEM-1344-AES,keygen,1024,1,2.5,1,1,0,ip-172-31-41-169,linux,0,1.7816,561.29,KEM,True,2025-11-21T06:37:54.378709,,1189
FrodoKEM-1344-AES,keygen,1024,1,2.5,1,1,0,ip-172-31-41-169,linux,0,1.8291,546.72,KEM,True,2025-11-21T06:37:54.380581,,1190
FrodoKEM-1344-AES,keygen,1024,16,2.5,1,1,0,ip-172-31-41-169,linux,0,1.786,559.9,KEM,True,2025-11-21T06:37:54.382417,,1191
FrodoKEM-1344-AES,keygen,1024,16,2.5,1,1,0,ip-172-31-41-169,linux,0,1.7898,558.73,KEM,True,2025-11-21T06:37:54.384249,,1192
FrodoKEM-1344-AES,keygen,1024,16,2.5,1,1,0,ip-172-31-41-169,linux,0,1.7748,563.45,KEM,True,2025-11-21T06:37:54.386066,,1193
FrodoKEM-1344-AES,keygen,1024,16,2.5,1,1,0,ip-172-31-41-169,linux,0,1.7863,559.8,KEM,True,2025-11-21T06:37:54.387892,,1194
FrodoKEM-1344-AES,keygen,1024,16,2.5,1,1,0,ip-172-31-41-169,linux,0,1.7856,560.05,KEM,True,2025-11-21T06:37:54.389719,,1195
FrodoKEM-1344-AES,keygen,1024,64,2.5,1,1,0,ip-172-31-41-169,linux,0,1.7807,561.57,KEM,True,2025-11-21T06:37:54.391542,,1196
FrodoKEM-1344-AES,keygen,1024,64,2.5,1,1,0,ip-172-31-41-169,linux,0,1.786,559.92,KEM,True,2025-11-21T06:37:54.393368,,1197
FrodoKEM-1344-AES,keygen,1024,64,2.5,1,1,0,ip-172-31-41-169,linux,0,1.782,561.16,KEM,True,2025-11-21T06:37:54.395192,,1198
FrodoKEM-1344-AES,keygen,1024,64,2.5,1,1,0,ip-172-31-41-169,linux,0,1.7987,555.95,KEM,True,2025-11-21T06:37:54.397032,,1199
FrodoKEM-1344-AES,keygen,1024,64,2.5,1,1,0,ip-172-31-41-169,linux,0,1.7899,558.69,KEM,True,2025-11-21T06:37:54.398866,,1200
FrodoKEM-1344-AES,encap,0,1,2.5,1,1,0,ip-172-31-41-169,linux,0,4.0955,244.17,KEM,True,2025-11-21T06:37:54.403027,,1201
FrodoKEM-1344-AES,encap,0,1,2.5,1,1,0,ip-172-31-41-169,linux,0,4.1195,242.75,KEM,True,2025-11-21T06:37:54.407215,,1202
FrodoKEM-1344-AES,encap,0,1,2.5,1,1,0,ip-172-31-41-169,linux,0,4.0627,246.14,KEM,True,2025-11-21T06:37:54.411349,,1203
FrodoKEM-1344-AES,encap,0,1,2.5,1,1,0,ip-172-31-41-169,linux,0,4.051,246.85,KEM,True,2025-11-21T06:37:54.415472,,1204
FrodoKEM-1344-AES,encap,0,1,2.5,1,1,0,ip-172-31-41-169,linux,0,4.0515,246.82,KEM,True,2025-11-21T06:37:54.419596,,1205
FrodoKEM-1344-AES,encap,0,16,2.5,1,1,0,ip-172-31-41-169,linux,0,4.0988,243.98,KEM,True,2025-11-21T06:37:54.423775,,1206
FrodoKEM-1344-AES,encap,0,16,2.5,1,1,0,ip-172-31-41-169,linux,0,4.1399,241.55,KEM,True,2025-11-21T06:37:54.428005,,1207
FrodoKEM-1344-AES,encap,0,16,2.5,1,1,0,ip-172-31-41-169,linux,0,4.0287,248.22,KEM,True,2025-11-21T06:37:54.432115,,1208
FrodoKEM-1344-AES,encap,0,16,2.5,1,1,0,ip-172-31-41-169,linux,0,4.0201,248.75,KEM,True,2025-11-21T06:37:54.436211,,1209
FrodoKEM-1344-AES,encap,0,16,2.5,1,1,0,ip-172-31-41-169,linux,0,4.0184,248.86,KEM,True,2025-11-21T06:37:54.440299,,1210
FrodoKEM-1344-AES,encap,0,64,2.5,1,1,0,ip-172-31-41-169,linux,0,4.0304,248.12,KEM,True,2025-11-21T06:37:54.444396,,1211
FrodoKEM-1344-AES,encap,0,64,2.5,1,1,0,ip-172-31-41-169,linux,0,4.0173,248.92,KEM,True,2025-11-21T06:37:54.448476,,1212
FrodoKEM-1344-AES,encap,0,64,2.5,1,1,0,ip-172-31-41-169,linux,0,4.0099,249.39,KEM,True,2025-11-21T06:37:54.452547,,1213
FrodoKEM-1344-AES,encap,0,64,2.5,1,1,0,ip-172-31-41-169,linux,0,4.0105,249.35,KEM,True,2025-11-21T06:37:54.456620,,1214
FrodoKEM-1344-AES,encap,0,64,2.5,1,1,0,ip-172-31-41-169,linux,0,4.013,249.19,KEM,True,2025-11-21T06:37:54.460691,,1215
FrodoKEM-1344-AES,encap,1024,1,2.5,1,1,0,ip-172-31-41-169,linux,0,3.9996,250.03,KEM,True,2025-11-21T06:37:54.464753,,1216
FrodoKEM-1344-AES,encap,1024,1,2.5,1,1,0,ip-172-31-41-169,linux,0,4.0989,243.97,KEM,True,2025-11-21T06:37:54.468913,,1217
FrodoKEM-1344-AES,encap,1024,1,2.5,1,1,0,ip-172-31-41-169,linux,0,4.0372,247.7,KEM,True,2025-11-21T06:37:54.473017,,1218
FrodoKEM-1344-AES,encap,1024,1,2.5,1,1,0,ip-172-31-41-169,linux,0,4.0363,247.75,KEM,True,2025-11-21T06:37:54.477123,,1219
FrodoKEM-1344-AES,encap,1024,1,2.5,1,1,0,ip-172-31-41-169,linux,0,4.0465,247.13,KEM,True,2025-11-21T06:37:54.481245,,1220
FrodoKEM-1344-AES,encap,1024,16,2.5,1,1,0,ip-172-31-41-169,linux,0,4.0447,247.24,KEM,True,2025-11-21T06:37:54.485366,,1221
FrodoKEM-1344-AES,encap,1024,16,2.5,1,1,0,ip-172-31-41-169,linux,0,4.0401,247.52,KEM,True,2025-11-21T06:37:54.489478,,1222
FrodoKEM-1344-AES,encap,1024,16,2.5,1,1,0,ip-172-31-41-169,linux,0,4.0346,247.86,KEM,True,2025-11-21T06:37:54.493583,,1223
FrodoKEM-1344-AES,encap,1024,16,2.5,1,1,0,ip-172-31-41-169,linux,0,4.0231,248.57,KEM,True,2025-11-21T06:37:54.497673,,1224
FrodoKEM-1344-AES,encap,1024,16,2.5,1,1,0,ip-172-31-41-169,linux,0,4.0337,247.91,KEM,True,2025-11-21T06:37:54.501772,,1225
FrodoKEM-1344-AES,encap,1024,64,2.5,1,1,0,ip-172-31-41-169,linux,0,4.0405,247.5,KEM,True,2025-11-21T06:37:54.505882,,1226
FrodoKEM-1344-AES,encap,1024,64,2.5,1,1,0,ip-172-31-41-169,linux,0,4.0549,246.61,KEM,True,2025-11-21T06:37:54.510006,,1227
FrodoKEM-1344-AES,encap,1024,64,2.5,1,1,0,ip-172-31-41-169,linux,0,4.033,247.95,KEM,True,2025-11-21T06:37:54.514109,,1228
FrodoKEM-1344-AES,encap,1024,64,2.5,1,1,0,ip-172-31-41-169,linux,0,4.0408,247.48,KEM,True,2025-11-21T06:37:54.518229,,1229
FrodoKEM-1344-AES,encap,1024,64,2.5,1,1,0,ip-172-31-41-169,linux,0,4.035,247.83,KEM,True,2025-11-21T06:37:54.522332,,1230
FrodoKEM-1344-AES,decap,0,1,2.5,1,1,0,ip-172-31-41-169,linux,0,6.2445,160.14,KEM,True,2025-11-21T06:37:54.528665,,1231
FrodoKEM-1344-AES,decap,0,1,2.5,1,1,0,ip-172-31-41-169,linux,0,6.2038,161.19,KEM,True,2025-11-21T06:37:54.534951,,1232
FrodoKEM-1344-AES,decap,0,1,2.5,1,1,0,ip-172-31-41-169,linux,0,6.2295,160.53,KEM,True,2025-11-21T06:37:54.541258,,1233
FrodoKEM-1344-AES,decap,0,1,2.5,1,1,0,ip-172-31-41-169,linux,0,6.166,162.18,KEM,True,2025-11-21T06:37:54.547503,,1234
FrodoKEM-1344-AES,decap,0,1,2.5,1,1,0,ip-172-31-41-169,linux,0,6.1695,162.09,KEM,True,2025-11-21T06:37:54.553750,,1235
FrodoKEM-1344-AES,decap,0,16,2.5,1,1,0,ip-172-31-41-169,linux,0,6.1745,161.96,KEM,True,2025-11-21T06:37:54.560004,,1236
FrodoKEM-1344-AES,decap,0,16,2.5,1,1,0,ip-172-31-41-169,linux,0,6.1895,161.57,KEM,True,2025-11-21T06:37:54.566276,,1237
FrodoKEM-1344-AES,decap,0,16,2.5,1,1,0,ip-172-31-41-169,linux,0,6.1732,161.99,KEM,True,2025-11-21T06:37:54.572526,,1238
FrodoKEM-1344-AES,decap,0,16,2.5,1,1,0,ip-172-31-41-169,linux,0,6.1989,161.32,KEM,True,2025-11-21T06:37:54.578796,,1239
FrodoKEM-1344-AES,decap,0,16,2.5,1,1,0,ip-172-31-41-169,linux,0,6.1771,161.89,KEM,True,2025-11-21T06:37:54.585045,,1240
FrodoKEM-1344-AES,decap,0,64,2.5,1,1,0,ip-172-31-41-169,linux,0,6.2473,160.07,KEM,True,2025-11-21T06:37:54.591435,,1241
FrodoKEM-1344-AES,decap,0,64,2.5,1,1,0,ip-172-31-41-169,linux,0,6.1741,161.97,KEM,True,2025-11-21T06:37:54.597686,,1242
FrodoKEM-1344-AES,decap,0,64,2.5,1,1,0,ip-172-31-41-169,linux,0,6.1556,162.45,KEM,True,2025-11-21T06:37:54.603915,,1243
FrodoKEM-1344-AES,decap,0,64,2.5,1,1,0,ip-172-31-41-169,linux,0,6.2066,161.12,KEM,True,2025-11-21T06:37:54.610198,,1244
FrodoKEM-1344-AES,decap,0,64,2.5,1,1,0,ip-172-31-41-169,linux,0,6.1847,161.69,KEM,True,2025-11-21T06:37:54.616460,,1245
FrodoKEM-1344-AES,decap,1024,1,2.5,1,1,0,ip-172-31-41-169,linux,0,6.1903,161.54,KEM,True,2025-11-21T06:37:54.622732,,1246
FrodoKEM-1344-AES,decap,1024,1,2.5,1,1,0,ip-172-31-41-169,linux,0,6.1757,161.93,KEM,True,2025-11-21T06:37:54.628986,,1247
FrodoKEM-1344-AES,decap,1024,1,2.5,1,1,0,ip-172-31-41-169,linux,0,6.1556,162.45,KEM,True,2025-11-21T06:37:54.635219,,1248
FrodoKEM-1344-AES,decap,1024,1,2.5,1,1,0,ip-172-31-41-169,linux,0,6.2051,161.16,KEM,True,2025-11-21T06:37:54.641498,,1249
FrodoKEM-1344-AES,decap,1024,1,2.5,1,1,0,ip-172-31-41-169,linux,0,6.1559,162.45,KEM,True,2025-11-21T06:37:54.647725,,1250
FrodoKEM-1344-AES,decap,1024,16,2.5,1,1,0,ip-172-31-41-169,linux,0,6.1778,161.87,KEM,True,2025-11-21T06:37:54.653976,,1251
FrodoKEM-1344-AES,decap,1024,16,2.5,1,1,0,ip-172-31-41-169,linux,0,6.1799,161.81,KEM,True,2025-11-21T06:37:54.660233,,1252
FrodoKEM-1344-AES,decap,1024,16,2.5,1,1,0,ip-172-31-41-169,linux,0,6.3837,156.65,KEM,True,2025-11-21T06:37:54.666695,,1253
FrodoKEM-1344-AES,decap,1024,16,2.5,1,1,0,ip-172-31-41-169,linux,0,6.2022,161.23,KEM,True,2025-11-21T06:37:54.672987,,1254
FrodoKEM-1344-AES,decap,1024,16,2.5,1,1,0,ip-172-31-41-169,linux,0,6.1815,161.77,KEM,True,2025-11-21T06:37:54.679251,,1255
FrodoKEM-1344-AES,decap,1024,64,2.5,1,1,0,ip-172-31-41-169,linux,0,6.1903,161.54,KEM,True,2025-11-21T06:37:54.685520,,1256
FrodoKEM-1344-AES,decap,1024,64,2.5,1,1,0,ip-172-31-41-169,linux,0,6.2176,160.83,KEM,True,2025-11-21T06:37:54.691812,,1257
FrodoKEM-1344-AES,decap,1024,64,2.5,1,1,0,ip-172-31-41-169,linux,0,6.172,162.02,KEM,True,2025-11-21T06:37:54.698056,,1258
FrodoKEM-1344-AES,decap,1024,64,2.5,1,1,0,ip-172-31-41-169,linux,0,6.2069,161.11,KEM,True,2025-11-21T06:37:54.704335,,1259
FrodoKEM-1344-AES,decap,1024,64,2.5,1,1,0,ip-172-31-41-169,linux,0,6.2,161.29,KEM,True,2025-11-21T06:37:54.710609,,1260
FrodoKEM-1344-SHAKE,keygen,0,1,2.5,1,1,0,ip-172-31-41-169,linux,0,3.1805,314.41,KEM,True,2025-11-21T06:37:54.713869,,1261
FrodoKEM-1344-SHAKE,keygen,0,1,2.5,1,1,0,ip-172-31-41-169,linux,0,3.0935,323.26,KEM,True,2025-11-21T06:37:54.717027,,1262
FrodoKEM-1344-SHAKE,keygen,0,1,2.5,1,1,0,ip-172-31-41-169,linux,0,3.0977,322.82,KEM,True,2025-11-21T06:37:54.720184,,1263
FrodoKEM-1344-SHAKE,keygen,0,1,2.5,1,1,0,ip-172-31-41-169,linux,0,3.1158,320.95,KEM,True,2025-11-21T06:37:54.723358,,1264
FrodoKEM-1344-SHAKE,keygen,0,1,2.5,1,1,0,ip-172-31-41-169,linux,0,3.1078,321.77,KEM,True,2025-11-21T06:37:54.726525,,1265
FrodoKEM-1344-SHAKE,keygen,0,16,2.5,1,1,0,ip-172-31-41-169,linux,0,3.0915,323.46,KEM,True,2025-11-21T06:37:54.729674,,1266
FrodoKEM-1344-SHAKE,keygen,0,16,2.5,1,1,0,ip-172-31-41-169,linux,0,3.0846,324.19,KEM,True,2025-11-21T06:37:54.732810,,1267
FrodoKEM-1344-SHAKE,keygen,0,16,2.5,1,1,0,ip-172-31-41-169,linux,0,3.1013,322.45,KEM,True,2025-11-21T06:37:54.735963,,1268
FrodoKEM-1344-SHAKE,keygen,0,16,2.5,1,1,0,ip-172-31-41-169,linux,0,3.1015,322.43,KEM,True,2025-11-21T06:37:54.739116,,1269
FrodoKEM-1344-SHAKE,keygen,0,16,2.5,1,1,0,ip-172-31-41-169,linux,0,3.086,324.05,KEM,True,2025-11-21T06:37:54.742268,,1270
FrodoKEM-1344-SHAKE,keygen,0,64,2.5,1,1,0,ip-172-31-41-169,linux,0,3.0833,324.33,KEM,True,2025-11-21T06:37:54.745403,,1271
FrodoKEM-1344-SHAKE,keygen,0,64,2.5,1,1,0,ip-172-31-41-169,linux,0,3.1037,322.2,KEM,True,2025-11-21T06:37:54.748558,,1272
FrodoKEM-1344-SHAKE,keygen,0,64,2.5,1,1,0,ip-172-31-41-169,linux,0,3.0778,324.91,KEM,True,2025-11-21T06:37:54.751687,,1273
FrodoKEM-1344-SHAKE,keygen,0,64,2.5,1,1,0,ip-172-31-41-169,linux,0,3.1079,321.77,KEM,True,2025-11-21T06:37:54.754846,,1274
FrodoKEM-1344-SHAKE,keygen,0,64,2.5,1,1,0,ip-172-31-41-169,linux,0,3.0984,322.74,KEM,True,2025-11-21T06:37:54.757997,,1275
FrodoKEM-1344-SHAKE,keygen,1024,1,2.5,1,1,0,ip-172-31-41-169,linux,0,3.1213,320.37,KEM,True,2025-11-21T06:37:54.761175,,1276
FrodoKEM-1344-SHAKE,keygen,1024,1,2.5,1,1,0,ip-172-31-41-169,linux,0,3.1298,319.51,KEM,True,2025-11-21T06:37:54.764360,,1277
FrodoKEM-1344-SHAKE,keygen,1024,1,2.5,1,1,0,ip-172-31-41-169,linux,0,3.1001,322.57,KEM,True,2025-11-21T06:37:54.767519,,1278
FrodoKEM-1344-SHAKE,keygen,1024,1,2.5,1,1,0,ip-172-31-41-169,linux,0,3.0915,323.47,KEM,True,2025-11-21T06:37:54.770666,,1279
FrodoKEM-1344-SHAKE,keygen,1024,1,2.5,1,1,0,ip-172-31-41-169,linux,0,3.1218,320.32,KEM,True,2025-11-21T06:37:54.773844,,1280
FrodoKEM-1344-SHAKE,keygen,1024,16,2.5,1,1,0,ip-172-31-41-169,linux,0,3.1047,322.1,KEM,True,2025-11-21T06:37:54.777008,,1281
FrodoKEM-1344-SHAKE,keygen,1024,16,2.5,1,1,0,ip-172-31-41-169,linux,0,3.0971,322.88,KEM,True,2025-11-21T06:37:54.780158,,1282
FrodoKEM-1344-SHAKE,keygen,1024,16,2.5,1,1,0,ip-172-31-41-169,linux,0,3.0945,323.16,KEM,True,2025-11-21T06:37:54.783304,,1283
FrodoKEM-1344-SHAKE,keygen,1024,16,2.5,1,1,0,ip-172-31-41-169,linux,0,3.1135,321.18,KEM,True,2025-11-21T06:37:54.786470,,1284
FrodoKEM-1344-SHAKE,keygen,1024,16,2.5,1,1,0,ip-172-31-41-169,linux,0,3.1151,321.02,KEM,True,2025-11-21T06:37:54.789640,,1285
FrodoKEM-1344-SHAKE,keygen,1024,64,2.5,1,1,0,ip-172-31-41-169,linux,0,3.0874,323.9,KEM,True,2025-11-21T06:37:54.792783,,1286
FrodoKEM-1344-SHAKE,keygen,1024,64,2.5,1,1,0,ip-172-31-41-169,linux,0,3.0981,322.78,KEM,True,2025-11-21T06:37:54.795934,,1287
FrodoKEM-1344-SHAKE,keygen,1024,64,2.5,1,1,0,ip-172-31-41-169,linux,0,3.1422,318.25,KEM,True,2025-11-21T06:37:54.799134,,1288
FrodoKEM-1344-SHAKE,keygen,1024,64,2.5,1,1,0,ip-172-31-41-169,linux,0,3.1125,321.29,KEM,True,2025-11-21T06:37:54.802314,,1289
FrodoKEM-1344-SHAKE,keygen,1024,64,2.5,1,1,0,ip-172-31-41-169,linux,0,3.1123,321.3,KEM,True,2025-11-21T06:37:54.805482,,1290
FrodoKEM-1344-SHAKE,encap,0,1,2.5,1,1,0,ip-172-31-41-169,linux,0,6.501,153.82,KEM,True,2025-11-21T06:37:54.812066,,1291
FrodoKEM-1344-SHAKE,encap,0,1,2.5,1,1,0,ip-172-31-41-169,linux,0,6.5348,153.03,KEM,True,2025-11-21T06:37:54.818677,,1292
FrodoKEM-1344-SHAKE,encap,0,1,2.5,1,1,0,ip-172-31-41-169,linux,0,6.5522,152.62,KEM,True,2025-11-21T06:37:54.825310,,1293
FrodoKEM-1344-SHAKE,encap,0,1,2.5,1,1,0,ip-172-31-41-169,linux,0,6.4953,153.96,KEM,True,2025-11-21T06:37:54.831882,,1294
FrodoKEM-1344-SHAKE,encap,0,1,2.5,1,1,0,ip-172-31-41-169,linux,0,6.5791,152.0,KEM,True,2025-11-21T06:37:54.838543,,1295
FrodoKEM-1344-SHAKE,encap,0,16,2.5,1,1,0,ip-172-31-41-169,linux,0,6.5605,152.43,KEM,True,2025-11-21T06:37:54.845187,,1296
FrodoKEM-1344-SHAKE,encap,0,16,2.5,1,1,0,ip-172-31-41-169,linux,0,6.4758,154.42,KEM,True,2025-11-21T06:37:54.851740,,1297
FrodoKEM-1344-SHAKE,encap,0,16,2.5,1,1,0,ip-172-31-41-169,linux,0,6.4885,154.12,KEM,True,2025-11-21T06:37:54.858307,,1298
FrodoKEM-1344-SHAKE,encap,0,16,2.5,1,1,0,ip-172-31-41-169,linux,0,6.492,154.04,KEM,True,2025-11-21T06:37:54.864878,,1299
FrodoKEM-1344-SHAKE,encap,0,16,2.5,1,1,0,ip-172-31-41-169,linux,0,6.5132,153.54,KEM,True,2025-11-21T06:37:54.871468,,1300
FrodoKEM-1344-SHAKE,encap,0,64,2.5,1,1,0,ip-172-31-41-169,linux,0,6.4839,154.23,KEM,True,2025-11-21T06:37:54.878029,,1301
FrodoKEM-1344-SHAKE,encap,0,64,2.5,1,1,0,ip-172-31-41-169,linux,0,6.4813,154.29,KEM,True,2025-11-21T06:37:54.884584,,1302
FrodoKEM-1344-SHAKE,encap,0,64,2.5,1,1,0,ip-172-31-41-169,linux,0,6.4563,154.89,KEM,True,2025-11-21T06:37:54.891113,,1303
FrodoKEM-1344-SHAKE,encap,0,64,2.5,1,1,0,ip-172-31-41-169,linux,0,6.452,154.99,KEM,True,2025-11-21T06:37:54.897642,,1304
FrodoKEM-1344-SHAKE,encap,0,64,2.5,1,1,0,ip-172-31-41-169,linux,0,6.482,154.27,KEM,True,2025-11-21T06:37:54.904195,,1305
FrodoKEM-1344-SHAKE,encap,1024,1,2.5,1,1,0,ip-172-31-41-169,linux,0,6.4723,154.5,KEM,True,2025-11-21T06:37:54.910740,,1306
FrodoKEM-1344-SHAKE,encap,1024,1,2.5,1,1,0,ip-172-31-41-169,linux,0,6.4928,154.02,KEM,True,2025-11-21T06:37:54.917338,,1307
FrodoKEM-1344-SHAKE,encap,1024,1,2.5,1,1,0,ip-172-31-41-169,linux,0,6.464,154.7,KEM,True,2025-11-21T06:37:54.923873,,1308
FrodoKEM-1344-SHAKE,encap,1024,1,2.5,1,1,0,ip-172-31-41-169,linux,0,6.493,154.01,KEM,True,2025-11-21T06:37:54.930439,,1309
FrodoKEM-1344-SHAKE,encap,1024,1,2.5,1,1,0,ip-172-31-41-169,linux,0,6.4776,154.38,KEM,True,2025-11-21T06:37:54.936991,,1310
FrodoKEM-1344-SHAKE,encap,1024,16,2.5,1,1,0,ip-172-31-41-169,linux,0,6.4645,154.69,KEM,True,2025-11-21T06:37:54.943529,,1311
FrodoKEM-1344-SHAKE,encap,1024,16,2.5,1,1,0,ip-172-31-41-169,linux,0,6.4765,154.4,KEM,True,2025-11-21T06:37:54.950078,,1312
FrodoKEM-1344-SHAKE,encap,1024,16,2.5,1,1,0,ip-172-31-41-169,linux,0,6.4567,154.88,KEM,True,2025-11-21T06:37:54.956622,,1313
FrodoKEM-1344-SHAKE,encap,1024,16,2.5,1,1,0,ip-172-31-41-169,linux,0,6.4721,154.51,KEM,True,2025-11-21T06:37:54.963165,,1314
FrodoKEM-1344-SHAKE,encap,1024,16,2.5,1,1,0,ip-172-31-41-169,linux,0,6.4978,153.9,KEM,True,2025-11-21T06:37:54.969737,,1315
FrodoKEM-1344-SHAKE,encap,1024,64,2.5,1,1,0,ip-172-31-41-169,linux,0,6.4758,154.42,KEM,True,2025-11-21T06:37:54.976289,,1316
FrodoKEM-1344-SHAKE,encap,1024,64,2.5,1,1,0,ip-172-31-41-169,linux,0,6.4539,154.95,KEM,True,2025-11-21T06:37:54.982819,,1317
FrodoKEM-1344-SHAKE,encap,1024,64,2.5,1,1,0,ip-172-31-41-169,linux,0,6.4682,154.6,KEM,True,2025-11-21T06:37:54.989359,,1318
FrodoKEM-1344-SHAKE,encap,1024,64,2.5,1,1,0,ip-172-31-41-169,linux,0,6.4584,154.84,KEM,True,2025-11-21T06:37:54.995887,,1319
FrodoKEM-1344-SHAKE,encap,1024,64,2.5,1,1,0,ip-172-31-41-169,linux,0,6.4944,153.98,KEM,True,2025-11-21T06:37:55.002454,,1320
FrodoKEM-1344-SHAKE,decap,0,1,2.5,1,1,0,ip-172-31-41-169,linux,0,9.8753,101.26,KEM,True,2025-11-21T06:37:55.012427,,1321
FrodoKEM-1344-SHAKE,decap,0,1,2.5,1,1,0,ip-172-31-41-169,linux,0,9.7864,102.18,KEM,True,2025-11-21T06:37:55.022299,,1322
FrodoKEM-1344-SHAKE,decap,0,1,2.5,1,1,0,ip-172-31-41-169,linux,0,9.8107,101.93,KEM,True,2025-11-21T06:37:55.032195,,1323
FrodoKEM-1344-SHAKE,decap,0,1,2.5,1,1,0,ip-172-31-41-169,linux,0,9.819,101.84,KEM,True,2025-11-21T06:37:55.042100,,1324
FrodoKEM-1344-SHAKE,decap,0,1,2.5,1,1,0,ip-172-31-41-169,linux,0,9.7876,102.17,KEM,True,2025-11-21T06:37:55.051979,,1325
FrodoKEM-1344-SHAKE,decap,0,16,2.5,1,1,0,ip-172-31-41-169,linux,0,9.8005,102.04,KEM,True,2025-11-21T06:37:55.061874,,1326
FrodoKEM-1344-SHAKE,decap,0,16,2.5,1,1,0,ip-172-31-41-169,linux,0,9.7934,102.11,KEM,True,2025-11-21T06:37:55.071751,,1327
FrodoKEM-1344-SHAKE,decap,0,16,2.5,1,1,0,ip-172-31-41-169,linux,0,9.764,102.42,KEM,True,2025-11-21T06:37:55.081593,,1328
FrodoKEM-1344-SHAKE,decap,0,16,2.5,1,1,0,ip-172-31-41-169,linux,0,9.7842,102.21,KEM,True,2025-11-21T06:37:55.091459,,1329
FrodoKEM-1344-SHAKE,decap,0,16,2.5,1,1,0,ip-172-31-41-169,linux,0,9.7961,102.08,KEM,True,2025-11-21T06:37:55.101338,,1330
FrodoKEM-1344-SHAKE,decap,0,64,2.5,1,1,0,ip-172-31-41-169,linux,0,9.7653,102.4,KEM,True,2025-11-21T06:37:55.111187,,1331
FrodoKEM-1344-SHAKE,decap,0,64,2.5,1,1,0,ip-172-31-41-169,linux,0,9.7905,102.14,KEM,True,2025-11-21T06:37:55.121059,,1332
FrodoKEM-1344-SHAKE,decap,0,64,2.5,1,1,0,ip-172-31-41-169,linux,0,9.8155,101.88,KEM,True,2025-11-21T06:37:55.130959,,1333
FrodoKEM-1344-SHAKE,decap,0,64,2.5,1,1,0,ip-172-31-41-169,linux,0,9.8133,101.9,KEM,True,2025-11-21T06:37:55.140858,,1334
FrodoKEM-1344-SHAKE,decap,0,64,2.5,1,1,0,ip-172-31-41-169,linux,0,9.7935,102.11,KEM,True,2025-11-21T06:37:55.150736,,1335
FrodoKEM-1344-SHAKE,decap,1024,1,2.5,1,1,0,ip-172-31-41-169,linux,0,9.7978,102.06,KEM,True,2025-11-21T06:37:55.160623,,1336
FrodoKEM-1344-SHAKE,decap,1024,1,2.5,1,1,0,ip-172-31-41-169,linux,0,9.7978,102.06,KEM,True,2025-11-21T06:37:55.170504,,1337
FrodoKEM-1344-SHAKE,decap,1024,1,2.5,1,1,0,ip-172-31-41-169,linux,0,9.7929,102.11,KEM,True,2025-11-21T06:37:55.180375,,1338
FrodoKEM-1344-SHAKE,decap,1024,1,2.5,1,1,0,ip-172-31-41-169,linux,0,9.7849,102.2,KEM,True,2025-11-21T06:37:55.190238,,1339
FrodoKEM-1344-SHAKE,decap,1024,1,2.5,1,1,0,ip-172-31-41-169,linux,0,9.7675,102.38,KEM,True,2025-11-21T06:37:55.200085,,1340
FrodoKEM-1344-SHAKE,decap,1024,16,2.5,1,1,0,ip-172-31-41-169,linux,0,9.7772,102.28,KEM,True,2025-11-21T06:37:55.209955,,1341
FrodoKEM-1344-SHAKE,decap,1024,16,2.5,1,1,0,ip-172-31-41-169,linux,0,9.8142,101.89,KEM,True,2025-11-21T06:37:55.219852,,1342
FrodoKEM-1344-SHAKE,decap,1024,16,2.5,1,1,0,ip-172-31-41-169,linux,0,9.7733,102.32,KEM,True,2025-11-21T06:37:55.229709,,1343
FrodoKEM-1344-SHAKE,decap,1024,16,2.5,1,1,0,ip-172-31-41-169,linux,0,9.7726,102.33,KEM,True,2025-11-21T06:37:55.239562,,1344
FrodoKEM-1344-SHAKE,decap,1024,16,2.5,1,1,0,ip-172-31-41-169,linux,0,9.7735,102.32,KEM,True,2025-11-21T06:37:55.249417,,1345
FrodoKEM-1344-SHAKE,decap,1024,64,2.5,1,1,0,ip-172-31-41-169,linux,0,9.8556,101.46,KEM,True,2025-11-21T06:37:55.259356,,1346
FrodoKEM-1344-SHAKE,decap,1024,64,2.5,1,1,0,ip-172-31-41-169,linux,0,9.8134,101.9,KEM,True,2025-11-21T06:37:55.269259,,1347
FrodoKEM-1344-SHAKE,decap,1024,64,2.5,1,1,0,ip-172-31-41-169,linux,0,9.7788,102.26,KEM,True,2025-11-21T06:37:55.279123,,1348
FrodoKEM-1344-SHAKE,decap,1024,64,2.5,1,1,0,ip-172-31-41-169,linux,0,9.8151,101.88,KEM,True,2025-11-21T06:37:55.289027,,1349
FrodoKEM-1344-SHAKE,decap,1024,64,2.5,1,1,0,ip-172-31-41-169,linux,0,9.7959,102.08,KEM,True,2025-11-21T06:37:55.298905,,1350
FrodoKEM-640-AES,keygen,0,1,2.5,1,1,0,ip-172-31-41-169,linux,0,0.6612,1512.35,KEM,True,2025-11-21T06:37:55.299653,,1351
FrodoKEM-640-AES,keygen,0,1,2.5,1,1,0,ip-172-31-41-169,linux,0,0.5552,1801.24,KEM,True,2025-11-21T06:37:55.300262,,1352
FrodoKEM-640-AES,keygen,0,1,2.5,1,1,0,ip-172-31-41-169,linux,0,0.559,1789.06,KEM,True,2025-11-21T06:37:55.300867,,1353
FrodoKEM-640-AES,keygen,0,1,2.5,1,1,0,ip-172-31-41-169,linux,0,0.5444,1836.95,KEM,True,2025-11-21T06:37:55.301457,,1354
FrodoKEM-640-AES,keygen,0,1,2.5,1,1,0,ip-172-31-41-169,linux,0,0.5266,1899.12,KEM,True,2025-11-21T06:37:55.302026,,1355
FrodoKEM-640-AES,keygen,0,16,2.5,1,1,0,ip-172-31-41-169,linux,0,0.5367,1863.35,KEM,True,2025-11-21T06:37:55.302605,,1356
FrodoKEM-640-AES,keygen,0,16,2.5,1,1,0,ip-172-31-41-169,linux,0,0.537,1862.09,KEM,True,2025-11-21T06:37:55.303183,,1357
FrodoKEM-640-AES,keygen,0,16,2.5,1,1,0,ip-172-31-41-169,linux,0,0.5287,1891.37,KEM,True,2025-11-21T06:37:55.303753,,1358
FrodoKEM-640-AES,keygen,0,16,2.5,1,1,0,ip-172-31-41-169,linux,0,0.5454,1833.43,KEM,True,2025-11-21T06:37:55.304339,,1359
FrodoKEM-640-AES,keygen,0,16,2.5,1,1,0,ip-172-31-41-169,linux,0,0.5244,1907.08,KEM,True,2025-11-21T06:37:55.304904,,1360
FrodoKEM-640-AES,keygen,0,64,2.5,1,1,0,ip-172-31-41-169,linux,0,0.5348,1869.8,KEM,True,2025-11-21T06:37:55.305481,,1361
FrodoKEM-640-AES,keygen,0,64,2.5,1,1,0,ip-172-31-41-169,linux,0,0.5247,1906.02,KEM,True,2025-11-21T06:37:55.306046,,1362
FrodoKEM-640-AES,keygen,0,64,2.5,1,1,0,ip-172-31-41-169,linux,0,0.5319,1879.98,KEM,True,2025-11-21T06:37:55.306617,,1363
FrodoKEM-640-AES,keygen,0,64,2.5,1,1,0,ip-172-31-41-169,linux,0,0.5369,1862.7,KEM,True,2025-11-21T06:37:55.307193,,1364
FrodoKEM-640-AES,keygen,0,64,2.5,1,1,0,ip-172-31-41-169,linux,0,0.5232,1911.26,KEM,True,2025-11-21T06:37:55.307755,,1365
FrodoKEM-640-AES,keygen,1024,1,2.5,1,1,0,ip-172-31-41-169,linux,0,0.5473,1827.08,KEM,True,2025-11-21T06:37:55.308344,,1366
FrodoKEM-640-AES,keygen,1024,1,2.5,1,1,0,ip-172-31-41-169,linux,0,0.5243,1907.22,KEM,True,2025-11-21T06:37:55.308908,,1367
FrodoKEM-640-AES,keygen,1024,1,2.5,1,1,0,ip-172-31-41-169,linux,0,0.5571,1795.17,KEM,True,2025-11-21T06:37:55.309505,,1368
FrodoKEM-640-AES,keygen,1024,1,2.5,1,1,0,ip-172-31-41-169,linux,0,0.5308,1883.84,KEM,True,2025-11-21T06:37:55.310078,,1369
FrodoKEM-640-AES,keygen,1024,1,2.5,1,1,0,ip-172-31-41-169,linux,0,0.5369,1862.66,KEM,True,2025-11-21T06:37:55.310655,,1370
FrodoKEM-640-AES,keygen,1024,16,2.5,1,1,0,ip-172-31-41-169,linux,0,0.5495,1819.8,KEM,True,2025-11-21T06:37:55.311247,,1371
FrodoKEM-640-AES,keygen,1024,16,2.5,1,1,0,ip-172-31-41-169,linux,0,0.5253,1903.76,KEM,True,2025-11-21T06:37:55.311813,,1372
FrodoKEM-640-AES,keygen,1024,16,2.5,1,1,0,ip-172-31-41-169,linux,0,0.5527,1809.3,KEM,True,2025-11-21T06:37:55.312443,,1373
FrodoKEM-640-AES,keygen,1024,16,2.5,1,1,0,ip-172-31-41-169,linux,0,0.5281,1893.68,KEM,True,2025-11-21T06:37:55.313013,,1374
FrodoKEM-640-AES,keygen,1024,16,2.5,1,1,0,ip-172-31-41-169,linux,0,0.5365,1863.86,KEM,True,2025-11-21T06:37:55.313590,,1375
FrodoKEM-640-AES,keygen,1024,64,2.5,1,1,0,ip-172-31-41-169,linux,0,0.5397,1852.73,KEM,True,2025-11-21T06:37:55.314170,,1376
FrodoKEM-640-AES,keygen,1024,64,2.5,1,1,0,ip-172-31-41-169,linux,0,0.525,1904.72,KEM,True,2025-11-21T06:37:55.314734,,1377
FrodoKEM-640-AES,keygen,1024,64,2.5,1,1,0,ip-172-31-41-169,linux,0,0.5355,1867.31,KEM,True,2025-11-21T06:37:55.315309,,1378
FrodoKEM-640-AES,keygen,1024,64,2.5,1,1,0,ip-172-31-41-169,linux,0,0.5249,1905.26,KEM,True,2025-11-21T06:37:55.315872,,1379
FrodoKEM-640-AES,keygen,1024,64,2.5,1,1,0,ip-172-31-41-169,linux,0,0.5437,1839.12,KEM,True,2025-11-21T06:37:55.316456,,1380
FrodoKEM-640-AES,encap,0,1,2.5,1,1,0,ip-172-31-41-169,linux,0,1.3209,757.07,KEM,True,2025-11-21T06:37:55.317835,,1381
FrodoKEM-640-AES,encap,0,1,2.5,1,1,0,ip-172-31-41-169,linux,0,1.2319,811.76,KEM,True,2025-11-21T06:37:55.319117,,1382
FrodoKEM-640-AES,encap,0,1,2.5,1,1,0,ip-172-31-41-169,linux,0,1.2633,791.6,KEM,True,2025-11-21T06:37:55.320436,,1383
FrodoKEM-640-AES,encap,0,1,2.5,1,1,0,ip-172-31-41-169,linux,0,1.2294,813.4,KEM,True,2025-11-21T06:37:55.321711,,1384
FrodoKEM-640-AES,encap,0,1,2.5,1,1,0,ip-172-31-41-169,linux,0,1.2247,816.54,KEM,True,2025-11-21T06:37:55.322979,,1385
FrodoKEM-640-AES,encap,0,16,2.5,1,1,0,ip-172-31-41-169,linux,0,1.2407,805.99,KEM,True,2025-11-21T06:37:55.324265,,1386
FrodoKEM-640-AES,encap,0,16,2.5,1,1,0,ip-172-31-41-169,linux,0,1.213,824.42,KEM,True,2025-11-21T06:37:55.325522,,1387
FrodoKEM-640-AES,encap,0,16,2.5,1,1,0,ip-172-31-41-169,linux,0,1.2094,826.84,KEM,True,2025-11-21T06:37:55.326773,,1388
FrodoKEM-640-AES,encap,0,16,2.5,1,1,0,ip-172-31-41-169,linux,0,1.2148,823.2,KEM,True,2025-11-21T06:37:55.328029,,1389
FrodoKEM-640-AES,encap,0,16,2.5,1,1,0,ip-172-31-41-169,linux,0,1.2215,818.65,KEM,True,2025-11-21T06:37:55.329298,,1390
FrodoKEM-640-AES,encap,0,64,2.5,1,1,0,ip-172-31-41-169,linux,0,1.2102,826.3,KEM,True,2025-11-21T06:37:55.330553,,1391
FrodoKEM-640-AES,encap,0,64,2.5,1,1,0,ip-172-31-41-169,linux,0,1.2615,792.68,KEM,True,2025-11-21T06:37:55.331856,,1392
FrodoKEM-640-AES,encap,0,64,2.5,1,1,0,ip-172-31-41-169,linux,0,1.2287,813.9,KEM,True,2025-11-21T06:37:55.333131,,1393
FrodoKEM-640-AES,encap,0,64,2.5,1,1,0,ip-172-31-41-169,linux,0,1.2138,823.87,KEM,True,2025-11-21T06:37:55.334396,,1394
FrodoKEM-640-AES,encap,0,64,2.5,1,1,0,ip-172-31-41-169,linux,0,1.2086,827.38,KEM,True,2025-11-21T06:37:55.335645,,1395
FrodoKEM-640-AES,encap,1024,1,2.5,1,1,0,ip-172-31-41-169,linux,0,1.2207,819.21,KEM,True,2025-11-21T06:37:55.336908,,1396
FrodoKEM-640-AES,encap,1024,1,2.5,1,1,0,ip-172-31-41-169,linux,0,1.221,818.98,KEM,True,2025-11-21T06:37:55.338171,,1397
FrodoKEM-640-AES,encap,1024,1,2.5,1,1,0,ip-172-31-41-169,linux,0,1.2103,826.25,KEM,True,2025-11-21T06:37:55.339421,,1398
FrodoKEM-640-AES,encap,1024,1,2.5,1,1,0,ip-172-31-41-169,linux,0,1.2271,814.93,KEM,True,2025-11-21T06:37:55.340730,,1399
FrodoKEM-640-AES,encap,1024,1,2.5,1,1,0,ip-172-31-41-169,linux,0,1.2172,821.55,KEM,True,2025-11-21T06:37:55.341989,,1400
FrodoKEM-640-AES,encap,1024,16,2.5,1,1,0,ip-172-31-41-169,linux,0,1.218,821.0,KEM,True,2025-11-21T06:37:55.343250,,1401
FrodoKEM-640-AES,encap,1024,16,2.5,1,1,0,ip-172-31-41-169,linux,0,1.2202,819.54,KEM,True,2025-11-21T06:37:55.344511,,1402
FrodoKEM-640-AES,encap,1024,16,2.5,1,1,0,ip-172-31-41-169,linux,0,1.213,824.39,KEM,True,2025-11-21T06:37:55.345764,,1403
FrodoKEM-640-AES,encap,1024,16,2.5,1,1,0,ip-172-31-41-169,linux,0,1.209,827.1,KEM,True,2025-11-21T06:37:55.347013,,1404
FrodoKEM-640-AES,encap,1024,16,2.5,1,1,0,ip-172-31-41-169,linux,0,1.2258,815.8,KEM,True,2025-11-21T06:37:55.348280,,1405
FrodoKEM-640-AES,encap,1024,64,2.5,1,1,0,ip-172-31-41-169,linux,0,1.2715,786.44,KEM,True,2025-11-21T06:37:55.349594,,1406
FrodoKEM-640-AES,encap,1024,64,2.5,1,1,0,ip-172-31-41-169,linux,0,1.2241,816.94,KEM,True,2025-11-21T06:37:55.350864,,1407
FrodoKEM-640-AES,encap,1024,64,2.5,1,1,0,ip-172-31-41-169,linux,0,1.2245,816.65,KEM,True,2025-11-21T06:37:55.352131,,1408
FrodoKEM-640-AES,encap,1024,64,2.5,1,1,0,ip-172-31-41-169,linux,0,1.217,821.72,KEM,True,2025-11-21T06:37:55.353400,,1409
FrodoKEM-640-AES,encap,1024,64,2.5,1,1,0,ip-172-31-41-169,linux,0,1.2167,821.93,KEM,True,2025-11-21T06:37:55.354659,,1410
FrodoKEM-640-AES,decap,0,1,2.5,1,1,0,ip-172-31-41-169,linux,0,1.9101,523.54,KEM,True,2025-11-21T06:37:55.356628,,1411
FrodoKEM-640-AES,decap,0,1,2.5,1,1,0,ip-172-31-41-169,linux,0,1.8822,531.28,KEM,True,2025-11-21T06:37:55.358555,,1412
FrodoKEM-640-AES,decap,0,1,2.5,1,1,0,ip-172-31-41-169,linux,0,1.9426,514.78,KEM,True,2025-11-21T06:37:55.360544,,1413
FrodoKEM-640-AES,decap,0,1,2.5,1,1,0,ip-172-31-41-169,linux,0,1.9289,518.42,KEM,True,2025-11-21T06:37:55.362524,,1414
FrodoKEM-640-AES,decap,0,1,2.5,1,1,0,ip-172-31-41-169,linux,0,1.9052,524.89,KEM,True,2025-11-21T06:37:55.364478,,1415
FrodoKEM-640-AES,decap,0,16,2.5,1,1,0,ip-172-31-41-169,linux,0,1.9323,517.52,KEM,True,2025-11-21T06:37:55.366460,,1416
FrodoKEM-640-AES,decap,0,16,2.5,1,1,0,ip-172-31-41-169,linux,0,1.9305,518.01,KEM,True,2025-11-21T06:37:55.368439,,1417
FrodoKEM-640-AES,decap,0,16,2.5,1,1,0,ip-172-31-41-169,linux,0,1.9064,524.56,KEM,True,2025-11-21T06:37:55.370400,,1418
FrodoKEM-640-AES,decap,0,16,2.5,1,1,0,ip-172-31-41-169,linux,0,1.9256,519.31,KEM,True,2025-11-21T06:37:55.372374,,1419
FrodoKEM-640-AES,decap,0,16,2.5,1,1,0,ip-172-31-41-169,linux,0,1.9187,521.18,KEM,True,2025-11-21T06:37:55.374342,,1420
FrodoKEM-640-AES,decap,0,64,2.5,1,1,0,ip-172-31-41-169,linux,0,1.9062,524.62,KEM,True,2025-11-21T06:37:55.376298,,1421
FrodoKEM-640-AES,decap,0,64,2.5,1,1,0,ip-172-31-41-169,linux,0,1.9167,521.73,KEM,True,2025-11-21T06:37:55.378263,,1422
FrodoKEM-640-AES,decap,0,64,2.5,1,1,0,ip-172-31-41-169,linux,0,1.9238,519.8,KEM,True,2025-11-21T06:37:55.380236,,1423
FrodoKEM-640-AES,decap,0,64,2.5,1,1,0,ip-172-31-41-169,linux,0,1.9045,525.08,KEM,True,2025-11-21T06:37:55.382189,,1424
FrodoKEM-640-AES,decap,0,64,2.5,1,1,0,ip-172-31-41-169,linux,0,1.8967,527.22,KEM,True,2025-11-21T06:37:55.384150,,1425
FrodoKEM-640-AES,decap,1024,1,2.5,1,1,0,ip-172-31-41-169,linux,0,1.8831,531.05,KEM,True,2025-11-21T06:37:55.386081,,1426
FrodoKEM-640-AES,decap,1024,1,2.5,1,1,0,ip-172-31-41-169,linux,0,1.9035,525.34,KEM,True,2025-11-21T06:37:55.388029,,1427
FrodoKEM-640-AES,decap,1024,1,2.5,1,1,0,ip-172-31-41-169,linux,0,1.8835,530.93,KEM,True,2025-11-21T06:37:55.389967,,1428
FrodoKEM-640-AES,decap,1024,1,2.5,1,1,0,ip-172-31-41-169,linux,0,1.8882,529.62,KEM,True,2025-11-21T06:37:55.391899,,1429
FrodoKEM-640-AES,decap,1024,1,2.5,1,1,0,ip-172-31-41-169,linux,0,1.9265,519.07,KEM,True,2025-11-21T06:37:55.393870,,1430
FrodoKEM-640-AES,decap,1024,16,2.5,1,1,0,ip-172-31-41-169,linux,0,1.9006,526.14,KEM,True,2025-11-21T06:37:55.395818,,1431
FrodoKEM-640-AES,decap,1024,16,2.5,1,1,0,ip-172-31-41-169,linux,0,1.9015,525.91,KEM,True,2025-11-21T06:37:55.397765,,1432
FrodoKEM-640-AES,decap,1024,16,2.5,1,1,0,ip-172-31-41-169,linux,0,1.8894,529.27,KEM,True,2025-11-21T06:37:55.399700,,1433
FrodoKEM-640-AES,decap,1024,16,2.5,1,1,0,ip-172-31-41-169,linux,0,1.9129,522.77,KEM,True,2025-11-21T06:37:55.401658,,1434
FrodoKEM-640-AES,decap,1024,16,2.5,1,1,0,ip-172-31-41-169,linux,0,1.8902,529.06,KEM,True,2025-11-21T06:37:55.403595,,1435
FrodoKEM-640-AES,decap,1024,64,2.5,1,1,0,ip-172-31-41-169,linux,0,1.8973,527.06,KEM,True,2025-11-21T06:37:55.405540,,1436
FrodoKEM-640-AES,decap,1024,64,2.5,1,1,0,ip-172-31-41-169,linux,0,1.8852,530.44,KEM,True,2025-11-21T06:37:55.407471,,1437
FrodoKEM-640-AES,decap,1024,64,2.5,1,1,0,ip-172-31-41-169,linux,0,1.8898,529.16,KEM,True,2025-11-21T06:37:55.409406,,1438
FrodoKEM-640-AES,decap,1024,64,2.5,1,1,0,ip-172-31-41-169,linux,0,1.9072,524.33,KEM,True,2025-11-21T06:37:55.411359,,1439
FrodoKEM-640-AES,decap,1024,64,2.5,1,1,0,ip-172-31-41-169,linux,0,1.9065,524.51,KEM,True,2025-11-21T06:37:55.413349,,1440
FrodoKEM-640-SHAKE,keygen,0,1,2.5,1,1,0,ip-172-31-41-169,linux,0,0.9146,1093.38,KEM,True,2025-11-21T06:37:55.414328,,1441
FrodoKEM-640-SHAKE,keygen,0,1,2.5,1,1,0,ip-172-31-41-169,linux,0,0.8709,1148.19,KEM,True,2025-11-21T06:37:55.415246,,1442
FrodoKEM-640-SHAKE,keygen,0,1,2.5,1,1,0,ip-172-31-41-169,linux,0,0.8792,1137.43,KEM,True,2025-11-21T06:37:55.416169,,1443
FrodoKEM-640-SHAKE,keygen,0,1,2.5,1,1,0,ip-172-31-41-169,linux,0,0.8555,1168.91,KEM,True,2025-11-21T06:37:55.417067,,1444
FrodoKEM-640-SHAKE,keygen,0,1,2.5,1,1,0,ip-172-31-41-169,linux,0,0.8641,1157.25,KEM,True,2025-11-21T06:37:55.417972,,1445
FrodoKEM-640-SHAKE,keygen,0,16,2.5,1,1,0,ip-172-31-41-169,linux,0,0.8733,1145.03,KEM,True,2025-11-21T06:37:55.418889,,1446
FrodoKEM-640-SHAKE,keygen,0,16,2.5,1,1,0,ip-172-31-41-169,linux,0,0.8653,1155.64,KEM,True,2025-11-21T06:37:55.419796,,1447
FrodoKEM-640-SHAKE,keygen,0,16,2.5,1,1,0,ip-172-31-41-169,linux,0,0.9029,1107.54,KEM,True,2025-11-21T06:37:55.420742,,1448
FrodoKEM-640-SHAKE,keygen,0,16,2.5,1,1,0,ip-172-31-41-169,linux,0,0.8746,1143.43,KEM,True,2025-11-21T06:37:55.421664,,1449
FrodoKEM-640-SHAKE,keygen,0,16,2.5,1,1,0,ip-172-31-41-169,linux,0,0.9001,1110.97,KEM,True,2025-11-21T06:37:55.422609,,1450
FrodoKEM-640-SHAKE,keygen,0,64,2.5,1,1,0,ip-172-31-41-169,linux,0,0.914,1094.08,KEM,True,2025-11-21T06:37:55.423571,,1451
FrodoKEM-640-SHAKE,keygen,0,64,2.5,1,1,0,ip-172-31-41-169,linux,0,0.8976,1114.13,KEM,True,2025-11-21T06:37:55.424514,,1452
FrodoKEM-640-SHAKE,keygen,0,64,2.5,1,1,0,ip-172-31-41-169,linux,0,0.8685,1151.35,KEM,True,2025-11-21T06:37:55.425425,,1453
FrodoKEM-640-SHAKE,keygen,0,64,2.5,1,1,0,ip-172-31-41-169,linux,0,0.8665,1154.11,KEM,True,2025-11-21T06:37:55.426335,,1454
FrodoKEM-640-SHAKE,keygen,0,64,2.5,1,1,0,ip-172-31-41-169,linux,0,0.8846,1130.45,KEM,True,2025-11-21T06:37:55.427259,,1455
FrodoKEM-640-SHAKE,keygen,1024,1,2.5,1,1,0,ip-172-31-41-169,linux,0,0.8713,1147.71,KEM,True,2025-11-21T06:37:55.428174,,1456
FrodoKEM-640-SHAKE,keygen,1024,1,2.5,1,1,0,ip-172-31-41-169,linux,0,0.8766,1140.75,KEM,True,2025-11-21T06:37:55.429091,,1457
FrodoKEM-640-SHAKE,keygen,1024,1,2.5,1,1,0,ip-172-31-41-169,linux,0,0.8699,1149.56,KEM,True,2025-11-21T06:37:55.430003,,1458
FrodoKEM-640-SHAKE,keygen,1024,1,2.5,1,1,0,ip-172-31-41-169,linux,0,0.8722,1146.53,KEM,True,2025-11-21T06:37:55.430915,,1459
FrodoKEM-640-SHAKE,keygen,1024,1,2.5,1,1,0,ip-172-31-41-169,linux,0,0.8987,1112.7,KEM,True,2025-11-21T06:37:55.431942,,1460
FrodoKEM-640-SHAKE,keygen,1024,16,2.5,1,1,0,ip-172-31-41-169,linux,0,0.876,1141.53,KEM,True,2025-11-21T06:37:55.432860,,1461
FrodoKEM-640-SHAKE,keygen,1024,16,2.5,1,1,0,ip-172-31-41-169,linux,0,0.8712,1147.78,KEM,True,2025-11-21T06:37:55.433771,,1462
FrodoKEM-640-SHAKE,keygen,1024,16,2.5,1,1,0,ip-172-31-41-169,linux,0,0.8859,1128.79,KEM,True,2025-11-21T06:37:55.434696,,1463
FrodoKEM-640-SHAKE,keygen,1024,16,2.5,1,1,0,ip-172-31-41-169,linux,0,0.8662,1154.46,KEM,True,2025-11-21T06:37:55.435603,,1464
FrodoKEM-640-SHAKE,keygen,1024,16,2.5,1,1,0,ip-172-31-41-169,linux,0,0.8888,1125.16,KEM,True,2025-11-21T06:37:55.436532,,1465
FrodoKEM-640-SHAKE,keygen,1024,64,2.5,1,1,0,ip-172-31-41-169,linux,0,0.8665,1154.02,KEM,True,2025-11-21T06:37:55.437441,,1466
FrodoKEM-640-SHAKE,keygen,1024,64,2.5,1,1,0,ip-172-31-41-169,linux,0,0.8689,1150.85,KEM,True,2025-11-21T06:37:55.438349,,1467
FrodoKEM-640-SHAKE,keygen,1024,64,2.5,1,1,0,ip-172-31-41-169,linux,0,0.8842,1131.01,KEM,True,2025-11-21T06:37:55.439274,,1468
FrodoKEM-640-SHAKE,keygen,1024,64,2.5,1,1,0,ip-172-31-41-169,linux,0,0.8862,1128.47,KEM,True,2025-11-21T06:37:55.440201,,1469
FrodoKEM-640-SHAKE,keygen,1024,64,2.5,1,1,0,ip-172-31-41-169,linux,0,0.8609,1161.57,KEM,True,2025-11-21T06:37:55.441103,,1470
FrodoKEM-640-SHAKE,encap,0,1,2.5,1,1,0,ip-172-31-41-169,linux,0,1.8778,532.53,KEM,True,2025-11-21T06:37:55.443052,,1471
FrodoKEM-640-SHAKE,encap,0,1,2.5,1,1,0,ip-172-31-41-169,linux,0,1.8747,533.41,KEM,True,2025-11-21T06:37:55.444974,,1472
FrodoKEM-640-SHAKE,encap,0,1,2.5,1,1,0,ip-172-31-41-169,linux,0,1.8687,535.12,KEM,True,2025-11-21T06:37:55.446890,,1473
FrodoKEM-640-SHAKE,encap,0,1,2.5,1,1,0,ip-172-31-41-169,linux,0,1.8738,533.66,KEM,True,2025-11-21T06:37:55.448809,,1474
FrodoKEM-640-SHAKE,encap,0,1,2.5,1,1,0,ip-172-31-41-169,linux,0,1.8674,535.51,KEM,True,2025-11-21T06:37:55.450720,,1475
FrodoKEM-640-SHAKE,encap,0,16,2.5,1,1,0,ip-172-31-41-169,linux,0,1.8797,531.99,KEM,True,2025-11-21T06:37:55.452646,,1476
FrodoKEM-640-SHAKE,encap,0,16,2.5,1,1,0,ip-172-31-41-169,linux,0,1.8675,535.47,KEM,True,2025-11-21T06:37:55.454557,,1477
FrodoKEM-640-SHAKE,encap,0,16,2.5,1,1,0,ip-172-31-41-169,linux,0,1.8608,537.39,KEM,True,2025-11-21T06:37:55.456462,,1478
FrodoKEM-640-SHAKE,encap,0,16,2.5,1,1,0,ip-172-31-41-169,linux,0,1.8716,534.31,KEM,True,2025-11-21T06:37:55.458377,,1479
FrodoKEM-640-SHAKE,encap,0,16,2.5,1,1,0,ip-172-31-41-169,linux,0,1.8924,528.42,KEM,True,2025-11-21T06:37:55.460315,,1480
FrodoKEM-640-SHAKE,encap,0,64,2.5,1,1,0,ip-172-31-41-169,linux,0,1.8807,531.72,KEM,True,2025-11-21T06:37:55.462243,,1481
FrodoKEM-640-SHAKE,encap,0,64,2.5,1,1,0,ip-172-31-41-169,linux,0,1.8665,535.77,KEM,True,2025-11-21T06:37:55.464155,,1482
FrodoKEM-640-SHAKE,encap,0,64,2.5,1,1,0,ip-172-31-41-169,linux,0,1.8654,536.09,KEM,True,2025-11-21T06:37:55.466064,,1483
FrodoKEM-640-SHAKE,encap,0,64,2.5,1,1,0,ip-172-31-41-169,linux,0,1.8803,531.83,KEM,True,2025-11-21T06:37:55.467991,,1484
FrodoKEM-640-SHAKE,encap,0,64,2.5,1,1,0,ip-172-31-41-169,linux,0,1.8733,533.81,KEM,True,2025-11-21T06:37:55.469911,,1485
FrodoKEM-640-SHAKE,encap,1024,1,2.5,1,1,0,ip-172-31-41-169,linux,0,1.8629,536.8,KEM,True,2025-11-21T06:37:55.471820,,1486
FrodoKEM-640-SHAKE,encap,1024,1,2.5,1,1,0,ip-172-31-41-169,linux,0,1.8613,537.25,KEM,True,2025-11-21T06:37:55.473726,,1487
FrodoKEM-640-SHAKE,encap,1024,1,2.5,1,1,0,ip-172-31-41-169,linux,0,1.8707,534.55,KEM,True,2025-11-21T06:37:55.475641,,1488
FrodoKEM-640-SHAKE,encap,1024,1,2.5,1,1,0,ip-172-31-41-169,linux,0,1.8752,533.28,KEM,True,2025-11-21T06:37:55.477561,,1489
FrodoKEM-640-SHAKE,encap,1024,1,2.5,1,1,0,ip-172-31-41-169,linux,0,1.8506,540.37,KEM,True,2025-11-21T06:37:55.479472,,1490
FrodoKEM-640-SHAKE,encap,1024,16,2.5,1,1,0,ip-172-31-41-169,linux,0,1.881,531.62,KEM,True,2025-11-21T06:37:55.481399,,1491
FrodoKEM-640-SHAKE,encap,1024,16,2.5,1,1,0,ip-172-31-41-169,linux,0,1.8761,533.01,KEM,True,2025-11-21T06:37:55.483322,,1492
FrodoKEM-640-SHAKE,encap,1024,16,2.5,1,1,0,ip-172-31-41-169,linux,0,1.8814,531.52,KEM,True,2025-11-21T06:37:55.485248,,1493
FrodoKEM-640-SHAKE,encap,1024,16,2.5,1,1,0,ip-172-31-41-169,linux,0,1.8672,535.55,KEM,True,2025-11-21T06:37:55.487160,,1494
FrodoKEM-640-SHAKE,encap,1024,16,2.5,1,1,0,ip-172-31-41-169,linux,0,1.8475,541.26,KEM,True,2025-11-21T06:37:55.489051,,1495
FrodoKEM-640-SHAKE,encap,1024,64,2.5,1,1,0,ip-172-31-41-169,linux,0,1.8658,535.96,KEM,True,2025-11-21T06:37:55.490962,,1496
FrodoKEM-640-SHAKE,encap,1024,64,2.5,1,1,0,ip-172-31-41-169,linux,0,1.8583,538.13,KEM,True,2025-11-21T06:37:55.492864,,1497
FrodoKEM-640-SHAKE,encap,1024,64,2.5,1,1,0,ip-172-31-41-169,linux,0,1.8773,532.69,KEM,True,2025-11-21T06:37:55.494786,,1498
FrodoKEM-640-SHAKE,encap,1024,64,2.5,1,1,0,ip-172-31-41-169,linux,0,1.8723,534.09,KEM,True,2025-11-21T06:37:55.496703,,1499
FrodoKEM-640-SHAKE,encap,1024,64,2.5,1,1,0,ip-172-31-41-169,linux,0,1.8729,533.92,KEM,True,2025-11-21T06:37:55.498621,,1500
FrodoKEM-640-SHAKE,decap,0,1,2.5,1,1,0,ip-172-31-41-169,linux,0,2.8319,353.12,KEM,True,2025-11-21T06:37:55.501515,,1501
FrodoKEM-640-SHAKE,decap,0,1,2.5,1,1,0,ip-172-31-41-169,linux,0,2.853,350.51,KEM,True,2025-11-21T06:37:55.504416,,1502
FrodoKEM-640-SHAKE,decap,0,1,2.5,1,1,0,ip-172-31-41-169,linux,0,2.8204,354.55,KEM,True,2025-11-21T06:37:55.507284,,1503
FrodoKEM-640-SHAKE,decap,0,1,2.5,1,1,0,ip-172-31-41-169,linux,0,2.8417,351.9,KEM,True,2025-11-21T06:37:55.510173,,1504
FrodoKEM-640-SHAKE,decap,0,1,2.5,1,1,0,ip-172-31-41-169,linux,0,2.8037,356.67,KEM,True,2025-11-21T06:37:55.513023,,1505
FrodoKEM-640-SHAKE,decap,0,16,2.5,1,1,0,ip-172-31-41-169,linux,0,2.8547,350.3,KEM,True,2025-11-21T06:37:55.515965,,1506
FrodoKEM-640-SHAKE,decap,0,16,2.5,1,1,0,ip-172-31-41-169,linux,0,2.8382,352.33,KEM,True,2025-11-21T06:37:55.518855,,1507
FrodoKEM-640-SHAKE,decap,0,16,2.5,1,1,0,ip-172-31-41-169,linux,0,2.8573,349.97,KEM,True,2025-11-21T06:37:55.521762,,1508
FrodoKEM-640-SHAKE,decap,0,16,2.5,1,1,0,ip-172-31-41-169,linux,0,2.8321,353.09,KEM,True,2025-11-21T06:37:55.524645,,1509
FrodoKEM-640-SHAKE,decap,0,16,2.5,1,1,0,ip-172-31-41-169,linux,0,2.8407,352.03,KEM,True,2025-11-21T06:37:55.527536,,1510
FrodoKEM-640-SHAKE,decap,0,64,2.5,1,1,0,ip-172-31-41-169,linux,0,2.838,352.36,KEM,True,2025-11-21T06:37:55.530427,,1511
FrodoKEM-640-SHAKE,decap,0,64,2.5,1,1,0,ip-172-31-41-169,linux,0,2.8373,352.44,KEM,True,2025-11-21T06:37:55.533316,,1512
FrodoKEM-640-SHAKE,decap,0,64,2.5,1,1,0,ip-172-31-41-169,linux,0,2.8117,355.65,KEM,True,2025-11-21T06:37:55.536180,,1513
FrodoKEM-640-SHAKE,decap,0,64,2.5,1,1,0,ip-172-31-41-169,linux,0,2.8268,353.76,KEM,True,2025-11-21T06:37:55.539058,,1514
FrodoKEM-640-SHAKE,decap,0,64,2.5,1,1,0,ip-172-31-41-169,linux,0,2.871,348.31,KEM,True,2025-11-21T06:37:55.541982,,1515
FrodoKEM-640-SHAKE,decap,1024,1,2.5,1,1,0,ip-172-31-41-169,linux,0,2.8409,352.0,KEM,True,2025-11-21T06:37:55.544883,,1516
FrodoKEM-640-SHAKE,decap,1024,1,2.5,1,1,0,ip-172-31-41-169,linux,0,2.8094,355.95,KEM,True,2025-11-21T06:37:55.547746,,1517
FrodoKEM-640-SHAKE,decap,1024,1,2.5,1,1,0,ip-172-31-41-169,linux,0,2.8401,352.1,KEM,True,2025-11-21T06:37:55.550639,,1518
FrodoKEM-640-SHAKE,decap,1024,1,2.5,1,1,0,ip-172-31-41-169,linux,0,2.8322,353.09,KEM,True,2025-11-21T06:37:55.553525,,1519
FrodoKEM-640-SHAKE,decap,1024,1,2.5,1,1,0,ip-172-31-41-169,linux,0,2.8285,353.54,KEM,True,2025-11-21T06:37:55.556406,,1520
FrodoKEM-640-SHAKE,decap,1024,16,2.5,1,1,0,ip-172-31-41-169,linux,0,2.8184,354.82,KEM,True,2025-11-21T06:37:55.559278,,1521
FrodoKEM-640-SHAKE,decap,1024,16,2.5,1,1,0,ip-172-31-41-169,linux,0,2.8392,352.22,KEM,True,2025-11-21T06:37:55.562170,,1522
FrodoKEM-640-SHAKE,decap,1024,16,2.5,1,1,0,ip-172-31-41-169,linux,0,2.823,354.23,KEM,True,2025-11-21T06:37:55.565047,,1523
FrodoKEM-640-SHAKE,decap,1024,16,2.5,1,1,0,ip-172-31-41-169,linux,0,2.8429,351.76,KEM,True,2025-11-21T06:37:55.567942,,1524
FrodoKEM-640-SHAKE,decap,1024,16,2.5,1,1,0,ip-172-31-41-169,linux,0,2.8146,355.29,KEM,True,2025-11-21T06:37:55.570809,,1525
FrodoKEM-640-SHAKE,decap,1024,64,2.5,1,1,0,ip-172-31-41-169,linux,0,2.8527,350.55,KEM,True,2025-11-21T06:37:55.573715,,1526
FrodoKEM-640-SHAKE,decap,1024,64,2.5,1,1,0,ip-172-31-41-169,linux,0,2.8287,353.52,KEM,True,2025-11-21T06:37:55.576596,,1527
FrodoKEM-640-SHAKE,decap,1024,64,2.5,1,1,0,ip-172-31-41-169,linux,0,2.8186,354.78,KEM,True,2025-11-21T06:37:55.579465,,1528
FrodoKEM-640-SHAKE,decap,1024,64,2.5,1,1,0,ip-172-31-41-169,linux,0,2.8251,353.96,KEM,True,2025-11-21T06:37:55.582339,,1529
FrodoKEM-640-SHAKE,decap,1024,64,2.5,1,1,0,ip-172-31-41-169,linux,0,2.8228,354.25,KEM,True,2025-11-21T06:37:55.585211,,1530
FrodoKEM-976-AES,keygen,0,1,2.5,1,1,0,ip-172-31-41-169,linux,0,1.1182,894.32,KEM,True,2025-11-21T06:37:55.586397,,1531
FrodoKEM-976-AES,keygen,0,1,2.5,1,1,0,ip-172-31-41-169,linux,0,1.0531,949.62,KEM,True,2025-11-21T06:37:55.587499,,1532
FrodoKEM-976-AES,keygen,0,1,2.5,1,1,0,ip-172-31-41-169,linux,0,1.0445,957.43,KEM,True,2025-11-21T06:37:55.588591,,1533
FrodoKEM-976-AES,keygen,0,1,2.5,1,1,0,ip-172-31-41-169,linux,0,1.0284,972.4,KEM,True,2025-11-21T06:37:55.589665,,1534
FrodoKEM-976-AES,keygen,0,1,2.5,1,1,0,ip-172-31-41-169,linux,0,1.0396,961.92,KEM,True,2025-11-21T06:37:55.590748,,1535
FrodoKEM-976-AES,keygen,0,16,2.5,1,1,0,ip-172-31-41-169,linux,0,1.0315,969.5,KEM,True,2025-11-21T06:37:55.591825,,1536
FrodoKEM-976-AES,keygen,0,16,2.5,1,1,0,ip-172-31-41-169,linux,0,1.0332,967.91,KEM,True,2025-11-21T06:37:55.592900,,1537
FrodoKEM-976-AES,keygen,0,16,2.5,1,1,0,ip-172-31-41-169,linux,0,1.0454,956.6,KEM,True,2025-11-21T06:37:55.593990,,1538
FrodoKEM-976-AES,keygen,0,16,2.5,1,1,0,ip-172-31-41-169,linux,0,1.0193,981.02,KEM,True,2025-11-21T06:37:55.595052,,1539
FrodoKEM-976-AES,keygen,0,16,2.5,1,1,0,ip-172-31-41-169,linux,0,1.0272,973.49,KEM,True,2025-11-21T06:37:55.596121,,1540
FrodoKEM-976-AES,keygen,0,64,2.5,1,1,0,ip-172-31-41-169,linux,0,1.0163,983.92,KEM,True,2025-11-21T06:37:55.597190,,1541
FrodoKEM-976-AES,keygen,0,64,2.5,1,1,0,ip-172-31-41-169,linux,0,1.0287,972.06,KEM,True,2025-11-21T06:37:55.598285,,1542
FrodoKEM-976-AES,keygen,0,64,2.5,1,1,0,ip-172-31-41-169,linux,0,1.0445,957.42,KEM,True,2025-11-21T06:37:55.599373,,1543
FrodoKEM-976-AES,keygen,0,64,2.5,1,1,0,ip-172-31-41-169,linux,0,1.0332,967.83,KEM,True,2025-11-21T06:37:55.600448,,1544
FrodoKEM-976-AES,keygen,0,64,2.5,1,1,0,ip-172-31-41-169,linux,0,1.0229,977.65,KEM,True,2025-11-21T06:37:55.601512,,1545
FrodoKEM-976-AES,keygen,1024,1,2.5,1,1,0,ip-172-31-41-169,linux,0,1.0224,978.1,KEM,True,2025-11-21T06:37:55.602577,,1546
FrodoKEM-976-AES,keygen,1024,1,2.5,1,1,0,ip-172-31-41-169,linux,0,1.0271,973.6,KEM,True,2025-11-21T06:37:55.603645,,1547
FrodoKEM-976-AES,keygen,1024,1,2.5,1,1,0,ip-172-31-41-169,linux,0,1.0354,965.77,KEM,True,2025-11-21T06:37:55.604723,,1548
FrodoKEM-976-AES,keygen,1024,1,2.5,1,1,0,ip-172-31-41-169,linux,0,1.0581,945.08,KEM,True,2025-11-21T06:37:55.605824,,1549
FrodoKEM-976-AES,keygen,1024,1,2.5,1,1,0,ip-172-31-41-169,linux,0,1.0328,968.2,KEM,True,2025-11-21T06:37:55.606901,,1550
FrodoKEM-976-AES,keygen,1024,16,2.5,1,1,0,ip-172-31-41-169,linux,0,1.0407,960.86,KEM,True,2025-11-21T06:37:55.607984,,1551
FrodoKEM-976-AES,keygen,1024,16,2.5,1,1,0,ip-172-31-41-169,linux,0,1.0246,976.0,KEM,True,2025-11-21T06:37:55.609051,,1552
FrodoKEM-976-AES,keygen,1024,16,2.5,1,1,0,ip-172-31-41-169,linux,0,1.0375,963.81,KEM,True,2025-11-21T06:37:55.610130,,1553
FrodoKEM-976-AES,keygen,1024,16,2.5,1,1,0,ip-172-31-41-169,linux,0,1.02,980.37,KEM,True,2025-11-21T06:37:55.611202,,1554
FrodoKEM-976-AES,keygen,1024,16,2.5,1,1,0,ip-172-31-41-169,linux,0,1.0324,968.61,KEM,True,2025-11-21T06:37:55.612275,,1555
FrodoKEM-976-AES,keygen,1024,64,2.5,1,1,0,ip-172-31-41-169,linux,0,1.0369,964.39,KEM,True,2025-11-21T06:37:55.613355,,1556
FrodoKEM-976-AES,keygen,1024,64,2.5,1,1,0,ip-172-31-41-169,linux,0,1.0308,970.15,KEM,True,2025-11-21T06:37:55.614429,,1557
FrodoKEM-976-AES,keygen,1024,64,2.5,1,1,0,ip-172-31-41-169,linux,0,1.0261,974.59,KEM,True,2025-11-21T06:37:55.615498,,1558
FrodoKEM-976-AES,keygen,1024,64,2.5,1,1,0,ip-172-31-41-169,linux,0,1.0714,933.39,KEM,True,2025-11-21T06:37:55.616613,,1559
FrodoKEM-976-AES,keygen,1024,64,2.5,1,1,0,ip-172-31-41-169,linux,0,1.0329,968.17,KEM,True,2025-11-21T06:37:55.617690,,1560
FrodoKEM-976-AES,encap,0,1,2.5,1,1,0,ip-172-31-41-169,linux,0,2.4206,413.12,KEM,True,2025-11-21T06:37:55.620173,,1561
FrodoKEM-976-AES,encap,0,1,2.5,1,1,0,ip-172-31-41-169,linux,0,2.3344,428.38,KEM,True,2025-11-21T06:37:55.622561,,1562
FrodoKEM-976-AES,encap,0,1,2.5,1,1,0,ip-172-31-41-169,linux,0,2.327,429.73,KEM,True,2025-11-21T06:37:55.624943,,1563
FrodoKEM-976-AES,encap,0,1,2.5,1,1,0,ip-172-31-41-169,linux,0,2.3282,429.52,KEM,True,2025-11-21T06:37:55.627349,,1564
FrodoKEM-976-AES,encap,0,1,2.5,1,1,0,ip-172-31-41-169,linux,0,2.3906,418.3,KEM,True,2025-11-21T06:37:55.629797,,1565
FrodoKEM-976-AES,encap,0,16,2.5,1,1,0,ip-172-31-41-169,linux,0,2.3387,427.58,KEM,True,2025-11-21T06:37:55.632200,,1566
FrodoKEM-976-AES,encap,0,16,2.5,1,1,0,ip-172-31-41-169,linux,0,2.3606,423.63,KEM,True,2025-11-21T06:37:55.634620,,1567
FrodoKEM-976-AES,encap,0,16,2.5,1,1,0,ip-172-31-41-169,linux,0,2.3256,429.99,KEM,True,2025-11-21T06:37:55.637004,,1568
FrodoKEM-976-AES,encap,0,16,2.5,1,1,0,ip-172-31-41-169,linux,0,2.3449,426.46,KEM,True,2025-11-21T06:37:55.639405,,1569
FrodoKEM-976-AES,encap,0,16,2.5,1,1,0,ip-172-31-41-169,linux,0,2.3284,429.47,KEM,True,2025-11-21T06:37:55.641788,,1570
FrodoKEM-976-AES,encap,0,64,2.5,1,1,0,ip-172-31-41-169,linux,0,2.3447,426.49,KEM,True,2025-11-21T06:37:55.644189,,1571
FrodoKEM-976-AES,encap,0,64,2.5,1,1,0,ip-172-31-41-169,linux,0,2.3343,428.4,KEM,True,2025-11-21T06:37:55.646577,,1572
FrodoKEM-976-AES,encap,0,64,2.5,1,1,0,ip-172-31-41-169,linux,0,2.3255,430.02,KEM,True,2025-11-21T06:37:55.648995,,1573
FrodoKEM-976-AES,encap,0,64,2.5,1,1,0,ip-172-31-41-169,linux,0,2.3373,427.84,KEM,True,2025-11-21T06:37:55.651384,,1574
FrodoKEM-976-AES,encap,0,64,2.5,1,1,0,ip-172-31-41-169,linux,0,2.3662,422.61,KEM,True,2025-11-21T06:37:55.653800,,1575
FrodoKEM-976-AES,encap,1024,1,2.5,1,1,0,ip-172-31-41-169,linux,0,2.3461,426.24,KEM,True,2025-11-21T06:37:55.656199,,1576
FrodoKEM-976-AES,encap,1024,1,2.5,1,1,0,ip-172-31-41-169,linux,0,2.3046,433.91,KEM,True,2025-11-21T06:37:55.658553,,1577
FrodoKEM-976-AES,encap,1024,1,2.5,1,1,0,ip-172-31-41-169,linux,0,2.3498,425.57,KEM,True,2025-11-21T06:37:55.660950,,1578
FrodoKEM-976-AES,encap,1024,1,2.5,1,1,0,ip-172-31-41-169,linux,0,2.3626,423.26,KEM,True,2025-11-21T06:37:55.663362,,1579
FrodoKEM-976-AES,encap,1024,1,2.5,1,1,0,ip-172-31-41-169,linux,0,2.3361,428.07,KEM,True,2025-11-21T06:37:55.665749,,1580
FrodoKEM-976-AES,encap,1024,16,2.5,1,1,0,ip-172-31-41-169,linux,0,2.3696,422.02,KEM,True,2025-11-21T06:37:55.668172,,1581
FrodoKEM-976-AES,encap,1024,16,2.5,1,1,0,ip-172-31-41-169,linux,0,2.3291,429.34,KEM,True,2025-11-21T06:37:55.670552,,1582
FrodoKEM-976-AES,encap,1024,16,2.5,1,1,0,ip-172-31-41-169,linux,0,2.3364,428.0,KEM,True,2025-11-21T06:37:55.672937,,1583
FrodoKEM-976-AES,encap,1024,16,2.5,1,1,0,ip-172-31-41-169,linux,0,2.3401,427.32,KEM,True,2025-11-21T06:37:55.675324,,1584
FrodoKEM-976-AES,encap,1024,16,2.5,1,1,0,ip-172-31-41-169,linux,0,2.3394,427.47,KEM,True,2025-11-21T06:37:55.677712,,1585
FrodoKEM-976-AES,encap,1024,64,2.5,1,1,0,ip-172-31-41-169,linux,0,2.3368,427.94,KEM,True,2025-11-21T06:37:55.680098,,1586
FrodoKEM-976-AES,encap,1024,64,2.5,1,1,0,ip-172-31-41-169,linux,0,2.3146,432.05,KEM,True,2025-11-21T06:37:55.682471,,1587
FrodoKEM-976-AES,encap,1024,64,2.5,1,1,0,ip-172-31-41-169,linux,0,2.3343,428.4,KEM,True,2025-11-21T06:37:55.684852,,1588
FrodoKEM-976-AES,encap,1024,64,2.5,1,1,0,ip-172-31-41-169,linux,0,2.3247,430.17,KEM,True,2025-11-21T06:37:55.687224,,1589
FrodoKEM-976-AES,encap,1024,64,2.5,1,1,0,ip-172-31-41-169,linux,0,2.3271,429.72,KEM,True,2025-11-21T06:37:55.689597,,1590
FrodoKEM-976-AES,decap,0,1,2.5,1,1,0,ip-172-31-41-169,linux,0,3.5881,278.7,KEM,True,2025-11-21T06:37:55.693252,,1591
FrodoKEM-976-AES,decap,0,1,2.5,1,1,0,ip-172-31-41-169,linux,0,3.5559,281.22,KEM,True,2025-11-21T06:37:55.696862,,1592
FrodoKEM-976-AES,decap,0,1,2.5,1,1,0,ip-172-31-41-169,linux,0,3.584,279.02,KEM,True,2025-11-21T06:37:55.700500,,1593
FrodoKEM-976-AES,decap,0,1,2.5,1,1,0,ip-172-31-41-169,linux,0,3.5604,280.87,KEM,True,2025-11-21T06:37:55.704115,,1594
FrodoKEM-976-AES,decap,0,1,2.5,1,1,0,ip-172-31-41-169,linux,0,3.5581,281.05,KEM,True,2025-11-21T06:37:55.707737,,1595
FrodoKEM-976-AES,decap,0,16,2.5,1,1,0,ip-172-31-41-169,linux,0,3.5752,279.7,KEM,True,2025-11-21T06:37:55.711369,,1596
FrodoKEM-976-AES,decap,0,16,2.5,1,1,0,ip-172-31-41-169,linux,0,3.575,279.72,KEM,True,2025-11-21T06:37:55.715000,,1597
FrodoKEM-976-AES,decap,0,16,2.5,1,1,0,ip-172-31-41-169,linux,0,3.5657,280.45,KEM,True,2025-11-21T06:37:55.718622,,1598
FrodoKEM-976-AES,decap,0,16,2.5,1,1,0,ip-172-31-41-169,linux,0,3.6113,276.91,KEM,True,2025-11-21T06:37:55.722296,,1599
FrodoKEM-976-AES,decap,0,16,2.5,1,1,0,ip-172-31-41-169,linux,0,3.5769,279.57,KEM,True,2025-11-21T06:37:55.725940,,1600
FrodoKEM-976-AES,decap,0,64,2.5,1,1,0,ip-172-31-41-169,linux,0,3.581,279.25,KEM,True,2025-11-21T06:37:55.729590,,1601
FrodoKEM-976-AES,decap,0,64,2.5,1,1,0,ip-172-31-41-169,linux,0,3.5871,278.78,KEM,True,2025-11-21T06:37:55.733244,,1602
FrodoKEM-976-AES,decap,0,64,2.5,1,1,0,ip-172-31-41-169,linux,0,3.5648,280.52,KEM,True,2025-11-21T06:37:55.736873,,1603
FrodoKEM-976-AES,decap,0,64,2.5,1,1,0,ip-172-31-41-169,linux,0,3.5863,278.84,KEM,True,2025-11-21T06:37:55.740524,,1604
FrodoKEM-976-AES,decap,0,64,2.5,1,1,0,ip-172-31-41-169,linux,0,3.5896,278.58,KEM,True,2025-11-21T06:37:55.744179,,1605
FrodoKEM-976-AES,decap,1024,1,2.5,1,1,0,ip-172-31-41-169,linux,0,3.5587,281.0,KEM,True,2025-11-21T06:37:55.747802,,1606
FrodoKEM-976-AES,decap,1024,1,2.5,1,1,0,ip-172-31-41-169,linux,0,3.5631,280.65,KEM,True,2025-11-21T06:37:55.751428,,1607
FrodoKEM-976-AES,decap,1024,1,2.5,1,1,0,ip-172-31-41-169,linux,0,3.5602,280.89,KEM,True,2025-11-21T06:37:55.755049,,1608
FrodoKEM-976-AES,decap,1024,1,2.5,1,1,0,ip-172-31-41-169,linux,0,3.5637,280.61,KEM,True,2025-11-21T06:37:55.758673,,1609
FrodoKEM-976-AES,decap,1024,1,2.5,1,1,0,ip-172-31-41-169,linux,0,3.625,275.86,KEM,True,2025-11-21T06:37:55.762361,,1610
FrodoKEM-976-AES,decap,1024,16,2.5,1,1,0,ip-172-31-41-169,linux,0,3.5717,279.98,KEM,True,2025-11-21T06:37:55.765999,,1611
FrodoKEM-976-AES,decap,1024,16,2.5,1,1,0,ip-172-31-41-169,linux,0,3.5793,279.38,KEM,True,2025-11-21T06:37:55.769639,,1612
FrodoKEM-976-AES,decap,1024,16,2.5,1,1,0,ip-172-31-41-169,linux,0,3.5819,279.18,KEM,True,2025-11-21T06:37:55.773282,,1613
FrodoKEM-976-AES,decap,1024,16,2.5,1,1,0,ip-172-31-41-169,linux,0,3.5663,280.4,KEM,True,2025-11-21T06:37:55.776909,,1614
FrodoKEM-976-AES,decap,1024,16,2.5,1,1,0,ip-172-31-41-169,linux,0,3.5676,280.3,KEM,True,2025-11-21T06:37:55.780536,,1615
FrodoKEM-976-AES,decap,1024,64,2.5,1,1,0,ip-172-31-41-169,linux,0,3.5957,278.11,KEM,True,2025-11-21T06:37:55.784194,,1616
FrodoKEM-976-AES,decap,1024,64,2.5,1,1,0,ip-172-31-41-169,linux,0,3.5582,281.04,KEM,True,2025-11-21T06:37:55.787813,,1617
FrodoKEM-976-AES,decap,1024,64,2.5,1,1,0,ip-172-31-41-169,linux,0,3.575,279.72,KEM,True,2025-11-21T06:37:55.791449,,1618
FrodoKEM-976-AES,decap,1024,64,2.5,1,1,0,ip-172-31-41-169,linux,0,3.5731,279.87,KEM,True,2025-11-21T06:37:55.795081,,1619
FrodoKEM-976-AES,decap,1024,64,2.5,1,1,0,ip-172-31-41-169,linux,0,3.6011,277.69,KEM,True,2025-11-21T06:37:55.798745,,1620
FrodoKEM-976-SHAKE,keygen,0,1,2.5,1,1,0,ip-172-31-41-169,linux,0,1.788,559.27,KEM,True,2025-11-21T06:37:55.800606,,1621
FrodoKEM-976-SHAKE,keygen,0,1,2.5,1,1,0,ip-172-31-41-169,linux,0,1.7631,567.18,KEM,True,2025-11-21T06:37:55.802421,,1622
FrodoKEM-976-SHAKE,keygen,0,1,2.5,1,1,0,ip-172-31-41-169,linux,0,1.7656,566.39,KEM,True,2025-11-21T06:37:55.804234,,1623
FrodoKEM-976-SHAKE,keygen,0,1,2.5,1,1,0,ip-172-31-41-169,linux,0,1.7721,564.29,KEM,True,2025-11-21T06:37:55.806053,,1624
FrodoKEM-976-SHAKE,keygen,0,1,2.5,1,1,0,ip-172-31-41-169,linux,0,1.7667,566.03,KEM,True,2025-11-21T06:37:55.807867,,1625
FrodoKEM-976-SHAKE,keygen,0,16,2.5,1,1,0,ip-172-31-41-169,linux,0,1.7865,559.75,KEM,True,2025-11-21T06:37:55.809700,,1626
FrodoKEM-976-SHAKE,keygen,0,16,2.5,1,1,0,ip-172-31-41-169,linux,0,1.7235,580.22,KEM,True,2025-11-21T06:37:55.811469,,1627
FrodoKEM-976-SHAKE,keygen,0,16,2.5,1,1,0,ip-172-31-41-169,linux,0,1.7431,573.7,KEM,True,2025-11-21T06:37:55.813256,,1628
FrodoKEM-976-SHAKE,keygen,0,16,2.5,1,1,0,ip-172-31-41-169,linux,0,1.735,576.38,KEM,True,2025-11-21T06:37:55.815037,,1629
FrodoKEM-976-SHAKE,keygen,0,16,2.5,1,1,0,ip-172-31-41-169,linux,0,1.7312,577.65,KEM,True,2025-11-21T06:37:55.816815,,1630
FrodoKEM-976-SHAKE,keygen,0,64,2.5,1,1,0,ip-172-31-41-169,linux,0,1.7286,578.49,KEM,True,2025-11-21T06:37:55.818590,,1631
FrodoKEM-976-SHAKE,keygen,0,64,2.5,1,1,0,ip-172-31-41-169,linux,0,1.7553,569.69,KEM,True,2025-11-21T06:37:55.820391,,1632
FrodoKEM-976-SHAKE,keygen,0,64,2.5,1,1,0,ip-172-31-41-169,linux,0,1.7448,573.14,KEM,True,2025-11-21T06:37:55.822181,,1633
FrodoKEM-976-SHAKE,keygen,0,64,2.5,1,1,0,ip-172-31-41-169,linux,0,1.7559,569.5,KEM,True,2025-11-21T06:37:55.824003,,1634
FrodoKEM-976-SHAKE,keygen,0,64,2.5,1,1,0,ip-172-31-41-169,linux,0,1.7647,566.66,KEM,True,2025-11-21T06:37:55.825813,,1635
FrodoKEM-976-SHAKE,keygen,1024,1,2.5,1,1,0,ip-172-31-41-169,linux,0,1.7737,563.79,KEM,True,2025-11-21T06:37:55.827633,,1636
FrodoKEM-976-SHAKE,keygen,1024,1,2.5,1,1,0,ip-172-31-41-169,linux,0,1.7769,562.77,KEM,True,2025-11-21T06:37:55.829459,,1637
FrodoKEM-976-SHAKE,keygen,1024,1,2.5,1,1,0,ip-172-31-41-169,linux,0,1.7608,567.93,KEM,True,2025-11-21T06:37:55.831266,,1638
FrodoKEM-976-SHAKE,keygen,1024,1,2.5,1,1,0,ip-172-31-41-169,linux,0,1.756,569.46,KEM,True,2025-11-21T06:37:55.833069,,1639
FrodoKEM-976-SHAKE,keygen,1024,1,2.5,1,1,0,ip-172-31-41-169,linux,0,1.7778,562.5,KEM,True,2025-11-21T06:37:55.834952,,1640
FrodoKEM-976-SHAKE,keygen,1024,16,2.5,1,1,0,ip-172-31-41-169,linux,0,1.8333,545.46,KEM,True,2025-11-21T06:37:55.836841,,1641
FrodoKEM-976-SHAKE,keygen,1024,16,2.5,1,1,0,ip-172-31-41-169,linux,0,1.7712,564.57,KEM,True,2025-11-21T06:37:55.838667,,1642
FrodoKEM-976-SHAKE,keygen,1024,16,2.5,1,1,0,ip-172-31-41-169,linux,0,1.7919,558.07,KEM,True,2025-11-21T06:37:55.840510,,1643
FrodoKEM-976-SHAKE,keygen,1024,16,2.5,1,1,0,ip-172-31-41-169,linux,0,1.7644,566.77,KEM,True,2025-11-21T06:37:55.842324,,1644
FrodoKEM-976-SHAKE,keygen,1024,16,2.5,1,1,0,ip-172-31-41-169,linux,0,1.7879,559.33,KEM,True,2025-11-21T06:37:55.844161,,1645
FrodoKEM-976-SHAKE,keygen,1024,64,2.5,1,1,0,ip-172-31-41-169,linux,0,1.7563,569.37,KEM,True,2025-11-21T06:37:55.845968,,1646
FrodoKEM-976-SHAKE,keygen,1024,64,2.5,1,1,0,ip-172-31-41-169,linux,0,1.7566,569.28,KEM,True,2025-11-21T06:37:55.847771,,1647
FrodoKEM-976-SHAKE,keygen,1024,64,2.5,1,1,0,ip-172-31-41-169,linux,0,1.7969,556.52,KEM,True,2025-11-21T06:37:55.849613,,1648
FrodoKEM-976-SHAKE,keygen,1024,64,2.5,1,1,0,ip-172-31-41-169,linux,0,1.7797,561.9,KEM,True,2025-11-21T06:37:55.851440,,1649
FrodoKEM-976-SHAKE,keygen,1024,64,2.5,1,1,0,ip-172-31-41-169,linux,0,1.7673,565.83,KEM,True,2025-11-21T06:37:55.853253,,1650
FrodoKEM-976-SHAKE,encap,0,1,2.5,1,1,0,ip-172-31-41-169,linux,0,3.7302,268.08,KEM,True,2025-11-21T06:37:55.857041,,1651
FrodoKEM-976-SHAKE,encap,0,1,2.5,1,1,0,ip-172-31-41-169,linux,0,3.745,267.02,KEM,True,2025-11-21T06:37:55.860842,,1652
FrodoKEM-976-SHAKE,encap,0,1,2.5,1,1,0,ip-172-31-41-169,linux,0,3.7427,267.19,KEM,True,2025-11-21T06:37:55.864647,,1653
FrodoKEM-976-SHAKE,encap,0,1,2.5,1,1,0,ip-172-31-41-169,linux,0,3.7513,266.58,KEM,True,2025-11-21T06:37:55.868463,,1654
FrodoKEM-976-SHAKE,encap,0,1,2.5,1,1,0,ip-172-31-41-169,linux,0,3.7016,270.16,KEM,True,2025-11-21T06:37:55.872231,,1655
FrodoKEM-976-SHAKE,encap,0,16,2.5,1,1,0,ip-172-31-41-169,linux,0,3.6961,270.56,KEM,True,2025-11-21T06:37:55.875991,,1656
FrodoKEM-976-SHAKE,encap,0,16,2.5,1,1,0,ip-172-31-41-169,linux,0,3.7676,265.42,KEM,True,2025-11-21T06:37:55.879827,,1657
FrodoKEM-976-SHAKE,encap,0,16,2.5,1,1,0,ip-172-31-41-169,linux,0,3.7641,265.67,KEM,True,2025-11-21T06:37:55.883664,,1658
FrodoKEM-976-SHAKE,encap,0,16,2.5,1,1,0,ip-172-31-41-169,linux,0,3.7378,267.54,KEM,True,2025-11-21T06:37:55.887470,,1659
FrodoKEM-976-SHAKE,encap,0,16,2.5,1,1,0,ip-172-31-41-169,linux,0,3.7309,268.03,KEM,True,2025-11-21T06:37:55.891266,,1660
FrodoKEM-976-SHAKE,encap,0,64,2.5,1,1,0,ip-172-31-41-169,linux,0,3.7492,266.72,KEM,True,2025-11-21T06:37:55.895081,,1661
FrodoKEM-976-SHAKE,encap,0,64,2.5,1,1,0,ip-172-31-41-169,linux,0,3.7475,266.85,KEM,True,2025-11-21T06:37:55.898893,,1662
FrodoKEM-976-SHAKE,encap,0,64,2.5,1,1,0,ip-172-31-41-169,linux,0,3.7359,267.67,KEM,True,2025-11-21T06:37:55.902690,,1663
FrodoKEM-976-SHAKE,encap,0,64,2.5,1,1,0,ip-172-31-41-169,linux,0,3.7315,267.99,KEM,True,2025-11-21T06:37:55.906495,,1664
FrodoKEM-976-SHAKE,encap,0,64,2.5,1,1,0,ip-172-31-41-169,linux,0,3.7106,269.49,KEM,True,2025-11-21T06:37:55.910266,,1665
FrodoKEM-976-SHAKE,encap,1024,1,2.5,1,1,0,ip-172-31-41-169,linux,0,3.7486,266.76,KEM,True,2025-11-21T06:37:55.914075,,1666
FrodoKEM-976-SHAKE,encap,1024,1,2.5,1,1,0,ip-172-31-41-169,linux,0,3.7402,267.37,KEM,True,2025-11-21T06:37:55.917878,,1667
FrodoKEM-976-SHAKE,encap,1024,1,2.5,1,1,0,ip-172-31-41-169,linux,0,3.7111,269.46,KEM,True,2025-11-21T06:37:55.921650,,1668
FrodoKEM-976-SHAKE,encap,1024,1,2.5,1,1,0,ip-172-31-41-169,linux,0,3.7206,268.78,KEM,True,2025-11-21T06:37:55.925431,,1669
FrodoKEM-976-SHAKE,encap,1024,1,2.5,1,1,0,ip-172-31-41-169,linux,0,3.7406,267.34,KEM,True,2025-11-21T06:37:55.929232,,1670
FrodoKEM-976-SHAKE,encap,1024,16,2.5,1,1,0,ip-172-31-41-169,linux,0,3.7023,270.1,KEM,True,2025-11-21T06:37:55.932998,,1671
FrodoKEM-976-SHAKE,encap,1024,16,2.5,1,1,0,ip-172-31-41-169,linux,0,3.725,268.46,KEM,True,2025-11-21T06:37:55.936786,,1672
FrodoKEM-976-SHAKE,encap,1024,16,2.5,1,1,0,ip-172-31-41-169,linux,0,3.7537,266.4,KEM,True,2025-11-21T06:37:55.940600,,1673
FrodoKEM-976-SHAKE,encap,1024,16,2.5,1,1,0,ip-172-31-41-169,linux,0,3.7089,269.62,KEM,True,2025-11-21T06:37:55.944371,,1674
FrodoKEM-976-SHAKE,encap,1024,16,2.5,1,1,0,ip-172-31-41-169,linux,0,3.7573,266.15,KEM,True,2025-11-21T06:37:55.948191,,1675
FrodoKEM-976-SHAKE,encap,1024,64,2.5,1,1,0,ip-172-31-41-169,linux,0,3.7158,269.12,KEM,True,2025-11-21T06:37:55.951969,,1676
FrodoKEM-976-SHAKE,encap,1024,64,2.5,1,1,0,ip-172-31-41-169,linux,0,3.7067,269.78,KEM,True,2025-11-21T06:37:55.955735,,1677
FrodoKEM-976-SHAKE,encap,1024,64,2.5,1,1,0,ip-172-31-41-169,linux,0,3.7326,267.91,KEM,True,2025-11-21T06:37:55.959526,,1678
FrodoKEM-976-SHAKE,encap,1024,64,2.5,1,1,0,ip-172-31-41-169,linux,0,3.7027,270.08,KEM,True,2025-11-21T06:37:55.963287,,1679
FrodoKEM-976-SHAKE,encap,1024,64,2.5,1,1,0,ip-172-31-41-169,linux,0,3.7194,268.86,KEM,True,2025-11-21T06:37:55.967063,,1680
FrodoKEM-976-SHAKE,decap,0,1,2.5,1,1,0,ip-172-31-41-169,linux,0,5.6614,176.64,KEM,True,2025-11-21T06:37:55.972793,,1681
FrodoKEM-976-SHAKE,decap,0,1,2.5,1,1,0,ip-172-31-41-169,linux,0,5.6155,178.08,KEM,True,2025-11-21T06:37:55.978478,,1682
FrodoKEM-976-SHAKE,decap,0,1,2.5,1,1,0,ip-172-31-41-169,linux,0,5.6608,176.65,KEM,True,2025-11-21T06:37:55.984206,,1683
FrodoKEM-976-SHAKE,decap,0,1,2.5,1,1,0,ip-172-31-41-169,linux,0,5.6055,178.4,KEM,True,2025-11-21T06:37:55.989879,,1684
FrodoKEM-976-SHAKE,decap,0,1,2.5,1,1,0,ip-172-31-41-169,linux,0,5.6196,177.95,KEM,True,2025-11-21T06:37:55.995565,,1685
FrodoKEM-976-SHAKE,decap,0,16,2.5,1,1,0,ip-172-31-41-169,linux,0,5.5901,178.89,KEM,True,2025-11-21T06:37:56.001222,,1686
FrodoKEM-976-SHAKE,decap,0,16,2.5,1,1,0,ip-172-31-41-169,linux,0,5.607,178.35,KEM,True,2025-11-21T06:37:56.006896,,1687
FrodoKEM-976-SHAKE,decap,0,16,2.5,1,1,0,ip-172-31-41-169,linux,0,5.6176,178.01,KEM,True,2025-11-21T06:37:56.012581,,1688
FrodoKEM-976-SHAKE,decap,0,16,2.5,1,1,0,ip-172-31-41-169,linux,0,5.6161,178.06,KEM,True,2025-11-21T06:37:56.018262,,1689
FrodoKEM-976-SHAKE,decap,0,16,2.5,1,1,0,ip-172-31-41-169,linux,0,5.6067,178.36,KEM,True,2025-11-21T06:37:56.023936,,1690
FrodoKEM-976-SHAKE,decap,0,64,2.5,1,1,0,ip-172-31-41-169,linux,0,5.6345,177.48,KEM,True,2025-11-21T06:37:56.029638,,1691
FrodoKEM-976-SHAKE,decap,0,64,2.5,1,1,0,ip-172-31-41-169,linux,0,5.6212,177.9,KEM,True,2025-11-21T06:37:56.035330,,1692
FrodoKEM-976-SHAKE,decap,0,64,2.5,1,1,0,ip-172-31-41-169,linux,0,5.628,177.68,KEM,True,2025-11-21T06:37:56.041027,,1693
FrodoKEM-976-SHAKE,decap,0,64,2.5,1,1,0,ip-172-31-41-169,linux,0,5.6942,175.62,KEM,True,2025-11-21T06:37:56.046797,,1694
FrodoKEM-976-SHAKE,decap,0,64,2.5,1,1,0,ip-172-31-41-169,linux,0,5.5944,178.75,KEM,True,2025-11-21T06:37:56.052461,,1695
FrodoKEM-976-SHAKE,decap,1024,1,2.5,1,1,0,ip-172-31-41-169,linux,0,5.6364,177.42,KEM,True,2025-11-21T06:37:56.058167,,1696
FrodoKEM-976-SHAKE,decap,1024,1,2.5,1,1,0,ip-172-31-41-169,linux,0,5.6272,177.71,KEM,True,2025-11-21T06:37:56.063862,,1697
FrodoKEM-976-SHAKE,decap,1024,1,2.5,1,1,0,ip-172-31-41-169,linux,0,5.6245,177.79,KEM,True,2025-11-21T06:37:56.069554,,1698
FrodoKEM-976-SHAKE,decap,1024,1,2.5,1,1,0,ip-172-31-41-169,linux,0,5.6136,178.14,KEM,True,2025-11-21T06:37:56.075232,,1699
FrodoKEM-976-SHAKE,decap,1024,1,2.5,1,1,0,ip-172-31-41-169,linux,0,5.6203,177.93,KEM,True,2025-11-21T06:37:56.080915,,1700
FrodoKEM-976-SHAKE,decap,1024,16,2.5,1,1,0,ip-172-31-41-169,linux,0,5.6245,177.79,KEM,True,2025-11-21T06:37:56.086604,,1701
FrodoKEM-976-SHAKE,decap,1024,16,2.5,1,1,0,ip-172-31-41-169,linux,0,5.6324,177.55,KEM,True,2025-11-21T06:37:56.092304,,1702
FrodoKEM-976-SHAKE,decap,1024,16,2.5,1,1,0,ip-172-31-41-169,linux,0,5.6177,178.01,KEM,True,2025-11-21T06:37:56.097991,,1703
FrodoKEM-976-SHAKE,decap,1024,16,2.5,1,1,0,ip-172-31-41-169,linux,0,5.617,178.03,KEM,True,2025-11-21T06:37:56.103679,,1704
FrodoKEM-976-SHAKE,decap,1024,16,2.5,1,1,0,ip-172-31-41-169,linux,0,5.586,179.02,KEM,True,2025-11-21T06:37:56.109334,,1705
FrodoKEM-976-SHAKE,decap,1024,64,2.5,1,1,0,ip-172-31-41-169,linux,0,5.6196,177.95,KEM,True,2025-11-21T06:37:56.115062,,1706
FrodoKEM-976-SHAKE,decap,1024,64,2.5,1,1,0,ip-172-31-41-169,linux,0,5.631,177.59,KEM,True,2025-11-21T06:37:56.120761,,1707
FrodoKEM-976-SHAKE,decap,1024,64,2.5,1,1,0,ip-172-31-41-169,linux,0,5.6135,178.14,KEM,True,2025-11-21T06:37:56.126441,,1708
FrodoKEM-976-SHAKE,decap,1024,64,2.5,1,1,0,ip-172-31-41-169,linux,0,5.6065,178.37,KEM,True,2025-11-21T06:37:56.132112,,1709
FrodoKEM-976-SHAKE,decap,1024,64,2.5,1,1,0,ip-172-31-41-169,linux,0,5.6224,177.86,KEM,True,2025-11-21T06:37:56.137806,,1710
Kyber1024,keygen,0,1,2.5,1,1,0,ip-172-31-41-169,linux,0,0.2015,4963.96,KEM,True,2025-11-21T06:37:56.138079,,1711
Kyber1024,keygen,0,1,2.5,1,1,0,ip-172-31-41-169,linux,0,0.0894,11187.43,KEM,True,2025-11-21T06:37:56.138220,,1712
Kyber1024,keygen,0,1,2.5,1,1,0,ip-172-31-41-169,linux,0,0.0752,13293.98,KEM,True,2025-11-21T06:37:56.138340,,1713
Kyber1024,keygen,0,1,2.5,1,1,0,ip-172-31-41-169,linux,0,0.0716,13964.53,KEM,True,2025-11-21T06:37:56.138452,,1714
Kyber1024,keygen,0,1,2.5,1,1,0,ip-172-31-41-169,linux,0,0.0704,14210.8,KEM,True,2025-11-21T06:37:56.138562,,1715
Kyber1024,keygen,0,16,2.5,1,1,0,ip-172-31-41-169,linux,0,0.0711,14070.63,KEM,True,2025-11-21T06:37:56.138673,,1716
Kyber1024,keygen,0,16,2.5,1,1,0,ip-172-31-41-169,linux,0,0.0699,14311.47,KEM,True,2025-11-21T06:37:56.138781,,1717
Kyber1024,keygen,0,16,2.5,1,1,0,ip-172-31-41-169,linux,0,0.0717,13937.28,KEM,True,2025-11-21T06:37:56.138890,,1718
Kyber1024,keygen,0,16,2.5,1,1,0,ip-172-31-41-169,linux,0,0.0696,14359.15,KEM,True,2025-11-21T06:37:56.138997,,1719
Kyber1024,keygen,0,16,2.5,1,1,0,ip-172-31-41-169,linux,0,0.0693,14437.72,KEM,True,2025-11-21T06:37:56.139104,,1720
Kyber1024,keygen,0,64,2.5,1,1,0,ip-172-31-41-169,linux,0,0.07,14280.61,KEM,True,2025-11-21T06:37:56.139223,,1721
Kyber1024,keygen,0,64,2.5,1,1,0,ip-172-31-41-169,linux,0,0.0694,14400.92,KEM,True,2025-11-21T06:37:56.139330,,1722
Kyber1024,keygen,0,64,2.5,1,1,0,ip-172-31-41-169,linux,0,0.0691,14480.79,KEM,True,2025-11-21T06:37:56.139437,,1723
Kyber1024,keygen,0,64,2.5,1,1,0,ip-172-31-41-169,linux,0,0.069,14492.33,KEM,True,2025-11-21T06:37:56.139542,,1724
Kyber1024,keygen,0,64,2.5,1,1,0,ip-172-31-41-169,linux,0,0.0688,14543.13,KEM,True,2025-11-21T06:37:56.139648,,1725
Kyber1024,keygen,1024,1,2.5,1,1,0,ip-172-31-41-169,linux,0,0.0691,14471.78,KEM,True,2025-11-21T06:37:56.139756,,1726
Kyber1024,keygen,1024,1,2.5,1,1,0,ip-172-31-41-169,linux,0,0.07,14294.29,KEM,True,2025-11-21T06:37:56.139863,,1727
Kyber1024,keygen,1024,1,2.5,1,1,0,ip-172-31-41-169,linux,0,0.0691,14470.52,KEM,True,2025-11-21T06:37:56.139969,,1728
Kyber1024,keygen,1024,1,2.5,1,1,0,ip-172-31-41-169,linux,0,0.0778,12850.33,KEM,True,2025-11-21T06:37:56.140084,,1729
Kyber1024,keygen,1024,1,2.5,1,1,0,ip-172-31-41-169,linux,0,0.0834,11983.65,KEM,True,2025-11-21T06:37:56.140205,,1730
Kyber1024,keygen,1024,16,2.5,1,1,0,ip-172-31-41-169,linux,0,0.0694,14403.2,KEM,True,2025-11-21T06:37:56.140313,,1731
Kyber1024,keygen,1024,16,2.5,1,1,0,ip-172-31-41-169,linux,0,0.0685,14597.69,KEM,True,2025-11-21T06:37:56.140419,,1732
Kyber1024,keygen,1024,16,2.5,1,1,0,ip-172-31-41-169,linux,0,0.0686,14581.51,KEM,True,2025-11-21T06:37:56.140524,,1733
Kyber1024,keygen,1024,16,2.5,1,1,0,ip-172-31-41-169,linux,0,0.0693,14430.85,KEM,True,2025-11-21T06:37:56.140630,,1734
Kyber1024,keygen,1024,16,2.5,1,1,0,ip-172-31-41-169,linux,0,0.0694,14418.99,KEM,True,2025-11-21T06:37:56.140736,,1735
Kyber1024,keygen,1024,64,2.5,1,1,0,ip-172-31-41-169,linux,0,0.069,14495.27,KEM,True,2025-11-21T06:37:56.140843,,1736
Kyber1024,keygen,1024,64,2.5,1,1,0,ip-172-31-41-169,linux,0,0.0693,14438.97,KEM,True,2025-11-21T06:37:56.140948,,1737
Kyber1024,keygen,1024,64,2.5,1,1,0,ip-172-31-41-169,linux,0,0.0714,14009.92,KEM,True,2025-11-21T06:37:56.141078,,1738
Kyber1024,keygen,1024,64,2.5,1,1,0,ip-172-31-41-169,linux,0,0.0825,12127.39,KEM,True,2025-11-21T06:37:56.141198,,1739
Kyber1024,keygen,1024,64,2.5,1,1,0,ip-172-31-41-169,linux,0,0.0698,14326.44,KEM,True,2025-11-21T06:37:56.141305,,1740
Kyber1024,encap,0,1,2.5,1,1,0,ip-172-31-41-169,linux,0,0.1073,9316.8,KEM,True,2025-11-21T06:37:56.141466,,1741
Kyber1024,encap,0,1,2.5,1,1,0,ip-172-31-41-169,linux,0,0.1023,9770.59,KEM,True,2025-11-21T06:37:56.141607,,1742
Kyber1024,encap,0,1,2.5,1,1,0,ip-172-31-41-169,linux,0,0.101,9897.95,KEM,True,2025-11-21T06:37:56.141746,,1743
Kyber1024,encap,0,1,2.5,1,1,0,ip-172-31-41-169,linux,0,0.1009,9909.13,KEM,True,2025-11-21T06:37:56.141885,,1744
Kyber1024,encap,0,1,2.5,1,1,0,ip-172-31-41-169,linux,0,0.1036,9655.68,KEM,True,2025-11-21T06:37:56.142027,,1745
Kyber1024,encap,0,16,2.5,1,1,0,ip-172-31-41-169,linux,0,0.1233,8109.12,KEM,True,2025-11-21T06:37:56.142190,,1746
Kyber1024,encap,0,16,2.5,1,1,0,ip-172-31-41-169,linux,0,0.1021,9794.51,KEM,True,2025-11-21T06:37:56.142331,,1747
Kyber1024,encap,0,16,2.5,1,1,0,ip-172-31-41-169,linux,0,0.1022,9783.01,KEM,True,2025-11-21T06:37:56.142472,,1748
Kyber1024,encap,0,16,2.5,1,1,0,ip-172-31-41-169,linux,0,0.1001,9993.5,KEM,True,2025-11-21T06:37:56.142610,,1749
Kyber1024,encap,0,16,2.5,1,1,0,ip-172-31-41-169,linux,0,0.1003,9966.41,KEM,True,2025-11-21T06:37:56.142748,,1750
Kyber1024,encap,0,64,2.5,1,1,0,ip-172-31-41-169,linux,0,0.1009,9913.36,KEM,True,2025-11-21T06:37:56.142887,,1751
Kyber1024,encap,0,64,2.5,1,1,0,ip-172-31-41-169,linux,0,0.0999,10007.11,KEM,True,2025-11-21T06:37:56.143025,,1752
Kyber1024,encap,0,64,2.5,1,1,0,ip-172-31-41-169,linux,0,0.1131,8839.54,KEM,True,2025-11-21T06:37:56.143176,,1753
Kyber1024,encap,0,64,2.5,1,1,0,ip-172-31-41-169,linux,0,0.101,9901.19,KEM,True,2025-11-21T06:37:56.143315,,1754
Kyber1024,encap,0,64,2.5,1,1,0,ip-172-31-41-169,linux,0,0.1003,9965.52,KEM,True,2025-11-21T06:37:56.143453,,1755
Kyber1024,encap,1024,1,2.5,1,1,0,ip-172-31-41-169,linux,0,0.0997,10030.29,KEM,True,2025-11-21T06:37:56.143592,,1756
Kyber1024,encap,1024,1,2.5,1,1,0,ip-172-31-41-169,linux,0,0.09,11110.37,KEM,True,2025-11-21T06:37:56.143720,,1757
Kyber1024,encap,1024,1,2.5,1,1,0,ip-172-31-41-169,linux,0,0.0887,11274.21,KEM,True,2025-11-21T06:37:56.143846,,1758
Kyber1024,encap,1024,1,2.5,1,1,0,ip-172-31-41-169,linux,0,0.0891,11219.94,KEM,True,2025-11-21T06:37:56.143972,,1759
Kyber1024,encap,1024,1,2.5,1,1,0,ip-172-31-41-169,linux,0,0.1021,9790.48,KEM,True,2025-11-21T06:37:56.144111,,1760
Kyber1024,encap,1024,16,2.5,1,1,0,ip-172-31-41-169,linux,0,0.0959,10428.07,KEM,True,2025-11-21T06:37:56.144269,,1761
Kyber1024,encap,1024,16,2.5,1,1,0,ip-172-31-41-169,linux,0,0.0911,10981.17,KEM,True,2025-11-21T06:37:56.144398,,1762
Kyber1024,encap,1024,16,2.5,1,1,0,ip-172-31-41-169,linux,0,0.0904,11063.29,KEM,True,2025-11-21T06:37:56.144525,,1763
Kyber1024,encap,1024,16,2.5,1,1,0,ip-172-31-41-169,linux,0,0.0891,11220.45,KEM,True,2025-11-21T06:37:56.144650,,1764
Kyber1024,encap,1024,16,2.5,1,1,0,ip-172-31-41-169,linux,0,0.0892,11215.92,KEM,True,2025-11-21T06:37:56.144775,,1765
Kyber1024,encap,1024,64,2.5,1,1,0,ip-172-31-41-169,linux,0,0.0889,11252.01,KEM,True,2025-11-21T06:37:56.144901,,1766
Kyber1024,encap,1024,64,2.5,1,1,0,ip-172-31-41-169,linux,0,0.089,11233.81,KEM,True,2025-11-21T06:37:56.145026,,1767
Kyber1024,encap,1024,64,2.5,1,1,0,ip-172-31-41-169,linux,0,0.1022,9786.84,KEM,True,2025-11-21T06:37:56.145165,,1768
Kyber1024,encap,1024,64,2.5,1,1,0,ip-172-31-41-169,linux,0,0.0911,10976.71,KEM,True,2025-11-21T06:37:56.145292,,1769
Kyber1024,encap,1024,64,2.5,1,1,0,ip-172-31-41-169,linux,0,0.0913,10953.26,KEM,True,2025-11-21T06:37:56.145420,,1770
Kyber1024,decap,0,1,2.5,1,1,0,ip-172-31-41-169,linux,0,0.1131,8838.14,KEM,True,2025-11-21T06:37:56.145584,,1771
Kyber1024,decap,0,1,2.5,1,1,0,ip-172-31-41-169,linux,0,0.1126,8877.84,KEM,True,2025-11-21T06:37:56.145734,,1772
Kyber1024,decap,0,1,2.5,1,1,0,ip-172-31-41-169,linux,0,0.1117,8950.95,KEM,True,2025-11-21T06:37:56.145882,,1773
Kyber1024,decap,0,1,2.5,1,1,0,ip-172-31-41-169,linux,0,0.1112,8989.09,KEM,True,2025-11-21T06:37:56.146030,,1774
Kyber1024,decap,0,1,2.5,1,1,0,ip-172-31-41-169,linux,0,0.1256,7964.45,KEM,True,2025-11-21T06:37:56.146192,,1775
Kyber1024,decap,0,16,2.5,1,1,0,ip-172-31-41-169,linux,0,0.1192,8391.16,KEM,True,2025-11-21T06:37:56.146386,,1776
Kyber1024,decap,0,16,2.5,1,1,0,ip-172-31-41-169,linux,0,0.1129,8858.18,KEM,True,2025-11-21T06:37:56.146537,,1777
Kyber1024,decap,0,16,2.5,1,1,0,ip-172-31-41-169,linux,0,0.1125,8891.66,KEM,True,2025-11-21T06:37:56.146687,,1778
Kyber1024,decap,0,16,2.5,1,1,0,ip-172-31-41-169,linux,0,0.1111,9001.55,KEM,True,2025-11-21T06:37:56.146834,,1779
Kyber1024,decap,0,16,2.5,1,1,0,ip-172-31-41-169,linux,0,0.1122,8910.27,KEM,True,2025-11-21T06:37:56.146983,,1780
Kyber1024,decap,0,64,2.5,1,1,0,ip-172-31-41-169,linux,0,0.1111,8999.36,KEM,True,2025-11-21T06:37:56.147131,,1781
Kyber1024,decap,0,64,2.5,1,1,0,ip-172-31-41-169,linux,0,0.1173,8528.35,KEM,True,2025-11-21T06:37:56.147297,,1782
Kyber1024,decap,0,64,2.5,1,1,0,ip-172-31-41-169,linux,0,0.1111,8996.93,KEM,True,2025-11-21T06:37:56.147445,,1783
Kyber1024,decap,0,64,2.5,1,1,0,ip-172-31-41-169,linux,0,0.1128,8867.37,KEM,True,2025-11-21T06:37:56.147595,,1784
Kyber1024,decap,0,64,2.5,1,1,0,ip-172-31-41-169,linux,0,0.1126,8884.62,KEM,True,2025-11-21T06:37:56.147744,,1785
Kyber1024,decap,1024,1,2.5,1,1,0,ip-172-31-41-169,linux,0,0.1113,8983.03,KEM,True,2025-11-21T06:37:56.147893,,1786
Kyber1024,decap,1024,1,2.5,1,1,0,ip-172-31-41-169,linux,0,0.1116,8959.37,KEM,True,2025-11-21T06:37:56.148041,,1787
Kyber1024,decap,1024,1,2.5,1,1,0,ip-172-31-41-169,linux,0,0.1268,7886.06,KEM,True,2025-11-21T06:37:56.148214,,1788
Kyber1024,decap,1024,1,2.5,1,1,0,ip-172-31-41-169,linux,0,0.1145,8733.09,KEM,True,2025-11-21T06:37:56.148365,,1789
Kyber1024,decap,1024,1,2.5,1,1,0,ip-172-31-41-169,linux,0,0.1122,8915.44,KEM,True,2025-11-21T06:37:56.148514,,1790
Kyber1024,decap,1024,16,2.5,1,1,0,ip-172-31-41-169,linux,0,0.1118,8946.3,KEM,True,2025-11-21T06:37:56.148663,,1791
Kyber1024,decap,1024,16,2.5,1,1,0,ip-172-31-41-169,linux,0,0.1694,5902.73,KEM,True,2025-11-21T06:37:56.148871,,1792
Kyber1024,decap,1024,16,2.5,1,1,0,ip-172-31-41-169,linux,0,0.1244,8037.62,KEM,True,2025-11-21T06:37:56.149036,,1793
Kyber1024,decap,1024,16,2.5,1,1,0,ip-172-31-41-169,linux,0,0.1385,7218.97,KEM,True,2025-11-21T06:37:56.149214,,1794
Kyber1024,decap,1024,16,2.5,1,1,0,ip-172-31-41-169,linux,0,0.1235,8095.59,KEM,True,2025-11-21T06:37:56.149376,,1795
Kyber1024,decap,1024,64,2.5,1,1,0,ip-172-31-41-169,linux,0,0.1237,8085.38,KEM,True,2025-11-21T06:37:56.149539,,1796
Kyber1024,decap,1024,64,2.5,1,1,0,ip-172-31-41-169,linux,0,0.1229,8139.61,KEM,True,2025-11-21T06:37:56.149700,,1797
Kyber1024,decap,1024,64,2.5,1,1,0,ip-172-31-41-169,linux,0,0.1236,8092.71,KEM,True,2025-11-21T06:37:56.149863,,1798
Kyber1024,decap,1024,64,2.5,1,1,0,ip-172-31-41-169,linux,0,0.1229,8135.64,KEM,True,2025-11-21T06:37:56.150024,,1799
Kyber1024,decap,1024,64,2.5,1,1,0,ip-172-31-41-169,linux,0,0.1358,7364.31,KEM,True,2025-11-21T06:37:56.150199,,1800
Kyber512,keygen,0,1,2.5,1,1,0,ip-172-31-41-169,linux,0,0.1533,6521.37,KEM,True,2025-11-21T06:37:56.150401,,1801
Kyber512,keygen,0,1,2.5,1,1,0,ip-172-31-41-169,linux,0,0.0562,17779.99,KEM,True,2025-11-21T06:37:56.150499,,1802
Kyber512,keygen,0,1,2.5,1,1,0,ip-172-31-41-169,linux,0,0.0534,18721.68,KEM,True,2025-11-21T06:37:56.150590,,1803
Kyber512,keygen,0,1,2.5,1,1,0,ip-172-31-41-169,linux,0,0.0523,19138.76,KEM,True,2025-11-21T06:37:56.150679,,1804
Kyber512,keygen,0,1,2.5,1,1,0,ip-172-31-41-169,linux,0,0.053,18850.85,KEM,True,2025-11-21T06:37:56.150768,,1805
Kyber512,keygen,0,16,2.5,1,1,0,ip-172-31-41-169,linux,0,0.0528,18932.22,KEM,True,2025-11-21T06:37:56.150857,,1806
Kyber512,keygen,0,16,2.5,1,1,0,ip-172-31-41-169,linux,0,0.0522,19145.35,KEM,True,2025-11-21T06:37:56.150945,,1807
Kyber512,keygen,0,16,2.5,1,1,0,ip-172-31-41-169,linux,0,0.0524,19077.05,KEM,True,2025-11-21T06:37:56.151033,,1808
Kyber512,keygen,0,16,2.5,1,1,0,ip-172-31-41-169,linux,0,0.0522,19158.56,KEM,True,2025-11-21T06:37:56.151121,,1809
Kyber512,keygen,0,16,2.5,1,1,0,ip-172-31-41-169,linux,0,0.0535,18686.7,KEM,True,2025-11-21T06:37:56.151222,,1810
Kyber512,keygen,0,64,2.5,1,1,0,ip-172-31-41-169,linux,0,0.0518,19287.52,KEM,True,2025-11-21T06:37:56.151311,,1811
Kyber512,keygen,0,64,2.5,1,1,0,ip-172-31-41-169,linux,0,0.0513,19495.84,KEM,True,2025-11-21T06:37:56.151397,,1812
Kyber512,keygen,0,64,2.5,1,1,0,ip-172-31-41-169,linux,0,0.0511,19573.3,KEM,True,2025-11-21T06:37:56.151483,,1813
Kyber512,keygen,0,64,2.5,1,1,0,ip-172-31-41-169,linux,0,0.0512,19541.55,KEM,True,2025-11-21T06:37:56.151569,,1814
Kyber512,keygen,0,64,2.5,1,1,0,ip-172-31-41-169,linux,0,0.0511,19555.69,KEM,True,2025-11-21T06:37:56.151655,,1815
Kyber512,keygen,1024,1,2.5,1,1,0,ip-172-31-41-169,linux,0,0.0513,19494.32,KEM,True,2025-11-21T06:37:56.151742,,1816
Kyber512,keygen,1024,1,2.5,1,1,0,ip-172-31-41-169,linux,0,0.0508,19687.75,KEM,True,2025-11-21T06:37:56.151827,,1817
Kyber512,keygen,1024,1,2.5,1,1,0,ip-172-31-41-169,linux,0,0.0508,19703.27,KEM,True,2025-11-21T06:37:56.151913,,1818
Kyber512,keygen,1024,1,2.5,1,1,0,ip-172-31-41-169,linux,0,0.0515,19414.08,KEM,True,2025-11-21T06:37:56.151999,,1819
Kyber512,keygen,1024,1,2.5,1,1,0,ip-172-31-41-169,linux,0,0.062,16133.98,KEM,True,2025-11-21T06:37:56.152096,,1820
Kyber512,keygen,1024,16,2.5,1,1,0,ip-172-31-41-169,linux,0,0.0661,15137.98,KEM,True,2025-11-21T06:37:56.152199,,1821
Kyber512,keygen,1024,16,2.5,1,1,0,ip-172-31-41-169,linux,0,0.0542,18459.72,KEM,True,2025-11-21T06:37:56.152289,,1822
Kyber512,keygen,1024,16,2.5,1,1,0,ip-172-31-41-169,linux,0,0.0515,19413.71,KEM,True,2025-11-21T06:37:56.152377,,1823
Kyber512,keygen,1024,16,2.5,1,1,0,ip-172-31-41-169,linux,0,0.0777,12876.31,KEM,True,2025-11-21T06:37:56.152491,,1824
Kyber512,keygen,1024,16,2.5,1,1,0,ip-172-31-41-169,linux,0,0.0549,18203.99,KEM,True,2025-11-21T06:37:56.152589,,1825
Kyber512,keygen,1024,64,2.5,1,1,0,ip-172-31-41-169,linux,0,0.0519,19262.63,KEM,True,2025-11-21T06:37:56.152677,,1826
Kyber512,keygen,1024,64,2.5,1,1,0,ip-172-31-41-169,linux,0,0.0514,19445.42,KEM,True,2025-11-21T06:37:56.152764,,1827
Kyber512,keygen,1024,64,2.5,1,1,0,ip-172-31-41-169,linux,0,0.0517,19356.96,KEM,True,2025-11-21T06:37:56.152850,,1828
Kyber512,keygen,1024,64,2.5,1,1,0,ip-172-31-41-169,linux,0,0.0512,19516.0,KEM,True,2025-11-21T06:37:56.152936,,1829
Kyber512,keygen,1024,64,2.5,1,1,0,ip-172-31-41-169,linux,0,0.0514,19468.13,KEM,True,2025-11-21T06:37:56.153023,,1830
Kyber512,encap,0,1,2.5,1,1,0,ip-172-31-41-169,linux,0,0.1381,7240.82,KEM,True,2025-11-21T06:37:56.153210,,1831
Kyber512,encap,0,1,2.5,1,1,0,ip-172-31-41-169,linux,0,0.0745,13428.77,KEM,True,2025-11-21T06:37:56.153323,,1832
Kyber512,encap,0,1,2.5,1,1,0,ip-172-31-41-169,linux,0,0.0711,14058.96,KEM,True,2025-11-21T06:37:56.153432,,1833
Kyber512,encap,0,1,2.5,1,1,0,ip-172-31-41-169,linux,0,0.0704,14198.7,KEM,True,2025-11-21T06:37:56.153538,,1834
Kyber512,encap,0,1,2.5,1,1,0,ip-172-31-41-169,linux,0,0.0704,14195.87,KEM,True,2025-11-21T06:37:56.153644,,1835
Kyber512,encap,0,16,2.5,1,1,0,ip-172-31-41-169,linux,0,0.0717,13953.62,KEM,True,2025-11-21T06:37:56.153752,,1836
Kyber512,encap,0,16,2.5,1,1,0,ip-172-31-41-169,linux,0,0.07,14289.18,KEM,True,2025-11-21T06:37:56.153857,,1837
Kyber512,encap,0,16,2.5,1,1,0,ip-172-31-41-169,linux,0,0.0705,14185.6,KEM,True,2025-11-21T06:37:56.153963,,1838
Kyber512,encap,0,16,2.5,1,1,0,ip-172-31-41-169,linux,0,0.0702,14252.32,KEM,True,2025-11-21T06:37:56.154068,,1839
Kyber512,encap,0,16,2.5,1,1,0,ip-172-31-41-169,linux,0,0.0839,11922.36,KEM,True,2025-11-21T06:37:56.154188,,1840
Kyber512,encap,0,64,2.5,1,1,0,ip-172-31-41-169,linux,0,0.0709,14104.97,KEM,True,2025-11-21T06:37:56.154296,,1841
Kyber512,encap,0,64,2.5,1,1,0,ip-172-31-41-169,linux,0,0.07,14280.61,KEM,True,2025-11-21T06:37:56.154402,,1842
Kyber512,encap,0,64,2.5,1,1,0,ip-172-31-41-169,linux,0,0.0698,14324.6,KEM,True,2025-11-21T06:37:56.154508,,1843
Kyber512,encap,0,64,2.5,1,1,0,ip-172-31-41-169,linux,0,0.0711,14063.31,KEM,True,2025-11-21T06:37:56.154615,,1844
Kyber512,encap,0,64,2.5,1,1,0,ip-172-31-41-169,linux,0,0.0699,14307.99,KEM,True,2025-11-21T06:37:56.154720,,1845
Kyber512,encap,1024,1,2.5,1,1,0,ip-172-31-41-169,linux,0,0.0707,14135.47,KEM,True,2025-11-21T06:37:56.154827,,1846
Kyber512,encap,1024,1,2.5,1,1,0,ip-172-31-41-169,linux,0,0.074,13513.88,KEM,True,2025-11-21T06:37:56.154973,,1847
Kyber512,encap,1024,1,2.5,1,1,0,ip-172-31-41-169,linux,0,0.0703,14233.66,KEM,True,2025-11-21T06:37:56.155080,,1848
Kyber512,encap,1024,1,2.5,1,1,0,ip-172-31-41-169,linux,0,0.0849,11780.09,KEM,True,2025-11-21T06:37:56.155201,,1849
Kyber512,encap,1024,1,2.5,1,1,0,ip-172-31-41-169,linux,0,0.0706,14160.7,KEM,True,2025-11-21T06:37:56.155308,,1850
Kyber512,encap,1024,16,2.5,1,1,0,ip-172-31-41-169,linux,0,0.0696,14367.2,KEM,True,2025-11-21T06:37:56.155414,,1851
Kyber512,encap,1024,16,2.5,1,1,0,ip-172-31-41-169,linux,0,0.0698,14334.04,KEM,True,2025-11-21T06:37:56.155520,,1852
Kyber512,encap,1024,16,2.5,1,1,0,ip-172-31-41-169,linux,0,0.0696,14369.26,KEM,True,2025-11-21T06:37:56.155626,,1853
Kyber512,encap,1024,16,2.5,1,1,0,ip-172-31-41-169,linux,0,0.0696,14369.67,KEM,True,2025-11-21T06:37:56.155731,,1854
Kyber512,encap,1024,16,2.5,1,1,0,ip-172-31-41-169,linux,0,0.0695,14395.12,KEM,True,2025-11-21T06:37:56.155836,,1855
Kyber512,encap,1024,64,2.5,1,1,0,ip-172-31-41-169,linux,0,0.0698,14326.85,KEM,True,2025-11-21T06:37:56.155942,,1856
Kyber512,encap,1024,64,2.5,1,1,0,ip-172-31-41-169,linux,0,0.07,14282.45,KEM,True,2025-11-21T06:37:56.156056,,1857
Kyber512,encap,1024,64,2.5,1,1,0,ip-172-31-41-169,linux,0,0.0924,10825.09,KEM,True,2025-11-21T06:37:56.156185,,1858
Kyber512,encap,1024,64,2.5,1,1,0,ip-172-31-41-169,linux,0,0.0712,14048.89,KEM,True,2025-11-21T06:37:56.156293,,1859
Kyber512,encap,1024,64,2.5,1,1,0,ip-172-31-41-169,linux,0,0.0701,14268.8,KEM,True,2025-11-21T06:37:56.156399,,1860
Kyber512,decap,0,1,2.5,1,1,0,ip-172-31-41-169,linux,0,0.0858,11655.55,KEM,True,2025-11-21T06:37:56.156534,,1861
Kyber512,decap,0,1,2.5,1,1,0,ip-172-31-41-169,linux,0,0.0833,12000.62,KEM,True,2025-11-21T06:37:56.156654,,1862
Kyber512,decap,0,1,2.5,1,1,0,ip-172-31-41-169,linux,0,0.0828,12073.36,KEM,True,2025-11-21T06:37:56.156773,,1863
Kyber512,decap,0,1,2.5,1,1,0,ip-172-31-41-169,linux,0,0.0828,12077.59,KEM,True,2025-11-21T06:37:56.156891,,1864
Kyber512,decap,0,1,2.5,1,1,0,ip-172-31-41-169,linux,0,0.0822,12165.89,KEM,True,2025-11-21T06:37:56.157009,,1865
Kyber512,decap,0,16,2.5,1,1,0,ip-172-31-41-169,linux,0,0.0824,12137.98,KEM,True,2025-11-21T06:37:56.157128,,1866
Kyber512,decap,0,16,2.5,1,1,0,ip-172-31-41-169,linux,0,0.0837,11940.73,KEM,True,2025-11-21T06:37:56.157259,,1867
Kyber512,decap,0,16,2.5,1,1,0,ip-172-31-41-169,linux,0,0.082,12189.62,KEM,True,2025-11-21T06:37:56.157377,,1868
Kyber512,decap,0,16,2.5,1,1,0,ip-172-31-41-169,linux,0,0.082,12189.32,KEM,True,2025-11-21T06:37:56.157494,,1869
Kyber512,decap,0,16,2.5,1,1,0,ip-172-31-41-169,linux,0,0.0823,12158.05,KEM,True,2025-11-21T06:37:56.157613,,1870
Kyber512,decap,0,64,2.5,1,1,0,ip-172-31-41-169,linux,0,0.082,12198.25,KEM,True,2025-11-21T06:37:56.157731,,1871
Kyber512,decap,0,64,2.5,1,1,0,ip-172-31-41-169,linux,0,0.0816,12256.85,KEM,True,2025-11-21T06:37:56.157848,,1872
Kyber512,decap,0,64,2.5,1,1,0,ip-172-31-41-169,linux,0,0.0812,12321.19,KEM,True,2025-11-21T06:37:56.157965,,1873
Kyber512,decap,0,64,2.5,1,1,0,ip-172-31-41-169,linux,0,0.0841,11894.14,KEM,True,2025-11-21T06:37:56.158085,,1874
Kyber512,decap,0,64,2.5,1,1,0,ip-172-31-41-169,linux,0,0.0967,10340.94,KEM,True,2025-11-21T06:37:56.158217,,1875
Kyber512,decap,1024,1,2.5,1,1,0,ip-172-31-41-169,linux,0,0.0828,12080.21,KEM,True,2025-11-21T06:37:56.158337,,1876
Kyber512,decap,1024,1,2.5,1,1,0,ip-172-31-41-169,linux,0,0.0819,12213.59,KEM,True,2025-11-21T06:37:56.158455,,1877
Kyber512,decap,1024,1,2.5,1,1,0,ip-172-31-41-169,linux,0,0.0823,12146.54,KEM,True,2025-11-21T06:37:56.158573,,1878
Kyber512,decap,1024,1,2.5,1,1,0,ip-172-31-41-169,linux,0,0.0838,11929.9,KEM,True,2025-11-21T06:37:56.158694,,1879
Kyber512,decap,1024,1,2.5,1,1,0,ip-172-31-41-169,linux,0,0.0821,12181.01,KEM,True,2025-11-21T06:37:56.158812,,1880
Kyber512,decap,1024,16,2.5,1,1,0,ip-172-31-41-169,linux,0,0.0823,12154.36,KEM,True,2025-11-21T06:37:56.158930,,1881
Kyber512,decap,1024,16,2.5,1,1,0,ip-172-31-41-169,linux,0,0.0819,12210.61,KEM,True,2025-11-21T06:37:56.159047,,1882
Kyber512,decap,1024,16,2.5,1,1,0,ip-172-31-41-169,linux,0,0.1049,9532.34,KEM,True,2025-11-21T06:37:56.159188,,1883
Kyber512,decap,1024,16,2.5,1,1,0,ip-172-31-41-169,linux,0,0.0833,12010.14,KEM,True,2025-11-21T06:37:56.159308,,1884
Kyber512,decap,1024,16,2.5,1,1,0,ip-172-31-41-169,linux,0,0.0819,12216.87,KEM,True,2025-11-21T06:37:56.159426,,1885
Kyber512,decap,1024,64,2.5,1,1,0,ip-172-31-41-169,linux,0,0.0821,12175.67,KEM,True,2025-11-21T06:37:56.159544,,1886
Kyber512,decap,1024,64,2.5,1,1,0,ip-172-31-41-169,linux,0,0.0827,12089.85,KEM,True,2025-11-21T06:37:56.159662,,1887
Kyber512,decap,1024,64,2.5,1,1,0,ip-172-31-41-169,linux,0,0.0823,12148.45,KEM,True,2025-11-21T06:37:56.159781,,1888
Kyber512,decap,1024,64,2.5,1,1,0,ip-172-31-41-169,linux,0,0.0819,12204.95,KEM,True,2025-11-21T06:37:56.159898,,1889
Kyber512,decap,1024,64,2.5,1,1,0,ip-172-31-41-169,linux,0,0.1408,7104.34,KEM,True,2025-11-21T06:37:56.160076,,1890
Kyber768,keygen,0,1,2.5,1,1,0,ip-172-31-41-169,linux,0,0.1357,7371.48,KEM,True,2025-11-21T06:37:56.160294,,1891
Kyber768,keygen,0,1,2.5,1,1,0,ip-172-31-41-169,linux,0,0.0624,16021.53,KEM,True,2025-11-21T06:37:56.160398,,1892
Kyber768,keygen,0,1,2.5,1,1,0,ip-172-31-41-169,linux,0,0.0595,16807.57,KEM,True,2025-11-21T06:37:56.160495,,1893
Kyber768,keygen,0,1,2.5,1,1,0,ip-172-31-41-169,linux,0,0.0592,16898.46,KEM,True,2025-11-21T06:37:56.160590,,1894
Kyber768,keygen,0,1,2.5,1,1,0,ip-172-31-41-169,linux,0,0.0584,17118.6,KEM,True,2025-11-21T06:37:56.160685,,1895
Kyber768,keygen,0,16,2.5,1,1,0,ip-172-31-41-169,linux,0,0.0581,17213.19,KEM,True,2025-11-21T06:37:56.160780,,1896
Kyber768,keygen,0,16,2.5,1,1,0,ip-172-31-41-169,linux,0,0.0574,17424.33,KEM,True,2025-11-21T06:37:56.160873,,1897
Kyber768,keygen,0,16,2.5,1,1,0,ip-172-31-41-169,linux,0,0.0583,17149.42,KEM,True,2025-11-21T06:37:56.160967,,1898
Kyber768,keygen,0,16,2.5,1,1,0,ip-172-31-41-169,linux,0,0.0576,17352.37,KEM,True,2025-11-21T06:37:56.161060,,1899
Kyber768,keygen,0,16,2.5,1,1,0,ip-172-31-41-169,linux,0,0.0788,12690.84,KEM,True,2025-11-21T06:37:56.161174,,1900
Kyber768,keygen,0,64,2.5,1,1,0,ip-172-31-41-169,linux,0,0.0593,16853.74,KEM,True,2025-11-21T06:37:56.161270,,1901
Kyber768,keygen,0,64,2.5,1,1,0,ip-172-31-41-169,linux,0,0.0574,17414.02,KEM,True,2025-11-21T06:37:56.161363,,1902
Kyber768,keygen,0,64,2.5,1,1,0,ip-172-31-41-169,linux,0,0.0576,17348.46,KEM,True,2025-11-21T06:37:56.161456,,1903
Kyber768,keygen,0,64,2.5,1,1,0,ip-172-31-41-169,linux,0,0.0578,17312.12,KEM,True,2025-11-21T06:37:56.161549,,1904
Kyber768,keygen,0,64,2.5,1,1,0,ip-172-31-41-169,linux,0,0.0574,17431.32,KEM,True,2025-11-21T06:37:56.161642,,1905
Kyber768,keygen,1024,1,2.5,1,1,0,ip-172-31-41-169,linux,0,0.0583,17166.5,KEM,True,2025-11-21T06:37:56.161736,,1906
Kyber768,keygen,1024,1,2.5,1,1,0,ip-172-31-41-169,linux,0,0.0573,17442.87,KEM,True,2025-11-21T06:37:56.161829,,1907
Kyber768,keygen,1024,1,2.5,1,1,0,ip-172-31-41-169,linux,0,0.0571,17527.87,KEM,True,2025-11-21T06:37:56.161921,,1908
Kyber768,keygen,1024,1,2.5,1,1,0,ip-172-31-41-169,linux,0,0.0572,17491.39,KEM,True,2025-11-21T06:37:56.162013,,1909
Kyber768,keygen,1024,1,2.5,1,1,0,ip-172-31-41-169,linux,0,0.0582,17176.82,KEM,True,2025-11-21T06:37:56.162106,,1910
Kyber768,keygen,1024,16,2.5,1,1,0,ip-172-31-41-169,linux,0,0.067,14934.07,KEM,True,2025-11-21T06:37:56.162228,,1911
Kyber768,keygen,1024,16,2.5,1,1,0,ip-172-31-41-169,linux,0,0.0586,17063.1,KEM,True,2025-11-21T06:37:56.162324,,1912
Kyber768,keygen,1024,16,2.5,1,1,0,ip-172-31-41-169,linux,0,0.0578,17305.23,KEM,True,2025-11-21T06:37:56.162417,,1913
Kyber768,keygen,1024,16,2.5,1,1,0,ip-172-31-41-169,linux,0,0.0574,17410.08,KEM,True,2025-11-21T06:37:56.162510,,1914
Kyber768,keygen,1024,16,2.5,1,1,0,ip-172-31-41-169,linux,0,0.0578,17307.93,KEM,True,2025-11-21T06:37:56.162602,,1915
Kyber768,keygen,1024,64,2.5,1,1,0,ip-172-31-41-169,linux,0,0.0574,17435.58,KEM,True,2025-11-21T06:37:56.162695,,1916
Kyber768,keygen,1024,64,2.5,1,1,0,ip-172-31-41-169,linux,0,0.0615,16266.77,KEM,True,2025-11-21T06:37:56.162827,,1917
Kyber768,keygen,1024,64,2.5,1,1,0,ip-172-31-41-169,linux,0,0.0578,17314.82,KEM,True,2025-11-21T06:37:56.162922,,1918
Kyber768,keygen,1024,64,2.5,1,1,0,ip-172-31-41-169,linux,0,0.0574,17421.91,KEM,True,2025-11-21T06:37:56.163015,,1919
Kyber768,keygen,1024,64,2.5,1,1,0,ip-172-31-41-169,linux,0,0.0573,17463.59,KEM,True,2025-11-21T06:37:56.163107,,1920
Kyber768,encap,0,1,2.5,1,1,0,ip-172-31-41-169,linux,0,0.1331,7511.96,KEM,True,2025-11-21T06:37:56.163307,,1921
Kyber768,encap,0,1,2.5,1,1,0,ip-172-31-41-169,linux,0,0.0877,11401.6,KEM,True,2025-11-21T06:37:56.163433,,1922
Kyber768,encap,0,1,2.5,1,1,0,ip-172-31-41-169,linux,0,0.0844,11845.53,KEM,True,2025-11-21T06:37:56.163555,,1923
Kyber768,encap,0,1,2.5,1,1,0,ip-172-31-41-169,linux,0,0.0844,11847.5,KEM,True,2025-11-21T06:37:56.163676,,1924
Kyber768,encap,0,1,2.5,1,1,0,ip-172-31-41-169,linux,0,0.0827,12098.63,KEM,True,2025-11-21T06:37:56.163795,,1925
Kyber768,encap,0,16,2.5,1,1,0,ip-172-31-41-169,linux,0,0.0858,11649.72,KEM,True,2025-11-21T06:37:56.163918,,1926
Kyber768,encap,0,16,2.5,1,1,0,ip-172-31-41-169,linux,0,0.0843,11861.83,KEM,True,2025-11-21T06:37:56.164039,,1927
Kyber768,encap,0,16,2.5,1,1,0,ip-172-31-41-169,linux,0,0.1073,9317.75,KEM,True,2025-11-21T06:37:56.164191,,1928
Kyber768,encap,0,16,2.5,1,1,0,ip-172-31-41-169,linux,0,0.1195,8369.6,KEM,True,2025-11-21T06:37:56.164385,,1929
Kyber768,encap,0,16,2.5,1,1,0,ip-172-31-41-169,linux,0,0.0863,11581.18,KEM,True,2025-11-21T06:37:56.164510,,1930
Kyber768,encap,0,64,2.5,1,1,0,ip-172-31-41-169,linux,0,0.0841,11888.34,KEM,True,2025-11-21T06:37:56.164631,,1931
Kyber768,encap,0,64,2.5,1,1,0,ip-172-31-41-169,linux,0,0.0839,11918.67,KEM,True,2025-11-21T06:37:56.164751,,1932
Kyber768,encap,0,64,2.5,1,1,0,ip-172-31-41-169,linux,0,0.0835,11983.08,KEM,True,2025-11-21T06:37:56.164871,,1933
Kyber768,encap,0,64,2.5,1,1,0,ip-172-31-41-169,linux,0,0.0835,11979.92,KEM,True,2025-11-21T06:37:56.164991,,1934
Kyber768,encap,0,64,2.5,1,1,0,ip-172-31-41-169,linux,0,0.0831,12028.19,KEM,True,2025-11-21T06:37:56.165110,,1935
Kyber768,encap,1024,1,2.5,1,1,0,ip-172-31-41-169,linux,0,0.0867,11538.95,KEM,True,2025-11-21T06:37:56.165253,,1936
Kyber768,encap,1024,1,2.5,1,1,0,ip-172-31-41-169,linux,0,0.0832,12013.46,KEM,True,2025-11-21T06:37:56.165374,,1937
Kyber768,encap,1024,1,2.5,1,1,0,ip-172-31-41-169,linux,0,0.0839,11921.79,KEM,True,2025-11-21T06:37:56.165494,,1938
Kyber768,encap,1024,1,2.5,1,1,0,ip-172-31-41-169,linux,0,0.1025,9757.14,KEM,True,2025-11-21T06:37:56.165632,,1939
Kyber768,encap,1024,1,2.5,1,1,0,ip-172-31-41-169,linux,0,0.083,12051.24,KEM,True,2025-11-21T06:37:56.165752,,1940
Kyber768,encap,1024,16,2.5,1,1,0,ip-172-31-41-169,linux,0,0.0828,12071.75,KEM,True,2025-11-21T06:37:56.165872,,1941
Kyber768,encap,1024,16,2.5,1,1,0,ip-172-31-41-169,linux,0,0.0827,12087.51,KEM,True,2025-11-21T06:37:56.165991,,1942
Kyber768,encap,1024,16,2.5,1,1,0,ip-172-31-41-169,linux,0,0.083,12053.71,KEM,True,2025-11-21T06:37:56.166110,,1943
Kyber768,encap,1024,16,2.5,1,1,0,ip-172-31-41-169,linux,0,0.0798,12530.54,KEM,True,2025-11-21T06:37:56.166243,,1944
Kyber768,encap,1024,16,2.5,1,1,0,ip-172-31-41-169,linux,0,0.0845,11833.76,KEM,True,2025-11-21T06:37:56.166364,,1945
Kyber768,encap,1024,64,2.5,1,1,0,ip-172-31-41-169,linux,0,0.083,12050.81,KEM,True,2025-11-21T06:37:56.166484,,1946
Kyber768,encap,1024,64,2.5,1,1,0,ip-172-31-41-169,linux,0,0.0839,11913.27,KEM,True,2025-11-21T06:37:56.166604,,1947
Kyber768,encap,1024,64,2.5,1,1,0,ip-172-31-41-169,linux,0,0.0833,12004.23,KEM,True,2025-11-21T06:37:56.166724,,1948
Kyber768,encap,1024,64,2.5,1,1,0,ip-172-31-41-169,linux,0,0.083,12048.92,KEM,True,2025-11-21T06:37:56.166843,,1949
Kyber768,encap,1024,64,2.5,1,1,0,ip-172-31-41-169,linux,0,0.1183,8456.23,KEM,True,2025-11-21T06:37:56.167014,,1950
Kyber768,decap,0,1,2.5,1,1,0,ip-172-31-41-169,linux,0,0.117,8545.62,KEM,True,2025-11-21T06:37:56.167180,,1951
Kyber768,decap,0,1,2.5,1,1,0,ip-172-31-41-169,linux,0,0.1026,9744.12,KEM,True,2025-11-21T06:37:56.167320,,1952
Kyber768,decap,0,1,2.5,1,1,0,ip-172-31-41-169,linux,0,0.1003,9971.18,KEM,True,2025-11-21T06:37:56.167457,,1953
Kyber768,decap,0,1,2.5,1,1,0,ip-172-31-41-169,linux,0,0.1009,9915.13,KEM,True,2025-11-21T06:37:56.167594,,1954
Kyber768,decap,0,1,2.5,1,1,0,ip-172-31-41-169,linux,0,0.1003,9974.86,KEM,True,2025-11-21T06:37:56.167730,,1955
Kyber768,decap,0,16,2.5,1,1,0,ip-172-31-41-169,linux,0,0.1003,9972.87,KEM,True,2025-11-21T06:37:56.167867,,1956
Kyber768,decap,0,16,2.5,1,1,0,ip-172-31-41-169,linux,0,0.1001,9989.91,KEM,True,2025-11-21T06:37:56.168004,,1957
Kyber768,decap,0,16,2.5,1,1,0,ip-172-31-41-169,linux,0,0.124,8062.83,KEM,True,2025-11-21T06:37:56.168165,,1958
Kyber768,decap,0,16,2.5,1,1,0,ip-172-31-41-169,linux,0,0.1025,9756.57,KEM,True,2025-11-21T06:37:56.168305,,1959
Kyber768,decap,0,16,2.5,1,1,0,ip-172-31-41-169,linux,0,0.1009,9909.43,KEM,True,2025-11-21T06:37:56.168443,,1960
Kyber768,decap,0,64,2.5,1,1,0,ip-172-31-41-169,linux,0,0.1004,9961.05,KEM,True,2025-11-21T06:37:56.168580,,1961
Kyber768,decap,0,64,2.5,1,1,0,ip-172-31-41-169,linux,0,0.102,9802.77,KEM,True,2025-11-21T06:37:56.168719,,1962
Kyber768,decap,0,64,2.5,1,1,0,ip-172-31-41-169,linux,0,0.1006,9937.49,KEM,True,2025-11-21T06:37:56.168856,,1963
Kyber768,decap,0,64,2.5,1,1,0,ip-172-31-41-169,linux,0,0.1003,9969.49,KEM,True,2025-11-21T06:37:56.168993,,1964
Kyber768,decap,0,64,2.5,1,1,0,ip-172-31-41-169,linux,0,0.1005,9948.07,KEM,True,2025-11-21T06:37:56.169130,,1965
Kyber768,decap,1024,1,2.5,1,1,0,ip-172-31-41-169,linux,0,0.1036,9654.47,KEM,True,2025-11-21T06:37:56.169283,,1966
Kyber768,decap,1024,1,2.5,1,1,0,ip-172-31-41-169,linux,0,0.1006,9943.52,KEM,True,2025-11-21T06:37:56.169420,,1967
Kyber768,decap,1024,1,2.5,1,1,0,ip-172-31-41-169,linux,0,0.1009,9907.07,KEM,True,2025-11-21T06:37:56.169558,,1968
Kyber768,decap,1024,1,2.5,1,1,0,ip-172-31-41-169,linux,0,0.101,9902.56,KEM,True,2025-11-21T06:37:56.169696,,1969
Kyber768,decap,1024,1,2.5,1,1,0,ip-172-31-41-169,linux,0,0.1005,9950.84,KEM,True,2025-11-21T06:37:56.169834,,1970
Kyber768,decap,1024,16,2.5,1,1,0,ip-172-31-41-169,linux,0,0.1006,9939.37,KEM,True,2025-11-21T06:37:56.169971,,1971
Kyber768,decap,1024,16,2.5,1,1,0,ip-172-31-41-169,linux,0,0.1003,9971.38,KEM,True,2025-11-21T06:37:56.170108,,1972
Kyber768,decap,1024,16,2.5,1,1,0,ip-172-31-41-169,linux,0,0.1023,9779.38,KEM,True,2025-11-21T06:37:56.170266,,1973
Kyber768,decap,1024,16,2.5,1,1,0,ip-172-31-41-169,linux,0,0.1006,9938.48,KEM,True,2025-11-21T06:37:56.170404,,1974
Kyber768,decap,1024,16,2.5,1,1,0,ip-172-31-41-169,linux,0,0.1005,9953.22,KEM,True,2025-11-21T06:37:56.170541,,1975
Kyber768,decap,1024,64,2.5,1,1,0,ip-172-31-41-169,linux,0,0.1018,9827.62,KEM,True,2025-11-21T06:37:56.170680,,1976
Kyber768,decap,1024,64,2.5,1,1,0,ip-172-31-41-169,linux,0,0.1008,9924.77,KEM,True,2025-11-21T06:37:56.170817,,1977
Kyber768,decap,1024,64,2.5,1,1,0,ip-172-31-41-169,linux,0,0.1021,9791.06,KEM,True,2025-11-21T06:37:56.170956,,1978
Kyber768,decap,1024,64,2.5,1,1,0,ip-172-31-41-169,linux,0,0.1005,9949.16,KEM,True,2025-11-21T06:37:56.171092,,1979
Kyber768,decap,1024,64,2.5,1,1,0,ip-172-31-41-169,linux,0,0.1697,5891.64,KEM,True,2025-11-21T06:37:56.171300,,1980
ML-KEM-1024,keygen,0,1,2.5,1,1,0,ip-172-31-41-169,linux,0,0.1204,8308.27,KEM,True,2025-11-21T06:37:56.171476,,1981
ML-KEM-1024,keygen,0,1,2.5,1,1,0,ip-172-31-41-169,linux,0,0.0639,15656.31,KEM,True,2025-11-21T06:37:56.171582,,1982
ML-KEM-1024,keygen,0,1,2.5,1,1,0,ip-172-31-41-169,linux,0,0.0616,16223.49,KEM,True,2025-11-21T06:37:56.171681,,1983
ML-KEM-1024,keygen,0,1,2.5,1,1,0,ip-172-31-41-169,linux,0,0.0611,16371.43,KEM,True,2025-11-21T06:37:56.171779,,1984
ML-KEM-1024,keygen,0,1,2.5,1,1,0,ip-172-31-41-169,linux,0,0.0606,16499.2,KEM,True,2025-11-21T06:37:56.171875,,1985
ML-KEM-1024,keygen,0,16,2.5,1,1,0,ip-172-31-41-169,linux,0,0.0608,16453.05,KEM,True,2025-11-21T06:37:56.171972,,1986
ML-KEM-1024,keygen,0,16,2.5,1,1,0,ip-172-31-41-169,linux,0,0.0699,14300.63,KEM,True,2025-11-21T06:37:56.172078,,1987
ML-KEM-1024,keygen,0,16,2.5,1,1,0,ip-172-31-41-169,linux,0,0.0667,14992.95,KEM,True,2025-11-21T06:37:56.172240,,1988
ML-KEM-1024,keygen,0,16,2.5,1,1,0,ip-172-31-41-169,linux,0,0.0613,16316.94,KEM,True,2025-11-21T06:37:56.172339,,1989
ML-KEM-1024,keygen,0,16,2.5,1,1,0,ip-172-31-41-169,linux,0,0.0605,16526.74,KEM,True,2025-11-21T06:37:56.172436,,1990
ML-KEM-1024,keygen,0,64,2.5,1,1,0,ip-172-31-41-169,linux,0,0.0607,16485.87,KEM,True,2025-11-21T06:37:56.172533,,1991
ML-KEM-1024,keygen,0,64,2.5,1,1,0,ip-172-31-41-169,linux,0,0.06,16659.73,KEM,True,2025-11-21T06:37:56.172628,,1992
ML-KEM-1024,keygen,0,64,2.5,1,1,0,ip-172-31-41-169,linux,0,0.0608,16449.53,KEM,True,2025-11-21T06:37:56.172724,,1993
ML-KEM-1024,keygen,0,64,2.5,1,1,0,ip-172-31-41-169,linux,0,0.0605,16524.01,KEM,True,2025-11-21T06:37:56.172820,,1994
ML-KEM-1024,keygen,0,64,2.5,1,1,0,ip-172-31-41-169,linux,0,0.06,16666.11,KEM,True,2025-11-21T06:37:56.172916,,1995
ML-KEM-1024,keygen,1024,1,2.5,1,1,0,ip-172-31-41-169,linux,0,0.0615,16260.96,KEM,True,2025-11-21T06:37:56.173013,,1996
ML-KEM-1024,keygen,1024,1,2.5,1,1,0,ip-172-31-41-169,linux,0,0.0595,16805.31,KEM,True,2025-11-21T06:37:56.173109,,1997
ML-KEM-1024,keygen,1024,1,2.5,1,1,0,ip-172-31-41-169,linux,0,0.0608,16446.83,KEM,True,2025-11-21T06:37:56.173224,,1998
ML-KEM-1024,keygen,1024,1,2.5,1,1,0,ip-172-31-41-169,linux,0,0.0602,16606.61,KEM,True,2025-11-21T06:37:56.173321,,1999
ML-KEM-1024,keygen,1024,1,2.5,1,1,0,ip-172-31-41-169,linux,0,0.0599,16683.07,KEM,True,2025-11-21T06:37:56.173417,,2000
ML-KEM-1024,keygen,1024,16,2.5,1,1,0,ip-172-31-41-169,linux,0,0.0607,16463.34,KEM,True,2025-11-21T06:37:56.173515,,2001
ML-KEM-1024,keygen,1024,16,2.5,1,1,0,ip-172-31-41-169,linux,0,0.0595,16805.31,KEM,True,2025-11-21T06:37:56.173610,,2002
ML-KEM-1024,keygen,1024,16,2.5,1,1,0,ip-172-31-41-169,linux,0,0.0597,16754.63,KEM,True,2025-11-21T06:37:56.173705,,2003
ML-KEM-1024,keygen,1024,16,2.5,1,1,0,ip-172-31-41-169,linux,0,0.0599,16695.33,KEM,True,2025-11-21T06:37:56.173801,,2004
ML-KEM-1024,keygen,1024,16,2.5,1,1,0,ip-172-31-41-169,linux,0,0.0602,16601.37,KEM,True,2025-11-21T06:37:56.173897,,2005
ML-KEM-1024,keygen,1024,64,2.5,1,1,0,ip-172-31-41-169,linux,0,0.06,16672.5,KEM,True,2025-11-21T06:37:56.173992,,2006
ML-KEM-1024,keygen,1024,64,2.5,1,1,0,ip-172-31-41-169,linux,0,0.0601,16626.49,KEM,True,2025-11-21T06:37:56.174088,,2007
ML-KEM-1024,keygen,1024,64,2.5,1,1,0,ip-172-31-41-169,linux,0,0.0739,13527.22,KEM,True,2025-11-21T06:37:56.174198,,2008
ML-KEM-1024,keygen,1024,64,2.5,1,1,0,ip-172-31-41-169,linux,0,0.064,15630.37,KEM,True,2025-11-21T06:37:56.174298,,2009
ML-KEM-1024,keygen,1024,64,2.5,1,1,0,ip-172-31-41-169,linux,0,0.0601,16638.66,KEM,True,2025-11-21T06:37:56.174395,,2010
ML-KEM-1024,encap,0,1,2.5,1,1,0,ip-172-31-41-169,linux,0,0.0899,11122.98,KEM,True,2025-11-21T06:37:56.174534,,2011
ML-KEM-1024,encap,0,1,2.5,1,1,0,ip-172-31-41-169,linux,0,0.0898,11132.01,KEM,True,2025-11-21T06:37:56.174661,,2012
ML-KEM-1024,encap,0,1,2.5,1,1,0,ip-172-31-41-169,linux,0,0.0888,11258.85,KEM,True,2025-11-21T06:37:56.174787,,2013
ML-KEM-1024,encap,0,1,2.5,1,1,0,ip-172-31-41-169,linux,0,0.0892,11212.4,KEM,True,2025-11-21T06:37:56.174913,,2014
ML-KEM-1024,encap,0,1,2.5,1,1,0,ip-172-31-41-169,linux,0,0.1336,7483.91,KEM,True,2025-11-21T06:37:56.175084,,2015
ML-KEM-1024,encap,0,16,2.5,1,1,0,ip-172-31-41-169,linux,0,0.1048,9543.71,KEM,True,2025-11-21T06:37:56.175230,,2016
ML-KEM-1024,encap,0,16,2.5,1,1,0,ip-172-31-41-169,linux,0,0.0889,11250.49,KEM,True,2025-11-21T06:37:56.175357,,2017
ML-KEM-1024,encap,0,16,2.5,1,1,0,ip-172-31-41-169,linux,0,0.0884,11306.46,KEM,True,2025-11-21T06:37:56.175483,,2018
ML-KEM-1024,encap,0,16,2.5,1,1,0,ip-172-31-41-169,linux,0,0.0877,11407.71,KEM,True,2025-11-21T06:37:56.175607,,2019
ML-KEM-1024,encap,0,16,2.5,1,1,0,ip-172-31-41-169,linux,0,0.0875,11430.27,KEM,True,2025-11-21T06:37:56.175732,,2020
ML-KEM-1024,encap,0,64,2.5,1,1,0,ip-172-31-41-169,linux,0,0.0889,11248.09,KEM,True,2025-11-21T06:37:56.175859,,2021
ML-KEM-1024,encap,0,64,2.5,1,1,0,ip-172-31-41-169,linux,0,0.0886,11291.01,KEM,True,2025-11-21T06:37:56.175984,,2022
ML-KEM-1024,encap,0,64,2.5,1,1,0,ip-172-31-41-169,linux,0,0.0977,10236.46,KEM,True,2025-11-21T06:37:56.176119,,2023
ML-KEM-1024,encap,0,64,2.5,1,1,0,ip-172-31-41-169,linux,0,0.09,11109.14,KEM,True,2025-11-21T06:37:56.176265,,2024
ML-KEM-1024,encap,0,64,2.5,1,1,0,ip-172-31-41-169,linux,0,0.0888,11256.32,KEM,True,2025-11-21T06:37:56.176392,,2025
ML-KEM-1024,encap,1024,1,2.5,1,1,0,ip-172-31-41-169,linux,0,0.0886,11282.99,KEM,True,2025-11-21T06:37:56.176519,,2026
ML-KEM-1024,encap,1024,1,2.5,1,1,0,ip-172-31-41-169,linux,0,0.0883,11325.03,KEM,True,2025-11-21T06:37:56.176644,,2027
ML-KEM-1024,encap,1024,1,2.5,1,1,0,ip-172-31-41-169,linux,0,0.0877,11400.43,KEM,True,2025-11-21T06:37:56.176769,,2028
ML-KEM-1024,encap,1024,1,2.5,1,1,0,ip-172-31-41-169,linux,0,0.0875,11428.96,KEM,True,2025-11-21T06:37:56.176894,,2029
ML-KEM-1024,encap,1024,1,2.5,1,1,0,ip-172-31-41-169,linux,0,0.0918,10888.74,KEM,True,2025-11-21T06:37:56.177022,,2030
ML-KEM-1024,encap,1024,16,2.5,1,1,0,ip-172-31-41-169,linux,0,0.1086,9210.56,KEM,True,2025-11-21T06:37:56.177169,,2031
ML-KEM-1024,encap,1024,16,2.5,1,1,0,ip-172-31-41-169,linux,0,0.0893,11195.83,KEM,True,2025-11-21T06:37:56.177295,,2032
ML-KEM-1024,encap,1024,16,2.5,1,1,0,ip-172-31-41-169,linux,0,0.088,11358.34,KEM,True,2025-11-21T06:37:56.177420,,2033
ML-KEM-1024,encap,1024,16,2.5,1,1,0,ip-172-31-41-169,linux,0,0.088,11362.47,KEM,True,2025-11-21T06:37:56.177545,,2034
ML-KEM-1024,encap,1024,16,2.5,1,1,0,ip-172-31-41-169,linux,0,0.0873,11454.75,KEM,True,2025-11-21T06:37:56.177668,,2035
ML-KEM-1024,encap,1024,64,2.5,1,1,0,ip-172-31-41-169,linux,0,0.0875,11427.0,KEM,True,2025-11-21T06:37:56.177793,,2036
ML-KEM-1024,encap,1024,64,2.5,1,1,0,ip-172-31-41-169,linux,0,0.0916,10920.01,KEM,True,2025-11-21T06:37:56.177922,,2037
ML-KEM-1024,encap,1024,64,2.5,1,1,0,ip-172-31-41-169,linux,0,0.0899,11118.03,KEM,True,2025-11-21T06:37:56.178050,,2038
ML-KEM-1024,encap,1024,64,2.5,1,1,0,ip-172-31-41-169,linux,0,0.1024,9761.72,KEM,True,2025-11-21T06:37:56.178189,,2039
ML-KEM-1024,encap,1024,64,2.5,1,1,0,ip-172-31-41-169,linux,0,0.0888,11256.95,KEM,True,2025-11-21T06:37:56.178316,,2040
ML-KEM-1024,decap,0,1,2.5,1,1,0,ip-172-31-41-169,linux,0,0.1178,8491.13,KEM,True,2025-11-21T06:37:56.178483,,2041
ML-KEM-1024,decap,0,1,2.5,1,1,0,ip-172-31-41-169,linux,0,0.1168,8561.35,KEM,True,2025-11-21T06:37:56.178637,,2042
ML-KEM-1024,decap,0,1,2.5,1,1,0,ip-172-31-41-169,linux,0,0.1187,8421.83,KEM,True,2025-11-21T06:37:56.178793,,2043
ML-KEM-1024,decap,0,1,2.5,1,1,0,ip-172-31-41-169,linux,0,0.1167,8567.51,KEM,True,2025-11-21T06:37:56.178945,,2044
ML-KEM-1024,decap,0,1,2.5,1,1,0,ip-172-31-41-169,linux,0,0.1163,8599.34,KEM,True,2025-11-21T06:37:56.179098,,2045
ML-KEM-1024,decap,0,16,2.5,1,1,0,ip-172-31-41-169,linux,0,0.1315,7606.41,KEM,True,2025-11-21T06:37:56.179266,,2046
ML-KEM-1024,decap,0,16,2.5,1,1,0,ip-172-31-41-169,linux,0,0.1171,8537.09,KEM,True,2025-11-21T06:37:56.179420,,2047
ML-KEM-1024,decap,0,16,2.5,1,1,0,ip-172-31-41-169,linux,0,0.1162,8608.0,KEM,True,2025-11-21T06:37:56.179573,,2048
ML-KEM-1024,decap,0,16,2.5,1,1,0,ip-172-31-41-169,linux,0,0.1152,8680.4,KEM,True,2025-11-21T06:37:56.179725,,2049
ML-KEM-1024,decap,0,16,2.5,1,1,0,ip-172-31-41-169,linux,0,0.1157,8646.41,KEM,True,2025-11-21T06:37:56.179878,,2050
ML-KEM-1024,decap,0,64,2.5,1,1,0,ip-172-31-41-169,linux,0,0.116,8620.02,KEM,True,2025-11-21T06:37:56.180031,,2051
ML-KEM-1024,decap,0,64,2.5,1,1,0,ip-172-31-41-169,linux,0,0.1423,7027.11,KEM,True,2025-11-21T06:37:56.180220,,2052
ML-KEM-1024,decap,0,64,2.5,1,1,0,ip-172-31-41-169,linux,0,0.1187,8421.9,KEM,True,2025-11-21T06:37:56.180377,,2053
ML-KEM-1024,decap,0,64,2.5,1,1,0,ip-172-31-41-169,linux,0,0.1171,8542.34,KEM,True,2025-11-21T06:37:56.180531,,2054
ML-KEM-1024,decap,0,64,2.5,1,1,0,ip-172-31-41-169,linux,0,0.1168,8561.28,KEM,True,2025-11-21T06:37:56.180684,,2055
ML-KEM-1024,decap,1024,1,2.5,1,1,0,ip-172-31-41-169,linux,0,0.1164,8593.13,KEM,True,2025-11-21T06:37:56.180839,,2056
ML-KEM-1024,decap,1024,1,2.5,1,1,0,ip-172-31-41-169,linux,0,0.1208,8278.49,KEM,True,2025-11-21T06:37:56.181033,,2057
ML-KEM-1024,decap,1024,1,2.5,1,1,0,ip-172-31-41-169,linux,0,0.1483,6742.82,KEM,True,2025-11-21T06:37:56.181219,,2058
ML-KEM-1024,decap,1024,1,2.5,1,1,0,ip-172-31-41-169,linux,0,0.1183,8450.44,KEM,True,2025-11-21T06:37:56.181375,,2059
ML-KEM-1024,decap,1024,1,2.5,1,1,0,ip-172-31-41-169,linux,0,0.1183,8450.87,KEM,True,2025-11-21T06:37:56.181530,,2060
ML-KEM-1024,decap,1024,16,2.5,1,1,0,ip-172-31-41-169,linux,0,0.1166,8575.81,KEM,True,2025-11-21T06:37:56.181685,,2061
ML-KEM-1024,decap,1024,16,2.5,1,1,0,ip-172-31-41-169,linux,0,0.1177,8499.35,KEM,True,2025-11-21T06:37:56.181840,,2062
ML-KEM-1024,decap,1024,16,2.5,1,1,0,ip-172-31-41-169,linux,0,0.1158,8632.67,KEM,True,2025-11-21T06:37:56.181993,,2063
ML-KEM-1024,decap,1024,16,2.5,1,1,0,ip-172-31-41-169,linux,0,0.1281,7808.41,KEM,True,2025-11-21T06:37:56.182158,,2064
ML-KEM-1024,decap,1024,16,2.5,1,1,0,ip-172-31-41-169,linux,0,0.1184,8446.59,KEM,True,2025-11-21T06:37:56.182314,,2065
ML-KEM-1024,decap,1024,64,2.5,1,1,0,ip-172-31-41-169,linux,0,0.1165,8586.05,KEM,True,2025-11-21T06:37:56.182468,,2066
ML-KEM-1024,decap,1024,64,2.5,1,1,0,ip-172-31-41-169,linux,0,0.1312,7620.73,KEM,True,2025-11-21T06:37:56.182636,,2067
ML-KEM-1024,decap,1024,64,2.5,1,1,0,ip-172-31-41-169,linux,0,0.1167,8569.64,KEM,True,2025-11-21T06:37:56.182790,,2068
ML-KEM-1024,decap,1024,64,2.5,1,1,0,ip-172-31-41-169,linux,0,0.1159,8631.18,KEM,True,2025-11-21T06:37:56.182943,,2069
ML-KEM-1024,decap,1024,64,2.5,1,1,0,ip-172-31-41-169,linux,0,0.1413,7075.64,KEM,True,2025-11-21T06:37:56.183164,,2070
ML-KEM-512,keygen,0,1,2.5,1,1,0,ip-172-31-41-169,linux,0,0.1119,8932.88,KEM,True,2025-11-21T06:37:56.183331,,2071
ML-KEM-512,keygen,0,1,2.5,1,1,0,ip-172-31-41-169,linux,0,0.0524,19086.52,KEM,True,2025-11-21T06:37:56.183423,,2072
ML-KEM-512,keygen,0,1,2.5,1,1,0,ip-172-31-41-169,linux,0,0.0502,19926.67,KEM,True,2025-11-21T06:37:56.183510,,2073
ML-KEM-512,keygen,0,1,2.5,1,1,0,ip-172-31-41-169,linux,0,0.0503,19878.74,KEM,True,2025-11-21T06:37:56.183597,,2074
ML-KEM-512,keygen,0,1,2.5,1,1,0,ip-172-31-41-169,linux,0,0.0491,20359.55,KEM,True,2025-11-21T06:37:56.183681,,2075
ML-KEM-512,keygen,0,16,2.5,1,1,0,ip-172-31-41-169,linux,0,0.0493,20270.41,KEM,True,2025-11-21T06:37:56.183770,,2076
ML-KEM-512,keygen,0,16,2.5,1,1,0,ip-172-31-41-169,linux,0,0.0501,19960.88,KEM,True,2025-11-21T06:37:56.183901,,2077
ML-KEM-512,keygen,0,16,2.5,1,1,0,ip-172-31-41-169,linux,0,0.0503,19881.51,KEM,True,2025-11-21T06:37:56.183987,,2078
ML-KEM-512,keygen,0,16,2.5,1,1,0,ip-172-31-41-169,linux,0,0.0573,17441.05,KEM,True,2025-11-21T06:37:56.184080,,2079
ML-KEM-512,keygen,0,16,2.5,1,1,0,ip-172-31-41-169,linux,0,0.0641,15592.6,KEM,True,2025-11-21T06:37:56.184181,,2080
ML-KEM-512,keygen,0,64,2.5,1,1,0,ip-172-31-41-169,linux,0,0.0497,20109.8,KEM,True,2025-11-21T06:37:56.184268,,2081
ML-KEM-512,keygen,0,64,2.5,1,1,0,ip-172-31-41-169,linux,0,0.0518,19302.41,KEM,True,2025-11-21T06:37:56.184356,,2082
ML-KEM-512,keygen,0,64,2.5,1,1,0,ip-172-31-41-169,linux,0,0.0496,20153.57,KEM,True,2025-11-21T06:37:56.184441,,2083
ML-KEM-512,keygen,0,64,2.5,1,1,0,ip-172-31-41-169,linux,0,0.0499,20059.78,KEM,True,2025-11-21T06:37:56.184526,,2084
ML-KEM-512,keygen,0,64,2.5,1,1,0,ip-172-31-41-169,linux,0,0.0495,20209.78,KEM,True,2025-11-21T06:37:56.184611,,2085
ML-KEM-512,keygen,1024,1,2.5,1,1,0,ip-172-31-41-169,linux,0,0.0495,20185.71,KEM,True,2025-11-21T06:37:56.184697,,2086
ML-KEM-512,keygen,1024,1,2.5,1,1,0,ip-172-31-41-169,linux,0,0.0497,20113.84,KEM,True,2025-11-21T06:37:56.184783,,2087
ML-KEM-512,keygen,1024,1,2.5,1,1,0,ip-172-31-41-169,linux,0,0.0494,20248.65,KEM,True,2025-11-21T06:37:56.184868,,2088
ML-KEM-512,keygen,1024,1,2.5,1,1,0,ip-172-31-41-169,linux,0,0.0493,20303.33,KEM,True,2025-11-21T06:37:56.184953,,2089
ML-KEM-512,keygen,1024,1,2.5,1,1,0,ip-172-31-41-169,linux,0,0.0778,12847.03,KEM,True,2025-11-21T06:37:56.185066,,2090
ML-KEM-512,keygen,1024,16,2.5,1,1,0,ip-172-31-41-169,linux,0,0.0661,15121.5,KEM,True,2025-11-21T06:37:56.185169,,2091
ML-KEM-512,keygen,1024,16,2.5,1,1,0,ip-172-31-41-169,linux,0,0.0505,19820.43,KEM,True,2025-11-21T06:37:56.185255,,2092
ML-KEM-512,keygen,1024,16,2.5,1,1,0,ip-172-31-41-169,linux,0,0.0495,20213.86,KEM,True,2025-11-21T06:37:56.185340,,2093
ML-KEM-512,keygen,1024,16,2.5,1,1,0,ip-172-31-41-169,linux,0,0.0495,20202.43,KEM,True,2025-11-21T06:37:56.185425,,2094
ML-KEM-512,keygen,1024,16,2.5,1,1,0,ip-172-31-41-169,linux,0,0.0488,20496.84,KEM,True,2025-11-21T06:37:56.185508,,2095
ML-KEM-512,keygen,1024,64,2.5,1,1,0,ip-172-31-41-169,linux,0,0.049,20416.5,KEM,True,2025-11-21T06:37:56.185593,,2096
ML-KEM-512,keygen,1024,64,2.5,1,1,0,ip-172-31-41-169,linux,0,0.0492,20344.22,KEM,True,2025-11-21T06:37:56.185678,,2097
ML-KEM-512,keygen,1024,64,2.5,1,1,0,ip-172-31-41-169,linux,0,0.0495,20211.41,KEM,True,2025-11-21T06:37:56.185762,,2098
ML-KEM-512,keygen,1024,64,2.5,1,1,0,ip-172-31-41-169,linux,0,0.0495,20202.02,KEM,True,2025-11-21T06:37:56.185847,,2099
ML-KEM-512,keygen,1024,64,2.5,1,1,0,ip-172-31-41-169,linux,0,0.0493,20298.39,KEM,True,2025-11-21T06:37:56.185931,,2100
ML-KEM-512,encap,0,1,2.5,1,1,0,ip-172-31-41-169,linux,0,0.0709,14106.16,KEM,True,2025-11-21T06:37:56.186056,,2101
ML-KEM-512,encap,0,1,2.5,1,1,0,ip-172-31-41-169,linux,0,0.1015,9852.02,KEM,True,2025-11-21T06:37:56.186229,,2102
ML-KEM-512,encap,0,1,2.5,1,1,0,ip-172-31-41-169,linux,0,0.0727,13762.16,KEM,True,2025-11-21T06:37:56.186343,,2103
ML-KEM-512,encap,0,1,2.5,1,1,0,ip-172-31-41-169,linux,0,0.07,14289.59,KEM,True,2025-11-21T06:37:56.186450,,2104
ML-KEM-512,encap,0,1,2.5,1,1,0,ip-172-31-41-169,linux,0,0.0679,14721.9,KEM,True,2025-11-21T06:37:56.186554,,2105
ML-KEM-512,encap,0,16,2.5,1,1,0,ip-172-31-41-169,linux,0,0.068,14706.75,KEM,True,2025-11-21T06:37:56.186659,,2106
ML-KEM-512,encap,0,16,2.5,1,1,0,ip-172-31-41-169,linux,0,0.0679,14736.22,KEM,True,2025-11-21T06:37:56.186763,,2107
ML-KEM-512,encap,0,16,2.5,1,1,0,ip-172-31-41-169,linux,0,0.0678,14750.13,KEM,True,2025-11-21T06:37:56.186867,,2108
ML-KEM-512,encap,0,16,2.5,1,1,0,ip-172-31-41-169,linux,0,0.0677,14771.05,KEM,True,2025-11-21T06:37:56.186971,,2109
ML-KEM-512,encap,0,16,2.5,1,1,0,ip-172-31-41-169,linux,0,0.0675,14825.14,KEM,True,2025-11-21T06:37:56.187074,,2110
ML-KEM-512,encap,0,64,2.5,1,1,0,ip-172-31-41-169,linux,0,0.0811,12332.43,KEM,True,2025-11-21T06:37:56.187192,,2111
ML-KEM-512,encap,0,64,2.5,1,1,0,ip-172-31-41-169,linux,0,0.0676,14783.28,KEM,True,2025-11-21T06:37:56.187296,,2112
ML-KEM-512,encap,0,64,2.5,1,1,0,ip-172-31-41-169,linux,0,0.1048,9543.53,KEM,True,2025-11-21T06:37:56.187447,,2113
ML-KEM-512,encap,0,64,2.5,1,1,0,ip-172-31-41-169,linux,0,0.068,14702.64,KEM,True,2025-11-21T06:37:56.187555,,2114
ML-KEM-512,encap,0,64,2.5,1,1,0,ip-172-31-41-169,linux,0,0.067,14929.83,KEM,True,2025-11-21T06:37:56.187658,,2115
ML-KEM-512,encap,1024,1,2.5,1,1,0,ip-172-31-41-169,linux,0,0.0673,14863.7,KEM,True,2025-11-21T06:37:56.187762,,2116
ML-KEM-512,encap,1024,1,2.5,1,1,0,ip-172-31-41-169,linux,0,0.0666,15012.76,KEM,True,2025-11-21T06:37:56.187865,,2117
ML-KEM-512,encap,1024,1,2.5,1,1,0,ip-172-31-41-169,linux,0,0.0668,14972.08,KEM,True,2025-11-21T06:37:56.187968,,2118
ML-KEM-512,encap,1024,1,2.5,1,1,0,ip-172-31-41-169,linux,0,0.0764,13084.72,KEM,True,2025-11-21T06:37:56.188080,,2119
ML-KEM-512,encap,1024,1,2.5,1,1,0,ip-172-31-41-169,linux,0,0.082,12191.11,KEM,True,2025-11-21T06:37:56.188199,,2120
ML-KEM-512,encap,1024,16,2.5,1,1,0,ip-172-31-41-169,linux,0,0.0681,14688.82,KEM,True,2025-11-21T06:37:56.188305,,2121
ML-KEM-512,encap,1024,16,2.5,1,1,0,ip-172-31-41-169,linux,0,0.0674,14828.0,KEM,True,2025-11-21T06:37:56.188409,,2122
ML-KEM-512,encap,1024,16,2.5,1,1,0,ip-172-31-41-169,linux,0,0.0679,14737.52,KEM,True,2025-11-21T06:37:56.188513,,2123
ML-KEM-512,encap,1024,16,2.5,1,1,0,ip-172-31-41-169,linux,0,0.0669,14955.06,KEM,True,2025-11-21T06:37:56.188616,,2124
ML-KEM-512,encap,1024,16,2.5,1,1,0,ip-172-31-41-169,linux,0,0.0679,14734.48,KEM,True,2025-11-21T06:37:56.188720,,2125
ML-KEM-512,encap,1024,64,2.5,1,1,0,ip-172-31-41-169,linux,0,0.0719,13902.21,KEM,True,2025-11-21T06:37:56.188862,,2126
ML-KEM-512,encap,1024,64,2.5,1,1,0,ip-172-31-41-169,linux,0,0.0684,14621.59,KEM,True,2025-11-21T06:37:56.188967,,2127
ML-KEM-512,encap,1024,64,2.5,1,1,0,ip-172-31-41-169,linux,0,0.0675,14804.29,KEM,True,2025-11-21T06:37:56.189071,,2128
ML-KEM-512,encap,1024,64,2.5,1,1,0,ip-172-31-41-169,linux,0,0.0841,11889.9,KEM,True,2025-11-21T06:37:56.189191,,2129
ML-KEM-512,encap,1024,64,2.5,1,1,0,ip-172-31-41-169,linux,0,0.068,14697.88,KEM,True,2025-11-21T06:37:56.189296,,2130
ML-KEM-512,decap,0,1,2.5,1,1,0,ip-172-31-41-169,linux,0,0.0851,11756.68,KEM,True,2025-11-21T06:37:56.189432,,2131
ML-KEM-512,decap,0,1,2.5,1,1,0,ip-172-31-41-169,linux,0,0.0835,11968.88,KEM,True,2025-11-21T06:37:56.189552,,2132
ML-KEM-512,decap,0,1,2.5,1,1,0,ip-172-31-41-169,linux,0,0.0839,11912.14,KEM,True,2025-11-21T06:37:56.189672,,2133
ML-KEM-512,decap,0,1,2.5,1,1,0,ip-172-31-41-169,linux,0,0.0843,11857.47,KEM,True,2025-11-21T06:37:56.189793,,2134
ML-KEM-512,decap,0,1,2.5,1,1,0,ip-172-31-41-169,linux,0,0.0825,12115.78,KEM,True,2025-11-21T06:37:56.189912,,2135
ML-KEM-512,decap,0,16,2.5,1,1,0,ip-172-31-41-169,linux,0,0.0825,12119.45,KEM,True,2025-11-21T06:37:56.190032,,2136
ML-KEM-512,decap,0,16,2.5,1,1,0,ip-172-31-41-169,linux,0,0.0958,10439.83,KEM,True,2025-11-21T06:37:56.190164,,2137
ML-KEM-512,decap,0,16,2.5,1,1,0,ip-172-31-41-169,linux,0,0.0837,11946.57,KEM,True,2025-11-21T06:37:56.190285,,2138
ML-KEM-512,decap,0,16,2.5,1,1,0,ip-172-31-41-169,linux,0,0.0827,12088.54,KEM,True,2025-11-21T06:37:56.190404,,2139
ML-KEM-512,decap,0,16,2.5,1,1,0,ip-172-31-41-169,linux,0,0.0827,12090.29,KEM,True,2025-11-21T06:37:56.190523,,2140
ML-KEM-512,decap,0,64,2.5,1,1,0,ip-172-31-41-169,linux,0,0.0833,12007.11,KEM,True,2025-11-21T06:37:56.190643,,2141
ML-KEM-512,decap,0,64,2.5,1,1,0,ip-172-31-41-169,linux,0,0.0825,12120.04,KEM,True,2025-11-21T06:37:56.190762,,2142
ML-KEM-512,decap,0,64,2.5,1,1,0,ip-172-31-41-169,linux,0,0.0823,12146.54,KEM,True,2025-11-21T06:37:56.190880,,2143
ML-KEM-512,decap,0,64,2.5,1,1,0,ip-172-31-41-169,linux,0,0.0823,12155.84,KEM,True,2025-11-21T06:37:56.190999,,2144
ML-KEM-512,decap,0,64,2.5,1,1,0,ip-172-31-41-169,linux,0,0.0827,12091.02,KEM,True,2025-11-21T06:37:56.191117,,2145
ML-KEM-512,decap,1024,1,2.5,1,1,0,ip-172-31-41-169,linux,0,0.0832,12014.18,KEM,True,2025-11-21T06:37:56.191255,,2146
ML-KEM-512,decap,1024,1,2.5,1,1,0,ip-172-31-41-169,linux,0,0.0846,11818.79,KEM,True,2025-11-21T06:37:56.191376,,2147
ML-KEM-512,decap,1024,1,2.5,1,1,0,ip-172-31-41-169,linux,0,0.0825,12127.68,KEM,True,2025-11-21T06:37:56.191496,,2148
ML-KEM-512,decap,1024,1,2.5,1,1,0,ip-172-31-41-169,linux,0,0.0814,12278.68,KEM,True,2025-11-21T06:37:56.191614,,2149
ML-KEM-512,decap,1024,1,2.5,1,1,0,ip-172-31-41-169,linux,0,0.0826,12104.49,KEM,True,2025-11-21T06:37:56.191733,,2150
ML-KEM-512,decap,1024,16,2.5,1,1,0,ip-172-31-41-169,linux,0,0.0824,12133.12,KEM,True,2025-11-21T06:37:56.191852,,2151
ML-KEM-512,decap,1024,16,2.5,1,1,0,ip-172-31-41-169,linux,0,0.0828,12081.67,KEM,True,2025-11-21T06:37:56.191971,,2152
ML-KEM-512,decap,1024,16,2.5,1,1,0,ip-172-31-41-169,linux,0,0.0905,11055.47,KEM,True,2025-11-21T06:37:56.192097,,2153
ML-KEM-512,decap,1024,16,2.5,1,1,0,ip-172-31-41-169,linux,0,0.0967,10343.94,KEM,True,2025-11-21T06:37:56.192231,,2154
ML-KEM-512,decap,1024,16,2.5,1,1,0,ip-172-31-41-169,linux,0,0.0833,12008.26,KEM,True,2025-11-21T06:37:56.192351,,2155
ML-KEM-512,decap,1024,64,2.5,1,1,0,ip-172-31-41-169,linux,0,0.0825,12121.36,KEM,True,2025-11-21T06:37:56.192470,,2156
ML-KEM-512,decap,1024,64,2.5,1,1,0,ip-172-31-41-169,linux,0,0.0826,12104.49,KEM,True,2025-11-21T06:37:56.192589,,2157
ML-KEM-512,decap,1024,64,2.5,1,1,0,ip-172-31-41-169,linux,0,0.0825,12118.57,KEM,True,2025-11-21T06:37:56.192708,,2158
ML-KEM-512,decap,1024,64,2.5,1,1,0,ip-172-31-41-169,linux,0,0.083,12049.5,KEM,True,2025-11-21T06:37:56.192827,,2159
ML-KEM-512,decap,1024,64,2.5,1,1,0,ip-172-31-41-169,linux,0,0.0833,12006.1,KEM,True,2025-11-21T06:37:56.192947,,2160
ML-KEM-768,keygen,0,1,2.5,1,1,0,ip-172-31-41-169,linux,0,0.0611,16358.58,KEM,True,2025-11-21T06:37:56.193056,,2161
ML-KEM-768,keygen,0,1,2.5,1,1,0,ip-172-31-41-169,linux,0,0.0774,12912.89,KEM,True,2025-11-21T06:37:56.193171,,2162
ML-KEM-768,keygen,0,1,2.5,1,1,0,ip-172-31-41-169,linux,0,0.0577,17317.82,KEM,True,2025-11-21T06:37:56.193265,,2163
ML-KEM-768,keygen,0,1,2.5,1,1,0,ip-172-31-41-169,linux,0,0.0568,17597.27,KEM,True,2025-11-21T06:37:56.193358,,2164
ML-KEM-768,keygen,0,1,2.5,1,1,0,ip-172-31-41-169,linux,0,0.0564,17723.27,KEM,True,2025-11-21T06:37:56.193451,,2165
ML-KEM-768,keygen,0,16,2.5,1,1,0,ip-172-31-41-169,linux,0,0.0568,17601.3,KEM,True,2025-11-21T06:37:56.193544,,2166
ML-KEM-768,keygen,0,16,2.5,1,1,0,ip-172-31-41-169,linux,0,0.056,17861.29,KEM,True,2025-11-21T06:37:56.193635,,2167
ML-KEM-768,keygen,0,16,2.5,1,1,0,ip-172-31-41-169,linux,0,0.0563,17759.78,KEM,True,2025-11-21T06:37:56.193727,,2168
ML-KEM-768,keygen,0,16,2.5,1,1,0,ip-172-31-41-169,linux,0,0.0639,15639.91,KEM,True,2025-11-21T06:37:56.193891,,2169
ML-KEM-768,keygen,0,16,2.5,1,1,0,ip-172-31-41-169,linux,0,0.0585,17104.54,KEM,True,2025-11-21T06:37:56.193987,,2170
ML-KEM-768,keygen,0,64,2.5,1,1,0,ip-172-31-41-169,linux,0,0.0569,17575.31,KEM,True,2025-11-21T06:37:56.194080,,2171
ML-KEM-768,keygen,0,64,2.5,1,1,0,ip-172-31-41-169,linux,0,0.0691,14464.66,KEM,True,2025-11-21T06:37:56.194185,,2172
ML-KEM-768,keygen,0,64,2.5,1,1,0,ip-172-31-41-169,linux,0,0.0572,17491.08,KEM,True,2025-11-21T06:37:56.194279,,2173
ML-KEM-768,keygen,0,64,2.5,1,1,0,ip-172-31-41-169,linux,0,0.0563,17761.99,KEM,True,2025-11-21T06:37:56.194371,,2174
ML-KEM-768,keygen,0,64,2.5,1,1,0,ip-172-31-41-169,linux,0,0.056,17857.78,KEM,True,2025-11-21T06:37:56.194463,,2175
ML-KEM-768,keygen,1024,1,2.5,1,1,0,ip-172-31-41-169,linux,0,0.0569,17573.46,KEM,True,2025-11-21T06:37:56.194556,,2176
ML-KEM-768,keygen,1024,1,2.5,1,1,0,ip-172-31-41-169,linux,0,0.0564,17744.02,KEM,True,2025-11-21T06:37:56.194648,,2177
ML-KEM-768,keygen,1024,1,2.5,1,1,0,ip-172-31-41-169,linux,0,0.0565,17695.98,KEM,True,2025-11-21T06:37:56.194740,,2178
ML-KEM-768,keygen,1024,1,2.5,1,1,0,ip-172-31-41-169,linux,0,0.0565,17690.35,KEM,True,2025-11-21T06:37:56.194832,,2179
ML-KEM-768,keygen,1024,1,2.5,1,1,0,ip-172-31-41-169,linux,0,0.0565,17694.73,KEM,True,2025-11-21T06:37:56.194924,,2180
ML-KEM-768,keygen,1024,16,2.5,1,1,0,ip-172-31-41-169,linux,0,0.0564,17721.07,KEM,True,2025-11-21T06:37:56.195016,,2181
ML-KEM-768,keygen,1024,16,2.5,1,1,0,ip-172-31-41-169,linux,0,0.0563,17749.69,KEM,True,2025-11-21T06:37:56.195108,,2182
ML-KEM-768,keygen,1024,16,2.5,1,1,0,ip-172-31-41-169,linux,0,0.0545,18336.85,KEM,True,2025-11-21T06:37:56.195215,,2183
ML-KEM-768,keygen,1024,16,2.5,1,1,0,ip-172-31-41-169,linux,0,0.0567,17621.15,KEM,True,2025-11-21T06:37:56.195307,,2184
ML-KEM-768,keygen,1024,16,2.5,1,1,0,ip-172-31-41-169,linux,0,0.0562,17808.17,KEM,True,2025-11-21T06:37:56.195398,,2185
ML-KEM-768,keygen,1024,64,2.5,1,1,0,ip-172-31-41-169,linux,0,0.0575,17401.29,KEM,True,2025-11-21T06:37:56.195492,,2186
ML-KEM-768,keygen,1024,64,2.5,1,1,0,ip-172-31-41-169,linux,0,0.056,17855.23,KEM,True,2025-11-21T06:37:56.195582,,2187
ML-KEM-768,keygen,1024,64,2.5,1,1,0,ip-172-31-41-169,linux,0,0.0561,17811.66,KEM,True,2025-11-21T06:37:56.195674,,2188
ML-KEM-768,keygen,1024,64,2.5,1,1,0,ip-172-31-41-169,linux,0,0.056,17860.33,KEM,True,2025-11-21T06:37:56.195765,,2189
ML-KEM-768,keygen,1024,64,2.5,1,1,0,ip-172-31-41-169,linux,0,0.0571,17523.88,KEM,True,2025-11-21T06:37:56.195858,,2190
ML-KEM-768,encap,0,1,2.5,1,1,0,ip-172-31-41-169,linux,0,0.0821,12178.04,KEM,True,2025-11-21T06:37:56.195990,,2191
ML-KEM-768,encap,0,1,2.5,1,1,0,ip-172-31-41-169,linux,0,0.0897,11148.15,KEM,True,2025-11-21T06:37:56.196116,,2192
ML-KEM-768,encap,0,1,2.5,1,1,0,ip-172-31-41-169,linux,0,0.0782,12779.88,KEM,True,2025-11-21T06:37:56.196249,,2193
ML-KEM-768,encap,0,1,2.5,1,1,0,ip-172-31-41-169,linux,0,0.0814,12283.96,KEM,True,2025-11-21T06:37:56.196367,,2194
ML-KEM-768,encap,0,1,2.5,1,1,0,ip-172-31-41-169,linux,0,0.0849,11780.92,KEM,True,2025-11-21T06:37:56.196524,,2195
ML-KEM-768,encap,0,16,2.5,1,1,0,ip-172-31-41-169,linux,0,0.0806,12400.18,KEM,True,2025-11-21T06:37:56.196643,,2196
ML-KEM-768,encap,0,16,2.5,1,1,0,ip-172-31-41-169,linux,0,0.0803,12449.27,KEM,True,2025-11-21T06:37:56.196760,,2197
ML-KEM-768,encap,0,16,2.5,1,1,0,ip-172-31-41-169,linux,0,0.0804,12430.24,KEM,True,2025-11-21T06:37:56.196876,,2198
ML-KEM-768,encap,0,16,2.5,1,1,0,ip-172-31-41-169,linux,0,0.0808,12373.94,KEM,True,2025-11-21T06:37:56.196993,,2199
ML-KEM-768,encap,0,16,2.5,1,1,0,ip-172-31-41-169,linux,0,0.0801,12479.25,KEM,True,2025-11-21T06:37:56.197109,,2200
ML-KEM-768,encap,0,64,2.5,1,1,0,ip-172-31-41-169,linux,0,0.0812,12311.33,KEM,True,2025-11-21T06:37:56.197247,,2201
ML-KEM-768,encap,0,64,2.5,1,1,0,ip-172-31-41-169,linux,0,0.0806,12408.8,KEM,True,2025-11-21T06:37:56.197365,,2202
ML-KEM-768,encap,0,64,2.5,1,1,0,ip-172-31-41-169,linux,0,0.0797,12549.57,KEM,True,2025-11-21T06:37:56.197481,,2203
ML-KEM-768,encap,0,64,2.5,1,1,0,ip-172-31-41-169,linux,0,0.0801,12489.85,KEM,True,2025-11-21T06:37:56.197598,,2204
ML-KEM-768,encap,0,64,2.5,1,1,0,ip-172-31-41-169,linux,0,0.0803,12451.28,KEM,True,2025-11-21T06:37:56.197714,,2205
ML-KEM-768,encap,1024,1,2.5,1,1,0,ip-172-31-41-169,linux,0,0.0797,12539.5,KEM,True,2025-11-21T06:37:56.197831,,2206
ML-KEM-768,encap,1024,1,2.5,1,1,0,ip-172-31-41-169,linux,0,0.0798,12524.42,KEM,True,2025-11-21T06:37:56.197948,,2207
ML-KEM-768,encap,1024,1,2.5,1,1,0,ip-172-31-41-169,linux,0,0.0805,12415.27,KEM,True,2025-11-21T06:37:56.198065,,2208
ML-KEM-768,encap,1024,1,2.5,1,1,0,ip-172-31-41-169,linux,0,0.0979,10216.49,KEM,True,2025-11-21T06:37:56.198199,,2209
ML-KEM-768,encap,1024,1,2.5,1,1,0,ip-172-31-41-169,linux,0,0.0807,12395.87,KEM,True,2025-11-21T06:37:56.198316,,2210
ML-KEM-768,encap,1024,16,2.5,1,1,0,ip-172-31-41-169,linux,0,0.08,12492.66,KEM,True,2025-11-21T06:37:56.198433,,2211
ML-KEM-768,encap,1024,16,2.5,1,1,0,ip-172-31-41-169,linux,0,0.0796,12565.81,KEM,True,2025-11-21T06:37:56.198550,,2212
ML-KEM-768,encap,1024,16,2.5,1,1,0,ip-172-31-41-169,linux,0,0.0797,12550.04,KEM,True,2025-11-21T06:37:56.198666,,2213
ML-KEM-768,encap,1024,16,2.5,1,1,0,ip-172-31-41-169,linux,0,0.0756,13234.17,KEM,True,2025-11-21T06:37:56.198821,,2214
ML-KEM-768,encap,1024,16,2.5,1,1,0,ip-172-31-41-169,linux,0,0.0813,12303.91,KEM,True,2025-11-21T06:37:56.198941,,2215
ML-KEM-768,encap,1024,64,2.5,1,1,0,ip-172-31-41-169,linux,0,0.0816,12252.2,KEM,True,2025-11-21T06:37:56.199060,,2216
ML-KEM-768,encap,1024,64,2.5,1,1,0,ip-172-31-41-169,linux,0,0.0912,10968.76,KEM,True,2025-11-21T06:37:56.199188,,2217
ML-KEM-768,encap,1024,64,2.5,1,1,0,ip-172-31-41-169,linux,0,0.0816,12261.51,KEM,True,2025-11-21T06:37:56.199307,,2218
ML-KEM-768,encap,1024,64,2.5,1,1,0,ip-172-31-41-169,linux,0,0.0793,12617.02,KEM,True,2025-11-21T06:37:56.199422,,2219
ML-KEM-768,encap,1024,64,2.5,1,1,0,ip-172-31-41-169,linux,0,0.1077,9282.29,KEM,True,2025-11-21T06:37:56.199614,,2220
ML-KEM-768,decap,0,1,2.5,1,1,0,ip-172-31-41-169,linux,0,0.1101,9086.78,KEM,True,2025-11-21T06:37:56.199786,,2221
ML-KEM-768,decap,0,1,2.5,1,1,0,ip-172-31-41-169,linux,0,0.1041,9602.09,KEM,True,2025-11-21T06:37:56.199928,,2222
ML-KEM-768,decap,0,1,2.5,1,1,0,ip-172-31-41-169,linux,0,0.1122,8914.4,KEM,True,2025-11-21T06:37:56.200078,,2223
ML-KEM-768,decap,0,1,2.5,1,1,0,ip-172-31-41-169,linux,0,0.1184,8444.59,KEM,True,2025-11-21T06:37:56.200234,,2224
ML-KEM-768,decap,0,1,2.5,1,1,0,ip-172-31-41-169,linux,0,0.1026,9747.92,KEM,True,2025-11-21T06:37:56.200375,,2225
ML-KEM-768,decap,0,16,2.5,1,1,0,ip-172-31-41-169,linux,0,0.1021,9792.98,KEM,True,2025-11-21T06:37:56.200515,,2226
ML-KEM-768,decap,0,16,2.5,1,1,0,ip-172-31-41-169,linux,0,0.1013,9875.67,KEM,True,2025-11-21T06:37:56.200654,,2227
ML-KEM-768,decap,0,16,2.5,1,1,0,ip-172-31-41-169,linux,0,0.1004,9959.07,KEM,True,2025-11-21T06:37:56.200791,,2228
ML-KEM-768,decap,0,16,2.5,1,1,0,ip-172-31-41-169,linux,0,0.1005,9949.75,KEM,True,2025-11-21T06:37:56.200928,,2229
ML-KEM-768,decap,0,16,2.5,1,1,0,ip-172-31-41-169,linux,0,0.101,9899.13,KEM,True,2025-11-21T06:37:56.201066,,2230
ML-KEM-768,decap,0,64,2.5,1,1,0,ip-172-31-41-169,linux,0,0.1172,8531.77,KEM,True,2025-11-21T06:37:56.201221,,2231
ML-KEM-768,decap,0,64,2.5,1,1,0,ip-172-31-41-169,linux,0,0.102,9801.81,KEM,True,2025-11-21T06:37:56.201361,,2232
ML-KEM-768,decap,0,64,2.5,1,1,0,ip-172-31-41-169,linux,0,0.1005,9946.98,KEM,True,2025-11-21T06:37:56.201498,,2233
ML-KEM-768,decap,0,64,2.5,1,1,0,ip-172-31-41-169,linux,0,0.1012,9880.93,KEM,True,2025-11-21T06:37:56.201635,,2234
ML-KEM-768,decap,0,64,2.5,1,1,0,ip-172-31-41-169,linux,0,0.1008,9920.83,KEM,True,2025-11-21T06:37:56.201773,,2235
ML-KEM-768,decap,1024,1,2.5,1,1,0,ip-172-31-41-169,linux,0,0.1012,9885.92,KEM,True,2025-11-21T06:37:56.201912,,2236
ML-KEM-768,decap,1024,1,2.5,1,1,0,ip-172-31-41-169,linux,0,0.1004,9959.07,KEM,True,2025-11-21T06:37:56.202049,,2237
ML-KEM-768,decap,1024,1,2.5,1,1,0,ip-172-31-41-169,linux,0,0.1161,8613.86,KEM,True,2025-11-21T06:37:56.202202,,2238
ML-KEM-768,decap,1024,1,2.5,1,1,0,ip-172-31-41-169,linux,0,0.1017,9828.69,KEM,True,2025-11-21T06:37:56.202341,,2239
ML-KEM-768,decap,1024,1,2.5,1,1,0,ip-172-31-41-169,linux,0,0.1008,9916.4,KEM,True,2025-11-21T06:37:56.202479,,2240
ML-KEM-768,decap,1024,16,2.5,1,1,0,ip-172-31-41-169,linux,0,0.1007,9933.64,KEM,True,2025-11-21T06:37:56.202617,,2241
ML-KEM-768,decap,1024,16,2.5,1,1,0,ip-172-31-41-169,linux,0,0.1691,5913.38,KEM,True,2025-11-21T06:37:56.202827,,2242
ML-KEM-768,decap,1024,16,2.5,1,1,0,ip-172-31-41-169,linux,0,0.1134,8816.71,KEM,True,2025-11-21T06:37:56.202982,,2243
ML-KEM-768,decap,1024,16,2.5,1,1,0,ip-172-31-41-169,linux,0,0.1126,8883.44,KEM,True,2025-11-21T06:37:56.203146,,2244
ML-KEM-768,decap,1024,16,2.5,1,1,0,ip-172-31-41-169,linux,0,0.1114,8979.32,KEM,True,2025-11-21T06:37:56.203296,,2245
ML-KEM-768,decap,1024,64,2.5,1,1,0,ip-172-31-41-169,linux,0,0.1079,9268.7,KEM,True,2025-11-21T06:37:56.203444,,2246
ML-KEM-768,decap,1024,64,2.5,1,1,0,ip-172-31-41-169,linux,0,0.1075,9305.61,KEM,True,2025-11-21T06:37:56.203591,,2247
ML-KEM-768,decap,1024,64,2.5,1,1,0,ip-172-31-41-169,linux,0,0.1079,9270.42,KEM,True,2025-11-21T06:37:56.203737,,2248
ML-KEM-768,decap,1024,64,2.5,1,1,0,ip-172-31-41-169,linux,0,0.1068,9366.1,KEM,True,2025-11-21T06:37:56.203882,,2249
ML-KEM-768,decap,1024,64,2.5,1,1,0,ip-172-31-41-169,linux,0,0.1017,9832.16,KEM,True,2025-11-21T06:37:56.204022,,2250
sntrup761,keygen,0,1,2.5,1,1,0,ip-172-31-41-169,linux,0,0.7313,1367.48,KEM,True,2025-11-21T06:37:56.204816,,2251
sntrup761,keygen,0,1,2.5,1,1,0,ip-172-31-41-169,linux,0,0.4517,2213.99,KEM,True,2025-11-21T06:37:56.205319,,2252
sntrup761,keygen,0,1,2.5,1,1,0,ip-172-31-41-169,linux,0,0.4971,2011.58,KEM,True,2025-11-21T06:37:56.205862,,2253
sntrup761,keygen,0,1,2.5,1,1,0,ip-172-31-41-169,linux,0,0.4444,2250.4,KEM,True,2025-11-21T06:37:56.206352,,2254
sntrup761,keygen,0,1,2.5,1,1,0,ip-172-31-41-169,linux,0,0.4332,2308.66,KEM,True,2025-11-21T06:37:56.206826,,2255
sntrup761,keygen,0,16,2.5,1,1,0,ip-172-31-41-169,linux,0,0.4433,2255.62,KEM,True,2025-11-21T06:37:56.207312,,2256
sntrup761,keygen,0,16,2.5,1,1,0,ip-172-31-41-169,linux,0,0.431,2320.09,KEM,True,2025-11-21T06:37:56.207784,,2257
sntrup761,keygen,0,16,2.5,1,1,0,ip-172-31-41-169,linux,0,0.4502,2221.06,KEM,True,2025-11-21T06:37:56.208275,,2258
sntrup761,keygen,0,16,2.5,1,1,0,ip-172-31-41-169,linux,0,0.4331,2308.91,KEM,True,2025-11-21T06:37:56.208750,,2259
sntrup761,keygen,0,16,2.5,1,1,0,ip-172-31-41-169,linux,0,0.444,2252.39,KEM,True,2025-11-21T06:37:56.209234,,2260
sntrup761,keygen,0,64,2.5,1,1,0,ip-172-31-41-169,linux,0,0.4309,2320.86,KEM,True,2025-11-21T06:37:56.209705,,2261
sntrup761,keygen,0,64,2.5,1,1,0,ip-172-31-41-169,linux,0,0.4525,2209.94,KEM,True,2025-11-21T06:37:56.210198,,2262
sntrup761,keygen,0,64,2.5,1,1,0,ip-172-31-41-169,linux,0,0.4307,2321.82,KEM,True,2025-11-21T06:37:56.210669,,2263
sntrup761,keygen,0,64,2.5,1,1,0,ip-172-31-41-169,linux,0,0.4266,2344.26,KEM,True,2025-11-21T06:37:56.211148,,2264
sntrup761,keygen,0,64,2.5,1,1,0,ip-172-31-41-169,linux,0,0.436,2293.45,KEM,True,2025-11-21T06:37:56.211661,,2265
sntrup761,keygen,1024,1,2.5,1,1,0,ip-172-31-41-169,linux,0,0.5297,1888.01,KEM,True,2025-11-21T06:37:56.212236,,2266
sntrup761,keygen,1024,1,2.5,1,1,0,ip-172-31-41-169,linux,0,0.4755,2102.95,KEM,True,2025-11-21T06:37:56.212759,,2267
sntrup761,keygen,1024,1,2.5,1,1,0,ip-172-31-41-169,linux,0,0.4854,2060.19,KEM,True,2025-11-21T06:37:56.213290,,2268
sntrup761,keygen,1024,1,2.5,1,1,0,ip-172-31-41-169,linux,0,0.4338,2305.3,KEM,True,2025-11-21T06:37:56.213769,,2269
sntrup761,keygen,1024,1,2.5,1,1,0,ip-172-31-41-169,linux,0,0.4436,2254.48,KEM,True,2025-11-21T06:37:56.214254,,2270
sntrup761,keygen,1024,16,2.5,1,1,0,ip-172-31-41-169,linux,0,0.4315,2317.49,KEM,True,2025-11-21T06:37:56.214727,,2271
sntrup761,keygen,1024,16,2.5,1,1,0,ip-172-31-41-169,linux,0,0.442,2262.31,KEM,True,2025-11-21T06:37:56.215210,,2272
sntrup761,keygen,1024,16,2.5,1,1,0,ip-172-31-41-169,linux,0,0.4305,2323.09,KEM,True,2025-11-21T06:37:56.215680,,2273
sntrup761,keygen,1024,16,2.5,1,1,0,ip-172-31-41-169,linux,0,0.4522,2211.37,KEM,True,2025-11-21T06:37:56.216172,,2274
sntrup761,keygen,1024,16,2.5,1,1,0,ip-172-31-41-169,linux,0,0.4319,2315.25,KEM,True,2025-11-21T06:37:56.216644,,2275
sntrup761,keygen,1024,64,2.5,1,1,0,ip-172-31-41-169,linux,0,0.4302,2324.66,KEM,True,2025-11-21T06:37:56.217115,,2276
sntrup761,keygen,1024,64,2.5,1,1,0,ip-172-31-41-169,linux,0,0.4283,2334.81,KEM,True,2025-11-21T06:37:56.217599,,2277
sntrup761,keygen,1024,64,2.5,1,1,0,ip-172-31-41-169,linux,0,0.4249,2353.54,KEM,True,2025-11-21T06:37:56.218064,,2278
sntrup761,keygen,1024,64,2.5,1,1,0,ip-172-31-41-169,linux,0,0.4498,2223.32,KEM,True,2025-11-21T06:37:56.218553,,2279
sntrup761,keygen,1024,64,2.5,1,1,0,ip-172-31-41-169,linux,0,0.4343,2302.53,KEM,True,2025-11-21T06:37:56.219027,,2280
sntrup761,encap,0,1,2.5,1,1,0,ip-172-31-41-169,linux,0,0.5377,1859.66,KEM,True,2025-11-21T06:37:56.219620,,2281
sntrup761,encap,0,1,2.5,1,1,0,ip-172-31-41-169,linux,0,0.4874,2051.61,KEM,True,2025-11-21T06:37:56.220156,,2282
sntrup761,encap,0,1,2.5,1,1,0,ip-172-31-41-169,linux,0,0.4631,2159.2,KEM,True,2025-11-21T06:37:56.220662,,2283
sntrup761,encap,0,1,2.5,1,1,0,ip-172-31-41-169,linux,0,0.5,1999.94,KEM,True,2025-11-21T06:37:56.221206,,2284
sntrup761,encap,0,1,2.5,1,1,0,ip-172-31-41-169,linux,0,0.4634,2157.81,KEM,True,2025-11-21T06:37:56.221714,,2285
sntrup761,encap,0,16,2.5,1,1,0,ip-172-31-41-169,linux,0,0.471,2123.08,KEM,True,2025-11-21T06:37:56.222229,,2286
sntrup761,encap,0,16,2.5,1,1,0,ip-172-31-41-169,linux,0,0.4633,2158.59,KEM,True,2025-11-21T06:37:56.222733,,2287
sntrup761,encap,0,16,2.5,1,1,0,ip-172-31-41-169,linux,0,0.4726,2115.95,KEM,True,2025-11-21T06:37:56.223248,,2288
sntrup761,encap,0,16,2.5,1,1,0,ip-172-31-41-169,linux,0,0.4593,2177.42,KEM,True,2025-11-21T06:37:56.223750,,2289
sntrup761,encap,0,16,2.5,1,1,0,ip-172-31-41-169,linux,0,0.481,2078.88,KEM,True,2025-11-21T06:37:56.224273,,2290
sntrup761,encap,0,64,2.5,1,1,0,ip-172-31-41-169,linux,0,0.4578,2184.15,KEM,True,2025-11-21T06:37:56.224774,,2291
sntrup761,encap,0,64,2.5,1,1,0,ip-172-31-41-169,linux,0,0.468,2136.64,KEM,True,2025-11-21T06:37:56.225284,,2292
sntrup761,encap,0,64,2.5,1,1,0,ip-172-31-41-169,linux,0,0.4581,2182.84,KEM,True,2025-11-21T06:37:56.225782,,2293
sntrup761,encap,0,64,2.5,1,1,0,ip-172-31-41-169,linux,0,0.4695,2129.84,KEM,True,2025-11-21T06:37:56.226294,,2294
sntrup761,encap,0,64,2.5,1,1,0,ip-172-31-41-169,linux,0,0.4577,2184.68,KEM,True,2025-11-21T06:37:56.226792,,2295
sntrup761,encap,1024,1,2.5,1,1,0,ip-172-31-41-169,linux,0,0.4641,2154.53,KEM,True,2025-11-21T06:37:56.227299,,2296
sntrup761,encap,1024,1,2.5,1,1,0,ip-172-31-41-169,linux,0,0.462,2164.68,KEM,True,2025-11-21T06:37:56.227802,,2297
sntrup761,encap,1024,1,2.5,1,1,0,ip-172-31-41-169,linux,0,0.5006,1997.51,KEM,True,2025-11-21T06:37:56.228344,,2298
sntrup761,encap,1024,1,2.5,1,1,0,ip-172-31-41-169,linux,0,0.4588,2179.47,KEM,True,2025-11-21T06:37:56.228845,,2299
sntrup761,encap,1024,1,2.5,1,1,0,ip-172-31-41-169,linux,0,0.481,2078.95,KEM,True,2025-11-21T06:37:56.229389,,2300
sntrup761,encap,1024,16,2.5,1,1,0,ip-172-31-41-169,linux,0,0.4618,2165.6,KEM,True,2025-11-21T06:37:56.229892,,2301
sntrup761,encap,1024,16,2.5,1,1,0,ip-172-31-41-169,linux,0,0.4624,2162.58,KEM,True,2025-11-21T06:37:56.230395,,2302
sntrup761,encap,1024,16,2.5,1,1,0,ip-172-31-41-169,linux,0,0.4576,2185.18,KEM,True,2025-11-21T06:37:56.230893,,2303
sntrup761,encap,1024,16,2.5,1,1,0,ip-172-31-41-169,linux,0,0.4697,2128.94,KEM,True,2025-11-21T06:37:56.231404,,2304
sntrup761,encap,1024,16,2.5,1,1,0,ip-172-31-41-169,linux,0,0.5092,1963.69,KEM,True,2025-11-21T06:37:56.231969,,2305
sntrup761,encap,1024,64,2.5,1,1,0,ip-172-31-41-169,linux,0,0.4799,2083.98,KEM,True,2025-11-21T06:37:56.232506,,2306
sntrup761,encap,1024,64,2.5,1,1,0,ip-172-31-41-169,linux,0,0.4815,2076.88,KEM,True,2025-11-21T06:37:56.233029,,2307
sntrup761,encap,1024,64,2.5,1,1,0,ip-172-31-41-169,linux,0,0.4725,2116.3,KEM,True,2025-11-21T06:37:56.233544,,2308
sntrup761,encap,1024,64,2.5,1,1,0,ip-172-31-41-169,linux,0,0.4584,2181.57,KEM,True,2025-11-21T06:37:56.234044,,2309
sntrup761,encap,1024,64,2.5,1,1,0,ip-172-31-41-169,linux,0,0.4669,2141.71,KEM,True,2025-11-21T06:37:56.234552,,2310
sntrup761,decap,0,1,2.5,1,1,0,ip-172-31-41-169,linux,0,0.4864,2056.03,KEM,True,2025-11-21T06:37:56.235088,,2311
sntrup761,decap,0,1,2.5,1,1,0,ip-172-31-41-169,linux,0,0.5,1999.93,KEM,True,2025-11-21T06:37:56.235631,,2312
sntrup761,decap,0,1,2.5,1,1,0,ip-172-31-41-169,linux,0,0.5143,1944.3,KEM,True,2025-11-21T06:37:56.236188,,2313
sntrup761,decap,0,1,2.5,1,1,0,ip-172-31-41-169,linux,0,0.4875,2051.34,KEM,True,2025-11-21T06:37:56.236719,,2314
sntrup761,decap,0,1,2.5,1,1,0,ip-172-31-41-169,linux,0,0.4983,2007.02,KEM,True,2025-11-21T06:37:56.237261,,2315
sntrup761,decap,0,16,2.5,1,1,0,ip-172-31-41-169,linux,0,0.4859,2058.06,KEM,True,2025-11-21T06:37:56.237790,,2316
sntrup761,decap,0,16,2.5,1,1,0,ip-172-31-41-169,linux,0,0.4984,2006.46,KEM,True,2025-11-21T06:37:56.238330,,2317
sntrup761,decap,0,16,2.5,1,1,0,ip-172-31-41-169,linux,0,0.4851,2061.52,KEM,True,2025-11-21T06:37:56.238858,,2318
sntrup761,decap,0,16,2.5,1,1,0,ip-172-31-41-169,linux,0,0.4904,2038.96,KEM,True,2025-11-21T06:37:56.239390,,2319
sntrup761,decap,0,16,2.5,1,1,0,ip-172-31-41-169,linux,0,0.4769,2096.95,KEM,True,2025-11-21T06:37:56.239906,,2320
sntrup761,decap,0,64,2.5,1,1,0,ip-172-31-41-169,linux,0,0.5026,1989.57,KEM,True,2025-11-21T06:37:56.240451,,2321
sntrup761,decap,0,64,2.5,1,1,0,ip-172-31-41-169,linux,0,0.4776,2093.93,KEM,True,2025-11-21T06:37:56.240970,,2322
sntrup761,decap,0,64,2.5,1,1,0,ip-172-31-41-169,linux,0,0.488,2049.09,KEM,True,2025-11-21T06:37:56.241499,,2323
sntrup761,decap,0,64,2.5,1,1,0,ip-172-31-41-169,linux,0,0.4762,2100.06,KEM,True,2025-11-21T06:37:56.242015,,2324
sntrup761,decap,0,64,2.5,1,1,0,ip-172-31-41-169,linux,0,0.4882,2048.42,KEM,True,2025-11-21T06:37:56.242542,,2325
sntrup761,decap,1024,1,2.5,1,1,0,ip-172-31-41-169,linux,0,0.476,2100.86,KEM,True,2025-11-21T06:37:56.243060,,2326
sntrup761,decap,1024,1,2.5,1,1,0,ip-172-31-41-169,linux,0,0.542,1845.19,KEM,True,2025-11-21T06:37:56.243643,,2327
sntrup761,decap,1024,1,2.5,1,1,0,ip-172-31-41-169,linux,0,0.5298,1887.38,KEM,True,2025-11-21T06:37:56.244219,,2328
sntrup761,decap,1024,1,2.5,1,1,0,ip-172-31-41-169,linux,0,0.4889,2045.4,KEM,True,2025-11-21T06:37:56.244753,,2329
sntrup761,decap,1024,1,2.5,1,1,0,ip-172-31-41-169,linux,0,0.4953,2018.98,KEM,True,2025-11-21T06:37:56.245291,,2330
sntrup761,decap,1024,16,2.5,1,1,0,ip-172-31-41-169,linux,0,0.4854,2060.06,KEM,True,2025-11-21T06:37:56.245819,,2331
sntrup761,decap,1024,16,2.5,1,1,0,ip-172-31-41-169,linux,0,0.491,2036.78,KEM,True,2025-11-21T06:37:56.246351,,2332
sntrup761,decap,1024,16,2.5,1,1,0,ip-172-31-41-169,linux,0,0.4777,2093.24,KEM,True,2025-11-21T06:37:56.246869,,2333
sntrup761,decap,1024,16,2.5,1,1,0,ip-172-31-41-169,linux,0,0.4889,2045.54,KEM,True,2025-11-21T06:37:56.247398,,2334
sntrup761,decap,1024,16,2.5,1,1,0,ip-172-31-41-169,linux,0,0.4774,2094.86,KEM,True,2025-11-21T06:37:56.247915,,2335
sntrup761,decap,1024,64,2.5,1,1,0,ip-172-31-41-169,linux,0,0.5007,1997.06,KEM,True,2025-11-21T06:37:56.248497,,2336
sntrup761,decap,1024,64,2.5,1,1,0,ip-172-31-41-169,linux,0,0.4764,2098.97,KEM,True,2025-11-21T06:37:56.249014,,2337
sntrup761,decap,1024,64,2.5,1,1,0,ip-172-31-41-169,linux,0,0.4867,2054.72,KEM,True,2025-11-21T06:37:56.249541,,2338
sntrup761,decap,1024,64,2.5,1,1,0,ip-172-31-41-169,linux,0,0.4751,2104.99,KEM,True,2025-11-21T06:37:56.250056,,2339
sntrup761,decap,1024,64,2.5,1,1,0,ip-172-31-41-169,linux,0,0.4847,2063.23,KEM,True,2025-11-21T06:37:56.250581,,2340
