algorithm,operation,message_bytes,concurrency,cpu_ghz,aesni,avx2,neon,machine_id,os_name,containerized,latency_ms,throughput_ops,crypto_type,correctness,timestamp,notes,trial_id
Dilithium2,sign,0,1,2.2,1,1,0,ip-172-31-18-18,linux,0,3.3622,297.42,Signature,True,2025-11-21T22:09:26.869060,,1
Dilithium2,sign,0,1,2.2,1,1,0,ip-172-31-18-18,linux,0,0.6971,1434.58,Signature,True,2025-11-21T22:09:26.869997,,2
Dilithium2,sign,0,1,2.2,1,1,0,ip-172-31-18-18,linux,0,0.3688,2711.83,Signature,True,2025-11-21T22:09:26.870543,,3
Dilithium2,sign,0,1,2.2,1,1,0,ip-172-31-18-18,linux,0,0.3695,2706.32,Signature,True,2025-11-21T22:09:26.871076,,4
Dilithium2,sign,0,1,2.2,1,1,0,ip-172-31-18-18,linux,0,0.3503,2854.91,Signature,True,2025-11-21T22:09:26.871612,,5
Dilithium2,sign,0,16,2.2,1,1,0,ip-172-31-18-18,linux,0,0.4401,2272.39,Signature,True,2025-11-21T22:09:26.872210,,6
Dilithium2,sign,0,16,2.2,1,1,0,ip-172-31-18-18,linux,0,0.381,2624.84,Signature,True,2025-11-21T22:09:26.872730,,7
Dilithium2,sign,0,16,2.2,1,1,0,ip-172-31-18-18,linux,0,0.3521,2839.9,Signature,True,2025-11-21T22:09:26.873219,,8
Dilithium2,sign,0,16,2.2,1,1,0,ip-172-31-18-18,linux,0,0.4531,2207.23,Signature,True,2025-11-21T22:09:26.873817,,9
Dilithium2,sign,0,16,2.2,1,1,0,ip-172-31-18-18,linux,0,0.5219,1916.2,Signature,True,2025-11-21T22:09:26.874480,,10
Dilithium2,sign,0,64,2.2,1,1,0,ip-172-31-18-18,linux,0,0.4621,2163.91,Signature,True,2025-11-21T22:09:26.875083,,11
Dilithium2,sign,0,64,2.2,1,1,0,ip-172-31-18-18,linux,0,0.6346,1575.83,Signature,True,2025-11-21T22:09:26.875877,,12
Dilithium2,sign,0,64,2.2,1,1,0,ip-172-31-18-18,linux,0,0.5734,1743.99,Signature,True,2025-11-21T22:09:26.876590,,13
Dilithium2,sign,0,64,2.2,1,1,0,ip-172-31-18-18,linux,0,0.4408,2268.42,Signature,True,2025-11-21T22:09:26.877193,,14
Dilithium2,sign,0,64,2.2,1,1,0,ip-172-31-18-18,linux,0,0.5698,1754.85,Signature,True,2025-11-21T22:09:26.877900,,15
Dilithium2,sign,1024,1,2.2,1,1,0,ip-172-31-18-18,linux,0,0.5285,1892.19,Signature,True,2025-11-21T22:09:26.878567,,16
Dilithium2,sign,1024,1,2.2,1,1,0,ip-172-31-18-18,linux,0,0.4954,2018.59,Signature,True,2025-11-21T22:09:26.879205,,17
Dilithium2,sign,1024,1,2.2,1,1,0,ip-172-31-18-18,linux,0,0.4139,2416.12,Signature,True,2025-11-21T22:09:26.879756,,18
Dilithium2,sign,1024,1,2.2,1,1,0,ip-172-31-18-18,linux,0,0.4653,2149.08,Signature,True,2025-11-21T22:09:26.880358,,19
Dilithium2,sign,1024,1,2.2,1,1,0,ip-172-31-18-18,linux,0,0.4521,2211.92,Signature,True,2025-11-21T22:09:26.880949,,20
Dilithium2,sign,1024,16,2.2,1,1,0,ip-172-31-18-18,linux,0,0.404,2474.97,Signature,True,2025-11-21T22:09:26.881491,,21
Dilithium2,sign,1024,16,2.2,1,1,0,ip-172-31-18-18,linux,0,0.4714,2121.49,Signature,True,2025-11-21T22:09:26.882137,,22
Dilithium2,sign,1024,16,2.2,1,1,0,ip-172-31-18-18,linux,0,0.3758,2660.74,Signature,True,2025-11-21T22:09:26.882649,,23
Dilithium2,sign,1024,16,2.2,1,1,0,ip-172-31-18-18,linux,0,0.3674,2721.79,Signature,True,2025-11-21T22:09:26.883156,,24
Dilithium2,sign,1024,16,2.2,1,1,0,ip-172-31-18-18,linux,0,0.477,2096.23,Signature,True,2025-11-21T22:09:26.883772,,25
Dilithium2,sign,1024,64,2.2,1,1,0,ip-172-31-18-18,linux,0,0.7265,1376.39,Signature,True,2025-11-21T22:09:26.884637,,26
Dilithium2,sign,1024,64,2.2,1,1,0,ip-172-31-18-18,linux,0,0.3728,2682.73,Signature,True,2025-11-21T22:09:26.885173,,27
Dilithium2,sign,1024,64,2.2,1,1,0,ip-172-31-18-18,linux,0,0.5142,1944.67,Signature,True,2025-11-21T22:09:26.885826,,28
Dilithium2,sign,1024,64,2.2,1,1,0,ip-172-31-18-18,linux,0,0.4753,2103.73,Signature,True,2025-11-21T22:09:26.886439,,29
Dilithium2,sign,1024,64,2.2,1,1,0,ip-172-31-18-18,linux,0,0.3465,2886.38,Signature,True,2025-11-21T22:09:26.886924,,30
Dilithium2,verify,0,1,2.2,1,1,0,ip-172-31-18-18,linux,0,0.3488,2867.1,Signature,True,2025-11-21T22:09:26.887434,,31
Dilithium2,verify,0,1,2.2,1,1,0,ip-172-31-18-18,linux,0,0.4667,2142.49,Signature,True,2025-11-21T22:09:26.888039,,32
Dilithium2,verify,0,1,2.2,1,1,0,ip-172-31-18-18,linux,0,0.4072,2455.52,Signature,True,2025-11-21T22:09:26.888594,,33
Dilithium2,verify,0,1,2.2,1,1,0,ip-172-31-18-18,linux,0,0.4777,2093.46,Signature,True,2025-11-21T22:09:26.889216,,34
Dilithium2,verify,0,1,2.2,1,1,0,ip-172-31-18-18,linux,0,0.3638,2748.73,Signature,True,2025-11-21T22:09:26.889720,,35
Dilithium2,verify,0,16,2.2,1,1,0,ip-172-31-18-18,linux,0,0.5863,1705.47,Signature,True,2025-11-21T22:09:26.890448,,36
Dilithium2,verify,0,16,2.2,1,1,0,ip-172-31-18-18,linux,0,0.4047,2471.17,Signature,True,2025-11-21T22:09:26.890991,,37
Dilithium2,verify,0,16,2.2,1,1,0,ip-172-31-18-18,linux,0,0.3296,3033.67,Signature,True,2025-11-21T22:09:26.891477,,38
Dilithium2,verify,0,16,2.2,1,1,0,ip-172-31-18-18,linux,0,0.3881,2576.35,Signature,True,2025-11-21T22:09:26.892002,,39
Dilithium2,verify,0,16,2.2,1,1,0,ip-172-31-18-18,linux,0,0.3701,2701.79,Signature,True,2025-11-21T22:09:26.892527,,40
Dilithium2,verify,0,64,2.2,1,1,0,ip-172-31-18-18,linux,0,0.5022,1991.37,Signature,True,2025-11-21T22:09:26.893170,,41
Dilithium2,verify,0,64,2.2,1,1,0,ip-172-31-18-18,linux,0,0.5956,1679.07,Signature,True,2025-11-21T22:09:26.893904,,42
Dilithium2,verify,0,64,2.2,1,1,0,ip-172-31-18-18,linux,0,0.3512,2847.42,Signature,True,2025-11-21T22:09:26.894394,,43
Dilithium2,verify,0,64,2.2,1,1,0,ip-172-31-18-18,linux,0,0.3314,3017.56,Signature,True,2025-11-21T22:09:26.894863,,44
Dilithium2,verify,0,64,2.2,1,1,0,ip-172-31-18-18,linux,0,0.3493,2862.75,Signature,True,2025-11-21T22:09:26.895348,,45
Dilithium2,verify,1024,1,2.2,1,1,0,ip-172-31-18-18,linux,0,0.49,2040.62,Signature,True,2025-11-21T22:09:26.895978,,46
Dilithium2,verify,1024,1,2.2,1,1,0,ip-172-31-18-18,linux,0,0.3753,2664.57,Signature,True,2025-11-21T22:09:26.896506,,47
Dilithium2,verify,1024,1,2.2,1,1,0,ip-172-31-18-18,linux,0,0.3643,2745.18,Signature,True,2025-11-21T22:09:26.897007,,48
Dilithium2,verify,1024,1,2.2,1,1,0,ip-172-31-18-18,linux,0,0.3849,2598.18,Signature,True,2025-11-21T22:09:26.897546,,49
Dilithium2,verify,1024,1,2.2,1,1,0,ip-172-31-18-18,linux,0,0.7433,1345.41,Signature,True,2025-11-21T22:09:26.898423,,50
Dilithium2,verify,1024,16,2.2,1,1,0,ip-172-31-18-18,linux,0,0.3843,2602.24,Signature,True,2025-11-21T22:09:26.898948,,51
Dilithium2,verify,1024,16,2.2,1,1,0,ip-172-31-18-18,linux,0,0.4331,2308.74,Signature,True,2025-11-21T22:09:26.899521,,52
Dilithium2,verify,1024,16,2.2,1,1,0,ip-172-31-18-18,linux,0,0.4049,2469.83,Signature,True,2025-11-21T22:09:26.900068,,53
Dilithium2,verify,1024,16,2.2,1,1,0,ip-172-31-18-18,linux,0,0.5372,1861.34,Signature,True,2025-11-21T22:09:26.900763,,54
Dilithium2,verify,1024,16,2.2,1,1,0,ip-172-31-18-18,linux,0,0.4767,2097.68,Signature,True,2025-11-21T22:09:26.901381,,55
Dilithium2,verify,1024,64,2.2,1,1,0,ip-172-31-18-18,linux,0,0.3454,2894.9,Signature,True,2025-11-21T22:09:26.901875,,56
Dilithium2,verify,1024,64,2.2,1,1,0,ip-172-31-18-18,linux,0,0.4184,2390.14,Signature,True,2025-11-21T22:09:26.902434,,57
Dilithium2,verify,1024,64,2.2,1,1,0,ip-172-31-18-18,linux,0,0.4817,2075.95,Signature,True,2025-11-21T22:09:26.903050,,58
Dilithium2,verify,1024,64,2.2,1,1,0,ip-172-31-18-18,linux,0,0.3761,2659.04,Signature,True,2025-11-21T22:09:26.903569,,59
Dilithium2,verify,1024,64,2.2,1,1,0,ip-172-31-18-18,linux,0,0.4892,2044.13,Signature,True,2025-11-21T22:09:26.904193,,60
Dilithium3,sign,0,1,2.2,1,1,0,ip-172-31-18-18,linux,0,1.067,937.19,Signature,True,2025-11-21T22:09:26.905397,,61
Dilithium3,sign,0,1,2.2,1,1,0,ip-172-31-18-18,linux,0,1.1232,890.33,Signature,True,2025-11-21T22:09:26.906669,,62
Dilithium3,sign,0,1,2.2,1,1,0,ip-172-31-18-18,linux,0,0.5137,1946.6,Signature,True,2025-11-21T22:09:26.907320,,63
Dilithium3,sign,0,1,2.2,1,1,0,ip-172-31-18-18,linux,0,0.5386,1856.57,Signature,True,2025-11-21T22:09:26.908001,,64
Dilithium3,sign,0,1,2.2,1,1,0,ip-172-31-18-18,linux,0,0.4922,2031.79,Signature,True,2025-11-21T22:09:26.908645,,65
Dilithium3,sign,0,16,2.2,1,1,0,ip-172-31-18-18,linux,0,0.6166,1621.85,Signature,True,2025-11-21T22:09:26.909415,,66
Dilithium3,sign,0,16,2.2,1,1,0,ip-172-31-18-18,linux,0,0.5392,1854.61,Signature,True,2025-11-21T22:09:26.910095,,67
Dilithium3,sign,0,16,2.2,1,1,0,ip-172-31-18-18,linux,0,0.9864,1013.79,Signature,True,2025-11-21T22:09:26.911219,,68
Dilithium3,sign,0,16,2.2,1,1,0,ip-172-31-18-18,linux,0,0.7208,1387.27,Signature,True,2025-11-21T22:09:26.912081,,69
Dilithium3,sign,0,16,2.2,1,1,0,ip-172-31-18-18,linux,0,0.513,1949.33,Signature,True,2025-11-21T22:09:26.912752,,70
Dilithium3,sign,0,64,2.2,1,1,0,ip-172-31-18-18,linux,0,0.5122,1952.26,Signature,True,2025-11-21T22:09:26.913450,,71
Dilithium3,sign,0,64,2.2,1,1,0,ip-172-31-18-18,linux,0,0.7862,1271.94,Signature,True,2025-11-21T22:09:26.914377,,72
Dilithium3,sign,0,64,2.2,1,1,0,ip-172-31-18-18,linux,0,0.491,2036.55,Signature,True,2025-11-21T22:09:26.915004,,73
Dilithium3,sign,0,64,2.2,1,1,0,ip-172-31-18-18,linux,0,0.5528,1808.98,Signature,True,2025-11-21T22:09:26.915712,,74
Dilithium3,sign,0,64,2.2,1,1,0,ip-172-31-18-18,linux,0,0.619,1615.46,Signature,True,2025-11-21T22:09:26.916470,,75
Dilithium3,sign,1024,1,2.2,1,1,0,ip-172-31-18-18,linux,0,0.7465,1339.6,Signature,True,2025-11-21T22:09:26.917355,,76
Dilithium3,sign,1024,1,2.2,1,1,0,ip-172-31-18-18,linux,0,0.6733,1485.11,Signature,True,2025-11-21T22:09:26.918168,,77
Dilithium3,sign,1024,1,2.2,1,1,0,ip-172-31-18-18,linux,0,0.6826,1465.07,Signature,True,2025-11-21T22:09:26.918987,,78
Dilithium3,sign,1024,1,2.2,1,1,0,ip-172-31-18-18,linux,0,0.5258,1901.69,Signature,True,2025-11-21T22:09:26.919668,,79
Dilithium3,sign,1024,1,2.2,1,1,0,ip-172-31-18-18,linux,0,0.5944,1682.26,Signature,True,2025-11-21T22:09:26.920403,,80
Dilithium3,sign,1024,16,2.2,1,1,0,ip-172-31-18-18,linux,0,0.5237,1909.36,Signature,True,2025-11-21T22:09:26.921071,,81
Dilithium3,sign,1024,16,2.2,1,1,0,ip-172-31-18-18,linux,0,1.0456,956.35,Signature,True,2025-11-21T22:09:26.922276,,82
Dilithium3,sign,1024,16,2.2,1,1,0,ip-172-31-18-18,linux,0,0.8291,1206.18,Signature,True,2025-11-21T22:09:26.923246,,83
Dilithium3,sign,1024,16,2.2,1,1,0,ip-172-31-18-18,linux,0,0.6806,1469.29,Signature,True,2025-11-21T22:09:26.924067,,84
Dilithium3,sign,1024,16,2.2,1,1,0,ip-172-31-18-18,linux,0,0.5283,1892.84,Signature,True,2025-11-21T22:09:26.924755,,85
Dilithium3,sign,1024,64,2.2,1,1,0,ip-172-31-18-18,linux,0,0.5696,1755.47,Signature,True,2025-11-21T22:09:26.925466,,86
Dilithium3,sign,1024,64,2.2,1,1,0,ip-172-31-18-18,linux,0,0.7777,1285.86,Signature,True,2025-11-21T22:09:26.926381,,87
Dilithium3,sign,1024,64,2.2,1,1,0,ip-172-31-18-18,linux,0,0.7544,1325.49,Signature,True,2025-11-21T22:09:26.927275,,88
Dilithium3,sign,1024,64,2.2,1,1,0,ip-172-31-18-18,linux,0,0.559,1788.82,Signature,True,2025-11-21T22:09:26.927970,,89
Dilithium3,sign,1024,64,2.2,1,1,0,ip-172-31-18-18,linux,0,0.5084,1967.08,Signature,True,2025-11-21T22:09:26.928630,,90
Dilithium3,verify,0,1,2.2,1,1,0,ip-172-31-18-18,linux,0,0.535,1869.31,Signature,True,2025-11-21T22:09:26.929383,,91
Dilithium3,verify,0,1,2.2,1,1,0,ip-172-31-18-18,linux,0,0.683,1464.22,Signature,True,2025-11-21T22:09:26.930237,,92
Dilithium3,verify,0,1,2.2,1,1,0,ip-172-31-18-18,linux,0,0.6359,1572.51,Signature,True,2025-11-21T22:09:26.931013,,93
Dilithium3,verify,0,1,2.2,1,1,0,ip-172-31-18-18,linux,0,0.5491,1821.01,Signature,True,2025-11-21T22:09:26.931748,,94
Dilithium3,verify,0,1,2.2,1,1,0,ip-172-31-18-18,linux,0,0.542,1845.13,Signature,True,2025-11-21T22:09:26.932442,,95
Dilithium3,verify,0,16,2.2,1,1,0,ip-172-31-18-18,linux,0,0.8671,1153.24,Signature,True,2025-11-21T22:09:26.933460,,96
Dilithium3,verify,0,16,2.2,1,1,0,ip-172-31-18-18,linux,0,0.5252,1904.05,Signature,True,2025-11-21T22:09:26.934138,,97
Dilithium3,verify,0,16,2.2,1,1,0,ip-172-31-18-18,linux,0,0.5545,1803.37,Signature,True,2025-11-21T22:09:26.934830,,98
Dilithium3,verify,0,16,2.2,1,1,0,ip-172-31-18-18,linux,0,0.7489,1335.2,Signature,True,2025-11-21T22:09:26.935730,,99
Dilithium3,verify,0,16,2.2,1,1,0,ip-172-31-18-18,linux,0,0.6145,1627.45,Signature,True,2025-11-21T22:09:26.936495,,100
Dilithium3,verify,0,64,2.2,1,1,0,ip-172-31-18-18,linux,0,0.8319,1202.1,Signature,True,2025-11-21T22:09:26.937480,,101
Dilithium3,verify,0,64,2.2,1,1,0,ip-172-31-18-18,linux,0,0.7491,1334.94,Signature,True,2025-11-21T22:09:26.938378,,102
Dilithium3,verify,0,64,2.2,1,1,0,ip-172-31-18-18,linux,0,0.7134,1401.66,Signature,True,2025-11-21T22:09:26.939241,,103
Dilithium3,verify,0,64,2.2,1,1,0,ip-172-31-18-18,linux,0,0.5817,1719.13,Signature,True,2025-11-21T22:09:26.939959,,104
Dilithium3,verify,0,64,2.2,1,1,0,ip-172-31-18-18,linux,0,0.5689,1757.78,Signature,True,2025-11-21T22:09:26.940665,,105
Dilithium3,verify,1024,1,2.2,1,1,0,ip-172-31-18-18,linux,0,0.7581,1319.05,Signature,True,2025-11-21T22:09:26.941575,,106
Dilithium3,verify,1024,1,2.2,1,1,0,ip-172-31-18-18,linux,0,0.5332,1875.62,Signature,True,2025-11-21T22:09:26.942248,,107
Dilithium3,verify,1024,1,2.2,1,1,0,ip-172-31-18-18,linux,0,0.983,1017.27,Signature,True,2025-11-21T22:09:26.943369,,108
Dilithium3,verify,1024,1,2.2,1,1,0,ip-172-31-18-18,linux,0,0.6202,1612.28,Signature,True,2025-11-21T22:09:26.944129,,109
Dilithium3,verify,1024,1,2.2,1,1,0,ip-172-31-18-18,linux,0,0.7345,1361.54,Signature,True,2025-11-21T22:09:26.944999,,110
Dilithium3,verify,1024,16,2.2,1,1,0,ip-172-31-18-18,linux,0,0.53,1886.7,Signature,True,2025-11-21T22:09:26.945689,,111
Dilithium3,verify,1024,16,2.2,1,1,0,ip-172-31-18-18,linux,0,1.0044,995.64,Signature,True,2025-11-21T22:09:26.946833,,112
Dilithium3,verify,1024,16,2.2,1,1,0,ip-172-31-18-18,linux,0,0.6354,1573.87,Signature,True,2025-11-21T22:09:26.947610,,113
Dilithium3,verify,1024,16,2.2,1,1,0,ip-172-31-18-18,linux,0,0.7861,1272.15,Signature,True,2025-11-21T22:09:26.948536,,114
Dilithium3,verify,1024,16,2.2,1,1,0,ip-172-31-18-18,linux,0,0.6552,1526.21,Signature,True,2025-11-21T22:09:26.949335,,115
Dilithium3,verify,1024,64,2.2,1,1,0,ip-172-31-18-18,linux,0,0.5599,1786.01,Signature,True,2025-11-21T22:09:26.950035,,116
Dilithium3,verify,1024,64,2.2,1,1,0,ip-172-31-18-18,linux,0,0.6818,1466.71,Signature,True,2025-11-21T22:09:26.950861,,117
Dilithium3,verify,1024,64,2.2,1,1,0,ip-172-31-18-18,linux,0,0.7891,1267.28,Signature,True,2025-11-21T22:09:26.951797,,118
Dilithium3,verify,1024,64,2.2,1,1,0,ip-172-31-18-18,linux,0,0.7373,1356.39,Signature,True,2025-11-21T22:09:26.952678,,119
Dilithium3,verify,1024,64,2.2,1,1,0,ip-172-31-18-18,linux,0,0.5364,1864.26,Signature,True,2025-11-21T22:09:26.953376,,120
Dilithium5,sign,0,1,2.2,1,1,0,ip-172-31-18-18,linux,0,1.0468,955.33,Signature,True,2025-11-21T22:09:26.954574,,121
Dilithium5,sign,0,1,2.2,1,1,0,ip-172-31-18-18,linux,0,1.0912,916.4,Signature,True,2025-11-21T22:09:26.955814,,122
Dilithium5,sign,0,1,2.2,1,1,0,ip-172-31-18-18,linux,0,1.4701,680.22,Signature,True,2025-11-21T22:09:26.957428,,123
Dilithium5,sign,0,1,2.2,1,1,0,ip-172-31-18-18,linux,0,0.9419,1061.65,Signature,True,2025-11-21T22:09:26.958509,,124
Dilithium5,sign,0,1,2.2,1,1,0,ip-172-31-18-18,linux,0,1.2892,775.68,Signature,True,2025-11-21T22:09:26.959942,,125
Dilithium5,sign,0,16,2.2,1,1,0,ip-172-31-18-18,linux,0,0.7815,1279.61,Signature,True,2025-11-21T22:09:26.960864,,126
Dilithium5,sign,0,16,2.2,1,1,0,ip-172-31-18-18,linux,0,0.8953,1116.98,Signature,True,2025-11-21T22:09:26.961903,,127
Dilithium5,sign,0,16,2.2,1,1,0,ip-172-31-18-18,linux,0,0.7843,1275.02,Signature,True,2025-11-21T22:09:26.962830,,128
Dilithium5,sign,0,16,2.2,1,1,0,ip-172-31-18-18,linux,0,0.7804,1281.36,Signature,True,2025-11-21T22:09:26.963754,,129
Dilithium5,sign,0,16,2.2,1,1,0,ip-172-31-18-18,linux,0,1.5582,641.75,Signature,True,2025-11-21T22:09:26.965455,,130
Dilithium5,sign,0,64,2.2,1,1,0,ip-172-31-18-18,linux,0,0.8567,1167.27,Signature,True,2025-11-21T22:09:26.966455,,131
Dilithium5,sign,0,64,2.2,1,1,0,ip-172-31-18-18,linux,0,1.3473,742.21,Signature,True,2025-11-21T22:09:26.967948,,132
Dilithium5,sign,0,64,2.2,1,1,0,ip-172-31-18-18,linux,0,0.7791,1283.53,Signature,True,2025-11-21T22:09:26.968875,,133
Dilithium5,sign,0,64,2.2,1,1,0,ip-172-31-18-18,linux,0,1.0601,943.3,Signature,True,2025-11-21T22:09:26.970072,,134
Dilithium5,sign,0,64,2.2,1,1,0,ip-172-31-18-18,linux,0,0.8579,1165.58,Signature,True,2025-11-21T22:09:26.971079,,135
Dilithium5,sign,1024,1,2.2,1,1,0,ip-172-31-18-18,linux,0,1.0171,983.15,Signature,True,2025-11-21T22:09:26.972257,,136
Dilithium5,sign,1024,1,2.2,1,1,0,ip-172-31-18-18,linux,0,0.8926,1120.37,Signature,True,2025-11-21T22:09:26.973296,,137
Dilithium5,sign,1024,1,2.2,1,1,0,ip-172-31-18-18,linux,0,1.193,838.2,Signature,True,2025-11-21T22:09:26.974649,,138
Dilithium5,sign,1024,1,2.2,1,1,0,ip-172-31-18-18,linux,0,0.7763,1288.13,Signature,True,2025-11-21T22:09:26.975650,,139
Dilithium5,sign,1024,1,2.2,1,1,0,ip-172-31-18-18,linux,0,0.7732,1293.24,Signature,True,2025-11-21T22:09:26.976566,,140
Dilithium5,sign,1024,16,2.2,1,1,0,ip-172-31-18-18,linux,0,0.8562,1167.91,Signature,True,2025-11-21T22:09:26.977590,,141
Dilithium5,sign,1024,16,2.2,1,1,0,ip-172-31-18-18,linux,0,0.7853,1273.33,Signature,True,2025-11-21T22:09:26.978517,,142
Dilithium5,sign,1024,16,2.2,1,1,0,ip-172-31-18-18,linux,0,0.8525,1173.09,Signature,True,2025-11-21T22:09:26.979515,,143
Dilithium5,sign,1024,16,2.2,1,1,0,ip-172-31-18-18,linux,0,0.8053,1241.74,Signature,True,2025-11-21T22:09:26.980463,,144
Dilithium5,sign,1024,16,2.2,1,1,0,ip-172-31-18-18,linux,0,0.854,1171.03,Signature,True,2025-11-21T22:09:26.981456,,145
Dilithium5,sign,1024,64,2.2,1,1,0,ip-172-31-18-18,linux,0,1.062,941.65,Signature,True,2025-11-21T22:09:26.982661,,146
Dilithium5,sign,1024,64,2.2,1,1,0,ip-172-31-18-18,linux,0,0.7728,1294.03,Signature,True,2025-11-21T22:09:26.983577,,147
Dilithium5,sign,1024,64,2.2,1,1,0,ip-172-31-18-18,linux,0,0.8407,1189.47,Signature,True,2025-11-21T22:09:26.984558,,148
Dilithium5,sign,1024,64,2.2,1,1,0,ip-172-31-18-18,linux,0,1.056,947.01,Signature,True,2025-11-21T22:09:26.985770,,149
Dilithium5,sign,1024,64,2.2,1,1,0,ip-172-31-18-18,linux,0,1.0378,963.61,Signature,True,2025-11-21T22:09:26.986951,,150
Dilithium5,verify,0,1,2.2,1,1,0,ip-172-31-18-18,linux,0,0.77,1298.73,Signature,True,2025-11-21T22:09:26.987858,,151
Dilithium5,verify,0,1,2.2,1,1,0,ip-172-31-18-18,linux,0,1.9849,503.81,Signature,True,2025-11-21T22:09:26.989984,,152
Dilithium5,verify,0,1,2.2,1,1,0,ip-172-31-18-18,linux,0,0.814,1228.5,Signature,True,2025-11-21T22:09:26.990954,,153
Dilithium5,verify,0,1,2.2,1,1,0,ip-172-31-18-18,linux,0,1.131,884.18,Signature,True,2025-11-21T22:09:26.992229,,154
Dilithium5,verify,0,1,2.2,1,1,0,ip-172-31-18-18,linux,0,1.0322,968.83,Signature,True,2025-11-21T22:09:26.993402,,155
Dilithium5,verify,0,16,2.2,1,1,0,ip-172-31-18-18,linux,0,0.7589,1317.77,Signature,True,2025-11-21T22:09:26.994302,,156
Dilithium5,verify,0,16,2.2,1,1,0,ip-172-31-18-18,linux,0,0.7583,1318.79,Signature,True,2025-11-21T22:09:26.995201,,157
Dilithium5,verify,0,16,2.2,1,1,0,ip-172-31-18-18,linux,0,0.7576,1319.91,Signature,True,2025-11-21T22:09:26.996099,,158
Dilithium5,verify,0,16,2.2,1,1,0,ip-172-31-18-18,linux,0,0.9519,1050.57,Signature,True,2025-11-21T22:09:26.997216,,159
Dilithium5,verify,0,16,2.2,1,1,0,ip-172-31-18-18,linux,0,0.8835,1131.85,Signature,True,2025-11-21T22:09:26.998242,,160
Dilithium5,verify,0,64,2.2,1,1,0,ip-172-31-18-18,linux,0,0.7791,1283.56,Signature,True,2025-11-21T22:09:26.999165,,161
Dilithium5,verify,0,64,2.2,1,1,0,ip-172-31-18-18,linux,0,0.8975,1114.19,Signature,True,2025-11-21T22:09:27.000204,,162
Dilithium5,verify,0,64,2.2,1,1,0,ip-172-31-18-18,linux,0,0.8415,1188.41,Signature,True,2025-11-21T22:09:27.001206,,163
Dilithium5,verify,0,64,2.2,1,1,0,ip-172-31-18-18,linux,0,0.8793,1137.32,Signature,True,2025-11-21T22:09:27.002226,,164
Dilithium5,verify,0,64,2.2,1,1,0,ip-172-31-18-18,linux,0,0.8434,1185.74,Signature,True,2025-11-21T22:09:27.003212,,165
Dilithium5,verify,1024,1,2.2,1,1,0,ip-172-31-18-18,linux,0,1.159,862.82,Signature,True,2025-11-21T22:09:27.004511,,166
Dilithium5,verify,1024,1,2.2,1,1,0,ip-172-31-18-18,linux,0,0.7932,1260.65,Signature,True,2025-11-21T22:09:27.005446,,167
Dilithium5,verify,1024,1,2.2,1,1,0,ip-172-31-18-18,linux,0,0.9043,1105.89,Signature,True,2025-11-21T22:09:27.006495,,168
Dilithium5,verify,1024,1,2.2,1,1,0,ip-172-31-18-18,linux,0,0.8618,1160.36,Signature,True,2025-11-21T22:09:27.007497,,169
Dilithium5,verify,1024,1,2.2,1,1,0,ip-172-31-18-18,linux,0,0.9663,1034.91,Signature,True,2025-11-21T22:09:27.008605,,170
Dilithium5,verify,1024,16,2.2,1,1,0,ip-172-31-18-18,linux,0,1.3023,767.86,Signature,True,2025-11-21T22:09:27.010068,,171
Dilithium5,verify,1024,16,2.2,1,1,0,ip-172-31-18-18,linux,0,0.8254,1211.58,Signature,True,2025-11-21T22:09:27.011058,,172
Dilithium5,verify,1024,16,2.2,1,1,0,ip-172-31-18-18,linux,0,1.0711,933.59,Signature,True,2025-11-21T22:09:27.012290,,173
Dilithium5,verify,1024,16,2.2,1,1,0,ip-172-31-18-18,linux,0,1.0118,988.32,Signature,True,2025-11-21T22:09:27.013512,,174
Dilithium5,verify,1024,16,2.2,1,1,0,ip-172-31-18-18,linux,0,0.7814,1279.83,Signature,True,2025-11-21T22:09:27.014440,,175
Dilithium5,verify,1024,64,2.2,1,1,0,ip-172-31-18-18,linux,0,0.8385,1192.62,Signature,True,2025-11-21T22:09:27.015427,,176
Dilithium5,verify,1024,64,2.2,1,1,0,ip-172-31-18-18,linux,0,0.7762,1288.38,Signature,True,2025-11-21T22:09:27.016346,,177
Dilithium5,verify,1024,64,2.2,1,1,0,ip-172-31-18-18,linux,0,0.7896,1266.43,Signature,True,2025-11-21T22:09:27.017277,,178
Dilithium5,verify,1024,64,2.2,1,1,0,ip-172-31-18-18,linux,0,1.3698,730.03,Signature,True,2025-11-21T22:09:27.018788,,179
Dilithium5,verify,1024,64,2.2,1,1,0,ip-172-31-18-18,linux,0,1.4537,687.88,Signature,True,2025-11-21T22:09:27.020382,,180
Falcon-1024,sign,0,1,2.2,1,1,0,ip-172-31-18-18,linux,0,27.5495,36.3,Signature,True,2025-11-21T22:09:27.048016,,181
Falcon-1024,sign,0,1,2.2,1,1,0,ip-172-31-18-18,linux,0,31.8655,31.38,Signature,True,2025-11-21T22:09:27.080005,,182
Falcon-1024,sign,0,1,2.2,1,1,0,ip-172-31-18-18,linux,0,27.6441,36.17,Signature,True,2025-11-21T22:09:27.107749,,183
Falcon-1024,sign,0,1,2.2,1,1,0,ip-172-31-18-18,linux,0,28.1642,35.51,Signature,True,2025-11-21T22:09:27.136024,,184
Falcon-1024,sign,0,1,2.2,1,1,0,ip-172-31-18-18,linux,0,30.9672,32.29,Signature,True,2025-11-21T22:09:27.167144,,185
Falcon-1024,sign,0,16,2.2,1,1,0,ip-172-31-18-18,linux,0,29.5565,33.83,Signature,True,2025-11-21T22:09:27.196815,,186
Falcon-1024,sign,0,16,2.2,1,1,0,ip-172-31-18-18,linux,0,37.9941,26.32,Signature,True,2025-11-21T22:09:27.234935,,187
Falcon-1024,sign,0,16,2.2,1,1,0,ip-172-31-18-18,linux,0,29.1887,34.26,Signature,True,2025-11-21T22:09:27.264237,,188
Falcon-1024,sign,0,16,2.2,1,1,0,ip-172-31-18-18,linux,0,26.4522,37.8,Signature,True,2025-11-21T22:09:27.290796,,189
Falcon-1024,sign,0,16,2.2,1,1,0,ip-172-31-18-18,linux,0,31.44,31.81,Signature,True,2025-11-21T22:09:27.322346,,190
Falcon-1024,sign,0,64,2.2,1,1,0,ip-172-31-18-18,linux,0,32.2277,31.03,Signature,True,2025-11-21T22:09:27.354684,,191
Falcon-1024,sign,0,64,2.2,1,1,0,ip-172-31-18-18,linux,0,51.5498,19.4,Signature,True,2025-11-21T22:09:27.406347,,192
Falcon-1024,sign,0,64,2.2,1,1,0,ip-172-31-18-18,linux,0,63.5328,15.74,Signature,True,2025-11-21T22:09:27.469993,,193
Falcon-1024,sign,0,64,2.2,1,1,0,ip-172-31-18-18,linux,0,26.9163,37.15,Signature,True,2025-11-21T22:09:27.497019,,194
Falcon-1024,sign,0,64,2.2,1,1,0,ip-172-31-18-18,linux,0,27.4624,36.41,Signature,True,2025-11-21T22:09:27.524618,,195
Falcon-1024,sign,1024,1,2.2,1,1,0,ip-172-31-18-18,linux,0,31.7764,31.47,Signature,True,2025-11-21T22:09:27.556518,,196
Falcon-1024,sign,1024,1,2.2,1,1,0,ip-172-31-18-18,linux,0,45.1792,22.13,Signature,True,2025-11-21T22:09:27.601825,,197
Falcon-1024,sign,1024,1,2.2,1,1,0,ip-172-31-18-18,linux,0,27.0131,37.02,Signature,True,2025-11-21T22:09:27.629036,,198
Falcon-1024,sign,1024,1,2.2,1,1,0,ip-172-31-18-18,linux,0,27.9933,35.72,Signature,True,2025-11-21T22:09:27.657170,,199
Falcon-1024,sign,1024,1,2.2,1,1,0,ip-172-31-18-18,linux,0,31.066,32.19,Signature,True,2025-11-21T22:09:27.688347,,200
Falcon-1024,sign,1024,16,2.2,1,1,0,ip-172-31-18-18,linux,0,52.9595,18.88,Signature,True,2025-11-21T22:09:27.741421,,201
Falcon-1024,sign,1024,16,2.2,1,1,0,ip-172-31-18-18,linux,0,28.6632,34.89,Signature,True,2025-11-21T22:09:27.770197,,202
Falcon-1024,sign,1024,16,2.2,1,1,0,ip-172-31-18-18,linux,0,27.5843,36.25,Signature,True,2025-11-21T22:09:27.797891,,203
Falcon-1024,sign,1024,16,2.2,1,1,0,ip-172-31-18-18,linux,0,37.6811,26.54,Signature,True,2025-11-21T22:09:27.835691,,204
Falcon-1024,sign,1024,16,2.2,1,1,0,ip-172-31-18-18,linux,0,35.8347,27.91,Signature,True,2025-11-21T22:09:27.871654,,205
Falcon-1024,sign,1024,64,2.2,1,1,0,ip-172-31-18-18,linux,0,27.6669,36.14,Signature,True,2025-11-21T22:09:27.899435,,206
Falcon-1024,sign,1024,64,2.2,1,1,0,ip-172-31-18-18,linux,0,26.571,37.63,Signature,True,2025-11-21T22:09:27.926175,,207
Falcon-1024,sign,1024,64,2.2,1,1,0,ip-172-31-18-18,linux,0,50.7031,19.72,Signature,True,2025-11-21T22:09:27.977003,,208
Falcon-1024,sign,1024,64,2.2,1,1,0,ip-172-31-18-18,linux,0,29.4754,33.93,Signature,True,2025-11-21T22:09:28.006618,,209
Falcon-1024,sign,1024,64,2.2,1,1,0,ip-172-31-18-18,linux,0,33.1981,30.12,Signature,True,2025-11-21T22:09:28.039944,,210
Falcon-1024,verify,0,1,2.2,1,1,0,ip-172-31-18-18,linux,0,27.3421,36.57,Signature,True,2025-11-21T22:09:28.067405,,211
Falcon-1024,verify,0,1,2.2,1,1,0,ip-172-31-18-18,linux,0,30.0212,33.31,Signature,True,2025-11-21T22:09:28.097539,,212
Falcon-1024,verify,0,1,2.2,1,1,0,ip-172-31-18-18,linux,0,28.6282,34.93,Signature,True,2025-11-21T22:09:28.126281,,213
Falcon-1024,verify,0,1,2.2,1,1,0,ip-172-31-18-18,linux,0,53.7835,18.59,Signature,True,2025-11-21T22:09:28.180180,,214
Falcon-1024,verify,0,1,2.2,1,1,0,ip-172-31-18-18,linux,0,50.1041,19.96,Signature,True,2025-11-21T22:09:28.230400,,215
Falcon-1024,verify,0,16,2.2,1,1,0,ip-172-31-18-18,linux,0,26.8701,37.22,Signature,True,2025-11-21T22:09:28.257387,,216
Falcon-1024,verify,0,16,2.2,1,1,0,ip-172-31-18-18,linux,0,31.2673,31.98,Signature,True,2025-11-21T22:09:28.288779,,217
Falcon-1024,verify,0,16,2.2,1,1,0,ip-172-31-18-18,linux,0,28.5058,35.08,Signature,True,2025-11-21T22:09:28.317403,,218
Falcon-1024,verify,0,16,2.2,1,1,0,ip-172-31-18-18,linux,0,29.3308,34.09,Signature,True,2025-11-21T22:09:28.346848,,219
Falcon-1024,verify,0,16,2.2,1,1,0,ip-172-31-18-18,linux,0,31.8159,31.43,Signature,True,2025-11-21T22:09:28.378780,,220
Falcon-1024,verify,0,64,2.2,1,1,0,ip-172-31-18-18,linux,0,27.0659,36.95,Signature,True,2025-11-21T22:09:28.405959,,221
Falcon-1024,verify,0,64,2.2,1,1,0,ip-172-31-18-18,linux,0,44.6828,22.38,Signature,True,2025-11-21T22:09:28.450772,,222
Falcon-1024,verify,0,64,2.2,1,1,0,ip-172-31-18-18,linux,0,56.6779,17.64,Signature,True,2025-11-21T22:09:28.507567,,223
Falcon-1024,verify,0,64,2.2,1,1,0,ip-172-31-18-18,linux,0,30.0221,33.31,Signature,True,2025-11-21T22:09:28.537707,,224
Falcon-1024,verify,0,64,2.2,1,1,0,ip-172-31-18-18,linux,0,31.4768,31.77,Signature,True,2025-11-21T22:09:28.569309,,225
Falcon-1024,verify,1024,1,2.2,1,1,0,ip-172-31-18-18,linux,0,29.2995,34.13,Signature,True,2025-11-21T22:09:28.598721,,226
Falcon-1024,verify,1024,1,2.2,1,1,0,ip-172-31-18-18,linux,0,33.8028,29.58,Signature,True,2025-11-21T22:09:28.632642,,227
Falcon-1024,verify,1024,1,2.2,1,1,0,ip-172-31-18-18,linux,0,31.8349,31.41,Signature,True,2025-11-21T22:09:28.664614,,228
Falcon-1024,verify,1024,1,2.2,1,1,0,ip-172-31-18-18,linux,0,27.4525,36.43,Signature,True,2025-11-21T22:09:28.692195,,229
Falcon-1024,verify,1024,1,2.2,1,1,0,ip-172-31-18-18,linux,0,51.9169,19.26,Signature,True,2025-11-21T22:09:28.744233,,230
Falcon-1024,verify,1024,16,2.2,1,1,0,ip-172-31-18-18,linux,0,26.8922,37.19,Signature,True,2025-11-21T22:09:28.771236,,231
Falcon-1024,verify,1024,16,2.2,1,1,0,ip-172-31-18-18,linux,0,29.3551,34.07,Signature,True,2025-11-21T22:09:28.800712,,232
Falcon-1024,verify,1024,16,2.2,1,1,0,ip-172-31-18-18,linux,0,31.4845,31.76,Signature,True,2025-11-21T22:09:28.832314,,233
Falcon-1024,verify,1024,16,2.2,1,1,0,ip-172-31-18-18,linux,0,35.9669,27.8,Signature,True,2025-11-21T22:09:28.868397,,234
Falcon-1024,verify,1024,16,2.2,1,1,0,ip-172-31-18-18,linux,0,28.3768,35.24,Signature,True,2025-11-21T22:09:28.896889,,235
Falcon-1024,verify,1024,64,2.2,1,1,0,ip-172-31-18-18,linux,0,31.2399,32.01,Signature,True,2025-11-21T22:09:28.928247,,236
Falcon-1024,verify,1024,64,2.2,1,1,0,ip-172-31-18-18,linux,0,30.1917,33.12,Signature,True,2025-11-21T22:09:28.958561,,237
Falcon-1024,verify,1024,64,2.2,1,1,0,ip-172-31-18-18,linux,0,45.1926,22.13,Signature,True,2025-11-21T22:09:29.003869,,238
Falcon-1024,verify,1024,64,2.2,1,1,0,ip-172-31-18-18,linux,0,28.8308,34.69,Signature,True,2025-11-21T22:09:29.032820,,239
Falcon-1024,verify,1024,64,2.2,1,1,0,ip-172-31-18-18,linux,0,42.9842,23.26,Signature,True,2025-11-21T22:09:29.075922,,240
Falcon-512,sign,0,1,2.2,1,1,0,ip-172-31-18-18,linux,0,15.3761,65.04,Signature,True,2025-11-21T22:09:29.091422,,241
Falcon-512,sign,0,1,2.2,1,1,0,ip-172-31-18-18,linux,0,14.382,69.53,Signature,True,2025-11-21T22:09:29.105912,,242
Falcon-512,sign,0,1,2.2,1,1,0,ip-172-31-18-18,linux,0,16.3427,61.19,Signature,True,2025-11-21T22:09:29.122365,,243
Falcon-512,sign,0,1,2.2,1,1,0,ip-172-31-18-18,linux,0,18.7349,53.38,Signature,True,2025-11-21T22:09:29.141217,,244
Falcon-512,sign,0,1,2.2,1,1,0,ip-172-31-18-18,linux,0,26.4097,37.86,Signature,True,2025-11-21T22:09:29.167736,,245
Falcon-512,sign,0,16,2.2,1,1,0,ip-172-31-18-18,linux,0,10.0331,99.67,Signature,True,2025-11-21T22:09:29.177889,,246
Falcon-512,sign,0,16,2.2,1,1,0,ip-172-31-18-18,linux,0,14.477,69.07,Signature,True,2025-11-21T22:09:29.192496,,247
Falcon-512,sign,0,16,2.2,1,1,0,ip-172-31-18-18,linux,0,15.4743,64.62,Signature,True,2025-11-21T22:09:29.208079,,248
Falcon-512,sign,0,16,2.2,1,1,0,ip-172-31-18-18,linux,0,10.8626,92.06,Signature,True,2025-11-21T22:09:29.219077,,249
Falcon-512,sign,0,16,2.2,1,1,0,ip-172-31-18-18,linux,0,10.3263,96.84,Signature,True,2025-11-21T22:09:29.229534,,250
Falcon-512,sign,0,64,2.2,1,1,0,ip-172-31-18-18,linux,0,15.0941,66.25,Signature,True,2025-11-21T22:09:29.244742,,251
Falcon-512,sign,0,64,2.2,1,1,0,ip-172-31-18-18,linux,0,18.9568,52.75,Signature,True,2025-11-21T22:09:29.263805,,252
Falcon-512,sign,0,64,2.2,1,1,0,ip-172-31-18-18,linux,0,8.9274,112.01,Signature,True,2025-11-21T22:09:29.272838,,253
Falcon-512,sign,0,64,2.2,1,1,0,ip-172-31-18-18,linux,0,13.5331,73.89,Signature,True,2025-11-21T22:09:29.286457,,254
Falcon-512,sign,0,64,2.2,1,1,0,ip-172-31-18-18,linux,0,13.5303,73.91,Signature,True,2025-11-21T22:09:29.300121,,255
Falcon-512,sign,1024,1,2.2,1,1,0,ip-172-31-18-18,linux,0,11.5146,86.85,Signature,True,2025-11-21T22:09:29.311765,,256
Falcon-512,sign,1024,1,2.2,1,1,0,ip-172-31-18-18,linux,0,12.8545,77.79,Signature,True,2025-11-21T22:09:29.324746,,257
Falcon-512,sign,1024,1,2.2,1,1,0,ip-172-31-18-18,linux,0,11.4916,87.02,Signature,True,2025-11-21T22:09:29.336365,,258
Falcon-512,sign,1024,1,2.2,1,1,0,ip-172-31-18-18,linux,0,12.0453,83.02,Signature,True,2025-11-21T22:09:29.348535,,259
Falcon-512,sign,1024,1,2.2,1,1,0,ip-172-31-18-18,linux,0,10.5026,95.21,Signature,True,2025-11-21T22:09:29.359149,,260
Falcon-512,sign,1024,16,2.2,1,1,0,ip-172-31-18-18,linux,0,9.7093,102.99,Signature,True,2025-11-21T22:09:29.368955,,261
Falcon-512,sign,1024,16,2.2,1,1,0,ip-172-31-18-18,linux,0,16.9546,58.98,Signature,True,2025-11-21T22:09:29.386016,,262
Falcon-512,sign,1024,16,2.2,1,1,0,ip-172-31-18-18,linux,0,9.6597,103.52,Signature,True,2025-11-21T22:09:29.395766,,263
Falcon-512,sign,1024,16,2.2,1,1,0,ip-172-31-18-18,linux,0,17.2412,58.0,Signature,True,2025-11-21T22:09:29.413085,,264
Falcon-512,sign,1024,16,2.2,1,1,0,ip-172-31-18-18,linux,0,9.7915,102.13,Signature,True,2025-11-21T22:09:29.423009,,265
Falcon-512,sign,1024,64,2.2,1,1,0,ip-172-31-18-18,linux,0,18.1965,54.96,Signature,True,2025-11-21T22:09:29.441334,,266
Falcon-512,sign,1024,64,2.2,1,1,0,ip-172-31-18-18,linux,0,10.7943,92.64,Signature,True,2025-11-21T22:09:29.452232,,267
Falcon-512,sign,1024,64,2.2,1,1,0,ip-172-31-18-18,linux,0,11.1336,89.82,Signature,True,2025-11-21T22:09:29.463449,,268
Falcon-512,sign,1024,64,2.2,1,1,0,ip-172-31-18-18,linux,0,14.3393,69.74,Signature,True,2025-11-21T22:09:29.477872,,269
Falcon-512,sign,1024,64,2.2,1,1,0,ip-172-31-18-18,linux,0,12.7617,78.36,Signature,True,2025-11-21T22:09:29.490740,,270
Falcon-512,verify,0,1,2.2,1,1,0,ip-172-31-18-18,linux,0,10.5289,94.98,Signature,True,2025-11-21T22:09:29.501422,,271
Falcon-512,verify,0,1,2.2,1,1,0,ip-172-31-18-18,linux,0,13.5492,73.81,Signature,True,2025-11-21T22:09:29.515076,,272
Falcon-512,verify,0,1,2.2,1,1,0,ip-172-31-18-18,linux,0,11.786,84.85,Signature,True,2025-11-21T22:09:29.526992,,273
Falcon-512,verify,0,1,2.2,1,1,0,ip-172-31-18-18,linux,0,10.8264,92.37,Signature,True,2025-11-21T22:09:29.537937,,274
Falcon-512,verify,0,1,2.2,1,1,0,ip-172-31-18-18,linux,0,10.177,98.26,Signature,True,2025-11-21T22:09:29.548275,,275
Falcon-512,verify,0,16,2.2,1,1,0,ip-172-31-18-18,linux,0,15.6632,63.84,Signature,True,2025-11-21T22:09:29.564037,,276
Falcon-512,verify,0,16,2.2,1,1,0,ip-172-31-18-18,linux,0,10.3249,96.85,Signature,True,2025-11-21T22:09:29.574501,,277
Falcon-512,verify,0,16,2.2,1,1,0,ip-172-31-18-18,linux,0,19.2212,52.03,Signature,True,2025-11-21T22:09:29.593828,,278
Falcon-512,verify,0,16,2.2,1,1,0,ip-172-31-18-18,linux,0,24.7852,40.35,Signature,True,2025-11-21T22:09:29.618732,,279
Falcon-512,verify,0,16,2.2,1,1,0,ip-172-31-18-18,linux,0,9.3207,107.29,Signature,True,2025-11-21T22:09:29.628165,,280
Falcon-512,verify,0,64,2.2,1,1,0,ip-172-31-18-18,linux,0,12.2893,81.37,Signature,True,2025-11-21T22:09:29.640548,,281
Falcon-512,verify,0,64,2.2,1,1,0,ip-172-31-18-18,linux,0,10.1562,98.46,Signature,True,2025-11-21T22:09:29.650825,,282
Falcon-512,verify,0,64,2.2,1,1,0,ip-172-31-18-18,linux,0,8.9184,112.13,Signature,True,2025-11-21T22:09:29.659829,,283
Falcon-512,verify,0,64,2.2,1,1,0,ip-172-31-18-18,linux,0,18.9656,52.73,Signature,True,2025-11-21T22:09:29.678879,,284
Falcon-512,verify,0,64,2.2,1,1,0,ip-172-31-18-18,linux,0,12.5406,79.74,Signature,True,2025-11-21T22:09:29.691537,,285
Falcon-512,verify,1024,1,2.2,1,1,0,ip-172-31-18-18,linux,0,12.8102,78.06,Signature,True,2025-11-21T22:09:29.704460,,286
Falcon-512,verify,1024,1,2.2,1,1,0,ip-172-31-18-18,linux,0,10.1578,98.45,Signature,True,2025-11-21T22:09:29.714704,,287
Falcon-512,verify,1024,1,2.2,1,1,0,ip-172-31-18-18,linux,0,15.5329,64.38,Signature,True,2025-11-21T22:09:29.730341,,288
Falcon-512,verify,1024,1,2.2,1,1,0,ip-172-31-18-18,linux,0,15.8147,63.23,Signature,True,2025-11-21T22:09:29.746272,,289
Falcon-512,verify,1024,1,2.2,1,1,0,ip-172-31-18-18,linux,0,11.8232,84.58,Signature,True,2025-11-21T22:09:29.758198,,290
Falcon-512,verify,1024,16,2.2,1,1,0,ip-172-31-18-18,linux,0,10.6069,94.28,Signature,True,2025-11-21T22:09:29.768896,,291
Falcon-512,verify,1024,16,2.2,1,1,0,ip-172-31-18-18,linux,0,13.1864,75.84,Signature,True,2025-11-21T22:09:29.782188,,292
Falcon-512,verify,1024,16,2.2,1,1,0,ip-172-31-18-18,linux,0,26.5022,37.73,Signature,True,2025-11-21T22:09:29.808782,,293
Falcon-512,verify,1024,16,2.2,1,1,0,ip-172-31-18-18,linux,0,10.4498,95.7,Signature,True,2025-11-21T22:09:29.819342,,294
Falcon-512,verify,1024,16,2.2,1,1,0,ip-172-31-18-18,linux,0,9.3717,106.7,Signature,True,2025-11-21T22:09:29.828804,,295
Falcon-512,verify,1024,64,2.2,1,1,0,ip-172-31-18-18,linux,0,10.6354,94.03,Signature,True,2025-11-21T22:09:29.839539,,296
Falcon-512,verify,1024,64,2.2,1,1,0,ip-172-31-18-18,linux,0,9.8894,101.12,Signature,True,2025-11-21T22:09:29.849534,,297
Falcon-512,verify,1024,64,2.2,1,1,0,ip-172-31-18-18,linux,0,12.3374,81.05,Signature,True,2025-11-21T22:09:29.861974,,298
Falcon-512,verify,1024,64,2.2,1,1,0,ip-172-31-18-18,linux,0,9.1876,108.84,Signature,True,2025-11-21T22:09:29.871283,,299
Falcon-512,verify,1024,64,2.2,1,1,0,ip-172-31-18-18,linux,0,14.0396,71.23,Signature,True,2025-11-21T22:09:29.885444,,300
Falcon-padded-1024,sign,0,1,2.2,1,1,0,ip-172-31-18-18,linux,0,32.2784,30.98,Signature,True,2025-11-21T22:09:29.917851,,301
Falcon-padded-1024,sign,0,1,2.2,1,1,0,ip-172-31-18-18,linux,0,30.9697,32.29,Signature,True,2025-11-21T22:09:29.948935,,302
Falcon-padded-1024,sign,0,1,2.2,1,1,0,ip-172-31-18-18,linux,0,59.5323,16.8,Signature,True,2025-11-21T22:09:30.008585,,303
Falcon-padded-1024,sign,0,1,2.2,1,1,0,ip-172-31-18-18,linux,0,53.8878,18.56,Signature,True,2025-11-21T22:09:30.062622,,304
Falcon-padded-1024,sign,0,1,2.2,1,1,0,ip-172-31-18-18,linux,0,28.0195,35.69,Signature,True,2025-11-21T22:09:30.090764,,305
Falcon-padded-1024,sign,0,16,2.2,1,1,0,ip-172-31-18-18,linux,0,27.3337,36.58,Signature,True,2025-11-21T22:09:30.118242,,306
Falcon-padded-1024,sign,0,16,2.2,1,1,0,ip-172-31-18-18,linux,0,29.8817,33.47,Signature,True,2025-11-21T22:09:30.148239,,307
Falcon-padded-1024,sign,0,16,2.2,1,1,0,ip-172-31-18-18,linux,0,35.2758,28.35,Signature,True,2025-11-21T22:09:30.183639,,308
Falcon-padded-1024,sign,0,16,2.2,1,1,0,ip-172-31-18-18,linux,0,28.3992,35.21,Signature,True,2025-11-21T22:09:30.212167,,309
Falcon-padded-1024,sign,0,16,2.2,1,1,0,ip-172-31-18-18,linux,0,28.0558,35.64,Signature,True,2025-11-21T22:09:30.240352,,310
Falcon-padded-1024,sign,0,64,2.2,1,1,0,ip-172-31-18-18,linux,0,27.5353,36.32,Signature,True,2025-11-21T22:09:30.268000,,311
Falcon-padded-1024,sign,0,64,2.2,1,1,0,ip-172-31-18-18,linux,0,27.369,36.54,Signature,True,2025-11-21T22:09:30.295503,,312
Falcon-padded-1024,sign,0,64,2.2,1,1,0,ip-172-31-18-18,linux,0,29.7952,33.56,Signature,True,2025-11-21T22:09:30.325414,,313
Falcon-padded-1024,sign,0,64,2.2,1,1,0,ip-172-31-18-18,linux,0,27.3047,36.62,Signature,True,2025-11-21T22:09:30.352834,,314
Falcon-padded-1024,sign,0,64,2.2,1,1,0,ip-172-31-18-18,linux,0,34.2216,29.22,Signature,True,2025-11-21T22:09:30.387171,,315
Falcon-padded-1024,sign,1024,1,2.2,1,1,0,ip-172-31-18-18,linux,0,27.6872,36.12,Signature,True,2025-11-21T22:09:30.414975,,316
Falcon-padded-1024,sign,1024,1,2.2,1,1,0,ip-172-31-18-18,linux,0,28.7711,34.76,Signature,True,2025-11-21T22:09:30.443873,,317
Falcon-padded-1024,sign,1024,1,2.2,1,1,0,ip-172-31-18-18,linux,0,28.0899,35.6,Signature,True,2025-11-21T22:09:30.472078,,318
Falcon-padded-1024,sign,1024,1,2.2,1,1,0,ip-172-31-18-18,linux,0,27.4813,36.39,Signature,True,2025-11-21T22:09:30.499688,,319
Falcon-padded-1024,sign,1024,1,2.2,1,1,0,ip-172-31-18-18,linux,0,33.0758,30.23,Signature,True,2025-11-21T22:09:30.532878,,320
Falcon-padded-1024,sign,1024,16,2.2,1,1,0,ip-172-31-18-18,linux,0,26.7448,37.39,Signature,True,2025-11-21T22:09:30.559737,,321
Falcon-padded-1024,sign,1024,16,2.2,1,1,0,ip-172-31-18-18,linux,0,33.5252,29.83,Signature,True,2025-11-21T22:09:30.593374,,322
Falcon-padded-1024,sign,1024,16,2.2,1,1,0,ip-172-31-18-18,linux,0,33.6027,29.76,Signature,True,2025-11-21T22:09:30.627094,,323
Falcon-padded-1024,sign,1024,16,2.2,1,1,0,ip-172-31-18-18,linux,0,63.45,15.76,Signature,True,2025-11-21T22:09:30.690673,,324
Falcon-padded-1024,sign,1024,16,2.2,1,1,0,ip-172-31-18-18,linux,0,37.5803,26.61,Signature,True,2025-11-21T22:09:30.728365,,325
Falcon-padded-1024,sign,1024,64,2.2,1,1,0,ip-172-31-18-18,linux,0,38.0724,26.27,Signature,True,2025-11-21T22:09:30.766558,,326
Falcon-padded-1024,sign,1024,64,2.2,1,1,0,ip-172-31-18-18,linux,0,41.0867,24.34,Signature,True,2025-11-21T22:09:30.807762,,327
Falcon-padded-1024,sign,1024,64,2.2,1,1,0,ip-172-31-18-18,linux,0,64.2307,15.57,Signature,True,2025-11-21T22:09:30.872125,,328
Falcon-padded-1024,sign,1024,64,2.2,1,1,0,ip-172-31-18-18,linux,0,46.0985,21.69,Signature,True,2025-11-21T22:09:30.918343,,329
Falcon-padded-1024,sign,1024,64,2.2,1,1,0,ip-172-31-18-18,linux,0,30.4411,32.85,Signature,True,2025-11-21T22:09:30.948896,,330
Falcon-padded-1024,verify,0,1,2.2,1,1,0,ip-172-31-18-18,linux,0,26.6915,37.47,Signature,True,2025-11-21T22:09:30.975714,,331
Falcon-padded-1024,verify,0,1,2.2,1,1,0,ip-172-31-18-18,linux,0,27.3951,36.5,Signature,True,2025-11-21T22:09:31.003229,,332
Falcon-padded-1024,verify,0,1,2.2,1,1,0,ip-172-31-18-18,linux,0,49.1276,20.36,Signature,True,2025-11-21T22:09:31.052483,,333
Falcon-padded-1024,verify,0,1,2.2,1,1,0,ip-172-31-18-18,linux,0,29.1235,34.34,Signature,True,2025-11-21T22:09:31.081722,,334
Falcon-padded-1024,verify,0,1,2.2,1,1,0,ip-172-31-18-18,linux,0,29.5217,33.87,Signature,True,2025-11-21T22:09:31.111371,,335
Falcon-padded-1024,verify,0,16,2.2,1,1,0,ip-172-31-18-18,linux,0,29.7873,33.57,Signature,True,2025-11-21T22:09:31.141287,,336
Falcon-padded-1024,verify,0,16,2.2,1,1,0,ip-172-31-18-18,linux,0,29.7498,33.61,Signature,True,2025-11-21T22:09:31.171153,,337
Falcon-padded-1024,verify,0,16,2.2,1,1,0,ip-172-31-18-18,linux,0,29.7562,33.61,Signature,True,2025-11-21T22:09:31.201038,,338
Falcon-padded-1024,verify,0,16,2.2,1,1,0,ip-172-31-18-18,linux,0,41.1368,24.31,Signature,True,2025-11-21T22:09:31.242340,,339
Falcon-padded-1024,verify,0,16,2.2,1,1,0,ip-172-31-18-18,linux,0,26.809,37.3,Signature,True,2025-11-21T22:09:31.269279,,340
Falcon-padded-1024,verify,0,64,2.2,1,1,0,ip-172-31-18-18,linux,0,53.1454,18.82,Signature,True,2025-11-21T22:09:31.322611,,341
Falcon-padded-1024,verify,0,64,2.2,1,1,0,ip-172-31-18-18,linux,0,26.6626,37.51,Signature,True,2025-11-21T22:09:31.349393,,342
Falcon-padded-1024,verify,0,64,2.2,1,1,0,ip-172-31-18-18,linux,0,31.0955,32.16,Signature,True,2025-11-21T22:09:31.380606,,343
Falcon-padded-1024,verify,0,64,2.2,1,1,0,ip-172-31-18-18,linux,0,26.7161,37.43,Signature,True,2025-11-21T22:09:31.407447,,344
Falcon-padded-1024,verify,0,64,2.2,1,1,0,ip-172-31-18-18,linux,0,44.6677,22.39,Signature,True,2025-11-21T22:09:31.452228,,345
Falcon-padded-1024,verify,1024,1,2.2,1,1,0,ip-172-31-18-18,linux,0,28.1784,35.49,Signature,True,2025-11-21T22:09:31.480522,,346
Falcon-padded-1024,verify,1024,1,2.2,1,1,0,ip-172-31-18-18,linux,0,30.767,32.5,Signature,True,2025-11-21T22:09:31.511438,,347
Falcon-padded-1024,verify,1024,1,2.2,1,1,0,ip-172-31-18-18,linux,0,31.59,31.66,Signature,True,2025-11-21T22:09:31.543146,,348
Falcon-padded-1024,verify,1024,1,2.2,1,1,0,ip-172-31-18-18,linux,0,27.6705,36.14,Signature,True,2025-11-21T22:09:31.570930,,349
Falcon-padded-1024,verify,1024,1,2.2,1,1,0,ip-172-31-18-18,linux,0,39.2917,25.45,Signature,True,2025-11-21T22:09:31.610331,,350
Falcon-padded-1024,verify,1024,16,2.2,1,1,0,ip-172-31-18-18,linux,0,39.3902,25.39,Signature,True,2025-11-21T22:09:31.649840,,351
Falcon-padded-1024,verify,1024,16,2.2,1,1,0,ip-172-31-18-18,linux,0,29.9031,33.44,Signature,True,2025-11-21T22:09:31.679860,,352
Falcon-padded-1024,verify,1024,16,2.2,1,1,0,ip-172-31-18-18,linux,0,44.5017,22.47,Signature,True,2025-11-21T22:09:31.724476,,353
Falcon-padded-1024,verify,1024,16,2.2,1,1,0,ip-172-31-18-18,linux,0,45.1159,22.17,Signature,True,2025-11-21T22:09:31.769711,,354
Falcon-padded-1024,verify,1024,16,2.2,1,1,0,ip-172-31-18-18,linux,0,45.4499,22.0,Signature,True,2025-11-21T22:09:31.815276,,355
Falcon-padded-1024,verify,1024,64,2.2,1,1,0,ip-172-31-18-18,linux,0,26.5749,37.63,Signature,True,2025-11-21T22:09:31.841969,,356
Falcon-padded-1024,verify,1024,64,2.2,1,1,0,ip-172-31-18-18,linux,0,34.0916,29.33,Signature,True,2025-11-21T22:09:31.876182,,357
Falcon-padded-1024,verify,1024,64,2.2,1,1,0,ip-172-31-18-18,linux,0,27.137,36.85,Signature,True,2025-11-21T22:09:31.903432,,358
Falcon-padded-1024,verify,1024,64,2.2,1,1,0,ip-172-31-18-18,linux,0,28.8128,34.71,Signature,True,2025-11-21T22:09:31.932343,,359
Falcon-padded-1024,verify,1024,64,2.2,1,1,0,ip-172-31-18-18,linux,0,45.0266,22.21,Signature,True,2025-11-21T22:09:31.977481,,360
Falcon-padded-512,sign,0,1,2.2,1,1,0,ip-172-31-18-18,linux,0,9.6879,103.22,Signature,True,2025-11-21T22:09:31.987292,,361
Falcon-padded-512,sign,0,1,2.2,1,1,0,ip-172-31-18-18,linux,0,9.9362,100.64,Signature,True,2025-11-21T22:09:31.997316,,362
Falcon-padded-512,sign,0,1,2.2,1,1,0,ip-172-31-18-18,linux,0,16.8775,59.25,Signature,True,2025-11-21T22:09:32.014301,,363
Falcon-padded-512,sign,0,1,2.2,1,1,0,ip-172-31-18-18,linux,0,25.2643,39.58,Signature,True,2025-11-21T22:09:32.039681,,364
Falcon-padded-512,sign,0,1,2.2,1,1,0,ip-172-31-18-18,linux,0,11.0873,90.19,Signature,True,2025-11-21T22:09:32.050887,,365
Falcon-padded-512,sign,0,16,2.2,1,1,0,ip-172-31-18-18,linux,0,9.6181,103.97,Signature,True,2025-11-21T22:09:32.060623,,366
Falcon-padded-512,sign,0,16,2.2,1,1,0,ip-172-31-18-18,linux,0,9.7938,102.11,Signature,True,2025-11-21T22:09:32.070537,,367
Falcon-padded-512,sign,0,16,2.2,1,1,0,ip-172-31-18-18,linux,0,9.6629,103.49,Signature,True,2025-11-21T22:09:32.080329,,368
Falcon-padded-512,sign,0,16,2.2,1,1,0,ip-172-31-18-18,linux,0,20.6296,48.47,Signature,True,2025-11-21T22:09:32.101086,,369
Falcon-padded-512,sign,0,16,2.2,1,1,0,ip-172-31-18-18,linux,0,9.5925,104.25,Signature,True,2025-11-21T22:09:32.110810,,370
Falcon-padded-512,sign,0,64,2.2,1,1,0,ip-172-31-18-18,linux,0,13.2947,75.22,Signature,True,2025-11-21T22:09:32.124218,,371
Falcon-padded-512,sign,0,64,2.2,1,1,0,ip-172-31-18-18,linux,0,17.3169,57.75,Signature,True,2025-11-21T22:09:32.141646,,372
Falcon-padded-512,sign,0,64,2.2,1,1,0,ip-172-31-18-18,linux,0,13.8841,72.03,Signature,True,2025-11-21T22:09:32.155644,,373
Falcon-padded-512,sign,0,64,2.2,1,1,0,ip-172-31-18-18,linux,0,10.7861,92.71,Signature,True,2025-11-21T22:09:32.166553,,374
Falcon-padded-512,sign,0,64,2.2,1,1,0,ip-172-31-18-18,linux,0,11.0805,90.25,Signature,True,2025-11-21T22:09:32.177739,,375
Falcon-padded-512,sign,1024,1,2.2,1,1,0,ip-172-31-18-18,linux,0,9.5218,105.02,Signature,True,2025-11-21T22:09:32.187371,,376
Falcon-padded-512,sign,1024,1,2.2,1,1,0,ip-172-31-18-18,linux,0,23.0237,43.43,Signature,True,2025-11-21T22:09:32.210497,,377
Falcon-padded-512,sign,1024,1,2.2,1,1,0,ip-172-31-18-18,linux,0,20.9869,47.65,Signature,True,2025-11-21T22:09:32.231612,,378
Falcon-padded-512,sign,1024,1,2.2,1,1,0,ip-172-31-18-18,linux,0,23.3553,42.82,Signature,True,2025-11-21T22:09:32.255089,,379
Falcon-padded-512,sign,1024,1,2.2,1,1,0,ip-172-31-18-18,linux,0,13.9222,71.83,Signature,True,2025-11-21T22:09:32.269168,,380
Falcon-padded-512,sign,1024,16,2.2,1,1,0,ip-172-31-18-18,linux,0,11.2738,88.7,Signature,True,2025-11-21T22:09:32.280575,,381
Falcon-padded-512,sign,1024,16,2.2,1,1,0,ip-172-31-18-18,linux,0,13.8593,72.15,Signature,True,2025-11-21T22:09:32.294562,,382
Falcon-padded-512,sign,1024,16,2.2,1,1,0,ip-172-31-18-18,linux,0,16.939,59.04,Signature,True,2025-11-21T22:09:32.311613,,383
Falcon-padded-512,sign,1024,16,2.2,1,1,0,ip-172-31-18-18,linux,0,13.3525,74.89,Signature,True,2025-11-21T22:09:32.325073,,384
Falcon-padded-512,sign,1024,16,2.2,1,1,0,ip-172-31-18-18,linux,0,11.4995,86.96,Signature,True,2025-11-21T22:09:32.336699,,385
Falcon-padded-512,sign,1024,64,2.2,1,1,0,ip-172-31-18-18,linux,0,22.2045,45.04,Signature,True,2025-11-21T22:09:32.359025,,386
Falcon-padded-512,sign,1024,64,2.2,1,1,0,ip-172-31-18-18,linux,0,10.2802,97.27,Signature,True,2025-11-21T22:09:32.369436,,387
Falcon-padded-512,sign,1024,64,2.2,1,1,0,ip-172-31-18-18,linux,0,9.941,100.59,Signature,True,2025-11-21T22:09:32.379469,,388
Falcon-padded-512,sign,1024,64,2.2,1,1,0,ip-172-31-18-18,linux,0,15.2063,65.76,Signature,True,2025-11-21T22:09:32.394779,,389
Falcon-padded-512,sign,1024,64,2.2,1,1,0,ip-172-31-18-18,linux,0,12.6147,79.27,Signature,True,2025-11-21T22:09:32.407504,,390
Falcon-padded-512,verify,0,1,2.2,1,1,0,ip-172-31-18-18,linux,0,17.4734,57.23,Signature,True,2025-11-21T22:09:32.425136,,391
Falcon-padded-512,verify,0,1,2.2,1,1,0,ip-172-31-18-18,linux,0,17.507,57.12,Signature,True,2025-11-21T22:09:32.442773,,392
Falcon-padded-512,verify,0,1,2.2,1,1,0,ip-172-31-18-18,linux,0,9.3087,107.43,Signature,True,2025-11-21T22:09:32.452199,,393
Falcon-padded-512,verify,0,1,2.2,1,1,0,ip-172-31-18-18,linux,0,13.0703,76.51,Signature,True,2025-11-21T22:09:32.465372,,394
Falcon-padded-512,verify,0,1,2.2,1,1,0,ip-172-31-18-18,linux,0,18.3301,54.55,Signature,True,2025-11-21T22:09:32.483809,,395
Falcon-padded-512,verify,0,16,2.2,1,1,0,ip-172-31-18-18,linux,0,9.5277,104.96,Signature,True,2025-11-21T22:09:32.493457,,396
Falcon-padded-512,verify,0,16,2.2,1,1,0,ip-172-31-18-18,linux,0,11.0711,90.33,Signature,True,2025-11-21T22:09:32.504620,,397
Falcon-padded-512,verify,0,16,2.2,1,1,0,ip-172-31-18-18,linux,0,14.2167,70.34,Signature,True,2025-11-21T22:09:32.518963,,398
Falcon-padded-512,verify,0,16,2.2,1,1,0,ip-172-31-18-18,linux,0,10.4285,95.89,Signature,True,2025-11-21T22:09:32.529498,,399
Falcon-padded-512,verify,0,16,2.2,1,1,0,ip-172-31-18-18,linux,0,10.9553,91.28,Signature,True,2025-11-21T22:09:32.540564,,400
Falcon-padded-512,verify,0,64,2.2,1,1,0,ip-172-31-18-18,linux,0,11.5281,86.74,Signature,True,2025-11-21T22:09:32.552206,,401
Falcon-padded-512,verify,0,64,2.2,1,1,0,ip-172-31-18-18,linux,0,11.1462,89.72,Signature,True,2025-11-21T22:09:32.563450,,402
Falcon-padded-512,verify,0,64,2.2,1,1,0,ip-172-31-18-18,linux,0,11.4578,87.28,Signature,True,2025-11-21T22:09:32.575011,,403
Falcon-padded-512,verify,0,64,2.2,1,1,0,ip-172-31-18-18,linux,0,11.8759,84.2,Signature,True,2025-11-21T22:09:32.586976,,404
Falcon-padded-512,verify,0,64,2.2,1,1,0,ip-172-31-18-18,linux,0,14.4771,69.07,Signature,True,2025-11-21T22:09:32.601638,,405
Falcon-padded-512,verify,1024,1,2.2,1,1,0,ip-172-31-18-18,linux,0,10.6391,93.99,Signature,True,2025-11-21T22:09:32.612402,,406
Falcon-padded-512,verify,1024,1,2.2,1,1,0,ip-172-31-18-18,linux,0,10.7309,93.19,Signature,True,2025-11-21T22:09:32.623237,,407
Falcon-padded-512,verify,1024,1,2.2,1,1,0,ip-172-31-18-18,linux,0,14.0833,71.01,Signature,True,2025-11-21T22:09:32.637419,,408
Falcon-padded-512,verify,1024,1,2.2,1,1,0,ip-172-31-18-18,linux,0,11.3429,88.16,Signature,True,2025-11-21T22:09:32.648886,,409
Falcon-padded-512,verify,1024,1,2.2,1,1,0,ip-172-31-18-18,linux,0,15.8192,63.21,Signature,True,2025-11-21T22:09:32.664822,,410
Falcon-padded-512,verify,1024,16,2.2,1,1,0,ip-172-31-18-18,linux,0,28.8449,34.67,Signature,True,2025-11-21T22:09:32.693781,,411
Falcon-padded-512,verify,1024,16,2.2,1,1,0,ip-172-31-18-18,linux,0,11.0517,90.48,Signature,True,2025-11-21T22:09:32.704947,,412
Falcon-padded-512,verify,1024,16,2.2,1,1,0,ip-172-31-18-18,linux,0,10.2341,97.71,Signature,True,2025-11-21T22:09:32.715290,,413
Falcon-padded-512,verify,1024,16,2.2,1,1,0,ip-172-31-18-18,linux,0,10.5852,94.47,Signature,True,2025-11-21T22:09:32.725975,,414
Falcon-padded-512,verify,1024,16,2.2,1,1,0,ip-172-31-18-18,linux,0,11.171,89.52,Signature,True,2025-11-21T22:09:32.737264,,415
Falcon-padded-512,verify,1024,64,2.2,1,1,0,ip-172-31-18-18,linux,0,12.2217,81.82,Signature,True,2025-11-21T22:09:32.749602,,416
Falcon-padded-512,verify,1024,64,2.2,1,1,0,ip-172-31-18-18,linux,0,10.0502,99.5,Signature,True,2025-11-21T22:09:32.759765,,417
Falcon-padded-512,verify,1024,64,2.2,1,1,0,ip-172-31-18-18,linux,0,13.9451,71.71,Signature,True,2025-11-21T22:09:32.773824,,418
Falcon-padded-512,verify,1024,64,2.2,1,1,0,ip-172-31-18-18,linux,0,13.4492,74.35,Signature,True,2025-11-21T22:09:32.787387,,419
Falcon-padded-512,verify,1024,64,2.2,1,1,0,ip-172-31-18-18,linux,0,9.0852,110.07,Signature,True,2025-11-21T22:09:32.796574,,420
MAYO-1,sign,0,1,2.2,1,1,0,ip-172-31-18-18,linux,0,1.1757,850.55,Signature,True,2025-11-21T22:09:32.797862,,421
MAYO-1,sign,0,1,2.2,1,1,0,ip-172-31-18-18,linux,0,0.8818,1134.03,Signature,True,2025-11-21T22:09:32.798835,,422
MAYO-1,sign,0,1,2.2,1,1,0,ip-172-31-18-18,linux,0,0.8737,1144.61,Signature,True,2025-11-21T22:09:32.799789,,423
MAYO-1,sign,0,1,2.2,1,1,0,ip-172-31-18-18,linux,0,0.8815,1134.38,Signature,True,2025-11-21T22:09:32.800746,,424
MAYO-1,sign,0,1,2.2,1,1,0,ip-172-31-18-18,linux,0,0.8382,1192.99,Signature,True,2025-11-21T22:09:32.801657,,425
MAYO-1,sign,0,16,2.2,1,1,0,ip-172-31-18-18,linux,0,0.8599,1162.87,Signature,True,2025-11-21T22:09:32.802598,,426
MAYO-1,sign,0,16,2.2,1,1,0,ip-172-31-18-18,linux,0,0.8664,1154.21,Signature,True,2025-11-21T22:09:32.803548,,427
MAYO-1,sign,0,16,2.2,1,1,0,ip-172-31-18-18,linux,0,0.8432,1185.94,Signature,True,2025-11-21T22:09:32.804467,,428
MAYO-1,sign,0,16,2.2,1,1,0,ip-172-31-18-18,linux,0,0.8699,1149.62,Signature,True,2025-11-21T22:09:32.805414,,429
MAYO-1,sign,0,16,2.2,1,1,0,ip-172-31-18-18,linux,0,0.8468,1180.89,Signature,True,2025-11-21T22:09:32.806333,,430
MAYO-1,sign,0,64,2.2,1,1,0,ip-172-31-18-18,linux,0,0.8498,1176.82,Signature,True,2025-11-21T22:09:32.807257,,431
MAYO-1,sign,0,64,2.2,1,1,0,ip-172-31-18-18,linux,0,0.8459,1182.24,Signature,True,2025-11-21T22:09:32.808172,,432
MAYO-1,sign,0,64,2.2,1,1,0,ip-172-31-18-18,linux,0,0.8352,1197.39,Signature,True,2025-11-21T22:09:32.809072,,433
MAYO-1,sign,0,64,2.2,1,1,0,ip-172-31-18-18,linux,0,0.8444,1184.3,Signature,True,2025-11-21T22:09:32.810056,,434
MAYO-1,sign,0,64,2.2,1,1,0,ip-172-31-18-18,linux,0,0.8112,1232.82,Signature,True,2025-11-21T22:09:32.810970,,435
MAYO-1,sign,1024,1,2.2,1,1,0,ip-172-31-18-18,linux,0,0.8731,1145.34,Signature,True,2025-11-21T22:09:32.811913,,436
MAYO-1,sign,1024,1,2.2,1,1,0,ip-172-31-18-18,linux,0,0.8686,1151.22,Signature,True,2025-11-21T22:09:32.812852,,437
MAYO-1,sign,1024,1,2.2,1,1,0,ip-172-31-18-18,linux,0,0.9433,1060.13,Signature,True,2025-11-21T22:09:32.813860,,438
MAYO-1,sign,1024,1,2.2,1,1,0,ip-172-31-18-18,linux,0,0.8485,1178.6,Signature,True,2025-11-21T22:09:32.814775,,439
MAYO-1,sign,1024,1,2.2,1,1,0,ip-172-31-18-18,linux,0,0.8193,1220.51,Signature,True,2025-11-21T22:09:32.815660,,440
MAYO-1,sign,1024,16,2.2,1,1,0,ip-172-31-18-18,linux,0,0.8699,1149.54,Signature,True,2025-11-21T22:09:32.816594,,441
MAYO-1,sign,1024,16,2.2,1,1,0,ip-172-31-18-18,linux,0,0.8359,1196.29,Signature,True,2025-11-21T22:09:32.817495,,442
MAYO-1,sign,1024,16,2.2,1,1,0,ip-172-31-18-18,linux,0,0.8688,1150.96,Signature,True,2025-11-21T22:09:32.818428,,443
MAYO-1,sign,1024,16,2.2,1,1,0,ip-172-31-18-18,linux,0,0.8519,1173.91,Signature,True,2025-11-21T22:09:32.819345,,444
MAYO-1,sign,1024,16,2.2,1,1,0,ip-172-31-18-18,linux,0,0.8539,1171.12,Signature,True,2025-11-21T22:09:32.820266,,445
MAYO-1,sign,1024,64,2.2,1,1,0,ip-172-31-18-18,linux,0,0.895,1117.28,Signature,True,2025-11-21T22:09:32.821231,,446
MAYO-1,sign,1024,64,2.2,1,1,0,ip-172-31-18-18,linux,0,0.8011,1248.36,Signature,True,2025-11-21T22:09:32.822097,,447
MAYO-1,sign,1024,64,2.2,1,1,0,ip-172-31-18-18,linux,0,0.801,1248.42,Signature,True,2025-11-21T22:09:32.822987,,448
MAYO-1,sign,1024,64,2.2,1,1,0,ip-172-31-18-18,linux,0,0.8544,1170.41,Signature,True,2025-11-21T22:09:32.823907,,449
MAYO-1,sign,1024,64,2.2,1,1,0,ip-172-31-18-18,linux,0,0.8802,1136.09,Signature,True,2025-11-21T22:09:32.824854,,450
MAYO-1,verify,0,1,2.2,1,1,0,ip-172-31-18-18,linux,0,0.8081,1237.41,Signature,True,2025-11-21T22:09:32.825738,,451
MAYO-1,verify,0,1,2.2,1,1,0,ip-172-31-18-18,linux,0,0.8068,1239.49,Signature,True,2025-11-21T22:09:32.826609,,452
MAYO-1,verify,0,1,2.2,1,1,0,ip-172-31-18-18,linux,0,0.8565,1167.51,Signature,True,2025-11-21T22:09:32.827530,,453
MAYO-1,verify,0,1,2.2,1,1,0,ip-172-31-18-18,linux,0,0.8326,1201.07,Signature,True,2025-11-21T22:09:32.828427,,454
MAYO-1,verify,0,1,2.2,1,1,0,ip-172-31-18-18,linux,0,0.8462,1181.75,Signature,True,2025-11-21T22:09:32.829336,,455
MAYO-1,verify,0,16,2.2,1,1,0,ip-172-31-18-18,linux,0,0.8048,1242.59,Signature,True,2025-11-21T22:09:32.830205,,456
MAYO-1,verify,0,16,2.2,1,1,0,ip-172-31-18-18,linux,0,0.8068,1239.48,Signature,True,2025-11-21T22:09:32.831076,,457
MAYO-1,verify,0,16,2.2,1,1,0,ip-172-31-18-18,linux,0,0.7848,1274.27,Signature,True,2025-11-21T22:09:32.831946,,458
MAYO-1,verify,0,16,2.2,1,1,0,ip-172-31-18-18,linux,0,0.8634,1158.22,Signature,True,2025-11-21T22:09:32.832874,,459
MAYO-1,verify,0,16,2.2,1,1,0,ip-172-31-18-18,linux,0,0.8288,1206.56,Signature,True,2025-11-21T22:09:32.833766,,460
MAYO-1,verify,0,64,2.2,1,1,0,ip-172-31-18-18,linux,0,0.8473,1180.19,Signature,True,2025-11-21T22:09:32.834678,,461
MAYO-1,verify,0,64,2.2,1,1,0,ip-172-31-18-18,linux,0,0.8311,1203.27,Signature,True,2025-11-21T22:09:32.835572,,462
MAYO-1,verify,0,64,2.2,1,1,0,ip-172-31-18-18,linux,0,0.8329,1200.67,Signature,True,2025-11-21T22:09:32.836469,,463
MAYO-1,verify,0,64,2.2,1,1,0,ip-172-31-18-18,linux,0,0.9046,1105.43,Signature,True,2025-11-21T22:09:32.837437,,464
MAYO-1,verify,0,64,2.2,1,1,0,ip-172-31-18-18,linux,0,0.8614,1160.88,Signature,True,2025-11-21T22:09:32.838363,,465
MAYO-1,verify,1024,1,2.2,1,1,0,ip-172-31-18-18,linux,0,0.8697,1149.77,Signature,True,2025-11-21T22:09:32.839301,,466
MAYO-1,verify,1024,1,2.2,1,1,0,ip-172-31-18-18,linux,0,0.8716,1147.38,Signature,True,2025-11-21T22:09:32.840236,,467
MAYO-1,verify,1024,1,2.2,1,1,0,ip-172-31-18-18,linux,0,0.8346,1198.12,Signature,True,2025-11-21T22:09:32.841134,,468
MAYO-1,verify,1024,1,2.2,1,1,0,ip-172-31-18-18,linux,0,0.7997,1250.48,Signature,True,2025-11-21T22:09:32.841998,,469
MAYO-1,verify,1024,1,2.2,1,1,0,ip-172-31-18-18,linux,0,0.8496,1176.97,Signature,True,2025-11-21T22:09:32.842913,,470
MAYO-1,verify,1024,16,2.2,1,1,0,ip-172-31-18-18,linux,0,0.9082,1101.11,Signature,True,2025-11-21T22:09:32.843888,,471
MAYO-1,verify,1024,16,2.2,1,1,0,ip-172-31-18-18,linux,0,0.8721,1146.62,Signature,True,2025-11-21T22:09:32.844828,,472
MAYO-1,verify,1024,16,2.2,1,1,0,ip-172-31-18-18,linux,0,0.8408,1189.3,Signature,True,2025-11-21T22:09:32.845797,,473
MAYO-1,verify,1024,16,2.2,1,1,0,ip-172-31-18-18,linux,0,0.821,1218.08,Signature,True,2025-11-21T22:09:32.846683,,474
MAYO-1,verify,1024,16,2.2,1,1,0,ip-172-31-18-18,linux,0,0.8867,1127.8,Signature,True,2025-11-21T22:09:32.847634,,475
MAYO-1,verify,1024,64,2.2,1,1,0,ip-172-31-18-18,linux,0,0.8485,1178.62,Signature,True,2025-11-21T22:09:32.848548,,476
MAYO-1,verify,1024,64,2.2,1,1,0,ip-172-31-18-18,linux,0,0.8329,1200.58,Signature,True,2025-11-21T22:09:32.849444,,477
MAYO-1,verify,1024,64,2.2,1,1,0,ip-172-31-18-18,linux,0,0.8448,1183.65,Signature,True,2025-11-21T22:09:32.850354,,478
MAYO-1,verify,1024,64,2.2,1,1,0,ip-172-31-18-18,linux,0,0.8215,1217.22,Signature,True,2025-11-21T22:09:32.851240,,479
MAYO-1,verify,1024,64,2.2,1,1,0,ip-172-31-18-18,linux,0,0.8666,1154.0,Signature,True,2025-11-21T22:09:32.852167,,480
MAYO-2,sign,0,1,2.2,1,1,0,ip-172-31-18-18,linux,0,0.6598,1515.7,Signature,True,2025-11-21T22:09:32.852901,,481
MAYO-2,sign,0,1,2.2,1,1,0,ip-172-31-18-18,linux,0,0.5221,1915.43,Signature,True,2025-11-21T22:09:32.853487,,482
MAYO-2,sign,0,1,2.2,1,1,0,ip-172-31-18-18,linux,0,0.4828,2071.35,Signature,True,2025-11-21T22:09:32.854034,,483
MAYO-2,sign,0,1,2.2,1,1,0,ip-172-31-18-18,linux,0,0.4702,2126.59,Signature,True,2025-11-21T22:09:32.854566,,484
MAYO-2,sign,0,1,2.2,1,1,0,ip-172-31-18-18,linux,0,0.4351,2298.13,Signature,True,2025-11-21T22:09:32.855064,,485
MAYO-2,sign,0,16,2.2,1,1,0,ip-172-31-18-18,linux,0,0.4345,2301.47,Signature,True,2025-11-21T22:09:32.855614,,486
MAYO-2,sign,0,16,2.2,1,1,0,ip-172-31-18-18,linux,0,0.4876,2050.87,Signature,True,2025-11-21T22:09:32.856166,,487
MAYO-2,sign,0,16,2.2,1,1,0,ip-172-31-18-18,linux,0,0.4367,2289.97,Signature,True,2025-11-21T22:09:32.856672,,488
MAYO-2,sign,0,16,2.2,1,1,0,ip-172-31-18-18,linux,0,0.4598,2174.87,Signature,True,2025-11-21T22:09:32.857238,,489
MAYO-2,sign,0,16,2.2,1,1,0,ip-172-31-18-18,linux,0,0.4391,2277.35,Signature,True,2025-11-21T22:09:32.857740,,490
MAYO-2,sign,0,64,2.2,1,1,0,ip-172-31-18-18,linux,0,0.4809,2079.45,Signature,True,2025-11-21T22:09:32.858287,,491
MAYO-2,sign,0,64,2.2,1,1,0,ip-172-31-18-18,linux,0,0.4374,2286.47,Signature,True,2025-11-21T22:09:32.858790,,492
MAYO-2,sign,0,64,2.2,1,1,0,ip-172-31-18-18,linux,0,0.4622,2163.54,Signature,True,2025-11-21T22:09:32.859316,,493
MAYO-2,sign,0,64,2.2,1,1,0,ip-172-31-18-18,linux,0,0.437,2288.35,Signature,True,2025-11-21T22:09:32.859814,,494
MAYO-2,sign,0,64,2.2,1,1,0,ip-172-31-18-18,linux,0,0.4556,2195.02,Signature,True,2025-11-21T22:09:32.860332,,495
MAYO-2,sign,1024,1,2.2,1,1,0,ip-172-31-18-18,linux,0,0.4869,2053.66,Signature,True,2025-11-21T22:09:32.860884,,496
MAYO-2,sign,1024,1,2.2,1,1,0,ip-172-31-18-18,linux,0,0.5095,1962.53,Signature,True,2025-11-21T22:09:32.861460,,497
MAYO-2,sign,1024,1,2.2,1,1,0,ip-172-31-18-18,linux,0,0.4761,2100.5,Signature,True,2025-11-21T22:09:32.862006,,498
MAYO-2,sign,1024,1,2.2,1,1,0,ip-172-31-18-18,linux,0,0.4757,2102.27,Signature,True,2025-11-21T22:09:32.862550,,499
MAYO-2,sign,1024,1,2.2,1,1,0,ip-172-31-18-18,linux,0,0.4527,2209.13,Signature,True,2025-11-21T22:09:32.863069,,500
MAYO-2,sign,1024,16,2.2,1,1,0,ip-172-31-18-18,linux,0,0.451,2217.51,Signature,True,2025-11-21T22:09:32.863650,,501
MAYO-2,sign,1024,16,2.2,1,1,0,ip-172-31-18-18,linux,0,0.4949,2020.54,Signature,True,2025-11-21T22:09:32.864211,,502
MAYO-2,sign,1024,16,2.2,1,1,0,ip-172-31-18-18,linux,0,0.497,2012.13,Signature,True,2025-11-21T22:09:32.864771,,503
MAYO-2,sign,1024,16,2.2,1,1,0,ip-172-31-18-18,linux,0,0.4754,2103.64,Signature,True,2025-11-21T22:09:32.865312,,504
MAYO-2,sign,1024,16,2.2,1,1,0,ip-172-31-18-18,linux,0,0.455,2197.92,Signature,True,2025-11-21T22:09:32.865834,,505
MAYO-2,sign,1024,64,2.2,1,1,0,ip-172-31-18-18,linux,0,0.515,1941.8,Signature,True,2025-11-21T22:09:32.866418,,506
MAYO-2,sign,1024,64,2.2,1,1,0,ip-172-31-18-18,linux,0,0.4557,2194.59,Signature,True,2025-11-21T22:09:32.866941,,507
MAYO-2,sign,1024,64,2.2,1,1,0,ip-172-31-18-18,linux,0,0.7022,1424.03,Signature,True,2025-11-21T22:09:32.867712,,508
MAYO-2,sign,1024,64,2.2,1,1,0,ip-172-31-18-18,linux,0,0.4868,2054.08,Signature,True,2025-11-21T22:09:32.868287,,509
MAYO-2,sign,1024,64,2.2,1,1,0,ip-172-31-18-18,linux,0,0.4767,2097.9,Signature,True,2025-11-21T22:09:32.868828,,510
MAYO-2,verify,0,1,2.2,1,1,0,ip-172-31-18-18,linux,0,0.4565,2190.79,Signature,True,2025-11-21T22:09:32.869432,,511
MAYO-2,verify,0,1,2.2,1,1,0,ip-172-31-18-18,linux,0,0.4371,2287.83,Signature,True,2025-11-21T22:09:32.869933,,512
MAYO-2,verify,0,1,2.2,1,1,0,ip-172-31-18-18,linux,0,0.455,2197.68,Signature,True,2025-11-21T22:09:32.870452,,513
MAYO-2,verify,0,1,2.2,1,1,0,ip-172-31-18-18,linux,0,0.4359,2294.28,Signature,True,2025-11-21T22:09:32.870952,,514
MAYO-2,verify,0,1,2.2,1,1,0,ip-172-31-18-18,linux,0,0.483,2070.32,Signature,True,2025-11-21T22:09:32.871497,,515
MAYO-2,verify,0,16,2.2,1,1,0,ip-172-31-18-18,linux,0,0.4375,2285.94,Signature,True,2025-11-21T22:09:32.872001,,516
MAYO-2,verify,0,16,2.2,1,1,0,ip-172-31-18-18,linux,0,0.4575,2185.67,Signature,True,2025-11-21T22:09:32.872524,,517
MAYO-2,verify,0,16,2.2,1,1,0,ip-172-31-18-18,linux,0,0.453,2207.67,Signature,True,2025-11-21T22:09:32.873046,,518
MAYO-2,verify,0,16,2.2,1,1,0,ip-172-31-18-18,linux,0,0.4741,2109.23,Signature,True,2025-11-21T22:09:32.873625,,519
MAYO-2,verify,0,16,2.2,1,1,0,ip-172-31-18-18,linux,0,0.5214,1918.03,Signature,True,2025-11-21T22:09:32.874217,,520
MAYO-2,verify,0,64,2.2,1,1,0,ip-172-31-18-18,linux,0,0.461,2169.12,Signature,True,2025-11-21T22:09:32.874748,,521
MAYO-2,verify,0,64,2.2,1,1,0,ip-172-31-18-18,linux,0,0.4956,2017.69,Signature,True,2025-11-21T22:09:32.875320,,522
MAYO-2,verify,0,64,2.2,1,1,0,ip-172-31-18-18,linux,0,0.4446,2249.44,Signature,True,2025-11-21T22:09:32.875840,,523
MAYO-2,verify,0,64,2.2,1,1,0,ip-172-31-18-18,linux,0,0.4645,2152.73,Signature,True,2025-11-21T22:09:32.876379,,524
MAYO-2,verify,0,64,2.2,1,1,0,ip-172-31-18-18,linux,0,0.4532,2206.4,Signature,True,2025-11-21T22:09:32.876898,,525
MAYO-2,verify,1024,1,2.2,1,1,0,ip-172-31-18-18,linux,0,0.4715,2120.68,Signature,True,2025-11-21T22:09:32.877435,,526
MAYO-2,verify,1024,1,2.2,1,1,0,ip-172-31-18-18,linux,0,0.4512,2216.14,Signature,True,2025-11-21T22:09:32.877949,,527
MAYO-2,verify,1024,1,2.2,1,1,0,ip-172-31-18-18,linux,0,0.5,2000.13,Signature,True,2025-11-21T22:09:32.878514,,528
MAYO-2,verify,1024,1,2.2,1,1,0,ip-172-31-18-18,linux,0,0.4717,2120.05,Signature,True,2025-11-21T22:09:32.879054,,529
MAYO-2,verify,1024,1,2.2,1,1,0,ip-172-31-18-18,linux,0,0.4513,2215.94,Signature,True,2025-11-21T22:09:32.879605,,530
MAYO-2,verify,1024,16,2.2,1,1,0,ip-172-31-18-18,linux,0,0.4723,2117.32,Signature,True,2025-11-21T22:09:32.880142,,531
MAYO-2,verify,1024,16,2.2,1,1,0,ip-172-31-18-18,linux,0,0.4513,2215.99,Signature,True,2025-11-21T22:09:32.880656,,532
MAYO-2,verify,1024,16,2.2,1,1,0,ip-172-31-18-18,linux,0,0.4784,2090.4,Signature,True,2025-11-21T22:09:32.881213,,533
MAYO-2,verify,1024,16,2.2,1,1,0,ip-172-31-18-18,linux,0,0.4533,2205.82,Signature,True,2025-11-21T22:09:32.881731,,534
MAYO-2,verify,1024,16,2.2,1,1,0,ip-172-31-18-18,linux,0,0.471,2122.93,Signature,True,2025-11-21T22:09:32.882265,,535
MAYO-2,verify,1024,64,2.2,1,1,0,ip-172-31-18-18,linux,0,0.4955,2018.26,Signature,True,2025-11-21T22:09:32.882823,,536
MAYO-2,verify,1024,64,2.2,1,1,0,ip-172-31-18-18,linux,0,0.4728,2115.21,Signature,True,2025-11-21T22:09:32.883362,,537
MAYO-2,verify,1024,64,2.2,1,1,0,ip-172-31-18-18,linux,0,0.472,2118.79,Signature,True,2025-11-21T22:09:32.883911,,538
MAYO-2,verify,1024,64,2.2,1,1,0,ip-172-31-18-18,linux,0,0.4838,2066.94,Signature,True,2025-11-21T22:09:32.884460,,539
MAYO-2,verify,1024,64,2.2,1,1,0,ip-172-31-18-18,linux,0,0.4638,2156.17,Signature,True,2025-11-21T22:09:32.884986,,540
MAYO-3,sign,0,1,2.2,1,1,0,ip-172-31-18-18,linux,0,2.2226,449.92,Signature,True,2025-11-21T22:09:32.887282,,541
MAYO-3,sign,0,1,2.2,1,1,0,ip-172-31-18-18,linux,0,1.7464,572.6,Signature,True,2025-11-21T22:09:32.889095,,542
MAYO-3,sign,0,1,2.2,1,1,0,ip-172-31-18-18,linux,0,1.7461,572.72,Signature,True,2025-11-21T22:09:32.890923,,543
MAYO-3,sign,0,1,2.2,1,1,0,ip-172-31-18-18,linux,0,1.7446,573.19,Signature,True,2025-11-21T22:09:32.892775,,544
MAYO-3,sign,0,1,2.2,1,1,0,ip-172-31-18-18,linux,0,1.7008,587.94,Signature,True,2025-11-21T22:09:32.894540,,545
MAYO-3,sign,0,16,2.2,1,1,0,ip-172-31-18-18,linux,0,1.7607,567.96,Signature,True,2025-11-21T22:09:32.896368,,546
MAYO-3,sign,0,16,2.2,1,1,0,ip-172-31-18-18,linux,0,1.7851,560.19,Signature,True,2025-11-21T22:09:32.898222,,547
MAYO-3,sign,0,16,2.2,1,1,0,ip-172-31-18-18,linux,0,1.725,579.7,Signature,True,2025-11-21T22:09:32.900010,,548
MAYO-3,sign,0,16,2.2,1,1,0,ip-172-31-18-18,linux,0,1.8078,553.16,Signature,True,2025-11-21T22:09:32.901881,,549
MAYO-3,sign,0,16,2.2,1,1,0,ip-172-31-18-18,linux,0,1.7318,577.44,Signature,True,2025-11-21T22:09:32.903679,,550
MAYO-3,sign,0,64,2.2,1,1,0,ip-172-31-18-18,linux,0,1.7151,583.05,Signature,True,2025-11-21T22:09:32.905462,,551
MAYO-3,sign,0,64,2.2,1,1,0,ip-172-31-18-18,linux,0,1.8209,549.19,Signature,True,2025-11-21T22:09:32.907354,,552
MAYO-3,sign,0,64,2.2,1,1,0,ip-172-31-18-18,linux,0,1.7172,582.35,Signature,True,2025-11-21T22:09:32.909141,,553
MAYO-3,sign,0,64,2.2,1,1,0,ip-172-31-18-18,linux,0,1.7296,578.15,Signature,True,2025-11-21T22:09:32.910934,,554
MAYO-3,sign,0,64,2.2,1,1,0,ip-172-31-18-18,linux,0,1.7135,583.6,Signature,True,2025-11-21T22:09:32.912712,,555
MAYO-3,sign,1024,1,2.2,1,1,0,ip-172-31-18-18,linux,0,1.7581,568.79,Signature,True,2025-11-21T22:09:32.914537,,556
MAYO-3,sign,1024,1,2.2,1,1,0,ip-172-31-18-18,linux,0,1.7181,582.02,Signature,True,2025-11-21T22:09:32.916326,,557
MAYO-3,sign,1024,1,2.2,1,1,0,ip-172-31-18-18,linux,0,1.7765,562.91,Signature,True,2025-11-21T22:09:32.918170,,558
MAYO-3,sign,1024,1,2.2,1,1,0,ip-172-31-18-18,linux,0,1.7181,582.04,Signature,True,2025-11-21T22:09:32.919952,,559
MAYO-3,sign,1024,1,2.2,1,1,0,ip-172-31-18-18,linux,0,1.7976,556.29,Signature,True,2025-11-21T22:09:32.921815,,560
MAYO-3,sign,1024,16,2.2,1,1,0,ip-172-31-18-18,linux,0,1.7437,573.49,Signature,True,2025-11-21T22:09:32.923624,,561
MAYO-3,sign,1024,16,2.2,1,1,0,ip-172-31-18-18,linux,0,1.7476,572.22,Signature,True,2025-11-21T22:09:32.925439,,562
MAYO-3,sign,1024,16,2.2,1,1,0,ip-172-31-18-18,linux,0,1.7343,576.59,Signature,True,2025-11-21T22:09:32.927237,,563
MAYO-3,sign,1024,16,2.2,1,1,0,ip-172-31-18-18,linux,0,1.7557,569.58,Signature,True,2025-11-21T22:09:32.929057,,564
MAYO-3,sign,1024,16,2.2,1,1,0,ip-172-31-18-18,linux,0,1.724,580.03,Signature,True,2025-11-21T22:09:32.930896,,565
MAYO-3,sign,1024,64,2.2,1,1,0,ip-172-31-18-18,linux,0,1.7646,566.7,Signature,True,2025-11-21T22:09:32.932730,,566
MAYO-3,sign,1024,64,2.2,1,1,0,ip-172-31-18-18,linux,0,1.8509,540.26,Signature,True,2025-11-21T22:09:32.934647,,567
MAYO-3,sign,1024,64,2.2,1,1,0,ip-172-31-18-18,linux,0,3.1911,313.37,Signature,True,2025-11-21T22:09:32.937913,,568
MAYO-3,sign,1024,64,2.2,1,1,0,ip-172-31-18-18,linux,0,1.7871,559.56,Signature,True,2025-11-21T22:09:32.939795,,569
MAYO-3,sign,1024,64,2.2,1,1,0,ip-172-31-18-18,linux,0,1.7468,572.47,Signature,True,2025-11-21T22:09:32.941611,,570
MAYO-3,verify,0,1,2.2,1,1,0,ip-172-31-18-18,linux,0,1.7667,566.03,Signature,True,2025-11-21T22:09:32.943456,,571
MAYO-3,verify,0,1,2.2,1,1,0,ip-172-31-18-18,linux,0,1.7955,556.95,Signature,True,2025-11-21T22:09:32.945322,,572
MAYO-3,verify,0,1,2.2,1,1,0,ip-172-31-18-18,linux,0,1.7783,562.35,Signature,True,2025-11-21T22:09:32.947193,,573
MAYO-3,verify,0,1,2.2,1,1,0,ip-172-31-18-18,linux,0,1.7943,557.33,Signature,True,2025-11-21T22:09:32.949087,,574
MAYO-3,verify,0,1,2.2,1,1,0,ip-172-31-18-18,linux,0,1.7098,584.87,Signature,True,2025-11-21T22:09:32.950910,,575
MAYO-3,verify,0,16,2.2,1,1,0,ip-172-31-18-18,linux,0,1.6977,589.03,Signature,True,2025-11-21T22:09:32.952675,,576
MAYO-3,verify,0,16,2.2,1,1,0,ip-172-31-18-18,linux,0,1.7216,580.85,Signature,True,2025-11-21T22:09:32.954474,,577
MAYO-3,verify,0,16,2.2,1,1,0,ip-172-31-18-18,linux,0,1.7329,577.06,Signature,True,2025-11-21T22:09:32.956274,,578
MAYO-3,verify,0,16,2.2,1,1,0,ip-172-31-18-18,linux,0,1.7557,569.56,Signature,True,2025-11-21T22:09:32.958119,,579
MAYO-3,verify,0,16,2.2,1,1,0,ip-172-31-18-18,linux,0,1.7045,586.7,Signature,True,2025-11-21T22:09:32.959902,,580
MAYO-3,verify,0,64,2.2,1,1,0,ip-172-31-18-18,linux,0,1.7733,563.91,Signature,True,2025-11-21T22:09:32.961741,,581
MAYO-3,verify,0,64,2.2,1,1,0,ip-172-31-18-18,linux,0,1.7035,587.04,Signature,True,2025-11-21T22:09:32.963510,,582
MAYO-3,verify,0,64,2.2,1,1,0,ip-172-31-18-18,linux,0,1.7302,577.98,Signature,True,2025-11-21T22:09:32.965304,,583
MAYO-3,verify,0,64,2.2,1,1,0,ip-172-31-18-18,linux,0,3.5873,278.76,Signature,True,2025-11-21T22:09:32.968969,,584
MAYO-3,verify,0,64,2.2,1,1,0,ip-172-31-18-18,linux,0,2.8977,345.1,Signature,True,2025-11-21T22:09:32.971979,,585
MAYO-3,verify,1024,1,2.2,1,1,0,ip-172-31-18-18,linux,0,2.0362,491.12,Signature,True,2025-11-21T22:09:32.974476,,586
MAYO-3,verify,1024,1,2.2,1,1,0,ip-172-31-18-18,linux,0,2.3242,430.26,Signature,True,2025-11-21T22:09:32.976918,,587
MAYO-3,verify,1024,1,2.2,1,1,0,ip-172-31-18-18,linux,0,2.0244,493.98,Signature,True,2025-11-21T22:09:32.979047,,588
MAYO-3,verify,1024,1,2.2,1,1,0,ip-172-31-18-18,linux,0,1.8081,553.08,Signature,True,2025-11-21T22:09:32.980992,,589
MAYO-3,verify,1024,1,2.2,1,1,0,ip-172-31-18-18,linux,0,1.8111,552.14,Signature,True,2025-11-21T22:09:32.982875,,590
MAYO-3,verify,1024,16,2.2,1,1,0,ip-172-31-18-18,linux,0,1.7165,582.59,Signature,True,2025-11-21T22:09:32.984660,,591
MAYO-3,verify,1024,16,2.2,1,1,0,ip-172-31-18-18,linux,0,1.7972,556.44,Signature,True,2025-11-21T22:09:32.986536,,592
MAYO-3,verify,1024,16,2.2,1,1,0,ip-172-31-18-18,linux,0,1.7344,576.58,Signature,True,2025-11-21T22:09:32.988339,,593
MAYO-3,verify,1024,16,2.2,1,1,0,ip-172-31-18-18,linux,0,1.8253,547.84,Signature,True,2025-11-21T22:09:32.990230,,594
MAYO-3,verify,1024,16,2.2,1,1,0,ip-172-31-18-18,linux,0,1.7044,586.71,Signature,True,2025-11-21T22:09:32.992001,,595
MAYO-3,verify,1024,64,2.2,1,1,0,ip-172-31-18-18,linux,0,1.7937,557.5,Signature,True,2025-11-21T22:09:32.993864,,596
MAYO-3,verify,1024,64,2.2,1,1,0,ip-172-31-18-18,linux,0,1.9836,504.13,Signature,True,2025-11-21T22:09:32.995921,,597
MAYO-3,verify,1024,64,2.2,1,1,0,ip-172-31-18-18,linux,0,1.7892,558.91,Signature,True,2025-11-21T22:09:32.997808,,598
MAYO-3,verify,1024,64,2.2,1,1,0,ip-172-31-18-18,linux,0,1.7533,570.36,Signature,True,2025-11-21T22:09:32.999634,,599
MAYO-3,verify,1024,64,2.2,1,1,0,ip-172-31-18-18,linux,0,1.7626,567.36,Signature,True,2025-11-21T22:09:33.001464,,600
MAYO-5,sign,0,1,2.2,1,1,0,ip-172-31-18-18,linux,0,5.0257,198.98,Signature,True,2025-11-21T22:09:33.006575,,601
MAYO-5,sign,0,1,2.2,1,1,0,ip-172-31-18-18,linux,0,4.2658,234.42,Signature,True,2025-11-21T22:09:33.010939,,602
MAYO-5,sign,0,1,2.2,1,1,0,ip-172-31-18-18,linux,0,4.5174,221.37,Signature,True,2025-11-21T22:09:33.015541,,603
MAYO-5,sign,0,1,2.2,1,1,0,ip-172-31-18-18,linux,0,4.3362,230.62,Signature,True,2025-11-21T22:09:33.019974,,604
MAYO-5,sign,0,1,2.2,1,1,0,ip-172-31-18-18,linux,0,4.382,228.21,Signature,True,2025-11-21T22:09:33.024469,,605
MAYO-5,sign,0,16,2.2,1,1,0,ip-172-31-18-18,linux,0,4.4375,225.35,Signature,True,2025-11-21T22:09:33.029014,,606
MAYO-5,sign,0,16,2.2,1,1,0,ip-172-31-18-18,linux,0,4.3144,231.78,Signature,True,2025-11-21T22:09:33.033465,,607
MAYO-5,sign,0,16,2.2,1,1,0,ip-172-31-18-18,linux,0,4.3747,228.59,Signature,True,2025-11-21T22:09:33.037948,,608
MAYO-5,sign,0,16,2.2,1,1,0,ip-172-31-18-18,linux,0,4.4729,223.57,Signature,True,2025-11-21T22:09:33.042531,,609
MAYO-5,sign,0,16,2.2,1,1,0,ip-172-31-18-18,linux,0,4.3535,229.7,Signature,True,2025-11-21T22:09:33.046989,,610
MAYO-5,sign,0,64,2.2,1,1,0,ip-172-31-18-18,linux,0,4.3184,231.56,Signature,True,2025-11-21T22:09:33.051420,,611
MAYO-5,sign,0,64,2.2,1,1,0,ip-172-31-18-18,linux,0,4.3024,232.43,Signature,True,2025-11-21T22:09:33.055834,,612
MAYO-5,sign,0,64,2.2,1,1,0,ip-172-31-18-18,linux,0,4.2932,232.92,Signature,True,2025-11-21T22:09:33.060220,,613
MAYO-5,sign,0,64,2.2,1,1,0,ip-172-31-18-18,linux,0,4.2348,236.14,Signature,True,2025-11-21T22:09:33.064534,,614
MAYO-5,sign,0,64,2.2,1,1,0,ip-172-31-18-18,linux,0,4.3307,230.91,Signature,True,2025-11-21T22:09:33.068985,,615
MAYO-5,sign,1024,1,2.2,1,1,0,ip-172-31-18-18,linux,0,4.2952,232.82,Signature,True,2025-11-21T22:09:33.073367,,616
MAYO-5,sign,1024,1,2.2,1,1,0,ip-172-31-18-18,linux,0,4.2812,233.58,Signature,True,2025-11-21T22:09:33.077728,,617
MAYO-5,sign,1024,1,2.2,1,1,0,ip-172-31-18-18,linux,0,4.4424,225.11,Signature,True,2025-11-21T22:09:33.082281,,618
MAYO-5,sign,1024,1,2.2,1,1,0,ip-172-31-18-18,linux,0,8.3285,120.07,Signature,True,2025-11-21T22:09:33.090729,,619
MAYO-5,sign,1024,1,2.2,1,1,0,ip-172-31-18-18,linux,0,5.6452,177.14,Signature,True,2025-11-21T22:09:33.096510,,620
MAYO-5,sign,1024,16,2.2,1,1,0,ip-172-31-18-18,linux,0,4.6069,217.07,Signature,True,2025-11-21T22:09:33.101470,,621
MAYO-5,sign,1024,16,2.2,1,1,0,ip-172-31-18-18,linux,0,4.6189,216.5,Signature,True,2025-11-21T22:09:33.106226,,622
MAYO-5,sign,1024,16,2.2,1,1,0,ip-172-31-18-18,linux,0,4.4628,224.07,Signature,True,2025-11-21T22:09:33.110831,,623
MAYO-5,sign,1024,16,2.2,1,1,0,ip-172-31-18-18,linux,0,4.3948,227.54,Signature,True,2025-11-21T22:09:33.115348,,624
MAYO-5,sign,1024,16,2.2,1,1,0,ip-172-31-18-18,linux,0,4.2657,234.43,Signature,True,2025-11-21T22:09:33.119760,,625
MAYO-5,sign,1024,64,2.2,1,1,0,ip-172-31-18-18,linux,0,4.3933,227.62,Signature,True,2025-11-21T22:09:33.124249,,626
MAYO-5,sign,1024,64,2.2,1,1,0,ip-172-31-18-18,linux,0,4.3119,231.91,Signature,True,2025-11-21T22:09:33.128679,,627
MAYO-5,sign,1024,64,2.2,1,1,0,ip-172-31-18-18,linux,0,4.2832,233.47,Signature,True,2025-11-21T22:09:33.133083,,628
MAYO-5,sign,1024,64,2.2,1,1,0,ip-172-31-18-18,linux,0,4.3087,232.09,Signature,True,2025-11-21T22:09:33.137510,,629
MAYO-5,sign,1024,64,2.2,1,1,0,ip-172-31-18-18,linux,0,4.3728,228.69,Signature,True,2025-11-21T22:09:33.141973,,630
MAYO-5,verify,0,1,2.2,1,1,0,ip-172-31-18-18,linux,0,4.3191,231.53,Signature,True,2025-11-21T22:09:33.146402,,631
MAYO-5,verify,0,1,2.2,1,1,0,ip-172-31-18-18,linux,0,4.3424,230.29,Signature,True,2025-11-21T22:09:33.150847,,632
MAYO-5,verify,0,1,2.2,1,1,0,ip-172-31-18-18,linux,0,4.297,232.72,Signature,True,2025-11-21T22:09:33.155265,,633
MAYO-5,verify,0,1,2.2,1,1,0,ip-172-31-18-18,linux,0,4.3072,232.17,Signature,True,2025-11-21T22:09:33.159682,,634
MAYO-5,verify,0,1,2.2,1,1,0,ip-172-31-18-18,linux,0,4.2603,234.73,Signature,True,2025-11-21T22:09:33.164034,,635
MAYO-5,verify,0,16,2.2,1,1,0,ip-172-31-18-18,linux,0,4.2502,235.28,Signature,True,2025-11-21T22:09:33.168397,,636
MAYO-5,verify,0,16,2.2,1,1,0,ip-172-31-18-18,linux,0,4.3245,231.24,Signature,True,2025-11-21T22:09:33.172805,,637
MAYO-5,verify,0,16,2.2,1,1,0,ip-172-31-18-18,linux,0,4.293,232.94,Signature,True,2025-11-21T22:09:33.177193,,638
MAYO-5,verify,0,16,2.2,1,1,0,ip-172-31-18-18,linux,0,4.3186,231.56,Signature,True,2025-11-21T22:09:33.181602,,639
MAYO-5,verify,0,16,2.2,1,1,0,ip-172-31-18-18,linux,0,4.3562,229.56,Signature,True,2025-11-21T22:09:33.186066,,640
MAYO-5,verify,0,64,2.2,1,1,0,ip-172-31-18-18,linux,0,4.3237,231.28,Signature,True,2025-11-21T22:09:33.190528,,641
MAYO-5,verify,0,64,2.2,1,1,0,ip-172-31-18-18,linux,0,4.3021,232.44,Signature,True,2025-11-21T22:09:33.194945,,642
MAYO-5,verify,0,64,2.2,1,1,0,ip-172-31-18-18,linux,0,4.3744,228.6,Signature,True,2025-11-21T22:09:33.199434,,643
MAYO-5,verify,0,64,2.2,1,1,0,ip-172-31-18-18,linux,0,4.3061,232.23,Signature,True,2025-11-21T22:09:33.203850,,644
MAYO-5,verify,0,64,2.2,1,1,0,ip-172-31-18-18,linux,0,4.321,231.43,Signature,True,2025-11-21T22:09:33.208288,,645
MAYO-5,verify,1024,1,2.2,1,1,0,ip-172-31-18-18,linux,0,4.4179,226.35,Signature,True,2025-11-21T22:09:33.212827,,646
MAYO-5,verify,1024,1,2.2,1,1,0,ip-172-31-18-18,linux,0,4.3812,228.25,Signature,True,2025-11-21T22:09:33.217324,,647
MAYO-5,verify,1024,1,2.2,1,1,0,ip-172-31-18-18,linux,0,4.2988,232.62,Signature,True,2025-11-21T22:09:33.221731,,648
MAYO-5,verify,1024,1,2.2,1,1,0,ip-172-31-18-18,linux,0,4.2548,235.03,Signature,True,2025-11-21T22:09:33.226064,,649
MAYO-5,verify,1024,1,2.2,1,1,0,ip-172-31-18-18,linux,0,4.2539,235.08,Signature,True,2025-11-21T22:09:33.230419,,650
MAYO-5,verify,1024,16,2.2,1,1,0,ip-172-31-18-18,linux,0,4.2408,235.81,Signature,True,2025-11-21T22:09:33.234733,,651
MAYO-5,verify,1024,16,2.2,1,1,0,ip-172-31-18-18,linux,0,4.2557,234.98,Signature,True,2025-11-21T22:09:33.239056,,652
MAYO-5,verify,1024,16,2.2,1,1,0,ip-172-31-18-18,linux,0,4.3377,230.54,Signature,True,2025-11-21T22:09:33.243505,,653
MAYO-5,verify,1024,16,2.2,1,1,0,ip-172-31-18-18,linux,0,4.3355,230.65,Signature,True,2025-11-21T22:09:33.247934,,654
MAYO-5,verify,1024,16,2.2,1,1,0,ip-172-31-18-18,linux,0,4.2755,233.89,Signature,True,2025-11-21T22:09:33.252296,,655
MAYO-5,verify,1024,64,2.2,1,1,0,ip-172-31-18-18,linux,0,4.2663,234.4,Signature,True,2025-11-21T22:09:33.256643,,656
MAYO-5,verify,1024,64,2.2,1,1,0,ip-172-31-18-18,linux,0,4.2582,234.84,Signature,True,2025-11-21T22:09:33.260999,,657
MAYO-5,verify,1024,64,2.2,1,1,0,ip-172-31-18-18,linux,0,4.2796,233.67,Signature,True,2025-11-21T22:09:33.265353,,658
MAYO-5,verify,1024,64,2.2,1,1,0,ip-172-31-18-18,linux,0,4.2223,236.84,Signature,True,2025-11-21T22:09:33.269646,,659
MAYO-5,verify,1024,64,2.2,1,1,0,ip-172-31-18-18,linux,0,4.2694,234.23,Signature,True,2025-11-21T22:09:33.273994,,660
ML-DSA-44,sign,0,1,2.2,1,1,0,ip-172-31-18-18,linux,0,0.7713,1296.48,Signature,True,2025-11-21T22:09:33.274867,,661
ML-DSA-44,sign,0,1,2.2,1,1,0,ip-172-31-18-18,linux,0,0.3711,2694.58,Signature,True,2025-11-21T22:09:33.275306,,662
ML-DSA-44,sign,0,1,2.2,1,1,0,ip-172-31-18-18,linux,0,0.334,2993.88,Signature,True,2025-11-21T22:09:33.275703,,663
ML-DSA-44,sign,0,1,2.2,1,1,0,ip-172-31-18-18,linux,0,0.3335,2998.2,Signature,True,2025-11-21T22:09:33.276118,,664
ML-DSA-44,sign,0,1,2.2,1,1,0,ip-172-31-18-18,linux,0,0.3614,2766.9,Signature,True,2025-11-21T22:09:33.276542,,665
ML-DSA-44,sign,0,16,2.2,1,1,0,ip-172-31-18-18,linux,0,0.5868,1704.02,Signature,True,2025-11-21T22:09:33.277193,,666
ML-DSA-44,sign,0,16,2.2,1,1,0,ip-172-31-18-18,linux,0,0.4557,2194.3,Signature,True,2025-11-21T22:09:33.277712,,667
ML-DSA-44,sign,0,16,2.2,1,1,0,ip-172-31-18-18,linux,0,0.3843,2602.03,Signature,True,2025-11-21T22:09:33.278160,,668
ML-DSA-44,sign,0,16,2.2,1,1,0,ip-172-31-18-18,linux,0,0.3313,3018.18,Signature,True,2025-11-21T22:09:33.278554,,669
ML-DSA-44,sign,0,16,2.2,1,1,0,ip-172-31-18-18,linux,0,0.4334,2307.25,Signature,True,2025-11-21T22:09:33.279049,,670
ML-DSA-44,sign,0,64,2.2,1,1,0,ip-172-31-18-18,linux,0,0.4539,2203.34,Signature,True,2025-11-21T22:09:33.279598,,671
ML-DSA-44,sign,0,64,2.2,1,1,0,ip-172-31-18-18,linux,0,0.4424,2260.47,Signature,True,2025-11-21T22:09:33.280123,,672
ML-DSA-44,sign,0,64,2.2,1,1,0,ip-172-31-18-18,linux,0,0.638,1567.5,Signature,True,2025-11-21T22:09:33.280822,,673
ML-DSA-44,sign,0,64,2.2,1,1,0,ip-172-31-18-18,linux,0,0.4836,2067.76,Signature,True,2025-11-21T22:09:33.281368,,674
ML-DSA-44,sign,0,64,2.2,1,1,0,ip-172-31-18-18,linux,0,0.4908,2037.54,Signature,True,2025-11-21T22:09:33.281923,,675
ML-DSA-44,sign,1024,1,2.2,1,1,0,ip-172-31-18-18,linux,0,0.5967,1675.75,Signature,True,2025-11-21T22:09:33.282586,,676
ML-DSA-44,sign,1024,1,2.2,1,1,0,ip-172-31-18-18,linux,0,0.5583,1791.0,Signature,True,2025-11-21T22:09:33.283208,,677
ML-DSA-44,sign,1024,1,2.2,1,1,0,ip-172-31-18-18,linux,0,0.9206,1086.22,Signature,True,2025-11-21T22:09:33.284191,,678
ML-DSA-44,sign,1024,1,2.2,1,1,0,ip-172-31-18-18,linux,0,0.5353,1867.95,Signature,True,2025-11-21T22:09:33.284789,,679
ML-DSA-44,sign,1024,1,2.2,1,1,0,ip-172-31-18-18,linux,0,0.3978,2513.79,Signature,True,2025-11-21T22:09:33.285250,,680
ML-DSA-44,sign,1024,16,2.2,1,1,0,ip-172-31-18-18,linux,0,0.7316,1366.79,Signature,True,2025-11-21T22:09:33.286044,,681
ML-DSA-44,sign,1024,16,2.2,1,1,0,ip-172-31-18-18,linux,0,0.3473,2879.73,Signature,True,2025-11-21T22:09:33.286472,,682
ML-DSA-44,sign,1024,16,2.2,1,1,0,ip-172-31-18-18,linux,0,0.3849,2598.25,Signature,True,2025-11-21T22:09:33.286919,,683
ML-DSA-44,sign,1024,16,2.2,1,1,0,ip-172-31-18-18,linux,0,0.5063,1974.93,Signature,True,2025-11-21T22:09:33.287489,,684
ML-DSA-44,sign,1024,16,2.2,1,1,0,ip-172-31-18-18,linux,0,0.3567,2803.83,Signature,True,2025-11-21T22:09:33.287954,,685
ML-DSA-44,sign,1024,64,2.2,1,1,0,ip-172-31-18-18,linux,0,0.3666,2727.88,Signature,True,2025-11-21T22:09:33.288385,,686
ML-DSA-44,sign,1024,64,2.2,1,1,0,ip-172-31-18-18,linux,0,0.3995,2503.22,Signature,True,2025-11-21T22:09:33.288848,,687
ML-DSA-44,sign,1024,64,2.2,1,1,0,ip-172-31-18-18,linux,0,0.7663,1304.97,Signature,True,2025-11-21T22:09:33.289679,,688
ML-DSA-44,sign,1024,64,2.2,1,1,0,ip-172-31-18-18,linux,0,0.3957,2527.14,Signature,True,2025-11-21T22:09:33.290137,,689
ML-DSA-44,sign,1024,64,2.2,1,1,0,ip-172-31-18-18,linux,0,0.4971,2011.48,Signature,True,2025-11-21T22:09:33.290695,,690
ML-DSA-44,verify,0,1,2.2,1,1,0,ip-172-31-18-18,linux,0,0.9761,1024.46,Signature,True,2025-11-21T22:09:33.291744,,691
ML-DSA-44,verify,0,1,2.2,1,1,0,ip-172-31-18-18,linux,0,0.3921,2550.14,Signature,True,2025-11-21T22:09:33.292210,,692
ML-DSA-44,verify,0,1,2.2,1,1,0,ip-172-31-18-18,linux,0,0.3914,2555.03,Signature,True,2025-11-21T22:09:33.292664,,693
ML-DSA-44,verify,0,1,2.2,1,1,0,ip-172-31-18-18,linux,0,0.4148,2410.59,Signature,True,2025-11-21T22:09:33.293154,,694
ML-DSA-44,verify,0,1,2.2,1,1,0,ip-172-31-18-18,linux,0,0.4341,2303.64,Signature,True,2025-11-21T22:09:33.293650,,695
ML-DSA-44,verify,0,16,2.2,1,1,0,ip-172-31-18-18,linux,0,0.5132,1948.42,Signature,True,2025-11-21T22:09:33.294226,,696
ML-DSA-44,verify,0,16,2.2,1,1,0,ip-172-31-18-18,linux,0,0.4972,2011.12,Signature,True,2025-11-21T22:09:33.294785,,697
ML-DSA-44,verify,0,16,2.2,1,1,0,ip-172-31-18-18,linux,0,0.4124,2424.91,Signature,True,2025-11-21T22:09:33.295261,,698
ML-DSA-44,verify,0,16,2.2,1,1,0,ip-172-31-18-18,linux,0,0.3891,2569.93,Signature,True,2025-11-21T22:09:33.295715,,699
ML-DSA-44,verify,0,16,2.2,1,1,0,ip-172-31-18-18,linux,0,0.4138,2416.36,Signature,True,2025-11-21T22:09:33.296192,,700
ML-DSA-44,verify,0,64,2.2,1,1,0,ip-172-31-18-18,linux,0,0.4802,2082.44,Signature,True,2025-11-21T22:09:33.296736,,701
ML-DSA-44,verify,0,64,2.2,1,1,0,ip-172-31-18-18,linux,0,0.7111,1406.27,Signature,True,2025-11-21T22:09:33.297510,,702
ML-DSA-44,verify,0,64,2.2,1,1,0,ip-172-31-18-18,linux,0,0.3312,3019.1,Signature,True,2025-11-21T22:09:33.297904,,703
ML-DSA-44,verify,0,64,2.2,1,1,0,ip-172-31-18-18,linux,0,0.3518,2842.65,Signature,True,2025-11-21T22:09:33.298318,,704
ML-DSA-44,verify,0,64,2.2,1,1,0,ip-172-31-18-18,linux,0,0.3949,2532.06,Signature,True,2025-11-21T22:09:33.298775,,705
ML-DSA-44,verify,1024,1,2.2,1,1,0,ip-172-31-18-18,linux,0,0.6324,1581.38,Signature,True,2025-11-21T22:09:33.299471,,706
ML-DSA-44,verify,1024,1,2.2,1,1,0,ip-172-31-18-18,linux,0,0.5639,1773.4,Signature,True,2025-11-21T22:09:33.300099,,707
ML-DSA-44,verify,1024,1,2.2,1,1,0,ip-172-31-18-18,linux,0,0.415,2409.84,Signature,True,2025-11-21T22:09:33.300597,,708
ML-DSA-44,verify,1024,1,2.2,1,1,0,ip-172-31-18-18,linux,0,0.3618,2763.7,Signature,True,2025-11-21T22:09:33.301020,,709
ML-DSA-44,verify,1024,1,2.2,1,1,0,ip-172-31-18-18,linux,0,0.6152,1625.46,Signature,True,2025-11-21T22:09:33.301697,,710
ML-DSA-44,verify,1024,16,2.2,1,1,0,ip-172-31-18-18,linux,0,0.4844,2064.6,Signature,True,2025-11-21T22:09:33.302246,,711
ML-DSA-44,verify,1024,16,2.2,1,1,0,ip-172-31-18-18,linux,0,0.4104,2436.49,Signature,True,2025-11-21T22:09:33.302719,,712
ML-DSA-44,verify,1024,16,2.2,1,1,0,ip-172-31-18-18,linux,0,0.6097,1640.26,Signature,True,2025-11-21T22:09:33.303390,,713
ML-DSA-44,verify,1024,16,2.2,1,1,0,ip-172-31-18-18,linux,0,0.5021,1991.81,Signature,True,2025-11-21T22:09:33.303954,,714
ML-DSA-44,verify,1024,16,2.2,1,1,0,ip-172-31-18-18,linux,0,0.4814,2077.2,Signature,True,2025-11-21T22:09:33.304499,,715
ML-DSA-44,verify,1024,64,2.2,1,1,0,ip-172-31-18-18,linux,0,0.7726,1294.38,Signature,True,2025-11-21T22:09:33.305338,,716
ML-DSA-44,verify,1024,64,2.2,1,1,0,ip-172-31-18-18,linux,0,0.4455,2244.44,Signature,True,2025-11-21T22:09:33.305849,,717
ML-DSA-44,verify,1024,64,2.2,1,1,0,ip-172-31-18-18,linux,0,0.4594,2176.96,Signature,True,2025-11-21T22:09:33.306371,,718
ML-DSA-44,verify,1024,64,2.2,1,1,0,ip-172-31-18-18,linux,0,0.3811,2624.15,Signature,True,2025-11-21T22:09:33.306814,,719
ML-DSA-44,verify,1024,64,2.2,1,1,0,ip-172-31-18-18,linux,0,0.5023,1990.85,Signature,True,2025-11-21T22:09:33.307398,,720
ML-DSA-65,sign,0,1,2.2,1,1,0,ip-172-31-18-18,linux,0,0.9989,1001.13,Signature,True,2025-11-21T22:09:33.308470,,721
ML-DSA-65,sign,0,1,2.2,1,1,0,ip-172-31-18-18,linux,0,0.9697,1031.26,Signature,True,2025-11-21T22:09:33.309504,,722
ML-DSA-65,sign,0,1,2.2,1,1,0,ip-172-31-18-18,linux,0,0.7506,1332.23,Signature,True,2025-11-21T22:09:33.310318,,723
ML-DSA-65,sign,0,1,2.2,1,1,0,ip-172-31-18-18,linux,0,0.8059,1240.8,Signature,True,2025-11-21T22:09:33.311187,,724
ML-DSA-65,sign,0,1,2.2,1,1,0,ip-172-31-18-18,linux,0,0.6516,1534.59,Signature,True,2025-11-21T22:09:33.311901,,725
ML-DSA-65,sign,0,16,2.2,1,1,0,ip-172-31-18-18,linux,0,0.6405,1561.23,Signature,True,2025-11-21T22:09:33.312605,,726
ML-DSA-65,sign,0,16,2.2,1,1,0,ip-172-31-18-18,linux,0,0.5741,1741.71,Signature,True,2025-11-21T22:09:33.313298,,727
ML-DSA-65,sign,0,16,2.2,1,1,0,ip-172-31-18-18,linux,0,0.6734,1485.09,Signature,True,2025-11-21T22:09:33.314033,,728
ML-DSA-65,sign,0,16,2.2,1,1,0,ip-172-31-18-18,linux,0,0.6412,1559.53,Signature,True,2025-11-21T22:09:33.314738,,729
ML-DSA-65,sign,0,16,2.2,1,1,0,ip-172-31-18-18,linux,0,0.5799,1724.5,Signature,True,2025-11-21T22:09:33.315383,,730
ML-DSA-65,sign,0,64,2.2,1,1,0,ip-172-31-18-18,linux,0,0.5012,1995.06,Signature,True,2025-11-21T22:09:33.315947,,731
ML-DSA-65,sign,0,64,2.2,1,1,0,ip-172-31-18-18,linux,0,0.6384,1566.3,Signature,True,2025-11-21T22:09:33.316650,,732
ML-DSA-65,sign,0,64,2.2,1,1,0,ip-172-31-18-18,linux,0,0.6187,1616.19,Signature,True,2025-11-21T22:09:33.317340,,733
ML-DSA-65,sign,0,64,2.2,1,1,0,ip-172-31-18-18,linux,0,0.8091,1235.95,Signature,True,2025-11-21T22:09:33.318216,,734
ML-DSA-65,sign,0,64,2.2,1,1,0,ip-172-31-18-18,linux,0,0.7534,1327.35,Signature,True,2025-11-21T22:09:33.319033,,735
ML-DSA-65,sign,1024,1,2.2,1,1,0,ip-172-31-18-18,linux,0,0.5303,1885.84,Signature,True,2025-11-21T22:09:33.319628,,736
ML-DSA-65,sign,1024,1,2.2,1,1,0,ip-172-31-18-18,linux,0,0.6379,1567.62,Signature,True,2025-11-21T22:09:33.320331,,737
ML-DSA-65,sign,1024,1,2.2,1,1,0,ip-172-31-18-18,linux,0,0.7814,1279.75,Signature,True,2025-11-21T22:09:33.321175,,738
ML-DSA-65,sign,1024,1,2.2,1,1,0,ip-172-31-18-18,linux,0,1.0012,998.78,Signature,True,2025-11-21T22:09:33.322240,,739
ML-DSA-65,sign,1024,1,2.2,1,1,0,ip-172-31-18-18,linux,0,0.5178,1931.33,Signature,True,2025-11-21T22:09:33.322820,,740
ML-DSA-65,sign,1024,16,2.2,1,1,0,ip-172-31-18-18,linux,0,0.6326,1580.76,Signature,True,2025-11-21T22:09:33.323517,,741
ML-DSA-65,sign,1024,16,2.2,1,1,0,ip-172-31-18-18,linux,0,0.5852,1708.71,Signature,True,2025-11-21T22:09:33.324167,,742
ML-DSA-65,sign,1024,16,2.2,1,1,0,ip-172-31-18-18,linux,0,0.6253,1599.11,Signature,True,2025-11-21T22:09:33.324855,,743
ML-DSA-65,sign,1024,16,2.2,1,1,0,ip-172-31-18-18,linux,0,0.8478,1179.56,Signature,True,2025-11-21T22:09:33.325766,,744
ML-DSA-65,sign,1024,16,2.2,1,1,0,ip-172-31-18-18,linux,0,0.5795,1725.69,Signature,True,2025-11-21T22:09:33.326409,,745
ML-DSA-65,sign,1024,64,2.2,1,1,0,ip-172-31-18-18,linux,0,0.5334,1874.74,Signature,True,2025-11-21T22:09:33.327007,,746
ML-DSA-65,sign,1024,64,2.2,1,1,0,ip-172-31-18-18,linux,0,0.5282,1893.13,Signature,True,2025-11-21T22:09:33.327599,,747
ML-DSA-65,sign,1024,64,2.2,1,1,0,ip-172-31-18-18,linux,0,0.6415,1558.75,Signature,True,2025-11-21T22:09:33.328304,,748
ML-DSA-65,sign,1024,64,2.2,1,1,0,ip-172-31-18-18,linux,0,0.5449,1835.07,Signature,True,2025-11-21T22:09:33.328926,,749
ML-DSA-65,sign,1024,64,2.2,1,1,0,ip-172-31-18-18,linux,0,1.0053,994.74,Signature,True,2025-11-21T22:09:33.329996,,750
ML-DSA-65,verify,0,1,2.2,1,1,0,ip-172-31-18-18,linux,0,1.1807,846.94,Signature,True,2025-11-21T22:09:33.331250,,751
ML-DSA-65,verify,0,1,2.2,1,1,0,ip-172-31-18-18,linux,0,0.7078,1412.77,Signature,True,2025-11-21T22:09:33.332021,,752
ML-DSA-65,verify,0,1,2.2,1,1,0,ip-172-31-18-18,linux,0,0.5027,1989.39,Signature,True,2025-11-21T22:09:33.332663,,753
ML-DSA-65,verify,0,1,2.2,1,1,0,ip-172-31-18-18,linux,0,0.5573,1794.5,Signature,True,2025-11-21T22:09:33.333298,,754
ML-DSA-65,verify,0,1,2.2,1,1,0,ip-172-31-18-18,linux,0,0.6748,1482.01,Signature,True,2025-11-21T22:09:33.334035,,755
ML-DSA-65,verify,0,16,2.2,1,1,0,ip-172-31-18-18,linux,0,0.7932,1260.65,Signature,True,2025-11-21T22:09:33.334893,,756
ML-DSA-65,verify,0,16,2.2,1,1,0,ip-172-31-18-18,linux,0,0.5318,1880.52,Signature,True,2025-11-21T22:09:33.335489,,757
ML-DSA-65,verify,0,16,2.2,1,1,0,ip-172-31-18-18,linux,0,0.5954,1679.44,Signature,True,2025-11-21T22:09:33.336147,,758
ML-DSA-65,verify,0,16,2.2,1,1,0,ip-172-31-18-18,linux,0,0.7203,1388.39,Signature,True,2025-11-21T22:09:33.336932,,759
ML-DSA-65,verify,0,16,2.2,1,1,0,ip-172-31-18-18,linux,0,0.6707,1491.0,Signature,True,2025-11-21T22:09:33.337666,,760
ML-DSA-65,verify,0,64,2.2,1,1,0,ip-172-31-18-18,linux,0,0.5863,1705.73,Signature,True,2025-11-21T22:09:33.338318,,761
ML-DSA-65,verify,0,64,2.2,1,1,0,ip-172-31-18-18,linux,0,0.6247,1600.75,Signature,True,2025-11-21T22:09:33.339007,,762
ML-DSA-65,verify,0,64,2.2,1,1,0,ip-172-31-18-18,linux,0,0.6196,1614.03,Signature,True,2025-11-21T22:09:33.339690,,763
ML-DSA-65,verify,0,64,2.2,1,1,0,ip-172-31-18-18,linux,0,0.8982,1113.37,Signature,True,2025-11-21T22:09:33.340653,,764
ML-DSA-65,verify,0,64,2.2,1,1,0,ip-172-31-18-18,linux,0,0.6811,1468.23,Signature,True,2025-11-21T22:09:33.341411,,765
ML-DSA-65,verify,1024,1,2.2,1,1,0,ip-172-31-18-18,linux,0,0.6247,1600.75,Signature,True,2025-11-21T22:09:33.342123,,766
ML-DSA-65,verify,1024,1,2.2,1,1,0,ip-172-31-18-18,linux,0,0.5579,1792.38,Signature,True,2025-11-21T22:09:33.342744,,767
ML-DSA-65,verify,1024,1,2.2,1,1,0,ip-172-31-18-18,linux,0,0.9863,1013.91,Signature,True,2025-11-21T22:09:33.343796,,768
ML-DSA-65,verify,1024,1,2.2,1,1,0,ip-172-31-18-18,linux,0,0.6257,1598.19,Signature,True,2025-11-21T22:09:33.344489,,769
ML-DSA-65,verify,1024,1,2.2,1,1,0,ip-172-31-18-18,linux,0,0.6809,1468.56,Signature,True,2025-11-21T22:09:33.345234,,770
ML-DSA-65,verify,1024,16,2.2,1,1,0,ip-172-31-18-18,linux,0,0.5518,1812.33,Signature,True,2025-11-21T22:09:33.345851,,771
ML-DSA-65,verify,1024,16,2.2,1,1,0,ip-172-31-18-18,linux,0,0.7602,1315.37,Signature,True,2025-11-21T22:09:33.346675,,772
ML-DSA-65,verify,1024,16,2.2,1,1,0,ip-172-31-18-18,linux,0,1.1336,882.18,Signature,True,2025-11-21T22:09:33.347876,,773
ML-DSA-65,verify,1024,16,2.2,1,1,0,ip-172-31-18-18,linux,0,0.8767,1140.7,Signature,True,2025-11-21T22:09:33.348836,,774
ML-DSA-65,verify,1024,16,2.2,1,1,0,ip-172-31-18-18,linux,0,0.9461,1056.98,Signature,True,2025-11-21T22:09:33.349847,,775
ML-DSA-65,verify,1024,64,2.2,1,1,0,ip-172-31-18-18,linux,0,0.5596,1787.03,Signature,True,2025-11-21T22:09:33.350472,,776
ML-DSA-65,verify,1024,64,2.2,1,1,0,ip-172-31-18-18,linux,0,0.7474,1337.92,Signature,True,2025-11-21T22:09:33.351285,,777
ML-DSA-65,verify,1024,64,2.2,1,1,0,ip-172-31-18-18,linux,0,0.5657,1767.7,Signature,True,2025-11-21T22:09:33.351916,,778
ML-DSA-65,verify,1024,64,2.2,1,1,0,ip-172-31-18-18,linux,0,0.5296,1888.26,Signature,True,2025-11-21T22:09:33.352510,,779
ML-DSA-65,verify,1024,64,2.2,1,1,0,ip-172-31-18-18,linux,0,1.2962,771.47,Signature,True,2025-11-21T22:09:33.353869,,780
ML-DSA-87,sign,0,1,2.2,1,1,0,ip-172-31-18-18,linux,0,0.8635,1158.03,Signature,True,2025-11-21T22:09:33.354804,,781
ML-DSA-87,sign,0,1,2.2,1,1,0,ip-172-31-18-18,linux,0,1.1279,886.58,Signature,True,2025-11-21T22:09:33.355997,,782
ML-DSA-87,sign,0,1,2.2,1,1,0,ip-172-31-18-18,linux,0,0.787,1270.7,Signature,True,2025-11-21T22:09:33.356850,,783
ML-DSA-87,sign,0,1,2.2,1,1,0,ip-172-31-18-18,linux,0,0.9722,1028.58,Signature,True,2025-11-21T22:09:33.357886,,784
ML-DSA-87,sign,0,1,2.2,1,1,0,ip-172-31-18-18,linux,0,0.8736,1144.7,Signature,True,2025-11-21T22:09:33.358825,,785
ML-DSA-87,sign,0,16,2.2,1,1,0,ip-172-31-18-18,linux,0,0.8738,1144.46,Signature,True,2025-11-21T22:09:33.359763,,786
ML-DSA-87,sign,0,16,2.2,1,1,0,ip-172-31-18-18,linux,0,0.7725,1294.58,Signature,True,2025-11-21T22:09:33.360600,,787
ML-DSA-87,sign,0,16,2.2,1,1,0,ip-172-31-18-18,linux,0,0.8434,1185.66,Signature,True,2025-11-21T22:09:33.361507,,788
ML-DSA-87,sign,0,16,2.2,1,1,0,ip-172-31-18-18,linux,0,1.2294,813.4,Signature,True,2025-11-21T22:09:33.362800,,789
ML-DSA-87,sign,0,16,2.2,1,1,0,ip-172-31-18-18,linux,0,0.7756,1289.29,Signature,True,2025-11-21T22:09:33.363637,,790
ML-DSA-87,sign,0,64,2.2,1,1,0,ip-172-31-18-18,linux,0,0.773,1293.74,Signature,True,2025-11-21T22:09:33.364476,,791
ML-DSA-87,sign,0,64,2.2,1,1,0,ip-172-31-18-18,linux,0,1.0991,909.81,Signature,True,2025-11-21T22:09:33.365639,,792
ML-DSA-87,sign,0,64,2.2,1,1,0,ip-172-31-18-18,linux,0,0.8034,1244.75,Signature,True,2025-11-21T22:09:33.366509,,793
ML-DSA-87,sign,0,64,2.2,1,1,0,ip-172-31-18-18,linux,0,1.3027,767.63,Signature,True,2025-11-21T22:09:33.367877,,794
ML-DSA-87,sign,0,64,2.2,1,1,0,ip-172-31-18-18,linux,0,1.0928,915.11,Signature,True,2025-11-21T22:09:33.369035,,795
ML-DSA-87,sign,1024,1,2.2,1,1,0,ip-172-31-18-18,linux,0,0.8628,1159.02,Signature,True,2025-11-21T22:09:33.369962,,796
ML-DSA-87,sign,1024,1,2.2,1,1,0,ip-172-31-18-18,linux,0,0.7727,1294.11,Signature,True,2025-11-21T22:09:33.370800,,797
ML-DSA-87,sign,1024,1,2.2,1,1,0,ip-172-31-18-18,linux,0,1.1281,886.46,Signature,True,2025-11-21T22:09:33.371992,,798
ML-DSA-87,sign,1024,1,2.2,1,1,0,ip-172-31-18-18,linux,0,1.1661,857.56,Signature,True,2025-11-21T22:09:33.373223,,799
ML-DSA-87,sign,1024,1,2.2,1,1,0,ip-172-31-18-18,linux,0,0.861,1161.41,Signature,True,2025-11-21T22:09:33.374147,,800
ML-DSA-87,sign,1024,16,2.2,1,1,0,ip-172-31-18-18,linux,0,0.7857,1272.78,Signature,True,2025-11-21T22:09:33.374997,,801
ML-DSA-87,sign,1024,16,2.2,1,1,0,ip-172-31-18-18,linux,0,0.9669,1034.19,Signature,True,2025-11-21T22:09:33.376028,,802
ML-DSA-87,sign,1024,16,2.2,1,1,0,ip-172-31-18-18,linux,0,1.2399,806.49,Signature,True,2025-11-21T22:09:33.377334,,803
ML-DSA-87,sign,1024,16,2.2,1,1,0,ip-172-31-18-18,linux,0,0.9918,1008.29,Signature,True,2025-11-21T22:09:33.378392,,804
ML-DSA-87,sign,1024,16,2.2,1,1,0,ip-172-31-18-18,linux,0,1.1464,872.29,Signature,True,2025-11-21T22:09:33.379607,,805
ML-DSA-87,sign,1024,64,2.2,1,1,0,ip-172-31-18-18,linux,0,0.8555,1168.86,Signature,True,2025-11-21T22:09:33.380527,,806
ML-DSA-87,sign,1024,64,2.2,1,1,0,ip-172-31-18-18,linux,0,0.8281,1207.66,Signature,True,2025-11-21T22:09:33.381419,,807
ML-DSA-87,sign,1024,64,2.2,1,1,0,ip-172-31-18-18,linux,0,0.9134,1094.8,Signature,True,2025-11-21T22:09:33.382399,,808
ML-DSA-87,sign,1024,64,2.2,1,1,0,ip-172-31-18-18,linux,0,0.9658,1035.38,Signature,True,2025-11-21T22:09:33.383429,,809
ML-DSA-87,sign,1024,64,2.2,1,1,0,ip-172-31-18-18,linux,0,0.7726,1294.31,Signature,True,2025-11-21T22:09:33.384267,,810
ML-DSA-87,verify,0,1,2.2,1,1,0,ip-172-31-18-18,linux,0,0.7666,1304.53,Signature,True,2025-11-21T22:09:33.385124,,811
ML-DSA-87,verify,0,1,2.2,1,1,0,ip-172-31-18-18,linux,0,0.8702,1149.12,Signature,True,2025-11-21T22:09:33.386057,,812
ML-DSA-87,verify,0,1,2.2,1,1,0,ip-172-31-18-18,linux,0,0.8562,1168.0,Signature,True,2025-11-21T22:09:33.387013,,813
ML-DSA-87,verify,0,1,2.2,1,1,0,ip-172-31-18-18,linux,0,0.7891,1267.22,Signature,True,2025-11-21T22:09:33.387867,,814
ML-DSA-87,verify,0,1,2.2,1,1,0,ip-172-31-18-18,linux,0,0.8444,1184.23,Signature,True,2025-11-21T22:09:33.388778,,815
ML-DSA-87,verify,0,16,2.2,1,1,0,ip-172-31-18-18,linux,0,0.7551,1324.26,Signature,True,2025-11-21T22:09:33.389597,,816
ML-DSA-87,verify,0,16,2.2,1,1,0,ip-172-31-18-18,linux,0,0.8578,1165.77,Signature,True,2025-11-21T22:09:33.390518,,817
ML-DSA-87,verify,0,16,2.2,1,1,0,ip-172-31-18-18,linux,0,0.8443,1184.38,Signature,True,2025-11-21T22:09:33.391425,,818
ML-DSA-87,verify,0,16,2.2,1,1,0,ip-172-31-18-18,linux,0,0.755,1324.43,Signature,True,2025-11-21T22:09:33.392244,,819
ML-DSA-87,verify,0,16,2.2,1,1,0,ip-172-31-18-18,linux,0,0.7798,1282.35,Signature,True,2025-11-21T22:09:33.393086,,820
ML-DSA-87,verify,0,64,2.2,1,1,0,ip-172-31-18-18,linux,0,0.7564,1322.07,Signature,True,2025-11-21T22:09:33.393970,,821
ML-DSA-87,verify,0,64,2.2,1,1,0,ip-172-31-18-18,linux,0,0.8318,1202.15,Signature,True,2025-11-21T22:09:33.394867,,822
ML-DSA-87,verify,0,64,2.2,1,1,0,ip-172-31-18-18,linux,0,0.8093,1235.63,Signature,True,2025-11-21T22:09:33.395741,,823
ML-DSA-87,verify,0,64,2.2,1,1,0,ip-172-31-18-18,linux,0,0.8462,1181.78,Signature,True,2025-11-21T22:09:33.396650,,824
ML-DSA-87,verify,0,64,2.2,1,1,0,ip-172-31-18-18,linux,0,1.0192,981.17,Signature,True,2025-11-21T22:09:33.397756,,825
ML-DSA-87,verify,1024,1,2.2,1,1,0,ip-172-31-18-18,linux,0,0.9078,1101.56,Signature,True,2025-11-21T22:09:33.398730,,826
ML-DSA-87,verify,1024,1,2.2,1,1,0,ip-172-31-18-18,linux,0,0.9034,1106.96,Signature,True,2025-11-21T22:09:33.399698,,827
ML-DSA-87,verify,1024,1,2.2,1,1,0,ip-172-31-18-18,linux,0,0.7913,1263.79,Signature,True,2025-11-21T22:09:33.400552,,828
ML-DSA-87,verify,1024,1,2.2,1,1,0,ip-172-31-18-18,linux,0,0.786,1272.2,Signature,True,2025-11-21T22:09:33.401402,,829
ML-DSA-87,verify,1024,1,2.2,1,1,0,ip-172-31-18-18,linux,0,0.8247,1212.59,Signature,True,2025-11-21T22:09:33.402290,,830
ML-DSA-87,verify,1024,16,2.2,1,1,0,ip-172-31-18-18,linux,0,0.7542,1325.94,Signature,True,2025-11-21T22:09:33.403126,,831
ML-DSA-87,verify,1024,16,2.2,1,1,0,ip-172-31-18-18,linux,0,1.1741,851.7,Signature,True,2025-11-21T22:09:33.404362,,832
ML-DSA-87,verify,1024,16,2.2,1,1,0,ip-172-31-18-18,linux,0,1.0962,912.24,Signature,True,2025-11-21T22:09:33.405523,,833
ML-DSA-87,verify,1024,16,2.2,1,1,0,ip-172-31-18-18,linux,0,0.8049,1242.44,Signature,True,2025-11-21T22:09:33.406396,,834
ML-DSA-87,verify,1024,16,2.2,1,1,0,ip-172-31-18-18,linux,0,0.8815,1134.4,Signature,True,2025-11-21T22:09:33.407343,,835
ML-DSA-87,verify,1024,64,2.2,1,1,0,ip-172-31-18-18,linux,0,0.9452,1057.96,Signature,True,2025-11-21T22:09:33.408352,,836
ML-DSA-87,verify,1024,64,2.2,1,1,0,ip-172-31-18-18,linux,0,0.9257,1080.27,Signature,True,2025-11-21T22:09:33.409409,,837
ML-DSA-87,verify,1024,64,2.2,1,1,0,ip-172-31-18-18,linux,0,0.8467,1181.1,Signature,True,2025-11-21T22:09:33.410320,,838
ML-DSA-87,verify,1024,64,2.2,1,1,0,ip-172-31-18-18,linux,0,0.7987,1252.11,Signature,True,2025-11-21T22:09:33.411184,,839
ML-DSA-87,verify,1024,64,2.2,1,1,0,ip-172-31-18-18,linux,0,0.8354,1197.02,Signature,True,2025-11-21T22:09:33.412082,,840
OV-III,sign,0,1,2.2,1,1,0,ip-172-31-18-18,linux,0,16.2487,61.54,Signature,True,2025-11-21T22:09:33.428800,,841
OV-III,sign,0,1,2.2,1,1,0,ip-172-31-18-18,linux,0,14.2507,70.17,Signature,True,2025-11-21T22:09:33.443599,,842
OV-III,sign,0,1,2.2,1,1,0,ip-172-31-18-18,linux,0,14.8412,67.38,Signature,True,2025-11-21T22:09:33.458998,,843
OV-III,sign,0,1,2.2,1,1,0,ip-172-31-18-18,linux,0,14.9073,67.08,Signature,True,2025-11-21T22:09:33.474525,,844
OV-III,sign,0,1,2.2,1,1,0,ip-172-31-18-18,linux,0,14.8314,67.42,Signature,True,2025-11-21T22:09:33.489914,,845
OV-III,sign,0,16,2.2,1,1,0,ip-172-31-18-18,linux,0,14.9103,67.07,Signature,True,2025-11-21T22:09:33.505423,,846
OV-III,sign,0,16,2.2,1,1,0,ip-172-31-18-18,linux,0,15.0109,66.62,Signature,True,2025-11-21T22:09:33.521009,,847
OV-III,sign,0,16,2.2,1,1,0,ip-172-31-18-18,linux,0,14.9178,67.03,Signature,True,2025-11-21T22:09:33.536609,,848
OV-III,sign,0,16,2.2,1,1,0,ip-172-31-18-18,linux,0,14.8892,67.16,Signature,True,2025-11-21T22:09:33.552068,,849
OV-III,sign,0,16,2.2,1,1,0,ip-172-31-18-18,linux,0,15.0293,66.54,Signature,True,2025-11-21T22:09:33.567709,,850
OV-III,sign,0,64,2.2,1,1,0,ip-172-31-18-18,linux,0,14.7368,67.86,Signature,True,2025-11-21T22:09:33.583005,,851
OV-III,sign,0,64,2.2,1,1,0,ip-172-31-18-18,linux,0,14.7933,67.6,Signature,True,2025-11-21T22:09:33.598472,,852
OV-III,sign,0,64,2.2,1,1,0,ip-172-31-18-18,linux,0,14.9265,66.99,Signature,True,2025-11-21T22:09:33.613962,,853
OV-III,sign,0,64,2.2,1,1,0,ip-172-31-18-18,linux,0,14.7764,67.68,Signature,True,2025-11-21T22:09:33.629355,,854
OV-III,sign,0,64,2.2,1,1,0,ip-172-31-18-18,linux,0,15.9611,62.65,Signature,True,2025-11-21T22:09:33.645880,,855
OV-III,sign,1024,1,2.2,1,1,0,ip-172-31-18-18,linux,0,15.7163,63.63,Signature,True,2025-11-21T22:09:33.662642,,856
OV-III,sign,1024,1,2.2,1,1,0,ip-172-31-18-18,linux,0,15.8439,63.12,Signature,True,2025-11-21T22:09:33.679261,,857
OV-III,sign,1024,1,2.2,1,1,0,ip-172-31-18-18,linux,0,15.5629,64.26,Signature,True,2025-11-21T22:09:33.695617,,858
OV-III,sign,1024,1,2.2,1,1,0,ip-172-31-18-18,linux,0,15.56,64.27,Signature,True,2025-11-21T22:09:33.711874,,859
OV-III,sign,1024,1,2.2,1,1,0,ip-172-31-18-18,linux,0,15.6621,63.85,Signature,True,2025-11-21T22:09:33.728274,,860
OV-III,sign,1024,16,2.2,1,1,0,ip-172-31-18-18,linux,0,15.5677,64.24,Signature,True,2025-11-21T22:09:33.744625,,861
OV-III,sign,1024,16,2.2,1,1,0,ip-172-31-18-18,linux,0,15.7397,63.53,Signature,True,2025-11-21T22:09:33.761090,,862
OV-III,sign,1024,16,2.2,1,1,0,ip-172-31-18-18,linux,0,15.7701,63.41,Signature,True,2025-11-21T22:09:33.777674,,863
OV-III,sign,1024,16,2.2,1,1,0,ip-172-31-18-18,linux,0,15.7315,63.57,Signature,True,2025-11-21T22:09:33.794090,,864
OV-III,sign,1024,16,2.2,1,1,0,ip-172-31-18-18,linux,0,15.5384,64.36,Signature,True,2025-11-21T22:09:33.810401,,865
OV-III,sign,1024,64,2.2,1,1,0,ip-172-31-18-18,linux,0,15.7119,63.65,Signature,True,2025-11-21T22:09:33.826797,,866
OV-III,sign,1024,64,2.2,1,1,0,ip-172-31-18-18,linux,0,15.7018,63.69,Signature,True,2025-11-21T22:09:33.843275,,867
OV-III,sign,1024,64,2.2,1,1,0,ip-172-31-18-18,linux,0,15.4251,64.83,Signature,True,2025-11-21T22:09:33.859483,,868
OV-III,sign,1024,64,2.2,1,1,0,ip-172-31-18-18,linux,0,15.6934,63.72,Signature,True,2025-11-21T22:09:33.875915,,869
OV-III,sign,1024,64,2.2,1,1,0,ip-172-31-18-18,linux,0,15.969,62.62,Signature,True,2025-11-21T22:09:33.892678,,870
OV-III,verify,0,1,2.2,1,1,0,ip-172-31-18-18,linux,0,14.899,67.12,Signature,True,2025-11-21T22:09:33.908294,,871
OV-III,verify,0,1,2.2,1,1,0,ip-172-31-18-18,linux,0,15.1836,65.86,Signature,True,2025-11-21T22:09:33.924056,,872
OV-III,verify,0,1,2.2,1,1,0,ip-172-31-18-18,linux,0,15.0253,66.55,Signature,True,2025-11-21T22:09:33.939679,,873
OV-III,verify,0,1,2.2,1,1,0,ip-172-31-18-18,linux,0,14.9145,67.05,Signature,True,2025-11-21T22:09:33.955202,,874
OV-III,verify,0,1,2.2,1,1,0,ip-172-31-18-18,linux,0,14.9488,66.89,Signature,True,2025-11-21T22:09:33.970732,,875
OV-III,verify,0,16,2.2,1,1,0,ip-172-31-18-18,linux,0,14.9457,66.91,Signature,True,2025-11-21T22:09:33.986297,,876
OV-III,verify,0,16,2.2,1,1,0,ip-172-31-18-18,linux,0,14.8489,67.35,Signature,True,2025-11-21T22:09:34.001709,,877
OV-III,verify,0,16,2.2,1,1,0,ip-172-31-18-18,linux,0,14.7427,67.83,Signature,True,2025-11-21T22:09:34.017041,,878
OV-III,verify,0,16,2.2,1,1,0,ip-172-31-18-18,linux,0,14.7814,67.65,Signature,True,2025-11-21T22:09:34.032482,,879
OV-III,verify,0,16,2.2,1,1,0,ip-172-31-18-18,linux,0,15.0119,66.61,Signature,True,2025-11-21T22:09:34.048051,,880
OV-III,verify,0,64,2.2,1,1,0,ip-172-31-18-18,linux,0,14.8508,67.34,Signature,True,2025-11-21T22:09:34.063543,,881
OV-III,verify,0,64,2.2,1,1,0,ip-172-31-18-18,linux,0,14.9808,66.75,Signature,True,2025-11-21T22:09:34.079073,,882
OV-III,verify,0,64,2.2,1,1,0,ip-172-31-18-18,linux,0,14.7327,67.88,Signature,True,2025-11-21T22:09:34.094459,,883
OV-III,verify,0,64,2.2,1,1,0,ip-172-31-18-18,linux,0,14.798,67.58,Signature,True,2025-11-21T22:09:34.109810,,884
OV-III,verify,0,64,2.2,1,1,0,ip-172-31-18-18,linux,0,14.7614,67.74,Signature,True,2025-11-21T22:09:34.125171,,885
OV-III,verify,1024,1,2.2,1,1,0,ip-172-31-18-18,linux,0,15.7631,63.44,Signature,True,2025-11-21T22:09:34.141698,,886
OV-III,verify,1024,1,2.2,1,1,0,ip-172-31-18-18,linux,0,15.7409,63.53,Signature,True,2025-11-21T22:09:34.158177,,887
OV-III,verify,1024,1,2.2,1,1,0,ip-172-31-18-18,linux,0,15.8673,63.02,Signature,True,2025-11-21T22:09:34.174784,,888
OV-III,verify,1024,1,2.2,1,1,0,ip-172-31-18-18,linux,0,15.6692,63.82,Signature,True,2025-11-21T22:09:34.191203,,889
OV-III,verify,1024,1,2.2,1,1,0,ip-172-31-18-18,linux,0,15.7336,63.56,Signature,True,2025-11-21T22:09:34.207734,,890
OV-III,verify,1024,16,2.2,1,1,0,ip-172-31-18-18,linux,0,15.7954,63.31,Signature,True,2025-11-21T22:09:34.224419,,891
OV-III,verify,1024,16,2.2,1,1,0,ip-172-31-18-18,linux,0,15.8259,63.19,Signature,True,2025-11-21T22:09:34.240965,,892
OV-III,verify,1024,16,2.2,1,1,0,ip-172-31-18-18,linux,0,15.7789,63.38,Signature,True,2025-11-21T22:09:34.257572,,893
OV-III,verify,1024,16,2.2,1,1,0,ip-172-31-18-18,linux,0,15.7077,63.66,Signature,True,2025-11-21T22:09:34.273982,,894
OV-III,verify,1024,16,2.2,1,1,0,ip-172-31-18-18,linux,0,16.3741,61.07,Signature,True,2025-11-21T22:09:34.291056,,895
OV-III,verify,1024,64,2.2,1,1,0,ip-172-31-18-18,linux,0,15.8494,63.09,Signature,True,2025-11-21T22:09:34.307720,,896
OV-III,verify,1024,64,2.2,1,1,0,ip-172-31-18-18,linux,0,15.9917,62.53,Signature,True,2025-11-21T22:09:34.324505,,897
OV-III,verify,1024,64,2.2,1,1,0,ip-172-31-18-18,linux,0,15.7489,63.5,Signature,True,2025-11-21T22:09:34.340968,,898
OV-III,verify,1024,64,2.2,1,1,0,ip-172-31-18-18,linux,0,15.6111,64.06,Signature,True,2025-11-21T22:09:34.357361,,899
OV-III,verify,1024,64,2.2,1,1,0,ip-172-31-18-18,linux,0,15.5104,64.47,Signature,True,2025-11-21T22:09:34.373614,,900
OV-III-pkc,sign,0,1,2.2,1,1,0,ip-172-31-18-18,linux,0,14.3573,69.65,Signature,True,2025-11-21T22:09:34.388493,,901
OV-III-pkc,sign,0,1,2.2,1,1,0,ip-172-31-18-18,linux,0,14.245,70.2,Signature,True,2025-11-21T22:09:34.403182,,902
OV-III-pkc,sign,0,1,2.2,1,1,0,ip-172-31-18-18,linux,0,14.2909,69.97,Signature,True,2025-11-21T22:09:34.417894,,903
OV-III-pkc,sign,0,1,2.2,1,1,0,ip-172-31-18-18,linux,0,14.6601,68.21,Signature,True,2025-11-21T22:09:34.433046,,904
OV-III-pkc,sign,0,1,2.2,1,1,0,ip-172-31-18-18,linux,0,14.2177,70.33,Signature,True,2025-11-21T22:09:34.447727,,905
OV-III-pkc,sign,0,16,2.2,1,1,0,ip-172-31-18-18,linux,0,14.0864,70.99,Signature,True,2025-11-21T22:09:34.462298,,906
OV-III-pkc,sign,0,16,2.2,1,1,0,ip-172-31-18-18,linux,0,14.1686,70.58,Signature,True,2025-11-21T22:09:34.476913,,907
OV-III-pkc,sign,0,16,2.2,1,1,0,ip-172-31-18-18,linux,0,14.2402,70.22,Signature,True,2025-11-21T22:09:34.491579,,908
OV-III-pkc,sign,0,16,2.2,1,1,0,ip-172-31-18-18,linux,0,14.2432,70.21,Signature,True,2025-11-21T22:09:34.506375,,909
OV-III-pkc,sign,0,16,2.2,1,1,0,ip-172-31-18-18,linux,0,14.1815,70.51,Signature,True,2025-11-21T22:09:34.521007,,910
OV-III-pkc,sign,0,64,2.2,1,1,0,ip-172-31-18-18,linux,0,14.3457,69.71,Signature,True,2025-11-21T22:09:34.535800,,911
OV-III-pkc,sign,0,64,2.2,1,1,0,ip-172-31-18-18,linux,0,14.3722,69.58,Signature,True,2025-11-21T22:09:34.550615,,912
OV-III-pkc,sign,0,64,2.2,1,1,0,ip-172-31-18-18,linux,0,14.1793,70.53,Signature,True,2025-11-21T22:09:34.565266,,913
OV-III-pkc,sign,0,64,2.2,1,1,0,ip-172-31-18-18,linux,0,14.1546,70.65,Signature,True,2025-11-21T22:09:34.579853,,914
OV-III-pkc,sign,0,64,2.2,1,1,0,ip-172-31-18-18,linux,0,14.5368,68.79,Signature,True,2025-11-21T22:09:34.594823,,915
OV-III-pkc,sign,1024,1,2.2,1,1,0,ip-172-31-18-18,linux,0,14.3593,69.64,Signature,True,2025-11-21T22:09:34.609647,,916
OV-III-pkc,sign,1024,1,2.2,1,1,0,ip-172-31-18-18,linux,0,14.3194,69.84,Signature,True,2025-11-21T22:09:34.624459,,917
OV-III-pkc,sign,1024,1,2.2,1,1,0,ip-172-31-18-18,linux,0,14.2298,70.28,Signature,True,2025-11-21T22:09:34.639754,,918
OV-III-pkc,sign,1024,1,2.2,1,1,0,ip-172-31-18-18,linux,0,14.5417,68.77,Signature,True,2025-11-21T22:09:34.654789,,919
OV-III-pkc,sign,1024,1,2.2,1,1,0,ip-172-31-18-18,linux,0,14.3648,69.61,Signature,True,2025-11-21T22:09:34.669606,,920
OV-III-pkc,sign,1024,16,2.2,1,1,0,ip-172-31-18-18,linux,0,14.4254,69.32,Signature,True,2025-11-21T22:09:34.684494,,921
OV-III-pkc,sign,1024,16,2.2,1,1,0,ip-172-31-18-18,linux,0,14.3133,69.87,Signature,True,2025-11-21T22:09:34.699312,,922
OV-III-pkc,sign,1024,16,2.2,1,1,0,ip-172-31-18-18,linux,0,14.2612,70.12,Signature,True,2025-11-21T22:09:34.714017,,923
OV-III-pkc,sign,1024,16,2.2,1,1,0,ip-172-31-18-18,linux,0,14.3591,69.64,Signature,True,2025-11-21T22:09:34.728873,,924
OV-III-pkc,sign,1024,16,2.2,1,1,0,ip-172-31-18-18,linux,0,14.4405,69.25,Signature,True,2025-11-21T22:09:34.743773,,925
OV-III-pkc,sign,1024,64,2.2,1,1,0,ip-172-31-18-18,linux,0,14.5116,68.91,Signature,True,2025-11-21T22:09:34.758745,,926
OV-III-pkc,sign,1024,64,2.2,1,1,0,ip-172-31-18-18,linux,0,14.4764,69.08,Signature,True,2025-11-21T22:09:34.773726,,927
OV-III-pkc,sign,1024,64,2.2,1,1,0,ip-172-31-18-18,linux,0,14.6434,68.29,Signature,True,2025-11-21T22:09:34.788883,,928
OV-III-pkc,sign,1024,64,2.2,1,1,0,ip-172-31-18-18,linux,0,14.6714,68.16,Signature,True,2025-11-21T22:09:34.804025,,929
OV-III-pkc,sign,1024,64,2.2,1,1,0,ip-172-31-18-18,linux,0,14.5205,68.87,Signature,True,2025-11-21T22:09:34.819047,,930
OV-III-pkc,verify,0,1,2.2,1,1,0,ip-172-31-18-18,linux,0,14.2211,70.32,Signature,True,2025-11-21T22:09:34.833757,,931
OV-III-pkc,verify,0,1,2.2,1,1,0,ip-172-31-18-18,linux,0,14.2264,70.29,Signature,True,2025-11-21T22:09:34.848452,,932
OV-III-pkc,verify,0,1,2.2,1,1,0,ip-172-31-18-18,linux,0,14.2184,70.33,Signature,True,2025-11-21T22:09:34.863145,,933
OV-III-pkc,verify,0,1,2.2,1,1,0,ip-172-31-18-18,linux,0,14.0455,71.2,Signature,True,2025-11-21T22:09:34.877631,,934
OV-III-pkc,verify,0,1,2.2,1,1,0,ip-172-31-18-18,linux,0,14.129,70.78,Signature,True,2025-11-21T22:09:34.892253,,935
OV-III-pkc,verify,0,16,2.2,1,1,0,ip-172-31-18-18,linux,0,14.3683,69.6,Signature,True,2025-11-21T22:09:34.907059,,936
OV-III-pkc,verify,0,16,2.2,1,1,0,ip-172-31-18-18,linux,0,14.3268,69.8,Signature,True,2025-11-21T22:09:34.921829,,937
OV-III-pkc,verify,0,16,2.2,1,1,0,ip-172-31-18-18,linux,0,14.2547,70.15,Signature,True,2025-11-21T22:09:34.936523,,938
OV-III-pkc,verify,0,16,2.2,1,1,0,ip-172-31-18-18,linux,0,14.1757,70.54,Signature,True,2025-11-21T22:09:34.951181,,939
OV-III-pkc,verify,0,16,2.2,1,1,0,ip-172-31-18-18,linux,0,14.1326,70.76,Signature,True,2025-11-21T22:09:34.965776,,940
OV-III-pkc,verify,0,64,2.2,1,1,0,ip-172-31-18-18,linux,0,14.422,69.34,Signature,True,2025-11-21T22:09:34.980632,,941
OV-III-pkc,verify,0,64,2.2,1,1,0,ip-172-31-18-18,linux,0,14.1753,70.55,Signature,True,2025-11-21T22:09:34.995333,,942
OV-III-pkc,verify,0,64,2.2,1,1,0,ip-172-31-18-18,linux,0,14.3712,69.58,Signature,True,2025-11-21T22:09:35.010173,,943
OV-III-pkc,verify,0,64,2.2,1,1,0,ip-172-31-18-18,linux,0,14.2901,69.98,Signature,True,2025-11-21T22:09:35.024932,,944
OV-III-pkc,verify,0,64,2.2,1,1,0,ip-172-31-18-18,linux,0,14.199,70.43,Signature,True,2025-11-21T22:09:35.039552,,945
OV-III-pkc,verify,1024,1,2.2,1,1,0,ip-172-31-18-18,linux,0,14.2425,70.21,Signature,True,2025-11-21T22:09:35.054314,,946
OV-III-pkc,verify,1024,1,2.2,1,1,0,ip-172-31-18-18,linux,0,14.2188,70.33,Signature,True,2025-11-21T22:09:35.068996,,947
OV-III-pkc,verify,1024,1,2.2,1,1,0,ip-172-31-18-18,linux,0,14.4048,69.42,Signature,True,2025-11-21T22:09:35.083852,,948
OV-III-pkc,verify,1024,1,2.2,1,1,0,ip-172-31-18-18,linux,0,14.5523,68.72,Signature,True,2025-11-21T22:09:35.098893,,949
OV-III-pkc,verify,1024,1,2.2,1,1,0,ip-172-31-18-18,linux,0,14.4496,69.21,Signature,True,2025-11-21T22:09:35.113800,,950
OV-III-pkc,verify,1024,16,2.2,1,1,0,ip-172-31-18-18,linux,0,14.5026,68.95,Signature,True,2025-11-21T22:09:35.128785,,951
OV-III-pkc,verify,1024,16,2.2,1,1,0,ip-172-31-18-18,linux,0,14.2541,70.16,Signature,True,2025-11-21T22:09:35.143499,,952
OV-III-pkc,verify,1024,16,2.2,1,1,0,ip-172-31-18-18,linux,0,14.2224,70.31,Signature,True,2025-11-21T22:09:35.158271,,953
OV-III-pkc,verify,1024,16,2.2,1,1,0,ip-172-31-18-18,linux,0,14.2774,70.04,Signature,True,2025-11-21T22:09:35.173010,,954
OV-III-pkc,verify,1024,16,2.2,1,1,0,ip-172-31-18-18,linux,0,14.3225,69.82,Signature,True,2025-11-21T22:09:35.187803,,955
OV-III-pkc,verify,1024,64,2.2,1,1,0,ip-172-31-18-18,linux,0,14.4389,69.26,Signature,True,2025-11-21T22:09:35.202715,,956
OV-III-pkc,verify,1024,64,2.2,1,1,0,ip-172-31-18-18,linux,0,14.6572,68.23,Signature,True,2025-11-21T22:09:35.217866,,957
OV-III-pkc,verify,1024,64,2.2,1,1,0,ip-172-31-18-18,linux,0,14.6214,68.39,Signature,True,2025-11-21T22:09:35.233041,,958
OV-III-pkc,verify,1024,64,2.2,1,1,0,ip-172-31-18-18,linux,0,15.0007,66.66,Signature,True,2025-11-21T22:09:35.248657,,959
OV-III-pkc,verify,1024,64,2.2,1,1,0,ip-172-31-18-18,linux,0,14.6589,68.22,Signature,True,2025-11-21T22:09:35.263827,,960
OV-III-pkc-skc,sign,0,1,2.2,1,1,0,ip-172-31-18-18,linux,0,21.7718,45.93,Signature,True,2025-11-21T22:09:35.285821,,961
OV-III-pkc-skc,sign,0,1,2.2,1,1,0,ip-172-31-18-18,linux,0,19.9074,50.23,Signature,True,2025-11-21T22:09:35.305863,,962
OV-III-pkc-skc,sign,0,1,2.2,1,1,0,ip-172-31-18-18,linux,0,19.721,50.71,Signature,True,2025-11-21T22:09:35.325712,,963
OV-III-pkc-skc,sign,0,1,2.2,1,1,0,ip-172-31-18-18,linux,0,19.837,50.41,Signature,True,2025-11-21T22:09:35.345671,,964
OV-III-pkc-skc,sign,0,1,2.2,1,1,0,ip-172-31-18-18,linux,0,19.7517,50.63,Signature,True,2025-11-21T22:09:35.365542,,965
OV-III-pkc-skc,sign,0,16,2.2,1,1,0,ip-172-31-18-18,linux,0,19.7353,50.67,Signature,True,2025-11-21T22:09:35.385399,,966
OV-III-pkc-skc,sign,0,16,2.2,1,1,0,ip-172-31-18-18,linux,0,19.9121,50.22,Signature,True,2025-11-21T22:09:35.405430,,967
OV-III-pkc-skc,sign,0,16,2.2,1,1,0,ip-172-31-18-18,linux,0,19.9097,50.23,Signature,True,2025-11-21T22:09:35.425458,,968
OV-III-pkc-skc,sign,0,16,2.2,1,1,0,ip-172-31-18-18,linux,0,19.7579,50.61,Signature,True,2025-11-21T22:09:35.445346,,969
OV-III-pkc-skc,sign,0,16,2.2,1,1,0,ip-172-31-18-18,linux,0,19.7345,50.67,Signature,True,2025-11-21T22:09:35.465204,,970
OV-III-pkc-skc,sign,0,64,2.2,1,1,0,ip-172-31-18-18,linux,0,19.5596,51.13,Signature,True,2025-11-21T22:09:35.484885,,971
OV-III-pkc-skc,sign,0,64,2.2,1,1,0,ip-172-31-18-18,linux,0,19.7438,50.65,Signature,True,2025-11-21T22:09:35.504750,,972
OV-III-pkc-skc,sign,0,64,2.2,1,1,0,ip-172-31-18-18,linux,0,19.7157,50.72,Signature,True,2025-11-21T22:09:35.524586,,973
OV-III-pkc-skc,sign,0,64,2.2,1,1,0,ip-172-31-18-18,linux,0,19.8229,50.45,Signature,True,2025-11-21T22:09:35.544545,,974
OV-III-pkc-skc,sign,0,64,2.2,1,1,0,ip-172-31-18-18,linux,0,19.7502,50.63,Signature,True,2025-11-21T22:09:35.564417,,975
OV-III-pkc-skc,sign,1024,1,2.2,1,1,0,ip-172-31-18-18,linux,0,19.8778,50.31,Signature,True,2025-11-21T22:09:35.584413,,976
OV-III-pkc-skc,sign,1024,1,2.2,1,1,0,ip-172-31-18-18,linux,0,19.8453,50.39,Signature,True,2025-11-21T22:09:35.604383,,977
OV-III-pkc-skc,sign,1024,1,2.2,1,1,0,ip-172-31-18-18,linux,0,20.8592,47.94,Signature,True,2025-11-21T22:09:35.625359,,978
OV-III-pkc-skc,sign,1024,1,2.2,1,1,0,ip-172-31-18-18,linux,0,20.1031,49.74,Signature,True,2025-11-21T22:09:35.645595,,979
OV-III-pkc-skc,sign,1024,1,2.2,1,1,0,ip-172-31-18-18,linux,0,20.7164,48.27,Signature,True,2025-11-21T22:09:35.666431,,980
OV-III-pkc-skc,sign,1024,16,2.2,1,1,0,ip-172-31-18-18,linux,0,19.741,50.66,Signature,True,2025-11-21T22:09:35.686302,,981
OV-III-pkc-skc,sign,1024,16,2.2,1,1,0,ip-172-31-18-18,linux,0,19.9492,50.13,Signature,True,2025-11-21T22:09:35.706378,,982
OV-III-pkc-skc,sign,1024,16,2.2,1,1,0,ip-172-31-18-18,linux,0,20.0248,49.94,Signature,True,2025-11-21T22:09:35.726533,,983
OV-III-pkc-skc,sign,1024,16,2.2,1,1,0,ip-172-31-18-18,linux,0,19.9178,50.21,Signature,True,2025-11-21T22:09:35.746577,,984
OV-III-pkc-skc,sign,1024,16,2.2,1,1,0,ip-172-31-18-18,linux,0,19.8715,50.32,Signature,True,2025-11-21T22:09:35.766637,,985
OV-III-pkc-skc,sign,1024,64,2.2,1,1,0,ip-172-31-18-18,linux,0,19.9069,50.23,Signature,True,2025-11-21T22:09:35.786672,,986
OV-III-pkc-skc,sign,1024,64,2.2,1,1,0,ip-172-31-18-18,linux,0,19.8474,50.38,Signature,True,2025-11-21T22:09:35.806642,,987
OV-III-pkc-skc,sign,1024,64,2.2,1,1,0,ip-172-31-18-18,linux,0,19.6589,50.87,Signature,True,2025-11-21T22:09:35.826419,,988
OV-III-pkc-skc,sign,1024,64,2.2,1,1,0,ip-172-31-18-18,linux,0,19.4995,51.28,Signature,True,2025-11-21T22:09:35.846030,,989
OV-III-pkc-skc,sign,1024,64,2.2,1,1,0,ip-172-31-18-18,linux,0,19.6067,51.0,Signature,True,2025-11-21T22:09:35.865770,,990
OV-III-pkc-skc,verify,0,1,2.2,1,1,0,ip-172-31-18-18,linux,0,19.6025,51.01,Signature,True,2025-11-21T22:09:35.885495,,991
OV-III-pkc-skc,verify,0,1,2.2,1,1,0,ip-172-31-18-18,linux,0,19.5751,51.09,Signature,True,2025-11-21T22:09:35.905187,,992
OV-III-pkc-skc,verify,0,1,2.2,1,1,0,ip-172-31-18-18,linux,0,19.4299,51.47,Signature,True,2025-11-21T22:09:35.924733,,993
OV-III-pkc-skc,verify,0,1,2.2,1,1,0,ip-172-31-18-18,linux,0,19.5949,51.03,Signature,True,2025-11-21T22:09:35.944438,,994
OV-III-pkc-skc,verify,0,1,2.2,1,1,0,ip-172-31-18-18,linux,0,19.514,51.25,Signature,True,2025-11-21T22:09:35.964068,,995
OV-III-pkc-skc,verify,0,16,2.2,1,1,0,ip-172-31-18-18,linux,0,19.4985,51.29,Signature,True,2025-11-21T22:09:35.983696,,996
OV-III-pkc-skc,verify,0,16,2.2,1,1,0,ip-172-31-18-18,linux,0,19.5967,51.03,Signature,True,2025-11-21T22:09:36.003405,,997
OV-III-pkc-skc,verify,0,16,2.2,1,1,0,ip-172-31-18-18,linux,0,19.4594,51.39,Signature,True,2025-11-21T22:09:36.022979,,998
OV-III-pkc-skc,verify,0,16,2.2,1,1,0,ip-172-31-18-18,linux,0,19.5627,51.12,Signature,True,2025-11-21T22:09:36.042651,,999
OV-III-pkc-skc,verify,0,16,2.2,1,1,0,ip-172-31-18-18,linux,0,19.6522,50.88,Signature,True,2025-11-21T22:09:36.062417,,1000
OV-III-pkc-skc,verify,0,64,2.2,1,1,0,ip-172-31-18-18,linux,0,19.39,51.57,Signature,True,2025-11-21T22:09:36.081918,,1001
OV-III-pkc-skc,verify,0,64,2.2,1,1,0,ip-172-31-18-18,linux,0,19.7876,50.54,Signature,True,2025-11-21T22:09:36.101804,,1002
OV-III-pkc-skc,verify,0,64,2.2,1,1,0,ip-172-31-18-18,linux,0,19.6948,50.77,Signature,True,2025-11-21T22:09:36.121610,,1003
OV-III-pkc-skc,verify,0,64,2.2,1,1,0,ip-172-31-18-18,linux,0,19.6323,50.94,Signature,True,2025-11-21T22:09:36.141354,,1004
OV-III-pkc-skc,verify,0,64,2.2,1,1,0,ip-172-31-18-18,linux,0,19.5528,51.14,Signature,True,2025-11-21T22:09:36.161023,,1005
OV-III-pkc-skc,verify,1024,1,2.2,1,1,0,ip-172-31-18-18,linux,0,19.5404,51.18,Signature,True,2025-11-21T22:09:36.180705,,1006
OV-III-pkc-skc,verify,1024,1,2.2,1,1,0,ip-172-31-18-18,linux,0,19.4933,51.3,Signature,True,2025-11-21T22:09:36.200305,,1007
OV-III-pkc-skc,verify,1024,1,2.2,1,1,0,ip-172-31-18-18,linux,0,19.609,51.0,Signature,True,2025-11-21T22:09:36.220026,,1008
OV-III-pkc-skc,verify,1024,1,2.2,1,1,0,ip-172-31-18-18,linux,0,19.7252,50.7,Signature,True,2025-11-21T22:09:36.239890,,1009
OV-III-pkc-skc,verify,1024,1,2.2,1,1,0,ip-172-31-18-18,linux,0,19.5027,51.28,Signature,True,2025-11-21T22:09:36.259499,,1010
OV-III-pkc-skc,verify,1024,16,2.2,1,1,0,ip-172-31-18-18,linux,0,19.6632,50.86,Signature,True,2025-11-21T22:09:36.279273,,1011
OV-III-pkc-skc,verify,1024,16,2.2,1,1,0,ip-172-31-18-18,linux,0,19.6899,50.79,Signature,True,2025-11-21T22:09:36.299082,,1012
OV-III-pkc-skc,verify,1024,16,2.2,1,1,0,ip-172-31-18-18,linux,0,19.5616,51.12,Signature,True,2025-11-21T22:09:36.318776,,1013
OV-III-pkc-skc,verify,1024,16,2.2,1,1,0,ip-172-31-18-18,linux,0,19.6999,50.76,Signature,True,2025-11-21T22:09:36.338603,,1014
OV-III-pkc-skc,verify,1024,16,2.2,1,1,0,ip-172-31-18-18,linux,0,19.6524,50.88,Signature,True,2025-11-21T22:09:36.358375,,1015
OV-III-pkc-skc,verify,1024,64,2.2,1,1,0,ip-172-31-18-18,linux,0,19.4664,51.37,Signature,True,2025-11-21T22:09:36.377992,,1016
OV-III-pkc-skc,verify,1024,64,2.2,1,1,0,ip-172-31-18-18,linux,0,19.6051,51.01,Signature,True,2025-11-21T22:09:36.397704,,1017
OV-III-pkc-skc,verify,1024,64,2.2,1,1,0,ip-172-31-18-18,linux,0,19.8199,50.45,Signature,True,2025-11-21T22:09:36.417643,,1018
OV-III-pkc-skc,verify,1024,64,2.2,1,1,0,ip-172-31-18-18,linux,0,19.4431,51.43,Signature,True,2025-11-21T22:09:36.437197,,1019
OV-III-pkc-skc,verify,1024,64,2.2,1,1,0,ip-172-31-18-18,linux,0,19.512,51.25,Signature,True,2025-11-21T22:09:36.456805,,1020
OV-Ip,sign,0,1,2.2,1,1,0,ip-172-31-18-18,linux,0,2.6877,372.07,Signature,True,2025-11-21T22:09:36.459606,,1021
OV-Ip,sign,0,1,2.2,1,1,0,ip-172-31-18-18,linux,0,2.2031,453.91,Signature,True,2025-11-21T22:09:36.461886,,1022
OV-Ip,sign,0,1,2.2,1,1,0,ip-172-31-18-18,linux,0,2.1501,465.09,Signature,True,2025-11-21T22:09:36.464119,,1023
OV-Ip,sign,0,1,2.2,1,1,0,ip-172-31-18-18,linux,0,2.1612,462.71,Signature,True,2025-11-21T22:09:36.466344,,1024
OV-Ip,sign,0,1,2.2,1,1,0,ip-172-31-18-18,linux,0,2.1691,461.01,Signature,True,2025-11-21T22:09:36.468623,,1025
OV-Ip,sign,0,16,2.2,1,1,0,ip-172-31-18-18,linux,0,2.2624,442.02,Signature,True,2025-11-21T22:09:36.470951,,1026
OV-Ip,sign,0,16,2.2,1,1,0,ip-172-31-18-18,linux,0,2.2329,447.85,Signature,True,2025-11-21T22:09:36.473251,,1027
OV-Ip,sign,0,16,2.2,1,1,0,ip-172-31-18-18,linux,0,2.1673,461.4,Signature,True,2025-11-21T22:09:36.475483,,1028
OV-Ip,sign,0,16,2.2,1,1,0,ip-172-31-18-18,linux,0,2.2181,450.83,Signature,True,2025-11-21T22:09:36.477767,,1029
OV-Ip,sign,0,16,2.2,1,1,0,ip-172-31-18-18,linux,0,2.1679,461.28,Signature,True,2025-11-21T22:09:36.479999,,1030
OV-Ip,sign,0,64,2.2,1,1,0,ip-172-31-18-18,linux,0,2.2335,447.72,Signature,True,2025-11-21T22:09:36.482300,,1031
OV-Ip,sign,0,64,2.2,1,1,0,ip-172-31-18-18,linux,0,2.1923,456.14,Signature,True,2025-11-21T22:09:36.484556,,1032
OV-Ip,sign,0,64,2.2,1,1,0,ip-172-31-18-18,linux,0,2.1812,458.47,Signature,True,2025-11-21T22:09:36.486803,,1033
OV-Ip,sign,0,64,2.2,1,1,0,ip-172-31-18-18,linux,0,2.1656,461.77,Signature,True,2025-11-21T22:09:36.489033,,1034
OV-Ip,sign,0,64,2.2,1,1,0,ip-172-31-18-18,linux,0,2.247,445.04,Signature,True,2025-11-21T22:09:36.491344,,1035
OV-Ip,sign,1024,1,2.2,1,1,0,ip-172-31-18-18,linux,0,2.2383,446.76,Signature,True,2025-11-21T22:09:36.493649,,1036
OV-Ip,sign,1024,1,2.2,1,1,0,ip-172-31-18-18,linux,0,2.189,456.83,Signature,True,2025-11-21T22:09:36.495904,,1037
OV-Ip,sign,1024,1,2.2,1,1,0,ip-172-31-18-18,linux,0,2.2119,452.1,Signature,True,2025-11-21T22:09:36.498181,,1038
OV-Ip,sign,1024,1,2.2,1,1,0,ip-172-31-18-18,linux,0,2.1615,462.64,Signature,True,2025-11-21T22:09:36.500406,,1039
OV-Ip,sign,1024,1,2.2,1,1,0,ip-172-31-18-18,linux,0,2.1962,455.33,Signature,True,2025-11-21T22:09:36.502667,,1040
OV-Ip,sign,1024,16,2.2,1,1,0,ip-172-31-18-18,linux,0,2.1769,459.38,Signature,True,2025-11-21T22:09:36.504909,,1041
OV-Ip,sign,1024,16,2.2,1,1,0,ip-172-31-18-18,linux,0,2.2116,452.17,Signature,True,2025-11-21T22:09:36.507189,,1042
OV-Ip,sign,1024,16,2.2,1,1,0,ip-172-31-18-18,linux,0,2.2341,447.61,Signature,True,2025-11-21T22:09:36.509499,,1043
OV-Ip,sign,1024,16,2.2,1,1,0,ip-172-31-18-18,linux,0,2.1639,462.13,Signature,True,2025-11-21T22:09:36.511729,,1044
OV-Ip,sign,1024,16,2.2,1,1,0,ip-172-31-18-18,linux,0,2.2095,452.58,Signature,True,2025-11-21T22:09:36.514004,,1045
OV-Ip,sign,1024,64,2.2,1,1,0,ip-172-31-18-18,linux,0,2.2496,444.52,Signature,True,2025-11-21T22:09:36.516321,,1046
OV-Ip,sign,1024,64,2.2,1,1,0,ip-172-31-18-18,linux,0,2.2215,450.15,Signature,True,2025-11-21T22:09:36.518608,,1047
OV-Ip,sign,1024,64,2.2,1,1,0,ip-172-31-18-18,linux,0,2.2643,441.64,Signature,True,2025-11-21T22:09:36.520938,,1048
OV-Ip,sign,1024,64,2.2,1,1,0,ip-172-31-18-18,linux,0,2.2062,453.27,Signature,True,2025-11-21T22:09:36.523212,,1049
OV-Ip,sign,1024,64,2.2,1,1,0,ip-172-31-18-18,linux,0,2.2491,444.62,Signature,True,2025-11-21T22:09:36.525528,,1050
OV-Ip,verify,0,1,2.2,1,1,0,ip-172-31-18-18,linux,0,2.2312,448.2,Signature,True,2025-11-21T22:09:36.527848,,1051
OV-Ip,verify,0,1,2.2,1,1,0,ip-172-31-18-18,linux,0,2.172,460.39,Signature,True,2025-11-21T22:09:36.530118,,1052
OV-Ip,verify,0,1,2.2,1,1,0,ip-172-31-18-18,linux,0,2.1868,457.28,Signature,True,2025-11-21T22:09:36.532369,,1053
OV-Ip,verify,0,1,2.2,1,1,0,ip-172-31-18-18,linux,0,2.1623,462.46,Signature,True,2025-11-21T22:09:36.534615,,1054
OV-Ip,verify,0,1,2.2,1,1,0,ip-172-31-18-18,linux,0,2.2098,452.53,Signature,True,2025-11-21T22:09:36.536889,,1055
OV-Ip,verify,0,16,2.2,1,1,0,ip-172-31-18-18,linux,0,2.208,452.9,Signature,True,2025-11-21T22:09:36.539164,,1056
OV-Ip,verify,0,16,2.2,1,1,0,ip-172-31-18-18,linux,0,2.2219,450.07,Signature,True,2025-11-21T22:09:36.541450,,1057
OV-Ip,verify,0,16,2.2,1,1,0,ip-172-31-18-18,linux,0,2.1616,462.63,Signature,True,2025-11-21T22:09:36.543677,,1058
OV-Ip,verify,0,16,2.2,1,1,0,ip-172-31-18-18,linux,0,2.1996,454.63,Signature,True,2025-11-21T22:09:36.545942,,1059
OV-Ip,verify,0,16,2.2,1,1,0,ip-172-31-18-18,linux,0,2.2522,444.01,Signature,True,2025-11-21T22:09:36.548260,,1060
OV-Ip,verify,0,64,2.2,1,1,0,ip-172-31-18-18,linux,0,2.2112,452.24,Signature,True,2025-11-21T22:09:36.550536,,1061
OV-Ip,verify,0,64,2.2,1,1,0,ip-172-31-18-18,linux,0,2.179,458.92,Signature,True,2025-11-21T22:09:36.552780,,1062
OV-Ip,verify,0,64,2.2,1,1,0,ip-172-31-18-18,linux,0,2.1847,457.72,Signature,True,2025-11-21T22:09:36.555029,,1063
OV-Ip,verify,0,64,2.2,1,1,0,ip-172-31-18-18,linux,0,2.2895,436.79,Signature,True,2025-11-21T22:09:36.557383,,1064
OV-Ip,verify,0,64,2.2,1,1,0,ip-172-31-18-18,linux,0,2.2046,453.59,Signature,True,2025-11-21T22:09:36.559654,,1065
OV-Ip,verify,1024,1,2.2,1,1,0,ip-172-31-18-18,linux,0,2.2678,440.96,Signature,True,2025-11-21T22:09:36.561989,,1066
OV-Ip,verify,1024,1,2.2,1,1,0,ip-172-31-18-18,linux,0,2.2439,445.66,Signature,True,2025-11-21T22:09:36.564298,,1067
OV-Ip,verify,1024,1,2.2,1,1,0,ip-172-31-18-18,linux,0,2.3161,431.77,Signature,True,2025-11-21T22:09:36.566680,,1068
OV-Ip,verify,1024,1,2.2,1,1,0,ip-172-31-18-18,linux,0,2.196,455.36,Signature,True,2025-11-21T22:09:36.568946,,1069
OV-Ip,verify,1024,1,2.2,1,1,0,ip-172-31-18-18,linux,0,2.2348,447.46,Signature,True,2025-11-21T22:09:36.571246,,1070
OV-Ip,verify,1024,16,2.2,1,1,0,ip-172-31-18-18,linux,0,2.1912,456.37,Signature,True,2025-11-21T22:09:36.573502,,1071
OV-Ip,verify,1024,16,2.2,1,1,0,ip-172-31-18-18,linux,0,2.2127,451.94,Signature,True,2025-11-21T22:09:36.575782,,1072
OV-Ip,verify,1024,16,2.2,1,1,0,ip-172-31-18-18,linux,0,2.2259,449.26,Signature,True,2025-11-21T22:09:36.578084,,1073
OV-Ip,verify,1024,16,2.2,1,1,0,ip-172-31-18-18,linux,0,2.196,455.38,Signature,True,2025-11-21T22:09:36.580362,,1074
OV-Ip,verify,1024,16,2.2,1,1,0,ip-172-31-18-18,linux,0,2.2394,446.54,Signature,True,2025-11-21T22:09:36.582666,,1075
OV-Ip,verify,1024,64,2.2,1,1,0,ip-172-31-18-18,linux,0,2.2461,445.21,Signature,True,2025-11-21T22:09:36.584981,,1076
OV-Ip,verify,1024,64,2.2,1,1,0,ip-172-31-18-18,linux,0,2.3102,432.87,Signature,True,2025-11-21T22:09:36.587358,,1077
OV-Ip,verify,1024,64,2.2,1,1,0,ip-172-31-18-18,linux,0,2.2893,436.82,Signature,True,2025-11-21T22:09:36.589717,,1078
OV-Ip,verify,1024,64,2.2,1,1,0,ip-172-31-18-18,linux,0,2.2366,447.12,Signature,True,2025-11-21T22:09:36.592031,,1079
OV-Ip,verify,1024,64,2.2,1,1,0,ip-172-31-18-18,linux,0,2.2417,446.09,Signature,True,2025-11-21T22:09:36.594341,,1080
OV-Ip-pkc,sign,0,1,2.2,1,1,0,ip-172-31-18-18,linux,0,2.3764,420.81,Signature,True,2025-11-21T22:09:36.596794,,1081
OV-Ip-pkc,sign,0,1,2.2,1,1,0,ip-172-31-18-18,linux,0,2.21,452.5,Signature,True,2025-11-21T22:09:36.599068,,1082
OV-Ip-pkc,sign,0,1,2.2,1,1,0,ip-172-31-18-18,linux,0,2.2016,454.21,Signature,True,2025-11-21T22:09:36.601371,,1083
OV-Ip-pkc,sign,0,1,2.2,1,1,0,ip-172-31-18-18,linux,0,2.1995,454.64,Signature,True,2025-11-21T22:09:36.603639,,1084
OV-Ip-pkc,sign,0,1,2.2,1,1,0,ip-172-31-18-18,linux,0,2.3161,431.77,Signature,True,2025-11-21T22:09:36.606027,,1085
OV-Ip-pkc,sign,0,16,2.2,1,1,0,ip-172-31-18-18,linux,0,2.1928,456.05,Signature,True,2025-11-21T22:09:36.608356,,1086
OV-Ip-pkc,sign,0,16,2.2,1,1,0,ip-172-31-18-18,linux,0,2.257,443.08,Signature,True,2025-11-21T22:09:36.610683,,1087
OV-Ip-pkc,sign,0,16,2.2,1,1,0,ip-172-31-18-18,linux,0,2.1908,456.46,Signature,True,2025-11-21T22:09:36.612942,,1088
OV-Ip-pkc,sign,0,16,2.2,1,1,0,ip-172-31-18-18,linux,0,2.2238,449.68,Signature,True,2025-11-21T22:09:36.615229,,1089
OV-Ip-pkc,sign,0,16,2.2,1,1,0,ip-172-31-18-18,linux,0,2.2215,450.16,Signature,True,2025-11-21T22:09:36.617514,,1090
OV-Ip-pkc,sign,0,64,2.2,1,1,0,ip-172-31-18-18,linux,0,2.2844,437.75,Signature,True,2025-11-21T22:09:36.619867,,1091
OV-Ip-pkc,sign,0,64,2.2,1,1,0,ip-172-31-18-18,linux,0,2.329,429.36,Signature,True,2025-11-21T22:09:36.622264,,1092
OV-Ip-pkc,sign,0,64,2.2,1,1,0,ip-172-31-18-18,linux,0,2.223,449.84,Signature,True,2025-11-21T22:09:36.624551,,1093
OV-Ip-pkc,sign,0,64,2.2,1,1,0,ip-172-31-18-18,linux,0,2.2305,448.32,Signature,True,2025-11-21T22:09:36.626847,,1094
OV-Ip-pkc,sign,0,64,2.2,1,1,0,ip-172-31-18-18,linux,0,2.2522,444.0,Signature,True,2025-11-21T22:09:36.629169,,1095
OV-Ip-pkc,sign,1024,1,2.2,1,1,0,ip-172-31-18-18,linux,0,2.2306,448.3,Signature,True,2025-11-21T22:09:36.631517,,1096
OV-Ip-pkc,sign,1024,1,2.2,1,1,0,ip-172-31-18-18,linux,0,2.2266,449.12,Signature,True,2025-11-21T22:09:36.633809,,1097
OV-Ip-pkc,sign,1024,1,2.2,1,1,0,ip-172-31-18-18,linux,0,2.2067,453.17,Signature,True,2025-11-21T22:09:36.636082,,1098
OV-Ip-pkc,sign,1024,1,2.2,1,1,0,ip-172-31-18-18,linux,0,2.2548,443.5,Signature,True,2025-11-21T22:09:36.638419,,1099
OV-Ip-pkc,sign,1024,1,2.2,1,1,0,ip-172-31-18-18,linux,0,2.3355,428.18,Signature,True,2025-11-21T22:09:36.640832,,1100
OV-Ip-pkc,sign,1024,16,2.2,1,1,0,ip-172-31-18-18,linux,0,2.2292,448.59,Signature,True,2025-11-21T22:09:36.643131,,1101
OV-Ip-pkc,sign,1024,16,2.2,1,1,0,ip-172-31-18-18,linux,0,2.2785,438.88,Signature,True,2025-11-21T22:09:36.645474,,1102
OV-Ip-pkc,sign,1024,16,2.2,1,1,0,ip-172-31-18-18,linux,0,2.237,447.02,Signature,True,2025-11-21T22:09:36.647781,,1103
OV-Ip-pkc,sign,1024,16,2.2,1,1,0,ip-172-31-18-18,linux,0,2.3101,432.88,Signature,True,2025-11-21T22:09:36.650172,,1104
OV-Ip-pkc,sign,1024,16,2.2,1,1,0,ip-172-31-18-18,linux,0,2.2195,450.54,Signature,True,2025-11-21T22:09:36.652455,,1105
OV-Ip-pkc,sign,1024,64,2.2,1,1,0,ip-172-31-18-18,linux,0,2.2129,451.9,Signature,True,2025-11-21T22:09:36.654734,,1106
OV-Ip-pkc,sign,1024,64,2.2,1,1,0,ip-172-31-18-18,linux,0,2.2668,441.14,Signature,True,2025-11-21T22:09:36.657068,,1107
OV-Ip-pkc,sign,1024,64,2.2,1,1,0,ip-172-31-18-18,linux,0,2.1989,454.78,Signature,True,2025-11-21T22:09:36.659375,,1108
OV-Ip-pkc,sign,1024,64,2.2,1,1,0,ip-172-31-18-18,linux,0,2.3079,433.3,Signature,True,2025-11-21T22:09:36.661749,,1109
OV-Ip-pkc,sign,1024,64,2.2,1,1,0,ip-172-31-18-18,linux,0,2.2365,447.13,Signature,True,2025-11-21T22:09:36.664051,,1110
OV-Ip-pkc,verify,0,1,2.2,1,1,0,ip-172-31-18-18,linux,0,2.2005,454.44,Signature,True,2025-11-21T22:09:36.666361,,1111
OV-Ip-pkc,verify,0,1,2.2,1,1,0,ip-172-31-18-18,linux,0,2.1762,459.51,Signature,True,2025-11-21T22:09:36.668624,,1112
OV-Ip-pkc,verify,0,1,2.2,1,1,0,ip-172-31-18-18,linux,0,2.3778,420.55,Signature,True,2025-11-21T22:09:36.671066,,1113
OV-Ip-pkc,verify,0,1,2.2,1,1,0,ip-172-31-18-18,linux,0,2.2189,450.68,Signature,True,2025-11-21T22:09:36.673386,,1114
OV-Ip-pkc,verify,0,1,2.2,1,1,0,ip-172-31-18-18,linux,0,2.2242,449.59,Signature,True,2025-11-21T22:09:36.675674,,1115
OV-Ip-pkc,verify,0,16,2.2,1,1,0,ip-172-31-18-18,linux,0,2.2333,447.78,Signature,True,2025-11-21T22:09:36.677974,,1116
OV-Ip-pkc,verify,0,16,2.2,1,1,0,ip-172-31-18-18,linux,0,2.3152,431.94,Signature,True,2025-11-21T22:09:36.680358,,1117
OV-Ip-pkc,verify,0,16,2.2,1,1,0,ip-172-31-18-18,linux,0,2.2343,447.57,Signature,True,2025-11-21T22:09:36.682658,,1118
OV-Ip-pkc,verify,0,16,2.2,1,1,0,ip-172-31-18-18,linux,0,2.2752,439.52,Signature,True,2025-11-21T22:09:36.684998,,1119
OV-Ip-pkc,verify,0,16,2.2,1,1,0,ip-172-31-18-18,linux,0,2.2479,444.86,Signature,True,2025-11-21T22:09:36.687313,,1120
OV-Ip-pkc,verify,0,64,2.2,1,1,0,ip-172-31-18-18,linux,0,2.2491,444.63,Signature,True,2025-11-21T22:09:36.689628,,1121
OV-Ip-pkc,verify,0,64,2.2,1,1,0,ip-172-31-18-18,linux,0,2.2053,453.45,Signature,True,2025-11-21T22:09:36.691897,,1122
OV-Ip-pkc,verify,0,64,2.2,1,1,0,ip-172-31-18-18,linux,0,2.2529,443.87,Signature,True,2025-11-21T22:09:36.694235,,1123
OV-Ip-pkc,verify,0,64,2.2,1,1,0,ip-172-31-18-18,linux,0,2.2358,447.26,Signature,True,2025-11-21T22:09:36.696538,,1124
OV-Ip-pkc,verify,0,64,2.2,1,1,0,ip-172-31-18-18,linux,0,2.2348,447.47,Signature,True,2025-11-21T22:09:36.698839,,1125
OV-Ip-pkc,verify,1024,1,2.2,1,1,0,ip-172-31-18-18,linux,0,2.2216,450.12,Signature,True,2025-11-21T22:09:36.701127,,1126
OV-Ip-pkc,verify,1024,1,2.2,1,1,0,ip-172-31-18-18,linux,0,2.1974,455.09,Signature,True,2025-11-21T22:09:36.703388,,1127
OV-Ip-pkc,verify,1024,1,2.2,1,1,0,ip-172-31-18-18,linux,0,2.227,449.03,Signature,True,2025-11-21T22:09:36.705680,,1128
OV-Ip-pkc,verify,1024,1,2.2,1,1,0,ip-172-31-18-18,linux,0,2.195,455.58,Signature,True,2025-11-21T22:09:36.707942,,1129
OV-Ip-pkc,verify,1024,1,2.2,1,1,0,ip-172-31-18-18,linux,0,2.2611,442.26,Signature,True,2025-11-21T22:09:36.710273,,1130
OV-Ip-pkc,verify,1024,16,2.2,1,1,0,ip-172-31-18-18,linux,0,2.2592,442.64,Signature,True,2025-11-21T22:09:36.712599,,1131
OV-Ip-pkc,verify,1024,16,2.2,1,1,0,ip-172-31-18-18,linux,0,2.2389,446.65,Signature,True,2025-11-21T22:09:36.714902,,1132
OV-Ip-pkc,verify,1024,16,2.2,1,1,0,ip-172-31-18-18,linux,0,2.2464,445.16,Signature,True,2025-11-21T22:09:36.717214,,1133
OV-Ip-pkc,verify,1024,16,2.2,1,1,0,ip-172-31-18-18,linux,0,2.2168,451.11,Signature,True,2025-11-21T22:09:36.719497,,1134
OV-Ip-pkc,verify,1024,16,2.2,1,1,0,ip-172-31-18-18,linux,0,2.2273,448.98,Signature,True,2025-11-21T22:09:36.721788,,1135
OV-Ip-pkc,verify,1024,64,2.2,1,1,0,ip-172-31-18-18,linux,0,2.2468,445.09,Signature,True,2025-11-21T22:09:36.724116,,1136
OV-Ip-pkc,verify,1024,64,2.2,1,1,0,ip-172-31-18-18,linux,0,2.233,447.84,Signature,True,2025-11-21T22:09:36.726419,,1137
OV-Ip-pkc,verify,1024,64,2.2,1,1,0,ip-172-31-18-18,linux,0,2.2176,450.95,Signature,True,2025-11-21T22:09:36.728724,,1138
OV-Ip-pkc,verify,1024,64,2.2,1,1,0,ip-172-31-18-18,linux,0,2.1916,456.29,Signature,True,2025-11-21T22:09:36.730981,,1139
OV-Ip-pkc,verify,1024,64,2.2,1,1,0,ip-172-31-18-18,linux,0,2.3237,430.35,Signature,True,2025-11-21T22:09:36.733369,,1140
OV-Ip-pkc-skc,sign,0,1,2.2,1,1,0,ip-172-31-18-18,linux,0,3.8519,259.61,Signature,True,2025-11-21T22:09:36.737297,,1141
OV-Ip-pkc-skc,sign,0,1,2.2,1,1,0,ip-172-31-18-18,linux,0,3.6226,276.04,Signature,True,2025-11-21T22:09:36.741001,,1142
OV-Ip-pkc-skc,sign,0,1,2.2,1,1,0,ip-172-31-18-18,linux,0,3.5728,279.89,Signature,True,2025-11-21T22:09:36.744676,,1143
OV-Ip-pkc-skc,sign,0,1,2.2,1,1,0,ip-172-31-18-18,linux,0,3.4818,287.2,Signature,True,2025-11-21T22:09:36.748237,,1144
OV-Ip-pkc-skc,sign,0,1,2.2,1,1,0,ip-172-31-18-18,linux,0,3.5039,285.39,Signature,True,2025-11-21T22:09:36.751806,,1145
OV-Ip-pkc-skc,sign,0,16,2.2,1,1,0,ip-172-31-18-18,linux,0,3.5464,281.98,Signature,True,2025-11-21T22:09:36.755420,,1146
OV-Ip-pkc-skc,sign,0,16,2.2,1,1,0,ip-172-31-18-18,linux,0,3.5076,285.1,Signature,True,2025-11-21T22:09:36.758993,,1147
OV-Ip-pkc-skc,sign,0,16,2.2,1,1,0,ip-172-31-18-18,linux,0,3.5762,279.63,Signature,True,2025-11-21T22:09:36.762635,,1148
OV-Ip-pkc-skc,sign,0,16,2.2,1,1,0,ip-172-31-18-18,linux,0,3.5628,280.68,Signature,True,2025-11-21T22:09:36.766263,,1149
OV-Ip-pkc-skc,sign,0,16,2.2,1,1,0,ip-172-31-18-18,linux,0,3.5317,283.15,Signature,True,2025-11-21T22:09:36.769860,,1150
OV-Ip-pkc-skc,sign,0,64,2.2,1,1,0,ip-172-31-18-18,linux,0,3.5913,278.45,Signature,True,2025-11-21T22:09:36.773522,,1151
OV-Ip-pkc-skc,sign,0,64,2.2,1,1,0,ip-172-31-18-18,linux,0,3.6092,277.07,Signature,True,2025-11-21T22:09:36.777213,,1152
OV-Ip-pkc-skc,sign,0,64,2.2,1,1,0,ip-172-31-18-18,linux,0,3.5146,284.53,Signature,True,2025-11-21T22:09:36.780807,,1153
OV-Ip-pkc-skc,sign,0,64,2.2,1,1,0,ip-172-31-18-18,linux,0,3.4735,287.9,Signature,True,2025-11-21T22:09:36.784347,,1154
OV-Ip-pkc-skc,sign,0,64,2.2,1,1,0,ip-172-31-18-18,linux,0,3.4771,287.59,Signature,True,2025-11-21T22:09:36.787889,,1155
OV-Ip-pkc-skc,sign,1024,1,2.2,1,1,0,ip-172-31-18-18,linux,0,3.5986,277.89,Signature,True,2025-11-21T22:09:36.791557,,1156
OV-Ip-pkc-skc,sign,1024,1,2.2,1,1,0,ip-172-31-18-18,linux,0,3.5846,278.97,Signature,True,2025-11-21T22:09:36.795209,,1157
OV-Ip-pkc-skc,sign,1024,1,2.2,1,1,0,ip-172-31-18-18,linux,0,3.5573,281.11,Signature,True,2025-11-21T22:09:36.798830,,1158
OV-Ip-pkc-skc,sign,1024,1,2.2,1,1,0,ip-172-31-18-18,linux,0,3.5208,284.02,Signature,True,2025-11-21T22:09:36.802417,,1159
OV-Ip-pkc-skc,sign,1024,1,2.2,1,1,0,ip-172-31-18-18,linux,0,3.5369,282.73,Signature,True,2025-11-21T22:09:36.806020,,1160
OV-Ip-pkc-skc,sign,1024,16,2.2,1,1,0,ip-172-31-18-18,linux,0,3.7437,267.12,Signature,True,2025-11-21T22:09:36.809834,,1161
OV-Ip-pkc-skc,sign,1024,16,2.2,1,1,0,ip-172-31-18-18,linux,0,3.5922,278.38,Signature,True,2025-11-21T22:09:36.813492,,1162
OV-Ip-pkc-skc,sign,1024,16,2.2,1,1,0,ip-172-31-18-18,linux,0,3.546,282.01,Signature,True,2025-11-21T22:09:36.817120,,1163
OV-Ip-pkc-skc,sign,1024,16,2.2,1,1,0,ip-172-31-18-18,linux,0,3.5368,282.74,Signature,True,2025-11-21T22:09:36.820770,,1164
OV-Ip-pkc-skc,sign,1024,16,2.2,1,1,0,ip-172-31-18-18,linux,0,3.5488,281.79,Signature,True,2025-11-21T22:09:36.824384,,1165
OV-Ip-pkc-skc,sign,1024,64,2.2,1,1,0,ip-172-31-18-18,linux,0,3.5051,285.3,Signature,True,2025-11-21T22:09:36.827954,,1166
OV-Ip-pkc-skc,sign,1024,64,2.2,1,1,0,ip-172-31-18-18,linux,0,3.5539,281.38,Signature,True,2025-11-21T22:09:36.831573,,1167
OV-Ip-pkc-skc,sign,1024,64,2.2,1,1,0,ip-172-31-18-18,linux,0,3.559,280.98,Signature,True,2025-11-21T22:09:36.835196,,1168
OV-Ip-pkc-skc,sign,1024,64,2.2,1,1,0,ip-172-31-18-18,linux,0,3.5378,282.66,Signature,True,2025-11-21T22:09:36.838799,,1169
OV-Ip-pkc-skc,sign,1024,64,2.2,1,1,0,ip-172-31-18-18,linux,0,3.6619,273.08,Signature,True,2025-11-21T22:09:36.842526,,1170
OV-Ip-pkc-skc,verify,0,1,2.2,1,1,0,ip-172-31-18-18,linux,0,3.4936,286.24,Signature,True,2025-11-21T22:09:36.846095,,1171
OV-Ip-pkc-skc,verify,0,1,2.2,1,1,0,ip-172-31-18-18,linux,0,3.5273,283.5,Signature,True,2025-11-21T22:09:36.849700,,1172
OV-Ip-pkc-skc,verify,0,1,2.2,1,1,0,ip-172-31-18-18,linux,0,3.541,282.41,Signature,True,2025-11-21T22:09:36.853309,,1173
OV-Ip-pkc-skc,verify,0,1,2.2,1,1,0,ip-172-31-18-18,linux,0,3.4886,286.65,Signature,True,2025-11-21T22:09:36.856863,,1174
OV-Ip-pkc-skc,verify,0,1,2.2,1,1,0,ip-172-31-18-18,linux,0,3.4872,286.76,Signature,True,2025-11-21T22:09:36.860416,,1175
OV-Ip-pkc-skc,verify,0,16,2.2,1,1,0,ip-172-31-18-18,linux,0,3.5014,285.6,Signature,True,2025-11-21T22:09:36.863983,,1176
OV-Ip-pkc-skc,verify,0,16,2.2,1,1,0,ip-172-31-18-18,linux,0,3.6625,273.04,Signature,True,2025-11-21T22:09:36.867716,,1177
OV-Ip-pkc-skc,verify,0,16,2.2,1,1,0,ip-172-31-18-18,linux,0,3.5105,284.86,Signature,True,2025-11-21T22:09:36.871291,,1178
OV-Ip-pkc-skc,verify,0,16,2.2,1,1,0,ip-172-31-18-18,linux,0,3.5307,283.23,Signature,True,2025-11-21T22:09:36.874887,,1179
OV-Ip-pkc-skc,verify,0,16,2.2,1,1,0,ip-172-31-18-18,linux,0,3.5796,279.36,Signature,True,2025-11-21T22:09:36.878532,,1180
OV-Ip-pkc-skc,verify,0,64,2.2,1,1,0,ip-172-31-18-18,linux,0,3.5471,281.92,Signature,True,2025-11-21T22:09:36.882146,,1181
OV-Ip-pkc-skc,verify,0,64,2.2,1,1,0,ip-172-31-18-18,linux,0,3.5012,285.61,Signature,True,2025-11-21T22:09:36.885712,,1182
OV-Ip-pkc-skc,verify,0,64,2.2,1,1,0,ip-172-31-18-18,linux,0,3.6978,270.43,Signature,True,2025-11-21T22:09:36.889476,,1183
OV-Ip-pkc-skc,verify,0,64,2.2,1,1,0,ip-172-31-18-18,linux,0,3.5645,280.54,Signature,True,2025-11-21T22:09:36.893123,,1184
OV-Ip-pkc-skc,verify,0,64,2.2,1,1,0,ip-172-31-18-18,linux,0,3.4641,288.67,Signature,True,2025-11-21T22:09:36.896652,,1185
OV-Ip-pkc-skc,verify,1024,1,2.2,1,1,0,ip-172-31-18-18,linux,0,3.5115,284.78,Signature,True,2025-11-21T22:09:36.900243,,1186
OV-Ip-pkc-skc,verify,1024,1,2.2,1,1,0,ip-172-31-18-18,linux,0,3.5105,284.86,Signature,True,2025-11-21T22:09:36.903817,,1187
OV-Ip-pkc-skc,verify,1024,1,2.2,1,1,0,ip-172-31-18-18,linux,0,3.5509,281.62,Signature,True,2025-11-21T22:09:36.907433,,1188
OV-Ip-pkc-skc,verify,1024,1,2.2,1,1,0,ip-172-31-18-18,linux,0,3.4939,286.21,Signature,True,2025-11-21T22:09:36.910992,,1189
OV-Ip-pkc-skc,verify,1024,1,2.2,1,1,0,ip-172-31-18-18,linux,0,3.5252,283.67,Signature,True,2025-11-21T22:09:36.914583,,1190
OV-Ip-pkc-skc,verify,1024,16,2.2,1,1,0,ip-172-31-18-18,linux,0,3.5832,279.08,Signature,True,2025-11-21T22:09:36.918235,,1191
OV-Ip-pkc-skc,verify,1024,16,2.2,1,1,0,ip-172-31-18-18,linux,0,3.5198,284.11,Signature,True,2025-11-21T22:09:36.921823,,1192
OV-Ip-pkc-skc,verify,1024,16,2.2,1,1,0,ip-172-31-18-18,linux,0,3.5073,285.12,Signature,True,2025-11-21T22:09:36.925398,,1193
OV-Ip-pkc-skc,verify,1024,16,2.2,1,1,0,ip-172-31-18-18,linux,0,3.4941,286.19,Signature,True,2025-11-21T22:09:36.928958,,1194
OV-Ip-pkc-skc,verify,1024,16,2.2,1,1,0,ip-172-31-18-18,linux,0,3.5185,284.21,Signature,True,2025-11-21T22:09:36.932542,,1195
OV-Ip-pkc-skc,verify,1024,64,2.2,1,1,0,ip-172-31-18-18,linux,0,3.4921,286.36,Signature,True,2025-11-21T22:09:36.936117,,1196
OV-Ip-pkc-skc,verify,1024,64,2.2,1,1,0,ip-172-31-18-18,linux,0,3.5214,283.98,Signature,True,2025-11-21T22:09:36.939707,,1197
OV-Ip-pkc-skc,verify,1024,64,2.2,1,1,0,ip-172-31-18-18,linux,0,3.5364,282.77,Signature,True,2025-11-21T22:09:36.943309,,1198
OV-Ip-pkc-skc,verify,1024,64,2.2,1,1,0,ip-172-31-18-18,linux,0,3.5029,285.48,Signature,True,2025-11-21T22:09:36.946879,,1199
OV-Ip-pkc-skc,verify,1024,64,2.2,1,1,0,ip-172-31-18-18,linux,0,3.5988,277.87,Signature,True,2025-11-21T22:09:36.950552,,1200
OV-Is,sign,0,1,2.2,1,1,0,ip-172-31-18-18,linux,0,3.223,310.27,Signature,True,2025-11-21T22:09:36.953851,,1201
OV-Is,sign,0,1,2.2,1,1,0,ip-172-31-18-18,linux,0,2.9973,333.63,Signature,True,2025-11-21T22:09:36.956917,,1202
OV-Is,sign,0,1,2.2,1,1,0,ip-172-31-18-18,linux,0,2.9689,336.82,Signature,True,2025-11-21T22:09:36.959952,,1203
OV-Is,sign,0,1,2.2,1,1,0,ip-172-31-18-18,linux,0,3.0146,331.72,Signature,True,2025-11-21T22:09:36.963033,,1204
OV-Is,sign,0,1,2.2,1,1,0,ip-172-31-18-18,linux,0,3.0305,329.97,Signature,True,2025-11-21T22:09:36.966131,,1205
OV-Is,sign,0,16,2.2,1,1,0,ip-172-31-18-18,linux,0,3.0903,323.59,Signature,True,2025-11-21T22:09:36.969291,,1206
OV-Is,sign,0,16,2.2,1,1,0,ip-172-31-18-18,linux,0,2.965,337.27,Signature,True,2025-11-21T22:09:36.972320,,1207
OV-Is,sign,0,16,2.2,1,1,0,ip-172-31-18-18,linux,0,2.9808,335.48,Signature,True,2025-11-21T22:09:36.975365,,1208
OV-Is,sign,0,16,2.2,1,1,0,ip-172-31-18-18,linux,0,2.9899,334.46,Signature,True,2025-11-21T22:09:36.978421,,1209
OV-Is,sign,0,16,2.2,1,1,0,ip-172-31-18-18,linux,0,3.0346,329.53,Signature,True,2025-11-21T22:09:36.981523,,1210
OV-Is,sign,0,64,2.2,1,1,0,ip-172-31-18-18,linux,0,3.043,328.63,Signature,True,2025-11-21T22:09:36.984634,,1211
OV-Is,sign,0,64,2.2,1,1,0,ip-172-31-18-18,linux,0,3.0493,327.94,Signature,True,2025-11-21T22:09:36.987764,,1212
OV-Is,sign,0,64,2.2,1,1,0,ip-172-31-18-18,linux,0,3.0366,329.31,Signature,True,2025-11-21T22:09:36.990877,,1213
OV-Is,sign,0,64,2.2,1,1,0,ip-172-31-18-18,linux,0,3.0099,332.24,Signature,True,2025-11-21T22:09:36.993955,,1214
OV-Is,sign,0,64,2.2,1,1,0,ip-172-31-18-18,linux,0,3.0054,332.73,Signature,True,2025-11-21T22:09:36.997027,,1215
OV-Is,sign,1024,1,2.2,1,1,0,ip-172-31-18-18,linux,0,3.0749,325.21,Signature,True,2025-11-21T22:09:37.000177,,1216
OV-Is,sign,1024,1,2.2,1,1,0,ip-172-31-18-18,linux,0,3.101,322.47,Signature,True,2025-11-21T22:09:37.003354,,1217
OV-Is,sign,1024,1,2.2,1,1,0,ip-172-31-18-18,linux,0,3.1669,315.77,Signature,True,2025-11-21T22:09:37.006652,,1218
OV-Is,sign,1024,1,2.2,1,1,0,ip-172-31-18-18,linux,0,3.1215,320.36,Signature,True,2025-11-21T22:09:37.009885,,1219
OV-Is,sign,1024,1,2.2,1,1,0,ip-172-31-18-18,linux,0,3.2009,312.42,Signature,True,2025-11-21T22:09:37.013193,,1220
OV-Is,sign,1024,16,2.2,1,1,0,ip-172-31-18-18,linux,0,3.2952,303.47,Signature,True,2025-11-21T22:09:37.016603,,1221
OV-Is,sign,1024,16,2.2,1,1,0,ip-172-31-18-18,linux,0,3.0797,324.71,Signature,True,2025-11-21T22:09:37.019817,,1222
OV-Is,sign,1024,16,2.2,1,1,0,ip-172-31-18-18,linux,0,3.0322,329.8,Signature,True,2025-11-21T22:09:37.022937,,1223
OV-Is,sign,1024,16,2.2,1,1,0,ip-172-31-18-18,linux,0,3.2126,311.28,Signature,True,2025-11-21T22:09:37.026221,,1224
OV-Is,sign,1024,16,2.2,1,1,0,ip-172-31-18-18,linux,0,3.0683,325.91,Signature,True,2025-11-21T22:09:37.029361,,1225
OV-Is,sign,1024,64,2.2,1,1,0,ip-172-31-18-18,linux,0,3.0607,326.73,Signature,True,2025-11-21T22:09:37.032490,,1226
OV-Is,sign,1024,64,2.2,1,1,0,ip-172-31-18-18,linux,0,3.0749,325.21,Signature,True,2025-11-21T22:09:37.035629,,1227
OV-Is,sign,1024,64,2.2,1,1,0,ip-172-31-18-18,linux,0,3.0656,326.2,Signature,True,2025-11-21T22:09:37.038763,,1228
OV-Is,sign,1024,64,2.2,1,1,0,ip-172-31-18-18,linux,0,3.1072,321.83,Signature,True,2025-11-21T22:09:37.041938,,1229
OV-Is,sign,1024,64,2.2,1,1,0,ip-172-31-18-18,linux,0,3.0547,327.36,Signature,True,2025-11-21T22:09:37.045058,,1230
OV-Is,verify,0,1,2.2,1,1,0,ip-172-31-18-18,linux,0,3.1101,321.53,Signature,True,2025-11-21T22:09:37.048290,,1231
OV-Is,verify,0,1,2.2,1,1,0,ip-172-31-18-18,linux,0,3.0001,333.32,Signature,True,2025-11-21T22:09:37.051402,,1232
OV-Is,verify,0,1,2.2,1,1,0,ip-172-31-18-18,linux,0,3.0786,324.82,Signature,True,2025-11-21T22:09:37.054547,,1233
OV-Is,verify,0,1,2.2,1,1,0,ip-172-31-18-18,linux,0,3.0835,324.31,Signature,True,2025-11-21T22:09:37.057697,,1234
OV-Is,verify,0,1,2.2,1,1,0,ip-172-31-18-18,linux,0,2.9957,333.82,Signature,True,2025-11-21T22:09:37.060760,,1235
OV-Is,verify,0,16,2.2,1,1,0,ip-172-31-18-18,linux,0,3.0197,331.16,Signature,True,2025-11-21T22:09:37.063846,,1236
OV-Is,verify,0,16,2.2,1,1,0,ip-172-31-18-18,linux,0,3.0177,331.38,Signature,True,2025-11-21T22:09:37.066930,,1237
OV-Is,verify,0,16,2.2,1,1,0,ip-172-31-18-18,linux,0,3.05,327.87,Signature,True,2025-11-21T22:09:37.070045,,1238
OV-Is,verify,0,16,2.2,1,1,0,ip-172-31-18-18,linux,0,3.0256,330.51,Signature,True,2025-11-21T22:09:37.073160,,1239
OV-Is,verify,0,16,2.2,1,1,0,ip-172-31-18-18,linux,0,3.0039,332.9,Signature,True,2025-11-21T22:09:37.076244,,1240
OV-Is,verify,0,64,2.2,1,1,0,ip-172-31-18-18,linux,0,3.0412,328.81,Signature,True,2025-11-21T22:09:37.079375,,1241
OV-Is,verify,0,64,2.2,1,1,0,ip-172-31-18-18,linux,0,3.1484,317.62,Signature,True,2025-11-21T22:09:37.082587,,1242
OV-Is,verify,0,64,2.2,1,1,0,ip-172-31-18-18,linux,0,3.0117,332.04,Signature,True,2025-11-21T22:09:37.085665,,1243
OV-Is,verify,0,64,2.2,1,1,0,ip-172-31-18-18,linux,0,3.0728,325.44,Signature,True,2025-11-21T22:09:37.088807,,1244
OV-Is,verify,0,64,2.2,1,1,0,ip-172-31-18-18,linux,0,3.0059,332.68,Signature,True,2025-11-21T22:09:37.091896,,1245
OV-Is,verify,1024,1,2.2,1,1,0,ip-172-31-18-18,linux,0,3.1186,320.66,Signature,True,2025-11-21T22:09:37.095083,,1246
OV-Is,verify,1024,1,2.2,1,1,0,ip-172-31-18-18,linux,0,3.0632,326.45,Signature,True,2025-11-21T22:09:37.098230,,1247
OV-Is,verify,1024,1,2.2,1,1,0,ip-172-31-18-18,linux,0,3.0246,330.63,Signature,True,2025-11-21T22:09:37.101319,,1248
OV-Is,verify,1024,1,2.2,1,1,0,ip-172-31-18-18,linux,0,3.0614,326.64,Signature,True,2025-11-21T22:09:37.104446,,1249
OV-Is,verify,1024,1,2.2,1,1,0,ip-172-31-18-18,linux,0,3.012,332.0,Signature,True,2025-11-21T22:09:37.107525,,1250
OV-Is,verify,1024,16,2.2,1,1,0,ip-172-31-18-18,linux,0,3.0187,331.27,Signature,True,2025-11-21T22:09:37.110611,,1251
OV-Is,verify,1024,16,2.2,1,1,0,ip-172-31-18-18,linux,0,3.0095,332.28,Signature,True,2025-11-21T22:09:37.113685,,1252
OV-Is,verify,1024,16,2.2,1,1,0,ip-172-31-18-18,linux,0,3.0113,332.08,Signature,True,2025-11-21T22:09:37.116760,,1253
OV-Is,verify,1024,16,2.2,1,1,0,ip-172-31-18-18,linux,0,2.9991,333.43,Signature,True,2025-11-21T22:09:37.119825,,1254
OV-Is,verify,1024,16,2.2,1,1,0,ip-172-31-18-18,linux,0,3.0546,327.37,Signature,True,2025-11-21T22:09:37.122945,,1255
OV-Is,verify,1024,64,2.2,1,1,0,ip-172-31-18-18,linux,0,3.0179,331.36,Signature,True,2025-11-21T22:09:37.126033,,1256
OV-Is,verify,1024,64,2.2,1,1,0,ip-172-31-18-18,linux,0,3.058,327.01,Signature,True,2025-11-21T22:09:37.129160,,1257
OV-Is,verify,1024,64,2.2,1,1,0,ip-172-31-18-18,linux,0,3.0112,332.09,Signature,True,2025-11-21T22:09:37.132236,,1258
OV-Is,verify,1024,64,2.2,1,1,0,ip-172-31-18-18,linux,0,3.0161,331.56,Signature,True,2025-11-21T22:09:37.135316,,1259
OV-Is,verify,1024,64,2.2,1,1,0,ip-172-31-18-18,linux,0,3.023,330.8,Signature,True,2025-11-21T22:09:37.138404,,1260
OV-Is-pkc,sign,0,1,2.2,1,1,0,ip-172-31-18-18,linux,0,3.1204,320.47,Signature,True,2025-11-21T22:09:37.141600,,1261
OV-Is-pkc,sign,0,1,2.2,1,1,0,ip-172-31-18-18,linux,0,3.0728,325.44,Signature,True,2025-11-21T22:09:37.144739,,1262
OV-Is-pkc,sign,0,1,2.2,1,1,0,ip-172-31-18-18,linux,0,3.1841,314.06,Signature,True,2025-11-21T22:09:37.147992,,1263
OV-Is-pkc,sign,0,1,2.2,1,1,0,ip-172-31-18-18,linux,0,3.1246,320.04,Signature,True,2025-11-21T22:09:37.151191,,1264
OV-Is-pkc,sign,0,1,2.2,1,1,0,ip-172-31-18-18,linux,0,3.0794,324.74,Signature,True,2025-11-21T22:09:37.154336,,1265
OV-Is-pkc,sign,0,16,2.2,1,1,0,ip-172-31-18-18,linux,0,3.0383,329.13,Signature,True,2025-11-21T22:09:37.157443,,1266
OV-Is-pkc,sign,0,16,2.2,1,1,0,ip-172-31-18-18,linux,0,3.0765,325.05,Signature,True,2025-11-21T22:09:37.160589,,1267
OV-Is-pkc,sign,0,16,2.2,1,1,0,ip-172-31-18-18,linux,0,3.0394,329.01,Signature,True,2025-11-21T22:09:37.163698,,1268
OV-Is-pkc,sign,0,16,2.2,1,1,0,ip-172-31-18-18,linux,0,3.071,325.63,Signature,True,2025-11-21T22:09:37.166837,,1269
OV-Is-pkc,sign,0,16,2.2,1,1,0,ip-172-31-18-18,linux,0,3.0785,324.83,Signature,True,2025-11-21T22:09:37.169983,,1270
OV-Is-pkc,sign,0,64,2.2,1,1,0,ip-172-31-18-18,linux,0,3.1319,319.29,Signature,True,2025-11-21T22:09:37.173183,,1271
OV-Is-pkc,sign,0,64,2.2,1,1,0,ip-172-31-18-18,linux,0,3.1386,318.61,Signature,True,2025-11-21T22:09:37.176387,,1272
OV-Is-pkc,sign,0,64,2.2,1,1,0,ip-172-31-18-18,linux,0,3.0853,324.11,Signature,True,2025-11-21T22:09:37.179539,,1273
OV-Is-pkc,sign,0,64,2.2,1,1,0,ip-172-31-18-18,linux,0,3.0836,324.3,Signature,True,2025-11-21T22:09:37.182687,,1274
OV-Is-pkc,sign,0,64,2.2,1,1,0,ip-172-31-18-18,linux,0,3.351,298.42,Signature,True,2025-11-21T22:09:37.186122,,1275
OV-Is-pkc,sign,1024,1,2.2,1,1,0,ip-172-31-18-18,linux,0,3.0741,325.3,Signature,True,2025-11-21T22:09:37.189265,,1276
OV-Is-pkc,sign,1024,1,2.2,1,1,0,ip-172-31-18-18,linux,0,3.0406,328.88,Signature,True,2025-11-21T22:09:37.192371,,1277
OV-Is-pkc,sign,1024,1,2.2,1,1,0,ip-172-31-18-18,linux,0,3.1596,316.5,Signature,True,2025-11-21T22:09:37.195598,,1278
OV-Is-pkc,sign,1024,1,2.2,1,1,0,ip-172-31-18-18,linux,0,3.0676,325.99,Signature,True,2025-11-21T22:09:37.198731,,1279
OV-Is-pkc,sign,1024,1,2.2,1,1,0,ip-172-31-18-18,linux,0,3.0635,326.43,Signature,True,2025-11-21T22:09:37.201860,,1280
OV-Is-pkc,sign,1024,16,2.2,1,1,0,ip-172-31-18-18,linux,0,3.0518,327.68,Signature,True,2025-11-21T22:09:37.204978,,1281
OV-Is-pkc,sign,1024,16,2.2,1,1,0,ip-172-31-18-18,linux,0,3.2033,312.18,Signature,True,2025-11-21T22:09:37.208247,,1282
OV-Is-pkc,sign,1024,16,2.2,1,1,0,ip-172-31-18-18,linux,0,3.1232,320.18,Signature,True,2025-11-21T22:09:37.211439,,1283
OV-Is-pkc,sign,1024,16,2.2,1,1,0,ip-172-31-18-18,linux,0,3.0588,326.92,Signature,True,2025-11-21T22:09:37.214584,,1284
OV-Is-pkc,sign,1024,16,2.2,1,1,0,ip-172-31-18-18,linux,0,3.637,274.95,Signature,True,2025-11-21T22:09:37.218294,,1285
OV-Is-pkc,sign,1024,64,2.2,1,1,0,ip-172-31-18-18,linux,0,3.1747,314.99,Signature,True,2025-11-21T22:09:37.221569,,1286
OV-Is-pkc,sign,1024,64,2.2,1,1,0,ip-172-31-18-18,linux,0,3.0841,324.24,Signature,True,2025-11-21T22:09:37.224725,,1287
OV-Is-pkc,sign,1024,64,2.2,1,1,0,ip-172-31-18-18,linux,0,3.0482,328.06,Signature,True,2025-11-21T22:09:37.227847,,1288
OV-Is-pkc,sign,1024,64,2.2,1,1,0,ip-172-31-18-18,linux,0,3.0736,325.36,Signature,True,2025-11-21T22:09:37.230986,,1289
OV-Is-pkc,sign,1024,64,2.2,1,1,0,ip-172-31-18-18,linux,0,3.112,321.34,Signature,True,2025-11-21T22:09:37.234165,,1290
OV-Is-pkc,verify,0,1,2.2,1,1,0,ip-172-31-18-18,linux,0,3.0519,327.67,Signature,True,2025-11-21T22:09:37.237292,,1291
OV-Is-pkc,verify,0,1,2.2,1,1,0,ip-172-31-18-18,linux,0,3.2255,310.03,Signature,True,2025-11-21T22:09:37.240582,,1292
OV-Is-pkc,verify,0,1,2.2,1,1,0,ip-172-31-18-18,linux,0,3.0406,328.89,Signature,True,2025-11-21T22:09:37.243689,,1293
OV-Is-pkc,verify,0,1,2.2,1,1,0,ip-172-31-18-18,linux,0,3.05,327.87,Signature,True,2025-11-21T22:09:37.246805,,1294
OV-Is-pkc,verify,0,1,2.2,1,1,0,ip-172-31-18-18,linux,0,3.1034,322.23,Signature,True,2025-11-21T22:09:37.249977,,1295
OV-Is-pkc,verify,0,16,2.2,1,1,0,ip-172-31-18-18,linux,0,3.2062,311.9,Signature,True,2025-11-21T22:09:37.253250,,1296
OV-Is-pkc,verify,0,16,2.2,1,1,0,ip-172-31-18-18,linux,0,3.0784,324.84,Signature,True,2025-11-21T22:09:37.256395,,1297
OV-Is-pkc,verify,0,16,2.2,1,1,0,ip-172-31-18-18,linux,0,3.1394,318.54,Signature,True,2025-11-21T22:09:37.259600,,1298
OV-Is-pkc,verify,0,16,2.2,1,1,0,ip-172-31-18-18,linux,0,3.0473,328.16,Signature,True,2025-11-21T22:09:37.262713,,1299
OV-Is-pkc,verify,0,16,2.2,1,1,0,ip-172-31-18-18,linux,0,3.0988,322.71,Signature,True,2025-11-21T22:09:37.265879,,1300
OV-Is-pkc,verify,0,64,2.2,1,1,0,ip-172-31-18-18,linux,0,3.0349,329.5,Signature,True,2025-11-21T22:09:37.269033,,1301
OV-Is-pkc,verify,0,64,2.2,1,1,0,ip-172-31-18-18,linux,0,3.1049,322.07,Signature,True,2025-11-21T22:09:37.272206,,1302
OV-Is-pkc,verify,0,64,2.2,1,1,0,ip-172-31-18-18,linux,0,3.0346,329.54,Signature,True,2025-11-21T22:09:37.275308,,1303
OV-Is-pkc,verify,0,64,2.2,1,1,0,ip-172-31-18-18,linux,0,3.0423,328.7,Signature,True,2025-11-21T22:09:37.278415,,1304
OV-Is-pkc,verify,0,64,2.2,1,1,0,ip-172-31-18-18,linux,0,3.038,329.17,Signature,True,2025-11-21T22:09:37.281520,,1305
OV-Is-pkc,verify,1024,1,2.2,1,1,0,ip-172-31-18-18,linux,0,3.0352,329.46,Signature,True,2025-11-21T22:09:37.284622,,1306
OV-Is-pkc,verify,1024,1,2.2,1,1,0,ip-172-31-18-18,linux,0,3.3782,296.02,Signature,True,2025-11-21T22:09:37.288075,,1307
OV-Is-pkc,verify,1024,1,2.2,1,1,0,ip-172-31-18-18,linux,0,3.176,314.86,Signature,True,2025-11-21T22:09:37.291394,,1308
OV-Is-pkc,verify,1024,1,2.2,1,1,0,ip-172-31-18-18,linux,0,3.0461,328.29,Signature,True,2025-11-21T22:09:37.294514,,1309
OV-Is-pkc,verify,1024,1,2.2,1,1,0,ip-172-31-18-18,linux,0,3.0461,328.29,Signature,True,2025-11-21T22:09:37.297627,,1310
OV-Is-pkc,verify,1024,16,2.2,1,1,0,ip-172-31-18-18,linux,0,3.1095,321.59,Signature,True,2025-11-21T22:09:37.300809,,1311
OV-Is-pkc,verify,1024,16,2.2,1,1,0,ip-172-31-18-18,linux,0,3.1309,319.4,Signature,True,2025-11-21T22:09:37.304025,,1312
OV-Is-pkc,verify,1024,16,2.2,1,1,0,ip-172-31-18-18,linux,0,3.2627,306.49,Signature,True,2025-11-21T22:09:37.307359,,1313
OV-Is-pkc,verify,1024,16,2.2,1,1,0,ip-172-31-18-18,linux,0,3.2011,312.4,Signature,True,2025-11-21T22:09:37.310642,,1314
OV-Is-pkc,verify,1024,16,2.2,1,1,0,ip-172-31-18-18,linux,0,3.0731,325.4,Signature,True,2025-11-21T22:09:37.313798,,1315
OV-Is-pkc,verify,1024,64,2.2,1,1,0,ip-172-31-18-18,linux,0,3.0618,326.61,Signature,True,2025-11-21T22:09:37.316926,,1316
OV-Is-pkc,verify,1024,64,2.2,1,1,0,ip-172-31-18-18,linux,0,3.2704,305.77,Signature,True,2025-11-21T22:09:37.320263,,1317
OV-Is-pkc,verify,1024,64,2.2,1,1,0,ip-172-31-18-18,linux,0,3.1664,315.82,Signature,True,2025-11-21T22:09:37.323495,,1318
OV-Is-pkc,verify,1024,64,2.2,1,1,0,ip-172-31-18-18,linux,0,3.2859,304.33,Signature,True,2025-11-21T22:09:37.326852,,1319
OV-Is-pkc,verify,1024,64,2.2,1,1,0,ip-172-31-18-18,linux,0,3.1664,315.82,Signature,True,2025-11-21T22:09:37.330116,,1320
OV-Is-pkc-skc,sign,0,1,2.2,1,1,0,ip-172-31-18-18,linux,0,4.8994,204.11,Signature,True,2025-11-21T22:09:37.335099,,1321
OV-Is-pkc-skc,sign,0,1,2.2,1,1,0,ip-172-31-18-18,linux,0,4.7859,208.95,Signature,True,2025-11-21T22:09:37.339968,,1322
OV-Is-pkc-skc,sign,0,1,2.2,1,1,0,ip-172-31-18-18,linux,0,4.8023,208.23,Signature,True,2025-11-21T22:09:37.344835,,1323
OV-Is-pkc-skc,sign,0,1,2.2,1,1,0,ip-172-31-18-18,linux,0,4.8236,207.32,Signature,True,2025-11-21T22:09:37.349723,,1324
OV-Is-pkc-skc,sign,0,1,2.2,1,1,0,ip-172-31-18-18,linux,0,4.7966,208.48,Signature,True,2025-11-21T22:09:37.354590,,1325
OV-Is-pkc-skc,sign,0,16,2.2,1,1,0,ip-172-31-18-18,linux,0,4.7387,211.03,Signature,True,2025-11-21T22:09:37.359407,,1326
OV-Is-pkc-skc,sign,0,16,2.2,1,1,0,ip-172-31-18-18,linux,0,4.7637,209.92,Signature,True,2025-11-21T22:09:37.364241,,1327
OV-Is-pkc-skc,sign,0,16,2.2,1,1,0,ip-172-31-18-18,linux,0,4.7475,210.64,Signature,True,2025-11-21T22:09:37.369060,,1328
OV-Is-pkc-skc,sign,0,16,2.2,1,1,0,ip-172-31-18-18,linux,0,4.8191,207.51,Signature,True,2025-11-21T22:09:37.373979,,1329
OV-Is-pkc-skc,sign,0,16,2.2,1,1,0,ip-172-31-18-18,linux,0,4.7547,210.32,Signature,True,2025-11-21T22:09:37.378805,,1330
OV-Is-pkc-skc,sign,0,64,2.2,1,1,0,ip-172-31-18-18,linux,0,4.7303,211.4,Signature,True,2025-11-21T22:09:37.383618,,1331
OV-Is-pkc-skc,sign,0,64,2.2,1,1,0,ip-172-31-18-18,linux,0,4.9065,203.81,Signature,True,2025-11-21T22:09:37.388602,,1332
OV-Is-pkc-skc,sign,0,64,2.2,1,1,0,ip-172-31-18-18,linux,0,4.7598,210.09,Signature,True,2025-11-21T22:09:37.393449,,1333
OV-Is-pkc-skc,sign,0,64,2.2,1,1,0,ip-172-31-18-18,linux,0,4.7696,209.66,Signature,True,2025-11-21T22:09:37.398288,,1334
OV-Is-pkc-skc,sign,0,64,2.2,1,1,0,ip-172-31-18-18,linux,0,4.7743,209.46,Signature,True,2025-11-21T22:09:37.403132,,1335
OV-Is-pkc-skc,sign,1024,1,2.2,1,1,0,ip-172-31-18-18,linux,0,4.8142,207.72,Signature,True,2025-11-21T22:09:37.408012,,1336
OV-Is-pkc-skc,sign,1024,1,2.2,1,1,0,ip-172-31-18-18,linux,0,4.8071,208.03,Signature,True,2025-11-21T22:09:37.412891,,1337
OV-Is-pkc-skc,sign,1024,1,2.2,1,1,0,ip-172-31-18-18,linux,0,4.7484,210.6,Signature,True,2025-11-21T22:09:37.417710,,1338
OV-Is-pkc-skc,sign,1024,1,2.2,1,1,0,ip-172-31-18-18,linux,0,4.8278,207.14,Signature,True,2025-11-21T22:09:37.422604,,1339
OV-Is-pkc-skc,sign,1024,1,2.2,1,1,0,ip-172-31-18-18,linux,0,4.7208,211.83,Signature,True,2025-11-21T22:09:37.427390,,1340
OV-Is-pkc-skc,sign,1024,16,2.2,1,1,0,ip-172-31-18-18,linux,0,4.7892,208.8,Signature,True,2025-11-21T22:09:37.432249,,1341
OV-Is-pkc-skc,sign,1024,16,2.2,1,1,0,ip-172-31-18-18,linux,0,4.7451,210.74,Signature,True,2025-11-21T22:09:37.437070,,1342
OV-Is-pkc-skc,sign,1024,16,2.2,1,1,0,ip-172-31-18-18,linux,0,4.7899,208.77,Signature,True,2025-11-21T22:09:37.441948,,1343
OV-Is-pkc-skc,sign,1024,16,2.2,1,1,0,ip-172-31-18-18,linux,0,4.7262,211.59,Signature,True,2025-11-21T22:09:37.446740,,1344
OV-Is-pkc-skc,sign,1024,16,2.2,1,1,0,ip-172-31-18-18,linux,0,4.7191,211.91,Signature,True,2025-11-21T22:09:37.451523,,1345
OV-Is-pkc-skc,sign,1024,64,2.2,1,1,0,ip-172-31-18-18,linux,0,4.7181,211.95,Signature,True,2025-11-21T22:09:37.456307,,1346
OV-Is-pkc-skc,sign,1024,64,2.2,1,1,0,ip-172-31-18-18,linux,0,4.7675,209.75,Signature,True,2025-11-21T22:09:37.461141,,1347
OV-Is-pkc-skc,sign,1024,64,2.2,1,1,0,ip-172-31-18-18,linux,0,4.7223,211.76,Signature,True,2025-11-21T22:09:37.465930,,1348
OV-Is-pkc-skc,sign,1024,64,2.2,1,1,0,ip-172-31-18-18,linux,0,4.7317,211.34,Signature,True,2025-11-21T22:09:37.470731,,1349
OV-Is-pkc-skc,sign,1024,64,2.2,1,1,0,ip-172-31-18-18,linux,0,4.8497,206.2,Signature,True,2025-11-21T22:09:37.475648,,1350
OV-Is-pkc-skc,verify,0,1,2.2,1,1,0,ip-172-31-18-18,linux,0,4.7344,211.22,Signature,True,2025-11-21T22:09:37.480460,,1351
OV-Is-pkc-skc,verify,0,1,2.2,1,1,0,ip-172-31-18-18,linux,0,4.754,210.35,Signature,True,2025-11-21T22:09:37.485280,,1352
OV-Is-pkc-skc,verify,0,1,2.2,1,1,0,ip-172-31-18-18,linux,0,4.7,212.76,Signature,True,2025-11-21T22:09:37.490046,,1353
OV-Is-pkc-skc,verify,0,1,2.2,1,1,0,ip-172-31-18-18,linux,0,4.7019,212.68,Signature,True,2025-11-21T22:09:37.494831,,1354
OV-Is-pkc-skc,verify,0,1,2.2,1,1,0,ip-172-31-18-18,linux,0,4.7186,211.93,Signature,True,2025-11-21T22:09:37.499615,,1355
OV-Is-pkc-skc,verify,0,16,2.2,1,1,0,ip-172-31-18-18,linux,0,4.7265,211.57,Signature,True,2025-11-21T22:09:37.504408,,1356
OV-Is-pkc-skc,verify,0,16,2.2,1,1,0,ip-172-31-18-18,linux,0,4.8944,204.31,Signature,True,2025-11-21T22:09:37.509371,,1357
OV-Is-pkc-skc,verify,0,16,2.2,1,1,0,ip-172-31-18-18,linux,0,4.8131,207.77,Signature,True,2025-11-21T22:09:37.514257,,1358
OV-Is-pkc-skc,verify,0,16,2.2,1,1,0,ip-172-31-18-18,linux,0,4.7742,209.46,Signature,True,2025-11-21T22:09:37.519116,,1359
OV-Is-pkc-skc,verify,0,16,2.2,1,1,0,ip-172-31-18-18,linux,0,4.6956,212.97,Signature,True,2025-11-21T22:09:37.523879,,1360
OV-Is-pkc-skc,verify,0,64,2.2,1,1,0,ip-172-31-18-18,linux,0,4.8878,204.59,Signature,True,2025-11-21T22:09:37.528838,,1361
OV-Is-pkc-skc,verify,0,64,2.2,1,1,0,ip-172-31-18-18,linux,0,4.7254,211.62,Signature,True,2025-11-21T22:09:37.533635,,1362
OV-Is-pkc-skc,verify,0,64,2.2,1,1,0,ip-172-31-18-18,linux,0,4.897,204.21,Signature,True,2025-11-21T22:09:37.538603,,1363
OV-Is-pkc-skc,verify,0,64,2.2,1,1,0,ip-172-31-18-18,linux,0,4.7144,212.11,Signature,True,2025-11-21T22:09:37.543383,,1364
OV-Is-pkc-skc,verify,0,64,2.2,1,1,0,ip-172-31-18-18,linux,0,4.7586,210.14,Signature,True,2025-11-21T22:09:37.548207,,1365
OV-Is-pkc-skc,verify,1024,1,2.2,1,1,0,ip-172-31-18-18,linux,0,4.7512,210.47,Signature,True,2025-11-21T22:09:37.553027,,1366
OV-Is-pkc-skc,verify,1024,1,2.2,1,1,0,ip-172-31-18-18,linux,0,4.9954,200.18,Signature,True,2025-11-21T22:09:37.558094,,1367
OV-Is-pkc-skc,verify,1024,1,2.2,1,1,0,ip-172-31-18-18,linux,0,4.8234,207.32,Signature,True,2025-11-21T22:09:37.563065,,1368
OV-Is-pkc-skc,verify,1024,1,2.2,1,1,0,ip-172-31-18-18,linux,0,4.9041,203.91,Signature,True,2025-11-21T22:09:37.568083,,1369
OV-Is-pkc-skc,verify,1024,1,2.2,1,1,0,ip-172-31-18-18,linux,0,4.7814,209.14,Signature,True,2025-11-21T22:09:37.572981,,1370
OV-Is-pkc-skc,verify,1024,16,2.2,1,1,0,ip-172-31-18-18,linux,0,4.801,208.29,Signature,True,2025-11-21T22:09:37.577854,,1371
OV-Is-pkc-skc,verify,1024,16,2.2,1,1,0,ip-172-31-18-18,linux,0,4.8261,207.21,Signature,True,2025-11-21T22:09:37.582747,,1372
OV-Is-pkc-skc,verify,1024,16,2.2,1,1,0,ip-172-31-18-18,linux,0,4.8424,206.51,Signature,True,2025-11-21T22:09:37.587657,,1373
OV-Is-pkc-skc,verify,1024,16,2.2,1,1,0,ip-172-31-18-18,linux,0,4.8649,205.55,Signature,True,2025-11-21T22:09:37.592589,,1374
OV-Is-pkc-skc,verify,1024,16,2.2,1,1,0,ip-172-31-18-18,linux,0,4.864,205.59,Signature,True,2025-11-21T22:09:37.597531,,1375
OV-Is-pkc-skc,verify,1024,64,2.2,1,1,0,ip-172-31-18-18,linux,0,4.8576,205.86,Signature,True,2025-11-21T22:09:37.602485,,1376
OV-Is-pkc-skc,verify,1024,64,2.2,1,1,0,ip-172-31-18-18,linux,0,4.7665,209.8,Signature,True,2025-11-21T22:09:37.607364,,1377
OV-Is-pkc-skc,verify,1024,64,2.2,1,1,0,ip-172-31-18-18,linux,0,4.929,202.88,Signature,True,2025-11-21T22:09:37.612381,,1378
OV-Is-pkc-skc,verify,1024,64,2.2,1,1,0,ip-172-31-18-18,linux,0,4.9307,202.81,Signature,True,2025-11-21T22:09:37.617409,,1379
OV-Is-pkc-skc,verify,1024,64,2.2,1,1,0,ip-172-31-18-18,linux,0,5.1075,195.79,Signature,True,2025-11-21T22:09:37.622649,,1380
OV-V,sign,0,1,2.2,1,1,0,ip-172-31-18-18,linux,0,39.1995,25.51,Signature,True,2025-11-21T22:09:37.662703,,1381
OV-V,sign,0,1,2.2,1,1,0,ip-172-31-18-18,linux,0,35.3107,28.32,Signature,True,2025-11-21T22:09:37.699239,,1382
OV-V,sign,0,1,2.2,1,1,0,ip-172-31-18-18,linux,0,37.4162,26.73,Signature,True,2025-11-21T22:09:37.737923,,1383
OV-V,sign,0,1,2.2,1,1,0,ip-172-31-18-18,linux,0,37.4805,26.68,Signature,True,2025-11-21T22:09:37.776845,,1384
OV-V,sign,0,1,2.2,1,1,0,ip-172-31-18-18,linux,0,37.0038,27.02,Signature,True,2025-11-21T22:09:37.815236,,1385
OV-V,sign,0,16,2.2,1,1,0,ip-172-31-18-18,linux,0,39.1499,25.54,Signature,True,2025-11-21T22:09:37.855690,,1386
OV-V,sign,0,16,2.2,1,1,0,ip-172-31-18-18,linux,0,38.4851,25.98,Signature,True,2025-11-21T22:09:37.895462,,1387
OV-V,sign,0,16,2.2,1,1,0,ip-172-31-18-18,linux,0,37.7596,26.48,Signature,True,2025-11-21T22:09:37.934521,,1388
OV-V,sign,0,16,2.2,1,1,0,ip-172-31-18-18,linux,0,42.3486,23.61,Signature,True,2025-11-21T22:09:37.978211,,1389
OV-V,sign,0,16,2.2,1,1,0,ip-172-31-18-18,linux,0,40.1588,24.9,Signature,True,2025-11-21T22:09:38.020771,,1390
OV-V,sign,0,64,2.2,1,1,0,ip-172-31-18-18,linux,0,42.285,23.65,Signature,True,2025-11-21T22:09:38.064308,,1391
OV-V,sign,0,64,2.2,1,1,0,ip-172-31-18-18,linux,0,37.8739,26.4,Signature,True,2025-11-21T22:09:38.103817,,1392
OV-V,sign,0,64,2.2,1,1,0,ip-172-31-18-18,linux,0,39.1636,25.53,Signature,True,2025-11-21T22:09:38.144316,,1393
OV-V,sign,0,64,2.2,1,1,0,ip-172-31-18-18,linux,0,42.6397,23.45,Signature,True,2025-11-21T22:09:38.188316,,1394
OV-V,sign,0,64,2.2,1,1,0,ip-172-31-18-18,linux,0,42.5264,23.51,Signature,True,2025-11-21T22:09:38.232253,,1395
OV-V,sign,1024,1,2.2,1,1,0,ip-172-31-18-18,linux,0,38.1196,26.23,Signature,True,2025-11-21T22:09:38.271674,,1396
OV-V,sign,1024,1,2.2,1,1,0,ip-172-31-18-18,linux,0,36.8281,27.15,Signature,True,2025-11-21T22:09:38.309794,,1397
OV-V,sign,1024,1,2.2,1,1,0,ip-172-31-18-18,linux,0,39.5364,25.29,Signature,True,2025-11-21T22:09:38.350730,,1398
OV-V,sign,1024,1,2.2,1,1,0,ip-172-31-18-18,linux,0,40.0096,24.99,Signature,True,2025-11-21T22:09:38.392160,,1399
OV-V,sign,1024,1,2.2,1,1,0,ip-172-31-18-18,linux,0,38.7914,25.78,Signature,True,2025-11-21T22:09:38.432326,,1400
OV-V,sign,1024,16,2.2,1,1,0,ip-172-31-18-18,linux,0,42.0688,23.77,Signature,True,2025-11-21T22:09:38.475669,,1401
OV-V,sign,1024,16,2.2,1,1,0,ip-172-31-18-18,linux,0,37.2375,26.85,Signature,True,2025-11-21T22:09:38.514173,,1402
OV-V,sign,1024,16,2.2,1,1,0,ip-172-31-18-18,linux,0,37.5291,26.65,Signature,True,2025-11-21T22:09:38.553293,,1403
OV-V,sign,1024,16,2.2,1,1,0,ip-172-31-18-18,linux,0,37.5318,26.64,Signature,True,2025-11-21T22:09:38.592182,,1404
OV-V,sign,1024,16,2.2,1,1,0,ip-172-31-18-18,linux,0,37.2679,26.83,Signature,True,2025-11-21T22:09:38.630675,,1405
OV-V,sign,1024,64,2.2,1,1,0,ip-172-31-18-18,linux,0,37.2507,26.85,Signature,True,2025-11-21T22:09:38.669224,,1406
OV-V,sign,1024,64,2.2,1,1,0,ip-172-31-18-18,linux,0,37.2068,26.88,Signature,True,2025-11-21T22:09:38.707812,,1407
OV-V,sign,1024,64,2.2,1,1,0,ip-172-31-18-18,linux,0,37.8334,26.43,Signature,True,2025-11-21T22:09:38.746968,,1408
OV-V,sign,1024,64,2.2,1,1,0,ip-172-31-18-18,linux,0,37.1808,26.9,Signature,True,2025-11-21T22:09:38.785785,,1409
OV-V,sign,1024,64,2.2,1,1,0,ip-172-31-18-18,linux,0,37.3706,26.76,Signature,True,2025-11-21T22:09:38.824461,,1410
OV-V,verify,0,1,2.2,1,1,0,ip-172-31-18-18,linux,0,36.8079,27.17,Signature,True,2025-11-21T22:09:38.862580,,1411
OV-V,verify,0,1,2.2,1,1,0,ip-172-31-18-18,linux,0,36.9987,27.03,Signature,True,2025-11-21T22:09:38.900872,,1412
OV-V,verify,0,1,2.2,1,1,0,ip-172-31-18-18,linux,0,36.6861,27.26,Signature,True,2025-11-21T22:09:38.938816,,1413
OV-V,verify,0,1,2.2,1,1,0,ip-172-31-18-18,linux,0,36.8813,27.11,Signature,True,2025-11-21T22:09:38.976944,,1414
OV-V,verify,0,1,2.2,1,1,0,ip-172-31-18-18,linux,0,36.5958,27.33,Signature,True,2025-11-21T22:09:39.014785,,1415
OV-V,verify,0,16,2.2,1,1,0,ip-172-31-18-18,linux,0,36.6121,27.31,Signature,True,2025-11-21T22:09:39.052628,,1416
OV-V,verify,0,16,2.2,1,1,0,ip-172-31-18-18,linux,0,36.8749,27.12,Signature,True,2025-11-21T22:09:39.090758,,1417
OV-V,verify,0,16,2.2,1,1,0,ip-172-31-18-18,linux,0,36.7095,27.24,Signature,True,2025-11-21T22:09:39.128704,,1418
OV-V,verify,0,16,2.2,1,1,0,ip-172-31-18-18,linux,0,36.7607,27.2,Signature,True,2025-11-21T22:09:39.166715,,1419
OV-V,verify,0,16,2.2,1,1,0,ip-172-31-18-18,linux,0,36.9165,27.09,Signature,True,2025-11-21T22:09:39.204885,,1420
OV-V,verify,0,64,2.2,1,1,0,ip-172-31-18-18,linux,0,37.0237,27.01,Signature,True,2025-11-21T22:09:39.243163,,1421
OV-V,verify,0,64,2.2,1,1,0,ip-172-31-18-18,linux,0,37.2437,26.85,Signature,True,2025-11-21T22:09:39.281682,,1422
OV-V,verify,0,64,2.2,1,1,0,ip-172-31-18-18,linux,0,36.745,27.21,Signature,True,2025-11-21T22:09:39.319674,,1423
OV-V,verify,0,64,2.2,1,1,0,ip-172-31-18-18,linux,0,36.7997,27.17,Signature,True,2025-11-21T22:09:39.357728,,1424
OV-V,verify,0,64,2.2,1,1,0,ip-172-31-18-18,linux,0,36.6679,27.27,Signature,True,2025-11-21T22:09:39.395711,,1425
OV-V,verify,1024,1,2.2,1,1,0,ip-172-31-18-18,linux,0,36.8179,27.16,Signature,True,2025-11-21T22:09:39.433763,,1426
OV-V,verify,1024,1,2.2,1,1,0,ip-172-31-18-18,linux,0,36.6969,27.25,Signature,True,2025-11-21T22:09:39.471673,,1427
OV-V,verify,1024,1,2.2,1,1,0,ip-172-31-18-18,linux,0,36.5519,27.36,Signature,True,2025-11-21T22:09:39.509439,,1428
OV-V,verify,1024,1,2.2,1,1,0,ip-172-31-18-18,linux,0,36.6157,27.31,Signature,True,2025-11-21T22:09:39.547254,,1429
OV-V,verify,1024,1,2.2,1,1,0,ip-172-31-18-18,linux,0,36.4631,27.42,Signature,True,2025-11-21T22:09:39.584982,,1430
OV-V,verify,1024,16,2.2,1,1,0,ip-172-31-18-18,linux,0,37.036,27.0,Signature,True,2025-11-21T22:09:39.623301,,1431
OV-V,verify,1024,16,2.2,1,1,0,ip-172-31-18-18,linux,0,37.62,26.58,Signature,True,2025-11-21T22:09:39.662160,,1432
OV-V,verify,1024,16,2.2,1,1,0,ip-172-31-18-18,linux,0,37.396,26.74,Signature,True,2025-11-21T22:09:39.700842,,1433
OV-V,verify,1024,16,2.2,1,1,0,ip-172-31-18-18,linux,0,36.6272,27.3,Signature,True,2025-11-21T22:09:39.738699,,1434
OV-V,verify,1024,16,2.2,1,1,0,ip-172-31-18-18,linux,0,36.6479,27.29,Signature,True,2025-11-21T22:09:39.776596,,1435
OV-V,verify,1024,64,2.2,1,1,0,ip-172-31-18-18,linux,0,36.6972,27.25,Signature,True,2025-11-21T22:09:39.814552,,1436
OV-V,verify,1024,64,2.2,1,1,0,ip-172-31-18-18,linux,0,36.9583,27.06,Signature,True,2025-11-21T22:09:39.852731,,1437
OV-V,verify,1024,64,2.2,1,1,0,ip-172-31-18-18,linux,0,36.6906,27.25,Signature,True,2025-11-21T22:09:39.890717,,1438
OV-V,verify,1024,64,2.2,1,1,0,ip-172-31-18-18,linux,0,36.8384,27.15,Signature,True,2025-11-21T22:09:39.928785,,1439
OV-V,verify,1024,64,2.2,1,1,0,ip-172-31-18-18,linux,0,36.7806,27.19,Signature,True,2025-11-21T22:09:39.966774,,1440
OV-V-pkc,sign,0,1,2.2,1,1,0,ip-172-31-18-18,linux,0,34.6764,28.84,Signature,True,2025-11-21T22:09:40.002487,,1441
OV-V-pkc,sign,0,1,2.2,1,1,0,ip-172-31-18-18,linux,0,34.7548,28.77,Signature,True,2025-11-21T22:09:40.038221,,1442
OV-V-pkc,sign,0,1,2.2,1,1,0,ip-172-31-18-18,linux,0,34.5668,28.93,Signature,True,2025-11-21T22:09:40.073785,,1443
OV-V-pkc,sign,0,1,2.2,1,1,0,ip-172-31-18-18,linux,0,34.617,28.89,Signature,True,2025-11-21T22:09:40.109378,,1444
OV-V-pkc,sign,0,1,2.2,1,1,0,ip-172-31-18-18,linux,0,35.3808,28.26,Signature,True,2025-11-21T22:09:40.145781,,1445
OV-V-pkc,sign,0,16,2.2,1,1,0,ip-172-31-18-18,linux,0,36.3759,27.49,Signature,True,2025-11-21T22:09:40.183604,,1446
OV-V-pkc,sign,0,16,2.2,1,1,0,ip-172-31-18-18,linux,0,35.1393,28.46,Signature,True,2025-11-21T22:09:40.219806,,1447
OV-V-pkc,sign,0,16,2.2,1,1,0,ip-172-31-18-18,linux,0,34.66,28.85,Signature,True,2025-11-21T22:09:40.255457,,1448
OV-V-pkc,sign,0,16,2.2,1,1,0,ip-172-31-18-18,linux,0,34.6124,28.89,Signature,True,2025-11-21T22:09:40.290959,,1449
OV-V-pkc,sign,0,16,2.2,1,1,0,ip-172-31-18-18,linux,0,34.8336,28.71,Signature,True,2025-11-21T22:09:40.326793,,1450
OV-V-pkc,sign,0,64,2.2,1,1,0,ip-172-31-18-18,linux,0,35.1044,28.49,Signature,True,2025-11-21T22:09:40.362857,,1451
OV-V-pkc,sign,0,64,2.2,1,1,0,ip-172-31-18-18,linux,0,34.5102,28.98,Signature,True,2025-11-21T22:09:40.398358,,1452
OV-V-pkc,sign,0,64,2.2,1,1,0,ip-172-31-18-18,linux,0,34.5166,28.97,Signature,True,2025-11-21T22:09:40.433825,,1453
OV-V-pkc,sign,0,64,2.2,1,1,0,ip-172-31-18-18,linux,0,34.3613,29.1,Signature,True,2025-11-21T22:09:40.469098,,1454
OV-V-pkc,sign,0,64,2.2,1,1,0,ip-172-31-18-18,linux,0,34.3577,29.11,Signature,True,2025-11-21T22:09:40.504434,,1455
OV-V-pkc,sign,1024,1,2.2,1,1,0,ip-172-31-18-18,linux,0,34.5494,28.94,Signature,True,2025-11-21T22:09:40.540034,,1456
OV-V-pkc,sign,1024,1,2.2,1,1,0,ip-172-31-18-18,linux,0,34.2868,29.17,Signature,True,2025-11-21T22:09:40.575313,,1457
OV-V-pkc,sign,1024,1,2.2,1,1,0,ip-172-31-18-18,linux,0,34.4651,29.01,Signature,True,2025-11-21T22:09:40.610754,,1458
OV-V-pkc,sign,1024,1,2.2,1,1,0,ip-172-31-18-18,linux,0,35.3456,28.29,Signature,True,2025-11-21T22:09:40.647003,,1459
OV-V-pkc,sign,1024,1,2.2,1,1,0,ip-172-31-18-18,linux,0,34.5889,28.91,Signature,True,2025-11-21T22:09:40.682615,,1460
OV-V-pkc,sign,1024,16,2.2,1,1,0,ip-172-31-18-18,linux,0,34.5912,28.91,Signature,True,2025-11-21T22:09:40.718152,,1461
OV-V-pkc,sign,1024,16,2.2,1,1,0,ip-172-31-18-18,linux,0,34.5447,28.95,Signature,True,2025-11-21T22:09:40.753643,,1462
OV-V-pkc,sign,1024,16,2.2,1,1,0,ip-172-31-18-18,linux,0,36.5876,27.33,Signature,True,2025-11-21T22:09:40.791150,,1463
OV-V-pkc,sign,1024,16,2.2,1,1,0,ip-172-31-18-18,linux,0,34.4785,29.0,Signature,True,2025-11-21T22:09:40.826656,,1464
OV-V-pkc,sign,1024,16,2.2,1,1,0,ip-172-31-18-18,linux,0,34.5565,28.94,Signature,True,2025-11-21T22:09:40.862169,,1465
OV-V-pkc,sign,1024,64,2.2,1,1,0,ip-172-31-18-18,linux,0,34.3949,29.07,Signature,True,2025-11-21T22:09:40.897609,,1466
OV-V-pkc,sign,1024,64,2.2,1,1,0,ip-172-31-18-18,linux,0,34.6006,28.9,Signature,True,2025-11-21T22:09:40.933169,,1467
OV-V-pkc,sign,1024,64,2.2,1,1,0,ip-172-31-18-18,linux,0,34.6139,28.89,Signature,True,2025-11-21T22:09:40.968785,,1468
OV-V-pkc,sign,1024,64,2.2,1,1,0,ip-172-31-18-18,linux,0,34.8325,28.71,Signature,True,2025-11-21T22:09:41.004716,,1469
OV-V-pkc,sign,1024,64,2.2,1,1,0,ip-172-31-18-18,linux,0,34.5319,28.96,Signature,True,2025-11-21T22:09:41.040182,,1470
OV-V-pkc,verify,0,1,2.2,1,1,0,ip-172-31-18-18,linux,0,34.6632,28.85,Signature,True,2025-11-21T22:09:41.075859,,1471
OV-V-pkc,verify,0,1,2.2,1,1,0,ip-172-31-18-18,linux,0,34.6669,28.85,Signature,True,2025-11-21T22:09:41.111716,,1472
OV-V-pkc,verify,0,1,2.2,1,1,0,ip-172-31-18-18,linux,0,34.8974,28.66,Signature,True,2025-11-21T22:09:41.147645,,1473
OV-V-pkc,verify,0,1,2.2,1,1,0,ip-172-31-18-18,linux,0,34.385,29.08,Signature,True,2025-11-21T22:09:41.182956,,1474
OV-V-pkc,verify,0,1,2.2,1,1,0,ip-172-31-18-18,linux,0,34.4796,29.0,Signature,True,2025-11-21T22:09:41.218489,,1475
OV-V-pkc,verify,0,16,2.2,1,1,0,ip-172-31-18-18,linux,0,34.6579,28.85,Signature,True,2025-11-21T22:09:41.254052,,1476
OV-V-pkc,verify,0,16,2.2,1,1,0,ip-172-31-18-18,linux,0,35.5594,28.12,Signature,True,2025-11-21T22:09:41.290634,,1477
OV-V-pkc,verify,0,16,2.2,1,1,0,ip-172-31-18-18,linux,0,34.634,28.87,Signature,True,2025-11-21T22:09:41.326259,,1478
OV-V-pkc,verify,0,16,2.2,1,1,0,ip-172-31-18-18,linux,0,34.7527,28.77,Signature,True,2025-11-21T22:09:41.361934,,1479
OV-V-pkc,verify,0,16,2.2,1,1,0,ip-172-31-18-18,linux,0,34.4601,29.02,Signature,True,2025-11-21T22:09:41.397404,,1480
OV-V-pkc,verify,0,64,2.2,1,1,0,ip-172-31-18-18,linux,0,34.5393,28.95,Signature,True,2025-11-21T22:09:41.432914,,1481
OV-V-pkc,verify,0,64,2.2,1,1,0,ip-172-31-18-18,linux,0,34.3436,29.12,Signature,True,2025-11-21T22:09:41.468194,,1482
OV-V-pkc,verify,0,64,2.2,1,1,0,ip-172-31-18-18,linux,0,34.3874,29.08,Signature,True,2025-11-21T22:09:41.503570,,1483
OV-V-pkc,verify,0,64,2.2,1,1,0,ip-172-31-18-18,linux,0,36.1288,27.68,Signature,True,2025-11-21T22:09:41.540749,,1484
OV-V-pkc,verify,0,64,2.2,1,1,0,ip-172-31-18-18,linux,0,34.7982,28.74,Signature,True,2025-11-21T22:09:41.576575,,1485
OV-V-pkc,verify,1024,1,2.2,1,1,0,ip-172-31-18-18,linux,0,37.7341,26.5,Signature,True,2025-11-21T22:09:41.615472,,1486
OV-V-pkc,verify,1024,1,2.2,1,1,0,ip-172-31-18-18,linux,0,39.0592,25.6,Signature,True,2025-11-21T22:09:41.655577,,1487
OV-V-pkc,verify,1024,1,2.2,1,1,0,ip-172-31-18-18,linux,0,34.9843,28.58,Signature,True,2025-11-21T22:09:41.691544,,1488
OV-V-pkc,verify,1024,1,2.2,1,1,0,ip-172-31-18-18,linux,0,35.7287,27.99,Signature,True,2025-11-21T22:09:41.728355,,1489
OV-V-pkc,verify,1024,1,2.2,1,1,0,ip-172-31-18-18,linux,0,38.8343,25.75,Signature,True,2025-11-21T22:09:41.768177,,1490
OV-V-pkc,verify,1024,16,2.2,1,1,0,ip-172-31-18-18,linux,0,45.226,22.11,Signature,True,2025-11-21T22:09:41.814472,,1491
OV-V-pkc,verify,1024,16,2.2,1,1,0,ip-172-31-18-18,linux,0,45.4185,22.02,Signature,True,2025-11-21T22:09:41.861524,,1492
OV-V-pkc,verify,1024,16,2.2,1,1,0,ip-172-31-18-18,linux,0,35.4215,28.23,Signature,True,2025-11-21T22:09:41.897997,,1493
OV-V-pkc,verify,1024,16,2.2,1,1,0,ip-172-31-18-18,linux,0,39.2437,25.48,Signature,True,2025-11-21T22:09:41.938278,,1494
OV-V-pkc,verify,1024,16,2.2,1,1,0,ip-172-31-18-18,linux,0,35.1203,28.47,Signature,True,2025-11-21T22:09:41.974424,,1495
OV-V-pkc,verify,1024,64,2.2,1,1,0,ip-172-31-18-18,linux,0,34.9067,28.65,Signature,True,2025-11-21T22:09:42.010316,,1496
OV-V-pkc,verify,1024,64,2.2,1,1,0,ip-172-31-18-18,linux,0,35.0847,28.5,Signature,True,2025-11-21T22:09:42.046447,,1497
OV-V-pkc,verify,1024,64,2.2,1,1,0,ip-172-31-18-18,linux,0,34.7686,28.76,Signature,True,2025-11-21T22:09:42.082193,,1498
OV-V-pkc,verify,1024,64,2.2,1,1,0,ip-172-31-18-18,linux,0,34.8496,28.69,Signature,True,2025-11-21T22:09:42.117978,,1499
OV-V-pkc,verify,1024,64,2.2,1,1,0,ip-172-31-18-18,linux,0,34.7879,28.75,Signature,True,2025-11-21T22:09:42.153768,,1500
OV-V-pkc-skc,sign,0,1,2.2,1,1,0,ip-172-31-18-18,linux,0,49.7065,20.12,Signature,True,2025-11-21T22:09:42.203628,,1501
OV-V-pkc-skc,sign,0,1,2.2,1,1,0,ip-172-31-18-18,linux,0,47.3301,21.13,Signature,True,2025-11-21T22:09:42.251085,,1502
OV-V-pkc-skc,sign,0,1,2.2,1,1,0,ip-172-31-18-18,linux,0,50.4701,19.81,Signature,True,2025-11-21T22:09:42.301709,,1503
OV-V-pkc-skc,sign,0,1,2.2,1,1,0,ip-172-31-18-18,linux,0,47.3141,21.14,Signature,True,2025-11-21T22:09:42.349151,,1504
OV-V-pkc-skc,sign,0,1,2.2,1,1,0,ip-172-31-18-18,linux,0,48.681,20.54,Signature,True,2025-11-21T22:09:42.397968,,1505
OV-V-pkc-skc,sign,0,16,2.2,1,1,0,ip-172-31-18-18,linux,0,47.0037,21.27,Signature,True,2025-11-21T22:09:42.445122,,1506
OV-V-pkc-skc,sign,0,16,2.2,1,1,0,ip-172-31-18-18,linux,0,46.8848,21.33,Signature,True,2025-11-21T22:09:42.492182,,1507
OV-V-pkc-skc,sign,0,16,2.2,1,1,0,ip-172-31-18-18,linux,0,47.29,21.15,Signature,True,2025-11-21T22:09:42.539596,,1508
OV-V-pkc-skc,sign,0,16,2.2,1,1,0,ip-172-31-18-18,linux,0,46.8839,21.33,Signature,True,2025-11-21T22:09:42.586605,,1509
OV-V-pkc-skc,sign,0,16,2.2,1,1,0,ip-172-31-18-18,linux,0,58.8565,16.99,Signature,True,2025-11-21T22:09:42.645587,,1510
OV-V-pkc-skc,sign,0,64,2.2,1,1,0,ip-172-31-18-18,linux,0,46.9288,21.31,Signature,True,2025-11-21T22:09:42.692650,,1511
OV-V-pkc-skc,sign,0,64,2.2,1,1,0,ip-172-31-18-18,linux,0,46.7845,21.37,Signature,True,2025-11-21T22:09:42.739574,,1512
OV-V-pkc-skc,sign,0,64,2.2,1,1,0,ip-172-31-18-18,linux,0,46.6485,21.44,Signature,True,2025-11-21T22:09:42.786342,,1513
OV-V-pkc-skc,sign,0,64,2.2,1,1,0,ip-172-31-18-18,linux,0,46.6482,21.44,Signature,True,2025-11-21T22:09:42.833141,,1514
OV-V-pkc-skc,sign,0,64,2.2,1,1,0,ip-172-31-18-18,linux,0,46.5286,21.49,Signature,True,2025-11-21T22:09:42.879796,,1515
OV-V-pkc-skc,sign,1024,1,2.2,1,1,0,ip-172-31-18-18,linux,0,48.1748,20.76,Signature,True,2025-11-21T22:09:42.928098,,1516
OV-V-pkc-skc,sign,1024,1,2.2,1,1,0,ip-172-31-18-18,linux,0,47.0339,21.26,Signature,True,2025-11-21T22:09:42.975272,,1517
OV-V-pkc-skc,sign,1024,1,2.2,1,1,0,ip-172-31-18-18,linux,0,46.5922,21.46,Signature,True,2025-11-21T22:09:43.021984,,1518
OV-V-pkc-skc,sign,1024,1,2.2,1,1,0,ip-172-31-18-18,linux,0,46.5289,21.49,Signature,True,2025-11-21T22:09:43.068638,,1519
OV-V-pkc-skc,sign,1024,1,2.2,1,1,0,ip-172-31-18-18,linux,0,46.627,21.45,Signature,True,2025-11-21T22:09:43.115403,,1520
OV-V-pkc-skc,sign,1024,16,2.2,1,1,0,ip-172-31-18-18,linux,0,46.7854,21.37,Signature,True,2025-11-21T22:09:43.162311,,1521
OV-V-pkc-skc,sign,1024,16,2.2,1,1,0,ip-172-31-18-18,linux,0,46.6813,21.42,Signature,True,2025-11-21T22:09:43.209127,,1522
OV-V-pkc-skc,sign,1024,16,2.2,1,1,0,ip-172-31-18-18,linux,0,46.6207,21.45,Signature,True,2025-11-21T22:09:43.255865,,1523
OV-V-pkc-skc,sign,1024,16,2.2,1,1,0,ip-172-31-18-18,linux,0,47.5955,21.01,Signature,True,2025-11-21T22:09:43.303588,,1524
OV-V-pkc-skc,sign,1024,16,2.2,1,1,0,ip-172-31-18-18,linux,0,46.6311,21.44,Signature,True,2025-11-21T22:09:43.350340,,1525
OV-V-pkc-skc,sign,1024,64,2.2,1,1,0,ip-172-31-18-18,linux,0,46.5282,21.49,Signature,True,2025-11-21T22:09:43.396988,,1526
OV-V-pkc-skc,sign,1024,64,2.2,1,1,0,ip-172-31-18-18,linux,0,46.6012,21.46,Signature,True,2025-11-21T22:09:43.443709,,1527
OV-V-pkc-skc,sign,1024,64,2.2,1,1,0,ip-172-31-18-18,linux,0,46.3744,21.56,Signature,True,2025-11-21T22:09:43.490204,,1528
OV-V-pkc-skc,sign,1024,64,2.2,1,1,0,ip-172-31-18-18,linux,0,46.6836,21.42,Signature,True,2025-11-21T22:09:43.537003,,1529
OV-V-pkc-skc,sign,1024,64,2.2,1,1,0,ip-172-31-18-18,linux,0,46.5283,21.49,Signature,True,2025-11-21T22:09:43.583666,,1530
OV-V-pkc-skc,verify,0,1,2.2,1,1,0,ip-172-31-18-18,linux,0,46.5014,21.5,Signature,True,2025-11-21T22:09:43.630293,,1531
OV-V-pkc-skc,verify,0,1,2.2,1,1,0,ip-172-31-18-18,linux,0,47.2438,21.17,Signature,True,2025-11-21T22:09:43.677661,,1532
OV-V-pkc-skc,verify,0,1,2.2,1,1,0,ip-172-31-18-18,linux,0,46.5175,21.5,Signature,True,2025-11-21T22:09:43.724308,,1533
OV-V-pkc-skc,verify,0,1,2.2,1,1,0,ip-172-31-18-18,linux,0,46.9089,21.32,Signature,True,2025-11-21T22:09:43.771335,,1534
OV-V-pkc-skc,verify,0,1,2.2,1,1,0,ip-172-31-18-18,linux,0,46.4889,21.51,Signature,True,2025-11-21T22:09:43.817946,,1535
OV-V-pkc-skc,verify,0,16,2.2,1,1,0,ip-172-31-18-18,linux,0,46.654,21.43,Signature,True,2025-11-21T22:09:43.864725,,1536
OV-V-pkc-skc,verify,0,16,2.2,1,1,0,ip-172-31-18-18,linux,0,46.5221,21.5,Signature,True,2025-11-21T22:09:43.911366,,1537
OV-V-pkc-skc,verify,0,16,2.2,1,1,0,ip-172-31-18-18,linux,0,46.8909,21.33,Signature,True,2025-11-21T22:09:43.958384,,1538
OV-V-pkc-skc,verify,0,16,2.2,1,1,0,ip-172-31-18-18,linux,0,46.536,21.49,Signature,True,2025-11-21T22:09:44.005036,,1539
OV-V-pkc-skc,verify,0,16,2.2,1,1,0,ip-172-31-18-18,linux,0,48.9801,20.42,Signature,True,2025-11-21T22:09:44.054169,,1540
OV-V-pkc-skc,verify,0,64,2.2,1,1,0,ip-172-31-18-18,linux,0,46.5952,21.46,Signature,True,2025-11-21T22:09:44.100886,,1541
OV-V-pkc-skc,verify,0,64,2.2,1,1,0,ip-172-31-18-18,linux,0,47.1968,21.19,Signature,True,2025-11-21T22:09:44.148203,,1542
OV-V-pkc-skc,verify,0,64,2.2,1,1,0,ip-172-31-18-18,linux,0,46.9835,21.28,Signature,True,2025-11-21T22:09:44.195307,,1543
OV-V-pkc-skc,verify,0,64,2.2,1,1,0,ip-172-31-18-18,linux,0,46.9354,21.31,Signature,True,2025-11-21T22:09:44.242361,,1544
OV-V-pkc-skc,verify,0,64,2.2,1,1,0,ip-172-31-18-18,linux,0,46.7932,21.37,Signature,True,2025-11-21T22:09:44.289272,,1545
OV-V-pkc-skc,verify,1024,1,2.2,1,1,0,ip-172-31-18-18,linux,0,46.6083,21.46,Signature,True,2025-11-21T22:09:44.335999,,1546
OV-V-pkc-skc,verify,1024,1,2.2,1,1,0,ip-172-31-18-18,linux,0,46.7039,21.41,Signature,True,2025-11-21T22:09:44.382844,,1547
OV-V-pkc-skc,verify,1024,1,2.2,1,1,0,ip-172-31-18-18,linux,0,46.6571,21.43,Signature,True,2025-11-21T22:09:44.429632,,1548
OV-V-pkc-skc,verify,1024,1,2.2,1,1,0,ip-172-31-18-18,linux,0,46.459,21.52,Signature,True,2025-11-21T22:09:44.476208,,1549
OV-V-pkc-skc,verify,1024,1,2.2,1,1,0,ip-172-31-18-18,linux,0,46.8383,21.35,Signature,True,2025-11-21T22:09:44.523170,,1550
OV-V-pkc-skc,verify,1024,16,2.2,1,1,0,ip-172-31-18-18,linux,0,46.8772,21.33,Signature,True,2025-11-21T22:09:44.570174,,1551
OV-V-pkc-skc,verify,1024,16,2.2,1,1,0,ip-172-31-18-18,linux,0,46.6115,21.45,Signature,True,2025-11-21T22:09:44.616907,,1552
OV-V-pkc-skc,verify,1024,16,2.2,1,1,0,ip-172-31-18-18,linux,0,47.4535,21.07,Signature,True,2025-11-21T22:09:44.664480,,1553
OV-V-pkc-skc,verify,1024,16,2.2,1,1,0,ip-172-31-18-18,linux,0,46.7862,21.37,Signature,True,2025-11-21T22:09:44.711385,,1554
OV-V-pkc-skc,verify,1024,16,2.2,1,1,0,ip-172-31-18-18,linux,0,46.4831,21.51,Signature,True,2025-11-21T22:09:44.757996,,1555
OV-V-pkc-skc,verify,1024,64,2.2,1,1,0,ip-172-31-18-18,linux,0,46.8558,21.34,Signature,True,2025-11-21T22:09:44.805023,,1556
OV-V-pkc-skc,verify,1024,64,2.2,1,1,0,ip-172-31-18-18,linux,0,47.0203,21.27,Signature,True,2025-11-21T22:09:44.852237,,1557
OV-V-pkc-skc,verify,1024,64,2.2,1,1,0,ip-172-31-18-18,linux,0,46.6129,21.45,Signature,True,2025-11-21T22:09:44.899035,,1558
OV-V-pkc-skc,verify,1024,64,2.2,1,1,0,ip-172-31-18-18,linux,0,46.6142,21.45,Signature,True,2025-11-21T22:09:44.945794,,1559
OV-V-pkc-skc,verify,1024,64,2.2,1,1,0,ip-172-31-18-18,linux,0,46.7685,21.38,Signature,True,2025-11-21T22:09:44.992696,,1560
SPHINCS+-SHA2-128f-simple,sign,0,1,2.2,1,1,0,ip-172-31-18-18,linux,0,26.0481,38.39,Signature,True,2025-11-21T22:09:45.018871,,1561
SPHINCS+-SHA2-128f-simple,sign,0,1,2.2,1,1,0,ip-172-31-18-18,linux,0,24.88,40.19,Signature,True,2025-11-21T22:09:45.043871,,1562
SPHINCS+-SHA2-128f-simple,sign,0,1,2.2,1,1,0,ip-172-31-18-18,linux,0,24.863,40.22,Signature,True,2025-11-21T22:09:45.068852,,1563
SPHINCS+-SHA2-128f-simple,sign,0,1,2.2,1,1,0,ip-172-31-18-18,linux,0,24.972,40.04,Signature,True,2025-11-21T22:09:45.093937,,1564
SPHINCS+-SHA2-128f-simple,sign,0,1,2.2,1,1,0,ip-172-31-18-18,linux,0,24.9019,40.16,Signature,True,2025-11-21T22:09:45.118932,,1565
SPHINCS+-SHA2-128f-simple,sign,0,16,2.2,1,1,0,ip-172-31-18-18,linux,0,24.9445,40.09,Signature,True,2025-11-21T22:09:45.143978,,1566
SPHINCS+-SHA2-128f-simple,sign,0,16,2.2,1,1,0,ip-172-31-18-18,linux,0,24.9558,40.07,Signature,True,2025-11-21T22:09:45.169048,,1567
SPHINCS+-SHA2-128f-simple,sign,0,16,2.2,1,1,0,ip-172-31-18-18,linux,0,24.9284,40.11,Signature,True,2025-11-21T22:09:45.194117,,1568
SPHINCS+-SHA2-128f-simple,sign,0,16,2.2,1,1,0,ip-172-31-18-18,linux,0,24.8086,40.31,Signature,True,2025-11-21T22:09:45.219040,,1569
SPHINCS+-SHA2-128f-simple,sign,0,16,2.2,1,1,0,ip-172-31-18-18,linux,0,24.8771,40.2,Signature,True,2025-11-21T22:09:45.244046,,1570
SPHINCS+-SHA2-128f-simple,sign,0,64,2.2,1,1,0,ip-172-31-18-18,linux,0,24.8897,40.18,Signature,True,2025-11-21T22:09:45.269068,,1571
SPHINCS+-SHA2-128f-simple,sign,0,64,2.2,1,1,0,ip-172-31-18-18,linux,0,24.7899,40.34,Signature,True,2025-11-21T22:09:45.293969,,1572
SPHINCS+-SHA2-128f-simple,sign,0,64,2.2,1,1,0,ip-172-31-18-18,linux,0,24.8843,40.19,Signature,True,2025-11-21T22:09:45.319019,,1573
SPHINCS+-SHA2-128f-simple,sign,0,64,2.2,1,1,0,ip-172-31-18-18,linux,0,24.721,40.45,Signature,True,2025-11-21T22:09:45.343852,,1574
SPHINCS+-SHA2-128f-simple,sign,0,64,2.2,1,1,0,ip-172-31-18-18,linux,0,24.82,40.29,Signature,True,2025-11-21T22:09:45.368766,,1575
SPHINCS+-SHA2-128f-simple,sign,1024,1,2.2,1,1,0,ip-172-31-18-18,linux,0,24.8888,40.18,Signature,True,2025-11-21T22:09:45.393761,,1576
SPHINCS+-SHA2-128f-simple,sign,1024,1,2.2,1,1,0,ip-172-31-18-18,linux,0,25.0502,39.92,Signature,True,2025-11-21T22:09:45.418922,,1577
SPHINCS+-SHA2-128f-simple,sign,1024,1,2.2,1,1,0,ip-172-31-18-18,linux,0,24.9215,40.13,Signature,True,2025-11-21T22:09:45.443959,,1578
SPHINCS+-SHA2-128f-simple,sign,1024,1,2.2,1,1,0,ip-172-31-18-18,linux,0,24.8664,40.21,Signature,True,2025-11-21T22:09:45.468939,,1579
SPHINCS+-SHA2-128f-simple,sign,1024,1,2.2,1,1,0,ip-172-31-18-18,linux,0,24.9549,40.07,Signature,True,2025-11-21T22:09:45.494004,,1580
SPHINCS+-SHA2-128f-simple,sign,1024,16,2.2,1,1,0,ip-172-31-18-18,linux,0,24.9272,40.12,Signature,True,2025-11-21T22:09:45.519024,,1581
SPHINCS+-SHA2-128f-simple,sign,1024,16,2.2,1,1,0,ip-172-31-18-18,linux,0,24.9588,40.07,Signature,True,2025-11-21T22:09:45.544147,,1582
SPHINCS+-SHA2-128f-simple,sign,1024,16,2.2,1,1,0,ip-172-31-18-18,linux,0,24.8205,40.29,Signature,True,2025-11-21T22:09:45.569075,,1583
SPHINCS+-SHA2-128f-simple,sign,1024,16,2.2,1,1,0,ip-172-31-18-18,linux,0,25.0603,39.9,Signature,True,2025-11-21T22:09:45.594259,,1584
SPHINCS+-SHA2-128f-simple,sign,1024,16,2.2,1,1,0,ip-172-31-18-18,linux,0,24.9242,40.12,Signature,True,2025-11-21T22:09:45.619280,,1585
SPHINCS+-SHA2-128f-simple,sign,1024,64,2.2,1,1,0,ip-172-31-18-18,linux,0,25.1288,39.79,Signature,True,2025-11-21T22:09:45.644521,,1586
SPHINCS+-SHA2-128f-simple,sign,1024,64,2.2,1,1,0,ip-172-31-18-18,linux,0,24.8714,40.21,Signature,True,2025-11-21T22:09:45.669505,,1587
SPHINCS+-SHA2-128f-simple,sign,1024,64,2.2,1,1,0,ip-172-31-18-18,linux,0,24.8824,40.19,Signature,True,2025-11-21T22:09:45.694501,,1588
SPHINCS+-SHA2-128f-simple,sign,1024,64,2.2,1,1,0,ip-172-31-18-18,linux,0,24.9083,40.15,Signature,True,2025-11-21T22:09:45.719522,,1589
SPHINCS+-SHA2-128f-simple,sign,1024,64,2.2,1,1,0,ip-172-31-18-18,linux,0,25.0142,39.98,Signature,True,2025-11-21T22:09:45.744647,,1590
SPHINCS+-SHA2-128f-simple,verify,0,1,2.2,1,1,0,ip-172-31-18-18,linux,0,24.8066,40.31,Signature,True,2025-11-21T22:09:45.769568,,1591
SPHINCS+-SHA2-128f-simple,verify,0,1,2.2,1,1,0,ip-172-31-18-18,linux,0,24.959,40.07,Signature,True,2025-11-21T22:09:45.794644,,1592
SPHINCS+-SHA2-128f-simple,verify,0,1,2.2,1,1,0,ip-172-31-18-18,linux,0,24.886,40.18,Signature,True,2025-11-21T22:09:45.819643,,1593
SPHINCS+-SHA2-128f-simple,verify,0,1,2.2,1,1,0,ip-172-31-18-18,linux,0,24.8606,40.22,Signature,True,2025-11-21T22:09:45.844609,,1594
SPHINCS+-SHA2-128f-simple,verify,0,1,2.2,1,1,0,ip-172-31-18-18,linux,0,24.8129,40.3,Signature,True,2025-11-21T22:09:45.869541,,1595
SPHINCS+-SHA2-128f-simple,verify,0,16,2.2,1,1,0,ip-172-31-18-18,linux,0,24.8113,40.3,Signature,True,2025-11-21T22:09:45.894468,,1596
SPHINCS+-SHA2-128f-simple,verify,0,16,2.2,1,1,0,ip-172-31-18-18,linux,0,24.9104,40.14,Signature,True,2025-11-21T22:09:45.919489,,1597
SPHINCS+-SHA2-128f-simple,verify,0,16,2.2,1,1,0,ip-172-31-18-18,linux,0,24.9524,40.08,Signature,True,2025-11-21T22:09:45.944550,,1598
SPHINCS+-SHA2-128f-simple,verify,0,16,2.2,1,1,0,ip-172-31-18-18,linux,0,24.9854,40.02,Signature,True,2025-11-21T22:09:45.969648,,1599
SPHINCS+-SHA2-128f-simple,verify,0,16,2.2,1,1,0,ip-172-31-18-18,linux,0,24.879,40.19,Signature,True,2025-11-21T22:09:45.994641,,1600
SPHINCS+-SHA2-128f-simple,verify,0,64,2.2,1,1,0,ip-172-31-18-18,linux,0,24.953,40.08,Signature,True,2025-11-21T22:09:46.019710,,1601
SPHINCS+-SHA2-128f-simple,verify,0,64,2.2,1,1,0,ip-172-31-18-18,linux,0,25.0128,39.98,Signature,True,2025-11-21T22:09:46.044835,,1602
SPHINCS+-SHA2-128f-simple,verify,0,64,2.2,1,1,0,ip-172-31-18-18,linux,0,24.8361,40.26,Signature,True,2025-11-21T22:09:46.069778,,1603
SPHINCS+-SHA2-128f-simple,verify,0,64,2.2,1,1,0,ip-172-31-18-18,linux,0,24.8746,40.2,Signature,True,2025-11-21T22:09:46.094753,,1604
SPHINCS+-SHA2-128f-simple,verify,0,64,2.2,1,1,0,ip-172-31-18-18,linux,0,25.0201,39.97,Signature,True,2025-11-21T22:09:46.119870,,1605
SPHINCS+-SHA2-128f-simple,verify,1024,1,2.2,1,1,0,ip-172-31-18-18,linux,0,24.9616,40.06,Signature,True,2025-11-21T22:09:46.144940,,1606
SPHINCS+-SHA2-128f-simple,verify,1024,1,2.2,1,1,0,ip-172-31-18-18,linux,0,24.8582,40.23,Signature,True,2025-11-21T22:09:46.169888,,1607
SPHINCS+-SHA2-128f-simple,verify,1024,1,2.2,1,1,0,ip-172-31-18-18,linux,0,24.8176,40.29,Signature,True,2025-11-21T22:09:46.194800,,1608
SPHINCS+-SHA2-128f-simple,verify,1024,1,2.2,1,1,0,ip-172-31-18-18,linux,0,24.8003,40.32,Signature,True,2025-11-21T22:09:46.219695,,1609
SPHINCS+-SHA2-128f-simple,verify,1024,1,2.2,1,1,0,ip-172-31-18-18,linux,0,25.0139,39.98,Signature,True,2025-11-21T22:09:46.244816,,1610
SPHINCS+-SHA2-128f-simple,verify,1024,16,2.2,1,1,0,ip-172-31-18-18,linux,0,24.9691,40.05,Signature,True,2025-11-21T22:09:46.269885,,1611
SPHINCS+-SHA2-128f-simple,verify,1024,16,2.2,1,1,0,ip-172-31-18-18,linux,0,24.8686,40.21,Signature,True,2025-11-21T22:09:46.294840,,1612
SPHINCS+-SHA2-128f-simple,verify,1024,16,2.2,1,1,0,ip-172-31-18-18,linux,0,24.9244,40.12,Signature,True,2025-11-21T22:09:46.319857,,1613
SPHINCS+-SHA2-128f-simple,verify,1024,16,2.2,1,1,0,ip-172-31-18-18,linux,0,24.9574,40.07,Signature,True,2025-11-21T22:09:46.344924,,1614
SPHINCS+-SHA2-128f-simple,verify,1024,16,2.2,1,1,0,ip-172-31-18-18,linux,0,24.8534,40.24,Signature,True,2025-11-21T22:09:46.369885,,1615
SPHINCS+-SHA2-128f-simple,verify,1024,64,2.2,1,1,0,ip-172-31-18-18,linux,0,24.9717,40.05,Signature,True,2025-11-21T22:09:46.394965,,1616
SPHINCS+-SHA2-128f-simple,verify,1024,64,2.2,1,1,0,ip-172-31-18-18,linux,0,24.908,40.15,Signature,True,2025-11-21T22:09:46.420015,,1617
SPHINCS+-SHA2-128f-simple,verify,1024,64,2.2,1,1,0,ip-172-31-18-18,linux,0,24.8984,40.16,Signature,True,2025-11-21T22:09:46.445049,,1618
SPHINCS+-SHA2-128f-simple,verify,1024,64,2.2,1,1,0,ip-172-31-18-18,linux,0,24.9545,40.07,Signature,True,2025-11-21T22:09:46.470132,,1619
SPHINCS+-SHA2-128f-simple,verify,1024,64,2.2,1,1,0,ip-172-31-18-18,linux,0,25.0776,39.88,Signature,True,2025-11-21T22:09:46.495324,,1620
SPHINCS+-SHA2-128s-simple,sign,0,1,2.2,1,1,0,ip-172-31-18-18,linux,0,508.8879,1.97,Signature,True,2025-11-21T22:09:47.004343,,1621
SPHINCS+-SHA2-128s-simple,sign,0,1,2.2,1,1,0,ip-172-31-18-18,linux,0,509.1324,1.96,Signature,True,2025-11-21T22:09:47.513598,,1622
SPHINCS+-SHA2-128s-simple,sign,0,1,2.2,1,1,0,ip-172-31-18-18,linux,0,507.6772,1.97,Signature,True,2025-11-21T22:09:48.021391,,1623
SPHINCS+-SHA2-128s-simple,sign,0,1,2.2,1,1,0,ip-172-31-18-18,linux,0,507.7203,1.97,Signature,True,2025-11-21T22:09:48.529229,,1624
SPHINCS+-SHA2-128s-simple,sign,0,1,2.2,1,1,0,ip-172-31-18-18,linux,0,509.511,1.96,Signature,True,2025-11-21T22:09:49.038867,,1625
SPHINCS+-SHA2-128s-simple,sign,0,16,2.2,1,1,0,ip-172-31-18-18,linux,0,510.292,1.96,Signature,True,2025-11-21T22:09:49.549290,,1626
SPHINCS+-SHA2-128s-simple,sign,0,16,2.2,1,1,0,ip-172-31-18-18,linux,0,510.909,1.96,Signature,True,2025-11-21T22:09:50.060321,,1627
SPHINCS+-SHA2-128s-simple,sign,0,16,2.2,1,1,0,ip-172-31-18-18,linux,0,508.1944,1.97,Signature,True,2025-11-21T22:09:50.568635,,1628
SPHINCS+-SHA2-128s-simple,sign,0,16,2.2,1,1,0,ip-172-31-18-18,linux,0,507.8182,1.97,Signature,True,2025-11-21T22:09:51.076581,,1629
SPHINCS+-SHA2-128s-simple,sign,0,16,2.2,1,1,0,ip-172-31-18-18,linux,0,507.5274,1.97,Signature,True,2025-11-21T22:09:51.584223,,1630
SPHINCS+-SHA2-128s-simple,sign,0,64,2.2,1,1,0,ip-172-31-18-18,linux,0,507.3325,1.97,Signature,True,2025-11-21T22:09:52.091671,,1631
SPHINCS+-SHA2-128s-simple,sign,0,64,2.2,1,1,0,ip-172-31-18-18,linux,0,508.4306,1.97,Signature,True,2025-11-21T22:09:52.600214,,1632
SPHINCS+-SHA2-128s-simple,sign,0,64,2.2,1,1,0,ip-172-31-18-18,linux,0,507.6183,1.97,Signature,True,2025-11-21T22:09:53.107997,,1633
SPHINCS+-SHA2-128s-simple,sign,0,64,2.2,1,1,0,ip-172-31-18-18,linux,0,507.6787,1.97,Signature,True,2025-11-21T22:09:53.615794,,1634
SPHINCS+-SHA2-128s-simple,sign,0,64,2.2,1,1,0,ip-172-31-18-18,linux,0,507.5836,1.97,Signature,True,2025-11-21T22:09:54.123494,,1635
SPHINCS+-SHA2-128s-simple,sign,1024,1,2.2,1,1,0,ip-172-31-18-18,linux,0,508.2402,1.97,Signature,True,2025-11-21T22:09:54.631851,,1636
SPHINCS+-SHA2-128s-simple,sign,1024,1,2.2,1,1,0,ip-172-31-18-18,linux,0,512.5953,1.95,Signature,True,2025-11-21T22:09:55.144568,,1637
SPHINCS+-SHA2-128s-simple,sign,1024,1,2.2,1,1,0,ip-172-31-18-18,linux,0,508.5604,1.97,Signature,True,2025-11-21T22:09:55.653258,,1638
SPHINCS+-SHA2-128s-simple,sign,1024,1,2.2,1,1,0,ip-172-31-18-18,linux,0,508.225,1.97,Signature,True,2025-11-21T22:09:56.161600,,1639
SPHINCS+-SHA2-128s-simple,sign,1024,1,2.2,1,1,0,ip-172-31-18-18,linux,0,509.7382,1.96,Signature,True,2025-11-21T22:09:56.671457,,1640
SPHINCS+-SHA2-128s-simple,sign,1024,16,2.2,1,1,0,ip-172-31-18-18,linux,0,507.8655,1.97,Signature,True,2025-11-21T22:09:57.179443,,1641
SPHINCS+-SHA2-128s-simple,sign,1024,16,2.2,1,1,0,ip-172-31-18-18,linux,0,509.5861,1.96,Signature,True,2025-11-21T22:09:57.689156,,1642
SPHINCS+-SHA2-128s-simple,sign,1024,16,2.2,1,1,0,ip-172-31-18-18,linux,0,508.8025,1.97,Signature,True,2025-11-21T22:09:58.198075,,1643
SPHINCS+-SHA2-128s-simple,sign,1024,16,2.2,1,1,0,ip-172-31-18-18,linux,0,508.807,1.97,Signature,True,2025-11-21T22:09:58.707016,,1644
SPHINCS+-SHA2-128s-simple,sign,1024,16,2.2,1,1,0,ip-172-31-18-18,linux,0,508.0887,1.97,Signature,True,2025-11-21T22:09:59.215240,,1645
SPHINCS+-SHA2-128s-simple,sign,1024,64,2.2,1,1,0,ip-172-31-18-18,linux,0,509.4899,1.96,Signature,True,2025-11-21T22:09:59.724847,,1646
SPHINCS+-SHA2-128s-simple,sign,1024,64,2.2,1,1,0,ip-172-31-18-18,linux,0,515.5099,1.94,Signature,True,2025-11-21T22:10:00.240478,,1647
SPHINCS+-SHA2-128s-simple,sign,1024,64,2.2,1,1,0,ip-172-31-18-18,linux,0,514.6477,1.94,Signature,True,2025-11-21T22:10:00.755257,,1648
SPHINCS+-SHA2-128s-simple,sign,1024,64,2.2,1,1,0,ip-172-31-18-18,linux,0,509.3624,1.96,Signature,True,2025-11-21T22:10:01.264743,,1649
SPHINCS+-SHA2-128s-simple,sign,1024,64,2.2,1,1,0,ip-172-31-18-18,linux,0,518.4158,1.93,Signature,True,2025-11-21T22:10:01.783287,,1650
SPHINCS+-SHA2-128s-simple,verify,0,1,2.2,1,1,0,ip-172-31-18-18,linux,0,512.0646,1.95,Signature,True,2025-11-21T22:10:02.295494,,1651
SPHINCS+-SHA2-128s-simple,verify,0,1,2.2,1,1,0,ip-172-31-18-18,linux,0,515.1376,1.94,Signature,True,2025-11-21T22:10:02.810752,,1652
SPHINCS+-SHA2-128s-simple,verify,0,1,2.2,1,1,0,ip-172-31-18-18,linux,0,519.3675,1.93,Signature,True,2025-11-21T22:10:03.330254,,1653
SPHINCS+-SHA2-128s-simple,verify,0,1,2.2,1,1,0,ip-172-31-18-18,linux,0,512.7165,1.95,Signature,True,2025-11-21T22:10:03.843124,,1654
SPHINCS+-SHA2-128s-simple,verify,0,1,2.2,1,1,0,ip-172-31-18-18,linux,0,507.6168,1.97,Signature,True,2025-11-21T22:10:04.350860,,1655
SPHINCS+-SHA2-128s-simple,verify,0,16,2.2,1,1,0,ip-172-31-18-18,linux,0,508.2885,1.97,Signature,True,2025-11-21T22:10:04.859268,,1656
SPHINCS+-SHA2-128s-simple,verify,0,16,2.2,1,1,0,ip-172-31-18-18,linux,0,507.4235,1.97,Signature,True,2025-11-21T22:10:05.366811,,1657
SPHINCS+-SHA2-128s-simple,verify,0,16,2.2,1,1,0,ip-172-31-18-18,linux,0,507.8689,1.97,Signature,True,2025-11-21T22:10:05.874797,,1658
SPHINCS+-SHA2-128s-simple,verify,0,16,2.2,1,1,0,ip-172-31-18-18,linux,0,513.553,1.95,Signature,True,2025-11-21T22:10:06.388466,,1659
SPHINCS+-SHA2-128s-simple,verify,0,16,2.2,1,1,0,ip-172-31-18-18,linux,0,510.3824,1.96,Signature,True,2025-11-21T22:10:06.898980,,1660
SPHINCS+-SHA2-128s-simple,verify,0,64,2.2,1,1,0,ip-172-31-18-18,linux,0,509.1557,1.96,Signature,True,2025-11-21T22:10:07.408257,,1661
SPHINCS+-SHA2-128s-simple,verify,0,64,2.2,1,1,0,ip-172-31-18-18,linux,0,519.902,1.92,Signature,True,2025-11-21T22:10:07.928280,,1662
SPHINCS+-SHA2-128s-simple,verify,0,64,2.2,1,1,0,ip-172-31-18-18,linux,0,524.2751,1.91,Signature,True,2025-11-21T22:10:08.452713,,1663
SPHINCS+-SHA2-128s-simple,verify,0,64,2.2,1,1,0,ip-172-31-18-18,linux,0,524.2355,1.91,Signature,True,2025-11-21T22:10:08.977260,,1664
SPHINCS+-SHA2-128s-simple,verify,0,64,2.2,1,1,0,ip-172-31-18-18,linux,0,518.6735,1.93,Signature,True,2025-11-21T22:10:09.496054,,1665
SPHINCS+-SHA2-128s-simple,verify,1024,1,2.2,1,1,0,ip-172-31-18-18,linux,0,510.9609,1.96,Signature,True,2025-11-21T22:10:10.007151,,1666
SPHINCS+-SHA2-128s-simple,verify,1024,1,2.2,1,1,0,ip-172-31-18-18,linux,0,516.7003,1.94,Signature,True,2025-11-21T22:10:10.523975,,1667
SPHINCS+-SHA2-128s-simple,verify,1024,1,2.2,1,1,0,ip-172-31-18-18,linux,0,510.0795,1.96,Signature,True,2025-11-21T22:10:11.034178,,1668
SPHINCS+-SHA2-128s-simple,verify,1024,1,2.2,1,1,0,ip-172-31-18-18,linux,0,510.35,1.96,Signature,True,2025-11-21T22:10:11.544648,,1669
SPHINCS+-SHA2-128s-simple,verify,1024,1,2.2,1,1,0,ip-172-31-18-18,linux,0,514.9541,1.94,Signature,True,2025-11-21T22:10:12.059742,,1670
SPHINCS+-SHA2-128s-simple,verify,1024,16,2.2,1,1,0,ip-172-31-18-18,linux,0,510.6936,1.96,Signature,True,2025-11-21T22:10:12.570567,,1671
SPHINCS+-SHA2-128s-simple,verify,1024,16,2.2,1,1,0,ip-172-31-18-18,linux,0,510.8601,1.96,Signature,True,2025-11-21T22:10:13.081546,,1672
SPHINCS+-SHA2-128s-simple,verify,1024,16,2.2,1,1,0,ip-172-31-18-18,linux,0,508.1024,1.97,Signature,True,2025-11-21T22:10:13.589766,,1673
SPHINCS+-SHA2-128s-simple,verify,1024,16,2.2,1,1,0,ip-172-31-18-18,linux,0,508.0075,1.97,Signature,True,2025-11-21T22:10:14.097892,,1674
SPHINCS+-SHA2-128s-simple,verify,1024,16,2.2,1,1,0,ip-172-31-18-18,linux,0,509.0599,1.96,Signature,True,2025-11-21T22:10:14.607074,,1675
SPHINCS+-SHA2-128s-simple,verify,1024,64,2.2,1,1,0,ip-172-31-18-18,linux,0,511.3502,1.96,Signature,True,2025-11-21T22:10:15.118555,,1676
SPHINCS+-SHA2-128s-simple,verify,1024,64,2.2,1,1,0,ip-172-31-18-18,linux,0,508.0854,1.97,Signature,True,2025-11-21T22:10:15.626772,,1677
SPHINCS+-SHA2-128s-simple,verify,1024,64,2.2,1,1,0,ip-172-31-18-18,linux,0,513.0617,1.95,Signature,True,2025-11-21T22:10:16.139952,,1678
SPHINCS+-SHA2-128s-simple,verify,1024,64,2.2,1,1,0,ip-172-31-18-18,linux,0,510.4999,1.96,Signature,True,2025-11-21T22:10:16.650589,,1679
SPHINCS+-SHA2-128s-simple,verify,1024,64,2.2,1,1,0,ip-172-31-18-18,linux,0,509.5832,1.96,Signature,True,2025-11-21T22:10:17.160291,,1680
SPHINCS+-SHA2-192f-simple,sign,0,1,2.2,1,1,0,ip-172-31-18-18,linux,0,42.1532,23.72,Signature,True,2025-11-21T22:10:17.202576,,1681
SPHINCS+-SHA2-192f-simple,sign,0,1,2.2,1,1,0,ip-172-31-18-18,linux,0,42.836,23.34,Signature,True,2025-11-21T22:10:17.245543,,1682
SPHINCS+-SHA2-192f-simple,sign,0,1,2.2,1,1,0,ip-172-31-18-18,linux,0,43.2123,23.14,Signature,True,2025-11-21T22:10:17.288878,,1683
SPHINCS+-SHA2-192f-simple,sign,0,1,2.2,1,1,0,ip-172-31-18-18,linux,0,42.1089,23.75,Signature,True,2025-11-21T22:10:17.331128,,1684
SPHINCS+-SHA2-192f-simple,sign,0,1,2.2,1,1,0,ip-172-31-18-18,linux,0,41.895,23.87,Signature,True,2025-11-21T22:10:17.373141,,1685
SPHINCS+-SHA2-192f-simple,sign,0,16,2.2,1,1,0,ip-172-31-18-18,linux,0,41.9061,23.86,Signature,True,2025-11-21T22:10:17.415161,,1686
SPHINCS+-SHA2-192f-simple,sign,0,16,2.2,1,1,0,ip-172-31-18-18,linux,0,41.9338,23.85,Signature,True,2025-11-21T22:10:17.457207,,1687
SPHINCS+-SHA2-192f-simple,sign,0,16,2.2,1,1,0,ip-172-31-18-18,linux,0,43.522,22.98,Signature,True,2025-11-21T22:10:17.500840,,1688
SPHINCS+-SHA2-192f-simple,sign,0,16,2.2,1,1,0,ip-172-31-18-18,linux,0,44.3706,22.54,Signature,True,2025-11-21T22:10:17.545335,,1689
SPHINCS+-SHA2-192f-simple,sign,0,16,2.2,1,1,0,ip-172-31-18-18,linux,0,42.1236,23.74,Signature,True,2025-11-21T22:10:17.587584,,1690
SPHINCS+-SHA2-192f-simple,sign,0,64,2.2,1,1,0,ip-172-31-18-18,linux,0,42.2695,23.66,Signature,True,2025-11-21T22:10:17.629984,,1691
SPHINCS+-SHA2-192f-simple,sign,0,64,2.2,1,1,0,ip-172-31-18-18,linux,0,41.9609,23.83,Signature,True,2025-11-21T22:10:17.672074,,1692
SPHINCS+-SHA2-192f-simple,sign,0,64,2.2,1,1,0,ip-172-31-18-18,linux,0,41.8544,23.89,Signature,True,2025-11-21T22:10:17.714121,,1693
SPHINCS+-SHA2-192f-simple,sign,0,64,2.2,1,1,0,ip-172-31-18-18,linux,0,42.2877,23.65,Signature,True,2025-11-21T22:10:17.756520,,1694
SPHINCS+-SHA2-192f-simple,sign,0,64,2.2,1,1,0,ip-172-31-18-18,linux,0,41.9753,23.82,Signature,True,2025-11-21T22:10:17.798616,,1695
SPHINCS+-SHA2-192f-simple,sign,1024,1,2.2,1,1,0,ip-172-31-18-18,linux,0,42.2888,23.65,Signature,True,2025-11-21T22:10:17.841022,,1696
SPHINCS+-SHA2-192f-simple,sign,1024,1,2.2,1,1,0,ip-172-31-18-18,linux,0,42.3439,23.62,Signature,True,2025-11-21T22:10:17.883519,,1697
SPHINCS+-SHA2-192f-simple,sign,1024,1,2.2,1,1,0,ip-172-31-18-18,linux,0,41.9629,23.83,Signature,True,2025-11-21T22:10:17.925596,,1698
SPHINCS+-SHA2-192f-simple,sign,1024,1,2.2,1,1,0,ip-172-31-18-18,linux,0,41.9232,23.85,Signature,True,2025-11-21T22:10:17.967627,,1699
SPHINCS+-SHA2-192f-simple,sign,1024,1,2.2,1,1,0,ip-172-31-18-18,linux,0,41.9494,23.84,Signature,True,2025-11-21T22:10:18.009689,,1700
SPHINCS+-SHA2-192f-simple,sign,1024,16,2.2,1,1,0,ip-172-31-18-18,linux,0,41.9738,23.82,Signature,True,2025-11-21T22:10:18.051775,,1701
SPHINCS+-SHA2-192f-simple,sign,1024,16,2.2,1,1,0,ip-172-31-18-18,linux,0,42.0264,23.79,Signature,True,2025-11-21T22:10:18.093915,,1702
SPHINCS+-SHA2-192f-simple,sign,1024,16,2.2,1,1,0,ip-172-31-18-18,linux,0,41.9543,23.84,Signature,True,2025-11-21T22:10:18.135984,,1703
SPHINCS+-SHA2-192f-simple,sign,1024,16,2.2,1,1,0,ip-172-31-18-18,linux,0,41.8914,23.87,Signature,True,2025-11-21T22:10:18.177991,,1704
SPHINCS+-SHA2-192f-simple,sign,1024,16,2.2,1,1,0,ip-172-31-18-18,linux,0,41.9547,23.84,Signature,True,2025-11-21T22:10:18.220062,,1705
SPHINCS+-SHA2-192f-simple,sign,1024,64,2.2,1,1,0,ip-172-31-18-18,linux,0,42.2834,23.65,Signature,True,2025-11-21T22:10:18.262481,,1706
SPHINCS+-SHA2-192f-simple,sign,1024,64,2.2,1,1,0,ip-172-31-18-18,linux,0,41.9706,23.83,Signature,True,2025-11-21T22:10:18.304567,,1707
SPHINCS+-SHA2-192f-simple,sign,1024,64,2.2,1,1,0,ip-172-31-18-18,linux,0,41.9935,23.81,Signature,True,2025-11-21T22:10:18.346676,,1708
SPHINCS+-SHA2-192f-simple,sign,1024,64,2.2,1,1,0,ip-172-31-18-18,linux,0,41.9871,23.82,Signature,True,2025-11-21T22:10:18.388783,,1709
SPHINCS+-SHA2-192f-simple,sign,1024,64,2.2,1,1,0,ip-172-31-18-18,linux,0,41.9624,23.83,Signature,True,2025-11-21T22:10:18.430866,,1710
SPHINCS+-SHA2-192f-simple,verify,0,1,2.2,1,1,0,ip-172-31-18-18,linux,0,41.8927,23.87,Signature,True,2025-11-21T22:10:18.472884,,1711
SPHINCS+-SHA2-192f-simple,verify,0,1,2.2,1,1,0,ip-172-31-18-18,linux,0,41.9953,23.81,Signature,True,2025-11-21T22:10:18.514996,,1712
SPHINCS+-SHA2-192f-simple,verify,0,1,2.2,1,1,0,ip-172-31-18-18,linux,0,42.0558,23.78,Signature,True,2025-11-21T22:10:18.557164,,1713
SPHINCS+-SHA2-192f-simple,verify,0,1,2.2,1,1,0,ip-172-31-18-18,linux,0,41.7739,23.94,Signature,True,2025-11-21T22:10:18.599040,,1714
SPHINCS+-SHA2-192f-simple,verify,0,1,2.2,1,1,0,ip-172-31-18-18,linux,0,41.8133,23.92,Signature,True,2025-11-21T22:10:18.640985,,1715
SPHINCS+-SHA2-192f-simple,verify,0,16,2.2,1,1,0,ip-172-31-18-18,linux,0,41.8338,23.9,Signature,True,2025-11-21T22:10:18.682932,,1716
SPHINCS+-SHA2-192f-simple,verify,0,16,2.2,1,1,0,ip-172-31-18-18,linux,0,42.4046,23.58,Signature,True,2025-11-21T22:10:18.725442,,1717
SPHINCS+-SHA2-192f-simple,verify,0,16,2.2,1,1,0,ip-172-31-18-18,linux,0,41.9854,23.82,Signature,True,2025-11-21T22:10:18.767538,,1718
SPHINCS+-SHA2-192f-simple,verify,0,16,2.2,1,1,0,ip-172-31-18-18,linux,0,41.9426,23.84,Signature,True,2025-11-21T22:10:18.809597,,1719
SPHINCS+-SHA2-192f-simple,verify,0,16,2.2,1,1,0,ip-172-31-18-18,linux,0,41.8765,23.88,Signature,True,2025-11-21T22:10:18.851588,,1720
SPHINCS+-SHA2-192f-simple,verify,0,64,2.2,1,1,0,ip-172-31-18-18,linux,0,41.9232,23.85,Signature,True,2025-11-21T22:10:18.893623,,1721
SPHINCS+-SHA2-192f-simple,verify,0,64,2.2,1,1,0,ip-172-31-18-18,linux,0,42.0759,23.77,Signature,True,2025-11-21T22:10:18.935808,,1722
SPHINCS+-SHA2-192f-simple,verify,0,64,2.2,1,1,0,ip-172-31-18-18,linux,0,41.8034,23.92,Signature,True,2025-11-21T22:10:18.977720,,1723
SPHINCS+-SHA2-192f-simple,verify,0,64,2.2,1,1,0,ip-172-31-18-18,linux,0,41.9863,23.82,Signature,True,2025-11-21T22:10:19.019821,,1724
SPHINCS+-SHA2-192f-simple,verify,0,64,2.2,1,1,0,ip-172-31-18-18,linux,0,42.1694,23.71,Signature,True,2025-11-21T22:10:19.062148,,1725
SPHINCS+-SHA2-192f-simple,verify,1024,1,2.2,1,1,0,ip-172-31-18-18,linux,0,41.8785,23.88,Signature,True,2025-11-21T22:10:19.104152,,1726
SPHINCS+-SHA2-192f-simple,verify,1024,1,2.2,1,1,0,ip-172-31-18-18,linux,0,42.3359,23.62,Signature,True,2025-11-21T22:10:19.146606,,1727
SPHINCS+-SHA2-192f-simple,verify,1024,1,2.2,1,1,0,ip-172-31-18-18,linux,0,41.9443,23.84,Signature,True,2025-11-21T22:10:19.188663,,1728
SPHINCS+-SHA2-192f-simple,verify,1024,1,2.2,1,1,0,ip-172-31-18-18,linux,0,41.8738,23.88,Signature,True,2025-11-21T22:10:19.230653,,1729
SPHINCS+-SHA2-192f-simple,verify,1024,1,2.2,1,1,0,ip-172-31-18-18,linux,0,41.9809,23.82,Signature,True,2025-11-21T22:10:19.272751,,1730
SPHINCS+-SHA2-192f-simple,verify,1024,16,2.2,1,1,0,ip-172-31-18-18,linux,0,41.8602,23.89,Signature,True,2025-11-21T22:10:19.314728,,1731
SPHINCS+-SHA2-192f-simple,verify,1024,16,2.2,1,1,0,ip-172-31-18-18,linux,0,41.956,23.83,Signature,True,2025-11-21T22:10:19.356797,,1732
SPHINCS+-SHA2-192f-simple,verify,1024,16,2.2,1,1,0,ip-172-31-18-18,linux,0,41.8789,23.88,Signature,True,2025-11-21T22:10:19.398795,,1733
SPHINCS+-SHA2-192f-simple,verify,1024,16,2.2,1,1,0,ip-172-31-18-18,linux,0,41.8888,23.87,Signature,True,2025-11-21T22:10:19.440796,,1734
SPHINCS+-SHA2-192f-simple,verify,1024,16,2.2,1,1,0,ip-172-31-18-18,linux,0,42.6131,23.47,Signature,True,2025-11-21T22:10:19.483530,,1735
SPHINCS+-SHA2-192f-simple,verify,1024,64,2.2,1,1,0,ip-172-31-18-18,linux,0,42.2732,23.66,Signature,True,2025-11-21T22:10:19.525938,,1736
SPHINCS+-SHA2-192f-simple,verify,1024,64,2.2,1,1,0,ip-172-31-18-18,linux,0,43.6517,22.91,Signature,True,2025-11-21T22:10:19.569724,,1737
SPHINCS+-SHA2-192f-simple,verify,1024,64,2.2,1,1,0,ip-172-31-18-18,linux,0,43.2994,23.1,Signature,True,2025-11-21T22:10:19.613154,,1738
SPHINCS+-SHA2-192f-simple,verify,1024,64,2.2,1,1,0,ip-172-31-18-18,linux,0,42.1652,23.72,Signature,True,2025-11-21T22:10:19.655435,,1739
SPHINCS+-SHA2-192f-simple,verify,1024,64,2.2,1,1,0,ip-172-31-18-18,linux,0,42.1336,23.73,Signature,True,2025-11-21T22:10:19.697686,,1740
SPHINCS+-SHA2-192s-simple,sign,0,1,2.2,1,1,0,ip-172-31-18-18,linux,0,941.5076,1.06,Signature,True,2025-11-21T22:10:20.639335,,1741
SPHINCS+-SHA2-192s-simple,sign,0,1,2.2,1,1,0,ip-172-31-18-18,linux,0,937.5362,1.07,Signature,True,2025-11-21T22:10:21.576990,,1742
SPHINCS+-SHA2-192s-simple,sign,0,1,2.2,1,1,0,ip-172-31-18-18,linux,0,936.3295,1.07,Signature,True,2025-11-21T22:10:22.513449,,1743
SPHINCS+-SHA2-192s-simple,sign,0,1,2.2,1,1,0,ip-172-31-18-18,linux,0,939.2752,1.06,Signature,True,2025-11-21T22:10:23.452842,,1744
SPHINCS+-SHA2-192s-simple,sign,0,1,2.2,1,1,0,ip-172-31-18-18,linux,0,938.0793,1.07,Signature,True,2025-11-21T22:10:24.391043,,1745
SPHINCS+-SHA2-192s-simple,sign,0,16,2.2,1,1,0,ip-172-31-18-18,linux,0,937.6411,1.07,Signature,True,2025-11-21T22:10:25.328823,,1746
SPHINCS+-SHA2-192s-simple,sign,0,16,2.2,1,1,0,ip-172-31-18-18,linux,0,937.4086,1.07,Signature,True,2025-11-21T22:10:26.266349,,1747
SPHINCS+-SHA2-192s-simple,sign,0,16,2.2,1,1,0,ip-172-31-18-18,linux,0,936.258,1.07,Signature,True,2025-11-21T22:10:27.202725,,1748
SPHINCS+-SHA2-192s-simple,sign,0,16,2.2,1,1,0,ip-172-31-18-18,linux,0,941.2409,1.06,Signature,True,2025-11-21T22:10:28.144087,,1749
SPHINCS+-SHA2-192s-simple,sign,0,16,2.2,1,1,0,ip-172-31-18-18,linux,0,949.2436,1.05,Signature,True,2025-11-21T22:10:29.093468,,1750
SPHINCS+-SHA2-192s-simple,sign,0,64,2.2,1,1,0,ip-172-31-18-18,linux,0,943.0466,1.06,Signature,True,2025-11-21T22:10:30.036635,,1751
SPHINCS+-SHA2-192s-simple,sign,0,64,2.2,1,1,0,ip-172-31-18-18,linux,0,938.9989,1.06,Signature,True,2025-11-21T22:10:30.975779,,1752
SPHINCS+-SHA2-192s-simple,sign,0,64,2.2,1,1,0,ip-172-31-18-18,linux,0,948.7204,1.05,Signature,True,2025-11-21T22:10:31.924670,,1753
SPHINCS+-SHA2-192s-simple,sign,0,64,2.2,1,1,0,ip-172-31-18-18,linux,0,941.308,1.06,Signature,True,2025-11-21T22:10:32.866129,,1754
SPHINCS+-SHA2-192s-simple,sign,0,64,2.2,1,1,0,ip-172-31-18-18,linux,0,941.4381,1.06,Signature,True,2025-11-21T22:10:33.807688,,1755
SPHINCS+-SHA2-192s-simple,sign,1024,1,2.2,1,1,0,ip-172-31-18-18,linux,0,942.3845,1.06,Signature,True,2025-11-21T22:10:34.750199,,1756
SPHINCS+-SHA2-192s-simple,sign,1024,1,2.2,1,1,0,ip-172-31-18-18,linux,0,948.9415,1.05,Signature,True,2025-11-21T22:10:35.699261,,1757
SPHINCS+-SHA2-192s-simple,sign,1024,1,2.2,1,1,0,ip-172-31-18-18,linux,0,944.7078,1.06,Signature,True,2025-11-21T22:10:36.644088,,1758
SPHINCS+-SHA2-192s-simple,sign,1024,1,2.2,1,1,0,ip-172-31-18-18,linux,0,937.1425,1.07,Signature,True,2025-11-21T22:10:37.581367,,1759
SPHINCS+-SHA2-192s-simple,sign,1024,1,2.2,1,1,0,ip-172-31-18-18,linux,0,965.3607,1.04,Signature,True,2025-11-21T22:10:38.546867,,1760
SPHINCS+-SHA2-192s-simple,sign,1024,16,2.2,1,1,0,ip-172-31-18-18,linux,0,950.3434,1.05,Signature,True,2025-11-21T22:10:39.497348,,1761
SPHINCS+-SHA2-192s-simple,sign,1024,16,2.2,1,1,0,ip-172-31-18-18,linux,0,947.6325,1.06,Signature,True,2025-11-21T22:10:40.445327,,1762
SPHINCS+-SHA2-192s-simple,sign,1024,16,2.2,1,1,0,ip-172-31-18-18,linux,0,943.6899,1.06,Signature,True,2025-11-21T22:10:41.389140,,1763
SPHINCS+-SHA2-192s-simple,sign,1024,16,2.2,1,1,0,ip-172-31-18-18,linux,0,971.0881,1.03,Signature,True,2025-11-21T22:10:42.360349,,1764
SPHINCS+-SHA2-192s-simple,sign,1024,16,2.2,1,1,0,ip-172-31-18-18,linux,0,947.4748,1.06,Signature,True,2025-11-21T22:10:43.307953,,1765
SPHINCS+-SHA2-192s-simple,sign,1024,64,2.2,1,1,0,ip-172-31-18-18,linux,0,948.9148,1.05,Signature,True,2025-11-21T22:10:44.256990,,1766
SPHINCS+-SHA2-192s-simple,sign,1024,64,2.2,1,1,0,ip-172-31-18-18,linux,0,943.3412,1.06,Signature,True,2025-11-21T22:10:45.200457,,1767
SPHINCS+-SHA2-192s-simple,sign,1024,64,2.2,1,1,0,ip-172-31-18-18,linux,0,941.764,1.06,Signature,True,2025-11-21T22:10:46.142353,,1768
SPHINCS+-SHA2-192s-simple,sign,1024,64,2.2,1,1,0,ip-172-31-18-18,linux,0,943.0165,1.06,Signature,True,2025-11-21T22:10:47.085507,,1769
SPHINCS+-SHA2-192s-simple,sign,1024,64,2.2,1,1,0,ip-172-31-18-18,linux,0,940.0269,1.06,Signature,True,2025-11-21T22:10:48.025658,,1770
SPHINCS+-SHA2-192s-simple,verify,0,1,2.2,1,1,0,ip-172-31-18-18,linux,0,973.1566,1.03,Signature,True,2025-11-21T22:10:48.998946,,1771
SPHINCS+-SHA2-192s-simple,verify,0,1,2.2,1,1,0,ip-172-31-18-18,linux,0,951.0505,1.05,Signature,True,2025-11-21T22:10:49.950150,,1772
SPHINCS+-SHA2-192s-simple,verify,0,1,2.2,1,1,0,ip-172-31-18-18,linux,0,978.4949,1.02,Signature,True,2025-11-21T22:10:50.928782,,1773
SPHINCS+-SHA2-192s-simple,verify,0,1,2.2,1,1,0,ip-172-31-18-18,linux,0,944.9463,1.06,Signature,True,2025-11-21T22:10:51.873854,,1774
SPHINCS+-SHA2-192s-simple,verify,0,1,2.2,1,1,0,ip-172-31-18-18,linux,0,944.4013,1.06,Signature,True,2025-11-21T22:10:52.818375,,1775
SPHINCS+-SHA2-192s-simple,verify,0,16,2.2,1,1,0,ip-172-31-18-18,linux,0,943.8014,1.06,Signature,True,2025-11-21T22:10:53.762316,,1776
SPHINCS+-SHA2-192s-simple,verify,0,16,2.2,1,1,0,ip-172-31-18-18,linux,0,944.29,1.06,Signature,True,2025-11-21T22:10:54.706737,,1777
SPHINCS+-SHA2-192s-simple,verify,0,16,2.2,1,1,0,ip-172-31-18-18,linux,0,937.436,1.07,Signature,True,2025-11-21T22:10:55.644291,,1778
SPHINCS+-SHA2-192s-simple,verify,0,16,2.2,1,1,0,ip-172-31-18-18,linux,0,940.9076,1.06,Signature,True,2025-11-21T22:10:56.585319,,1779
SPHINCS+-SHA2-192s-simple,verify,0,16,2.2,1,1,0,ip-172-31-18-18,linux,0,939.7063,1.06,Signature,True,2025-11-21T22:10:57.525154,,1780
SPHINCS+-SHA2-192s-simple,verify,0,64,2.2,1,1,0,ip-172-31-18-18,linux,0,947.8982,1.05,Signature,True,2025-11-21T22:10:58.473193,,1781
SPHINCS+-SHA2-192s-simple,verify,0,64,2.2,1,1,0,ip-172-31-18-18,linux,0,940.5218,1.06,Signature,True,2025-11-21T22:10:59.413836,,1782
SPHINCS+-SHA2-192s-simple,verify,0,64,2.2,1,1,0,ip-172-31-18-18,linux,0,949.4558,1.05,Signature,True,2025-11-21T22:11:00.363407,,1783
SPHINCS+-SHA2-192s-simple,verify,0,64,2.2,1,1,0,ip-172-31-18-18,linux,0,940.7481,1.06,Signature,True,2025-11-21T22:11:01.304291,,1784
SPHINCS+-SHA2-192s-simple,verify,0,64,2.2,1,1,0,ip-172-31-18-18,linux,0,943.6141,1.06,Signature,True,2025-11-21T22:11:02.248041,,1785
SPHINCS+-SHA2-192s-simple,verify,1024,1,2.2,1,1,0,ip-172-31-18-18,linux,0,937.641,1.07,Signature,True,2025-11-21T22:11:03.185842,,1786
SPHINCS+-SHA2-192s-simple,verify,1024,1,2.2,1,1,0,ip-172-31-18-18,linux,0,960.4897,1.04,Signature,True,2025-11-21T22:11:04.146468,,1787
SPHINCS+-SHA2-192s-simple,verify,1024,1,2.2,1,1,0,ip-172-31-18-18,linux,0,936.5979,1.07,Signature,True,2025-11-21T22:11:05.083185,,1788
SPHINCS+-SHA2-192s-simple,verify,1024,1,2.2,1,1,0,ip-172-31-18-18,linux,0,936.836,1.07,Signature,True,2025-11-21T22:11:06.020138,,1789
SPHINCS+-SHA2-192s-simple,verify,1024,1,2.2,1,1,0,ip-172-31-18-18,linux,0,938.2835,1.07,Signature,True,2025-11-21T22:11:06.958538,,1790
SPHINCS+-SHA2-192s-simple,verify,1024,16,2.2,1,1,0,ip-172-31-18-18,linux,0,940.7562,1.06,Signature,True,2025-11-21T22:11:07.899413,,1791
SPHINCS+-SHA2-192s-simple,verify,1024,16,2.2,1,1,0,ip-172-31-18-18,linux,0,943.8745,1.06,Signature,True,2025-11-21T22:11:08.843402,,1792
SPHINCS+-SHA2-192s-simple,verify,1024,16,2.2,1,1,0,ip-172-31-18-18,linux,0,937.7679,1.07,Signature,True,2025-11-21T22:11:09.781290,,1793
SPHINCS+-SHA2-192s-simple,verify,1024,16,2.2,1,1,0,ip-172-31-18-18,linux,0,939.0205,1.06,Signature,True,2025-11-21T22:11:10.720430,,1794
SPHINCS+-SHA2-192s-simple,verify,1024,16,2.2,1,1,0,ip-172-31-18-18,linux,0,937.2611,1.07,Signature,True,2025-11-21T22:11:11.657811,,1795
SPHINCS+-SHA2-192s-simple,verify,1024,64,2.2,1,1,0,ip-172-31-18-18,linux,0,938.494,1.07,Signature,True,2025-11-21T22:11:12.596424,,1796
SPHINCS+-SHA2-192s-simple,verify,1024,64,2.2,1,1,0,ip-172-31-18-18,linux,0,938.9297,1.07,Signature,True,2025-11-21T22:11:13.535472,,1797
SPHINCS+-SHA2-192s-simple,verify,1024,64,2.2,1,1,0,ip-172-31-18-18,linux,0,938.3873,1.07,Signature,True,2025-11-21T22:11:14.473978,,1798
SPHINCS+-SHA2-192s-simple,verify,1024,64,2.2,1,1,0,ip-172-31-18-18,linux,0,939.8175,1.06,Signature,True,2025-11-21T22:11:15.413913,,1799
SPHINCS+-SHA2-192s-simple,verify,1024,64,2.2,1,1,0,ip-172-31-18-18,linux,0,943.4676,1.06,Signature,True,2025-11-21T22:11:16.357499,,1800
