algorithm,operation,message_bytes,concurrency,cpu_ghz,aesni,avx2,neon,machine_id,os_name,containerized,latency_ms,throughput_ops,crypto_type,correctness,timestamp,notes,trial_id
Dilithium2,sign,0,1,3.46,1,1,0,ip-172-31-17-37,linux,0,1.982,504.53,Signature,True,2025-11-21T22:16:20.840527,,1
Dilithium2,sign,0,1,3.46,1,1,0,ip-172-31-17-37,linux,0,0.1299,7697.76,Signature,True,2025-11-21T22:16:20.840798,,2
Dilithium2,sign,0,1,3.46,1,1,0,ip-172-31-17-37,linux,0,0.1081,9248.64,Signature,True,2025-11-21T22:16:20.840989,,3
Dilithium2,sign,0,1,3.46,1,1,0,ip-172-31-17-37,linux,0,0.1321,7568.02,Signature,True,2025-11-21T22:16:20.841192,,4
Dilithium2,sign,0,1,3.46,1,1,0,ip-172-31-17-37,linux,0,0.1148,8708.6,Signature,True,2025-11-21T22:16:20.841372,,5
Dilithium2,sign,0,16,3.46,1,1,0,ip-172-31-17-37,linux,0,0.0961,10410.7,Signature,True,2025-11-21T22:16:20.841535,,6
Dilithium2,sign,0,16,3.46,1,1,0,ip-172-31-17-37,linux,0,0.1156,8654.04,Signature,True,2025-11-21T22:16:20.841735,,7
Dilithium2,sign,0,16,3.46,1,1,0,ip-172-31-17-37,linux,0,0.1105,9052.64,Signature,True,2025-11-21T22:16:20.841910,,8
Dilithium2,sign,0,16,3.46,1,1,0,ip-172-31-17-37,linux,0,0.0954,10481.74,Signature,True,2025-11-21T22:16:20.842068,,9
Dilithium2,sign,0,16,3.46,1,1,0,ip-172-31-17-37,linux,0,0.0945,10583.47,Signature,True,2025-11-21T22:16:20.842226,,10
Dilithium2,sign,0,64,3.46,1,1,0,ip-172-31-17-37,linux,0,0.1028,9731.7,Signature,True,2025-11-21T22:16:20.842392,,11
Dilithium2,sign,0,64,3.46,1,1,0,ip-172-31-17-37,linux,0,0.1526,6551.19,Signature,True,2025-11-21T22:16:20.842620,,12
Dilithium2,sign,0,64,3.46,1,1,0,ip-172-31-17-37,linux,0,0.1826,5476.78,Signature,True,2025-11-21T22:16:20.842869,,13
Dilithium2,sign,0,64,3.46,1,1,0,ip-172-31-17-37,linux,0,0.1282,7802.93,Signature,True,2025-11-21T22:16:20.843070,,14
Dilithium2,sign,0,64,3.46,1,1,0,ip-172-31-17-37,linux,0,0.0945,10585.37,Signature,True,2025-11-21T22:16:20.843228,,15
Dilithium2,sign,1024,1,3.46,1,1,0,ip-172-31-17-37,linux,0,0.1731,5776.24,Signature,True,2025-11-21T22:16:20.843467,,16
Dilithium2,sign,1024,1,3.46,1,1,0,ip-172-31-17-37,linux,0,0.1266,7901.14,Signature,True,2025-11-21T22:16:20.843661,,17
Dilithium2,sign,1024,1,3.46,1,1,0,ip-172-31-17-37,linux,0,0.1249,8006.41,Signature,True,2025-11-21T22:16:20.843851,,18
Dilithium2,sign,1024,1,3.46,1,1,0,ip-172-31-17-37,linux,0,0.1356,7374.36,Signature,True,2025-11-21T22:16:20.844051,,19
Dilithium2,sign,1024,1,3.46,1,1,0,ip-172-31-17-37,linux,0,0.1756,5694.83,Signature,True,2025-11-21T22:16:20.844290,,20
Dilithium2,sign,1024,16,3.46,1,1,0,ip-172-31-17-37,linux,0,0.1231,8123.61,Signature,True,2025-11-21T22:16:20.844476,,21
Dilithium2,sign,1024,16,3.46,1,1,0,ip-172-31-17-37,linux,0,0.1138,8784.1,Signature,True,2025-11-21T22:16:20.844651,,22
Dilithium2,sign,1024,16,3.46,1,1,0,ip-172-31-17-37,linux,0,0.1073,9316.71,Signature,True,2025-11-21T22:16:20.844822,,23
Dilithium2,sign,1024,16,3.46,1,1,0,ip-172-31-17-37,linux,0,0.2101,4759.05,Signature,True,2025-11-21T22:16:20.845100,,24
Dilithium2,sign,1024,16,3.46,1,1,0,ip-172-31-17-37,linux,0,0.1203,8314.63,Signature,True,2025-11-21T22:16:20.845317,,25
Dilithium2,sign,1024,64,3.46,1,1,0,ip-172-31-17-37,linux,0,0.1573,6356.67,Signature,True,2025-11-21T22:16:20.845540,,26
Dilithium2,sign,1024,64,3.46,1,1,0,ip-172-31-17-37,linux,0,0.1562,6401.35,Signature,True,2025-11-21T22:16:20.845775,,27
Dilithium2,sign,1024,64,3.46,1,1,0,ip-172-31-17-37,linux,0,0.1067,9375.76,Signature,True,2025-11-21T22:16:20.845945,,28
Dilithium2,sign,1024,64,3.46,1,1,0,ip-172-31-17-37,linux,0,0.1414,7070.59,Signature,True,2025-11-21T22:16:20.846148,,29
Dilithium2,sign,1024,64,3.46,1,1,0,ip-172-31-17-37,linux,0,0.1701,5877.44,Signature,True,2025-11-21T22:16:20.846381,,30
Dilithium2,verify,0,1,3.46,1,1,0,ip-172-31-17-37,linux,0,0.1047,9550.55,Signature,True,2025-11-21T22:16:20.846564,,31
Dilithium2,verify,0,1,3.46,1,1,0,ip-172-31-17-37,linux,0,0.1212,8252.32,Signature,True,2025-11-21T22:16:20.846768,,32
Dilithium2,verify,0,1,3.46,1,1,0,ip-172-31-17-37,linux,0,0.1126,8882.89,Signature,True,2025-11-21T22:16:20.846943,,33
Dilithium2,verify,0,1,3.46,1,1,0,ip-172-31-17-37,linux,0,0.1317,7591.52,Signature,True,2025-11-21T22:16:20.847138,,34
Dilithium2,verify,0,1,3.46,1,1,0,ip-172-31-17-37,linux,0,0.1198,8349.27,Signature,True,2025-11-21T22:16:20.847320,,35
Dilithium2,verify,0,16,3.46,1,1,0,ip-172-31-17-37,linux,0,0.1529,6538.26,Signature,True,2025-11-21T22:16:20.847537,,36
Dilithium2,verify,0,16,3.46,1,1,0,ip-172-31-17-37,linux,0,0.0973,10279.18,Signature,True,2025-11-21T22:16:20.847714,,37
Dilithium2,verify,0,16,3.46,1,1,0,ip-172-31-17-37,linux,0,0.1195,8368.48,Signature,True,2025-11-21T22:16:20.847897,,38
Dilithium2,verify,0,16,3.46,1,1,0,ip-172-31-17-37,linux,0,0.1255,7969.78,Signature,True,2025-11-21T22:16:20.848085,,39
Dilithium2,verify,0,16,3.46,1,1,0,ip-172-31-17-37,linux,0,0.1105,9045.76,Signature,True,2025-11-21T22:16:20.848258,,40
Dilithium2,verify,0,64,3.46,1,1,0,ip-172-31-17-37,linux,0,0.0948,10553.09,Signature,True,2025-11-21T22:16:20.848415,,41
Dilithium2,verify,0,64,3.46,1,1,0,ip-172-31-17-37,linux,0,0.0957,10444.52,Signature,True,2025-11-21T22:16:20.848591,,42
Dilithium2,verify,0,64,3.46,1,1,0,ip-172-31-17-37,linux,0,0.165,6060.24,Signature,True,2025-11-21T22:16:20.848820,,43
Dilithium2,verify,0,64,3.46,1,1,0,ip-172-31-17-37,linux,0,0.0948,10545.41,Signature,True,2025-11-21T22:16:20.848978,,44
Dilithium2,verify,0,64,3.46,1,1,0,ip-172-31-17-37,linux,0,0.1376,7267.76,Signature,True,2025-11-21T22:16:20.849177,,45
Dilithium2,verify,1024,1,3.46,1,1,0,ip-172-31-17-37,linux,0,0.1143,8748.14,Signature,True,2025-11-21T22:16:20.849355,,46
Dilithium2,verify,1024,1,3.46,1,1,0,ip-172-31-17-37,linux,0,0.1178,8492.21,Signature,True,2025-11-21T22:16:20.849536,,47
Dilithium2,verify,1024,1,3.46,1,1,0,ip-172-31-17-37,linux,0,0.1159,8628.95,Signature,True,2025-11-21T22:16:20.849729,,48
Dilithium2,verify,1024,1,3.46,1,1,0,ip-172-31-17-37,linux,0,0.1088,9192.95,Signature,True,2025-11-21T22:16:20.849900,,49
Dilithium2,verify,1024,1,3.46,1,1,0,ip-172-31-17-37,linux,0,0.1172,8535.34,Signature,True,2025-11-21T22:16:20.850079,,50
Dilithium2,verify,1024,16,3.46,1,1,0,ip-172-31-17-37,linux,0,0.1158,8634.01,Signature,True,2025-11-21T22:16:20.850257,,51
Dilithium2,verify,1024,16,3.46,1,1,0,ip-172-31-17-37,linux,0,0.1279,7818.0,Signature,True,2025-11-21T22:16:20.850453,,52
Dilithium2,verify,1024,16,3.46,1,1,0,ip-172-31-17-37,linux,0,0.1169,8554.69,Signature,True,2025-11-21T22:16:20.850633,,53
Dilithium2,verify,1024,16,3.46,1,1,0,ip-172-31-17-37,linux,0,0.1158,8631.93,Signature,True,2025-11-21T22:16:20.850813,,54
Dilithium2,verify,1024,16,3.46,1,1,0,ip-172-31-17-37,linux,0,0.1073,9317.75,Signature,True,2025-11-21T22:16:20.850983,,55
Dilithium2,verify,1024,64,3.46,1,1,0,ip-172-31-17-37,linux,0,0.1236,8093.37,Signature,True,2025-11-21T22:16:20.851169,,56
Dilithium2,verify,1024,64,3.46,1,1,0,ip-172-31-17-37,linux,0,0.1073,9322.36,Signature,True,2025-11-21T22:16:20.851338,,57
Dilithium2,verify,1024,64,3.46,1,1,0,ip-172-31-17-37,linux,0,0.101,9903.54,Signature,True,2025-11-21T22:16:20.851501,,58
Dilithium2,verify,1024,64,3.46,1,1,0,ip-172-31-17-37,linux,0,0.1387,7207.57,Signature,True,2025-11-21T22:16:20.851702,,59
Dilithium2,verify,1024,64,3.46,1,1,0,ip-172-31-17-37,linux,0,0.1493,6698.15,Signature,True,2025-11-21T22:16:20.851914,,60
Dilithium3,sign,0,1,3.46,1,1,0,ip-172-31-17-37,linux,0,0.234,4273.74,Signature,True,2025-11-21T22:16:20.852215,,61
Dilithium3,sign,0,1,3.46,1,1,0,ip-172-31-17-37,linux,0,0.1438,6954.01,Signature,True,2025-11-21T22:16:20.852429,,62
Dilithium3,sign,0,1,3.46,1,1,0,ip-172-31-17-37,linux,0,0.1469,6808.51,Signature,True,2025-11-21T22:16:20.852641,,63
Dilithium3,sign,0,1,3.46,1,1,0,ip-172-31-17-37,linux,0,0.1396,7164.09,Signature,True,2025-11-21T22:16:20.852845,,64
Dilithium3,sign,0,1,3.46,1,1,0,ip-172-31-17-37,linux,0,0.128,7813.6,Signature,True,2025-11-21T22:16:20.853036,,65
Dilithium3,sign,0,16,3.46,1,1,0,ip-172-31-17-37,linux,0,0.1502,6658.01,Signature,True,2025-11-21T22:16:20.853249,,66
Dilithium3,sign,0,16,3.46,1,1,0,ip-172-31-17-37,linux,0,0.2314,4321.52,Signature,True,2025-11-21T22:16:20.853543,,67
Dilithium3,sign,0,16,3.46,1,1,0,ip-172-31-17-37,linux,0,0.1704,5867.0,Signature,True,2025-11-21T22:16:20.853791,,68
Dilithium3,sign,0,16,3.46,1,1,0,ip-172-31-17-37,linux,0,0.1606,6225.33,Signature,True,2025-11-21T22:16:20.854014,,69
Dilithium3,sign,0,16,3.46,1,1,0,ip-172-31-17-37,linux,0,0.1576,6346.43,Signature,True,2025-11-21T22:16:20.854266,,70
Dilithium3,sign,0,64,3.46,1,1,0,ip-172-31-17-37,linux,0,0.1662,6018.01,Signature,True,2025-11-21T22:16:20.854497,,71
Dilithium3,sign,0,64,3.46,1,1,0,ip-172-31-17-37,linux,0,0.1834,5453.1,Signature,True,2025-11-21T22:16:20.854744,,72
Dilithium3,sign,0,64,3.46,1,1,0,ip-172-31-17-37,linux,0,0.1372,7289.9,Signature,True,2025-11-21T22:16:20.854945,,73
Dilithium3,sign,0,64,3.46,1,1,0,ip-172-31-17-37,linux,0,0.1393,7180.92,Signature,True,2025-11-21T22:16:20.855146,,74
Dilithium3,sign,0,64,3.46,1,1,0,ip-172-31-17-37,linux,0,0.1269,7881.52,Signature,True,2025-11-21T22:16:20.855335,,75
Dilithium3,sign,1024,1,3.46,1,1,0,ip-172-31-17-37,linux,0,0.1743,5737.53,Signature,True,2025-11-21T22:16:20.855590,,76
Dilithium3,sign,1024,1,3.46,1,1,0,ip-172-31-17-37,linux,0,0.1704,5868.23,Signature,True,2025-11-21T22:16:20.855824,,77
Dilithium3,sign,1024,1,3.46,1,1,0,ip-172-31-17-37,linux,0,0.1459,6855.0,Signature,True,2025-11-21T22:16:20.856033,,78
Dilithium3,sign,1024,1,3.46,1,1,0,ip-172-31-17-37,linux,0,0.1731,5778.01,Signature,True,2025-11-21T22:16:20.856269,,79
Dilithium3,sign,1024,1,3.46,1,1,0,ip-172-31-17-37,linux,0,0.176,5682.01,Signature,True,2025-11-21T22:16:20.856507,,80
Dilithium3,sign,1024,16,3.46,1,1,0,ip-172-31-17-37,linux,0,0.1577,6340.51,Signature,True,2025-11-21T22:16:20.856727,,81
Dilithium3,sign,1024,16,3.46,1,1,0,ip-172-31-17-37,linux,0,0.1694,5903.68,Signature,True,2025-11-21T22:16:20.856960,,82
Dilithium3,sign,1024,16,3.46,1,1,0,ip-172-31-17-37,linux,0,0.1525,6555.66,Signature,True,2025-11-21T22:16:20.857175,,83
Dilithium3,sign,1024,16,3.46,1,1,0,ip-172-31-17-37,linux,0,0.1828,5469.95,Signature,True,2025-11-21T22:16:20.857420,,84
Dilithium3,sign,1024,16,3.46,1,1,0,ip-172-31-17-37,linux,0,0.1731,5778.34,Signature,True,2025-11-21T22:16:20.857689,,85
Dilithium3,sign,1024,64,3.46,1,1,0,ip-172-31-17-37,linux,0,0.1815,5510.52,Signature,True,2025-11-21T22:16:20.857942,,86
Dilithium3,sign,1024,64,3.46,1,1,0,ip-172-31-17-37,linux,0,0.153,6535.01,Signature,True,2025-11-21T22:16:20.858158,,87
Dilithium3,sign,1024,64,3.46,1,1,0,ip-172-31-17-37,linux,0,0.1315,7603.06,Signature,True,2025-11-21T22:16:20.858351,,88
Dilithium3,sign,1024,64,3.46,1,1,0,ip-172-31-17-37,linux,0,0.1326,7542.84,Signature,True,2025-11-21T22:16:20.858557,,89
Dilithium3,sign,1024,64,3.46,1,1,0,ip-172-31-17-37,linux,0,0.1331,7515.75,Signature,True,2025-11-21T22:16:20.858762,,90
Dilithium3,verify,0,1,3.46,1,1,0,ip-172-31-17-37,linux,0,0.1291,7743.29,Signature,True,2025-11-21T22:16:20.858957,,91
Dilithium3,verify,0,1,3.46,1,1,0,ip-172-31-17-37,linux,0,0.2432,4112.15,Signature,True,2025-11-21T22:16:20.859262,,92
Dilithium3,verify,0,1,3.46,1,1,0,ip-172-31-17-37,linux,0,0.1656,6038.47,Signature,True,2025-11-21T22:16:20.859490,,93
Dilithium3,verify,0,1,3.46,1,1,0,ip-172-31-17-37,linux,0,0.1537,6505.04,Signature,True,2025-11-21T22:16:20.859706,,94
Dilithium3,verify,0,1,3.46,1,1,0,ip-172-31-17-37,linux,0,0.1618,6178.94,Signature,True,2025-11-21T22:16:20.859930,,95
Dilithium3,verify,0,16,3.46,1,1,0,ip-172-31-17-37,linux,0,0.1275,7845.54,Signature,True,2025-11-21T22:16:20.860119,,96
Dilithium3,verify,0,16,3.46,1,1,0,ip-172-31-17-37,linux,0,0.1413,7077.14,Signature,True,2025-11-21T22:16:20.860322,,97
Dilithium3,verify,0,16,3.46,1,1,0,ip-172-31-17-37,linux,0,0.2108,4743.95,Signature,True,2025-11-21T22:16:20.860595,,98
Dilithium3,verify,0,16,3.46,1,1,0,ip-172-31-17-37,linux,0,0.2291,4364.37,Signature,True,2025-11-21T22:16:20.860887,,99
Dilithium3,verify,0,16,3.46,1,1,0,ip-172-31-17-37,linux,0,0.1633,6124.71,Signature,True,2025-11-21T22:16:20.861112,,100
Dilithium3,verify,0,64,3.46,1,1,0,ip-172-31-17-37,linux,0,0.2926,3417.8,Signature,True,2025-11-21T22:16:20.861468,,101
Dilithium3,verify,0,64,3.46,1,1,0,ip-172-31-17-37,linux,0,0.1627,6145.11,Signature,True,2025-11-21T22:16:20.861693,,102
Dilithium3,verify,0,64,3.46,1,1,0,ip-172-31-17-37,linux,0,0.1268,7887.0,Signature,True,2025-11-21T22:16:20.861883,,103
Dilithium3,verify,0,64,3.46,1,1,0,ip-172-31-17-37,linux,0,0.1875,5332.17,Signature,True,2025-11-21T22:16:20.862133,,104
Dilithium3,verify,0,64,3.46,1,1,0,ip-172-31-17-37,linux,0,0.1724,5799.22,Signature,True,2025-11-21T22:16:20.862368,,105
Dilithium3,verify,1024,1,3.46,1,1,0,ip-172-31-17-37,linux,0,0.2302,4344.2,Signature,True,2025-11-21T22:16:20.862671,,106
Dilithium3,verify,1024,1,3.46,1,1,0,ip-172-31-17-37,linux,0,0.1551,6447.74,Signature,True,2025-11-21T22:16:20.862889,,107
Dilithium3,verify,1024,1,3.46,1,1,0,ip-172-31-17-37,linux,0,0.1746,5727.74,Signature,True,2025-11-21T22:16:20.863126,,108
Dilithium3,verify,1024,1,3.46,1,1,0,ip-172-31-17-37,linux,0,0.1447,6909.51,Signature,True,2025-11-21T22:16:20.863333,,109
Dilithium3,verify,1024,1,3.46,1,1,0,ip-172-31-17-37,linux,0,0.1947,5137.03,Signature,True,2025-11-21T22:16:20.863590,,110
Dilithium3,verify,1024,16,3.46,1,1,0,ip-172-31-17-37,linux,0,0.205,4878.07,Signature,True,2025-11-21T22:16:20.863858,,111
Dilithium3,verify,1024,16,3.46,1,1,0,ip-172-31-17-37,linux,0,0.1307,7649.3,Signature,True,2025-11-21T22:16:20.864051,,112
Dilithium3,verify,1024,16,3.46,1,1,0,ip-172-31-17-37,linux,0,0.1409,7099.65,Signature,True,2025-11-21T22:16:20.864254,,113
Dilithium3,verify,1024,16,3.46,1,1,0,ip-172-31-17-37,linux,0,0.1415,7065.34,Signature,True,2025-11-21T22:16:20.864458,,114
Dilithium3,verify,1024,16,3.46,1,1,0,ip-172-31-17-37,linux,0,0.3435,2911.21,Signature,True,2025-11-21T22:16:20.864864,,115
Dilithium3,verify,1024,64,3.46,1,1,0,ip-172-31-17-37,linux,0,0.2452,4077.69,Signature,True,2025-11-21T22:16:20.865172,,116
Dilithium3,verify,1024,64,3.46,1,1,0,ip-172-31-17-37,linux,0,0.2086,4794.19,Signature,True,2025-11-21T22:16:20.865444,,117
Dilithium3,verify,1024,64,3.46,1,1,0,ip-172-31-17-37,linux,0,0.2189,4568.71,Signature,True,2025-11-21T22:16:20.865726,,118
Dilithium3,verify,1024,64,3.46,1,1,0,ip-172-31-17-37,linux,0,0.16,6249.26,Signature,True,2025-11-21T22:16:20.865949,,119
Dilithium3,verify,1024,64,3.46,1,1,0,ip-172-31-17-37,linux,0,0.1543,6478.95,Signature,True,2025-11-21T22:16:20.866170,,120
Dilithium5,sign,0,1,3.46,1,1,0,ip-172-31-17-37,linux,0,0.2996,3337.98,Signature,True,2025-11-21T22:16:20.866538,,121
Dilithium5,sign,0,1,3.46,1,1,0,ip-172-31-17-37,linux,0,0.2277,4391.49,Signature,True,2025-11-21T22:16:20.866852,,122
Dilithium5,sign,0,1,3.46,1,1,0,ip-172-31-17-37,linux,0,0.1781,5613.72,Signature,True,2025-11-21T22:16:20.867095,,123
Dilithium5,sign,0,1,3.46,1,1,0,ip-172-31-17-37,linux,0,0.1889,5294.23,Signature,True,2025-11-21T22:16:20.867349,,124
Dilithium5,sign,0,1,3.46,1,1,0,ip-172-31-17-37,linux,0,0.2143,4667.44,Signature,True,2025-11-21T22:16:20.867645,,125
Dilithium5,sign,0,16,3.46,1,1,0,ip-172-31-17-37,linux,0,0.2682,3728.25,Signature,True,2025-11-21T22:16:20.867980,,126
Dilithium5,sign,0,16,3.46,1,1,0,ip-172-31-17-37,linux,0,0.1777,5626.58,Signature,True,2025-11-21T22:16:20.868222,,127
Dilithium5,sign,0,16,3.46,1,1,0,ip-172-31-17-37,linux,0,0.2515,3976.92,Signature,True,2025-11-21T22:16:20.868538,,128
Dilithium5,sign,0,16,3.46,1,1,0,ip-172-31-17-37,linux,0,0.1952,5122.08,Signature,True,2025-11-21T22:16:20.868812,,129
Dilithium5,sign,0,16,3.46,1,1,0,ip-172-31-17-37,linux,0,0.1942,5149.65,Signature,True,2025-11-21T22:16:20.869071,,130
Dilithium5,sign,0,64,3.46,1,1,0,ip-172-31-17-37,linux,0,0.1767,5660.27,Signature,True,2025-11-21T22:16:20.869312,,131
Dilithium5,sign,0,64,3.46,1,1,0,ip-172-31-17-37,linux,0,0.4471,2236.78,Signature,True,2025-11-21T22:16:20.869822,,132
Dilithium5,sign,0,64,3.46,1,1,0,ip-172-31-17-37,linux,0,0.2437,4102.6,Signature,True,2025-11-21T22:16:20.870130,,133
Dilithium5,sign,0,64,3.46,1,1,0,ip-172-31-17-37,linux,0,0.1956,5111.61,Signature,True,2025-11-21T22:16:20.870389,,134
Dilithium5,sign,0,64,3.46,1,1,0,ip-172-31-17-37,linux,0,0.2444,4091.72,Signature,True,2025-11-21T22:16:20.870711,,135
Dilithium5,sign,1024,1,3.46,1,1,0,ip-172-31-17-37,linux,0,0.2088,4790.42,Signature,True,2025-11-21T22:16:20.870986,,136
Dilithium5,sign,1024,1,3.46,1,1,0,ip-172-31-17-37,linux,0,0.2515,3975.91,Signature,True,2025-11-21T22:16:20.871301,,137
Dilithium5,sign,1024,1,3.46,1,1,0,ip-172-31-17-37,linux,0,0.1985,5036.69,Signature,True,2025-11-21T22:16:20.871591,,138
Dilithium5,sign,1024,1,3.46,1,1,0,ip-172-31-17-37,linux,0,0.1821,5491.37,Signature,True,2025-11-21T22:16:20.871839,,139
Dilithium5,sign,1024,1,3.46,1,1,0,ip-172-31-17-37,linux,0,0.1815,5510.8,Signature,True,2025-11-21T22:16:20.872084,,140
Dilithium5,sign,1024,16,3.46,1,1,0,ip-172-31-17-37,linux,0,0.2916,3429.1,Signature,True,2025-11-21T22:16:20.872440,,141
Dilithium5,sign,1024,16,3.46,1,1,0,ip-172-31-17-37,linux,0,0.2577,3880.78,Signature,True,2025-11-21T22:16:20.872762,,142
Dilithium5,sign,1024,16,3.46,1,1,0,ip-172-31-17-37,linux,0,0.2706,3695.44,Signature,True,2025-11-21T22:16:20.873098,,143
Dilithium5,sign,1024,16,3.46,1,1,0,ip-172-31-17-37,linux,0,0.1981,5048.16,Signature,True,2025-11-21T22:16:20.873360,,144
Dilithium5,sign,1024,16,3.46,1,1,0,ip-172-31-17-37,linux,0,0.2127,4702.1,Signature,True,2025-11-21T22:16:20.873637,,145
Dilithium5,sign,1024,64,3.46,1,1,0,ip-172-31-17-37,linux,0,0.2068,4835.38,Signature,True,2025-11-21T22:16:20.873909,,146
Dilithium5,sign,1024,64,3.46,1,1,0,ip-172-31-17-37,linux,0,0.2278,4390.76,Signature,True,2025-11-21T22:16:20.874201,,147
Dilithium5,sign,1024,64,3.46,1,1,0,ip-172-31-17-37,linux,0,0.2724,3671.22,Signature,True,2025-11-21T22:16:20.874537,,148
Dilithium5,sign,1024,64,3.46,1,1,0,ip-172-31-17-37,linux,0,0.2859,3498.23,Signature,True,2025-11-21T22:16:20.874901,,149
Dilithium5,sign,1024,64,3.46,1,1,0,ip-172-31-17-37,linux,0,0.2478,4035.15,Signature,True,2025-11-21T22:16:20.875213,,150
Dilithium5,verify,0,1,3.46,1,1,0,ip-172-31-17-37,linux,0,0.1894,5280.67,Signature,True,2025-11-21T22:16:20.875470,,151
Dilithium5,verify,0,1,3.46,1,1,0,ip-172-31-17-37,linux,0,0.1974,5066.78,Signature,True,2025-11-21T22:16:20.875732,,152
Dilithium5,verify,0,1,3.46,1,1,0,ip-172-31-17-37,linux,0,0.1735,5765.02,Signature,True,2025-11-21T22:16:20.875969,,153
Dilithium5,verify,0,1,3.46,1,1,0,ip-172-31-17-37,linux,0,0.1723,5804.81,Signature,True,2025-11-21T22:16:20.876200,,154
Dilithium5,verify,0,1,3.46,1,1,0,ip-172-31-17-37,linux,0,0.2146,4659.33,Signature,True,2025-11-21T22:16:20.876474,,155
Dilithium5,verify,0,16,3.46,1,1,0,ip-172-31-17-37,linux,0,0.2366,4226.29,Signature,True,2025-11-21T22:16:20.876771,,156
Dilithium5,verify,0,16,3.46,1,1,0,ip-172-31-17-37,linux,0,0.2376,4209.25,Signature,True,2025-11-21T22:16:20.877073,,157
Dilithium5,verify,0,16,3.46,1,1,0,ip-172-31-17-37,linux,0,0.2374,4212.48,Signature,True,2025-11-21T22:16:20.877375,,158
Dilithium5,verify,0,16,3.46,1,1,0,ip-172-31-17-37,linux,0,0.2097,4769.01,Signature,True,2025-11-21T22:16:20.877649,,159
Dilithium5,verify,0,16,3.46,1,1,0,ip-172-31-17-37,linux,0,0.31,3225.46,Signature,True,2025-11-21T22:16:20.878023,,160
Dilithium5,verify,0,64,3.46,1,1,0,ip-172-31-17-37,linux,0,0.2344,4266.32,Signature,True,2025-11-21T22:16:20.878322,,161
Dilithium5,verify,0,64,3.46,1,1,0,ip-172-31-17-37,linux,0,0.2291,4365.57,Signature,True,2025-11-21T22:16:20.878614,,162
Dilithium5,verify,0,64,3.46,1,1,0,ip-172-31-17-37,linux,0,0.2707,3694.6,Signature,True,2025-11-21T22:16:20.878950,,163
Dilithium5,verify,0,64,3.46,1,1,0,ip-172-31-17-37,linux,0,0.1952,5121.88,Signature,True,2025-11-21T22:16:20.879209,,164
Dilithium5,verify,0,64,3.46,1,1,0,ip-172-31-17-37,linux,0,0.1765,5664.66,Signature,True,2025-11-21T22:16:20.879449,,165
Dilithium5,verify,1024,1,3.46,1,1,0,ip-172-31-17-37,linux,0,0.1953,5120.83,Signature,True,2025-11-21T22:16:20.879709,,166
Dilithium5,verify,1024,1,3.46,1,1,0,ip-172-31-17-37,linux,0,0.2991,3343.13,Signature,True,2025-11-21T22:16:20.880073,,167
Dilithium5,verify,1024,1,3.46,1,1,0,ip-172-31-17-37,linux,0,0.1936,5164.44,Signature,True,2025-11-21T22:16:20.880330,,168
Dilithium5,verify,1024,1,3.46,1,1,0,ip-172-31-17-37,linux,0,0.258,3875.23,Signature,True,2025-11-21T22:16:20.880654,,169
Dilithium5,verify,1024,1,3.46,1,1,0,ip-172-31-17-37,linux,0,0.3771,2651.51,Signature,True,2025-11-21T22:16:20.881097,,170
Dilithium5,verify,1024,16,3.46,1,1,0,ip-172-31-17-37,linux,0,0.2059,4856.59,Signature,True,2025-11-21T22:16:20.881367,,171
Dilithium5,verify,1024,16,3.46,1,1,0,ip-172-31-17-37,linux,0,0.1933,5174.35,Signature,True,2025-11-21T22:16:20.881624,,172
Dilithium5,verify,1024,16,3.46,1,1,0,ip-172-31-17-37,linux,0,0.3037,3292.74,Signature,True,2025-11-21T22:16:20.881992,,173
Dilithium5,verify,1024,16,3.46,1,1,0,ip-172-31-17-37,linux,0,0.2784,3591.46,Signature,True,2025-11-21T22:16:20.882334,,174
Dilithium5,verify,1024,16,3.46,1,1,0,ip-172-31-17-37,linux,0,0.2672,3743.19,Signature,True,2025-11-21T22:16:20.882664,,175
Dilithium5,verify,1024,64,3.46,1,1,0,ip-172-31-17-37,linux,0,0.1812,5520.04,Signature,True,2025-11-21T22:16:20.882912,,176
Dilithium5,verify,1024,64,3.46,1,1,0,ip-172-31-17-37,linux,0,0.1934,5171.11,Signature,True,2025-11-21T22:16:20.883169,,177
Dilithium5,verify,1024,64,3.46,1,1,0,ip-172-31-17-37,linux,0,0.1808,5532.35,Signature,True,2025-11-21T22:16:20.883414,,178
Dilithium5,verify,1024,64,3.46,1,1,0,ip-172-31-17-37,linux,0,0.3197,3128.24,Signature,True,2025-11-21T22:16:20.883798,,179
Dilithium5,verify,1024,64,3.46,1,1,0,ip-172-31-17-37,linux,0,0.2901,3447.59,Signature,True,2025-11-21T22:16:20.884153,,180
Falcon-1024,sign,0,1,3.46,1,1,0,ip-172-31-17-37,linux,0,17.7958,56.19,Signature,True,2025-11-21T22:16:20.901984,,181
Falcon-1024,sign,0,1,3.46,1,1,0,ip-172-31-17-37,linux,0,17.1856,58.19,Signature,True,2025-11-21T22:16:20.919213,,182
Falcon-1024,sign,0,1,3.46,1,1,0,ip-172-31-17-37,linux,0,18.5075,54.03,Signature,True,2025-11-21T22:16:20.937761,,183
Falcon-1024,sign,0,1,3.46,1,1,0,ip-172-31-17-37,linux,0,18.3662,54.45,Signature,True,2025-11-21T22:16:20.956166,,184
Falcon-1024,sign,0,1,3.46,1,1,0,ip-172-31-17-37,linux,0,20.5425,48.68,Signature,True,2025-11-21T22:16:20.976751,,185
Falcon-1024,sign,0,16,3.46,1,1,0,ip-172-31-17-37,linux,0,31.0052,32.25,Signature,True,2025-11-21T22:16:21.007794,,186
Falcon-1024,sign,0,16,3.46,1,1,0,ip-172-31-17-37,linux,0,16.6469,60.07,Signature,True,2025-11-21T22:16:21.024480,,187
Falcon-1024,sign,0,16,3.46,1,1,0,ip-172-31-17-37,linux,0,18.079,55.31,Signature,True,2025-11-21T22:16:21.042598,,188
Falcon-1024,sign,0,16,3.46,1,1,0,ip-172-31-17-37,linux,0,16.6514,60.05,Signature,True,2025-11-21T22:16:21.059288,,189
Falcon-1024,sign,0,16,3.46,1,1,0,ip-172-31-17-37,linux,0,23.8726,41.89,Signature,True,2025-11-21T22:16:21.083200,,190
Falcon-1024,sign,0,64,3.46,1,1,0,ip-172-31-17-37,linux,0,18.0529,55.39,Signature,True,2025-11-21T22:16:21.101293,,191
Falcon-1024,sign,0,64,3.46,1,1,0,ip-172-31-17-37,linux,0,19.6587,50.87,Signature,True,2025-11-21T22:16:21.120988,,192
Falcon-1024,sign,0,64,3.46,1,1,0,ip-172-31-17-37,linux,0,20.7481,48.2,Signature,True,2025-11-21T22:16:21.141774,,193
Falcon-1024,sign,0,64,3.46,1,1,0,ip-172-31-17-37,linux,0,21.2325,47.1,Signature,True,2025-11-21T22:16:21.163047,,194
Falcon-1024,sign,0,64,3.46,1,1,0,ip-172-31-17-37,linux,0,18.7537,53.32,Signature,True,2025-11-21T22:16:21.181837,,195
Falcon-1024,sign,1024,1,3.46,1,1,0,ip-172-31-17-37,linux,0,35.6214,28.07,Signature,True,2025-11-21T22:16:21.217499,,196
Falcon-1024,sign,1024,1,3.46,1,1,0,ip-172-31-17-37,linux,0,21.2208,47.12,Signature,True,2025-11-21T22:16:21.238767,,197
Falcon-1024,sign,1024,1,3.46,1,1,0,ip-172-31-17-37,linux,0,19.37,51.63,Signature,True,2025-11-21T22:16:21.258183,,198
Falcon-1024,sign,1024,1,3.46,1,1,0,ip-172-31-17-37,linux,0,20.2649,49.35,Signature,True,2025-11-21T22:16:21.278488,,199
Falcon-1024,sign,1024,1,3.46,1,1,0,ip-172-31-17-37,linux,0,26.7137,37.43,Signature,True,2025-11-21T22:16:21.305241,,200
Falcon-1024,sign,1024,16,3.46,1,1,0,ip-172-31-17-37,linux,0,25.7029,38.91,Signature,True,2025-11-21T22:16:21.330986,,201
Falcon-1024,sign,1024,16,3.46,1,1,0,ip-172-31-17-37,linux,0,18.4221,54.28,Signature,True,2025-11-21T22:16:21.349462,,202
Falcon-1024,sign,1024,16,3.46,1,1,0,ip-172-31-17-37,linux,0,25.4079,39.36,Signature,True,2025-11-21T22:16:21.374911,,203
Falcon-1024,sign,1024,16,3.46,1,1,0,ip-172-31-17-37,linux,0,20.795,48.09,Signature,True,2025-11-21T22:16:21.395743,,204
Falcon-1024,sign,1024,16,3.46,1,1,0,ip-172-31-17-37,linux,0,17.7974,56.19,Signature,True,2025-11-21T22:16:21.413619,,205
Falcon-1024,sign,1024,64,3.46,1,1,0,ip-172-31-17-37,linux,0,37.6251,26.58,Signature,True,2025-11-21T22:16:21.451283,,206
Falcon-1024,sign,1024,64,3.46,1,1,0,ip-172-31-17-37,linux,0,22.5259,44.39,Signature,True,2025-11-21T22:16:21.473849,,207
Falcon-1024,sign,1024,64,3.46,1,1,0,ip-172-31-17-37,linux,0,18.1697,55.04,Signature,True,2025-11-21T22:16:21.492056,,208
Falcon-1024,sign,1024,64,3.46,1,1,0,ip-172-31-17-37,linux,0,18.676,53.54,Signature,True,2025-11-21T22:16:21.510769,,209
Falcon-1024,sign,1024,64,3.46,1,1,0,ip-172-31-17-37,linux,0,21.2462,47.07,Signature,True,2025-11-21T22:16:21.532052,,210
Falcon-1024,verify,0,1,3.46,1,1,0,ip-172-31-17-37,linux,0,17.0694,58.58,Signature,True,2025-11-21T22:16:21.549168,,211
Falcon-1024,verify,0,1,3.46,1,1,0,ip-172-31-17-37,linux,0,20.6833,48.35,Signature,True,2025-11-21T22:16:21.569891,,212
Falcon-1024,verify,0,1,3.46,1,1,0,ip-172-31-17-37,linux,0,17.0566,58.63,Signature,True,2025-11-21T22:16:21.586990,,213
Falcon-1024,verify,0,1,3.46,1,1,0,ip-172-31-17-37,linux,0,16.8454,59.36,Signature,True,2025-11-21T22:16:21.603873,,214
Falcon-1024,verify,0,1,3.46,1,1,0,ip-172-31-17-37,linux,0,19.9883,50.03,Signature,True,2025-11-21T22:16:21.623899,,215
Falcon-1024,verify,0,16,3.46,1,1,0,ip-172-31-17-37,linux,0,20.4438,48.91,Signature,True,2025-11-21T22:16:21.644382,,216
Falcon-1024,verify,0,16,3.46,1,1,0,ip-172-31-17-37,linux,0,21.4834,46.55,Signature,True,2025-11-21T22:16:21.665903,,217
Falcon-1024,verify,0,16,3.46,1,1,0,ip-172-31-17-37,linux,0,17.2948,57.82,Signature,True,2025-11-21T22:16:21.683233,,218
Falcon-1024,verify,0,16,3.46,1,1,0,ip-172-31-17-37,linux,0,29.6728,33.7,Signature,True,2025-11-21T22:16:21.712943,,219
Falcon-1024,verify,0,16,3.46,1,1,0,ip-172-31-17-37,linux,0,16.9252,59.08,Signature,True,2025-11-21T22:16:21.729909,,220
Falcon-1024,verify,0,64,3.46,1,1,0,ip-172-31-17-37,linux,0,18.4992,54.06,Signature,True,2025-11-21T22:16:21.748446,,221
Falcon-1024,verify,0,64,3.46,1,1,0,ip-172-31-17-37,linux,0,17.9149,55.82,Signature,True,2025-11-21T22:16:21.766397,,222
Falcon-1024,verify,0,64,3.46,1,1,0,ip-172-31-17-37,linux,0,16.8724,59.27,Signature,True,2025-11-21T22:16:21.783313,,223
Falcon-1024,verify,0,64,3.46,1,1,0,ip-172-31-17-37,linux,0,18.9941,52.65,Signature,True,2025-11-21T22:16:21.802342,,224
Falcon-1024,verify,0,64,3.46,1,1,0,ip-172-31-17-37,linux,0,17.5759,56.9,Signature,True,2025-11-21T22:16:21.819951,,225
Falcon-1024,verify,1024,1,3.46,1,1,0,ip-172-31-17-37,linux,0,25.3789,39.4,Signature,True,2025-11-21T22:16:21.845369,,226
Falcon-1024,verify,1024,1,3.46,1,1,0,ip-172-31-17-37,linux,0,30.6707,32.6,Signature,True,2025-11-21T22:16:21.876082,,227
Falcon-1024,verify,1024,1,3.46,1,1,0,ip-172-31-17-37,linux,0,17.1432,58.33,Signature,True,2025-11-21T22:16:21.893265,,228
Falcon-1024,verify,1024,1,3.46,1,1,0,ip-172-31-17-37,linux,0,22.7074,44.04,Signature,True,2025-11-21T22:16:21.916012,,229
Falcon-1024,verify,1024,1,3.46,1,1,0,ip-172-31-17-37,linux,0,19.2068,52.06,Signature,True,2025-11-21T22:16:21.935257,,230
Falcon-1024,verify,1024,16,3.46,1,1,0,ip-172-31-17-37,linux,0,16.651,60.06,Signature,True,2025-11-21T22:16:21.951944,,231
Falcon-1024,verify,1024,16,3.46,1,1,0,ip-172-31-17-37,linux,0,17.2252,58.05,Signature,True,2025-11-21T22:16:21.969204,,232
Falcon-1024,verify,1024,16,3.46,1,1,0,ip-172-31-17-37,linux,0,22.4018,44.64,Signature,True,2025-11-21T22:16:21.991641,,233
Falcon-1024,verify,1024,16,3.46,1,1,0,ip-172-31-17-37,linux,0,17.4147,57.42,Signature,True,2025-11-21T22:16:22.009093,,234
Falcon-1024,verify,1024,16,3.46,1,1,0,ip-172-31-17-37,linux,0,17.3031,57.79,Signature,True,2025-11-21T22:16:22.026434,,235
Falcon-1024,verify,1024,64,3.46,1,1,0,ip-172-31-17-37,linux,0,17.8312,56.08,Signature,True,2025-11-21T22:16:22.044308,,236
Falcon-1024,verify,1024,64,3.46,1,1,0,ip-172-31-17-37,linux,0,18.9033,52.9,Signature,True,2025-11-21T22:16:22.063257,,237
Falcon-1024,verify,1024,64,3.46,1,1,0,ip-172-31-17-37,linux,0,16.8355,59.4,Signature,True,2025-11-21T22:16:22.080135,,238
Falcon-1024,verify,1024,64,3.46,1,1,0,ip-172-31-17-37,linux,0,17.9189,55.81,Signature,True,2025-11-21T22:16:22.098093,,239
Falcon-1024,verify,1024,64,3.46,1,1,0,ip-172-31-17-37,linux,0,24.0891,41.51,Signature,True,2025-11-21T22:16:22.122236,,240
Falcon-512,sign,0,1,3.46,1,1,0,ip-172-31-17-37,linux,0,8.337,119.95,Signature,True,2025-11-21T22:16:22.130630,,241
Falcon-512,sign,0,1,3.46,1,1,0,ip-172-31-17-37,linux,0,7.47,133.87,Signature,True,2025-11-21T22:16:22.138139,,242
Falcon-512,sign,0,1,3.46,1,1,0,ip-172-31-17-37,linux,0,5.4381,183.89,Signature,True,2025-11-21T22:16:22.143612,,243
Falcon-512,sign,0,1,3.46,1,1,0,ip-172-31-17-37,linux,0,5.6387,177.35,Signature,True,2025-11-21T22:16:22.149284,,244
Falcon-512,sign,0,1,3.46,1,1,0,ip-172-31-17-37,linux,0,6.7306,148.57,Signature,True,2025-11-21T22:16:22.156045,,245
Falcon-512,sign,0,16,3.46,1,1,0,ip-172-31-17-37,linux,0,7.9212,126.24,Signature,True,2025-11-21T22:16:22.164000,,246
Falcon-512,sign,0,16,3.46,1,1,0,ip-172-31-17-37,linux,0,7.6672,130.42,Signature,True,2025-11-21T22:16:22.171703,,247
Falcon-512,sign,0,16,3.46,1,1,0,ip-172-31-17-37,linux,0,5.5433,180.4,Signature,True,2025-11-21T22:16:22.177279,,248
Falcon-512,sign,0,16,3.46,1,1,0,ip-172-31-17-37,linux,0,10.475,95.47,Signature,True,2025-11-21T22:16:22.187785,,249
Falcon-512,sign,0,16,3.46,1,1,0,ip-172-31-17-37,linux,0,6.0235,166.02,Signature,True,2025-11-21T22:16:22.193842,,250
Falcon-512,sign,0,64,3.46,1,1,0,ip-172-31-17-37,linux,0,5.5397,180.52,Signature,True,2025-11-21T22:16:22.199417,,251
Falcon-512,sign,0,64,3.46,1,1,0,ip-172-31-17-37,linux,0,5.6412,177.27,Signature,True,2025-11-21T22:16:22.205089,,252
Falcon-512,sign,0,64,3.46,1,1,0,ip-172-31-17-37,linux,0,5.8364,171.34,Signature,True,2025-11-21T22:16:22.210959,,253
Falcon-512,sign,0,64,3.46,1,1,0,ip-172-31-17-37,linux,0,8.2325,121.47,Signature,True,2025-11-21T22:16:22.219224,,254
Falcon-512,sign,0,64,3.46,1,1,0,ip-172-31-17-37,linux,0,6.8446,146.1,Signature,True,2025-11-21T22:16:22.226100,,255
Falcon-512,sign,1024,1,3.46,1,1,0,ip-172-31-17-37,linux,0,5.4004,185.17,Signature,True,2025-11-21T22:16:22.231532,,256
Falcon-512,sign,1024,1,3.46,1,1,0,ip-172-31-17-37,linux,0,7.5326,132.76,Signature,True,2025-11-21T22:16:22.239096,,257
Falcon-512,sign,1024,1,3.46,1,1,0,ip-172-31-17-37,linux,0,6.7075,149.09,Signature,True,2025-11-21T22:16:22.245834,,258
Falcon-512,sign,1024,1,3.46,1,1,0,ip-172-31-17-37,linux,0,5.8129,172.03,Signature,True,2025-11-21T22:16:22.251677,,259
Falcon-512,sign,1024,1,3.46,1,1,0,ip-172-31-17-37,linux,0,6.8451,146.09,Signature,True,2025-11-21T22:16:22.258553,,260
Falcon-512,sign,1024,16,3.46,1,1,0,ip-172-31-17-37,linux,0,9.2915,107.63,Signature,True,2025-11-21T22:16:22.267894,,261
Falcon-512,sign,1024,16,3.46,1,1,0,ip-172-31-17-37,linux,0,5.7237,174.71,Signature,True,2025-11-21T22:16:22.273652,,262
Falcon-512,sign,1024,16,3.46,1,1,0,ip-172-31-17-37,linux,0,7.0348,142.15,Signature,True,2025-11-21T22:16:22.280717,,263
Falcon-512,sign,1024,16,3.46,1,1,0,ip-172-31-17-37,linux,0,5.3989,185.22,Signature,True,2025-11-21T22:16:22.286148,,264
Falcon-512,sign,1024,16,3.46,1,1,0,ip-172-31-17-37,linux,0,6.3361,157.82,Signature,True,2025-11-21T22:16:22.292515,,265
Falcon-512,sign,1024,64,3.46,1,1,0,ip-172-31-17-37,linux,0,5.7327,174.44,Signature,True,2025-11-21T22:16:22.298279,,266
Falcon-512,sign,1024,64,3.46,1,1,0,ip-172-31-17-37,linux,0,7.7067,129.76,Signature,True,2025-11-21T22:16:22.306015,,267
Falcon-512,sign,1024,64,3.46,1,1,0,ip-172-31-17-37,linux,0,7.106,140.73,Signature,True,2025-11-21T22:16:22.313151,,268
Falcon-512,sign,1024,64,3.46,1,1,0,ip-172-31-17-37,linux,0,6.0041,166.55,Signature,True,2025-11-21T22:16:22.319185,,269
Falcon-512,sign,1024,64,3.46,1,1,0,ip-172-31-17-37,linux,0,7.8167,127.93,Signature,True,2025-11-21T22:16:22.327040,,270
Falcon-512,verify,0,1,3.46,1,1,0,ip-172-31-17-37,linux,0,5.6053,178.4,Signature,True,2025-11-21T22:16:22.332682,,271
Falcon-512,verify,0,1,3.46,1,1,0,ip-172-31-17-37,linux,0,6.5331,153.07,Signature,True,2025-11-21T22:16:22.339289,,272
Falcon-512,verify,0,1,3.46,1,1,0,ip-172-31-17-37,linux,0,7.1944,139.0,Signature,True,2025-11-21T22:16:22.346516,,273
Falcon-512,verify,0,1,3.46,1,1,0,ip-172-31-17-37,linux,0,5.831,171.5,Signature,True,2025-11-21T22:16:22.352380,,274
Falcon-512,verify,0,1,3.46,1,1,0,ip-172-31-17-37,linux,0,8.4813,117.91,Signature,True,2025-11-21T22:16:22.360894,,275
Falcon-512,verify,0,16,3.46,1,1,0,ip-172-31-17-37,linux,0,9.9247,100.76,Signature,True,2025-11-21T22:16:22.370850,,276
Falcon-512,verify,0,16,3.46,1,1,0,ip-172-31-17-37,linux,0,5.6505,176.98,Signature,True,2025-11-21T22:16:22.376531,,277
Falcon-512,verify,0,16,3.46,1,1,0,ip-172-31-17-37,linux,0,7.3307,136.41,Signature,True,2025-11-21T22:16:22.383891,,278
Falcon-512,verify,0,16,3.46,1,1,0,ip-172-31-17-37,linux,0,5.8878,169.84,Signature,True,2025-11-21T22:16:22.389809,,279
Falcon-512,verify,0,16,3.46,1,1,0,ip-172-31-17-37,linux,0,6.816,146.71,Signature,True,2025-11-21T22:16:22.396655,,280
Falcon-512,verify,0,64,3.46,1,1,0,ip-172-31-17-37,linux,0,5.8203,171.81,Signature,True,2025-11-21T22:16:22.402505,,281
Falcon-512,verify,0,64,3.46,1,1,0,ip-172-31-17-37,linux,0,6.113,163.58,Signature,True,2025-11-21T22:16:22.408649,,282
Falcon-512,verify,0,64,3.46,1,1,0,ip-172-31-17-37,linux,0,6.5682,152.25,Signature,True,2025-11-21T22:16:22.415248,,283
Falcon-512,verify,0,64,3.46,1,1,0,ip-172-31-17-37,linux,0,6.3706,156.97,Signature,True,2025-11-21T22:16:22.421649,,284
Falcon-512,verify,0,64,3.46,1,1,0,ip-172-31-17-37,linux,0,8.667,115.38,Signature,True,2025-11-21T22:16:22.430346,,285
Falcon-512,verify,1024,1,3.46,1,1,0,ip-172-31-17-37,linux,0,5.9796,167.24,Signature,True,2025-11-21T22:16:22.436359,,286
Falcon-512,verify,1024,1,3.46,1,1,0,ip-172-31-17-37,linux,0,6.2382,160.3,Signature,True,2025-11-21T22:16:22.442628,,287
Falcon-512,verify,1024,1,3.46,1,1,0,ip-172-31-17-37,linux,0,6.6105,151.27,Signature,True,2025-11-21T22:16:22.449270,,288
Falcon-512,verify,1024,1,3.46,1,1,0,ip-172-31-17-37,linux,0,5.9184,168.97,Signature,True,2025-11-21T22:16:22.455219,,289
Falcon-512,verify,1024,1,3.46,1,1,0,ip-172-31-17-37,linux,0,5.3996,185.2,Signature,True,2025-11-21T22:16:22.460650,,290
Falcon-512,verify,1024,16,3.46,1,1,0,ip-172-31-17-37,linux,0,10.574,94.57,Signature,True,2025-11-21T22:16:22.471257,,291
Falcon-512,verify,1024,16,3.46,1,1,0,ip-172-31-17-37,linux,0,10.7113,93.36,Signature,True,2025-11-21T22:16:22.482003,,292
Falcon-512,verify,1024,16,3.46,1,1,0,ip-172-31-17-37,linux,0,9.159,109.18,Signature,True,2025-11-21T22:16:22.491195,,293
Falcon-512,verify,1024,16,3.46,1,1,0,ip-172-31-17-37,linux,0,6.2638,159.65,Signature,True,2025-11-21T22:16:22.497490,,294
Falcon-512,verify,1024,16,3.46,1,1,0,ip-172-31-17-37,linux,0,8.5334,117.19,Signature,True,2025-11-21T22:16:22.506054,,295
Falcon-512,verify,1024,64,3.46,1,1,0,ip-172-31-17-37,linux,0,8.7048,114.88,Signature,True,2025-11-21T22:16:22.514790,,296
Falcon-512,verify,1024,64,3.46,1,1,0,ip-172-31-17-37,linux,0,5.9728,167.43,Signature,True,2025-11-21T22:16:22.520794,,297
Falcon-512,verify,1024,64,3.46,1,1,0,ip-172-31-17-37,linux,0,7.6219,131.2,Signature,True,2025-11-21T22:16:22.528446,,298
Falcon-512,verify,1024,64,3.46,1,1,0,ip-172-31-17-37,linux,0,6.0043,166.55,Signature,True,2025-11-21T22:16:22.534478,,299
Falcon-512,verify,1024,64,3.46,1,1,0,ip-172-31-17-37,linux,0,7.1362,140.13,Signature,True,2025-11-21T22:16:22.541645,,300
Falcon-padded-1024,sign,0,1,3.46,1,1,0,ip-172-31-17-37,linux,0,19.7532,50.62,Signature,True,2025-11-21T22:16:22.561454,,301
Falcon-padded-1024,sign,0,1,3.46,1,1,0,ip-172-31-17-37,linux,0,16.8443,59.37,Signature,True,2025-11-21T22:16:22.578339,,302
Falcon-padded-1024,sign,0,1,3.46,1,1,0,ip-172-31-17-37,linux,0,20.7876,48.11,Signature,True,2025-11-21T22:16:22.599165,,303
Falcon-padded-1024,sign,0,1,3.46,1,1,0,ip-172-31-17-37,linux,0,20.4205,48.97,Signature,True,2025-11-21T22:16:22.619622,,304
Falcon-padded-1024,sign,0,1,3.46,1,1,0,ip-172-31-17-37,linux,0,18.8443,53.07,Signature,True,2025-11-21T22:16:22.638500,,305
Falcon-padded-1024,sign,0,16,3.46,1,1,0,ip-172-31-17-37,linux,0,19.603,51.01,Signature,True,2025-11-21T22:16:22.658140,,306
Falcon-padded-1024,sign,0,16,3.46,1,1,0,ip-172-31-17-37,linux,0,19.8548,50.37,Signature,True,2025-11-21T22:16:22.678057,,307
Falcon-padded-1024,sign,0,16,3.46,1,1,0,ip-172-31-17-37,linux,0,21.5197,46.47,Signature,True,2025-11-21T22:16:22.699614,,308
Falcon-padded-1024,sign,0,16,3.46,1,1,0,ip-172-31-17-37,linux,0,31.0103,32.25,Signature,True,2025-11-21T22:16:22.730678,,309
Falcon-padded-1024,sign,0,16,3.46,1,1,0,ip-172-31-17-37,linux,0,18.732,53.38,Signature,True,2025-11-21T22:16:22.749446,,310
Falcon-padded-1024,sign,0,64,3.46,1,1,0,ip-172-31-17-37,linux,0,18.6745,53.55,Signature,True,2025-11-21T22:16:22.768155,,311
Falcon-padded-1024,sign,0,64,3.46,1,1,0,ip-172-31-17-37,linux,0,17.0094,58.79,Signature,True,2025-11-21T22:16:22.785200,,312
Falcon-padded-1024,sign,0,64,3.46,1,1,0,ip-172-31-17-37,linux,0,17.6262,56.73,Signature,True,2025-11-21T22:16:22.802859,,313
Falcon-padded-1024,sign,0,64,3.46,1,1,0,ip-172-31-17-37,linux,0,17.7635,56.3,Signature,True,2025-11-21T22:16:22.820657,,314
Falcon-padded-1024,sign,0,64,3.46,1,1,0,ip-172-31-17-37,linux,0,16.6531,60.05,Signature,True,2025-11-21T22:16:22.837345,,315
Falcon-padded-1024,sign,1024,1,3.46,1,1,0,ip-172-31-17-37,linux,0,16.7661,59.64,Signature,True,2025-11-21T22:16:22.854152,,316
Falcon-padded-1024,sign,1024,1,3.46,1,1,0,ip-172-31-17-37,linux,0,16.5676,60.36,Signature,True,2025-11-21T22:16:22.870760,,317
Falcon-padded-1024,sign,1024,1,3.46,1,1,0,ip-172-31-17-37,linux,0,32.6321,30.64,Signature,True,2025-11-21T22:16:22.903430,,318
Falcon-padded-1024,sign,1024,1,3.46,1,1,0,ip-172-31-17-37,linux,0,16.6149,60.19,Signature,True,2025-11-21T22:16:22.920084,,319
Falcon-padded-1024,sign,1024,1,3.46,1,1,0,ip-172-31-17-37,linux,0,19.8706,50.33,Signature,True,2025-11-21T22:16:22.939989,,320
Falcon-padded-1024,sign,1024,16,3.46,1,1,0,ip-172-31-17-37,linux,0,16.7698,59.63,Signature,True,2025-11-21T22:16:22.956793,,321
Falcon-padded-1024,sign,1024,16,3.46,1,1,0,ip-172-31-17-37,linux,0,20.2164,49.46,Signature,True,2025-11-21T22:16:22.977042,,322
Falcon-padded-1024,sign,1024,16,3.46,1,1,0,ip-172-31-17-37,linux,0,16.9601,58.96,Signature,True,2025-11-21T22:16:22.994034,,323
Falcon-padded-1024,sign,1024,16,3.46,1,1,0,ip-172-31-17-37,linux,0,16.9106,59.13,Signature,True,2025-11-21T22:16:23.010977,,324
Falcon-padded-1024,sign,1024,16,3.46,1,1,0,ip-172-31-17-37,linux,0,17.514,57.1,Signature,True,2025-11-21T22:16:23.028524,,325
Falcon-padded-1024,sign,1024,64,3.46,1,1,0,ip-172-31-17-37,linux,0,20.2608,49.36,Signature,True,2025-11-21T22:16:23.048823,,326
Falcon-padded-1024,sign,1024,64,3.46,1,1,0,ip-172-31-17-37,linux,0,19.423,51.49,Signature,True,2025-11-21T22:16:23.068289,,327
Falcon-padded-1024,sign,1024,64,3.46,1,1,0,ip-172-31-17-37,linux,0,24.4604,40.88,Signature,True,2025-11-21T22:16:23.092786,,328
Falcon-padded-1024,sign,1024,64,3.46,1,1,0,ip-172-31-17-37,linux,0,19.6263,50.95,Signature,True,2025-11-21T22:16:23.112450,,329
Falcon-padded-1024,sign,1024,64,3.46,1,1,0,ip-172-31-17-37,linux,0,18.6154,53.72,Signature,True,2025-11-21T22:16:23.131100,,330
Falcon-padded-1024,verify,0,1,3.46,1,1,0,ip-172-31-17-37,linux,0,17.6033,56.81,Signature,True,2025-11-21T22:16:23.148752,,331
Falcon-padded-1024,verify,0,1,3.46,1,1,0,ip-172-31-17-37,linux,0,17.6301,56.72,Signature,True,2025-11-21T22:16:23.166415,,332
Falcon-padded-1024,verify,0,1,3.46,1,1,0,ip-172-31-17-37,linux,0,17.8791,55.93,Signature,True,2025-11-21T22:16:23.184338,,333
Falcon-padded-1024,verify,0,1,3.46,1,1,0,ip-172-31-17-37,linux,0,17.4338,57.36,Signature,True,2025-11-21T22:16:23.201805,,334
Falcon-padded-1024,verify,0,1,3.46,1,1,0,ip-172-31-17-37,linux,0,29.9575,33.38,Signature,True,2025-11-21T22:16:23.231803,,335
Falcon-padded-1024,verify,0,16,3.46,1,1,0,ip-172-31-17-37,linux,0,32.9172,30.38,Signature,True,2025-11-21T22:16:23.264775,,336
Falcon-padded-1024,verify,0,16,3.46,1,1,0,ip-172-31-17-37,linux,0,22.1256,45.2,Signature,True,2025-11-21T22:16:23.286981,,337
Falcon-padded-1024,verify,0,16,3.46,1,1,0,ip-172-31-17-37,linux,0,17.0737,58.57,Signature,True,2025-11-21T22:16:23.304095,,338
Falcon-padded-1024,verify,0,16,3.46,1,1,0,ip-172-31-17-37,linux,0,19.7185,50.71,Signature,True,2025-11-21T22:16:23.323860,,339
Falcon-padded-1024,verify,0,16,3.46,1,1,0,ip-172-31-17-37,linux,0,17.7908,56.21,Signature,True,2025-11-21T22:16:23.341688,,340
Falcon-padded-1024,verify,0,64,3.46,1,1,0,ip-172-31-17-37,linux,0,21.3267,46.89,Signature,True,2025-11-21T22:16:23.363051,,341
Falcon-padded-1024,verify,0,64,3.46,1,1,0,ip-172-31-17-37,linux,0,23.7794,42.05,Signature,True,2025-11-21T22:16:23.386863,,342
Falcon-padded-1024,verify,0,64,3.46,1,1,0,ip-172-31-17-37,linux,0,17.0639,58.6,Signature,True,2025-11-21T22:16:23.403961,,343
Falcon-padded-1024,verify,0,64,3.46,1,1,0,ip-172-31-17-37,linux,0,17.9944,55.57,Signature,True,2025-11-21T22:16:23.421989,,344
Falcon-padded-1024,verify,0,64,3.46,1,1,0,ip-172-31-17-37,linux,0,18.2456,54.81,Signature,True,2025-11-21T22:16:23.440267,,345
Falcon-padded-1024,verify,1024,1,3.46,1,1,0,ip-172-31-17-37,linux,0,18.8187,53.14,Signature,True,2025-11-21T22:16:23.459121,,346
Falcon-padded-1024,verify,1024,1,3.46,1,1,0,ip-172-31-17-37,linux,0,16.5912,60.27,Signature,True,2025-11-21T22:16:23.475746,,347
Falcon-padded-1024,verify,1024,1,3.46,1,1,0,ip-172-31-17-37,linux,0,21.9526,45.55,Signature,True,2025-11-21T22:16:23.497733,,348
Falcon-padded-1024,verify,1024,1,3.46,1,1,0,ip-172-31-17-37,linux,0,18.6223,53.7,Signature,True,2025-11-21T22:16:23.516388,,349
Falcon-padded-1024,verify,1024,1,3.46,1,1,0,ip-172-31-17-37,linux,0,35.2979,28.33,Signature,True,2025-11-21T22:16:23.551723,,350
Falcon-padded-1024,verify,1024,16,3.46,1,1,0,ip-172-31-17-37,linux,0,21.5464,46.41,Signature,True,2025-11-21T22:16:23.573307,,351
Falcon-padded-1024,verify,1024,16,3.46,1,1,0,ip-172-31-17-37,linux,0,16.8981,59.18,Signature,True,2025-11-21T22:16:23.590241,,352
Falcon-padded-1024,verify,1024,16,3.46,1,1,0,ip-172-31-17-37,linux,0,19.7701,50.58,Signature,True,2025-11-21T22:16:23.610044,,353
Falcon-padded-1024,verify,1024,16,3.46,1,1,0,ip-172-31-17-37,linux,0,17.6873,56.54,Signature,True,2025-11-21T22:16:23.627764,,354
Falcon-padded-1024,verify,1024,16,3.46,1,1,0,ip-172-31-17-37,linux,0,19.1241,52.29,Signature,True,2025-11-21T22:16:23.646921,,355
Falcon-padded-1024,verify,1024,64,3.46,1,1,0,ip-172-31-17-37,linux,0,17.6747,56.58,Signature,True,2025-11-21T22:16:23.664630,,356
Falcon-padded-1024,verify,1024,64,3.46,1,1,0,ip-172-31-17-37,linux,0,17.8917,55.89,Signature,True,2025-11-21T22:16:23.682557,,357
Falcon-padded-1024,verify,1024,64,3.46,1,1,0,ip-172-31-17-37,linux,0,21.4084,46.71,Signature,True,2025-11-21T22:16:23.704010,,358
Falcon-padded-1024,verify,1024,64,3.46,1,1,0,ip-172-31-17-37,linux,0,21.2978,46.95,Signature,True,2025-11-21T22:16:23.725341,,359
Falcon-padded-1024,verify,1024,64,3.46,1,1,0,ip-172-31-17-37,linux,0,20.287,49.29,Signature,True,2025-11-21T22:16:23.745663,,360
Falcon-padded-512,sign,0,1,3.46,1,1,0,ip-172-31-17-37,linux,0,9.5619,104.58,Signature,True,2025-11-21T22:16:23.755274,,361
Falcon-padded-512,sign,0,1,3.46,1,1,0,ip-172-31-17-37,linux,0,6.213,160.95,Signature,True,2025-11-21T22:16:23.761522,,362
Falcon-padded-512,sign,0,1,3.46,1,1,0,ip-172-31-17-37,linux,0,5.4066,184.96,Signature,True,2025-11-21T22:16:23.766961,,363
Falcon-padded-512,sign,0,1,3.46,1,1,0,ip-172-31-17-37,linux,0,7.3416,136.21,Signature,True,2025-11-21T22:16:23.774333,,364
Falcon-padded-512,sign,0,1,3.46,1,1,0,ip-172-31-17-37,linux,0,8.4802,117.92,Signature,True,2025-11-21T22:16:23.782843,,365
Falcon-padded-512,sign,0,16,3.46,1,1,0,ip-172-31-17-37,linux,0,8.0292,124.54,Signature,True,2025-11-21T22:16:23.790902,,366
Falcon-padded-512,sign,0,16,3.46,1,1,0,ip-172-31-17-37,linux,0,8.0188,124.71,Signature,True,2025-11-21T22:16:23.798951,,367
Falcon-padded-512,sign,0,16,3.46,1,1,0,ip-172-31-17-37,linux,0,8.422,118.74,Signature,True,2025-11-21T22:16:23.807403,,368
Falcon-padded-512,sign,0,16,3.46,1,1,0,ip-172-31-17-37,linux,0,5.5377,180.58,Signature,True,2025-11-21T22:16:23.812971,,369
Falcon-padded-512,sign,0,16,3.46,1,1,0,ip-172-31-17-37,linux,0,5.3708,186.19,Signature,True,2025-11-21T22:16:23.818369,,370
Falcon-padded-512,sign,0,64,3.46,1,1,0,ip-172-31-17-37,linux,0,8.3125,120.3,Signature,True,2025-11-21T22:16:23.826711,,371
Falcon-padded-512,sign,0,64,3.46,1,1,0,ip-172-31-17-37,linux,0,6.666,150.01,Signature,True,2025-11-21T22:16:23.833406,,372
Falcon-padded-512,sign,0,64,3.46,1,1,0,ip-172-31-17-37,linux,0,6.3198,158.23,Signature,True,2025-11-21T22:16:23.839754,,373
Falcon-padded-512,sign,0,64,3.46,1,1,0,ip-172-31-17-37,linux,0,5.557,179.95,Signature,True,2025-11-21T22:16:23.845340,,374
Falcon-padded-512,sign,0,64,3.46,1,1,0,ip-172-31-17-37,linux,0,9.3841,106.56,Signature,True,2025-11-21T22:16:23.854755,,375
Falcon-padded-512,sign,1024,1,3.46,1,1,0,ip-172-31-17-37,linux,0,6.2932,158.9,Signature,True,2025-11-21T22:16:23.861086,,376
Falcon-padded-512,sign,1024,1,3.46,1,1,0,ip-172-31-17-37,linux,0,6.5677,152.26,Signature,True,2025-11-21T22:16:23.867686,,377
Falcon-padded-512,sign,1024,1,3.46,1,1,0,ip-172-31-17-37,linux,0,8.9014,112.34,Signature,True,2025-11-21T22:16:23.876616,,378
Falcon-padded-512,sign,1024,1,3.46,1,1,0,ip-172-31-17-37,linux,0,7.6476,130.76,Signature,True,2025-11-21T22:16:23.884292,,379
Falcon-padded-512,sign,1024,1,3.46,1,1,0,ip-172-31-17-37,linux,0,5.394,185.39,Signature,True,2025-11-21T22:16:23.889715,,380
Falcon-padded-512,sign,1024,16,3.46,1,1,0,ip-172-31-17-37,linux,0,7.6909,130.02,Signature,True,2025-11-21T22:16:23.897435,,381
Falcon-padded-512,sign,1024,16,3.46,1,1,0,ip-172-31-17-37,linux,0,8.4747,118.0,Signature,True,2025-11-21T22:16:23.905938,,382
Falcon-padded-512,sign,1024,16,3.46,1,1,0,ip-172-31-17-37,linux,0,6.8574,145.83,Signature,True,2025-11-21T22:16:23.912825,,383
Falcon-padded-512,sign,1024,16,3.46,1,1,0,ip-172-31-17-37,linux,0,6.1284,163.17,Signature,True,2025-11-21T22:16:23.918983,,384
Falcon-padded-512,sign,1024,16,3.46,1,1,0,ip-172-31-17-37,linux,0,6.7107,149.02,Signature,True,2025-11-21T22:16:23.925722,,385
Falcon-padded-512,sign,1024,64,3.46,1,1,0,ip-172-31-17-37,linux,0,5.5528,180.09,Signature,True,2025-11-21T22:16:23.931307,,386
Falcon-padded-512,sign,1024,64,3.46,1,1,0,ip-172-31-17-37,linux,0,5.7252,174.67,Signature,True,2025-11-21T22:16:23.937060,,387
Falcon-padded-512,sign,1024,64,3.46,1,1,0,ip-172-31-17-37,linux,0,7.1563,139.74,Signature,True,2025-11-21T22:16:23.944245,,388
Falcon-padded-512,sign,1024,64,3.46,1,1,0,ip-172-31-17-37,linux,0,7.6289,131.08,Signature,True,2025-11-21T22:16:23.951903,,389
Falcon-padded-512,sign,1024,64,3.46,1,1,0,ip-172-31-17-37,linux,0,5.388,185.6,Signature,True,2025-11-21T22:16:23.957320,,390
Falcon-padded-512,verify,0,1,3.46,1,1,0,ip-172-31-17-37,linux,0,7.239,138.14,Signature,True,2025-11-21T22:16:23.964600,,391
Falcon-padded-512,verify,0,1,3.46,1,1,0,ip-172-31-17-37,linux,0,7.4591,134.06,Signature,True,2025-11-21T22:16:23.972088,,392
Falcon-padded-512,verify,0,1,3.46,1,1,0,ip-172-31-17-37,linux,0,6.6829,149.64,Signature,True,2025-11-21T22:16:23.978800,,393
Falcon-padded-512,verify,0,1,3.46,1,1,0,ip-172-31-17-37,linux,0,8.3147,120.27,Signature,True,2025-11-21T22:16:23.987143,,394
Falcon-padded-512,verify,0,1,3.46,1,1,0,ip-172-31-17-37,linux,0,7.816,127.94,Signature,True,2025-11-21T22:16:23.994986,,395
Falcon-padded-512,verify,0,16,3.46,1,1,0,ip-172-31-17-37,linux,0,9.449,105.83,Signature,True,2025-11-21T22:16:24.004464,,396
Falcon-padded-512,verify,0,16,3.46,1,1,0,ip-172-31-17-37,linux,0,6.3883,156.54,Signature,True,2025-11-21T22:16:24.010881,,397
Falcon-padded-512,verify,0,16,3.46,1,1,0,ip-172-31-17-37,linux,0,13.7734,72.6,Signature,True,2025-11-21T22:16:24.024682,,398
Falcon-padded-512,verify,0,16,3.46,1,1,0,ip-172-31-17-37,linux,0,5.6309,177.59,Signature,True,2025-11-21T22:16:24.030341,,399
Falcon-padded-512,verify,0,16,3.46,1,1,0,ip-172-31-17-37,linux,0,6.5485,152.71,Signature,True,2025-11-21T22:16:24.036917,,400
Falcon-padded-512,verify,0,64,3.46,1,1,0,ip-172-31-17-37,linux,0,5.6881,175.81,Signature,True,2025-11-21T22:16:24.042677,,401
Falcon-padded-512,verify,0,64,3.46,1,1,0,ip-172-31-17-37,linux,0,8.7885,113.79,Signature,True,2025-11-21T22:16:24.051496,,402
Falcon-padded-512,verify,0,64,3.46,1,1,0,ip-172-31-17-37,linux,0,7.187,139.14,Signature,True,2025-11-21T22:16:24.058712,,403
Falcon-padded-512,verify,0,64,3.46,1,1,0,ip-172-31-17-37,linux,0,5.5782,179.27,Signature,True,2025-11-21T22:16:24.064318,,404
Falcon-padded-512,verify,0,64,3.46,1,1,0,ip-172-31-17-37,linux,0,7.5418,132.59,Signature,True,2025-11-21T22:16:24.071889,,405
Falcon-padded-512,verify,1024,1,3.46,1,1,0,ip-172-31-17-37,linux,0,5.9638,167.68,Signature,True,2025-11-21T22:16:24.077883,,406
Falcon-padded-512,verify,1024,1,3.46,1,1,0,ip-172-31-17-37,linux,0,7.841,127.53,Signature,True,2025-11-21T22:16:24.085753,,407
Falcon-padded-512,verify,1024,1,3.46,1,1,0,ip-172-31-17-37,linux,0,11.8443,84.43,Signature,True,2025-11-21T22:16:24.097626,,408
Falcon-padded-512,verify,1024,1,3.46,1,1,0,ip-172-31-17-37,linux,0,5.8266,171.63,Signature,True,2025-11-21T22:16:24.103481,,409
Falcon-padded-512,verify,1024,1,3.46,1,1,0,ip-172-31-17-37,linux,0,6.95,143.89,Signature,True,2025-11-21T22:16:24.110460,,410
Falcon-padded-512,verify,1024,16,3.46,1,1,0,ip-172-31-17-37,linux,0,5.3783,185.93,Signature,True,2025-11-21T22:16:24.115868,,411
Falcon-padded-512,verify,1024,16,3.46,1,1,0,ip-172-31-17-37,linux,0,10.0783,99.22,Signature,True,2025-11-21T22:16:24.125974,,412
Falcon-padded-512,verify,1024,16,3.46,1,1,0,ip-172-31-17-37,linux,0,7.7068,129.76,Signature,True,2025-11-21T22:16:24.133710,,413
Falcon-padded-512,verify,1024,16,3.46,1,1,0,ip-172-31-17-37,linux,0,5.5679,179.6,Signature,True,2025-11-21T22:16:24.139308,,414
Falcon-padded-512,verify,1024,16,3.46,1,1,0,ip-172-31-17-37,linux,0,6.8877,145.19,Signature,True,2025-11-21T22:16:24.146225,,415
Falcon-padded-512,verify,1024,64,3.46,1,1,0,ip-172-31-17-37,linux,0,6.3796,156.75,Signature,True,2025-11-21T22:16:24.152637,,416
Falcon-padded-512,verify,1024,64,3.46,1,1,0,ip-172-31-17-37,linux,0,7.979,125.33,Signature,True,2025-11-21T22:16:24.160645,,417
Falcon-padded-512,verify,1024,64,3.46,1,1,0,ip-172-31-17-37,linux,0,6.8603,145.77,Signature,True,2025-11-21T22:16:24.167533,,418
Falcon-padded-512,verify,1024,64,3.46,1,1,0,ip-172-31-17-37,linux,0,5.9814,167.18,Signature,True,2025-11-21T22:16:24.173544,,419
Falcon-padded-512,verify,1024,64,3.46,1,1,0,ip-172-31-17-37,linux,0,5.9705,167.49,Signature,True,2025-11-21T22:16:24.179544,,420
MAYO-1,sign,0,1,3.46,1,1,0,ip-172-31-17-37,linux,0,0.5505,1816.66,Signature,True,2025-11-21T22:16:24.180149,,421
MAYO-1,sign,0,1,3.46,1,1,0,ip-172-31-17-37,linux,0,0.3925,2547.57,Signature,True,2025-11-21T22:16:24.180594,,422
MAYO-1,sign,0,1,3.46,1,1,0,ip-172-31-17-37,linux,0,0.3868,2585.48,Signature,True,2025-11-21T22:16:24.181008,,423
MAYO-1,sign,0,1,3.46,1,1,0,ip-172-31-17-37,linux,0,0.3831,2610.31,Signature,True,2025-11-21T22:16:24.181417,,424
MAYO-1,sign,0,1,3.46,1,1,0,ip-172-31-17-37,linux,0,0.3972,2517.43,Signature,True,2025-11-21T22:16:24.181840,,425
MAYO-1,sign,0,16,3.46,1,1,0,ip-172-31-17-37,linux,0,0.3826,2613.76,Signature,True,2025-11-21T22:16:24.182248,,426
MAYO-1,sign,0,16,3.46,1,1,0,ip-172-31-17-37,linux,0,0.408,2450.78,Signature,True,2025-11-21T22:16:24.182682,,427
MAYO-1,sign,0,16,3.46,1,1,0,ip-172-31-17-37,linux,0,0.3843,2601.96,Signature,True,2025-11-21T22:16:24.183092,,428
MAYO-1,sign,0,16,3.46,1,1,0,ip-172-31-17-37,linux,0,0.3816,2620.76,Signature,True,2025-11-21T22:16:24.183498,,429
MAYO-1,sign,0,16,3.46,1,1,0,ip-172-31-17-37,linux,0,0.3955,2528.55,Signature,True,2025-11-21T22:16:24.183919,,430
MAYO-1,sign,0,64,3.46,1,1,0,ip-172-31-17-37,linux,0,0.3829,2611.78,Signature,True,2025-11-21T22:16:24.184327,,431
MAYO-1,sign,0,64,3.46,1,1,0,ip-172-31-17-37,linux,0,0.3948,2532.77,Signature,True,2025-11-21T22:16:24.184746,,432
MAYO-1,sign,0,64,3.46,1,1,0,ip-172-31-17-37,linux,0,0.382,2617.81,Signature,True,2025-11-21T22:16:24.185153,,433
MAYO-1,sign,0,64,3.46,1,1,0,ip-172-31-17-37,linux,0,0.3958,2526.74,Signature,True,2025-11-21T22:16:24.185586,,434
MAYO-1,sign,0,64,3.46,1,1,0,ip-172-31-17-37,linux,0,0.3848,2598.5,Signature,True,2025-11-21T22:16:24.185996,,435
MAYO-1,sign,1024,1,3.46,1,1,0,ip-172-31-17-37,linux,0,0.4026,2484.02,Signature,True,2025-11-21T22:16:24.186425,,436
MAYO-1,sign,1024,1,3.46,1,1,0,ip-172-31-17-37,linux,0,0.4007,2495.6,Signature,True,2025-11-21T22:16:24.186851,,437
MAYO-1,sign,1024,1,3.46,1,1,0,ip-172-31-17-37,linux,0,0.3864,2587.7,Signature,True,2025-11-21T22:16:24.187263,,438
MAYO-1,sign,1024,1,3.46,1,1,0,ip-172-31-17-37,linux,0,0.3979,2512.96,Signature,True,2025-11-21T22:16:24.187685,,439
MAYO-1,sign,1024,1,3.46,1,1,0,ip-172-31-17-37,linux,0,0.3867,2586.2,Signature,True,2025-11-21T22:16:24.188096,,440
MAYO-1,sign,1024,16,3.46,1,1,0,ip-172-31-17-37,linux,0,0.3847,2599.55,Signature,True,2025-11-21T22:16:24.188507,,441
MAYO-1,sign,1024,16,3.46,1,1,0,ip-172-31-17-37,linux,0,0.3979,2513.23,Signature,True,2025-11-21T22:16:24.188929,,442
MAYO-1,sign,1024,16,3.46,1,1,0,ip-172-31-17-37,linux,0,0.3852,2596.16,Signature,True,2025-11-21T22:16:24.189338,,443
MAYO-1,sign,1024,16,3.46,1,1,0,ip-172-31-17-37,linux,0,0.3982,2511.5,Signature,True,2025-11-21T22:16:24.189761,,444
MAYO-1,sign,1024,16,3.46,1,1,0,ip-172-31-17-37,linux,0,0.405,2469.33,Signature,True,2025-11-21T22:16:24.190191,,445
MAYO-1,sign,1024,64,3.46,1,1,0,ip-172-31-17-37,linux,0,0.4112,2431.62,Signature,True,2025-11-21T22:16:24.190631,,446
MAYO-1,sign,1024,64,3.46,1,1,0,ip-172-31-17-37,linux,0,0.3882,2575.91,Signature,True,2025-11-21T22:16:24.191045,,447
MAYO-1,sign,1024,64,3.46,1,1,0,ip-172-31-17-37,linux,0,0.3867,2585.69,Signature,True,2025-11-21T22:16:24.191457,,448
MAYO-1,sign,1024,64,3.46,1,1,0,ip-172-31-17-37,linux,0,0.3997,2502.18,Signature,True,2025-11-21T22:16:24.191882,,449
MAYO-1,sign,1024,64,3.46,1,1,0,ip-172-31-17-37,linux,0,0.3869,2584.55,Signature,True,2025-11-21T22:16:24.192294,,450
MAYO-1,verify,0,1,3.46,1,1,0,ip-172-31-17-37,linux,0,0.3968,2519.94,Signature,True,2025-11-21T22:16:24.192720,,451
MAYO-1,verify,0,1,3.46,1,1,0,ip-172-31-17-37,linux,0,0.3846,2599.78,Signature,True,2025-11-21T22:16:24.193130,,452
MAYO-1,verify,0,1,3.46,1,1,0,ip-172-31-17-37,linux,0,0.3826,2613.48,Signature,True,2025-11-21T22:16:24.193538,,453
MAYO-1,verify,0,1,3.46,1,1,0,ip-172-31-17-37,linux,0,0.4098,2440.17,Signature,True,2025-11-21T22:16:24.193972,,454
MAYO-1,verify,0,1,3.46,1,1,0,ip-172-31-17-37,linux,0,0.3843,2601.88,Signature,True,2025-11-21T22:16:24.194383,,455
MAYO-1,verify,0,16,3.46,1,1,0,ip-172-31-17-37,linux,0,0.4018,2488.7,Signature,True,2025-11-21T22:16:24.194819,,456
MAYO-1,verify,0,16,3.46,1,1,0,ip-172-31-17-37,linux,0,0.384,2604.47,Signature,True,2025-11-21T22:16:24.195228,,457
MAYO-1,verify,0,16,3.46,1,1,0,ip-172-31-17-37,linux,0,0.3966,2521.69,Signature,True,2025-11-21T22:16:24.195650,,458
MAYO-1,verify,0,16,3.46,1,1,0,ip-172-31-17-37,linux,0,0.3836,2606.79,Signature,True,2025-11-21T22:16:24.196058,,459
MAYO-1,verify,0,16,3.46,1,1,0,ip-172-31-17-37,linux,0,0.3844,2601.44,Signature,True,2025-11-21T22:16:24.196472,,460
MAYO-1,verify,0,64,3.46,1,1,0,ip-172-31-17-37,linux,0,0.4009,2494.14,Signature,True,2025-11-21T22:16:24.196898,,461
MAYO-1,verify,0,64,3.46,1,1,0,ip-172-31-17-37,linux,0,0.3807,2626.85,Signature,True,2025-11-21T22:16:24.197303,,462
MAYO-1,verify,0,64,3.46,1,1,0,ip-172-31-17-37,linux,0,0.3917,2553.28,Signature,True,2025-11-21T22:16:24.197718,,463
MAYO-1,verify,0,64,3.46,1,1,0,ip-172-31-17-37,linux,0,0.38,2631.89,Signature,True,2025-11-21T22:16:24.198122,,464
MAYO-1,verify,0,64,3.46,1,1,0,ip-172-31-17-37,linux,0,0.3901,2563.62,Signature,True,2025-11-21T22:16:24.198535,,465
MAYO-1,verify,1024,1,3.46,1,1,0,ip-172-31-17-37,linux,0,0.3991,2505.73,Signature,True,2025-11-21T22:16:24.198959,,466
MAYO-1,verify,1024,1,3.46,1,1,0,ip-172-31-17-37,linux,0,0.383,2611.0,Signature,True,2025-11-21T22:16:24.199366,,467
MAYO-1,verify,1024,1,3.46,1,1,0,ip-172-31-17-37,linux,0,0.3993,2504.21,Signature,True,2025-11-21T22:16:24.199788,,468
MAYO-1,verify,1024,1,3.46,1,1,0,ip-172-31-17-37,linux,0,0.4069,2457.31,Signature,True,2025-11-21T22:16:24.200256,,469
MAYO-1,verify,1024,1,3.46,1,1,0,ip-172-31-17-37,linux,0,0.4044,2472.54,Signature,True,2025-11-21T22:16:24.200687,,470
MAYO-1,verify,1024,16,3.46,1,1,0,ip-172-31-17-37,linux,0,0.3848,2598.73,Signature,True,2025-11-21T22:16:24.201099,,471
MAYO-1,verify,1024,16,3.46,1,1,0,ip-172-31-17-37,linux,0,0.3824,2615.32,Signature,True,2025-11-21T22:16:24.201505,,472
MAYO-1,verify,1024,16,3.46,1,1,0,ip-172-31-17-37,linux,0,0.3979,2513.14,Signature,True,2025-11-21T22:16:24.201926,,473
MAYO-1,verify,1024,16,3.46,1,1,0,ip-172-31-17-37,linux,0,0.3826,2613.53,Signature,True,2025-11-21T22:16:24.202333,,474
MAYO-1,verify,1024,16,3.46,1,1,0,ip-172-31-17-37,linux,0,0.4065,2459.9,Signature,True,2025-11-21T22:16:24.202763,,475
MAYO-1,verify,1024,64,3.46,1,1,0,ip-172-31-17-37,linux,0,0.3836,2606.96,Signature,True,2025-11-21T22:16:24.203171,,476
MAYO-1,verify,1024,64,3.46,1,1,0,ip-172-31-17-37,linux,0,0.395,2531.83,Signature,True,2025-11-21T22:16:24.203589,,477
MAYO-1,verify,1024,64,3.46,1,1,0,ip-172-31-17-37,linux,0,0.3836,2606.8,Signature,True,2025-11-21T22:16:24.203997,,478
MAYO-1,verify,1024,64,3.46,1,1,0,ip-172-31-17-37,linux,0,0.386,2590.43,Signature,True,2025-11-21T22:16:24.204407,,479
MAYO-1,verify,1024,64,3.46,1,1,0,ip-172-31-17-37,linux,0,0.4053,2467.41,Signature,True,2025-11-21T22:16:24.204835,,480
MAYO-2,sign,0,1,3.46,1,1,0,ip-172-31-17-37,linux,0,0.2668,3747.72,Signature,True,2025-11-21T22:16:24.205132,,481
MAYO-2,sign,0,1,3.46,1,1,0,ip-172-31-17-37,linux,0,0.2032,4921.28,Signature,True,2025-11-21T22:16:24.205362,,482
MAYO-2,sign,0,1,3.46,1,1,0,ip-172-31-17-37,linux,0,0.2118,4721.86,Signature,True,2025-11-21T22:16:24.205597,,483
MAYO-2,sign,0,1,3.46,1,1,0,ip-172-31-17-37,linux,0,0.1995,5013.74,Signature,True,2025-11-21T22:16:24.205819,,484
MAYO-2,sign,0,1,3.46,1,1,0,ip-172-31-17-37,linux,0,0.1974,5064.73,Signature,True,2025-11-21T22:16:24.206039,,485
MAYO-2,sign,0,16,3.46,1,1,0,ip-172-31-17-37,linux,0,0.197,5075.16,Signature,True,2025-11-21T22:16:24.206259,,486
MAYO-2,sign,0,16,3.46,1,1,0,ip-172-31-17-37,linux,0,0.2077,4815.1,Signature,True,2025-11-21T22:16:24.206489,,487
MAYO-2,sign,0,16,3.46,1,1,0,ip-172-31-17-37,linux,0,0.2118,4722.53,Signature,True,2025-11-21T22:16:24.206724,,488
MAYO-2,sign,0,16,3.46,1,1,0,ip-172-31-17-37,linux,0,0.2318,4314.92,Signature,True,2025-11-21T22:16:24.206980,,489
MAYO-2,sign,0,16,3.46,1,1,0,ip-172-31-17-37,linux,0,0.2002,4995.98,Signature,True,2025-11-21T22:16:24.207206,,490
MAYO-2,sign,0,64,3.46,1,1,0,ip-172-31-17-37,linux,0,0.1975,5062.78,Signature,True,2025-11-21T22:16:24.207427,,491
MAYO-2,sign,0,64,3.46,1,1,0,ip-172-31-17-37,linux,0,0.2109,4740.55,Signature,True,2025-11-21T22:16:24.207660,,492
MAYO-2,sign,0,64,3.46,1,1,0,ip-172-31-17-37,linux,0,0.1979,5052.19,Signature,True,2025-11-21T22:16:24.207881,,493
MAYO-2,sign,0,64,3.46,1,1,0,ip-172-31-17-37,linux,0,0.1967,5083.75,Signature,True,2025-11-21T22:16:24.208100,,494
MAYO-2,sign,0,64,3.46,1,1,0,ip-172-31-17-37,linux,0,0.1967,5084.56,Signature,True,2025-11-21T22:16:24.208319,,495
MAYO-2,sign,1024,1,3.46,1,1,0,ip-172-31-17-37,linux,0,0.2024,4940.0,Signature,True,2025-11-21T22:16:24.208545,,496
MAYO-2,sign,1024,1,3.46,1,1,0,ip-172-31-17-37,linux,0,0.2172,4603.06,Signature,True,2025-11-21T22:16:24.208785,,497
MAYO-2,sign,1024,1,3.46,1,1,0,ip-172-31-17-37,linux,0,0.2016,4959.85,Signature,True,2025-11-21T22:16:24.209011,,498
MAYO-2,sign,1024,1,3.46,1,1,0,ip-172-31-17-37,linux,0,0.201,4974.51,Signature,True,2025-11-21T22:16:24.209235,,499
MAYO-2,sign,1024,1,3.46,1,1,0,ip-172-31-17-37,linux,0,0.2009,4977.8,Signature,True,2025-11-21T22:16:24.209459,,500
MAYO-2,sign,1024,16,3.46,1,1,0,ip-172-31-17-37,linux,0,0.2183,4580.85,Signature,True,2025-11-21T22:16:24.209701,,501
MAYO-2,sign,1024,16,3.46,1,1,0,ip-172-31-17-37,linux,0,0.202,4949.47,Signature,True,2025-11-21T22:16:24.209926,,502
MAYO-2,sign,1024,16,3.46,1,1,0,ip-172-31-17-37,linux,0,0.2056,4863.53,Signature,True,2025-11-21T22:16:24.210155,,503
MAYO-2,sign,1024,16,3.46,1,1,0,ip-172-31-17-37,linux,0,0.2008,4979.81,Signature,True,2025-11-21T22:16:24.210379,,504
MAYO-2,sign,1024,16,3.46,1,1,0,ip-172-31-17-37,linux,0,0.2215,4515.49,Signature,True,2025-11-21T22:16:24.210624,,505
MAYO-2,sign,1024,64,3.46,1,1,0,ip-172-31-17-37,linux,0,0.202,4951.62,Signature,True,2025-11-21T22:16:24.210850,,506
MAYO-2,sign,1024,64,3.46,1,1,0,ip-172-31-17-37,linux,0,0.2008,4981.02,Signature,True,2025-11-21T22:16:24.211073,,507
MAYO-2,sign,1024,64,3.46,1,1,0,ip-172-31-17-37,linux,0,0.2004,4990.54,Signature,True,2025-11-21T22:16:24.211295,,508
MAYO-2,sign,1024,64,3.46,1,1,0,ip-172-31-17-37,linux,0,0.2006,4985.87,Signature,True,2025-11-21T22:16:24.211518,,509
MAYO-2,sign,1024,64,3.46,1,1,0,ip-172-31-17-37,linux,0,0.2141,4671.26,Signature,True,2025-11-21T22:16:24.211754,,510
MAYO-2,verify,0,1,3.46,1,1,0,ip-172-31-17-37,linux,0,0.1979,5052.16,Signature,True,2025-11-21T22:16:24.211979,,511
MAYO-2,verify,0,1,3.46,1,1,0,ip-172-31-17-37,linux,0,0.198,5050.68,Signature,True,2025-11-21T22:16:24.212200,,512
MAYO-2,verify,0,1,3.46,1,1,0,ip-172-31-17-37,linux,0,0.22,4545.87,Signature,True,2025-11-21T22:16:24.212443,,513
MAYO-2,verify,0,1,3.46,1,1,0,ip-172-31-17-37,linux,0,0.2145,4661.96,Signature,True,2025-11-21T22:16:24.212683,,514
MAYO-2,verify,0,1,3.46,1,1,0,ip-172-31-17-37,linux,0,0.1978,5055.89,Signature,True,2025-11-21T22:16:24.212904,,515
MAYO-2,verify,0,16,3.46,1,1,0,ip-172-31-17-37,linux,0,0.1971,5072.79,Signature,True,2025-11-21T22:16:24.213124,,516
MAYO-2,verify,0,16,3.46,1,1,0,ip-172-31-17-37,linux,0,0.1964,5091.34,Signature,True,2025-11-21T22:16:24.213343,,517
MAYO-2,verify,0,16,3.46,1,1,0,ip-172-31-17-37,linux,0,0.1967,5084.61,Signature,True,2025-11-21T22:16:24.213562,,518
MAYO-2,verify,0,16,3.46,1,1,0,ip-172-31-17-37,linux,0,0.1983,5043.91,Signature,True,2025-11-21T22:16:24.213796,,519
MAYO-2,verify,0,16,3.46,1,1,0,ip-172-31-17-37,linux,0,0.1964,5092.58,Signature,True,2025-11-21T22:16:24.214015,,520
MAYO-2,verify,0,64,3.46,1,1,0,ip-172-31-17-37,linux,0,0.1976,5059.63,Signature,True,2025-11-21T22:16:24.214235,,521
MAYO-2,verify,0,64,3.46,1,1,0,ip-172-31-17-37,linux,0,0.2072,4826.14,Signature,True,2025-11-21T22:16:24.214465,,522
MAYO-2,verify,0,64,3.46,1,1,0,ip-172-31-17-37,linux,0,0.2112,4735.1,Signature,True,2025-11-21T22:16:24.214699,,523
MAYO-2,verify,0,64,3.46,1,1,0,ip-172-31-17-37,linux,0,0.1976,5059.78,Signature,True,2025-11-21T22:16:24.214920,,524
MAYO-2,verify,0,64,3.46,1,1,0,ip-172-31-17-37,linux,0,0.1969,5078.1,Signature,True,2025-11-21T22:16:24.215139,,525
MAYO-2,verify,1024,1,3.46,1,1,0,ip-172-31-17-37,linux,0,0.2015,4961.79,Signature,True,2025-11-21T22:16:24.215364,,526
MAYO-2,verify,1024,1,3.46,1,1,0,ip-172-31-17-37,linux,0,0.2134,4685.31,Signature,True,2025-11-21T22:16:24.215601,,527
MAYO-2,verify,1024,1,3.46,1,1,0,ip-172-31-17-37,linux,0,0.2021,4948.24,Signature,True,2025-11-21T22:16:24.215826,,528
MAYO-2,verify,1024,1,3.46,1,1,0,ip-172-31-17-37,linux,0,0.2011,4973.64,Signature,True,2025-11-21T22:16:24.216050,,529
MAYO-2,verify,1024,1,3.46,1,1,0,ip-172-31-17-37,linux,0,0.2005,4987.41,Signature,True,2025-11-21T22:16:24.216273,,530
MAYO-2,verify,1024,16,3.46,1,1,0,ip-172-31-17-37,linux,0,0.2005,4987.71,Signature,True,2025-11-21T22:16:24.216496,,531
MAYO-2,verify,1024,16,3.46,1,1,0,ip-172-31-17-37,linux,0,0.214,4672.7,Signature,True,2025-11-21T22:16:24.216733,,532
MAYO-2,verify,1024,16,3.46,1,1,0,ip-172-31-17-37,linux,0,0.2024,4939.66,Signature,True,2025-11-21T22:16:24.216963,,533
MAYO-2,verify,1024,16,3.46,1,1,0,ip-172-31-17-37,linux,0,0.2011,4971.96,Signature,True,2025-11-21T22:16:24.217188,,534
MAYO-2,verify,1024,16,3.46,1,1,0,ip-172-31-17-37,linux,0,0.2009,4976.73,Signature,True,2025-11-21T22:16:24.217412,,535
MAYO-2,verify,1024,64,3.46,1,1,0,ip-172-31-17-37,linux,0,0.2138,4676.26,Signature,True,2025-11-21T22:16:24.217649,,536
MAYO-2,verify,1024,64,3.46,1,1,0,ip-172-31-17-37,linux,0,0.2012,4971.19,Signature,True,2025-11-21T22:16:24.217873,,537
MAYO-2,verify,1024,64,3.46,1,1,0,ip-172-31-17-37,linux,0,0.2027,4934.11,Signature,True,2025-11-21T22:16:24.218121,,538
MAYO-2,verify,1024,64,3.46,1,1,0,ip-172-31-17-37,linux,0,0.2012,4969.73,Signature,True,2025-11-21T22:16:24.218345,,539
MAYO-2,verify,1024,64,3.46,1,1,0,ip-172-31-17-37,linux,0,0.2258,4429.68,Signature,True,2025-11-21T22:16:24.218594,,540
MAYO-3,sign,0,1,3.46,1,1,0,ip-172-31-17-37,linux,0,1.2448,803.36,Signature,True,2025-11-21T22:16:24.219870,,541
MAYO-3,sign,0,1,3.46,1,1,0,ip-172-31-17-37,linux,0,0.7825,1277.89,Signature,True,2025-11-21T22:16:24.220684,,542
MAYO-3,sign,0,1,3.46,1,1,0,ip-172-31-17-37,linux,0,0.6908,1447.5,Signature,True,2025-11-21T22:16:24.221404,,543
MAYO-3,sign,0,1,3.46,1,1,0,ip-172-31-17-37,linux,0,0.7585,1318.43,Signature,True,2025-11-21T22:16:24.222190,,544
MAYO-3,sign,0,1,3.46,1,1,0,ip-172-31-17-37,linux,0,0.7402,1351.01,Signature,True,2025-11-21T22:16:24.222959,,545
MAYO-3,sign,0,16,3.46,1,1,0,ip-172-31-17-37,linux,0,0.7677,1302.63,Signature,True,2025-11-21T22:16:24.223758,,546
MAYO-3,sign,0,16,3.46,1,1,0,ip-172-31-17-37,linux,0,0.6881,1453.22,Signature,True,2025-11-21T22:16:24.224474,,547
MAYO-3,sign,0,16,3.46,1,1,0,ip-172-31-17-37,linux,0,0.7442,1343.7,Signature,True,2025-11-21T22:16:24.225245,,548
MAYO-3,sign,0,16,3.46,1,1,0,ip-172-31-17-37,linux,0,0.7038,1420.85,Signature,True,2025-11-21T22:16:24.225976,,549
MAYO-3,sign,0,16,3.46,1,1,0,ip-172-31-17-37,linux,0,0.7867,1271.07,Signature,True,2025-11-21T22:16:24.226789,,550
MAYO-3,sign,0,64,3.46,1,1,0,ip-172-31-17-37,linux,0,0.6973,1434.01,Signature,True,2025-11-21T22:16:24.227516,,551
MAYO-3,sign,0,64,3.46,1,1,0,ip-172-31-17-37,linux,0,0.7652,1306.88,Signature,True,2025-11-21T22:16:24.228310,,552
MAYO-3,sign,0,64,3.46,1,1,0,ip-172-31-17-37,linux,0,0.6994,1429.78,Signature,True,2025-11-21T22:16:24.229037,,553
MAYO-3,sign,0,64,3.46,1,1,0,ip-172-31-17-37,linux,0,0.7453,1341.68,Signature,True,2025-11-21T22:16:24.229810,,554
MAYO-3,sign,0,64,3.46,1,1,0,ip-172-31-17-37,linux,0,0.7065,1415.45,Signature,True,2025-11-21T22:16:24.230543,,555
MAYO-3,sign,1024,1,3.46,1,1,0,ip-172-31-17-37,linux,0,0.713,1402.59,Signature,True,2025-11-21T22:16:24.231284,,556
MAYO-3,sign,1024,1,3.46,1,1,0,ip-172-31-17-37,linux,0,0.7193,1390.29,Signature,True,2025-11-21T22:16:24.232031,,557
MAYO-3,sign,1024,1,3.46,1,1,0,ip-172-31-17-37,linux,0,0.7054,1417.54,Signature,True,2025-11-21T22:16:24.232764,,558
MAYO-3,sign,1024,1,3.46,1,1,0,ip-172-31-17-37,linux,0,0.7477,1337.35,Signature,True,2025-11-21T22:16:24.233538,,559
MAYO-3,sign,1024,1,3.46,1,1,0,ip-172-31-17-37,linux,0,0.7295,1370.85,Signature,True,2025-11-21T22:16:24.234294,,560
MAYO-3,sign,1024,16,3.46,1,1,0,ip-172-31-17-37,linux,0,0.7678,1302.47,Signature,True,2025-11-21T22:16:24.235092,,561
MAYO-3,sign,1024,16,3.46,1,1,0,ip-172-31-17-37,linux,0,0.7032,1422.11,Signature,True,2025-11-21T22:16:24.235824,,562
MAYO-3,sign,1024,16,3.46,1,1,0,ip-172-31-17-37,linux,0,0.7481,1336.64,Signature,True,2025-11-21T22:16:24.236599,,563
MAYO-3,sign,1024,16,3.46,1,1,0,ip-172-31-17-37,linux,0,0.6943,1440.32,Signature,True,2025-11-21T22:16:24.237320,,564
MAYO-3,sign,1024,16,3.46,1,1,0,ip-172-31-17-37,linux,0,0.7554,1323.82,Signature,True,2025-11-21T22:16:24.238101,,565
MAYO-3,sign,1024,64,3.46,1,1,0,ip-172-31-17-37,linux,0,0.7205,1387.86,Signature,True,2025-11-21T22:16:24.238849,,566
MAYO-3,sign,1024,64,3.46,1,1,0,ip-172-31-17-37,linux,0,0.7788,1284.01,Signature,True,2025-11-21T22:16:24.239655,,567
MAYO-3,sign,1024,64,3.46,1,1,0,ip-172-31-17-37,linux,0,0.6939,1441.14,Signature,True,2025-11-21T22:16:24.240377,,568
MAYO-3,sign,1024,64,3.46,1,1,0,ip-172-31-17-37,linux,0,0.7788,1284.09,Signature,True,2025-11-21T22:16:24.241184,,569
MAYO-3,sign,1024,64,3.46,1,1,0,ip-172-31-17-37,linux,0,0.7241,1381.04,Signature,True,2025-11-21T22:16:24.241939,,570
MAYO-3,verify,0,1,3.46,1,1,0,ip-172-31-17-37,linux,0,0.951,1051.56,Signature,True,2025-11-21T22:16:24.242924,,571
MAYO-3,verify,0,1,3.46,1,1,0,ip-172-31-17-37,linux,0,0.8041,1243.65,Signature,True,2025-11-21T22:16:24.243759,,572
MAYO-3,verify,0,1,3.46,1,1,0,ip-172-31-17-37,linux,0,0.7368,1357.25,Signature,True,2025-11-21T22:16:24.244524,,573
MAYO-3,verify,0,1,3.46,1,1,0,ip-172-31-17-37,linux,0,0.7035,1421.49,Signature,True,2025-11-21T22:16:24.245257,,574
MAYO-3,verify,0,1,3.46,1,1,0,ip-172-31-17-37,linux,0,0.7661,1305.24,Signature,True,2025-11-21T22:16:24.246052,,575
MAYO-3,verify,0,16,3.46,1,1,0,ip-172-31-17-37,linux,0,0.7118,1404.95,Signature,True,2025-11-21T22:16:24.246793,,576
MAYO-3,verify,0,16,3.46,1,1,0,ip-172-31-17-37,linux,0,0.7518,1330.13,Signature,True,2025-11-21T22:16:24.247586,,577
MAYO-3,verify,0,16,3.46,1,1,0,ip-172-31-17-37,linux,0,0.6826,1465.0,Signature,True,2025-11-21T22:16:24.248297,,578
MAYO-3,verify,0,16,3.46,1,1,0,ip-172-31-17-37,linux,0,0.7582,1318.93,Signature,True,2025-11-21T22:16:24.249084,,579
MAYO-3,verify,0,16,3.46,1,1,0,ip-172-31-17-37,linux,0,0.6928,1443.43,Signature,True,2025-11-21T22:16:24.249805,,580
MAYO-3,verify,0,64,3.46,1,1,0,ip-172-31-17-37,linux,0,0.7635,1309.79,Signature,True,2025-11-21T22:16:24.250597,,581
MAYO-3,verify,0,64,3.46,1,1,0,ip-172-31-17-37,linux,0,0.7161,1396.49,Signature,True,2025-11-21T22:16:24.251341,,582
MAYO-3,verify,0,64,3.46,1,1,0,ip-172-31-17-37,linux,0,0.7499,1333.52,Signature,True,2025-11-21T22:16:24.252120,,583
MAYO-3,verify,0,64,3.46,1,1,0,ip-172-31-17-37,linux,0,0.7147,1399.16,Signature,True,2025-11-21T22:16:24.252864,,584
MAYO-3,verify,0,64,3.46,1,1,0,ip-172-31-17-37,linux,0,0.7812,1280.15,Signature,True,2025-11-21T22:16:24.253674,,585
MAYO-3,verify,1024,1,3.46,1,1,0,ip-172-31-17-37,linux,0,0.6848,1460.24,Signature,True,2025-11-21T22:16:24.254389,,586
MAYO-3,verify,1024,1,3.46,1,1,0,ip-172-31-17-37,linux,0,0.7523,1329.3,Signature,True,2025-11-21T22:16:24.255183,,587
MAYO-3,verify,1024,1,3.46,1,1,0,ip-172-31-17-37,linux,0,0.7606,1314.75,Signature,True,2025-11-21T22:16:24.255973,,588
MAYO-3,verify,1024,1,3.46,1,1,0,ip-172-31-17-37,linux,0,0.7262,1377.07,Signature,True,2025-11-21T22:16:24.256728,,589
MAYO-3,verify,1024,1,3.46,1,1,0,ip-172-31-17-37,linux,0,0.7652,1306.78,Signature,True,2025-11-21T22:16:24.257523,,590
MAYO-3,verify,1024,16,3.46,1,1,0,ip-172-31-17-37,linux,0,0.7712,1296.73,Signature,True,2025-11-21T22:16:24.258325,,591
MAYO-3,verify,1024,16,3.46,1,1,0,ip-172-31-17-37,linux,0,0.7201,1388.79,Signature,True,2025-11-21T22:16:24.259074,,592
MAYO-3,verify,1024,16,3.46,1,1,0,ip-172-31-17-37,linux,0,0.755,1324.56,Signature,True,2025-11-21T22:16:24.259857,,593
MAYO-3,verify,1024,16,3.46,1,1,0,ip-172-31-17-37,linux,0,0.7082,1412.02,Signature,True,2025-11-21T22:16:24.260593,,594
MAYO-3,verify,1024,16,3.46,1,1,0,ip-172-31-17-37,linux,0,0.7459,1340.71,Signature,True,2025-11-21T22:16:24.261367,,595
MAYO-3,verify,1024,64,3.46,1,1,0,ip-172-31-17-37,linux,0,0.7055,1417.35,Signature,True,2025-11-21T22:16:24.262102,,596
MAYO-3,verify,1024,64,3.46,1,1,0,ip-172-31-17-37,linux,0,0.7653,1306.72,Signature,True,2025-11-21T22:16:24.262895,,597
MAYO-3,verify,1024,64,3.46,1,1,0,ip-172-31-17-37,linux,0,0.702,1424.6,Signature,True,2025-11-21T22:16:24.263626,,598
MAYO-3,verify,1024,64,3.46,1,1,0,ip-172-31-17-37,linux,0,0.7452,1341.97,Signature,True,2025-11-21T22:16:24.264398,,599
MAYO-3,verify,1024,64,3.46,1,1,0,ip-172-31-17-37,linux,0,0.7011,1426.28,Signature,True,2025-11-21T22:16:24.265128,,600
MAYO-5,sign,0,1,3.46,1,1,0,ip-172-31-17-37,linux,0,2.3055,433.74,Signature,True,2025-11-21T22:16:24.267469,,601
MAYO-5,sign,0,1,3.46,1,1,0,ip-172-31-17-37,linux,0,1.6761,596.61,Signature,True,2025-11-21T22:16:24.269185,,602
MAYO-5,sign,0,1,3.46,1,1,0,ip-172-31-17-37,linux,0,1.6631,601.27,Signature,True,2025-11-21T22:16:24.270883,,603
MAYO-5,sign,0,1,3.46,1,1,0,ip-172-31-17-37,linux,0,1.6301,613.47,Signature,True,2025-11-21T22:16:24.272548,,604
MAYO-5,sign,0,1,3.46,1,1,0,ip-172-31-17-37,linux,0,1.6962,589.56,Signature,True,2025-11-21T22:16:24.274299,,605
MAYO-5,sign,0,16,3.46,1,1,0,ip-172-31-17-37,linux,0,1.6539,604.64,Signature,True,2025-11-21T22:16:24.275988,,606
MAYO-5,sign,0,16,3.46,1,1,0,ip-172-31-17-37,linux,0,1.6365,611.06,Signature,True,2025-11-21T22:16:24.277659,,607
MAYO-5,sign,0,16,3.46,1,1,0,ip-172-31-17-37,linux,0,1.6519,605.36,Signature,True,2025-11-21T22:16:24.279375,,608
MAYO-5,sign,0,16,3.46,1,1,0,ip-172-31-17-37,linux,0,1.6526,605.11,Signature,True,2025-11-21T22:16:24.281062,,609
MAYO-5,sign,0,16,3.46,1,1,0,ip-172-31-17-37,linux,0,1.6595,602.58,Signature,True,2025-11-21T22:16:24.282756,,610
MAYO-5,sign,0,64,3.46,1,1,0,ip-172-31-17-37,linux,0,1.6523,605.2,Signature,True,2025-11-21T22:16:24.284442,,611
MAYO-5,sign,0,64,3.46,1,1,0,ip-172-31-17-37,linux,0,1.6574,603.37,Signature,True,2025-11-21T22:16:24.286133,,612
MAYO-5,sign,0,64,3.46,1,1,0,ip-172-31-17-37,linux,0,1.6831,594.16,Signature,True,2025-11-21T22:16:24.287850,,613
MAYO-5,sign,0,64,3.46,1,1,0,ip-172-31-17-37,linux,0,1.646,607.55,Signature,True,2025-11-21T22:16:24.289530,,614
MAYO-5,sign,0,64,3.46,1,1,0,ip-172-31-17-37,linux,0,1.6743,597.27,Signature,True,2025-11-21T22:16:24.291239,,615
MAYO-5,sign,1024,1,3.46,1,1,0,ip-172-31-17-37,linux,0,1.6541,604.55,Signature,True,2025-11-21T22:16:24.292929,,616
MAYO-5,sign,1024,1,3.46,1,1,0,ip-172-31-17-37,linux,0,1.6843,593.72,Signature,True,2025-11-21T22:16:24.294648,,617
MAYO-5,sign,1024,1,3.46,1,1,0,ip-172-31-17-37,linux,0,1.6541,604.56,Signature,True,2025-11-21T22:16:24.296336,,618
MAYO-5,sign,1024,1,3.46,1,1,0,ip-172-31-17-37,linux,0,1.6557,603.96,Signature,True,2025-11-21T22:16:24.298026,,619
MAYO-5,sign,1024,1,3.46,1,1,0,ip-172-31-17-37,linux,0,1.6848,593.54,Signature,True,2025-11-21T22:16:24.299744,,620
MAYO-5,sign,1024,16,3.46,1,1,0,ip-172-31-17-37,linux,0,1.6439,608.32,Signature,True,2025-11-21T22:16:24.301423,,621
MAYO-5,sign,1024,16,3.46,1,1,0,ip-172-31-17-37,linux,0,2.0635,484.61,Signature,True,2025-11-21T22:16:24.303521,,622
MAYO-5,sign,1024,16,3.46,1,1,0,ip-172-31-17-37,linux,0,1.6817,594.62,Signature,True,2025-11-21T22:16:24.305236,,623
MAYO-5,sign,1024,16,3.46,1,1,0,ip-172-31-17-37,linux,0,1.6721,598.03,Signature,True,2025-11-21T22:16:24.306942,,624
MAYO-5,sign,1024,16,3.46,1,1,0,ip-172-31-17-37,linux,0,1.687,592.77,Signature,True,2025-11-21T22:16:24.308664,,625
MAYO-5,sign,1024,64,3.46,1,1,0,ip-172-31-17-37,linux,0,1.6582,603.05,Signature,True,2025-11-21T22:16:24.310357,,626
MAYO-5,sign,1024,64,3.46,1,1,0,ip-172-31-17-37,linux,0,1.6689,599.18,Signature,True,2025-11-21T22:16:24.312060,,627
MAYO-5,sign,1024,64,3.46,1,1,0,ip-172-31-17-37,linux,0,1.6805,595.06,Signature,True,2025-11-21T22:16:24.313774,,628
MAYO-5,sign,1024,64,3.46,1,1,0,ip-172-31-17-37,linux,0,1.6663,600.13,Signature,True,2025-11-21T22:16:24.315474,,629
MAYO-5,sign,1024,64,3.46,1,1,0,ip-172-31-17-37,linux,0,1.6695,598.99,Signature,True,2025-11-21T22:16:24.317177,,630
MAYO-5,verify,0,1,3.46,1,1,0,ip-172-31-17-37,linux,0,1.674,597.37,Signature,True,2025-11-21T22:16:24.318892,,631
MAYO-5,verify,0,1,3.46,1,1,0,ip-172-31-17-37,linux,0,1.5261,655.26,Signature,True,2025-11-21T22:16:24.320464,,632
MAYO-5,verify,0,1,3.46,1,1,0,ip-172-31-17-37,linux,0,1.6433,608.54,Signature,True,2025-11-21T22:16:24.322142,,633
MAYO-5,verify,0,1,3.46,1,1,0,ip-172-31-17-37,linux,0,1.6739,597.41,Signature,True,2025-11-21T22:16:24.323850,,634
MAYO-5,verify,0,1,3.46,1,1,0,ip-172-31-17-37,linux,0,1.6641,600.91,Signature,True,2025-11-21T22:16:24.325548,,635
MAYO-5,verify,0,16,3.46,1,1,0,ip-172-31-17-37,linux,0,1.6417,609.11,Signature,True,2025-11-21T22:16:24.327245,,636
MAYO-5,verify,0,16,3.46,1,1,0,ip-172-31-17-37,linux,0,1.6676,599.67,Signature,True,2025-11-21T22:16:24.328946,,637
MAYO-5,verify,0,16,3.46,1,1,0,ip-172-31-17-37,linux,0,1.6639,601.02,Signature,True,2025-11-21T22:16:24.330645,,638
MAYO-5,verify,0,16,3.46,1,1,0,ip-172-31-17-37,linux,0,1.6556,604.03,Signature,True,2025-11-21T22:16:24.332346,,639
MAYO-5,verify,0,16,3.46,1,1,0,ip-172-31-17-37,linux,0,1.6585,602.96,Signature,True,2025-11-21T22:16:24.334040,,640
MAYO-5,verify,0,64,3.46,1,1,0,ip-172-31-17-37,linux,0,1.6686,599.29,Signature,True,2025-11-21T22:16:24.335743,,641
MAYO-5,verify,0,64,3.46,1,1,0,ip-172-31-17-37,linux,0,1.6521,605.28,Signature,True,2025-11-21T22:16:24.337430,,642
MAYO-5,verify,0,64,3.46,1,1,0,ip-172-31-17-37,linux,0,1.6779,595.99,Signature,True,2025-11-21T22:16:24.339142,,643
MAYO-5,verify,0,64,3.46,1,1,0,ip-172-31-17-37,linux,0,1.6905,591.54,Signature,True,2025-11-21T22:16:24.340868,,644
MAYO-5,verify,0,64,3.46,1,1,0,ip-172-31-17-37,linux,0,1.9998,500.04,Signature,True,2025-11-21T22:16:24.342902,,645
MAYO-5,verify,1024,1,3.46,1,1,0,ip-172-31-17-37,linux,0,1.6731,597.68,Signature,True,2025-11-21T22:16:24.344611,,646
MAYO-5,verify,1024,1,3.46,1,1,0,ip-172-31-17-37,linux,0,1.641,609.4,Signature,True,2025-11-21T22:16:24.346285,,647
MAYO-5,verify,1024,1,3.46,1,1,0,ip-172-31-17-37,linux,0,1.6604,602.25,Signature,True,2025-11-21T22:16:24.347981,,648
MAYO-5,verify,1024,1,3.46,1,1,0,ip-172-31-17-37,linux,0,1.6445,608.1,Signature,True,2025-11-21T22:16:24.349660,,649
MAYO-5,verify,1024,1,3.46,1,1,0,ip-172-31-17-37,linux,0,1.6559,603.9,Signature,True,2025-11-21T22:16:24.351349,,650
MAYO-5,verify,1024,16,3.46,1,1,0,ip-172-31-17-37,linux,0,1.6602,602.35,Signature,True,2025-11-21T22:16:24.353045,,651
MAYO-5,verify,1024,16,3.46,1,1,0,ip-172-31-17-37,linux,0,1.6823,594.42,Signature,True,2025-11-21T22:16:24.354762,,652
MAYO-5,verify,1024,16,3.46,1,1,0,ip-172-31-17-37,linux,0,1.6532,604.88,Signature,True,2025-11-21T22:16:24.356450,,653
MAYO-5,verify,1024,16,3.46,1,1,0,ip-172-31-17-37,linux,0,1.6465,607.36,Signature,True,2025-11-21T22:16:24.358131,,654
MAYO-5,verify,1024,16,3.46,1,1,0,ip-172-31-17-37,linux,0,1.6804,595.08,Signature,True,2025-11-21T22:16:24.359845,,655
MAYO-5,verify,1024,64,3.46,1,1,0,ip-172-31-17-37,linux,0,1.6574,603.37,Signature,True,2025-11-21T22:16:24.361538,,656
MAYO-5,verify,1024,64,3.46,1,1,0,ip-172-31-17-37,linux,0,1.6924,590.89,Signature,True,2025-11-21T22:16:24.363264,,657
MAYO-5,verify,1024,64,3.46,1,1,0,ip-172-31-17-37,linux,0,1.6108,620.8,Signature,True,2025-11-21T22:16:24.364910,,658
MAYO-5,verify,1024,64,3.46,1,1,0,ip-172-31-17-37,linux,0,1.6772,596.22,Signature,True,2025-11-21T22:16:24.366623,,659
MAYO-5,verify,1024,64,3.46,1,1,0,ip-172-31-17-37,linux,0,1.6528,605.03,Signature,True,2025-11-21T22:16:24.368310,,660
ML-DSA-44,sign,0,1,3.46,1,1,0,ip-172-31-17-37,linux,0,0.2054,4868.86,Signature,True,2025-11-21T22:16:24.368555,,661
ML-DSA-44,sign,0,1,3.46,1,1,0,ip-172-31-17-37,linux,0,0.1151,8691.19,Signature,True,2025-11-21T22:16:24.368721,,662
ML-DSA-44,sign,0,1,3.46,1,1,0,ip-172-31-17-37,linux,0,0.1541,6487.23,Signature,True,2025-11-21T22:16:24.368901,,663
ML-DSA-44,sign,0,1,3.46,1,1,0,ip-172-31-17-37,linux,0,0.1009,9906.09,Signature,True,2025-11-21T22:16:24.369026,,664
ML-DSA-44,sign,0,1,3.46,1,1,0,ip-172-31-17-37,linux,0,0.1641,6093.92,Signature,True,2025-11-21T22:16:24.369214,,665
ML-DSA-44,sign,0,16,3.46,1,1,0,ip-172-31-17-37,linux,0,0.1265,7903.26,Signature,True,2025-11-21T22:16:24.369364,,666
ML-DSA-44,sign,0,16,3.46,1,1,0,ip-172-31-17-37,linux,0,0.099,10097.75,Signature,True,2025-11-21T22:16:24.369487,,667
ML-DSA-44,sign,0,16,3.46,1,1,0,ip-172-31-17-37,linux,0,0.1404,7123.67,Signature,True,2025-11-21T22:16:24.369651,,668
ML-DSA-44,sign,0,16,3.46,1,1,0,ip-172-31-17-37,linux,0,0.1257,7954.69,Signature,True,2025-11-21T22:16:24.369801,,669
ML-DSA-44,sign,0,16,3.46,1,1,0,ip-172-31-17-37,linux,0,0.1333,7499.12,Signature,True,2025-11-21T22:16:24.369959,,670
ML-DSA-44,sign,0,64,3.46,1,1,0,ip-172-31-17-37,linux,0,0.1541,6491.31,Signature,True,2025-11-21T22:16:24.370137,,671
ML-DSA-44,sign,0,64,3.46,1,1,0,ip-172-31-17-37,linux,0,0.1164,8588.48,Signature,True,2025-11-21T22:16:24.370287,,672
ML-DSA-44,sign,0,64,3.46,1,1,0,ip-172-31-17-37,linux,0,0.1872,5340.57,Signature,True,2025-11-21T22:16:24.370499,,673
ML-DSA-44,sign,0,64,3.46,1,1,0,ip-172-31-17-37,linux,0,0.1132,8835.64,Signature,True,2025-11-21T22:16:24.370636,,674
ML-DSA-44,sign,0,64,3.46,1,1,0,ip-172-31-17-37,linux,0,0.1778,5624.77,Signature,True,2025-11-21T22:16:24.370838,,675
ML-DSA-44,sign,1024,1,3.46,1,1,0,ip-172-31-17-37,linux,0,0.1268,7889.3,Signature,True,2025-11-21T22:16:24.370989,,676
ML-DSA-44,sign,1024,1,3.46,1,1,0,ip-172-31-17-37,linux,0,0.1561,6404.88,Signature,True,2025-11-21T22:16:24.371170,,677
ML-DSA-44,sign,1024,1,3.46,1,1,0,ip-172-31-17-37,linux,0,0.1513,6609.47,Signature,True,2025-11-21T22:16:24.371374,,678
ML-DSA-44,sign,1024,1,3.46,1,1,0,ip-172-31-17-37,linux,0,0.2151,4649.71,Signature,True,2025-11-21T22:16:24.371614,,679
ML-DSA-44,sign,1024,1,3.46,1,1,0,ip-172-31-17-37,linux,0,0.1043,9588.92,Signature,True,2025-11-21T22:16:24.371743,,680
ML-DSA-44,sign,1024,16,3.46,1,1,0,ip-172-31-17-37,linux,0,0.1028,9723.65,Signature,True,2025-11-21T22:16:24.371870,,681
ML-DSA-44,sign,1024,16,3.46,1,1,0,ip-172-31-17-37,linux,0,0.1385,7219.12,Signature,True,2025-11-21T22:16:24.372033,,682
ML-DSA-44,sign,1024,16,3.46,1,1,0,ip-172-31-17-37,linux,0,0.118,8478.02,Signature,True,2025-11-21T22:16:24.372175,,683
ML-DSA-44,sign,1024,16,3.46,1,1,0,ip-172-31-17-37,linux,0,0.1172,8530.46,Signature,True,2025-11-21T22:16:24.372317,,684
ML-DSA-44,sign,1024,16,3.46,1,1,0,ip-172-31-17-37,linux,0,0.1418,7051.84,Signature,True,2025-11-21T22:16:24.372483,,685
ML-DSA-44,sign,1024,64,3.46,1,1,0,ip-172-31-17-37,linux,0,0.1791,5584.6,Signature,True,2025-11-21T22:16:24.372687,,686
ML-DSA-44,sign,1024,64,3.46,1,1,0,ip-172-31-17-37,linux,0,0.1276,7835.95,Signature,True,2025-11-21T22:16:24.372839,,687
ML-DSA-44,sign,1024,64,3.46,1,1,0,ip-172-31-17-37,linux,0,0.1131,8838.76,Signature,True,2025-11-21T22:16:24.372976,,688
ML-DSA-44,sign,1024,64,3.46,1,1,0,ip-172-31-17-37,linux,0,0.1218,8213.22,Signature,True,2025-11-21T22:16:24.373122,,689
ML-DSA-44,sign,1024,64,3.46,1,1,0,ip-172-31-17-37,linux,0,0.1025,9758.95,Signature,True,2025-11-21T22:16:24.373248,,690
ML-DSA-44,verify,0,1,3.46,1,1,0,ip-172-31-17-37,linux,0,0.1048,9545.08,Signature,True,2025-11-21T22:16:24.373382,,691
ML-DSA-44,verify,0,1,3.46,1,1,0,ip-172-31-17-37,linux,0,0.0999,10011.01,Signature,True,2025-11-21T22:16:24.373506,,692
ML-DSA-44,verify,0,1,3.46,1,1,0,ip-172-31-17-37,linux,0,0.1132,8834.62,Signature,True,2025-11-21T22:16:24.373643,,693
ML-DSA-44,verify,0,1,3.46,1,1,0,ip-172-31-17-37,linux,0,0.1074,9308.65,Signature,True,2025-11-21T22:16:24.373775,,694
ML-DSA-44,verify,0,1,3.46,1,1,0,ip-172-31-17-37,linux,0,0.1211,8256.62,Signature,True,2025-11-21T22:16:24.373920,,695
ML-DSA-44,verify,0,16,3.46,1,1,0,ip-172-31-17-37,linux,0,0.1343,7445.85,Signature,True,2025-11-21T22:16:24.374078,,696
ML-DSA-44,verify,0,16,3.46,1,1,0,ip-172-31-17-37,linux,0,0.1487,6725.67,Signature,True,2025-11-21T22:16:24.374250,,697
ML-DSA-44,verify,0,16,3.46,1,1,0,ip-172-31-17-37,linux,0,0.1229,8135.57,Signature,True,2025-11-21T22:16:24.374397,,698
ML-DSA-44,verify,0,16,3.46,1,1,0,ip-172-31-17-37,linux,0,0.1077,9283.76,Signature,True,2025-11-21T22:16:24.374539,,699
ML-DSA-44,verify,0,16,3.46,1,1,0,ip-172-31-17-37,linux,0,0.1767,5660.37,Signature,True,2025-11-21T22:16:24.374739,,700
ML-DSA-44,verify,0,64,3.46,1,1,0,ip-172-31-17-37,linux,0,0.1065,9390.11,Signature,True,2025-11-21T22:16:24.374870,,701
ML-DSA-44,verify,0,64,3.46,1,1,0,ip-172-31-17-37,linux,0,0.1006,9938.88,Signature,True,2025-11-21T22:16:24.374995,,702
ML-DSA-44,verify,0,64,3.46,1,1,0,ip-172-31-17-37,linux,0,0.1237,8083.42,Signature,True,2025-11-21T22:16:24.375142,,703
ML-DSA-44,verify,0,64,3.46,1,1,0,ip-172-31-17-37,linux,0,0.1138,8784.49,Signature,True,2025-11-21T22:16:24.375280,,704
ML-DSA-44,verify,0,64,3.46,1,1,0,ip-172-31-17-37,linux,0,0.099,10097.34,Signature,True,2025-11-21T22:16:24.375403,,705
ML-DSA-44,verify,1024,1,3.46,1,1,0,ip-172-31-17-37,linux,0,0.1037,9642.83,Signature,True,2025-11-21T22:16:24.375531,,706
ML-DSA-44,verify,1024,1,3.46,1,1,0,ip-172-31-17-37,linux,0,0.119,8404.28,Signature,True,2025-11-21T22:16:24.375675,,707
ML-DSA-44,verify,1024,1,3.46,1,1,0,ip-172-31-17-37,linux,0,0.1055,9474.63,Signature,True,2025-11-21T22:16:24.375815,,708
ML-DSA-44,verify,1024,1,3.46,1,1,0,ip-172-31-17-37,linux,0,0.2069,4833.67,Signature,True,2025-11-21T22:16:24.376047,,709
ML-DSA-44,verify,1024,1,3.46,1,1,0,ip-172-31-17-37,linux,0,0.1363,7337.08,Signature,True,2025-11-21T22:16:24.376208,,710
ML-DSA-44,verify,1024,16,3.46,1,1,0,ip-172-31-17-37,linux,0,0.1526,6552.69,Signature,True,2025-11-21T22:16:24.376391,,711
ML-DSA-44,verify,1024,16,3.46,1,1,0,ip-172-31-17-37,linux,0,0.1777,5628.98,Signature,True,2025-11-21T22:16:24.376593,,712
ML-DSA-44,verify,1024,16,3.46,1,1,0,ip-172-31-17-37,linux,0,0.2093,4777.81,Signature,True,2025-11-21T22:16:24.376827,,713
ML-DSA-44,verify,1024,16,3.46,1,1,0,ip-172-31-17-37,linux,0,0.2314,4321.41,Signature,True,2025-11-21T22:16:24.377082,,714
ML-DSA-44,verify,1024,16,3.46,1,1,0,ip-172-31-17-37,linux,0,0.1526,6553.12,Signature,True,2025-11-21T22:16:24.377259,,715
ML-DSA-44,verify,1024,64,3.46,1,1,0,ip-172-31-17-37,linux,0,0.1037,9644.41,Signature,True,2025-11-21T22:16:24.377386,,716
ML-DSA-44,verify,1024,64,3.46,1,1,0,ip-172-31-17-37,linux,0,0.1194,8373.95,Signature,True,2025-11-21T22:16:24.377529,,717
ML-DSA-44,verify,1024,64,3.46,1,1,0,ip-172-31-17-37,linux,0,0.1427,7010.02,Signature,True,2025-11-21T22:16:24.377696,,718
ML-DSA-44,verify,1024,64,3.46,1,1,0,ip-172-31-17-37,linux,0,0.1356,7376.97,Signature,True,2025-11-21T22:16:24.377856,,719
ML-DSA-44,verify,1024,64,3.46,1,1,0,ip-172-31-17-37,linux,0,0.1029,9713.45,Signature,True,2025-11-21T22:16:24.377983,,720
ML-DSA-65,sign,0,1,3.46,1,1,0,ip-172-31-17-37,linux,0,0.1467,6817.79,Signature,True,2025-11-21T22:16:24.378158,,721
ML-DSA-65,sign,0,1,3.46,1,1,0,ip-172-31-17-37,linux,0,0.1592,6282.83,Signature,True,2025-11-21T22:16:24.378342,,722
ML-DSA-65,sign,0,1,3.46,1,1,0,ip-172-31-17-37,linux,0,0.1715,5832.5,Signature,True,2025-11-21T22:16:24.378538,,723
ML-DSA-65,sign,0,1,3.46,1,1,0,ip-172-31-17-37,linux,0,0.1947,5136.53,Signature,True,2025-11-21T22:16:24.378757,,724
ML-DSA-65,sign,0,1,3.46,1,1,0,ip-172-31-17-37,linux,0,0.1434,6975.15,Signature,True,2025-11-21T22:16:24.378925,,725
ML-DSA-65,sign,0,16,3.46,1,1,0,ip-172-31-17-37,linux,0,0.1905,5248.3,Signature,True,2025-11-21T22:16:24.379141,,726
ML-DSA-65,sign,0,16,3.46,1,1,0,ip-172-31-17-37,linux,0,0.152,6580.55,Signature,True,2025-11-21T22:16:24.379317,,727
ML-DSA-65,sign,0,16,3.46,1,1,0,ip-172-31-17-37,linux,0,0.137,7300.12,Signature,True,2025-11-21T22:16:24.379477,,728
ML-DSA-65,sign,0,16,3.46,1,1,0,ip-172-31-17-37,linux,0,0.1893,5283.99,Signature,True,2025-11-21T22:16:24.379689,,729
ML-DSA-65,sign,0,16,3.46,1,1,0,ip-172-31-17-37,linux,0,0.1289,7756.15,Signature,True,2025-11-21T22:16:24.379841,,730
ML-DSA-65,sign,0,64,3.46,1,1,0,ip-172-31-17-37,linux,0,0.2059,4856.35,Signature,True,2025-11-21T22:16:24.380071,,731
ML-DSA-65,sign,0,64,3.46,1,1,0,ip-172-31-17-37,linux,0,0.1289,7760.36,Signature,True,2025-11-21T22:16:24.380225,,732
ML-DSA-65,sign,0,64,3.46,1,1,0,ip-172-31-17-37,linux,0,0.1269,7881.77,Signature,True,2025-11-21T22:16:24.380375,,733
ML-DSA-65,sign,0,64,3.46,1,1,0,ip-172-31-17-37,linux,0,0.1535,6516.44,Signature,True,2025-11-21T22:16:24.380551,,734
ML-DSA-65,sign,0,64,3.46,1,1,0,ip-172-31-17-37,linux,0,0.296,3378.78,Signature,True,2025-11-21T22:16:24.380869,,735
ML-DSA-65,sign,1024,1,3.46,1,1,0,ip-172-31-17-37,linux,0,0.1441,6937.84,Signature,True,2025-11-21T22:16:24.381038,,736
ML-DSA-65,sign,1024,1,3.46,1,1,0,ip-172-31-17-37,linux,0,0.1716,5827.74,Signature,True,2025-11-21T22:16:24.381233,,737
ML-DSA-65,sign,1024,1,3.46,1,1,0,ip-172-31-17-37,linux,0,0.1781,5614.19,Signature,True,2025-11-21T22:16:24.381434,,738
ML-DSA-65,sign,1024,1,3.46,1,1,0,ip-172-31-17-37,linux,0,0.2339,4275.7,Signature,True,2025-11-21T22:16:24.381691,,739
ML-DSA-65,sign,1024,1,3.46,1,1,0,ip-172-31-17-37,linux,0,0.2278,4388.97,Signature,True,2025-11-21T22:16:24.381942,,740
ML-DSA-65,sign,1024,16,3.46,1,1,0,ip-172-31-17-37,linux,0,0.1531,6531.72,Signature,True,2025-11-21T22:16:24.382118,,741
ML-DSA-65,sign,1024,16,3.46,1,1,0,ip-172-31-17-37,linux,0,0.3179,3145.67,Signature,True,2025-11-21T22:16:24.382460,,742
ML-DSA-65,sign,1024,16,3.46,1,1,0,ip-172-31-17-37,linux,0,0.1928,5187.48,Signature,True,2025-11-21T22:16:24.382677,,743
ML-DSA-65,sign,1024,16,3.46,1,1,0,ip-172-31-17-37,linux,0,0.1973,5068.17,Signature,True,2025-11-21T22:16:24.382898,,744
ML-DSA-65,sign,1024,16,3.46,1,1,0,ip-172-31-17-37,linux,0,0.148,6755.43,Signature,True,2025-11-21T22:16:24.383082,,745
ML-DSA-65,sign,1024,64,3.46,1,1,0,ip-172-31-17-37,linux,0,0.1813,5515.02,Signature,True,2025-11-21T22:16:24.383312,,746
ML-DSA-65,sign,1024,64,3.46,1,1,0,ip-172-31-17-37,linux,0,0.4444,2250.09,Signature,True,2025-11-21T22:16:24.383781,,747
ML-DSA-65,sign,1024,64,3.46,1,1,0,ip-172-31-17-37,linux,0,0.1685,5934.93,Signature,True,2025-11-21T22:16:24.383973,,748
ML-DSA-65,sign,1024,64,3.46,1,1,0,ip-172-31-17-37,linux,0,0.1305,7664.95,Signature,True,2025-11-21T22:16:24.384126,,749
ML-DSA-65,sign,1024,64,3.46,1,1,0,ip-172-31-17-37,linux,0,0.2495,4008.74,Signature,True,2025-11-21T22:16:24.384399,,750
ML-DSA-65,verify,0,1,3.46,1,1,0,ip-172-31-17-37,linux,0,0.2509,3985.7,Signature,True,2025-11-21T22:16:24.384677,,751
ML-DSA-65,verify,0,1,3.46,1,1,0,ip-172-31-17-37,linux,0,0.1287,7768.2,Signature,True,2025-11-21T22:16:24.384829,,752
ML-DSA-65,verify,0,1,3.46,1,1,0,ip-172-31-17-37,linux,0,0.2326,4299.54,Signature,True,2025-11-21T22:16:24.385085,,753
ML-DSA-65,verify,0,1,3.46,1,1,0,ip-172-31-17-37,linux,0,0.1341,7458.35,Signature,True,2025-11-21T22:16:24.385244,,754
ML-DSA-65,verify,0,1,3.46,1,1,0,ip-172-31-17-37,linux,0,0.1656,6039.38,Signature,True,2025-11-21T22:16:24.385434,,755
ML-DSA-65,verify,0,16,3.46,1,1,0,ip-172-31-17-37,linux,0,0.1537,6506.27,Signature,True,2025-11-21T22:16:24.385616,,756
ML-DSA-65,verify,0,16,3.46,1,1,0,ip-172-31-17-37,linux,0,0.1822,5489.56,Signature,True,2025-11-21T22:16:24.385821,,757
ML-DSA-65,verify,0,16,3.46,1,1,0,ip-172-31-17-37,linux,0,0.1696,5896.3,Signature,True,2025-11-21T22:16:24.386014,,758
ML-DSA-65,verify,0,16,3.46,1,1,0,ip-172-31-17-37,linux,0,0.152,6578.77,Signature,True,2025-11-21T22:16:24.386189,,759
ML-DSA-65,verify,0,16,3.46,1,1,0,ip-172-31-17-37,linux,0,0.1257,7953.11,Signature,True,2025-11-21T22:16:24.386337,,760
ML-DSA-65,verify,0,64,3.46,1,1,0,ip-172-31-17-37,linux,0,0.1372,7289.96,Signature,True,2025-11-21T22:16:24.386497,,761
ML-DSA-65,verify,0,64,3.46,1,1,0,ip-172-31-17-37,linux,0,0.2728,3665.55,Signature,True,2025-11-21T22:16:24.386793,,762
ML-DSA-65,verify,0,64,3.46,1,1,0,ip-172-31-17-37,linux,0,0.1507,6633.68,Signature,True,2025-11-21T22:16:24.386970,,763
ML-DSA-65,verify,0,64,3.46,1,1,0,ip-172-31-17-37,linux,0,0.1862,5369.56,Signature,True,2025-11-21T22:16:24.387179,,764
ML-DSA-65,verify,0,64,3.46,1,1,0,ip-172-31-17-37,linux,0,0.1268,7889.05,Signature,True,2025-11-21T22:16:24.387328,,765
ML-DSA-65,verify,1024,1,3.46,1,1,0,ip-172-31-17-37,linux,0,0.1309,7641.17,Signature,True,2025-11-21T22:16:24.387482,,766
ML-DSA-65,verify,1024,1,3.46,1,1,0,ip-172-31-17-37,linux,0,0.1666,6002.62,Signature,True,2025-11-21T22:16:24.387671,,767
ML-DSA-65,verify,1024,1,3.46,1,1,0,ip-172-31-17-37,linux,0,0.2168,4612.38,Signature,True,2025-11-21T22:16:24.387911,,768
ML-DSA-65,verify,1024,1,3.46,1,1,0,ip-172-31-17-37,linux,0,0.1307,7652.22,Signature,True,2025-11-21T22:16:24.388063,,769
ML-DSA-65,verify,1024,1,3.46,1,1,0,ip-172-31-17-37,linux,0,0.1535,6514.79,Signature,True,2025-11-21T22:16:24.388239,,770
ML-DSA-65,verify,1024,16,3.46,1,1,0,ip-172-31-17-37,linux,0,0.1509,6625.59,Signature,True,2025-11-21T22:16:24.388413,,771
ML-DSA-65,verify,1024,16,3.46,1,1,0,ip-172-31-17-37,linux,0,0.1299,7697.22,Signature,True,2025-11-21T22:16:24.388565,,772
ML-DSA-65,verify,1024,16,3.46,1,1,0,ip-172-31-17-37,linux,0,0.2323,4303.93,Signature,True,2025-11-21T22:16:24.388833,,773
ML-DSA-65,verify,1024,16,3.46,1,1,0,ip-172-31-17-37,linux,0,0.193,5181.35,Signature,True,2025-11-21T22:16:24.389048,,774
ML-DSA-65,verify,1024,16,3.46,1,1,0,ip-172-31-17-37,linux,0,0.1771,5647.8,Signature,True,2025-11-21T22:16:24.389248,,775
ML-DSA-65,verify,1024,64,3.46,1,1,0,ip-172-31-17-37,linux,0,0.1557,6421.21,Signature,True,2025-11-21T22:16:24.389429,,776
ML-DSA-65,verify,1024,64,3.46,1,1,0,ip-172-31-17-37,linux,0,0.1746,5726.36,Signature,True,2025-11-21T22:16:24.389627,,777
ML-DSA-65,verify,1024,64,3.46,1,1,0,ip-172-31-17-37,linux,0,0.2161,4626.97,Signature,True,2025-11-21T22:16:24.389866,,778
ML-DSA-65,verify,1024,64,3.46,1,1,0,ip-172-31-17-37,linux,0,0.3115,3210.09,Signature,True,2025-11-21T22:16:24.390203,,779
ML-DSA-65,verify,1024,64,3.46,1,1,0,ip-172-31-17-37,linux,0,0.1304,7668.06,Signature,True,2025-11-21T22:16:24.390357,,780
ML-DSA-87,sign,0,1,3.46,1,1,0,ip-172-31-17-37,linux,0,0.2516,3974.72,Signature,True,2025-11-21T22:16:24.390636,,781
ML-DSA-87,sign,0,1,3.46,1,1,0,ip-172-31-17-37,linux,0,0.2179,4588.65,Signature,True,2025-11-21T22:16:24.390880,,782
ML-DSA-87,sign,0,1,3.46,1,1,0,ip-172-31-17-37,linux,0,0.2509,3986.16,Signature,True,2025-11-21T22:16:24.391154,,783
ML-DSA-87,sign,0,1,3.46,1,1,0,ip-172-31-17-37,linux,0,0.2946,3394.79,Signature,True,2025-11-21T22:16:24.391471,,784
ML-DSA-87,sign,0,1,3.46,1,1,0,ip-172-31-17-37,linux,0,0.3039,3290.32,Signature,True,2025-11-21T22:16:24.391798,,785
ML-DSA-87,sign,0,16,3.46,1,1,0,ip-172-31-17-37,linux,0,0.1889,5293.41,Signature,True,2025-11-21T22:16:24.392010,,786
ML-DSA-87,sign,0,16,3.46,1,1,0,ip-172-31-17-37,linux,0,0.2034,4915.36,Signature,True,2025-11-21T22:16:24.392237,,787
ML-DSA-87,sign,0,16,3.46,1,1,0,ip-172-31-17-37,linux,0,0.19,5263.66,Signature,True,2025-11-21T22:16:24.392449,,788
ML-DSA-87,sign,0,16,3.46,1,1,0,ip-172-31-17-37,linux,0,0.2389,4185.01,Signature,True,2025-11-21T22:16:24.392711,,789
ML-DSA-87,sign,0,16,3.46,1,1,0,ip-172-31-17-37,linux,0,0.1952,5124.18,Signature,True,2025-11-21T22:16:24.392930,,790
ML-DSA-87,sign,0,64,3.46,1,1,0,ip-172-31-17-37,linux,0,0.3487,2868.11,Signature,True,2025-11-21T22:16:24.393302,,791
ML-DSA-87,sign,0,64,3.46,1,1,0,ip-172-31-17-37,linux,0,0.243,4115.45,Signature,True,2025-11-21T22:16:24.393568,,792
ML-DSA-87,sign,0,64,3.46,1,1,0,ip-172-31-17-37,linux,0,0.2111,4736.75,Signature,True,2025-11-21T22:16:24.393820,,793
ML-DSA-87,sign,0,64,3.46,1,1,0,ip-172-31-17-37,linux,0,0.2071,4828.33,Signature,True,2025-11-21T22:16:24.394051,,794
ML-DSA-87,sign,0,64,3.46,1,1,0,ip-172-31-17-37,linux,0,0.1743,5737.53,Signature,True,2025-11-21T22:16:24.394249,,795
ML-DSA-87,sign,1024,1,3.46,1,1,0,ip-172-31-17-37,linux,0,0.2675,3738.53,Signature,True,2025-11-21T22:16:24.394540,,796
ML-DSA-87,sign,1024,1,3.46,1,1,0,ip-172-31-17-37,linux,0,0.1958,5107.59,Signature,True,2025-11-21T22:16:24.394759,,797
ML-DSA-87,sign,1024,1,3.46,1,1,0,ip-172-31-17-37,linux,0,0.1793,5578.08,Signature,True,2025-11-21T22:16:24.394963,,798
ML-DSA-87,sign,1024,1,3.46,1,1,0,ip-172-31-17-37,linux,0,0.2083,4800.51,Signature,True,2025-11-21T22:16:24.395194,,799
ML-DSA-87,sign,1024,1,3.46,1,1,0,ip-172-31-17-37,linux,0,0.2565,3897.94,Signature,True,2025-11-21T22:16:24.395474,,800
ML-DSA-87,sign,1024,16,3.46,1,1,0,ip-172-31-17-37,linux,0,0.2396,4173.08,Signature,True,2025-11-21T22:16:24.395737,,801
ML-DSA-87,sign,1024,16,3.46,1,1,0,ip-172-31-17-37,linux,0,0.199,5025.83,Signature,True,2025-11-21T22:16:24.395962,,802
ML-DSA-87,sign,1024,16,3.46,1,1,0,ip-172-31-17-37,linux,0,0.2329,4292.88,Signature,True,2025-11-21T22:16:24.396219,,803
ML-DSA-87,sign,1024,16,3.46,1,1,0,ip-172-31-17-37,linux,0,0.1859,5380.02,Signature,True,2025-11-21T22:16:24.396430,,804
ML-DSA-87,sign,1024,16,3.46,1,1,0,ip-172-31-17-37,linux,0,0.2411,4148.0,Signature,True,2025-11-21T22:16:24.396695,,805
ML-DSA-87,sign,1024,64,3.46,1,1,0,ip-172-31-17-37,linux,0,0.2131,4693.69,Signature,True,2025-11-21T22:16:24.396933,,806
ML-DSA-87,sign,1024,64,3.46,1,1,0,ip-172-31-17-37,linux,0,0.1919,5211.05,Signature,True,2025-11-21T22:16:24.397148,,807
ML-DSA-87,sign,1024,64,3.46,1,1,0,ip-172-31-17-37,linux,0,0.1782,5612.24,Signature,True,2025-11-21T22:16:24.397350,,808
ML-DSA-87,sign,1024,64,3.46,1,1,0,ip-172-31-17-37,linux,0,0.1933,5172.05,Signature,True,2025-11-21T22:16:24.397567,,809
ML-DSA-87,sign,1024,64,3.46,1,1,0,ip-172-31-17-37,linux,0,0.1953,5119.31,Signature,True,2025-11-21T22:16:24.397798,,810
ML-DSA-87,verify,0,1,3.46,1,1,0,ip-172-31-17-37,linux,0,0.1867,5355.76,Signature,True,2025-11-21T22:16:24.398013,,811
ML-DSA-87,verify,0,1,3.46,1,1,0,ip-172-31-17-37,linux,0,0.2613,3826.49,Signature,True,2025-11-21T22:16:24.398297,,812
ML-DSA-87,verify,0,1,3.46,1,1,0,ip-172-31-17-37,linux,0,0.2039,4905.11,Signature,True,2025-11-21T22:16:24.398524,,813
ML-DSA-87,verify,0,1,3.46,1,1,0,ip-172-31-17-37,linux,0,0.2079,4810.77,Signature,True,2025-11-21T22:16:24.398782,,814
ML-DSA-87,verify,0,1,3.46,1,1,0,ip-172-31-17-37,linux,0,0.2041,4900.57,Signature,True,2025-11-21T22:16:24.399012,,815
ML-DSA-87,verify,0,16,3.46,1,1,0,ip-172-31-17-37,linux,0,0.1929,5183.07,Signature,True,2025-11-21T22:16:24.399228,,816
ML-DSA-87,verify,0,16,3.46,1,1,0,ip-172-31-17-37,linux,0,0.1933,5172.58,Signature,True,2025-11-21T22:16:24.399445,,817
ML-DSA-87,verify,0,16,3.46,1,1,0,ip-172-31-17-37,linux,0,0.2095,4772.52,Signature,True,2025-11-21T22:16:24.399680,,818
ML-DSA-87,verify,0,16,3.46,1,1,0,ip-172-31-17-37,linux,0,0.2346,4263.08,Signature,True,2025-11-21T22:16:24.399938,,819
ML-DSA-87,verify,0,16,3.46,1,1,0,ip-172-31-17-37,linux,0,0.1753,5703.21,Signature,True,2025-11-21T22:16:24.400137,,820
ML-DSA-87,verify,0,64,3.46,1,1,0,ip-172-31-17-37,linux,0,0.2057,4861.99,Signature,True,2025-11-21T22:16:24.400366,,821
ML-DSA-87,verify,0,64,3.46,1,1,0,ip-172-31-17-37,linux,0,0.2504,3993.26,Signature,True,2025-11-21T22:16:24.400640,,822
ML-DSA-87,verify,0,64,3.46,1,1,0,ip-172-31-17-37,linux,0,0.1751,5712.2,Signature,True,2025-11-21T22:16:24.400839,,823
ML-DSA-87,verify,0,64,3.46,1,1,0,ip-172-31-17-37,linux,0,0.2159,4632.25,Signature,True,2025-11-21T22:16:24.401079,,824
ML-DSA-87,verify,0,64,3.46,1,1,0,ip-172-31-17-37,linux,0,0.1898,5269.65,Signature,True,2025-11-21T22:16:24.401291,,825
ML-DSA-87,verify,1024,1,3.46,1,1,0,ip-172-31-17-37,linux,0,0.3516,2843.83,Signature,True,2025-11-21T22:16:24.401667,,826
ML-DSA-87,verify,1024,1,3.46,1,1,0,ip-172-31-17-37,linux,0,0.1917,5215.89,Signature,True,2025-11-21T22:16:24.401882,,827
ML-DSA-87,verify,1024,1,3.46,1,1,0,ip-172-31-17-37,linux,0,0.3228,3098.02,Signature,True,2025-11-21T22:16:24.402227,,828
ML-DSA-87,verify,1024,1,3.46,1,1,0,ip-172-31-17-37,linux,0,0.2159,4632.25,Signature,True,2025-11-21T22:16:24.402466,,829
ML-DSA-87,verify,1024,1,3.46,1,1,0,ip-172-31-17-37,linux,0,0.1915,5220.84,Signature,True,2025-11-21T22:16:24.402681,,830
ML-DSA-87,verify,1024,16,3.46,1,1,0,ip-172-31-17-37,linux,0,0.1783,5607.49,Signature,True,2025-11-21T22:16:24.402883,,831
ML-DSA-87,verify,1024,16,3.46,1,1,0,ip-172-31-17-37,linux,0,0.1941,5152.59,Signature,True,2025-11-21T22:16:24.403100,,832
ML-DSA-87,verify,1024,16,3.46,1,1,0,ip-172-31-17-37,linux,0,0.1786,5600.36,Signature,True,2025-11-21T22:16:24.403302,,833
ML-DSA-87,verify,1024,16,3.46,1,1,0,ip-172-31-17-37,linux,0,0.2247,4449.84,Signature,True,2025-11-21T22:16:24.403549,,834
ML-DSA-87,verify,1024,16,3.46,1,1,0,ip-172-31-17-37,linux,0,0.1936,5165.72,Signature,True,2025-11-21T22:16:24.403765,,835
ML-DSA-87,verify,1024,64,3.46,1,1,0,ip-172-31-17-37,linux,0,0.1889,5292.43,Signature,True,2025-11-21T22:16:24.403979,,836
ML-DSA-87,verify,1024,64,3.46,1,1,0,ip-172-31-17-37,linux,0,0.1773,5641.34,Signature,True,2025-11-21T22:16:24.404179,,837
ML-DSA-87,verify,1024,64,3.46,1,1,0,ip-172-31-17-37,linux,0,0.1769,5653.17,Signature,True,2025-11-21T22:16:24.404379,,838
ML-DSA-87,verify,1024,64,3.46,1,1,0,ip-172-31-17-37,linux,0,0.2194,4557.84,Signature,True,2025-11-21T22:16:24.404621,,839
ML-DSA-87,verify,1024,64,3.46,1,1,0,ip-172-31-17-37,linux,0,0.2269,4407.99,Signature,True,2025-11-21T22:16:24.404872,,840
OV-III,sign,0,1,3.46,1,1,0,ip-172-31-17-37,linux,0,6.6039,151.43,Signature,True,2025-11-21T22:16:24.411650,,841
OV-III,sign,0,1,3.46,1,1,0,ip-172-31-17-37,linux,0,5.2349,191.03,Signature,True,2025-11-21T22:16:24.417049,,842
OV-III,sign,0,1,3.46,1,1,0,ip-172-31-17-37,linux,0,5.7368,174.31,Signature,True,2025-11-21T22:16:24.422942,,843
OV-III,sign,0,1,3.46,1,1,0,ip-172-31-17-37,linux,0,7.1852,139.18,Signature,True,2025-11-21T22:16:24.430296,,844
OV-III,sign,0,1,3.46,1,1,0,ip-172-31-17-37,linux,0,6.8019,147.02,Signature,True,2025-11-21T22:16:24.437263,,845
OV-III,sign,0,16,3.46,1,1,0,ip-172-31-17-37,linux,0,5.6332,177.52,Signature,True,2025-11-21T22:16:24.443058,,846
OV-III,sign,0,16,3.46,1,1,0,ip-172-31-17-37,linux,0,6.6631,150.08,Signature,True,2025-11-21T22:16:24.449874,,847
OV-III,sign,0,16,3.46,1,1,0,ip-172-31-17-37,linux,0,5.6914,175.7,Signature,True,2025-11-21T22:16:24.455731,,848
OV-III,sign,0,16,3.46,1,1,0,ip-172-31-17-37,linux,0,5.6539,176.87,Signature,True,2025-11-21T22:16:24.461530,,849
OV-III,sign,0,16,3.46,1,1,0,ip-172-31-17-37,linux,0,5.676,176.18,Signature,True,2025-11-21T22:16:24.467358,,850
OV-III,sign,0,64,3.46,1,1,0,ip-172-31-17-37,linux,0,5.5239,181.03,Signature,True,2025-11-21T22:16:24.473029,,851
OV-III,sign,0,64,3.46,1,1,0,ip-172-31-17-37,linux,0,5.8664,170.46,Signature,True,2025-11-21T22:16:24.479046,,852
OV-III,sign,0,64,3.46,1,1,0,ip-172-31-17-37,linux,0,5.6706,176.35,Signature,True,2025-11-21T22:16:24.484862,,853
OV-III,sign,0,64,3.46,1,1,0,ip-172-31-17-37,linux,0,5.6229,177.84,Signature,True,2025-11-21T22:16:24.490652,,854
OV-III,sign,0,64,3.46,1,1,0,ip-172-31-17-37,linux,0,5.3601,186.56,Signature,True,2025-11-21T22:16:24.496155,,855
OV-III,sign,1024,1,3.46,1,1,0,ip-172-31-17-37,linux,0,6.117,163.48,Signature,True,2025-11-21T22:16:24.502476,,856
OV-III,sign,1024,1,3.46,1,1,0,ip-172-31-17-37,linux,0,5.8672,170.44,Signature,True,2025-11-21T22:16:24.508523,,857
OV-III,sign,1024,1,3.46,1,1,0,ip-172-31-17-37,linux,0,5.7297,174.53,Signature,True,2025-11-21T22:16:24.514449,,858
OV-III,sign,1024,1,3.46,1,1,0,ip-172-31-17-37,linux,0,6.0071,166.47,Signature,True,2025-11-21T22:16:24.520654,,859
OV-III,sign,1024,1,3.46,1,1,0,ip-172-31-17-37,linux,0,5.7289,174.55,Signature,True,2025-11-21T22:16:24.526593,,860
OV-III,sign,1024,16,3.46,1,1,0,ip-172-31-17-37,linux,0,5.9822,167.16,Signature,True,2025-11-21T22:16:24.532753,,861
OV-III,sign,1024,16,3.46,1,1,0,ip-172-31-17-37,linux,0,5.709,175.16,Signature,True,2025-11-21T22:16:24.538674,,862
OV-III,sign,1024,16,3.46,1,1,0,ip-172-31-17-37,linux,0,6.0209,166.09,Signature,True,2025-11-21T22:16:24.544872,,863
OV-III,sign,1024,16,3.46,1,1,0,ip-172-31-17-37,linux,0,6.1522,162.54,Signature,True,2025-11-21T22:16:24.551206,,864
OV-III,sign,1024,16,3.46,1,1,0,ip-172-31-17-37,linux,0,5.8266,171.63,Signature,True,2025-11-21T22:16:24.557214,,865
OV-III,sign,1024,64,3.46,1,1,0,ip-172-31-17-37,linux,0,5.9612,167.75,Signature,True,2025-11-21T22:16:24.563358,,866
OV-III,sign,1024,64,3.46,1,1,0,ip-172-31-17-37,linux,0,6.0096,166.4,Signature,True,2025-11-21T22:16:24.569551,,867
OV-III,sign,1024,64,3.46,1,1,0,ip-172-31-17-37,linux,0,5.8897,169.79,Signature,True,2025-11-21T22:16:24.575673,,868
OV-III,sign,1024,64,3.46,1,1,0,ip-172-31-17-37,linux,0,5.9685,167.55,Signature,True,2025-11-21T22:16:24.581818,,869
OV-III,sign,1024,64,3.46,1,1,0,ip-172-31-17-37,linux,0,6.0143,166.27,Signature,True,2025-11-21T22:16:24.588016,,870
OV-III,verify,0,1,3.46,1,1,0,ip-172-31-17-37,linux,0,5.6208,177.91,Signature,True,2025-11-21T22:16:24.593789,,871
OV-III,verify,0,1,3.46,1,1,0,ip-172-31-17-37,linux,0,5.5947,178.74,Signature,True,2025-11-21T22:16:24.599530,,872
OV-III,verify,0,1,3.46,1,1,0,ip-172-31-17-37,linux,0,5.5284,180.88,Signature,True,2025-11-21T22:16:24.605202,,873
OV-III,verify,0,1,3.46,1,1,0,ip-172-31-17-37,linux,0,5.4607,183.13,Signature,True,2025-11-21T22:16:24.610810,,874
OV-III,verify,0,1,3.46,1,1,0,ip-172-31-17-37,linux,0,5.578,179.28,Signature,True,2025-11-21T22:16:24.616533,,875
OV-III,verify,0,16,3.46,1,1,0,ip-172-31-17-37,linux,0,5.4093,184.87,Signature,True,2025-11-21T22:16:24.622091,,876
OV-III,verify,0,16,3.46,1,1,0,ip-172-31-17-37,linux,0,5.5594,179.87,Signature,True,2025-11-21T22:16:24.627795,,877
OV-III,verify,0,16,3.46,1,1,0,ip-172-31-17-37,linux,0,5.7178,174.89,Signature,True,2025-11-21T22:16:24.633677,,878
OV-III,verify,0,16,3.46,1,1,0,ip-172-31-17-37,linux,0,5.3873,185.62,Signature,True,2025-11-21T22:16:24.639208,,879
OV-III,verify,0,16,3.46,1,1,0,ip-172-31-17-37,linux,0,5.6353,177.45,Signature,True,2025-11-21T22:16:24.644994,,880
OV-III,verify,0,64,3.46,1,1,0,ip-172-31-17-37,linux,0,5.6683,176.42,Signature,True,2025-11-21T22:16:24.650808,,881
OV-III,verify,0,64,3.46,1,1,0,ip-172-31-17-37,linux,0,5.6361,177.43,Signature,True,2025-11-21T22:16:24.656621,,882
OV-III,verify,0,64,3.46,1,1,0,ip-172-31-17-37,linux,0,5.6243,177.8,Signature,True,2025-11-21T22:16:24.662432,,883
OV-III,verify,0,64,3.46,1,1,0,ip-172-31-17-37,linux,0,5.6771,176.15,Signature,True,2025-11-21T22:16:24.668257,,884
OV-III,verify,0,64,3.46,1,1,0,ip-172-31-17-37,linux,0,5.4953,181.97,Signature,True,2025-11-21T22:16:24.673899,,885
OV-III,verify,1024,1,3.46,1,1,0,ip-172-31-17-37,linux,0,6.1713,162.04,Signature,True,2025-11-21T22:16:24.680262,,886
OV-III,verify,1024,1,3.46,1,1,0,ip-172-31-17-37,linux,0,5.9454,168.2,Signature,True,2025-11-21T22:16:24.686394,,887
OV-III,verify,1024,1,3.46,1,1,0,ip-172-31-17-37,linux,0,5.9405,168.34,Signature,True,2025-11-21T22:16:24.692528,,888
OV-III,verify,1024,1,3.46,1,1,0,ip-172-31-17-37,linux,0,6.0077,166.45,Signature,True,2025-11-21T22:16:24.698735,,889
OV-III,verify,1024,1,3.46,1,1,0,ip-172-31-17-37,linux,0,6.1459,162.71,Signature,True,2025-11-21T22:16:24.705060,,890
OV-III,verify,1024,16,3.46,1,1,0,ip-172-31-17-37,linux,0,5.9558,167.9,Signature,True,2025-11-21T22:16:24.711201,,891
OV-III,verify,1024,16,3.46,1,1,0,ip-172-31-17-37,linux,0,6.0217,166.07,Signature,True,2025-11-21T22:16:24.717406,,892
OV-III,verify,1024,16,3.46,1,1,0,ip-172-31-17-37,linux,0,5.9655,167.63,Signature,True,2025-11-21T22:16:24.723555,,893
OV-III,verify,1024,16,3.46,1,1,0,ip-172-31-17-37,linux,0,5.8535,170.84,Signature,True,2025-11-21T22:16:24.729620,,894
OV-III,verify,1024,16,3.46,1,1,0,ip-172-31-17-37,linux,0,5.725,174.67,Signature,True,2025-11-21T22:16:24.735526,,895
OV-III,verify,1024,64,3.46,1,1,0,ip-172-31-17-37,linux,0,5.7447,174.07,Signature,True,2025-11-21T22:16:24.741457,,896
OV-III,verify,1024,64,3.46,1,1,0,ip-172-31-17-37,linux,0,6.0042,166.55,Signature,True,2025-11-21T22:16:24.747658,,897
OV-III,verify,1024,64,3.46,1,1,0,ip-172-31-17-37,linux,0,6.0039,166.56,Signature,True,2025-11-21T22:16:24.753843,,898
OV-III,verify,1024,64,3.46,1,1,0,ip-172-31-17-37,linux,0,6.014,166.28,Signature,True,2025-11-21T22:16:24.760040,,899
OV-III,verify,1024,64,3.46,1,1,0,ip-172-31-17-37,linux,0,6.0118,166.34,Signature,True,2025-11-21T22:16:24.766236,,900
OV-III-pkc,sign,0,1,3.46,1,1,0,ip-172-31-17-37,linux,0,5.1657,193.58,Signature,True,2025-11-21T22:16:24.771539,,901
OV-III-pkc,sign,0,1,3.46,1,1,0,ip-172-31-17-37,linux,0,5.1075,195.79,Signature,True,2025-11-21T22:16:24.776785,,902
OV-III-pkc,sign,0,1,3.46,1,1,0,ip-172-31-17-37,linux,0,5.086,196.62,Signature,True,2025-11-21T22:16:24.781996,,903
OV-III-pkc,sign,0,1,3.46,1,1,0,ip-172-31-17-37,linux,0,5.1116,195.64,Signature,True,2025-11-21T22:16:24.787227,,904
OV-III-pkc,sign,0,1,3.46,1,1,0,ip-172-31-17-37,linux,0,5.1001,196.07,Signature,True,2025-11-21T22:16:24.792451,,905
OV-III-pkc,sign,0,16,3.46,1,1,0,ip-172-31-17-37,linux,0,5.1062,195.84,Signature,True,2025-11-21T22:16:24.797680,,906
OV-III-pkc,sign,0,16,3.46,1,1,0,ip-172-31-17-37,linux,0,5.0976,196.17,Signature,True,2025-11-21T22:16:24.802900,,907
OV-III-pkc,sign,0,16,3.46,1,1,0,ip-172-31-17-37,linux,0,5.0947,196.28,Signature,True,2025-11-21T22:16:24.808117,,908
OV-III-pkc,sign,0,16,3.46,1,1,0,ip-172-31-17-37,linux,0,5.0738,197.09,Signature,True,2025-11-21T22:16:24.813314,,909
OV-III-pkc,sign,0,16,3.46,1,1,0,ip-172-31-17-37,linux,0,5.0974,196.18,Signature,True,2025-11-21T22:16:24.818532,,910
OV-III-pkc,sign,0,64,3.46,1,1,0,ip-172-31-17-37,linux,0,5.1232,195.19,Signature,True,2025-11-21T22:16:24.823779,,911
OV-III-pkc,sign,0,64,3.46,1,1,0,ip-172-31-17-37,linux,0,5.0942,196.3,Signature,True,2025-11-21T22:16:24.828994,,912
OV-III-pkc,sign,0,64,3.46,1,1,0,ip-172-31-17-37,linux,0,5.0985,196.14,Signature,True,2025-11-21T22:16:24.834219,,913
OV-III-pkc,sign,0,64,3.46,1,1,0,ip-172-31-17-37,linux,0,5.1114,195.64,Signature,True,2025-11-21T22:16:24.839455,,914
OV-III-pkc,sign,0,64,3.46,1,1,0,ip-172-31-17-37,linux,0,5.1185,195.37,Signature,True,2025-11-21T22:16:24.844702,,915
OV-III-pkc,sign,1024,1,3.46,1,1,0,ip-172-31-17-37,linux,0,5.1635,193.67,Signature,True,2025-11-21T22:16:24.849994,,916
OV-III-pkc,sign,1024,1,3.46,1,1,0,ip-172-31-17-37,linux,0,5.1708,193.39,Signature,True,2025-11-21T22:16:24.855295,,917
OV-III-pkc,sign,1024,1,3.46,1,1,0,ip-172-31-17-37,linux,0,5.1499,194.18,Signature,True,2025-11-21T22:16:24.860571,,918
OV-III-pkc,sign,1024,1,3.46,1,1,0,ip-172-31-17-37,linux,0,5.1489,194.22,Signature,True,2025-11-21T22:16:24.865869,,919
OV-III-pkc,sign,1024,1,3.46,1,1,0,ip-172-31-17-37,linux,0,5.3468,187.03,Signature,True,2025-11-21T22:16:24.871343,,920
OV-III-pkc,sign,1024,16,3.46,1,1,0,ip-172-31-17-37,linux,0,5.1486,194.23,Signature,True,2025-11-21T22:16:24.876640,,921
OV-III-pkc,sign,1024,16,3.46,1,1,0,ip-172-31-17-37,linux,0,5.1586,193.85,Signature,True,2025-11-21T22:16:24.881924,,922
OV-III-pkc,sign,1024,16,3.46,1,1,0,ip-172-31-17-37,linux,0,5.1761,193.19,Signature,True,2025-11-21T22:16:24.887234,,923
OV-III-pkc,sign,1024,16,3.46,1,1,0,ip-172-31-17-37,linux,0,5.1616,193.74,Signature,True,2025-11-21T22:16:24.892523,,924
OV-III-pkc,sign,1024,16,3.46,1,1,0,ip-172-31-17-37,linux,0,5.1758,193.21,Signature,True,2025-11-21T22:16:24.897828,,925
OV-III-pkc,sign,1024,64,3.46,1,1,0,ip-172-31-17-37,linux,0,5.1776,193.14,Signature,True,2025-11-21T22:16:24.903135,,926
OV-III-pkc,sign,1024,64,3.46,1,1,0,ip-172-31-17-37,linux,0,5.1506,194.15,Signature,True,2025-11-21T22:16:24.908415,,927
OV-III-pkc,sign,1024,64,3.46,1,1,0,ip-172-31-17-37,linux,0,5.2076,192.03,Signature,True,2025-11-21T22:16:24.913752,,928
OV-III-pkc,sign,1024,64,3.46,1,1,0,ip-172-31-17-37,linux,0,5.175,193.24,Signature,True,2025-11-21T22:16:24.919058,,929
OV-III-pkc,sign,1024,64,3.46,1,1,0,ip-172-31-17-37,linux,0,5.1547,194.0,Signature,True,2025-11-21T22:16:24.924343,,930
OV-III-pkc,verify,0,1,3.46,1,1,0,ip-172-31-17-37,linux,0,5.0938,196.32,Signature,True,2025-11-21T22:16:24.929596,,931
OV-III-pkc,verify,0,1,3.46,1,1,0,ip-172-31-17-37,linux,0,5.1196,195.33,Signature,True,2025-11-21T22:16:24.934848,,932
OV-III-pkc,verify,0,1,3.46,1,1,0,ip-172-31-17-37,linux,0,5.0952,196.26,Signature,True,2025-11-21T22:16:24.940071,,933
OV-III-pkc,verify,0,1,3.46,1,1,0,ip-172-31-17-37,linux,0,5.1031,195.96,Signature,True,2025-11-21T22:16:24.945294,,934
OV-III-pkc,verify,0,1,3.46,1,1,0,ip-172-31-17-37,linux,0,5.1091,195.73,Signature,True,2025-11-21T22:16:24.950528,,935
OV-III-pkc,verify,0,16,3.46,1,1,0,ip-172-31-17-37,linux,0,5.1108,195.66,Signature,True,2025-11-21T22:16:24.955760,,936
OV-III-pkc,verify,0,16,3.46,1,1,0,ip-172-31-17-37,linux,0,5.1035,195.95,Signature,True,2025-11-21T22:16:24.960991,,937
OV-III-pkc,verify,0,16,3.46,1,1,0,ip-172-31-17-37,linux,0,5.1349,194.74,Signature,True,2025-11-21T22:16:24.966248,,938
OV-III-pkc,verify,0,16,3.46,1,1,0,ip-172-31-17-37,linux,0,5.1198,195.32,Signature,True,2025-11-21T22:16:24.971494,,939
OV-III-pkc,verify,0,16,3.46,1,1,0,ip-172-31-17-37,linux,0,5.1526,194.08,Signature,True,2025-11-21T22:16:24.976771,,940
OV-III-pkc,verify,0,64,3.46,1,1,0,ip-172-31-17-37,linux,0,5.1139,195.54,Signature,True,2025-11-21T22:16:24.982013,,941
OV-III-pkc,verify,0,64,3.46,1,1,0,ip-172-31-17-37,linux,0,5.1207,195.29,Signature,True,2025-11-21T22:16:24.987257,,942
OV-III-pkc,verify,0,64,3.46,1,1,0,ip-172-31-17-37,linux,0,5.1878,192.76,Signature,True,2025-11-21T22:16:24.992570,,943
OV-III-pkc,verify,0,64,3.46,1,1,0,ip-172-31-17-37,linux,0,5.084,196.7,Signature,True,2025-11-21T22:16:24.997790,,944
OV-III-pkc,verify,0,64,3.46,1,1,0,ip-172-31-17-37,linux,0,5.0942,196.3,Signature,True,2025-11-21T22:16:25.003009,,945
OV-III-pkc,verify,1024,1,3.46,1,1,0,ip-172-31-17-37,linux,0,5.1836,192.92,Signature,True,2025-11-21T22:16:25.008324,,946
OV-III-pkc,verify,1024,1,3.46,1,1,0,ip-172-31-17-37,linux,0,5.1539,194.03,Signature,True,2025-11-21T22:16:25.013624,,947
OV-III-pkc,verify,1024,1,3.46,1,1,0,ip-172-31-17-37,linux,0,5.1638,193.66,Signature,True,2025-11-21T22:16:25.018913,,948
OV-III-pkc,verify,1024,1,3.46,1,1,0,ip-172-31-17-37,linux,0,5.1746,193.25,Signature,True,2025-11-21T22:16:25.024218,,949
OV-III-pkc,verify,1024,1,3.46,1,1,0,ip-172-31-17-37,linux,0,5.1372,194.66,Signature,True,2025-11-21T22:16:25.029484,,950
OV-III-pkc,verify,1024,16,3.46,1,1,0,ip-172-31-17-37,linux,0,5.193,192.57,Signature,True,2025-11-21T22:16:25.034837,,951
OV-III-pkc,verify,1024,16,3.46,1,1,0,ip-172-31-17-37,linux,0,5.1704,193.41,Signature,True,2025-11-21T22:16:25.040132,,952
OV-III-pkc,verify,1024,16,3.46,1,1,0,ip-172-31-17-37,linux,0,5.1521,194.09,Signature,True,2025-11-21T22:16:25.045416,,953
OV-III-pkc,verify,1024,16,3.46,1,1,0,ip-172-31-17-37,linux,0,5.1642,193.64,Signature,True,2025-11-21T22:16:25.050707,,954
OV-III-pkc,verify,1024,16,3.46,1,1,0,ip-172-31-17-37,linux,0,5.1644,193.63,Signature,True,2025-11-21T22:16:25.056000,,955
OV-III-pkc,verify,1024,64,3.46,1,1,0,ip-172-31-17-37,linux,0,5.1685,193.48,Signature,True,2025-11-21T22:16:25.061298,,956
OV-III-pkc,verify,1024,64,3.46,1,1,0,ip-172-31-17-37,linux,0,5.1533,194.05,Signature,True,2025-11-21T22:16:25.066596,,957
OV-III-pkc,verify,1024,64,3.46,1,1,0,ip-172-31-17-37,linux,0,5.1728,193.32,Signature,True,2025-11-21T22:16:25.071895,,958
OV-III-pkc,verify,1024,64,3.46,1,1,0,ip-172-31-17-37,linux,0,5.1505,194.15,Signature,True,2025-11-21T22:16:25.077178,,959
OV-III-pkc,verify,1024,64,3.46,1,1,0,ip-172-31-17-37,linux,0,5.1492,194.21,Signature,True,2025-11-21T22:16:25.082467,,960
OV-III-pkc-skc,sign,0,1,3.46,1,1,0,ip-172-31-17-37,linux,0,7.2102,138.69,Signature,True,2025-11-21T22:16:25.089727,,961
OV-III-pkc-skc,sign,0,1,3.46,1,1,0,ip-172-31-17-37,linux,0,6.5464,152.75,Signature,True,2025-11-21T22:16:25.096313,,962
OV-III-pkc-skc,sign,0,1,3.46,1,1,0,ip-172-31-17-37,linux,0,6.5833,151.9,Signature,True,2025-11-21T22:16:25.102936,,963
OV-III-pkc-skc,sign,0,1,3.46,1,1,0,ip-172-31-17-37,linux,0,6.5097,153.62,Signature,True,2025-11-21T22:16:25.109484,,964
OV-III-pkc-skc,sign,0,1,3.46,1,1,0,ip-172-31-17-37,linux,0,6.5177,153.43,Signature,True,2025-11-21T22:16:25.116039,,965
OV-III-pkc-skc,sign,0,16,3.46,1,1,0,ip-172-31-17-37,linux,0,6.5215,153.34,Signature,True,2025-11-21T22:16:25.122599,,966
OV-III-pkc-skc,sign,0,16,3.46,1,1,0,ip-172-31-17-37,linux,0,6.4863,154.17,Signature,True,2025-11-21T22:16:25.129121,,967
OV-III-pkc-skc,sign,0,16,3.46,1,1,0,ip-172-31-17-37,linux,0,6.5115,153.57,Signature,True,2025-11-21T22:16:25.135670,,968
OV-III-pkc-skc,sign,0,16,3.46,1,1,0,ip-172-31-17-37,linux,0,6.4967,153.92,Signature,True,2025-11-21T22:16:25.142204,,969
OV-III-pkc-skc,sign,0,16,3.46,1,1,0,ip-172-31-17-37,linux,0,6.5162,153.46,Signature,True,2025-11-21T22:16:25.148757,,970
OV-III-pkc-skc,sign,0,64,3.46,1,1,0,ip-172-31-17-37,linux,0,6.504,153.75,Signature,True,2025-11-21T22:16:25.155299,,971
OV-III-pkc-skc,sign,0,64,3.46,1,1,0,ip-172-31-17-37,linux,0,6.5003,153.84,Signature,True,2025-11-21T22:16:25.161837,,972
OV-III-pkc-skc,sign,0,64,3.46,1,1,0,ip-172-31-17-37,linux,0,6.4919,154.04,Signature,True,2025-11-21T22:16:25.168365,,973
OV-III-pkc-skc,sign,0,64,3.46,1,1,0,ip-172-31-17-37,linux,0,6.5473,152.73,Signature,True,2025-11-21T22:16:25.174949,,974
OV-III-pkc-skc,sign,0,64,3.46,1,1,0,ip-172-31-17-37,linux,0,6.4909,154.06,Signature,True,2025-11-21T22:16:25.181479,,975
OV-III-pkc-skc,sign,1024,1,3.46,1,1,0,ip-172-31-17-37,linux,0,6.5504,152.66,Signature,True,2025-11-21T22:16:25.188069,,976
OV-III-pkc-skc,sign,1024,1,3.46,1,1,0,ip-172-31-17-37,linux,0,6.6106,151.27,Signature,True,2025-11-21T22:16:25.194719,,977
OV-III-pkc-skc,sign,1024,1,3.46,1,1,0,ip-172-31-17-37,linux,0,6.4957,153.95,Signature,True,2025-11-21T22:16:25.201253,,978
OV-III-pkc-skc,sign,1024,1,3.46,1,1,0,ip-172-31-17-37,linux,0,6.5311,153.11,Signature,True,2025-11-21T22:16:25.207821,,979
OV-III-pkc-skc,sign,1024,1,3.46,1,1,0,ip-172-31-17-37,linux,0,6.4976,153.9,Signature,True,2025-11-21T22:16:25.214356,,980
OV-III-pkc-skc,sign,1024,16,3.46,1,1,0,ip-172-31-17-37,linux,0,6.5192,153.39,Signature,True,2025-11-21T22:16:25.220913,,981
OV-III-pkc-skc,sign,1024,16,3.46,1,1,0,ip-172-31-17-37,linux,0,6.5084,153.65,Signature,True,2025-11-21T22:16:25.227459,,982
OV-III-pkc-skc,sign,1024,16,3.46,1,1,0,ip-172-31-17-37,linux,0,6.532,153.09,Signature,True,2025-11-21T22:16:25.234029,,983
OV-III-pkc-skc,sign,1024,16,3.46,1,1,0,ip-172-31-17-37,linux,0,6.4913,154.05,Signature,True,2025-11-21T22:16:25.240556,,984
OV-III-pkc-skc,sign,1024,16,3.46,1,1,0,ip-172-31-17-37,linux,0,6.5084,153.65,Signature,True,2025-11-21T22:16:25.247115,,985
OV-III-pkc-skc,sign,1024,64,3.46,1,1,0,ip-172-31-17-37,linux,0,6.5085,153.65,Signature,True,2025-11-21T22:16:25.253662,,986
OV-III-pkc-skc,sign,1024,64,3.46,1,1,0,ip-172-31-17-37,linux,0,6.506,153.7,Signature,True,2025-11-21T22:16:25.260205,,987
OV-III-pkc-skc,sign,1024,64,3.46,1,1,0,ip-172-31-17-37,linux,0,6.5246,153.27,Signature,True,2025-11-21T22:16:25.266767,,988
OV-III-pkc-skc,sign,1024,64,3.46,1,1,0,ip-172-31-17-37,linux,0,6.5133,153.53,Signature,True,2025-11-21T22:16:25.273318,,989
OV-III-pkc-skc,sign,1024,64,3.46,1,1,0,ip-172-31-17-37,linux,0,6.5161,153.47,Signature,True,2025-11-21T22:16:25.279872,,990
OV-III-pkc-skc,verify,0,1,3.46,1,1,0,ip-172-31-17-37,linux,0,6.9514,143.86,Signature,True,2025-11-21T22:16:25.286867,,991
OV-III-pkc-skc,verify,0,1,3.46,1,1,0,ip-172-31-17-37,linux,0,6.8707,145.54,Signature,True,2025-11-21T22:16:25.293776,,992
OV-III-pkc-skc,verify,0,1,3.46,1,1,0,ip-172-31-17-37,linux,0,6.5049,153.73,Signature,True,2025-11-21T22:16:25.300317,,993
OV-III-pkc-skc,verify,0,1,3.46,1,1,0,ip-172-31-17-37,linux,0,6.5142,153.51,Signature,True,2025-11-21T22:16:25.306868,,994
OV-III-pkc-skc,verify,0,1,3.46,1,1,0,ip-172-31-17-37,linux,0,6.8809,145.33,Signature,True,2025-11-21T22:16:25.313786,,995
OV-III-pkc-skc,verify,0,16,3.46,1,1,0,ip-172-31-17-37,linux,0,6.4958,153.95,Signature,True,2025-11-21T22:16:25.320319,,996
OV-III-pkc-skc,verify,0,16,3.46,1,1,0,ip-172-31-17-37,linux,0,6.4983,153.89,Signature,True,2025-11-21T22:16:25.326854,,997
OV-III-pkc-skc,verify,0,16,3.46,1,1,0,ip-172-31-17-37,linux,0,6.5926,151.68,Signature,True,2025-11-21T22:16:25.333485,,998
OV-III-pkc-skc,verify,0,16,3.46,1,1,0,ip-172-31-17-37,linux,0,6.5298,153.14,Signature,True,2025-11-21T22:16:25.340054,,999
OV-III-pkc-skc,verify,0,16,3.46,1,1,0,ip-172-31-17-37,linux,0,6.518,153.42,Signature,True,2025-11-21T22:16:25.346611,,1000
OV-III-pkc-skc,verify,0,64,3.46,1,1,0,ip-172-31-17-37,linux,0,6.4988,153.88,Signature,True,2025-11-21T22:16:25.353147,,1001
OV-III-pkc-skc,verify,0,64,3.46,1,1,0,ip-172-31-17-37,linux,0,6.5008,153.83,Signature,True,2025-11-21T22:16:25.359686,,1002
OV-III-pkc-skc,verify,0,64,3.46,1,1,0,ip-172-31-17-37,linux,0,6.4883,154.12,Signature,True,2025-11-21T22:16:25.366211,,1003
OV-III-pkc-skc,verify,0,64,3.46,1,1,0,ip-172-31-17-37,linux,0,6.5193,153.39,Signature,True,2025-11-21T22:16:25.372777,,1004
OV-III-pkc-skc,verify,0,64,3.46,1,1,0,ip-172-31-17-37,linux,0,6.5053,153.72,Signature,True,2025-11-21T22:16:25.379317,,1005
OV-III-pkc-skc,verify,1024,1,3.46,1,1,0,ip-172-31-17-37,linux,0,6.5275,153.2,Signature,True,2025-11-21T22:16:25.385884,,1006
OV-III-pkc-skc,verify,1024,1,3.46,1,1,0,ip-172-31-17-37,linux,0,6.5163,153.46,Signature,True,2025-11-21T22:16:25.392438,,1007
OV-III-pkc-skc,verify,1024,1,3.46,1,1,0,ip-172-31-17-37,linux,0,6.5316,153.1,Signature,True,2025-11-21T22:16:25.399006,,1008
OV-III-pkc-skc,verify,1024,1,3.46,1,1,0,ip-172-31-17-37,linux,0,6.5021,153.8,Signature,True,2025-11-21T22:16:25.405544,,1009
OV-III-pkc-skc,verify,1024,1,3.46,1,1,0,ip-172-31-17-37,linux,0,6.5038,153.76,Signature,True,2025-11-21T22:16:25.412101,,1010
OV-III-pkc-skc,verify,1024,16,3.46,1,1,0,ip-172-31-17-37,linux,0,6.515,153.49,Signature,True,2025-11-21T22:16:25.418654,,1011
OV-III-pkc-skc,verify,1024,16,3.46,1,1,0,ip-172-31-17-37,linux,0,6.488,154.13,Signature,True,2025-11-21T22:16:25.425178,,1012
OV-III-pkc-skc,verify,1024,16,3.46,1,1,0,ip-172-31-17-37,linux,0,6.518,153.42,Signature,True,2025-11-21T22:16:25.431733,,1013
OV-III-pkc-skc,verify,1024,16,3.46,1,1,0,ip-172-31-17-37,linux,0,6.509,153.63,Signature,True,2025-11-21T22:16:25.438280,,1014
OV-III-pkc-skc,verify,1024,16,3.46,1,1,0,ip-172-31-17-37,linux,0,6.5207,153.36,Signature,True,2025-11-21T22:16:25.444839,,1015
OV-III-pkc-skc,verify,1024,64,3.46,1,1,0,ip-172-31-17-37,linux,0,6.5163,153.46,Signature,True,2025-11-21T22:16:25.451395,,1016
OV-III-pkc-skc,verify,1024,64,3.46,1,1,0,ip-172-31-17-37,linux,0,6.5082,153.65,Signature,True,2025-11-21T22:16:25.457973,,1017
OV-III-pkc-skc,verify,1024,64,3.46,1,1,0,ip-172-31-17-37,linux,0,6.5146,153.5,Signature,True,2025-11-21T22:16:25.464525,,1018
OV-III-pkc-skc,verify,1024,64,3.46,1,1,0,ip-172-31-17-37,linux,0,6.5274,153.2,Signature,True,2025-11-21T22:16:25.471091,,1019
OV-III-pkc-skc,verify,1024,64,3.46,1,1,0,ip-172-31-17-37,linux,0,6.5113,153.58,Signature,True,2025-11-21T22:16:25.477640,,1020
OV-Ip,sign,0,1,3.46,1,1,0,ip-172-31-17-37,linux,0,1.0007,999.3,Signature,True,2025-11-21T22:16:25.478684,,1021
OV-Ip,sign,0,1,3.46,1,1,0,ip-172-31-17-37,linux,0,0.8032,1245.09,Signature,True,2025-11-21T22:16:25.479523,,1022
OV-Ip,sign,0,1,3.46,1,1,0,ip-172-31-17-37,linux,0,0.8474,1180.07,Signature,True,2025-11-21T22:16:25.480405,,1023
OV-Ip,sign,0,1,3.46,1,1,0,ip-172-31-17-37,linux,0,0.8229,1215.18,Signature,True,2025-11-21T22:16:25.481263,,1024
OV-Ip,sign,0,1,3.46,1,1,0,ip-172-31-17-37,linux,0,0.8452,1183.13,Signature,True,2025-11-21T22:16:25.482142,,1025
OV-Ip,sign,0,16,3.46,1,1,0,ip-172-31-17-37,linux,0,0.8284,1207.14,Signature,True,2025-11-21T22:16:25.483005,,1026
OV-Ip,sign,0,16,3.46,1,1,0,ip-172-31-17-37,linux,0,0.8473,1180.26,Signature,True,2025-11-21T22:16:25.483885,,1027
OV-Ip,sign,0,16,3.46,1,1,0,ip-172-31-17-37,linux,0,0.8455,1182.68,Signature,True,2025-11-21T22:16:25.484764,,1028
OV-Ip,sign,0,16,3.46,1,1,0,ip-172-31-17-37,linux,0,0.8275,1208.43,Signature,True,2025-11-21T22:16:25.485625,,1029
OV-Ip,sign,0,16,3.46,1,1,0,ip-172-31-17-37,linux,0,0.8407,1189.49,Signature,True,2025-11-21T22:16:25.486498,,1030
OV-Ip,sign,0,64,3.46,1,1,0,ip-172-31-17-37,linux,0,0.8174,1223.44,Signature,True,2025-11-21T22:16:25.487349,,1031
OV-Ip,sign,0,64,3.46,1,1,0,ip-172-31-17-37,linux,0,0.8493,1177.48,Signature,True,2025-11-21T22:16:25.488231,,1032
OV-Ip,sign,0,64,3.46,1,1,0,ip-172-31-17-37,linux,0,0.8129,1230.21,Signature,True,2025-11-21T22:16:25.489077,,1033
OV-Ip,sign,0,64,3.46,1,1,0,ip-172-31-17-37,linux,0,0.8425,1187.0,Signature,True,2025-11-21T22:16:25.489952,,1034
OV-Ip,sign,0,64,3.46,1,1,0,ip-172-31-17-37,linux,0,0.8251,1212.02,Signature,True,2025-11-21T22:16:25.490810,,1035
OV-Ip,sign,1024,1,3.46,1,1,0,ip-172-31-17-37,linux,0,0.8506,1175.68,Signature,True,2025-11-21T22:16:25.491694,,1036
OV-Ip,sign,1024,1,3.46,1,1,0,ip-172-31-17-37,linux,0,0.8148,1227.23,Signature,True,2025-11-21T22:16:25.492543,,1037
OV-Ip,sign,1024,1,3.46,1,1,0,ip-172-31-17-37,linux,0,0.8321,1201.73,Signature,True,2025-11-21T22:16:25.493425,,1038
OV-Ip,sign,1024,1,3.46,1,1,0,ip-172-31-17-37,linux,0,0.8249,1212.3,Signature,True,2025-11-21T22:16:25.494283,,1039
OV-Ip,sign,1024,1,3.46,1,1,0,ip-172-31-17-37,linux,0,0.8605,1162.14,Signature,True,2025-11-21T22:16:25.495176,,1040
OV-Ip,sign,1024,16,3.46,1,1,0,ip-172-31-17-37,linux,0,0.8191,1220.84,Signature,True,2025-11-21T22:16:25.496031,,1041
OV-Ip,sign,1024,16,3.46,1,1,0,ip-172-31-17-37,linux,0,0.8491,1177.72,Signature,True,2025-11-21T22:16:25.496913,,1042
OV-Ip,sign,1024,16,3.46,1,1,0,ip-172-31-17-37,linux,0,0.8173,1223.47,Signature,True,2025-11-21T22:16:25.497764,,1043
OV-Ip,sign,1024,16,3.46,1,1,0,ip-172-31-17-37,linux,0,0.8719,1146.91,Signature,True,2025-11-21T22:16:25.498669,,1044
OV-Ip,sign,1024,16,3.46,1,1,0,ip-172-31-17-37,linux,0,0.8046,1242.8,Signature,True,2025-11-21T22:16:25.499508,,1045
OV-Ip,sign,1024,64,3.46,1,1,0,ip-172-31-17-37,linux,0,0.8484,1178.74,Signature,True,2025-11-21T22:16:25.500390,,1046
OV-Ip,sign,1024,64,3.46,1,1,0,ip-172-31-17-37,linux,0,0.8238,1213.9,Signature,True,2025-11-21T22:16:25.501247,,1047
OV-Ip,sign,1024,64,3.46,1,1,0,ip-172-31-17-37,linux,0,0.8481,1179.17,Signature,True,2025-11-21T22:16:25.502127,,1048
OV-Ip,sign,1024,64,3.46,1,1,0,ip-172-31-17-37,linux,0,0.8325,1201.22,Signature,True,2025-11-21T22:16:25.502993,,1049
OV-Ip,sign,1024,64,3.46,1,1,0,ip-172-31-17-37,linux,0,0.8597,1163.22,Signature,True,2025-11-21T22:16:25.503886,,1050
OV-Ip,verify,0,1,3.46,1,1,0,ip-172-31-17-37,linux,0,0.8152,1226.66,Signature,True,2025-11-21T22:16:25.504740,,1051
OV-Ip,verify,0,1,3.46,1,1,0,ip-172-31-17-37,linux,0,0.8444,1184.3,Signature,True,2025-11-21T22:16:25.505617,,1052
OV-Ip,verify,0,1,3.46,1,1,0,ip-172-31-17-37,linux,0,0.8384,1192.77,Signature,True,2025-11-21T22:16:25.506488,,1053
OV-Ip,verify,0,1,3.46,1,1,0,ip-172-31-17-37,linux,0,0.8115,1232.33,Signature,True,2025-11-21T22:16:25.507332,,1054
OV-Ip,verify,0,1,3.46,1,1,0,ip-172-31-17-37,linux,0,0.8434,1185.72,Signature,True,2025-11-21T22:16:25.508208,,1055
OV-Ip,verify,0,16,3.46,1,1,0,ip-172-31-17-37,linux,0,0.8109,1233.27,Signature,True,2025-11-21T22:16:25.509051,,1056
OV-Ip,verify,0,16,3.46,1,1,0,ip-172-31-17-37,linux,0,0.8449,1183.63,Signature,True,2025-11-21T22:16:25.509929,,1057
OV-Ip,verify,0,16,3.46,1,1,0,ip-172-31-17-37,linux,0,0.8244,1212.97,Signature,True,2025-11-21T22:16:25.510786,,1058
OV-Ip,verify,0,16,3.46,1,1,0,ip-172-31-17-37,linux,0,0.859,1164.16,Signature,True,2025-11-21T22:16:25.511679,,1059
OV-Ip,verify,0,16,3.46,1,1,0,ip-172-31-17-37,linux,0,0.7982,1252.79,Signature,True,2025-11-21T22:16:25.512510,,1060
OV-Ip,verify,0,64,3.46,1,1,0,ip-172-31-17-37,linux,0,0.8442,1184.5,Signature,True,2025-11-21T22:16:25.513388,,1061
OV-Ip,verify,0,64,3.46,1,1,0,ip-172-31-17-37,linux,0,0.8213,1217.61,Signature,True,2025-11-21T22:16:25.514244,,1062
OV-Ip,verify,0,64,3.46,1,1,0,ip-172-31-17-37,linux,0,0.8524,1173.09,Signature,True,2025-11-21T22:16:25.515128,,1063
OV-Ip,verify,0,64,3.46,1,1,0,ip-172-31-17-37,linux,0,0.8284,1207.12,Signature,True,2025-11-21T22:16:25.515989,,1064
OV-Ip,verify,0,64,3.46,1,1,0,ip-172-31-17-37,linux,0,0.8318,1202.25,Signature,True,2025-11-21T22:16:25.516853,,1065
OV-Ip,verify,1024,1,3.46,1,1,0,ip-172-31-17-37,linux,0,0.8336,1199.62,Signature,True,2025-11-21T22:16:25.517721,,1066
OV-Ip,verify,1024,1,3.46,1,1,0,ip-172-31-17-37,linux,0,0.8591,1164.07,Signature,True,2025-11-21T22:16:25.518614,,1067
OV-Ip,verify,1024,1,3.46,1,1,0,ip-172-31-17-37,linux,0,0.7991,1251.47,Signature,True,2025-11-21T22:16:25.519445,,1068
OV-Ip,verify,1024,1,3.46,1,1,0,ip-172-31-17-37,linux,0,0.8419,1187.85,Signature,True,2025-11-21T22:16:25.520321,,1069
OV-Ip,verify,1024,1,3.46,1,1,0,ip-172-31-17-37,linux,0,0.8169,1224.16,Signature,True,2025-11-21T22:16:25.521171,,1070
OV-Ip,verify,1024,16,3.46,1,1,0,ip-172-31-17-37,linux,0,0.8466,1181.17,Signature,True,2025-11-21T22:16:25.522051,,1071
OV-Ip,verify,1024,16,3.46,1,1,0,ip-172-31-17-37,linux,0,0.8272,1208.87,Signature,True,2025-11-21T22:16:25.522913,,1072
OV-Ip,verify,1024,16,3.46,1,1,0,ip-172-31-17-37,linux,0,0.8445,1184.13,Signature,True,2025-11-21T22:16:25.523790,,1073
OV-Ip,verify,1024,16,3.46,1,1,0,ip-172-31-17-37,linux,0,0.8329,1200.61,Signature,True,2025-11-21T22:16:25.524656,,1074
OV-Ip,verify,1024,16,3.46,1,1,0,ip-172-31-17-37,linux,0,0.8332,1200.23,Signature,True,2025-11-21T22:16:25.525523,,1075
OV-Ip,verify,1024,64,3.46,1,1,0,ip-172-31-17-37,linux,0,0.8178,1222.78,Signature,True,2025-11-21T22:16:25.526376,,1076
OV-Ip,verify,1024,64,3.46,1,1,0,ip-172-31-17-37,linux,0,0.8511,1174.91,Signature,True,2025-11-21T22:16:25.527268,,1077
OV-Ip,verify,1024,64,3.46,1,1,0,ip-172-31-17-37,linux,0,0.8207,1218.4,Signature,True,2025-11-21T22:16:25.528123,,1078
OV-Ip,verify,1024,64,3.46,1,1,0,ip-172-31-17-37,linux,0,0.8471,1180.56,Signature,True,2025-11-21T22:16:25.529004,,1079
OV-Ip,verify,1024,64,3.46,1,1,0,ip-172-31-17-37,linux,0,0.8197,1219.95,Signature,True,2025-11-21T22:16:25.529857,,1080
OV-Ip-pkc,sign,0,1,3.46,1,1,0,ip-172-31-17-37,linux,0,0.9374,1066.83,Signature,True,2025-11-21T22:16:25.530834,,1081
OV-Ip-pkc,sign,0,1,3.46,1,1,0,ip-172-31-17-37,linux,0,0.8743,1143.71,Signature,True,2025-11-21T22:16:25.531742,,1082
OV-Ip-pkc,sign,0,1,3.46,1,1,0,ip-172-31-17-37,linux,0,0.8305,1204.12,Signature,True,2025-11-21T22:16:25.532607,,1083
OV-Ip-pkc,sign,0,1,3.46,1,1,0,ip-172-31-17-37,linux,0,0.8442,1184.55,Signature,True,2025-11-21T22:16:25.533482,,1084
OV-Ip-pkc,sign,0,1,3.46,1,1,0,ip-172-31-17-37,linux,0,0.8243,1213.17,Signature,True,2025-11-21T22:16:25.534338,,1085
OV-Ip-pkc,sign,0,16,3.46,1,1,0,ip-172-31-17-37,linux,0,0.8615,1160.82,Signature,True,2025-11-21T22:16:25.535276,,1086
OV-Ip-pkc,sign,0,16,3.46,1,1,0,ip-172-31-17-37,linux,0,0.8282,1207.45,Signature,True,2025-11-21T22:16:25.536136,,1087
OV-Ip-pkc,sign,0,16,3.46,1,1,0,ip-172-31-17-37,linux,0,0.8576,1166.1,Signature,True,2025-11-21T22:16:25.537025,,1088
OV-Ip-pkc,sign,0,16,3.46,1,1,0,ip-172-31-17-37,linux,0,0.8282,1207.39,Signature,True,2025-11-21T22:16:25.537884,,1089
OV-Ip-pkc,sign,0,16,3.46,1,1,0,ip-172-31-17-37,linux,0,0.8836,1131.68,Signature,True,2025-11-21T22:16:25.538800,,1090
OV-Ip-pkc,sign,0,64,3.46,1,1,0,ip-172-31-17-37,linux,0,0.8235,1214.4,Signature,True,2025-11-21T22:16:25.539657,,1091
OV-Ip-pkc,sign,0,64,3.46,1,1,0,ip-172-31-17-37,linux,0,0.8422,1187.34,Signature,True,2025-11-21T22:16:25.540530,,1092
OV-Ip-pkc,sign,0,64,3.46,1,1,0,ip-172-31-17-37,linux,0,0.8423,1187.16,Signature,True,2025-11-21T22:16:25.541403,,1093
OV-Ip-pkc,sign,0,64,3.46,1,1,0,ip-172-31-17-37,linux,0,0.8747,1143.28,Signature,True,2025-11-21T22:16:25.542309,,1094
OV-Ip-pkc,sign,0,64,3.46,1,1,0,ip-172-31-17-37,linux,0,0.8342,1198.7,Signature,True,2025-11-21T22:16:25.543175,,1095
OV-Ip-pkc,sign,1024,1,3.46,1,1,0,ip-172-31-17-37,linux,0,0.8739,1144.33,Signature,True,2025-11-21T22:16:25.544082,,1096
OV-Ip-pkc,sign,1024,1,3.46,1,1,0,ip-172-31-17-37,linux,0,0.8413,1188.7,Signature,True,2025-11-21T22:16:25.544955,,1097
OV-Ip-pkc,sign,1024,1,3.46,1,1,0,ip-172-31-17-37,linux,0,0.8712,1147.81,Signature,True,2025-11-21T22:16:25.545859,,1098
OV-Ip-pkc,sign,1024,1,3.46,1,1,0,ip-172-31-17-37,linux,0,0.8418,1187.95,Signature,True,2025-11-21T22:16:25.546732,,1099
OV-Ip-pkc,sign,1024,1,3.46,1,1,0,ip-172-31-17-37,linux,0,0.8593,1163.78,Signature,True,2025-11-21T22:16:25.547622,,1100
OV-Ip-pkc,sign,1024,16,3.46,1,1,0,ip-172-31-17-37,linux,0,0.8147,1227.49,Signature,True,2025-11-21T22:16:25.548468,,1101
OV-Ip-pkc,sign,1024,16,3.46,1,1,0,ip-172-31-17-37,linux,0,0.8746,1143.4,Signature,True,2025-11-21T22:16:25.549374,,1102
OV-Ip-pkc,sign,1024,16,3.46,1,1,0,ip-172-31-17-37,linux,0,0.8422,1187.4,Signature,True,2025-11-21T22:16:25.550249,,1103
OV-Ip-pkc,sign,1024,16,3.46,1,1,0,ip-172-31-17-37,linux,0,0.8788,1137.94,Signature,True,2025-11-21T22:16:25.551159,,1104
OV-Ip-pkc,sign,1024,16,3.46,1,1,0,ip-172-31-17-37,linux,0,0.8279,1207.82,Signature,True,2025-11-21T22:16:25.552020,,1105
OV-Ip-pkc,sign,1024,64,3.46,1,1,0,ip-172-31-17-37,linux,0,0.8557,1168.64,Signature,True,2025-11-21T22:16:25.552907,,1106
OV-Ip-pkc,sign,1024,64,3.46,1,1,0,ip-172-31-17-37,linux,0,0.8245,1212.92,Signature,True,2025-11-21T22:16:25.553763,,1107
OV-Ip-pkc,sign,1024,64,3.46,1,1,0,ip-172-31-17-37,linux,0,0.8875,1126.72,Signature,True,2025-11-21T22:16:25.554681,,1108
OV-Ip-pkc,sign,1024,64,3.46,1,1,0,ip-172-31-17-37,linux,0,0.8583,1165.04,Signature,True,2025-11-21T22:16:25.555571,,1109
OV-Ip-pkc,sign,1024,64,3.46,1,1,0,ip-172-31-17-37,linux,0,0.8329,1200.55,Signature,True,2025-11-21T22:16:25.556449,,1110
OV-Ip-pkc,verify,0,1,3.46,1,1,0,ip-172-31-17-37,linux,0,0.8623,1159.68,Signature,True,2025-11-21T22:16:25.557348,,1111
OV-Ip-pkc,verify,0,1,3.46,1,1,0,ip-172-31-17-37,linux,0,0.8618,1160.31,Signature,True,2025-11-21T22:16:25.558241,,1112
OV-Ip-pkc,verify,0,1,3.46,1,1,0,ip-172-31-17-37,linux,0,0.8627,1159.2,Signature,True,2025-11-21T22:16:25.559135,,1113
OV-Ip-pkc,verify,0,1,3.46,1,1,0,ip-172-31-17-37,linux,0,0.8552,1169.35,Signature,True,2025-11-21T22:16:25.560021,,1114
OV-Ip-pkc,verify,0,1,3.46,1,1,0,ip-172-31-17-37,linux,0,0.8605,1162.05,Signature,True,2025-11-21T22:16:25.560912,,1115
OV-Ip-pkc,verify,0,16,3.46,1,1,0,ip-172-31-17-37,linux,0,0.8405,1189.79,Signature,True,2025-11-21T22:16:25.561785,,1116
OV-Ip-pkc,verify,0,16,3.46,1,1,0,ip-172-31-17-37,linux,0,0.8783,1138.59,Signature,True,2025-11-21T22:16:25.562695,,1117
OV-Ip-pkc,verify,0,16,3.46,1,1,0,ip-172-31-17-37,linux,0,0.8122,1231.23,Signature,True,2025-11-21T22:16:25.563541,,1118
OV-Ip-pkc,verify,0,16,3.46,1,1,0,ip-172-31-17-37,linux,0,0.8739,1144.34,Signature,True,2025-11-21T22:16:25.564445,,1119
OV-Ip-pkc,verify,0,16,3.46,1,1,0,ip-172-31-17-37,linux,0,0.8468,1180.9,Signature,True,2025-11-21T22:16:25.565323,,1120
OV-Ip-pkc,verify,0,64,3.46,1,1,0,ip-172-31-17-37,linux,0,0.8552,1169.28,Signature,True,2025-11-21T22:16:25.566210,,1121
OV-Ip-pkc,verify,0,64,3.46,1,1,0,ip-172-31-17-37,linux,0,0.8496,1177.05,Signature,True,2025-11-21T22:16:25.567091,,1122
OV-Ip-pkc,verify,0,64,3.46,1,1,0,ip-172-31-17-37,linux,0,0.8573,1166.4,Signature,True,2025-11-21T22:16:25.567981,,1123
OV-Ip-pkc,verify,0,64,3.46,1,1,0,ip-172-31-17-37,linux,0,0.8335,1199.74,Signature,True,2025-11-21T22:16:25.568846,,1124
OV-Ip-pkc,verify,0,64,3.46,1,1,0,ip-172-31-17-37,linux,0,0.8552,1169.37,Signature,True,2025-11-21T22:16:25.569734,,1125
OV-Ip-pkc,verify,1024,1,3.46,1,1,0,ip-172-31-17-37,linux,0,0.8573,1166.46,Signature,True,2025-11-21T22:16:25.570624,,1126
OV-Ip-pkc,verify,1024,1,3.46,1,1,0,ip-172-31-17-37,linux,0,0.8623,1159.72,Signature,True,2025-11-21T22:16:25.571517,,1127
OV-Ip-pkc,verify,1024,1,3.46,1,1,0,ip-172-31-17-37,linux,0,0.8318,1202.14,Signature,True,2025-11-21T22:16:25.572381,,1128
OV-Ip-pkc,verify,1024,1,3.46,1,1,0,ip-172-31-17-37,linux,0,0.865,1156.05,Signature,True,2025-11-21T22:16:25.573280,,1129
OV-Ip-pkc,verify,1024,1,3.46,1,1,0,ip-172-31-17-37,linux,0,0.8449,1183.64,Signature,True,2025-11-21T22:16:25.574156,,1130
OV-Ip-pkc,verify,1024,16,3.46,1,1,0,ip-172-31-17-37,linux,0,0.8883,1125.77,Signature,True,2025-11-21T22:16:25.575286,,1131
OV-Ip-pkc,verify,1024,16,3.46,1,1,0,ip-172-31-17-37,linux,0,0.8311,1203.26,Signature,True,2025-11-21T22:16:25.576150,,1132
OV-Ip-pkc,verify,1024,16,3.46,1,1,0,ip-172-31-17-37,linux,0,0.8608,1161.69,Signature,True,2025-11-21T22:16:25.577042,,1133
OV-Ip-pkc,verify,1024,16,3.46,1,1,0,ip-172-31-17-37,linux,0,0.8427,1186.72,Signature,True,2025-11-21T22:16:25.577916,,1134
OV-Ip-pkc,verify,1024,16,3.46,1,1,0,ip-172-31-17-37,linux,0,0.8831,1132.35,Signature,True,2025-11-21T22:16:25.578831,,1135
OV-Ip-pkc,verify,1024,64,3.46,1,1,0,ip-172-31-17-37,linux,0,0.8391,1191.82,Signature,True,2025-11-21T22:16:25.579703,,1136
OV-Ip-pkc,verify,1024,64,3.46,1,1,0,ip-172-31-17-37,linux,0,0.8689,1150.91,Signature,True,2025-11-21T22:16:25.580604,,1137
OV-Ip-pkc,verify,1024,64,3.46,1,1,0,ip-172-31-17-37,linux,0,0.8574,1166.25,Signature,True,2025-11-21T22:16:25.581492,,1138
OV-Ip-pkc,verify,1024,64,3.46,1,1,0,ip-172-31-17-37,linux,0,0.8411,1188.91,Signature,True,2025-11-21T22:16:25.582365,,1139
OV-Ip-pkc,verify,1024,64,3.46,1,1,0,ip-172-31-17-37,linux,0,0.8661,1154.59,Signature,True,2025-11-21T22:16:25.583263,,1140
OV-Ip-pkc-skc,sign,0,1,3.46,1,1,0,ip-172-31-17-37,linux,0,1.3656,732.3,Signature,True,2025-11-21T22:16:25.584667,,1141
OV-Ip-pkc-skc,sign,0,1,3.46,1,1,0,ip-172-31-17-37,linux,0,1.3176,758.94,Signature,True,2025-11-21T22:16:25.586014,,1142
OV-Ip-pkc-skc,sign,0,1,3.46,1,1,0,ip-172-31-17-37,linux,0,1.3264,753.9,Signature,True,2025-11-21T22:16:25.587371,,1143
OV-Ip-pkc-skc,sign,0,1,3.46,1,1,0,ip-172-31-17-37,linux,0,1.3446,743.71,Signature,True,2025-11-21T22:16:25.588746,,1144
OV-Ip-pkc-skc,sign,0,1,3.46,1,1,0,ip-172-31-17-37,linux,0,1.2973,770.81,Signature,True,2025-11-21T22:16:25.590073,,1145
OV-Ip-pkc-skc,sign,0,16,3.46,1,1,0,ip-172-31-17-37,linux,0,1.3318,750.89,Signature,True,2025-11-21T22:16:25.591436,,1146
OV-Ip-pkc-skc,sign,0,16,3.46,1,1,0,ip-172-31-17-37,linux,0,1.3085,764.24,Signature,True,2025-11-21T22:16:25.592775,,1147
OV-Ip-pkc-skc,sign,0,16,3.46,1,1,0,ip-172-31-17-37,linux,0,1.302,768.06,Signature,True,2025-11-21T22:16:25.594107,,1148
OV-Ip-pkc-skc,sign,0,16,3.46,1,1,0,ip-172-31-17-37,linux,0,1.3131,761.54,Signature,True,2025-11-21T22:16:25.595449,,1149
OV-Ip-pkc-skc,sign,0,16,3.46,1,1,0,ip-172-31-17-37,linux,0,1.3129,761.66,Signature,True,2025-11-21T22:16:25.596792,,1150
OV-Ip-pkc-skc,sign,0,64,3.46,1,1,0,ip-172-31-17-37,linux,0,1.2931,773.35,Signature,True,2025-11-21T22:16:25.598115,,1151
OV-Ip-pkc-skc,sign,0,64,3.46,1,1,0,ip-172-31-17-37,linux,0,1.3186,758.41,Signature,True,2025-11-21T22:16:25.599462,,1152
OV-Ip-pkc-skc,sign,0,64,3.46,1,1,0,ip-172-31-17-37,linux,0,1.3276,753.26,Signature,True,2025-11-21T22:16:25.600856,,1153
OV-Ip-pkc-skc,sign,0,64,3.46,1,1,0,ip-172-31-17-37,linux,0,1.3139,761.1,Signature,True,2025-11-21T22:16:25.602208,,1154
OV-Ip-pkc-skc,sign,0,64,3.46,1,1,0,ip-172-31-17-37,linux,0,1.3065,765.4,Signature,True,2025-11-21T22:16:25.603543,,1155
OV-Ip-pkc-skc,sign,1024,1,3.46,1,1,0,ip-172-31-17-37,linux,0,1.3277,753.16,Signature,True,2025-11-21T22:16:25.604901,,1156
OV-Ip-pkc-skc,sign,1024,1,3.46,1,1,0,ip-172-31-17-37,linux,0,1.3086,764.16,Signature,True,2025-11-21T22:16:25.606240,,1157
OV-Ip-pkc-skc,sign,1024,1,3.46,1,1,0,ip-172-31-17-37,linux,0,1.3306,751.55,Signature,True,2025-11-21T22:16:25.607599,,1158
OV-Ip-pkc-skc,sign,1024,1,3.46,1,1,0,ip-172-31-17-37,linux,0,1.2993,769.67,Signature,True,2025-11-21T22:16:25.608927,,1159
OV-Ip-pkc-skc,sign,1024,1,3.46,1,1,0,ip-172-31-17-37,linux,0,1.3079,764.56,Signature,True,2025-11-21T22:16:25.610262,,1160
OV-Ip-pkc-skc,sign,1024,16,3.46,1,1,0,ip-172-31-17-37,linux,0,1.3275,753.27,Signature,True,2025-11-21T22:16:25.611619,,1161
OV-Ip-pkc-skc,sign,1024,16,3.46,1,1,0,ip-172-31-17-37,linux,0,1.3272,753.46,Signature,True,2025-11-21T22:16:25.612975,,1162
OV-Ip-pkc-skc,sign,1024,16,3.46,1,1,0,ip-172-31-17-37,linux,0,1.307,765.11,Signature,True,2025-11-21T22:16:25.614311,,1163
OV-Ip-pkc-skc,sign,1024,16,3.46,1,1,0,ip-172-31-17-37,linux,0,1.3129,761.66,Signature,True,2025-11-21T22:16:25.615652,,1164
OV-Ip-pkc-skc,sign,1024,16,3.46,1,1,0,ip-172-31-17-37,linux,0,1.3096,763.6,Signature,True,2025-11-21T22:16:25.617005,,1165
OV-Ip-pkc-skc,sign,1024,64,3.46,1,1,0,ip-172-31-17-37,linux,0,1.3104,763.15,Signature,True,2025-11-21T22:16:25.618344,,1166
OV-Ip-pkc-skc,sign,1024,64,3.46,1,1,0,ip-172-31-17-37,linux,0,1.3371,747.89,Signature,True,2025-11-21T22:16:25.619709,,1167
OV-Ip-pkc-skc,sign,1024,64,3.46,1,1,0,ip-172-31-17-37,linux,0,1.2977,770.6,Signature,True,2025-11-21T22:16:25.621035,,1168
OV-Ip-pkc-skc,sign,1024,64,3.46,1,1,0,ip-172-31-17-37,linux,0,1.297,771.04,Signature,True,2025-11-21T22:16:25.622361,,1169
OV-Ip-pkc-skc,sign,1024,64,3.46,1,1,0,ip-172-31-17-37,linux,0,1.3249,754.75,Signature,True,2025-11-21T22:16:25.623714,,1170
OV-Ip-pkc-skc,verify,0,1,3.46,1,1,0,ip-172-31-17-37,linux,0,1.305,766.27,Signature,True,2025-11-21T22:16:25.625052,,1171
OV-Ip-pkc-skc,verify,0,1,3.46,1,1,0,ip-172-31-17-37,linux,0,1.3047,766.46,Signature,True,2025-11-21T22:16:25.626385,,1172
OV-Ip-pkc-skc,verify,0,1,3.46,1,1,0,ip-172-31-17-37,linux,0,1.3339,749.68,Signature,True,2025-11-21T22:16:25.627754,,1173
OV-Ip-pkc-skc,verify,0,1,3.46,1,1,0,ip-172-31-17-37,linux,0,1.3053,766.09,Signature,True,2025-11-21T22:16:25.629088,,1174
OV-Ip-pkc-skc,verify,0,1,3.46,1,1,0,ip-172-31-17-37,linux,0,1.3063,765.49,Signature,True,2025-11-21T22:16:25.630423,,1175
OV-Ip-pkc-skc,verify,0,16,3.46,1,1,0,ip-172-31-17-37,linux,0,1.315,760.44,Signature,True,2025-11-21T22:16:25.631767,,1176
OV-Ip-pkc-skc,verify,0,16,3.46,1,1,0,ip-172-31-17-37,linux,0,1.2891,775.75,Signature,True,2025-11-21T22:16:25.633085,,1177
OV-Ip-pkc-skc,verify,0,16,3.46,1,1,0,ip-172-31-17-37,linux,0,1.3052,766.19,Signature,True,2025-11-21T22:16:25.634419,,1178
OV-Ip-pkc-skc,verify,0,16,3.46,1,1,0,ip-172-31-17-37,linux,0,1.327,753.57,Signature,True,2025-11-21T22:16:25.635774,,1179
OV-Ip-pkc-skc,verify,0,16,3.46,1,1,0,ip-172-31-17-37,linux,0,1.32,757.6,Signature,True,2025-11-21T22:16:25.637122,,1180
OV-Ip-pkc-skc,verify,0,64,3.46,1,1,0,ip-172-31-17-37,linux,0,1.2969,771.07,Signature,True,2025-11-21T22:16:25.638448,,1181
OV-Ip-pkc-skc,verify,0,64,3.46,1,1,0,ip-172-31-17-37,linux,0,1.3181,758.64,Signature,True,2025-11-21T22:16:25.639795,,1182
OV-Ip-pkc-skc,verify,0,64,3.46,1,1,0,ip-172-31-17-37,linux,0,1.3063,765.5,Signature,True,2025-11-21T22:16:25.641129,,1183
OV-Ip-pkc-skc,verify,0,64,3.46,1,1,0,ip-172-31-17-37,linux,0,1.2999,769.31,Signature,True,2025-11-21T22:16:25.642457,,1184
OV-Ip-pkc-skc,verify,0,64,3.46,1,1,0,ip-172-31-17-37,linux,0,1.3209,757.05,Signature,True,2025-11-21T22:16:25.643807,,1185
OV-Ip-pkc-skc,verify,1024,1,3.46,1,1,0,ip-172-31-17-37,linux,0,1.2955,771.92,Signature,True,2025-11-21T22:16:25.645132,,1186
OV-Ip-pkc-skc,verify,1024,1,3.46,1,1,0,ip-172-31-17-37,linux,0,1.3299,751.94,Signature,True,2025-11-21T22:16:25.646491,,1187
OV-Ip-pkc-skc,verify,1024,1,3.46,1,1,0,ip-172-31-17-37,linux,0,1.3084,764.28,Signature,True,2025-11-21T22:16:25.647828,,1188
OV-Ip-pkc-skc,verify,1024,1,3.46,1,1,0,ip-172-31-17-37,linux,0,1.3067,765.28,Signature,True,2025-11-21T22:16:25.649162,,1189
OV-Ip-pkc-skc,verify,1024,1,3.46,1,1,0,ip-172-31-17-37,linux,0,1.319,758.16,Signature,True,2025-11-21T22:16:25.650510,,1190
OV-Ip-pkc-skc,verify,1024,16,3.46,1,1,0,ip-172-31-17-37,linux,0,1.3207,757.15,Signature,True,2025-11-21T22:16:25.651862,,1191
OV-Ip-pkc-skc,verify,1024,16,3.46,1,1,0,ip-172-31-17-37,linux,0,1.3093,763.77,Signature,True,2025-11-21T22:16:25.653200,,1192
OV-Ip-pkc-skc,verify,1024,16,3.46,1,1,0,ip-172-31-17-37,linux,0,1.3142,760.9,Signature,True,2025-11-21T22:16:25.654543,,1193
OV-Ip-pkc-skc,verify,1024,16,3.46,1,1,0,ip-172-31-17-37,linux,0,1.326,754.16,Signature,True,2025-11-21T22:16:25.655900,,1194
OV-Ip-pkc-skc,verify,1024,16,3.46,1,1,0,ip-172-31-17-37,linux,0,1.3082,764.41,Signature,True,2025-11-21T22:16:25.657237,,1195
OV-Ip-pkc-skc,verify,1024,64,3.46,1,1,0,ip-172-31-17-37,linux,0,1.3219,756.51,Signature,True,2025-11-21T22:16:25.658588,,1196
OV-Ip-pkc-skc,verify,1024,64,3.46,1,1,0,ip-172-31-17-37,linux,0,1.3204,757.33,Signature,True,2025-11-21T22:16:25.659937,,1197
OV-Ip-pkc-skc,verify,1024,64,3.46,1,1,0,ip-172-31-17-37,linux,0,1.3115,762.51,Signature,True,2025-11-21T22:16:25.661277,,1198
OV-Ip-pkc-skc,verify,1024,64,3.46,1,1,0,ip-172-31-17-37,linux,0,1.328,753.03,Signature,True,2025-11-21T22:16:25.662634,,1199
OV-Ip-pkc-skc,verify,1024,64,3.46,1,1,0,ip-172-31-17-37,linux,0,1.3105,763.09,Signature,True,2025-11-21T22:16:25.663973,,1200
OV-Is,sign,0,1,3.46,1,1,0,ip-172-31-17-37,linux,0,1.5411,648.89,Signature,True,2025-11-21T22:16:25.665557,,1201
OV-Is,sign,0,1,3.46,1,1,0,ip-172-31-17-37,linux,0,1.4212,703.64,Signature,True,2025-11-21T22:16:25.667029,,1202
OV-Is,sign,0,1,3.46,1,1,0,ip-172-31-17-37,linux,0,1.3956,716.53,Signature,True,2025-11-21T22:16:25.668462,,1203
OV-Is,sign,0,1,3.46,1,1,0,ip-172-31-17-37,linux,0,1.4102,709.11,Signature,True,2025-11-21T22:16:25.669907,,1204
OV-Is,sign,0,1,3.46,1,1,0,ip-172-31-17-37,linux,0,1.407,710.74,Signature,True,2025-11-21T22:16:25.671349,,1205
OV-Is,sign,0,16,3.46,1,1,0,ip-172-31-17-37,linux,0,1.4036,712.43,Signature,True,2025-11-21T22:16:25.672790,,1206
OV-Is,sign,0,16,3.46,1,1,0,ip-172-31-17-37,linux,0,1.3784,725.46,Signature,True,2025-11-21T22:16:25.674203,,1207
OV-Is,sign,0,16,3.46,1,1,0,ip-172-31-17-37,linux,0,1.39,719.41,Signature,True,2025-11-21T22:16:25.675628,,1208
OV-Is,sign,0,16,3.46,1,1,0,ip-172-31-17-37,linux,0,1.3855,721.79,Signature,True,2025-11-21T22:16:25.677048,,1209
OV-Is,sign,0,16,3.46,1,1,0,ip-172-31-17-37,linux,0,1.4026,712.97,Signature,True,2025-11-21T22:16:25.678485,,1210
OV-Is,sign,0,64,3.46,1,1,0,ip-172-31-17-37,linux,0,1.3802,724.55,Signature,True,2025-11-21T22:16:25.679902,,1211
OV-Is,sign,0,64,3.46,1,1,0,ip-172-31-17-37,linux,0,1.3749,727.34,Signature,True,2025-11-21T22:16:25.681313,,1212
OV-Is,sign,0,64,3.46,1,1,0,ip-172-31-17-37,linux,0,1.4108,708.8,Signature,True,2025-11-21T22:16:25.682758,,1213
OV-Is,sign,0,64,3.46,1,1,0,ip-172-31-17-37,linux,0,1.3924,718.17,Signature,True,2025-11-21T22:16:25.684187,,1214
OV-Is,sign,0,64,3.46,1,1,0,ip-172-31-17-37,linux,0,1.3931,717.82,Signature,True,2025-11-21T22:16:25.685616,,1215
OV-Is,sign,1024,1,3.46,1,1,0,ip-172-31-17-37,linux,0,1.3907,719.08,Signature,True,2025-11-21T22:16:25.687041,,1216
OV-Is,sign,1024,1,3.46,1,1,0,ip-172-31-17-37,linux,0,1.3955,716.6,Signature,True,2025-11-21T22:16:25.688473,,1217
OV-Is,sign,1024,1,3.46,1,1,0,ip-172-31-17-37,linux,0,1.4158,706.32,Signature,True,2025-11-21T22:16:25.689924,,1218
OV-Is,sign,1024,1,3.46,1,1,0,ip-172-31-17-37,linux,0,1.4078,710.31,Signature,True,2025-11-21T22:16:25.691366,,1219
OV-Is,sign,1024,1,3.46,1,1,0,ip-172-31-17-37,linux,0,1.4108,708.83,Signature,True,2025-11-21T22:16:25.692848,,1220
OV-Is,sign,1024,16,3.46,1,1,0,ip-172-31-17-37,linux,0,1.3847,722.16,Signature,True,2025-11-21T22:16:25.694268,,1221
OV-Is,sign,1024,16,3.46,1,1,0,ip-172-31-17-37,linux,0,1.4103,709.08,Signature,True,2025-11-21T22:16:25.695713,,1222
OV-Is,sign,1024,16,3.46,1,1,0,ip-172-31-17-37,linux,0,1.3876,720.66,Signature,True,2025-11-21T22:16:25.697137,,1223
OV-Is,sign,1024,16,3.46,1,1,0,ip-172-31-17-37,linux,0,1.388,720.47,Signature,True,2025-11-21T22:16:25.698560,,1224
OV-Is,sign,1024,16,3.46,1,1,0,ip-172-31-17-37,linux,0,1.4261,701.23,Signature,True,2025-11-21T22:16:25.700035,,1225
OV-Is,sign,1024,64,3.46,1,1,0,ip-172-31-17-37,linux,0,1.3751,727.19,Signature,True,2025-11-21T22:16:25.701446,,1226
OV-Is,sign,1024,64,3.46,1,1,0,ip-172-31-17-37,linux,0,1.3906,719.12,Signature,True,2025-11-21T22:16:25.702872,,1227
OV-Is,sign,1024,64,3.46,1,1,0,ip-172-31-17-37,linux,0,1.5678,637.82,Signature,True,2025-11-21T22:16:25.704475,,1228
OV-Is,sign,1024,64,3.46,1,1,0,ip-172-31-17-37,linux,0,1.4032,712.66,Signature,True,2025-11-21T22:16:25.705914,,1229
OV-Is,sign,1024,64,3.46,1,1,0,ip-172-31-17-37,linux,0,1.3788,725.29,Signature,True,2025-11-21T22:16:25.707327,,1230
OV-Is,verify,0,1,3.46,1,1,0,ip-172-31-17-37,linux,0,1.3966,716.05,Signature,True,2025-11-21T22:16:25.708764,,1231
OV-Is,verify,0,1,3.46,1,1,0,ip-172-31-17-37,linux,0,1.3684,730.77,Signature,True,2025-11-21T22:16:25.710167,,1232
OV-Is,verify,0,1,3.46,1,1,0,ip-172-31-17-37,linux,0,1.4024,713.06,Signature,True,2025-11-21T22:16:25.711604,,1233
OV-Is,verify,0,1,3.46,1,1,0,ip-172-31-17-37,linux,0,1.3761,726.72,Signature,True,2025-11-21T22:16:25.713014,,1234
OV-Is,verify,0,1,3.46,1,1,0,ip-172-31-17-37,linux,0,1.3883,720.33,Signature,True,2025-11-21T22:16:25.714438,,1235
OV-Is,verify,0,16,3.46,1,1,0,ip-172-31-17-37,linux,0,1.4107,708.87,Signature,True,2025-11-21T22:16:25.715885,,1236
OV-Is,verify,0,16,3.46,1,1,0,ip-172-31-17-37,linux,0,1.3733,728.18,Signature,True,2025-11-21T22:16:25.717294,,1237
OV-Is,verify,0,16,3.46,1,1,0,ip-172-31-17-37,linux,0,1.4,714.28,Signature,True,2025-11-21T22:16:25.718728,,1238
OV-Is,verify,0,16,3.46,1,1,0,ip-172-31-17-37,linux,0,1.402,713.27,Signature,True,2025-11-21T22:16:25.720165,,1239
OV-Is,verify,0,16,3.46,1,1,0,ip-172-31-17-37,linux,0,1.4091,709.67,Signature,True,2025-11-21T22:16:25.721609,,1240
OV-Is,verify,0,64,3.46,1,1,0,ip-172-31-17-37,linux,0,1.4028,712.85,Signature,True,2025-11-21T22:16:25.723046,,1241
OV-Is,verify,0,64,3.46,1,1,0,ip-172-31-17-37,linux,0,1.3867,721.12,Signature,True,2025-11-21T22:16:25.724469,,1242
OV-Is,verify,0,64,3.46,1,1,0,ip-172-31-17-37,linux,0,1.3859,721.54,Signature,True,2025-11-21T22:16:25.725890,,1243
OV-Is,verify,0,64,3.46,1,1,0,ip-172-31-17-37,linux,0,1.3827,723.21,Signature,True,2025-11-21T22:16:25.727307,,1244
OV-Is,verify,0,64,3.46,1,1,0,ip-172-31-17-37,linux,0,1.4065,710.97,Signature,True,2025-11-21T22:16:25.728749,,1245
OV-Is,verify,1024,1,3.46,1,1,0,ip-172-31-17-37,linux,0,1.4062,711.16,Signature,True,2025-11-21T22:16:25.730191,,1246
OV-Is,verify,1024,1,3.46,1,1,0,ip-172-31-17-37,linux,0,1.4201,704.16,Signature,True,2025-11-21T22:16:25.731647,,1247
OV-Is,verify,1024,1,3.46,1,1,0,ip-172-31-17-37,linux,0,1.3966,716.01,Signature,True,2025-11-21T22:16:25.733079,,1248
OV-Is,verify,1024,1,3.46,1,1,0,ip-172-31-17-37,linux,0,1.3905,719.17,Signature,True,2025-11-21T22:16:25.734504,,1249
OV-Is,verify,1024,1,3.46,1,1,0,ip-172-31-17-37,linux,0,1.4278,700.38,Signature,True,2025-11-21T22:16:25.735968,,1250
OV-Is,verify,1024,16,3.46,1,1,0,ip-172-31-17-37,linux,0,1.3994,714.6,Signature,True,2025-11-21T22:16:25.737404,,1251
OV-Is,verify,1024,16,3.46,1,1,0,ip-172-31-17-37,linux,0,1.4147,706.87,Signature,True,2025-11-21T22:16:25.738853,,1252
OV-Is,verify,1024,16,3.46,1,1,0,ip-172-31-17-37,linux,0,1.3728,728.46,Signature,True,2025-11-21T22:16:25.740262,,1253
OV-Is,verify,1024,16,3.46,1,1,0,ip-172-31-17-37,linux,0,1.3918,718.48,Signature,True,2025-11-21T22:16:25.741689,,1254
OV-Is,verify,1024,16,3.46,1,1,0,ip-172-31-17-37,linux,0,1.397,715.8,Signature,True,2025-11-21T22:16:25.743121,,1255
OV-Is,verify,1024,64,3.46,1,1,0,ip-172-31-17-37,linux,0,1.3787,725.35,Signature,True,2025-11-21T22:16:25.744536,,1256
OV-Is,verify,1024,64,3.46,1,1,0,ip-172-31-17-37,linux,0,1.4002,714.18,Signature,True,2025-11-21T22:16:25.745972,,1257
OV-Is,verify,1024,64,3.46,1,1,0,ip-172-31-17-37,linux,0,1.4256,701.46,Signature,True,2025-11-21T22:16:25.747433,,1258
OV-Is,verify,1024,64,3.46,1,1,0,ip-172-31-17-37,linux,0,1.3978,715.4,Signature,True,2025-11-21T22:16:25.748877,,1259
OV-Is,verify,1024,64,3.46,1,1,0,ip-172-31-17-37,linux,0,1.8941,527.96,Signature,True,2025-11-21T22:16:25.750808,,1260
OV-Is-pkc,sign,0,1,3.46,1,1,0,ip-172-31-17-37,linux,0,1.3147,760.63,Signature,True,2025-11-21T22:16:25.752173,,1261
OV-Is-pkc,sign,0,1,3.46,1,1,0,ip-172-31-17-37,linux,0,1.2482,801.15,Signature,True,2025-11-21T22:16:25.753459,,1262
OV-Is-pkc,sign,0,1,3.46,1,1,0,ip-172-31-17-37,linux,0,1.2679,788.72,Signature,True,2025-11-21T22:16:25.754763,,1263
OV-Is-pkc,sign,0,1,3.46,1,1,0,ip-172-31-17-37,linux,0,1.2948,772.34,Signature,True,2025-11-21T22:16:25.756093,,1264
OV-Is-pkc,sign,0,1,3.46,1,1,0,ip-172-31-17-37,linux,0,1.2519,798.76,Signature,True,2025-11-21T22:16:25.757380,,1265
OV-Is-pkc,sign,0,16,3.46,1,1,0,ip-172-31-17-37,linux,0,1.2702,787.26,Signature,True,2025-11-21T22:16:25.758685,,1266
OV-Is-pkc,sign,0,16,3.46,1,1,0,ip-172-31-17-37,linux,0,1.2411,805.74,Signature,True,2025-11-21T22:16:25.759960,,1267
OV-Is-pkc,sign,0,16,3.46,1,1,0,ip-172-31-17-37,linux,0,1.2343,810.15,Signature,True,2025-11-21T22:16:25.761229,,1268
OV-Is-pkc,sign,0,16,3.46,1,1,0,ip-172-31-17-37,linux,0,1.2414,805.51,Signature,True,2025-11-21T22:16:25.762505,,1269
OV-Is-pkc,sign,0,16,3.46,1,1,0,ip-172-31-17-37,linux,0,1.2844,778.57,Signature,True,2025-11-21T22:16:25.763824,,1270
OV-Is-pkc,sign,0,64,3.46,1,1,0,ip-172-31-17-37,linux,0,1.2483,801.06,Signature,True,2025-11-21T22:16:25.765107,,1271
OV-Is-pkc,sign,0,64,3.46,1,1,0,ip-172-31-17-37,linux,0,1.251,799.33,Signature,True,2025-11-21T22:16:25.766393,,1272
OV-Is-pkc,sign,0,64,3.46,1,1,0,ip-172-31-17-37,linux,0,1.2901,775.12,Signature,True,2025-11-21T22:16:25.767729,,1273
OV-Is-pkc,sign,0,64,3.46,1,1,0,ip-172-31-17-37,linux,0,1.2408,805.93,Signature,True,2025-11-21T22:16:25.769003,,1274
OV-Is-pkc,sign,0,64,3.46,1,1,0,ip-172-31-17-37,linux,0,1.2405,806.13,Signature,True,2025-11-21T22:16:25.770277,,1275
OV-Is-pkc,sign,1024,1,3.46,1,1,0,ip-172-31-17-37,linux,0,1.2559,796.24,Signature,True,2025-11-21T22:16:25.771569,,1276
OV-Is-pkc,sign,1024,1,3.46,1,1,0,ip-172-31-17-37,linux,0,1.2402,806.33,Signature,True,2025-11-21T22:16:25.772855,,1277
OV-Is-pkc,sign,1024,1,3.46,1,1,0,ip-172-31-17-37,linux,0,1.2633,791.6,Signature,True,2025-11-21T22:16:25.774152,,1278
OV-Is-pkc,sign,1024,1,3.46,1,1,0,ip-172-31-17-37,linux,0,1.2615,792.73,Signature,True,2025-11-21T22:16:25.775448,,1279
OV-Is-pkc,sign,1024,1,3.46,1,1,0,ip-172-31-17-37,linux,0,1.2515,799.04,Signature,True,2025-11-21T22:16:25.776734,,1280
OV-Is-pkc,sign,1024,16,3.46,1,1,0,ip-172-31-17-37,linux,0,1.2506,799.63,Signature,True,2025-11-21T22:16:25.778019,,1281
OV-Is-pkc,sign,1024,16,3.46,1,1,0,ip-172-31-17-37,linux,0,1.2675,788.95,Signature,True,2025-11-21T22:16:25.779320,,1282
OV-Is-pkc,sign,1024,16,3.46,1,1,0,ip-172-31-17-37,linux,0,1.2591,794.19,Signature,True,2025-11-21T22:16:25.780615,,1283
OV-Is-pkc,sign,1024,16,3.46,1,1,0,ip-172-31-17-37,linux,0,1.2377,807.94,Signature,True,2025-11-21T22:16:25.781886,,1284
OV-Is-pkc,sign,1024,16,3.46,1,1,0,ip-172-31-17-37,linux,0,1.2464,802.31,Signature,True,2025-11-21T22:16:25.783166,,1285
OV-Is-pkc,sign,1024,64,3.46,1,1,0,ip-172-31-17-37,linux,0,1.2429,804.55,Signature,True,2025-11-21T22:16:25.784443,,1286
OV-Is-pkc,sign,1024,64,3.46,1,1,0,ip-172-31-17-37,linux,0,1.2442,803.75,Signature,True,2025-11-21T22:16:25.785721,,1287
OV-Is-pkc,sign,1024,64,3.46,1,1,0,ip-172-31-17-37,linux,0,1.2575,795.22,Signature,True,2025-11-21T22:16:25.787013,,1288
OV-Is-pkc,sign,1024,64,3.46,1,1,0,ip-172-31-17-37,linux,0,1.297,771.01,Signature,True,2025-11-21T22:16:25.788380,,1289
OV-Is-pkc,sign,1024,64,3.46,1,1,0,ip-172-31-17-37,linux,0,1.2689,788.1,Signature,True,2025-11-21T22:16:25.789685,,1290
OV-Is-pkc,verify,0,1,3.46,1,1,0,ip-172-31-17-37,linux,0,1.2639,791.21,Signature,True,2025-11-21T22:16:25.790988,,1291
OV-Is-pkc,verify,0,1,3.46,1,1,0,ip-172-31-17-37,linux,0,1.2466,802.17,Signature,True,2025-11-21T22:16:25.792270,,1292
OV-Is-pkc,verify,0,1,3.46,1,1,0,ip-172-31-17-37,linux,0,1.2365,808.75,Signature,True,2025-11-21T22:16:25.793541,,1293
OV-Is-pkc,verify,0,1,3.46,1,1,0,ip-172-31-17-37,linux,0,1.2723,786.01,Signature,True,2025-11-21T22:16:25.794848,,1294
OV-Is-pkc,verify,0,1,3.46,1,1,0,ip-172-31-17-37,linux,0,1.253,798.11,Signature,True,2025-11-21T22:16:25.796135,,1295
OV-Is-pkc,verify,0,16,3.46,1,1,0,ip-172-31-17-37,linux,0,1.2637,791.3,Signature,True,2025-11-21T22:16:25.797434,,1296
OV-Is-pkc,verify,0,16,3.46,1,1,0,ip-172-31-17-37,linux,0,1.2655,790.19,Signature,True,2025-11-21T22:16:25.798735,,1297
OV-Is-pkc,verify,0,16,3.46,1,1,0,ip-172-31-17-37,linux,0,1.2522,798.6,Signature,True,2025-11-21T22:16:25.800022,,1298
OV-Is-pkc,verify,0,16,3.46,1,1,0,ip-172-31-17-37,linux,0,1.2436,804.13,Signature,True,2025-11-21T22:16:25.801300,,1299
OV-Is-pkc,verify,0,16,3.46,1,1,0,ip-172-31-17-37,linux,0,1.281,780.66,Signature,True,2025-11-21T22:16:25.802616,,1300
OV-Is-pkc,verify,0,64,3.46,1,1,0,ip-172-31-17-37,linux,0,1.235,809.73,Signature,True,2025-11-21T22:16:25.803884,,1301
OV-Is-pkc,verify,0,64,3.46,1,1,0,ip-172-31-17-37,linux,0,1.7567,569.24,Signature,True,2025-11-21T22:16:25.805674,,1302
OV-Is-pkc,verify,0,64,3.46,1,1,0,ip-172-31-17-37,linux,0,1.2621,792.32,Signature,True,2025-11-21T22:16:25.806970,,1303
OV-Is-pkc,verify,0,64,3.46,1,1,0,ip-172-31-17-37,linux,0,1.2316,811.93,Signature,True,2025-11-21T22:16:25.808237,,1304
OV-Is-pkc,verify,0,64,3.46,1,1,0,ip-172-31-17-37,linux,0,1.2407,806.03,Signature,True,2025-11-21T22:16:25.809511,,1305
OV-Is-pkc,verify,1024,1,3.46,1,1,0,ip-172-31-17-37,linux,0,1.2704,787.16,Signature,True,2025-11-21T22:16:25.810817,,1306
OV-Is-pkc,verify,1024,1,3.46,1,1,0,ip-172-31-17-37,linux,0,1.2466,802.15,Signature,True,2025-11-21T22:16:25.812098,,1307
OV-Is-pkc,verify,1024,1,3.46,1,1,0,ip-172-31-17-37,linux,0,1.2507,799.56,Signature,True,2025-11-21T22:16:25.813382,,1308
OV-Is-pkc,verify,1024,1,3.46,1,1,0,ip-172-31-17-37,linux,0,1.2722,786.05,Signature,True,2025-11-21T22:16:25.814688,,1309
OV-Is-pkc,verify,1024,1,3.46,1,1,0,ip-172-31-17-37,linux,0,1.2586,794.52,Signature,True,2025-11-21T22:16:25.815981,,1310
OV-Is-pkc,verify,1024,16,3.46,1,1,0,ip-172-31-17-37,linux,0,1.2351,809.62,Signature,True,2025-11-21T22:16:25.817250,,1311
OV-Is-pkc,verify,1024,16,3.46,1,1,0,ip-172-31-17-37,linux,0,1.2706,787.05,Signature,True,2025-11-21T22:16:25.818555,,1312
OV-Is-pkc,verify,1024,16,3.46,1,1,0,ip-172-31-17-37,linux,0,1.2424,804.92,Signature,True,2025-11-21T22:16:25.819853,,1313
OV-Is-pkc,verify,1024,16,3.46,1,1,0,ip-172-31-17-37,linux,0,1.2621,792.32,Signature,True,2025-11-21T22:16:25.821149,,1314
OV-Is-pkc,verify,1024,16,3.46,1,1,0,ip-172-31-17-37,linux,0,1.2517,798.9,Signature,True,2025-11-21T22:16:25.822434,,1315
OV-Is-pkc,verify,1024,64,3.46,1,1,0,ip-172-31-17-37,linux,0,1.2704,787.13,Signature,True,2025-11-21T22:16:25.823739,,1316
OV-Is-pkc,verify,1024,64,3.46,1,1,0,ip-172-31-17-37,linux,0,1.2609,793.06,Signature,True,2025-11-21T22:16:25.825033,,1317
OV-Is-pkc,verify,1024,64,3.46,1,1,0,ip-172-31-17-37,linux,0,1.2313,812.17,Signature,True,2025-11-21T22:16:25.826299,,1318
OV-Is-pkc,verify,1024,64,3.46,1,1,0,ip-172-31-17-37,linux,0,1.2777,782.65,Signature,True,2025-11-21T22:16:25.827611,,1319
OV-Is-pkc,verify,1024,64,3.46,1,1,0,ip-172-31-17-37,linux,0,1.2452,803.07,Signature,True,2025-11-21T22:16:25.828890,,1320
OV-Is-pkc-skc,sign,0,1,3.46,1,1,0,ip-172-31-17-37,linux,0,1.9854,503.67,Signature,True,2025-11-21T22:16:25.830916,,1321
OV-Is-pkc-skc,sign,0,1,3.46,1,1,0,ip-172-31-17-37,linux,0,1.9802,504.99,Signature,True,2025-11-21T22:16:25.832930,,1322
OV-Is-pkc-skc,sign,0,1,3.46,1,1,0,ip-172-31-17-37,linux,0,1.9728,506.89,Signature,True,2025-11-21T22:16:25.834935,,1323
OV-Is-pkc-skc,sign,0,1,3.46,1,1,0,ip-172-31-17-37,linux,0,1.9363,516.45,Signature,True,2025-11-21T22:16:25.836903,,1324
OV-Is-pkc-skc,sign,0,1,3.46,1,1,0,ip-172-31-17-37,linux,0,1.9597,510.28,Signature,True,2025-11-21T22:16:25.838894,,1325
OV-Is-pkc-skc,sign,0,16,3.46,1,1,0,ip-172-31-17-37,linux,0,1.9467,513.69,Signature,True,2025-11-21T22:16:25.840872,,1326
OV-Is-pkc-skc,sign,0,16,3.46,1,1,0,ip-172-31-17-37,linux,0,2.3158,431.81,Signature,True,2025-11-21T22:16:25.843220,,1327
OV-Is-pkc-skc,sign,0,16,3.46,1,1,0,ip-172-31-17-37,linux,0,1.9254,519.38,Signature,True,2025-11-21T22:16:25.845179,,1328
OV-Is-pkc-skc,sign,0,16,3.46,1,1,0,ip-172-31-17-37,linux,0,1.9728,506.9,Signature,True,2025-11-21T22:16:25.847184,,1329
OV-Is-pkc-skc,sign,0,16,3.46,1,1,0,ip-172-31-17-37,linux,0,1.96,510.19,Signature,True,2025-11-21T22:16:25.849177,,1330
OV-Is-pkc-skc,sign,0,64,3.46,1,1,0,ip-172-31-17-37,linux,0,1.9515,512.44,Signature,True,2025-11-21T22:16:25.851161,,1331
OV-Is-pkc-skc,sign,0,64,3.46,1,1,0,ip-172-31-17-37,linux,0,1.9724,507.0,Signature,True,2025-11-21T22:16:25.853165,,1332
OV-Is-pkc-skc,sign,0,64,3.46,1,1,0,ip-172-31-17-37,linux,0,1.9918,502.06,Signature,True,2025-11-21T22:16:25.855188,,1333
OV-Is-pkc-skc,sign,0,64,3.46,1,1,0,ip-172-31-17-37,linux,0,1.9663,508.57,Signature,True,2025-11-21T22:16:25.857188,,1334
OV-Is-pkc-skc,sign,0,64,3.46,1,1,0,ip-172-31-17-37,linux,0,1.9721,507.07,Signature,True,2025-11-21T22:16:25.859192,,1335
OV-Is-pkc-skc,sign,1024,1,3.46,1,1,0,ip-172-31-17-37,linux,0,2.3389,427.55,Signature,True,2025-11-21T22:16:25.861564,,1336
OV-Is-pkc-skc,sign,1024,1,3.46,1,1,0,ip-172-31-17-37,linux,0,1.9548,511.56,Signature,True,2025-11-21T22:16:25.863563,,1337
OV-Is-pkc-skc,sign,1024,1,3.46,1,1,0,ip-172-31-17-37,linux,0,1.9442,514.36,Signature,True,2025-11-21T22:16:25.865550,,1338
OV-Is-pkc-skc,sign,1024,1,3.46,1,1,0,ip-172-31-17-37,linux,0,1.9675,508.26,Signature,True,2025-11-21T22:16:25.867570,,1339
OV-Is-pkc-skc,sign,1024,1,3.46,1,1,0,ip-172-31-17-37,linux,0,1.9431,514.65,Signature,True,2025-11-21T22:16:25.869557,,1340
OV-Is-pkc-skc,sign,1024,16,3.46,1,1,0,ip-172-31-17-37,linux,0,1.9385,515.87,Signature,True,2025-11-21T22:16:25.871541,,1341
OV-Is-pkc-skc,sign,1024,16,3.46,1,1,0,ip-172-31-17-37,linux,0,1.9737,506.66,Signature,True,2025-11-21T22:16:25.873547,,1342
OV-Is-pkc-skc,sign,1024,16,3.46,1,1,0,ip-172-31-17-37,linux,0,1.9631,509.39,Signature,True,2025-11-21T22:16:25.875562,,1343
OV-Is-pkc-skc,sign,1024,16,3.46,1,1,0,ip-172-31-17-37,linux,0,1.9466,513.72,Signature,True,2025-11-21T22:16:25.877553,,1344
OV-Is-pkc-skc,sign,1024,16,3.46,1,1,0,ip-172-31-17-37,linux,0,1.9651,508.88,Signature,True,2025-11-21T22:16:25.879585,,1345
OV-Is-pkc-skc,sign,1024,64,3.46,1,1,0,ip-172-31-17-37,linux,0,1.9947,501.34,Signature,True,2025-11-21T22:16:25.881612,,1346
OV-Is-pkc-skc,sign,1024,64,3.46,1,1,0,ip-172-31-17-37,linux,0,1.9708,507.41,Signature,True,2025-11-21T22:16:25.883614,,1347
OV-Is-pkc-skc,sign,1024,64,3.46,1,1,0,ip-172-31-17-37,linux,0,1.9304,518.03,Signature,True,2025-11-21T22:16:25.885586,,1348
OV-Is-pkc-skc,sign,1024,64,3.46,1,1,0,ip-172-31-17-37,linux,0,1.9463,513.78,Signature,True,2025-11-21T22:16:25.887563,,1349
OV-Is-pkc-skc,sign,1024,64,3.46,1,1,0,ip-172-31-17-37,linux,0,1.9421,514.91,Signature,True,2025-11-21T22:16:25.889548,,1350
OV-Is-pkc-skc,verify,0,1,3.46,1,1,0,ip-172-31-17-37,linux,0,1.9541,511.76,Signature,True,2025-11-21T22:16:25.891563,,1351
OV-Is-pkc-skc,verify,0,1,3.46,1,1,0,ip-172-31-17-37,linux,0,1.9321,517.57,Signature,True,2025-11-21T22:16:25.893539,,1352
OV-Is-pkc-skc,verify,0,1,3.46,1,1,0,ip-172-31-17-37,linux,0,1.9639,509.2,Signature,True,2025-11-21T22:16:25.895536,,1353
OV-Is-pkc-skc,verify,0,1,3.46,1,1,0,ip-172-31-17-37,linux,0,1.9526,512.14,Signature,True,2025-11-21T22:16:25.897521,,1354
OV-Is-pkc-skc,verify,0,1,3.46,1,1,0,ip-172-31-17-37,linux,0,1.9483,513.27,Signature,True,2025-11-21T22:16:25.899501,,1355
OV-Is-pkc-skc,verify,0,16,3.46,1,1,0,ip-172-31-17-37,linux,0,1.9535,511.91,Signature,True,2025-11-21T22:16:25.901521,,1356
OV-Is-pkc-skc,verify,0,16,3.46,1,1,0,ip-172-31-17-37,linux,0,2.0082,497.95,Signature,True,2025-11-21T22:16:25.903562,,1357
OV-Is-pkc-skc,verify,0,16,3.46,1,1,0,ip-172-31-17-37,linux,0,1.94,515.46,Signature,True,2025-11-21T22:16:25.905545,,1358
OV-Is-pkc-skc,verify,0,16,3.46,1,1,0,ip-172-31-17-37,linux,0,1.9295,518.28,Signature,True,2025-11-21T22:16:25.907519,,1359
OV-Is-pkc-skc,verify,0,16,3.46,1,1,0,ip-172-31-17-37,linux,0,1.953,512.04,Signature,True,2025-11-21T22:16:25.909503,,1360
OV-Is-pkc-skc,verify,0,64,3.46,1,1,0,ip-172-31-17-37,linux,0,1.9541,511.75,Signature,True,2025-11-21T22:16:25.911489,,1361
OV-Is-pkc-skc,verify,0,64,3.46,1,1,0,ip-172-31-17-37,linux,0,1.9511,512.54,Signature,True,2025-11-21T22:16:25.913472,,1362
OV-Is-pkc-skc,verify,0,64,3.46,1,1,0,ip-172-31-17-37,linux,0,1.9571,510.95,Signature,True,2025-11-21T22:16:25.915461,,1363
OV-Is-pkc-skc,verify,0,64,3.46,1,1,0,ip-172-31-17-37,linux,0,1.952,512.31,Signature,True,2025-11-21T22:16:25.917445,,1364
OV-Is-pkc-skc,verify,0,64,3.46,1,1,0,ip-172-31-17-37,linux,0,1.954,511.78,Signature,True,2025-11-21T22:16:25.919431,,1365
OV-Is-pkc-skc,verify,1024,1,3.46,1,1,0,ip-172-31-17-37,linux,0,1.9634,509.32,Signature,True,2025-11-21T22:16:25.921427,,1366
OV-Is-pkc-skc,verify,1024,1,3.46,1,1,0,ip-172-31-17-37,linux,0,1.9638,509.22,Signature,True,2025-11-21T22:16:25.923424,,1367
OV-Is-pkc-skc,verify,1024,1,3.46,1,1,0,ip-172-31-17-37,linux,0,1.9753,506.26,Signature,True,2025-11-21T22:16:25.925431,,1368
OV-Is-pkc-skc,verify,1024,1,3.46,1,1,0,ip-172-31-17-37,linux,0,1.9557,511.33,Signature,True,2025-11-21T22:16:25.927419,,1369
OV-Is-pkc-skc,verify,1024,1,3.46,1,1,0,ip-172-31-17-37,linux,0,1.9717,507.17,Signature,True,2025-11-21T22:16:25.929422,,1370
OV-Is-pkc-skc,verify,1024,16,3.46,1,1,0,ip-172-31-17-37,linux,0,1.9807,504.88,Signature,True,2025-11-21T22:16:25.931434,,1371
OV-Is-pkc-skc,verify,1024,16,3.46,1,1,0,ip-172-31-17-37,linux,0,1.9693,507.79,Signature,True,2025-11-21T22:16:25.933436,,1372
OV-Is-pkc-skc,verify,1024,16,3.46,1,1,0,ip-172-31-17-37,linux,0,1.9688,507.92,Signature,True,2025-11-21T22:16:25.935436,,1373
OV-Is-pkc-skc,verify,1024,16,3.46,1,1,0,ip-172-31-17-37,linux,0,1.9565,511.13,Signature,True,2025-11-21T22:16:25.937424,,1374
OV-Is-pkc-skc,verify,1024,16,3.46,1,1,0,ip-172-31-17-37,linux,0,1.9793,505.22,Signature,True,2025-11-21T22:16:25.939435,,1375
OV-Is-pkc-skc,verify,1024,64,3.46,1,1,0,ip-172-31-17-37,linux,0,1.9392,515.69,Signature,True,2025-11-21T22:16:25.941405,,1376
OV-Is-pkc-skc,verify,1024,64,3.46,1,1,0,ip-172-31-17-37,linux,0,1.9684,508.02,Signature,True,2025-11-21T22:16:25.943405,,1377
OV-Is-pkc-skc,verify,1024,64,3.46,1,1,0,ip-172-31-17-37,linux,0,1.947,513.62,Signature,True,2025-11-21T22:16:25.945384,,1378
OV-Is-pkc-skc,verify,1024,64,3.46,1,1,0,ip-172-31-17-37,linux,0,1.9577,510.8,Signature,True,2025-11-21T22:16:25.947374,,1379
OV-Is-pkc-skc,verify,1024,64,3.46,1,1,0,ip-172-31-17-37,linux,0,1.9544,511.67,Signature,True,2025-11-21T22:16:25.949361,,1380
OV-V,sign,0,1,3.46,1,1,0,ip-172-31-17-37,linux,0,16.8134,59.48,Signature,True,2025-11-21T22:16:25.966435,,1381
OV-V,sign,0,1,3.46,1,1,0,ip-172-31-17-37,linux,0,14.5279,68.83,Signature,True,2025-11-21T22:16:25.981311,,1382
OV-V,sign,0,1,3.46,1,1,0,ip-172-31-17-37,linux,0,15.0269,66.55,Signature,True,2025-11-21T22:16:25.996683,,1383
OV-V,sign,0,1,3.46,1,1,0,ip-172-31-17-37,linux,0,15.1478,66.02,Signature,True,2025-11-21T22:16:26.012137,,1384
OV-V,sign,0,1,3.46,1,1,0,ip-172-31-17-37,linux,0,14.8586,67.3,Signature,True,2025-11-21T22:16:26.027284,,1385
OV-V,sign,0,16,3.46,1,1,0,ip-172-31-17-37,linux,0,14.9778,66.77,Signature,True,2025-11-21T22:16:26.042593,,1386
OV-V,sign,0,16,3.46,1,1,0,ip-172-31-17-37,linux,0,14.893,67.15,Signature,True,2025-11-21T22:16:26.057812,,1387
OV-V,sign,0,16,3.46,1,1,0,ip-172-31-17-37,linux,0,15.1269,66.11,Signature,True,2025-11-21T22:16:26.073276,,1388
OV-V,sign,0,16,3.46,1,1,0,ip-172-31-17-37,linux,0,15.2345,65.64,Signature,True,2025-11-21T22:16:26.088871,,1389
OV-V,sign,0,16,3.46,1,1,0,ip-172-31-17-37,linux,0,15.2721,65.48,Signature,True,2025-11-21T22:16:26.104515,,1390
OV-V,sign,0,64,3.46,1,1,0,ip-172-31-17-37,linux,0,14.9937,66.69,Signature,True,2025-11-21T22:16:26.119855,,1391
OV-V,sign,0,64,3.46,1,1,0,ip-172-31-17-37,linux,0,15.2481,65.58,Signature,True,2025-11-21T22:16:26.135462,,1392
OV-V,sign,0,64,3.46,1,1,0,ip-172-31-17-37,linux,0,15.1229,66.12,Signature,True,2025-11-21T22:16:26.150919,,1393
OV-V,sign,0,64,3.46,1,1,0,ip-172-31-17-37,linux,0,15.5062,64.49,Signature,True,2025-11-21T22:16:26.166852,,1394
OV-V,sign,0,64,3.46,1,1,0,ip-172-31-17-37,linux,0,15.2259,65.68,Signature,True,2025-11-21T22:16:26.182446,,1395
OV-V,sign,1024,1,3.46,1,1,0,ip-172-31-17-37,linux,0,15.4429,64.75,Signature,True,2025-11-21T22:16:26.198239,,1396
OV-V,sign,1024,1,3.46,1,1,0,ip-172-31-17-37,linux,0,14.8981,67.12,Signature,True,2025-11-21T22:16:26.213449,,1397
OV-V,sign,1024,1,3.46,1,1,0,ip-172-31-17-37,linux,0,14.9108,67.07,Signature,True,2025-11-21T22:16:26.228707,,1398
OV-V,sign,1024,1,3.46,1,1,0,ip-172-31-17-37,linux,0,14.8751,67.23,Signature,True,2025-11-21T22:16:26.243874,,1399
OV-V,sign,1024,1,3.46,1,1,0,ip-172-31-17-37,linux,0,15.0101,66.62,Signature,True,2025-11-21T22:16:26.259195,,1400
OV-V,sign,1024,16,3.46,1,1,0,ip-172-31-17-37,linux,0,15.0288,66.54,Signature,True,2025-11-21T22:16:26.274547,,1401
OV-V,sign,1024,16,3.46,1,1,0,ip-172-31-17-37,linux,0,15.2515,65.57,Signature,True,2025-11-21T22:16:26.290155,,1402
OV-V,sign,1024,16,3.46,1,1,0,ip-172-31-17-37,linux,0,14.9711,66.8,Signature,True,2025-11-21T22:16:26.305430,,1403
OV-V,sign,1024,16,3.46,1,1,0,ip-172-31-17-37,linux,0,15.0147,66.6,Signature,True,2025-11-21T22:16:26.320787,,1404
OV-V,sign,1024,16,3.46,1,1,0,ip-172-31-17-37,linux,0,14.8626,67.28,Signature,True,2025-11-21T22:16:26.335944,,1405
OV-V,sign,1024,64,3.46,1,1,0,ip-172-31-17-37,linux,0,15.0183,66.59,Signature,True,2025-11-21T22:16:26.351286,,1406
OV-V,sign,1024,64,3.46,1,1,0,ip-172-31-17-37,linux,0,14.8551,67.32,Signature,True,2025-11-21T22:16:26.366450,,1407
OV-V,sign,1024,64,3.46,1,1,0,ip-172-31-17-37,linux,0,14.9972,66.68,Signature,True,2025-11-21T22:16:26.381784,,1408
OV-V,sign,1024,64,3.46,1,1,0,ip-172-31-17-37,linux,0,15.0246,66.56,Signature,True,2025-11-21T22:16:26.397114,,1409
OV-V,sign,1024,64,3.46,1,1,0,ip-172-31-17-37,linux,0,15.1376,66.06,Signature,True,2025-11-21T22:16:26.412609,,1410
OV-V,verify,0,1,3.46,1,1,0,ip-172-31-17-37,linux,0,15.0913,66.26,Signature,True,2025-11-21T22:16:26.428031,,1411
OV-V,verify,0,1,3.46,1,1,0,ip-172-31-17-37,linux,0,15.0962,66.24,Signature,True,2025-11-21T22:16:26.443467,,1412
OV-V,verify,0,1,3.46,1,1,0,ip-172-31-17-37,linux,0,15.0783,66.32,Signature,True,2025-11-21T22:16:26.458863,,1413
OV-V,verify,0,1,3.46,1,1,0,ip-172-31-17-37,linux,0,14.9285,66.99,Signature,True,2025-11-21T22:16:26.474109,,1414
OV-V,verify,0,1,3.46,1,1,0,ip-172-31-17-37,linux,0,14.8703,67.25,Signature,True,2025-11-21T22:16:26.489276,,1415
OV-V,verify,0,16,3.46,1,1,0,ip-172-31-17-37,linux,0,15.0297,66.53,Signature,True,2025-11-21T22:16:26.504638,,1416
OV-V,verify,0,16,3.46,1,1,0,ip-172-31-17-37,linux,0,15.0423,66.48,Signature,True,2025-11-21T22:16:26.519986,,1417
OV-V,verify,0,16,3.46,1,1,0,ip-172-31-17-37,linux,0,15.1519,66.0,Signature,True,2025-11-21T22:16:26.535460,,1418
OV-V,verify,0,16,3.46,1,1,0,ip-172-31-17-37,linux,0,15.0063,66.64,Signature,True,2025-11-21T22:16:26.550800,,1419
OV-V,verify,0,16,3.46,1,1,0,ip-172-31-17-37,linux,0,15.0389,66.49,Signature,True,2025-11-21T22:16:26.566145,,1420
OV-V,verify,0,64,3.46,1,1,0,ip-172-31-17-37,linux,0,14.9784,66.76,Signature,True,2025-11-21T22:16:26.581417,,1421
OV-V,verify,0,64,3.46,1,1,0,ip-172-31-17-37,linux,0,15.2011,65.78,Signature,True,2025-11-21T22:16:26.596939,,1422
OV-V,verify,0,64,3.46,1,1,0,ip-172-31-17-37,linux,0,15.4838,64.58,Signature,True,2025-11-21T22:16:26.612750,,1423
OV-V,verify,0,64,3.46,1,1,0,ip-172-31-17-37,linux,0,15.0275,66.54,Signature,True,2025-11-21T22:16:26.628083,,1424
OV-V,verify,0,64,3.46,1,1,0,ip-172-31-17-37,linux,0,15.1219,66.13,Signature,True,2025-11-21T22:16:26.643552,,1425
OV-V,verify,1024,1,3.46,1,1,0,ip-172-31-17-37,linux,0,15.114,66.16,Signature,True,2025-11-21T22:16:26.659040,,1426
OV-V,verify,1024,1,3.46,1,1,0,ip-172-31-17-37,linux,0,14.9335,66.96,Signature,True,2025-11-21T22:16:26.674281,,1427
OV-V,verify,1024,1,3.46,1,1,0,ip-172-31-17-37,linux,0,14.9482,66.9,Signature,True,2025-11-21T22:16:26.689536,,1428
OV-V,verify,1024,1,3.46,1,1,0,ip-172-31-17-37,linux,0,14.8054,67.54,Signature,True,2025-11-21T22:16:26.704671,,1429
OV-V,verify,1024,1,3.46,1,1,0,ip-172-31-17-37,linux,0,15.0202,66.58,Signature,True,2025-11-21T22:16:26.719987,,1430
OV-V,verify,1024,16,3.46,1,1,0,ip-172-31-17-37,linux,0,14.9122,67.06,Signature,True,2025-11-21T22:16:26.735188,,1431
OV-V,verify,1024,16,3.46,1,1,0,ip-172-31-17-37,linux,0,14.9859,66.73,Signature,True,2025-11-21T22:16:26.750481,,1432
OV-V,verify,1024,16,3.46,1,1,0,ip-172-31-17-37,linux,0,14.7375,67.85,Signature,True,2025-11-21T22:16:26.765502,,1433
OV-V,verify,1024,16,3.46,1,1,0,ip-172-31-17-37,linux,0,15.0074,66.63,Signature,True,2025-11-21T22:16:26.780833,,1434
OV-V,verify,1024,16,3.46,1,1,0,ip-172-31-17-37,linux,0,14.9507,66.89,Signature,True,2025-11-21T22:16:26.796069,,1435
OV-V,verify,1024,64,3.46,1,1,0,ip-172-31-17-37,linux,0,15.0,66.67,Signature,True,2025-11-21T22:16:26.811358,,1436
OV-V,verify,1024,64,3.46,1,1,0,ip-172-31-17-37,linux,0,14.9153,67.05,Signature,True,2025-11-21T22:16:26.826569,,1437
OV-V,verify,1024,64,3.46,1,1,0,ip-172-31-17-37,linux,0,15.4636,64.67,Signature,True,2025-11-21T22:16:26.842392,,1438
OV-V,verify,1024,64,3.46,1,1,0,ip-172-31-17-37,linux,0,16.526,60.51,Signature,True,2025-11-21T22:16:26.859259,,1439
OV-V,verify,1024,64,3.46,1,1,0,ip-172-31-17-37,linux,0,15.2135,65.73,Signature,True,2025-11-21T22:16:26.874839,,1440
OV-V-pkc,sign,0,1,3.46,1,1,0,ip-172-31-17-37,linux,0,13.2761,75.32,Signature,True,2025-11-21T22:16:26.888377,,1441
OV-V-pkc,sign,0,1,3.46,1,1,0,ip-172-31-17-37,linux,0,13.4334,74.44,Signature,True,2025-11-21T22:16:26.902082,,1442
OV-V-pkc,sign,0,1,3.46,1,1,0,ip-172-31-17-37,linux,0,13.5676,73.7,Signature,True,2025-11-21T22:16:26.915924,,1443
OV-V-pkc,sign,0,1,3.46,1,1,0,ip-172-31-17-37,linux,0,13.6182,73.43,Signature,True,2025-11-21T22:16:26.929839,,1444
OV-V-pkc,sign,0,1,3.46,1,1,0,ip-172-31-17-37,linux,0,13.4123,74.56,Signature,True,2025-11-21T22:16:26.943515,,1445
OV-V-pkc,sign,0,16,3.46,1,1,0,ip-172-31-17-37,linux,0,13.3384,74.97,Signature,True,2025-11-21T22:16:26.957132,,1446
OV-V-pkc,sign,0,16,3.46,1,1,0,ip-172-31-17-37,linux,0,13.5252,73.94,Signature,True,2025-11-21T22:16:26.970914,,1447
OV-V-pkc,sign,0,16,3.46,1,1,0,ip-172-31-17-37,linux,0,13.3685,74.8,Signature,True,2025-11-21T22:16:26.984555,,1448
OV-V-pkc,sign,0,16,3.46,1,1,0,ip-172-31-17-37,linux,0,13.3579,74.86,Signature,True,2025-11-21T22:16:26.998193,,1449
OV-V-pkc,sign,0,16,3.46,1,1,0,ip-172-31-17-37,linux,0,13.3648,74.82,Signature,True,2025-11-21T22:16:27.011816,,1450
OV-V-pkc,sign,0,64,3.46,1,1,0,ip-172-31-17-37,linux,0,13.4943,74.11,Signature,True,2025-11-21T22:16:27.025568,,1451
OV-V-pkc,sign,0,64,3.46,1,1,0,ip-172-31-17-37,linux,0,13.4396,74.41,Signature,True,2025-11-21T22:16:27.039305,,1452
OV-V-pkc,sign,0,64,3.46,1,1,0,ip-172-31-17-37,linux,0,13.4267,74.48,Signature,True,2025-11-21T22:16:27.052987,,1453
OV-V-pkc,sign,0,64,3.46,1,1,0,ip-172-31-17-37,linux,0,13.2955,75.21,Signature,True,2025-11-21T22:16:27.066549,,1454
OV-V-pkc,sign,0,64,3.46,1,1,0,ip-172-31-17-37,linux,0,13.2797,75.3,Signature,True,2025-11-21T22:16:27.080089,,1455
OV-V-pkc,sign,1024,1,3.46,1,1,0,ip-172-31-17-37,linux,0,13.5182,73.97,Signature,True,2025-11-21T22:16:27.093905,,1456
OV-V-pkc,sign,1024,1,3.46,1,1,0,ip-172-31-17-37,linux,0,13.5716,73.68,Signature,True,2025-11-21T22:16:27.107774,,1457
OV-V-pkc,sign,1024,1,3.46,1,1,0,ip-172-31-17-37,linux,0,13.3295,75.02,Signature,True,2025-11-21T22:16:27.121378,,1458
OV-V-pkc,sign,1024,1,3.46,1,1,0,ip-172-31-17-37,linux,0,13.2841,75.28,Signature,True,2025-11-21T22:16:27.134902,,1459
OV-V-pkc,sign,1024,1,3.46,1,1,0,ip-172-31-17-37,linux,0,13.339,74.97,Signature,True,2025-11-21T22:16:27.148484,,1460
OV-V-pkc,sign,1024,16,3.46,1,1,0,ip-172-31-17-37,linux,0,13.2967,75.21,Signature,True,2025-11-21T22:16:27.162010,,1461
OV-V-pkc,sign,1024,16,3.46,1,1,0,ip-172-31-17-37,linux,0,13.344,74.94,Signature,True,2025-11-21T22:16:27.175609,,1462
OV-V-pkc,sign,1024,16,3.46,1,1,0,ip-172-31-17-37,linux,0,13.3128,75.12,Signature,True,2025-11-21T22:16:27.189147,,1463
OV-V-pkc,sign,1024,16,3.46,1,1,0,ip-172-31-17-37,linux,0,13.6147,73.45,Signature,True,2025-11-21T22:16:27.202998,,1464
OV-V-pkc,sign,1024,16,3.46,1,1,0,ip-172-31-17-37,linux,0,13.1726,75.92,Signature,True,2025-11-21T22:16:27.216395,,1465
OV-V-pkc,sign,1024,64,3.46,1,1,0,ip-172-31-17-37,linux,0,13.2827,75.29,Signature,True,2025-11-21T22:16:27.229910,,1466
OV-V-pkc,sign,1024,64,3.46,1,1,0,ip-172-31-17-37,linux,0,13.084,76.43,Signature,True,2025-11-21T22:16:27.243218,,1467
OV-V-pkc,sign,1024,64,3.46,1,1,0,ip-172-31-17-37,linux,0,13.2744,75.33,Signature,True,2025-11-21T22:16:27.256752,,1468
OV-V-pkc,sign,1024,64,3.46,1,1,0,ip-172-31-17-37,linux,0,13.4349,74.43,Signature,True,2025-11-21T22:16:27.270423,,1469
OV-V-pkc,sign,1024,64,3.46,1,1,0,ip-172-31-17-37,linux,0,13.3323,75.01,Signature,True,2025-11-21T22:16:27.283996,,1470
OV-V-pkc,verify,0,1,3.46,1,1,0,ip-172-31-17-37,linux,0,13.3543,74.88,Signature,True,2025-11-21T22:16:27.297617,,1471
OV-V-pkc,verify,0,1,3.46,1,1,0,ip-172-31-17-37,linux,0,13.3308,75.01,Signature,True,2025-11-21T22:16:27.311186,,1472
OV-V-pkc,verify,0,1,3.46,1,1,0,ip-172-31-17-37,linux,0,13.2365,75.55,Signature,True,2025-11-21T22:16:27.324675,,1473
OV-V-pkc,verify,0,1,3.46,1,1,0,ip-172-31-17-37,linux,0,13.1935,75.8,Signature,True,2025-11-21T22:16:27.338102,,1474
OV-V-pkc,verify,0,1,3.46,1,1,0,ip-172-31-17-37,linux,0,13.3161,75.1,Signature,True,2025-11-21T22:16:27.351672,,1475
OV-V-pkc,verify,0,16,3.46,1,1,0,ip-172-31-17-37,linux,0,13.3771,74.75,Signature,True,2025-11-21T22:16:27.365298,,1476
OV-V-pkc,verify,0,16,3.46,1,1,0,ip-172-31-17-37,linux,0,13.5408,73.85,Signature,True,2025-11-21T22:16:27.379099,,1477
OV-V-pkc,verify,0,16,3.46,1,1,0,ip-172-31-17-37,linux,0,13.3589,74.86,Signature,True,2025-11-21T22:16:27.392755,,1478
OV-V-pkc,verify,0,16,3.46,1,1,0,ip-172-31-17-37,linux,0,13.4037,74.61,Signature,True,2025-11-21T22:16:27.406430,,1479
OV-V-pkc,verify,0,16,3.46,1,1,0,ip-172-31-17-37,linux,0,13.4562,74.32,Signature,True,2025-11-21T22:16:27.420150,,1480
OV-V-pkc,verify,0,64,3.46,1,1,0,ip-172-31-17-37,linux,0,13.2909,75.24,Signature,True,2025-11-21T22:16:27.433714,,1481
OV-V-pkc,verify,0,64,3.46,1,1,0,ip-172-31-17-37,linux,0,13.4653,74.27,Signature,True,2025-11-21T22:16:27.447449,,1482
OV-V-pkc,verify,0,64,3.46,1,1,0,ip-172-31-17-37,linux,0,13.3938,74.66,Signature,True,2025-11-21T22:16:27.461095,,1483
OV-V-pkc,verify,0,64,3.46,1,1,0,ip-172-31-17-37,linux,0,13.304,75.17,Signature,True,2025-11-21T22:16:27.474685,,1484
OV-V-pkc,verify,0,64,3.46,1,1,0,ip-172-31-17-37,linux,0,13.3055,75.16,Signature,True,2025-11-21T22:16:27.488231,,1485
OV-V-pkc,verify,1024,1,3.46,1,1,0,ip-172-31-17-37,linux,0,13.2246,75.62,Signature,True,2025-11-21T22:16:27.501732,,1486
OV-V-pkc,verify,1024,1,3.46,1,1,0,ip-172-31-17-37,linux,0,13.1622,75.98,Signature,True,2025-11-21T22:16:27.515127,,1487
OV-V-pkc,verify,1024,1,3.46,1,1,0,ip-172-31-17-37,linux,0,13.146,76.07,Signature,True,2025-11-21T22:16:27.528506,,1488
OV-V-pkc,verify,1024,1,3.46,1,1,0,ip-172-31-17-37,linux,0,13.2971,75.2,Signature,True,2025-11-21T22:16:27.542025,,1489
OV-V-pkc,verify,1024,1,3.46,1,1,0,ip-172-31-17-37,linux,0,13.263,75.4,Signature,True,2025-11-21T22:16:27.555521,,1490
OV-V-pkc,verify,1024,16,3.46,1,1,0,ip-172-31-17-37,linux,0,13.2541,75.45,Signature,True,2025-11-21T22:16:27.569002,,1491
OV-V-pkc,verify,1024,16,3.46,1,1,0,ip-172-31-17-37,linux,0,13.2553,75.44,Signature,True,2025-11-21T22:16:27.582499,,1492
OV-V-pkc,verify,1024,16,3.46,1,1,0,ip-172-31-17-37,linux,0,13.2669,75.38,Signature,True,2025-11-21T22:16:27.595989,,1493
OV-V-pkc,verify,1024,16,3.46,1,1,0,ip-172-31-17-37,linux,0,13.2002,75.76,Signature,True,2025-11-21T22:16:27.609452,,1494
OV-V-pkc,verify,1024,16,3.46,1,1,0,ip-172-31-17-37,linux,0,13.2506,75.47,Signature,True,2025-11-21T22:16:27.622924,,1495
OV-V-pkc,verify,1024,64,3.46,1,1,0,ip-172-31-17-37,linux,0,13.2499,75.47,Signature,True,2025-11-21T22:16:27.636408,,1496
OV-V-pkc,verify,1024,64,3.46,1,1,0,ip-172-31-17-37,linux,0,13.3284,75.03,Signature,True,2025-11-21T22:16:27.649965,,1497
OV-V-pkc,verify,1024,64,3.46,1,1,0,ip-172-31-17-37,linux,0,13.4264,74.48,Signature,True,2025-11-21T22:16:27.663668,,1498
OV-V-pkc,verify,1024,64,3.46,1,1,0,ip-172-31-17-37,linux,0,13.3054,75.16,Signature,True,2025-11-21T22:16:27.677212,,1499
OV-V-pkc,verify,1024,64,3.46,1,1,0,ip-172-31-17-37,linux,0,13.3696,74.8,Signature,True,2025-11-21T22:16:27.690831,,1500
OV-V-pkc-skc,sign,0,1,3.46,1,1,0,ip-172-31-17-37,linux,0,18.2258,54.87,Signature,True,2025-11-21T22:16:27.709122,,1501
OV-V-pkc-skc,sign,0,1,3.46,1,1,0,ip-172-31-17-37,linux,0,16.7695,59.63,Signature,True,2025-11-21T22:16:27.725939,,1502
OV-V-pkc-skc,sign,0,1,3.46,1,1,0,ip-172-31-17-37,linux,0,16.7698,59.63,Signature,True,2025-11-21T22:16:27.742752,,1503
OV-V-pkc-skc,sign,0,1,3.46,1,1,0,ip-172-31-17-37,linux,0,16.7204,59.81,Signature,True,2025-11-21T22:16:27.759514,,1504
OV-V-pkc-skc,sign,0,1,3.46,1,1,0,ip-172-31-17-37,linux,0,16.7471,59.71,Signature,True,2025-11-21T22:16:27.776301,,1505
OV-V-pkc-skc,sign,0,16,3.46,1,1,0,ip-172-31-17-37,linux,0,16.759,59.67,Signature,True,2025-11-21T22:16:27.793100,,1506
OV-V-pkc-skc,sign,0,16,3.46,1,1,0,ip-172-31-17-37,linux,0,16.7356,59.75,Signature,True,2025-11-21T22:16:27.809874,,1507
OV-V-pkc-skc,sign,0,16,3.46,1,1,0,ip-172-31-17-37,linux,0,19.105,52.34,Signature,True,2025-11-21T22:16:27.829020,,1508
OV-V-pkc-skc,sign,0,16,3.46,1,1,0,ip-172-31-17-37,linux,0,16.812,59.48,Signature,True,2025-11-21T22:16:27.845881,,1509
OV-V-pkc-skc,sign,0,16,3.46,1,1,0,ip-172-31-17-37,linux,0,16.7848,59.58,Signature,True,2025-11-21T22:16:27.862719,,1510
OV-V-pkc-skc,sign,0,64,3.46,1,1,0,ip-172-31-17-37,linux,0,16.7723,59.62,Signature,True,2025-11-21T22:16:27.879540,,1511
OV-V-pkc-skc,sign,0,64,3.46,1,1,0,ip-172-31-17-37,linux,0,16.7271,59.78,Signature,True,2025-11-21T22:16:27.896330,,1512
OV-V-pkc-skc,sign,0,64,3.46,1,1,0,ip-172-31-17-37,linux,0,16.8684,59.28,Signature,True,2025-11-21T22:16:27.913240,,1513
OV-V-pkc-skc,sign,0,64,3.46,1,1,0,ip-172-31-17-37,linux,0,16.8455,59.36,Signature,True,2025-11-21T22:16:27.930131,,1514
OV-V-pkc-skc,sign,0,64,3.46,1,1,0,ip-172-31-17-37,linux,0,16.8038,59.51,Signature,True,2025-11-21T22:16:27.946997,,1515
OV-V-pkc-skc,sign,1024,1,3.46,1,1,0,ip-172-31-17-37,linux,0,16.8153,59.47,Signature,True,2025-11-21T22:16:27.963873,,1516
OV-V-pkc-skc,sign,1024,1,3.46,1,1,0,ip-172-31-17-37,linux,0,16.8086,59.49,Signature,True,2025-11-21T22:16:27.980740,,1517
OV-V-pkc-skc,sign,1024,1,3.46,1,1,0,ip-172-31-17-37,linux,0,16.7703,59.63,Signature,True,2025-11-21T22:16:27.997565,,1518
OV-V-pkc-skc,sign,1024,1,3.46,1,1,0,ip-172-31-17-37,linux,0,16.7407,59.73,Signature,True,2025-11-21T22:16:28.014371,,1519
OV-V-pkc-skc,sign,1024,1,3.46,1,1,0,ip-172-31-17-37,linux,0,16.7884,59.56,Signature,True,2025-11-21T22:16:28.031219,,1520
OV-V-pkc-skc,sign,1024,16,3.46,1,1,0,ip-172-31-17-37,linux,0,16.8188,59.46,Signature,True,2025-11-21T22:16:28.048094,,1521
OV-V-pkc-skc,sign,1024,16,3.46,1,1,0,ip-172-31-17-37,linux,0,16.7627,59.66,Signature,True,2025-11-21T22:16:28.064911,,1522
OV-V-pkc-skc,sign,1024,16,3.46,1,1,0,ip-172-31-17-37,linux,0,16.7559,59.68,Signature,True,2025-11-21T22:16:28.081714,,1523
OV-V-pkc-skc,sign,1024,16,3.46,1,1,0,ip-172-31-17-37,linux,0,16.8011,59.52,Signature,True,2025-11-21T22:16:28.098556,,1524
OV-V-pkc-skc,sign,1024,16,3.46,1,1,0,ip-172-31-17-37,linux,0,16.7843,59.58,Signature,True,2025-11-21T22:16:28.115395,,1525
OV-V-pkc-skc,sign,1024,64,3.46,1,1,0,ip-172-31-17-37,linux,0,16.7591,59.67,Signature,True,2025-11-21T22:16:28.132199,,1526
OV-V-pkc-skc,sign,1024,64,3.46,1,1,0,ip-172-31-17-37,linux,0,16.7461,59.72,Signature,True,2025-11-21T22:16:28.148987,,1527
OV-V-pkc-skc,sign,1024,64,3.46,1,1,0,ip-172-31-17-37,linux,0,16.7612,59.66,Signature,True,2025-11-21T22:16:28.165790,,1528
OV-V-pkc-skc,sign,1024,64,3.46,1,1,0,ip-172-31-17-37,linux,0,16.7718,59.62,Signature,True,2025-11-21T22:16:28.182603,,1529
OV-V-pkc-skc,sign,1024,64,3.46,1,1,0,ip-172-31-17-37,linux,0,16.8319,59.41,Signature,True,2025-11-21T22:16:28.199477,,1530
OV-V-pkc-skc,verify,0,1,3.46,1,1,0,ip-172-31-17-37,linux,0,16.7476,59.71,Signature,True,2025-11-21T22:16:28.216274,,1531
OV-V-pkc-skc,verify,0,1,3.46,1,1,0,ip-172-31-17-37,linux,0,16.7667,59.64,Signature,True,2025-11-21T22:16:28.233082,,1532
OV-V-pkc-skc,verify,0,1,3.46,1,1,0,ip-172-31-17-37,linux,0,16.761,59.66,Signature,True,2025-11-21T22:16:28.249885,,1533
OV-V-pkc-skc,verify,0,1,3.46,1,1,0,ip-172-31-17-37,linux,0,16.7676,59.64,Signature,True,2025-11-21T22:16:28.266695,,1534
OV-V-pkc-skc,verify,0,1,3.46,1,1,0,ip-172-31-17-37,linux,0,16.7239,59.79,Signature,True,2025-11-21T22:16:28.283460,,1535
OV-V-pkc-skc,verify,0,16,3.46,1,1,0,ip-172-31-17-37,linux,0,16.7742,59.62,Signature,True,2025-11-21T22:16:28.300278,,1536
OV-V-pkc-skc,verify,0,16,3.46,1,1,0,ip-172-31-17-37,linux,0,16.7558,59.68,Signature,True,2025-11-21T22:16:28.317075,,1537
OV-V-pkc-skc,verify,0,16,3.46,1,1,0,ip-172-31-17-37,linux,0,16.7777,59.6,Signature,True,2025-11-21T22:16:28.333897,,1538
OV-V-pkc-skc,verify,0,16,3.46,1,1,0,ip-172-31-17-37,linux,0,16.7598,59.67,Signature,True,2025-11-21T22:16:28.350702,,1539
OV-V-pkc-skc,verify,0,16,3.46,1,1,0,ip-172-31-17-37,linux,0,16.7536,59.69,Signature,True,2025-11-21T22:16:28.367500,,1540
OV-V-pkc-skc,verify,0,64,3.46,1,1,0,ip-172-31-17-37,linux,0,16.7616,59.66,Signature,True,2025-11-21T22:16:28.384308,,1541
OV-V-pkc-skc,verify,0,64,3.46,1,1,0,ip-172-31-17-37,linux,0,16.7424,59.73,Signature,True,2025-11-21T22:16:28.401094,,1542
OV-V-pkc-skc,verify,0,64,3.46,1,1,0,ip-172-31-17-37,linux,0,16.7503,59.7,Signature,True,2025-11-21T22:16:28.417886,,1543
OV-V-pkc-skc,verify,0,64,3.46,1,1,0,ip-172-31-17-37,linux,0,16.7551,59.68,Signature,True,2025-11-21T22:16:28.434681,,1544
OV-V-pkc-skc,verify,0,64,3.46,1,1,0,ip-172-31-17-37,linux,0,16.7323,59.76,Signature,True,2025-11-21T22:16:28.451453,,1545
OV-V-pkc-skc,verify,1024,1,3.46,1,1,0,ip-172-31-17-37,linux,0,16.7419,59.73,Signature,True,2025-11-21T22:16:28.468236,,1546
OV-V-pkc-skc,verify,1024,1,3.46,1,1,0,ip-172-31-17-37,linux,0,16.7755,59.61,Signature,True,2025-11-21T22:16:28.485053,,1547
OV-V-pkc-skc,verify,1024,1,3.46,1,1,0,ip-172-31-17-37,linux,0,16.785,59.58,Signature,True,2025-11-21T22:16:28.501879,,1548
OV-V-pkc-skc,verify,1024,1,3.46,1,1,0,ip-172-31-17-37,linux,0,16.7604,59.66,Signature,True,2025-11-21T22:16:28.518680,,1549
OV-V-pkc-skc,verify,1024,1,3.46,1,1,0,ip-172-31-17-37,linux,0,16.7309,59.77,Signature,True,2025-11-21T22:16:28.535450,,1550
OV-V-pkc-skc,verify,1024,16,3.46,1,1,0,ip-172-31-17-37,linux,0,16.741,59.73,Signature,True,2025-11-21T22:16:28.552232,,1551
OV-V-pkc-skc,verify,1024,16,3.46,1,1,0,ip-172-31-17-37,linux,0,16.7532,59.69,Signature,True,2025-11-21T22:16:28.569024,,1552
OV-V-pkc-skc,verify,1024,16,3.46,1,1,0,ip-172-31-17-37,linux,0,16.7587,59.67,Signature,True,2025-11-21T22:16:28.585822,,1553
OV-V-pkc-skc,verify,1024,16,3.46,1,1,0,ip-172-31-17-37,linux,0,16.7632,59.65,Signature,True,2025-11-21T22:16:28.602623,,1554
OV-V-pkc-skc,verify,1024,16,3.46,1,1,0,ip-172-31-17-37,linux,0,16.7401,59.74,Signature,True,2025-11-21T22:16:28.619401,,1555
OV-V-pkc-skc,verify,1024,64,3.46,1,1,0,ip-172-31-17-37,linux,0,16.7402,59.74,Signature,True,2025-11-21T22:16:28.636181,,1556
OV-V-pkc-skc,verify,1024,64,3.46,1,1,0,ip-172-31-17-37,linux,0,16.7502,59.7,Signature,True,2025-11-21T22:16:28.652970,,1557
OV-V-pkc-skc,verify,1024,64,3.46,1,1,0,ip-172-31-17-37,linux,0,16.8359,59.4,Signature,True,2025-11-21T22:16:28.669850,,1558
OV-V-pkc-skc,verify,1024,64,3.46,1,1,0,ip-172-31-17-37,linux,0,16.8407,59.38,Signature,True,2025-11-21T22:16:28.686757,,1559
OV-V-pkc-skc,verify,1024,64,3.46,1,1,0,ip-172-31-17-37,linux,0,16.7928,59.55,Signature,True,2025-11-21T22:16:28.703646,,1560
SPHINCS+-SHA2-128f-simple,sign,0,1,3.46,1,1,0,ip-172-31-17-37,linux,0,9.3376,107.09,Signature,True,2025-11-21T22:16:28.713041,,1561
SPHINCS+-SHA2-128f-simple,sign,0,1,3.46,1,1,0,ip-172-31-17-37,linux,0,9.055,110.44,Signature,True,2025-11-21T22:16:28.722136,,1562
SPHINCS+-SHA2-128f-simple,sign,0,1,3.46,1,1,0,ip-172-31-17-37,linux,0,9.2701,107.87,Signature,True,2025-11-21T22:16:28.731435,,1563
SPHINCS+-SHA2-128f-simple,sign,0,1,3.46,1,1,0,ip-172-31-17-37,linux,0,9.0498,110.5,Signature,True,2025-11-21T22:16:28.740513,,1564
SPHINCS+-SHA2-128f-simple,sign,0,1,3.46,1,1,0,ip-172-31-17-37,linux,0,9.3867,106.53,Signature,True,2025-11-21T22:16:28.749926,,1565
SPHINCS+-SHA2-128f-simple,sign,0,16,3.46,1,1,0,ip-172-31-17-37,linux,0,9.0809,110.12,Signature,True,2025-11-21T22:16:28.759034,,1566
SPHINCS+-SHA2-128f-simple,sign,0,16,3.46,1,1,0,ip-172-31-17-37,linux,0,9.4427,105.9,Signature,True,2025-11-21T22:16:28.768504,,1567
SPHINCS+-SHA2-128f-simple,sign,0,16,3.46,1,1,0,ip-172-31-17-37,linux,0,9.0792,110.14,Signature,True,2025-11-21T22:16:28.777609,,1568
SPHINCS+-SHA2-128f-simple,sign,0,16,3.46,1,1,0,ip-172-31-17-37,linux,0,9.0805,110.13,Signature,True,2025-11-21T22:16:28.786715,,1569
SPHINCS+-SHA2-128f-simple,sign,0,16,3.46,1,1,0,ip-172-31-17-37,linux,0,9.3877,106.52,Signature,True,2025-11-21T22:16:28.796129,,1570
SPHINCS+-SHA2-128f-simple,sign,0,64,3.46,1,1,0,ip-172-31-17-37,linux,0,9.3904,106.49,Signature,True,2025-11-21T22:16:28.805546,,1571
SPHINCS+-SHA2-128f-simple,sign,0,64,3.46,1,1,0,ip-172-31-17-37,linux,0,9.085,110.07,Signature,True,2025-11-21T22:16:28.814658,,1572
SPHINCS+-SHA2-128f-simple,sign,0,64,3.46,1,1,0,ip-172-31-17-37,linux,0,9.3852,106.55,Signature,True,2025-11-21T22:16:28.824069,,1573
SPHINCS+-SHA2-128f-simple,sign,0,64,3.46,1,1,0,ip-172-31-17-37,linux,0,9.0908,110.0,Signature,True,2025-11-21T22:16:28.833187,,1574
SPHINCS+-SHA2-128f-simple,sign,0,64,3.46,1,1,0,ip-172-31-17-37,linux,0,9.0679,110.28,Signature,True,2025-11-21T22:16:28.842280,,1575
SPHINCS+-SHA2-128f-simple,sign,1024,1,3.46,1,1,0,ip-172-31-17-37,linux,0,9.0976,109.92,Signature,True,2025-11-21T22:16:28.851406,,1576
SPHINCS+-SHA2-128f-simple,sign,1024,1,3.46,1,1,0,ip-172-31-17-37,linux,0,9.0708,110.24,Signature,True,2025-11-21T22:16:28.860502,,1577
SPHINCS+-SHA2-128f-simple,sign,1024,1,3.46,1,1,0,ip-172-31-17-37,linux,0,9.0863,110.06,Signature,True,2025-11-21T22:16:28.869615,,1578
SPHINCS+-SHA2-128f-simple,sign,1024,1,3.46,1,1,0,ip-172-31-17-37,linux,0,9.4567,105.75,Signature,True,2025-11-21T22:16:28.879098,,1579
SPHINCS+-SHA2-128f-simple,sign,1024,1,3.46,1,1,0,ip-172-31-17-37,linux,0,9.0689,110.27,Signature,True,2025-11-21T22:16:28.888193,,1580
SPHINCS+-SHA2-128f-simple,sign,1024,16,3.46,1,1,0,ip-172-31-17-37,linux,0,9.0594,110.38,Signature,True,2025-11-21T22:16:28.897278,,1581
SPHINCS+-SHA2-128f-simple,sign,1024,16,3.46,1,1,0,ip-172-31-17-37,linux,0,9.408,106.29,Signature,True,2025-11-21T22:16:28.906712,,1582
SPHINCS+-SHA2-128f-simple,sign,1024,16,3.46,1,1,0,ip-172-31-17-37,linux,0,9.0837,110.09,Signature,True,2025-11-21T22:16:28.915822,,1583
SPHINCS+-SHA2-128f-simple,sign,1024,16,3.46,1,1,0,ip-172-31-17-37,linux,0,9.1076,109.8,Signature,True,2025-11-21T22:16:28.924956,,1584
SPHINCS+-SHA2-128f-simple,sign,1024,16,3.46,1,1,0,ip-172-31-17-37,linux,0,9.1034,109.85,Signature,True,2025-11-21T22:16:28.934088,,1585
SPHINCS+-SHA2-128f-simple,sign,1024,64,3.46,1,1,0,ip-172-31-17-37,linux,0,9.4371,105.97,Signature,True,2025-11-21T22:16:28.943552,,1586
SPHINCS+-SHA2-128f-simple,sign,1024,64,3.46,1,1,0,ip-172-31-17-37,linux,0,9.4431,105.9,Signature,True,2025-11-21T22:16:28.953041,,1587
SPHINCS+-SHA2-128f-simple,sign,1024,64,3.46,1,1,0,ip-172-31-17-37,linux,0,9.0732,110.21,Signature,True,2025-11-21T22:16:28.962141,,1588
SPHINCS+-SHA2-128f-simple,sign,1024,64,3.46,1,1,0,ip-172-31-17-37,linux,0,9.0726,110.22,Signature,True,2025-11-21T22:16:28.971240,,1589
SPHINCS+-SHA2-128f-simple,sign,1024,64,3.46,1,1,0,ip-172-31-17-37,linux,0,9.0819,110.11,Signature,True,2025-11-21T22:16:28.980348,,1590
SPHINCS+-SHA2-128f-simple,verify,0,1,3.46,1,1,0,ip-172-31-17-37,linux,0,9.2249,108.4,Signature,True,2025-11-21T22:16:28.989610,,1591
SPHINCS+-SHA2-128f-simple,verify,0,1,3.46,1,1,0,ip-172-31-17-37,linux,0,9.0704,110.25,Signature,True,2025-11-21T22:16:28.998707,,1592
SPHINCS+-SHA2-128f-simple,verify,0,1,3.46,1,1,0,ip-172-31-17-37,linux,0,9.2324,108.31,Signature,True,2025-11-21T22:16:29.007966,,1593
SPHINCS+-SHA2-128f-simple,verify,0,1,3.46,1,1,0,ip-172-31-17-37,linux,0,9.0628,110.34,Signature,True,2025-11-21T22:16:29.017055,,1594
SPHINCS+-SHA2-128f-simple,verify,0,1,3.46,1,1,0,ip-172-31-17-37,linux,0,9.5811,104.37,Signature,True,2025-11-21T22:16:29.026663,,1595
SPHINCS+-SHA2-128f-simple,verify,0,16,3.46,1,1,0,ip-172-31-17-37,linux,0,9.0705,110.25,Signature,True,2025-11-21T22:16:29.035760,,1596
SPHINCS+-SHA2-128f-simple,verify,0,16,3.46,1,1,0,ip-172-31-17-37,linux,0,9.0616,110.36,Signature,True,2025-11-21T22:16:29.044847,,1597
SPHINCS+-SHA2-128f-simple,verify,0,16,3.46,1,1,0,ip-172-31-17-37,linux,0,9.2837,107.72,Signature,True,2025-11-21T22:16:29.054156,,1598
SPHINCS+-SHA2-128f-simple,verify,0,16,3.46,1,1,0,ip-172-31-17-37,linux,0,9.3745,106.67,Signature,True,2025-11-21T22:16:29.063556,,1599
SPHINCS+-SHA2-128f-simple,verify,0,16,3.46,1,1,0,ip-172-31-17-37,linux,0,9.2101,108.58,Signature,True,2025-11-21T22:16:29.072815,,1600
SPHINCS+-SHA2-128f-simple,verify,0,64,3.46,1,1,0,ip-172-31-17-37,linux,0,9.3555,106.89,Signature,True,2025-11-21T22:16:29.082211,,1601
SPHINCS+-SHA2-128f-simple,verify,0,64,3.46,1,1,0,ip-172-31-17-37,linux,0,9.0752,110.19,Signature,True,2025-11-21T22:16:29.091313,,1602
SPHINCS+-SHA2-128f-simple,verify,0,64,3.46,1,1,0,ip-172-31-17-37,linux,0,9.0711,110.24,Signature,True,2025-11-21T22:16:29.100410,,1603
SPHINCS+-SHA2-128f-simple,verify,0,64,3.46,1,1,0,ip-172-31-17-37,linux,0,9.0681,110.28,Signature,True,2025-11-21T22:16:29.109505,,1604
SPHINCS+-SHA2-128f-simple,verify,0,64,3.46,1,1,0,ip-172-31-17-37,linux,0,9.1031,109.85,Signature,True,2025-11-21T22:16:29.118636,,1605
SPHINCS+-SHA2-128f-simple,verify,1024,1,3.46,1,1,0,ip-172-31-17-37,linux,0,9.0978,109.92,Signature,True,2025-11-21T22:16:29.127762,,1606
SPHINCS+-SHA2-128f-simple,verify,1024,1,3.46,1,1,0,ip-172-31-17-37,linux,0,9.1237,109.6,Signature,True,2025-11-21T22:16:29.136914,,1607
SPHINCS+-SHA2-128f-simple,verify,1024,1,3.46,1,1,0,ip-172-31-17-37,linux,0,9.359,106.85,Signature,True,2025-11-21T22:16:29.146304,,1608
SPHINCS+-SHA2-128f-simple,verify,1024,1,3.46,1,1,0,ip-172-31-17-37,linux,0,9.4547,105.77,Signature,True,2025-11-21T22:16:29.155785,,1609
SPHINCS+-SHA2-128f-simple,verify,1024,1,3.46,1,1,0,ip-172-31-17-37,linux,0,9.2994,107.53,Signature,True,2025-11-21T22:16:29.165110,,1610
SPHINCS+-SHA2-128f-simple,verify,1024,16,3.46,1,1,0,ip-172-31-17-37,linux,0,9.2152,108.52,Signature,True,2025-11-21T22:16:29.174352,,1611
SPHINCS+-SHA2-128f-simple,verify,1024,16,3.46,1,1,0,ip-172-31-17-37,linux,0,9.0722,110.23,Signature,True,2025-11-21T22:16:29.183451,,1612
SPHINCS+-SHA2-128f-simple,verify,1024,16,3.46,1,1,0,ip-172-31-17-37,linux,0,9.4413,105.92,Signature,True,2025-11-21T22:16:29.192919,,1613
SPHINCS+-SHA2-128f-simple,verify,1024,16,3.46,1,1,0,ip-172-31-17-37,linux,0,9.4089,106.28,Signature,True,2025-11-21T22:16:29.202356,,1614
SPHINCS+-SHA2-128f-simple,verify,1024,16,3.46,1,1,0,ip-172-31-17-37,linux,0,9.0589,110.39,Signature,True,2025-11-21T22:16:29.211441,,1615
SPHINCS+-SHA2-128f-simple,verify,1024,64,3.46,1,1,0,ip-172-31-17-37,linux,0,9.0682,110.28,Signature,True,2025-11-21T22:16:29.220535,,1616
SPHINCS+-SHA2-128f-simple,verify,1024,64,3.46,1,1,0,ip-172-31-17-37,linux,0,9.4563,105.75,Signature,True,2025-11-21T22:16:29.230018,,1617
SPHINCS+-SHA2-128f-simple,verify,1024,64,3.46,1,1,0,ip-172-31-17-37,linux,0,9.0717,110.23,Signature,True,2025-11-21T22:16:29.239117,,1618
SPHINCS+-SHA2-128f-simple,verify,1024,64,3.46,1,1,0,ip-172-31-17-37,linux,0,9.363,106.8,Signature,True,2025-11-21T22:16:29.248507,,1619
SPHINCS+-SHA2-128f-simple,verify,1024,64,3.46,1,1,0,ip-172-31-17-37,linux,0,9.0956,109.94,Signature,True,2025-11-21T22:16:29.257663,,1620
SPHINCS+-SHA2-128s-simple,sign,0,1,3.46,1,1,0,ip-172-31-17-37,linux,0,185.6582,5.39,Signature,True,2025-11-21T22:16:29.443369,,1621
SPHINCS+-SHA2-128s-simple,sign,0,1,3.46,1,1,0,ip-172-31-17-37,linux,0,185.4353,5.39,Signature,True,2025-11-21T22:16:29.628871,,1622
SPHINCS+-SHA2-128s-simple,sign,0,1,3.46,1,1,0,ip-172-31-17-37,linux,0,185.343,5.4,Signature,True,2025-11-21T22:16:29.814275,,1623
SPHINCS+-SHA2-128s-simple,sign,0,1,3.46,1,1,0,ip-172-31-17-37,linux,0,185.3585,5.39,Signature,True,2025-11-21T22:16:29.999690,,1624
SPHINCS+-SHA2-128s-simple,sign,0,1,3.46,1,1,0,ip-172-31-17-37,linux,0,185.4697,5.39,Signature,True,2025-11-21T22:16:30.185210,,1625
SPHINCS+-SHA2-128s-simple,sign,0,16,3.46,1,1,0,ip-172-31-17-37,linux,0,185.5531,5.39,Signature,True,2025-11-21T22:16:30.370826,,1626
SPHINCS+-SHA2-128s-simple,sign,0,16,3.46,1,1,0,ip-172-31-17-37,linux,0,185.3482,5.4,Signature,True,2025-11-21T22:16:30.556232,,1627
SPHINCS+-SHA2-128s-simple,sign,0,16,3.46,1,1,0,ip-172-31-17-37,linux,0,185.2935,5.4,Signature,True,2025-11-21T22:16:30.741588,,1628
SPHINCS+-SHA2-128s-simple,sign,0,16,3.46,1,1,0,ip-172-31-17-37,linux,0,185.3997,5.39,Signature,True,2025-11-21T22:16:30.927039,,1629
SPHINCS+-SHA2-128s-simple,sign,0,16,3.46,1,1,0,ip-172-31-17-37,linux,0,185.4605,5.39,Signature,True,2025-11-21T22:16:31.112550,,1630
SPHINCS+-SHA2-128s-simple,sign,0,64,3.46,1,1,0,ip-172-31-17-37,linux,0,185.484,5.39,Signature,True,2025-11-21T22:16:31.298104,,1631
SPHINCS+-SHA2-128s-simple,sign,0,64,3.46,1,1,0,ip-172-31-17-37,linux,0,185.3684,5.39,Signature,True,2025-11-21T22:16:31.483530,,1632
SPHINCS+-SHA2-128s-simple,sign,0,64,3.46,1,1,0,ip-172-31-17-37,linux,0,185.7605,5.38,Signature,True,2025-11-21T22:16:31.669341,,1633
SPHINCS+-SHA2-128s-simple,sign,0,64,3.46,1,1,0,ip-172-31-17-37,linux,0,185.6282,5.39,Signature,True,2025-11-21T22:16:31.855021,,1634
SPHINCS+-SHA2-128s-simple,sign,0,64,3.46,1,1,0,ip-172-31-17-37,linux,0,185.3294,5.4,Signature,True,2025-11-21T22:16:32.040398,,1635
SPHINCS+-SHA2-128s-simple,sign,1024,1,3.46,1,1,0,ip-172-31-17-37,linux,0,185.5133,5.39,Signature,True,2025-11-21T22:16:32.225962,,1636
SPHINCS+-SHA2-128s-simple,sign,1024,1,3.46,1,1,0,ip-172-31-17-37,linux,0,185.7399,5.38,Signature,True,2025-11-21T22:16:32.411760,,1637
SPHINCS+-SHA2-128s-simple,sign,1024,1,3.46,1,1,0,ip-172-31-17-37,linux,0,185.3362,5.4,Signature,True,2025-11-21T22:16:32.597147,,1638
SPHINCS+-SHA2-128s-simple,sign,1024,1,3.46,1,1,0,ip-172-31-17-37,linux,0,185.4013,5.39,Signature,True,2025-11-21T22:16:32.782597,,1639
SPHINCS+-SHA2-128s-simple,sign,1024,1,3.46,1,1,0,ip-172-31-17-37,linux,0,185.8098,5.38,Signature,True,2025-11-21T22:16:32.968455,,1640
SPHINCS+-SHA2-128s-simple,sign,1024,16,3.46,1,1,0,ip-172-31-17-37,linux,0,185.8429,5.38,Signature,True,2025-11-21T22:16:33.154357,,1641
SPHINCS+-SHA2-128s-simple,sign,1024,16,3.46,1,1,0,ip-172-31-17-37,linux,0,185.6068,5.39,Signature,True,2025-11-21T22:16:33.340033,,1642
SPHINCS+-SHA2-128s-simple,sign,1024,16,3.46,1,1,0,ip-172-31-17-37,linux,0,185.3811,5.39,Signature,True,2025-11-21T22:16:33.525475,,1643
SPHINCS+-SHA2-128s-simple,sign,1024,16,3.46,1,1,0,ip-172-31-17-37,linux,0,185.7868,5.38,Signature,True,2025-11-21T22:16:33.711320,,1644
SPHINCS+-SHA2-128s-simple,sign,1024,16,3.46,1,1,0,ip-172-31-17-37,linux,0,185.5349,5.39,Signature,True,2025-11-21T22:16:33.896909,,1645
SPHINCS+-SHA2-128s-simple,sign,1024,64,3.46,1,1,0,ip-172-31-17-37,linux,0,185.8541,5.38,Signature,True,2025-11-21T22:16:34.082812,,1646
SPHINCS+-SHA2-128s-simple,sign,1024,64,3.46,1,1,0,ip-172-31-17-37,linux,0,185.4509,5.39,Signature,True,2025-11-21T22:16:34.268315,,1647
SPHINCS+-SHA2-128s-simple,sign,1024,64,3.46,1,1,0,ip-172-31-17-37,linux,0,185.4596,5.39,Signature,True,2025-11-21T22:16:34.453832,,1648
SPHINCS+-SHA2-128s-simple,sign,1024,64,3.46,1,1,0,ip-172-31-17-37,linux,0,185.4053,5.39,Signature,True,2025-11-21T22:16:34.639294,,1649
SPHINCS+-SHA2-128s-simple,sign,1024,64,3.46,1,1,0,ip-172-31-17-37,linux,0,185.3731,5.39,Signature,True,2025-11-21T22:16:34.824717,,1650
SPHINCS+-SHA2-128s-simple,verify,0,1,3.46,1,1,0,ip-172-31-17-37,linux,0,185.4521,5.39,Signature,True,2025-11-21T22:16:35.010238,,1651
SPHINCS+-SHA2-128s-simple,verify,0,1,3.46,1,1,0,ip-172-31-17-37,linux,0,185.477,5.39,Signature,True,2025-11-21T22:16:35.195782,,1652
SPHINCS+-SHA2-128s-simple,verify,0,1,3.46,1,1,0,ip-172-31-17-37,linux,0,185.3796,5.39,Signature,True,2025-11-21T22:16:35.381223,,1653
SPHINCS+-SHA2-128s-simple,verify,0,1,3.46,1,1,0,ip-172-31-17-37,linux,0,185.3557,5.4,Signature,True,2025-11-21T22:16:35.566629,,1654
SPHINCS+-SHA2-128s-simple,verify,0,1,3.46,1,1,0,ip-172-31-17-37,linux,0,185.3966,5.39,Signature,True,2025-11-21T22:16:35.752074,,1655
SPHINCS+-SHA2-128s-simple,verify,0,16,3.46,1,1,0,ip-172-31-17-37,linux,0,185.3578,5.39,Signature,True,2025-11-21T22:16:35.937485,,1656
SPHINCS+-SHA2-128s-simple,verify,0,16,3.46,1,1,0,ip-172-31-17-37,linux,0,185.4568,5.39,Signature,True,2025-11-21T22:16:36.122991,,1657
SPHINCS+-SHA2-128s-simple,verify,0,16,3.46,1,1,0,ip-172-31-17-37,linux,0,185.488,5.39,Signature,True,2025-11-21T22:16:36.308534,,1658
SPHINCS+-SHA2-128s-simple,verify,0,16,3.46,1,1,0,ip-172-31-17-37,linux,0,185.3826,5.39,Signature,True,2025-11-21T22:16:36.493982,,1659
SPHINCS+-SHA2-128s-simple,verify,0,16,3.46,1,1,0,ip-172-31-17-37,linux,0,187.4258,5.34,Signature,True,2025-11-21T22:16:36.681463,,1660
SPHINCS+-SHA2-128s-simple,verify,0,64,3.46,1,1,0,ip-172-31-17-37,linux,0,185.7576,5.38,Signature,True,2025-11-21T22:16:36.867273,,1661
SPHINCS+-SHA2-128s-simple,verify,0,64,3.46,1,1,0,ip-172-31-17-37,linux,0,185.3761,5.39,Signature,True,2025-11-21T22:16:37.052704,,1662
SPHINCS+-SHA2-128s-simple,verify,0,64,3.46,1,1,0,ip-172-31-17-37,linux,0,185.4752,5.39,Signature,True,2025-11-21T22:16:37.238235,,1663
SPHINCS+-SHA2-128s-simple,verify,0,64,3.46,1,1,0,ip-172-31-17-37,linux,0,185.4767,5.39,Signature,True,2025-11-21T22:16:37.423777,,1664
SPHINCS+-SHA2-128s-simple,verify,0,64,3.46,1,1,0,ip-172-31-17-37,linux,0,185.3077,5.4,Signature,True,2025-11-21T22:16:37.609138,,1665
SPHINCS+-SHA2-128s-simple,verify,1024,1,3.46,1,1,0,ip-172-31-17-37,linux,0,185.4043,5.39,Signature,True,2025-11-21T22:16:37.794596,,1666
SPHINCS+-SHA2-128s-simple,verify,1024,1,3.46,1,1,0,ip-172-31-17-37,linux,0,185.3492,5.4,Signature,True,2025-11-21T22:16:37.979996,,1667
SPHINCS+-SHA2-128s-simple,verify,1024,1,3.46,1,1,0,ip-172-31-17-37,linux,0,185.421,5.39,Signature,True,2025-11-21T22:16:38.165469,,1668
SPHINCS+-SHA2-128s-simple,verify,1024,1,3.46,1,1,0,ip-172-31-17-37,linux,0,185.4743,5.39,Signature,True,2025-11-21T22:16:38.351001,,1669
SPHINCS+-SHA2-128s-simple,verify,1024,1,3.46,1,1,0,ip-172-31-17-37,linux,0,185.3575,5.39,Signature,True,2025-11-21T22:16:38.536410,,1670
SPHINCS+-SHA2-128s-simple,verify,1024,16,3.46,1,1,0,ip-172-31-17-37,linux,0,185.7789,5.38,Signature,True,2025-11-21T22:16:38.722242,,1671
SPHINCS+-SHA2-128s-simple,verify,1024,16,3.46,1,1,0,ip-172-31-17-37,linux,0,185.4968,5.39,Signature,True,2025-11-21T22:16:38.907790,,1672
SPHINCS+-SHA2-128s-simple,verify,1024,16,3.46,1,1,0,ip-172-31-17-37,linux,0,185.5529,5.39,Signature,True,2025-11-21T22:16:39.093399,,1673
SPHINCS+-SHA2-128s-simple,verify,1024,16,3.46,1,1,0,ip-172-31-17-37,linux,0,185.7311,5.38,Signature,True,2025-11-21T22:16:39.279181,,1674
SPHINCS+-SHA2-128s-simple,verify,1024,16,3.46,1,1,0,ip-172-31-17-37,linux,0,185.4092,5.39,Signature,True,2025-11-21T22:16:39.464652,,1675
SPHINCS+-SHA2-128s-simple,verify,1024,64,3.46,1,1,0,ip-172-31-17-37,linux,0,186.4457,5.36,Signature,True,2025-11-21T22:16:39.651154,,1676
SPHINCS+-SHA2-128s-simple,verify,1024,64,3.46,1,1,0,ip-172-31-17-37,linux,0,185.7045,5.38,Signature,True,2025-11-21T22:16:39.836909,,1677
SPHINCS+-SHA2-128s-simple,verify,1024,64,3.46,1,1,0,ip-172-31-17-37,linux,0,185.5499,5.39,Signature,True,2025-11-21T22:16:40.022510,,1678
SPHINCS+-SHA2-128s-simple,verify,1024,64,3.46,1,1,0,ip-172-31-17-37,linux,0,185.6273,5.39,Signature,True,2025-11-21T22:16:40.208205,,1679
SPHINCS+-SHA2-128s-simple,verify,1024,64,3.46,1,1,0,ip-172-31-17-37,linux,0,185.9366,5.38,Signature,True,2025-11-21T22:16:40.394244,,1680
SPHINCS+-SHA2-192f-simple,sign,0,1,3.46,1,1,0,ip-172-31-17-37,linux,0,15.4793,64.6,Signature,True,2025-11-21T22:16:40.409798,,1681
SPHINCS+-SHA2-192f-simple,sign,0,1,3.46,1,1,0,ip-172-31-17-37,linux,0,15.338,65.2,Signature,True,2025-11-21T22:16:40.425184,,1682
SPHINCS+-SHA2-192f-simple,sign,0,1,3.46,1,1,0,ip-172-31-17-37,linux,0,15.5634,64.25,Signature,True,2025-11-21T22:16:40.440789,,1683
SPHINCS+-SHA2-192f-simple,sign,0,1,3.46,1,1,0,ip-172-31-17-37,linux,0,17.0441,58.67,Signature,True,2025-11-21T22:16:40.457870,,1684
SPHINCS+-SHA2-192f-simple,sign,0,1,3.46,1,1,0,ip-172-31-17-37,linux,0,15.5751,64.21,Signature,True,2025-11-21T22:16:40.473484,,1685
SPHINCS+-SHA2-192f-simple,sign,0,16,3.46,1,1,0,ip-172-31-17-37,linux,0,15.3147,65.3,Signature,True,2025-11-21T22:16:40.488838,,1686
SPHINCS+-SHA2-192f-simple,sign,0,16,3.46,1,1,0,ip-172-31-17-37,linux,0,15.3181,65.28,Signature,True,2025-11-21T22:16:40.504192,,1687
SPHINCS+-SHA2-192f-simple,sign,0,16,3.46,1,1,0,ip-172-31-17-37,linux,0,15.373,65.05,Signature,True,2025-11-21T22:16:40.519598,,1688
SPHINCS+-SHA2-192f-simple,sign,0,16,3.46,1,1,0,ip-172-31-17-37,linux,0,15.3771,65.03,Signature,True,2025-11-21T22:16:40.535009,,1689
SPHINCS+-SHA2-192f-simple,sign,0,16,3.46,1,1,0,ip-172-31-17-37,linux,0,15.3588,65.11,Signature,True,2025-11-21T22:16:40.550407,,1690
SPHINCS+-SHA2-192f-simple,sign,0,64,3.46,1,1,0,ip-172-31-17-37,linux,0,15.3456,65.17,Signature,True,2025-11-21T22:16:40.565790,,1691
SPHINCS+-SHA2-192f-simple,sign,0,64,3.46,1,1,0,ip-172-31-17-37,linux,0,15.3645,65.09,Signature,True,2025-11-21T22:16:40.581188,,1692
SPHINCS+-SHA2-192f-simple,sign,0,64,3.46,1,1,0,ip-172-31-17-37,linux,0,15.3968,64.95,Signature,True,2025-11-21T22:16:40.596619,,1693
SPHINCS+-SHA2-192f-simple,sign,0,64,3.46,1,1,0,ip-172-31-17-37,linux,0,15.3676,65.07,Signature,True,2025-11-21T22:16:40.612018,,1694
SPHINCS+-SHA2-192f-simple,sign,0,64,3.46,1,1,0,ip-172-31-17-37,linux,0,15.3366,65.2,Signature,True,2025-11-21T22:16:40.627388,,1695
SPHINCS+-SHA2-192f-simple,sign,1024,1,3.46,1,1,0,ip-172-31-17-37,linux,0,15.376,65.04,Signature,True,2025-11-21T22:16:40.642800,,1696
SPHINCS+-SHA2-192f-simple,sign,1024,1,3.46,1,1,0,ip-172-31-17-37,linux,0,15.3266,65.25,Signature,True,2025-11-21T22:16:40.658162,,1697
SPHINCS+-SHA2-192f-simple,sign,1024,1,3.46,1,1,0,ip-172-31-17-37,linux,0,15.3961,64.95,Signature,True,2025-11-21T22:16:40.673591,,1698
SPHINCS+-SHA2-192f-simple,sign,1024,1,3.46,1,1,0,ip-172-31-17-37,linux,0,15.3699,65.06,Signature,True,2025-11-21T22:16:40.688994,,1699
SPHINCS+-SHA2-192f-simple,sign,1024,1,3.46,1,1,0,ip-172-31-17-37,linux,0,15.751,63.49,Signature,True,2025-11-21T22:16:40.704778,,1700
SPHINCS+-SHA2-192f-simple,sign,1024,16,3.46,1,1,0,ip-172-31-17-37,linux,0,15.3443,65.17,Signature,True,2025-11-21T22:16:40.720155,,1701
SPHINCS+-SHA2-192f-simple,sign,1024,16,3.46,1,1,0,ip-172-31-17-37,linux,0,15.7938,63.32,Signature,True,2025-11-21T22:16:40.735983,,1702
SPHINCS+-SHA2-192f-simple,sign,1024,16,3.46,1,1,0,ip-172-31-17-37,linux,0,15.6504,63.9,Signature,True,2025-11-21T22:16:40.751665,,1703
SPHINCS+-SHA2-192f-simple,sign,1024,16,3.46,1,1,0,ip-172-31-17-37,linux,0,15.3456,65.17,Signature,True,2025-11-21T22:16:40.767044,,1704
SPHINCS+-SHA2-192f-simple,sign,1024,16,3.46,1,1,0,ip-172-31-17-37,linux,0,15.3783,65.03,Signature,True,2025-11-21T22:16:40.782456,,1705
SPHINCS+-SHA2-192f-simple,sign,1024,64,3.46,1,1,0,ip-172-31-17-37,linux,0,15.4061,64.91,Signature,True,2025-11-21T22:16:40.797897,,1706
SPHINCS+-SHA2-192f-simple,sign,1024,64,3.46,1,1,0,ip-172-31-17-37,linux,0,15.3733,65.05,Signature,True,2025-11-21T22:16:40.813304,,1707
SPHINCS+-SHA2-192f-simple,sign,1024,64,3.46,1,1,0,ip-172-31-17-37,linux,0,15.3249,65.25,Signature,True,2025-11-21T22:16:40.828659,,1708
SPHINCS+-SHA2-192f-simple,sign,1024,64,3.46,1,1,0,ip-172-31-17-37,linux,0,15.5197,64.43,Signature,True,2025-11-21T22:16:40.844210,,1709
SPHINCS+-SHA2-192f-simple,sign,1024,64,3.46,1,1,0,ip-172-31-17-37,linux,0,15.3473,65.16,Signature,True,2025-11-21T22:16:40.859593,,1710
SPHINCS+-SHA2-192f-simple,verify,0,1,3.46,1,1,0,ip-172-31-17-37,linux,0,15.36,65.1,Signature,True,2025-11-21T22:16:40.874996,,1711
SPHINCS+-SHA2-192f-simple,verify,0,1,3.46,1,1,0,ip-172-31-17-37,linux,0,15.3125,65.31,Signature,True,2025-11-21T22:16:40.890343,,1712
SPHINCS+-SHA2-192f-simple,verify,0,1,3.46,1,1,0,ip-172-31-17-37,linux,0,15.769,63.42,Signature,True,2025-11-21T22:16:40.906146,,1713
SPHINCS+-SHA2-192f-simple,verify,0,1,3.46,1,1,0,ip-172-31-17-37,linux,0,15.576,64.2,Signature,True,2025-11-21T22:16:40.921756,,1714
SPHINCS+-SHA2-192f-simple,verify,0,1,3.46,1,1,0,ip-172-31-17-37,linux,0,15.8104,63.25,Signature,True,2025-11-21T22:16:40.937600,,1715
SPHINCS+-SHA2-192f-simple,verify,0,16,3.46,1,1,0,ip-172-31-17-37,linux,0,15.3489,65.15,Signature,True,2025-11-21T22:16:40.952986,,1716
SPHINCS+-SHA2-192f-simple,verify,0,16,3.46,1,1,0,ip-172-31-17-37,linux,0,15.3843,65.0,Signature,True,2025-11-21T22:16:40.968404,,1717
SPHINCS+-SHA2-192f-simple,verify,0,16,3.46,1,1,0,ip-172-31-17-37,linux,0,15.3614,65.1,Signature,True,2025-11-21T22:16:40.983798,,1718
SPHINCS+-SHA2-192f-simple,verify,0,16,3.46,1,1,0,ip-172-31-17-37,linux,0,15.3206,65.27,Signature,True,2025-11-21T22:16:40.999153,,1719
SPHINCS+-SHA2-192f-simple,verify,0,16,3.46,1,1,0,ip-172-31-17-37,linux,0,15.779,63.38,Signature,True,2025-11-21T22:16:41.014965,,1720
SPHINCS+-SHA2-192f-simple,verify,0,64,3.46,1,1,0,ip-172-31-17-37,linux,0,15.4214,64.85,Signature,True,2025-11-21T22:16:41.030418,,1721
SPHINCS+-SHA2-192f-simple,verify,0,64,3.46,1,1,0,ip-172-31-17-37,linux,0,15.7405,63.53,Signature,True,2025-11-21T22:16:41.046193,,1722
SPHINCS+-SHA2-192f-simple,verify,0,64,3.46,1,1,0,ip-172-31-17-37,linux,0,15.3251,65.25,Signature,True,2025-11-21T22:16:41.061551,,1723
SPHINCS+-SHA2-192f-simple,verify,0,64,3.46,1,1,0,ip-172-31-17-37,linux,0,15.3577,65.11,Signature,True,2025-11-21T22:16:41.076951,,1724
SPHINCS+-SHA2-192f-simple,verify,0,64,3.46,1,1,0,ip-172-31-17-37,linux,0,15.3143,65.3,Signature,True,2025-11-21T22:16:41.092296,,1725
SPHINCS+-SHA2-192f-simple,verify,1024,1,3.46,1,1,0,ip-172-31-17-37,linux,0,15.384,65.0,Signature,True,2025-11-21T22:16:41.107714,,1726
SPHINCS+-SHA2-192f-simple,verify,1024,1,3.46,1,1,0,ip-172-31-17-37,linux,0,15.3464,65.16,Signature,True,2025-11-21T22:16:41.123100,,1727
SPHINCS+-SHA2-192f-simple,verify,1024,1,3.46,1,1,0,ip-172-31-17-37,linux,0,15.3754,65.04,Signature,True,2025-11-21T22:16:41.138512,,1728
SPHINCS+-SHA2-192f-simple,verify,1024,1,3.46,1,1,0,ip-172-31-17-37,linux,0,15.3628,65.09,Signature,True,2025-11-21T22:16:41.153914,,1729
SPHINCS+-SHA2-192f-simple,verify,1024,1,3.46,1,1,0,ip-172-31-17-37,linux,0,15.7244,63.6,Signature,True,2025-11-21T22:16:41.169675,,1730
SPHINCS+-SHA2-192f-simple,verify,1024,16,3.46,1,1,0,ip-172-31-17-37,linux,0,15.3549,65.13,Signature,True,2025-11-21T22:16:41.185070,,1731
SPHINCS+-SHA2-192f-simple,verify,1024,16,3.46,1,1,0,ip-172-31-17-37,linux,0,15.4287,64.81,Signature,True,2025-11-21T22:16:41.200534,,1732
SPHINCS+-SHA2-192f-simple,verify,1024,16,3.46,1,1,0,ip-172-31-17-37,linux,0,15.4203,64.85,Signature,True,2025-11-21T22:16:41.215993,,1733
SPHINCS+-SHA2-192f-simple,verify,1024,16,3.46,1,1,0,ip-172-31-17-37,linux,0,15.355,65.13,Signature,True,2025-11-21T22:16:41.231384,,1734
SPHINCS+-SHA2-192f-simple,verify,1024,16,3.46,1,1,0,ip-172-31-17-37,linux,0,15.335,65.21,Signature,True,2025-11-21T22:16:41.246756,,1735
SPHINCS+-SHA2-192f-simple,verify,1024,64,3.46,1,1,0,ip-172-31-17-37,linux,0,15.319,65.28,Signature,True,2025-11-21T22:16:41.262113,,1736
SPHINCS+-SHA2-192f-simple,verify,1024,64,3.46,1,1,0,ip-172-31-17-37,linux,0,15.297,65.37,Signature,True,2025-11-21T22:16:41.277446,,1737
SPHINCS+-SHA2-192f-simple,verify,1024,64,3.46,1,1,0,ip-172-31-17-37,linux,0,15.3387,65.19,Signature,True,2025-11-21T22:16:41.292819,,1738
SPHINCS+-SHA2-192f-simple,verify,1024,64,3.46,1,1,0,ip-172-31-17-37,linux,0,15.325,65.25,Signature,True,2025-11-21T22:16:41.308177,,1739
SPHINCS+-SHA2-192f-simple,verify,1024,64,3.46,1,1,0,ip-172-31-17-37,linux,0,15.3914,64.97,Signature,True,2025-11-21T22:16:41.323633,,1740
SPHINCS+-SHA2-192s-simple,sign,0,1,3.46,1,1,0,ip-172-31-17-37,linux,0,339.1791,2.95,Signature,True,2025-11-21T22:16:41.662866,,1741
SPHINCS+-SHA2-192s-simple,sign,0,1,3.46,1,1,0,ip-172-31-17-37,linux,0,338.801,2.95,Signature,True,2025-11-21T22:16:42.001734,,1742
SPHINCS+-SHA2-192s-simple,sign,0,1,3.46,1,1,0,ip-172-31-17-37,linux,0,338.6997,2.95,Signature,True,2025-11-21T22:16:42.340492,,1743
SPHINCS+-SHA2-192s-simple,sign,0,1,3.46,1,1,0,ip-172-31-17-37,linux,0,338.4974,2.95,Signature,True,2025-11-21T22:16:42.679054,,1744
SPHINCS+-SHA2-192s-simple,sign,0,1,3.46,1,1,0,ip-172-31-17-37,linux,0,338.5954,2.95,Signature,True,2025-11-21T22:16:43.017712,,1745
SPHINCS+-SHA2-192s-simple,sign,0,16,3.46,1,1,0,ip-172-31-17-37,linux,0,338.4226,2.95,Signature,True,2025-11-21T22:16:43.356194,,1746
SPHINCS+-SHA2-192s-simple,sign,0,16,3.46,1,1,0,ip-172-31-17-37,linux,0,338.5899,2.95,Signature,True,2025-11-21T22:16:43.694854,,1747
SPHINCS+-SHA2-192s-simple,sign,0,16,3.46,1,1,0,ip-172-31-17-37,linux,0,338.9362,2.95,Signature,True,2025-11-21T22:16:44.033849,,1748
SPHINCS+-SHA2-192s-simple,sign,0,16,3.46,1,1,0,ip-172-31-17-37,linux,0,339.0743,2.95,Signature,True,2025-11-21T22:16:44.372981,,1749
SPHINCS+-SHA2-192s-simple,sign,0,16,3.46,1,1,0,ip-172-31-17-37,linux,0,339.1367,2.95,Signature,True,2025-11-21T22:16:44.712178,,1750
SPHINCS+-SHA2-192s-simple,sign,0,64,3.46,1,1,0,ip-172-31-17-37,linux,0,338.6454,2.95,Signature,True,2025-11-21T22:16:45.050887,,1751
SPHINCS+-SHA2-192s-simple,sign,0,64,3.46,1,1,0,ip-172-31-17-37,linux,0,339.3912,2.95,Signature,True,2025-11-21T22:16:45.390343,,1752
SPHINCS+-SHA2-192s-simple,sign,0,64,3.46,1,1,0,ip-172-31-17-37,linux,0,339.0094,2.95,Signature,True,2025-11-21T22:16:45.729435,,1753
SPHINCS+-SHA2-192s-simple,sign,0,64,3.46,1,1,0,ip-172-31-17-37,linux,0,338.6711,2.95,Signature,True,2025-11-21T22:16:46.068176,,1754
SPHINCS+-SHA2-192s-simple,sign,0,64,3.46,1,1,0,ip-172-31-17-37,linux,0,338.9968,2.95,Signature,True,2025-11-21T22:16:46.407235,,1755
SPHINCS+-SHA2-192s-simple,sign,1024,1,3.46,1,1,0,ip-172-31-17-37,linux,0,340.1743,2.94,Signature,True,2025-11-21T22:16:46.747483,,1756
SPHINCS+-SHA2-192s-simple,sign,1024,1,3.46,1,1,0,ip-172-31-17-37,linux,0,338.8474,2.95,Signature,True,2025-11-21T22:16:47.086389,,1757
SPHINCS+-SHA2-192s-simple,sign,1024,1,3.46,1,1,0,ip-172-31-17-37,linux,0,338.7503,2.95,Signature,True,2025-11-21T22:16:47.425208,,1758
SPHINCS+-SHA2-192s-simple,sign,1024,1,3.46,1,1,0,ip-172-31-17-37,linux,0,338.1492,2.96,Signature,True,2025-11-21T22:16:47.763421,,1759
SPHINCS+-SHA2-192s-simple,sign,1024,1,3.46,1,1,0,ip-172-31-17-37,linux,0,338.2159,2.96,Signature,True,2025-11-21T22:16:48.101703,,1760
SPHINCS+-SHA2-192s-simple,sign,1024,16,3.46,1,1,0,ip-172-31-17-37,linux,0,339.0644,2.95,Signature,True,2025-11-21T22:16:48.440827,,1761
SPHINCS+-SHA2-192s-simple,sign,1024,16,3.46,1,1,0,ip-172-31-17-37,linux,0,338.5253,2.95,Signature,True,2025-11-21T22:16:48.779421,,1762
SPHINCS+-SHA2-192s-simple,sign,1024,16,3.46,1,1,0,ip-172-31-17-37,linux,0,338.5778,2.95,Signature,True,2025-11-21T22:16:49.118066,,1763
SPHINCS+-SHA2-192s-simple,sign,1024,16,3.46,1,1,0,ip-172-31-17-37,linux,0,339.0547,2.95,Signature,True,2025-11-21T22:16:49.457188,,1764
SPHINCS+-SHA2-192s-simple,sign,1024,16,3.46,1,1,0,ip-172-31-17-37,linux,0,338.2534,2.96,Signature,True,2025-11-21T22:16:49.795509,,1765
SPHINCS+-SHA2-192s-simple,sign,1024,64,3.46,1,1,0,ip-172-31-17-37,linux,0,339.0562,2.95,Signature,True,2025-11-21T22:16:50.134631,,1766
SPHINCS+-SHA2-192s-simple,sign,1024,64,3.46,1,1,0,ip-172-31-17-37,linux,0,338.7071,2.95,Signature,True,2025-11-21T22:16:50.473409,,1767
SPHINCS+-SHA2-192s-simple,sign,1024,64,3.46,1,1,0,ip-172-31-17-37,linux,0,338.7119,2.95,Signature,True,2025-11-21T22:16:50.812193,,1768
SPHINCS+-SHA2-192s-simple,sign,1024,64,3.46,1,1,0,ip-172-31-17-37,linux,0,338.627,2.95,Signature,True,2025-11-21T22:16:51.150878,,1769
SPHINCS+-SHA2-192s-simple,sign,1024,64,3.46,1,1,0,ip-172-31-17-37,linux,0,338.6438,2.95,Signature,True,2025-11-21T22:16:51.489592,,1770
SPHINCS+-SHA2-192s-simple,verify,0,1,3.46,1,1,0,ip-172-31-17-37,linux,0,338.3864,2.96,Signature,True,2025-11-21T22:16:51.828053,,1771
SPHINCS+-SHA2-192s-simple,verify,0,1,3.46,1,1,0,ip-172-31-17-37,linux,0,339.1492,2.95,Signature,True,2025-11-21T22:16:52.167263,,1772
SPHINCS+-SHA2-192s-simple,verify,0,1,3.46,1,1,0,ip-172-31-17-37,linux,0,338.7519,2.95,Signature,True,2025-11-21T22:16:52.506087,,1773
SPHINCS+-SHA2-192s-simple,verify,0,1,3.46,1,1,0,ip-172-31-17-37,linux,0,340.6416,2.94,Signature,True,2025-11-21T22:16:52.846795,,1774
SPHINCS+-SHA2-192s-simple,verify,0,1,3.46,1,1,0,ip-172-31-17-37,linux,0,338.9199,2.95,Signature,True,2025-11-21T22:16:53.185783,,1775
SPHINCS+-SHA2-192s-simple,verify,0,16,3.46,1,1,0,ip-172-31-17-37,linux,0,338.7428,2.95,Signature,True,2025-11-21T22:16:53.524600,,1776
SPHINCS+-SHA2-192s-simple,verify,0,16,3.46,1,1,0,ip-172-31-17-37,linux,0,338.2608,2.96,Signature,True,2025-11-21T22:16:53.862933,,1777
SPHINCS+-SHA2-192s-simple,verify,0,16,3.46,1,1,0,ip-172-31-17-37,linux,0,338.9123,2.95,Signature,True,2025-11-21T22:16:54.201914,,1778
SPHINCS+-SHA2-192s-simple,verify,0,16,3.46,1,1,0,ip-172-31-17-37,linux,0,339.029,2.95,Signature,True,2025-11-21T22:16:54.541007,,1779
SPHINCS+-SHA2-192s-simple,verify,0,16,3.46,1,1,0,ip-172-31-17-37,linux,0,338.5766,2.95,Signature,True,2025-11-21T22:16:54.879645,,1780
SPHINCS+-SHA2-192s-simple,verify,0,64,3.46,1,1,0,ip-172-31-17-37,linux,0,338.7466,2.95,Signature,True,2025-11-21T22:16:55.218454,,1781
SPHINCS+-SHA2-192s-simple,verify,0,64,3.46,1,1,0,ip-172-31-17-37,linux,0,338.69,2.95,Signature,True,2025-11-21T22:16:55.557207,,1782
SPHINCS+-SHA2-192s-simple,verify,0,64,3.46,1,1,0,ip-172-31-17-37,linux,0,339.052,2.95,Signature,True,2025-11-21T22:16:55.896324,,1783
SPHINCS+-SHA2-192s-simple,verify,0,64,3.46,1,1,0,ip-172-31-17-37,linux,0,339.2144,2.95,Signature,True,2025-11-21T22:16:56.235598,,1784
SPHINCS+-SHA2-192s-simple,verify,0,64,3.46,1,1,0,ip-172-31-17-37,linux,0,338.6235,2.95,Signature,True,2025-11-21T22:16:56.574294,,1785
SPHINCS+-SHA2-192s-simple,verify,1024,1,3.46,1,1,0,ip-172-31-17-37,linux,0,338.6548,2.95,Signature,True,2025-11-21T22:16:56.913017,,1786
SPHINCS+-SHA2-192s-simple,verify,1024,1,3.46,1,1,0,ip-172-31-17-37,linux,0,338.6538,2.95,Signature,True,2025-11-21T22:16:57.251729,,1787
SPHINCS+-SHA2-192s-simple,verify,1024,1,3.46,1,1,0,ip-172-31-17-37,linux,0,338.283,2.96,Signature,True,2025-11-21T22:16:57.590079,,1788
SPHINCS+-SHA2-192s-simple,verify,1024,1,3.46,1,1,0,ip-172-31-17-37,linux,0,338.6992,2.95,Signature,True,2025-11-21T22:16:57.928849,,1789
SPHINCS+-SHA2-192s-simple,verify,1024,1,3.46,1,1,0,ip-172-31-17-37,linux,0,339.006,2.95,Signature,True,2025-11-21T22:16:58.267928,,1790
SPHINCS+-SHA2-192s-simple,verify,1024,16,3.46,1,1,0,ip-172-31-17-37,linux,0,338.9781,2.95,Signature,True,2025-11-21T22:16:58.606986,,1791
SPHINCS+-SHA2-192s-simple,verify,1024,16,3.46,1,1,0,ip-172-31-17-37,linux,0,338.6352,2.95,Signature,True,2025-11-21T22:16:58.945695,,1792
SPHINCS+-SHA2-192s-simple,verify,1024,16,3.46,1,1,0,ip-172-31-17-37,linux,0,339.1878,2.95,Signature,True,2025-11-21T22:16:59.284949,,1793
SPHINCS+-SHA2-192s-simple,verify,1024,16,3.46,1,1,0,ip-172-31-17-37,linux,0,338.6466,2.95,Signature,True,2025-11-21T22:16:59.623660,,1794
SPHINCS+-SHA2-192s-simple,verify,1024,16,3.46,1,1,0,ip-172-31-17-37,linux,0,338.7531,2.95,Signature,True,2025-11-21T22:16:59.962477,,1795
SPHINCS+-SHA2-192s-simple,verify,1024,64,3.46,1,1,0,ip-172-31-17-37,linux,0,338.6427,2.95,Signature,True,2025-11-21T22:17:00.301187,,1796
SPHINCS+-SHA2-192s-simple,verify,1024,64,3.46,1,1,0,ip-172-31-17-37,linux,0,339.1474,2.95,Signature,True,2025-11-21T22:17:00.640402,,1797
SPHINCS+-SHA2-192s-simple,verify,1024,64,3.46,1,1,0,ip-172-31-17-37,linux,0,339.0219,2.95,Signature,True,2025-11-21T22:17:00.979498,,1798
SPHINCS+-SHA2-192s-simple,verify,1024,64,3.46,1,1,0,ip-172-31-17-37,linux,0,338.7554,2.95,Signature,True,2025-11-21T22:17:01.318325,,1799
SPHINCS+-SHA2-192s-simple,verify,1024,64,3.46,1,1,0,ip-172-31-17-37,linux,0,341.3456,2.93,Signature,True,2025-11-21T22:17:01.659789,,1800
