algorithm,operation,message_bytes,concurrency,cpu_ghz,aesni,avx2,neon,machine_id,os_name,containerized,latency_ms,throughput_ops,crypto_type,correctness,timestamp,notes,trial_id
BIKE-L1,keygen,0,1,0.0,1,0,1,ip-172-31-14-170,linux,0,21.5028,46.51,KEM,True,2025-11-21T22:07:47.875689,,1
BIKE-L1,keygen,0,1,0.0,1,0,1,ip-172-31-14-170,linux,0,19.3171,51.77,KEM,True,2025-11-21T22:07:47.895105,,2
BIKE-L1,keygen,0,1,0.0,1,0,1,ip-172-31-14-170,linux,0,19.2147,52.04,KEM,True,2025-11-21T22:07:47.914392,,3
BIKE-L1,keygen,0,1,0.0,1,0,1,ip-172-31-14-170,linux,0,19.1765,52.15,KEM,True,2025-11-21T22:07:47.933634,,4
BIKE-L1,keygen,0,1,0.0,1,0,1,ip-172-31-14-170,linux,0,19.1765,52.15,KEM,True,2025-11-21T22:07:47.952870,,5
BIKE-L1,keygen,0,16,0.0,1,0,1,ip-172-31-14-170,linux,0,19.1693,52.17,KEM,True,2025-11-21T22:07:47.972101,,6
BIKE-L1,keygen,0,16,0.0,1,0,1,ip-172-31-14-170,linux,0,19.169,52.17,KEM,True,2025-11-21T22:07:47.991331,,7
BIKE-L1,keygen,0,16,0.0,1,0,1,ip-172-31-14-170,linux,0,19.1705,52.16,KEM,True,2025-11-21T22:07:48.010560,,8
BIKE-L1,keygen,0,16,0.0,1,0,1,ip-172-31-14-170,linux,0,19.1501,52.22,KEM,True,2025-11-21T22:07:48.029781,,9
BIKE-L1,keygen,0,16,0.0,1,0,1,ip-172-31-14-170,linux,0,19.1865,52.12,KEM,True,2025-11-21T22:07:48.049028,,10
BIKE-L1,keygen,0,64,0.0,1,0,1,ip-172-31-14-170,linux,0,19.2176,52.04,KEM,True,2025-11-21T22:07:48.068331,,11
BIKE-L1,keygen,0,64,0.0,1,0,1,ip-172-31-14-170,linux,0,19.2169,52.04,KEM,True,2025-11-21T22:07:48.087620,,12
BIKE-L1,keygen,0,64,0.0,1,0,1,ip-172-31-14-170,linux,0,19.1828,52.13,KEM,True,2025-11-21T22:07:48.106867,,13
BIKE-L1,keygen,0,64,0.0,1,0,1,ip-172-31-14-170,linux,0,19.2284,52.01,KEM,True,2025-11-21T22:07:48.126174,,14
BIKE-L1,keygen,0,64,0.0,1,0,1,ip-172-31-14-170,linux,0,19.167,52.17,KEM,True,2025-11-21T22:07:48.145405,,15
BIKE-L1,keygen,1024,1,0.0,1,0,1,ip-172-31-14-170,linux,0,19.1415,52.24,KEM,True,2025-11-21T22:07:48.164612,,16
BIKE-L1,keygen,1024,1,0.0,1,0,1,ip-172-31-14-170,linux,0,19.4225,51.49,KEM,True,2025-11-21T22:07:48.184097,,17
BIKE-L1,keygen,1024,1,0.0,1,0,1,ip-172-31-14-170,linux,0,19.1792,52.14,KEM,True,2025-11-21T22:07:48.203334,,18
BIKE-L1,keygen,1024,1,0.0,1,0,1,ip-172-31-14-170,linux,0,19.0967,52.37,KEM,True,2025-11-21T22:07:48.222485,,19
BIKE-L1,keygen,1024,1,0.0,1,0,1,ip-172-31-14-170,linux,0,19.1308,52.27,KEM,True,2025-11-21T22:07:48.241677,,20
BIKE-L1,keygen,1024,16,0.0,1,0,1,ip-172-31-14-170,linux,0,19.1255,52.29,KEM,True,2025-11-21T22:07:48.260865,,21
BIKE-L1,keygen,1024,16,0.0,1,0,1,ip-172-31-14-170,linux,0,19.1471,52.23,KEM,True,2025-11-21T22:07:48.280072,,22
BIKE-L1,keygen,1024,16,0.0,1,0,1,ip-172-31-14-170,linux,0,19.1269,52.28,KEM,True,2025-11-21T22:07:48.299258,,23
BIKE-L1,keygen,1024,16,0.0,1,0,1,ip-172-31-14-170,linux,0,19.1557,52.2,KEM,True,2025-11-21T22:07:48.318470,,24
BIKE-L1,keygen,1024,16,0.0,1,0,1,ip-172-31-14-170,linux,0,19.1416,52.24,KEM,True,2025-11-21T22:07:48.337672,,25
BIKE-L1,keygen,1024,64,0.0,1,0,1,ip-172-31-14-170,linux,0,19.1327,52.27,KEM,True,2025-11-21T22:07:48.356866,,26
BIKE-L1,keygen,1024,64,0.0,1,0,1,ip-172-31-14-170,linux,0,19.1469,52.23,KEM,True,2025-11-21T22:07:48.376075,,27
BIKE-L1,keygen,1024,64,0.0,1,0,1,ip-172-31-14-170,linux,0,19.1859,52.12,KEM,True,2025-11-21T22:07:48.395319,,28
BIKE-L1,keygen,1024,64,0.0,1,0,1,ip-172-31-14-170,linux,0,19.1719,52.16,KEM,True,2025-11-21T22:07:48.414562,,29
BIKE-L1,keygen,1024,64,0.0,1,0,1,ip-172-31-14-170,linux,0,19.1237,52.29,KEM,True,2025-11-21T22:07:48.433753,,30
BIKE-L1,encap,0,1,0.0,1,0,1,ip-172-31-14-170,linux,0,20.2308,49.43,KEM,True,2025-11-21T22:07:48.454044,,31
BIKE-L1,encap,0,1,0.0,1,0,1,ip-172-31-14-170,linux,0,20.1874,49.54,KEM,True,2025-11-21T22:07:48.474301,,32
BIKE-L1,encap,0,1,0.0,1,0,1,ip-172-31-14-170,linux,0,20.1476,49.63,KEM,True,2025-11-21T22:07:48.494512,,33
BIKE-L1,encap,0,1,0.0,1,0,1,ip-172-31-14-170,linux,0,20.1691,49.58,KEM,True,2025-11-21T22:07:48.514738,,34
BIKE-L1,encap,0,1,0.0,1,0,1,ip-172-31-14-170,linux,0,20.1505,49.63,KEM,True,2025-11-21T22:07:48.534946,,35
BIKE-L1,encap,0,16,0.0,1,0,1,ip-172-31-14-170,linux,0,20.1567,49.61,KEM,True,2025-11-21T22:07:48.555200,,36
BIKE-L1,encap,0,16,0.0,1,0,1,ip-172-31-14-170,linux,0,20.2263,49.44,KEM,True,2025-11-21T22:07:48.575488,,37
BIKE-L1,encap,0,16,0.0,1,0,1,ip-172-31-14-170,linux,0,20.146,49.64,KEM,True,2025-11-21T22:07:48.595699,,38
BIKE-L1,encap,0,16,0.0,1,0,1,ip-172-31-14-170,linux,0,20.1432,49.64,KEM,True,2025-11-21T22:07:48.615924,,39
BIKE-L1,encap,0,16,0.0,1,0,1,ip-172-31-14-170,linux,0,20.1534,49.62,KEM,True,2025-11-21T22:07:48.636139,,40
BIKE-L1,encap,0,64,0.0,1,0,1,ip-172-31-14-170,linux,0,20.1614,49.6,KEM,True,2025-11-21T22:07:48.656365,,41
BIKE-L1,encap,0,64,0.0,1,0,1,ip-172-31-14-170,linux,0,20.1831,49.55,KEM,True,2025-11-21T22:07:48.676610,,42
BIKE-L1,encap,0,64,0.0,1,0,1,ip-172-31-14-170,linux,0,20.1881,49.53,KEM,True,2025-11-21T22:07:48.696860,,43
BIKE-L1,encap,0,64,0.0,1,0,1,ip-172-31-14-170,linux,0,20.2154,49.47,KEM,True,2025-11-21T22:07:48.717140,,44
BIKE-L1,encap,0,64,0.0,1,0,1,ip-172-31-14-170,linux,0,20.1561,49.61,KEM,True,2025-11-21T22:07:48.737376,,45
BIKE-L1,encap,1024,1,0.0,1,0,1,ip-172-31-14-170,linux,0,20.17,49.58,KEM,True,2025-11-21T22:07:48.757613,,46
BIKE-L1,encap,1024,1,0.0,1,0,1,ip-172-31-14-170,linux,0,20.1438,49.64,KEM,True,2025-11-21T22:07:48.777817,,47
BIKE-L1,encap,1024,1,0.0,1,0,1,ip-172-31-14-170,linux,0,20.1596,49.6,KEM,True,2025-11-21T22:07:48.798036,,48
BIKE-L1,encap,1024,1,0.0,1,0,1,ip-172-31-14-170,linux,0,20.1589,49.61,KEM,True,2025-11-21T22:07:48.818267,,49
BIKE-L1,encap,1024,1,0.0,1,0,1,ip-172-31-14-170,linux,0,20.2899,49.29,KEM,True,2025-11-21T22:07:48.838625,,50
BIKE-L1,encap,1024,16,0.0,1,0,1,ip-172-31-14-170,linux,0,20.1634,49.59,KEM,True,2025-11-21T22:07:48.858867,,51
BIKE-L1,encap,1024,16,0.0,1,0,1,ip-172-31-14-170,linux,0,20.1608,49.6,KEM,True,2025-11-21T22:07:48.879094,,52
BIKE-L1,encap,1024,16,0.0,1,0,1,ip-172-31-14-170,linux,0,20.1411,49.65,KEM,True,2025-11-21T22:07:48.899299,,53
BIKE-L1,encap,1024,16,0.0,1,0,1,ip-172-31-14-170,linux,0,20.1359,49.66,KEM,True,2025-11-21T22:07:48.919494,,54
BIKE-L1,encap,1024,16,0.0,1,0,1,ip-172-31-14-170,linux,0,20.1668,49.59,KEM,True,2025-11-21T22:07:48.939723,,55
BIKE-L1,encap,1024,64,0.0,1,0,1,ip-172-31-14-170,linux,0,20.1658,49.59,KEM,True,2025-11-21T22:07:48.959957,,56
BIKE-L1,encap,1024,64,0.0,1,0,1,ip-172-31-14-170,linux,0,20.1805,49.55,KEM,True,2025-11-21T22:07:48.980198,,57
BIKE-L1,encap,1024,64,0.0,1,0,1,ip-172-31-14-170,linux,0,20.1443,49.64,KEM,True,2025-11-21T22:07:49.000403,,58
BIKE-L1,encap,1024,64,0.0,1,0,1,ip-172-31-14-170,linux,0,20.1461,49.64,KEM,True,2025-11-21T22:07:49.020613,,59
BIKE-L1,encap,1024,64,0.0,1,0,1,ip-172-31-14-170,linux,0,20.1446,49.64,KEM,True,2025-11-21T22:07:49.040816,,60
BIKE-L1,decap,0,1,0.0,1,0,1,ip-172-31-14-170,linux,0,36.136,27.67,KEM,True,2025-11-21T22:07:49.077019,,61
BIKE-L1,decap,0,1,0.0,1,0,1,ip-172-31-14-170,linux,0,36.1052,27.7,KEM,True,2025-11-21T22:07:49.113213,,62
BIKE-L1,decap,0,1,0.0,1,0,1,ip-172-31-14-170,linux,0,36.0649,27.73,KEM,True,2025-11-21T22:07:49.149349,,63
BIKE-L1,decap,0,1,0.0,1,0,1,ip-172-31-14-170,linux,0,36.042,27.75,KEM,True,2025-11-21T22:07:49.185458,,64
BIKE-L1,decap,0,1,0.0,1,0,1,ip-172-31-14-170,linux,0,36.0677,27.73,KEM,True,2025-11-21T22:07:49.221604,,65
BIKE-L1,decap,0,16,0.0,1,0,1,ip-172-31-14-170,linux,0,36.025,27.76,KEM,True,2025-11-21T22:07:49.257701,,66
BIKE-L1,decap,0,16,0.0,1,0,1,ip-172-31-14-170,linux,0,36.0393,27.75,KEM,True,2025-11-21T22:07:49.293809,,67
BIKE-L1,decap,0,16,0.0,1,0,1,ip-172-31-14-170,linux,0,36.0166,27.76,KEM,True,2025-11-21T22:07:49.329891,,68
BIKE-L1,decap,0,16,0.0,1,0,1,ip-172-31-14-170,linux,0,36.0271,27.76,KEM,True,2025-11-21T22:07:49.365990,,69
BIKE-L1,decap,0,16,0.0,1,0,1,ip-172-31-14-170,linux,0,36.0334,27.75,KEM,True,2025-11-21T22:07:49.402102,,70
BIKE-L1,decap,0,64,0.0,1,0,1,ip-172-31-14-170,linux,0,36.032,27.75,KEM,True,2025-11-21T22:07:49.438206,,71
BIKE-L1,decap,0,64,0.0,1,0,1,ip-172-31-14-170,linux,0,36.0133,27.77,KEM,True,2025-11-21T22:07:49.474287,,72
BIKE-L1,decap,0,64,0.0,1,0,1,ip-172-31-14-170,linux,0,36.0941,27.71,KEM,True,2025-11-21T22:07:49.510448,,73
BIKE-L1,decap,0,64,0.0,1,0,1,ip-172-31-14-170,linux,0,36.0627,27.73,KEM,True,2025-11-21T22:07:49.546582,,74
BIKE-L1,decap,0,64,0.0,1,0,1,ip-172-31-14-170,linux,0,36.1216,27.68,KEM,True,2025-11-21T22:07:49.582773,,75
BIKE-L1,decap,1024,1,0.0,1,0,1,ip-172-31-14-170,linux,0,36.0663,27.73,KEM,True,2025-11-21T22:07:49.618979,,76
BIKE-L1,decap,1024,1,0.0,1,0,1,ip-172-31-14-170,linux,0,36.1042,27.7,KEM,True,2025-11-21T22:07:49.655158,,77
BIKE-L1,decap,1024,1,0.0,1,0,1,ip-172-31-14-170,linux,0,36.0661,27.73,KEM,True,2025-11-21T22:07:49.691296,,78
BIKE-L1,decap,1024,1,0.0,1,0,1,ip-172-31-14-170,linux,0,36.0406,27.75,KEM,True,2025-11-21T22:07:49.727404,,79
BIKE-L1,decap,1024,1,0.0,1,0,1,ip-172-31-14-170,linux,0,36.0682,27.73,KEM,True,2025-11-21T22:07:49.763540,,80
BIKE-L1,decap,1024,16,0.0,1,0,1,ip-172-31-14-170,linux,0,36.0421,27.75,KEM,True,2025-11-21T22:07:49.799653,,81
BIKE-L1,decap,1024,16,0.0,1,0,1,ip-172-31-14-170,linux,0,36.0625,27.73,KEM,True,2025-11-21T22:07:49.835785,,82
BIKE-L1,decap,1024,16,0.0,1,0,1,ip-172-31-14-170,linux,0,36.1481,27.66,KEM,True,2025-11-21T22:07:49.872001,,83
BIKE-L1,decap,1024,16,0.0,1,0,1,ip-172-31-14-170,linux,0,36.0536,27.74,KEM,True,2025-11-21T22:07:49.908139,,84
BIKE-L1,decap,1024,16,0.0,1,0,1,ip-172-31-14-170,linux,0,36.0554,27.74,KEM,True,2025-11-21T22:07:49.944260,,85
BIKE-L1,decap,1024,64,0.0,1,0,1,ip-172-31-14-170,linux,0,36.032,27.75,KEM,True,2025-11-21T22:07:49.980360,,86
BIKE-L1,decap,1024,64,0.0,1,0,1,ip-172-31-14-170,linux,0,36.0891,27.71,KEM,True,2025-11-21T22:07:50.016519,,87
BIKE-L1,decap,1024,64,0.0,1,0,1,ip-172-31-14-170,linux,0,36.1076,27.7,KEM,True,2025-11-21T22:07:50.052708,,88
BIKE-L1,decap,1024,64,0.0,1,0,1,ip-172-31-14-170,linux,0,36.0441,27.74,KEM,True,2025-11-21T22:07:50.088820,,89
BIKE-L1,decap,1024,64,0.0,1,0,1,ip-172-31-14-170,linux,0,36.079,27.72,KEM,True,2025-11-21T22:07:50.124966,,90
BIKE-L3,keygen,0,1,0.0,1,0,1,ip-172-31-14-170,linux,0,59.2406,16.88,KEM,True,2025-11-21T22:07:50.184284,,91
BIKE-L3,keygen,0,1,0.0,1,0,1,ip-172-31-14-170,linux,0,59.1522,16.91,KEM,True,2025-11-21T22:07:50.243512,,92
BIKE-L3,keygen,0,1,0.0,1,0,1,ip-172-31-14-170,linux,0,59.1572,16.9,KEM,True,2025-11-21T22:07:50.302736,,93
BIKE-L3,keygen,0,1,0.0,1,0,1,ip-172-31-14-170,linux,0,59.155,16.9,KEM,True,2025-11-21T22:07:50.361959,,94
BIKE-L3,keygen,0,1,0.0,1,0,1,ip-172-31-14-170,linux,0,59.1417,16.91,KEM,True,2025-11-21T22:07:50.421173,,95
BIKE-L3,keygen,0,16,0.0,1,0,1,ip-172-31-14-170,linux,0,59.1267,16.91,KEM,True,2025-11-21T22:07:50.480369,,96
BIKE-L3,keygen,0,16,0.0,1,0,1,ip-172-31-14-170,linux,0,59.1212,16.91,KEM,True,2025-11-21T22:07:50.539556,,97
BIKE-L3,keygen,0,16,0.0,1,0,1,ip-172-31-14-170,linux,0,59.1915,16.89,KEM,True,2025-11-21T22:07:50.598813,,98
BIKE-L3,keygen,0,16,0.0,1,0,1,ip-172-31-14-170,linux,0,59.1838,16.9,KEM,True,2025-11-21T22:07:50.658071,,99
BIKE-L3,keygen,0,16,0.0,1,0,1,ip-172-31-14-170,linux,0,59.0951,16.92,KEM,True,2025-11-21T22:07:50.717238,,100
BIKE-L3,keygen,0,64,0.0,1,0,1,ip-172-31-14-170,linux,0,59.198,16.89,KEM,True,2025-11-21T22:07:50.776506,,101
BIKE-L3,keygen,0,64,0.0,1,0,1,ip-172-31-14-170,linux,0,59.1445,16.91,KEM,True,2025-11-21T22:07:50.835718,,102
BIKE-L3,keygen,0,64,0.0,1,0,1,ip-172-31-14-170,linux,0,59.2188,16.89,KEM,True,2025-11-21T22:07:50.895015,,103
BIKE-L3,keygen,0,64,0.0,1,0,1,ip-172-31-14-170,linux,0,59.1685,16.9,KEM,True,2025-11-21T22:07:50.954268,,104
BIKE-L3,keygen,0,64,0.0,1,0,1,ip-172-31-14-170,linux,0,59.119,16.92,KEM,True,2025-11-21T22:07:51.013460,,105
BIKE-L3,keygen,1024,1,0.0,1,0,1,ip-172-31-14-170,linux,0,59.1692,16.9,KEM,True,2025-11-21T22:07:51.072701,,106
BIKE-L3,keygen,1024,1,0.0,1,0,1,ip-172-31-14-170,linux,0,59.1344,16.91,KEM,True,2025-11-21T22:07:51.131905,,107
BIKE-L3,keygen,1024,1,0.0,1,0,1,ip-172-31-14-170,linux,0,59.148,16.91,KEM,True,2025-11-21T22:07:51.191122,,108
BIKE-L3,keygen,1024,1,0.0,1,0,1,ip-172-31-14-170,linux,0,59.1057,16.92,KEM,True,2025-11-21T22:07:51.250294,,109
BIKE-L3,keygen,1024,1,0.0,1,0,1,ip-172-31-14-170,linux,0,59.1113,16.92,KEM,True,2025-11-21T22:07:51.309472,,110
BIKE-L3,keygen,1024,16,0.0,1,0,1,ip-172-31-14-170,linux,0,59.1458,16.91,KEM,True,2025-11-21T22:07:51.368683,,111
BIKE-L3,keygen,1024,16,0.0,1,0,1,ip-172-31-14-170,linux,0,59.1175,16.92,KEM,True,2025-11-21T22:07:51.427861,,112
BIKE-L3,keygen,1024,16,0.0,1,0,1,ip-172-31-14-170,linux,0,59.1241,16.91,KEM,True,2025-11-21T22:07:51.487056,,113
BIKE-L3,keygen,1024,16,0.0,1,0,1,ip-172-31-14-170,linux,0,59.1325,16.91,KEM,True,2025-11-21T22:07:51.546254,,114
BIKE-L3,keygen,1024,16,0.0,1,0,1,ip-172-31-14-170,linux,0,59.1999,16.89,KEM,True,2025-11-21T22:07:51.605520,,115
BIKE-L3,keygen,1024,64,0.0,1,0,1,ip-172-31-14-170,linux,0,59.1298,16.91,KEM,True,2025-11-21T22:07:51.664725,,116
BIKE-L3,keygen,1024,64,0.0,1,0,1,ip-172-31-14-170,linux,0,59.1416,16.91,KEM,True,2025-11-21T22:07:51.723937,,117
BIKE-L3,keygen,1024,64,0.0,1,0,1,ip-172-31-14-170,linux,0,59.1464,16.91,KEM,True,2025-11-21T22:07:51.783152,,118
BIKE-L3,keygen,1024,64,0.0,1,0,1,ip-172-31-14-170,linux,0,59.2016,16.89,KEM,True,2025-11-21T22:07:51.842425,,119
BIKE-L3,keygen,1024,64,0.0,1,0,1,ip-172-31-14-170,linux,0,59.1437,16.91,KEM,True,2025-11-21T22:07:51.901643,,120
BIKE-L3,encap,0,1,0.0,1,0,1,ip-172-31-14-170,linux,0,62.3236,16.05,KEM,True,2025-11-21T22:07:51.964042,,121
BIKE-L3,encap,0,1,0.0,1,0,1,ip-172-31-14-170,linux,0,62.2832,16.06,KEM,True,2025-11-21T22:07:52.026413,,122
BIKE-L3,encap,0,1,0.0,1,0,1,ip-172-31-14-170,linux,0,62.251,16.06,KEM,True,2025-11-21T22:07:52.088739,,123
BIKE-L3,encap,0,1,0.0,1,0,1,ip-172-31-14-170,linux,0,62.1877,16.08,KEM,True,2025-11-21T22:07:52.150995,,124
BIKE-L3,encap,0,1,0.0,1,0,1,ip-172-31-14-170,linux,0,62.2733,16.06,KEM,True,2025-11-21T22:07:52.213345,,125
BIKE-L3,encap,0,16,0.0,1,0,1,ip-172-31-14-170,linux,0,62.2526,16.06,KEM,True,2025-11-21T22:07:52.275669,,126
BIKE-L3,encap,0,16,0.0,1,0,1,ip-172-31-14-170,linux,0,62.2635,16.06,KEM,True,2025-11-21T22:07:52.337999,,127
BIKE-L3,encap,0,16,0.0,1,0,1,ip-172-31-14-170,linux,0,62.2482,16.06,KEM,True,2025-11-21T22:07:52.400329,,128
BIKE-L3,encap,0,16,0.0,1,0,1,ip-172-31-14-170,linux,0,62.167,16.09,KEM,True,2025-11-21T22:07:52.462562,,129
BIKE-L3,encap,0,16,0.0,1,0,1,ip-172-31-14-170,linux,0,62.197,16.08,KEM,True,2025-11-21T22:07:52.524824,,130
BIKE-L3,encap,0,64,0.0,1,0,1,ip-172-31-14-170,linux,0,62.3591,16.04,KEM,True,2025-11-21T22:07:52.587256,,131
BIKE-L3,encap,0,64,0.0,1,0,1,ip-172-31-14-170,linux,0,62.1906,16.08,KEM,True,2025-11-21T22:07:52.649526,,132
BIKE-L3,encap,0,64,0.0,1,0,1,ip-172-31-14-170,linux,0,62.2822,16.06,KEM,True,2025-11-21T22:07:52.711876,,133
BIKE-L3,encap,0,64,0.0,1,0,1,ip-172-31-14-170,linux,0,62.1899,16.08,KEM,True,2025-11-21T22:07:52.774139,,134
BIKE-L3,encap,0,64,0.0,1,0,1,ip-172-31-14-170,linux,0,62.2283,16.07,KEM,True,2025-11-21T22:07:52.836433,,135
BIKE-L3,encap,1024,1,0.0,1,0,1,ip-172-31-14-170,linux,0,62.3912,16.03,KEM,True,2025-11-21T22:07:52.898897,,136
BIKE-L3,encap,1024,1,0.0,1,0,1,ip-172-31-14-170,linux,0,62.2955,16.05,KEM,True,2025-11-21T22:07:52.961269,,137
BIKE-L3,encap,1024,1,0.0,1,0,1,ip-172-31-14-170,linux,0,62.1643,16.09,KEM,True,2025-11-21T22:07:53.023503,,138
BIKE-L3,encap,1024,1,0.0,1,0,1,ip-172-31-14-170,linux,0,62.2185,16.07,KEM,True,2025-11-21T22:07:53.085790,,139
BIKE-L3,encap,1024,1,0.0,1,0,1,ip-172-31-14-170,linux,0,62.2715,16.06,KEM,True,2025-11-21T22:07:53.148133,,140
BIKE-L3,encap,1024,16,0.0,1,0,1,ip-172-31-14-170,linux,0,62.201,16.08,KEM,True,2025-11-21T22:07:53.210412,,141
BIKE-L3,encap,1024,16,0.0,1,0,1,ip-172-31-14-170,linux,0,62.153,16.09,KEM,True,2025-11-21T22:07:53.272631,,142
BIKE-L3,encap,1024,16,0.0,1,0,1,ip-172-31-14-170,linux,0,62.1862,16.08,KEM,True,2025-11-21T22:07:53.334880,,143
BIKE-L3,encap,1024,16,0.0,1,0,1,ip-172-31-14-170,linux,0,62.2586,16.06,KEM,True,2025-11-21T22:07:53.397211,,144
BIKE-L3,encap,1024,16,0.0,1,0,1,ip-172-31-14-170,linux,0,62.1829,16.08,KEM,True,2025-11-21T22:07:53.459465,,145
BIKE-L3,encap,1024,64,0.0,1,0,1,ip-172-31-14-170,linux,0,62.194,16.08,KEM,True,2025-11-21T22:07:53.521725,,146
BIKE-L3,encap,1024,64,0.0,1,0,1,ip-172-31-14-170,linux,0,62.2874,16.05,KEM,True,2025-11-21T22:07:53.584083,,147
BIKE-L3,encap,1024,64,0.0,1,0,1,ip-172-31-14-170,linux,0,62.2433,16.07,KEM,True,2025-11-21T22:07:53.646398,,148
BIKE-L3,encap,1024,64,0.0,1,0,1,ip-172-31-14-170,linux,0,62.2605,16.06,KEM,True,2025-11-21T22:07:53.708782,,149
BIKE-L3,encap,1024,64,0.0,1,0,1,ip-172-31-14-170,linux,0,62.2236,16.07,KEM,True,2025-11-21T22:07:53.771075,,150
BIKE-L3,decap,0,1,0.0,1,0,1,ip-172-31-14-170,linux,0,111.9615,8.93,KEM,True,2025-11-21T22:07:53.883116,,151
BIKE-L3,decap,0,1,0.0,1,0,1,ip-172-31-14-170,linux,0,111.7642,8.95,KEM,True,2025-11-21T22:07:53.994965,,152
BIKE-L3,decap,0,1,0.0,1,0,1,ip-172-31-14-170,linux,0,111.8743,8.94,KEM,True,2025-11-21T22:07:54.106918,,153
BIKE-L3,decap,0,1,0.0,1,0,1,ip-172-31-14-170,linux,0,111.7832,8.95,KEM,True,2025-11-21T22:07:54.218785,,154
BIKE-L3,decap,0,1,0.0,1,0,1,ip-172-31-14-170,linux,0,111.8364,8.94,KEM,True,2025-11-21T22:07:54.330700,,155
BIKE-L3,decap,0,16,0.0,1,0,1,ip-172-31-14-170,linux,0,111.7736,8.95,KEM,True,2025-11-21T22:07:54.442557,,156
BIKE-L3,decap,0,16,0.0,1,0,1,ip-172-31-14-170,linux,0,111.7838,8.95,KEM,True,2025-11-21T22:07:54.554423,,157
BIKE-L3,decap,0,16,0.0,1,0,1,ip-172-31-14-170,linux,0,111.9051,8.94,KEM,True,2025-11-21T22:07:54.666407,,158
BIKE-L3,decap,0,16,0.0,1,0,1,ip-172-31-14-170,linux,0,111.8593,8.94,KEM,True,2025-11-21T22:07:54.778351,,159
BIKE-L3,decap,0,16,0.0,1,0,1,ip-172-31-14-170,linux,0,111.8551,8.94,KEM,True,2025-11-21T22:07:54.890290,,160
BIKE-L3,decap,0,64,0.0,1,0,1,ip-172-31-14-170,linux,0,111.8167,8.94,KEM,True,2025-11-21T22:07:55.002191,,161
BIKE-L3,decap,0,64,0.0,1,0,1,ip-172-31-14-170,linux,0,111.8436,8.94,KEM,True,2025-11-21T22:07:55.114121,,162
BIKE-L3,decap,0,64,0.0,1,0,1,ip-172-31-14-170,linux,0,111.826,8.94,KEM,True,2025-11-21T22:07:55.226028,,163
BIKE-L3,decap,0,64,0.0,1,0,1,ip-172-31-14-170,linux,0,111.7937,8.95,KEM,True,2025-11-21T22:07:55.337912,,164
BIKE-L3,decap,0,64,0.0,1,0,1,ip-172-31-14-170,linux,0,111.803,8.94,KEM,True,2025-11-21T22:07:55.449795,,165
BIKE-L3,decap,1024,1,0.0,1,0,1,ip-172-31-14-170,linux,0,111.7719,8.95,KEM,True,2025-11-21T22:07:55.561647,,166
BIKE-L3,decap,1024,1,0.0,1,0,1,ip-172-31-14-170,linux,0,111.8807,8.94,KEM,True,2025-11-21T22:07:55.673608,,167
BIKE-L3,decap,1024,1,0.0,1,0,1,ip-172-31-14-170,linux,0,111.7915,8.95,KEM,True,2025-11-21T22:07:55.785483,,168
BIKE-L3,decap,1024,1,0.0,1,0,1,ip-172-31-14-170,linux,0,111.852,8.94,KEM,True,2025-11-21T22:07:55.897417,,169
BIKE-L3,decap,1024,1,0.0,1,0,1,ip-172-31-14-170,linux,0,111.8333,8.94,KEM,True,2025-11-21T22:07:56.009334,,170
BIKE-L3,decap,1024,16,0.0,1,0,1,ip-172-31-14-170,linux,0,111.8884,8.94,KEM,True,2025-11-21T22:07:56.121316,,171
BIKE-L3,decap,1024,16,0.0,1,0,1,ip-172-31-14-170,linux,0,111.7497,8.95,KEM,True,2025-11-21T22:07:56.233144,,172
BIKE-L3,decap,1024,16,0.0,1,0,1,ip-172-31-14-170,linux,0,111.8373,8.94,KEM,True,2025-11-21T22:07:56.345068,,173
BIKE-L3,decap,1024,16,0.0,1,0,1,ip-172-31-14-170,linux,0,111.7796,8.95,KEM,True,2025-11-21T22:07:56.456931,,174
BIKE-L3,decap,1024,16,0.0,1,0,1,ip-172-31-14-170,linux,0,111.7638,8.95,KEM,True,2025-11-21T22:07:56.568771,,175
BIKE-L3,decap,1024,64,0.0,1,0,1,ip-172-31-14-170,linux,0,111.8777,8.94,KEM,True,2025-11-21T22:07:56.680733,,176
BIKE-L3,decap,1024,64,0.0,1,0,1,ip-172-31-14-170,linux,0,111.8037,8.94,KEM,True,2025-11-21T22:07:56.792620,,177
BIKE-L3,decap,1024,64,0.0,1,0,1,ip-172-31-14-170,linux,0,111.9409,8.93,KEM,True,2025-11-21T22:07:56.904643,,178
BIKE-L3,decap,1024,64,0.0,1,0,1,ip-172-31-14-170,linux,0,111.8387,8.94,KEM,True,2025-11-21T22:07:57.016567,,179
BIKE-L3,decap,1024,64,0.0,1,0,1,ip-172-31-14-170,linux,0,111.8554,8.94,KEM,True,2025-11-21T22:07:57.128506,,180
BIKE-L5,keygen,0,1,0.0,1,0,1,ip-172-31-14-170,linux,0,147.6875,6.77,KEM,True,2025-11-21T22:07:57.276284,,181
BIKE-L5,keygen,0,1,0.0,1,0,1,ip-172-31-14-170,linux,0,147.5839,6.78,KEM,True,2025-11-21T22:07:57.423952,,182
BIKE-L5,keygen,0,1,0.0,1,0,1,ip-172-31-14-170,linux,0,147.6662,6.77,KEM,True,2025-11-21T22:07:57.571698,,183
BIKE-L5,keygen,0,1,0.0,1,0,1,ip-172-31-14-170,linux,0,147.6334,6.77,KEM,True,2025-11-21T22:07:57.719409,,184
BIKE-L5,keygen,0,1,0.0,1,0,1,ip-172-31-14-170,linux,0,147.6939,6.77,KEM,True,2025-11-21T22:07:57.867186,,185
BIKE-L5,keygen,0,16,0.0,1,0,1,ip-172-31-14-170,linux,0,147.6009,6.78,KEM,True,2025-11-21T22:07:58.014869,,186
BIKE-L5,keygen,0,16,0.0,1,0,1,ip-172-31-14-170,linux,0,147.6935,6.77,KEM,True,2025-11-21T22:07:58.162644,,187
BIKE-L5,keygen,0,16,0.0,1,0,1,ip-172-31-14-170,linux,0,147.6569,6.77,KEM,True,2025-11-21T22:07:58.310380,,188
BIKE-L5,keygen,0,16,0.0,1,0,1,ip-172-31-14-170,linux,0,147.6176,6.77,KEM,True,2025-11-21T22:07:58.458073,,189
BIKE-L5,keygen,0,16,0.0,1,0,1,ip-172-31-14-170,linux,0,147.6817,6.77,KEM,True,2025-11-21T22:07:58.605830,,190
BIKE-L5,keygen,0,64,0.0,1,0,1,ip-172-31-14-170,linux,0,147.7013,6.77,KEM,True,2025-11-21T22:07:58.753616,,191
BIKE-L5,keygen,0,64,0.0,1,0,1,ip-172-31-14-170,linux,0,147.6551,6.77,KEM,True,2025-11-21T22:07:58.901351,,192
BIKE-L5,keygen,0,64,0.0,1,0,1,ip-172-31-14-170,linux,0,147.6017,6.77,KEM,True,2025-11-21T22:07:59.049034,,193
BIKE-L5,keygen,0,64,0.0,1,0,1,ip-172-31-14-170,linux,0,147.5589,6.78,KEM,True,2025-11-21T22:07:59.196679,,194
BIKE-L5,keygen,0,64,0.0,1,0,1,ip-172-31-14-170,linux,0,147.5665,6.78,KEM,True,2025-11-21T22:07:59.344319,,195
BIKE-L5,keygen,1024,1,0.0,1,0,1,ip-172-31-14-170,linux,0,147.5518,6.78,KEM,True,2025-11-21T22:07:59.491947,,196
BIKE-L5,keygen,1024,1,0.0,1,0,1,ip-172-31-14-170,linux,0,147.6742,6.77,KEM,True,2025-11-21T22:07:59.639693,,197
BIKE-L5,keygen,1024,1,0.0,1,0,1,ip-172-31-14-170,linux,0,147.5952,6.78,KEM,True,2025-11-21T22:07:59.787371,,198
BIKE-L5,keygen,1024,1,0.0,1,0,1,ip-172-31-14-170,linux,0,147.6902,6.77,KEM,True,2025-11-21T22:07:59.935141,,199
BIKE-L5,keygen,1024,1,0.0,1,0,1,ip-172-31-14-170,linux,0,147.8481,6.76,KEM,True,2025-11-21T22:08:00.083078,,200
BIKE-L5,keygen,1024,16,0.0,1,0,1,ip-172-31-14-170,linux,0,148.9006,6.72,KEM,True,2025-11-21T22:08:00.233710,,201
BIKE-L5,keygen,1024,16,0.0,1,0,1,ip-172-31-14-170,linux,0,148.1934,6.75,KEM,True,2025-11-21T22:08:00.383636,,202
BIKE-L5,keygen,1024,16,0.0,1,0,1,ip-172-31-14-170,linux,0,160.6331,6.23,KEM,True,2025-11-21T22:08:00.544380,,203
BIKE-L5,keygen,1024,16,0.0,1,0,1,ip-172-31-14-170,linux,0,148.2779,6.74,KEM,True,2025-11-21T22:08:00.694372,,204
BIKE-L5,keygen,1024,16,0.0,1,0,1,ip-172-31-14-170,linux,0,148.008,6.76,KEM,True,2025-11-21T22:08:00.844117,,205
BIKE-L5,keygen,1024,64,0.0,1,0,1,ip-172-31-14-170,linux,0,147.8633,6.76,KEM,True,2025-11-21T22:08:00.992083,,206
BIKE-L5,keygen,1024,64,0.0,1,0,1,ip-172-31-14-170,linux,0,147.6888,6.77,KEM,True,2025-11-21T22:08:01.139861,,207
BIKE-L5,keygen,1024,64,0.0,1,0,1,ip-172-31-14-170,linux,0,147.7243,6.77,KEM,True,2025-11-21T22:08:01.287669,,208
BIKE-L5,keygen,1024,64,0.0,1,0,1,ip-172-31-14-170,linux,0,147.6168,6.77,KEM,True,2025-11-21T22:08:01.435365,,209
BIKE-L5,keygen,1024,64,0.0,1,0,1,ip-172-31-14-170,linux,0,147.6572,6.77,KEM,True,2025-11-21T22:08:01.583099,,210
BIKE-L5,encap,0,1,0.0,1,0,1,ip-172-31-14-170,linux,0,155.397,6.44,KEM,True,2025-11-21T22:08:01.738586,,211
BIKE-L5,encap,0,1,0.0,1,0,1,ip-172-31-14-170,linux,0,155.4178,6.43,KEM,True,2025-11-21T22:08:01.894091,,212
BIKE-L5,encap,0,1,0.0,1,0,1,ip-172-31-14-170,linux,0,155.4179,6.43,KEM,True,2025-11-21T22:08:02.049591,,213
BIKE-L5,encap,0,1,0.0,1,0,1,ip-172-31-14-170,linux,0,155.3836,6.44,KEM,True,2025-11-21T22:08:02.205066,,214
BIKE-L5,encap,0,1,0.0,1,0,1,ip-172-31-14-170,linux,0,155.334,6.44,KEM,True,2025-11-21T22:08:02.360480,,215
BIKE-L5,encap,0,16,0.0,1,0,1,ip-172-31-14-170,linux,0,155.3463,6.44,KEM,True,2025-11-21T22:08:02.515910,,216
BIKE-L5,encap,0,16,0.0,1,0,1,ip-172-31-14-170,linux,0,155.375,6.44,KEM,True,2025-11-21T22:08:02.671367,,217
BIKE-L5,encap,0,16,0.0,1,0,1,ip-172-31-14-170,linux,0,155.3317,6.44,KEM,True,2025-11-21T22:08:02.826776,,218
BIKE-L5,encap,0,16,0.0,1,0,1,ip-172-31-14-170,linux,0,155.4208,6.43,KEM,True,2025-11-21T22:08:02.982276,,219
BIKE-L5,encap,0,16,0.0,1,0,1,ip-172-31-14-170,linux,0,155.3211,6.44,KEM,True,2025-11-21T22:08:03.137676,,220
BIKE-L5,encap,0,64,0.0,1,0,1,ip-172-31-14-170,linux,0,155.2834,6.44,KEM,True,2025-11-21T22:08:03.293040,,221
BIKE-L5,encap,0,64,0.0,1,0,1,ip-172-31-14-170,linux,0,155.2624,6.44,KEM,True,2025-11-21T22:08:03.448435,,222
BIKE-L5,encap,0,64,0.0,1,0,1,ip-172-31-14-170,linux,0,155.4052,6.43,KEM,True,2025-11-21T22:08:03.603921,,223
BIKE-L5,encap,0,64,0.0,1,0,1,ip-172-31-14-170,linux,0,155.3254,6.44,KEM,True,2025-11-21T22:08:03.759331,,224
BIKE-L5,encap,0,64,0.0,1,0,1,ip-172-31-14-170,linux,0,155.4203,6.43,KEM,True,2025-11-21T22:08:03.914833,,225
BIKE-L5,encap,1024,1,0.0,1,0,1,ip-172-31-14-170,linux,0,155.3508,6.44,KEM,True,2025-11-21T22:08:04.070267,,226
BIKE-L5,encap,1024,1,0.0,1,0,1,ip-172-31-14-170,linux,0,155.2671,6.44,KEM,True,2025-11-21T22:08:04.225611,,227
BIKE-L5,encap,1024,1,0.0,1,0,1,ip-172-31-14-170,linux,0,155.2625,6.44,KEM,True,2025-11-21T22:08:04.380952,,228
BIKE-L5,encap,1024,1,0.0,1,0,1,ip-172-31-14-170,linux,0,155.285,6.44,KEM,True,2025-11-21T22:08:04.536314,,229
BIKE-L5,encap,1024,1,0.0,1,0,1,ip-172-31-14-170,linux,0,155.3777,6.44,KEM,True,2025-11-21T22:08:04.691774,,230
BIKE-L5,encap,1024,16,0.0,1,0,1,ip-172-31-14-170,linux,0,155.3299,6.44,KEM,True,2025-11-21T22:08:04.847189,,231
BIKE-L5,encap,1024,16,0.0,1,0,1,ip-172-31-14-170,linux,0,155.3201,6.44,KEM,True,2025-11-21T22:08:05.002595,,232
BIKE-L5,encap,1024,16,0.0,1,0,1,ip-172-31-14-170,linux,0,155.3305,6.44,KEM,True,2025-11-21T22:08:05.158010,,233
BIKE-L5,encap,1024,16,0.0,1,0,1,ip-172-31-14-170,linux,0,155.3293,6.44,KEM,True,2025-11-21T22:08:05.313431,,234
BIKE-L5,encap,1024,16,0.0,1,0,1,ip-172-31-14-170,linux,0,155.3398,6.44,KEM,True,2025-11-21T22:08:05.468849,,235
BIKE-L5,encap,1024,64,0.0,1,0,1,ip-172-31-14-170,linux,0,155.3962,6.44,KEM,True,2025-11-21T22:08:05.624326,,236
BIKE-L5,encap,1024,64,0.0,1,0,1,ip-172-31-14-170,linux,0,155.3261,6.44,KEM,True,2025-11-21T22:08:05.779733,,237
BIKE-L5,encap,1024,64,0.0,1,0,1,ip-172-31-14-170,linux,0,155.3664,6.44,KEM,True,2025-11-21T22:08:05.935190,,238
BIKE-L5,encap,1024,64,0.0,1,0,1,ip-172-31-14-170,linux,0,155.342,6.44,KEM,True,2025-11-21T22:08:06.090614,,239
BIKE-L5,encap,1024,64,0.0,1,0,1,ip-172-31-14-170,linux,0,155.3037,6.44,KEM,True,2025-11-21T22:08:06.245996,,240
BIKE-L5,decap,0,1,0.0,1,0,1,ip-172-31-14-170,linux,0,279.4236,3.58,KEM,True,2025-11-21T22:08:06.525517,,241
BIKE-L5,decap,0,1,0.0,1,0,1,ip-172-31-14-170,linux,0,279.4807,3.58,KEM,True,2025-11-21T22:08:06.805086,,242
BIKE-L5,decap,0,1,0.0,1,0,1,ip-172-31-14-170,linux,0,279.4607,3.58,KEM,True,2025-11-21T22:08:07.084636,,243
BIKE-L5,decap,0,1,0.0,1,0,1,ip-172-31-14-170,linux,0,279.3923,3.58,KEM,True,2025-11-21T22:08:07.364121,,244
BIKE-L5,decap,0,1,0.0,1,0,1,ip-172-31-14-170,linux,0,279.3883,3.58,KEM,True,2025-11-21T22:08:07.643598,,245
BIKE-L5,decap,0,16,0.0,1,0,1,ip-172-31-14-170,linux,0,279.5077,3.58,KEM,True,2025-11-21T22:08:07.923201,,246
BIKE-L5,decap,0,16,0.0,1,0,1,ip-172-31-14-170,linux,0,279.4672,3.58,KEM,True,2025-11-21T22:08:08.202765,,247
BIKE-L5,decap,0,16,0.0,1,0,1,ip-172-31-14-170,linux,0,279.4188,3.58,KEM,True,2025-11-21T22:08:08.482277,,248
BIKE-L5,decap,0,16,0.0,1,0,1,ip-172-31-14-170,linux,0,279.464,3.58,KEM,True,2025-11-21T22:08:08.761832,,249
BIKE-L5,decap,0,16,0.0,1,0,1,ip-172-31-14-170,linux,0,279.5212,3.58,KEM,True,2025-11-21T22:08:09.041447,,250
BIKE-L5,decap,0,64,0.0,1,0,1,ip-172-31-14-170,linux,0,279.409,3.58,KEM,True,2025-11-21T22:08:09.320947,,251
BIKE-L5,decap,0,64,0.0,1,0,1,ip-172-31-14-170,linux,0,279.4842,3.58,KEM,True,2025-11-21T22:08:09.600525,,252
BIKE-L5,decap,0,64,0.0,1,0,1,ip-172-31-14-170,linux,0,279.4765,3.58,KEM,True,2025-11-21T22:08:09.880095,,253
BIKE-L5,decap,0,64,0.0,1,0,1,ip-172-31-14-170,linux,0,279.5146,3.58,KEM,True,2025-11-21T22:08:10.159707,,254
BIKE-L5,decap,0,64,0.0,1,0,1,ip-172-31-14-170,linux,0,279.4047,3.58,KEM,True,2025-11-21T22:08:10.439209,,255
BIKE-L5,decap,1024,1,0.0,1,0,1,ip-172-31-14-170,linux,0,279.5781,3.58,KEM,True,2025-11-21T22:08:10.718881,,256
BIKE-L5,decap,1024,1,0.0,1,0,1,ip-172-31-14-170,linux,0,279.4866,3.58,KEM,True,2025-11-21T22:08:10.998460,,257
BIKE-L5,decap,1024,1,0.0,1,0,1,ip-172-31-14-170,linux,0,279.3983,3.58,KEM,True,2025-11-21T22:08:11.277948,,258
BIKE-L5,decap,1024,1,0.0,1,0,1,ip-172-31-14-170,linux,0,279.4091,3.58,KEM,True,2025-11-21T22:08:11.557449,,259
BIKE-L5,decap,1024,1,0.0,1,0,1,ip-172-31-14-170,linux,0,279.4009,3.58,KEM,True,2025-11-21T22:08:11.836940,,260
BIKE-L5,decap,1024,16,0.0,1,0,1,ip-172-31-14-170,linux,0,279.5509,3.58,KEM,True,2025-11-21T22:08:12.116587,,261
BIKE-L5,decap,1024,16,0.0,1,0,1,ip-172-31-14-170,linux,0,279.4089,3.58,KEM,True,2025-11-21T22:08:12.396089,,262
BIKE-L5,decap,1024,16,0.0,1,0,1,ip-172-31-14-170,linux,0,279.4648,3.58,KEM,True,2025-11-21T22:08:12.675646,,263
BIKE-L5,decap,1024,16,0.0,1,0,1,ip-172-31-14-170,linux,0,279.7054,3.58,KEM,True,2025-11-21T22:08:12.955444,,264
BIKE-L5,decap,1024,16,0.0,1,0,1,ip-172-31-14-170,linux,0,279.5005,3.58,KEM,True,2025-11-21T22:08:13.235039,,265
BIKE-L5,decap,1024,64,0.0,1,0,1,ip-172-31-14-170,linux,0,279.4847,3.58,KEM,True,2025-11-21T22:08:13.514626,,266
BIKE-L5,decap,1024,64,0.0,1,0,1,ip-172-31-14-170,linux,0,279.4955,3.58,KEM,True,2025-11-21T22:08:13.794216,,267
BIKE-L5,decap,1024,64,0.0,1,0,1,ip-172-31-14-170,linux,0,279.5165,3.58,KEM,True,2025-11-21T22:08:14.073825,,268
BIKE-L5,decap,1024,64,0.0,1,0,1,ip-172-31-14-170,linux,0,279.4451,3.58,KEM,True,2025-11-21T22:08:14.353362,,269
BIKE-L5,decap,1024,64,0.0,1,0,1,ip-172-31-14-170,linux,0,279.6848,3.58,KEM,True,2025-11-21T22:08:14.633140,,270
Classic-McEliece-348864,keygen,0,1,0.0,1,0,1,ip-172-31-14-170,linux,0,168.7106,5.93,KEM,True,2025-11-21T22:08:14.801992,,271
Classic-McEliece-348864,keygen,0,1,0.0,1,0,1,ip-172-31-14-170,linux,0,72.806,13.74,KEM,True,2025-11-21T22:08:14.874997,,272
Classic-McEliece-348864,keygen,0,1,0.0,1,0,1,ip-172-31-14-170,linux,0,104.6552,9.56,KEM,True,2025-11-21T22:08:14.979850,,273
Classic-McEliece-348864,keygen,0,1,0.0,1,0,1,ip-172-31-14-170,linux,0,296.5695,3.37,KEM,True,2025-11-21T22:08:15.276596,,274
Classic-McEliece-348864,keygen,0,1,0.0,1,0,1,ip-172-31-14-170,linux,0,104.5522,9.56,KEM,True,2025-11-21T22:08:15.381330,,275
Classic-McEliece-348864,keygen,0,16,0.0,1,0,1,ip-172-31-14-170,linux,0,104.6129,9.56,KEM,True,2025-11-21T22:08:15.486144,,276
Classic-McEliece-348864,keygen,0,16,0.0,1,0,1,ip-172-31-14-170,linux,0,72.6682,13.76,KEM,True,2025-11-21T22:08:15.558979,,277
Classic-McEliece-348864,keygen,0,16,0.0,1,0,1,ip-172-31-14-170,linux,0,72.7501,13.75,KEM,True,2025-11-21T22:08:15.631918,,278
Classic-McEliece-348864,keygen,0,16,0.0,1,0,1,ip-172-31-14-170,linux,0,104.5516,9.56,KEM,True,2025-11-21T22:08:15.736647,,279
Classic-McEliece-348864,keygen,0,16,0.0,1,0,1,ip-172-31-14-170,linux,0,72.7391,13.75,KEM,True,2025-11-21T22:08:15.809554,,280
Classic-McEliece-348864,keygen,0,64,0.0,1,0,1,ip-172-31-14-170,linux,0,72.8148,13.73,KEM,True,2025-11-21T22:08:15.882544,,281
Classic-McEliece-348864,keygen,0,64,0.0,1,0,1,ip-172-31-14-170,linux,0,677.907,1.48,KEM,True,2025-11-21T22:08:16.560628,,282
Classic-McEliece-348864,keygen,0,64,0.0,1,0,1,ip-172-31-14-170,linux,0,614.868,1.63,KEM,True,2025-11-21T22:08:17.175674,,283
Classic-McEliece-348864,keygen,0,64,0.0,1,0,1,ip-172-31-14-170,linux,0,72.7237,13.75,KEM,True,2025-11-21T22:08:17.248584,,284
Classic-McEliece-348864,keygen,0,64,0.0,1,0,1,ip-172-31-14-170,linux,0,72.6428,13.77,KEM,True,2025-11-21T22:08:17.321397,,285
Classic-McEliece-348864,keygen,1024,1,0.0,1,0,1,ip-172-31-14-170,linux,0,104.6304,9.56,KEM,True,2025-11-21T22:08:17.426200,,286
Classic-McEliece-348864,keygen,1024,1,0.0,1,0,1,ip-172-31-14-170,linux,0,168.3385,5.94,KEM,True,2025-11-21T22:08:17.594709,,287
Classic-McEliece-348864,keygen,1024,1,0.0,1,0,1,ip-172-31-14-170,linux,0,72.7356,13.75,KEM,True,2025-11-21T22:08:17.667618,,288
Classic-McEliece-348864,keygen,1024,1,0.0,1,0,1,ip-172-31-14-170,linux,0,104.6977,9.55,KEM,True,2025-11-21T22:08:17.772500,,289
Classic-McEliece-348864,keygen,1024,1,0.0,1,0,1,ip-172-31-14-170,linux,0,72.7862,13.74,KEM,True,2025-11-21T22:08:17.845465,,290
Classic-McEliece-348864,keygen,1024,16,0.0,1,0,1,ip-172-31-14-170,linux,0,136.6115,7.32,KEM,True,2025-11-21T22:08:17.982259,,291
Classic-McEliece-348864,keygen,1024,16,0.0,1,0,1,ip-172-31-14-170,linux,0,72.8205,13.73,KEM,True,2025-11-21T22:08:18.055302,,292
Classic-McEliece-348864,keygen,1024,16,0.0,1,0,1,ip-172-31-14-170,linux,0,168.2952,5.94,KEM,True,2025-11-21T22:08:18.223781,,293
Classic-McEliece-348864,keygen,1024,16,0.0,1,0,1,ip-172-31-14-170,linux,0,359.5423,2.78,KEM,True,2025-11-21T22:08:18.583499,,294
Classic-McEliece-348864,keygen,1024,16,0.0,1,0,1,ip-172-31-14-170,linux,0,136.5756,7.32,KEM,True,2025-11-21T22:08:18.720249,,295
Classic-McEliece-348864,keygen,1024,64,0.0,1,0,1,ip-172-31-14-170,linux,0,72.717,13.75,KEM,True,2025-11-21T22:08:18.793155,,296
Classic-McEliece-348864,keygen,1024,64,0.0,1,0,1,ip-172-31-14-170,linux,0,232.1618,4.31,KEM,True,2025-11-21T22:08:19.025489,,297
Classic-McEliece-348864,keygen,1024,64,0.0,1,0,1,ip-172-31-14-170,linux,0,136.3376,7.33,KEM,True,2025-11-21T22:08:19.161998,,298
Classic-McEliece-348864,keygen,1024,64,0.0,1,0,1,ip-172-31-14-170,linux,0,168.3302,5.94,KEM,True,2025-11-21T22:08:19.330519,,299
Classic-McEliece-348864,keygen,1024,64,0.0,1,0,1,ip-172-31-14-170,linux,0,231.7847,4.31,KEM,True,2025-11-21T22:08:19.562475,,300
Classic-McEliece-348864,encap,0,1,0.0,1,0,1,ip-172-31-14-170,linux,0,104.7819,9.54,KEM,True,2025-11-21T22:08:19.667430,,301
Classic-McEliece-348864,encap,0,1,0.0,1,0,1,ip-172-31-14-170,linux,0,72.8462,13.73,KEM,True,2025-11-21T22:08:19.740444,,302
Classic-McEliece-348864,encap,0,1,0.0,1,0,1,ip-172-31-14-170,linux,0,136.521,7.32,KEM,True,2025-11-21T22:08:19.877154,,303
Classic-McEliece-348864,encap,0,1,0.0,1,0,1,ip-172-31-14-170,linux,0,136.4869,7.33,KEM,True,2025-11-21T22:08:20.013824,,304
Classic-McEliece-348864,encap,0,1,0.0,1,0,1,ip-172-31-14-170,linux,0,72.9824,13.7,KEM,True,2025-11-21T22:08:20.086996,,305
Classic-McEliece-348864,encap,0,16,0.0,1,0,1,ip-172-31-14-170,linux,0,295.795,3.38,KEM,True,2025-11-21T22:08:20.382991,,306
Classic-McEliece-348864,encap,0,16,0.0,1,0,1,ip-172-31-14-170,linux,0,104.6306,9.56,KEM,True,2025-11-21T22:08:20.487824,,307
Classic-McEliece-348864,encap,0,16,0.0,1,0,1,ip-172-31-14-170,linux,0,264.0003,3.79,KEM,True,2025-11-21T22:08:20.751992,,308
Classic-McEliece-348864,encap,0,16,0.0,1,0,1,ip-172-31-14-170,linux,0,72.8604,13.72,KEM,True,2025-11-21T22:08:20.825079,,309
Classic-McEliece-348864,encap,0,16,0.0,1,0,1,ip-172-31-14-170,linux,0,104.7536,9.55,KEM,True,2025-11-21T22:08:20.929996,,310
Classic-McEliece-348864,encap,0,64,0.0,1,0,1,ip-172-31-14-170,linux,0,932.8351,1.07,KEM,True,2025-11-21T22:08:21.863034,,311
Classic-McEliece-348864,encap,0,64,0.0,1,0,1,ip-172-31-14-170,linux,0,72.723,13.75,KEM,True,2025-11-21T22:08:21.935970,,312
Classic-McEliece-348864,encap,0,64,0.0,1,0,1,ip-172-31-14-170,linux,0,72.8838,13.72,KEM,True,2025-11-21T22:08:22.009088,,313
Classic-McEliece-348864,encap,0,64,0.0,1,0,1,ip-172-31-14-170,linux,0,136.7739,7.31,KEM,True,2025-11-21T22:08:22.146080,,314
Classic-McEliece-348864,encap,0,64,0.0,1,0,1,ip-172-31-14-170,linux,0,327.5746,3.05,KEM,True,2025-11-21T22:08:22.473820,,315
Classic-McEliece-348864,encap,1024,1,0.0,1,0,1,ip-172-31-14-170,linux,0,136.5302,7.32,KEM,True,2025-11-21T22:08:22.610524,,316
Classic-McEliece-348864,encap,1024,1,0.0,1,0,1,ip-172-31-14-170,linux,0,72.8278,13.73,KEM,True,2025-11-21T22:08:22.683522,,317
Classic-McEliece-348864,encap,1024,1,0.0,1,0,1,ip-172-31-14-170,linux,0,72.8292,13.73,KEM,True,2025-11-21T22:08:22.756523,,318
Classic-McEliece-348864,encap,1024,1,0.0,1,0,1,ip-172-31-14-170,linux,0,168.4286,5.94,KEM,True,2025-11-21T22:08:22.925148,,319
Classic-McEliece-348864,encap,1024,1,0.0,1,0,1,ip-172-31-14-170,linux,0,136.5427,7.32,KEM,True,2025-11-21T22:08:23.061864,,320
Classic-McEliece-348864,encap,1024,16,0.0,1,0,1,ip-172-31-14-170,linux,0,168.3255,5.94,KEM,True,2025-11-21T22:08:23.230369,,321
Classic-McEliece-348864,encap,1024,16,0.0,1,0,1,ip-172-31-14-170,linux,0,136.4127,7.33,KEM,True,2025-11-21T22:08:23.366977,,322
Classic-McEliece-348864,encap,1024,16,0.0,1,0,1,ip-172-31-14-170,linux,0,104.5615,9.56,KEM,True,2025-11-21T22:08:23.471738,,323
Classic-McEliece-348864,encap,1024,16,0.0,1,0,1,ip-172-31-14-170,linux,0,168.5132,5.93,KEM,True,2025-11-21T22:08:23.640444,,324
Classic-McEliece-348864,encap,1024,16,0.0,1,0,1,ip-172-31-14-170,linux,0,104.6453,9.56,KEM,True,2025-11-21T22:08:23.745265,,325
Classic-McEliece-348864,encap,1024,64,0.0,1,0,1,ip-172-31-14-170,linux,0,72.8017,13.74,KEM,True,2025-11-21T22:08:23.818243,,326
Classic-McEliece-348864,encap,1024,64,0.0,1,0,1,ip-172-31-14-170,linux,0,104.7126,9.55,KEM,True,2025-11-21T22:08:23.923146,,327
Classic-McEliece-348864,encap,1024,64,0.0,1,0,1,ip-172-31-14-170,linux,0,200.4449,4.99,KEM,True,2025-11-21T22:08:24.123777,,328
Classic-McEliece-348864,encap,1024,64,0.0,1,0,1,ip-172-31-14-170,linux,0,295.9138,3.38,KEM,True,2025-11-21T22:08:24.419864,,329
Classic-McEliece-348864,encap,1024,64,0.0,1,0,1,ip-172-31-14-170,linux,0,104.7225,9.55,KEM,True,2025-11-21T22:08:24.524760,,330
Classic-McEliece-348864,decap,0,1,0.0,1,0,1,ip-172-31-14-170,linux,0,130.3659,7.67,KEM,True,2025-11-21T22:08:24.655318,,331
Classic-McEliece-348864,decap,0,1,0.0,1,0,1,ip-172-31-14-170,linux,0,162.1829,6.17,KEM,True,2025-11-21T22:08:24.817686,,332
Classic-McEliece-348864,decap,0,1,0.0,1,0,1,ip-172-31-14-170,linux,0,417.1095,2.4,KEM,True,2025-11-21T22:08:25.234976,,333
Classic-McEliece-348864,decap,0,1,0.0,1,0,1,ip-172-31-14-170,linux,0,193.8636,5.16,KEM,True,2025-11-21T22:08:25.429043,,334
Classic-McEliece-348864,decap,0,1,0.0,1,0,1,ip-172-31-14-170,linux,0,98.3,10.17,KEM,True,2025-11-21T22:08:25.527546,,335
Classic-McEliece-348864,decap,0,16,0.0,1,0,1,ip-172-31-14-170,linux,0,193.9282,5.16,KEM,True,2025-11-21T22:08:25.721662,,336
Classic-McEliece-348864,decap,0,16,0.0,1,0,1,ip-172-31-14-170,linux,0,289.4323,3.46,KEM,True,2025-11-21T22:08:26.011295,,337
Classic-McEliece-348864,decap,0,16,0.0,1,0,1,ip-172-31-14-170,linux,0,130.3915,7.67,KEM,True,2025-11-21T22:08:26.141874,,338
Classic-McEliece-348864,decap,0,16,0.0,1,0,1,ip-172-31-14-170,linux,0,98.3761,10.17,KEM,True,2025-11-21T22:08:26.240432,,339
Classic-McEliece-348864,decap,0,16,0.0,1,0,1,ip-172-31-14-170,linux,0,130.2153,7.68,KEM,True,2025-11-21T22:08:26.370828,,340
Classic-McEliece-348864,decap,0,64,0.0,1,0,1,ip-172-31-14-170,linux,0,130.0958,7.69,KEM,True,2025-11-21T22:08:26.501126,,341
Classic-McEliece-348864,decap,0,64,0.0,1,0,1,ip-172-31-14-170,linux,0,225.8623,4.43,KEM,True,2025-11-21T22:08:26.727176,,342
Classic-McEliece-348864,decap,0,64,0.0,1,0,1,ip-172-31-14-170,linux,0,130.2985,7.67,KEM,True,2025-11-21T22:08:26.857662,,343
Classic-McEliece-348864,decap,0,64,0.0,1,0,1,ip-172-31-14-170,linux,0,98.3268,10.17,KEM,True,2025-11-21T22:08:26.956173,,344
Classic-McEliece-348864,decap,0,64,0.0,1,0,1,ip-172-31-14-170,linux,0,162.0703,6.17,KEM,True,2025-11-21T22:08:27.118433,,345
Classic-McEliece-348864,decap,1024,1,0.0,1,0,1,ip-172-31-14-170,linux,0,130.0718,7.69,KEM,True,2025-11-21T22:08:27.248689,,346
Classic-McEliece-348864,decap,1024,1,0.0,1,0,1,ip-172-31-14-170,linux,0,194.0689,5.15,KEM,True,2025-11-21T22:08:27.442942,,347
Classic-McEliece-348864,decap,1024,1,0.0,1,0,1,ip-172-31-14-170,linux,0,130.2983,7.67,KEM,True,2025-11-21T22:08:27.573427,,348
Classic-McEliece-348864,decap,1024,1,0.0,1,0,1,ip-172-31-14-170,linux,0,130.3747,7.67,KEM,True,2025-11-21T22:08:27.703983,,349
Classic-McEliece-348864,decap,1024,1,0.0,1,0,1,ip-172-31-14-170,linux,0,98.3767,10.17,KEM,True,2025-11-21T22:08:27.802557,,350
Classic-McEliece-348864,decap,1024,16,0.0,1,0,1,ip-172-31-14-170,linux,0,130.3146,7.67,KEM,True,2025-11-21T22:08:27.933076,,351
Classic-McEliece-348864,decap,1024,16,0.0,1,0,1,ip-172-31-14-170,linux,0,130.1056,7.69,KEM,True,2025-11-21T22:08:28.063366,,352
Classic-McEliece-348864,decap,1024,16,0.0,1,0,1,ip-172-31-14-170,linux,0,130.3432,7.67,KEM,True,2025-11-21T22:08:28.193895,,353
Classic-McEliece-348864,decap,1024,16,0.0,1,0,1,ip-172-31-14-170,linux,0,225.8261,4.43,KEM,True,2025-11-21T22:08:28.419900,,354
Classic-McEliece-348864,decap,1024,16,0.0,1,0,1,ip-172-31-14-170,linux,0,162.1129,6.17,KEM,True,2025-11-21T22:08:28.582209,,355
Classic-McEliece-348864,decap,1024,64,0.0,1,0,1,ip-172-31-14-170,linux,0,98.3196,10.17,KEM,True,2025-11-21T22:08:28.680751,,356
Classic-McEliece-348864,decap,1024,64,0.0,1,0,1,ip-172-31-14-170,linux,0,162.1648,6.17,KEM,True,2025-11-21T22:08:28.843129,,357
Classic-McEliece-348864,decap,1024,64,0.0,1,0,1,ip-172-31-14-170,linux,0,98.3581,10.17,KEM,True,2025-11-21T22:08:28.941667,,358
Classic-McEliece-348864,decap,1024,64,0.0,1,0,1,ip-172-31-14-170,linux,0,257.8167,3.88,KEM,True,2025-11-21T22:08:29.199669,,359
Classic-McEliece-348864,decap,1024,64,0.0,1,0,1,ip-172-31-14-170,linux,0,98.3522,10.17,KEM,True,2025-11-21T22:08:29.298209,,360
Classic-McEliece-348864f,keygen,0,1,0.0,1,0,1,ip-172-31-14-170,linux,0,74.0985,13.5,KEM,True,2025-11-21T22:08:29.372488,,361
Classic-McEliece-348864f,keygen,0,1,0.0,1,0,1,ip-172-31-14-170,linux,0,74.1316,13.49,KEM,True,2025-11-21T22:08:29.446796,,362
Classic-McEliece-348864f,keygen,0,1,0.0,1,0,1,ip-172-31-14-170,linux,0,73.9464,13.52,KEM,True,2025-11-21T22:08:29.520908,,363
Classic-McEliece-348864f,keygen,0,1,0.0,1,0,1,ip-172-31-14-170,linux,0,74.3014,13.46,KEM,True,2025-11-21T22:08:29.595379,,364
Classic-McEliece-348864f,keygen,0,1,0.0,1,0,1,ip-172-31-14-170,linux,0,73.9198,13.53,KEM,True,2025-11-21T22:08:29.669475,,365
Classic-McEliece-348864f,keygen,0,16,0.0,1,0,1,ip-172-31-14-170,linux,0,73.9604,13.52,KEM,True,2025-11-21T22:08:29.743610,,366
Classic-McEliece-348864f,keygen,0,16,0.0,1,0,1,ip-172-31-14-170,linux,0,73.9456,13.52,KEM,True,2025-11-21T22:08:29.817725,,367
Classic-McEliece-348864f,keygen,0,16,0.0,1,0,1,ip-172-31-14-170,linux,0,74.2811,13.46,KEM,True,2025-11-21T22:08:29.892177,,368
Classic-McEliece-348864f,keygen,0,16,0.0,1,0,1,ip-172-31-14-170,linux,0,74.1705,13.48,KEM,True,2025-11-21T22:08:29.966515,,369
Classic-McEliece-348864f,keygen,0,16,0.0,1,0,1,ip-172-31-14-170,linux,0,74.2422,13.47,KEM,True,2025-11-21T22:08:30.040936,,370
Classic-McEliece-348864f,keygen,0,64,0.0,1,0,1,ip-172-31-14-170,linux,0,76.8899,13.01,KEM,True,2025-11-21T22:08:30.118015,,371
Classic-McEliece-348864f,keygen,0,64,0.0,1,0,1,ip-172-31-14-170,linux,0,89.2826,11.2,KEM,True,2025-11-21T22:08:30.207510,,372
Classic-McEliece-348864f,keygen,0,64,0.0,1,0,1,ip-172-31-14-170,linux,0,74.4372,13.43,KEM,True,2025-11-21T22:08:30.282152,,373
Classic-McEliece-348864f,keygen,0,64,0.0,1,0,1,ip-172-31-14-170,linux,0,74.2884,13.46,KEM,True,2025-11-21T22:08:30.356620,,374
Classic-McEliece-348864f,keygen,0,64,0.0,1,0,1,ip-172-31-14-170,linux,0,74.187,13.48,KEM,True,2025-11-21T22:08:30.430981,,375
Classic-McEliece-348864f,keygen,1024,1,0.0,1,0,1,ip-172-31-14-170,linux,0,74.1761,13.48,KEM,True,2025-11-21T22:08:30.505349,,376
Classic-McEliece-348864f,keygen,1024,1,0.0,1,0,1,ip-172-31-14-170,linux,0,74.2477,13.47,KEM,True,2025-11-21T22:08:30.579780,,377
Classic-McEliece-348864f,keygen,1024,1,0.0,1,0,1,ip-172-31-14-170,linux,0,74.0974,13.5,KEM,True,2025-11-21T22:08:30.654046,,378
Classic-McEliece-348864f,keygen,1024,1,0.0,1,0,1,ip-172-31-14-170,linux,0,74.2577,13.47,KEM,True,2025-11-21T22:08:30.728500,,379
Classic-McEliece-348864f,keygen,1024,1,0.0,1,0,1,ip-172-31-14-170,linux,0,74.1532,13.49,KEM,True,2025-11-21T22:08:30.802825,,380
Classic-McEliece-348864f,keygen,1024,16,0.0,1,0,1,ip-172-31-14-170,linux,0,74.216,13.47,KEM,True,2025-11-21T22:08:30.877219,,381
Classic-McEliece-348864f,keygen,1024,16,0.0,1,0,1,ip-172-31-14-170,linux,0,74.1494,13.49,KEM,True,2025-11-21T22:08:30.951544,,382
Classic-McEliece-348864f,keygen,1024,16,0.0,1,0,1,ip-172-31-14-170,linux,0,74.1076,13.49,KEM,True,2025-11-21T22:08:31.025824,,383
Classic-McEliece-348864f,keygen,1024,16,0.0,1,0,1,ip-172-31-14-170,linux,0,74.2118,13.47,KEM,True,2025-11-21T22:08:31.100207,,384
Classic-McEliece-348864f,keygen,1024,16,0.0,1,0,1,ip-172-31-14-170,linux,0,74.2707,13.46,KEM,True,2025-11-21T22:08:31.174648,,385
Classic-McEliece-348864f,keygen,1024,64,0.0,1,0,1,ip-172-31-14-170,linux,0,74.1561,13.49,KEM,True,2025-11-21T22:08:31.248972,,386
Classic-McEliece-348864f,keygen,1024,64,0.0,1,0,1,ip-172-31-14-170,linux,0,74.1171,13.49,KEM,True,2025-11-21T22:08:31.323274,,387
Classic-McEliece-348864f,keygen,1024,64,0.0,1,0,1,ip-172-31-14-170,linux,0,74.1152,13.49,KEM,True,2025-11-21T22:08:31.397562,,388
Classic-McEliece-348864f,keygen,1024,64,0.0,1,0,1,ip-172-31-14-170,linux,0,74.1324,13.49,KEM,True,2025-11-21T22:08:31.471864,,389
Classic-McEliece-348864f,keygen,1024,64,0.0,1,0,1,ip-172-31-14-170,linux,0,74.0555,13.5,KEM,True,2025-11-21T22:08:31.546112,,390
Classic-McEliece-348864f,encap,0,1,0.0,1,0,1,ip-172-31-14-170,linux,0,74.2971,13.46,KEM,True,2025-11-21T22:08:31.620581,,391
Classic-McEliece-348864f,encap,0,1,0.0,1,0,1,ip-172-31-14-170,linux,0,74.2265,13.47,KEM,True,2025-11-21T22:08:31.694978,,392
Classic-McEliece-348864f,encap,0,1,0.0,1,0,1,ip-172-31-14-170,linux,0,74.2761,13.46,KEM,True,2025-11-21T22:08:31.769444,,393
Classic-McEliece-348864f,encap,0,1,0.0,1,0,1,ip-172-31-14-170,linux,0,74.377,13.45,KEM,True,2025-11-21T22:08:31.843987,,394
Classic-McEliece-348864f,encap,0,1,0.0,1,0,1,ip-172-31-14-170,linux,0,74.183,13.48,KEM,True,2025-11-21T22:08:31.918366,,395
Classic-McEliece-348864f,encap,0,16,0.0,1,0,1,ip-172-31-14-170,linux,0,74.2087,13.48,KEM,True,2025-11-21T22:08:31.992750,,396
Classic-McEliece-348864f,encap,0,16,0.0,1,0,1,ip-172-31-14-170,linux,0,74.4054,13.44,KEM,True,2025-11-21T22:08:32.067333,,397
Classic-McEliece-348864f,encap,0,16,0.0,1,0,1,ip-172-31-14-170,linux,0,74.269,13.46,KEM,True,2025-11-21T22:08:32.141775,,398
Classic-McEliece-348864f,encap,0,16,0.0,1,0,1,ip-172-31-14-170,linux,0,74.269,13.46,KEM,True,2025-11-21T22:08:32.216217,,399
Classic-McEliece-348864f,encap,0,16,0.0,1,0,1,ip-172-31-14-170,linux,0,74.0657,13.5,KEM,True,2025-11-21T22:08:32.290455,,400
Classic-McEliece-348864f,encap,0,64,0.0,1,0,1,ip-172-31-14-170,linux,0,74.2833,13.46,KEM,True,2025-11-21T22:08:32.364910,,401
Classic-McEliece-348864f,encap,0,64,0.0,1,0,1,ip-172-31-14-170,linux,0,74.3295,13.45,KEM,True,2025-11-21T22:08:32.439406,,402
Classic-McEliece-348864f,encap,0,64,0.0,1,0,1,ip-172-31-14-170,linux,0,74.2825,13.46,KEM,True,2025-11-21T22:08:32.513867,,403
Classic-McEliece-348864f,encap,0,64,0.0,1,0,1,ip-172-31-14-170,linux,0,74.2924,13.46,KEM,True,2025-11-21T22:08:32.588331,,404
Classic-McEliece-348864f,encap,0,64,0.0,1,0,1,ip-172-31-14-170,linux,0,74.0114,13.51,KEM,True,2025-11-21T22:08:32.662510,,405
Classic-McEliece-348864f,encap,1024,1,0.0,1,0,1,ip-172-31-14-170,linux,0,74.0756,13.5,KEM,True,2025-11-21T22:08:32.736762,,406
Classic-McEliece-348864f,encap,1024,1,0.0,1,0,1,ip-172-31-14-170,linux,0,74.0822,13.5,KEM,True,2025-11-21T22:08:32.811016,,407
Classic-McEliece-348864f,encap,1024,1,0.0,1,0,1,ip-172-31-14-170,linux,0,74.0619,13.5,KEM,True,2025-11-21T22:08:32.885270,,408
Classic-McEliece-348864f,encap,1024,1,0.0,1,0,1,ip-172-31-14-170,linux,0,74.144,13.49,KEM,True,2025-11-21T22:08:32.959580,,409
Classic-McEliece-348864f,encap,1024,1,0.0,1,0,1,ip-172-31-14-170,linux,0,74.2981,13.46,KEM,True,2025-11-21T22:08:33.034047,,410
Classic-McEliece-348864f,encap,1024,16,0.0,1,0,1,ip-172-31-14-170,linux,0,74.2783,13.46,KEM,True,2025-11-21T22:08:33.108521,,411
Classic-McEliece-348864f,encap,1024,16,0.0,1,0,1,ip-172-31-14-170,linux,0,74.1966,13.48,KEM,True,2025-11-21T22:08:33.182888,,412
Classic-McEliece-348864f,encap,1024,16,0.0,1,0,1,ip-172-31-14-170,linux,0,74.1875,13.48,KEM,True,2025-11-21T22:08:33.257247,,413
Classic-McEliece-348864f,encap,1024,16,0.0,1,0,1,ip-172-31-14-170,linux,0,74.256,13.47,KEM,True,2025-11-21T22:08:33.331671,,414
Classic-McEliece-348864f,encap,1024,16,0.0,1,0,1,ip-172-31-14-170,linux,0,74.2411,13.47,KEM,True,2025-11-21T22:08:33.406113,,415
Classic-McEliece-348864f,encap,1024,64,0.0,1,0,1,ip-172-31-14-170,linux,0,74.0526,13.5,KEM,True,2025-11-21T22:08:33.480329,,416
Classic-McEliece-348864f,encap,1024,64,0.0,1,0,1,ip-172-31-14-170,linux,0,74.1671,13.48,KEM,True,2025-11-21T22:08:33.554666,,417
Classic-McEliece-348864f,encap,1024,64,0.0,1,0,1,ip-172-31-14-170,linux,0,74.3638,13.45,KEM,True,2025-11-21T22:08:33.629202,,418
Classic-McEliece-348864f,encap,1024,64,0.0,1,0,1,ip-172-31-14-170,linux,0,74.2804,13.46,KEM,True,2025-11-21T22:08:33.703695,,419
Classic-McEliece-348864f,encap,1024,64,0.0,1,0,1,ip-172-31-14-170,linux,0,74.3035,13.46,KEM,True,2025-11-21T22:08:33.778179,,420
Classic-McEliece-348864f,decap,0,1,0.0,1,0,1,ip-172-31-14-170,linux,0,100.0052,10.0,KEM,True,2025-11-21T22:08:33.878378,,421
Classic-McEliece-348864f,decap,0,1,0.0,1,0,1,ip-172-31-14-170,linux,0,99.8759,10.01,KEM,True,2025-11-21T22:08:33.978441,,422
Classic-McEliece-348864f,decap,0,1,0.0,1,0,1,ip-172-31-14-170,linux,0,99.9736,10.0,KEM,True,2025-11-21T22:08:34.078602,,423
Classic-McEliece-348864f,decap,0,1,0.0,1,0,1,ip-172-31-14-170,linux,0,99.9205,10.01,KEM,True,2025-11-21T22:08:34.178706,,424
Classic-McEliece-348864f,decap,0,1,0.0,1,0,1,ip-172-31-14-170,linux,0,99.8742,10.01,KEM,True,2025-11-21T22:08:34.278758,,425
Classic-McEliece-348864f,decap,0,16,0.0,1,0,1,ip-172-31-14-170,linux,0,99.8317,10.02,KEM,True,2025-11-21T22:08:34.378777,,426
Classic-McEliece-348864f,decap,0,16,0.0,1,0,1,ip-172-31-14-170,linux,0,99.8047,10.02,KEM,True,2025-11-21T22:08:34.478767,,427
Classic-McEliece-348864f,decap,0,16,0.0,1,0,1,ip-172-31-14-170,linux,0,99.9166,10.01,KEM,True,2025-11-21T22:08:34.578869,,428
Classic-McEliece-348864f,decap,0,16,0.0,1,0,1,ip-172-31-14-170,linux,0,99.8082,10.02,KEM,True,2025-11-21T22:08:34.678856,,429
Classic-McEliece-348864f,decap,0,16,0.0,1,0,1,ip-172-31-14-170,linux,0,99.8013,10.02,KEM,True,2025-11-21T22:08:34.778838,,430
Classic-McEliece-348864f,decap,0,64,0.0,1,0,1,ip-172-31-14-170,linux,0,99.6348,10.04,KEM,True,2025-11-21T22:08:34.878655,,431
Classic-McEliece-348864f,decap,0,64,0.0,1,0,1,ip-172-31-14-170,linux,0,99.6437,10.04,KEM,True,2025-11-21T22:08:34.978482,,432
Classic-McEliece-348864f,decap,0,64,0.0,1,0,1,ip-172-31-14-170,linux,0,99.729,10.03,KEM,True,2025-11-21T22:08:35.078397,,433
Classic-McEliece-348864f,decap,0,64,0.0,1,0,1,ip-172-31-14-170,linux,0,99.7081,10.03,KEM,True,2025-11-21T22:08:35.178291,,434
Classic-McEliece-348864f,decap,0,64,0.0,1,0,1,ip-172-31-14-170,linux,0,99.8423,10.02,KEM,True,2025-11-21T22:08:35.278314,,435
Classic-McEliece-348864f,decap,1024,1,0.0,1,0,1,ip-172-31-14-170,linux,0,99.8131,10.02,KEM,True,2025-11-21T22:08:35.378313,,436
Classic-McEliece-348864f,decap,1024,1,0.0,1,0,1,ip-172-31-14-170,linux,0,99.8124,10.02,KEM,True,2025-11-21T22:08:35.478305,,437
Classic-McEliece-348864f,decap,1024,1,0.0,1,0,1,ip-172-31-14-170,linux,0,99.9078,10.01,KEM,True,2025-11-21T22:08:35.578399,,438
Classic-McEliece-348864f,decap,1024,1,0.0,1,0,1,ip-172-31-14-170,linux,0,99.812,10.02,KEM,True,2025-11-21T22:08:35.678389,,439
Classic-McEliece-348864f,decap,1024,1,0.0,1,0,1,ip-172-31-14-170,linux,0,99.848,10.02,KEM,True,2025-11-21T22:08:35.778421,,440
Classic-McEliece-348864f,decap,1024,16,0.0,1,0,1,ip-172-31-14-170,linux,0,99.8881,10.01,KEM,True,2025-11-21T22:08:35.878499,,441
Classic-McEliece-348864f,decap,1024,16,0.0,1,0,1,ip-172-31-14-170,linux,0,99.8727,10.01,KEM,True,2025-11-21T22:08:35.978554,,442
Classic-McEliece-348864f,decap,1024,16,0.0,1,0,1,ip-172-31-14-170,linux,0,100.0557,9.99,KEM,True,2025-11-21T22:08:36.078795,,443
Classic-McEliece-348864f,decap,1024,16,0.0,1,0,1,ip-172-31-14-170,linux,0,99.8982,10.01,KEM,True,2025-11-21T22:08:36.178875,,444
Classic-McEliece-348864f,decap,1024,16,0.0,1,0,1,ip-172-31-14-170,linux,0,99.7568,10.02,KEM,True,2025-11-21T22:08:36.278810,,445
Classic-McEliece-348864f,decap,1024,64,0.0,1,0,1,ip-172-31-14-170,linux,0,99.8982,10.01,KEM,True,2025-11-21T22:08:36.378890,,446
Classic-McEliece-348864f,decap,1024,64,0.0,1,0,1,ip-172-31-14-170,linux,0,99.8399,10.02,KEM,True,2025-11-21T22:08:36.478912,,447
Classic-McEliece-348864f,decap,1024,64,0.0,1,0,1,ip-172-31-14-170,linux,0,99.6682,10.03,KEM,True,2025-11-21T22:08:36.578769,,448
Classic-McEliece-348864f,decap,1024,64,0.0,1,0,1,ip-172-31-14-170,linux,0,99.6457,10.04,KEM,True,2025-11-21T22:08:36.678603,,449
Classic-McEliece-348864f,decap,1024,64,0.0,1,0,1,ip-172-31-14-170,linux,0,99.909,10.01,KEM,True,2025-11-21T22:08:36.778695,,450
Classic-McEliece-460896,keygen,0,1,0.0,1,0,1,ip-172-31-14-170,linux,0,744.5508,1.34,KEM,True,2025-11-21T22:08:37.523429,,451
Classic-McEliece-460896,keygen,0,1,0.0,1,0,1,ip-172-31-14-170,linux,0,642.8503,1.56,KEM,True,2025-11-21T22:08:38.166531,,452
Classic-McEliece-460896,keygen,0,1,0.0,1,0,1,ip-172-31-14-170,linux,0,534.1773,1.87,KEM,True,2025-11-21T22:08:38.700959,,453
Classic-McEliece-460896,keygen,0,1,0.0,1,0,1,ip-172-31-14-170,linux,0,543.9281,1.84,KEM,True,2025-11-21T22:08:39.245166,,454
Classic-McEliece-460896,keygen,0,1,0.0,1,0,1,ip-172-31-14-170,linux,0,218.4901,4.58,KEM,True,2025-11-21T22:08:39.463915,,455
Classic-McEliece-460896,keygen,0,16,0.0,1,0,1,ip-172-31-14-170,linux,0,218.4666,4.58,KEM,True,2025-11-21T22:08:39.682622,,456
Classic-McEliece-460896,keygen,0,16,0.0,1,0,1,ip-172-31-14-170,linux,0,645.0189,1.55,KEM,True,2025-11-21T22:08:40.327894,,457
Classic-McEliece-460896,keygen,0,16,0.0,1,0,1,ip-172-31-14-170,linux,0,428.5938,2.33,KEM,True,2025-11-21T22:08:40.756730,,458
Classic-McEliece-460896,keygen,0,16,0.0,1,0,1,ip-172-31-14-170,linux,0,534.8871,1.87,KEM,True,2025-11-21T22:08:41.291884,,459
Classic-McEliece-460896,keygen,0,16,0.0,1,0,1,ip-172-31-14-170,linux,0,332.8317,3.0,KEM,True,2025-11-21T22:08:41.624959,,460
Classic-McEliece-460896,keygen,0,64,0.0,1,0,1,ip-172-31-14-170,linux,0,218.8242,4.57,KEM,True,2025-11-21T22:08:41.844081,,461
Classic-McEliece-460896,keygen,0,64,0.0,1,0,1,ip-172-31-14-170,linux,0,546.4227,1.83,KEM,True,2025-11-21T22:08:42.390751,,462
Classic-McEliece-460896,keygen,0,64,0.0,1,0,1,ip-172-31-14-170,linux,0,1270.7109,0.79,KEM,True,2025-11-21T22:08:43.661707,,463
Classic-McEliece-460896,keygen,0,64,0.0,1,0,1,ip-172-31-14-170,linux,0,323.6574,3.09,KEM,True,2025-11-21T22:08:43.985607,,464
Classic-McEliece-460896,keygen,0,64,0.0,1,0,1,ip-172-31-14-170,linux,0,219.6885,4.55,KEM,True,2025-11-21T22:08:44.205541,,465
Classic-McEliece-460896,keygen,1024,1,0.0,1,0,1,ip-172-31-14-170,linux,0,218.0942,4.59,KEM,True,2025-11-21T22:08:44.423886,,466
Classic-McEliece-460896,keygen,1024,1,0.0,1,0,1,ip-172-31-14-170,linux,0,218.3368,4.58,KEM,True,2025-11-21T22:08:44.642464,,467
Classic-McEliece-460896,keygen,1024,1,0.0,1,0,1,ip-172-31-14-170,linux,0,978.271,1.02,KEM,True,2025-11-21T22:08:45.620974,,468
Classic-McEliece-460896,keygen,1024,1,0.0,1,0,1,ip-172-31-14-170,linux,0,2955.8737,0.34,KEM,True,2025-11-21T22:08:48.577144,,469
Classic-McEliece-460896,keygen,1024,1,0.0,1,0,1,ip-172-31-14-170,linux,0,742.4331,1.35,KEM,True,2025-11-21T22:08:49.319824,,470
Classic-McEliece-460896,keygen,1024,16,0.0,1,0,1,ip-172-31-14-170,linux,0,427.9091,2.34,KEM,True,2025-11-21T22:08:49.747979,,471
Classic-McEliece-460896,keygen,1024,16,0.0,1,0,1,ip-172-31-14-170,linux,0,853.7363,1.17,KEM,True,2025-11-21T22:08:50.601980,,472
Classic-McEliece-460896,keygen,1024,16,0.0,1,0,1,ip-172-31-14-170,linux,0,534.4328,1.87,KEM,True,2025-11-21T22:08:51.136679,,473
Classic-McEliece-460896,keygen,1024,16,0.0,1,0,1,ip-172-31-14-170,linux,0,1585.0608,0.63,KEM,True,2025-11-21T22:08:52.721992,,474
Classic-McEliece-460896,keygen,1024,16,0.0,1,0,1,ip-172-31-14-170,linux,0,218.7195,4.57,KEM,True,2025-11-21T22:08:52.940983,,475
Classic-McEliece-460896,keygen,1024,64,0.0,1,0,1,ip-172-31-14-170,linux,0,324.7235,3.08,KEM,True,2025-11-21T22:08:53.265971,,476
Classic-McEliece-460896,keygen,1024,64,0.0,1,0,1,ip-172-31-14-170,linux,0,636.7162,1.57,KEM,True,2025-11-21T22:08:53.902954,,477
Classic-McEliece-460896,keygen,1024,64,0.0,1,0,1,ip-172-31-14-170,linux,0,325.2816,3.07,KEM,True,2025-11-21T22:08:54.228477,,478
Classic-McEliece-460896,keygen,1024,64,0.0,1,0,1,ip-172-31-14-170,linux,0,324.0122,3.09,KEM,True,2025-11-21T22:08:54.552739,,479
Classic-McEliece-460896,keygen,1024,64,0.0,1,0,1,ip-172-31-14-170,linux,0,218.423,4.58,KEM,True,2025-11-21T22:08:54.771409,,480
Classic-McEliece-460896,encap,0,1,0.0,1,0,1,ip-172-31-14-170,linux,0,324.1315,3.09,KEM,True,2025-11-21T22:08:55.095649,,481
Classic-McEliece-460896,encap,0,1,0.0,1,0,1,ip-172-31-14-170,linux,0,637.7917,1.57,KEM,True,2025-11-21T22:08:55.733594,,482
Classic-McEliece-460896,encap,0,1,0.0,1,0,1,ip-172-31-14-170,linux,0,218.2282,4.58,KEM,True,2025-11-21T22:08:55.951924,,483
Classic-McEliece-460896,encap,0,1,0.0,1,0,1,ip-172-31-14-170,linux,0,640.9939,1.56,KEM,True,2025-11-21T22:08:56.593021,,484
Classic-McEliece-460896,encap,0,1,0.0,1,0,1,ip-172-31-14-170,linux,0,535.2863,1.87,KEM,True,2025-11-21T22:08:57.128425,,485
Classic-McEliece-460896,encap,0,16,0.0,1,0,1,ip-172-31-14-170,linux,0,636.5305,1.57,KEM,True,2025-11-21T22:08:57.765077,,486
Classic-McEliece-460896,encap,0,16,0.0,1,0,1,ip-172-31-14-170,linux,0,431.2608,2.32,KEM,True,2025-11-21T22:08:58.196443,,487
Classic-McEliece-460896,encap,0,16,0.0,1,0,1,ip-172-31-14-170,linux,0,323.3611,3.09,KEM,True,2025-11-21T22:08:58.519906,,488
Classic-McEliece-460896,encap,0,16,0.0,1,0,1,ip-172-31-14-170,linux,0,847.2835,1.18,KEM,True,2025-11-21T22:08:59.367291,,489
Classic-McEliece-460896,encap,0,16,0.0,1,0,1,ip-172-31-14-170,linux,0,218.2755,4.58,KEM,True,2025-11-21T22:08:59.585670,,490
Classic-McEliece-460896,encap,0,64,0.0,1,0,1,ip-172-31-14-170,linux,0,323.5224,3.09,KEM,True,2025-11-21T22:08:59.909300,,491
Classic-McEliece-460896,encap,0,64,0.0,1,0,1,ip-172-31-14-170,linux,0,799.0567,1.25,KEM,True,2025-11-21T22:09:00.708455,,492
Classic-McEliece-460896,encap,0,64,0.0,1,0,1,ip-172-31-14-170,linux,0,430.4239,2.32,KEM,True,2025-11-21T22:09:01.138986,,493
Classic-McEliece-460896,encap,0,64,0.0,1,0,1,ip-172-31-14-170,linux,0,219.0735,4.56,KEM,True,2025-11-21T22:09:01.358220,,494
Classic-McEliece-460896,encap,0,64,0.0,1,0,1,ip-172-31-14-170,linux,0,218.3131,4.58,KEM,True,2025-11-21T22:09:01.576635,,495
Classic-McEliece-460896,encap,1024,1,0.0,1,0,1,ip-172-31-14-170,linux,0,322.279,3.1,KEM,True,2025-11-21T22:09:01.899015,,496
Classic-McEliece-460896,encap,1024,1,0.0,1,0,1,ip-172-31-14-170,linux,0,429.9545,2.33,KEM,True,2025-11-21T22:09:02.329087,,497
Classic-McEliece-460896,encap,1024,1,0.0,1,0,1,ip-172-31-14-170,linux,0,542.5259,1.84,KEM,True,2025-11-21T22:09:02.871714,,498
Classic-McEliece-460896,encap,1024,1,0.0,1,0,1,ip-172-31-14-170,linux,0,217.6564,4.59,KEM,True,2025-11-21T22:09:03.089479,,499
Classic-McEliece-460896,encap,1024,1,0.0,1,0,1,ip-172-31-14-170,linux,0,427.3442,2.34,KEM,True,2025-11-21T22:09:03.516924,,500
Classic-McEliece-460896,encap,1024,16,0.0,1,0,1,ip-172-31-14-170,linux,0,323.8202,3.09,KEM,True,2025-11-21T22:09:03.840848,,501
Classic-McEliece-460896,encap,1024,16,0.0,1,0,1,ip-172-31-14-170,linux,0,429.9186,2.33,KEM,True,2025-11-21T22:09:04.270869,,502
Classic-McEliece-460896,encap,1024,16,0.0,1,0,1,ip-172-31-14-170,linux,0,437.2355,2.29,KEM,True,2025-11-21T22:09:04.708208,,503
Classic-McEliece-460896,encap,1024,16,0.0,1,0,1,ip-172-31-14-170,linux,0,850.9889,1.18,KEM,True,2025-11-21T22:09:05.559296,,504
Classic-McEliece-460896,encap,1024,16,0.0,1,0,1,ip-172-31-14-170,linux,0,746.5072,1.34,KEM,True,2025-11-21T22:09:06.305901,,505
Classic-McEliece-460896,encap,1024,64,0.0,1,0,1,ip-172-31-14-170,linux,0,428.8529,2.33,KEM,True,2025-11-21T22:09:06.734859,,506
Classic-McEliece-460896,encap,1024,64,0.0,1,0,1,ip-172-31-14-170,linux,0,428.5485,2.33,KEM,True,2025-11-21T22:09:07.163511,,507
Classic-McEliece-460896,encap,1024,64,0.0,1,0,1,ip-172-31-14-170,linux,0,636.7044,1.57,KEM,True,2025-11-21T22:09:07.800318,,508
Classic-McEliece-460896,encap,1024,64,0.0,1,0,1,ip-172-31-14-170,linux,0,218.846,4.57,KEM,True,2025-11-21T22:09:08.019266,,509
Classic-McEliece-460896,encap,1024,64,0.0,1,0,1,ip-172-31-14-170,linux,0,639.4096,1.56,KEM,True,2025-11-21T22:09:08.658779,,510
Classic-McEliece-460896,decap,0,1,0.0,1,0,1,ip-172-31-14-170,linux,0,696.8085,1.44,KEM,True,2025-11-21T22:09:09.355698,,511
Classic-McEliece-460896,decap,0,1,0.0,1,0,1,ip-172-31-14-170,linux,0,275.3809,3.63,KEM,True,2025-11-21T22:09:09.631190,,512
Classic-McEliece-460896,decap,0,1,0.0,1,0,1,ip-172-31-14-170,linux,0,910.5252,1.1,KEM,True,2025-11-21T22:09:10.541813,,513
Classic-McEliece-460896,decap,0,1,0.0,1,0,1,ip-172-31-14-170,linux,0,380.1713,2.63,KEM,True,2025-11-21T22:09:10.922084,,514
Classic-McEliece-460896,decap,0,1,0.0,1,0,1,ip-172-31-14-170,linux,0,276.0986,3.62,KEM,True,2025-11-21T22:09:11.198286,,515
Classic-McEliece-460896,decap,0,16,0.0,1,0,1,ip-172-31-14-170,linux,0,695.8685,1.44,KEM,True,2025-11-21T22:09:11.894260,,516
Classic-McEliece-460896,decap,0,16,0.0,1,0,1,ip-172-31-14-170,linux,0,275.4485,3.63,KEM,True,2025-11-21T22:09:12.169807,,517
Classic-McEliece-460896,decap,0,16,0.0,1,0,1,ip-172-31-14-170,linux,0,1117.1018,0.9,KEM,True,2025-11-21T22:09:13.287008,,518
Classic-McEliece-460896,decap,0,16,0.0,1,0,1,ip-172-31-14-170,linux,0,485.5663,2.06,KEM,True,2025-11-21T22:09:13.772684,,519
Classic-McEliece-460896,decap,0,16,0.0,1,0,1,ip-172-31-14-170,linux,0,697.6984,1.43,KEM,True,2025-11-21T22:09:14.470485,,520
Classic-McEliece-460896,decap,0,64,0.0,1,0,1,ip-172-31-14-170,linux,0,379.6227,2.63,KEM,True,2025-11-21T22:09:14.850215,,521
Classic-McEliece-460896,decap,0,64,0.0,1,0,1,ip-172-31-14-170,linux,0,597.4237,1.67,KEM,True,2025-11-21T22:09:15.447739,,522
Classic-McEliece-460896,decap,0,64,0.0,1,0,1,ip-172-31-14-170,linux,0,694.5762,1.44,KEM,True,2025-11-21T22:09:16.142424,,523
Classic-McEliece-460896,decap,0,64,0.0,1,0,1,ip-172-31-14-170,linux,0,485.4907,2.06,KEM,True,2025-11-21T22:09:16.628018,,524
Classic-McEliece-460896,decap,0,64,0.0,1,0,1,ip-172-31-14-170,linux,0,484.416,2.06,KEM,True,2025-11-21T22:09:17.112541,,525
Classic-McEliece-460896,decap,1024,1,0.0,1,0,1,ip-172-31-14-170,linux,0,589.7224,1.7,KEM,True,2025-11-21T22:09:17.702370,,526
Classic-McEliece-460896,decap,1024,1,0.0,1,0,1,ip-172-31-14-170,linux,0,1118.6595,0.89,KEM,True,2025-11-21T22:09:18.821135,,527
Classic-McEliece-460896,decap,1024,1,0.0,1,0,1,ip-172-31-14-170,linux,0,694.7007,1.44,KEM,True,2025-11-21T22:09:19.515939,,528
Classic-McEliece-460896,decap,1024,1,0.0,1,0,1,ip-172-31-14-170,linux,0,275.033,3.64,KEM,True,2025-11-21T22:09:19.791075,,529
Classic-McEliece-460896,decap,1024,1,0.0,1,0,1,ip-172-31-14-170,linux,0,1013.2518,0.99,KEM,True,2025-11-21T22:09:20.804432,,530
Classic-McEliece-460896,decap,1024,16,0.0,1,0,1,ip-172-31-14-170,linux,0,382.1951,2.62,KEM,True,2025-11-21T22:09:21.186738,,531
Classic-McEliece-460896,decap,1024,16,0.0,1,0,1,ip-172-31-14-170,linux,0,589.6367,1.7,KEM,True,2025-11-21T22:09:21.776475,,532
Classic-McEliece-460896,decap,1024,16,0.0,1,0,1,ip-172-31-14-170,linux,0,380.6246,2.63,KEM,True,2025-11-21T22:09:22.157199,,533
Classic-McEliece-460896,decap,1024,16,0.0,1,0,1,ip-172-31-14-170,linux,0,274.9987,3.64,KEM,True,2025-11-21T22:09:22.432295,,534
Classic-McEliece-460896,decap,1024,16,0.0,1,0,1,ip-172-31-14-170,linux,0,484.8389,2.06,KEM,True,2025-11-21T22:09:22.917235,,535
Classic-McEliece-460896,decap,1024,64,0.0,1,0,1,ip-172-31-14-170,linux,0,801.2117,1.25,KEM,True,2025-11-21T22:09:23.718548,,536
Classic-McEliece-460896,decap,1024,64,0.0,1,0,1,ip-172-31-14-170,linux,0,591.446,1.69,KEM,True,2025-11-21T22:09:24.310097,,537
Classic-McEliece-460896,decap,1024,64,0.0,1,0,1,ip-172-31-14-170,linux,0,275.6037,3.63,KEM,True,2025-11-21T22:09:24.585804,,538
Classic-McEliece-460896,decap,1024,64,0.0,1,0,1,ip-172-31-14-170,linux,0,590.9342,1.69,KEM,True,2025-11-21T22:09:25.176838,,539
Classic-McEliece-460896,decap,1024,64,0.0,1,0,1,ip-172-31-14-170,linux,0,1958.0758,0.51,KEM,True,2025-11-21T22:09:27.135014,,540
Classic-McEliece-460896f,keygen,0,1,0.0,1,0,1,ip-172-31-14-170,linux,0,215.0563,4.65,KEM,True,2025-11-21T22:09:27.350188,,541
Classic-McEliece-460896f,keygen,0,1,0.0,1,0,1,ip-172-31-14-170,linux,0,214.2689,4.67,KEM,True,2025-11-21T22:09:27.564562,,542
Classic-McEliece-460896f,keygen,0,1,0.0,1,0,1,ip-172-31-14-170,linux,0,214.217,4.67,KEM,True,2025-11-21T22:09:27.778881,,543
Classic-McEliece-460896f,keygen,0,1,0.0,1,0,1,ip-172-31-14-170,linux,0,214.3736,4.66,KEM,True,2025-11-21T22:09:27.993360,,544
Classic-McEliece-460896f,keygen,0,1,0.0,1,0,1,ip-172-31-14-170,linux,0,215.0113,4.65,KEM,True,2025-11-21T22:09:28.208474,,545
Classic-McEliece-460896f,keygen,0,16,0.0,1,0,1,ip-172-31-14-170,linux,0,214.3056,4.67,KEM,True,2025-11-21T22:09:28.422935,,546
Classic-McEliece-460896f,keygen,0,16,0.0,1,0,1,ip-172-31-14-170,linux,0,214.7114,4.66,KEM,True,2025-11-21T22:09:28.637749,,547
Classic-McEliece-460896f,keygen,0,16,0.0,1,0,1,ip-172-31-14-170,linux,0,214.2617,4.67,KEM,True,2025-11-21T22:09:28.852115,,548
Classic-McEliece-460896f,keygen,0,16,0.0,1,0,1,ip-172-31-14-170,linux,0,214.4782,4.66,KEM,True,2025-11-21T22:09:29.066692,,549
Classic-McEliece-460896f,keygen,0,16,0.0,1,0,1,ip-172-31-14-170,linux,0,214.7599,4.66,KEM,True,2025-11-21T22:09:29.281554,,550
Classic-McEliece-460896f,keygen,0,64,0.0,1,0,1,ip-172-31-14-170,linux,0,214.7809,4.66,KEM,True,2025-11-21T22:09:29.496438,,551
Classic-McEliece-460896f,keygen,0,64,0.0,1,0,1,ip-172-31-14-170,linux,0,214.4969,4.66,KEM,True,2025-11-21T22:09:29.711034,,552
Classic-McEliece-460896f,keygen,0,64,0.0,1,0,1,ip-172-31-14-170,linux,0,214.6158,4.66,KEM,True,2025-11-21T22:09:29.925767,,553
Classic-McEliece-460896f,keygen,0,64,0.0,1,0,1,ip-172-31-14-170,linux,0,217.0678,4.61,KEM,True,2025-11-21T22:09:30.142944,,554
Classic-McEliece-460896f,keygen,0,64,0.0,1,0,1,ip-172-31-14-170,linux,0,217.4076,4.6,KEM,True,2025-11-21T22:09:30.360462,,555
Classic-McEliece-460896f,keygen,1024,1,0.0,1,0,1,ip-172-31-14-170,linux,0,215.2849,4.65,KEM,True,2025-11-21T22:09:30.575851,,556
Classic-McEliece-460896f,keygen,1024,1,0.0,1,0,1,ip-172-31-14-170,linux,0,214.5668,4.66,KEM,True,2025-11-21T22:09:30.790517,,557
Classic-McEliece-460896f,keygen,1024,1,0.0,1,0,1,ip-172-31-14-170,linux,0,215.3009,4.64,KEM,True,2025-11-21T22:09:31.005924,,558
Classic-McEliece-460896f,keygen,1024,1,0.0,1,0,1,ip-172-31-14-170,linux,0,215.0123,4.65,KEM,True,2025-11-21T22:09:31.221068,,559
Classic-McEliece-460896f,keygen,1024,1,0.0,1,0,1,ip-172-31-14-170,linux,0,214.9422,4.65,KEM,True,2025-11-21T22:09:31.436110,,560
Classic-McEliece-460896f,keygen,1024,16,0.0,1,0,1,ip-172-31-14-170,linux,0,214.6568,4.66,KEM,True,2025-11-21T22:09:31.650872,,561
Classic-McEliece-460896f,keygen,1024,16,0.0,1,0,1,ip-172-31-14-170,linux,0,214.7044,4.66,KEM,True,2025-11-21T22:09:31.865680,,562
Classic-McEliece-460896f,keygen,1024,16,0.0,1,0,1,ip-172-31-14-170,linux,0,214.2397,4.67,KEM,True,2025-11-21T22:09:32.080022,,563
Classic-McEliece-460896f,keygen,1024,16,0.0,1,0,1,ip-172-31-14-170,linux,0,215.2213,4.65,KEM,True,2025-11-21T22:09:32.295355,,564
Classic-McEliece-460896f,keygen,1024,16,0.0,1,0,1,ip-172-31-14-170,linux,0,214.9995,4.65,KEM,True,2025-11-21T22:09:32.510457,,565
Classic-McEliece-460896f,keygen,1024,64,0.0,1,0,1,ip-172-31-14-170,linux,0,215.1794,4.65,KEM,True,2025-11-21T22:09:32.725743,,566
Classic-McEliece-460896f,keygen,1024,64,0.0,1,0,1,ip-172-31-14-170,linux,0,214.7127,4.66,KEM,True,2025-11-21T22:09:32.940560,,567
Classic-McEliece-460896f,keygen,1024,64,0.0,1,0,1,ip-172-31-14-170,linux,0,215.6284,4.64,KEM,True,2025-11-21T22:09:33.156294,,568
Classic-McEliece-460896f,keygen,1024,64,0.0,1,0,1,ip-172-31-14-170,linux,0,214.9885,4.65,KEM,True,2025-11-21T22:09:33.371385,,569
Classic-McEliece-460896f,keygen,1024,64,0.0,1,0,1,ip-172-31-14-170,linux,0,214.5439,4.66,KEM,True,2025-11-21T22:09:33.586030,,570
Classic-McEliece-460896f,encap,0,1,0.0,1,0,1,ip-172-31-14-170,linux,0,214.3728,4.66,KEM,True,2025-11-21T22:09:33.800517,,571
Classic-McEliece-460896f,encap,0,1,0.0,1,0,1,ip-172-31-14-170,linux,0,215.2881,4.64,KEM,True,2025-11-21T22:09:34.015908,,572
Classic-McEliece-460896f,encap,0,1,0.0,1,0,1,ip-172-31-14-170,linux,0,215.5313,4.64,KEM,True,2025-11-21T22:09:34.231541,,573
Classic-McEliece-460896f,encap,0,1,0.0,1,0,1,ip-172-31-14-170,linux,0,215.0276,4.65,KEM,True,2025-11-21T22:09:34.446671,,574
Classic-McEliece-460896f,encap,0,1,0.0,1,0,1,ip-172-31-14-170,linux,0,214.8643,4.65,KEM,True,2025-11-21T22:09:34.661633,,575
Classic-McEliece-460896f,encap,0,16,0.0,1,0,1,ip-172-31-14-170,linux,0,215.4956,4.64,KEM,True,2025-11-21T22:09:34.877232,,576
Classic-McEliece-460896f,encap,0,16,0.0,1,0,1,ip-172-31-14-170,linux,0,215.2278,4.65,KEM,True,2025-11-21T22:09:35.092557,,577
Classic-McEliece-460896f,encap,0,16,0.0,1,0,1,ip-172-31-14-170,linux,0,215.5343,4.64,KEM,True,2025-11-21T22:09:35.308193,,578
Classic-McEliece-460896f,encap,0,16,0.0,1,0,1,ip-172-31-14-170,linux,0,214.6497,4.66,KEM,True,2025-11-21T22:09:35.522942,,579
Classic-McEliece-460896f,encap,0,16,0.0,1,0,1,ip-172-31-14-170,linux,0,215.5504,4.64,KEM,True,2025-11-21T22:09:35.738593,,580
Classic-McEliece-460896f,encap,0,64,0.0,1,0,1,ip-172-31-14-170,linux,0,215.3874,4.64,KEM,True,2025-11-21T22:09:35.954084,,581
Classic-McEliece-460896f,encap,0,64,0.0,1,0,1,ip-172-31-14-170,linux,0,216.6804,4.62,KEM,True,2025-11-21T22:09:36.170864,,582
Classic-McEliece-460896f,encap,0,64,0.0,1,0,1,ip-172-31-14-170,linux,0,215.2589,4.65,KEM,True,2025-11-21T22:09:36.386225,,583
Classic-McEliece-460896f,encap,0,64,0.0,1,0,1,ip-172-31-14-170,linux,0,214.8523,4.65,KEM,True,2025-11-21T22:09:36.601174,,584
Classic-McEliece-460896f,encap,0,64,0.0,1,0,1,ip-172-31-14-170,linux,0,214.901,4.65,KEM,True,2025-11-21T22:09:36.816171,,585
Classic-McEliece-460896f,encap,1024,1,0.0,1,0,1,ip-172-31-14-170,linux,0,215.2429,4.65,KEM,True,2025-11-21T22:09:37.031519,,586
Classic-McEliece-460896f,encap,1024,1,0.0,1,0,1,ip-172-31-14-170,linux,0,214.8617,4.65,KEM,True,2025-11-21T22:09:37.246488,,587
Classic-McEliece-460896f,encap,1024,1,0.0,1,0,1,ip-172-31-14-170,linux,0,214.6639,4.66,KEM,True,2025-11-21T22:09:37.461249,,588
Classic-McEliece-460896f,encap,1024,1,0.0,1,0,1,ip-172-31-14-170,linux,0,214.8429,4.65,KEM,True,2025-11-21T22:09:37.676190,,589
Classic-McEliece-460896f,encap,1024,1,0.0,1,0,1,ip-172-31-14-170,linux,0,215.3511,4.64,KEM,True,2025-11-21T22:09:37.891640,,590
Classic-McEliece-460896f,encap,1024,16,0.0,1,0,1,ip-172-31-14-170,linux,0,215.3675,4.64,KEM,True,2025-11-21T22:09:38.107108,,591
Classic-McEliece-460896f,encap,1024,16,0.0,1,0,1,ip-172-31-14-170,linux,0,215.8413,4.63,KEM,True,2025-11-21T22:09:38.323075,,592
Classic-McEliece-460896f,encap,1024,16,0.0,1,0,1,ip-172-31-14-170,linux,0,214.8827,4.65,KEM,True,2025-11-21T22:09:38.538076,,593
Classic-McEliece-460896f,encap,1024,16,0.0,1,0,1,ip-172-31-14-170,linux,0,215.2058,4.65,KEM,True,2025-11-21T22:09:38.753386,,594
Classic-McEliece-460896f,encap,1024,16,0.0,1,0,1,ip-172-31-14-170,linux,0,215.3634,4.64,KEM,True,2025-11-21T22:09:38.968852,,595
Classic-McEliece-460896f,encap,1024,64,0.0,1,0,1,ip-172-31-14-170,linux,0,215.3543,4.64,KEM,True,2025-11-21T22:09:39.184305,,596
Classic-McEliece-460896f,encap,1024,64,0.0,1,0,1,ip-172-31-14-170,linux,0,215.1306,4.65,KEM,True,2025-11-21T22:09:39.399535,,597
Classic-McEliece-460896f,encap,1024,64,0.0,1,0,1,ip-172-31-14-170,linux,0,215.1577,4.65,KEM,True,2025-11-21T22:09:39.614792,,598
Classic-McEliece-460896f,encap,1024,64,0.0,1,0,1,ip-172-31-14-170,linux,0,214.9886,4.65,KEM,True,2025-11-21T22:09:39.829879,,599
Classic-McEliece-460896f,encap,1024,64,0.0,1,0,1,ip-172-31-14-170,linux,0,215.642,4.64,KEM,True,2025-11-21T22:09:40.045628,,600
Classic-McEliece-460896f,decap,0,1,0.0,1,0,1,ip-172-31-14-170,linux,0,273.0508,3.66,KEM,True,2025-11-21T22:09:40.318802,,601
Classic-McEliece-460896f,decap,0,1,0.0,1,0,1,ip-172-31-14-170,linux,0,271.8787,3.68,KEM,True,2025-11-21T22:09:40.590813,,602
Classic-McEliece-460896f,decap,0,1,0.0,1,0,1,ip-172-31-14-170,linux,0,272.1599,3.67,KEM,True,2025-11-21T22:09:40.863075,,603
Classic-McEliece-460896f,decap,0,1,0.0,1,0,1,ip-172-31-14-170,linux,0,272.0549,3.68,KEM,True,2025-11-21T22:09:41.135229,,604
Classic-McEliece-460896f,decap,0,1,0.0,1,0,1,ip-172-31-14-170,linux,0,272.4678,3.67,KEM,True,2025-11-21T22:09:41.407798,,605
Classic-McEliece-460896f,decap,0,16,0.0,1,0,1,ip-172-31-14-170,linux,0,272.6184,3.67,KEM,True,2025-11-21T22:09:41.680524,,606
Classic-McEliece-460896f,decap,0,16,0.0,1,0,1,ip-172-31-14-170,linux,0,272.5278,3.67,KEM,True,2025-11-21T22:09:41.953156,,607
Classic-McEliece-460896f,decap,0,16,0.0,1,0,1,ip-172-31-14-170,linux,0,274.8684,3.64,KEM,True,2025-11-21T22:09:42.228128,,608
Classic-McEliece-460896f,decap,0,16,0.0,1,0,1,ip-172-31-14-170,linux,0,275.8128,3.63,KEM,True,2025-11-21T22:09:42.504125,,609
Classic-McEliece-460896f,decap,0,16,0.0,1,0,1,ip-172-31-14-170,linux,0,272.6877,3.67,KEM,True,2025-11-21T22:09:42.776913,,610
Classic-McEliece-460896f,decap,0,64,0.0,1,0,1,ip-172-31-14-170,linux,0,272.7191,3.67,KEM,True,2025-11-21T22:09:43.049736,,611
Classic-McEliece-460896f,decap,0,64,0.0,1,0,1,ip-172-31-14-170,linux,0,272.5115,3.67,KEM,True,2025-11-21T22:09:43.322351,,612
Classic-McEliece-460896f,decap,0,64,0.0,1,0,1,ip-172-31-14-170,linux,0,272.9014,3.66,KEM,True,2025-11-21T22:09:43.595357,,613
Classic-McEliece-460896f,decap,0,64,0.0,1,0,1,ip-172-31-14-170,linux,0,272.6447,3.67,KEM,True,2025-11-21T22:09:43.868102,,614
Classic-McEliece-460896f,decap,0,64,0.0,1,0,1,ip-172-31-14-170,linux,0,272.3056,3.67,KEM,True,2025-11-21T22:09:44.140508,,615
Classic-McEliece-460896f,decap,1024,1,0.0,1,0,1,ip-172-31-14-170,linux,0,272.3931,3.67,KEM,True,2025-11-21T22:09:44.413004,,616
Classic-McEliece-460896f,decap,1024,1,0.0,1,0,1,ip-172-31-14-170,linux,0,272.1163,3.67,KEM,True,2025-11-21T22:09:44.685231,,617
Classic-McEliece-460896f,decap,1024,1,0.0,1,0,1,ip-172-31-14-170,linux,0,272.3586,3.67,KEM,True,2025-11-21T22:09:44.957691,,618
Classic-McEliece-460896f,decap,1024,1,0.0,1,0,1,ip-172-31-14-170,linux,0,277.1974,3.61,KEM,True,2025-11-21T22:09:45.234989,,619
Classic-McEliece-460896f,decap,1024,1,0.0,1,0,1,ip-172-31-14-170,linux,0,280.7023,3.56,KEM,True,2025-11-21T22:09:45.517442,,620
Classic-McEliece-460896f,decap,1024,16,0.0,1,0,1,ip-172-31-14-170,linux,0,273.4438,3.66,KEM,True,2025-11-21T22:09:45.790990,,621
Classic-McEliece-460896f,decap,1024,16,0.0,1,0,1,ip-172-31-14-170,linux,0,272.7415,3.67,KEM,True,2025-11-21T22:09:46.063844,,622
Classic-McEliece-460896f,decap,1024,16,0.0,1,0,1,ip-172-31-14-170,linux,0,272.3589,3.67,KEM,True,2025-11-21T22:09:46.336306,,623
Classic-McEliece-460896f,decap,1024,16,0.0,1,0,1,ip-172-31-14-170,linux,0,271.8582,3.68,KEM,True,2025-11-21T22:09:46.608267,,624
Classic-McEliece-460896f,decap,1024,16,0.0,1,0,1,ip-172-31-14-170,linux,0,272.2848,3.67,KEM,True,2025-11-21T22:09:46.880656,,625
Classic-McEliece-460896f,decap,1024,64,0.0,1,0,1,ip-172-31-14-170,linux,0,272.3951,3.67,KEM,True,2025-11-21T22:09:47.153155,,626
Classic-McEliece-460896f,decap,1024,64,0.0,1,0,1,ip-172-31-14-170,linux,0,271.9908,3.68,KEM,True,2025-11-21T22:09:47.425250,,627
Classic-McEliece-460896f,decap,1024,64,0.0,1,0,1,ip-172-31-14-170,linux,0,273.2712,3.66,KEM,True,2025-11-21T22:09:47.698623,,628
Classic-McEliece-460896f,decap,1024,64,0.0,1,0,1,ip-172-31-14-170,linux,0,273.4993,3.66,KEM,True,2025-11-21T22:09:47.972227,,629
Classic-McEliece-460896f,decap,1024,64,0.0,1,0,1,ip-172-31-14-170,linux,0,273.7362,3.65,KEM,True,2025-11-21T22:09:48.246070,,630
Classic-McEliece-6688128,keygen,0,1,0.0,1,0,1,ip-172-31-14-170,linux,0,2005.7746,0.5,KEM,True,2025-11-21T22:09:50.252120,,631
Classic-McEliece-6688128,keygen,0,1,0.0,1,0,1,ip-172-31-14-170,linux,0,652.2601,1.53,KEM,True,2025-11-21T22:09:50.904487,,632
Classic-McEliece-6688128,keygen,0,1,0.0,1,0,1,ip-172-31-14-170,linux,0,1468.6727,0.68,KEM,True,2025-11-21T22:09:52.373270,,633
Classic-McEliece-6688128,keygen,0,1,0.0,1,0,1,ip-172-31-14-170,linux,0,922.7039,1.08,KEM,True,2025-11-21T22:09:53.296091,,634
Classic-McEliece-6688128,keygen,0,1,0.0,1,0,1,ip-172-31-14-170,linux,0,651.4869,1.53,KEM,True,2025-11-21T22:09:53.947687,,635
Classic-McEliece-6688128,keygen,0,16,0.0,1,0,1,ip-172-31-14-170,linux,0,384.8726,2.6,KEM,True,2025-11-21T22:09:54.332678,,636
Classic-McEliece-6688128,keygen,0,16,0.0,1,0,1,ip-172-31-14-170,linux,0,653.2048,1.53,KEM,True,2025-11-21T22:09:54.985993,,637
Classic-McEliece-6688128,keygen,0,16,0.0,1,0,1,ip-172-31-14-170,linux,0,1466.8542,0.68,KEM,True,2025-11-21T22:09:56.452964,,638
Classic-McEliece-6688128,keygen,0,16,0.0,1,0,1,ip-172-31-14-170,linux,0,384.3434,2.6,KEM,True,2025-11-21T22:09:56.837432,,639
Classic-McEliece-6688128,keygen,0,16,0.0,1,0,1,ip-172-31-14-170,linux,0,383.615,2.61,KEM,True,2025-11-21T22:09:57.221160,,640
Classic-McEliece-6688128,keygen,0,64,0.0,1,0,1,ip-172-31-14-170,linux,0,383.0369,2.61,KEM,True,2025-11-21T22:09:57.604308,,641
Classic-McEliece-6688128,keygen,0,64,0.0,1,0,1,ip-172-31-14-170,linux,0,654.5959,1.53,KEM,True,2025-11-21T22:09:58.259008,,642
Classic-McEliece-6688128,keygen,0,64,0.0,1,0,1,ip-172-31-14-170,linux,0,2337.012,0.43,KEM,True,2025-11-21T22:10:00.596145,,643
Classic-McEliece-6688128,keygen,0,64,0.0,1,0,1,ip-172-31-14-170,linux,0,707.7182,1.41,KEM,True,2025-11-21T22:10:01.305603,,644
Classic-McEliece-6688128,keygen,0,64,0.0,1,0,1,ip-172-31-14-170,linux,0,389.1341,2.57,KEM,True,2025-11-21T22:10:01.694877,,645
Classic-McEliece-6688128,keygen,1024,1,0.0,1,0,1,ip-172-31-14-170,linux,0,1740.0011,0.57,KEM,True,2025-11-21T22:10:03.434992,,646
Classic-McEliece-6688128,keygen,1024,1,0.0,1,0,1,ip-172-31-14-170,linux,0,1463.9275,0.68,KEM,True,2025-11-21T22:10:04.899041,,647
Classic-McEliece-6688128,keygen,1024,1,0.0,1,0,1,ip-172-31-14-170,linux,0,386.2895,2.59,KEM,True,2025-11-21T22:10:05.285450,,648
Classic-McEliece-6688128,keygen,1024,1,0.0,1,0,1,ip-172-31-14-170,linux,0,652.5786,1.53,KEM,True,2025-11-21T22:10:05.938139,,649
Classic-McEliece-6688128,keygen,1024,1,0.0,1,0,1,ip-172-31-14-170,linux,0,386.4678,2.59,KEM,True,2025-11-21T22:10:06.324715,,650
Classic-McEliece-6688128,keygen,1024,16,0.0,1,0,1,ip-172-31-14-170,linux,0,2286.8065,0.44,KEM,True,2025-11-21T22:10:08.611634,,651
Classic-McEliece-6688128,keygen,1024,16,0.0,1,0,1,ip-172-31-14-170,linux,0,653.6788,1.53,KEM,True,2025-11-21T22:10:09.265422,,652
Classic-McEliece-6688128,keygen,1024,16,0.0,1,0,1,ip-172-31-14-170,linux,0,1199.9336,0.83,KEM,True,2025-11-21T22:10:10.465466,,653
Classic-McEliece-6688128,keygen,1024,16,0.0,1,0,1,ip-172-31-14-170,linux,0,925.3754,1.08,KEM,True,2025-11-21T22:10:11.390953,,654
Classic-McEliece-6688128,keygen,1024,16,0.0,1,0,1,ip-172-31-14-170,linux,0,655.2691,1.53,KEM,True,2025-11-21T22:10:12.046334,,655
Classic-McEliece-6688128,keygen,1024,64,0.0,1,0,1,ip-172-31-14-170,linux,0,384.89,2.6,KEM,True,2025-11-21T22:10:12.431343,,656
Classic-McEliece-6688128,keygen,1024,64,0.0,1,0,1,ip-172-31-14-170,linux,0,654.9101,1.53,KEM,True,2025-11-21T22:10:13.086365,,657
Classic-McEliece-6688128,keygen,1024,64,0.0,1,0,1,ip-172-31-14-170,linux,0,1745.3265,0.57,KEM,True,2025-11-21T22:10:14.831800,,658
Classic-McEliece-6688128,keygen,1024,64,0.0,1,0,1,ip-172-31-14-170,linux,0,390.1892,2.56,KEM,True,2025-11-21T22:10:15.222098,,659
Classic-McEliece-6688128,keygen,1024,64,0.0,1,0,1,ip-172-31-14-170,linux,0,656.2578,1.52,KEM,True,2025-11-21T22:10:15.878465,,660
Classic-McEliece-6688128,encap,0,1,0.0,1,0,1,ip-172-31-14-170,linux,0,387.9201,2.58,KEM,True,2025-11-21T22:10:16.266498,,661
Classic-McEliece-6688128,encap,0,1,0.0,1,0,1,ip-172-31-14-170,linux,0,384.1951,2.6,KEM,True,2025-11-21T22:10:16.650798,,662
Classic-McEliece-6688128,encap,0,1,0.0,1,0,1,ip-172-31-14-170,linux,0,1197.863,0.83,KEM,True,2025-11-21T22:10:17.848765,,663
Classic-McEliece-6688128,encap,0,1,0.0,1,0,1,ip-172-31-14-170,linux,0,387.7241,2.58,KEM,True,2025-11-21T22:10:18.236599,,664
Classic-McEliece-6688128,encap,0,1,0.0,1,0,1,ip-172-31-14-170,linux,0,383.8331,2.61,KEM,True,2025-11-21T22:10:18.620543,,665
Classic-McEliece-6688128,encap,0,16,0.0,1,0,1,ip-172-31-14-170,linux,0,656.0823,1.52,KEM,True,2025-11-21T22:10:19.276730,,666
Classic-McEliece-6688128,encap,0,16,0.0,1,0,1,ip-172-31-14-170,linux,0,1473.9774,0.68,KEM,True,2025-11-21T22:10:20.750812,,667
Classic-McEliece-6688128,encap,0,16,0.0,1,0,1,ip-172-31-14-170,linux,0,2016.5255,0.5,KEM,True,2025-11-21T22:10:22.767446,,668
Classic-McEliece-6688128,encap,0,16,0.0,1,0,1,ip-172-31-14-170,linux,0,2291.8281,0.44,KEM,True,2025-11-21T22:10:25.059384,,669
Classic-McEliece-6688128,encap,0,16,0.0,1,0,1,ip-172-31-14-170,linux,0,659.4203,1.52,KEM,True,2025-11-21T22:10:25.718923,,670
Classic-McEliece-6688128,encap,0,64,0.0,1,0,1,ip-172-31-14-170,linux,0,657.0986,1.52,KEM,True,2025-11-21T22:10:26.376131,,671
Classic-McEliece-6688128,encap,0,64,0.0,1,0,1,ip-172-31-14-170,linux,0,386.0342,2.59,KEM,True,2025-11-21T22:10:26.762330,,672
Classic-McEliece-6688128,encap,0,64,0.0,1,0,1,ip-172-31-14-170,linux,0,656.5144,1.52,KEM,True,2025-11-21T22:10:27.418951,,673
Classic-McEliece-6688128,encap,0,64,0.0,1,0,1,ip-172-31-14-170,linux,0,1205.6348,0.83,KEM,True,2025-11-21T22:10:28.624690,,674
Classic-McEliece-6688128,encap,0,64,0.0,1,0,1,ip-172-31-14-170,linux,0,657.816,1.52,KEM,True,2025-11-21T22:10:29.282612,,675
Classic-McEliece-6688128,encap,1024,1,0.0,1,0,1,ip-172-31-14-170,linux,0,2312.463,0.43,KEM,True,2025-11-21T22:10:31.595186,,676
Classic-McEliece-6688128,encap,1024,1,0.0,1,0,1,ip-172-31-14-170,linux,0,656.2473,1.52,KEM,True,2025-11-21T22:10:32.251542,,677
Classic-McEliece-6688128,encap,1024,1,0.0,1,0,1,ip-172-31-14-170,linux,0,654.6647,1.53,KEM,True,2025-11-21T22:10:32.906313,,678
Classic-McEliece-6688128,encap,1024,1,0.0,1,0,1,ip-172-31-14-170,linux,0,1736.4161,0.58,KEM,True,2025-11-21T22:10:34.642830,,679
Classic-McEliece-6688128,encap,1024,1,0.0,1,0,1,ip-172-31-14-170,linux,0,1476.2709,0.68,KEM,True,2025-11-21T22:10:36.119207,,680
Classic-McEliece-6688128,encap,1024,16,0.0,1,0,1,ip-172-31-14-170,linux,0,944.9258,1.06,KEM,True,2025-11-21T22:10:37.064241,,681
Classic-McEliece-6688128,encap,1024,16,0.0,1,0,1,ip-172-31-14-170,linux,0,383.4316,2.61,KEM,True,2025-11-21T22:10:37.447779,,682
Classic-McEliece-6688128,encap,1024,16,0.0,1,0,1,ip-172-31-14-170,linux,0,930.2136,1.08,KEM,True,2025-11-21T22:10:38.378100,,683
Classic-McEliece-6688128,encap,1024,16,0.0,1,0,1,ip-172-31-14-170,linux,0,654.1239,1.53,KEM,True,2025-11-21T22:10:39.032321,,684
Classic-McEliece-6688128,encap,1024,16,0.0,1,0,1,ip-172-31-14-170,linux,0,2308.6927,0.43,KEM,True,2025-11-21T22:10:41.341120,,685
Classic-McEliece-6688128,encap,1024,64,0.0,1,0,1,ip-172-31-14-170,linux,0,1485.3279,0.67,KEM,True,2025-11-21T22:10:42.826557,,686
Classic-McEliece-6688128,encap,1024,64,0.0,1,0,1,ip-172-31-14-170,linux,0,657.1606,1.52,KEM,True,2025-11-21T22:10:43.483827,,687
Classic-McEliece-6688128,encap,1024,64,0.0,1,0,1,ip-172-31-14-170,linux,0,659.1932,1.52,KEM,True,2025-11-21T22:10:44.143129,,688
Classic-McEliece-6688128,encap,1024,64,0.0,1,0,1,ip-172-31-14-170,linux,0,383.8869,2.6,KEM,True,2025-11-21T22:10:44.527123,,689
Classic-McEliece-6688128,encap,1024,64,0.0,1,0,1,ip-172-31-14-170,linux,0,384.0413,2.6,KEM,True,2025-11-21T22:10:44.911268,,690
Classic-McEliece-6688128,decap,0,1,0.0,1,0,1,ip-172-31-14-170,linux,0,1089.3706,0.92,KEM,True,2025-11-21T22:10:46.000751,,691
Classic-McEliece-6688128,decap,0,1,0.0,1,0,1,ip-172-31-14-170,linux,0,765.5224,1.31,KEM,True,2025-11-21T22:10:46.766389,,692
Classic-McEliece-6688128,decap,0,1,0.0,1,0,1,ip-172-31-14-170,linux,0,3755.2257,0.27,KEM,True,2025-11-21T22:10:50.521717,,693
Classic-McEliece-6688128,decap,0,1,0.0,1,0,1,ip-172-31-14-170,linux,0,492.6113,2.03,KEM,True,2025-11-21T22:10:51.014431,,694
Classic-McEliece-6688128,decap,0,1,0.0,1,0,1,ip-172-31-14-170,linux,0,763.1476,1.31,KEM,True,2025-11-21T22:10:51.777680,,695
Classic-McEliece-6688128,decap,0,16,0.0,1,0,1,ip-172-31-14-170,linux,0,766.0035,1.31,KEM,True,2025-11-21T22:10:52.543789,,696
Classic-McEliece-6688128,decap,0,16,0.0,1,0,1,ip-172-31-14-170,linux,0,765.876,1.31,KEM,True,2025-11-21T22:10:53.309771,,697
Classic-McEliece-6688128,decap,0,16,0.0,1,0,1,ip-172-31-14-170,linux,0,492.7475,2.03,KEM,True,2025-11-21T22:10:53.802621,,698
Classic-McEliece-6688128,decap,0,16,0.0,1,0,1,ip-172-31-14-170,linux,0,1038.8814,0.96,KEM,True,2025-11-21T22:10:54.841610,,699
Classic-McEliece-6688128,decap,0,16,0.0,1,0,1,ip-172-31-14-170,linux,0,500.2016,2.0,KEM,True,2025-11-21T22:10:55.341915,,700
Classic-McEliece-6688128,decap,0,64,0.0,1,0,1,ip-172-31-14-170,linux,0,1309.9206,0.76,KEM,True,2025-11-21T22:10:56.651944,,701
Classic-McEliece-6688128,decap,0,64,0.0,1,0,1,ip-172-31-14-170,linux,0,765.8487,1.31,KEM,True,2025-11-21T22:10:57.417898,,702
Classic-McEliece-6688128,decap,0,64,0.0,1,0,1,ip-172-31-14-170,linux,0,1309.1982,0.76,KEM,True,2025-11-21T22:10:58.727200,,703
Classic-McEliece-6688128,decap,0,64,0.0,1,0,1,ip-172-31-14-170,linux,0,762.8725,1.31,KEM,True,2025-11-21T22:10:59.490176,,704
Classic-McEliece-6688128,decap,0,64,0.0,1,0,1,ip-172-31-14-170,linux,0,1077.7353,0.93,KEM,True,2025-11-21T22:11:00.568019,,705
Classic-McEliece-6688128,decap,1024,1,0.0,1,0,1,ip-172-31-14-170,linux,0,516.1949,1.94,KEM,True,2025-11-21T22:11:01.085958,,706
Classic-McEliece-6688128,decap,1024,1,0.0,1,0,1,ip-172-31-14-170,linux,0,1035.2816,0.97,KEM,True,2025-11-21T22:11:02.121344,,707
Classic-McEliece-6688128,decap,1024,1,0.0,1,0,1,ip-172-31-14-170,linux,0,495.1842,2.02,KEM,True,2025-11-21T22:11:02.616630,,708
Classic-McEliece-6688128,decap,1024,1,0.0,1,0,1,ip-172-31-14-170,linux,0,1322.3652,0.76,KEM,True,2025-11-21T22:11:03.939097,,709
Classic-McEliece-6688128,decap,1024,1,0.0,1,0,1,ip-172-31-14-170,linux,0,1312.2215,0.76,KEM,True,2025-11-21T22:11:05.251425,,710
Classic-McEliece-6688128,decap,1024,16,0.0,1,0,1,ip-172-31-14-170,linux,0,763.5697,1.31,KEM,True,2025-11-21T22:11:06.015102,,711
Classic-McEliece-6688128,decap,1024,16,0.0,1,0,1,ip-172-31-14-170,linux,0,1035.201,0.97,KEM,True,2025-11-21T22:11:07.050416,,712
Classic-McEliece-6688128,decap,1024,16,0.0,1,0,1,ip-172-31-14-170,linux,0,762.0639,1.31,KEM,True,2025-11-21T22:11:07.812587,,713
Classic-McEliece-6688128,decap,1024,16,0.0,1,0,1,ip-172-31-14-170,linux,0,496.1896,2.02,KEM,True,2025-11-21T22:11:08.308882,,714
Classic-McEliece-6688128,decap,1024,16,0.0,1,0,1,ip-172-31-14-170,linux,0,764.6837,1.31,KEM,True,2025-11-21T22:11:09.073673,,715
Classic-McEliece-6688128,decap,1024,64,0.0,1,0,1,ip-172-31-14-170,linux,0,762.4699,1.31,KEM,True,2025-11-21T22:11:09.836257,,716
Classic-McEliece-6688128,decap,1024,64,0.0,1,0,1,ip-172-31-14-170,linux,0,499.3555,2.0,KEM,True,2025-11-21T22:11:10.335722,,717
Classic-McEliece-6688128,decap,1024,64,0.0,1,0,1,ip-172-31-14-170,linux,0,764.3832,1.31,KEM,True,2025-11-21T22:11:11.100217,,718
Classic-McEliece-6688128,decap,1024,64,0.0,1,0,1,ip-172-31-14-170,linux,0,766.6018,1.3,KEM,True,2025-11-21T22:11:11.866918,,719
Classic-McEliece-6688128,decap,1024,64,0.0,1,0,1,ip-172-31-14-170,linux,0,496.4099,2.01,KEM,True,2025-11-21T22:11:12.363431,,720
Classic-McEliece-6688128f,keygen,0,1,0.0,1,0,1,ip-172-31-14-170,linux,0,382.3719,2.62,KEM,True,2025-11-21T22:11:12.745918,,721
Classic-McEliece-6688128f,keygen,0,1,0.0,1,0,1,ip-172-31-14-170,linux,0,382.401,2.62,KEM,True,2025-11-21T22:11:13.128430,,722
Classic-McEliece-6688128f,keygen,0,1,0.0,1,0,1,ip-172-31-14-170,linux,0,381.8577,2.62,KEM,True,2025-11-21T22:11:13.510397,,723
Classic-McEliece-6688128f,keygen,0,1,0.0,1,0,1,ip-172-31-14-170,linux,0,383.2973,2.61,KEM,True,2025-11-21T22:11:13.893810,,724
Classic-McEliece-6688128f,keygen,0,1,0.0,1,0,1,ip-172-31-14-170,linux,0,384.8212,2.6,KEM,True,2025-11-21T22:11:14.278737,,725
Classic-McEliece-6688128f,keygen,0,16,0.0,1,0,1,ip-172-31-14-170,linux,0,381.7423,2.62,KEM,True,2025-11-21T22:11:14.660594,,726
Classic-McEliece-6688128f,keygen,0,16,0.0,1,0,1,ip-172-31-14-170,linux,0,381.0912,2.62,KEM,True,2025-11-21T22:11:15.041796,,727
Classic-McEliece-6688128f,keygen,0,16,0.0,1,0,1,ip-172-31-14-170,linux,0,385.0753,2.6,KEM,True,2025-11-21T22:11:15.426991,,728
Classic-McEliece-6688128f,keygen,0,16,0.0,1,0,1,ip-172-31-14-170,linux,0,380.7699,2.63,KEM,True,2025-11-21T22:11:15.807888,,729
Classic-McEliece-6688128f,keygen,0,16,0.0,1,0,1,ip-172-31-14-170,linux,0,383.1556,2.61,KEM,True,2025-11-21T22:11:16.191151,,730
Classic-McEliece-6688128f,keygen,0,64,0.0,1,0,1,ip-172-31-14-170,linux,0,380.8716,2.63,KEM,True,2025-11-21T22:11:16.572131,,731
Classic-McEliece-6688128f,keygen,0,64,0.0,1,0,1,ip-172-31-14-170,linux,0,380.8023,2.63,KEM,True,2025-11-21T22:11:16.953040,,732
Classic-McEliece-6688128f,keygen,0,64,0.0,1,0,1,ip-172-31-14-170,linux,0,381.314,2.62,KEM,True,2025-11-21T22:11:17.334471,,733
Classic-McEliece-6688128f,keygen,0,64,0.0,1,0,1,ip-172-31-14-170,linux,0,381.2073,2.62,KEM,True,2025-11-21T22:11:17.715791,,734
Classic-McEliece-6688128f,keygen,0,64,0.0,1,0,1,ip-172-31-14-170,linux,0,381.7578,2.62,KEM,True,2025-11-21T22:11:18.097707,,735
Classic-McEliece-6688128f,keygen,1024,1,0.0,1,0,1,ip-172-31-14-170,linux,0,381.6614,2.62,KEM,True,2025-11-21T22:11:18.479484,,736
Classic-McEliece-6688128f,keygen,1024,1,0.0,1,0,1,ip-172-31-14-170,linux,0,380.8219,2.63,KEM,True,2025-11-21T22:11:18.860415,,737
Classic-McEliece-6688128f,keygen,1024,1,0.0,1,0,1,ip-172-31-14-170,linux,0,382.7306,2.61,KEM,True,2025-11-21T22:11:19.243254,,738
Classic-McEliece-6688128f,keygen,1024,1,0.0,1,0,1,ip-172-31-14-170,linux,0,381.5429,2.62,KEM,True,2025-11-21T22:11:19.624907,,739
Classic-McEliece-6688128f,keygen,1024,1,0.0,1,0,1,ip-172-31-14-170,linux,0,381.2381,2.62,KEM,True,2025-11-21T22:11:20.006254,,740
Classic-McEliece-6688128f,keygen,1024,16,0.0,1,0,1,ip-172-31-14-170,linux,0,381.6598,2.62,KEM,True,2025-11-21T22:11:20.388040,,741
Classic-McEliece-6688128f,keygen,1024,16,0.0,1,0,1,ip-172-31-14-170,linux,0,381.8733,2.62,KEM,True,2025-11-21T22:11:20.770033,,742
Classic-McEliece-6688128f,keygen,1024,16,0.0,1,0,1,ip-172-31-14-170,linux,0,383.107,2.61,KEM,True,2025-11-21T22:11:21.153260,,743
Classic-McEliece-6688128f,keygen,1024,16,0.0,1,0,1,ip-172-31-14-170,linux,0,381.0793,2.62,KEM,True,2025-11-21T22:11:21.534448,,744
Classic-McEliece-6688128f,keygen,1024,16,0.0,1,0,1,ip-172-31-14-170,linux,0,383.7208,2.61,KEM,True,2025-11-21T22:11:21.918277,,745
Classic-McEliece-6688128f,keygen,1024,64,0.0,1,0,1,ip-172-31-14-170,linux,0,383.074,2.61,KEM,True,2025-11-21T22:11:22.301461,,746
Classic-McEliece-6688128f,keygen,1024,64,0.0,1,0,1,ip-172-31-14-170,linux,0,380.3019,2.63,KEM,True,2025-11-21T22:11:22.681868,,747
Classic-McEliece-6688128f,keygen,1024,64,0.0,1,0,1,ip-172-31-14-170,linux,0,380.9567,2.62,KEM,True,2025-11-21T22:11:23.062930,,748
Classic-McEliece-6688128f,keygen,1024,64,0.0,1,0,1,ip-172-31-14-170,linux,0,381.5545,2.62,KEM,True,2025-11-21T22:11:23.444588,,749
Classic-McEliece-6688128f,keygen,1024,64,0.0,1,0,1,ip-172-31-14-170,linux,0,380.9611,2.62,KEM,True,2025-11-21T22:11:23.825664,,750
Classic-McEliece-6688128f,encap,0,1,0.0,1,0,1,ip-172-31-14-170,linux,0,403.3331,2.48,KEM,True,2025-11-21T22:11:24.229113,,751
Classic-McEliece-6688128f,encap,0,1,0.0,1,0,1,ip-172-31-14-170,linux,0,383.1002,2.61,KEM,True,2025-11-21T22:11:24.612317,,752
Classic-McEliece-6688128f,encap,0,1,0.0,1,0,1,ip-172-31-14-170,linux,0,382.4135,2.61,KEM,True,2025-11-21T22:11:24.994834,,753
Classic-McEliece-6688128f,encap,0,1,0.0,1,0,1,ip-172-31-14-170,linux,0,382.4781,2.61,KEM,True,2025-11-21T22:11:25.377426,,754
Classic-McEliece-6688128f,encap,0,1,0.0,1,0,1,ip-172-31-14-170,linux,0,381.8275,2.62,KEM,True,2025-11-21T22:11:25.759359,,755
Classic-McEliece-6688128f,encap,0,16,0.0,1,0,1,ip-172-31-14-170,linux,0,384.2793,2.6,KEM,True,2025-11-21T22:11:26.143762,,756
Classic-McEliece-6688128f,encap,0,16,0.0,1,0,1,ip-172-31-14-170,linux,0,382.9402,2.61,KEM,True,2025-11-21T22:11:26.526809,,757
Classic-McEliece-6688128f,encap,0,16,0.0,1,0,1,ip-172-31-14-170,linux,0,382.3106,2.62,KEM,True,2025-11-21T22:11:26.909224,,758
Classic-McEliece-6688128f,encap,0,16,0.0,1,0,1,ip-172-31-14-170,linux,0,382.7246,2.61,KEM,True,2025-11-21T22:11:27.292067,,759
Classic-McEliece-6688128f,encap,0,16,0.0,1,0,1,ip-172-31-14-170,linux,0,382.2364,2.62,KEM,True,2025-11-21T22:11:27.674405,,760
Classic-McEliece-6688128f,encap,0,64,0.0,1,0,1,ip-172-31-14-170,linux,0,381.6052,2.62,KEM,True,2025-11-21T22:11:28.056114,,761
Classic-McEliece-6688128f,encap,0,64,0.0,1,0,1,ip-172-31-14-170,linux,0,381.9499,2.62,KEM,True,2025-11-21T22:11:28.438169,,762
Classic-McEliece-6688128f,encap,0,64,0.0,1,0,1,ip-172-31-14-170,linux,0,381.7462,2.62,KEM,True,2025-11-21T22:11:28.820022,,763
Classic-McEliece-6688128f,encap,0,64,0.0,1,0,1,ip-172-31-14-170,linux,0,403.6766,2.48,KEM,True,2025-11-21T22:11:29.223816,,764
Classic-McEliece-6688128f,encap,0,64,0.0,1,0,1,ip-172-31-14-170,linux,0,381.6034,2.62,KEM,True,2025-11-21T22:11:29.605522,,765
Classic-McEliece-6688128f,encap,1024,1,0.0,1,0,1,ip-172-31-14-170,linux,0,381.3766,2.62,KEM,True,2025-11-21T22:11:29.987003,,766
Classic-McEliece-6688128f,encap,1024,1,0.0,1,0,1,ip-172-31-14-170,linux,0,394.6768,2.53,KEM,True,2025-11-21T22:11:30.381797,,767
Classic-McEliece-6688128f,encap,1024,1,0.0,1,0,1,ip-172-31-14-170,linux,0,383.3551,2.61,KEM,True,2025-11-21T22:11:30.765257,,768
Classic-McEliece-6688128f,encap,1024,1,0.0,1,0,1,ip-172-31-14-170,linux,0,383.1512,2.61,KEM,True,2025-11-21T22:11:31.148507,,769
Classic-McEliece-6688128f,encap,1024,1,0.0,1,0,1,ip-172-31-14-170,linux,0,381.5027,2.62,KEM,True,2025-11-21T22:11:31.530117,,770
Classic-McEliece-6688128f,encap,1024,16,0.0,1,0,1,ip-172-31-14-170,linux,0,381.8295,2.62,KEM,True,2025-11-21T22:11:31.912069,,771
Classic-McEliece-6688128f,encap,1024,16,0.0,1,0,1,ip-172-31-14-170,linux,0,383.4026,2.61,KEM,True,2025-11-21T22:11:32.295581,,772
Classic-McEliece-6688128f,encap,1024,16,0.0,1,0,1,ip-172-31-14-170,linux,0,381.7976,2.62,KEM,True,2025-11-21T22:11:32.677487,,773
Classic-McEliece-6688128f,encap,1024,16,0.0,1,0,1,ip-172-31-14-170,linux,0,380.6969,2.63,KEM,True,2025-11-21T22:11:33.058284,,774
Classic-McEliece-6688128f,encap,1024,16,0.0,1,0,1,ip-172-31-14-170,linux,0,381.0727,2.62,KEM,True,2025-11-21T22:11:33.439459,,775
Classic-McEliece-6688128f,encap,1024,64,0.0,1,0,1,ip-172-31-14-170,linux,0,380.4318,2.63,KEM,True,2025-11-21T22:11:33.819995,,776
Classic-McEliece-6688128f,encap,1024,64,0.0,1,0,1,ip-172-31-14-170,linux,0,383.2943,2.61,KEM,True,2025-11-21T22:11:34.203410,,777
Classic-McEliece-6688128f,encap,1024,64,0.0,1,0,1,ip-172-31-14-170,linux,0,381.0138,2.62,KEM,True,2025-11-21T22:11:34.584525,,778
Classic-McEliece-6688128f,encap,1024,64,0.0,1,0,1,ip-172-31-14-170,linux,0,381.3104,2.62,KEM,True,2025-11-21T22:11:34.965934,,779
Classic-McEliece-6688128f,encap,1024,64,0.0,1,0,1,ip-172-31-14-170,linux,0,382.5,2.61,KEM,True,2025-11-21T22:11:35.348541,,780
Classic-McEliece-6688128f,decap,0,1,0.0,1,0,1,ip-172-31-14-170,linux,0,490.276,2.04,KEM,True,2025-11-21T22:11:35.838928,,781
Classic-McEliece-6688128f,decap,0,1,0.0,1,0,1,ip-172-31-14-170,linux,0,493.2582,2.03,KEM,True,2025-11-21T22:11:36.332289,,782
Classic-McEliece-6688128f,decap,0,1,0.0,1,0,1,ip-172-31-14-170,linux,0,491.0291,2.04,KEM,True,2025-11-21T22:11:36.823422,,783
Classic-McEliece-6688128f,decap,0,1,0.0,1,0,1,ip-172-31-14-170,linux,0,493.6918,2.03,KEM,True,2025-11-21T22:11:37.317216,,784
Classic-McEliece-6688128f,decap,0,1,0.0,1,0,1,ip-172-31-14-170,linux,0,490.4674,2.04,KEM,True,2025-11-21T22:11:37.807785,,785
Classic-McEliece-6688128f,decap,0,16,0.0,1,0,1,ip-172-31-14-170,linux,0,495.4904,2.02,KEM,True,2025-11-21T22:11:38.303380,,786
Classic-McEliece-6688128f,decap,0,16,0.0,1,0,1,ip-172-31-14-170,linux,0,490.3473,2.04,KEM,True,2025-11-21T22:11:38.793829,,787
Classic-McEliece-6688128f,decap,0,16,0.0,1,0,1,ip-172-31-14-170,linux,0,491.7397,2.03,KEM,True,2025-11-21T22:11:39.285672,,788
Classic-McEliece-6688128f,decap,0,16,0.0,1,0,1,ip-172-31-14-170,linux,0,490.4654,2.04,KEM,True,2025-11-21T22:11:39.776240,,789
Classic-McEliece-6688128f,decap,0,16,0.0,1,0,1,ip-172-31-14-170,linux,0,494.2196,2.02,KEM,True,2025-11-21T22:11:40.270561,,790
Classic-McEliece-6688128f,decap,0,64,0.0,1,0,1,ip-172-31-14-170,linux,0,489.7211,2.04,KEM,True,2025-11-21T22:11:40.760383,,791
Classic-McEliece-6688128f,decap,0,64,0.0,1,0,1,ip-172-31-14-170,linux,0,491.92,2.03,KEM,True,2025-11-21T22:11:41.252405,,792
Classic-McEliece-6688128f,decap,0,64,0.0,1,0,1,ip-172-31-14-170,linux,0,491.7496,2.03,KEM,True,2025-11-21T22:11:41.744256,,793
Classic-McEliece-6688128f,decap,0,64,0.0,1,0,1,ip-172-31-14-170,linux,0,493.1959,2.03,KEM,True,2025-11-21T22:11:42.237555,,794
Classic-McEliece-6688128f,decap,0,64,0.0,1,0,1,ip-172-31-14-170,linux,0,493.3103,2.03,KEM,True,2025-11-21T22:11:42.730976,,795
Classic-McEliece-6688128f,decap,1024,1,0.0,1,0,1,ip-172-31-14-170,linux,0,490.9642,2.04,KEM,True,2025-11-21T22:11:43.222065,,796
Classic-McEliece-6688128f,decap,1024,1,0.0,1,0,1,ip-172-31-14-170,linux,0,491.7068,2.03,KEM,True,2025-11-21T22:11:43.713874,,797
Classic-McEliece-6688128f,decap,1024,1,0.0,1,0,1,ip-172-31-14-170,linux,0,491.5659,2.03,KEM,True,2025-11-21T22:11:44.205587,,798
Classic-McEliece-6688128f,decap,1024,1,0.0,1,0,1,ip-172-31-14-170,linux,0,492.2052,2.03,KEM,True,2025-11-21T22:11:44.697896,,799
Classic-McEliece-6688128f,decap,1024,1,0.0,1,0,1,ip-172-31-14-170,linux,0,491.5942,2.03,KEM,True,2025-11-21T22:11:45.189597,,800
Classic-McEliece-6688128f,decap,1024,16,0.0,1,0,1,ip-172-31-14-170,linux,0,511.9476,1.95,KEM,True,2025-11-21T22:11:45.701659,,801
Classic-McEliece-6688128f,decap,1024,16,0.0,1,0,1,ip-172-31-14-170,linux,0,492.1732,2.03,KEM,True,2025-11-21T22:11:46.193936,,802
Classic-McEliece-6688128f,decap,1024,16,0.0,1,0,1,ip-172-31-14-170,linux,0,491.3201,2.04,KEM,True,2025-11-21T22:11:46.685362,,803
Classic-McEliece-6688128f,decap,1024,16,0.0,1,0,1,ip-172-31-14-170,linux,0,491.7964,2.03,KEM,True,2025-11-21T22:11:47.177259,,804
Classic-McEliece-6688128f,decap,1024,16,0.0,1,0,1,ip-172-31-14-170,linux,0,492.5192,2.03,KEM,True,2025-11-21T22:11:47.669884,,805
Classic-McEliece-6688128f,decap,1024,64,0.0,1,0,1,ip-172-31-14-170,linux,0,492.6762,2.03,KEM,True,2025-11-21T22:11:48.162663,,806
Classic-McEliece-6688128f,decap,1024,64,0.0,1,0,1,ip-172-31-14-170,linux,0,491.1486,2.04,KEM,True,2025-11-21T22:11:48.653914,,807
Classic-McEliece-6688128f,decap,1024,64,0.0,1,0,1,ip-172-31-14-170,linux,0,491.7738,2.03,KEM,True,2025-11-21T22:11:49.145788,,808
Classic-McEliece-6688128f,decap,1024,64,0.0,1,0,1,ip-172-31-14-170,linux,0,491.4838,2.03,KEM,True,2025-11-21T22:11:49.637374,,809
Classic-McEliece-6688128f,decap,1024,64,0.0,1,0,1,ip-172-31-14-170,linux,0,491.7809,2.03,KEM,True,2025-11-21T22:11:50.129256,,810
Classic-McEliece-6960119,keygen,0,1,0.0,1,0,1,ip-172-31-14-170,linux,0,1260.8759,0.79,KEM,True,2025-11-21T22:11:51.390504,,811
Classic-McEliece-6960119,keygen,0,1,0.0,1,0,1,ip-172-31-14-170,linux,0,685.793,1.46,KEM,True,2025-11-21T22:11:52.076670,,812
Classic-McEliece-6960119,keygen,0,1,0.0,1,0,1,ip-172-31-14-170,linux,0,685.5071,1.46,KEM,True,2025-11-21T22:11:52.762551,,813
Classic-McEliece-6960119,keygen,0,1,0.0,1,0,1,ip-172-31-14-170,linux,0,400.747,2.5,KEM,True,2025-11-21T22:11:53.163678,,814
Classic-McEliece-6960119,keygen,0,1,0.0,1,0,1,ip-172-31-14-170,linux,0,686.0967,1.46,KEM,True,2025-11-21T22:11:53.850232,,815
Classic-McEliece-6960119,keygen,0,16,0.0,1,0,1,ip-172-31-14-170,linux,0,687.901,1.45,KEM,True,2025-11-21T22:11:54.538522,,816
Classic-McEliece-6960119,keygen,0,16,0.0,1,0,1,ip-172-31-14-170,linux,0,398.9968,2.51,KEM,True,2025-11-21T22:11:54.937892,,817
Classic-McEliece-6960119,keygen,0,16,0.0,1,0,1,ip-172-31-14-170,linux,0,1839.6753,0.54,KEM,True,2025-11-21T22:11:56.777937,,818
Classic-McEliece-6960119,keygen,0,16,0.0,1,0,1,ip-172-31-14-170,linux,0,1842.085,0.54,KEM,True,2025-11-21T22:11:58.620399,,819
Classic-McEliece-6960119,keygen,0,16,0.0,1,0,1,ip-172-31-14-170,linux,0,4783.2727,0.21,KEM,True,2025-11-21T22:12:03.404102,,820
Classic-McEliece-6960119,keygen,0,64,0.0,1,0,1,ip-172-31-14-170,linux,0,975.3146,1.03,KEM,True,2025-11-21T22:12:04.379802,,821
Classic-McEliece-6960119,keygen,0,64,0.0,1,0,1,ip-172-31-14-170,linux,0,1265.0787,0.79,KEM,True,2025-11-21T22:12:05.645295,,822
Classic-McEliece-6960119,keygen,0,64,0.0,1,0,1,ip-172-31-14-170,linux,0,399.6047,2.5,KEM,True,2025-11-21T22:12:06.045296,,823
Classic-McEliece-6960119,keygen,0,64,0.0,1,0,1,ip-172-31-14-170,linux,0,975.8247,1.02,KEM,True,2025-11-21T22:12:07.021497,,824
Classic-McEliece-6960119,keygen,0,64,0.0,1,0,1,ip-172-31-14-170,linux,0,397.8862,2.51,KEM,True,2025-11-21T22:12:07.419764,,825
Classic-McEliece-6960119,keygen,1024,1,0.0,1,0,1,ip-172-31-14-170,linux,0,398.6182,2.51,KEM,True,2025-11-21T22:12:07.818754,,826
Classic-McEliece-6960119,keygen,1024,1,0.0,1,0,1,ip-172-31-14-170,linux,0,689.9942,1.45,KEM,True,2025-11-21T22:12:08.509155,,827
Classic-McEliece-6960119,keygen,1024,1,0.0,1,0,1,ip-172-31-14-170,linux,0,1548.6723,0.65,KEM,True,2025-11-21T22:12:10.058229,,828
Classic-McEliece-6960119,keygen,1024,1,0.0,1,0,1,ip-172-31-14-170,linux,0,974.4761,1.03,KEM,True,2025-11-21T22:12:11.033101,,829
Classic-McEliece-6960119,keygen,1024,1,0.0,1,0,1,ip-172-31-14-170,linux,0,1553.6221,0.64,KEM,True,2025-11-21T22:12:12.587127,,830
Classic-McEliece-6960119,keygen,1024,16,0.0,1,0,1,ip-172-31-14-170,linux,0,691.4476,1.45,KEM,True,2025-11-21T22:12:13.278971,,831
Classic-McEliece-6960119,keygen,1024,16,0.0,1,0,1,ip-172-31-14-170,linux,0,985.5392,1.01,KEM,True,2025-11-21T22:12:14.264904,,832
Classic-McEliece-6960119,keygen,1024,16,0.0,1,0,1,ip-172-31-14-170,linux,0,409.6531,2.44,KEM,True,2025-11-21T22:12:14.674931,,833
Classic-McEliece-6960119,keygen,1024,16,0.0,1,0,1,ip-172-31-14-170,linux,0,1562.3445,0.64,KEM,True,2025-11-21T22:12:16.237655,,834
Classic-McEliece-6960119,keygen,1024,16,0.0,1,0,1,ip-172-31-14-170,linux,0,2134.4771,0.47,KEM,True,2025-11-21T22:12:18.372503,,835
Classic-McEliece-6960119,keygen,1024,64,0.0,1,0,1,ip-172-31-14-170,linux,0,2138.6318,0.47,KEM,True,2025-11-21T22:12:20.511508,,836
Classic-McEliece-6960119,keygen,1024,64,0.0,1,0,1,ip-172-31-14-170,linux,0,1844.7477,0.54,KEM,True,2025-11-21T22:12:22.356636,,837
Classic-McEliece-6960119,keygen,1024,64,0.0,1,0,1,ip-172-31-14-170,linux,0,974.0073,1.03,KEM,True,2025-11-21T22:12:23.331018,,838
Classic-McEliece-6960119,keygen,1024,64,0.0,1,0,1,ip-172-31-14-170,linux,0,973.823,1.03,KEM,True,2025-11-21T22:12:24.305269,,839
Classic-McEliece-6960119,keygen,1024,64,0.0,1,0,1,ip-172-31-14-170,linux,0,1261.9323,0.79,KEM,True,2025-11-21T22:12:25.567567,,840
Classic-McEliece-6960119,encap,0,1,0.0,1,0,1,ip-172-31-14-170,linux,0,976.1774,1.02,KEM,True,2025-11-21T22:12:26.544159,,841
Classic-McEliece-6960119,encap,0,1,0.0,1,0,1,ip-172-31-14-170,linux,0,399.0069,2.51,KEM,True,2025-11-21T22:12:26.943542,,842
Classic-McEliece-6960119,encap,0,1,0.0,1,0,1,ip-172-31-14-170,linux,0,974.8849,1.03,KEM,True,2025-11-21T22:12:27.918804,,843
Classic-McEliece-6960119,encap,0,1,0.0,1,0,1,ip-172-31-14-170,linux,0,401.6372,2.49,KEM,True,2025-11-21T22:12:28.320815,,844
Classic-McEliece-6960119,encap,0,1,0.0,1,0,1,ip-172-31-14-170,linux,0,1261.3471,0.79,KEM,True,2025-11-21T22:12:29.582539,,845
Classic-McEliece-6960119,encap,0,16,0.0,1,0,1,ip-172-31-14-170,linux,0,398.6882,2.51,KEM,True,2025-11-21T22:12:29.981610,,846
Classic-McEliece-6960119,encap,0,16,0.0,1,0,1,ip-172-31-14-170,linux,0,409.8555,2.44,KEM,True,2025-11-21T22:12:30.391858,,847
Classic-McEliece-6960119,encap,0,16,0.0,1,0,1,ip-172-31-14-170,linux,0,1262.5586,0.79,KEM,True,2025-11-21T22:12:31.654794,,848
Classic-McEliece-6960119,encap,0,16,0.0,1,0,1,ip-172-31-14-170,linux,0,399.8509,2.5,KEM,True,2025-11-21T22:12:32.055023,,849
Classic-McEliece-6960119,encap,0,16,0.0,1,0,1,ip-172-31-14-170,linux,0,399.3494,2.5,KEM,True,2025-11-21T22:12:32.454795,,850
Classic-McEliece-6960119,encap,0,64,0.0,1,0,1,ip-172-31-14-170,linux,0,686.6213,1.46,KEM,True,2025-11-21T22:12:33.141806,,851
Classic-McEliece-6960119,encap,0,64,0.0,1,0,1,ip-172-31-14-170,linux,0,398.6005,2.51,KEM,True,2025-11-21T22:12:33.540781,,852
Classic-McEliece-6960119,encap,0,64,0.0,1,0,1,ip-172-31-14-170,linux,0,1550.4407,0.64,KEM,True,2025-11-21T22:12:35.091604,,853
Classic-McEliece-6960119,encap,0,64,0.0,1,0,1,ip-172-31-14-170,linux,0,685.6422,1.46,KEM,True,2025-11-21T22:12:35.777637,,854
Classic-McEliece-6960119,encap,0,64,0.0,1,0,1,ip-172-31-14-170,linux,0,2704.4623,0.37,KEM,True,2025-11-21T22:12:38.482476,,855
Classic-McEliece-6960119,encap,1024,1,0.0,1,0,1,ip-172-31-14-170,linux,0,398.5539,2.51,KEM,True,2025-11-21T22:12:38.881406,,856
Classic-McEliece-6960119,encap,1024,1,0.0,1,0,1,ip-172-31-14-170,linux,0,685.5543,1.46,KEM,True,2025-11-21T22:12:39.567351,,857
Classic-McEliece-6960119,encap,1024,1,0.0,1,0,1,ip-172-31-14-170,linux,0,1265.9764,0.79,KEM,True,2025-11-21T22:12:40.833708,,858
Classic-McEliece-6960119,encap,1024,1,0.0,1,0,1,ip-172-31-14-170,linux,0,687.8794,1.45,KEM,True,2025-11-21T22:12:41.521965,,859
Classic-McEliece-6960119,encap,1024,1,0.0,1,0,1,ip-172-31-14-170,linux,0,983.335,1.02,KEM,True,2025-11-21T22:12:42.505696,,860
Classic-McEliece-6960119,encap,1024,16,0.0,1,0,1,ip-172-31-14-170,linux,0,686.6597,1.46,KEM,True,2025-11-21T22:12:43.192788,,861
Classic-McEliece-6960119,encap,1024,16,0.0,1,0,1,ip-172-31-14-170,linux,0,2724.73,0.37,KEM,True,2025-11-21T22:12:45.917902,,862
Classic-McEliece-6960119,encap,1024,16,0.0,1,0,1,ip-172-31-14-170,linux,0,686.5688,1.46,KEM,True,2025-11-21T22:12:46.604855,,863
Classic-McEliece-6960119,encap,1024,16,0.0,1,0,1,ip-172-31-14-170,linux,0,398.7545,2.51,KEM,True,2025-11-21T22:12:47.004031,,864
Classic-McEliece-6960119,encap,1024,16,0.0,1,0,1,ip-172-31-14-170,linux,0,398.9463,2.51,KEM,True,2025-11-21T22:12:47.403408,,865
Classic-McEliece-6960119,encap,1024,64,0.0,1,0,1,ip-172-31-14-170,linux,0,686.5362,1.46,KEM,True,2025-11-21T22:12:48.090344,,866
Classic-McEliece-6960119,encap,1024,64,0.0,1,0,1,ip-172-31-14-170,linux,0,1545.607,0.65,KEM,True,2025-11-21T22:12:49.636348,,867
Classic-McEliece-6960119,encap,1024,64,0.0,1,0,1,ip-172-31-14-170,linux,0,687.5521,1.45,KEM,True,2025-11-21T22:12:50.324311,,868
Classic-McEliece-6960119,encap,1024,64,0.0,1,0,1,ip-172-31-14-170,linux,0,2123.7745,0.47,KEM,True,2025-11-21T22:12:52.448459,,869
Classic-McEliece-6960119,encap,1024,64,0.0,1,0,1,ip-172-31-14-170,linux,0,686.1192,1.46,KEM,True,2025-11-21T22:12:53.134949,,870
Classic-McEliece-6960119,decap,0,1,0.0,1,0,1,ip-172-31-14-170,linux,0,790.9595,1.26,KEM,True,2025-11-21T22:12:53.926319,,871
Classic-McEliece-6960119,decap,0,1,0.0,1,0,1,ip-172-31-14-170,linux,0,1370.4027,0.73,KEM,True,2025-11-21T22:12:55.297126,,872
Classic-McEliece-6960119,decap,0,1,0.0,1,0,1,ip-172-31-14-170,linux,0,1368.543,0.73,KEM,True,2025-11-21T22:12:56.666072,,873
Classic-McEliece-6960119,decap,0,1,0.0,1,0,1,ip-172-31-14-170,linux,0,3382.4225,0.3,KEM,True,2025-11-21T22:13:00.048914,,874
Classic-McEliece-6960119,decap,0,1,0.0,1,0,1,ip-172-31-14-170,linux,0,839.4918,1.19,KEM,True,2025-11-21T22:13:00.890448,,875
Classic-McEliece-6960119,decap,0,16,0.0,1,0,1,ip-172-31-14-170,linux,0,1659.2824,0.6,KEM,True,2025-11-21T22:13:02.550151,,876
Classic-McEliece-6960119,decap,0,16,0.0,1,0,1,ip-172-31-14-170,linux,0,2807.1743,0.36,KEM,True,2025-11-21T22:13:05.357723,,877
Classic-McEliece-6960119,decap,0,16,0.0,1,0,1,ip-172-31-14-170,linux,0,1082.7048,0.92,KEM,True,2025-11-21T22:13:06.440819,,878
Classic-McEliece-6960119,decap,0,16,0.0,1,0,1,ip-172-31-14-170,linux,0,1366.9596,0.73,KEM,True,2025-11-21T22:13:07.808195,,879
Classic-McEliece-6960119,decap,0,16,0.0,1,0,1,ip-172-31-14-170,linux,0,506.6763,1.97,KEM,True,2025-11-21T22:13:08.315283,,880
Classic-McEliece-6960119,decap,0,64,0.0,1,0,1,ip-172-31-14-170,linux,0,505.4019,1.98,KEM,True,2025-11-21T22:13:08.821104,,881
Classic-McEliece-6960119,decap,0,64,0.0,1,0,1,ip-172-31-14-170,linux,0,4535.4117,0.22,KEM,True,2025-11-21T22:13:13.356905,,882
Classic-McEliece-6960119,decap,0,64,0.0,1,0,1,ip-172-31-14-170,linux,0,1946.2708,0.51,KEM,True,2025-11-21T22:13:15.303562,,883
Classic-McEliece-6960119,decap,0,64,0.0,1,0,1,ip-172-31-14-170,linux,0,5391.4141,0.19,KEM,True,2025-11-21T22:13:20.695367,,884
Classic-McEliece-6960119,decap,0,64,0.0,1,0,1,ip-172-31-14-170,linux,0,1077.7797,0.93,KEM,True,2025-11-21T22:13:21.773529,,885
Classic-McEliece-6960119,decap,1024,1,0.0,1,0,1,ip-172-31-14-170,linux,0,1079.1016,0.93,KEM,True,2025-11-21T22:13:22.853023,,886
Classic-McEliece-6960119,decap,1024,1,0.0,1,0,1,ip-172-31-14-170,linux,0,792.7014,1.26,KEM,True,2025-11-21T22:13:23.646195,,887
Classic-McEliece-6960119,decap,1024,1,0.0,1,0,1,ip-172-31-14-170,linux,0,1365.953,0.73,KEM,True,2025-11-21T22:13:25.012549,,888
Classic-McEliece-6960119,decap,1024,1,0.0,1,0,1,ip-172-31-14-170,linux,0,1942.3193,0.51,KEM,True,2025-11-21T22:13:26.955292,,889
Classic-McEliece-6960119,decap,1024,1,0.0,1,0,1,ip-172-31-14-170,linux,0,792.3676,1.26,KEM,True,2025-11-21T22:13:27.748045,,890
Classic-McEliece-6960119,decap,1024,16,0.0,1,0,1,ip-172-31-14-170,linux,0,1365.9591,0.73,KEM,True,2025-11-21T22:13:29.114411,,891
Classic-McEliece-6960119,decap,1024,16,0.0,1,0,1,ip-172-31-14-170,linux,0,2811.6135,0.36,KEM,True,2025-11-21T22:13:31.926413,,892
Classic-McEliece-6960119,decap,1024,16,0.0,1,0,1,ip-172-31-14-170,linux,0,2228.8304,0.45,KEM,True,2025-11-21T22:13:34.155636,,893
Classic-McEliece-6960119,decap,1024,16,0.0,1,0,1,ip-172-31-14-170,linux,0,1080.9425,0.93,KEM,True,2025-11-21T22:13:35.236968,,894
Classic-McEliece-6960119,decap,1024,16,0.0,1,0,1,ip-172-31-14-170,linux,0,790.8622,1.26,KEM,True,2025-11-21T22:13:36.028258,,895
Classic-McEliece-6960119,decap,1024,64,0.0,1,0,1,ip-172-31-14-170,linux,0,505.101,1.98,KEM,True,2025-11-21T22:13:36.533747,,896
Classic-McEliece-6960119,decap,1024,64,0.0,1,0,1,ip-172-31-14-170,linux,0,794.0368,1.26,KEM,True,2025-11-21T22:13:37.328184,,897
Classic-McEliece-6960119,decap,1024,64,0.0,1,0,1,ip-172-31-14-170,linux,0,505.0215,1.98,KEM,True,2025-11-21T22:13:37.833592,,898
Classic-McEliece-6960119,decap,1024,64,0.0,1,0,1,ip-172-31-14-170,linux,0,510.2307,1.96,KEM,True,2025-11-21T22:13:38.344236,,899
Classic-McEliece-6960119,decap,1024,64,0.0,1,0,1,ip-172-31-14-170,linux,0,1081.2612,0.92,KEM,True,2025-11-21T22:13:39.425909,,900
Classic-McEliece-6960119f,keygen,0,1,0.0,1,0,1,ip-172-31-14-170,linux,0,401.7691,2.49,KEM,True,2025-11-21T22:13:39.828099,,901
Classic-McEliece-6960119f,keygen,0,1,0.0,1,0,1,ip-172-31-14-170,linux,0,406.0263,2.46,KEM,True,2025-11-21T22:13:40.234502,,902
Classic-McEliece-6960119f,keygen,0,1,0.0,1,0,1,ip-172-31-14-170,linux,0,400.6221,2.5,KEM,True,2025-11-21T22:13:40.635502,,903
Classic-McEliece-6960119f,keygen,0,1,0.0,1,0,1,ip-172-31-14-170,linux,0,400.7765,2.5,KEM,True,2025-11-21T22:13:41.036653,,904
Classic-McEliece-6960119f,keygen,0,1,0.0,1,0,1,ip-172-31-14-170,linux,0,401.1605,2.49,KEM,True,2025-11-21T22:13:41.438215,,905
Classic-McEliece-6960119f,keygen,0,16,0.0,1,0,1,ip-172-31-14-170,linux,0,401.3813,2.49,KEM,True,2025-11-21T22:13:41.839986,,906
Classic-McEliece-6960119f,keygen,0,16,0.0,1,0,1,ip-172-31-14-170,linux,0,409.5857,2.44,KEM,True,2025-11-21T22:13:42.249976,,907
Classic-McEliece-6960119f,keygen,0,16,0.0,1,0,1,ip-172-31-14-170,linux,0,402.9838,2.48,KEM,True,2025-11-21T22:13:42.653366,,908
Classic-McEliece-6960119f,keygen,0,16,0.0,1,0,1,ip-172-31-14-170,linux,0,400.8282,2.49,KEM,True,2025-11-21T22:13:43.054561,,909
Classic-McEliece-6960119f,keygen,0,16,0.0,1,0,1,ip-172-31-14-170,linux,0,401.144,2.49,KEM,True,2025-11-21T22:13:43.456104,,910
Classic-McEliece-6960119f,keygen,0,64,0.0,1,0,1,ip-172-31-14-170,linux,0,401.361,2.49,KEM,True,2025-11-21T22:13:43.857842,,911
Classic-McEliece-6960119f,keygen,0,64,0.0,1,0,1,ip-172-31-14-170,linux,0,403.2193,2.48,KEM,True,2025-11-21T22:13:44.261432,,912
Classic-McEliece-6960119f,keygen,0,64,0.0,1,0,1,ip-172-31-14-170,linux,0,400.7959,2.5,KEM,True,2025-11-21T22:13:44.662603,,913
Classic-McEliece-6960119f,keygen,0,64,0.0,1,0,1,ip-172-31-14-170,linux,0,401.2888,2.49,KEM,True,2025-11-21T22:13:45.064311,,914
Classic-McEliece-6960119f,keygen,0,64,0.0,1,0,1,ip-172-31-14-170,linux,0,437.7354,2.28,KEM,True,2025-11-21T22:13:45.502421,,915
Classic-McEliece-6960119f,keygen,1024,1,0.0,1,0,1,ip-172-31-14-170,linux,0,401.5951,2.49,KEM,True,2025-11-21T22:13:45.904387,,916
Classic-McEliece-6960119f,keygen,1024,1,0.0,1,0,1,ip-172-31-14-170,linux,0,402.491,2.48,KEM,True,2025-11-21T22:13:46.307276,,917
Classic-McEliece-6960119f,keygen,1024,1,0.0,1,0,1,ip-172-31-14-170,linux,0,401.2058,2.49,KEM,True,2025-11-21T22:13:46.708864,,918
Classic-McEliece-6960119f,keygen,1024,1,0.0,1,0,1,ip-172-31-14-170,linux,0,401.528,2.49,KEM,True,2025-11-21T22:13:47.110778,,919
Classic-McEliece-6960119f,keygen,1024,1,0.0,1,0,1,ip-172-31-14-170,linux,0,400.8889,2.49,KEM,True,2025-11-21T22:13:47.512174,,920
Classic-McEliece-6960119f,keygen,1024,16,0.0,1,0,1,ip-172-31-14-170,linux,0,401.402,2.49,KEM,True,2025-11-21T22:13:47.914020,,921
Classic-McEliece-6960119f,keygen,1024,16,0.0,1,0,1,ip-172-31-14-170,linux,0,402.1964,2.49,KEM,True,2025-11-21T22:13:48.316608,,922
Classic-McEliece-6960119f,keygen,1024,16,0.0,1,0,1,ip-172-31-14-170,linux,0,400.4391,2.5,KEM,True,2025-11-21T22:13:48.717424,,923
Classic-McEliece-6960119f,keygen,1024,16,0.0,1,0,1,ip-172-31-14-170,linux,0,401.748,2.49,KEM,True,2025-11-21T22:13:49.119587,,924
Classic-McEliece-6960119f,keygen,1024,16,0.0,1,0,1,ip-172-31-14-170,linux,0,399.7743,2.5,KEM,True,2025-11-21T22:13:49.519733,,925
Classic-McEliece-6960119f,keygen,1024,64,0.0,1,0,1,ip-172-31-14-170,linux,0,400.3917,2.5,KEM,True,2025-11-21T22:13:49.920509,,926
Classic-McEliece-6960119f,keygen,1024,64,0.0,1,0,1,ip-172-31-14-170,linux,0,405.0837,2.47,KEM,True,2025-11-21T22:13:50.325961,,927
Classic-McEliece-6960119f,keygen,1024,64,0.0,1,0,1,ip-172-31-14-170,linux,0,401.1978,2.49,KEM,True,2025-11-21T22:13:50.727554,,928
Classic-McEliece-6960119f,keygen,1024,64,0.0,1,0,1,ip-172-31-14-170,linux,0,401.7454,2.49,KEM,True,2025-11-21T22:13:51.129671,,929
Classic-McEliece-6960119f,keygen,1024,64,0.0,1,0,1,ip-172-31-14-170,linux,0,400.3971,2.5,KEM,True,2025-11-21T22:13:51.530441,,930
Classic-McEliece-6960119f,encap,0,1,0.0,1,0,1,ip-172-31-14-170,linux,0,400.8136,2.49,KEM,True,2025-11-21T22:13:51.931634,,931
Classic-McEliece-6960119f,encap,0,1,0.0,1,0,1,ip-172-31-14-170,linux,0,402.8557,2.48,KEM,True,2025-11-21T22:13:52.334861,,932
Classic-McEliece-6960119f,encap,0,1,0.0,1,0,1,ip-172-31-14-170,linux,0,401.5916,2.49,KEM,True,2025-11-21T22:13:52.736828,,933
Classic-McEliece-6960119f,encap,0,1,0.0,1,0,1,ip-172-31-14-170,linux,0,408.4923,2.45,KEM,True,2025-11-21T22:13:53.145699,,934
Classic-McEliece-6960119f,encap,0,1,0.0,1,0,1,ip-172-31-14-170,linux,0,404.474,2.47,KEM,True,2025-11-21T22:13:53.550548,,935
Classic-McEliece-6960119f,encap,0,16,0.0,1,0,1,ip-172-31-14-170,linux,0,410.6281,2.44,KEM,True,2025-11-21T22:13:53.961555,,936
Classic-McEliece-6960119f,encap,0,16,0.0,1,0,1,ip-172-31-14-170,linux,0,411.1621,2.43,KEM,True,2025-11-21T22:13:54.373128,,937
Classic-McEliece-6960119f,encap,0,16,0.0,1,0,1,ip-172-31-14-170,linux,0,401.8829,2.49,KEM,True,2025-11-21T22:13:54.775397,,938
Classic-McEliece-6960119f,encap,0,16,0.0,1,0,1,ip-172-31-14-170,linux,0,404.4613,2.47,KEM,True,2025-11-21T22:13:55.180269,,939
Classic-McEliece-6960119f,encap,0,16,0.0,1,0,1,ip-172-31-14-170,linux,0,400.2991,2.5,KEM,True,2025-11-21T22:13:55.580946,,940
Classic-McEliece-6960119f,encap,0,64,0.0,1,0,1,ip-172-31-14-170,linux,0,401.5391,2.49,KEM,True,2025-11-21T22:13:55.982867,,941
Classic-McEliece-6960119f,encap,0,64,0.0,1,0,1,ip-172-31-14-170,linux,0,401.7926,2.49,KEM,True,2025-11-21T22:13:56.385035,,942
Classic-McEliece-6960119f,encap,0,64,0.0,1,0,1,ip-172-31-14-170,linux,0,401.0842,2.49,KEM,True,2025-11-21T22:13:56.786537,,943
Classic-McEliece-6960119f,encap,0,64,0.0,1,0,1,ip-172-31-14-170,linux,0,402.065,2.49,KEM,True,2025-11-21T22:13:57.188980,,944
Classic-McEliece-6960119f,encap,0,64,0.0,1,0,1,ip-172-31-14-170,linux,0,402.4202,2.48,KEM,True,2025-11-21T22:13:57.591808,,945
Classic-McEliece-6960119f,encap,1024,1,0.0,1,0,1,ip-172-31-14-170,linux,0,409.6343,2.44,KEM,True,2025-11-21T22:13:58.001832,,946
Classic-McEliece-6960119f,encap,1024,1,0.0,1,0,1,ip-172-31-14-170,linux,0,411.8532,2.43,KEM,True,2025-11-21T22:13:58.414095,,947
Classic-McEliece-6960119f,encap,1024,1,0.0,1,0,1,ip-172-31-14-170,linux,0,400.9637,2.49,KEM,True,2025-11-21T22:13:58.815435,,948
Classic-McEliece-6960119f,encap,1024,1,0.0,1,0,1,ip-172-31-14-170,linux,0,404.9547,2.47,KEM,True,2025-11-21T22:13:59.220765,,949
Classic-McEliece-6960119f,encap,1024,1,0.0,1,0,1,ip-172-31-14-170,linux,0,401.4299,2.49,KEM,True,2025-11-21T22:13:59.622574,,950
Classic-McEliece-6960119f,encap,1024,16,0.0,1,0,1,ip-172-31-14-170,linux,0,403.0706,2.48,KEM,True,2025-11-21T22:14:00.026088,,951
Classic-McEliece-6960119f,encap,1024,16,0.0,1,0,1,ip-172-31-14-170,linux,0,416.5854,2.4,KEM,True,2025-11-21T22:14:00.444750,,952
Classic-McEliece-6960119f,encap,1024,16,0.0,1,0,1,ip-172-31-14-170,linux,0,452.0814,2.21,KEM,True,2025-11-21T22:14:00.897252,,953
Classic-McEliece-6960119f,encap,1024,16,0.0,1,0,1,ip-172-31-14-170,linux,0,406.7674,2.46,KEM,True,2025-11-21T22:14:01.304403,,954
Classic-McEliece-6960119f,encap,1024,16,0.0,1,0,1,ip-172-31-14-170,linux,0,401.4116,2.49,KEM,True,2025-11-21T22:14:01.706221,,955
Classic-McEliece-6960119f,encap,1024,64,0.0,1,0,1,ip-172-31-14-170,linux,0,401.5529,2.49,KEM,True,2025-11-21T22:14:02.108185,,956
Classic-McEliece-6960119f,encap,1024,64,0.0,1,0,1,ip-172-31-14-170,linux,0,402.8447,2.48,KEM,True,2025-11-21T22:14:02.511408,,957
Classic-McEliece-6960119f,encap,1024,64,0.0,1,0,1,ip-172-31-14-170,linux,0,401.7404,2.49,KEM,True,2025-11-21T22:14:02.913524,,958
Classic-McEliece-6960119f,encap,1024,64,0.0,1,0,1,ip-172-31-14-170,linux,0,402.4794,2.48,KEM,True,2025-11-21T22:14:03.316380,,959
Classic-McEliece-6960119f,encap,1024,64,0.0,1,0,1,ip-172-31-14-170,linux,0,400.571,2.5,KEM,True,2025-11-21T22:14:03.717343,,960
Classic-McEliece-6960119f,decap,0,1,0.0,1,0,1,ip-172-31-14-170,linux,0,507.6803,1.97,KEM,True,2025-11-21T22:14:04.225423,,961
Classic-McEliece-6960119f,decap,0,1,0.0,1,0,1,ip-172-31-14-170,linux,0,507.2842,1.97,KEM,True,2025-11-21T22:14:04.733110,,962
Classic-McEliece-6960119f,decap,0,1,0.0,1,0,1,ip-172-31-14-170,linux,0,509.2254,1.96,KEM,True,2025-11-21T22:14:05.242723,,963
Classic-McEliece-6960119f,decap,0,1,0.0,1,0,1,ip-172-31-14-170,linux,0,507.1369,1.97,KEM,True,2025-11-21T22:14:05.750259,,964
Classic-McEliece-6960119f,decap,0,1,0.0,1,0,1,ip-172-31-14-170,linux,0,509.8647,1.96,KEM,True,2025-11-21T22:14:06.260506,,965
Classic-McEliece-6960119f,decap,0,16,0.0,1,0,1,ip-172-31-14-170,linux,0,508.3855,1.97,KEM,True,2025-11-21T22:14:06.769310,,966
Classic-McEliece-6960119f,decap,0,16,0.0,1,0,1,ip-172-31-14-170,linux,0,508.1319,1.97,KEM,True,2025-11-21T22:14:07.277818,,967
Classic-McEliece-6960119f,decap,0,16,0.0,1,0,1,ip-172-31-14-170,linux,0,506.9941,1.97,KEM,True,2025-11-21T22:14:07.785227,,968
Classic-McEliece-6960119f,decap,0,16,0.0,1,0,1,ip-172-31-14-170,linux,0,510.1455,1.96,KEM,True,2025-11-21T22:14:08.295776,,969
Classic-McEliece-6960119f,decap,0,16,0.0,1,0,1,ip-172-31-14-170,linux,0,507.7593,1.97,KEM,True,2025-11-21T22:14:08.803923,,970
Classic-McEliece-6960119f,decap,0,64,0.0,1,0,1,ip-172-31-14-170,linux,0,508.0956,1.97,KEM,True,2025-11-21T22:14:09.312401,,971
Classic-McEliece-6960119f,decap,0,64,0.0,1,0,1,ip-172-31-14-170,linux,0,507.4761,1.97,KEM,True,2025-11-21T22:14:09.820291,,972
Classic-McEliece-6960119f,decap,0,64,0.0,1,0,1,ip-172-31-14-170,linux,0,511.272,1.96,KEM,True,2025-11-21T22:14:10.331965,,973
Classic-McEliece-6960119f,decap,0,64,0.0,1,0,1,ip-172-31-14-170,linux,0,507.3846,1.97,KEM,True,2025-11-21T22:14:10.839763,,974
Classic-McEliece-6960119f,decap,0,64,0.0,1,0,1,ip-172-31-14-170,linux,0,509.2911,1.96,KEM,True,2025-11-21T22:14:11.349439,,975
Classic-McEliece-6960119f,decap,1024,1,0.0,1,0,1,ip-172-31-14-170,linux,0,508.5916,1.97,KEM,True,2025-11-21T22:14:11.858426,,976
Classic-McEliece-6960119f,decap,1024,1,0.0,1,0,1,ip-172-31-14-170,linux,0,510.0805,1.96,KEM,True,2025-11-21T22:14:12.368893,,977
Classic-McEliece-6960119f,decap,1024,1,0.0,1,0,1,ip-172-31-14-170,linux,0,507.9202,1.97,KEM,True,2025-11-21T22:14:12.877226,,978
Classic-McEliece-6960119f,decap,1024,1,0.0,1,0,1,ip-172-31-14-170,linux,0,509.0255,1.96,KEM,True,2025-11-21T22:14:13.386646,,979
Classic-McEliece-6960119f,decap,1024,1,0.0,1,0,1,ip-172-31-14-170,linux,0,508.8379,1.97,KEM,True,2025-11-21T22:14:13.895882,,980
Classic-McEliece-6960119f,decap,1024,16,0.0,1,0,1,ip-172-31-14-170,linux,0,509.4027,1.96,KEM,True,2025-11-21T22:14:14.405670,,981
Classic-McEliece-6960119f,decap,1024,16,0.0,1,0,1,ip-172-31-14-170,linux,0,507.0626,1.97,KEM,True,2025-11-21T22:14:14.913132,,982
Classic-McEliece-6960119f,decap,1024,16,0.0,1,0,1,ip-172-31-14-170,linux,0,513.6778,1.95,KEM,True,2025-11-21T22:14:15.427224,,983
Classic-McEliece-6960119f,decap,1024,16,0.0,1,0,1,ip-172-31-14-170,linux,0,507.8456,1.97,KEM,True,2025-11-21T22:14:15.935458,,984
Classic-McEliece-6960119f,decap,1024,16,0.0,1,0,1,ip-172-31-14-170,linux,0,509.5556,1.96,KEM,True,2025-11-21T22:14:16.445401,,985
Classic-McEliece-6960119f,decap,1024,64,0.0,1,0,1,ip-172-31-14-170,linux,0,506.4779,1.97,KEM,True,2025-11-21T22:14:16.952287,,986
Classic-McEliece-6960119f,decap,1024,64,0.0,1,0,1,ip-172-31-14-170,linux,0,507.4529,1.97,KEM,True,2025-11-21T22:14:17.460191,,987
Classic-McEliece-6960119f,decap,1024,64,0.0,1,0,1,ip-172-31-14-170,linux,0,507.1699,1.97,KEM,True,2025-11-21T22:14:17.967754,,988
Classic-McEliece-6960119f,decap,1024,64,0.0,1,0,1,ip-172-31-14-170,linux,0,508.6228,1.97,KEM,True,2025-11-21T22:14:18.476755,,989
Classic-McEliece-6960119f,decap,1024,64,0.0,1,0,1,ip-172-31-14-170,linux,0,506.5851,1.97,KEM,True,2025-11-21T22:14:18.983725,,990
Classic-McEliece-8192128,keygen,0,1,0.0,1,0,1,ip-172-31-14-170,linux,0,1334.063,0.75,KEM,True,2025-11-21T22:14:20.318104,,991
Classic-McEliece-8192128,keygen,0,1,0.0,1,0,1,ip-172-31-14-170,linux,0,721.1692,1.39,KEM,True,2025-11-21T22:14:21.039595,,992
Classic-McEliece-8192128,keygen,0,1,0.0,1,0,1,ip-172-31-14-170,linux,0,1027.1367,0.97,KEM,True,2025-11-21T22:14:22.067089,,993
Classic-McEliece-8192128,keygen,0,1,0.0,1,0,1,ip-172-31-14-170,linux,0,721.764,1.39,KEM,True,2025-11-21T22:14:22.789214,,994
Classic-McEliece-8192128,keygen,0,1,0.0,1,0,1,ip-172-31-14-170,linux,0,421.4576,2.37,KEM,True,2025-11-21T22:14:23.210989,,995
Classic-McEliece-8192128,keygen,0,16,0.0,1,0,1,ip-172-31-14-170,linux,0,1947.0013,0.51,KEM,True,2025-11-21T22:14:25.158331,,996
Classic-McEliece-8192128,keygen,0,16,0.0,1,0,1,ip-172-31-14-170,linux,0,418.7433,2.39,KEM,True,2025-11-21T22:14:25.577391,,997
Classic-McEliece-8192128,keygen,0,16,0.0,1,0,1,ip-172-31-14-170,linux,0,1333.6596,0.75,KEM,True,2025-11-21T22:14:26.911362,,998
Classic-McEliece-8192128,keygen,0,16,0.0,1,0,1,ip-172-31-14-170,linux,0,725.6578,1.38,KEM,True,2025-11-21T22:14:27.637329,,999
Classic-McEliece-8192128,keygen,0,16,0.0,1,0,1,ip-172-31-14-170,linux,0,418.4967,2.39,KEM,True,2025-11-21T22:14:28.056167,,1000
Classic-McEliece-8192128,keygen,0,64,0.0,1,0,1,ip-172-31-14-170,linux,0,1927.3001,0.52,KEM,True,2025-11-21T22:14:29.983791,,1001
Classic-McEliece-8192128,keygen,0,64,0.0,1,0,1,ip-172-31-14-170,linux,0,1053.3895,0.95,KEM,True,2025-11-21T22:14:31.037495,,1002
Classic-McEliece-8192128,keygen,0,64,0.0,1,0,1,ip-172-31-14-170,linux,0,722.9706,1.38,KEM,True,2025-11-21T22:14:31.760780,,1003
Classic-McEliece-8192128,keygen,0,64,0.0,1,0,1,ip-172-31-14-170,linux,0,1936.4563,0.52,KEM,True,2025-11-21T22:14:33.697549,,1004
Classic-McEliece-8192128,keygen,0,64,0.0,1,0,1,ip-172-31-14-170,linux,0,4061.705,0.25,KEM,True,2025-11-21T22:14:37.759572,,1005
Classic-McEliece-8192128,keygen,1024,1,0.0,1,0,1,ip-172-31-14-170,linux,0,729.8456,1.37,KEM,True,2025-11-21T22:14:38.489738,,1006
Classic-McEliece-8192128,keygen,1024,1,0.0,1,0,1,ip-172-31-14-170,linux,0,2235.8527,0.45,KEM,True,2025-11-21T22:14:40.725909,,1007
Classic-McEliece-8192128,keygen,1024,1,0.0,1,0,1,ip-172-31-14-170,linux,0,720.6079,1.39,KEM,True,2025-11-21T22:14:41.446839,,1008
Classic-McEliece-8192128,keygen,1024,1,0.0,1,0,1,ip-172-31-14-170,linux,0,1058.0582,0.95,KEM,True,2025-11-21T22:14:42.505258,,1009
Classic-McEliece-8192128,keygen,1024,1,0.0,1,0,1,ip-172-31-14-170,linux,0,420.6173,2.38,KEM,True,2025-11-21T22:14:42.926234,,1010
Classic-McEliece-8192128,keygen,1024,16,0.0,1,0,1,ip-172-31-14-170,linux,0,2595.2626,0.39,KEM,True,2025-11-21T22:14:45.521814,,1011
Classic-McEliece-8192128,keygen,1024,16,0.0,1,0,1,ip-172-31-14-170,linux,0,1626.2038,0.61,KEM,True,2025-11-21T22:14:47.148334,,1012
Classic-McEliece-8192128,keygen,1024,16,0.0,1,0,1,ip-172-31-14-170,linux,0,721.451,1.39,KEM,True,2025-11-21T22:14:47.870138,,1013
Classic-McEliece-8192128,keygen,1024,16,0.0,1,0,1,ip-172-31-14-170,linux,0,423.283,2.36,KEM,True,2025-11-21T22:14:48.293733,,1014
Classic-McEliece-8192128,keygen,1024,16,0.0,1,0,1,ip-172-31-14-170,linux,0,416.702,2.4,KEM,True,2025-11-21T22:14:48.710745,,1015
Classic-McEliece-8192128,keygen,1024,64,0.0,1,0,1,ip-172-31-14-170,linux,0,420.9579,2.38,KEM,True,2025-11-21T22:14:49.132016,,1016
Classic-McEliece-8192128,keygen,1024,64,0.0,1,0,1,ip-172-31-14-170,linux,0,416.6296,2.4,KEM,True,2025-11-21T22:14:49.548983,,1017
Classic-McEliece-8192128,keygen,1024,64,0.0,1,0,1,ip-172-31-14-170,linux,0,1031.3328,0.97,KEM,True,2025-11-21T22:14:50.580646,,1018
Classic-McEliece-8192128,keygen,1024,64,0.0,1,0,1,ip-172-31-14-170,linux,0,1332.7358,0.75,KEM,True,2025-11-21T22:14:51.913701,,1019
Classic-McEliece-8192128,keygen,1024,64,0.0,1,0,1,ip-172-31-14-170,linux,0,1339.2068,0.75,KEM,True,2025-11-21T22:14:53.253258,,1020
Classic-McEliece-8192128,encap,0,1,0.0,1,0,1,ip-172-31-14-170,linux,0,1641.6308,0.61,KEM,True,2025-11-21T22:14:54.895258,,1021
Classic-McEliece-8192128,encap,0,1,0.0,1,0,1,ip-172-31-14-170,linux,0,729.1196,1.37,KEM,True,2025-11-21T22:14:55.624706,,1022
Classic-McEliece-8192128,encap,0,1,0.0,1,0,1,ip-172-31-14-170,linux,0,5512.6804,0.18,KEM,True,2025-11-21T22:15:01.137770,,1023
Classic-McEliece-8192128,encap,0,1,0.0,1,0,1,ip-172-31-14-170,linux,0,2011.8812,0.5,KEM,True,2025-11-21T22:15:03.151641,,1024
Classic-McEliece-8192128,encap,0,1,0.0,1,0,1,ip-172-31-14-170,linux,0,417.3677,2.4,KEM,True,2025-11-21T22:15:03.569333,,1025
Classic-McEliece-8192128,encap,0,16,0.0,1,0,1,ip-172-31-14-170,linux,0,1641.8888,0.61,KEM,True,2025-11-21T22:15:05.211543,,1026
Classic-McEliece-8192128,encap,0,16,0.0,1,0,1,ip-172-31-14-170,linux,0,1644.0082,0.61,KEM,True,2025-11-21T22:15:06.855890,,1027
Classic-McEliece-8192128,encap,0,16,0.0,1,0,1,ip-172-31-14-170,linux,0,724.7387,1.38,KEM,True,2025-11-21T22:15:07.580938,,1028
Classic-McEliece-8192128,encap,0,16,0.0,1,0,1,ip-172-31-14-170,linux,0,1036.8399,0.96,KEM,True,2025-11-21T22:15:08.618139,,1029
Classic-McEliece-8192128,encap,0,16,0.0,1,0,1,ip-172-31-14-170,linux,0,1647.3642,0.61,KEM,True,2025-11-21T22:15:10.265822,,1030
Classic-McEliece-8192128,encap,0,64,0.0,1,0,1,ip-172-31-14-170,linux,0,419.1613,2.39,KEM,True,2025-11-21T22:15:10.685311,,1031
Classic-McEliece-8192128,encap,0,64,0.0,1,0,1,ip-172-31-14-170,linux,0,418.4315,2.39,KEM,True,2025-11-21T22:15:11.104090,,1032
Classic-McEliece-8192128,encap,0,64,0.0,1,0,1,ip-172-31-14-170,linux,0,1036.8911,0.96,KEM,True,2025-11-21T22:15:12.141303,,1033
Classic-McEliece-8192128,encap,0,64,0.0,1,0,1,ip-172-31-14-170,linux,0,1939.3293,0.52,KEM,True,2025-11-21T22:15:14.080949,,1034
Classic-McEliece-8192128,encap,0,64,0.0,1,0,1,ip-172-31-14-170,linux,0,1643.9308,0.61,KEM,True,2025-11-21T22:15:15.725240,,1035
Classic-McEliece-8192128,encap,1024,1,0.0,1,0,1,ip-172-31-14-170,linux,0,3464.7952,0.29,KEM,True,2025-11-21T22:15:19.190351,,1036
Classic-McEliece-8192128,encap,1024,1,0.0,1,0,1,ip-172-31-14-170,linux,0,418.5888,2.39,KEM,True,2025-11-21T22:15:19.609280,,1037
Classic-McEliece-8192128,encap,1024,1,0.0,1,0,1,ip-172-31-14-170,linux,0,731.8064,1.37,KEM,True,2025-11-21T22:15:20.341408,,1038
Classic-McEliece-8192128,encap,1024,1,0.0,1,0,1,ip-172-31-14-170,linux,0,1028.185,0.97,KEM,True,2025-11-21T22:15:21.369911,,1039
Classic-McEliece-8192128,encap,1024,1,0.0,1,0,1,ip-172-31-14-170,linux,0,4087.8514,0.24,KEM,True,2025-11-21T22:15:25.458118,,1040
Classic-McEliece-8192128,encap,1024,16,0.0,1,0,1,ip-172-31-14-170,linux,0,1950.8469,0.51,KEM,True,2025-11-21T22:15:27.409302,,1041
Classic-McEliece-8192128,encap,1024,16,0.0,1,0,1,ip-172-31-14-170,linux,0,1642.8034,0.61,KEM,True,2025-11-21T22:15:29.052433,,1042
Classic-McEliece-8192128,encap,1024,16,0.0,1,0,1,ip-172-31-14-170,linux,0,723.4222,1.38,KEM,True,2025-11-21T22:15:29.776214,,1043
Classic-McEliece-8192128,encap,1024,16,0.0,1,0,1,ip-172-31-14-170,linux,0,754.1448,1.33,KEM,True,2025-11-21T22:15:30.530672,,1044
Classic-McEliece-8192128,encap,1024,16,0.0,1,0,1,ip-172-31-14-170,linux,0,2845.2807,0.35,KEM,True,2025-11-21T22:15:33.376290,,1045
Classic-McEliece-8192128,encap,1024,64,0.0,1,0,1,ip-172-31-14-170,linux,0,2551.314,0.39,KEM,True,2025-11-21T22:15:35.927933,,1046
Classic-McEliece-8192128,encap,1024,64,0.0,1,0,1,ip-172-31-14-170,linux,0,424.3054,2.36,KEM,True,2025-11-21T22:15:36.352555,,1047
Classic-McEliece-8192128,encap,1024,64,0.0,1,0,1,ip-172-31-14-170,linux,0,1652.057,0.61,KEM,True,2025-11-21T22:15:38.004961,,1048
Classic-McEliece-8192128,encap,1024,64,0.0,1,0,1,ip-172-31-14-170,linux,0,426.1173,2.35,KEM,True,2025-11-21T22:15:38.431439,,1049
Classic-McEliece-8192128,encap,1024,64,0.0,1,0,1,ip-172-31-14-170,linux,0,1325.6525,0.75,KEM,True,2025-11-21T22:15:39.757466,,1050
Classic-McEliece-8192128,decap,0,1,0.0,1,0,1,ip-172-31-14-170,linux,0,1775.9118,0.56,KEM,True,2025-11-21T22:15:41.533732,,1051
Classic-McEliece-8192128,decap,0,1,0.0,1,0,1,ip-172-31-14-170,linux,0,3029.7372,0.33,KEM,True,2025-11-21T22:15:44.563824,,1052
Classic-McEliece-8192128,decap,0,1,0.0,1,0,1,ip-172-31-14-170,linux,0,553.2659,1.81,KEM,True,2025-11-21T22:15:45.117447,,1053
Classic-McEliece-8192128,decap,0,1,0.0,1,0,1,ip-172-31-14-170,linux,0,614.6659,1.63,KEM,True,2025-11-21T22:15:45.732456,,1054
Classic-McEliece-8192128,decap,0,1,0.0,1,0,1,ip-172-31-14-170,linux,0,859.8813,1.16,KEM,True,2025-11-21T22:15:46.592676,,1055
Classic-McEliece-8192128,decap,0,16,0.0,1,0,1,ip-172-31-14-170,linux,0,2696.3345,0.37,KEM,True,2025-11-21T22:15:49.289346,,1056
Classic-McEliece-8192128,decap,0,16,0.0,1,0,1,ip-172-31-14-170,linux,0,1160.8502,0.86,KEM,True,2025-11-21T22:15:50.450533,,1057
Classic-McEliece-8192128,decap,0,16,0.0,1,0,1,ip-172-31-14-170,linux,0,552.6425,1.81,KEM,True,2025-11-21T22:15:51.003518,,1058
Classic-McEliece-8192128,decap,0,16,0.0,1,0,1,ip-172-31-14-170,linux,0,856.8628,1.17,KEM,True,2025-11-21T22:15:51.860731,,1059
Classic-McEliece-8192128,decap,0,16,0.0,1,0,1,ip-172-31-14-170,linux,0,560.0615,1.79,KEM,True,2025-11-21T22:15:52.421146,,1060
Classic-McEliece-8192128,decap,0,64,0.0,1,0,1,ip-172-31-14-170,linux,0,1157.782,0.86,KEM,True,2025-11-21T22:15:53.579284,,1061
Classic-McEliece-8192128,decap,0,64,0.0,1,0,1,ip-172-31-14-170,linux,0,860.7189,1.16,KEM,True,2025-11-21T22:15:54.440333,,1062
Classic-McEliece-8192128,decap,0,64,0.0,1,0,1,ip-172-31-14-170,linux,0,554.1215,1.8,KEM,True,2025-11-21T22:15:54.994789,,1063
Classic-McEliece-8192128,decap,0,64,0.0,1,0,1,ip-172-31-14-170,linux,0,1469.0266,0.68,KEM,True,2025-11-21T22:15:56.464171,,1064
Classic-McEliece-8192128,decap,0,64,0.0,1,0,1,ip-172-31-14-170,linux,0,1466.1951,0.68,KEM,True,2025-11-21T22:15:57.930715,,1065
Classic-McEliece-8192128,decap,1024,1,0.0,1,0,1,ip-172-31-14-170,linux,0,1463.7962,0.68,KEM,True,2025-11-21T22:15:59.394852,,1066
Classic-McEliece-8192128,decap,1024,1,0.0,1,0,1,ip-172-31-14-170,linux,0,553.3854,1.81,KEM,True,2025-11-21T22:15:59.948574,,1067
Classic-McEliece-8192128,decap,1024,1,0.0,1,0,1,ip-172-31-14-170,linux,0,1326.9658,0.75,KEM,True,2025-11-21T22:16:01.275888,,1068
Classic-McEliece-8192128,decap,1024,1,0.0,1,0,1,ip-172-31-14-170,linux,0,552.3477,1.81,KEM,True,2025-11-21T22:16:01.828580,,1069
Classic-McEliece-8192128,decap,1024,1,0.0,1,0,1,ip-172-31-14-170,linux,0,2989.1983,0.33,KEM,True,2025-11-21T22:16:04.818138,,1070
Classic-McEliece-8192128,decap,1024,16,0.0,1,0,1,ip-172-31-14-170,linux,0,861.3826,1.16,KEM,True,2025-11-21T22:16:05.679870,,1071
Classic-McEliece-8192128,decap,1024,16,0.0,1,0,1,ip-172-31-14-170,linux,0,554.5875,1.8,KEM,True,2025-11-21T22:16:06.234792,,1072
Classic-McEliece-8192128,decap,1024,16,0.0,1,0,1,ip-172-31-14-170,linux,0,554.841,1.8,KEM,True,2025-11-21T22:16:06.789968,,1073
Classic-McEliece-8192128,decap,1024,16,0.0,1,0,1,ip-172-31-14-170,linux,0,2066.6653,0.48,KEM,True,2025-11-21T22:16:08.856989,,1074
Classic-McEliece-8192128,decap,1024,16,0.0,1,0,1,ip-172-31-14-170,linux,0,554.2525,1.8,KEM,True,2025-11-21T22:16:09.411590,,1075
Classic-McEliece-8192128,decap,1024,64,0.0,1,0,1,ip-172-31-14-170,linux,0,859.1596,1.16,KEM,True,2025-11-21T22:16:10.271103,,1076
Classic-McEliece-8192128,decap,1024,64,0.0,1,0,1,ip-172-31-14-170,linux,0,854.3092,1.17,KEM,True,2025-11-21T22:16:11.125740,,1077
Classic-McEliece-8192128,decap,1024,64,0.0,1,0,1,ip-172-31-14-170,linux,0,2374.7297,0.42,KEM,True,2025-11-21T22:16:13.500807,,1078
Classic-McEliece-8192128,decap,1024,64,0.0,1,0,1,ip-172-31-14-170,linux,0,859.228,1.16,KEM,True,2025-11-21T22:16:14.360371,,1079
Classic-McEliece-8192128,decap,1024,64,0.0,1,0,1,ip-172-31-14-170,linux,0,553.6281,1.81,KEM,True,2025-11-21T22:16:14.914337,,1080
Classic-McEliece-8192128f,keygen,0,1,0.0,1,0,1,ip-172-31-14-170,linux,0,428.7184,2.33,KEM,True,2025-11-21T22:16:15.343376,,1081
Classic-McEliece-8192128f,keygen,0,1,0.0,1,0,1,ip-172-31-14-170,linux,0,413.1495,2.42,KEM,True,2025-11-21T22:16:15.756836,,1082
Classic-McEliece-8192128f,keygen,0,1,0.0,1,0,1,ip-172-31-14-170,linux,0,417.318,2.4,KEM,True,2025-11-21T22:16:16.174477,,1083
Classic-McEliece-8192128f,keygen,0,1,0.0,1,0,1,ip-172-31-14-170,linux,0,412.949,2.42,KEM,True,2025-11-21T22:16:16.587749,,1084
Classic-McEliece-8192128f,keygen,0,1,0.0,1,0,1,ip-172-31-14-170,linux,0,411.5846,2.43,KEM,True,2025-11-21T22:16:16.999650,,1085
Classic-McEliece-8192128f,keygen,0,16,0.0,1,0,1,ip-172-31-14-170,linux,0,413.2248,2.42,KEM,True,2025-11-21T22:16:17.413233,,1086
Classic-McEliece-8192128f,keygen,0,16,0.0,1,0,1,ip-172-31-14-170,linux,0,412.2494,2.43,KEM,True,2025-11-21T22:16:17.825798,,1087
Classic-McEliece-8192128f,keygen,0,16,0.0,1,0,1,ip-172-31-14-170,linux,0,419.3573,2.38,KEM,True,2025-11-21T22:16:18.245474,,1088
Classic-McEliece-8192128f,keygen,0,16,0.0,1,0,1,ip-172-31-14-170,linux,0,410.5981,2.44,KEM,True,2025-11-21T22:16:18.656393,,1089
Classic-McEliece-8192128f,keygen,0,16,0.0,1,0,1,ip-172-31-14-170,linux,0,411.4061,2.43,KEM,True,2025-11-21T22:16:19.068137,,1090
Classic-McEliece-8192128f,keygen,0,64,0.0,1,0,1,ip-172-31-14-170,linux,0,411.3029,2.43,KEM,True,2025-11-21T22:16:19.479755,,1091
Classic-McEliece-8192128f,keygen,0,64,0.0,1,0,1,ip-172-31-14-170,linux,0,408.9193,2.45,KEM,True,2025-11-21T22:16:19.888986,,1092
Classic-McEliece-8192128f,keygen,0,64,0.0,1,0,1,ip-172-31-14-170,linux,0,415.795,2.41,KEM,True,2025-11-21T22:16:20.305152,,1093
Classic-McEliece-8192128f,keygen,0,64,0.0,1,0,1,ip-172-31-14-170,linux,0,409.5897,2.44,KEM,True,2025-11-21T22:16:20.715094,,1094
Classic-McEliece-8192128f,keygen,0,64,0.0,1,0,1,ip-172-31-14-170,linux,0,411.836,2.43,KEM,True,2025-11-21T22:16:21.127277,,1095
Classic-McEliece-8192128f,keygen,1024,1,0.0,1,0,1,ip-172-31-14-170,linux,0,410.318,2.44,KEM,True,2025-11-21T22:16:21.537908,,1096
Classic-McEliece-8192128f,keygen,1024,1,0.0,1,0,1,ip-172-31-14-170,linux,0,411.6409,2.43,KEM,True,2025-11-21T22:16:21.949861,,1097
Classic-McEliece-8192128f,keygen,1024,1,0.0,1,0,1,ip-172-31-14-170,linux,0,414.641,2.41,KEM,True,2025-11-21T22:16:22.364810,,1098
Classic-McEliece-8192128f,keygen,1024,1,0.0,1,0,1,ip-172-31-14-170,linux,0,409.0799,2.44,KEM,True,2025-11-21T22:16:22.774240,,1099
Classic-McEliece-8192128f,keygen,1024,1,0.0,1,0,1,ip-172-31-14-170,linux,0,412.2335,2.43,KEM,True,2025-11-21T22:16:23.186795,,1100
Classic-McEliece-8192128f,keygen,1024,16,0.0,1,0,1,ip-172-31-14-170,linux,0,410.6902,2.43,KEM,True,2025-11-21T22:16:23.597808,,1101
Classic-McEliece-8192128f,keygen,1024,16,0.0,1,0,1,ip-172-31-14-170,linux,0,413.0837,2.42,KEM,True,2025-11-21T22:16:24.011253,,1102
Classic-McEliece-8192128f,keygen,1024,16,0.0,1,0,1,ip-172-31-14-170,linux,0,413.3417,2.42,KEM,True,2025-11-21T22:16:24.424904,,1103
Classic-McEliece-8192128f,keygen,1024,16,0.0,1,0,1,ip-172-31-14-170,linux,0,410.8001,2.43,KEM,True,2025-11-21T22:16:24.836017,,1104
Classic-McEliece-8192128f,keygen,1024,16,0.0,1,0,1,ip-172-31-14-170,linux,0,415.7715,2.41,KEM,True,2025-11-21T22:16:25.252153,,1105
Classic-McEliece-8192128f,keygen,1024,64,0.0,1,0,1,ip-172-31-14-170,linux,0,410.5903,2.44,KEM,True,2025-11-21T22:16:25.663090,,1106
Classic-McEliece-8192128f,keygen,1024,64,0.0,1,0,1,ip-172-31-14-170,linux,0,410.1271,2.44,KEM,True,2025-11-21T22:16:26.073535,,1107
Classic-McEliece-8192128f,keygen,1024,64,0.0,1,0,1,ip-172-31-14-170,linux,0,410.8285,2.43,KEM,True,2025-11-21T22:16:26.484678,,1108
Classic-McEliece-8192128f,keygen,1024,64,0.0,1,0,1,ip-172-31-14-170,linux,0,409.7266,2.44,KEM,True,2025-11-21T22:16:26.894715,,1109
Classic-McEliece-8192128f,keygen,1024,64,0.0,1,0,1,ip-172-31-14-170,linux,0,413.309,2.42,KEM,True,2025-11-21T22:16:27.308333,,1110
Classic-McEliece-8192128f,encap,0,1,0.0,1,0,1,ip-172-31-14-170,linux,0,410.8597,2.43,KEM,True,2025-11-21T22:16:27.719523,,1111
Classic-McEliece-8192128f,encap,0,1,0.0,1,0,1,ip-172-31-14-170,linux,0,413.6441,2.42,KEM,True,2025-11-21T22:16:28.133528,,1112
Classic-McEliece-8192128f,encap,0,1,0.0,1,0,1,ip-172-31-14-170,linux,0,411.3766,2.43,KEM,True,2025-11-21T22:16:28.545253,,1113
Classic-McEliece-8192128f,encap,0,1,0.0,1,0,1,ip-172-31-14-170,linux,0,409.9329,2.44,KEM,True,2025-11-21T22:16:28.955507,,1114
Classic-McEliece-8192128f,encap,0,1,0.0,1,0,1,ip-172-31-14-170,linux,0,417.4088,2.4,KEM,True,2025-11-21T22:16:29.373270,,1115
Classic-McEliece-8192128f,encap,0,16,0.0,1,0,1,ip-172-31-14-170,linux,0,413.1233,2.42,KEM,True,2025-11-21T22:16:29.786712,,1116
Classic-McEliece-8192128f,encap,0,16,0.0,1,0,1,ip-172-31-14-170,linux,0,425.9221,2.35,KEM,True,2025-11-21T22:16:30.212971,,1117
Classic-McEliece-8192128f,encap,0,16,0.0,1,0,1,ip-172-31-14-170,linux,0,415.5485,2.41,KEM,True,2025-11-21T22:16:30.628879,,1118
Classic-McEliece-8192128f,encap,0,16,0.0,1,0,1,ip-172-31-14-170,linux,0,410.8915,2.43,KEM,True,2025-11-21T22:16:31.040152,,1119
Classic-McEliece-8192128f,encap,0,16,0.0,1,0,1,ip-172-31-14-170,linux,0,412.5923,2.42,KEM,True,2025-11-21T22:16:31.453081,,1120
Classic-McEliece-8192128f,encap,0,64,0.0,1,0,1,ip-172-31-14-170,linux,0,411.3817,2.43,KEM,True,2025-11-21T22:16:31.864781,,1121
Classic-McEliece-8192128f,encap,0,64,0.0,1,0,1,ip-172-31-14-170,linux,0,415.3406,2.41,KEM,True,2025-11-21T22:16:32.280448,,1122
Classic-McEliece-8192128f,encap,0,64,0.0,1,0,1,ip-172-31-14-170,linux,0,413.3078,2.42,KEM,True,2025-11-21T22:16:32.694100,,1123
Classic-McEliece-8192128f,encap,0,64,0.0,1,0,1,ip-172-31-14-170,linux,0,410.2179,2.44,KEM,True,2025-11-21T22:16:33.104629,,1124
Classic-McEliece-8192128f,encap,0,64,0.0,1,0,1,ip-172-31-14-170,linux,0,410.307,2.44,KEM,True,2025-11-21T22:16:33.515280,,1125
Classic-McEliece-8192128f,encap,1024,1,0.0,1,0,1,ip-172-31-14-170,linux,0,409.8581,2.44,KEM,True,2025-11-21T22:16:33.925455,,1126
Classic-McEliece-8192128f,encap,1024,1,0.0,1,0,1,ip-172-31-14-170,linux,0,413.5382,2.42,KEM,True,2025-11-21T22:16:34.339313,,1127
Classic-McEliece-8192128f,encap,1024,1,0.0,1,0,1,ip-172-31-14-170,linux,0,411.4977,2.43,KEM,True,2025-11-21T22:16:34.751159,,1128
Classic-McEliece-8192128f,encap,1024,1,0.0,1,0,1,ip-172-31-14-170,linux,0,417.0479,2.4,KEM,True,2025-11-21T22:16:35.168530,,1129
Classic-McEliece-8192128f,encap,1024,1,0.0,1,0,1,ip-172-31-14-170,linux,0,410.5493,2.44,KEM,True,2025-11-21T22:16:35.579392,,1130
Classic-McEliece-8192128f,encap,1024,16,0.0,1,0,1,ip-172-31-14-170,linux,0,413.4936,2.42,KEM,True,2025-11-21T22:16:35.993234,,1131
Classic-McEliece-8192128f,encap,1024,16,0.0,1,0,1,ip-172-31-14-170,linux,0,413.5209,2.42,KEM,True,2025-11-21T22:16:36.407117,,1132
Classic-McEliece-8192128f,encap,1024,16,0.0,1,0,1,ip-172-31-14-170,linux,0,410.7809,2.43,KEM,True,2025-11-21T22:16:36.818250,,1133
Classic-McEliece-8192128f,encap,1024,16,0.0,1,0,1,ip-172-31-14-170,linux,0,415.4661,2.41,KEM,True,2025-11-21T22:16:37.234028,,1134
Classic-McEliece-8192128f,encap,1024,16,0.0,1,0,1,ip-172-31-14-170,linux,0,416.1005,2.4,KEM,True,2025-11-21T22:16:37.650492,,1135
Classic-McEliece-8192128f,encap,1024,64,0.0,1,0,1,ip-172-31-14-170,linux,0,414.7202,2.41,KEM,True,2025-11-21T22:16:38.065573,,1136
Classic-McEliece-8192128f,encap,1024,64,0.0,1,0,1,ip-172-31-14-170,linux,0,416.382,2.4,KEM,True,2025-11-21T22:16:38.482307,,1137
Classic-McEliece-8192128f,encap,1024,64,0.0,1,0,1,ip-172-31-14-170,linux,0,412.1049,2.43,KEM,True,2025-11-21T22:16:38.894734,,1138
Classic-McEliece-8192128f,encap,1024,64,0.0,1,0,1,ip-172-31-14-170,linux,0,413.2574,2.42,KEM,True,2025-11-21T22:16:39.308314,,1139
Classic-McEliece-8192128f,encap,1024,64,0.0,1,0,1,ip-172-31-14-170,linux,0,412.3419,2.43,KEM,True,2025-11-21T22:16:39.720978,,1140
Classic-McEliece-8192128f,decap,0,1,0.0,1,0,1,ip-172-31-14-170,linux,0,553.6959,1.81,KEM,True,2025-11-21T22:16:40.275034,,1141
Classic-McEliece-8192128f,decap,0,1,0.0,1,0,1,ip-172-31-14-170,linux,0,546.4279,1.83,KEM,True,2025-11-21T22:16:40.821835,,1142
Classic-McEliece-8192128f,decap,0,1,0.0,1,0,1,ip-172-31-14-170,linux,0,547.5226,1.83,KEM,True,2025-11-21T22:16:41.369702,,1143
Classic-McEliece-8192128f,decap,0,1,0.0,1,0,1,ip-172-31-14-170,linux,0,548.4411,1.82,KEM,True,2025-11-21T22:16:41.918479,,1144
Classic-McEliece-8192128f,decap,0,1,0.0,1,0,1,ip-172-31-14-170,linux,0,568.9814,1.76,KEM,True,2025-11-21T22:16:42.487798,,1145
Classic-McEliece-8192128f,decap,0,16,0.0,1,0,1,ip-172-31-14-170,linux,0,546.6062,1.83,KEM,True,2025-11-21T22:16:43.034735,,1146
Classic-McEliece-8192128f,decap,0,16,0.0,1,0,1,ip-172-31-14-170,linux,0,547.2705,1.83,KEM,True,2025-11-21T22:16:43.582336,,1147
Classic-McEliece-8192128f,decap,0,16,0.0,1,0,1,ip-172-31-14-170,linux,0,547.0763,1.83,KEM,True,2025-11-21T22:16:44.129755,,1148
Classic-McEliece-8192128f,decap,0,16,0.0,1,0,1,ip-172-31-14-170,linux,0,546.5226,1.83,KEM,True,2025-11-21T22:16:44.676612,,1149
Classic-McEliece-8192128f,decap,0,16,0.0,1,0,1,ip-172-31-14-170,linux,0,548.5212,1.82,KEM,True,2025-11-21T22:16:45.225497,,1150
Classic-McEliece-8192128f,decap,0,64,0.0,1,0,1,ip-172-31-14-170,linux,0,573.2282,1.74,KEM,True,2025-11-21T22:16:45.799098,,1151
Classic-McEliece-8192128f,decap,0,64,0.0,1,0,1,ip-172-31-14-170,linux,0,551.7142,1.81,KEM,True,2025-11-21T22:16:46.351168,,1152
Classic-McEliece-8192128f,decap,0,64,0.0,1,0,1,ip-172-31-14-170,linux,0,543.8887,1.84,KEM,True,2025-11-21T22:16:46.895393,,1153
Classic-McEliece-8192128f,decap,0,64,0.0,1,0,1,ip-172-31-14-170,linux,0,545.3594,1.83,KEM,True,2025-11-21T22:16:47.441108,,1154
Classic-McEliece-8192128f,decap,0,64,0.0,1,0,1,ip-172-31-14-170,linux,0,546.1181,1.83,KEM,True,2025-11-21T22:16:47.987559,,1155
Classic-McEliece-8192128f,decap,1024,1,0.0,1,0,1,ip-172-31-14-170,linux,0,547.4439,1.83,KEM,True,2025-11-21T22:16:48.535336,,1156
Classic-McEliece-8192128f,decap,1024,1,0.0,1,0,1,ip-172-31-14-170,linux,0,546.5236,1.83,KEM,True,2025-11-21T22:16:49.082209,,1157
Classic-McEliece-8192128f,decap,1024,1,0.0,1,0,1,ip-172-31-14-170,linux,0,547.0741,1.83,KEM,True,2025-11-21T22:16:49.629610,,1158
Classic-McEliece-8192128f,decap,1024,1,0.0,1,0,1,ip-172-31-14-170,linux,0,545.4398,1.83,KEM,True,2025-11-21T22:16:50.175388,,1159
Classic-McEliece-8192128f,decap,1024,1,0.0,1,0,1,ip-172-31-14-170,linux,0,545.2646,1.83,KEM,True,2025-11-21T22:16:50.720988,,1160
Classic-McEliece-8192128f,decap,1024,16,0.0,1,0,1,ip-172-31-14-170,linux,0,547.653,1.83,KEM,True,2025-11-21T22:16:51.268990,,1161
Classic-McEliece-8192128f,decap,1024,16,0.0,1,0,1,ip-172-31-14-170,linux,0,545.661,1.83,KEM,True,2025-11-21T22:16:51.815000,,1162
Classic-McEliece-8192128f,decap,1024,16,0.0,1,0,1,ip-172-31-14-170,linux,0,551.2557,1.81,KEM,True,2025-11-21T22:16:52.366606,,1163
Classic-McEliece-8192128f,decap,1024,16,0.0,1,0,1,ip-172-31-14-170,linux,0,543.7172,1.84,KEM,True,2025-11-21T22:16:52.910665,,1164
Classic-McEliece-8192128f,decap,1024,16,0.0,1,0,1,ip-172-31-14-170,linux,0,546.3942,1.83,KEM,True,2025-11-21T22:16:53.457395,,1165
Classic-McEliece-8192128f,decap,1024,64,0.0,1,0,1,ip-172-31-14-170,linux,0,543.5478,1.84,KEM,True,2025-11-21T22:16:54.001301,,1166
Classic-McEliece-8192128f,decap,1024,64,0.0,1,0,1,ip-172-31-14-170,linux,0,547.5419,1.83,KEM,True,2025-11-21T22:16:54.549212,,1167
Classic-McEliece-8192128f,decap,1024,64,0.0,1,0,1,ip-172-31-14-170,linux,0,545.4636,1.83,KEM,True,2025-11-21T22:16:55.095018,,1168
Classic-McEliece-8192128f,decap,1024,64,0.0,1,0,1,ip-172-31-14-170,linux,0,544.8055,1.84,KEM,True,2025-11-21T22:16:55.640204,,1169
Classic-McEliece-8192128f,decap,1024,64,0.0,1,0,1,ip-172-31-14-170,linux,0,545.3482,1.83,KEM,True,2025-11-21T22:16:56.185881,,1170
FrodoKEM-1344-AES,keygen,0,1,0.0,1,0,1,ip-172-31-14-170,linux,0,3.421,292.31,KEM,True,2025-11-21T22:16:56.189407,,1171
FrodoKEM-1344-AES,keygen,0,1,0.0,1,0,1,ip-172-31-14-170,linux,0,3.0583,326.98,KEM,True,2025-11-21T22:16:56.192543,,1172
FrodoKEM-1344-AES,keygen,0,1,0.0,1,0,1,ip-172-31-14-170,linux,0,3.0272,330.34,KEM,True,2025-11-21T22:16:56.195628,,1173
FrodoKEM-1344-AES,keygen,0,1,0.0,1,0,1,ip-172-31-14-170,linux,0,3.0394,329.01,KEM,True,2025-11-21T22:16:56.198728,,1174
FrodoKEM-1344-AES,keygen,0,1,0.0,1,0,1,ip-172-31-14-170,linux,0,3.0348,329.51,KEM,True,2025-11-21T22:16:56.201871,,1175
FrodoKEM-1344-AES,keygen,0,16,0.0,1,0,1,ip-172-31-14-170,linux,0,3.0324,329.77,KEM,True,2025-11-21T22:16:56.204964,,1176
FrodoKEM-1344-AES,keygen,0,16,0.0,1,0,1,ip-172-31-14-170,linux,0,3.0494,327.93,KEM,True,2025-11-21T22:16:56.208067,,1177
FrodoKEM-1344-AES,keygen,0,16,0.0,1,0,1,ip-172-31-14-170,linux,0,3.0175,331.4,KEM,True,2025-11-21T22:16:56.211133,,1178
FrodoKEM-1344-AES,keygen,0,16,0.0,1,0,1,ip-172-31-14-170,linux,0,3.0324,329.78,KEM,True,2025-11-21T22:16:56.214213,,1179
FrodoKEM-1344-AES,keygen,0,16,0.0,1,0,1,ip-172-31-14-170,linux,0,3.0269,330.37,KEM,True,2025-11-21T22:16:56.217290,,1180
FrodoKEM-1344-AES,keygen,0,64,0.0,1,0,1,ip-172-31-14-170,linux,0,3.0353,329.45,KEM,True,2025-11-21T22:16:56.220375,,1181
FrodoKEM-1344-AES,keygen,0,64,0.0,1,0,1,ip-172-31-14-170,linux,0,3.0271,330.35,KEM,True,2025-11-21T22:16:56.223451,,1182
FrodoKEM-1344-AES,keygen,0,64,0.0,1,0,1,ip-172-31-14-170,linux,0,3.0327,329.74,KEM,True,2025-11-21T22:16:56.226536,,1183
FrodoKEM-1344-AES,keygen,0,64,0.0,1,0,1,ip-172-31-14-170,linux,0,3.0347,329.52,KEM,True,2025-11-21T22:16:56.229626,,1184
FrodoKEM-1344-AES,keygen,0,64,0.0,1,0,1,ip-172-31-14-170,linux,0,3.0233,330.76,KEM,True,2025-11-21T22:16:56.232698,,1185
FrodoKEM-1344-AES,keygen,1024,1,0.0,1,0,1,ip-172-31-14-170,linux,0,3.0239,330.7,KEM,True,2025-11-21T22:16:56.235769,,1186
FrodoKEM-1344-AES,keygen,1024,1,0.0,1,0,1,ip-172-31-14-170,linux,0,3.0253,330.55,KEM,True,2025-11-21T22:16:56.238842,,1187
FrodoKEM-1344-AES,keygen,1024,1,0.0,1,0,1,ip-172-31-14-170,linux,0,3.0298,330.06,KEM,True,2025-11-21T22:16:56.241920,,1188
FrodoKEM-1344-AES,keygen,1024,1,0.0,1,0,1,ip-172-31-14-170,linux,0,3.0319,329.83,KEM,True,2025-11-21T22:16:56.245004,,1189
FrodoKEM-1344-AES,keygen,1024,1,0.0,1,0,1,ip-172-31-14-170,linux,0,3.0374,329.23,KEM,True,2025-11-21T22:16:56.248092,,1190
FrodoKEM-1344-AES,keygen,1024,16,0.0,1,0,1,ip-172-31-14-170,linux,0,3.0205,331.07,KEM,True,2025-11-21T22:16:56.251163,,1191
FrodoKEM-1344-AES,keygen,1024,16,0.0,1,0,1,ip-172-31-14-170,linux,0,3.0437,328.54,KEM,True,2025-11-21T22:16:56.254259,,1192
FrodoKEM-1344-AES,keygen,1024,16,0.0,1,0,1,ip-172-31-14-170,linux,0,3.0301,330.03,KEM,True,2025-11-21T22:16:56.257343,,1193
FrodoKEM-1344-AES,keygen,1024,16,0.0,1,0,1,ip-172-31-14-170,linux,0,3.0325,329.76,KEM,True,2025-11-21T22:16:56.260431,,1194
FrodoKEM-1344-AES,keygen,1024,16,0.0,1,0,1,ip-172-31-14-170,linux,0,3.0226,330.84,KEM,True,2025-11-21T22:16:56.263504,,1195
FrodoKEM-1344-AES,keygen,1024,64,0.0,1,0,1,ip-172-31-14-170,linux,0,3.0305,329.98,KEM,True,2025-11-21T22:16:56.266585,,1196
FrodoKEM-1344-AES,keygen,1024,64,0.0,1,0,1,ip-172-31-14-170,linux,0,3.0256,330.51,KEM,True,2025-11-21T22:16:56.269660,,1197
FrodoKEM-1344-AES,keygen,1024,64,0.0,1,0,1,ip-172-31-14-170,linux,0,3.0322,329.8,KEM,True,2025-11-21T22:16:56.272743,,1198
FrodoKEM-1344-AES,keygen,1024,64,0.0,1,0,1,ip-172-31-14-170,linux,0,3.0485,328.03,KEM,True,2025-11-21T22:16:56.275841,,1199
FrodoKEM-1344-AES,keygen,1024,64,0.0,1,0,1,ip-172-31-14-170,linux,0,3.0253,330.54,KEM,True,2025-11-21T22:16:56.278917,,1200
FrodoKEM-1344-AES,encap,0,1,0.0,1,0,1,ip-172-31-14-170,linux,0,6.5021,153.8,KEM,True,2025-11-21T22:16:56.285479,,1201
FrodoKEM-1344-AES,encap,0,1,0.0,1,0,1,ip-172-31-14-170,linux,0,6.4547,154.93,KEM,True,2025-11-21T22:16:56.292009,,1202
FrodoKEM-1344-AES,encap,0,1,0.0,1,0,1,ip-172-31-14-170,linux,0,6.4275,155.58,KEM,True,2025-11-21T22:16:56.298515,,1203
FrodoKEM-1344-AES,encap,0,1,0.0,1,0,1,ip-172-31-14-170,linux,0,6.4397,155.29,KEM,True,2025-11-21T22:16:56.305021,,1204
FrodoKEM-1344-AES,encap,0,1,0.0,1,0,1,ip-172-31-14-170,linux,0,6.429,155.54,KEM,True,2025-11-21T22:16:56.311527,,1205
FrodoKEM-1344-AES,encap,0,16,0.0,1,0,1,ip-172-31-14-170,linux,0,6.4363,155.37,KEM,True,2025-11-21T22:16:56.318030,,1206
FrodoKEM-1344-AES,encap,0,16,0.0,1,0,1,ip-172-31-14-170,linux,0,6.4403,155.27,KEM,True,2025-11-21T22:16:56.324547,,1207
FrodoKEM-1344-AES,encap,0,16,0.0,1,0,1,ip-172-31-14-170,linux,0,6.424,155.67,KEM,True,2025-11-21T22:16:56.331037,,1208
FrodoKEM-1344-AES,encap,0,16,0.0,1,0,1,ip-172-31-14-170,linux,0,6.4351,155.4,KEM,True,2025-11-21T22:16:56.337546,,1209
FrodoKEM-1344-AES,encap,0,16,0.0,1,0,1,ip-172-31-14-170,linux,0,6.4558,154.9,KEM,True,2025-11-21T22:16:56.344070,,1210
FrodoKEM-1344-AES,encap,0,64,0.0,1,0,1,ip-172-31-14-170,linux,0,6.4275,155.58,KEM,True,2025-11-21T22:16:56.350570,,1211
FrodoKEM-1344-AES,encap,0,64,0.0,1,0,1,ip-172-31-14-170,linux,0,6.441,155.25,KEM,True,2025-11-21T22:16:56.357077,,1212
FrodoKEM-1344-AES,encap,0,64,0.0,1,0,1,ip-172-31-14-170,linux,0,6.4271,155.59,KEM,True,2025-11-21T22:16:56.363569,,1213
FrodoKEM-1344-AES,encap,0,64,0.0,1,0,1,ip-172-31-14-170,linux,0,6.4341,155.42,KEM,True,2025-11-21T22:16:56.370067,,1214
FrodoKEM-1344-AES,encap,0,64,0.0,1,0,1,ip-172-31-14-170,linux,0,6.437,155.35,KEM,True,2025-11-21T22:16:56.376570,,1215
FrodoKEM-1344-AES,encap,1024,1,0.0,1,0,1,ip-172-31-14-170,linux,0,6.4453,155.15,KEM,True,2025-11-21T22:16:56.383083,,1216
FrodoKEM-1344-AES,encap,1024,1,0.0,1,0,1,ip-172-31-14-170,linux,0,6.4421,155.23,KEM,True,2025-11-21T22:16:56.389589,,1217
FrodoKEM-1344-AES,encap,1024,1,0.0,1,0,1,ip-172-31-14-170,linux,0,6.4422,155.23,KEM,True,2025-11-21T22:16:56.396095,,1218
FrodoKEM-1344-AES,encap,1024,1,0.0,1,0,1,ip-172-31-14-170,linux,0,6.4245,155.65,KEM,True,2025-11-21T22:16:56.402586,,1219
FrodoKEM-1344-AES,encap,1024,1,0.0,1,0,1,ip-172-31-14-170,linux,0,6.432,155.47,KEM,True,2025-11-21T22:16:56.409079,,1220
FrodoKEM-1344-AES,encap,1024,16,0.0,1,0,1,ip-172-31-14-170,linux,0,6.4262,155.61,KEM,True,2025-11-21T22:16:56.415569,,1221
FrodoKEM-1344-AES,encap,1024,16,0.0,1,0,1,ip-172-31-14-170,linux,0,6.4379,155.33,KEM,True,2025-11-21T22:16:56.422072,,1222
FrodoKEM-1344-AES,encap,1024,16,0.0,1,0,1,ip-172-31-14-170,linux,0,6.4328,155.45,KEM,True,2025-11-21T22:16:56.428568,,1223
FrodoKEM-1344-AES,encap,1024,16,0.0,1,0,1,ip-172-31-14-170,linux,0,6.433,155.45,KEM,True,2025-11-21T22:16:56.435065,,1224
FrodoKEM-1344-AES,encap,1024,16,0.0,1,0,1,ip-172-31-14-170,linux,0,6.432,155.47,KEM,True,2025-11-21T22:16:56.441559,,1225
FrodoKEM-1344-AES,encap,1024,64,0.0,1,0,1,ip-172-31-14-170,linux,0,6.4494,155.05,KEM,True,2025-11-21T22:16:56.448074,,1226
FrodoKEM-1344-AES,encap,1024,64,0.0,1,0,1,ip-172-31-14-170,linux,0,6.4373,155.34,KEM,True,2025-11-21T22:16:56.454583,,1227
FrodoKEM-1344-AES,encap,1024,64,0.0,1,0,1,ip-172-31-14-170,linux,0,6.4344,155.41,KEM,True,2025-11-21T22:16:56.461085,,1228
FrodoKEM-1344-AES,encap,1024,64,0.0,1,0,1,ip-172-31-14-170,linux,0,6.4269,155.6,KEM,True,2025-11-21T22:16:56.467578,,1229
FrodoKEM-1344-AES,encap,1024,64,0.0,1,0,1,ip-172-31-14-170,linux,0,6.4415,155.24,KEM,True,2025-11-21T22:16:56.474084,,1230
FrodoKEM-1344-AES,decap,0,1,0.0,1,0,1,ip-172-31-14-170,linux,0,9.7747,102.3,KEM,True,2025-11-21T22:16:56.483934,,1231
FrodoKEM-1344-AES,decap,0,1,0.0,1,0,1,ip-172-31-14-170,linux,0,9.7823,102.23,KEM,True,2025-11-21T22:16:56.493792,,1232
FrodoKEM-1344-AES,decap,0,1,0.0,1,0,1,ip-172-31-14-170,linux,0,9.7687,102.37,KEM,True,2025-11-21T22:16:56.503634,,1233
FrodoKEM-1344-AES,decap,0,1,0.0,1,0,1,ip-172-31-14-170,linux,0,9.7903,102.14,KEM,True,2025-11-21T22:16:56.513498,,1234
FrodoKEM-1344-AES,decap,0,1,0.0,1,0,1,ip-172-31-14-170,linux,0,9.7646,102.41,KEM,True,2025-11-21T22:16:56.523338,,1235
FrodoKEM-1344-AES,decap,0,16,0.0,1,0,1,ip-172-31-14-170,linux,0,9.796,102.08,KEM,True,2025-11-21T22:16:56.533213,,1236
FrodoKEM-1344-AES,decap,0,16,0.0,1,0,1,ip-172-31-14-170,linux,0,9.7634,102.42,KEM,True,2025-11-21T22:16:56.543064,,1237
FrodoKEM-1344-AES,decap,0,16,0.0,1,0,1,ip-172-31-14-170,linux,0,9.7689,102.37,KEM,True,2025-11-21T22:16:56.552906,,1238
FrodoKEM-1344-AES,decap,0,16,0.0,1,0,1,ip-172-31-14-170,linux,0,9.7796,102.25,KEM,True,2025-11-21T22:16:56.562760,,1239
FrodoKEM-1344-AES,decap,0,16,0.0,1,0,1,ip-172-31-14-170,linux,0,9.7893,102.15,KEM,True,2025-11-21T22:16:56.572625,,1240
FrodoKEM-1344-AES,decap,0,64,0.0,1,0,1,ip-172-31-14-170,linux,0,9.784,102.21,KEM,True,2025-11-21T22:16:56.582489,,1241
FrodoKEM-1344-AES,decap,0,64,0.0,1,0,1,ip-172-31-14-170,linux,0,9.7857,102.19,KEM,True,2025-11-21T22:16:56.592403,,1242
FrodoKEM-1344-AES,decap,0,64,0.0,1,0,1,ip-172-31-14-170,linux,0,9.7693,102.36,KEM,True,2025-11-21T22:16:56.602262,,1243
FrodoKEM-1344-AES,decap,0,64,0.0,1,0,1,ip-172-31-14-170,linux,0,9.846,101.56,KEM,True,2025-11-21T22:16:56.612183,,1244
FrodoKEM-1344-AES,decap,0,64,0.0,1,0,1,ip-172-31-14-170,linux,0,9.7702,102.35,KEM,True,2025-11-21T22:16:56.622035,,1245
FrodoKEM-1344-AES,decap,1024,1,0.0,1,0,1,ip-172-31-14-170,linux,0,9.7766,102.29,KEM,True,2025-11-21T22:16:56.631906,,1246
FrodoKEM-1344-AES,decap,1024,1,0.0,1,0,1,ip-172-31-14-170,linux,0,9.7826,102.22,KEM,True,2025-11-21T22:16:56.641764,,1247
FrodoKEM-1344-AES,decap,1024,1,0.0,1,0,1,ip-172-31-14-170,linux,0,9.7646,102.41,KEM,True,2025-11-21T22:16:56.651603,,1248
FrodoKEM-1344-AES,decap,1024,1,0.0,1,0,1,ip-172-31-14-170,linux,0,9.7674,102.38,KEM,True,2025-11-21T22:16:56.661445,,1249
FrodoKEM-1344-AES,decap,1024,1,0.0,1,0,1,ip-172-31-14-170,linux,0,9.7664,102.39,KEM,True,2025-11-21T22:16:56.671289,,1250
FrodoKEM-1344-AES,decap,1024,16,0.0,1,0,1,ip-172-31-14-170,linux,0,9.7846,102.2,KEM,True,2025-11-21T22:16:56.681152,,1251
FrodoKEM-1344-AES,decap,1024,16,0.0,1,0,1,ip-172-31-14-170,linux,0,9.7581,102.48,KEM,True,2025-11-21T22:16:56.690985,,1252
FrodoKEM-1344-AES,decap,1024,16,0.0,1,0,1,ip-172-31-14-170,linux,0,9.775,102.3,KEM,True,2025-11-21T22:16:56.700834,,1253
FrodoKEM-1344-AES,decap,1024,16,0.0,1,0,1,ip-172-31-14-170,linux,0,9.7799,102.25,KEM,True,2025-11-21T22:16:56.710687,,1254
FrodoKEM-1344-AES,decap,1024,16,0.0,1,0,1,ip-172-31-14-170,linux,0,9.7712,102.34,KEM,True,2025-11-21T22:16:56.720531,,1255
FrodoKEM-1344-AES,decap,1024,64,0.0,1,0,1,ip-172-31-14-170,linux,0,9.7631,102.43,KEM,True,2025-11-21T22:16:56.730372,,1256
FrodoKEM-1344-AES,decap,1024,64,0.0,1,0,1,ip-172-31-14-170,linux,0,9.7884,102.16,KEM,True,2025-11-21T22:16:56.740238,,1257
FrodoKEM-1344-AES,decap,1024,64,0.0,1,0,1,ip-172-31-14-170,linux,0,9.7792,102.26,KEM,True,2025-11-21T22:16:56.750094,,1258
FrodoKEM-1344-AES,decap,1024,64,0.0,1,0,1,ip-172-31-14-170,linux,0,9.7781,102.27,KEM,True,2025-11-21T22:16:56.759948,,1259
FrodoKEM-1344-AES,decap,1024,64,0.0,1,0,1,ip-172-31-14-170,linux,0,9.7831,102.22,KEM,True,2025-11-21T22:16:56.769809,,1260
FrodoKEM-1344-SHAKE,keygen,0,1,0.0,1,0,1,ip-172-31-14-170,linux,0,11.8616,84.31,KEM,True,2025-11-21T22:16:56.781751,,1261
FrodoKEM-1344-SHAKE,keygen,0,1,0.0,1,0,1,ip-172-31-14-170,linux,0,11.7888,84.83,KEM,True,2025-11-21T22:16:56.793603,,1262
FrodoKEM-1344-SHAKE,keygen,0,1,0.0,1,0,1,ip-172-31-14-170,linux,0,11.7928,84.8,KEM,True,2025-11-21T22:16:56.805454,,1263
FrodoKEM-1344-SHAKE,keygen,0,1,0.0,1,0,1,ip-172-31-14-170,linux,0,11.7884,84.83,KEM,True,2025-11-21T22:16:56.817301,,1264
FrodoKEM-1344-SHAKE,keygen,0,1,0.0,1,0,1,ip-172-31-14-170,linux,0,11.7876,84.83,KEM,True,2025-11-21T22:16:56.829143,,1265
FrodoKEM-1344-SHAKE,keygen,0,16,0.0,1,0,1,ip-172-31-14-170,linux,0,11.7845,84.86,KEM,True,2025-11-21T22:16:56.840983,,1266
FrodoKEM-1344-SHAKE,keygen,0,16,0.0,1,0,1,ip-172-31-14-170,linux,0,11.878,84.19,KEM,True,2025-11-21T22:16:56.852924,,1267
FrodoKEM-1344-SHAKE,keygen,0,16,0.0,1,0,1,ip-172-31-14-170,linux,0,11.798,84.76,KEM,True,2025-11-21T22:16:56.864794,,1268
FrodoKEM-1344-SHAKE,keygen,0,16,0.0,1,0,1,ip-172-31-14-170,linux,0,11.7918,84.8,KEM,True,2025-11-21T22:16:56.876642,,1269
FrodoKEM-1344-SHAKE,keygen,0,16,0.0,1,0,1,ip-172-31-14-170,linux,0,11.7862,84.85,KEM,True,2025-11-21T22:16:56.888482,,1270
FrodoKEM-1344-SHAKE,keygen,0,64,0.0,1,0,1,ip-172-31-14-170,linux,0,11.7776,84.91,KEM,True,2025-11-21T22:16:56.900316,,1271
FrodoKEM-1344-SHAKE,keygen,0,64,0.0,1,0,1,ip-172-31-14-170,linux,0,11.7729,84.94,KEM,True,2025-11-21T22:16:56.912139,,1272
FrodoKEM-1344-SHAKE,keygen,0,64,0.0,1,0,1,ip-172-31-14-170,linux,0,11.7846,84.86,KEM,True,2025-11-21T22:16:56.923977,,1273
FrodoKEM-1344-SHAKE,keygen,0,64,0.0,1,0,1,ip-172-31-14-170,linux,0,11.8011,84.74,KEM,True,2025-11-21T22:16:56.935836,,1274
FrodoKEM-1344-SHAKE,keygen,0,64,0.0,1,0,1,ip-172-31-14-170,linux,0,11.7857,84.85,KEM,True,2025-11-21T22:16:56.947678,,1275
FrodoKEM-1344-SHAKE,keygen,1024,1,0.0,1,0,1,ip-172-31-14-170,linux,0,11.788,84.83,KEM,True,2025-11-21T22:16:56.959522,,1276
FrodoKEM-1344-SHAKE,keygen,1024,1,0.0,1,0,1,ip-172-31-14-170,linux,0,11.7897,84.82,KEM,True,2025-11-21T22:16:56.971368,,1277
FrodoKEM-1344-SHAKE,keygen,1024,1,0.0,1,0,1,ip-172-31-14-170,linux,0,11.8221,84.59,KEM,True,2025-11-21T22:16:56.983245,,1278
FrodoKEM-1344-SHAKE,keygen,1024,1,0.0,1,0,1,ip-172-31-14-170,linux,0,11.7907,84.81,KEM,True,2025-11-21T22:16:56.995095,,1279
FrodoKEM-1344-SHAKE,keygen,1024,1,0.0,1,0,1,ip-172-31-14-170,linux,0,11.7924,84.8,KEM,True,2025-11-21T22:16:57.006945,,1280
FrodoKEM-1344-SHAKE,keygen,1024,16,0.0,1,0,1,ip-172-31-14-170,linux,0,11.8146,84.64,KEM,True,2025-11-21T22:16:57.018822,,1281
FrodoKEM-1344-SHAKE,keygen,1024,16,0.0,1,0,1,ip-172-31-14-170,linux,0,11.7884,84.83,KEM,True,2025-11-21T22:16:57.030670,,1282
FrodoKEM-1344-SHAKE,keygen,1024,16,0.0,1,0,1,ip-172-31-14-170,linux,0,11.7937,84.79,KEM,True,2025-11-21T22:16:57.042525,,1283
FrodoKEM-1344-SHAKE,keygen,1024,16,0.0,1,0,1,ip-172-31-14-170,linux,0,11.781,84.88,KEM,True,2025-11-21T22:16:57.054360,,1284
FrodoKEM-1344-SHAKE,keygen,1024,16,0.0,1,0,1,ip-172-31-14-170,linux,0,11.7945,84.79,KEM,True,2025-11-21T22:16:57.066207,,1285
FrodoKEM-1344-SHAKE,keygen,1024,64,0.0,1,0,1,ip-172-31-14-170,linux,0,11.7853,84.85,KEM,True,2025-11-21T22:16:57.078045,,1286
FrodoKEM-1344-SHAKE,keygen,1024,64,0.0,1,0,1,ip-172-31-14-170,linux,0,11.7905,84.81,KEM,True,2025-11-21T22:16:57.089900,,1287
FrodoKEM-1344-SHAKE,keygen,1024,64,0.0,1,0,1,ip-172-31-14-170,linux,0,11.7994,84.75,KEM,True,2025-11-21T22:16:57.101758,,1288
FrodoKEM-1344-SHAKE,keygen,1024,64,0.0,1,0,1,ip-172-31-14-170,linux,0,11.8244,84.57,KEM,True,2025-11-21T22:16:57.113641,,1289
FrodoKEM-1344-SHAKE,keygen,1024,64,0.0,1,0,1,ip-172-31-14-170,linux,0,11.7873,84.84,KEM,True,2025-11-21T22:16:57.125490,,1290
FrodoKEM-1344-SHAKE,encap,0,1,0.0,1,0,1,ip-172-31-14-170,linux,0,25.3024,39.52,KEM,True,2025-11-21T22:16:57.150854,,1291
FrodoKEM-1344-SHAKE,encap,0,1,0.0,1,0,1,ip-172-31-14-170,linux,0,25.3292,39.48,KEM,True,2025-11-21T22:16:57.176250,,1292
FrodoKEM-1344-SHAKE,encap,0,1,0.0,1,0,1,ip-172-31-14-170,linux,0,25.3209,39.49,KEM,True,2025-11-21T22:16:57.201639,,1293
FrodoKEM-1344-SHAKE,encap,0,1,0.0,1,0,1,ip-172-31-14-170,linux,0,25.3052,39.52,KEM,True,2025-11-21T22:16:57.227018,,1294
FrodoKEM-1344-SHAKE,encap,0,1,0.0,1,0,1,ip-172-31-14-170,linux,0,25.2823,39.55,KEM,True,2025-11-21T22:16:57.252376,,1295
FrodoKEM-1344-SHAKE,encap,0,16,0.0,1,0,1,ip-172-31-14-170,linux,0,25.2999,39.53,KEM,True,2025-11-21T22:16:57.277743,,1296
FrodoKEM-1344-SHAKE,encap,0,16,0.0,1,0,1,ip-172-31-14-170,linux,0,25.3134,39.5,KEM,True,2025-11-21T22:16:57.303123,,1297
FrodoKEM-1344-SHAKE,encap,0,16,0.0,1,0,1,ip-172-31-14-170,linux,0,25.3113,39.51,KEM,True,2025-11-21T22:16:57.328504,,1298
FrodoKEM-1344-SHAKE,encap,0,16,0.0,1,0,1,ip-172-31-14-170,linux,0,25.296,39.53,KEM,True,2025-11-21T22:16:57.353870,,1299
FrodoKEM-1344-SHAKE,encap,0,16,0.0,1,0,1,ip-172-31-14-170,linux,0,25.3227,39.49,KEM,True,2025-11-21T22:16:57.379262,,1300
FrodoKEM-1344-SHAKE,encap,0,64,0.0,1,0,1,ip-172-31-14-170,linux,0,25.3039,39.52,KEM,True,2025-11-21T22:16:57.404636,,1301
FrodoKEM-1344-SHAKE,encap,0,64,0.0,1,0,1,ip-172-31-14-170,linux,0,25.2853,39.55,KEM,True,2025-11-21T22:16:57.429986,,1302
FrodoKEM-1344-SHAKE,encap,0,64,0.0,1,0,1,ip-172-31-14-170,linux,0,25.3024,39.52,KEM,True,2025-11-21T22:16:57.455351,,1303
FrodoKEM-1344-SHAKE,encap,0,64,0.0,1,0,1,ip-172-31-14-170,linux,0,25.301,39.52,KEM,True,2025-11-21T22:16:57.480722,,1304
FrodoKEM-1344-SHAKE,encap,0,64,0.0,1,0,1,ip-172-31-14-170,linux,0,25.307,39.51,KEM,True,2025-11-21T22:16:57.506092,,1305
FrodoKEM-1344-SHAKE,encap,1024,1,0.0,1,0,1,ip-172-31-14-170,linux,0,25.3053,39.52,KEM,True,2025-11-21T22:16:57.531468,,1306
FrodoKEM-1344-SHAKE,encap,1024,1,0.0,1,0,1,ip-172-31-14-170,linux,0,25.2921,39.54,KEM,True,2025-11-21T22:16:57.556825,,1307
FrodoKEM-1344-SHAKE,encap,1024,1,0.0,1,0,1,ip-172-31-14-170,linux,0,25.3176,39.5,KEM,True,2025-11-21T22:16:57.582260,,1308
FrodoKEM-1344-SHAKE,encap,1024,1,0.0,1,0,1,ip-172-31-14-170,linux,0,25.3774,39.41,KEM,True,2025-11-21T22:16:57.607708,,1309
FrodoKEM-1344-SHAKE,encap,1024,1,0.0,1,0,1,ip-172-31-14-170,linux,0,25.3008,39.52,KEM,True,2025-11-21T22:16:57.633090,,1310
FrodoKEM-1344-SHAKE,encap,1024,16,0.0,1,0,1,ip-172-31-14-170,linux,0,25.2963,39.53,KEM,True,2025-11-21T22:16:57.658456,,1311
FrodoKEM-1344-SHAKE,encap,1024,16,0.0,1,0,1,ip-172-31-14-170,linux,0,25.2942,39.53,KEM,True,2025-11-21T22:16:57.683816,,1312
FrodoKEM-1344-SHAKE,encap,1024,16,0.0,1,0,1,ip-172-31-14-170,linux,0,25.3318,39.48,KEM,True,2025-11-21T22:16:57.709216,,1313
FrodoKEM-1344-SHAKE,encap,1024,16,0.0,1,0,1,ip-172-31-14-170,linux,0,25.2957,39.53,KEM,True,2025-11-21T22:16:57.734581,,1314
FrodoKEM-1344-SHAKE,encap,1024,16,0.0,1,0,1,ip-172-31-14-170,linux,0,25.285,39.55,KEM,True,2025-11-21T22:16:57.759932,,1315
FrodoKEM-1344-SHAKE,encap,1024,64,0.0,1,0,1,ip-172-31-14-170,linux,0,25.3125,39.51,KEM,True,2025-11-21T22:16:57.785316,,1316
FrodoKEM-1344-SHAKE,encap,1024,64,0.0,1,0,1,ip-172-31-14-170,linux,0,25.3034,39.52,KEM,True,2025-11-21T22:16:57.810689,,1317
FrodoKEM-1344-SHAKE,encap,1024,64,0.0,1,0,1,ip-172-31-14-170,linux,0,25.3363,39.47,KEM,True,2025-11-21T22:16:57.836090,,1318
FrodoKEM-1344-SHAKE,encap,1024,64,0.0,1,0,1,ip-172-31-14-170,linux,0,25.2911,39.54,KEM,True,2025-11-21T22:16:57.861447,,1319
FrodoKEM-1344-SHAKE,encap,1024,64,0.0,1,0,1,ip-172-31-14-170,linux,0,25.3945,39.38,KEM,True,2025-11-21T22:16:57.886916,,1320
FrodoKEM-1344-SHAKE,decap,0,1,0.0,1,0,1,ip-172-31-14-170,linux,0,38.8252,25.76,KEM,True,2025-11-21T22:16:57.925824,,1321
FrodoKEM-1344-SHAKE,decap,0,1,0.0,1,0,1,ip-172-31-14-170,linux,0,38.8561,25.74,KEM,True,2025-11-21T22:16:57.964758,,1322
FrodoKEM-1344-SHAKE,decap,0,1,0.0,1,0,1,ip-172-31-14-170,linux,0,38.8298,25.75,KEM,True,2025-11-21T22:16:58.003668,,1323
FrodoKEM-1344-SHAKE,decap,0,1,0.0,1,0,1,ip-172-31-14-170,linux,0,38.8628,25.73,KEM,True,2025-11-21T22:16:58.042628,,1324
FrodoKEM-1344-SHAKE,decap,0,1,0.0,1,0,1,ip-172-31-14-170,linux,0,38.8232,25.76,KEM,True,2025-11-21T22:16:58.081528,,1325
FrodoKEM-1344-SHAKE,decap,0,16,0.0,1,0,1,ip-172-31-14-170,linux,0,38.8175,25.76,KEM,True,2025-11-21T22:16:58.120421,,1326
FrodoKEM-1344-SHAKE,decap,0,16,0.0,1,0,1,ip-172-31-14-170,linux,0,38.7946,25.78,KEM,True,2025-11-21T22:16:58.159293,,1327
FrodoKEM-1344-SHAKE,decap,0,16,0.0,1,0,1,ip-172-31-14-170,linux,0,38.8188,25.76,KEM,True,2025-11-21T22:16:58.198187,,1328
FrodoKEM-1344-SHAKE,decap,0,16,0.0,1,0,1,ip-172-31-14-170,linux,0,38.8096,25.77,KEM,True,2025-11-21T22:16:58.237069,,1329
FrodoKEM-1344-SHAKE,decap,0,16,0.0,1,0,1,ip-172-31-14-170,linux,0,38.8385,25.75,KEM,True,2025-11-21T22:16:58.275980,,1330
FrodoKEM-1344-SHAKE,decap,0,64,0.0,1,0,1,ip-172-31-14-170,linux,0,38.7907,25.78,KEM,True,2025-11-21T22:16:58.314863,,1331
FrodoKEM-1344-SHAKE,decap,0,64,0.0,1,0,1,ip-172-31-14-170,linux,0,38.8184,25.76,KEM,True,2025-11-21T22:16:58.353757,,1332
FrodoKEM-1344-SHAKE,decap,0,64,0.0,1,0,1,ip-172-31-14-170,linux,0,38.8217,25.76,KEM,True,2025-11-21T22:16:58.392656,,1333
FrodoKEM-1344-SHAKE,decap,0,64,0.0,1,0,1,ip-172-31-14-170,linux,0,38.7991,25.77,KEM,True,2025-11-21T22:16:58.431526,,1334
FrodoKEM-1344-SHAKE,decap,0,64,0.0,1,0,1,ip-172-31-14-170,linux,0,38.7927,25.78,KEM,True,2025-11-21T22:16:58.470393,,1335
FrodoKEM-1344-SHAKE,decap,1024,1,0.0,1,0,1,ip-172-31-14-170,linux,0,38.8596,25.73,KEM,True,2025-11-21T22:16:58.509330,,1336
FrodoKEM-1344-SHAKE,decap,1024,1,0.0,1,0,1,ip-172-31-14-170,linux,0,38.8083,25.77,KEM,True,2025-11-21T22:16:58.548211,,1337
FrodoKEM-1344-SHAKE,decap,1024,1,0.0,1,0,1,ip-172-31-14-170,linux,0,38.829,25.75,KEM,True,2025-11-21T22:16:58.587113,,1338
FrodoKEM-1344-SHAKE,decap,1024,1,0.0,1,0,1,ip-172-31-14-170,linux,0,38.8924,25.71,KEM,True,2025-11-21T22:16:58.626085,,1339
FrodoKEM-1344-SHAKE,decap,1024,1,0.0,1,0,1,ip-172-31-14-170,linux,0,38.8113,25.77,KEM,True,2025-11-21T22:16:58.664978,,1340
FrodoKEM-1344-SHAKE,decap,1024,16,0.0,1,0,1,ip-172-31-14-170,linux,0,38.8195,25.76,KEM,True,2025-11-21T22:16:58.703877,,1341
FrodoKEM-1344-SHAKE,decap,1024,16,0.0,1,0,1,ip-172-31-14-170,linux,0,38.8028,25.77,KEM,True,2025-11-21T22:16:58.742751,,1342
FrodoKEM-1344-SHAKE,decap,1024,16,0.0,1,0,1,ip-172-31-14-170,linux,0,38.8035,25.77,KEM,True,2025-11-21T22:16:58.781631,,1343
FrodoKEM-1344-SHAKE,decap,1024,16,0.0,1,0,1,ip-172-31-14-170,linux,0,38.8098,25.77,KEM,True,2025-11-21T22:16:58.820518,,1344
FrodoKEM-1344-SHAKE,decap,1024,16,0.0,1,0,1,ip-172-31-14-170,linux,0,38.9042,25.7,KEM,True,2025-11-21T22:16:58.859500,,1345
FrodoKEM-1344-SHAKE,decap,1024,64,0.0,1,0,1,ip-172-31-14-170,linux,0,38.8127,25.76,KEM,True,2025-11-21T22:16:58.898395,,1346
FrodoKEM-1344-SHAKE,decap,1024,64,0.0,1,0,1,ip-172-31-14-170,linux,0,38.8024,25.77,KEM,True,2025-11-21T22:16:58.937271,,1347
FrodoKEM-1344-SHAKE,decap,1024,64,0.0,1,0,1,ip-172-31-14-170,linux,0,38.8401,25.75,KEM,True,2025-11-21T22:16:58.976191,,1348
FrodoKEM-1344-SHAKE,decap,1024,64,0.0,1,0,1,ip-172-31-14-170,linux,0,38.8041,25.77,KEM,True,2025-11-21T22:16:59.015072,,1349
FrodoKEM-1344-SHAKE,decap,1024,64,0.0,1,0,1,ip-172-31-14-170,linux,0,38.8364,25.75,KEM,True,2025-11-21T22:16:59.053988,,1350
FrodoKEM-640-AES,keygen,0,1,0.0,1,0,1,ip-172-31-14-170,linux,0,0.9191,1087.96,KEM,True,2025-11-21T22:16:59.054998,,1351
FrodoKEM-640-AES,keygen,0,1,0.0,1,0,1,ip-172-31-14-170,linux,0,0.8192,1220.65,KEM,True,2025-11-21T22:16:59.055869,,1352
FrodoKEM-640-AES,keygen,0,1,0.0,1,0,1,ip-172-31-14-170,linux,0,0.8099,1234.68,KEM,True,2025-11-21T22:16:59.056724,,1353
FrodoKEM-640-AES,keygen,0,1,0.0,1,0,1,ip-172-31-14-170,linux,0,0.8083,1237.15,KEM,True,2025-11-21T22:16:59.057574,,1354
FrodoKEM-640-AES,keygen,0,1,0.0,1,0,1,ip-172-31-14-170,linux,0,0.8041,1243.6,KEM,True,2025-11-21T22:16:59.058419,,1355
FrodoKEM-640-AES,keygen,0,16,0.0,1,0,1,ip-172-31-14-170,linux,0,0.8031,1245.13,KEM,True,2025-11-21T22:16:59.059264,,1356
FrodoKEM-640-AES,keygen,0,16,0.0,1,0,1,ip-172-31-14-170,linux,0,0.8155,1226.21,KEM,True,2025-11-21T22:16:59.060121,,1357
FrodoKEM-640-AES,keygen,0,16,0.0,1,0,1,ip-172-31-14-170,linux,0,0.7927,1261.55,KEM,True,2025-11-21T22:16:59.060956,,1358
FrodoKEM-640-AES,keygen,0,16,0.0,1,0,1,ip-172-31-14-170,linux,0,0.8038,1244.11,KEM,True,2025-11-21T22:16:59.061795,,1359
FrodoKEM-640-AES,keygen,0,16,0.0,1,0,1,ip-172-31-14-170,linux,0,0.8033,1244.84,KEM,True,2025-11-21T22:16:59.062638,,1360
FrodoKEM-640-AES,keygen,0,64,0.0,1,0,1,ip-172-31-14-170,linux,0,0.8034,1244.79,KEM,True,2025-11-21T22:16:59.063484,,1361
FrodoKEM-640-AES,keygen,0,64,0.0,1,0,1,ip-172-31-14-170,linux,0,0.8121,1231.39,KEM,True,2025-11-21T22:16:59.064338,,1362
FrodoKEM-640-AES,keygen,0,64,0.0,1,0,1,ip-172-31-14-170,linux,0,0.8044,1243.2,KEM,True,2025-11-21T22:16:59.065183,,1363
FrodoKEM-640-AES,keygen,0,64,0.0,1,0,1,ip-172-31-14-170,linux,0,0.7914,1263.58,KEM,True,2025-11-21T22:16:59.066013,,1364
FrodoKEM-640-AES,keygen,0,64,0.0,1,0,1,ip-172-31-14-170,linux,0,0.7987,1252.0,KEM,True,2025-11-21T22:16:59.066845,,1365
FrodoKEM-640-AES,keygen,1024,1,0.0,1,0,1,ip-172-31-14-170,linux,0,0.8054,1241.65,KEM,True,2025-11-21T22:16:59.067690,,1366
FrodoKEM-640-AES,keygen,1024,1,0.0,1,0,1,ip-172-31-14-170,linux,0,0.8117,1232.0,KEM,True,2025-11-21T22:16:59.068544,,1367
FrodoKEM-640-AES,keygen,1024,1,0.0,1,0,1,ip-172-31-14-170,linux,0,0.8042,1243.43,KEM,True,2025-11-21T22:16:59.069393,,1368
FrodoKEM-640-AES,keygen,1024,1,0.0,1,0,1,ip-172-31-14-170,linux,0,0.8016,1247.58,KEM,True,2025-11-21T22:16:59.070232,,1369
FrodoKEM-640-AES,keygen,1024,1,0.0,1,0,1,ip-172-31-14-170,linux,0,0.8032,1244.98,KEM,True,2025-11-21T22:16:59.071073,,1370
FrodoKEM-640-AES,keygen,1024,16,0.0,1,0,1,ip-172-31-14-170,linux,0,0.8009,1248.52,KEM,True,2025-11-21T22:16:59.071911,,1371
FrodoKEM-640-AES,keygen,1024,16,0.0,1,0,1,ip-172-31-14-170,linux,0,0.8043,1243.27,KEM,True,2025-11-21T22:16:59.072754,,1372
FrodoKEM-640-AES,keygen,1024,16,0.0,1,0,1,ip-172-31-14-170,linux,0,0.8027,1245.87,KEM,True,2025-11-21T22:16:59.073594,,1373
FrodoKEM-640-AES,keygen,1024,16,0.0,1,0,1,ip-172-31-14-170,linux,0,0.8206,1218.57,KEM,True,2025-11-21T22:16:59.074502,,1374
FrodoKEM-640-AES,keygen,1024,16,0.0,1,0,1,ip-172-31-14-170,linux,0,0.8046,1242.92,KEM,True,2025-11-21T22:16:59.075349,,1375
FrodoKEM-640-AES,keygen,1024,64,0.0,1,0,1,ip-172-31-14-170,linux,0,0.8138,1228.76,KEM,True,2025-11-21T22:16:59.076205,,1376
FrodoKEM-640-AES,keygen,1024,64,0.0,1,0,1,ip-172-31-14-170,linux,0,0.7918,1262.95,KEM,True,2025-11-21T22:16:59.077037,,1377
FrodoKEM-640-AES,keygen,1024,64,0.0,1,0,1,ip-172-31-14-170,linux,0,0.7893,1266.99,KEM,True,2025-11-21T22:16:59.077871,,1378
FrodoKEM-640-AES,keygen,1024,64,0.0,1,0,1,ip-172-31-14-170,linux,0,0.8018,1247.27,KEM,True,2025-11-21T22:16:59.078708,,1379
FrodoKEM-640-AES,keygen,1024,64,0.0,1,0,1,ip-172-31-14-170,linux,0,0.8021,1246.68,KEM,True,2025-11-21T22:16:59.079548,,1380
FrodoKEM-640-AES,encap,0,1,0.0,1,0,1,ip-172-31-14-170,linux,0,1.8027,554.73,KEM,True,2025-11-21T22:16:59.081406,,1381
FrodoKEM-640-AES,encap,0,1,0.0,1,0,1,ip-172-31-14-170,linux,0,1.7259,579.4,KEM,True,2025-11-21T22:16:59.083182,,1382
FrodoKEM-640-AES,encap,0,1,0.0,1,0,1,ip-172-31-14-170,linux,0,1.7202,581.33,KEM,True,2025-11-21T22:16:59.084948,,1383
FrodoKEM-640-AES,encap,0,1,0.0,1,0,1,ip-172-31-14-170,linux,0,1.721,581.04,KEM,True,2025-11-21T22:16:59.086713,,1384
FrodoKEM-640-AES,encap,0,1,0.0,1,0,1,ip-172-31-14-170,linux,0,1.7321,577.33,KEM,True,2025-11-21T22:16:59.088487,,1385
FrodoKEM-640-AES,encap,0,16,0.0,1,0,1,ip-172-31-14-170,linux,0,1.7219,580.76,KEM,True,2025-11-21T22:16:59.090256,,1386
FrodoKEM-640-AES,encap,0,16,0.0,1,0,1,ip-172-31-14-170,linux,0,1.7417,574.14,KEM,True,2025-11-21T22:16:59.092041,,1387
FrodoKEM-640-AES,encap,0,16,0.0,1,0,1,ip-172-31-14-170,linux,0,1.7128,583.83,KEM,True,2025-11-21T22:16:59.093810,,1388
FrodoKEM-640-AES,encap,0,16,0.0,1,0,1,ip-172-31-14-170,linux,0,1.72,581.39,KEM,True,2025-11-21T22:16:59.095574,,1389
FrodoKEM-640-AES,encap,0,16,0.0,1,0,1,ip-172-31-14-170,linux,0,1.7315,577.53,KEM,True,2025-11-21T22:16:59.097352,,1390
FrodoKEM-640-AES,encap,0,64,0.0,1,0,1,ip-172-31-14-170,linux,0,1.7216,580.85,KEM,True,2025-11-21T22:16:59.099119,,1391
FrodoKEM-640-AES,encap,0,64,0.0,1,0,1,ip-172-31-14-170,linux,0,1.7198,581.48,KEM,True,2025-11-21T22:16:59.100883,,1392
FrodoKEM-640-AES,encap,0,64,0.0,1,0,1,ip-172-31-14-170,linux,0,1.7197,581.49,KEM,True,2025-11-21T22:16:59.102646,,1393
FrodoKEM-640-AES,encap,0,64,0.0,1,0,1,ip-172-31-14-170,linux,0,1.7298,578.11,KEM,True,2025-11-21T22:16:59.104421,,1394
FrodoKEM-640-AES,encap,0,64,0.0,1,0,1,ip-172-31-14-170,linux,0,1.7175,582.25,KEM,True,2025-11-21T22:16:59.106179,,1395
FrodoKEM-640-AES,encap,1024,1,0.0,1,0,1,ip-172-31-14-170,linux,0,1.7152,583.03,KEM,True,2025-11-21T22:16:59.107935,,1396
FrodoKEM-640-AES,encap,1024,1,0.0,1,0,1,ip-172-31-14-170,linux,0,1.7201,581.36,KEM,True,2025-11-21T22:16:59.109695,,1397
FrodoKEM-640-AES,encap,1024,1,0.0,1,0,1,ip-172-31-14-170,linux,0,1.7185,581.92,KEM,True,2025-11-21T22:16:59.111456,,1398
FrodoKEM-640-AES,encap,1024,1,0.0,1,0,1,ip-172-31-14-170,linux,0,1.7245,579.88,KEM,True,2025-11-21T22:16:59.113219,,1399
FrodoKEM-640-AES,encap,1024,1,0.0,1,0,1,ip-172-31-14-170,linux,0,1.7096,584.93,KEM,True,2025-11-21T22:16:59.114970,,1400
FrodoKEM-640-AES,encap,1024,16,0.0,1,0,1,ip-172-31-14-170,linux,0,1.7434,573.6,KEM,True,2025-11-21T22:16:59.116753,,1401
FrodoKEM-640-AES,encap,1024,16,0.0,1,0,1,ip-172-31-14-170,linux,0,1.736,576.02,KEM,True,2025-11-21T22:16:59.118551,,1402
FrodoKEM-640-AES,encap,1024,16,0.0,1,0,1,ip-172-31-14-170,linux,0,1.7358,576.09,KEM,True,2025-11-21T22:16:59.120330,,1403
FrodoKEM-640-AES,encap,1024,16,0.0,1,0,1,ip-172-31-14-170,linux,0,1.7225,580.55,KEM,True,2025-11-21T22:16:59.122095,,1404
FrodoKEM-640-AES,encap,1024,16,0.0,1,0,1,ip-172-31-14-170,linux,0,1.7138,583.48,KEM,True,2025-11-21T22:16:59.123851,,1405
FrodoKEM-640-AES,encap,1024,64,0.0,1,0,1,ip-172-31-14-170,linux,0,1.7214,580.91,KEM,True,2025-11-21T22:16:59.125619,,1406
FrodoKEM-640-AES,encap,1024,64,0.0,1,0,1,ip-172-31-14-170,linux,0,1.7181,582.02,KEM,True,2025-11-21T22:16:59.127379,,1407
FrodoKEM-640-AES,encap,1024,64,0.0,1,0,1,ip-172-31-14-170,linux,0,1.7247,579.8,KEM,True,2025-11-21T22:16:59.129145,,1408
FrodoKEM-640-AES,encap,1024,64,0.0,1,0,1,ip-172-31-14-170,linux,0,1.7095,584.97,KEM,True,2025-11-21T22:16:59.130898,,1409
FrodoKEM-640-AES,encap,1024,64,0.0,1,0,1,ip-172-31-14-170,linux,0,1.7277,578.82,KEM,True,2025-11-21T22:16:59.132667,,1410
FrodoKEM-640-AES,decap,0,1,0.0,1,0,1,ip-172-31-14-170,linux,0,2.6151,382.39,KEM,True,2025-11-21T22:16:59.135333,,1411
FrodoKEM-640-AES,decap,0,1,0.0,1,0,1,ip-172-31-14-170,linux,0,2.6112,382.96,KEM,True,2025-11-21T22:16:59.137994,,1412
FrodoKEM-640-AES,decap,0,1,0.0,1,0,1,ip-172-31-14-170,linux,0,2.6291,380.36,KEM,True,2025-11-21T22:16:59.140671,,1413
FrodoKEM-640-AES,decap,0,1,0.0,1,0,1,ip-172-31-14-170,linux,0,2.6161,382.25,KEM,True,2025-11-21T22:16:59.143341,,1414
FrodoKEM-640-AES,decap,0,1,0.0,1,0,1,ip-172-31-14-170,linux,0,2.6093,383.25,KEM,True,2025-11-21T22:16:59.146001,,1415
FrodoKEM-640-AES,decap,0,16,0.0,1,0,1,ip-172-31-14-170,linux,0,2.619,381.83,KEM,True,2025-11-21T22:16:59.148669,,1416
FrodoKEM-640-AES,decap,0,16,0.0,1,0,1,ip-172-31-14-170,linux,0,2.617,382.11,KEM,True,2025-11-21T22:16:59.151336,,1417
FrodoKEM-640-AES,decap,0,16,0.0,1,0,1,ip-172-31-14-170,linux,0,2.6098,383.17,KEM,True,2025-11-21T22:16:59.153997,,1418
FrodoKEM-640-AES,decap,0,16,0.0,1,0,1,ip-172-31-14-170,linux,0,2.6231,381.23,KEM,True,2025-11-21T22:16:59.156668,,1419
FrodoKEM-640-AES,decap,0,16,0.0,1,0,1,ip-172-31-14-170,linux,0,2.6144,382.5,KEM,True,2025-11-21T22:16:59.159332,,1420
FrodoKEM-640-AES,decap,0,64,0.0,1,0,1,ip-172-31-14-170,linux,0,2.6134,382.65,KEM,True,2025-11-21T22:16:59.161995,,1421
FrodoKEM-640-AES,decap,0,64,0.0,1,0,1,ip-172-31-14-170,linux,0,2.6226,381.3,KEM,True,2025-11-21T22:16:59.164669,,1422
FrodoKEM-640-AES,decap,0,64,0.0,1,0,1,ip-172-31-14-170,linux,0,2.6141,382.54,KEM,True,2025-11-21T22:16:59.167336,,1423
FrodoKEM-640-AES,decap,0,64,0.0,1,0,1,ip-172-31-14-170,linux,0,2.6151,382.39,KEM,True,2025-11-21T22:16:59.170002,,1424
FrodoKEM-640-AES,decap,0,64,0.0,1,0,1,ip-172-31-14-170,linux,0,2.617,382.12,KEM,True,2025-11-21T22:16:59.172668,,1425
FrodoKEM-640-AES,decap,1024,1,0.0,1,0,1,ip-172-31-14-170,linux,0,2.6133,382.66,KEM,True,2025-11-21T22:16:59.175336,,1426
FrodoKEM-640-AES,decap,1024,1,0.0,1,0,1,ip-172-31-14-170,linux,0,2.6196,381.73,KEM,True,2025-11-21T22:16:59.178007,,1427
FrodoKEM-640-AES,decap,1024,1,0.0,1,0,1,ip-172-31-14-170,linux,0,2.6215,381.47,KEM,True,2025-11-21T22:16:59.180703,,1428
FrodoKEM-640-AES,decap,1024,1,0.0,1,0,1,ip-172-31-14-170,linux,0,2.6113,382.94,KEM,True,2025-11-21T22:16:59.183363,,1429
FrodoKEM-640-AES,decap,1024,1,0.0,1,0,1,ip-172-31-14-170,linux,0,2.6071,383.56,KEM,True,2025-11-21T22:16:59.186020,,1430
FrodoKEM-640-AES,decap,1024,16,0.0,1,0,1,ip-172-31-14-170,linux,0,2.6151,382.39,KEM,True,2025-11-21T22:16:59.188697,,1431
FrodoKEM-640-AES,decap,1024,16,0.0,1,0,1,ip-172-31-14-170,linux,0,2.6125,382.78,KEM,True,2025-11-21T22:16:59.191362,,1432
FrodoKEM-640-AES,decap,1024,16,0.0,1,0,1,ip-172-31-14-170,linux,0,2.6069,383.6,KEM,True,2025-11-21T22:16:59.194013,,1433
FrodoKEM-640-AES,decap,1024,16,0.0,1,0,1,ip-172-31-14-170,linux,0,2.6091,383.27,KEM,True,2025-11-21T22:16:59.196681,,1434
FrodoKEM-640-AES,decap,1024,16,0.0,1,0,1,ip-172-31-14-170,linux,0,2.6121,382.83,KEM,True,2025-11-21T22:16:59.199342,,1435
FrodoKEM-640-AES,decap,1024,64,0.0,1,0,1,ip-172-31-14-170,linux,0,2.6066,383.64,KEM,True,2025-11-21T22:16:59.201999,,1436
FrodoKEM-640-AES,decap,1024,64,0.0,1,0,1,ip-172-31-14-170,linux,0,2.617,382.12,KEM,True,2025-11-21T22:16:59.204668,,1437
FrodoKEM-640-AES,decap,1024,64,0.0,1,0,1,ip-172-31-14-170,linux,0,2.6154,382.36,KEM,True,2025-11-21T22:16:59.207335,,1438
FrodoKEM-640-AES,decap,1024,64,0.0,1,0,1,ip-172-31-14-170,linux,0,2.6088,383.32,KEM,True,2025-11-21T22:16:59.209994,,1439
FrodoKEM-640-AES,decap,1024,64,0.0,1,0,1,ip-172-31-14-170,linux,0,2.6234,381.19,KEM,True,2025-11-21T22:16:59.212667,,1440
FrodoKEM-640-SHAKE,keygen,0,1,0.0,1,0,1,ip-172-31-14-170,linux,0,2.9931,334.1,KEM,True,2025-11-21T22:16:59.215769,,1441
FrodoKEM-640-SHAKE,keygen,0,1,0.0,1,0,1,ip-172-31-14-170,linux,0,2.9279,341.54,KEM,True,2025-11-21T22:16:59.218752,,1442
FrodoKEM-640-SHAKE,keygen,0,1,0.0,1,0,1,ip-172-31-14-170,linux,0,2.9275,341.59,KEM,True,2025-11-21T22:16:59.221724,,1443
FrodoKEM-640-SHAKE,keygen,0,1,0.0,1,0,1,ip-172-31-14-170,linux,0,2.9289,341.42,KEM,True,2025-11-21T22:16:59.224700,,1444
FrodoKEM-640-SHAKE,keygen,0,1,0.0,1,0,1,ip-172-31-14-170,linux,0,2.9193,342.55,KEM,True,2025-11-21T22:16:59.227659,,1445
FrodoKEM-640-SHAKE,keygen,0,16,0.0,1,0,1,ip-172-31-14-170,linux,0,2.9265,341.71,KEM,True,2025-11-21T22:16:59.230629,,1446
FrodoKEM-640-SHAKE,keygen,0,16,0.0,1,0,1,ip-172-31-14-170,linux,0,2.9233,342.07,KEM,True,2025-11-21T22:16:59.233592,,1447
FrodoKEM-640-SHAKE,keygen,0,16,0.0,1,0,1,ip-172-31-14-170,linux,0,2.9271,341.64,KEM,True,2025-11-21T22:16:59.236562,,1448
FrodoKEM-640-SHAKE,keygen,0,16,0.0,1,0,1,ip-172-31-14-170,linux,0,2.9279,341.54,KEM,True,2025-11-21T22:16:59.239537,,1449
FrodoKEM-640-SHAKE,keygen,0,16,0.0,1,0,1,ip-172-31-14-170,linux,0,2.928,341.53,KEM,True,2025-11-21T22:16:59.242510,,1450
FrodoKEM-640-SHAKE,keygen,0,64,0.0,1,0,1,ip-172-31-14-170,linux,0,2.9387,340.29,KEM,True,2025-11-21T22:16:59.245495,,1451
FrodoKEM-640-SHAKE,keygen,0,64,0.0,1,0,1,ip-172-31-14-170,linux,0,2.9304,341.25,KEM,True,2025-11-21T22:16:59.248471,,1452
FrodoKEM-640-SHAKE,keygen,0,64,0.0,1,0,1,ip-172-31-14-170,linux,0,2.9216,342.27,KEM,True,2025-11-21T22:16:59.251434,,1453
FrodoKEM-640-SHAKE,keygen,0,64,0.0,1,0,1,ip-172-31-14-170,linux,0,2.9287,341.45,KEM,True,2025-11-21T22:16:59.254404,,1454
FrodoKEM-640-SHAKE,keygen,0,64,0.0,1,0,1,ip-172-31-14-170,linux,0,2.9299,341.31,KEM,True,2025-11-21T22:16:59.257381,,1455
FrodoKEM-640-SHAKE,keygen,1024,1,0.0,1,0,1,ip-172-31-14-170,linux,0,2.9291,341.4,KEM,True,2025-11-21T22:16:59.260355,,1456
FrodoKEM-640-SHAKE,keygen,1024,1,0.0,1,0,1,ip-172-31-14-170,linux,0,2.9242,341.98,KEM,True,2025-11-21T22:16:59.263324,,1457
FrodoKEM-640-SHAKE,keygen,1024,1,0.0,1,0,1,ip-172-31-14-170,linux,0,2.9309,341.2,KEM,True,2025-11-21T22:16:59.266304,,1458
FrodoKEM-640-SHAKE,keygen,1024,1,0.0,1,0,1,ip-172-31-14-170,linux,0,2.9283,341.5,KEM,True,2025-11-21T22:16:59.269279,,1459
FrodoKEM-640-SHAKE,keygen,1024,1,0.0,1,0,1,ip-172-31-14-170,linux,0,2.9265,341.71,KEM,True,2025-11-21T22:16:59.272252,,1460
FrodoKEM-640-SHAKE,keygen,1024,16,0.0,1,0,1,ip-172-31-14-170,linux,0,2.9265,341.71,KEM,True,2025-11-21T22:16:59.275221,,1461
FrodoKEM-640-SHAKE,keygen,1024,16,0.0,1,0,1,ip-172-31-14-170,linux,0,2.9414,339.97,KEM,True,2025-11-21T22:16:59.278207,,1462
FrodoKEM-640-SHAKE,keygen,1024,16,0.0,1,0,1,ip-172-31-14-170,linux,0,2.9291,341.4,KEM,True,2025-11-21T22:16:59.281181,,1463
FrodoKEM-640-SHAKE,keygen,1024,16,0.0,1,0,1,ip-172-31-14-170,linux,0,2.9253,341.84,KEM,True,2025-11-21T22:16:59.284151,,1464
FrodoKEM-640-SHAKE,keygen,1024,16,0.0,1,0,1,ip-172-31-14-170,linux,0,2.9223,342.19,KEM,True,2025-11-21T22:16:59.287116,,1465
FrodoKEM-640-SHAKE,keygen,1024,64,0.0,1,0,1,ip-172-31-14-170,linux,0,2.9362,340.57,KEM,True,2025-11-21T22:16:59.290101,,1466
FrodoKEM-640-SHAKE,keygen,1024,64,0.0,1,0,1,ip-172-31-14-170,linux,0,2.9308,341.21,KEM,True,2025-11-21T22:16:59.293081,,1467
FrodoKEM-640-SHAKE,keygen,1024,64,0.0,1,0,1,ip-172-31-14-170,linux,0,2.9241,341.98,KEM,True,2025-11-21T22:16:59.296057,,1468
FrodoKEM-640-SHAKE,keygen,1024,64,0.0,1,0,1,ip-172-31-14-170,linux,0,2.9187,342.62,KEM,True,2025-11-21T22:16:59.299022,,1469
FrodoKEM-640-SHAKE,keygen,1024,64,0.0,1,0,1,ip-172-31-14-170,linux,0,2.925,341.88,KEM,True,2025-11-21T22:16:59.301999,,1470
FrodoKEM-640-SHAKE,encap,0,1,0.0,1,0,1,ip-172-31-14-170,linux,0,6.2897,158.99,KEM,True,2025-11-21T22:16:59.308342,,1471
FrodoKEM-640-SHAKE,encap,0,1,0.0,1,0,1,ip-172-31-14-170,linux,0,6.2775,159.3,KEM,True,2025-11-21T22:16:59.314672,,1472
FrodoKEM-640-SHAKE,encap,0,1,0.0,1,0,1,ip-172-31-14-170,linux,0,6.2781,159.28,KEM,True,2025-11-21T22:16:59.321006,,1473
FrodoKEM-640-SHAKE,encap,0,1,0.0,1,0,1,ip-172-31-14-170,linux,0,6.272,159.44,KEM,True,2025-11-21T22:16:59.327338,,1474
FrodoKEM-640-SHAKE,encap,0,1,0.0,1,0,1,ip-172-31-14-170,linux,0,6.2734,159.4,KEM,True,2025-11-21T22:16:59.333665,,1475
FrodoKEM-640-SHAKE,encap,0,16,0.0,1,0,1,ip-172-31-14-170,linux,0,6.2862,159.08,KEM,True,2025-11-21T22:16:59.340004,,1476
FrodoKEM-640-SHAKE,encap,0,16,0.0,1,0,1,ip-172-31-14-170,linux,0,6.2823,159.18,KEM,True,2025-11-21T22:16:59.346352,,1477
FrodoKEM-640-SHAKE,encap,0,16,0.0,1,0,1,ip-172-31-14-170,linux,0,6.278,159.29,KEM,True,2025-11-21T22:16:59.352686,,1478
FrodoKEM-640-SHAKE,encap,0,16,0.0,1,0,1,ip-172-31-14-170,linux,0,6.2716,159.45,KEM,True,2025-11-21T22:16:59.359007,,1479
FrodoKEM-640-SHAKE,encap,0,16,0.0,1,0,1,ip-172-31-14-170,linux,0,6.2776,159.3,KEM,True,2025-11-21T22:16:59.365342,,1480
FrodoKEM-640-SHAKE,encap,0,64,0.0,1,0,1,ip-172-31-14-170,linux,0,6.2675,159.55,KEM,True,2025-11-21T22:16:59.371662,,1481
FrodoKEM-640-SHAKE,encap,0,64,0.0,1,0,1,ip-172-31-14-170,linux,0,6.2787,159.27,KEM,True,2025-11-21T22:16:59.377990,,1482
FrodoKEM-640-SHAKE,encap,0,64,0.0,1,0,1,ip-172-31-14-170,linux,0,6.2956,158.84,KEM,True,2025-11-21T22:16:59.384336,,1483
FrodoKEM-640-SHAKE,encap,0,64,0.0,1,0,1,ip-172-31-14-170,linux,0,6.2726,159.42,KEM,True,2025-11-21T22:16:59.390666,,1484
FrodoKEM-640-SHAKE,encap,0,64,0.0,1,0,1,ip-172-31-14-170,linux,0,6.2723,159.43,KEM,True,2025-11-21T22:16:59.396986,,1485
FrodoKEM-640-SHAKE,encap,1024,1,0.0,1,0,1,ip-172-31-14-170,linux,0,6.2939,158.88,KEM,True,2025-11-21T22:16:59.403332,,1486
FrodoKEM-640-SHAKE,encap,1024,1,0.0,1,0,1,ip-172-31-14-170,linux,0,6.2788,159.27,KEM,True,2025-11-21T22:16:59.409665,,1487
FrodoKEM-640-SHAKE,encap,1024,1,0.0,1,0,1,ip-172-31-14-170,linux,0,6.2786,159.27,KEM,True,2025-11-21T22:16:59.415997,,1488
FrodoKEM-640-SHAKE,encap,1024,1,0.0,1,0,1,ip-172-31-14-170,linux,0,6.2747,159.37,KEM,True,2025-11-21T22:16:59.422326,,1489
FrodoKEM-640-SHAKE,encap,1024,1,0.0,1,0,1,ip-172-31-14-170,linux,0,6.2784,159.28,KEM,True,2025-11-21T22:16:59.428657,,1490
FrodoKEM-640-SHAKE,encap,1024,16,0.0,1,0,1,ip-172-31-14-170,linux,0,6.2715,159.45,KEM,True,2025-11-21T22:16:59.434980,,1491
FrodoKEM-640-SHAKE,encap,1024,16,0.0,1,0,1,ip-172-31-14-170,linux,0,6.3025,158.67,KEM,True,2025-11-21T22:16:59.441332,,1492
FrodoKEM-640-SHAKE,encap,1024,16,0.0,1,0,1,ip-172-31-14-170,linux,0,6.2765,159.32,KEM,True,2025-11-21T22:16:59.447664,,1493
FrodoKEM-640-SHAKE,encap,1024,16,0.0,1,0,1,ip-172-31-14-170,linux,0,6.2757,159.34,KEM,True,2025-11-21T22:16:59.453994,,1494
FrodoKEM-640-SHAKE,encap,1024,16,0.0,1,0,1,ip-172-31-14-170,linux,0,6.2821,159.18,KEM,True,2025-11-21T22:16:59.460328,,1495
FrodoKEM-640-SHAKE,encap,1024,64,0.0,1,0,1,ip-172-31-14-170,linux,0,6.2798,159.24,KEM,True,2025-11-21T22:16:59.466663,,1496
FrodoKEM-640-SHAKE,encap,1024,64,0.0,1,0,1,ip-172-31-14-170,linux,0,6.2794,159.25,KEM,True,2025-11-21T22:16:59.472995,,1497
FrodoKEM-640-SHAKE,encap,1024,64,0.0,1,0,1,ip-172-31-14-170,linux,0,6.2851,159.11,KEM,True,2025-11-21T22:16:59.479337,,1498
FrodoKEM-640-SHAKE,encap,1024,64,0.0,1,0,1,ip-172-31-14-170,linux,0,6.2799,159.24,KEM,True,2025-11-21T22:16:59.485674,,1499
FrodoKEM-640-SHAKE,encap,1024,64,0.0,1,0,1,ip-172-31-14-170,linux,0,6.2794,159.25,KEM,True,2025-11-21T22:16:59.492006,,1500
FrodoKEM-640-SHAKE,decap,0,1,0.0,1,0,1,ip-172-31-14-170,linux,0,9.5899,104.28,KEM,True,2025-11-21T22:16:59.501665,,1501
FrodoKEM-640-SHAKE,decap,0,1,0.0,1,0,1,ip-172-31-14-170,linux,0,9.603,104.13,KEM,True,2025-11-21T22:16:59.511325,,1502
FrodoKEM-640-SHAKE,decap,0,1,0.0,1,0,1,ip-172-31-14-170,linux,0,9.5972,104.2,KEM,True,2025-11-21T22:16:59.520980,,1503
FrodoKEM-640-SHAKE,decap,0,1,0.0,1,0,1,ip-172-31-14-170,linux,0,9.5995,104.17,KEM,True,2025-11-21T22:16:59.530639,,1504
FrodoKEM-640-SHAKE,decap,0,1,0.0,1,0,1,ip-172-31-14-170,linux,0,9.6152,104.0,KEM,True,2025-11-21T22:16:59.540313,,1505
FrodoKEM-640-SHAKE,decap,0,16,0.0,1,0,1,ip-172-31-14-170,linux,0,9.6013,104.15,KEM,True,2025-11-21T22:16:59.549976,,1506
FrodoKEM-640-SHAKE,decap,0,16,0.0,1,0,1,ip-172-31-14-170,linux,0,9.6152,104.0,KEM,True,2025-11-21T22:16:59.559712,,1507
FrodoKEM-640-SHAKE,decap,0,16,0.0,1,0,1,ip-172-31-14-170,linux,0,9.603,104.13,KEM,True,2025-11-21T22:16:59.569388,,1508
FrodoKEM-640-SHAKE,decap,0,16,0.0,1,0,1,ip-172-31-14-170,linux,0,9.6047,104.12,KEM,True,2025-11-21T22:16:59.579061,,1509
FrodoKEM-640-SHAKE,decap,0,16,0.0,1,0,1,ip-172-31-14-170,linux,0,9.6045,104.12,KEM,True,2025-11-21T22:16:59.588723,,1510
FrodoKEM-640-SHAKE,decap,0,64,0.0,1,0,1,ip-172-31-14-170,linux,0,9.6063,104.1,KEM,True,2025-11-21T22:16:59.598391,,1511
FrodoKEM-640-SHAKE,decap,0,64,0.0,1,0,1,ip-172-31-14-170,linux,0,9.6788,103.32,KEM,True,2025-11-21T22:16:59.608128,,1512
FrodoKEM-640-SHAKE,decap,0,64,0.0,1,0,1,ip-172-31-14-170,linux,0,9.5976,104.19,KEM,True,2025-11-21T22:16:59.617789,,1513
FrodoKEM-640-SHAKE,decap,0,64,0.0,1,0,1,ip-172-31-14-170,linux,0,9.6016,104.15,KEM,True,2025-11-21T22:16:59.627449,,1514
FrodoKEM-640-SHAKE,decap,0,64,0.0,1,0,1,ip-172-31-14-170,linux,0,9.6051,104.11,KEM,True,2025-11-21T22:16:59.637113,,1515
FrodoKEM-640-SHAKE,decap,1024,1,0.0,1,0,1,ip-172-31-14-170,linux,0,9.5956,104.21,KEM,True,2025-11-21T22:16:59.646769,,1516
FrodoKEM-640-SHAKE,decap,1024,1,0.0,1,0,1,ip-172-31-14-170,linux,0,9.6063,104.1,KEM,True,2025-11-21T22:16:59.656432,,1517
FrodoKEM-640-SHAKE,decap,1024,1,0.0,1,0,1,ip-172-31-14-170,linux,0,9.6031,104.13,KEM,True,2025-11-21T22:16:59.666098,,1518
FrodoKEM-640-SHAKE,decap,1024,1,0.0,1,0,1,ip-172-31-14-170,linux,0,9.615,104.0,KEM,True,2025-11-21T22:16:59.675777,,1519
FrodoKEM-640-SHAKE,decap,1024,1,0.0,1,0,1,ip-172-31-14-170,linux,0,9.6008,104.16,KEM,True,2025-11-21T22:16:59.685439,,1520
FrodoKEM-640-SHAKE,decap,1024,16,0.0,1,0,1,ip-172-31-14-170,linux,0,9.6017,104.15,KEM,True,2025-11-21T22:16:59.695099,,1521
FrodoKEM-640-SHAKE,decap,1024,16,0.0,1,0,1,ip-172-31-14-170,linux,0,9.6045,104.12,KEM,True,2025-11-21T22:16:59.704765,,1522
FrodoKEM-640-SHAKE,decap,1024,16,0.0,1,0,1,ip-172-31-14-170,linux,0,9.603,104.13,KEM,True,2025-11-21T22:16:59.714423,,1523
FrodoKEM-640-SHAKE,decap,1024,16,0.0,1,0,1,ip-172-31-14-170,linux,0,9.6114,104.04,KEM,True,2025-11-21T22:16:59.724092,,1524
FrodoKEM-640-SHAKE,decap,1024,16,0.0,1,0,1,ip-172-31-14-170,linux,0,9.5918,104.26,KEM,True,2025-11-21T22:16:59.733742,,1525
FrodoKEM-640-SHAKE,decap,1024,64,0.0,1,0,1,ip-172-31-14-170,linux,0,9.601,104.16,KEM,True,2025-11-21T22:16:59.743403,,1526
FrodoKEM-640-SHAKE,decap,1024,64,0.0,1,0,1,ip-172-31-14-170,linux,0,9.6199,103.95,KEM,True,2025-11-21T22:16:59.753080,,1527
FrodoKEM-640-SHAKE,decap,1024,64,0.0,1,0,1,ip-172-31-14-170,linux,0,9.5951,104.22,KEM,True,2025-11-21T22:16:59.762737,,1528
FrodoKEM-640-SHAKE,decap,1024,64,0.0,1,0,1,ip-172-31-14-170,linux,0,9.6071,104.09,KEM,True,2025-11-21T22:16:59.772401,,1529
FrodoKEM-640-SHAKE,decap,1024,64,0.0,1,0,1,ip-172-31-14-170,linux,0,9.6073,104.09,KEM,True,2025-11-21T22:16:59.782064,,1530
FrodoKEM-976-AES,keygen,0,1,0.0,1,0,1,ip-172-31-14-170,linux,0,1.7592,568.45,KEM,True,2025-11-21T22:16:59.783891,,1531
FrodoKEM-976-AES,keygen,0,1,0.0,1,0,1,ip-172-31-14-170,linux,0,1.6894,591.93,KEM,True,2025-11-21T22:16:59.785633,,1532
FrodoKEM-976-AES,keygen,0,1,0.0,1,0,1,ip-172-31-14-170,linux,0,1.6828,594.26,KEM,True,2025-11-21T22:16:59.787364,,1533
FrodoKEM-976-AES,keygen,0,1,0.0,1,0,1,ip-172-31-14-170,linux,0,1.6933,590.56,KEM,True,2025-11-21T22:16:59.789106,,1534
FrodoKEM-976-AES,keygen,0,1,0.0,1,0,1,ip-172-31-14-170,linux,0,1.6835,594.02,KEM,True,2025-11-21T22:16:59.790836,,1535
FrodoKEM-976-AES,keygen,0,16,0.0,1,0,1,ip-172-31-14-170,linux,0,1.6924,590.88,KEM,True,2025-11-21T22:16:59.792577,,1536
FrodoKEM-976-AES,keygen,0,16,0.0,1,0,1,ip-172-31-14-170,linux,0,1.7356,576.18,KEM,True,2025-11-21T22:16:59.794356,,1537
FrodoKEM-976-AES,keygen,0,16,0.0,1,0,1,ip-172-31-14-170,linux,0,1.6931,590.63,KEM,True,2025-11-21T22:16:59.796091,,1538
FrodoKEM-976-AES,keygen,0,16,0.0,1,0,1,ip-172-31-14-170,linux,0,1.6759,596.69,KEM,True,2025-11-21T22:16:59.797809,,1539
FrodoKEM-976-AES,keygen,0,16,0.0,1,0,1,ip-172-31-14-170,linux,0,1.6797,595.36,KEM,True,2025-11-21T22:16:59.799532,,1540
FrodoKEM-976-AES,keygen,0,64,0.0,1,0,1,ip-172-31-14-170,linux,0,1.6937,590.41,KEM,True,2025-11-21T22:16:59.801272,,1541
FrodoKEM-976-AES,keygen,0,64,0.0,1,0,1,ip-172-31-14-170,linux,0,1.6808,594.96,KEM,True,2025-11-21T22:16:59.802999,,1542
FrodoKEM-976-AES,keygen,0,64,0.0,1,0,1,ip-172-31-14-170,linux,0,1.6963,589.52,KEM,True,2025-11-21T22:16:59.804738,,1543
FrodoKEM-976-AES,keygen,0,64,0.0,1,0,1,ip-172-31-14-170,linux,0,1.6871,592.75,KEM,True,2025-11-21T22:16:59.806471,,1544
FrodoKEM-976-AES,keygen,0,64,0.0,1,0,1,ip-172-31-14-170,linux,0,1.6914,591.24,KEM,True,2025-11-21T22:16:59.808207,,1545
FrodoKEM-976-AES,keygen,1024,1,0.0,1,0,1,ip-172-31-14-170,linux,0,1.6817,594.65,KEM,True,2025-11-21T22:16:59.809933,,1546
FrodoKEM-976-AES,keygen,1024,1,0.0,1,0,1,ip-172-31-14-170,linux,0,1.6857,593.23,KEM,True,2025-11-21T22:16:59.811661,,1547
FrodoKEM-976-AES,keygen,1024,1,0.0,1,0,1,ip-172-31-14-170,linux,0,1.6918,591.09,KEM,True,2025-11-21T22:16:59.813397,,1548
FrodoKEM-976-AES,keygen,1024,1,0.0,1,0,1,ip-172-31-14-170,linux,0,1.6826,594.33,KEM,True,2025-11-21T22:16:59.815124,,1549
FrodoKEM-976-AES,keygen,1024,1,0.0,1,0,1,ip-172-31-14-170,linux,0,1.6842,593.74,KEM,True,2025-11-21T22:16:59.816850,,1550
FrodoKEM-976-AES,keygen,1024,16,0.0,1,0,1,ip-172-31-14-170,linux,0,1.6872,592.71,KEM,True,2025-11-21T22:16:59.818582,,1551
FrodoKEM-976-AES,keygen,1024,16,0.0,1,0,1,ip-172-31-14-170,linux,0,1.6912,591.28,KEM,True,2025-11-21T22:16:59.820323,,1552
FrodoKEM-976-AES,keygen,1024,16,0.0,1,0,1,ip-172-31-14-170,linux,0,1.679,595.59,KEM,True,2025-11-21T22:16:59.822045,,1553
FrodoKEM-976-AES,keygen,1024,16,0.0,1,0,1,ip-172-31-14-170,linux,0,1.6808,594.97,KEM,True,2025-11-21T22:16:59.823778,,1554
FrodoKEM-976-AES,keygen,1024,16,0.0,1,0,1,ip-172-31-14-170,linux,0,1.6833,594.06,KEM,True,2025-11-21T22:16:59.825502,,1555
FrodoKEM-976-AES,keygen,1024,64,0.0,1,0,1,ip-172-31-14-170,linux,0,1.6855,593.3,KEM,True,2025-11-21T22:16:59.827232,,1556
FrodoKEM-976-AES,keygen,1024,64,0.0,1,0,1,ip-172-31-14-170,linux,0,1.6821,594.49,KEM,True,2025-11-21T22:16:59.828955,,1557
FrodoKEM-976-AES,keygen,1024,64,0.0,1,0,1,ip-172-31-14-170,linux,0,1.6897,591.82,KEM,True,2025-11-21T22:16:59.830688,,1558
FrodoKEM-976-AES,keygen,1024,64,0.0,1,0,1,ip-172-31-14-170,linux,0,1.6907,591.47,KEM,True,2025-11-21T22:16:59.832423,,1559
FrodoKEM-976-AES,keygen,1024,64,0.0,1,0,1,ip-172-31-14-170,linux,0,1.682,594.52,KEM,True,2025-11-21T22:16:59.834147,,1560
FrodoKEM-976-AES,encap,0,1,0.0,1,0,1,ip-172-31-14-170,linux,0,3.656,273.52,KEM,True,2025-11-21T22:16:59.837863,,1561
FrodoKEM-976-AES,encap,0,1,0.0,1,0,1,ip-172-31-14-170,linux,0,3.6085,277.12,KEM,True,2025-11-21T22:16:59.841535,,1562
FrodoKEM-976-AES,encap,0,1,0.0,1,0,1,ip-172-31-14-170,linux,0,3.601,277.7,KEM,True,2025-11-21T22:16:59.845197,,1563
FrodoKEM-976-AES,encap,0,1,0.0,1,0,1,ip-172-31-14-170,linux,0,3.5833,279.07,KEM,True,2025-11-21T22:16:59.848838,,1564
FrodoKEM-976-AES,encap,0,1,0.0,1,0,1,ip-172-31-14-170,linux,0,3.5951,278.15,KEM,True,2025-11-21T22:16:59.852488,,1565
FrodoKEM-976-AES,encap,0,16,0.0,1,0,1,ip-172-31-14-170,linux,0,3.5926,278.35,KEM,True,2025-11-21T22:16:59.856139,,1566
FrodoKEM-976-AES,encap,0,16,0.0,1,0,1,ip-172-31-14-170,linux,0,3.6602,273.21,KEM,True,2025-11-21T22:16:59.859858,,1567
FrodoKEM-976-AES,encap,0,16,0.0,1,0,1,ip-172-31-14-170,linux,0,3.5913,278.45,KEM,True,2025-11-21T22:16:59.863513,,1568
FrodoKEM-976-AES,encap,0,16,0.0,1,0,1,ip-172-31-14-170,linux,0,3.5996,277.81,KEM,True,2025-11-21T22:16:59.867171,,1569
FrodoKEM-976-AES,encap,0,16,0.0,1,0,1,ip-172-31-14-170,linux,0,3.5824,279.14,KEM,True,2025-11-21T22:16:59.870810,,1570
FrodoKEM-976-AES,encap,0,64,0.0,1,0,1,ip-172-31-14-170,linux,0,3.5879,278.71,KEM,True,2025-11-21T22:16:59.874457,,1571
FrodoKEM-976-AES,encap,0,64,0.0,1,0,1,ip-172-31-14-170,linux,0,3.5846,278.97,KEM,True,2025-11-21T22:16:59.878096,,1572
FrodoKEM-976-AES,encap,0,64,0.0,1,0,1,ip-172-31-14-170,linux,0,3.5816,279.21,KEM,True,2025-11-21T22:16:59.881733,,1573
FrodoKEM-976-AES,encap,0,64,0.0,1,0,1,ip-172-31-14-170,linux,0,3.6038,277.48,KEM,True,2025-11-21T22:16:59.885447,,1574
FrodoKEM-976-AES,encap,0,64,0.0,1,0,1,ip-172-31-14-170,linux,0,3.5965,278.05,KEM,True,2025-11-21T22:16:59.889107,,1575
FrodoKEM-976-AES,encap,1024,1,0.0,1,0,1,ip-172-31-14-170,linux,0,3.5829,279.1,KEM,True,2025-11-21T22:16:59.892751,,1576
FrodoKEM-976-AES,encap,1024,1,0.0,1,0,1,ip-172-31-14-170,linux,0,3.5938,278.25,KEM,True,2025-11-21T22:16:59.896398,,1577
FrodoKEM-976-AES,encap,1024,1,0.0,1,0,1,ip-172-31-14-170,linux,0,3.589,278.63,KEM,True,2025-11-21T22:16:59.900046,,1578
FrodoKEM-976-AES,encap,1024,1,0.0,1,0,1,ip-172-31-14-170,linux,0,3.5784,279.45,KEM,True,2025-11-21T22:16:59.903694,,1579
FrodoKEM-976-AES,encap,1024,1,0.0,1,0,1,ip-172-31-14-170,linux,0,3.5887,278.65,KEM,True,2025-11-21T22:16:59.907343,,1580
FrodoKEM-976-AES,encap,1024,16,0.0,1,0,1,ip-172-31-14-170,linux,0,3.5836,279.05,KEM,True,2025-11-21T22:16:59.910984,,1581
FrodoKEM-976-AES,encap,1024,16,0.0,1,0,1,ip-172-31-14-170,linux,0,3.5974,277.98,KEM,True,2025-11-21T22:16:59.914635,,1582
FrodoKEM-976-AES,encap,1024,16,0.0,1,0,1,ip-172-31-14-170,linux,0,3.5892,278.61,KEM,True,2025-11-21T22:16:59.918282,,1583
FrodoKEM-976-AES,encap,1024,16,0.0,1,0,1,ip-172-31-14-170,linux,0,3.5862,278.85,KEM,True,2025-11-21T22:16:59.921924,,1584
FrodoKEM-976-AES,encap,1024,16,0.0,1,0,1,ip-172-31-14-170,linux,0,3.606,277.31,KEM,True,2025-11-21T22:16:59.925585,,1585
FrodoKEM-976-AES,encap,1024,64,0.0,1,0,1,ip-172-31-14-170,linux,0,3.5901,278.54,KEM,True,2025-11-21T22:16:59.929239,,1586
FrodoKEM-976-AES,encap,1024,64,0.0,1,0,1,ip-172-31-14-170,linux,0,3.5861,278.85,KEM,True,2025-11-21T22:16:59.932880,,1587
FrodoKEM-976-AES,encap,1024,64,0.0,1,0,1,ip-172-31-14-170,linux,0,3.587,278.79,KEM,True,2025-11-21T22:16:59.936521,,1588
FrodoKEM-976-AES,encap,1024,64,0.0,1,0,1,ip-172-31-14-170,linux,0,3.5875,278.75,KEM,True,2025-11-21T22:16:59.940162,,1589
FrodoKEM-976-AES,encap,1024,64,0.0,1,0,1,ip-172-31-14-170,linux,0,3.5857,278.89,KEM,True,2025-11-21T22:16:59.943801,,1590
FrodoKEM-976-AES,decap,0,1,0.0,1,0,1,ip-172-31-14-170,linux,0,5.4403,183.81,KEM,True,2025-11-21T22:16:59.949303,,1591
FrodoKEM-976-AES,decap,0,1,0.0,1,0,1,ip-172-31-14-170,linux,0,5.4433,183.71,KEM,True,2025-11-21T22:16:59.954811,,1592
FrodoKEM-976-AES,decap,0,1,0.0,1,0,1,ip-172-31-14-170,linux,0,5.4408,183.8,KEM,True,2025-11-21T22:16:59.960319,,1593
FrodoKEM-976-AES,decap,0,1,0.0,1,0,1,ip-172-31-14-170,linux,0,5.4381,183.89,KEM,True,2025-11-21T22:16:59.965823,,1594
FrodoKEM-976-AES,decap,0,1,0.0,1,0,1,ip-172-31-14-170,linux,0,5.4407,183.8,KEM,True,2025-11-21T22:16:59.971329,,1595
FrodoKEM-976-AES,decap,0,16,0.0,1,0,1,ip-172-31-14-170,linux,0,5.4408,183.8,KEM,True,2025-11-21T22:16:59.976842,,1596
FrodoKEM-976-AES,decap,0,16,0.0,1,0,1,ip-172-31-14-170,linux,0,5.4449,183.66,KEM,True,2025-11-21T22:16:59.982351,,1597
FrodoKEM-976-AES,decap,0,16,0.0,1,0,1,ip-172-31-14-170,linux,0,5.4463,183.61,KEM,True,2025-11-21T22:16:59.987864,,1598
FrodoKEM-976-AES,decap,0,16,0.0,1,0,1,ip-172-31-14-170,linux,0,5.442,183.76,KEM,True,2025-11-21T22:16:59.993373,,1599
FrodoKEM-976-AES,decap,0,16,0.0,1,0,1,ip-172-31-14-170,linux,0,5.4345,184.01,KEM,True,2025-11-21T22:16:59.998873,,1600
FrodoKEM-976-AES,decap,0,64,0.0,1,0,1,ip-172-31-14-170,linux,0,5.4675,182.9,KEM,True,2025-11-21T22:17:00.004410,,1601
FrodoKEM-976-AES,decap,0,64,0.0,1,0,1,ip-172-31-14-170,linux,0,5.4609,183.12,KEM,True,2025-11-21T22:17:00.009945,,1602
FrodoKEM-976-AES,decap,0,64,0.0,1,0,1,ip-172-31-14-170,linux,0,5.4844,182.33,KEM,True,2025-11-21T22:17:00.015509,,1603
FrodoKEM-976-AES,decap,0,64,0.0,1,0,1,ip-172-31-14-170,linux,0,5.5028,181.72,KEM,True,2025-11-21T22:17:00.021092,,1604
FrodoKEM-976-AES,decap,0,64,0.0,1,0,1,ip-172-31-14-170,linux,0,5.7761,173.13,KEM,True,2025-11-21T22:17:00.026954,,1605
FrodoKEM-976-AES,decap,1024,1,0.0,1,0,1,ip-172-31-14-170,linux,0,5.5379,180.57,KEM,True,2025-11-21T22:17:00.034225,,1606
FrodoKEM-976-AES,decap,1024,1,0.0,1,0,1,ip-172-31-14-170,linux,0,5.8354,171.37,KEM,True,2025-11-21T22:17:00.040141,,1607
FrodoKEM-976-AES,decap,1024,1,0.0,1,0,1,ip-172-31-14-170,linux,0,5.5327,180.74,KEM,True,2025-11-21T22:17:00.047395,,1608
FrodoKEM-976-AES,decap,1024,1,0.0,1,0,1,ip-172-31-14-170,linux,0,5.4786,182.53,KEM,True,2025-11-21T22:17:00.052948,,1609
FrodoKEM-976-AES,decap,1024,1,0.0,1,0,1,ip-172-31-14-170,linux,0,5.8047,172.27,KEM,True,2025-11-21T22:17:00.058825,,1610
FrodoKEM-976-AES,decap,1024,16,0.0,1,0,1,ip-172-31-14-170,linux,0,5.5252,180.99,KEM,True,2025-11-21T22:17:00.066081,,1611
FrodoKEM-976-AES,decap,1024,16,0.0,1,0,1,ip-172-31-14-170,linux,0,5.4718,182.75,KEM,True,2025-11-21T22:17:00.071623,,1612
FrodoKEM-976-AES,decap,1024,16,0.0,1,0,1,ip-172-31-14-170,linux,0,5.9061,169.32,KEM,True,2025-11-21T22:17:00.077602,,1613
FrodoKEM-976-AES,decap,1024,16,0.0,1,0,1,ip-172-31-14-170,linux,0,5.5186,181.21,KEM,True,2025-11-21T22:17:00.084866,,1614
FrodoKEM-976-AES,decap,1024,16,0.0,1,0,1,ip-172-31-14-170,linux,0,5.4842,182.34,KEM,True,2025-11-21T22:17:00.090422,,1615
FrodoKEM-976-AES,decap,1024,64,0.0,1,0,1,ip-172-31-14-170,linux,0,5.8381,171.29,KEM,True,2025-11-21T22:17:00.096334,,1616
FrodoKEM-976-AES,decap,1024,64,0.0,1,0,1,ip-172-31-14-170,linux,0,5.5149,181.33,KEM,True,2025-11-21T22:17:00.103575,,1617
FrodoKEM-976-AES,decap,1024,64,0.0,1,0,1,ip-172-31-14-170,linux,0,5.4864,182.27,KEM,True,2025-11-21T22:17:00.109133,,1618
FrodoKEM-976-AES,decap,1024,64,0.0,1,0,1,ip-172-31-14-170,linux,0,5.7884,172.76,KEM,True,2025-11-21T22:17:00.114997,,1619
FrodoKEM-976-AES,decap,1024,64,0.0,1,0,1,ip-172-31-14-170,linux,0,5.5332,180.73,KEM,True,2025-11-21T22:17:00.122303,,1620
FrodoKEM-976-SHAKE,keygen,0,1,0.0,1,0,1,ip-172-31-14-170,linux,0,7.352,136.02,KEM,True,2025-11-21T22:17:00.129748,,1621
FrodoKEM-976-SHAKE,keygen,0,1,0.0,1,0,1,ip-172-31-14-170,linux,0,6.6678,149.97,KEM,True,2025-11-21T22:17:00.136518,,1622
FrodoKEM-976-SHAKE,keygen,0,1,0.0,1,0,1,ip-172-31-14-170,linux,0,6.557,152.51,KEM,True,2025-11-21T22:17:00.144787,,1623
FrodoKEM-976-SHAKE,keygen,0,1,0.0,1,0,1,ip-172-31-14-170,linux,0,6.5149,153.49,KEM,True,2025-11-21T22:17:00.151360,,1624
FrodoKEM-976-SHAKE,keygen,0,1,0.0,1,0,1,ip-172-31-14-170,linux,0,6.8409,146.18,KEM,True,2025-11-21T22:17:00.158256,,1625
FrodoKEM-976-SHAKE,keygen,0,16,0.0,1,0,1,ip-172-31-14-170,linux,0,6.5674,152.27,KEM,True,2025-11-21T22:17:00.166547,,1626
FrodoKEM-976-SHAKE,keygen,0,16,0.0,1,0,1,ip-172-31-14-170,linux,0,6.8595,145.78,KEM,True,2025-11-21T22:17:00.173474,,1627
FrodoKEM-976-SHAKE,keygen,0,16,0.0,1,0,1,ip-172-31-14-170,linux,0,6.5681,152.25,KEM,True,2025-11-21T22:17:00.181764,,1628
FrodoKEM-976-SHAKE,keygen,0,16,0.0,1,0,1,ip-172-31-14-170,linux,0,6.7706,147.7,KEM,True,2025-11-21T22:17:00.188615,,1629
FrodoKEM-976-SHAKE,keygen,0,16,0.0,1,0,1,ip-172-31-14-170,linux,0,6.562,152.39,KEM,True,2025-11-21T22:17:00.196890,,1630
FrodoKEM-976-SHAKE,keygen,0,64,0.0,1,0,1,ip-172-31-14-170,linux,0,6.5102,153.6,KEM,True,2025-11-21T22:17:00.203457,,1631
FrodoKEM-976-SHAKE,keygen,0,64,0.0,1,0,1,ip-172-31-14-170,linux,0,6.8303,146.41,KEM,True,2025-11-21T22:17:00.210343,,1632
FrodoKEM-976-SHAKE,keygen,0,64,0.0,1,0,1,ip-172-31-14-170,linux,0,6.7029,149.19,KEM,True,2025-11-21T22:17:00.217142,,1633
FrodoKEM-976-SHAKE,keygen,0,64,0.0,1,0,1,ip-172-31-14-170,linux,0,6.6011,151.49,KEM,True,2025-11-21T22:17:00.225455,,1634
FrodoKEM-976-SHAKE,keygen,0,64,0.0,1,0,1,ip-172-31-14-170,linux,0,6.772,147.67,KEM,True,2025-11-21T22:17:00.232310,,1635
FrodoKEM-976-SHAKE,keygen,1024,1,0.0,1,0,1,ip-172-31-14-170,linux,0,6.5649,152.33,KEM,True,2025-11-21T22:17:00.240590,,1636
FrodoKEM-976-SHAKE,keygen,1024,1,0.0,1,0,1,ip-172-31-14-170,linux,0,6.5093,153.63,KEM,True,2025-11-21T22:17:00.247159,,1637
FrodoKEM-976-SHAKE,keygen,1024,1,0.0,1,0,1,ip-172-31-14-170,linux,0,6.8387,146.23,KEM,True,2025-11-21T22:17:00.254069,,1638
FrodoKEM-976-SHAKE,keygen,1024,1,0.0,1,0,1,ip-172-31-14-170,linux,0,6.5578,152.49,KEM,True,2025-11-21T22:17:00.262356,,1639
FrodoKEM-976-SHAKE,keygen,1024,1,0.0,1,0,1,ip-172-31-14-170,linux,0,6.7955,147.16,KEM,True,2025-11-21T22:17:00.269220,,1640
FrodoKEM-976-SHAKE,keygen,1024,16,0.0,1,0,1,ip-172-31-14-170,linux,0,6.5811,151.95,KEM,True,2025-11-21T22:17:00.277578,,1641
FrodoKEM-976-SHAKE,keygen,1024,16,0.0,1,0,1,ip-172-31-14-170,linux,0,6.7921,147.23,KEM,True,2025-11-21T22:17:00.284441,,1642
FrodoKEM-976-SHAKE,keygen,1024,16,0.0,1,0,1,ip-172-31-14-170,linux,0,6.5736,152.12,KEM,True,2025-11-21T22:17:00.292729,,1643
FrodoKEM-976-SHAKE,keygen,1024,16,0.0,1,0,1,ip-172-31-14-170,linux,0,6.5211,153.35,KEM,True,2025-11-21T22:17:00.299307,,1644
FrodoKEM-976-SHAKE,keygen,1024,16,0.0,1,0,1,ip-172-31-14-170,linux,0,6.8116,146.81,KEM,True,2025-11-21T22:17:00.306180,,1645
FrodoKEM-976-SHAKE,keygen,1024,64,0.0,1,0,1,ip-172-31-14-170,linux,0,6.579,152.0,KEM,True,2025-11-21T22:17:00.314501,,1646
FrodoKEM-976-SHAKE,keygen,1024,64,0.0,1,0,1,ip-172-31-14-170,linux,0,6.796,147.15,KEM,True,2025-11-21T22:17:00.321364,,1647
FrodoKEM-976-SHAKE,keygen,1024,64,0.0,1,0,1,ip-172-31-14-170,linux,0,6.5643,152.34,KEM,True,2025-11-21T22:17:00.329651,,1648
FrodoKEM-976-SHAKE,keygen,1024,64,0.0,1,0,1,ip-172-31-14-170,linux,0,6.8127,146.79,KEM,True,2025-11-21T22:17:00.336531,,1649
FrodoKEM-976-SHAKE,keygen,1024,64,0.0,1,0,1,ip-172-31-14-170,linux,0,6.5595,152.45,KEM,True,2025-11-21T22:17:00.344806,,1650
FrodoKEM-976-SHAKE,encap,0,1,0.0,1,0,1,ip-172-31-14-170,linux,0,14.2425,70.21,KEM,True,2025-11-21T22:17:00.359121,,1651
FrodoKEM-976-SHAKE,encap,0,1,0.0,1,0,1,ip-172-31-14-170,linux,0,14.3074,69.89,KEM,True,2025-11-21T22:17:00.375158,,1652
FrodoKEM-976-SHAKE,encap,0,1,0.0,1,0,1,ip-172-31-14-170,linux,0,14.2971,69.94,KEM,True,2025-11-21T22:17:00.391190,,1653
FrodoKEM-976-SHAKE,encap,0,1,0.0,1,0,1,ip-172-31-14-170,linux,0,14.3094,69.88,KEM,True,2025-11-21T22:17:00.407237,,1654
FrodoKEM-976-SHAKE,encap,0,1,0.0,1,0,1,ip-172-31-14-170,linux,0,14.2812,70.02,KEM,True,2025-11-21T22:17:00.423246,,1655
FrodoKEM-976-SHAKE,encap,0,16,0.0,1,0,1,ip-172-31-14-170,linux,0,14.3058,69.9,KEM,True,2025-11-21T22:17:00.439286,,1656
FrodoKEM-976-SHAKE,encap,0,16,0.0,1,0,1,ip-172-31-14-170,linux,0,14.2906,69.98,KEM,True,2025-11-21T22:17:00.455306,,1657
FrodoKEM-976-SHAKE,encap,0,16,0.0,1,0,1,ip-172-31-14-170,linux,0,14.2732,70.06,KEM,True,2025-11-21T22:17:00.471304,,1658
FrodoKEM-976-SHAKE,encap,0,16,0.0,1,0,1,ip-172-31-14-170,linux,0,14.2971,69.94,KEM,True,2025-11-21T22:17:00.487333,,1659
FrodoKEM-976-SHAKE,encap,0,16,0.0,1,0,1,ip-172-31-14-170,linux,0,14.2921,69.97,KEM,True,2025-11-21T22:17:00.503383,,1660
FrodoKEM-976-SHAKE,encap,0,64,0.0,1,0,1,ip-172-31-14-170,linux,0,14.2699,70.08,KEM,True,2025-11-21T22:17:00.519392,,1661
FrodoKEM-976-SHAKE,encap,0,64,0.0,1,0,1,ip-172-31-14-170,linux,0,14.0787,71.03,KEM,True,2025-11-21T22:17:00.533568,,1662
FrodoKEM-976-SHAKE,encap,0,64,0.0,1,0,1,ip-172-31-14-170,linux,0,14.2874,69.99,KEM,True,2025-11-21T22:17:00.549578,,1663
FrodoKEM-976-SHAKE,encap,0,64,0.0,1,0,1,ip-172-31-14-170,linux,0,14.3034,69.91,KEM,True,2025-11-21T22:17:00.565608,,1664
FrodoKEM-976-SHAKE,encap,0,64,0.0,1,0,1,ip-172-31-14-170,linux,0,14.1401,70.72,KEM,True,2025-11-21T22:17:00.579849,,1665
FrodoKEM-976-SHAKE,encap,1024,1,0.0,1,0,1,ip-172-31-14-170,linux,0,13.999,71.43,KEM,True,2025-11-21T22:17:00.595577,,1666
FrodoKEM-976-SHAKE,encap,1024,1,0.0,1,0,1,ip-172-31-14-170,linux,0,14.5584,68.69,KEM,True,2025-11-21T22:17:00.610209,,1667
FrodoKEM-976-SHAKE,encap,1024,1,0.0,1,0,1,ip-172-31-14-170,linux,0,14.3944,69.47,KEM,True,2025-11-21T22:17:00.626339,,1668
FrodoKEM-976-SHAKE,encap,1024,1,0.0,1,0,1,ip-172-31-14-170,linux,0,14.264,70.11,KEM,True,2025-11-21T22:17:00.642347,,1669
FrodoKEM-976-SHAKE,encap,1024,1,0.0,1,0,1,ip-172-31-14-170,linux,0,14.2509,70.17,KEM,True,2025-11-21T22:17:00.658331,,1670
FrodoKEM-976-SHAKE,encap,1024,16,0.0,1,0,1,ip-172-31-14-170,linux,0,14.2665,70.09,KEM,True,2025-11-21T22:17:00.674352,,1671
FrodoKEM-976-SHAKE,encap,1024,16,0.0,1,0,1,ip-172-31-14-170,linux,0,14.2629,70.11,KEM,True,2025-11-21T22:17:00.690357,,1672
FrodoKEM-976-SHAKE,encap,1024,16,0.0,1,0,1,ip-172-31-14-170,linux,0,14.279,70.03,KEM,True,2025-11-21T22:17:00.706410,,1673
FrodoKEM-976-SHAKE,encap,1024,16,0.0,1,0,1,ip-172-31-14-170,linux,0,14.2929,69.96,KEM,True,2025-11-21T22:17:00.722463,,1674
FrodoKEM-976-SHAKE,encap,1024,16,0.0,1,0,1,ip-172-31-14-170,linux,0,14.2474,70.19,KEM,True,2025-11-21T22:17:00.738437,,1675
FrodoKEM-976-SHAKE,encap,1024,64,0.0,1,0,1,ip-172-31-14-170,linux,0,14.2469,70.19,KEM,True,2025-11-21T22:17:00.754411,,1676
FrodoKEM-976-SHAKE,encap,1024,64,0.0,1,0,1,ip-172-31-14-170,linux,0,14.2939,69.96,KEM,True,2025-11-21T22:17:00.770453,,1677
FrodoKEM-976-SHAKE,encap,1024,64,0.0,1,0,1,ip-172-31-14-170,linux,0,14.2659,70.1,KEM,True,2025-11-21T22:17:00.786454,,1678
FrodoKEM-976-SHAKE,encap,1024,64,0.0,1,0,1,ip-172-31-14-170,linux,0,14.2672,70.09,KEM,True,2025-11-21T22:17:00.802499,,1679
FrodoKEM-976-SHAKE,encap,1024,64,0.0,1,0,1,ip-172-31-14-170,linux,0,14.2517,70.17,KEM,True,2025-11-21T22:17:00.818472,,1680
FrodoKEM-976-SHAKE,decap,0,1,0.0,1,0,1,ip-172-31-14-170,linux,0,21.6983,46.09,KEM,True,2025-11-21T22:17:00.842001,,1681
FrodoKEM-976-SHAKE,decap,0,1,0.0,1,0,1,ip-172-31-14-170,linux,0,21.783,45.91,KEM,True,2025-11-21T22:17:00.865513,,1682
FrodoKEM-976-SHAKE,decap,0,1,0.0,1,0,1,ip-172-31-14-170,linux,0,21.7842,45.9,KEM,True,2025-11-21T22:17:00.889033,,1683
FrodoKEM-976-SHAKE,decap,0,1,0.0,1,0,1,ip-172-31-14-170,linux,0,21.3816,46.77,KEM,True,2025-11-21T22:17:00.910530,,1684
FrodoKEM-976-SHAKE,decap,0,1,0.0,1,0,1,ip-172-31-14-170,linux,0,21.3405,46.86,KEM,True,2025-11-21T22:17:00.931955,,1685
FrodoKEM-976-SHAKE,decap,0,16,0.0,1,0,1,ip-172-31-14-170,linux,0,21.7063,46.07,KEM,True,2025-11-21T22:17:00.954785,,1686
FrodoKEM-976-SHAKE,decap,0,16,0.0,1,0,1,ip-172-31-14-170,linux,0,21.3695,46.8,KEM,True,2025-11-21T22:17:00.976252,,1687
FrodoKEM-976-SHAKE,decap,0,16,0.0,1,0,1,ip-172-31-14-170,linux,0,21.3328,46.88,KEM,True,2025-11-21T22:17:00.997663,,1688
FrodoKEM-976-SHAKE,decap,0,16,0.0,1,0,1,ip-172-31-14-170,linux,0,21.313,46.92,KEM,True,2025-11-21T22:17:01.019044,,1689
FrodoKEM-976-SHAKE,decap,0,16,0.0,1,0,1,ip-172-31-14-170,linux,0,21.4167,46.69,KEM,True,2025-11-21T22:17:01.040546,,1690
FrodoKEM-976-SHAKE,decap,0,64,0.0,1,0,1,ip-172-31-14-170,linux,0,21.3916,46.75,KEM,True,2025-11-21T22:17:01.063596,,1691
FrodoKEM-976-SHAKE,decap,0,64,0.0,1,0,1,ip-172-31-14-170,linux,0,21.3646,46.81,KEM,True,2025-11-21T22:17:01.085063,,1692
FrodoKEM-976-SHAKE,decap,0,64,0.0,1,0,1,ip-172-31-14-170,linux,0,21.4204,46.68,KEM,True,2025-11-21T22:17:01.106565,,1693
FrodoKEM-976-SHAKE,decap,0,64,0.0,1,0,1,ip-172-31-14-170,linux,0,21.5682,46.36,KEM,True,2025-11-21T22:17:01.128222,,1694
FrodoKEM-976-SHAKE,decap,0,64,0.0,1,0,1,ip-172-31-14-170,linux,0,21.7051,46.07,KEM,True,2025-11-21T22:17:01.151592,,1695
FrodoKEM-976-SHAKE,decap,1024,1,0.0,1,0,1,ip-172-31-14-170,linux,0,21.3558,46.83,KEM,True,2025-11-21T22:17:01.173061,,1696
FrodoKEM-976-SHAKE,decap,1024,1,0.0,1,0,1,ip-172-31-14-170,linux,0,21.4088,46.71,KEM,True,2025-11-21T22:17:01.194555,,1697
FrodoKEM-976-SHAKE,decap,1024,1,0.0,1,0,1,ip-172-31-14-170,linux,0,21.3253,46.89,KEM,True,2025-11-21T22:17:01.215959,,1698
FrodoKEM-976-SHAKE,decap,1024,1,0.0,1,0,1,ip-172-31-14-170,linux,0,21.3994,46.73,KEM,True,2025-11-21T22:17:01.237437,,1699
FrodoKEM-976-SHAKE,decap,1024,1,0.0,1,0,1,ip-172-31-14-170,linux,0,21.3607,46.81,KEM,True,2025-11-21T22:17:01.258889,,1700
FrodoKEM-976-SHAKE,decap,1024,16,0.0,1,0,1,ip-172-31-14-170,linux,0,21.5715,46.36,KEM,True,2025-11-21T22:17:01.281791,,1701
FrodoKEM-976-SHAKE,decap,1024,16,0.0,1,0,1,ip-172-31-14-170,linux,0,21.379,46.77,KEM,True,2025-11-21T22:17:01.303286,,1702
FrodoKEM-976-SHAKE,decap,1024,16,0.0,1,0,1,ip-172-31-14-170,linux,0,21.5761,46.35,KEM,True,2025-11-21T22:17:01.326162,,1703
FrodoKEM-976-SHAKE,decap,1024,16,0.0,1,0,1,ip-172-31-14-170,linux,0,21.3951,46.74,KEM,True,2025-11-21T22:17:01.347652,,1704
FrodoKEM-976-SHAKE,decap,1024,16,0.0,1,0,1,ip-172-31-14-170,linux,0,21.3108,46.92,KEM,True,2025-11-21T22:17:01.369055,,1705
FrodoKEM-976-SHAKE,decap,1024,64,0.0,1,0,1,ip-172-31-14-170,linux,0,21.3295,46.88,KEM,True,2025-11-21T22:17:01.390466,,1706
FrodoKEM-976-SHAKE,decap,1024,64,0.0,1,0,1,ip-172-31-14-170,linux,0,21.3329,46.88,KEM,True,2025-11-21T22:17:01.411926,,1707
FrodoKEM-976-SHAKE,decap,1024,64,0.0,1,0,1,ip-172-31-14-170,linux,0,21.3162,46.91,KEM,True,2025-11-21T22:17:01.433321,,1708
FrodoKEM-976-SHAKE,decap,1024,64,0.0,1,0,1,ip-172-31-14-170,linux,0,21.3116,46.92,KEM,True,2025-11-21T22:17:01.454708,,1709
FrodoKEM-976-SHAKE,decap,1024,64,0.0,1,0,1,ip-172-31-14-170,linux,0,21.33,46.88,KEM,True,2025-11-21T22:17:01.476117,,1710
Kyber1024,keygen,0,1,0.0,1,0,1,ip-172-31-14-170,linux,0,0.2168,4612.93,KEM,True,2025-11-21T22:17:01.476405,,1711
Kyber1024,keygen,0,1,0.0,1,0,1,ip-172-31-14-170,linux,0,0.0737,13572.2,KEM,True,2025-11-21T22:17:01.476522,,1712
Kyber1024,keygen,0,1,0.0,1,0,1,ip-172-31-14-170,linux,0,0.0717,13944.86,KEM,True,2025-11-21T22:17:01.476624,,1713
Kyber1024,keygen,0,1,0.0,1,0,1,ip-172-31-14-170,linux,0,0.0704,14201.52,KEM,True,2025-11-21T22:17:01.476724,,1714
Kyber1024,keygen,0,1,0.0,1,0,1,ip-172-31-14-170,linux,0,0.0695,14384.35,KEM,True,2025-11-21T22:17:01.476822,,1715
Kyber1024,keygen,0,16,0.0,1,0,1,ip-172-31-14-170,linux,0,0.0715,13981.52,KEM,True,2025-11-21T22:17:01.476922,,1716
Kyber1024,keygen,0,16,0.0,1,0,1,ip-172-31-14-170,linux,0,0.0695,14389.32,KEM,True,2025-11-21T22:17:01.477021,,1717
Kyber1024,keygen,0,16,0.0,1,0,1,ip-172-31-14-170,linux,0,0.0876,11419.31,KEM,True,2025-11-21T22:17:01.477137,,1718
Kyber1024,keygen,0,16,0.0,1,0,1,ip-172-31-14-170,linux,0,0.0679,14735.57,KEM,True,2025-11-21T22:17:01.477235,,1719
Kyber1024,keygen,0,16,0.0,1,0,1,ip-172-31-14-170,linux,0,0.0681,14678.9,KEM,True,2025-11-21T22:17:01.477333,,1720
Kyber1024,keygen,0,64,0.0,1,0,1,ip-172-31-14-170,linux,0,0.0703,14226.57,KEM,True,2025-11-21T22:17:01.477433,,1721
Kyber1024,keygen,0,64,0.0,1,0,1,ip-172-31-14-170,linux,0,0.0694,14415.04,KEM,True,2025-11-21T22:17:01.477533,,1722
Kyber1024,keygen,0,64,0.0,1,0,1,ip-172-31-14-170,linux,0,0.0694,14399.47,KEM,True,2025-11-21T22:17:01.477629,,1723
Kyber1024,keygen,0,64,0.0,1,0,1,ip-172-31-14-170,linux,0,0.0699,14303.29,KEM,True,2025-11-21T22:17:01.477728,,1724
Kyber1024,keygen,0,64,0.0,1,0,1,ip-172-31-14-170,linux,0,0.0677,14760.58,KEM,True,2025-11-21T22:17:01.477823,,1725
Kyber1024,keygen,1024,1,0.0,1,0,1,ip-172-31-14-170,linux,0,0.0701,14269.81,KEM,True,2025-11-21T22:17:01.477924,,1726
Kyber1024,keygen,1024,1,0.0,1,0,1,ip-172-31-14-170,linux,0,0.0699,14296.54,KEM,True,2025-11-21T22:17:01.478025,,1727
Kyber1024,keygen,1024,1,0.0,1,0,1,ip-172-31-14-170,linux,0,0.0714,13999.33,KEM,True,2025-11-21T22:17:01.478147,,1728
Kyber1024,keygen,1024,1,0.0,1,0,1,ip-172-31-14-170,linux,0,0.0712,14038.04,KEM,True,2025-11-21T22:17:01.478249,,1729
Kyber1024,keygen,1024,1,0.0,1,0,1,ip-172-31-14-170,linux,0,0.0695,14389.32,KEM,True,2025-11-21T22:17:01.478344,,1730
Kyber1024,keygen,1024,16,0.0,1,0,1,ip-172-31-14-170,linux,0,0.0702,14236.5,KEM,True,2025-11-21T22:17:01.478443,,1731
Kyber1024,keygen,1024,16,0.0,1,0,1,ip-172-31-14-170,linux,0,0.0708,14129.08,KEM,True,2025-11-21T22:17:01.478548,,1732
Kyber1024,keygen,1024,16,0.0,1,0,1,ip-172-31-14-170,linux,0,0.0693,14433.76,KEM,True,2025-11-21T22:17:01.478648,,1733
Kyber1024,keygen,1024,16,0.0,1,0,1,ip-172-31-14-170,linux,0,0.0698,14328.5,KEM,True,2025-11-21T22:17:01.478746,,1734
Kyber1024,keygen,1024,16,0.0,1,0,1,ip-172-31-14-170,linux,0,0.0698,14328.5,KEM,True,2025-11-21T22:17:01.478846,,1735
Kyber1024,keygen,1024,64,0.0,1,0,1,ip-172-31-14-170,linux,0,0.0738,13547.93,KEM,True,2025-11-21T22:17:01.478951,,1736
Kyber1024,keygen,1024,64,0.0,1,0,1,ip-172-31-14-170,linux,0,0.0939,10647.25,KEM,True,2025-11-21T22:17:01.479080,,1737
Kyber1024,keygen,1024,64,0.0,1,0,1,ip-172-31-14-170,linux,0,0.0728,13737.4,KEM,True,2025-11-21T22:17:01.479189,,1738
Kyber1024,keygen,1024,64,0.0,1,0,1,ip-172-31-14-170,linux,0,0.0724,13815.21,KEM,True,2025-11-21T22:17:01.479294,,1739
Kyber1024,keygen,1024,64,0.0,1,0,1,ip-172-31-14-170,linux,0,0.0685,14603.23,KEM,True,2025-11-21T22:17:01.479387,,1740
Kyber1024,encap,0,1,0.0,1,0,1,ip-172-31-14-170,linux,0,0.1391,7190.88,KEM,True,2025-11-21T22:17:01.479553,,1741
Kyber1024,encap,0,1,0.0,1,0,1,ip-172-31-14-170,linux,0,0.1324,7552.76,KEM,True,2025-11-21T22:17:01.479707,,1742
Kyber1024,encap,0,1,0.0,1,0,1,ip-172-31-14-170,linux,0,0.1428,7001.28,KEM,True,2025-11-21T22:17:01.479872,,1743
Kyber1024,encap,0,1,0.0,1,0,1,ip-172-31-14-170,linux,0,0.1332,7508.52,KEM,True,2025-11-21T22:17:01.480028,,1744
Kyber1024,encap,0,1,0.0,1,0,1,ip-172-31-14-170,linux,0,0.1461,6843.97,KEM,True,2025-11-21T22:17:01.480196,,1745
Kyber1024,encap,0,16,0.0,1,0,1,ip-172-31-14-170,linux,0,0.1365,7323.97,KEM,True,2025-11-21T22:17:01.480358,,1746
Kyber1024,encap,0,16,0.0,1,0,1,ip-172-31-14-170,linux,0,0.1393,7179.42,KEM,True,2025-11-21T22:17:01.480525,,1747
Kyber1024,encap,0,16,0.0,1,0,1,ip-172-31-14-170,linux,0,0.1406,7112.02,KEM,True,2025-11-21T22:17:01.480688,,1748
Kyber1024,encap,0,16,0.0,1,0,1,ip-172-31-14-170,linux,0,0.1356,7375.39,KEM,True,2025-11-21T22:17:01.480845,,1749
Kyber1024,encap,0,16,0.0,1,0,1,ip-172-31-14-170,linux,0,0.1313,7614.06,KEM,True,2025-11-21T22:17:01.481000,,1750
Kyber1024,encap,0,64,0.0,1,0,1,ip-172-31-14-170,linux,0,0.1567,6383.41,KEM,True,2025-11-21T22:17:01.481180,,1751
Kyber1024,encap,0,64,0.0,1,0,1,ip-172-31-14-170,linux,0,0.1363,7335.41,KEM,True,2025-11-21T22:17:01.481345,,1752
Kyber1024,encap,0,64,0.0,1,0,1,ip-172-31-14-170,linux,0,0.1345,7432.95,KEM,True,2025-11-21T22:17:01.481526,,1753
Kyber1024,encap,0,64,0.0,1,0,1,ip-172-31-14-170,linux,0,0.1325,7549.9,KEM,True,2025-11-21T22:17:01.481693,,1754
Kyber1024,encap,0,64,0.0,1,0,1,ip-172-31-14-170,linux,0,0.1305,7660.96,KEM,True,2025-11-21T22:17:01.481855,,1755
Kyber1024,encap,1024,1,0.0,1,0,1,ip-172-31-14-170,linux,0,0.1318,7585.64,KEM,True,2025-11-21T22:17:01.482019,,1756
Kyber1024,encap,1024,1,0.0,1,0,1,ip-172-31-14-170,linux,0,0.1449,6900.6,KEM,True,2025-11-21T22:17:01.482194,,1757
Kyber1024,encap,1024,1,0.0,1,0,1,ip-172-31-14-170,linux,0,0.1309,7641.23,KEM,True,2025-11-21T22:17:01.482355,,1758
Kyber1024,encap,1024,1,0.0,1,0,1,ip-172-31-14-170,linux,0,0.1324,7552.7,KEM,True,2025-11-21T22:17:01.482517,,1759
Kyber1024,encap,1024,1,0.0,1,0,1,ip-172-31-14-170,linux,0,0.141,7092.95,KEM,True,2025-11-21T22:17:01.482688,,1760
Kyber1024,encap,1024,16,0.0,1,0,1,ip-172-31-14-170,linux,0,0.1331,7515.46,KEM,True,2025-11-21T22:17:01.482859,,1761
Kyber1024,encap,1024,16,0.0,1,0,1,ip-172-31-14-170,linux,0,0.1298,7703.03,KEM,True,2025-11-21T22:17:01.483017,,1762
Kyber1024,encap,1024,16,0.0,1,0,1,ip-172-31-14-170,linux,0,0.1467,6816.86,KEM,True,2025-11-21T22:17:01.483193,,1763
Kyber1024,encap,1024,16,0.0,1,0,1,ip-172-31-14-170,linux,0,0.1312,7621.72,KEM,True,2025-11-21T22:17:01.483358,,1764
Kyber1024,encap,1024,16,0.0,1,0,1,ip-172-31-14-170,linux,0,0.1306,7657.14,KEM,True,2025-11-21T22:17:01.483520,,1765
Kyber1024,encap,1024,64,0.0,1,0,1,ip-172-31-14-170,linux,0,0.132,7577.59,KEM,True,2025-11-21T22:17:01.483682,,1766
Kyber1024,encap,1024,64,0.0,1,0,1,ip-172-31-14-170,linux,0,0.1482,6749.23,KEM,True,2025-11-21T22:17:01.483861,,1767
Kyber1024,encap,1024,64,0.0,1,0,1,ip-172-31-14-170,linux,0,0.138,7243.86,KEM,True,2025-11-21T22:17:01.484036,,1768
Kyber1024,encap,1024,64,0.0,1,0,1,ip-172-31-14-170,linux,0,0.136,7353.59,KEM,True,2025-11-21T22:17:01.484222,,1769
Kyber1024,encap,1024,64,0.0,1,0,1,ip-172-31-14-170,linux,0,0.1349,7414.44,KEM,True,2025-11-21T22:17:01.484393,,1770
Kyber1024,decap,0,1,0.0,1,0,1,ip-172-31-14-170,linux,0,0.1871,5345.99,KEM,True,2025-11-21T22:17:01.484618,,1771
Kyber1024,decap,0,1,0.0,1,0,1,ip-172-31-14-170,linux,0,0.1853,5395.49,KEM,True,2025-11-21T22:17:01.484835,,1772
Kyber1024,decap,0,1,0.0,1,0,1,ip-172-31-14-170,linux,0,0.1905,5249.29,KEM,True,2025-11-21T22:17:01.485062,,1773
Kyber1024,decap,0,1,0.0,1,0,1,ip-172-31-14-170,linux,0,0.187,5346.48,KEM,True,2025-11-21T22:17:01.485274,,1774
Kyber1024,decap,0,1,0.0,1,0,1,ip-172-31-14-170,linux,0,0.1853,5396.19,KEM,True,2025-11-21T22:17:01.485480,,1775
Kyber1024,decap,0,16,0.0,1,0,1,ip-172-31-14-170,linux,0,0.1872,5342.74,KEM,True,2025-11-21T22:17:01.485689,,1776
Kyber1024,decap,0,16,0.0,1,0,1,ip-172-31-14-170,linux,0,0.1961,5099.08,KEM,True,2025-11-21T22:17:01.485960,,1777
Kyber1024,decap,0,16,0.0,1,0,1,ip-172-31-14-170,linux,0,0.2086,4794.39,KEM,True,2025-11-21T22:17:01.486193,,1778
Kyber1024,decap,0,16,0.0,1,0,1,ip-172-31-14-170,linux,0,0.1915,5220.98,KEM,True,2025-11-21T22:17:01.486409,,1779
Kyber1024,decap,0,16,0.0,1,0,1,ip-172-31-14-170,linux,0,0.1908,5240.02,KEM,True,2025-11-21T22:17:01.486630,,1780
Kyber1024,decap,0,64,0.0,1,0,1,ip-172-31-14-170,linux,0,0.1996,5010.62,KEM,True,2025-11-21T22:17:01.486857,,1781
Kyber1024,decap,0,64,0.0,1,0,1,ip-172-31-14-170,linux,0,0.2308,4332.68,KEM,True,2025-11-21T22:17:01.487117,,1782
Kyber1024,decap,0,64,0.0,1,0,1,ip-172-31-14-170,linux,0,0.1915,5220.95,KEM,True,2025-11-21T22:17:01.487339,,1783
Kyber1024,decap,0,64,0.0,1,0,1,ip-172-31-14-170,linux,0,0.1904,5251.33,KEM,True,2025-11-21T22:17:01.487551,,1784
Kyber1024,decap,0,64,0.0,1,0,1,ip-172-31-14-170,linux,0,0.4235,2361.25,KEM,True,2025-11-21T22:17:01.488004,,1785
Kyber1024,decap,1024,1,0.0,1,0,1,ip-172-31-14-170,linux,0,0.247,4048.17,KEM,True,2025-11-21T22:17:01.489947,,1786
Kyber1024,decap,1024,1,0.0,1,0,1,ip-172-31-14-170,linux,0,0.2076,4817.88,KEM,True,2025-11-21T22:17:01.490190,,1787
Kyber1024,decap,1024,1,0.0,1,0,1,ip-172-31-14-170,linux,0,0.1969,5079.93,KEM,True,2025-11-21T22:17:01.490416,,1788
Kyber1024,decap,1024,1,0.0,1,0,1,ip-172-31-14-170,linux,0,0.184,5434.69,KEM,True,2025-11-21T22:17:01.490622,,1789
Kyber1024,decap,1024,1,0.0,1,0,1,ip-172-31-14-170,linux,0,0.1844,5423.32,KEM,True,2025-11-21T22:17:01.490829,,1790
Kyber1024,decap,1024,16,0.0,1,0,1,ip-172-31-14-170,linux,0,0.1885,5305.74,KEM,True,2025-11-21T22:17:01.491042,,1791
Kyber1024,decap,1024,16,0.0,1,0,1,ip-172-31-14-170,linux,0,0.1986,5035.25,KEM,True,2025-11-21T22:17:01.491278,,1792
Kyber1024,decap,1024,16,0.0,1,0,1,ip-172-31-14-170,linux,0,0.1858,5382.59,KEM,True,2025-11-21T22:17:01.491492,,1793
Kyber1024,decap,1024,16,0.0,1,0,1,ip-172-31-14-170,linux,0,0.1847,5413.22,KEM,True,2025-11-21T22:17:01.491698,,1794
Kyber1024,decap,1024,16,0.0,1,0,1,ip-172-31-14-170,linux,0,0.1998,5005.68,KEM,True,2025-11-21T22:17:01.491922,,1795
Kyber1024,decap,1024,64,0.0,1,0,1,ip-172-31-14-170,linux,0,0.233,4292.69,KEM,True,2025-11-21T22:17:01.492197,,1796
Kyber1024,decap,1024,64,0.0,1,0,1,ip-172-31-14-170,linux,0,0.2028,4929.95,KEM,True,2025-11-21T22:17:01.492443,,1797
Kyber1024,decap,1024,64,0.0,1,0,1,ip-172-31-14-170,linux,0,0.1981,5048.39,KEM,True,2025-11-21T22:17:01.492675,,1798
Kyber1024,decap,1024,64,0.0,1,0,1,ip-172-31-14-170,linux,0,0.1899,5266.76,KEM,True,2025-11-21T22:17:01.492898,,1799
Kyber1024,decap,1024,64,0.0,1,0,1,ip-172-31-14-170,linux,0,0.2196,4553.46,KEM,True,2025-11-21T22:17:01.493165,,1800
Kyber512,keygen,0,1,0.0,1,0,1,ip-172-31-14-170,linux,0,0.1861,5374.29,KEM,True,2025-11-21T22:17:01.493396,,1801
Kyber512,keygen,0,1,0.0,1,0,1,ip-172-31-14-170,linux,0,0.0434,23021.85,KEM,True,2025-11-21T22:17:01.493469,,1802
Kyber512,keygen,0,1,0.0,1,0,1,ip-172-31-14-170,linux,0,0.0474,21086.37,KEM,True,2025-11-21T22:17:01.493540,,1803
Kyber512,keygen,0,1,0.0,1,0,1,ip-172-31-14-170,linux,0,0.0464,21552.19,KEM,True,2025-11-21T22:17:01.493614,,1804
Kyber512,keygen,0,1,0.0,1,0,1,ip-172-31-14-170,linux,0,0.0451,22151.83,KEM,True,2025-11-21T22:17:01.493684,,1805
Kyber512,keygen,0,16,0.0,1,0,1,ip-172-31-14-170,linux,0,0.0487,20542.32,KEM,True,2025-11-21T22:17:01.493776,,1806
Kyber512,keygen,0,16,0.0,1,0,1,ip-172-31-14-170,linux,0,0.047,21296.08,KEM,True,2025-11-21T22:17:01.493861,,1807
Kyber512,keygen,0,16,0.0,1,0,1,ip-172-31-14-170,linux,0,0.0468,21374.37,KEM,True,2025-11-21T22:17:01.493932,,1808
Kyber512,keygen,0,16,0.0,1,0,1,ip-172-31-14-170,linux,0,0.0483,20696.22,KEM,True,2025-11-21T22:17:01.494009,,1809
Kyber512,keygen,0,16,0.0,1,0,1,ip-172-31-14-170,linux,0,0.0657,15225.33,KEM,True,2025-11-21T22:17:01.494109,,1810
Kyber512,keygen,0,64,0.0,1,0,1,ip-172-31-14-170,linux,0,0.0459,21763.73,KEM,True,2025-11-21T22:17:01.494190,,1811
Kyber512,keygen,0,64,0.0,1,0,1,ip-172-31-14-170,linux,0,0.0468,21374.83,KEM,True,2025-11-21T22:17:01.494262,,1812
Kyber512,keygen,0,64,0.0,1,0,1,ip-172-31-14-170,linux,0,0.0457,21901.01,KEM,True,2025-11-21T22:17:01.494340,,1813
Kyber512,keygen,0,64,0.0,1,0,1,ip-172-31-14-170,linux,0,0.0448,22302.01,KEM,True,2025-11-21T22:17:01.494422,,1814
Kyber512,keygen,0,64,0.0,1,0,1,ip-172-31-14-170,linux,0,0.0463,21621.15,KEM,True,2025-11-21T22:17:01.494501,,1815
Kyber512,keygen,1024,1,0.0,1,0,1,ip-172-31-14-170,linux,0,0.0437,22904.78,KEM,True,2025-11-21T22:17:01.494566,,1816
Kyber512,keygen,1024,1,0.0,1,0,1,ip-172-31-14-170,linux,0,0.0422,23684.34,KEM,True,2025-11-21T22:17:01.494631,,1817
Kyber512,keygen,1024,1,0.0,1,0,1,ip-172-31-14-170,linux,0,0.0436,22943.67,KEM,True,2025-11-21T22:17:01.494695,,1818
Kyber512,keygen,1024,1,0.0,1,0,1,ip-172-31-14-170,linux,0,0.0439,22776.97,KEM,True,2025-11-21T22:17:01.494759,,1819
Kyber512,keygen,1024,1,0.0,1,0,1,ip-172-31-14-170,linux,0,0.0429,23304.05,KEM,True,2025-11-21T22:17:01.494823,,1820
Kyber512,keygen,1024,16,0.0,1,0,1,ip-172-31-14-170,linux,0,0.0437,22900.59,KEM,True,2025-11-21T22:17:01.494887,,1821
Kyber512,keygen,1024,16,0.0,1,0,1,ip-172-31-14-170,linux,0,0.0461,21713.17,KEM,True,2025-11-21T22:17:01.494954,,1822
Kyber512,keygen,1024,16,0.0,1,0,1,ip-172-31-14-170,linux,0,0.048,20826.39,KEM,True,2025-11-21T22:17:01.495025,,1823
Kyber512,keygen,1024,16,0.0,1,0,1,ip-172-31-14-170,linux,0,0.0482,20762.83,KEM,True,2025-11-21T22:17:01.495116,,1824
Kyber512,keygen,1024,16,0.0,1,0,1,ip-172-31-14-170,linux,0,0.0439,22785.27,KEM,True,2025-11-21T22:17:01.495185,,1825
Kyber512,keygen,1024,64,0.0,1,0,1,ip-172-31-14-170,linux,0,0.045,22212.35,KEM,True,2025-11-21T22:17:01.495255,,1826
Kyber512,keygen,1024,64,0.0,1,0,1,ip-172-31-14-170,linux,0,0.0498,20075.48,KEM,True,2025-11-21T22:17:01.495330,,1827
Kyber512,keygen,1024,64,0.0,1,0,1,ip-172-31-14-170,linux,0,0.0489,20462.87,KEM,True,2025-11-21T22:17:01.495407,,1828
Kyber512,keygen,1024,64,0.0,1,0,1,ip-172-31-14-170,linux,0,0.0485,20601.57,KEM,True,2025-11-21T22:17:01.495483,,1829
Kyber512,keygen,1024,64,0.0,1,0,1,ip-172-31-14-170,linux,0,0.0587,17026.78,KEM,True,2025-11-21T22:17:01.495576,,1830
Kyber512,encap,0,1,0.0,1,0,1,ip-172-31-14-170,linux,0,0.1462,6841.3,KEM,True,2025-11-21T22:17:01.495758,,1831
Kyber512,encap,0,1,0.0,1,0,1,ip-172-31-14-170,linux,0,0.0784,12751.52,KEM,True,2025-11-21T22:17:01.495867,,1832
Kyber512,encap,0,1,0.0,1,0,1,ip-172-31-14-170,linux,0,0.0748,13360.95,KEM,True,2025-11-21T22:17:01.495965,,1833
Kyber512,encap,0,1,0.0,1,0,1,ip-172-31-14-170,linux,0,0.0924,10824.03,KEM,True,2025-11-21T22:17:01.496093,,1834
Kyber512,encap,0,1,0.0,1,0,1,ip-172-31-14-170,linux,0,0.0782,12782.17,KEM,True,2025-11-21T22:17:01.496208,,1835
Kyber512,encap,0,16,0.0,1,0,1,ip-172-31-14-170,linux,0,0.0798,12525.99,KEM,True,2025-11-21T22:17:01.496320,,1836
Kyber512,encap,0,16,0.0,1,0,1,ip-172-31-14-170,linux,0,0.0792,12633.76,KEM,True,2025-11-21T22:17:01.496434,,1837
Kyber512,encap,0,16,0.0,1,0,1,ip-172-31-14-170,linux,0,0.0791,12637.75,KEM,True,2025-11-21T22:17:01.496550,,1838
Kyber512,encap,0,16,0.0,1,0,1,ip-172-31-14-170,linux,0,0.0769,13007.28,KEM,True,2025-11-21T22:17:01.496661,,1839
Kyber512,encap,0,16,0.0,1,0,1,ip-172-31-14-170,linux,0,0.0739,13523.93,KEM,True,2025-11-21T22:17:01.496766,,1840
Kyber512,encap,0,64,0.0,1,0,1,ip-172-31-14-170,linux,0,0.0732,13654.3,KEM,True,2025-11-21T22:17:01.496870,,1841
Kyber512,encap,0,64,0.0,1,0,1,ip-172-31-14-170,linux,0,0.0738,13541.88,KEM,True,2025-11-21T22:17:01.496973,,1842
Kyber512,encap,0,64,0.0,1,0,1,ip-172-31-14-170,linux,0,0.0968,10325.99,KEM,True,2025-11-21T22:17:01.497100,,1843
Kyber512,encap,0,64,0.0,1,0,1,ip-172-31-14-170,linux,0,0.0776,12884.77,KEM,True,2025-11-21T22:17:01.497216,,1844
Kyber512,encap,0,64,0.0,1,0,1,ip-172-31-14-170,linux,0,0.0746,13409.32,KEM,True,2025-11-21T22:17:01.497322,,1845
Kyber512,encap,1024,1,0.0,1,0,1,ip-172-31-14-170,linux,0,0.0737,13560.06,KEM,True,2025-11-21T22:17:01.497428,,1846
Kyber512,encap,1024,1,0.0,1,0,1,ip-172-31-14-170,linux,0,0.0747,13394.77,KEM,True,2025-11-21T22:17:01.497533,,1847
Kyber512,encap,1024,1,0.0,1,0,1,ip-172-31-14-170,linux,0,0.0815,12266.33,KEM,True,2025-11-21T22:17:01.497700,,1848
Kyber512,encap,1024,1,0.0,1,0,1,ip-172-31-14-170,linux,0,0.0791,12640.31,KEM,True,2025-11-21T22:17:01.497815,,1849
Kyber512,encap,1024,1,0.0,1,0,1,ip-172-31-14-170,linux,0,0.0866,11546.94,KEM,True,2025-11-21T22:17:01.497933,,1850
Kyber512,encap,1024,16,0.0,1,0,1,ip-172-31-14-170,linux,0,0.0797,12547.84,KEM,True,2025-11-21T22:17:01.498066,,1851
Kyber512,encap,1024,16,0.0,1,0,1,ip-172-31-14-170,linux,0,0.0766,13061.65,KEM,True,2025-11-21T22:17:01.498176,,1852
Kyber512,encap,1024,16,0.0,1,0,1,ip-172-31-14-170,linux,0,0.0718,13928.93,KEM,True,2025-11-21T22:17:01.498277,,1853
Kyber512,encap,1024,16,0.0,1,0,1,ip-172-31-14-170,linux,0,0.0734,13625.28,KEM,True,2025-11-21T22:17:01.498379,,1854
Kyber512,encap,1024,16,0.0,1,0,1,ip-172-31-14-170,linux,0,0.0747,13393.16,KEM,True,2025-11-21T22:17:01.498481,,1855
Kyber512,encap,1024,64,0.0,1,0,1,ip-172-31-14-170,linux,0,0.0734,13632.89,KEM,True,2025-11-21T22:17:01.498583,,1856
Kyber512,encap,1024,64,0.0,1,0,1,ip-172-31-14-170,linux,0,0.0733,13643.5,KEM,True,2025-11-21T22:17:01.498685,,1857
Kyber512,encap,1024,64,0.0,1,0,1,ip-172-31-14-170,linux,0,0.0721,13862.32,KEM,True,2025-11-21T22:17:01.498784,,1858
Kyber512,encap,1024,64,0.0,1,0,1,ip-172-31-14-170,linux,0,0.0743,13465.66,KEM,True,2025-11-21T22:17:01.498886,,1859
Kyber512,encap,1024,64,0.0,1,0,1,ip-172-31-14-170,linux,0,0.0762,13129.22,KEM,True,2025-11-21T22:17:01.498989,,1860
Kyber512,decap,0,1,0.0,1,0,1,ip-172-31-14-170,linux,0,0.1265,7903.89,KEM,True,2025-11-21T22:17:01.499150,,1861
Kyber512,decap,0,1,0.0,1,0,1,ip-172-31-14-170,linux,0,0.1063,9405.66,KEM,True,2025-11-21T22:17:01.499294,,1862
Kyber512,decap,0,1,0.0,1,0,1,ip-172-31-14-170,linux,0,0.1007,9925.76,KEM,True,2025-11-21T22:17:01.499425,,1863
Kyber512,decap,0,1,0.0,1,0,1,ip-172-31-14-170,linux,0,0.1019,9809.02,KEM,True,2025-11-21T22:17:01.499557,,1864
Kyber512,decap,0,1,0.0,1,0,1,ip-172-31-14-170,linux,0,0.0986,10137.16,KEM,True,2025-11-21T22:17:01.499685,,1865
Kyber512,decap,0,16,0.0,1,0,1,ip-172-31-14-170,linux,0,0.1142,8753.12,KEM,True,2025-11-21T22:17:01.499830,,1866
Kyber512,decap,0,16,0.0,1,0,1,ip-172-31-14-170,linux,0,0.108,9257.03,KEM,True,2025-11-21T22:17:01.499973,,1867
Kyber512,decap,0,16,0.0,1,0,1,ip-172-31-14-170,linux,0,0.1339,7468.93,KEM,True,2025-11-21T22:17:01.500140,,1868
Kyber512,decap,0,16,0.0,1,0,1,ip-172-31-14-170,linux,0,0.1043,9590.67,KEM,True,2025-11-21T22:17:01.500280,,1869
Kyber512,decap,0,16,0.0,1,0,1,ip-172-31-14-170,linux,0,0.0994,10056.72,KEM,True,2025-11-21T22:17:01.500414,,1870
Kyber512,decap,0,64,0.0,1,0,1,ip-172-31-14-170,linux,0,0.0985,10151.36,KEM,True,2025-11-21T22:17:01.500543,,1871
Kyber512,decap,0,64,0.0,1,0,1,ip-172-31-14-170,linux,0,0.1019,9817.01,KEM,True,2025-11-21T22:17:01.500674,,1872
Kyber512,decap,0,64,0.0,1,0,1,ip-172-31-14-170,linux,0,0.0983,10176.87,KEM,True,2025-11-21T22:17:01.500800,,1873
Kyber512,decap,0,64,0.0,1,0,1,ip-172-31-14-170,linux,0,0.105,9525.44,KEM,True,2025-11-21T22:17:01.500933,,1874
Kyber512,decap,0,64,0.0,1,0,1,ip-172-31-14-170,linux,0,0.122,8194.57,KEM,True,2025-11-21T22:17:01.501089,,1875
Kyber512,decap,1024,1,0.0,1,0,1,ip-172-31-14-170,linux,0,0.1037,9639.95,KEM,True,2025-11-21T22:17:01.501232,,1876
Kyber512,decap,1024,1,0.0,1,0,1,ip-172-31-14-170,linux,0,0.1009,9908.84,KEM,True,2025-11-21T22:17:01.501365,,1877
Kyber512,decap,1024,1,0.0,1,0,1,ip-172-31-14-170,linux,0,0.0998,10024.56,KEM,True,2025-11-21T22:17:01.501496,,1878
Kyber512,decap,1024,1,0.0,1,0,1,ip-172-31-14-170,linux,0,0.0981,10193.06,KEM,True,2025-11-21T22:17:01.501616,,1879
Kyber512,decap,1024,1,0.0,1,0,1,ip-172-31-14-170,linux,0,0.0994,10055.91,KEM,True,2025-11-21T22:17:01.501739,,1880
Kyber512,decap,1024,16,0.0,1,0,1,ip-172-31-14-170,linux,0,0.1021,9797.29,KEM,True,2025-11-21T22:17:01.501866,,1881
Kyber512,decap,1024,16,0.0,1,0,1,ip-172-31-14-170,linux,0,0.1169,8555.86,KEM,True,2025-11-21T22:17:01.502012,,1882
Kyber512,decap,1024,16,0.0,1,0,1,ip-172-31-14-170,linux,0,0.1153,8674.61,KEM,True,2025-11-21T22:17:01.502153,,1883
Kyber512,decap,1024,16,0.0,1,0,1,ip-172-31-14-170,linux,0,0.0983,10172.63,KEM,True,2025-11-21T22:17:01.502277,,1884
Kyber512,decap,1024,16,0.0,1,0,1,ip-172-31-14-170,linux,0,0.1009,9907.17,KEM,True,2025-11-21T22:17:01.502398,,1885
Kyber512,decap,1024,64,0.0,1,0,1,ip-172-31-14-170,linux,0,0.0985,10148.06,KEM,True,2025-11-21T22:17:01.502519,,1886
Kyber512,decap,1024,64,0.0,1,0,1,ip-172-31-14-170,linux,0,0.0977,10232.38,KEM,True,2025-11-21T22:17:01.502638,,1887
Kyber512,decap,1024,64,0.0,1,0,1,ip-172-31-14-170,linux,0,0.0975,10257.36,KEM,True,2025-11-21T22:17:01.502757,,1888
Kyber512,decap,1024,64,0.0,1,0,1,ip-172-31-14-170,linux,0,0.0989,10106.83,KEM,True,2025-11-21T22:17:01.502876,,1889
Kyber512,decap,1024,64,0.0,1,0,1,ip-172-31-14-170,linux,0,0.1009,9911.98,KEM,True,2025-11-21T22:17:01.502998,,1890
Kyber768,keygen,0,1,0.0,1,0,1,ip-172-31-14-170,linux,0,0.1437,6961.27,KEM,True,2025-11-21T22:17:01.503168,,1891
Kyber768,keygen,0,1,0.0,1,0,1,ip-172-31-14-170,linux,0,0.0546,18321.73,KEM,True,2025-11-21T22:17:01.503249,,1892
Kyber768,keygen,0,1,0.0,1,0,1,ip-172-31-14-170,linux,0,0.0549,18209.63,KEM,True,2025-11-21T22:17:01.503325,,1893
Kyber768,keygen,0,1,0.0,1,0,1,ip-172-31-14-170,linux,0,0.054,18533.62,KEM,True,2025-11-21T22:17:01.503400,,1894
Kyber768,keygen,0,1,0.0,1,0,1,ip-172-31-14-170,linux,0,0.0572,17480.99,KEM,True,2025-11-21T22:17:01.503479,,1895
Kyber768,keygen,0,16,0.0,1,0,1,ip-172-31-14-170,linux,0,0.0554,18045.33,KEM,True,2025-11-21T22:17:01.503555,,1896
Kyber768,keygen,0,16,0.0,1,0,1,ip-172-31-14-170,linux,0,0.0543,18402.31,KEM,True,2025-11-21T22:17:01.503629,,1897
Kyber768,keygen,0,16,0.0,1,0,1,ip-172-31-14-170,linux,0,0.0553,18090.71,KEM,True,2025-11-21T22:17:01.503705,,1898
Kyber768,keygen,0,16,0.0,1,0,1,ip-172-31-14-170,linux,0,0.2425,4122.95,KEM,True,2025-11-21T22:17:01.503973,,1899
Kyber768,keygen,0,16,0.0,1,0,1,ip-172-31-14-170,linux,0,0.0833,12001.78,KEM,True,2025-11-21T22:17:01.504109,,1900
Kyber768,keygen,0,64,0.0,1,0,1,ip-172-31-14-170,linux,0,0.0583,17153.84,KEM,True,2025-11-21T22:17:01.504208,,1901
Kyber768,keygen,0,64,0.0,1,0,1,ip-172-31-14-170,linux,0,0.055,18174.55,KEM,True,2025-11-21T22:17:01.504293,,1902
Kyber768,keygen,0,64,0.0,1,0,1,ip-172-31-14-170,linux,0,0.0532,18782.16,KEM,True,2025-11-21T22:17:01.504374,,1903
Kyber768,keygen,0,64,0.0,1,0,1,ip-172-31-14-170,linux,0,0.0517,19339.74,KEM,True,2025-11-21T22:17:01.504453,,1904
Kyber768,keygen,0,64,0.0,1,0,1,ip-172-31-14-170,linux,0,0.0543,18427.41,KEM,True,2025-11-21T22:17:01.504534,,1905
Kyber768,keygen,1024,1,0.0,1,0,1,ip-172-31-14-170,linux,0,0.0525,19037.47,KEM,True,2025-11-21T22:17:01.504617,,1906
Kyber768,keygen,1024,1,0.0,1,0,1,ip-172-31-14-170,linux,0,0.0521,19184.28,KEM,True,2025-11-21T22:17:01.504696,,1907
Kyber768,keygen,1024,1,0.0,1,0,1,ip-172-31-14-170,linux,0,0.0545,18341.22,KEM,True,2025-11-21T22:17:01.504778,,1908
Kyber768,keygen,1024,1,0.0,1,0,1,ip-172-31-14-170,linux,0,0.0526,19025.88,KEM,True,2025-11-21T22:17:01.504858,,1909
Kyber768,keygen,1024,1,0.0,1,0,1,ip-172-31-14-170,linux,0,0.0547,18277.86,KEM,True,2025-11-21T22:17:01.504939,,1910
Kyber768,keygen,1024,16,0.0,1,0,1,ip-172-31-14-170,linux,0,0.0522,19142.42,KEM,True,2025-11-21T22:17:01.505019,,1911
Kyber768,keygen,1024,16,0.0,1,0,1,ip-172-31-14-170,linux,0,0.0659,15174.05,KEM,True,2025-11-21T22:17:01.505112,,1912
Kyber768,keygen,1024,16,0.0,1,0,1,ip-172-31-14-170,linux,0,0.0527,18972.09,KEM,True,2025-11-21T22:17:01.505196,,1913
Kyber768,keygen,1024,16,0.0,1,0,1,ip-172-31-14-170,linux,0,0.0525,19061.42,KEM,True,2025-11-21T22:17:01.505274,,1914
Kyber768,keygen,1024,16,0.0,1,0,1,ip-172-31-14-170,linux,0,0.0524,19087.98,KEM,True,2025-11-21T22:17:01.505354,,1915
Kyber768,keygen,1024,64,0.0,1,0,1,ip-172-31-14-170,linux,0,0.0525,19040.73,KEM,True,2025-11-21T22:17:01.505435,,1916
Kyber768,keygen,1024,64,0.0,1,0,1,ip-172-31-14-170,linux,0,0.0537,18629.95,KEM,True,2025-11-21T22:17:01.505515,,1917
Kyber768,keygen,1024,64,0.0,1,0,1,ip-172-31-14-170,linux,0,0.0617,16220.34,KEM,True,2025-11-21T22:17:01.505659,,1918
Kyber768,keygen,1024,64,0.0,1,0,1,ip-172-31-14-170,linux,0,0.0616,16222.18,KEM,True,2025-11-21T22:17:01.505754,,1919
Kyber768,keygen,1024,64,0.0,1,0,1,ip-172-31-14-170,linux,0,0.0589,16979.37,KEM,True,2025-11-21T22:17:01.505848,,1920
Kyber768,encap,0,1,0.0,1,0,1,ip-172-31-14-170,linux,0,0.1517,6590.83,KEM,True,2025-11-21T22:17:01.506025,,1921
Kyber768,encap,0,1,0.0,1,0,1,ip-172-31-14-170,linux,0,0.1011,9893.55,KEM,True,2025-11-21T22:17:01.506179,,1922
Kyber768,encap,0,1,0.0,1,0,1,ip-172-31-14-170,linux,0,0.0962,10399.23,KEM,True,2025-11-21T22:17:01.506306,,1923
Kyber768,encap,0,1,0.0,1,0,1,ip-172-31-14-170,linux,0,0.0968,10329.51,KEM,True,2025-11-21T22:17:01.506432,,1924
Kyber768,encap,0,1,0.0,1,0,1,ip-172-31-14-170,linux,0,0.0962,10392.09,KEM,True,2025-11-21T22:17:01.506556,,1925
Kyber768,encap,0,16,0.0,1,0,1,ip-172-31-14-170,linux,0,0.1014,9865.44,KEM,True,2025-11-21T22:17:01.506687,,1926
Kyber768,encap,0,16,0.0,1,0,1,ip-172-31-14-170,linux,0,0.1001,9988.41,KEM,True,2025-11-21T22:17:01.506818,,1927
Kyber768,encap,0,16,0.0,1,0,1,ip-172-31-14-170,linux,0,0.0982,10185.37,KEM,True,2025-11-21T22:17:01.506946,,1928
Kyber768,encap,0,16,0.0,1,0,1,ip-172-31-14-170,linux,0,0.1348,7418.95,KEM,True,2025-11-21T22:17:01.507116,,1929
Kyber768,encap,0,16,0.0,1,0,1,ip-172-31-14-170,linux,0,0.1077,9287.38,KEM,True,2025-11-21T22:17:01.507261,,1930
Kyber768,encap,0,64,0.0,1,0,1,ip-172-31-14-170,linux,0,0.1063,9408.58,KEM,True,2025-11-21T22:17:01.507406,,1931
Kyber768,encap,0,64,0.0,1,0,1,ip-172-31-14-170,linux,0,0.1039,9621.77,KEM,True,2025-11-21T22:17:01.507547,,1932
Kyber768,encap,0,64,0.0,1,0,1,ip-172-31-14-170,linux,0,0.1039,9627.79,KEM,True,2025-11-21T22:17:01.507686,,1933
Kyber768,encap,0,64,0.0,1,0,1,ip-172-31-14-170,linux,0,0.1128,8864.54,KEM,True,2025-11-21T22:17:01.507832,,1934
Kyber768,encap,0,64,0.0,1,0,1,ip-172-31-14-170,linux,0,0.1046,9559.77,KEM,True,2025-11-21T22:17:01.507971,,1935
Kyber768,encap,1024,1,0.0,1,0,1,ip-172-31-14-170,linux,0,0.1229,8134.45,KEM,True,2025-11-21T22:17:01.508128,,1936
Kyber768,encap,1024,1,0.0,1,0,1,ip-172-31-14-170,linux,0,0.1065,9387.47,KEM,True,2025-11-21T22:17:01.508273,,1937
Kyber768,encap,1024,1,0.0,1,0,1,ip-172-31-14-170,linux,0,0.099,10097.64,KEM,True,2025-11-21T22:17:01.508404,,1938
Kyber768,encap,1024,1,0.0,1,0,1,ip-172-31-14-170,linux,0,0.0976,10248.74,KEM,True,2025-11-21T22:17:01.508534,,1939
Kyber768,encap,1024,1,0.0,1,0,1,ip-172-31-14-170,linux,0,0.0978,10220.35,KEM,True,2025-11-21T22:17:01.508661,,1940
Kyber768,encap,1024,16,0.0,1,0,1,ip-172-31-14-170,linux,0,0.0971,10301.63,KEM,True,2025-11-21T22:17:01.508788,,1941
Kyber768,encap,1024,16,0.0,1,0,1,ip-172-31-14-170,linux,0,0.0987,10135.41,KEM,True,2025-11-21T22:17:01.508915,,1942
Kyber768,encap,1024,16,0.0,1,0,1,ip-172-31-14-170,linux,0,0.0972,10284.26,KEM,True,2025-11-21T22:17:01.509041,,1943
Kyber768,encap,1024,16,0.0,1,0,1,ip-172-31-14-170,linux,0,0.1005,9951.73,KEM,True,2025-11-21T22:17:01.509183,,1944
Kyber768,encap,1024,16,0.0,1,0,1,ip-172-31-14-170,linux,0,0.1051,9512.85,KEM,True,2025-11-21T22:17:01.509319,,1945
Kyber768,encap,1024,64,0.0,1,0,1,ip-172-31-14-170,linux,0,0.1022,9780.05,KEM,True,2025-11-21T22:17:01.509465,,1946
Kyber768,encap,1024,64,0.0,1,0,1,ip-172-31-14-170,linux,0,0.0993,10066.74,KEM,True,2025-11-21T22:17:01.509594,,1947
Kyber768,encap,1024,64,0.0,1,0,1,ip-172-31-14-170,linux,0,0.0984,10167.56,KEM,True,2025-11-21T22:17:01.509721,,1948
Kyber768,encap,1024,64,0.0,1,0,1,ip-172-31-14-170,linux,0,0.0999,10005.6,KEM,True,2025-11-21T22:17:01.509850,,1949
Kyber768,encap,1024,64,0.0,1,0,1,ip-172-31-14-170,linux,0,0.0998,10023.66,KEM,True,2025-11-21T22:17:01.509983,,1950
Kyber768,decap,0,1,0.0,1,0,1,ip-172-31-14-170,linux,0,0.1784,5604.88,KEM,True,2025-11-21T22:17:01.510197,,1951
Kyber768,decap,0,1,0.0,1,0,1,ip-172-31-14-170,linux,0,0.1451,6892.37,KEM,True,2025-11-21T22:17:01.510389,,1952
Kyber768,decap,0,1,0.0,1,0,1,ip-172-31-14-170,linux,0,0.1372,7291.13,KEM,True,2025-11-21T22:17:01.510559,,1953
Kyber768,decap,0,1,0.0,1,0,1,ip-172-31-14-170,linux,0,0.1361,7348.24,KEM,True,2025-11-21T22:17:01.510725,,1954
Kyber768,decap,0,1,0.0,1,0,1,ip-172-31-14-170,linux,0,0.1372,7286.72,KEM,True,2025-11-21T22:17:01.510891,,1955
Kyber768,decap,0,16,0.0,1,0,1,ip-172-31-14-170,linux,0,0.1633,6122.09,KEM,True,2025-11-21T22:17:01.511088,,1956
Kyber768,decap,0,16,0.0,1,0,1,ip-172-31-14-170,linux,0,0.1437,6960.88,KEM,True,2025-11-21T22:17:01.511278,,1957
Kyber768,decap,0,16,0.0,1,0,1,ip-172-31-14-170,linux,0,0.1442,6934.76,KEM,True,2025-11-21T22:17:01.511457,,1958
Kyber768,decap,0,16,0.0,1,0,1,ip-172-31-14-170,linux,0,0.1411,7087.98,KEM,True,2025-11-21T22:17:01.511633,,1959
Kyber768,decap,0,16,0.0,1,0,1,ip-172-31-14-170,linux,0,0.1715,5832.03,KEM,True,2025-11-21T22:17:01.511834,,1960
Kyber768,decap,0,64,0.0,1,0,1,ip-172-31-14-170,linux,0,0.1476,6775.16,KEM,True,2025-11-21T22:17:01.512017,,1961
Kyber768,decap,0,64,0.0,1,0,1,ip-172-31-14-170,linux,0,0.155,6453.03,KEM,True,2025-11-21T22:17:01.512198,,1962
Kyber768,decap,0,64,0.0,1,0,1,ip-172-31-14-170,linux,0,0.1334,7496.48,KEM,True,2025-11-21T22:17:01.512355,,1963
Kyber768,decap,0,64,0.0,1,0,1,ip-172-31-14-170,linux,0,0.1397,7156.25,KEM,True,2025-11-21T22:17:01.512529,,1964
Kyber768,decap,0,64,0.0,1,0,1,ip-172-31-14-170,linux,0,0.1383,7228.41,KEM,True,2025-11-21T22:17:01.512699,,1965
Kyber768,decap,1024,1,0.0,1,0,1,ip-172-31-14-170,linux,0,0.1335,7489.57,KEM,True,2025-11-21T22:17:01.512868,,1966
Kyber768,decap,1024,1,0.0,1,0,1,ip-172-31-14-170,linux,0,0.1376,7268.08,KEM,True,2025-11-21T22:17:01.513035,,1967
Kyber768,decap,1024,1,0.0,1,0,1,ip-172-31-14-170,linux,0,0.1374,7280.19,KEM,True,2025-11-21T22:17:01.513218,,1968
Kyber768,decap,1024,1,0.0,1,0,1,ip-172-31-14-170,linux,0,0.138,7243.86,KEM,True,2025-11-21T22:17:01.513388,,1969
Kyber768,decap,1024,1,0.0,1,0,1,ip-172-31-14-170,linux,0,0.1341,7459.35,KEM,True,2025-11-21T22:17:01.513544,,1970
Kyber768,decap,1024,16,0.0,1,0,1,ip-172-31-14-170,linux,0,0.1377,7260.27,KEM,True,2025-11-21T22:17:01.513704,,1971
Kyber768,decap,1024,16,0.0,1,0,1,ip-172-31-14-170,linux,0,0.1362,7343.82,KEM,True,2025-11-21T22:17:01.513861,,1972
Kyber768,decap,1024,16,0.0,1,0,1,ip-172-31-14-170,linux,0,0.1381,7238.72,KEM,True,2025-11-21T22:17:01.514021,,1973
Kyber768,decap,1024,16,0.0,1,0,1,ip-172-31-14-170,linux,0,0.1523,6563.88,KEM,True,2025-11-21T22:17:01.514195,,1974
Kyber768,decap,1024,16,0.0,1,0,1,ip-172-31-14-170,linux,0,0.1394,7176.07,KEM,True,2025-11-21T22:17:01.514359,,1975
Kyber768,decap,1024,64,0.0,1,0,1,ip-172-31-14-170,linux,0,0.1494,6692.59,KEM,True,2025-11-21T22:17:01.514532,,1976
Kyber768,decap,1024,64,0.0,1,0,1,ip-172-31-14-170,linux,0,0.1371,7295.92,KEM,True,2025-11-21T22:17:01.514691,,1977
Kyber768,decap,1024,64,0.0,1,0,1,ip-172-31-14-170,linux,0,0.1397,7158.35,KEM,True,2025-11-21T22:17:01.514852,,1978
Kyber768,decap,1024,64,0.0,1,0,1,ip-172-31-14-170,linux,0,0.1442,6932.79,KEM,True,2025-11-21T22:17:01.515018,,1979
Kyber768,decap,1024,64,0.0,1,0,1,ip-172-31-14-170,linux,0,0.1768,5654.8,KEM,True,2025-11-21T22:17:01.515219,,1980
ML-KEM-1024,keygen,0,1,0.0,1,0,1,ip-172-31-14-170,linux,0,0.1747,5723.05,KEM,True,2025-11-21T22:17:01.515429,,1981
ML-KEM-1024,keygen,0,1,0.0,1,0,1,ip-172-31-14-170,linux,0,0.0742,13481.99,KEM,True,2025-11-21T22:17:01.515537,,1982
ML-KEM-1024,keygen,0,1,0.0,1,0,1,ip-172-31-14-170,linux,0,0.0717,13944.86,KEM,True,2025-11-21T22:17:01.515633,,1983
ML-KEM-1024,keygen,0,1,0.0,1,0,1,ip-172-31-14-170,linux,0,0.0744,13443.39,KEM,True,2025-11-21T22:17:01.515734,,1984
ML-KEM-1024,keygen,0,1,0.0,1,0,1,ip-172-31-14-170,linux,0,0.0811,12325.9,KEM,True,2025-11-21T22:17:01.515860,,1985
ML-KEM-1024,keygen,0,16,0.0,1,0,1,ip-172-31-14-170,linux,0,0.0693,14438.97,KEM,True,2025-11-21T22:17:01.515958,,1986
ML-KEM-1024,keygen,0,16,0.0,1,0,1,ip-172-31-14-170,linux,0,0.0926,10798.09,KEM,True,2025-11-21T22:17:01.516075,,1987
ML-KEM-1024,keygen,0,16,0.0,1,0,1,ip-172-31-14-170,linux,0,0.0737,13563.18,KEM,True,2025-11-21T22:17:01.516177,,1988
ML-KEM-1024,keygen,0,16,0.0,1,0,1,ip-172-31-14-170,linux,0,0.0734,13623.79,KEM,True,2025-11-21T22:17:01.516322,,1989
ML-KEM-1024,keygen,0,16,0.0,1,0,1,ip-172-31-14-170,linux,0,0.0694,14401.34,KEM,True,2025-11-21T22:17:01.516419,,1990
ML-KEM-1024,keygen,0,64,0.0,1,0,1,ip-172-31-14-170,linux,0,0.069,14483.52,KEM,True,2025-11-21T22:17:01.516511,,1991
ML-KEM-1024,keygen,0,64,0.0,1,0,1,ip-172-31-14-170,linux,0,0.0661,15121.5,KEM,True,2025-11-21T22:17:01.516598,,1992
ML-KEM-1024,keygen,0,64,0.0,1,0,1,ip-172-31-14-170,linux,0,0.0659,15166.45,KEM,True,2025-11-21T22:17:01.516685,,1993
ML-KEM-1024,keygen,0,64,0.0,1,0,1,ip-172-31-14-170,linux,0,0.0668,14976.34,KEM,True,2025-11-21T22:17:01.516772,,1994
ML-KEM-1024,keygen,0,64,0.0,1,0,1,ip-172-31-14-170,linux,0,0.0664,15070.91,KEM,True,2025-11-21T22:17:01.516859,,1995
ML-KEM-1024,keygen,1024,1,0.0,1,0,1,ip-172-31-14-170,linux,0,0.066,15160.7,KEM,True,2025-11-21T22:17:01.516945,,1996
ML-KEM-1024,keygen,1024,1,0.0,1,0,1,ip-172-31-14-170,linux,0,0.0668,14968.94,KEM,True,2025-11-21T22:17:01.517035,,1997
ML-KEM-1024,keygen,1024,1,0.0,1,0,1,ip-172-31-14-170,linux,0,0.0675,14809.11,KEM,True,2025-11-21T22:17:01.517145,,1998
ML-KEM-1024,keygen,1024,1,0.0,1,0,1,ip-172-31-14-170,linux,0,0.0713,14023.48,KEM,True,2025-11-21T22:17:01.517238,,1999
ML-KEM-1024,keygen,1024,1,0.0,1,0,1,ip-172-31-14-170,linux,0,0.0674,14830.63,KEM,True,2025-11-21T22:17:01.517327,,2000
ML-KEM-1024,keygen,1024,16,0.0,1,0,1,ip-172-31-14-170,linux,0,0.0674,14843.4,KEM,True,2025-11-21T22:17:01.517416,,2001
ML-KEM-1024,keygen,1024,16,0.0,1,0,1,ip-172-31-14-170,linux,0,0.0686,14582.15,KEM,True,2025-11-21T22:17:01.517506,,2002
ML-KEM-1024,keygen,1024,16,0.0,1,0,1,ip-172-31-14-170,linux,0,0.07,14278.17,KEM,True,2025-11-21T22:17:01.517598,,2003
ML-KEM-1024,keygen,1024,16,0.0,1,0,1,ip-172-31-14-170,linux,0,0.0693,14428.56,KEM,True,2025-11-21T22:17:01.517691,,2004
ML-KEM-1024,keygen,1024,16,0.0,1,0,1,ip-172-31-14-170,linux,0,0.0703,14216.46,KEM,True,2025-11-21T22:17:01.517783,,2005
ML-KEM-1024,keygen,1024,64,0.0,1,0,1,ip-172-31-14-170,linux,0,0.0698,14316.6,KEM,True,2025-11-21T22:17:01.517879,,2006
ML-KEM-1024,keygen,1024,64,0.0,1,0,1,ip-172-31-14-170,linux,0,0.088,11361.7,KEM,True,2025-11-21T22:17:01.518002,,2007
ML-KEM-1024,keygen,1024,64,0.0,1,0,1,ip-172-31-14-170,linux,0,0.0973,10276.44,KEM,True,2025-11-21T22:17:01.518124,,2008
ML-KEM-1024,keygen,1024,64,0.0,1,0,1,ip-172-31-14-170,linux,0,0.0738,13552.52,KEM,True,2025-11-21T22:17:01.518226,,2009
ML-KEM-1024,keygen,1024,64,0.0,1,0,1,ip-172-31-14-170,linux,0,0.0753,13285.15,KEM,True,2025-11-21T22:17:01.518327,,2010
ML-KEM-1024,encap,0,1,0.0,1,0,1,ip-172-31-14-170,linux,0,0.131,7636.44,KEM,True,2025-11-21T22:17:01.518487,,2011
ML-KEM-1024,encap,0,1,0.0,1,0,1,ip-172-31-14-170,linux,0,0.125,7998.85,KEM,True,2025-11-21T22:17:01.518635,,2012
ML-KEM-1024,encap,0,1,0.0,1,0,1,ip-172-31-14-170,linux,0,0.1337,7477.64,KEM,True,2025-11-21T22:17:01.518792,,2013
ML-KEM-1024,encap,0,1,0.0,1,0,1,ip-172-31-14-170,linux,0,0.1284,7786.28,KEM,True,2025-11-21T22:17:01.518943,,2014
ML-KEM-1024,encap,0,1,0.0,1,0,1,ip-172-31-14-170,linux,0,0.1473,6788.36,KEM,True,2025-11-21T22:17:01.519118,,2015
ML-KEM-1024,encap,0,16,0.0,1,0,1,ip-172-31-14-170,linux,0,0.13,7694.38,KEM,True,2025-11-21T22:17:01.519279,,2016
ML-KEM-1024,encap,0,16,0.0,1,0,1,ip-172-31-14-170,linux,0,0.1297,7709.92,KEM,True,2025-11-21T22:17:01.519436,,2017
ML-KEM-1024,encap,0,16,0.0,1,0,1,ip-172-31-14-170,linux,0,0.125,8001.47,KEM,True,2025-11-21T22:17:01.519587,,2018
ML-KEM-1024,encap,0,16,0.0,1,0,1,ip-172-31-14-170,linux,0,0.1267,7895.21,KEM,True,2025-11-21T22:17:01.519736,,2019
ML-KEM-1024,encap,0,16,0.0,1,0,1,ip-172-31-14-170,linux,0,0.2117,4724.34,KEM,True,2025-11-21T22:17:01.521957,,2020
ML-KEM-1024,encap,0,64,0.0,1,0,1,ip-172-31-14-170,linux,0,0.1477,6769.88,KEM,True,2025-11-21T22:17:01.522151,,2021
ML-KEM-1024,encap,0,64,0.0,1,0,1,ip-172-31-14-170,linux,0,0.1286,7773.87,KEM,True,2025-11-21T22:17:01.522309,,2022
ML-KEM-1024,encap,0,64,0.0,1,0,1,ip-172-31-14-170,linux,0,0.1284,7791.2,KEM,True,2025-11-21T22:17:01.522465,,2023
ML-KEM-1024,encap,0,64,0.0,1,0,1,ip-172-31-14-170,linux,0,0.1308,7647.01,KEM,True,2025-11-21T22:17:01.522624,,2024
ML-KEM-1024,encap,0,64,0.0,1,0,1,ip-172-31-14-170,linux,0,0.1345,7436.11,KEM,True,2025-11-21T22:17:01.522793,,2025
ML-KEM-1024,encap,1024,1,0.0,1,0,1,ip-172-31-14-170,linux,0,0.1257,7952.35,KEM,True,2025-11-21T22:17:01.522942,,2026
ML-KEM-1024,encap,1024,1,0.0,1,0,1,ip-172-31-14-170,linux,0,0.1501,6662.58,KEM,True,2025-11-21T22:17:01.523118,,2027
ML-KEM-1024,encap,1024,1,0.0,1,0,1,ip-172-31-14-170,linux,0,0.1305,7661.43,KEM,True,2025-11-21T22:17:01.523279,,2028
ML-KEM-1024,encap,1024,1,0.0,1,0,1,ip-172-31-14-170,linux,0,0.1274,7848.92,KEM,True,2025-11-21T22:17:01.523435,,2029
ML-KEM-1024,encap,1024,1,0.0,1,0,1,ip-172-31-14-170,linux,0,0.1251,7996.74,KEM,True,2025-11-21T22:17:01.523586,,2030
ML-KEM-1024,encap,1024,16,0.0,1,0,1,ip-172-31-14-170,linux,0,0.1286,7776.84,KEM,True,2025-11-21T22:17:01.523747,,2031
ML-KEM-1024,encap,1024,16,0.0,1,0,1,ip-172-31-14-170,linux,0,0.1288,7765.42,KEM,True,2025-11-21T22:17:01.523900,,2032
ML-KEM-1024,encap,1024,16,0.0,1,0,1,ip-172-31-14-170,linux,0,0.1245,8035.23,KEM,True,2025-11-21T22:17:01.524064,,2033
ML-KEM-1024,encap,1024,16,0.0,1,0,1,ip-172-31-14-170,linux,0,0.1278,7823.75,KEM,True,2025-11-21T22:17:01.524217,,2034
ML-KEM-1024,encap,1024,16,0.0,1,0,1,ip-172-31-14-170,linux,0,0.1254,7972.19,KEM,True,2025-11-21T22:17:01.524369,,2035
ML-KEM-1024,encap,1024,64,0.0,1,0,1,ip-172-31-14-170,linux,0,0.1248,8010.38,KEM,True,2025-11-21T22:17:01.524517,,2036
ML-KEM-1024,encap,1024,64,0.0,1,0,1,ip-172-31-14-170,linux,0,0.1275,7841.85,KEM,True,2025-11-21T22:17:01.524669,,2037
ML-KEM-1024,encap,1024,64,0.0,1,0,1,ip-172-31-14-170,linux,0,0.1247,8018.35,KEM,True,2025-11-21T22:17:01.524817,,2038
ML-KEM-1024,encap,1024,64,0.0,1,0,1,ip-172-31-14-170,linux,0,0.1424,7023.46,KEM,True,2025-11-21T22:17:01.524992,,2039
ML-KEM-1024,encap,1024,64,0.0,1,0,1,ip-172-31-14-170,linux,0,0.146,6847.49,KEM,True,2025-11-21T22:17:01.525160,,2040
ML-KEM-1024,decap,0,1,0.0,1,0,1,ip-172-31-14-170,linux,0,0.188,5318.47,KEM,True,2025-11-21T22:17:01.525384,,2041
ML-KEM-1024,decap,0,1,0.0,1,0,1,ip-172-31-14-170,linux,0,0.1865,5361.04,KEM,True,2025-11-21T22:17:01.525596,,2042
ML-KEM-1024,decap,0,1,0.0,1,0,1,ip-172-31-14-170,linux,0,0.1819,5496.95,KEM,True,2025-11-21T22:17:01.525803,,2043
ML-KEM-1024,decap,0,1,0.0,1,0,1,ip-172-31-14-170,linux,0,0.1803,5546.22,KEM,True,2025-11-21T22:17:01.526005,,2044
ML-KEM-1024,decap,0,1,0.0,1,0,1,ip-172-31-14-170,linux,0,0.2073,4823.23,KEM,True,2025-11-21T22:17:01.526235,,2045
ML-KEM-1024,decap,0,16,0.0,1,0,1,ip-172-31-14-170,linux,0,0.1962,5096.5,KEM,True,2025-11-21T22:17:01.526459,,2046
ML-KEM-1024,decap,0,16,0.0,1,0,1,ip-172-31-14-170,linux,0,0.1863,5368.15,KEM,True,2025-11-21T22:17:01.526684,,2047
ML-KEM-1024,decap,0,16,0.0,1,0,1,ip-172-31-14-170,linux,0,0.1809,5527.85,KEM,True,2025-11-21T22:17:01.526896,,2048
ML-KEM-1024,decap,0,16,0.0,1,0,1,ip-172-31-14-170,linux,0,0.2058,4858.59,KEM,True,2025-11-21T22:17:01.527133,,2049
ML-KEM-1024,decap,0,16,0.0,1,0,1,ip-172-31-14-170,linux,0,0.2013,4967.73,KEM,True,2025-11-21T22:17:01.527373,,2050
ML-KEM-1024,decap,0,64,0.0,1,0,1,ip-172-31-14-170,linux,0,0.185,5405.26,KEM,True,2025-11-21T22:17:01.527597,,2051
ML-KEM-1024,decap,0,64,0.0,1,0,1,ip-172-31-14-170,linux,0,0.1959,5105.06,KEM,True,2025-11-21T22:17:01.527816,,2052
ML-KEM-1024,decap,0,64,0.0,1,0,1,ip-172-31-14-170,linux,0,0.1855,5389.73,KEM,True,2025-11-21T22:17:01.528026,,2053
ML-KEM-1024,decap,0,64,0.0,1,0,1,ip-172-31-14-170,linux,0,0.1869,5350.91,KEM,True,2025-11-21T22:17:01.528259,,2054
ML-KEM-1024,decap,0,64,0.0,1,0,1,ip-172-31-14-170,linux,0,0.1841,5432.24,KEM,True,2025-11-21T22:17:01.528475,,2055
ML-KEM-1024,decap,1024,1,0.0,1,0,1,ip-172-31-14-170,linux,0,0.1828,5469.56,KEM,True,2025-11-21T22:17:01.528688,,2056
ML-KEM-1024,decap,1024,1,0.0,1,0,1,ip-172-31-14-170,linux,0,0.1841,5432.98,KEM,True,2025-11-21T22:17:01.528900,,2057
ML-KEM-1024,decap,1024,1,0.0,1,0,1,ip-172-31-14-170,linux,0,0.2203,4539.72,KEM,True,2025-11-21T22:17:01.529203,,2058
ML-KEM-1024,decap,1024,1,0.0,1,0,1,ip-172-31-14-170,linux,0,0.1941,5152.75,KEM,True,2025-11-21T22:17:01.529437,,2059
ML-KEM-1024,decap,1024,1,0.0,1,0,1,ip-172-31-14-170,linux,0,0.1916,5219.18,KEM,True,2025-11-21T22:17:01.529664,,2060
ML-KEM-1024,decap,1024,16,0.0,1,0,1,ip-172-31-14-170,linux,0,0.187,5348.57,KEM,True,2025-11-21T22:17:01.529887,,2061
ML-KEM-1024,decap,1024,16,0.0,1,0,1,ip-172-31-14-170,linux,0,0.2029,4927.35,KEM,True,2025-11-21T22:17:01.530126,,2062
ML-KEM-1024,decap,1024,16,0.0,1,0,1,ip-172-31-14-170,linux,0,0.1886,5303.18,KEM,True,2025-11-21T22:17:01.530344,,2063
ML-KEM-1024,decap,1024,16,0.0,1,0,1,ip-172-31-14-170,linux,0,0.191,5236.21,KEM,True,2025-11-21T22:17:01.530562,,2064
ML-KEM-1024,decap,1024,16,0.0,1,0,1,ip-172-31-14-170,linux,0,0.1906,5245.9,KEM,True,2025-11-21T22:17:01.530781,,2065
ML-KEM-1024,decap,1024,64,0.0,1,0,1,ip-172-31-14-170,linux,0,0.1887,5299.53,KEM,True,2025-11-21T22:17:01.530994,,2066
ML-KEM-1024,decap,1024,64,0.0,1,0,1,ip-172-31-14-170,linux,0,0.2085,4796.46,KEM,True,2025-11-21T22:17:01.531230,,2067
ML-KEM-1024,decap,1024,64,0.0,1,0,1,ip-172-31-14-170,linux,0,0.1931,5177.7,KEM,True,2025-11-21T22:17:01.531451,,2068
ML-KEM-1024,decap,1024,64,0.0,1,0,1,ip-172-31-14-170,linux,0,0.1839,5436.38,KEM,True,2025-11-21T22:17:01.531660,,2069
ML-KEM-1024,decap,1024,64,0.0,1,0,1,ip-172-31-14-170,linux,0,0.2019,4953.39,KEM,True,2025-11-21T22:17:01.531885,,2070
ML-KEM-512,keygen,0,1,0.0,1,0,1,ip-172-31-14-170,linux,0,0.0995,10053.48,KEM,True,2025-11-21T22:17:01.532017,,2071
ML-KEM-512,keygen,0,1,0.0,1,0,1,ip-172-31-14-170,linux,0,0.06,16663.61,KEM,True,2025-11-21T22:17:01.532103,,2072
ML-KEM-512,keygen,0,1,0.0,1,0,1,ip-172-31-14-170,linux,0,0.0392,25497.85,KEM,True,2025-11-21T22:17:01.532165,,2073
ML-KEM-512,keygen,0,1,0.0,1,0,1,ip-172-31-14-170,linux,0,0.0415,24086.52,KEM,True,2025-11-21T22:17:01.532227,,2074
ML-KEM-512,keygen,0,1,0.0,1,0,1,ip-172-31-14-170,linux,0,0.0402,24903.5,KEM,True,2025-11-21T22:17:01.532288,,2075
ML-KEM-512,keygen,0,16,0.0,1,0,1,ip-172-31-14-170,linux,0,0.044,22708.69,KEM,True,2025-11-21T22:17:01.532355,,2076
ML-KEM-512,keygen,0,16,0.0,1,0,1,ip-172-31-14-170,linux,0,0.0442,22612.16,KEM,True,2025-11-21T22:17:01.532429,,2077
ML-KEM-512,keygen,0,16,0.0,1,0,1,ip-172-31-14-170,linux,0,0.0606,16505.74,KEM,True,2025-11-21T22:17:01.532513,,2078
ML-KEM-512,keygen,0,16,0.0,1,0,1,ip-172-31-14-170,linux,0,0.0935,10700.45,KEM,True,2025-11-21T22:17:01.532630,,2079
ML-KEM-512,keygen,0,16,0.0,1,0,1,ip-172-31-14-170,linux,0,0.0478,20930.57,KEM,True,2025-11-21T22:17:01.532707,,2080
ML-KEM-512,keygen,0,64,0.0,1,0,1,ip-172-31-14-170,linux,0,0.0426,23447.21,KEM,True,2025-11-21T22:17:01.532771,,2081
ML-KEM-512,keygen,0,64,0.0,1,0,1,ip-172-31-14-170,linux,0,0.0455,21983.82,KEM,True,2025-11-21T22:17:01.532837,,2082
ML-KEM-512,keygen,0,64,0.0,1,0,1,ip-172-31-14-170,linux,0,0.0417,23972.77,KEM,True,2025-11-21T22:17:01.532899,,2083
ML-KEM-512,keygen,0,64,0.0,1,0,1,ip-172-31-14-170,linux,0,0.0446,22407.96,KEM,True,2025-11-21T22:17:01.532963,,2084
ML-KEM-512,keygen,0,64,0.0,1,0,1,ip-172-31-14-170,linux,0,0.0431,23188.41,KEM,True,2025-11-21T22:17:01.533027,,2085
ML-KEM-512,keygen,1024,1,0.0,1,0,1,ip-172-31-14-170,linux,0,0.0601,16629.53,KEM,True,2025-11-21T22:17:01.533109,,2086
ML-KEM-512,keygen,1024,1,0.0,1,0,1,ip-172-31-14-170,linux,0,0.0405,24691.36,KEM,True,2025-11-21T22:17:01.533173,,2087
ML-KEM-512,keygen,1024,1,0.0,1,0,1,ip-172-31-14-170,linux,0,0.0452,22131.73,KEM,True,2025-11-21T22:17:01.533240,,2088
ML-KEM-512,keygen,1024,1,0.0,1,0,1,ip-172-31-14-170,linux,0,0.0427,23401.67,KEM,True,2025-11-21T22:17:01.533304,,2089
ML-KEM-512,keygen,1024,1,0.0,1,0,1,ip-172-31-14-170,linux,0,0.0413,24210.73,KEM,True,2025-11-21T22:17:01.533378,,2090
ML-KEM-512,keygen,1024,16,0.0,1,0,1,ip-172-31-14-170,linux,0,0.0405,24661.52,KEM,True,2025-11-21T22:17:01.533446,,2091
ML-KEM-512,keygen,1024,16,0.0,1,0,1,ip-172-31-14-170,linux,0,0.0451,22183.77,KEM,True,2025-11-21T22:17:01.533524,,2092
ML-KEM-512,keygen,1024,16,0.0,1,0,1,ip-172-31-14-170,linux,0,0.0409,24439.12,KEM,True,2025-11-21T22:17:01.533596,,2093
ML-KEM-512,keygen,1024,16,0.0,1,0,1,ip-172-31-14-170,linux,0,0.0419,23884.02,KEM,True,2025-11-21T22:17:01.533666,,2094
ML-KEM-512,keygen,1024,16,0.0,1,0,1,ip-172-31-14-170,linux,0,0.0406,24637.22,KEM,True,2025-11-21T22:17:01.533734,,2095
ML-KEM-512,keygen,1024,64,0.0,1,0,1,ip-172-31-14-170,linux,0,0.0424,23583.24,KEM,True,2025-11-21T22:17:01.533804,,2096
ML-KEM-512,keygen,1024,64,0.0,1,0,1,ip-172-31-14-170,linux,0,0.0444,22540.8,KEM,True,2025-11-21T22:17:01.533875,,2097
ML-KEM-512,keygen,1024,64,0.0,1,0,1,ip-172-31-14-170,linux,0,0.0421,23739.44,KEM,True,2025-11-21T22:17:01.533945,,2098
ML-KEM-512,keygen,1024,64,0.0,1,0,1,ip-172-31-14-170,linux,0,0.0473,21152.38,KEM,True,2025-11-21T22:17:01.534021,,2099
ML-KEM-512,keygen,1024,64,0.0,1,0,1,ip-172-31-14-170,linux,0,0.0824,12137.98,KEM,True,2025-11-21T22:17:01.534131,,2100
ML-KEM-512,encap,0,1,0.0,1,0,1,ip-172-31-14-170,linux,0,0.0934,10704.23,KEM,True,2025-11-21T22:17:01.534282,,2101
ML-KEM-512,encap,0,1,0.0,1,0,1,ip-172-31-14-170,linux,0,0.073,13691.13,KEM,True,2025-11-21T22:17:01.534383,,2102
ML-KEM-512,encap,0,1,0.0,1,0,1,ip-172-31-14-170,linux,0,0.0683,14631.22,KEM,True,2025-11-21T22:17:01.534479,,2103
ML-KEM-512,encap,0,1,0.0,1,0,1,ip-172-31-14-170,linux,0,0.0677,14780.22,KEM,True,2025-11-21T22:17:01.534575,,2104
ML-KEM-512,encap,0,1,0.0,1,0,1,ip-172-31-14-170,linux,0,0.0685,14604.94,KEM,True,2025-11-21T22:17:01.534670,,2105
ML-KEM-512,encap,0,16,0.0,1,0,1,ip-172-31-14-170,linux,0,0.0702,14251.31,KEM,True,2025-11-21T22:17:01.534771,,2106
ML-KEM-512,encap,0,16,0.0,1,0,1,ip-172-31-14-170,linux,0,0.0755,13237.67,KEM,True,2025-11-21T22:17:01.534876,,2107
ML-KEM-512,encap,0,16,0.0,1,0,1,ip-172-31-14-170,linux,0,0.0714,14001.09,KEM,True,2025-11-21T22:17:01.534977,,2108
ML-KEM-512,encap,0,16,0.0,1,0,1,ip-172-31-14-170,linux,0,0.0926,10800.07,KEM,True,2025-11-21T22:17:01.535103,,2109
ML-KEM-512,encap,0,16,0.0,1,0,1,ip-172-31-14-170,linux,0,0.084,11901.08,KEM,True,2025-11-21T22:17:01.535224,,2110
ML-KEM-512,encap,0,64,0.0,1,0,1,ip-172-31-14-170,linux,0,0.0842,11870.85,KEM,True,2025-11-21T22:17:01.535357,,2111
ML-KEM-512,encap,0,64,0.0,1,0,1,ip-172-31-14-170,linux,0,0.0733,13645.17,KEM,True,2025-11-21T22:17:01.535462,,2112
ML-KEM-512,encap,0,64,0.0,1,0,1,ip-172-31-14-170,linux,0,0.0758,13188.96,KEM,True,2025-11-21T22:17:01.535568,,2113
ML-KEM-512,encap,0,64,0.0,1,0,1,ip-172-31-14-170,linux,0,0.0756,13228.91,KEM,True,2025-11-21T22:17:01.535682,,2114
ML-KEM-512,encap,0,64,0.0,1,0,1,ip-172-31-14-170,linux,0,0.0909,11005.82,KEM,True,2025-11-21T22:17:01.535808,,2115
ML-KEM-512,encap,1024,1,0.0,1,0,1,ip-172-31-14-170,linux,0,0.076,13151.84,KEM,True,2025-11-21T22:17:01.535926,,2116
ML-KEM-512,encap,1024,1,0.0,1,0,1,ip-172-31-14-170,linux,0,0.0697,14342.06,KEM,True,2025-11-21T22:17:01.536029,,2117
ML-KEM-512,encap,1024,1,0.0,1,0,1,ip-172-31-14-170,linux,0,0.076,13153.22,KEM,True,2025-11-21T22:17:01.536161,,2118
ML-KEM-512,encap,1024,1,0.0,1,0,1,ip-172-31-14-170,linux,0,0.0743,13453.88,KEM,True,2025-11-21T22:17:01.536271,,2119
ML-KEM-512,encap,1024,1,0.0,1,0,1,ip-172-31-14-170,linux,0,0.0701,14271.44,KEM,True,2025-11-21T22:17:01.536372,,2120
ML-KEM-512,encap,1024,16,0.0,1,0,1,ip-172-31-14-170,linux,0,0.0709,14104.57,KEM,True,2025-11-21T22:17:01.536473,,2121
ML-KEM-512,encap,1024,16,0.0,1,0,1,ip-172-31-14-170,linux,0,0.0725,13801.1,KEM,True,2025-11-21T22:17:01.536578,,2122
ML-KEM-512,encap,1024,16,0.0,1,0,1,ip-172-31-14-170,linux,0,0.0691,14464.45,KEM,True,2025-11-21T22:17:01.536678,,2123
ML-KEM-512,encap,1024,16,0.0,1,0,1,ip-172-31-14-170,linux,0,0.0681,14682.35,KEM,True,2025-11-21T22:17:01.536768,,2124
ML-KEM-512,encap,1024,16,0.0,1,0,1,ip-172-31-14-170,linux,0,0.0686,14584.06,KEM,True,2025-11-21T22:17:01.536864,,2125
ML-KEM-512,encap,1024,64,0.0,1,0,1,ip-172-31-14-170,linux,0,0.072,13884.65,KEM,True,2025-11-21T22:17:01.536967,,2126
ML-KEM-512,encap,1024,64,0.0,1,0,1,ip-172-31-14-170,linux,0,0.0905,11046.67,KEM,True,2025-11-21T22:17:01.537138,,2127
ML-KEM-512,encap,1024,64,0.0,1,0,1,ip-172-31-14-170,linux,0,0.069,14483.52,KEM,True,2025-11-21T22:17:01.537240,,2128
ML-KEM-512,encap,1024,64,0.0,1,0,1,ip-172-31-14-170,linux,0,0.0698,14320.08,KEM,True,2025-11-21T22:17:01.537338,,2129
ML-KEM-512,encap,1024,64,0.0,1,0,1,ip-172-31-14-170,linux,0,0.0696,14365.55,KEM,True,2025-11-21T22:17:01.537437,,2130
ML-KEM-512,decap,0,1,0.0,1,0,1,ip-172-31-14-170,linux,0,0.1009,9906.38,KEM,True,2025-11-21T22:17:01.537572,,2131
ML-KEM-512,decap,0,1,0.0,1,0,1,ip-172-31-14-170,linux,0,0.0985,10153.93,KEM,True,2025-11-21T22:17:01.537702,,2132
ML-KEM-512,decap,0,1,0.0,1,0,1,ip-172-31-14-170,linux,0,0.0972,10285.95,KEM,True,2025-11-21T22:17:01.537828,,2133
ML-KEM-512,decap,0,1,0.0,1,0,1,ip-172-31-14-170,linux,0,0.0983,10175.22,KEM,True,2025-11-21T22:17:01.537956,,2134
ML-KEM-512,decap,0,1,0.0,1,0,1,ip-172-31-14-170,linux,0,0.1146,8726.16,KEM,True,2025-11-21T22:17:01.538099,,2135
ML-KEM-512,decap,0,16,0.0,1,0,1,ip-172-31-14-170,linux,0,0.1002,9975.26,KEM,True,2025-11-21T22:17:01.538230,,2136
ML-KEM-512,decap,0,16,0.0,1,0,1,ip-172-31-14-170,linux,0,0.097,10306.83,KEM,True,2025-11-21T22:17:01.538357,,2137
ML-KEM-512,decap,0,16,0.0,1,0,1,ip-172-31-14-170,linux,0,0.0973,10272.95,KEM,True,2025-11-21T22:17:01.538484,,2138
ML-KEM-512,decap,0,16,0.0,1,0,1,ip-172-31-14-170,linux,0,0.0972,10285.95,KEM,True,2025-11-21T22:17:01.538602,,2139
ML-KEM-512,decap,0,16,0.0,1,0,1,ip-172-31-14-170,linux,0,0.0992,10080.14,KEM,True,2025-11-21T22:17:01.538722,,2140
ML-KEM-512,decap,0,64,0.0,1,0,1,ip-172-31-14-170,linux,0,0.0995,10052.68,KEM,True,2025-11-21T22:17:01.538850,,2141
ML-KEM-512,decap,0,64,0.0,1,0,1,ip-172-31-14-170,linux,0,0.1012,9885.53,KEM,True,2025-11-21T22:17:01.538983,,2142
ML-KEM-512,decap,0,64,0.0,1,0,1,ip-172-31-14-170,linux,0,0.114,8772.62,KEM,True,2025-11-21T22:17:01.539129,,2143
ML-KEM-512,decap,0,64,0.0,1,0,1,ip-172-31-14-170,linux,0,0.0978,10229.87,KEM,True,2025-11-21T22:17:01.539259,,2144
ML-KEM-512,decap,0,64,0.0,1,0,1,ip-172-31-14-170,linux,0,0.097,10308.53,KEM,True,2025-11-21T22:17:01.539385,,2145
ML-KEM-512,decap,1024,1,0.0,1,0,1,ip-172-31-14-170,linux,0,0.0958,10439.29,KEM,True,2025-11-21T22:17:01.539509,,2146
ML-KEM-512,decap,1024,1,0.0,1,0,1,ip-172-31-14-170,linux,0,0.0962,10396.52,KEM,True,2025-11-21T22:17:01.539632,,2147
ML-KEM-512,decap,1024,1,0.0,1,0,1,ip-172-31-14-170,linux,0,0.1156,8652.39,KEM,True,2025-11-21T22:17:01.539777,,2148
ML-KEM-512,decap,1024,1,0.0,1,0,1,ip-172-31-14-170,linux,0,0.0976,10241.07,KEM,True,2025-11-21T22:17:01.539908,,2149
ML-KEM-512,decap,1024,1,0.0,1,0,1,ip-172-31-14-170,linux,0,0.0962,10390.26,KEM,True,2025-11-21T22:17:01.540032,,2150
ML-KEM-512,decap,1024,16,0.0,1,0,1,ip-172-31-14-170,linux,0,0.0993,10070.09,KEM,True,2025-11-21T22:17:01.540173,,2151
ML-KEM-512,decap,1024,16,0.0,1,0,1,ip-172-31-14-170,linux,0,0.0969,10315.55,KEM,True,2025-11-21T22:17:01.540301,,2152
ML-KEM-512,decap,1024,16,0.0,1,0,1,ip-172-31-14-170,linux,0,0.0981,10191.29,KEM,True,2025-11-21T22:17:01.540422,,2153
ML-KEM-512,decap,1024,16,0.0,1,0,1,ip-172-31-14-170,linux,0,0.0975,10253.05,KEM,True,2025-11-21T22:17:01.540546,,2154
ML-KEM-512,decap,1024,16,0.0,1,0,1,ip-172-31-14-170,linux,0,0.1022,9785.5,KEM,True,2025-11-21T22:17:01.540693,,2155
ML-KEM-512,decap,1024,64,0.0,1,0,1,ip-172-31-14-170,linux,0,0.097,10312.89,KEM,True,2025-11-21T22:17:01.540820,,2156
ML-KEM-512,decap,1024,64,0.0,1,0,1,ip-172-31-14-170,linux,0,0.0984,10158.99,KEM,True,2025-11-21T22:17:01.540947,,2157
ML-KEM-512,decap,1024,64,0.0,1,0,1,ip-172-31-14-170,linux,0,0.1121,8922.28,KEM,True,2025-11-21T22:17:01.541089,,2158
ML-KEM-512,decap,1024,64,0.0,1,0,1,ip-172-31-14-170,linux,0,0.0987,10134.59,KEM,True,2025-11-21T22:17:01.541220,,2159
ML-KEM-512,decap,1024,64,0.0,1,0,1,ip-172-31-14-170,linux,0,0.097,10306.73,KEM,True,2025-11-21T22:17:01.541348,,2160
ML-KEM-768,keygen,0,1,0.0,1,0,1,ip-172-31-14-170,linux,0,0.0624,16028.21,KEM,True,2025-11-21T22:17:01.541444,,2161
ML-KEM-768,keygen,0,1,0.0,1,0,1,ip-172-31-14-170,linux,0,0.054,18525.38,KEM,True,2025-11-21T22:17:01.541526,,2162
ML-KEM-768,keygen,0,1,0.0,1,0,1,ip-172-31-14-170,linux,0,0.0537,18627.18,KEM,True,2025-11-21T22:17:01.541607,,2163
ML-KEM-768,keygen,0,1,0.0,1,0,1,ip-172-31-14-170,linux,0,0.0525,19058.15,KEM,True,2025-11-21T22:17:01.541688,,2164
ML-KEM-768,keygen,0,1,0.0,1,0,1,ip-172-31-14-170,linux,0,0.0543,18416.21,KEM,True,2025-11-21T22:17:01.541770,,2165
ML-KEM-768,keygen,0,16,0.0,1,0,1,ip-172-31-14-170,linux,0,0.0533,18773.35,KEM,True,2025-11-21T22:17:01.541850,,2166
ML-KEM-768,keygen,0,16,0.0,1,0,1,ip-172-31-14-170,linux,0,0.0538,18593.24,KEM,True,2025-11-21T22:17:01.541931,,2167
ML-KEM-768,keygen,0,16,0.0,1,0,1,ip-172-31-14-170,linux,0,0.0544,18391.14,KEM,True,2025-11-21T22:17:01.542014,,2168
ML-KEM-768,keygen,0,16,0.0,1,0,1,ip-172-31-14-170,linux,0,0.0685,14604.94,KEM,True,2025-11-21T22:17:01.542111,,2169
ML-KEM-768,keygen,0,16,0.0,1,0,1,ip-172-31-14-170,linux,0,0.0531,18837.36,KEM,True,2025-11-21T22:17:01.542194,,2170
ML-KEM-768,keygen,0,64,0.0,1,0,1,ip-172-31-14-170,linux,0,0.0543,18421.63,KEM,True,2025-11-21T22:17:01.542277,,2171
ML-KEM-768,keygen,0,64,0.0,1,0,1,ip-172-31-14-170,linux,0,0.0534,18730.1,KEM,True,2025-11-21T22:17:01.542359,,2172
ML-KEM-768,keygen,0,64,0.0,1,0,1,ip-172-31-14-170,linux,0,0.0532,18782.16,KEM,True,2025-11-21T22:17:01.542438,,2173
ML-KEM-768,keygen,0,64,0.0,1,0,1,ip-172-31-14-170,linux,0,0.0539,18536.71,KEM,True,2025-11-21T22:17:01.542519,,2174
ML-KEM-768,keygen,0,64,0.0,1,0,1,ip-172-31-14-170,linux,0,0.0538,18604.65,KEM,True,2025-11-21T22:17:01.542600,,2175
ML-KEM-768,keygen,1024,1,0.0,1,0,1,ip-172-31-14-170,linux,0,0.0531,18828.85,KEM,True,2025-11-21T22:17:01.542682,,2176
ML-KEM-768,keygen,1024,1,0.0,1,0,1,ip-172-31-14-170,linux,0,0.053,18872.55,KEM,True,2025-11-21T22:17:01.542763,,2177
ML-KEM-768,keygen,1024,1,0.0,1,0,1,ip-172-31-14-170,linux,0,0.0525,19040.37,KEM,True,2025-11-21T22:17:01.542844,,2178
ML-KEM-768,keygen,1024,1,0.0,1,0,1,ip-172-31-14-170,linux,0,0.0522,19175.46,KEM,True,2025-11-21T22:17:01.542931,,2179
ML-KEM-768,keygen,1024,1,0.0,1,0,1,ip-172-31-14-170,linux,0,0.0524,19094.17,KEM,True,2025-11-21T22:17:01.543011,,2180
ML-KEM-768,keygen,1024,16,0.0,1,0,1,ip-172-31-14-170,linux,0,0.0664,15057.75,KEM,True,2025-11-21T22:17:01.543105,,2181
ML-KEM-768,keygen,1024,16,0.0,1,0,1,ip-172-31-14-170,linux,0,0.0531,18846.23,KEM,True,2025-11-21T22:17:01.543187,,2182
ML-KEM-768,keygen,1024,16,0.0,1,0,1,ip-172-31-14-170,linux,0,0.0525,19049.43,KEM,True,2025-11-21T22:17:01.543268,,2183
ML-KEM-768,keygen,1024,16,0.0,1,0,1,ip-172-31-14-170,linux,0,0.0539,18550.81,KEM,True,2025-11-21T22:17:01.543350,,2184
ML-KEM-768,keygen,1024,16,0.0,1,0,1,ip-172-31-14-170,linux,0,0.0556,17997.59,KEM,True,2025-11-21T22:17:01.543433,,2185
ML-KEM-768,keygen,1024,64,0.0,1,0,1,ip-172-31-14-170,linux,0,0.0553,18093.33,KEM,True,2025-11-21T22:17:01.543518,,2186
ML-KEM-768,keygen,1024,64,0.0,1,0,1,ip-172-31-14-170,linux,0,0.0551,18158.05,KEM,True,2025-11-21T22:17:01.543602,,2187
ML-KEM-768,keygen,1024,64,0.0,1,0,1,ip-172-31-14-170,linux,0,0.0538,18575.97,KEM,True,2025-11-21T22:17:01.543684,,2188
ML-KEM-768,keygen,1024,64,0.0,1,0,1,ip-172-31-14-170,linux,0,0.0642,15573.41,KEM,True,2025-11-21T22:17:01.543777,,2189
ML-KEM-768,keygen,1024,64,0.0,1,0,1,ip-172-31-14-170,linux,0,0.0569,17564.2,KEM,True,2025-11-21T22:17:01.543869,,2190
ML-KEM-768,encap,0,1,0.0,1,0,1,ip-172-31-14-170,linux,0,0.104,9612.61,KEM,True,2025-11-21T22:17:01.544010,,2191
ML-KEM-768,encap,0,1,0.0,1,0,1,ip-172-31-14-170,linux,0,0.1167,8570.3,KEM,True,2025-11-21T22:17:01.544158,,2192
ML-KEM-768,encap,0,1,0.0,1,0,1,ip-172-31-14-170,linux,0,0.0961,10408.1,KEM,True,2025-11-21T22:17:01.544289,,2193
ML-KEM-768,encap,0,1,0.0,1,0,1,ip-172-31-14-170,linux,0,0.093,10757.08,KEM,True,2025-11-21T22:17:01.544412,,2194
ML-KEM-768,encap,0,1,0.0,1,0,1,ip-172-31-14-170,linux,0,0.0959,10428.62,KEM,True,2025-11-21T22:17:01.544536,,2195
ML-KEM-768,encap,0,16,0.0,1,0,1,ip-172-31-14-170,linux,0,0.0992,10084.2,KEM,True,2025-11-21T22:17:01.544713,,2196
ML-KEM-768,encap,0,16,0.0,1,0,1,ip-172-31-14-170,linux,0,0.0932,10731.57,KEM,True,2025-11-21T22:17:01.544834,,2197
ML-KEM-768,encap,0,16,0.0,1,0,1,ip-172-31-14-170,linux,0,0.0925,10816.31,KEM,True,2025-11-21T22:17:01.544955,,2198
ML-KEM-768,encap,0,16,0.0,1,0,1,ip-172-31-14-170,linux,0,0.1147,8721.13,KEM,True,2025-11-21T22:17:01.545099,,2199
ML-KEM-768,encap,0,16,0.0,1,0,1,ip-172-31-14-170,linux,0,0.0973,10272.95,KEM,True,2025-11-21T22:17:01.545232,,2200
ML-KEM-768,encap,0,64,0.0,1,0,1,ip-172-31-14-170,linux,0,0.0947,10565.02,KEM,True,2025-11-21T22:17:01.545360,,2201
ML-KEM-768,encap,0,64,0.0,1,0,1,ip-172-31-14-170,linux,0,0.0949,10536.63,KEM,True,2025-11-21T22:17:01.545487,,2202
ML-KEM-768,encap,0,64,0.0,1,0,1,ip-172-31-14-170,linux,0,0.0944,10594.34,KEM,True,2025-11-21T22:17:01.545611,,2203
ML-KEM-768,encap,0,64,0.0,1,0,1,ip-172-31-14-170,linux,0,0.0958,10433.84,KEM,True,2025-11-21T22:17:01.545735,,2204
ML-KEM-768,encap,0,64,0.0,1,0,1,ip-172-31-14-170,linux,0,0.0942,10615.6,KEM,True,2025-11-21T22:17:01.545857,,2205
ML-KEM-768,encap,1024,1,0.0,1,0,1,ip-172-31-14-170,linux,0,0.0928,10777.95,KEM,True,2025-11-21T22:17:01.545979,,2206
ML-KEM-768,encap,1024,1,0.0,1,0,1,ip-172-31-14-170,linux,0,0.1147,8720.52,KEM,True,2025-11-21T22:17:01.546124,,2207
ML-KEM-768,encap,1024,1,0.0,1,0,1,ip-172-31-14-170,linux,0,0.1072,9326.44,KEM,True,2025-11-21T22:17:01.546271,,2208
ML-KEM-768,encap,1024,1,0.0,1,0,1,ip-172-31-14-170,linux,0,0.0975,10255.67,KEM,True,2025-11-21T22:17:01.546402,,2209
ML-KEM-768,encap,1024,1,0.0,1,0,1,ip-172-31-14-170,linux,0,0.1068,9359.44,KEM,True,2025-11-21T22:17:01.546538,,2210
ML-KEM-768,encap,1024,16,0.0,1,0,1,ip-172-31-14-170,linux,0,0.0938,10661.21,KEM,True,2025-11-21T22:17:01.546665,,2211
ML-KEM-768,encap,1024,16,0.0,1,0,1,ip-172-31-14-170,linux,0,0.0978,10220.35,KEM,True,2025-11-21T22:17:01.546794,,2212
ML-KEM-768,encap,1024,16,0.0,1,0,1,ip-172-31-14-170,linux,0,0.0938,10663.03,KEM,True,2025-11-21T22:17:01.546919,,2213
ML-KEM-768,encap,1024,16,0.0,1,0,1,ip-172-31-14-170,linux,0,0.0927,10784.69,KEM,True,2025-11-21T22:17:01.547037,,2214
ML-KEM-768,encap,1024,16,0.0,1,0,1,ip-172-31-14-170,linux,0,0.0944,10597.15,KEM,True,2025-11-21T22:17:01.547174,,2215
ML-KEM-768,encap,1024,64,0.0,1,0,1,ip-172-31-14-170,linux,0,0.0933,10719.26,KEM,True,2025-11-21T22:17:01.547299,,2216
ML-KEM-768,encap,1024,64,0.0,1,0,1,ip-172-31-14-170,linux,0,0.093,10753.27,KEM,True,2025-11-21T22:17:01.547421,,2217
ML-KEM-768,encap,1024,64,0.0,1,0,1,ip-172-31-14-170,linux,0,0.0958,10433.95,KEM,True,2025-11-21T22:17:01.547547,,2218
ML-KEM-768,encap,1024,64,0.0,1,0,1,ip-172-31-14-170,linux,0,0.0921,10854.82,KEM,True,2025-11-21T22:17:01.547667,,2219
ML-KEM-768,encap,1024,64,0.0,1,0,1,ip-172-31-14-170,linux,0,0.1116,8958.33,KEM,True,2025-11-21T22:17:01.547809,,2220
ML-KEM-768,decap,0,1,0.0,1,0,1,ip-172-31-14-170,linux,0,0.1479,6760.14,KEM,True,2025-11-21T22:17:01.548004,,2221
ML-KEM-768,decap,0,1,0.0,1,0,1,ip-172-31-14-170,linux,0,0.1555,6429.17,KEM,True,2025-11-21T22:17:01.548195,,2222
ML-KEM-768,decap,0,1,0.0,1,0,1,ip-172-31-14-170,linux,0,0.1423,7025.09,KEM,True,2025-11-21T22:17:01.548370,,2223
ML-KEM-768,decap,0,1,0.0,1,0,1,ip-172-31-14-170,linux,0,0.1347,7426.61,KEM,True,2025-11-21T22:17:01.548535,,2224
ML-KEM-768,decap,0,1,0.0,1,0,1,ip-172-31-14-170,linux,0,0.1339,7466.2,KEM,True,2025-11-21T22:17:01.548698,,2225
ML-KEM-768,decap,0,16,0.0,1,0,1,ip-172-31-14-170,linux,0,0.1449,6902.55,KEM,True,2025-11-21T22:17:01.548875,,2226
ML-KEM-768,decap,0,16,0.0,1,0,1,ip-172-31-14-170,linux,0,0.1618,6179.48,KEM,True,2025-11-21T22:17:01.549077,,2227
ML-KEM-768,decap,0,16,0.0,1,0,1,ip-172-31-14-170,linux,0,0.1395,7166.35,KEM,True,2025-11-21T22:17:01.549253,,2228
ML-KEM-768,decap,0,16,0.0,1,0,1,ip-172-31-14-170,linux,0,0.1348,7416.2,KEM,True,2025-11-21T22:17:01.549417,,2229
ML-KEM-768,decap,0,16,0.0,1,0,1,ip-172-31-14-170,linux,0,0.1341,7458.9,KEM,True,2025-11-21T22:17:01.549580,,2230
ML-KEM-768,decap,0,64,0.0,1,0,1,ip-172-31-14-170,linux,0,0.1359,7360.68,KEM,True,2025-11-21T22:17:01.549745,,2231
ML-KEM-768,decap,0,64,0.0,1,0,1,ip-172-31-14-170,linux,0,0.1379,7250.79,KEM,True,2025-11-21T22:17:01.549913,,2232
ML-KEM-768,decap,0,64,0.0,1,0,1,ip-172-31-14-170,linux,0,0.1674,5972.93,KEM,True,2025-11-21T22:17:01.550116,,2233
ML-KEM-768,decap,0,64,0.0,1,0,1,ip-172-31-14-170,linux,0,0.136,7354.94,KEM,True,2025-11-21T22:17:01.550285,,2234
ML-KEM-768,decap,0,64,0.0,1,0,1,ip-172-31-14-170,linux,0,0.1342,7453.9,KEM,True,2025-11-21T22:17:01.550447,,2235
ML-KEM-768,decap,1024,1,0.0,1,0,1,ip-172-31-14-170,linux,0,0.1359,7359.81,KEM,True,2025-11-21T22:17:01.550613,,2236
ML-KEM-768,decap,1024,1,0.0,1,0,1,ip-172-31-14-170,linux,0,0.1344,7438.37,KEM,True,2025-11-21T22:17:01.550776,,2237
ML-KEM-768,decap,1024,1,0.0,1,0,1,ip-172-31-14-170,linux,0,0.1365,7328.37,KEM,True,2025-11-21T22:17:01.550940,,2238
ML-KEM-768,decap,1024,1,0.0,1,0,1,ip-172-31-14-170,linux,0,0.1512,6615.9,KEM,True,2025-11-21T22:17:01.551122,,2239
ML-KEM-768,decap,1024,1,0.0,1,0,1,ip-172-31-14-170,linux,0,0.1388,7205.75,KEM,True,2025-11-21T22:17:01.551297,,2240
ML-KEM-768,decap,1024,16,0.0,1,0,1,ip-172-31-14-170,linux,0,0.1387,7210.01,KEM,True,2025-11-21T22:17:01.551469,,2241
ML-KEM-768,decap,1024,16,0.0,1,0,1,ip-172-31-14-170,linux,0,0.135,7405.87,KEM,True,2025-11-21T22:17:01.551635,,2242
ML-KEM-768,decap,1024,16,0.0,1,0,1,ip-172-31-14-170,linux,0,0.149,6712.45,KEM,True,2025-11-21T22:17:01.551813,,2243
ML-KEM-768,decap,1024,16,0.0,1,0,1,ip-172-31-14-170,linux,0,0.1382,7236.15,KEM,True,2025-11-21T22:17:01.551987,,2244
ML-KEM-768,decap,1024,16,0.0,1,0,1,ip-172-31-14-170,linux,0,0.1627,6144.58,KEM,True,2025-11-21T22:17:01.552182,,2245
ML-KEM-768,decap,1024,64,0.0,1,0,1,ip-172-31-14-170,linux,0,0.138,7243.86,KEM,True,2025-11-21T22:17:01.552358,,2246
ML-KEM-768,decap,1024,64,0.0,1,0,1,ip-172-31-14-170,linux,0,0.1377,7261.16,KEM,True,2025-11-21T22:17:01.552528,,2247
ML-KEM-768,decap,1024,64,0.0,1,0,1,ip-172-31-14-170,linux,0,0.1368,7309.51,KEM,True,2025-11-21T22:17:01.552695,,2248
ML-KEM-768,decap,1024,64,0.0,1,0,1,ip-172-31-14-170,linux,0,0.1364,7328.85,KEM,True,2025-11-21T22:17:01.552861,,2249
ML-KEM-768,decap,1024,64,0.0,1,0,1,ip-172-31-14-170,linux,0,0.1939,5156.02,KEM,True,2025-11-21T22:17:01.553083,,2250
sntrup761,keygen,0,1,0.0,1,0,1,ip-172-31-14-170,linux,0,6.2707,159.47,KEM,True,2025-11-21T22:17:01.559398,,2251
sntrup761,keygen,0,1,0.0,1,0,1,ip-172-31-14-170,linux,0,6.1598,162.34,KEM,True,2025-11-21T22:17:01.565623,,2252
sntrup761,keygen,0,1,0.0,1,0,1,ip-172-31-14-170,linux,0,6.3991,156.27,KEM,True,2025-11-21T22:17:01.572086,,2253
sntrup761,keygen,0,1,0.0,1,0,1,ip-172-31-14-170,linux,0,6.2758,159.34,KEM,True,2025-11-21T22:17:01.579056,,2254
sntrup761,keygen,0,1,0.0,1,0,1,ip-172-31-14-170,linux,0,6.1848,161.69,KEM,True,2025-11-21T22:17:01.585347,,2255
sntrup761,keygen,0,16,0.0,1,0,1,ip-172-31-14-170,linux,0,6.1596,162.35,KEM,True,2025-11-21T22:17:01.591572,,2256
sntrup761,keygen,0,16,0.0,1,0,1,ip-172-31-14-170,linux,0,6.151,162.58,KEM,True,2025-11-21T22:17:01.597780,,2257
sntrup761,keygen,0,16,0.0,1,0,1,ip-172-31-14-170,linux,0,6.1477,162.66,KEM,True,2025-11-21T22:17:01.603984,,2258
sntrup761,keygen,0,16,0.0,1,0,1,ip-172-31-14-170,linux,0,6.2558,159.85,KEM,True,2025-11-21T22:17:01.610300,,2259
sntrup761,keygen,0,16,0.0,1,0,1,ip-172-31-14-170,linux,0,6.1605,162.32,KEM,True,2025-11-21T22:17:01.616535,,2260
sntrup761,keygen,0,64,0.0,1,0,1,ip-172-31-14-170,linux,0,6.1728,162.0,KEM,True,2025-11-21T22:17:01.622770,,2261
sntrup761,keygen,0,64,0.0,1,0,1,ip-172-31-14-170,linux,0,6.1469,162.68,KEM,True,2025-11-21T22:17:01.628971,,2262
sntrup761,keygen,0,64,0.0,1,0,1,ip-172-31-14-170,linux,0,6.1493,162.62,KEM,True,2025-11-21T22:17:01.635171,,2263
sntrup761,keygen,0,64,0.0,1,0,1,ip-172-31-14-170,linux,0,6.1742,161.97,KEM,True,2025-11-21T22:17:01.641398,,2264
sntrup761,keygen,0,64,0.0,1,0,1,ip-172-31-14-170,linux,0,6.1445,162.75,KEM,True,2025-11-21T22:17:01.647598,,2265
sntrup761,keygen,1024,1,0.0,1,0,1,ip-172-31-14-170,linux,0,6.161,162.31,KEM,True,2025-11-21T22:17:01.653863,,2266
sntrup761,keygen,1024,1,0.0,1,0,1,ip-172-31-14-170,linux,0,6.1403,162.86,KEM,True,2025-11-21T22:17:01.660060,,2267
sntrup761,keygen,1024,1,0.0,1,0,1,ip-172-31-14-170,linux,0,6.1335,163.04,KEM,True,2025-11-21T22:17:01.666243,,2268
sntrup761,keygen,1024,1,0.0,1,0,1,ip-172-31-14-170,linux,0,6.149,162.63,KEM,True,2025-11-21T22:17:01.672443,,2269
sntrup761,keygen,1024,1,0.0,1,0,1,ip-172-31-14-170,linux,0,6.1431,162.78,KEM,True,2025-11-21T22:17:01.678637,,2270
sntrup761,keygen,1024,16,0.0,1,0,1,ip-172-31-14-170,linux,0,6.1472,162.68,KEM,True,2025-11-21T22:17:01.684836,,2271
sntrup761,keygen,1024,16,0.0,1,0,1,ip-172-31-14-170,linux,0,6.1464,162.7,KEM,True,2025-11-21T22:17:01.691035,,2272
sntrup761,keygen,1024,16,0.0,1,0,1,ip-172-31-14-170,linux,0,6.1395,162.88,KEM,True,2025-11-21T22:17:01.697239,,2273
sntrup761,keygen,1024,16,0.0,1,0,1,ip-172-31-14-170,linux,0,6.1491,162.63,KEM,True,2025-11-21T22:17:01.703440,,2274
sntrup761,keygen,1024,16,0.0,1,0,1,ip-172-31-14-170,linux,0,6.1478,162.66,KEM,True,2025-11-21T22:17:01.709639,,2275
sntrup761,keygen,1024,64,0.0,1,0,1,ip-172-31-14-170,linux,0,6.1359,162.97,KEM,True,2025-11-21T22:17:01.715831,,2276
sntrup761,keygen,1024,64,0.0,1,0,1,ip-172-31-14-170,linux,0,6.1397,162.87,KEM,True,2025-11-21T22:17:01.722021,,2277
sntrup761,keygen,1024,64,0.0,1,0,1,ip-172-31-14-170,linux,0,6.1306,163.11,KEM,True,2025-11-21T22:17:01.728210,,2278
sntrup761,keygen,1024,64,0.0,1,0,1,ip-172-31-14-170,linux,0,6.1369,162.95,KEM,True,2025-11-21T22:17:01.734396,,2279
sntrup761,keygen,1024,64,0.0,1,0,1,ip-172-31-14-170,linux,0,6.1465,162.69,KEM,True,2025-11-21T22:17:01.740586,,2280
sntrup761,encap,0,1,0.0,1,0,1,ip-172-31-14-170,linux,0,6.3821,156.69,KEM,True,2025-11-21T22:17:01.747023,,2281
sntrup761,encap,0,1,0.0,1,0,1,ip-172-31-14-170,linux,0,6.3265,158.07,KEM,True,2025-11-21T22:17:01.753429,,2282
sntrup761,encap,0,1,0.0,1,0,1,ip-172-31-14-170,linux,0,6.3337,157.89,KEM,True,2025-11-21T22:17:01.759816,,2283
sntrup761,encap,0,1,0.0,1,0,1,ip-172-31-14-170,linux,0,6.321,158.2,KEM,True,2025-11-21T22:17:01.766191,,2284
sntrup761,encap,0,1,0.0,1,0,1,ip-172-31-14-170,linux,0,6.3229,158.16,KEM,True,2025-11-21T22:17:01.772567,,2285
sntrup761,encap,0,16,0.0,1,0,1,ip-172-31-14-170,linux,0,6.5,153.85,KEM,True,2025-11-21T22:17:01.779126,,2286
sntrup761,encap,0,16,0.0,1,0,1,ip-172-31-14-170,linux,0,6.3457,157.59,KEM,True,2025-11-21T22:17:01.785543,,2287
sntrup761,encap,0,16,0.0,1,0,1,ip-172-31-14-170,linux,0,6.3358,157.83,KEM,True,2025-11-21T22:17:01.791942,,2288
sntrup761,encap,0,16,0.0,1,0,1,ip-172-31-14-170,linux,0,6.4093,156.02,KEM,True,2025-11-21T22:17:01.798410,,2289
sntrup761,encap,0,16,0.0,1,0,1,ip-172-31-14-170,linux,0,6.3434,157.64,KEM,True,2025-11-21T22:17:01.804823,,2290
sntrup761,encap,0,64,0.0,1,0,1,ip-172-31-14-170,linux,0,6.3215,158.19,KEM,True,2025-11-21T22:17:01.811204,,2291
sntrup761,encap,0,64,0.0,1,0,1,ip-172-31-14-170,linux,0,6.317,158.3,KEM,True,2025-11-21T22:17:01.817572,,2292
sntrup761,encap,0,64,0.0,1,0,1,ip-172-31-14-170,linux,0,6.3114,158.44,KEM,True,2025-11-21T22:17:01.823933,,2293
sntrup761,encap,0,64,0.0,1,0,1,ip-172-31-14-170,linux,0,6.3099,158.48,KEM,True,2025-11-21T22:17:01.830292,,2294
sntrup761,encap,0,64,0.0,1,0,1,ip-172-31-14-170,linux,0,6.3272,158.05,KEM,True,2025-11-21T22:17:01.836673,,2295
sntrup761,encap,1024,1,0.0,1,0,1,ip-172-31-14-170,linux,0,6.308,158.53,KEM,True,2025-11-21T22:17:01.843033,,2296
sntrup761,encap,1024,1,0.0,1,0,1,ip-172-31-14-170,linux,0,6.3417,157.69,KEM,True,2025-11-21T22:17:01.849524,,2297
sntrup761,encap,1024,1,0.0,1,0,1,ip-172-31-14-170,linux,0,6.3265,158.07,KEM,True,2025-11-21T22:17:01.855909,,2298
sntrup761,encap,1024,1,0.0,1,0,1,ip-172-31-14-170,linux,0,6.3215,158.19,KEM,True,2025-11-21T22:17:01.862285,,2299
sntrup761,encap,1024,1,0.0,1,0,1,ip-172-31-14-170,linux,0,6.3219,158.18,KEM,True,2025-11-21T22:17:01.868665,,2300
sntrup761,encap,1024,16,0.0,1,0,1,ip-172-31-14-170,linux,0,6.3051,158.6,KEM,True,2025-11-21T22:17:01.875021,,2301
sntrup761,encap,1024,16,0.0,1,0,1,ip-172-31-14-170,linux,0,6.3039,158.63,KEM,True,2025-11-21T22:17:01.881384,,2302
sntrup761,encap,1024,16,0.0,1,0,1,ip-172-31-14-170,linux,0,6.3227,158.16,KEM,True,2025-11-21T22:17:01.887754,,2303
sntrup761,encap,1024,16,0.0,1,0,1,ip-172-31-14-170,linux,0,6.3118,158.43,KEM,True,2025-11-21T22:17:01.894117,,2304
sntrup761,encap,1024,16,0.0,1,0,1,ip-172-31-14-170,linux,0,6.3189,158.25,KEM,True,2025-11-21T22:17:01.900485,,2305
sntrup761,encap,1024,64,0.0,1,0,1,ip-172-31-14-170,linux,0,6.3127,158.41,KEM,True,2025-11-21T22:17:01.906863,,2306
sntrup761,encap,1024,64,0.0,1,0,1,ip-172-31-14-170,linux,0,6.3531,157.4,KEM,True,2025-11-21T22:17:01.913271,,2307
sntrup761,encap,1024,64,0.0,1,0,1,ip-172-31-14-170,linux,0,6.2959,158.83,KEM,True,2025-11-21T22:17:01.919622,,2308
sntrup761,encap,1024,64,0.0,1,0,1,ip-172-31-14-170,linux,0,6.311,158.45,KEM,True,2025-11-21T22:17:01.925985,,2309
sntrup761,encap,1024,64,0.0,1,0,1,ip-172-31-14-170,linux,0,6.339,157.75,KEM,True,2025-11-21T22:17:01.932374,,2310
sntrup761,decap,0,1,0.0,1,0,1,ip-172-31-14-170,linux,0,6.6284,150.87,KEM,True,2025-11-21T22:17:01.939069,,2311
sntrup761,decap,0,1,0.0,1,0,1,ip-172-31-14-170,linux,0,6.6255,150.93,KEM,True,2025-11-21T22:17:01.945749,,2312
sntrup761,decap,0,1,0.0,1,0,1,ip-172-31-14-170,linux,0,6.6569,150.22,KEM,True,2025-11-21T22:17:01.952460,,2313
sntrup761,decap,0,1,0.0,1,0,1,ip-172-31-14-170,linux,0,6.656,150.24,KEM,True,2025-11-21T22:17:01.959180,,2314
sntrup761,decap,0,1,0.0,1,0,1,ip-172-31-14-170,linux,0,6.6266,150.91,KEM,True,2025-11-21T22:17:01.965868,,2315
sntrup761,decap,0,16,0.0,1,0,1,ip-172-31-14-170,linux,0,6.6655,150.03,KEM,True,2025-11-21T22:17:01.972589,,2316
sntrup761,decap,0,16,0.0,1,0,1,ip-172-31-14-170,linux,0,6.6635,150.07,KEM,True,2025-11-21T22:17:01.979309,,2317
sntrup761,decap,0,16,0.0,1,0,1,ip-172-31-14-170,linux,0,6.6255,150.93,KEM,True,2025-11-21T22:17:01.985994,,2318
sntrup761,decap,0,16,0.0,1,0,1,ip-172-31-14-170,linux,0,6.6236,150.97,KEM,True,2025-11-21T22:17:01.992673,,2319
sntrup761,decap,0,16,0.0,1,0,1,ip-172-31-14-170,linux,0,6.6376,150.66,KEM,True,2025-11-21T22:17:01.999364,,2320
sntrup761,decap,0,64,0.0,1,0,1,ip-172-31-14-170,linux,0,6.6189,151.08,KEM,True,2025-11-21T22:17:02.006039,,2321
sntrup761,decap,0,64,0.0,1,0,1,ip-172-31-14-170,linux,0,6.7256,148.69,KEM,True,2025-11-21T22:17:02.012833,,2322
sntrup761,decap,0,64,0.0,1,0,1,ip-172-31-14-170,linux,0,6.6455,150.48,KEM,True,2025-11-21T22:17:02.019911,,2323
sntrup761,decap,0,64,0.0,1,0,1,ip-172-31-14-170,linux,0,6.625,150.94,KEM,True,2025-11-21T22:17:02.026584,,2324
sntrup761,decap,0,64,0.0,1,0,1,ip-172-31-14-170,linux,0,6.9681,143.51,KEM,True,2025-11-21T22:17:02.033602,,2325
sntrup761,decap,1024,1,0.0,1,0,1,ip-172-31-14-170,linux,0,6.6733,149.85,KEM,True,2025-11-21T22:17:02.040362,,2326
sntrup761,decap,1024,1,0.0,1,0,1,ip-172-31-14-170,linux,0,6.7192,148.83,KEM,True,2025-11-21T22:17:02.047164,,2327
sntrup761,decap,1024,1,0.0,1,0,1,ip-172-31-14-170,linux,0,6.6355,150.7,KEM,True,2025-11-21T22:17:02.053869,,2328
sntrup761,decap,1024,1,0.0,1,0,1,ip-172-31-14-170,linux,0,6.6849,149.59,KEM,True,2025-11-21T22:17:02.061513,,2329
sntrup761,decap,1024,1,0.0,1,0,1,ip-172-31-14-170,linux,0,6.6372,150.67,KEM,True,2025-11-21T22:17:02.068218,,2330
sntrup761,decap,1024,16,0.0,1,0,1,ip-172-31-14-170,linux,0,6.6151,151.17,KEM,True,2025-11-21T22:17:02.074888,,2331
sntrup761,decap,1024,16,0.0,1,0,1,ip-172-31-14-170,linux,0,6.635,150.72,KEM,True,2025-11-21T22:17:02.081579,,2332
sntrup761,decap,1024,16,0.0,1,0,1,ip-172-31-14-170,linux,0,6.6465,150.46,KEM,True,2025-11-21T22:17:02.088282,,2333
sntrup761,decap,1024,16,0.0,1,0,1,ip-172-31-14-170,linux,0,6.9127,144.66,KEM,True,2025-11-21T22:17:02.095260,,2334
sntrup761,decap,1024,16,0.0,1,0,1,ip-172-31-14-170,linux,0,6.6566,150.23,KEM,True,2025-11-21T22:17:02.102001,,2335
sntrup761,decap,1024,64,0.0,1,0,1,ip-172-31-14-170,linux,0,6.6667,150.0,KEM,True,2025-11-21T22:17:02.108739,,2336
sntrup761,decap,1024,64,0.0,1,0,1,ip-172-31-14-170,linux,0,6.6639,150.06,KEM,True,2025-11-21T22:17:02.115520,,2337
sntrup761,decap,1024,64,0.0,1,0,1,ip-172-31-14-170,linux,0,6.6667,150.0,KEM,True,2025-11-21T22:17:02.122267,,2338
sntrup761,decap,1024,64,0.0,1,0,1,ip-172-31-14-170,linux,0,6.6263,150.91,KEM,True,2025-11-21T22:17:02.128953,,2339
sntrup761,decap,1024,64,0.0,1,0,1,ip-172-31-14-170,linux,0,6.6245,150.96,KEM,True,2025-11-21T22:17:02.135637,,2340
