algorithm,operation,message_bytes,concurrency,cpu_ghz,aesni,avx2,neon,machine_id,os_name,containerized,latency_ms,throughput_ops,crypto_type,correctness,timestamp,notes,trial_id
Dilithium2,sign,0,1,0.0,1,0,1,ip-172-31-43-26,linux,0,2.1851,457.65,Signature,True,2025-11-21T22:16:52.590065,,1
Dilithium2,sign,0,1,0.0,1,0,1,ip-172-31-43-26,linux,0,0.3647,2742.21,Signature,True,2025-11-21T22:16:52.590554,,2
Dilithium2,sign,0,1,0.0,1,0,1,ip-172-31-43-26,linux,0,0.4937,2025.48,Signature,True,2025-11-21T22:16:52.591116,,3
Dilithium2,sign,0,1,0.0,1,0,1,ip-172-31-43-26,linux,0,0.5296,1888.23,Signature,True,2025-11-21T22:16:52.591709,,4
Dilithium2,sign,0,1,0.0,1,0,1,ip-172-31-43-26,linux,0,0.6599,1515.28,Signature,True,2025-11-21T22:16:52.592427,,5
Dilithium2,sign,0,16,0.0,1,0,1,ip-172-31-43-26,linux,0,0.3218,3107.12,Signature,True,2025-11-21T22:16:52.592812,,6
Dilithium2,sign,0,16,0.0,1,0,1,ip-172-31-43-26,linux,0,0.569,1757.53,Signature,True,2025-11-21T22:16:52.593437,,7
Dilithium2,sign,0,16,0.0,1,0,1,ip-172-31-43-26,linux,0,0.3201,3123.87,Signature,True,2025-11-21T22:16:52.593819,,8
Dilithium2,sign,0,16,0.0,1,0,1,ip-172-31-43-26,linux,0,0.449,2227.22,Signature,True,2025-11-21T22:16:52.594321,,9
Dilithium2,sign,0,16,0.0,1,0,1,ip-172-31-43-26,linux,0,0.5565,1796.95,Signature,True,2025-11-21T22:16:52.594935,,10
Dilithium2,sign,0,64,0.0,1,0,1,ip-172-31-43-26,linux,0,0.384,2604.0,Signature,True,2025-11-21T22:16:52.595373,,11
Dilithium2,sign,0,64,0.0,1,0,1,ip-172-31-43-26,linux,0,0.4789,2088.34,Signature,True,2025-11-21T22:16:52.595909,,12
Dilithium2,sign,0,64,0.0,1,0,1,ip-172-31-43-26,linux,0,0.5097,1961.81,Signature,True,2025-11-21T22:16:52.596472,,13
Dilithium2,sign,0,64,0.0,1,0,1,ip-172-31-43-26,linux,0,0.4641,2154.88,Signature,True,2025-11-21T22:16:52.597001,,14
Dilithium2,sign,0,64,0.0,1,0,1,ip-172-31-43-26,linux,0,0.3354,2981.57,Signature,True,2025-11-21T22:16:52.597387,,15
Dilithium2,sign,1024,1,0.0,1,0,1,ip-172-31-43-26,linux,0,0.4478,2233.15,Signature,True,2025-11-21T22:16:52.597893,,16
Dilithium2,sign,1024,1,0.0,1,0,1,ip-172-31-43-26,linux,0,0.347,2881.45,Signature,True,2025-11-21T22:16:52.598297,,17
Dilithium2,sign,1024,1,0.0,1,0,1,ip-172-31-43-26,linux,0,0.6012,1663.28,Signature,True,2025-11-21T22:16:52.598958,,18
Dilithium2,sign,1024,1,0.0,1,0,1,ip-172-31-43-26,linux,0,0.441,2267.83,Signature,True,2025-11-21T22:16:52.599453,,19
Dilithium2,sign,1024,1,0.0,1,0,1,ip-172-31-43-26,linux,0,0.6584,1518.81,Signature,True,2025-11-21T22:16:52.600166,,20
Dilithium2,sign,1024,16,0.0,1,0,1,ip-172-31-43-26,linux,0,0.5983,1671.46,Signature,True,2025-11-21T22:16:52.600819,,21
Dilithium2,sign,1024,16,0.0,1,0,1,ip-172-31-43-26,linux,0,0.3411,2931.55,Signature,True,2025-11-21T22:16:52.601214,,22
Dilithium2,sign,1024,16,0.0,1,0,1,ip-172-31-43-26,linux,0,0.3827,2612.73,Signature,True,2025-11-21T22:16:52.601656,,23
Dilithium2,sign,1024,16,0.0,1,0,1,ip-172-31-43-26,linux,0,0.3814,2621.66,Signature,True,2025-11-21T22:16:52.602089,,24
Dilithium2,sign,1024,16,0.0,1,0,1,ip-172-31-43-26,linux,0,0.752,1329.83,Signature,True,2025-11-21T22:16:52.602902,,25
Dilithium2,sign,1024,64,0.0,1,0,1,ip-172-31-43-26,linux,0,0.339,2949.9,Signature,True,2025-11-21T22:16:52.603296,,26
Dilithium2,sign,1024,64,0.0,1,0,1,ip-172-31-43-26,linux,0,0.3303,3027.18,Signature,True,2025-11-21T22:16:52.603687,,27
Dilithium2,sign,1024,64,0.0,1,0,1,ip-172-31-43-26,linux,0,0.4493,2225.5,Signature,True,2025-11-21T22:16:52.604189,,28
Dilithium2,sign,1024,64,0.0,1,0,1,ip-172-31-43-26,linux,0,0.3212,3113.8,Signature,True,2025-11-21T22:16:52.604564,,29
Dilithium2,sign,1024,64,0.0,1,0,1,ip-172-31-43-26,linux,0,0.3236,3090.36,Signature,True,2025-11-21T22:16:52.604940,,30
Dilithium2,verify,0,1,0.0,1,0,1,ip-172-31-43-26,linux,0,0.6915,1446.22,Signature,True,2025-11-21T22:16:52.605694,,31
Dilithium2,verify,0,1,0.0,1,0,1,ip-172-31-43-26,linux,0,0.3168,3156.22,Signature,True,2025-11-21T22:16:52.606063,,32
Dilithium2,verify,0,1,0.0,1,0,1,ip-172-31-43-26,linux,0,0.6794,1471.94,Signature,True,2025-11-21T22:16:52.606804,,33
Dilithium2,verify,0,1,0.0,1,0,1,ip-172-31-43-26,linux,0,0.5252,1904.09,Signature,True,2025-11-21T22:16:52.607393,,34
Dilithium2,verify,0,1,0.0,1,0,1,ip-172-31-43-26,linux,0,0.4135,2418.27,Signature,True,2025-11-21T22:16:52.607860,,35
Dilithium2,verify,0,16,0.0,1,0,1,ip-172-31-43-26,linux,0,0.4528,2208.5,Signature,True,2025-11-21T22:16:52.608365,,36
Dilithium2,verify,0,16,0.0,1,0,1,ip-172-31-43-26,linux,0,0.77,1298.66,Signature,True,2025-11-21T22:16:52.609190,,37
Dilithium2,verify,0,16,0.0,1,0,1,ip-172-31-43-26,linux,0,0.7477,1337.44,Signature,True,2025-11-21T22:16:52.609990,,38
Dilithium2,verify,0,16,0.0,1,0,1,ip-172-31-43-26,linux,0,0.3393,2947.54,Signature,True,2025-11-21T22:16:52.610382,,39
Dilithium2,verify,0,16,0.0,1,0,1,ip-172-31-43-26,linux,0,0.5863,1705.66,Signature,True,2025-11-21T22:16:52.611029,,40
Dilithium2,verify,0,64,0.0,1,0,1,ip-172-31-43-26,linux,0,0.3339,2994.85,Signature,True,2025-11-21T22:16:52.611417,,41
Dilithium2,verify,0,64,0.0,1,0,1,ip-172-31-43-26,linux,0,0.5716,1749.45,Signature,True,2025-11-21T22:16:52.612047,,42
Dilithium2,verify,0,64,0.0,1,0,1,ip-172-31-43-26,linux,0,0.4264,2345.07,Signature,True,2025-11-21T22:16:52.612536,,43
Dilithium2,verify,0,64,0.0,1,0,1,ip-172-31-43-26,linux,0,0.4239,2359.0,Signature,True,2025-11-21T22:16:52.613014,,44
Dilithium2,verify,0,64,0.0,1,0,1,ip-172-31-43-26,linux,0,0.4134,2419.08,Signature,True,2025-11-21T22:16:52.613481,,45
Dilithium2,verify,1024,1,0.0,1,0,1,ip-172-31-43-26,linux,0,0.508,1968.41,Signature,True,2025-11-21T22:16:52.614064,,46
Dilithium2,verify,1024,1,0.0,1,0,1,ip-172-31-43-26,linux,0,0.515,1941.63,Signature,True,2025-11-21T22:16:52.614651,,47
Dilithium2,verify,1024,1,0.0,1,0,1,ip-172-31-43-26,linux,0,0.3834,2608.53,Signature,True,2025-11-21T22:16:52.615105,,48
Dilithium2,verify,1024,1,0.0,1,0,1,ip-172-31-43-26,linux,0,0.4228,2365.06,Signature,True,2025-11-21T22:16:52.615582,,49
Dilithium2,verify,1024,1,0.0,1,0,1,ip-172-31-43-26,linux,0,0.5456,1832.92,Signature,True,2025-11-21T22:16:52.616180,,50
Dilithium2,verify,1024,16,0.0,1,0,1,ip-172-31-43-26,linux,0,0.3224,3101.53,Signature,True,2025-11-21T22:16:52.616555,,51
Dilithium2,verify,1024,16,0.0,1,0,1,ip-172-31-43-26,linux,0,0.7596,1316.41,Signature,True,2025-11-21T22:16:52.617365,,52
Dilithium2,verify,1024,16,0.0,1,0,1,ip-172-31-43-26,linux,0,0.4993,2002.86,Signature,True,2025-11-21T22:16:52.617918,,53
Dilithium2,verify,1024,16,0.0,1,0,1,ip-172-31-43-26,linux,0,0.4861,2057.27,Signature,True,2025-11-21T22:16:52.618456,,54
Dilithium2,verify,1024,16,0.0,1,0,1,ip-172-31-43-26,linux,0,0.7058,1416.81,Signature,True,2025-11-21T22:16:52.619217,,55
Dilithium2,verify,1024,64,0.0,1,0,1,ip-172-31-43-26,linux,0,0.3717,2689.99,Signature,True,2025-11-21T22:16:52.619649,,56
Dilithium2,verify,1024,64,0.0,1,0,1,ip-172-31-43-26,linux,0,0.3209,3116.26,Signature,True,2025-11-21T22:16:52.620021,,57
Dilithium2,verify,1024,64,0.0,1,0,1,ip-172-31-43-26,linux,0,0.4359,2293.98,Signature,True,2025-11-21T22:16:52.620508,,58
Dilithium2,verify,1024,64,0.0,1,0,1,ip-172-31-43-26,linux,0,0.4223,2368.14,Signature,True,2025-11-21T22:16:52.620986,,59
Dilithium2,verify,1024,64,0.0,1,0,1,ip-172-31-43-26,linux,0,0.4026,2483.95,Signature,True,2025-11-21T22:16:52.621441,,60
Dilithium3,sign,0,1,0.0,1,0,1,ip-172-31-43-26,linux,0,1.6236,615.91,Signature,True,2025-11-21T22:16:52.623134,,61
Dilithium3,sign,0,1,0.0,1,0,1,ip-172-31-43-26,linux,0,0.5028,1988.9,Signature,True,2025-11-21T22:16:52.623705,,62
Dilithium3,sign,0,1,0.0,1,0,1,ip-172-31-43-26,linux,0,0.511,1956.92,Signature,True,2025-11-21T22:16:52.624272,,63
Dilithium3,sign,0,1,0.0,1,0,1,ip-172-31-43-26,linux,0,1.1725,852.89,Signature,True,2025-11-21T22:16:52.625501,,64
Dilithium3,sign,0,1,0.0,1,0,1,ip-172-31-43-26,linux,0,0.7248,1379.78,Signature,True,2025-11-21T22:16:52.626282,,65
Dilithium3,sign,0,16,0.0,1,0,1,ip-172-31-43-26,linux,0,0.9455,1057.69,Signature,True,2025-11-21T22:16:52.627286,,66
Dilithium3,sign,0,16,0.0,1,0,1,ip-172-31-43-26,linux,0,0.4971,2011.79,Signature,True,2025-11-21T22:16:52.627842,,67
Dilithium3,sign,0,16,0.0,1,0,1,ip-172-31-43-26,linux,0,0.7359,1358.95,Signature,True,2025-11-21T22:16:52.628632,,68
Dilithium3,sign,0,16,0.0,1,0,1,ip-172-31-43-26,linux,0,1.0091,991.0,Signature,True,2025-11-21T22:16:52.629701,,69
Dilithium3,sign,0,16,0.0,1,0,1,ip-172-31-43-26,linux,0,0.9481,1054.79,Signature,True,2025-11-21T22:16:52.630705,,70
Dilithium3,sign,0,64,0.0,1,0,1,ip-172-31-43-26,linux,0,0.7634,1309.91,Signature,True,2025-11-21T22:16:52.631575,,71
Dilithium3,sign,0,64,0.0,1,0,1,ip-172-31-43-26,linux,0,1.2064,828.89,Signature,True,2025-11-21T22:16:52.632844,,72
Dilithium3,sign,0,64,0.0,1,0,1,ip-172-31-43-26,linux,0,0.6388,1565.39,Signature,True,2025-11-21T22:16:52.633539,,73
Dilithium3,sign,0,64,0.0,1,0,1,ip-172-31-43-26,linux,0,0.9238,1082.46,Signature,True,2025-11-21T22:16:52.634522,,74
Dilithium3,sign,0,64,0.0,1,0,1,ip-172-31-43-26,linux,0,0.628,1592.24,Signature,True,2025-11-21T22:16:52.635211,,75
Dilithium3,sign,1024,1,0.0,1,0,1,ip-172-31-43-26,linux,0,0.5303,1885.63,Signature,True,2025-11-21T22:16:52.635807,,76
Dilithium3,sign,1024,1,0.0,1,0,1,ip-172-31-43-26,linux,0,1.5418,648.59,Signature,True,2025-11-21T22:16:52.637408,,77
Dilithium3,sign,1024,1,0.0,1,0,1,ip-172-31-43-26,linux,0,0.6615,1511.8,Signature,True,2025-11-21T22:16:52.638124,,78
Dilithium3,sign,1024,1,0.0,1,0,1,ip-172-31-43-26,linux,0,1.751,571.09,Signature,True,2025-11-21T22:16:52.639932,,79
Dilithium3,sign,1024,1,0.0,1,0,1,ip-172-31-43-26,linux,0,0.6672,1498.86,Signature,True,2025-11-21T22:16:52.640659,,80
Dilithium3,sign,1024,16,0.0,1,0,1,ip-172-31-43-26,linux,0,0.8551,1169.52,Signature,True,2025-11-21T22:16:52.641573,,81
Dilithium3,sign,1024,16,0.0,1,0,1,ip-172-31-43-26,linux,0,0.6786,1473.52,Signature,True,2025-11-21T22:16:52.642311,,82
Dilithium3,sign,1024,16,0.0,1,0,1,ip-172-31-43-26,linux,0,1.0185,981.79,Signature,True,2025-11-21T22:16:52.643386,,83
Dilithium3,sign,1024,16,0.0,1,0,1,ip-172-31-43-26,linux,0,0.584,1712.31,Signature,True,2025-11-21T22:16:52.644030,,84
Dilithium3,sign,1024,16,0.0,1,0,1,ip-172-31-43-26,linux,0,0.5957,1678.66,Signature,True,2025-11-21T22:16:52.644679,,85
Dilithium3,sign,1024,64,0.0,1,0,1,ip-172-31-43-26,linux,0,0.5815,1719.71,Signature,True,2025-11-21T22:16:52.645318,,86
Dilithium3,sign,1024,64,0.0,1,0,1,ip-172-31-43-26,linux,0,0.6492,1540.38,Signature,True,2025-11-21T22:16:52.646024,,87
Dilithium3,sign,1024,64,0.0,1,0,1,ip-172-31-43-26,linux,0,0.5586,1790.18,Signature,True,2025-11-21T22:16:52.646636,,88
Dilithium3,sign,1024,64,0.0,1,0,1,ip-172-31-43-26,linux,0,0.6078,1645.21,Signature,True,2025-11-21T22:16:52.647309,,89
Dilithium3,sign,1024,64,0.0,1,0,1,ip-172-31-43-26,linux,0,1.0556,947.3,Signature,True,2025-11-21T22:16:52.648432,,90
Dilithium3,verify,0,1,0.0,1,0,1,ip-172-31-43-26,linux,0,0.8803,1136.0,Signature,True,2025-11-21T22:16:52.649396,,91
Dilithium3,verify,0,1,0.0,1,0,1,ip-172-31-43-26,linux,0,1.0011,998.95,Signature,True,2025-11-21T22:16:52.650462,,92
Dilithium3,verify,0,1,0.0,1,0,1,ip-172-31-43-26,linux,0,0.7336,1363.12,Signature,True,2025-11-21T22:16:52.651261,,93
Dilithium3,verify,0,1,0.0,1,0,1,ip-172-31-43-26,linux,0,1.4403,694.29,Signature,True,2025-11-21T22:16:52.652764,,94
Dilithium3,verify,0,1,0.0,1,0,1,ip-172-31-43-26,linux,0,0.7255,1378.43,Signature,True,2025-11-21T22:16:52.653551,,95
Dilithium3,verify,0,16,0.0,1,0,1,ip-172-31-43-26,linux,0,0.7289,1371.98,Signature,True,2025-11-21T22:16:52.654340,,96
Dilithium3,verify,0,16,0.0,1,0,1,ip-172-31-43-26,linux,0,0.496,2016.21,Signature,True,2025-11-21T22:16:52.654896,,97
Dilithium3,verify,0,16,0.0,1,0,1,ip-172-31-43-26,linux,0,0.5158,1938.81,Signature,True,2025-11-21T22:16:52.655464,,98
Dilithium3,verify,0,16,0.0,1,0,1,ip-172-31-43-26,linux,0,0.6504,1537.57,Signature,True,2025-11-21T22:16:52.656172,,99
Dilithium3,verify,0,16,0.0,1,0,1,ip-172-31-43-26,linux,0,0.6549,1526.98,Signature,True,2025-11-21T22:16:52.656881,,100
Dilithium3,verify,0,64,0.0,1,0,1,ip-172-31-43-26,linux,0,1.0074,992.66,Signature,True,2025-11-21T22:16:52.657940,,101
Dilithium3,verify,0,64,0.0,1,0,1,ip-172-31-43-26,linux,0,1.1538,866.68,Signature,True,2025-11-21T22:16:52.659153,,102
Dilithium3,verify,0,64,0.0,1,0,1,ip-172-31-43-26,linux,0,0.4974,2010.58,Signature,True,2025-11-21T22:16:52.659709,,103
Dilithium3,verify,0,64,0.0,1,0,1,ip-172-31-43-26,linux,0,0.5128,1950.14,Signature,True,2025-11-21T22:16:52.660276,,104
Dilithium3,verify,0,64,0.0,1,0,1,ip-172-31-43-26,linux,0,1.0117,988.45,Signature,True,2025-11-21T22:16:52.661348,,105
Dilithium3,verify,1024,1,0.0,1,0,1,ip-172-31-43-26,linux,0,0.7435,1345.04,Signature,True,2025-11-21T22:16:52.662153,,106
Dilithium3,verify,1024,1,0.0,1,0,1,ip-172-31-43-26,linux,0,0.6723,1487.44,Signature,True,2025-11-21T22:16:52.662885,,107
Dilithium3,verify,1024,1,0.0,1,0,1,ip-172-31-43-26,linux,0,0.7899,1266.02,Signature,True,2025-11-21T22:16:52.663730,,108
Dilithium3,verify,1024,1,0.0,1,0,1,ip-172-31-43-26,linux,0,0.7333,1363.75,Signature,True,2025-11-21T22:16:52.664524,,109
Dilithium3,verify,1024,1,0.0,1,0,1,ip-172-31-43-26,linux,0,0.7581,1319.1,Signature,True,2025-11-21T22:16:52.665341,,110
Dilithium3,verify,1024,16,0.0,1,0,1,ip-172-31-43-26,linux,0,0.6463,1547.25,Signature,True,2025-11-21T22:16:52.666047,,111
Dilithium3,verify,1024,16,0.0,1,0,1,ip-172-31-43-26,linux,0,0.5277,1895.0,Signature,True,2025-11-21T22:16:52.666640,,112
Dilithium3,verify,1024,16,0.0,1,0,1,ip-172-31-43-26,linux,0,0.5129,1949.57,Signature,True,2025-11-21T22:16:52.667211,,113
Dilithium3,verify,1024,16,0.0,1,0,1,ip-172-31-43-26,linux,0,0.7444,1343.36,Signature,True,2025-11-21T22:16:52.668016,,114
Dilithium3,verify,1024,16,0.0,1,0,1,ip-172-31-43-26,linux,0,1.1308,884.34,Signature,True,2025-11-21T22:16:52.669202,,115
Dilithium3,verify,1024,64,0.0,1,0,1,ip-172-31-43-26,linux,0,1.4062,711.14,Signature,True,2025-11-21T22:16:52.670666,,116
Dilithium3,verify,1024,64,0.0,1,0,1,ip-172-31-43-26,linux,0,0.6843,1461.32,Signature,True,2025-11-21T22:16:52.671417,,117
Dilithium3,verify,1024,64,0.0,1,0,1,ip-172-31-43-26,linux,0,0.6489,1541.18,Signature,True,2025-11-21T22:16:52.672126,,118
Dilithium3,verify,1024,64,0.0,1,0,1,ip-172-31-43-26,linux,0,1.0972,911.42,Signature,True,2025-11-21T22:16:52.673284,,119
Dilithium3,verify,1024,64,0.0,1,0,1,ip-172-31-43-26,linux,0,0.9088,1100.32,Signature,True,2025-11-21T22:16:52.674255,,120
Dilithium5,sign,0,1,0.0,1,0,1,ip-172-31-43-26,linux,0,0.9848,1015.48,Signature,True,2025-11-21T22:16:52.675330,,121
Dilithium5,sign,0,1,0.0,1,0,1,ip-172-31-43-26,linux,0,0.7671,1303.53,Signature,True,2025-11-21T22:16:52.676163,,122
Dilithium5,sign,0,1,0.0,1,0,1,ip-172-31-43-26,linux,0,1.6298,613.58,Signature,True,2025-11-21T22:16:52.677850,,123
Dilithium5,sign,0,1,0.0,1,0,1,ip-172-31-43-26,linux,0,0.8706,1148.61,Signature,True,2025-11-21T22:16:52.678782,,124
Dilithium5,sign,0,1,0.0,1,0,1,ip-172-31-43-26,linux,0,0.9915,1008.57,Signature,True,2025-11-21T22:16:52.679835,,125
Dilithium5,sign,0,16,0.0,1,0,1,ip-172-31-43-26,linux,0,1.2654,790.27,Signature,True,2025-11-21T22:16:52.681164,,126
Dilithium5,sign,0,16,0.0,1,0,1,ip-172-31-43-26,linux,0,0.7552,1324.24,Signature,True,2025-11-21T22:16:52.681981,,127
Dilithium5,sign,0,16,0.0,1,0,1,ip-172-31-43-26,linux,0,1.1736,852.08,Signature,True,2025-11-21T22:16:52.683211,,128
Dilithium5,sign,0,16,0.0,1,0,1,ip-172-31-43-26,linux,0,0.7535,1327.17,Signature,True,2025-11-21T22:16:52.684026,,129
Dilithium5,sign,0,16,0.0,1,0,1,ip-172-31-43-26,linux,0,0.7664,1304.78,Signature,True,2025-11-21T22:16:52.684847,,130
Dilithium5,sign,0,64,0.0,1,0,1,ip-172-31-43-26,linux,0,0.9835,1016.79,Signature,True,2025-11-21T22:16:52.685890,,131
Dilithium5,sign,0,64,0.0,1,0,1,ip-172-31-43-26,linux,0,0.8896,1124.15,Signature,True,2025-11-21T22:16:52.686834,,132
Dilithium5,sign,0,64,0.0,1,0,1,ip-172-31-43-26,linux,0,1.2148,823.15,Signature,True,2025-11-21T22:16:52.688109,,133
Dilithium5,sign,0,64,0.0,1,0,1,ip-172-31-43-26,linux,0,1.1494,870.04,Signature,True,2025-11-21T22:16:52.689320,,134
Dilithium5,sign,0,64,0.0,1,0,1,ip-172-31-43-26,linux,0,1.0033,996.76,Signature,True,2025-11-21T22:16:52.690385,,135
Dilithium5,sign,1024,1,0.0,1,0,1,ip-172-31-43-26,linux,0,0.9921,1007.99,Signature,True,2025-11-21T22:16:52.691439,,136
Dilithium5,sign,1024,1,0.0,1,0,1,ip-172-31-43-26,linux,0,1.0968,911.75,Signature,True,2025-11-21T22:16:52.692599,,137
Dilithium5,sign,1024,1,0.0,1,0,1,ip-172-31-43-26,linux,0,1.3032,767.37,Signature,True,2025-11-21T22:16:52.693965,,138
Dilithium5,sign,1024,1,0.0,1,0,1,ip-172-31-43-26,linux,0,1.6818,594.6,Signature,True,2025-11-21T22:16:52.695753,,139
Dilithium5,sign,1024,1,0.0,1,0,1,ip-172-31-43-26,linux,0,1.0092,990.9,Signature,True,2025-11-21T22:16:52.696827,,140
Dilithium5,sign,1024,16,0.0,1,0,1,ip-172-31-43-26,linux,0,0.9188,1088.42,Signature,True,2025-11-21T22:16:52.697812,,141
Dilithium5,sign,1024,16,0.0,1,0,1,ip-172-31-43-26,linux,0,0.9692,1031.78,Signature,True,2025-11-21T22:16:52.698848,,142
Dilithium5,sign,1024,16,0.0,1,0,1,ip-172-31-43-26,linux,0,0.7811,1280.2,Signature,True,2025-11-21T22:16:52.699689,,143
Dilithium5,sign,1024,16,0.0,1,0,1,ip-172-31-43-26,linux,0,0.7734,1292.98,Signature,True,2025-11-21T22:16:52.700523,,144
Dilithium5,sign,1024,16,0.0,1,0,1,ip-172-31-43-26,linux,0,0.9785,1021.94,Signature,True,2025-11-21T22:16:52.701561,,145
Dilithium5,sign,1024,64,0.0,1,0,1,ip-172-31-43-26,linux,0,1.4338,697.44,Signature,True,2025-11-21T22:16:52.703054,,146
Dilithium5,sign,1024,64,0.0,1,0,1,ip-172-31-43-26,linux,0,0.8757,1141.93,Signature,True,2025-11-21T22:16:52.703997,,147
Dilithium5,sign,1024,64,0.0,1,0,1,ip-172-31-43-26,linux,0,0.8655,1155.34,Signature,True,2025-11-21T22:16:52.704918,,148
Dilithium5,sign,1024,64,0.0,1,0,1,ip-172-31-43-26,linux,0,0.8629,1158.89,Signature,True,2025-11-21T22:16:52.705842,,149
Dilithium5,sign,1024,64,0.0,1,0,1,ip-172-31-43-26,linux,0,1.2257,815.84,Signature,True,2025-11-21T22:16:52.707124,,150
Dilithium5,verify,0,1,0.0,1,0,1,ip-172-31-43-26,linux,0,0.9966,1003.46,Signature,True,2025-11-21T22:16:52.708191,,151
Dilithium5,verify,0,1,0.0,1,0,1,ip-172-31-43-26,linux,0,1.0022,997.76,Signature,True,2025-11-21T22:16:52.709255,,152
Dilithium5,verify,0,1,0.0,1,0,1,ip-172-31-43-26,linux,0,0.7617,1312.78,Signature,True,2025-11-21T22:16:52.710088,,153
Dilithium5,verify,0,1,0.0,1,0,1,ip-172-31-43-26,linux,0,0.8714,1147.58,Signature,True,2025-11-21T22:16:52.711031,,154
Dilithium5,verify,0,1,0.0,1,0,1,ip-172-31-43-26,linux,0,0.7655,1306.4,Signature,True,2025-11-21T22:16:52.711859,,155
Dilithium5,verify,0,16,0.0,1,0,1,ip-172-31-43-26,linux,0,1.0253,975.34,Signature,True,2025-11-21T22:16:52.712946,,156
Dilithium5,verify,0,16,0.0,1,0,1,ip-172-31-43-26,linux,0,0.8665,1154.08,Signature,True,2025-11-21T22:16:52.713877,,157
Dilithium5,verify,0,16,0.0,1,0,1,ip-172-31-43-26,linux,0,1.6588,602.83,Signature,True,2025-11-21T22:16:52.715600,,158
Dilithium5,verify,0,16,0.0,1,0,1,ip-172-31-43-26,linux,0,1.1103,900.67,Signature,True,2025-11-21T22:16:52.716775,,159
Dilithium5,verify,0,16,0.0,1,0,1,ip-172-31-43-26,linux,0,1.0394,962.07,Signature,True,2025-11-21T22:16:52.717873,,160
Dilithium5,verify,0,64,0.0,1,0,1,ip-172-31-43-26,linux,0,0.7784,1284.67,Signature,True,2025-11-21T22:16:52.718712,,161
Dilithium5,verify,0,64,0.0,1,0,1,ip-172-31-43-26,linux,0,1.3564,737.24,Signature,True,2025-11-21T22:16:52.720136,,162
Dilithium5,verify,0,64,0.0,1,0,1,ip-172-31-43-26,linux,0,1.1686,855.71,Signature,True,2025-11-21T22:16:52.721380,,163
Dilithium5,verify,0,64,0.0,1,0,1,ip-172-31-43-26,linux,0,1.5054,664.27,Signature,True,2025-11-21T22:16:52.722946,,164
Dilithium5,verify,0,64,0.0,1,0,1,ip-172-31-43-26,linux,0,0.7714,1296.3,Signature,True,2025-11-21T22:16:52.723774,,165
Dilithium5,verify,1024,1,0.0,1,0,1,ip-172-31-43-26,linux,0,0.9615,1040.03,Signature,True,2025-11-21T22:16:52.724796,,166
Dilithium5,verify,1024,1,0.0,1,0,1,ip-172-31-43-26,linux,0,0.7718,1295.64,Signature,True,2025-11-21T22:16:52.725629,,167
Dilithium5,verify,1024,1,0.0,1,0,1,ip-172-31-43-26,linux,0,0.8712,1147.8,Signature,True,2025-11-21T22:16:52.726558,,168
Dilithium5,verify,1024,1,0.0,1,0,1,ip-172-31-43-26,linux,0,1.3899,719.47,Signature,True,2025-11-21T22:16:52.728008,,169
Dilithium5,verify,1024,1,0.0,1,0,1,ip-172-31-43-26,linux,0,1.0024,997.62,Signature,True,2025-11-21T22:16:52.729071,,170
Dilithium5,verify,1024,16,0.0,1,0,1,ip-172-31-43-26,linux,0,1.1192,893.51,Signature,True,2025-11-21T22:16:52.730274,,171
Dilithium5,verify,1024,16,0.0,1,0,1,ip-172-31-43-26,linux,0,0.885,1129.97,Signature,True,2025-11-21T22:16:52.731222,,172
Dilithium5,verify,1024,16,0.0,1,0,1,ip-172-31-43-26,linux,0,0.9057,1104.14,Signature,True,2025-11-21T22:16:52.732187,,173
Dilithium5,verify,1024,16,0.0,1,0,1,ip-172-31-43-26,linux,0,1.2296,813.29,Signature,True,2025-11-21T22:16:52.733492,,174
Dilithium5,verify,1024,16,0.0,1,0,1,ip-172-31-43-26,linux,0,0.7968,1254.97,Signature,True,2025-11-21T22:16:52.734354,,175
Dilithium5,verify,1024,64,0.0,1,0,1,ip-172-31-43-26,linux,0,1.1049,905.07,Signature,True,2025-11-21T22:16:52.735525,,176
Dilithium5,verify,1024,64,0.0,1,0,1,ip-172-31-43-26,linux,0,0.8721,1146.68,Signature,True,2025-11-21T22:16:52.736462,,177
Dilithium5,verify,1024,64,0.0,1,0,1,ip-172-31-43-26,linux,0,0.8946,1117.8,Signature,True,2025-11-21T22:16:52.737422,,178
Dilithium5,verify,1024,64,0.0,1,0,1,ip-172-31-43-26,linux,0,0.9005,1110.47,Signature,True,2025-11-21T22:16:52.738387,,179
Dilithium5,verify,1024,64,0.0,1,0,1,ip-172-31-43-26,linux,0,0.7706,1297.68,Signature,True,2025-11-21T22:16:52.739216,,180
Falcon-1024,sign,0,1,0.0,1,0,1,ip-172-31-43-26,linux,0,22.0669,45.32,Signature,True,2025-11-21T22:16:52.761328,,181
Falcon-1024,sign,0,1,0.0,1,0,1,ip-172-31-43-26,linux,0,21.4246,46.68,Signature,True,2025-11-21T22:16:52.782805,,182
Falcon-1024,sign,0,1,0.0,1,0,1,ip-172-31-43-26,linux,0,16.3712,61.08,Signature,True,2025-11-21T22:16:52.799226,,183
Falcon-1024,sign,0,1,0.0,1,0,1,ip-172-31-43-26,linux,0,15.4804,64.6,Signature,True,2025-11-21T22:16:52.814754,,184
Falcon-1024,sign,0,1,0.0,1,0,1,ip-172-31-43-26,linux,0,16.3374,61.21,Signature,True,2025-11-21T22:16:52.831138,,185
Falcon-1024,sign,0,16,0.0,1,0,1,ip-172-31-43-26,linux,0,16.5411,60.46,Signature,True,2025-11-21T22:16:52.847728,,186
Falcon-1024,sign,0,16,0.0,1,0,1,ip-172-31-43-26,linux,0,16.4987,60.61,Signature,True,2025-11-21T22:16:52.864274,,187
Falcon-1024,sign,0,16,0.0,1,0,1,ip-172-31-43-26,linux,0,19.7575,50.61,Signature,True,2025-11-21T22:16:52.884079,,188
Falcon-1024,sign,0,16,0.0,1,0,1,ip-172-31-43-26,linux,0,18.2557,54.78,Signature,True,2025-11-21T22:16:52.902396,,189
Falcon-1024,sign,0,16,0.0,1,0,1,ip-172-31-43-26,linux,0,18.8517,53.05,Signature,True,2025-11-21T22:16:52.921299,,190
Falcon-1024,sign,0,64,0.0,1,0,1,ip-172-31-43-26,linux,0,15.4503,64.72,Signature,True,2025-11-21T22:16:52.936804,,191
Falcon-1024,sign,0,64,0.0,1,0,1,ip-172-31-43-26,linux,0,17.9601,55.68,Signature,True,2025-11-21T22:16:52.954813,,192
Falcon-1024,sign,0,64,0.0,1,0,1,ip-172-31-43-26,linux,0,20.0148,49.96,Signature,True,2025-11-21T22:16:52.974877,,193
Falcon-1024,sign,0,64,0.0,1,0,1,ip-172-31-43-26,linux,0,21.5871,46.32,Signature,True,2025-11-21T22:16:52.996514,,194
Falcon-1024,sign,0,64,0.0,1,0,1,ip-172-31-43-26,linux,0,17.5926,56.84,Signature,True,2025-11-21T22:16:53.014160,,195
Falcon-1024,sign,1024,1,0.0,1,0,1,ip-172-31-43-26,linux,0,16.9545,58.98,Signature,True,2025-11-21T22:16:53.031179,,196
Falcon-1024,sign,1024,1,0.0,1,0,1,ip-172-31-43-26,linux,0,17.7653,56.29,Signature,True,2025-11-21T22:16:53.049003,,197
Falcon-1024,sign,1024,1,0.0,1,0,1,ip-172-31-43-26,linux,0,16.4724,60.71,Signature,True,2025-11-21T22:16:53.065531,,198
Falcon-1024,sign,1024,1,0.0,1,0,1,ip-172-31-43-26,linux,0,29.0846,34.38,Signature,True,2025-11-21T22:16:53.094683,,199
Falcon-1024,sign,1024,1,0.0,1,0,1,ip-172-31-43-26,linux,0,19.7618,50.6,Signature,True,2025-11-21T22:16:53.114501,,200
Falcon-1024,sign,1024,16,0.0,1,0,1,ip-172-31-43-26,linux,0,30.2443,33.06,Signature,True,2025-11-21T22:16:53.144807,,201
Falcon-1024,sign,1024,16,0.0,1,0,1,ip-172-31-43-26,linux,0,23.8432,41.94,Signature,True,2025-11-21T22:16:53.168708,,202
Falcon-1024,sign,1024,16,0.0,1,0,1,ip-172-31-43-26,linux,0,19.9069,50.23,Signature,True,2025-11-21T22:16:53.188668,,203
Falcon-1024,sign,1024,16,0.0,1,0,1,ip-172-31-43-26,linux,0,16.2917,61.38,Signature,True,2025-11-21T22:16:53.205012,,204
Falcon-1024,sign,1024,16,0.0,1,0,1,ip-172-31-43-26,linux,0,16.7061,59.86,Signature,True,2025-11-21T22:16:53.221765,,205
Falcon-1024,sign,1024,64,0.0,1,0,1,ip-172-31-43-26,linux,0,19.4358,51.45,Signature,True,2025-11-21T22:16:53.241253,,206
Falcon-1024,sign,1024,64,0.0,1,0,1,ip-172-31-43-26,linux,0,22.2006,45.04,Signature,True,2025-11-21T22:16:53.263555,,207
Falcon-1024,sign,1024,64,0.0,1,0,1,ip-172-31-43-26,linux,0,16.0946,62.13,Signature,True,2025-11-21T22:16:53.279705,,208
Falcon-1024,sign,1024,64,0.0,1,0,1,ip-172-31-43-26,linux,0,25.578,39.1,Signature,True,2025-11-21T22:16:53.305333,,209
Falcon-1024,sign,1024,64,0.0,1,0,1,ip-172-31-43-26,linux,0,18.1623,55.06,Signature,True,2025-11-21T22:16:53.323545,,210
Falcon-1024,verify,0,1,0.0,1,0,1,ip-172-31-43-26,linux,0,17.9511,55.71,Signature,True,2025-11-21T22:16:53.341556,,211
Falcon-1024,verify,0,1,0.0,1,0,1,ip-172-31-43-26,linux,0,17.1183,58.42,Signature,True,2025-11-21T22:16:53.358722,,212
Falcon-1024,verify,0,1,0.0,1,0,1,ip-172-31-43-26,linux,0,34.2294,29.21,Signature,True,2025-11-21T22:16:53.393014,,213
Falcon-1024,verify,0,1,0.0,1,0,1,ip-172-31-43-26,linux,0,15.6333,63.97,Signature,True,2025-11-21T22:16:53.408699,,214
Falcon-1024,verify,0,1,0.0,1,0,1,ip-172-31-43-26,linux,0,20.2472,49.39,Signature,True,2025-11-21T22:16:53.428996,,215
Falcon-1024,verify,0,16,0.0,1,0,1,ip-172-31-43-26,linux,0,22.1795,45.09,Signature,True,2025-11-21T22:16:53.451226,,216
Falcon-1024,verify,0,16,0.0,1,0,1,ip-172-31-43-26,linux,0,17.9843,55.6,Signature,True,2025-11-21T22:16:53.469259,,217
Falcon-1024,verify,0,16,0.0,1,0,1,ip-172-31-43-26,linux,0,16.6725,59.98,Signature,True,2025-11-21T22:16:53.485982,,218
Falcon-1024,verify,0,16,0.0,1,0,1,ip-172-31-43-26,linux,0,17.3065,57.78,Signature,True,2025-11-21T22:16:53.503335,,219
Falcon-1024,verify,0,16,0.0,1,0,1,ip-172-31-43-26,linux,0,21.6941,46.1,Signature,True,2025-11-21T22:16:53.525076,,220
Falcon-1024,verify,0,64,0.0,1,0,1,ip-172-31-43-26,linux,0,38.2227,26.16,Signature,True,2025-11-21T22:16:53.563354,,221
Falcon-1024,verify,0,64,0.0,1,0,1,ip-172-31-43-26,linux,0,16.8924,59.2,Signature,True,2025-11-21T22:16:53.580296,,222
Falcon-1024,verify,0,64,0.0,1,0,1,ip-172-31-43-26,linux,0,18.594,53.78,Signature,True,2025-11-21T22:16:53.598939,,223
Falcon-1024,verify,0,64,0.0,1,0,1,ip-172-31-43-26,linux,0,16.2453,61.56,Signature,True,2025-11-21T22:16:53.615231,,224
Falcon-1024,verify,0,64,0.0,1,0,1,ip-172-31-43-26,linux,0,16.2775,61.43,Signature,True,2025-11-21T22:16:53.631555,,225
Falcon-1024,verify,1024,1,0.0,1,0,1,ip-172-31-43-26,linux,0,22.3335,44.78,Signature,True,2025-11-21T22:16:53.653935,,226
Falcon-1024,verify,1024,1,0.0,1,0,1,ip-172-31-43-26,linux,0,17.7098,56.47,Signature,True,2025-11-21T22:16:53.671689,,227
Falcon-1024,verify,1024,1,0.0,1,0,1,ip-172-31-43-26,linux,0,19.2483,51.95,Signature,True,2025-11-21T22:16:53.690982,,228
Falcon-1024,verify,1024,1,0.0,1,0,1,ip-172-31-43-26,linux,0,20.253,49.38,Signature,True,2025-11-21T22:16:53.711279,,229
Falcon-1024,verify,1024,1,0.0,1,0,1,ip-172-31-43-26,linux,0,17.1564,58.29,Signature,True,2025-11-21T22:16:53.728479,,230
Falcon-1024,verify,1024,16,0.0,1,0,1,ip-172-31-43-26,linux,0,16.3325,61.23,Signature,True,2025-11-21T22:16:53.744862,,231
Falcon-1024,verify,1024,16,0.0,1,0,1,ip-172-31-43-26,linux,0,18.3924,54.37,Signature,True,2025-11-21T22:16:53.763304,,232
Falcon-1024,verify,1024,16,0.0,1,0,1,ip-172-31-43-26,linux,0,15.6164,64.04,Signature,True,2025-11-21T22:16:53.778965,,233
Falcon-1024,verify,1024,16,0.0,1,0,1,ip-172-31-43-26,linux,0,18.1991,54.95,Signature,True,2025-11-21T22:16:53.797207,,234
Falcon-1024,verify,1024,16,0.0,1,0,1,ip-172-31-43-26,linux,0,18.1943,54.96,Signature,True,2025-11-21T22:16:53.815447,,235
Falcon-1024,verify,1024,64,0.0,1,0,1,ip-172-31-43-26,linux,0,15.6477,63.91,Signature,True,2025-11-21T22:16:53.831141,,236
Falcon-1024,verify,1024,64,0.0,1,0,1,ip-172-31-43-26,linux,0,33.6179,29.75,Signature,True,2025-11-21T22:16:53.864804,,237
Falcon-1024,verify,1024,64,0.0,1,0,1,ip-172-31-43-26,linux,0,15.7368,63.55,Signature,True,2025-11-21T22:16:53.880593,,238
Falcon-1024,verify,1024,64,0.0,1,0,1,ip-172-31-43-26,linux,0,15.664,63.84,Signature,True,2025-11-21T22:16:53.896311,,239
Falcon-1024,verify,1024,64,0.0,1,0,1,ip-172-31-43-26,linux,0,15.645,63.92,Signature,True,2025-11-21T22:16:53.912005,,240
Falcon-512,sign,0,1,0.0,1,0,1,ip-172-31-43-26,linux,0,5.7498,173.92,Signature,True,2025-11-21T22:16:53.917814,,241
Falcon-512,sign,0,1,0.0,1,0,1,ip-172-31-43-26,linux,0,7.6723,130.34,Signature,True,2025-11-21T22:16:53.925534,,242
Falcon-512,sign,0,1,0.0,1,0,1,ip-172-31-43-26,linux,0,5.595,178.73,Signature,True,2025-11-21T22:16:53.931173,,243
Falcon-512,sign,0,1,0.0,1,0,1,ip-172-31-43-26,linux,0,6.2002,161.29,Signature,True,2025-11-21T22:16:53.937414,,244
Falcon-512,sign,0,1,0.0,1,0,1,ip-172-31-43-26,linux,0,6.6663,150.01,Signature,True,2025-11-21T22:16:53.944122,,245
Falcon-512,sign,0,16,0.0,1,0,1,ip-172-31-43-26,linux,0,5.7826,172.93,Signature,True,2025-11-21T22:16:53.949948,,246
Falcon-512,sign,0,16,0.0,1,0,1,ip-172-31-43-26,linux,0,7.6536,130.66,Signature,True,2025-11-21T22:16:53.957646,,247
Falcon-512,sign,0,16,0.0,1,0,1,ip-172-31-43-26,linux,0,5.614,178.13,Signature,True,2025-11-21T22:16:53.963304,,248
Falcon-512,sign,0,16,0.0,1,0,1,ip-172-31-43-26,linux,0,10.2536,97.53,Signature,True,2025-11-21T22:16:53.973599,,249
Falcon-512,sign,0,16,0.0,1,0,1,ip-172-31-43-26,linux,0,6.8012,147.03,Signature,True,2025-11-21T22:16:53.980441,,250
Falcon-512,sign,0,64,0.0,1,0,1,ip-172-31-43-26,linux,0,5.8169,171.91,Signature,True,2025-11-21T22:16:53.986300,,251
Falcon-512,sign,0,64,0.0,1,0,1,ip-172-31-43-26,linux,0,9.286,107.69,Signature,True,2025-11-21T22:16:53.995627,,252
Falcon-512,sign,0,64,0.0,1,0,1,ip-172-31-43-26,linux,0,5.6079,178.32,Signature,True,2025-11-21T22:16:54.001279,,253
Falcon-512,sign,0,64,0.0,1,0,1,ip-172-31-43-26,linux,0,8.6451,115.67,Signature,True,2025-11-21T22:16:54.009968,,254
Falcon-512,sign,0,64,0.0,1,0,1,ip-172-31-43-26,linux,0,5.5867,179.0,Signature,True,2025-11-21T22:16:54.015596,,255
Falcon-512,sign,1024,1,0.0,1,0,1,ip-172-31-43-26,linux,0,5.1986,192.36,Signature,True,2025-11-21T22:16:54.020837,,256
Falcon-512,sign,1024,1,0.0,1,0,1,ip-172-31-43-26,linux,0,5.6209,177.91,Signature,True,2025-11-21T22:16:54.026500,,257
Falcon-512,sign,1024,1,0.0,1,0,1,ip-172-31-43-26,linux,0,4.965,201.41,Signature,True,2025-11-21T22:16:54.031505,,258
Falcon-512,sign,1024,1,0.0,1,0,1,ip-172-31-43-26,linux,0,5.5943,178.75,Signature,True,2025-11-21T22:16:54.037140,,259
Falcon-512,sign,1024,1,0.0,1,0,1,ip-172-31-43-26,linux,0,7.8803,126.9,Signature,True,2025-11-21T22:16:54.045062,,260
Falcon-512,sign,1024,16,0.0,1,0,1,ip-172-31-43-26,linux,0,6.2311,160.49,Signature,True,2025-11-21T22:16:54.051348,,261
Falcon-512,sign,1024,16,0.0,1,0,1,ip-172-31-43-26,linux,0,10.1275,98.74,Signature,True,2025-11-21T22:16:54.061516,,262
Falcon-512,sign,1024,16,0.0,1,0,1,ip-172-31-43-26,linux,0,5.4023,185.11,Signature,True,2025-11-21T22:16:54.066961,,263
Falcon-512,sign,1024,16,0.0,1,0,1,ip-172-31-43-26,linux,0,6.2481,160.05,Signature,True,2025-11-21T22:16:54.073250,,264
Falcon-512,sign,1024,16,0.0,1,0,1,ip-172-31-43-26,linux,0,6.4604,154.79,Signature,True,2025-11-21T22:16:54.079753,,265
Falcon-512,sign,1024,64,0.0,1,0,1,ip-172-31-43-26,linux,0,6.4437,155.19,Signature,True,2025-11-21T22:16:54.086242,,266
Falcon-512,sign,1024,64,0.0,1,0,1,ip-172-31-43-26,linux,0,9.3065,107.45,Signature,True,2025-11-21T22:16:54.095597,,267
Falcon-512,sign,1024,64,0.0,1,0,1,ip-172-31-43-26,linux,0,7.6464,130.78,Signature,True,2025-11-21T22:16:54.103284,,268
Falcon-512,sign,1024,64,0.0,1,0,1,ip-172-31-43-26,linux,0,7.0814,141.21,Signature,True,2025-11-21T22:16:54.110405,,269
Falcon-512,sign,1024,64,0.0,1,0,1,ip-172-31-43-26,linux,0,6.4199,155.76,Signature,True,2025-11-21T22:16:54.116867,,270
Falcon-512,verify,0,1,0.0,1,0,1,ip-172-31-43-26,linux,0,6.0074,166.46,Signature,True,2025-11-21T22:16:54.122926,,271
Falcon-512,verify,0,1,0.0,1,0,1,ip-172-31-43-26,linux,0,8.6025,116.25,Signature,True,2025-11-21T22:16:54.131569,,272
Falcon-512,verify,0,1,0.0,1,0,1,ip-172-31-43-26,linux,0,9.4821,105.46,Signature,True,2025-11-21T22:16:54.141090,,273
Falcon-512,verify,0,1,0.0,1,0,1,ip-172-31-43-26,linux,0,7.8473,127.43,Signature,True,2025-11-21T22:16:54.148989,,274
Falcon-512,verify,0,1,0.0,1,0,1,ip-172-31-43-26,linux,0,6.7995,147.07,Signature,True,2025-11-21T22:16:54.155876,,275
Falcon-512,verify,0,16,0.0,1,0,1,ip-172-31-43-26,linux,0,5.1752,193.23,Signature,True,2025-11-21T22:16:54.161102,,276
Falcon-512,verify,0,16,0.0,1,0,1,ip-172-31-43-26,linux,0,14.3378,69.75,Signature,True,2025-11-21T22:16:54.175480,,277
Falcon-512,verify,0,16,0.0,1,0,1,ip-172-31-43-26,linux,0,14.127,70.79,Signature,True,2025-11-21T22:16:54.189652,,278
Falcon-512,verify,0,16,0.0,1,0,1,ip-172-31-43-26,linux,0,5.0009,199.96,Signature,True,2025-11-21T22:16:54.194694,,279
Falcon-512,verify,0,16,0.0,1,0,1,ip-172-31-43-26,linux,0,9.044,110.57,Signature,True,2025-11-21T22:16:54.203778,,280
Falcon-512,verify,0,64,0.0,1,0,1,ip-172-31-43-26,linux,0,5.9951,166.8,Signature,True,2025-11-21T22:16:54.209816,,281
Falcon-512,verify,0,64,0.0,1,0,1,ip-172-31-43-26,linux,0,5.5802,179.2,Signature,True,2025-11-21T22:16:54.215436,,282
Falcon-512,verify,0,64,0.0,1,0,1,ip-172-31-43-26,linux,0,7.6629,130.5,Signature,True,2025-11-21T22:16:54.223139,,283
Falcon-512,verify,0,64,0.0,1,0,1,ip-172-31-43-26,linux,0,11.6965,85.5,Signature,True,2025-11-21T22:16:54.234876,,284
Falcon-512,verify,0,64,0.0,1,0,1,ip-172-31-43-26,linux,0,6.5982,151.56,Signature,True,2025-11-21T22:16:54.241515,,285
Falcon-512,verify,1024,1,0.0,1,0,1,ip-172-31-43-26,linux,0,6.8327,146.36,Signature,True,2025-11-21T22:16:54.248388,,286
Falcon-512,verify,1024,1,0.0,1,0,1,ip-172-31-43-26,linux,0,5.9776,167.29,Signature,True,2025-11-21T22:16:54.254406,,287
Falcon-512,verify,1024,1,0.0,1,0,1,ip-172-31-43-26,linux,0,5.373,186.12,Signature,True,2025-11-21T22:16:54.259818,,288
Falcon-512,verify,1024,1,0.0,1,0,1,ip-172-31-43-26,linux,0,6.1945,161.43,Signature,True,2025-11-21T22:16:54.266053,,289
Falcon-512,verify,1024,1,0.0,1,0,1,ip-172-31-43-26,linux,0,5.7964,172.52,Signature,True,2025-11-21T22:16:54.271890,,290
Falcon-512,verify,1024,16,0.0,1,0,1,ip-172-31-43-26,linux,0,5.184,192.9,Signature,True,2025-11-21T22:16:54.277115,,291
Falcon-512,verify,1024,16,0.0,1,0,1,ip-172-31-43-26,linux,0,6.0046,166.54,Signature,True,2025-11-21T22:16:54.283160,,292
Falcon-512,verify,1024,16,0.0,1,0,1,ip-172-31-43-26,linux,0,5.789,172.74,Signature,True,2025-11-21T22:16:54.288990,,293
Falcon-512,verify,1024,16,0.0,1,0,1,ip-172-31-43-26,linux,0,6.4285,155.56,Signature,True,2025-11-21T22:16:54.295460,,294
Falcon-512,verify,1024,16,0.0,1,0,1,ip-172-31-43-26,linux,0,14.5499,68.73,Signature,True,2025-11-21T22:16:54.310051,,295
Falcon-512,verify,1024,64,0.0,1,0,1,ip-172-31-43-26,linux,0,5.1995,192.33,Signature,True,2025-11-21T22:16:54.315294,,296
Falcon-512,verify,1024,64,0.0,1,0,1,ip-172-31-43-26,linux,0,5.1916,192.62,Signature,True,2025-11-21T22:16:54.320527,,297
Falcon-512,verify,1024,64,0.0,1,0,1,ip-172-31-43-26,linux,0,7.8125,128.0,Signature,True,2025-11-21T22:16:54.328380,,298
Falcon-512,verify,1024,64,0.0,1,0,1,ip-172-31-43-26,linux,0,6.8057,146.94,Signature,True,2025-11-21T22:16:54.335226,,299
Falcon-512,verify,1024,64,0.0,1,0,1,ip-172-31-43-26,linux,0,5.9897,166.95,Signature,True,2025-11-21T22:16:54.341256,,300
Falcon-padded-1024,sign,0,1,0.0,1,0,1,ip-172-31-43-26,linux,0,17.1482,58.32,Signature,True,2025-11-21T22:16:54.358457,,301
Falcon-padded-1024,sign,0,1,0.0,1,0,1,ip-172-31-43-26,linux,0,15.6724,63.81,Signature,True,2025-11-21T22:16:54.374179,,302
Falcon-padded-1024,sign,0,1,0.0,1,0,1,ip-172-31-43-26,linux,0,17.7771,56.25,Signature,True,2025-11-21T22:16:54.392000,,303
Falcon-padded-1024,sign,0,1,0.0,1,0,1,ip-172-31-43-26,linux,0,28.4328,35.17,Signature,True,2025-11-21T22:16:54.420483,,304
Falcon-padded-1024,sign,0,1,0.0,1,0,1,ip-172-31-43-26,linux,0,16.5047,60.59,Signature,True,2025-11-21T22:16:54.437039,,305
Falcon-padded-1024,sign,0,16,0.0,1,0,1,ip-172-31-43-26,linux,0,17.5616,56.94,Signature,True,2025-11-21T22:16:54.454652,,306
Falcon-padded-1024,sign,0,16,0.0,1,0,1,ip-172-31-43-26,linux,0,15.4442,64.75,Signature,True,2025-11-21T22:16:54.470145,,307
Falcon-padded-1024,sign,0,16,0.0,1,0,1,ip-172-31-43-26,linux,0,16.5008,60.6,Signature,True,2025-11-21T22:16:54.486695,,308
Falcon-padded-1024,sign,0,16,0.0,1,0,1,ip-172-31-43-26,linux,0,16.0906,62.15,Signature,True,2025-11-21T22:16:54.502829,,309
Falcon-padded-1024,sign,0,16,0.0,1,0,1,ip-172-31-43-26,linux,0,19.4191,51.5,Signature,True,2025-11-21T22:16:54.522293,,310
Falcon-padded-1024,sign,0,64,0.0,1,0,1,ip-172-31-43-26,linux,0,19.903,50.24,Signature,True,2025-11-21T22:16:54.542247,,311
Falcon-padded-1024,sign,0,64,0.0,1,0,1,ip-172-31-43-26,linux,0,16.3216,61.27,Signature,True,2025-11-21T22:16:54.558614,,312
Falcon-padded-1024,sign,0,64,0.0,1,0,1,ip-172-31-43-26,linux,0,18.1499,55.1,Signature,True,2025-11-21T22:16:54.576807,,313
Falcon-padded-1024,sign,0,64,0.0,1,0,1,ip-172-31-43-26,linux,0,31.2032,32.05,Signature,True,2025-11-21T22:16:54.608057,,314
Falcon-padded-1024,sign,0,64,0.0,1,0,1,ip-172-31-43-26,linux,0,15.8658,63.03,Signature,True,2025-11-21T22:16:54.623989,,315
Falcon-padded-1024,sign,1024,1,0.0,1,0,1,ip-172-31-43-26,linux,0,20.7403,48.22,Signature,True,2025-11-21T22:16:54.644787,,316
Falcon-padded-1024,sign,1024,1,0.0,1,0,1,ip-172-31-43-26,linux,0,18.8257,53.12,Signature,True,2025-11-21T22:16:54.663669,,317
Falcon-padded-1024,sign,1024,1,0.0,1,0,1,ip-172-31-43-26,linux,0,17.1701,58.24,Signature,True,2025-11-21T22:16:54.680893,,318
Falcon-padded-1024,sign,1024,1,0.0,1,0,1,ip-172-31-43-26,linux,0,15.6665,63.83,Signature,True,2025-11-21T22:16:54.696615,,319
Falcon-padded-1024,sign,1024,1,0.0,1,0,1,ip-172-31-43-26,linux,0,16.7417,59.73,Signature,True,2025-11-21T22:16:54.713411,,320
Falcon-padded-1024,sign,1024,16,0.0,1,0,1,ip-172-31-43-26,linux,0,18.0168,55.5,Signature,True,2025-11-21T22:16:54.731484,,321
Falcon-padded-1024,sign,1024,16,0.0,1,0,1,ip-172-31-43-26,linux,0,15.429,64.81,Signature,True,2025-11-21T22:16:54.746966,,322
Falcon-padded-1024,sign,1024,16,0.0,1,0,1,ip-172-31-43-26,linux,0,16.9416,59.03,Signature,True,2025-11-21T22:16:54.763959,,323
Falcon-padded-1024,sign,1024,16,0.0,1,0,1,ip-172-31-43-26,linux,0,16.5814,60.31,Signature,True,2025-11-21T22:16:54.780592,,324
Falcon-padded-1024,sign,1024,16,0.0,1,0,1,ip-172-31-43-26,linux,0,33.5336,29.82,Signature,True,2025-11-21T22:16:54.814186,,325
Falcon-padded-1024,sign,1024,64,0.0,1,0,1,ip-172-31-43-26,linux,0,15.6524,63.89,Signature,True,2025-11-21T22:16:54.829899,,326
Falcon-padded-1024,sign,1024,64,0.0,1,0,1,ip-172-31-43-26,linux,0,19.011,52.6,Signature,True,2025-11-21T22:16:54.848963,,327
Falcon-padded-1024,sign,1024,64,0.0,1,0,1,ip-172-31-43-26,linux,0,16.0787,62.19,Signature,True,2025-11-21T22:16:54.865099,,328
Falcon-padded-1024,sign,1024,64,0.0,1,0,1,ip-172-31-43-26,linux,0,18.4994,54.06,Signature,True,2025-11-21T22:16:54.883648,,329
Falcon-padded-1024,sign,1024,64,0.0,1,0,1,ip-172-31-43-26,linux,0,20.9524,47.73,Signature,True,2025-11-21T22:16:54.904659,,330
Falcon-padded-1024,verify,0,1,0.0,1,0,1,ip-172-31-43-26,linux,0,31.9666,31.28,Signature,True,2025-11-21T22:16:54.936691,,331
Falcon-padded-1024,verify,0,1,0.0,1,0,1,ip-172-31-43-26,linux,0,24.3156,41.13,Signature,True,2025-11-21T22:16:54.961066,,332
Falcon-padded-1024,verify,0,1,0.0,1,0,1,ip-172-31-43-26,linux,0,23.2968,42.92,Signature,True,2025-11-21T22:16:54.984427,,333
Falcon-padded-1024,verify,0,1,0.0,1,0,1,ip-172-31-43-26,linux,0,22.0195,45.41,Signature,True,2025-11-21T22:16:55.006502,,334
Falcon-padded-1024,verify,0,1,0.0,1,0,1,ip-172-31-43-26,linux,0,18.4297,54.26,Signature,True,2025-11-21T22:16:55.024990,,335
Falcon-padded-1024,verify,0,16,0.0,1,0,1,ip-172-31-43-26,linux,0,19.6554,50.88,Signature,True,2025-11-21T22:16:55.044707,,336
Falcon-padded-1024,verify,0,16,0.0,1,0,1,ip-172-31-43-26,linux,0,24.2758,41.19,Signature,True,2025-11-21T22:16:55.069038,,337
Falcon-padded-1024,verify,0,16,0.0,1,0,1,ip-172-31-43-26,linux,0,15.4767,64.61,Signature,True,2025-11-21T22:16:55.084574,,338
Falcon-padded-1024,verify,0,16,0.0,1,0,1,ip-172-31-43-26,linux,0,18.8052,53.18,Signature,True,2025-11-21T22:16:55.103436,,339
Falcon-padded-1024,verify,0,16,0.0,1,0,1,ip-172-31-43-26,linux,0,17.5615,56.94,Signature,True,2025-11-21T22:16:55.121067,,340
Falcon-padded-1024,verify,0,64,0.0,1,0,1,ip-172-31-43-26,linux,0,23.4277,42.68,Signature,True,2025-11-21T22:16:55.144597,,341
Falcon-padded-1024,verify,0,64,0.0,1,0,1,ip-172-31-43-26,linux,0,29.93,33.41,Signature,True,2025-11-21T22:16:55.174586,,342
Falcon-padded-1024,verify,0,64,0.0,1,0,1,ip-172-31-43-26,linux,0,29.8082,33.55,Signature,True,2025-11-21T22:16:55.204453,,343
Falcon-padded-1024,verify,0,64,0.0,1,0,1,ip-172-31-43-26,linux,0,15.4343,64.79,Signature,True,2025-11-21T22:16:55.219941,,344
Falcon-padded-1024,verify,0,64,0.0,1,0,1,ip-172-31-43-26,linux,0,17.9854,55.6,Signature,True,2025-11-21T22:16:55.237976,,345
Falcon-padded-1024,verify,1024,1,0.0,1,0,1,ip-172-31-43-26,linux,0,20.5944,48.56,Signature,True,2025-11-21T22:16:55.258622,,346
Falcon-padded-1024,verify,1024,1,0.0,1,0,1,ip-172-31-43-26,linux,0,21.5556,46.39,Signature,True,2025-11-21T22:16:55.280223,,347
Falcon-padded-1024,verify,1024,1,0.0,1,0,1,ip-172-31-43-26,linux,0,15.8414,63.13,Signature,True,2025-11-21T22:16:55.296119,,348
Falcon-padded-1024,verify,1024,1,0.0,1,0,1,ip-172-31-43-26,linux,0,24.0758,41.54,Signature,True,2025-11-21T22:16:55.320242,,349
Falcon-padded-1024,verify,1024,1,0.0,1,0,1,ip-172-31-43-26,linux,0,17.9367,55.75,Signature,True,2025-11-21T22:16:55.338226,,350
Falcon-padded-1024,verify,1024,16,0.0,1,0,1,ip-172-31-43-26,linux,0,15.8852,62.95,Signature,True,2025-11-21T22:16:55.354166,,351
Falcon-padded-1024,verify,1024,16,0.0,1,0,1,ip-172-31-43-26,linux,0,37.6422,26.57,Signature,True,2025-11-21T22:16:55.391858,,352
Falcon-padded-1024,verify,1024,16,0.0,1,0,1,ip-172-31-43-26,linux,0,18.1698,55.04,Signature,True,2025-11-21T22:16:55.410079,,353
Falcon-padded-1024,verify,1024,16,0.0,1,0,1,ip-172-31-43-26,linux,0,20.2942,49.28,Signature,True,2025-11-21T22:16:55.430428,,354
Falcon-padded-1024,verify,1024,16,0.0,1,0,1,ip-172-31-43-26,linux,0,19.1961,52.09,Signature,True,2025-11-21T22:16:55.449668,,355
Falcon-padded-1024,verify,1024,64,0.0,1,0,1,ip-172-31-43-26,linux,0,16.4976,60.61,Signature,True,2025-11-21T22:16:55.466210,,356
Falcon-padded-1024,verify,1024,64,0.0,1,0,1,ip-172-31-43-26,linux,0,22.4038,44.64,Signature,True,2025-11-21T22:16:55.488665,,357
Falcon-padded-1024,verify,1024,64,0.0,1,0,1,ip-172-31-43-26,linux,0,21.7856,45.9,Signature,True,2025-11-21T22:16:55.510499,,358
Falcon-padded-1024,verify,1024,64,0.0,1,0,1,ip-172-31-43-26,linux,0,15.4095,64.9,Signature,True,2025-11-21T22:16:55.525957,,359
Falcon-padded-1024,verify,1024,64,0.0,1,0,1,ip-172-31-43-26,linux,0,35.521,28.15,Signature,True,2025-11-21T22:16:55.561524,,360
Falcon-padded-512,sign,0,1,0.0,1,0,1,ip-172-31-43-26,linux,0,7.5561,132.34,Signature,True,2025-11-21T22:16:55.569141,,361
Falcon-padded-512,sign,0,1,0.0,1,0,1,ip-172-31-43-26,linux,0,5.3967,185.3,Signature,True,2025-11-21T22:16:55.574583,,362
Falcon-padded-512,sign,0,1,0.0,1,0,1,ip-172-31-43-26,linux,0,5.7815,172.97,Signature,True,2025-11-21T22:16:55.580407,,363
Falcon-padded-512,sign,0,1,0.0,1,0,1,ip-172-31-43-26,linux,0,11.2422,88.95,Signature,True,2025-11-21T22:16:55.591689,,364
Falcon-padded-512,sign,0,1,0.0,1,0,1,ip-172-31-43-26,linux,0,7.9795,125.32,Signature,True,2025-11-21T22:16:55.599711,,365
Falcon-padded-512,sign,0,16,0.0,1,0,1,ip-172-31-43-26,linux,0,5.7526,173.84,Signature,True,2025-11-21T22:16:55.605505,,366
Falcon-padded-512,sign,0,16,0.0,1,0,1,ip-172-31-43-26,linux,0,6.38,156.74,Signature,True,2025-11-21T22:16:55.611922,,367
Falcon-padded-512,sign,0,16,0.0,1,0,1,ip-172-31-43-26,linux,0,5.9693,167.52,Signature,True,2025-11-21T22:16:55.617929,,368
Falcon-padded-512,sign,0,16,0.0,1,0,1,ip-172-31-43-26,linux,0,4.9945,200.22,Signature,True,2025-11-21T22:16:55.622962,,369
Falcon-padded-512,sign,0,16,0.0,1,0,1,ip-172-31-43-26,linux,0,8.2171,121.7,Signature,True,2025-11-21T22:16:55.631220,,370
Falcon-padded-512,sign,0,64,0.0,1,0,1,ip-172-31-43-26,linux,0,4.9778,200.89,Signature,True,2025-11-21T22:16:55.636242,,371
Falcon-padded-512,sign,0,64,0.0,1,0,1,ip-172-31-43-26,linux,0,14.6367,68.32,Signature,True,2025-11-21T22:16:55.650919,,372
Falcon-padded-512,sign,0,64,0.0,1,0,1,ip-172-31-43-26,linux,0,5.998,166.72,Signature,True,2025-11-21T22:16:55.656959,,373
Falcon-padded-512,sign,0,64,0.0,1,0,1,ip-172-31-43-26,linux,0,6.5988,151.54,Signature,True,2025-11-21T22:16:55.663600,,374
Falcon-padded-512,sign,0,64,0.0,1,0,1,ip-172-31-43-26,linux,0,9.0153,110.92,Signature,True,2025-11-21T22:16:55.672655,,375
Falcon-padded-512,sign,1024,1,0.0,1,0,1,ip-172-31-43-26,linux,0,4.9767,200.94,Signature,True,2025-11-21T22:16:55.677675,,376
Falcon-padded-512,sign,1024,1,0.0,1,0,1,ip-172-31-43-26,linux,0,5.3802,185.87,Signature,True,2025-11-21T22:16:55.683101,,377
Falcon-padded-512,sign,1024,1,0.0,1,0,1,ip-172-31-43-26,linux,0,5.1772,193.15,Signature,True,2025-11-21T22:16:55.688317,,378
Falcon-padded-512,sign,1024,1,0.0,1,0,1,ip-172-31-43-26,linux,0,5.3596,186.58,Signature,True,2025-11-21T22:16:55.693716,,379
Falcon-padded-512,sign,1024,1,0.0,1,0,1,ip-172-31-43-26,linux,0,6.6054,151.39,Signature,True,2025-11-21T22:16:55.700361,,380
Falcon-padded-512,sign,1024,16,0.0,1,0,1,ip-172-31-43-26,linux,0,9.0189,110.88,Signature,True,2025-11-21T22:16:55.709421,,381
Falcon-padded-512,sign,1024,16,0.0,1,0,1,ip-172-31-43-26,linux,0,5.1841,192.9,Signature,True,2025-11-21T22:16:55.714645,,382
Falcon-padded-512,sign,1024,16,0.0,1,0,1,ip-172-31-43-26,linux,0,5.3912,185.49,Signature,True,2025-11-21T22:16:55.720075,,383
Falcon-padded-512,sign,1024,16,0.0,1,0,1,ip-172-31-43-26,linux,0,8.1383,122.88,Signature,True,2025-11-21T22:16:55.728267,,384
Falcon-padded-512,sign,1024,16,0.0,1,0,1,ip-172-31-43-26,linux,0,5.3862,185.66,Signature,True,2025-11-21T22:16:55.733700,,385
Falcon-padded-512,sign,1024,64,0.0,1,0,1,ip-172-31-43-26,linux,0,4.9846,200.62,Signature,True,2025-11-21T22:16:55.738726,,386
Falcon-padded-512,sign,1024,64,0.0,1,0,1,ip-172-31-43-26,linux,0,6.6191,151.08,Signature,True,2025-11-21T22:16:55.745385,,387
Falcon-padded-512,sign,1024,64,0.0,1,0,1,ip-172-31-43-26,linux,0,5.9992,166.69,Signature,True,2025-11-21T22:16:55.751425,,388
Falcon-padded-512,sign,1024,64,0.0,1,0,1,ip-172-31-43-26,linux,0,6.8101,146.84,Signature,True,2025-11-21T22:16:55.758275,,389
Falcon-padded-512,sign,1024,64,0.0,1,0,1,ip-172-31-43-26,linux,0,8.2279,121.54,Signature,True,2025-11-21T22:16:55.766545,,390
Falcon-padded-512,verify,0,1,0.0,1,0,1,ip-172-31-43-26,linux,0,7.6296,131.07,Signature,True,2025-11-21T22:16:55.774225,,391
Falcon-padded-512,verify,0,1,0.0,1,0,1,ip-172-31-43-26,linux,0,7.0163,142.53,Signature,True,2025-11-21T22:16:55.781285,,392
Falcon-padded-512,verify,0,1,0.0,1,0,1,ip-172-31-43-26,linux,0,4.9809,200.76,Signature,True,2025-11-21T22:16:55.786306,,393
Falcon-padded-512,verify,0,1,0.0,1,0,1,ip-172-31-43-26,linux,0,7.808,128.07,Signature,True,2025-11-21T22:16:55.794153,,394
Falcon-padded-512,verify,0,1,0.0,1,0,1,ip-172-31-43-26,linux,0,9.2671,107.91,Signature,True,2025-11-21T22:16:55.803460,,395
Falcon-padded-512,verify,0,16,0.0,1,0,1,ip-172-31-43-26,linux,0,5.372,186.15,Signature,True,2025-11-21T22:16:55.808873,,396
Falcon-padded-512,verify,0,16,0.0,1,0,1,ip-172-31-43-26,linux,0,6.1805,161.8,Signature,True,2025-11-21T22:16:55.815093,,397
Falcon-padded-512,verify,0,16,0.0,1,0,1,ip-172-31-43-26,linux,0,11.4886,87.04,Signature,True,2025-11-21T22:16:55.826626,,398
Falcon-padded-512,verify,0,16,0.0,1,0,1,ip-172-31-43-26,linux,0,5.188,192.75,Signature,True,2025-11-21T22:16:55.831854,,399
Falcon-padded-512,verify,0,16,0.0,1,0,1,ip-172-31-43-26,linux,0,4.979,200.84,Signature,True,2025-11-21T22:16:55.836873,,400
Falcon-padded-512,verify,0,64,0.0,1,0,1,ip-172-31-43-26,linux,0,5.3758,186.02,Signature,True,2025-11-21T22:16:55.842290,,401
Falcon-padded-512,verify,0,64,0.0,1,0,1,ip-172-31-43-26,linux,0,8.8264,113.3,Signature,True,2025-11-21T22:16:55.851153,,402
Falcon-padded-512,verify,0,64,0.0,1,0,1,ip-172-31-43-26,linux,0,4.97,201.21,Signature,True,2025-11-21T22:16:55.856163,,403
Falcon-padded-512,verify,0,64,0.0,1,0,1,ip-172-31-43-26,linux,0,5.7626,173.53,Signature,True,2025-11-21T22:16:55.861964,,404
Falcon-padded-512,verify,0,64,0.0,1,0,1,ip-172-31-43-26,linux,0,5.5975,178.65,Signature,True,2025-11-21T22:16:55.867650,,405
Falcon-padded-512,verify,1024,1,0.0,1,0,1,ip-172-31-43-26,linux,0,10.7501,93.02,Signature,True,2025-11-21T22:16:55.878445,,406
Falcon-padded-512,verify,1024,1,0.0,1,0,1,ip-172-31-43-26,linux,0,9.6323,103.82,Signature,True,2025-11-21T22:16:55.888124,,407
Falcon-padded-512,verify,1024,1,0.0,1,0,1,ip-172-31-43-26,linux,0,13.7555,72.7,Signature,True,2025-11-21T22:16:55.901922,,408
Falcon-padded-512,verify,1024,1,0.0,1,0,1,ip-172-31-43-26,linux,0,4.9783,200.87,Signature,True,2025-11-21T22:16:55.906942,,409
Falcon-padded-512,verify,1024,1,0.0,1,0,1,ip-172-31-43-26,linux,0,13.7032,72.98,Signature,True,2025-11-21T22:16:55.920684,,410
Falcon-padded-512,verify,1024,16,0.0,1,0,1,ip-172-31-43-26,linux,0,5.1845,192.88,Signature,True,2025-11-21T22:16:55.925912,,411
Falcon-padded-512,verify,1024,16,0.0,1,0,1,ip-172-31-43-26,linux,0,6.0128,166.31,Signature,True,2025-11-21T22:16:55.931965,,412
Falcon-padded-512,verify,1024,16,0.0,1,0,1,ip-172-31-43-26,linux,0,12.3146,81.2,Signature,True,2025-11-21T22:16:55.944319,,413
Falcon-padded-512,verify,1024,16,0.0,1,0,1,ip-172-31-43-26,linux,0,6.0017,166.62,Signature,True,2025-11-21T22:16:55.950361,,414
Falcon-padded-512,verify,1024,16,0.0,1,0,1,ip-172-31-43-26,linux,0,5.7862,172.82,Signature,True,2025-11-21T22:16:55.956189,,415
Falcon-padded-512,verify,1024,64,0.0,1,0,1,ip-172-31-43-26,linux,0,6.5691,152.23,Signature,True,2025-11-21T22:16:55.962798,,416
Falcon-padded-512,verify,1024,64,0.0,1,0,1,ip-172-31-43-26,linux,0,6.0024,166.6,Signature,True,2025-11-21T22:16:55.968838,,417
Falcon-padded-512,verify,1024,64,0.0,1,0,1,ip-172-31-43-26,linux,0,14.9419,66.93,Signature,True,2025-11-21T22:16:55.983819,,418
Falcon-padded-512,verify,1024,64,0.0,1,0,1,ip-172-31-43-26,linux,0,8.6202,116.01,Signature,True,2025-11-21T22:16:55.992481,,419
Falcon-padded-512,verify,1024,64,0.0,1,0,1,ip-172-31-43-26,linux,0,6.5954,151.62,Signature,True,2025-11-21T22:16:55.999117,,420
MAYO-1,sign,0,1,0.0,1,0,1,ip-172-31-43-26,linux,0,0.8453,1182.99,Signature,True,2025-11-21T22:16:56.000015,,421
MAYO-1,sign,0,1,0.0,1,0,1,ip-172-31-43-26,linux,0,0.5223,1914.53,Signature,True,2025-11-21T22:16:56.000587,,422
MAYO-1,sign,0,1,0.0,1,0,1,ip-172-31-43-26,linux,0,0.5033,1987.07,Signature,True,2025-11-21T22:16:56.001129,,423
MAYO-1,sign,0,1,0.0,1,0,1,ip-172-31-43-26,linux,0,0.4957,2017.42,Signature,True,2025-11-21T22:16:56.001659,,424
MAYO-1,sign,0,1,0.0,1,0,1,ip-172-31-43-26,linux,0,0.4992,2003.31,Signature,True,2025-11-21T22:16:56.002193,,425
MAYO-1,sign,0,16,0.0,1,0,1,ip-172-31-43-26,linux,0,0.5017,1993.34,Signature,True,2025-11-21T22:16:56.002728,,426
MAYO-1,sign,0,16,0.0,1,0,1,ip-172-31-43-26,linux,0,0.5045,1982.29,Signature,True,2025-11-21T22:16:56.003266,,427
MAYO-1,sign,0,16,0.0,1,0,1,ip-172-31-43-26,linux,0,0.5075,1970.33,Signature,True,2025-11-21T22:16:56.003809,,428
MAYO-1,sign,0,16,0.0,1,0,1,ip-172-31-43-26,linux,0,0.5057,1977.35,Signature,True,2025-11-21T22:16:56.004349,,429
MAYO-1,sign,0,16,0.0,1,0,1,ip-172-31-43-26,linux,0,0.492,2032.48,Signature,True,2025-11-21T22:16:56.004874,,430
MAYO-1,sign,0,64,0.0,1,0,1,ip-172-31-43-26,linux,0,0.4991,2003.57,Signature,True,2025-11-21T22:16:56.005405,,431
MAYO-1,sign,0,64,0.0,1,0,1,ip-172-31-43-26,linux,0,0.4916,2034.11,Signature,True,2025-11-21T22:16:56.005932,,432
MAYO-1,sign,0,64,0.0,1,0,1,ip-172-31-43-26,linux,0,0.52,1923.17,Signature,True,2025-11-21T22:16:56.006483,,433
MAYO-1,sign,0,64,0.0,1,0,1,ip-172-31-43-26,linux,0,0.4943,2022.98,Signature,True,2025-11-21T22:16:56.007013,,434
MAYO-1,sign,0,64,0.0,1,0,1,ip-172-31-43-26,linux,0,0.5089,1964.87,Signature,True,2025-11-21T22:16:56.007554,,435
MAYO-1,sign,1024,1,0.0,1,0,1,ip-172-31-43-26,linux,0,0.5006,1997.53,Signature,True,2025-11-21T22:16:56.008089,,436
MAYO-1,sign,1024,1,0.0,1,0,1,ip-172-31-43-26,linux,0,0.5006,1997.49,Signature,True,2025-11-21T22:16:56.008631,,437
MAYO-1,sign,1024,1,0.0,1,0,1,ip-172-31-43-26,linux,0,0.5083,1967.45,Signature,True,2025-11-21T22:16:56.009171,,438
MAYO-1,sign,1024,1,0.0,1,0,1,ip-172-31-43-26,linux,0,0.4987,2005.16,Signature,True,2025-11-21T22:16:56.009704,,439
MAYO-1,sign,1024,1,0.0,1,0,1,ip-172-31-43-26,linux,0,0.5179,1930.86,Signature,True,2025-11-21T22:16:56.010257,,440
MAYO-1,sign,1024,16,0.0,1,0,1,ip-172-31-43-26,linux,0,0.5027,1989.44,Signature,True,2025-11-21T22:16:56.010797,,441
MAYO-1,sign,1024,16,0.0,1,0,1,ip-172-31-43-26,linux,0,0.5122,1952.53,Signature,True,2025-11-21T22:16:56.011343,,442
MAYO-1,sign,1024,16,0.0,1,0,1,ip-172-31-43-26,linux,0,0.5131,1949.06,Signature,True,2025-11-21T22:16:56.011892,,443
MAYO-1,sign,1024,16,0.0,1,0,1,ip-172-31-43-26,linux,0,0.5097,1961.93,Signature,True,2025-11-21T22:16:56.012436,,444
MAYO-1,sign,1024,16,0.0,1,0,1,ip-172-31-43-26,linux,0,0.4964,2014.34,Signature,True,2025-11-21T22:16:56.012967,,445
MAYO-1,sign,1024,64,0.0,1,0,1,ip-172-31-43-26,linux,0,0.5223,1914.7,Signature,True,2025-11-21T22:16:56.013520,,446
MAYO-1,sign,1024,64,0.0,1,0,1,ip-172-31-43-26,linux,0,0.4939,2024.71,Signature,True,2025-11-21T22:16:56.014050,,447
MAYO-1,sign,1024,64,0.0,1,0,1,ip-172-31-43-26,linux,0,0.5163,1937.03,Signature,True,2025-11-21T22:16:56.014597,,448
MAYO-1,sign,1024,64,0.0,1,0,1,ip-172-31-43-26,linux,0,0.5019,1992.53,Signature,True,2025-11-21T22:16:56.015134,,449
MAYO-1,sign,1024,64,0.0,1,0,1,ip-172-31-43-26,linux,0,0.4922,2031.73,Signature,True,2025-11-21T22:16:56.015657,,450
MAYO-1,verify,0,1,0.0,1,0,1,ip-172-31-43-26,linux,0,0.5022,1991.19,Signature,True,2025-11-21T22:16:56.016199,,451
MAYO-1,verify,0,1,0.0,1,0,1,ip-172-31-43-26,linux,0,0.504,1984.12,Signature,True,2025-11-21T22:16:56.016736,,452
MAYO-1,verify,0,1,0.0,1,0,1,ip-172-31-43-26,linux,0,0.5218,1916.43,Signature,True,2025-11-21T22:16:56.017308,,453
MAYO-1,verify,0,1,0.0,1,0,1,ip-172-31-43-26,linux,0,0.4913,2035.4,Signature,True,2025-11-21T22:16:56.017835,,454
MAYO-1,verify,0,1,0.0,1,0,1,ip-172-31-43-26,linux,0,0.5122,1952.2,Signature,True,2025-11-21T22:16:56.018380,,455
MAYO-1,verify,0,16,0.0,1,0,1,ip-172-31-43-26,linux,0,0.4926,2030.1,Signature,True,2025-11-21T22:16:56.018908,,456
MAYO-1,verify,0,16,0.0,1,0,1,ip-172-31-43-26,linux,0,0.5064,1974.73,Signature,True,2025-11-21T22:16:56.019446,,457
MAYO-1,verify,0,16,0.0,1,0,1,ip-172-31-43-26,linux,0,0.4898,2041.61,Signature,True,2025-11-21T22:16:56.019971,,458
MAYO-1,verify,0,16,0.0,1,0,1,ip-172-31-43-26,linux,0,0.5058,1976.93,Signature,True,2025-11-21T22:16:56.020508,,459
MAYO-1,verify,0,16,0.0,1,0,1,ip-172-31-43-26,linux,0,0.4924,2030.82,Signature,True,2025-11-21T22:16:56.021034,,460
MAYO-1,verify,0,64,0.0,1,0,1,ip-172-31-43-26,linux,0,0.5065,1974.28,Signature,True,2025-11-21T22:16:56.021575,,461
MAYO-1,verify,0,64,0.0,1,0,1,ip-172-31-43-26,linux,0,0.5008,1996.81,Signature,True,2025-11-21T22:16:56.022111,,462
MAYO-1,verify,0,64,0.0,1,0,1,ip-172-31-43-26,linux,0,0.5054,1978.57,Signature,True,2025-11-21T22:16:56.022652,,463
MAYO-1,verify,0,64,0.0,1,0,1,ip-172-31-43-26,linux,0,0.5135,1947.42,Signature,True,2025-11-21T22:16:56.023201,,464
MAYO-1,verify,0,64,0.0,1,0,1,ip-172-31-43-26,linux,0,0.5222,1914.79,Signature,True,2025-11-21T22:16:56.023763,,465
MAYO-1,verify,1024,1,0.0,1,0,1,ip-172-31-43-26,linux,0,0.5111,1956.67,Signature,True,2025-11-21T22:16:56.024312,,466
MAYO-1,verify,1024,1,0.0,1,0,1,ip-172-31-43-26,linux,0,0.491,2036.65,Signature,True,2025-11-21T22:16:56.024837,,467
MAYO-1,verify,1024,1,0.0,1,0,1,ip-172-31-43-26,linux,0,0.4999,2000.38,Signature,True,2025-11-21T22:16:56.025366,,468
MAYO-1,verify,1024,1,0.0,1,0,1,ip-172-31-43-26,linux,0,0.489,2044.83,Signature,True,2025-11-21T22:16:56.025886,,469
MAYO-1,verify,1024,1,0.0,1,0,1,ip-172-31-43-26,linux,0,0.5173,1933.11,Signature,True,2025-11-21T22:16:56.026434,,470
MAYO-1,verify,1024,16,0.0,1,0,1,ip-172-31-43-26,linux,0,0.4987,2005.14,Signature,True,2025-11-21T22:16:56.026968,,471
MAYO-1,verify,1024,16,0.0,1,0,1,ip-172-31-43-26,linux,0,0.5062,1975.37,Signature,True,2025-11-21T22:16:56.027505,,472
MAYO-1,verify,1024,16,0.0,1,0,1,ip-172-31-43-26,linux,0,0.4878,2050.2,Signature,True,2025-11-21T22:16:56.028029,,473
MAYO-1,verify,1024,16,0.0,1,0,1,ip-172-31-43-26,linux,0,0.5266,1899.01,Signature,True,2025-11-21T22:16:56.028654,,474
MAYO-1,verify,1024,16,0.0,1,0,1,ip-172-31-43-26,linux,0,0.5334,1874.77,Signature,True,2025-11-21T22:16:56.029231,,475
MAYO-1,verify,1024,64,0.0,1,0,1,ip-172-31-43-26,linux,0,0.5022,1991.21,Signature,True,2025-11-21T22:16:56.029773,,476
MAYO-1,verify,1024,64,0.0,1,0,1,ip-172-31-43-26,linux,0,0.5025,1989.95,Signature,True,2025-11-21T22:16:56.030306,,477
MAYO-1,verify,1024,64,0.0,1,0,1,ip-172-31-43-26,linux,0,0.4876,2050.79,Signature,True,2025-11-21T22:16:56.030825,,478
MAYO-1,verify,1024,64,0.0,1,0,1,ip-172-31-43-26,linux,0,0.501,1996.2,Signature,True,2025-11-21T22:16:56.031357,,479
MAYO-1,verify,1024,64,0.0,1,0,1,ip-172-31-43-26,linux,0,0.4904,2039.32,Signature,True,2025-11-21T22:16:56.031881,,480
MAYO-2,sign,0,1,0.0,1,0,1,ip-172-31-43-26,linux,0,0.3984,2509.86,Signature,True,2025-11-21T22:16:56.032322,,481
MAYO-2,sign,0,1,0.0,1,0,1,ip-172-31-43-26,linux,0,0.3014,3317.63,Signature,True,2025-11-21T22:16:56.032664,,482
MAYO-2,sign,0,1,0.0,1,0,1,ip-172-31-43-26,linux,0,0.2986,3348.49,Signature,True,2025-11-21T22:16:56.032991,,483
MAYO-2,sign,0,1,0.0,1,0,1,ip-172-31-43-26,linux,0,0.3131,3193.48,Signature,True,2025-11-21T22:16:56.033332,,484
MAYO-2,sign,0,1,0.0,1,0,1,ip-172-31-43-26,linux,0,0.2945,3395.7,Signature,True,2025-11-21T22:16:56.033657,,485
MAYO-2,sign,0,16,0.0,1,0,1,ip-172-31-43-26,linux,0,0.2949,3390.97,Signature,True,2025-11-21T22:16:56.033979,,486
MAYO-2,sign,0,16,0.0,1,0,1,ip-172-31-43-26,linux,0,0.323,3096.42,Signature,True,2025-11-21T22:16:56.034329,,487
MAYO-2,sign,0,16,0.0,1,0,1,ip-172-31-43-26,linux,0,0.2921,3423.3,Signature,True,2025-11-21T22:16:56.034651,,488
MAYO-2,sign,0,16,0.0,1,0,1,ip-172-31-43-26,linux,0,0.291,3436.15,Signature,True,2025-11-21T22:16:56.034968,,489
MAYO-2,sign,0,16,0.0,1,0,1,ip-172-31-43-26,linux,0,0.314,3185.12,Signature,True,2025-11-21T22:16:56.035310,,490
MAYO-2,sign,0,64,0.0,1,0,1,ip-172-31-43-26,linux,0,0.2997,3336.84,Signature,True,2025-11-21T22:16:56.035643,,491
MAYO-2,sign,0,64,0.0,1,0,1,ip-172-31-43-26,linux,0,0.2977,3358.69,Signature,True,2025-11-21T22:16:56.035968,,492
MAYO-2,sign,0,64,0.0,1,0,1,ip-172-31-43-26,linux,0,0.3144,3181.07,Signature,True,2025-11-21T22:16:56.036310,,493
MAYO-2,sign,0,64,0.0,1,0,1,ip-172-31-43-26,linux,0,0.2977,3358.83,Signature,True,2025-11-21T22:16:56.036639,,494
MAYO-2,sign,0,64,0.0,1,0,1,ip-172-31-43-26,linux,0,0.2935,3407.53,Signature,True,2025-11-21T22:16:56.036959,,495
MAYO-2,sign,1024,1,0.0,1,0,1,ip-172-31-43-26,linux,0,0.3191,3133.84,Signature,True,2025-11-21T22:16:56.037306,,496
MAYO-2,sign,1024,1,0.0,1,0,1,ip-172-31-43-26,linux,0,0.3019,3312.27,Signature,True,2025-11-21T22:16:56.037638,,497
MAYO-2,sign,1024,1,0.0,1,0,1,ip-172-31-43-26,linux,0,0.3009,3322.82,Signature,True,2025-11-21T22:16:56.037967,,498
MAYO-2,sign,1024,1,0.0,1,0,1,ip-172-31-43-26,linux,0,0.3259,3068.24,Signature,True,2025-11-21T22:16:56.038319,,499
MAYO-2,sign,1024,1,0.0,1,0,1,ip-172-31-43-26,linux,0,0.3049,3279.48,Signature,True,2025-11-21T22:16:56.038654,,500
MAYO-2,sign,1024,16,0.0,1,0,1,ip-172-31-43-26,linux,0,0.2979,3357.1,Signature,True,2025-11-21T22:16:56.038979,,501
MAYO-2,sign,1024,16,0.0,1,0,1,ip-172-31-43-26,linux,0,0.3327,3006.09,Signature,True,2025-11-21T22:16:56.039338,,502
MAYO-2,sign,1024,16,0.0,1,0,1,ip-172-31-43-26,linux,0,0.3068,3259.09,Signature,True,2025-11-21T22:16:56.039678,,503
MAYO-2,sign,1024,16,0.0,1,0,1,ip-172-31-43-26,linux,0,0.302,3311.8,Signature,True,2025-11-21T22:16:56.040008,,504
MAYO-2,sign,1024,16,0.0,1,0,1,ip-172-31-43-26,linux,0,0.3174,3150.72,Signature,True,2025-11-21T22:16:56.040354,,505
MAYO-2,sign,1024,64,0.0,1,0,1,ip-172-31-43-26,linux,0,0.3047,3282.36,Signature,True,2025-11-21T22:16:56.040692,,506
MAYO-2,sign,1024,64,0.0,1,0,1,ip-172-31-43-26,linux,0,0.3024,3306.78,Signature,True,2025-11-21T22:16:56.041023,,507
MAYO-2,sign,1024,64,0.0,1,0,1,ip-172-31-43-26,linux,0,0.3226,3099.86,Signature,True,2025-11-21T22:16:56.041373,,508
MAYO-2,sign,1024,64,0.0,1,0,1,ip-172-31-43-26,linux,0,0.3026,3305.02,Signature,True,2025-11-21T22:16:56.041711,,509
MAYO-2,sign,1024,64,0.0,1,0,1,ip-172-31-43-26,linux,0,0.3026,3304.68,Signature,True,2025-11-21T22:16:56.042041,,510
MAYO-2,verify,0,1,0.0,1,0,1,ip-172-31-43-26,linux,0,0.3244,3082.55,Signature,True,2025-11-21T22:16:56.042404,,511
MAYO-2,verify,0,1,0.0,1,0,1,ip-172-31-43-26,linux,0,0.2968,3369.19,Signature,True,2025-11-21T22:16:56.042734,,512
MAYO-2,verify,0,1,0.0,1,0,1,ip-172-31-43-26,linux,0,0.2939,3402.08,Signature,True,2025-11-21T22:16:56.043054,,513
MAYO-2,verify,0,1,0.0,1,0,1,ip-172-31-43-26,linux,0,0.3475,2877.6,Signature,True,2025-11-21T22:16:56.043431,,514
MAYO-2,verify,0,1,0.0,1,0,1,ip-172-31-43-26,linux,0,0.3002,3330.87,Signature,True,2025-11-21T22:16:56.043769,,515
MAYO-2,verify,0,16,0.0,1,0,1,ip-172-31-43-26,linux,0,0.2965,3373.2,Signature,True,2025-11-21T22:16:56.044107,,516
MAYO-2,verify,0,16,0.0,1,0,1,ip-172-31-43-26,linux,0,0.2982,3353.68,Signature,True,2025-11-21T22:16:56.044435,,517
MAYO-2,verify,0,16,0.0,1,0,1,ip-172-31-43-26,linux,0,0.2939,3402.78,Signature,True,2025-11-21T22:16:56.044756,,518
MAYO-2,verify,0,16,0.0,1,0,1,ip-172-31-43-26,linux,0,0.2961,3377.17,Signature,True,2025-11-21T22:16:56.045078,,519
MAYO-2,verify,0,16,0.0,1,0,1,ip-172-31-43-26,linux,0,0.2971,3365.39,Signature,True,2025-11-21T22:16:56.045409,,520
MAYO-2,verify,0,64,0.0,1,0,1,ip-172-31-43-26,linux,0,0.2916,3428.93,Signature,True,2025-11-21T22:16:56.045728,,521
MAYO-2,verify,0,64,0.0,1,0,1,ip-172-31-43-26,linux,0,0.3252,3074.86,Signature,True,2025-11-21T22:16:56.046079,,522
MAYO-2,verify,0,64,0.0,1,0,1,ip-172-31-43-26,linux,0,0.3108,3217.69,Signature,True,2025-11-21T22:16:56.046432,,523
MAYO-2,verify,0,64,0.0,1,0,1,ip-172-31-43-26,linux,0,0.2936,3405.47,Signature,True,2025-11-21T22:16:56.046756,,524
MAYO-2,verify,0,64,0.0,1,0,1,ip-172-31-43-26,linux,0,0.2898,3450.92,Signature,True,2025-11-21T22:16:56.047073,,525
MAYO-2,verify,1024,1,0.0,1,0,1,ip-172-31-43-26,linux,0,0.3037,3292.46,Signature,True,2025-11-21T22:16:56.047420,,526
MAYO-2,verify,1024,1,0.0,1,0,1,ip-172-31-43-26,linux,0,0.2997,3336.3,Signature,True,2025-11-21T22:16:56.047749,,527
MAYO-2,verify,1024,1,0.0,1,0,1,ip-172-31-43-26,linux,0,0.2985,3350.07,Signature,True,2025-11-21T22:16:56.048072,,528
MAYO-2,verify,1024,1,0.0,1,0,1,ip-172-31-43-26,linux,0,0.3038,3291.18,Signature,True,2025-11-21T22:16:56.048412,,529
MAYO-2,verify,1024,1,0.0,1,0,1,ip-172-31-43-26,linux,0,0.2973,3363.67,Signature,True,2025-11-21T22:16:56.048737,,530
MAYO-2,verify,1024,16,0.0,1,0,1,ip-172-31-43-26,linux,0,0.2992,3341.82,Signature,True,2025-11-21T22:16:56.049062,,531
MAYO-2,verify,1024,16,0.0,1,0,1,ip-172-31-43-26,linux,0,0.3051,3277.52,Signature,True,2025-11-21T22:16:56.049393,,532
MAYO-2,verify,1024,16,0.0,1,0,1,ip-172-31-43-26,linux,0,0.3007,3325.24,Signature,True,2025-11-21T22:16:56.049721,,533
MAYO-2,verify,1024,16,0.0,1,0,1,ip-172-31-43-26,linux,0,0.2961,3376.85,Signature,True,2025-11-21T22:16:56.050045,,534
MAYO-2,verify,1024,16,0.0,1,0,1,ip-172-31-43-26,linux,0,0.3338,2995.52,Signature,True,2025-11-21T22:16:56.050406,,535
MAYO-2,verify,1024,64,0.0,1,0,1,ip-172-31-43-26,linux,0,0.3059,3269.38,Signature,True,2025-11-21T22:16:56.050744,,536
MAYO-2,verify,1024,64,0.0,1,0,1,ip-172-31-43-26,linux,0,0.3358,2978.1,Signature,True,2025-11-21T22:16:56.051109,,537
MAYO-2,verify,1024,64,0.0,1,0,1,ip-172-31-43-26,linux,0,0.3056,3272.24,Signature,True,2025-11-21T22:16:56.051456,,538
MAYO-2,verify,1024,64,0.0,1,0,1,ip-172-31-43-26,linux,0,0.2993,3340.6,Signature,True,2025-11-21T22:16:56.051785,,539
MAYO-2,verify,1024,64,0.0,1,0,1,ip-172-31-43-26,linux,0,0.3383,2956.1,Signature,True,2025-11-21T22:16:56.052153,,540
MAYO-3,sign,0,1,0.0,1,0,1,ip-172-31-43-26,linux,0,1.4934,669.61,Signature,True,2025-11-21T22:16:56.053693,,541
MAYO-3,sign,0,1,0.0,1,0,1,ip-172-31-43-26,linux,0,1.2703,787.2,Signature,True,2025-11-21T22:16:56.055015,,542
MAYO-3,sign,0,1,0.0,1,0,1,ip-172-31-43-26,linux,0,1.261,793.03,Signature,True,2025-11-21T22:16:56.056319,,543
MAYO-3,sign,0,1,0.0,1,0,1,ip-172-31-43-26,linux,0,1.2601,793.6,Signature,True,2025-11-21T22:16:56.057659,,544
MAYO-3,sign,0,1,0.0,1,0,1,ip-172-31-43-26,linux,0,1.2969,771.08,Signature,True,2025-11-21T22:16:56.058999,,545
MAYO-3,sign,0,16,0.0,1,0,1,ip-172-31-43-26,linux,0,1.3098,763.45,Signature,True,2025-11-21T22:16:56.060353,,546
MAYO-3,sign,0,16,0.0,1,0,1,ip-172-31-43-26,linux,0,1.2617,792.61,Signature,True,2025-11-21T22:16:56.061659,,547
MAYO-3,sign,0,16,0.0,1,0,1,ip-172-31-43-26,linux,0,1.3084,764.31,Signature,True,2025-11-21T22:16:56.063008,,548
MAYO-3,sign,0,16,0.0,1,0,1,ip-172-31-43-26,linux,0,1.2748,784.46,Signature,True,2025-11-21T22:16:56.064327,,549
MAYO-3,sign,0,16,0.0,1,0,1,ip-172-31-43-26,linux,0,1.2726,785.81,Signature,True,2025-11-21T22:16:56.065643,,550
MAYO-3,sign,0,64,0.0,1,0,1,ip-172-31-43-26,linux,0,1.2903,775.01,Signature,True,2025-11-21T22:16:56.066975,,551
MAYO-3,sign,0,64,0.0,1,0,1,ip-172-31-43-26,linux,0,1.2691,787.97,Signature,True,2025-11-21T22:16:56.068287,,552
MAYO-3,sign,0,64,0.0,1,0,1,ip-172-31-43-26,linux,0,1.2581,794.86,Signature,True,2025-11-21T22:16:56.069587,,553
MAYO-3,sign,0,64,0.0,1,0,1,ip-172-31-43-26,linux,0,1.2883,776.21,Signature,True,2025-11-21T22:16:56.070916,,554
MAYO-3,sign,0,64,0.0,1,0,1,ip-172-31-43-26,linux,0,1.2913,774.41,Signature,True,2025-11-21T22:16:56.072251,,555
MAYO-3,sign,1024,1,0.0,1,0,1,ip-172-31-43-26,linux,0,1.3005,768.94,Signature,True,2025-11-21T22:16:56.073595,,556
MAYO-3,sign,1024,1,0.0,1,0,1,ip-172-31-43-26,linux,0,1.2729,785.62,Signature,True,2025-11-21T22:16:56.074911,,557
MAYO-3,sign,1024,1,0.0,1,0,1,ip-172-31-43-26,linux,0,1.2734,785.32,Signature,True,2025-11-21T22:16:56.076228,,558
MAYO-3,sign,1024,1,0.0,1,0,1,ip-172-31-43-26,linux,0,1.2731,785.51,Signature,True,2025-11-21T22:16:56.077560,,559
MAYO-3,sign,1024,1,0.0,1,0,1,ip-172-31-43-26,linux,0,1.291,774.57,Signature,True,2025-11-21T22:16:56.078892,,560
MAYO-3,sign,1024,16,0.0,1,0,1,ip-172-31-43-26,linux,0,1.2762,783.57,Signature,True,2025-11-21T22:16:56.080212,,561
MAYO-3,sign,1024,16,0.0,1,0,1,ip-172-31-43-26,linux,0,1.3015,768.35,Signature,True,2025-11-21T22:16:56.081556,,562
MAYO-3,sign,1024,16,0.0,1,0,1,ip-172-31-43-26,linux,0,1.3085,764.21,Signature,True,2025-11-21T22:16:56.082909,,563
MAYO-3,sign,1024,16,0.0,1,0,1,ip-172-31-43-26,linux,0,1.2757,783.86,Signature,True,2025-11-21T22:16:56.084229,,564
MAYO-3,sign,1024,16,0.0,1,0,1,ip-172-31-43-26,linux,0,1.2822,779.92,Signature,True,2025-11-21T22:16:56.085566,,565
MAYO-3,sign,1024,64,0.0,1,0,1,ip-172-31-43-26,linux,0,1.2728,785.66,Signature,True,2025-11-21T22:16:56.086881,,566
MAYO-3,sign,1024,64,0.0,1,0,1,ip-172-31-43-26,linux,0,1.3125,761.92,Signature,True,2025-11-21T22:16:56.088238,,567
MAYO-3,sign,1024,64,0.0,1,0,1,ip-172-31-43-26,linux,0,1.2614,792.78,Signature,True,2025-11-21T22:16:56.089543,,568
MAYO-3,sign,1024,64,0.0,1,0,1,ip-172-31-43-26,linux,0,1.2688,788.12,Signature,True,2025-11-21T22:16:56.090855,,569
MAYO-3,sign,1024,64,0.0,1,0,1,ip-172-31-43-26,linux,0,1.2803,781.09,Signature,True,2025-11-21T22:16:56.092179,,570
MAYO-3,verify,0,1,0.0,1,0,1,ip-172-31-43-26,linux,0,1.2579,795.0,Signature,True,2025-11-21T22:16:56.093487,,571
MAYO-3,verify,0,1,0.0,1,0,1,ip-172-31-43-26,linux,0,1.2921,773.94,Signature,True,2025-11-21T22:16:56.094819,,572
MAYO-3,verify,0,1,0.0,1,0,1,ip-172-31-43-26,linux,0,1.267,789.28,Signature,True,2025-11-21T22:16:56.096130,,573
MAYO-3,verify,0,1,0.0,1,0,1,ip-172-31-43-26,linux,0,1.2514,799.09,Signature,True,2025-11-21T22:16:56.097422,,574
MAYO-3,verify,0,1,0.0,1,0,1,ip-172-31-43-26,linux,0,1.26,793.68,Signature,True,2025-11-21T22:16:56.098721,,575
MAYO-3,verify,0,16,0.0,1,0,1,ip-172-31-43-26,linux,0,1.2564,795.89,Signature,True,2025-11-21T22:16:56.100018,,576
MAYO-3,verify,0,16,0.0,1,0,1,ip-172-31-43-26,linux,0,1.2636,791.41,Signature,True,2025-11-21T22:16:56.101324,,577
MAYO-3,verify,0,16,0.0,1,0,1,ip-172-31-43-26,linux,0,1.2635,791.43,Signature,True,2025-11-21T22:16:56.102630,,578
MAYO-3,verify,0,16,0.0,1,0,1,ip-172-31-43-26,linux,0,1.2634,791.51,Signature,True,2025-11-21T22:16:56.103936,,579
MAYO-3,verify,0,16,0.0,1,0,1,ip-172-31-43-26,linux,0,1.2909,774.68,Signature,True,2025-11-21T22:16:56.105269,,580
MAYO-3,verify,0,64,0.0,1,0,1,ip-172-31-43-26,linux,0,1.262,792.38,Signature,True,2025-11-21T22:16:56.106573,,581
MAYO-3,verify,0,64,0.0,1,0,1,ip-172-31-43-26,linux,0,1.276,783.72,Signature,True,2025-11-21T22:16:56.107890,,582
MAYO-3,verify,0,64,0.0,1,0,1,ip-172-31-43-26,linux,0,1.268,788.61,Signature,True,2025-11-21T22:16:56.109201,,583
MAYO-3,verify,0,64,0.0,1,0,1,ip-172-31-43-26,linux,0,1.2658,789.99,Signature,True,2025-11-21T22:16:56.110508,,584
MAYO-3,verify,0,64,0.0,1,0,1,ip-172-31-43-26,linux,0,1.2897,775.38,Signature,True,2025-11-21T22:16:56.111840,,585
MAYO-3,verify,1024,1,0.0,1,0,1,ip-172-31-43-26,linux,0,1.2976,770.64,Signature,True,2025-11-21T22:16:56.113182,,586
MAYO-3,verify,1024,1,0.0,1,0,1,ip-172-31-43-26,linux,0,1.2786,782.12,Signature,True,2025-11-21T22:16:56.114506,,587
MAYO-3,verify,1024,1,0.0,1,0,1,ip-172-31-43-26,linux,0,1.2648,790.63,Signature,True,2025-11-21T22:16:56.115812,,588
MAYO-3,verify,1024,1,0.0,1,0,1,ip-172-31-43-26,linux,0,1.2745,784.63,Signature,True,2025-11-21T22:16:56.117129,,589
MAYO-3,verify,1024,1,0.0,1,0,1,ip-172-31-43-26,linux,0,1.2838,778.91,Signature,True,2025-11-21T22:16:56.118456,,590
MAYO-3,verify,1024,16,0.0,1,0,1,ip-172-31-43-26,linux,0,1.302,768.07,Signature,True,2025-11-21T22:16:56.119801,,591
MAYO-3,verify,1024,16,0.0,1,0,1,ip-172-31-43-26,linux,0,1.2784,782.25,Signature,True,2025-11-21T22:16:56.121125,,592
MAYO-3,verify,1024,16,0.0,1,0,1,ip-172-31-43-26,linux,0,1.279,781.86,Signature,True,2025-11-21T22:16:56.122448,,593
MAYO-3,verify,1024,16,0.0,1,0,1,ip-172-31-43-26,linux,0,1.281,780.63,Signature,True,2025-11-21T22:16:56.123770,,594
MAYO-3,verify,1024,16,0.0,1,0,1,ip-172-31-43-26,linux,0,1.2779,782.53,Signature,True,2025-11-21T22:16:56.125092,,595
MAYO-3,verify,1024,64,0.0,1,0,1,ip-172-31-43-26,linux,0,1.2902,775.09,Signature,True,2025-11-21T22:16:56.126440,,596
MAYO-3,verify,1024,64,0.0,1,0,1,ip-172-31-43-26,linux,0,1.2802,781.12,Signature,True,2025-11-21T22:16:56.127761,,597
MAYO-3,verify,1024,64,0.0,1,0,1,ip-172-31-43-26,linux,0,1.2678,788.79,Signature,True,2025-11-21T22:16:56.129072,,598
MAYO-3,verify,1024,64,0.0,1,0,1,ip-172-31-43-26,linux,0,1.2859,777.67,Signature,True,2025-11-21T22:16:56.130410,,599
MAYO-3,verify,1024,64,0.0,1,0,1,ip-172-31-43-26,linux,0,1.2801,781.17,Signature,True,2025-11-21T22:16:56.131735,,600
MAYO-5,sign,0,1,0.0,1,0,1,ip-172-31-43-26,linux,0,3.1546,317.0,Signature,True,2025-11-21T22:16:56.134945,,601
MAYO-5,sign,0,1,0.0,1,0,1,ip-172-31-43-26,linux,0,2.8031,356.74,Signature,True,2025-11-21T22:16:56.137799,,602
MAYO-5,sign,0,1,0.0,1,0,1,ip-172-31-43-26,linux,0,2.8057,356.42,Signature,True,2025-11-21T22:16:56.140651,,603
MAYO-5,sign,0,1,0.0,1,0,1,ip-172-31-43-26,linux,0,2.8096,355.92,Signature,True,2025-11-21T22:16:56.143510,,604
MAYO-5,sign,0,1,0.0,1,0,1,ip-172-31-43-26,linux,0,2.8052,356.48,Signature,True,2025-11-21T22:16:56.146365,,605
MAYO-5,sign,0,16,0.0,1,0,1,ip-172-31-43-26,linux,0,2.7734,360.57,Signature,True,2025-11-21T22:16:56.149185,,606
MAYO-5,sign,0,16,0.0,1,0,1,ip-172-31-43-26,linux,0,2.7892,358.52,Signature,True,2025-11-21T22:16:56.152019,,607
MAYO-5,sign,0,16,0.0,1,0,1,ip-172-31-43-26,linux,0,2.8076,356.18,Signature,True,2025-11-21T22:16:56.154874,,608
MAYO-5,sign,0,16,0.0,1,0,1,ip-172-31-43-26,linux,0,2.7821,359.44,Signature,True,2025-11-21T22:16:56.157705,,609
MAYO-5,sign,0,16,0.0,1,0,1,ip-172-31-43-26,linux,0,2.8063,356.34,Signature,True,2025-11-21T22:16:56.160557,,610
MAYO-5,sign,0,64,0.0,1,0,1,ip-172-31-43-26,linux,0,2.8035,356.7,Signature,True,2025-11-21T22:16:56.163411,,611
MAYO-5,sign,0,64,0.0,1,0,1,ip-172-31-43-26,linux,0,2.8134,355.45,Signature,True,2025-11-21T22:16:56.166272,,612
MAYO-5,sign,0,64,0.0,1,0,1,ip-172-31-43-26,linux,0,2.7606,362.23,Signature,True,2025-11-21T22:16:56.169078,,613
MAYO-5,sign,0,64,0.0,1,0,1,ip-172-31-43-26,linux,0,2.7669,361.42,Signature,True,2025-11-21T22:16:56.171899,,614
MAYO-5,sign,0,64,0.0,1,0,1,ip-172-31-43-26,linux,0,2.817,354.99,Signature,True,2025-11-21T22:16:56.174802,,615
MAYO-5,sign,1024,1,0.0,1,0,1,ip-172-31-43-26,linux,0,2.8341,352.85,Signature,True,2025-11-21T22:16:56.177686,,616
MAYO-5,sign,1024,1,0.0,1,0,1,ip-172-31-43-26,linux,0,2.807,356.25,Signature,True,2025-11-21T22:16:56.180543,,617
MAYO-5,sign,1024,1,0.0,1,0,1,ip-172-31-43-26,linux,0,2.7947,357.81,Signature,True,2025-11-21T22:16:56.183384,,618
MAYO-5,sign,1024,1,0.0,1,0,1,ip-172-31-43-26,linux,0,2.7972,357.5,Signature,True,2025-11-21T22:16:56.186227,,619
MAYO-5,sign,1024,1,0.0,1,0,1,ip-172-31-43-26,linux,0,2.7925,358.1,Signature,True,2025-11-21T22:16:56.189070,,620
MAYO-5,sign,1024,16,0.0,1,0,1,ip-172-31-43-26,linux,0,2.7946,357.84,Signature,True,2025-11-21T22:16:56.191931,,621
MAYO-5,sign,1024,16,0.0,1,0,1,ip-172-31-43-26,linux,0,2.7993,357.24,Signature,True,2025-11-21T22:16:56.194777,,622
MAYO-5,sign,1024,16,0.0,1,0,1,ip-172-31-43-26,linux,0,2.7978,357.42,Signature,True,2025-11-21T22:16:56.197619,,623
MAYO-5,sign,1024,16,0.0,1,0,1,ip-172-31-43-26,linux,0,2.815,355.24,Signature,True,2025-11-21T22:16:56.200483,,624
MAYO-5,sign,1024,16,0.0,1,0,1,ip-172-31-43-26,linux,0,2.8088,356.02,Signature,True,2025-11-21T22:16:56.203338,,625
MAYO-5,sign,1024,64,0.0,1,0,1,ip-172-31-43-26,linux,0,2.8031,356.75,Signature,True,2025-11-21T22:16:56.206188,,626
MAYO-5,sign,1024,64,0.0,1,0,1,ip-172-31-43-26,linux,0,2.8044,356.58,Signature,True,2025-11-21T22:16:56.209040,,627
MAYO-5,sign,1024,64,0.0,1,0,1,ip-172-31-43-26,linux,0,2.8135,355.43,Signature,True,2025-11-21T22:16:56.211899,,628
MAYO-5,sign,1024,64,0.0,1,0,1,ip-172-31-43-26,linux,0,2.8104,355.82,Signature,True,2025-11-21T22:16:56.214759,,629
MAYO-5,sign,1024,64,0.0,1,0,1,ip-172-31-43-26,linux,0,2.7873,358.77,Signature,True,2025-11-21T22:16:56.217594,,630
MAYO-5,verify,0,1,0.0,1,0,1,ip-172-31-43-26,linux,0,2.826,353.86,Signature,True,2025-11-21T22:16:56.220477,,631
MAYO-5,verify,0,1,0.0,1,0,1,ip-172-31-43-26,linux,0,2.8115,355.68,Signature,True,2025-11-21T22:16:56.223338,,632
MAYO-5,verify,0,1,0.0,1,0,1,ip-172-31-43-26,linux,0,2.7844,359.14,Signature,True,2025-11-21T22:16:56.226168,,633
MAYO-5,verify,0,1,0.0,1,0,1,ip-172-31-43-26,linux,0,2.7775,360.04,Signature,True,2025-11-21T22:16:56.228991,,634
MAYO-5,verify,0,1,0.0,1,0,1,ip-172-31-43-26,linux,0,2.8078,356.15,Signature,True,2025-11-21T22:16:56.231845,,635
MAYO-5,verify,0,16,0.0,1,0,1,ip-172-31-43-26,linux,0,2.8181,354.85,Signature,True,2025-11-21T22:16:56.234713,,636
MAYO-5,verify,0,16,0.0,1,0,1,ip-172-31-43-26,linux,0,2.7916,358.22,Signature,True,2025-11-21T22:16:56.237553,,637
MAYO-5,verify,0,16,0.0,1,0,1,ip-172-31-43-26,linux,0,2.7739,360.5,Signature,True,2025-11-21T22:16:56.240376,,638
MAYO-5,verify,0,16,0.0,1,0,1,ip-172-31-43-26,linux,0,2.8037,356.68,Signature,True,2025-11-21T22:16:56.243226,,639
MAYO-5,verify,0,16,0.0,1,0,1,ip-172-31-43-26,linux,0,2.7787,359.88,Signature,True,2025-11-21T22:16:56.246069,,640
MAYO-5,verify,0,64,0.0,1,0,1,ip-172-31-43-26,linux,0,2.7633,361.89,Signature,True,2025-11-21T22:16:56.248895,,641
MAYO-5,verify,0,64,0.0,1,0,1,ip-172-31-43-26,linux,0,2.7949,357.79,Signature,True,2025-11-21T22:16:56.251736,,642
MAYO-5,verify,0,64,0.0,1,0,1,ip-172-31-43-26,linux,0,2.7928,358.06,Signature,True,2025-11-21T22:16:56.254573,,643
MAYO-5,verify,0,64,0.0,1,0,1,ip-172-31-43-26,linux,0,2.7836,359.25,Signature,True,2025-11-21T22:16:56.257399,,644
MAYO-5,verify,0,64,0.0,1,0,1,ip-172-31-43-26,linux,0,2.7959,357.66,Signature,True,2025-11-21T22:16:56.260239,,645
MAYO-5,verify,1024,1,0.0,1,0,1,ip-172-31-43-26,linux,0,2.7625,361.99,Signature,True,2025-11-21T22:16:56.263047,,646
MAYO-5,verify,1024,1,0.0,1,0,1,ip-172-31-43-26,linux,0,2.8065,356.32,Signature,True,2025-11-21T22:16:56.265902,,647
MAYO-5,verify,1024,1,0.0,1,0,1,ip-172-31-43-26,linux,0,2.7958,357.68,Signature,True,2025-11-21T22:16:56.268747,,648
MAYO-5,verify,1024,1,0.0,1,0,1,ip-172-31-43-26,linux,0,2.7939,357.93,Signature,True,2025-11-21T22:16:56.271589,,649
MAYO-5,verify,1024,1,0.0,1,0,1,ip-172-31-43-26,linux,0,2.7942,357.88,Signature,True,2025-11-21T22:16:56.274428,,650
MAYO-5,verify,1024,16,0.0,1,0,1,ip-172-31-43-26,linux,0,2.784,359.2,Signature,True,2025-11-21T22:16:56.277260,,651
MAYO-5,verify,1024,16,0.0,1,0,1,ip-172-31-43-26,linux,0,2.7802,359.69,Signature,True,2025-11-21T22:16:56.280085,,652
MAYO-5,verify,1024,16,0.0,1,0,1,ip-172-31-43-26,linux,0,2.7814,359.53,Signature,True,2025-11-21T22:16:56.282922,,653
MAYO-5,verify,1024,16,0.0,1,0,1,ip-172-31-43-26,linux,0,2.7882,358.65,Signature,True,2025-11-21T22:16:56.285756,,654
MAYO-5,verify,1024,16,0.0,1,0,1,ip-172-31-43-26,linux,0,2.812,355.62,Signature,True,2025-11-21T22:16:56.288617,,655
MAYO-5,verify,1024,64,0.0,1,0,1,ip-172-31-43-26,linux,0,2.7822,359.43,Signature,True,2025-11-21T22:16:56.291449,,656
MAYO-5,verify,1024,64,0.0,1,0,1,ip-172-31-43-26,linux,0,2.7921,358.15,Signature,True,2025-11-21T22:16:56.294289,,657
MAYO-5,verify,1024,64,0.0,1,0,1,ip-172-31-43-26,linux,0,2.7848,359.09,Signature,True,2025-11-21T22:16:56.297119,,658
MAYO-5,verify,1024,64,0.0,1,0,1,ip-172-31-43-26,linux,0,2.7789,359.86,Signature,True,2025-11-21T22:16:56.299944,,659
MAYO-5,verify,1024,64,0.0,1,0,1,ip-172-31-43-26,linux,0,2.824,354.1,Signature,True,2025-11-21T22:16:56.302815,,660
ML-DSA-44,sign,0,1,0.0,1,0,1,ip-172-31-43-26,linux,0,0.5836,1713.36,Signature,True,2025-11-21T22:16:56.303457,,661
ML-DSA-44,sign,0,1,0.0,1,0,1,ip-172-31-43-26,linux,0,0.3294,3035.58,Signature,True,2025-11-21T22:16:56.303821,,662
ML-DSA-44,sign,0,1,0.0,1,0,1,ip-172-31-43-26,linux,0,0.5806,1722.49,Signature,True,2025-11-21T22:16:56.304429,,663
ML-DSA-44,sign,0,1,0.0,1,0,1,ip-172-31-43-26,linux,0,0.7321,1365.98,Signature,True,2025-11-21T22:16:56.305195,,664
ML-DSA-44,sign,0,1,0.0,1,0,1,ip-172-31-43-26,linux,0,0.4692,2131.21,Signature,True,2025-11-21T22:16:56.305698,,665
ML-DSA-44,sign,0,16,0.0,1,0,1,ip-172-31-43-26,linux,0,0.4357,2295.22,Signature,True,2025-11-21T22:16:56.306161,,666
ML-DSA-44,sign,0,16,0.0,1,0,1,ip-172-31-43-26,linux,0,0.4586,2180.74,Signature,True,2025-11-21T22:16:56.306649,,667
ML-DSA-44,sign,0,16,0.0,1,0,1,ip-172-31-43-26,linux,0,0.4636,2157.16,Signature,True,2025-11-21T22:16:56.307148,,668
ML-DSA-44,sign,0,16,0.0,1,0,1,ip-172-31-43-26,linux,0,0.3892,2569.31,Signature,True,2025-11-21T22:16:56.307571,,669
ML-DSA-44,sign,0,16,0.0,1,0,1,ip-172-31-43-26,linux,0,0.3258,3069.4,Signature,True,2025-11-21T22:16:56.307926,,670
ML-DSA-44,sign,0,64,0.0,1,0,1,ip-172-31-43-26,linux,0,0.4989,2004.4,Signature,True,2025-11-21T22:16:56.308456,,671
ML-DSA-44,sign,0,64,0.0,1,0,1,ip-172-31-43-26,linux,0,0.5389,1855.72,Signature,True,2025-11-21T22:16:56.309024,,672
ML-DSA-44,sign,0,64,0.0,1,0,1,ip-172-31-43-26,linux,0,0.6475,1544.34,Signature,True,2025-11-21T22:16:56.309702,,673
ML-DSA-44,sign,0,64,0.0,1,0,1,ip-172-31-43-26,linux,0,0.6253,1599.34,Signature,True,2025-11-21T22:16:56.310360,,674
ML-DSA-44,sign,0,64,0.0,1,0,1,ip-172-31-43-26,linux,0,0.3242,3084.73,Signature,True,2025-11-21T22:16:56.310717,,675
ML-DSA-44,sign,1024,1,0.0,1,0,1,ip-172-31-43-26,linux,0,0.5257,1902.2,Signature,True,2025-11-21T22:16:56.311272,,676
ML-DSA-44,sign,1024,1,0.0,1,0,1,ip-172-31-43-26,linux,0,0.3308,3022.68,Signature,True,2025-11-21T22:16:56.311635,,677
ML-DSA-44,sign,1024,1,0.0,1,0,1,ip-172-31-43-26,linux,0,0.3802,2630.44,Signature,True,2025-11-21T22:16:56.312043,,678
ML-DSA-44,sign,1024,1,0.0,1,0,1,ip-172-31-43-26,linux,0,0.3928,2545.56,Signature,True,2025-11-21T22:16:56.312465,,679
ML-DSA-44,sign,1024,1,0.0,1,0,1,ip-172-31-43-26,linux,0,0.3281,3047.66,Signature,True,2025-11-21T22:16:56.312825,,680
ML-DSA-44,sign,1024,16,0.0,1,0,1,ip-172-31-43-26,linux,0,0.4501,2221.63,Signature,True,2025-11-21T22:16:56.313303,,681
ML-DSA-44,sign,1024,16,0.0,1,0,1,ip-172-31-43-26,linux,0,0.3313,3018.28,Signature,True,2025-11-21T22:16:56.313665,,682
ML-DSA-44,sign,1024,16,0.0,1,0,1,ip-172-31-43-26,linux,0,0.6031,1658.14,Signature,True,2025-11-21T22:16:56.314296,,683
ML-DSA-44,sign,1024,16,0.0,1,0,1,ip-172-31-43-26,linux,0,0.4525,2209.76,Signature,True,2025-11-21T22:16:56.314780,,684
ML-DSA-44,sign,1024,16,0.0,1,0,1,ip-172-31-43-26,linux,0,0.7248,1379.6,Signature,True,2025-11-21T22:16:56.315584,,685
ML-DSA-44,sign,1024,64,0.0,1,0,1,ip-172-31-43-26,linux,0,0.5578,1792.69,Signature,True,2025-11-21T22:16:56.316175,,686
ML-DSA-44,sign,1024,64,0.0,1,0,1,ip-172-31-43-26,linux,0,0.4435,2254.71,Signature,True,2025-11-21T22:16:56.316652,,687
ML-DSA-44,sign,1024,64,0.0,1,0,1,ip-172-31-43-26,linux,0,0.3403,2938.37,Signature,True,2025-11-21T22:16:56.317021,,688
ML-DSA-44,sign,1024,64,0.0,1,0,1,ip-172-31-43-26,linux,0,0.4037,2476.84,Signature,True,2025-11-21T22:16:56.317456,,689
ML-DSA-44,sign,1024,64,0.0,1,0,1,ip-172-31-43-26,linux,0,0.3318,3014.13,Signature,True,2025-11-21T22:16:56.317817,,690
ML-DSA-44,verify,0,1,0.0,1,0,1,ip-172-31-43-26,linux,0,0.4592,2177.73,Signature,True,2025-11-21T22:16:56.318315,,691
ML-DSA-44,verify,0,1,0.0,1,0,1,ip-172-31-43-26,linux,0,0.6988,1431.01,Signature,True,2025-11-21T22:16:56.319051,,692
ML-DSA-44,verify,0,1,0.0,1,0,1,ip-172-31-43-26,linux,0,0.3813,2622.75,Signature,True,2025-11-21T22:16:56.319461,,693
ML-DSA-44,verify,0,1,0.0,1,0,1,ip-172-31-43-26,linux,0,0.5435,1839.8,Signature,True,2025-11-21T22:16:56.320035,,694
ML-DSA-44,verify,0,1,0.0,1,0,1,ip-172-31-43-26,linux,0,0.5182,1929.73,Signature,True,2025-11-21T22:16:56.320584,,695
ML-DSA-44,verify,0,16,0.0,1,0,1,ip-172-31-43-26,linux,0,0.8197,1219.92,Signature,True,2025-11-21T22:16:56.321439,,696
ML-DSA-44,verify,0,16,0.0,1,0,1,ip-172-31-43-26,linux,0,0.7195,1389.84,Signature,True,2025-11-21T22:16:56.322192,,697
ML-DSA-44,verify,0,16,0.0,1,0,1,ip-172-31-43-26,linux,0,0.4921,2032.12,Signature,True,2025-11-21T22:16:56.322714,,698
ML-DSA-44,verify,0,16,0.0,1,0,1,ip-172-31-43-26,linux,0,0.6658,1502.01,Signature,True,2025-11-21T22:16:56.323412,,699
ML-DSA-44,verify,0,16,0.0,1,0,1,ip-172-31-43-26,linux,0,0.376,2659.47,Signature,True,2025-11-21T22:16:56.323823,,700
ML-DSA-44,verify,0,64,0.0,1,0,1,ip-172-31-43-26,linux,0,0.3986,2509.0,Signature,True,2025-11-21T22:16:56.324250,,701
ML-DSA-44,verify,0,64,0.0,1,0,1,ip-172-31-43-26,linux,0,0.8749,1142.96,Signature,True,2025-11-21T22:16:56.325158,,702
ML-DSA-44,verify,0,64,0.0,1,0,1,ip-172-31-43-26,linux,0,0.4494,2225.4,Signature,True,2025-11-21T22:16:56.325641,,703
ML-DSA-44,verify,0,64,0.0,1,0,1,ip-172-31-43-26,linux,0,0.6588,1517.95,Signature,True,2025-11-21T22:16:56.326336,,704
ML-DSA-44,verify,0,64,0.0,1,0,1,ip-172-31-43-26,linux,0,0.8593,1163.72,Signature,True,2025-11-21T22:16:56.327228,,705
ML-DSA-44,verify,1024,1,0.0,1,0,1,ip-172-31-43-26,linux,0,0.5744,1741.04,Signature,True,2025-11-21T22:16:56.327833,,706
ML-DSA-44,verify,1024,1,0.0,1,0,1,ip-172-31-43-26,linux,0,0.4596,2175.71,Signature,True,2025-11-21T22:16:56.328323,,707
ML-DSA-44,verify,1024,1,0.0,1,0,1,ip-172-31-43-26,linux,0,0.3881,2576.78,Signature,True,2025-11-21T22:16:56.328753,,708
ML-DSA-44,verify,1024,1,0.0,1,0,1,ip-172-31-43-26,linux,0,0.3881,2576.48,Signature,True,2025-11-21T22:16:56.329170,,709
ML-DSA-44,verify,1024,1,0.0,1,0,1,ip-172-31-43-26,linux,0,0.3371,2966.65,Signature,True,2025-11-21T22:16:56.329538,,710
ML-DSA-44,verify,1024,16,0.0,1,0,1,ip-172-31-43-26,linux,0,0.4955,2018.28,Signature,True,2025-11-21T22:16:56.330062,,711
ML-DSA-44,verify,1024,16,0.0,1,0,1,ip-172-31-43-26,linux,0,0.4191,2385.81,Signature,True,2025-11-21T22:16:56.330512,,712
ML-DSA-44,verify,1024,16,0.0,1,0,1,ip-172-31-43-26,linux,0,0.6618,1510.97,Signature,True,2025-11-21T22:16:56.331206,,713
ML-DSA-44,verify,1024,16,0.0,1,0,1,ip-172-31-43-26,linux,0,0.3962,2524.26,Signature,True,2025-11-21T22:16:56.331641,,714
ML-DSA-44,verify,1024,16,0.0,1,0,1,ip-172-31-43-26,linux,0,0.5082,1967.88,Signature,True,2025-11-21T22:16:56.332181,,715
ML-DSA-44,verify,1024,64,0.0,1,0,1,ip-172-31-43-26,linux,0,0.8515,1174.4,Signature,True,2025-11-21T22:16:56.333065,,716
ML-DSA-44,verify,1024,64,0.0,1,0,1,ip-172-31-43-26,linux,0,0.3984,2510.32,Signature,True,2025-11-21T22:16:56.333492,,717
ML-DSA-44,verify,1024,64,0.0,1,0,1,ip-172-31-43-26,linux,0,0.3911,2557.04,Signature,True,2025-11-21T22:16:56.333914,,718
ML-DSA-44,verify,1024,64,0.0,1,0,1,ip-172-31-43-26,linux,0,0.4541,2202.37,Signature,True,2025-11-21T22:16:56.334399,,719
ML-DSA-44,verify,1024,64,0.0,1,0,1,ip-172-31-43-26,linux,0,0.4947,2021.42,Signature,True,2025-11-21T22:16:56.334926,,720
ML-DSA-65,sign,0,1,0.0,1,0,1,ip-172-31-43-26,linux,0,0.9278,1077.84,Signature,True,2025-11-21T22:16:56.335896,,721
ML-DSA-65,sign,0,1,0.0,1,0,1,ip-172-31-43-26,linux,0,0.7489,1335.21,Signature,True,2025-11-21T22:16:56.336681,,722
ML-DSA-65,sign,0,1,0.0,1,0,1,ip-172-31-43-26,linux,0,1.1837,844.82,Signature,True,2025-11-21T22:16:56.337897,,723
ML-DSA-65,sign,0,1,0.0,1,0,1,ip-172-31-43-26,linux,0,1.2365,808.71,Signature,True,2025-11-21T22:16:56.339168,,724
ML-DSA-65,sign,0,1,0.0,1,0,1,ip-172-31-43-26,linux,0,0.6511,1535.88,Signature,True,2025-11-21T22:16:56.339853,,725
ML-DSA-65,sign,0,16,0.0,1,0,1,ip-172-31-43-26,linux,0,0.7535,1327.07,Signature,True,2025-11-21T22:16:56.340637,,726
ML-DSA-65,sign,0,16,0.0,1,0,1,ip-172-31-43-26,linux,0,0.5187,1927.77,Signature,True,2025-11-21T22:16:56.341193,,727
ML-DSA-65,sign,0,16,0.0,1,0,1,ip-172-31-43-26,linux,0,1.0308,970.15,Signature,True,2025-11-21T22:16:56.342258,,728
ML-DSA-65,sign,0,16,0.0,1,0,1,ip-172-31-43-26,linux,0,2.3616,423.45,Signature,True,2025-11-21T22:16:56.344656,,729
ML-DSA-65,sign,0,16,0.0,1,0,1,ip-172-31-43-26,linux,0,0.6784,1474.14,Signature,True,2025-11-21T22:16:56.345367,,730
ML-DSA-65,sign,0,64,0.0,1,0,1,ip-172-31-43-26,linux,0,0.8194,1220.42,Signature,True,2025-11-21T22:16:56.346220,,731
ML-DSA-65,sign,0,64,0.0,1,0,1,ip-172-31-43-26,linux,0,0.5862,1705.97,Signature,True,2025-11-21T22:16:56.346848,,732
ML-DSA-65,sign,0,64,0.0,1,0,1,ip-172-31-43-26,linux,0,0.5994,1668.46,Signature,True,2025-11-21T22:16:56.347476,,733
ML-DSA-65,sign,0,64,0.0,1,0,1,ip-172-31-43-26,linux,0,1.2776,782.75,Signature,True,2025-11-21T22:16:56.348785,,734
ML-DSA-65,sign,0,64,0.0,1,0,1,ip-172-31-43-26,linux,0,0.5229,1912.33,Signature,True,2025-11-21T22:16:56.349342,,735
ML-DSA-65,sign,1024,1,0.0,1,0,1,ip-172-31-43-26,linux,0,0.8138,1228.73,Signature,True,2025-11-21T22:16:56.350190,,736
ML-DSA-65,sign,1024,1,0.0,1,0,1,ip-172-31-43-26,linux,0,0.6707,1491.02,Signature,True,2025-11-21T22:16:56.350894,,737
ML-DSA-65,sign,1024,1,0.0,1,0,1,ip-172-31-43-26,linux,0,1.0494,952.95,Signature,True,2025-11-21T22:16:56.351977,,738
ML-DSA-65,sign,1024,1,0.0,1,0,1,ip-172-31-43-26,linux,0,0.5936,1684.68,Signature,True,2025-11-21T22:16:56.352618,,739
ML-DSA-65,sign,1024,1,0.0,1,0,1,ip-172-31-43-26,linux,0,0.6032,1657.81,Signature,True,2025-11-21T22:16:56.353255,,740
ML-DSA-65,sign,1024,16,0.0,1,0,1,ip-172-31-43-26,linux,0,0.8808,1135.29,Signature,True,2025-11-21T22:16:56.354167,,741
ML-DSA-65,sign,1024,16,0.0,1,0,1,ip-172-31-43-26,linux,0,0.7503,1332.78,Signature,True,2025-11-21T22:16:56.354951,,742
ML-DSA-65,sign,1024,16,0.0,1,0,1,ip-172-31-43-26,linux,0,0.6109,1636.99,Signature,True,2025-11-21T22:16:56.355594,,743
ML-DSA-65,sign,1024,16,0.0,1,0,1,ip-172-31-43-26,linux,0,0.6725,1486.88,Signature,True,2025-11-21T22:16:56.356297,,744
ML-DSA-65,sign,1024,16,0.0,1,0,1,ip-172-31-43-26,linux,0,1.5995,625.21,Signature,True,2025-11-21T22:16:56.357929,,745
ML-DSA-65,sign,1024,64,0.0,1,0,1,ip-172-31-43-26,linux,0,0.6816,1467.11,Signature,True,2025-11-21T22:16:56.358646,,746
ML-DSA-65,sign,1024,64,0.0,1,0,1,ip-172-31-43-26,linux,0,0.8393,1191.5,Signature,True,2025-11-21T22:16:56.359523,,747
ML-DSA-65,sign,1024,64,0.0,1,0,1,ip-172-31-43-26,linux,0,0.6635,1507.11,Signature,True,2025-11-21T22:16:56.360220,,748
ML-DSA-65,sign,1024,64,0.0,1,0,1,ip-172-31-43-26,linux,0,0.6824,1465.38,Signature,True,2025-11-21T22:16:56.360933,,749
ML-DSA-65,sign,1024,64,0.0,1,0,1,ip-172-31-43-26,linux,0,0.8171,1223.89,Signature,True,2025-11-21T22:16:56.361786,,750
ML-DSA-65,verify,0,1,0.0,1,0,1,ip-172-31-43-26,linux,0,1.4744,678.25,Signature,True,2025-11-21T22:16:56.363302,,751
ML-DSA-65,verify,0,1,0.0,1,0,1,ip-172-31-43-26,linux,0,0.5364,1864.38,Signature,True,2025-11-21T22:16:56.363886,,752
ML-DSA-65,verify,0,1,0.0,1,0,1,ip-172-31-43-26,linux,0,0.6843,1461.28,Signature,True,2025-11-21T22:16:56.364641,,753
ML-DSA-65,verify,0,1,0.0,1,0,1,ip-172-31-43-26,linux,0,0.5432,1841.02,Signature,True,2025-11-21T22:16:56.365220,,754
ML-DSA-65,verify,0,1,0.0,1,0,1,ip-172-31-43-26,linux,0,0.9103,1098.48,Signature,True,2025-11-21T22:16:56.366166,,755
ML-DSA-65,verify,0,16,0.0,1,0,1,ip-172-31-43-26,linux,0,0.9199,1087.11,Signature,True,2025-11-21T22:16:56.367123,,756
ML-DSA-65,verify,0,16,0.0,1,0,1,ip-172-31-43-26,linux,0,0.7326,1365.03,Signature,True,2025-11-21T22:16:56.367887,,757
ML-DSA-65,verify,0,16,0.0,1,0,1,ip-172-31-43-26,linux,0,0.5954,1679.43,Signature,True,2025-11-21T22:16:56.368515,,758
ML-DSA-65,verify,0,16,0.0,1,0,1,ip-172-31-43-26,linux,0,0.6774,1476.21,Signature,True,2025-11-21T22:16:56.369227,,759
ML-DSA-65,verify,0,16,0.0,1,0,1,ip-172-31-43-26,linux,0,1.8853,530.43,Signature,True,2025-11-21T22:16:56.371146,,760
ML-DSA-65,verify,0,64,0.0,1,0,1,ip-172-31-43-26,linux,0,0.7214,1386.24,Signature,True,2025-11-21T22:16:56.371903,,761
ML-DSA-65,verify,0,64,0.0,1,0,1,ip-172-31-43-26,linux,0,0.9511,1051.4,Signature,True,2025-11-21T22:16:56.372886,,762
ML-DSA-65,verify,0,64,0.0,1,0,1,ip-172-31-43-26,linux,0,0.7513,1330.97,Signature,True,2025-11-21T22:16:56.373671,,763
ML-DSA-65,verify,0,64,0.0,1,0,1,ip-172-31-43-26,linux,0,0.9545,1047.66,Signature,True,2025-11-21T22:16:56.374660,,764
ML-DSA-65,verify,0,64,0.0,1,0,1,ip-172-31-43-26,linux,0,0.8245,1212.83,Signature,True,2025-11-21T22:16:56.375520,,765
ML-DSA-65,verify,1024,1,0.0,1,0,1,ip-172-31-43-26,linux,0,0.586,1706.51,Signature,True,2025-11-21T22:16:56.376140,,766
ML-DSA-65,verify,1024,1,0.0,1,0,1,ip-172-31-43-26,linux,0,0.8199,1219.68,Signature,True,2025-11-21T22:16:56.376994,,767
ML-DSA-65,verify,1024,1,0.0,1,0,1,ip-172-31-43-26,linux,0,0.747,1338.75,Signature,True,2025-11-21T22:16:56.377774,,768
ML-DSA-65,verify,1024,1,0.0,1,0,1,ip-172-31-43-26,linux,0,0.6711,1490.16,Signature,True,2025-11-21T22:16:56.378478,,769
ML-DSA-65,verify,1024,1,0.0,1,0,1,ip-172-31-43-26,linux,0,1.8881,529.63,Signature,True,2025-11-21T22:16:56.380399,,770
ML-DSA-65,verify,1024,16,0.0,1,0,1,ip-172-31-43-26,linux,0,0.9784,1022.07,Signature,True,2025-11-21T22:16:56.381412,,771
ML-DSA-65,verify,1024,16,0.0,1,0,1,ip-172-31-43-26,linux,0,0.7615,1313.17,Signature,True,2025-11-21T22:16:56.382210,,772
ML-DSA-65,verify,1024,16,0.0,1,0,1,ip-172-31-43-26,linux,0,0.8689,1150.84,Signature,True,2025-11-21T22:16:56.383114,,773
ML-DSA-65,verify,1024,16,0.0,1,0,1,ip-172-31-43-26,linux,0,0.5796,1725.38,Signature,True,2025-11-21T22:16:56.383727,,774
ML-DSA-65,verify,1024,16,0.0,1,0,1,ip-172-31-43-26,linux,0,0.794,1259.5,Signature,True,2025-11-21T22:16:56.384549,,775
ML-DSA-65,verify,1024,64,0.0,1,0,1,ip-172-31-43-26,linux,0,0.6016,1662.1,Signature,True,2025-11-21T22:16:56.385185,,776
ML-DSA-65,verify,1024,64,0.0,1,0,1,ip-172-31-43-26,linux,0,0.9085,1100.69,Signature,True,2025-11-21T22:16:56.386129,,777
ML-DSA-65,verify,1024,64,0.0,1,0,1,ip-172-31-43-26,linux,0,0.6017,1661.89,Signature,True,2025-11-21T22:16:56.386765,,778
ML-DSA-65,verify,1024,64,0.0,1,0,1,ip-172-31-43-26,linux,0,0.6849,1460.03,Signature,True,2025-11-21T22:16:56.387480,,779
ML-DSA-65,verify,1024,64,0.0,1,0,1,ip-172-31-43-26,linux,0,1.0038,996.18,Signature,True,2025-11-21T22:16:56.388515,,780
ML-DSA-87,sign,0,1,0.0,1,0,1,ip-172-31-43-26,linux,0,0.9844,1015.85,Signature,True,2025-11-21T22:16:56.389543,,781
ML-DSA-87,sign,0,1,0.0,1,0,1,ip-172-31-43-26,linux,0,0.9717,1029.12,Signature,True,2025-11-21T22:16:56.390549,,782
ML-DSA-87,sign,0,1,0.0,1,0,1,ip-172-31-43-26,linux,0,1.3008,768.75,Signature,True,2025-11-21T22:16:56.391886,,783
ML-DSA-87,sign,0,1,0.0,1,0,1,ip-172-31-43-26,linux,0,1.9237,519.83,Signature,True,2025-11-21T22:16:56.393845,,784
ML-DSA-87,sign,0,1,0.0,1,0,1,ip-172-31-43-26,linux,0,0.8125,1230.84,Signature,True,2025-11-21T22:16:56.394694,,785
ML-DSA-87,sign,0,16,0.0,1,0,1,ip-172-31-43-26,linux,0,1.0947,913.47,Signature,True,2025-11-21T22:16:56.395827,,786
ML-DSA-87,sign,0,16,0.0,1,0,1,ip-172-31-43-26,linux,0,0.8855,1129.32,Signature,True,2025-11-21T22:16:56.396747,,787
ML-DSA-87,sign,0,16,0.0,1,0,1,ip-172-31-43-26,linux,0,0.8854,1129.46,Signature,True,2025-11-21T22:16:56.397666,,788
ML-DSA-87,sign,0,16,0.0,1,0,1,ip-172-31-43-26,linux,0,1.7828,560.9,Signature,True,2025-11-21T22:16:56.399485,,789
ML-DSA-87,sign,0,16,0.0,1,0,1,ip-172-31-43-26,linux,0,1.4055,711.49,Signature,True,2025-11-21T22:16:56.400926,,790
ML-DSA-87,sign,0,64,0.0,1,0,1,ip-172-31-43-26,linux,0,0.8881,1126.01,Signature,True,2025-11-21T22:16:56.401849,,791
ML-DSA-87,sign,0,64,0.0,1,0,1,ip-172-31-43-26,linux,0,1.1672,856.73,Signature,True,2025-11-21T22:16:56.403050,,792
ML-DSA-87,sign,0,64,0.0,1,0,1,ip-172-31-43-26,linux,0,0.9059,1103.84,Signature,True,2025-11-21T22:16:56.403993,,793
ML-DSA-87,sign,0,64,0.0,1,0,1,ip-172-31-43-26,linux,0,0.8991,1112.28,Signature,True,2025-11-21T22:16:56.404929,,794
ML-DSA-87,sign,0,64,0.0,1,0,1,ip-172-31-43-26,linux,0,1.4574,686.17,Signature,True,2025-11-21T22:16:56.406424,,795
ML-DSA-87,sign,1024,1,0.0,1,0,1,ip-172-31-43-26,linux,0,0.9655,1035.75,Signature,True,2025-11-21T22:16:56.407425,,796
ML-DSA-87,sign,1024,1,0.0,1,0,1,ip-172-31-43-26,linux,0,0.7926,1261.68,Signature,True,2025-11-21T22:16:56.408253,,797
ML-DSA-87,sign,1024,1,0.0,1,0,1,ip-172-31-43-26,linux,0,0.7687,1300.87,Signature,True,2025-11-21T22:16:56.409058,,798
ML-DSA-87,sign,1024,1,0.0,1,0,1,ip-172-31-43-26,linux,0,0.7738,1292.37,Signature,True,2025-11-21T22:16:56.409863,,799
ML-DSA-87,sign,1024,1,0.0,1,0,1,ip-172-31-43-26,linux,0,0.8046,1242.85,Signature,True,2025-11-21T22:16:56.410702,,800
ML-DSA-87,sign,1024,16,0.0,1,0,1,ip-172-31-43-26,linux,0,0.7806,1281.08,Signature,True,2025-11-21T22:16:56.411518,,801
ML-DSA-87,sign,1024,16,0.0,1,0,1,ip-172-31-43-26,linux,0,0.7779,1285.58,Signature,True,2025-11-21T22:16:56.412329,,802
ML-DSA-87,sign,1024,16,0.0,1,0,1,ip-172-31-43-26,linux,0,0.7928,1261.32,Signature,True,2025-11-21T22:16:56.413153,,803
ML-DSA-87,sign,1024,16,0.0,1,0,1,ip-172-31-43-26,linux,0,0.8584,1165.01,Signature,True,2025-11-21T22:16:56.414047,,804
ML-DSA-87,sign,1024,16,0.0,1,0,1,ip-172-31-43-26,linux,0,0.7906,1264.87,Signature,True,2025-11-21T22:16:56.414869,,805
ML-DSA-87,sign,1024,64,0.0,1,0,1,ip-172-31-43-26,linux,0,0.8085,1236.85,Signature,True,2025-11-21T22:16:56.415713,,806
ML-DSA-87,sign,1024,64,0.0,1,0,1,ip-172-31-43-26,linux,0,1.2335,810.7,Signature,True,2025-11-21T22:16:56.416984,,807
ML-DSA-87,sign,1024,64,0.0,1,0,1,ip-172-31-43-26,linux,0,1.4636,683.25,Signature,True,2025-11-21T22:16:56.418484,,808
ML-DSA-87,sign,1024,64,0.0,1,0,1,ip-172-31-43-26,linux,0,0.9119,1096.59,Signature,True,2025-11-21T22:16:56.419439,,809
ML-DSA-87,sign,1024,64,0.0,1,0,1,ip-172-31-43-26,linux,0,0.9616,1039.98,Signature,True,2025-11-21T22:16:56.420435,,810
ML-DSA-87,verify,0,1,0.0,1,0,1,ip-172-31-43-26,linux,0,2.4649,405.7,Signature,True,2025-11-21T22:16:56.422941,,811
ML-DSA-87,verify,0,1,0.0,1,0,1,ip-172-31-43-26,linux,0,0.9674,1033.66,Signature,True,2025-11-21T22:16:56.423944,,812
ML-DSA-87,verify,0,1,0.0,1,0,1,ip-172-31-43-26,linux,0,0.8769,1140.44,Signature,True,2025-11-21T22:16:56.424856,,813
ML-DSA-87,verify,0,1,0.0,1,0,1,ip-172-31-43-26,linux,0,1.204,830.58,Signature,True,2025-11-21T22:16:56.426105,,814
ML-DSA-87,verify,0,1,0.0,1,0,1,ip-172-31-43-26,linux,0,1.784,560.55,Signature,True,2025-11-21T22:16:56.427926,,815
ML-DSA-87,verify,0,16,0.0,1,0,1,ip-172-31-43-26,linux,0,1.4609,684.5,Signature,True,2025-11-21T22:16:56.429425,,816
ML-DSA-87,verify,0,16,0.0,1,0,1,ip-172-31-43-26,linux,0,0.8939,1118.72,Signature,True,2025-11-21T22:16:56.430355,,817
ML-DSA-87,verify,0,16,0.0,1,0,1,ip-172-31-43-26,linux,0,1.1785,848.52,Signature,True,2025-11-21T22:16:56.431566,,818
ML-DSA-87,verify,0,16,0.0,1,0,1,ip-172-31-43-26,linux,0,0.8715,1147.5,Signature,True,2025-11-21T22:16:56.432473,,819
ML-DSA-87,verify,0,16,0.0,1,0,1,ip-172-31-43-26,linux,0,0.9809,1019.52,Signature,True,2025-11-21T22:16:56.433490,,820
ML-DSA-87,verify,0,64,0.0,1,0,1,ip-172-31-43-26,linux,0,0.7774,1286.38,Signature,True,2025-11-21T22:16:56.434312,,821
ML-DSA-87,verify,0,64,0.0,1,0,1,ip-172-31-43-26,linux,0,0.8878,1126.41,Signature,True,2025-11-21T22:16:56.435279,,822
ML-DSA-87,verify,0,64,0.0,1,0,1,ip-172-31-43-26,linux,0,0.7804,1281.47,Signature,True,2025-11-21T22:16:56.436103,,823
ML-DSA-87,verify,0,64,0.0,1,0,1,ip-172-31-43-26,linux,0,1.2065,828.87,Signature,True,2025-11-21T22:16:56.437346,,824
ML-DSA-87,verify,0,64,0.0,1,0,1,ip-172-31-43-26,linux,0,0.7748,1290.66,Signature,True,2025-11-21T22:16:56.438158,,825
ML-DSA-87,verify,1024,1,0.0,1,0,1,ip-172-31-43-26,linux,0,1.218,821.01,Signature,True,2025-11-21T22:16:56.439411,,826
ML-DSA-87,verify,1024,1,0.0,1,0,1,ip-172-31-43-26,linux,0,1.4304,699.12,Signature,True,2025-11-21T22:16:56.440877,,827
ML-DSA-87,verify,1024,1,0.0,1,0,1,ip-172-31-43-26,linux,0,0.7914,1263.61,Signature,True,2025-11-21T22:16:56.441705,,828
ML-DSA-87,verify,1024,1,0.0,1,0,1,ip-172-31-43-26,linux,0,1.3196,757.82,Signature,True,2025-11-21T22:16:56.443059,,829
ML-DSA-87,verify,1024,1,0.0,1,0,1,ip-172-31-43-26,linux,0,1.2187,820.54,Signature,True,2025-11-21T22:16:56.444314,,830
ML-DSA-87,verify,1024,16,0.0,1,0,1,ip-172-31-43-26,linux,0,0.9985,1001.47,Signature,True,2025-11-21T22:16:56.445354,,831
ML-DSA-87,verify,1024,16,0.0,1,0,1,ip-172-31-43-26,linux,0,1.3122,762.07,Signature,True,2025-11-21T22:16:56.446702,,832
ML-DSA-87,verify,1024,16,0.0,1,0,1,ip-172-31-43-26,linux,0,0.7812,1280.03,Signature,True,2025-11-21T22:16:56.447517,,833
ML-DSA-87,verify,1024,16,0.0,1,0,1,ip-172-31-43-26,linux,0,0.899,1112.33,Signature,True,2025-11-21T22:16:56.448451,,834
ML-DSA-87,verify,1024,16,0.0,1,0,1,ip-172-31-43-26,linux,0,1.002,998.03,Signature,True,2025-11-21T22:16:56.449487,,835
ML-DSA-87,verify,1024,64,0.0,1,0,1,ip-172-31-43-26,linux,0,1.0851,921.57,Signature,True,2025-11-21T22:16:56.450610,,836
ML-DSA-87,verify,1024,64,0.0,1,0,1,ip-172-31-43-26,linux,0,0.8037,1244.32,Signature,True,2025-11-21T22:16:56.451449,,837
ML-DSA-87,verify,1024,64,0.0,1,0,1,ip-172-31-43-26,linux,0,1.6218,616.59,Signature,True,2025-11-21T22:16:56.453106,,838
ML-DSA-87,verify,1024,64,0.0,1,0,1,ip-172-31-43-26,linux,0,1.0145,985.68,Signature,True,2025-11-21T22:16:56.454156,,839
ML-DSA-87,verify,1024,64,0.0,1,0,1,ip-172-31-43-26,linux,0,0.7782,1285.04,Signature,True,2025-11-21T22:16:56.454968,,840
OV-III,sign,0,1,0.0,1,0,1,ip-172-31-43-26,linux,0,8.4579,118.23,Signature,True,2025-11-21T22:16:56.463781,,841
OV-III,sign,0,1,0.0,1,0,1,ip-172-31-43-26,linux,0,7.1438,139.98,Signature,True,2025-11-21T22:16:56.471236,,842
OV-III,sign,0,1,0.0,1,0,1,ip-172-31-43-26,linux,0,7.5303,132.8,Signature,True,2025-11-21T22:16:56.479071,,843
OV-III,sign,0,1,0.0,1,0,1,ip-172-31-43-26,linux,0,7.3671,135.74,Signature,True,2025-11-21T22:16:56.486734,,844
OV-III,sign,0,1,0.0,1,0,1,ip-172-31-43-26,linux,0,7.4753,133.77,Signature,True,2025-11-21T22:16:56.494495,,845
OV-III,sign,0,16,0.0,1,0,1,ip-172-31-43-26,linux,0,7.3728,135.63,Signature,True,2025-11-21T22:16:56.502177,,846
OV-III,sign,0,16,0.0,1,0,1,ip-172-31-43-26,linux,0,7.4774,133.74,Signature,True,2025-11-21T22:16:56.509944,,847
OV-III,sign,0,16,0.0,1,0,1,ip-172-31-43-26,linux,0,7.383,135.45,Signature,True,2025-11-21T22:16:56.517621,,848
OV-III,sign,0,16,0.0,1,0,1,ip-172-31-43-26,linux,0,7.4124,134.91,Signature,True,2025-11-21T22:16:56.525328,,849
OV-III,sign,0,16,0.0,1,0,1,ip-172-31-43-26,linux,0,7.3149,136.71,Signature,True,2025-11-21T22:16:56.532928,,850
OV-III,sign,0,64,0.0,1,0,1,ip-172-31-43-26,linux,0,7.407,135.01,Signature,True,2025-11-21T22:16:56.540622,,851
OV-III,sign,0,64,0.0,1,0,1,ip-172-31-43-26,linux,0,7.3188,136.63,Signature,True,2025-11-21T22:16:56.548238,,852
OV-III,sign,0,64,0.0,1,0,1,ip-172-31-43-26,linux,0,7.4351,134.5,Signature,True,2025-11-21T22:16:56.555954,,853
OV-III,sign,0,64,0.0,1,0,1,ip-172-31-43-26,linux,0,7.3461,136.13,Signature,True,2025-11-21T22:16:56.563587,,854
OV-III,sign,0,64,0.0,1,0,1,ip-172-31-43-26,linux,0,7.3939,135.25,Signature,True,2025-11-21T22:16:56.571279,,855
OV-III,sign,1024,1,0.0,1,0,1,ip-172-31-43-26,linux,0,7.7028,129.82,Signature,True,2025-11-21T22:16:56.579362,,856
OV-III,sign,1024,1,0.0,1,0,1,ip-172-31-43-26,linux,0,7.6442,130.82,Signature,True,2025-11-21T22:16:56.587375,,857
OV-III,sign,1024,1,0.0,1,0,1,ip-172-31-43-26,linux,0,7.6198,131.24,Signature,True,2025-11-21T22:16:56.595366,,858
OV-III,sign,1024,1,0.0,1,0,1,ip-172-31-43-26,linux,0,7.5804,131.92,Signature,True,2025-11-21T22:16:56.603332,,859
OV-III,sign,1024,1,0.0,1,0,1,ip-172-31-43-26,linux,0,7.5978,131.62,Signature,True,2025-11-21T22:16:56.611301,,860
OV-III,sign,1024,16,0.0,1,0,1,ip-172-31-43-26,linux,0,7.7121,129.67,Signature,True,2025-11-21T22:16:56.619381,,861
OV-III,sign,1024,16,0.0,1,0,1,ip-172-31-43-26,linux,0,7.6054,131.49,Signature,True,2025-11-21T22:16:56.627358,,862
OV-III,sign,1024,16,0.0,1,0,1,ip-172-31-43-26,linux,0,7.6244,131.16,Signature,True,2025-11-21T22:16:56.635351,,863
OV-III,sign,1024,16,0.0,1,0,1,ip-172-31-43-26,linux,0,7.6162,131.3,Signature,True,2025-11-21T22:16:56.643343,,864
OV-III,sign,1024,16,0.0,1,0,1,ip-172-31-43-26,linux,0,7.7421,129.16,Signature,True,2025-11-21T22:16:56.651453,,865
OV-III,sign,1024,64,0.0,1,0,1,ip-172-31-43-26,linux,0,7.714,129.63,Signature,True,2025-11-21T22:16:56.659555,,866
OV-III,sign,1024,64,0.0,1,0,1,ip-172-31-43-26,linux,0,7.7303,129.36,Signature,True,2025-11-21T22:16:56.667669,,867
OV-III,sign,1024,64,0.0,1,0,1,ip-172-31-43-26,linux,0,7.6394,130.9,Signature,True,2025-11-21T22:16:56.675679,,868
OV-III,sign,1024,64,0.0,1,0,1,ip-172-31-43-26,linux,0,7.6788,130.23,Signature,True,2025-11-21T22:16:56.683738,,869
OV-III,sign,1024,64,0.0,1,0,1,ip-172-31-43-26,linux,0,7.6723,130.34,Signature,True,2025-11-21T22:16:56.691788,,870
OV-III,verify,0,1,0.0,1,0,1,ip-172-31-43-26,linux,0,7.3788,135.52,Signature,True,2025-11-21T22:16:56.699499,,871
OV-III,verify,0,1,0.0,1,0,1,ip-172-31-43-26,linux,0,7.3674,135.73,Signature,True,2025-11-21T22:16:56.707190,,872
OV-III,verify,0,1,0.0,1,0,1,ip-172-31-43-26,linux,0,7.4209,134.75,Signature,True,2025-11-21T22:16:56.714917,,873
OV-III,verify,0,1,0.0,1,0,1,ip-172-31-43-26,linux,0,7.3712,135.66,Signature,True,2025-11-21T22:16:56.722592,,874
OV-III,verify,0,1,0.0,1,0,1,ip-172-31-43-26,linux,0,7.3648,135.78,Signature,True,2025-11-21T22:16:56.730281,,875
OV-III,verify,0,16,0.0,1,0,1,ip-172-31-43-26,linux,0,7.3234,136.55,Signature,True,2025-11-21T22:16:56.737887,,876
OV-III,verify,0,16,0.0,1,0,1,ip-172-31-43-26,linux,0,7.3944,135.24,Signature,True,2025-11-21T22:16:56.745569,,877
OV-III,verify,0,16,0.0,1,0,1,ip-172-31-43-26,linux,0,7.375,135.59,Signature,True,2025-11-21T22:16:56.753238,,878
OV-III,verify,0,16,0.0,1,0,1,ip-172-31-43-26,linux,0,7.3153,136.7,Signature,True,2025-11-21T22:16:56.760831,,879
OV-III,verify,0,16,0.0,1,0,1,ip-172-31-43-26,linux,0,7.3566,135.93,Signature,True,2025-11-21T22:16:56.768469,,880
OV-III,verify,0,64,0.0,1,0,1,ip-172-31-43-26,linux,0,7.3574,135.92,Signature,True,2025-11-21T22:16:56.776123,,881
OV-III,verify,0,64,0.0,1,0,1,ip-172-31-43-26,linux,0,7.3146,136.71,Signature,True,2025-11-21T22:16:56.783712,,882
OV-III,verify,0,64,0.0,1,0,1,ip-172-31-43-26,linux,0,7.3749,135.59,Signature,True,2025-11-21T22:16:56.791380,,883
OV-III,verify,0,64,0.0,1,0,1,ip-172-31-43-26,linux,0,7.3628,135.82,Signature,True,2025-11-21T22:16:56.799033,,884
OV-III,verify,0,64,0.0,1,0,1,ip-172-31-43-26,linux,0,7.357,135.92,Signature,True,2025-11-21T22:16:56.806702,,885
OV-III,verify,1024,1,0.0,1,0,1,ip-172-31-43-26,linux,0,7.7351,129.28,Signature,True,2025-11-21T22:16:56.814811,,886
OV-III,verify,1024,1,0.0,1,0,1,ip-172-31-43-26,linux,0,7.5411,132.61,Signature,True,2025-11-21T22:16:56.822713,,887
OV-III,verify,1024,1,0.0,1,0,1,ip-172-31-43-26,linux,0,7.6791,130.22,Signature,True,2025-11-21T22:16:56.830749,,888
OV-III,verify,1024,1,0.0,1,0,1,ip-172-31-43-26,linux,0,7.5228,132.93,Signature,True,2025-11-21T22:16:56.838636,,889
OV-III,verify,1024,1,0.0,1,0,1,ip-172-31-43-26,linux,0,7.6747,130.3,Signature,True,2025-11-21T22:16:56.846675,,890
OV-III,verify,1024,16,0.0,1,0,1,ip-172-31-43-26,linux,0,7.5353,132.71,Signature,True,2025-11-21T22:16:56.854580,,891
OV-III,verify,1024,16,0.0,1,0,1,ip-172-31-43-26,linux,0,7.6306,131.05,Signature,True,2025-11-21T22:16:56.862604,,892
OV-III,verify,1024,16,0.0,1,0,1,ip-172-31-43-26,linux,0,7.5082,133.19,Signature,True,2025-11-21T22:16:56.870496,,893
OV-III,verify,1024,16,0.0,1,0,1,ip-172-31-43-26,linux,0,7.6965,129.93,Signature,True,2025-11-21T22:16:56.878557,,894
OV-III,verify,1024,16,0.0,1,0,1,ip-172-31-43-26,linux,0,7.4876,133.55,Signature,True,2025-11-21T22:16:56.886421,,895
OV-III,verify,1024,64,0.0,1,0,1,ip-172-31-43-26,linux,0,7.6434,130.83,Signature,True,2025-11-21T22:16:56.894441,,896
OV-III,verify,1024,64,0.0,1,0,1,ip-172-31-43-26,linux,0,7.4919,133.48,Signature,True,2025-11-21T22:16:56.902313,,897
OV-III,verify,1024,64,0.0,1,0,1,ip-172-31-43-26,linux,0,7.599,131.6,Signature,True,2025-11-21T22:16:56.910289,,898
OV-III,verify,1024,64,0.0,1,0,1,ip-172-31-43-26,linux,0,7.5031,133.28,Signature,True,2025-11-21T22:16:56.918169,,899
OV-III,verify,1024,64,0.0,1,0,1,ip-172-31-43-26,linux,0,7.6498,130.72,Signature,True,2025-11-21T22:16:56.926200,,900
OV-III-pkc,sign,0,1,0.0,1,0,1,ip-172-31-43-26,linux,0,7.4843,133.61,Signature,True,2025-11-21T22:16:56.933931,,901
OV-III-pkc,sign,0,1,0.0,1,0,1,ip-172-31-43-26,linux,0,7.1656,139.56,Signature,True,2025-11-21T22:16:56.941330,,902
OV-III-pkc,sign,0,1,0.0,1,0,1,ip-172-31-43-26,linux,0,7.175,139.37,Signature,True,2025-11-21T22:16:56.948727,,903
OV-III-pkc,sign,0,1,0.0,1,0,1,ip-172-31-43-26,linux,0,7.1242,140.37,Signature,True,2025-11-21T22:16:56.956074,,904
OV-III-pkc,sign,0,1,0.0,1,0,1,ip-172-31-43-26,linux,0,7.2067,138.76,Signature,True,2025-11-21T22:16:56.963516,,905
OV-III-pkc,sign,0,16,0.0,1,0,1,ip-172-31-43-26,linux,0,7.0789,141.26,Signature,True,2025-11-21T22:16:56.970820,,906
OV-III-pkc,sign,0,16,0.0,1,0,1,ip-172-31-43-26,linux,0,7.1698,139.47,Signature,True,2025-11-21T22:16:56.978234,,907
OV-III-pkc,sign,0,16,0.0,1,0,1,ip-172-31-43-26,linux,0,7.1639,139.59,Signature,True,2025-11-21T22:16:56.985630,,908
OV-III-pkc,sign,0,16,0.0,1,0,1,ip-172-31-43-26,linux,0,7.1968,138.95,Signature,True,2025-11-21T22:16:56.993052,,909
OV-III-pkc,sign,0,16,0.0,1,0,1,ip-172-31-43-26,linux,0,7.1284,140.28,Signature,True,2025-11-21T22:16:57.000420,,910
OV-III-pkc,sign,0,64,0.0,1,0,1,ip-172-31-43-26,linux,0,7.2512,137.91,Signature,True,2025-11-21T22:16:57.007902,,911
OV-III-pkc,sign,0,64,0.0,1,0,1,ip-172-31-43-26,linux,0,7.2038,138.82,Signature,True,2025-11-21T22:16:57.015344,,912
OV-III-pkc,sign,0,64,0.0,1,0,1,ip-172-31-43-26,linux,0,7.2167,138.57,Signature,True,2025-11-21T22:16:57.022802,,913
OV-III-pkc,sign,0,64,0.0,1,0,1,ip-172-31-43-26,linux,0,7.2059,138.78,Signature,True,2025-11-21T22:16:57.030270,,914
OV-III-pkc,sign,0,64,0.0,1,0,1,ip-172-31-43-26,linux,0,7.2308,138.3,Signature,True,2025-11-21T22:16:57.037728,,915
OV-III-pkc,sign,1024,1,0.0,1,0,1,ip-172-31-43-26,linux,0,7.1386,140.08,Signature,True,2025-11-21T22:16:57.045126,,916
OV-III-pkc,sign,1024,1,0.0,1,0,1,ip-172-31-43-26,linux,0,7.2272,138.37,Signature,True,2025-11-21T22:16:57.052588,,917
OV-III-pkc,sign,1024,1,0.0,1,0,1,ip-172-31-43-26,linux,0,7.1332,140.19,Signature,True,2025-11-21T22:16:57.059949,,918
OV-III-pkc,sign,1024,1,0.0,1,0,1,ip-172-31-43-26,linux,0,7.2038,138.82,Signature,True,2025-11-21T22:16:57.067385,,919
OV-III-pkc,sign,1024,1,0.0,1,0,1,ip-172-31-43-26,linux,0,7.1085,140.68,Signature,True,2025-11-21T22:16:57.074716,,920
OV-III-pkc,sign,1024,16,0.0,1,0,1,ip-172-31-43-26,linux,0,7.2054,138.78,Signature,True,2025-11-21T22:16:57.082185,,921
OV-III-pkc,sign,1024,16,0.0,1,0,1,ip-172-31-43-26,linux,0,7.109,140.67,Signature,True,2025-11-21T22:16:57.089511,,922
OV-III-pkc,sign,1024,16,0.0,1,0,1,ip-172-31-43-26,linux,0,7.2157,138.59,Signature,True,2025-11-21T22:16:57.096948,,923
OV-III-pkc,sign,1024,16,0.0,1,0,1,ip-172-31-43-26,linux,0,7.117,140.51,Signature,True,2025-11-21T22:16:57.104292,,924
OV-III-pkc,sign,1024,16,0.0,1,0,1,ip-172-31-43-26,linux,0,7.2118,138.66,Signature,True,2025-11-21T22:16:57.111729,,925
OV-III-pkc,sign,1024,64,0.0,1,0,1,ip-172-31-43-26,linux,0,7.1063,140.72,Signature,True,2025-11-21T22:16:57.119059,,926
OV-III-pkc,sign,1024,64,0.0,1,0,1,ip-172-31-43-26,linux,0,7.2146,138.61,Signature,True,2025-11-21T22:16:57.126514,,927
OV-III-pkc,sign,1024,64,0.0,1,0,1,ip-172-31-43-26,linux,0,7.113,140.59,Signature,True,2025-11-21T22:16:57.133846,,928
OV-III-pkc,sign,1024,64,0.0,1,0,1,ip-172-31-43-26,linux,0,7.2777,137.41,Signature,True,2025-11-21T22:16:57.141346,,929
OV-III-pkc,sign,1024,64,0.0,1,0,1,ip-172-31-43-26,linux,0,7.1114,140.62,Signature,True,2025-11-21T22:16:57.148675,,930
OV-III-pkc,verify,0,1,0.0,1,0,1,ip-172-31-43-26,linux,0,7.2055,138.78,Signature,True,2025-11-21T22:16:57.156133,,931
OV-III-pkc,verify,0,1,0.0,1,0,1,ip-172-31-43-26,linux,0,7.0902,141.04,Signature,True,2025-11-21T22:16:57.163448,,932
OV-III-pkc,verify,0,1,0.0,1,0,1,ip-172-31-43-26,linux,0,7.2176,138.55,Signature,True,2025-11-21T22:16:57.170896,,933
OV-III-pkc,verify,0,1,0.0,1,0,1,ip-172-31-43-26,linux,0,7.0752,141.34,Signature,True,2025-11-21T22:16:57.178215,,934
OV-III-pkc,verify,0,1,0.0,1,0,1,ip-172-31-43-26,linux,0,7.2333,138.25,Signature,True,2025-11-21T22:16:57.185680,,935
OV-III-pkc,verify,0,16,0.0,1,0,1,ip-172-31-43-26,linux,0,7.1383,140.09,Signature,True,2025-11-21T22:16:57.193042,,936
OV-III-pkc,verify,0,16,0.0,1,0,1,ip-172-31-43-26,linux,0,7.278,137.4,Signature,True,2025-11-21T22:16:57.200559,,937
OV-III-pkc,verify,0,16,0.0,1,0,1,ip-172-31-43-26,linux,0,7.1072,140.7,Signature,True,2025-11-21T22:16:57.207890,,938
OV-III-pkc,verify,0,16,0.0,1,0,1,ip-172-31-43-26,linux,0,7.192,139.04,Signature,True,2025-11-21T22:16:57.215304,,939
OV-III-pkc,verify,0,16,0.0,1,0,1,ip-172-31-43-26,linux,0,7.0906,141.03,Signature,True,2025-11-21T22:16:57.222616,,940
OV-III-pkc,verify,0,64,0.0,1,0,1,ip-172-31-43-26,linux,0,7.2272,138.37,Signature,True,2025-11-21T22:16:57.230068,,941
OV-III-pkc,verify,0,64,0.0,1,0,1,ip-172-31-43-26,linux,0,7.0934,140.98,Signature,True,2025-11-21T22:16:57.237398,,942
OV-III-pkc,verify,0,64,0.0,1,0,1,ip-172-31-43-26,linux,0,7.2182,138.54,Signature,True,2025-11-21T22:16:57.244835,,943
OV-III-pkc,verify,0,64,0.0,1,0,1,ip-172-31-43-26,linux,0,7.1277,140.3,Signature,True,2025-11-21T22:16:57.252218,,944
OV-III-pkc,verify,0,64,0.0,1,0,1,ip-172-31-43-26,linux,0,7.2211,138.48,Signature,True,2025-11-21T22:16:57.259665,,945
OV-III-pkc,verify,1024,1,0.0,1,0,1,ip-172-31-43-26,linux,0,7.1404,140.05,Signature,True,2025-11-21T22:16:57.267033,,946
OV-III-pkc,verify,1024,1,0.0,1,0,1,ip-172-31-43-26,linux,0,7.2266,138.38,Signature,True,2025-11-21T22:16:57.274490,,947
OV-III-pkc,verify,1024,1,0.0,1,0,1,ip-172-31-43-26,linux,0,7.0969,140.91,Signature,True,2025-11-21T22:16:57.281811,,948
OV-III-pkc,verify,1024,1,0.0,1,0,1,ip-172-31-43-26,linux,0,7.252,137.89,Signature,True,2025-11-21T22:16:57.289293,,949
OV-III-pkc,verify,1024,1,0.0,1,0,1,ip-172-31-43-26,linux,0,7.1225,140.4,Signature,True,2025-11-21T22:16:57.296639,,950
OV-III-pkc,verify,1024,16,0.0,1,0,1,ip-172-31-43-26,linux,0,7.201,138.87,Signature,True,2025-11-21T22:16:57.304073,,951
OV-III-pkc,verify,1024,16,0.0,1,0,1,ip-172-31-43-26,linux,0,7.1117,140.61,Signature,True,2025-11-21T22:16:57.311431,,952
OV-III-pkc,verify,1024,16,0.0,1,0,1,ip-172-31-43-26,linux,0,7.2422,138.08,Signature,True,2025-11-21T22:16:57.318896,,953
OV-III-pkc,verify,1024,16,0.0,1,0,1,ip-172-31-43-26,linux,0,7.1149,140.55,Signature,True,2025-11-21T22:16:57.326262,,954
OV-III-pkc,verify,1024,16,0.0,1,0,1,ip-172-31-43-26,linux,0,7.1978,138.93,Signature,True,2025-11-21T22:16:57.333685,,955
OV-III-pkc,verify,1024,64,0.0,1,0,1,ip-172-31-43-26,linux,0,7.1189,140.47,Signature,True,2025-11-21T22:16:57.341047,,956
OV-III-pkc,verify,1024,64,0.0,1,0,1,ip-172-31-43-26,linux,0,7.2255,138.4,Signature,True,2025-11-21T22:16:57.348500,,957
OV-III-pkc,verify,1024,64,0.0,1,0,1,ip-172-31-43-26,linux,0,7.1059,140.73,Signature,True,2025-11-21T22:16:57.355835,,958
OV-III-pkc,verify,1024,64,0.0,1,0,1,ip-172-31-43-26,linux,0,7.2612,137.72,Signature,True,2025-11-21T22:16:57.363323,,959
OV-III-pkc,verify,1024,64,0.0,1,0,1,ip-172-31-43-26,linux,0,7.1009,140.83,Signature,True,2025-11-21T22:16:57.370687,,960
OV-III-pkc-skc,sign,0,1,0.0,1,0,1,ip-172-31-43-26,linux,0,10.6831,93.61,Signature,True,2025-11-21T22:16:57.381433,,961
OV-III-pkc-skc,sign,0,1,0.0,1,0,1,ip-172-31-43-26,linux,0,10.1951,98.09,Signature,True,2025-11-21T22:16:57.391680,,962
OV-III-pkc-skc,sign,0,1,0.0,1,0,1,ip-172-31-43-26,linux,0,10.2148,97.9,Signature,True,2025-11-21T22:16:57.401946,,963
OV-III-pkc-skc,sign,0,1,0.0,1,0,1,ip-172-31-43-26,linux,0,10.2,98.04,Signature,True,2025-11-21T22:16:57.412201,,964
OV-III-pkc-skc,sign,0,1,0.0,1,0,1,ip-172-31-43-26,linux,0,10.1702,98.33,Signature,True,2025-11-21T22:16:57.422423,,965
OV-III-pkc-skc,sign,0,16,0.0,1,0,1,ip-172-31-43-26,linux,0,10.1995,98.04,Signature,True,2025-11-21T22:16:57.432675,,966
OV-III-pkc-skc,sign,0,16,0.0,1,0,1,ip-172-31-43-26,linux,0,10.197,98.07,Signature,True,2025-11-21T22:16:57.442923,,967
OV-III-pkc-skc,sign,0,16,0.0,1,0,1,ip-172-31-43-26,linux,0,10.2074,97.97,Signature,True,2025-11-21T22:16:57.453183,,968
OV-III-pkc-skc,sign,0,16,0.0,1,0,1,ip-172-31-43-26,linux,0,10.1885,98.15,Signature,True,2025-11-21T22:16:57.463428,,969
OV-III-pkc-skc,sign,0,16,0.0,1,0,1,ip-172-31-43-26,linux,0,10.1589,98.44,Signature,True,2025-11-21T22:16:57.473639,,970
OV-III-pkc-skc,sign,0,64,0.0,1,0,1,ip-172-31-43-26,linux,0,10.1589,98.44,Signature,True,2025-11-21T22:16:57.483851,,971
OV-III-pkc-skc,sign,0,64,0.0,1,0,1,ip-172-31-43-26,linux,0,10.195,98.09,Signature,True,2025-11-21T22:16:57.494108,,972
OV-III-pkc-skc,sign,0,64,0.0,1,0,1,ip-172-31-43-26,linux,0,10.1823,98.21,Signature,True,2025-11-21T22:16:57.504339,,973
OV-III-pkc-skc,sign,0,64,0.0,1,0,1,ip-172-31-43-26,linux,0,10.1927,98.11,Signature,True,2025-11-21T22:16:57.514585,,974
OV-III-pkc-skc,sign,0,64,0.0,1,0,1,ip-172-31-43-26,linux,0,10.1879,98.16,Signature,True,2025-11-21T22:16:57.524829,,975
OV-III-pkc-skc,sign,1024,1,0.0,1,0,1,ip-172-31-43-26,linux,0,10.2106,97.94,Signature,True,2025-11-21T22:16:57.535107,,976
OV-III-pkc-skc,sign,1024,1,0.0,1,0,1,ip-172-31-43-26,linux,0,10.1888,98.15,Signature,True,2025-11-21T22:16:57.545348,,977
OV-III-pkc-skc,sign,1024,1,0.0,1,0,1,ip-172-31-43-26,linux,0,10.1737,98.29,Signature,True,2025-11-21T22:16:57.555576,,978
OV-III-pkc-skc,sign,1024,1,0.0,1,0,1,ip-172-31-43-26,linux,0,10.158,98.44,Signature,True,2025-11-21T22:16:57.565788,,979
OV-III-pkc-skc,sign,1024,1,0.0,1,0,1,ip-172-31-43-26,linux,0,10.187,98.16,Signature,True,2025-11-21T22:16:57.576027,,980
OV-III-pkc-skc,sign,1024,16,0.0,1,0,1,ip-172-31-43-26,linux,0,10.1808,98.22,Signature,True,2025-11-21T22:16:57.586259,,981
OV-III-pkc-skc,sign,1024,16,0.0,1,0,1,ip-172-31-43-26,linux,0,10.1759,98.27,Signature,True,2025-11-21T22:16:57.596483,,982
OV-III-pkc-skc,sign,1024,16,0.0,1,0,1,ip-172-31-43-26,linux,0,10.1769,98.26,Signature,True,2025-11-21T22:16:57.606711,,983
OV-III-pkc-skc,sign,1024,16,0.0,1,0,1,ip-172-31-43-26,linux,0,10.1841,98.19,Signature,True,2025-11-21T22:16:57.616947,,984
OV-III-pkc-skc,sign,1024,16,0.0,1,0,1,ip-172-31-43-26,linux,0,10.2185,97.86,Signature,True,2025-11-21T22:16:57.627218,,985
OV-III-pkc-skc,sign,1024,64,0.0,1,0,1,ip-172-31-43-26,linux,0,10.1881,98.15,Signature,True,2025-11-21T22:16:57.637459,,986
OV-III-pkc-skc,sign,1024,64,0.0,1,0,1,ip-172-31-43-26,linux,0,10.192,98.12,Signature,True,2025-11-21T22:16:57.647702,,987
OV-III-pkc-skc,sign,1024,64,0.0,1,0,1,ip-172-31-43-26,linux,0,10.1692,98.34,Signature,True,2025-11-21T22:16:57.657921,,988
OV-III-pkc-skc,sign,1024,64,0.0,1,0,1,ip-172-31-43-26,linux,0,10.1957,98.08,Signature,True,2025-11-21T22:16:57.668170,,989
OV-III-pkc-skc,sign,1024,64,0.0,1,0,1,ip-172-31-43-26,linux,0,10.1724,98.3,Signature,True,2025-11-21T22:16:57.678393,,990
OV-III-pkc-skc,verify,0,1,0.0,1,0,1,ip-172-31-43-26,linux,0,10.1874,98.16,Signature,True,2025-11-21T22:16:57.688641,,991
OV-III-pkc-skc,verify,0,1,0.0,1,0,1,ip-172-31-43-26,linux,0,10.1932,98.1,Signature,True,2025-11-21T22:16:57.698892,,992
OV-III-pkc-skc,verify,0,1,0.0,1,0,1,ip-172-31-43-26,linux,0,10.2048,97.99,Signature,True,2025-11-21T22:16:57.709158,,993
OV-III-pkc-skc,verify,0,1,0.0,1,0,1,ip-172-31-43-26,linux,0,10.2782,97.29,Signature,True,2025-11-21T22:16:57.719498,,994
OV-III-pkc-skc,verify,0,1,0.0,1,0,1,ip-172-31-43-26,linux,0,10.1851,98.18,Signature,True,2025-11-21T22:16:57.729756,,995
OV-III-pkc-skc,verify,0,16,0.0,1,0,1,ip-172-31-43-26,linux,0,10.1899,98.14,Signature,True,2025-11-21T22:16:57.740015,,996
OV-III-pkc-skc,verify,0,16,0.0,1,0,1,ip-172-31-43-26,linux,0,10.2271,97.78,Signature,True,2025-11-21T22:16:57.750307,,997
OV-III-pkc-skc,verify,0,16,0.0,1,0,1,ip-172-31-43-26,linux,0,10.2954,97.13,Signature,True,2025-11-21T22:16:57.760665,,998
OV-III-pkc-skc,verify,0,16,0.0,1,0,1,ip-172-31-43-26,linux,0,10.1583,98.44,Signature,True,2025-11-21T22:16:57.770884,,999
OV-III-pkc-skc,verify,0,16,0.0,1,0,1,ip-172-31-43-26,linux,0,10.1918,98.12,Signature,True,2025-11-21T22:16:57.781130,,1000
OV-III-pkc-skc,verify,0,64,0.0,1,0,1,ip-172-31-43-26,linux,0,10.1915,98.12,Signature,True,2025-11-21T22:16:57.791374,,1001
OV-III-pkc-skc,verify,0,64,0.0,1,0,1,ip-172-31-43-26,linux,0,10.1759,98.27,Signature,True,2025-11-21T22:16:57.801603,,1002
OV-III-pkc-skc,verify,0,64,0.0,1,0,1,ip-172-31-43-26,linux,0,10.1817,98.22,Signature,True,2025-11-21T22:16:57.811837,,1003
OV-III-pkc-skc,verify,0,64,0.0,1,0,1,ip-172-31-43-26,linux,0,10.1977,98.06,Signature,True,2025-11-21T22:16:57.822087,,1004
OV-III-pkc-skc,verify,0,64,0.0,1,0,1,ip-172-31-43-26,linux,0,10.1729,98.3,Signature,True,2025-11-21T22:16:57.832324,,1005
OV-III-pkc-skc,verify,1024,1,0.0,1,0,1,ip-172-31-43-26,linux,0,10.1774,98.26,Signature,True,2025-11-21T22:16:57.842558,,1006
OV-III-pkc-skc,verify,1024,1,0.0,1,0,1,ip-172-31-43-26,linux,0,10.1823,98.21,Signature,True,2025-11-21T22:16:57.852801,,1007
OV-III-pkc-skc,verify,1024,1,0.0,1,0,1,ip-172-31-43-26,linux,0,10.2034,98.01,Signature,True,2025-11-21T22:16:57.863062,,1008
OV-III-pkc-skc,verify,1024,1,0.0,1,0,1,ip-172-31-43-26,linux,0,10.2704,97.37,Signature,True,2025-11-21T22:16:57.873401,,1009
OV-III-pkc-skc,verify,1024,1,0.0,1,0,1,ip-172-31-43-26,linux,0,10.1772,98.26,Signature,True,2025-11-21T22:16:57.883635,,1010
OV-III-pkc-skc,verify,1024,16,0.0,1,0,1,ip-172-31-43-26,linux,0,10.1493,98.53,Signature,True,2025-11-21T22:16:57.893845,,1011
OV-III-pkc-skc,verify,1024,16,0.0,1,0,1,ip-172-31-43-26,linux,0,10.2001,98.04,Signature,True,2025-11-21T22:16:57.904111,,1012
OV-III-pkc-skc,verify,1024,16,0.0,1,0,1,ip-172-31-43-26,linux,0,10.1791,98.24,Signature,True,2025-11-21T22:16:57.914342,,1013
OV-III-pkc-skc,verify,1024,16,0.0,1,0,1,ip-172-31-43-26,linux,0,10.2157,97.89,Signature,True,2025-11-21T22:16:57.924611,,1014
OV-III-pkc-skc,verify,1024,16,0.0,1,0,1,ip-172-31-43-26,linux,0,10.1861,98.17,Signature,True,2025-11-21T22:16:57.934857,,1015
OV-III-pkc-skc,verify,1024,64,0.0,1,0,1,ip-172-31-43-26,linux,0,10.2281,97.77,Signature,True,2025-11-21T22:16:57.945164,,1016
OV-III-pkc-skc,verify,1024,64,0.0,1,0,1,ip-172-31-43-26,linux,0,10.2098,97.94,Signature,True,2025-11-21T22:16:57.955430,,1017
OV-III-pkc-skc,verify,1024,64,0.0,1,0,1,ip-172-31-43-26,linux,0,10.1709,98.32,Signature,True,2025-11-21T22:16:57.965655,,1018
OV-III-pkc-skc,verify,1024,64,0.0,1,0,1,ip-172-31-43-26,linux,0,10.1796,98.24,Signature,True,2025-11-21T22:16:57.975891,,1019
OV-III-pkc-skc,verify,1024,64,0.0,1,0,1,ip-172-31-43-26,linux,0,10.1966,98.07,Signature,True,2025-11-21T22:16:57.986138,,1020
OV-Ip,sign,0,1,0.0,1,0,1,ip-172-31-43-26,linux,0,1.2229,817.7,Signature,True,2025-11-21T22:16:57.987419,,1021
OV-Ip,sign,0,1,0.0,1,0,1,ip-172-31-43-26,linux,0,1.0812,924.94,Signature,True,2025-11-21T22:16:57.988549,,1022
OV-Ip,sign,0,1,0.0,1,0,1,ip-172-31-43-26,linux,0,1.0646,939.28,Signature,True,2025-11-21T22:16:57.989659,,1023
OV-Ip,sign,0,1,0.0,1,0,1,ip-172-31-43-26,linux,0,1.0903,917.16,Signature,True,2025-11-21T22:16:57.990794,,1024
OV-Ip,sign,0,1,0.0,1,0,1,ip-172-31-43-26,linux,0,1.0797,926.17,Signature,True,2025-11-21T22:16:57.991918,,1025
OV-Ip,sign,0,16,0.0,1,0,1,ip-172-31-43-26,linux,0,1.0645,939.39,Signature,True,2025-11-21T22:16:57.993027,,1026
OV-Ip,sign,0,16,0.0,1,0,1,ip-172-31-43-26,linux,0,1.0946,913.55,Signature,True,2025-11-21T22:16:57.994213,,1027
OV-Ip,sign,0,16,0.0,1,0,1,ip-172-31-43-26,linux,0,1.0782,927.43,Signature,True,2025-11-21T22:16:57.995341,,1028
OV-Ip,sign,0,16,0.0,1,0,1,ip-172-31-43-26,linux,0,1.0906,916.96,Signature,True,2025-11-21T22:16:57.996477,,1029
OV-Ip,sign,0,16,0.0,1,0,1,ip-172-31-43-26,linux,0,1.0896,917.76,Signature,True,2025-11-21T22:16:57.997614,,1030
OV-Ip,sign,0,64,0.0,1,0,1,ip-172-31-43-26,linux,0,1.0828,923.51,Signature,True,2025-11-21T22:16:57.998744,,1031
OV-Ip,sign,0,64,0.0,1,0,1,ip-172-31-43-26,linux,0,1.0613,942.23,Signature,True,2025-11-21T22:16:57.999848,,1032
OV-Ip,sign,0,64,0.0,1,0,1,ip-172-31-43-26,linux,0,1.0778,927.78,Signature,True,2025-11-21T22:16:58.000971,,1033
OV-Ip,sign,0,64,0.0,1,0,1,ip-172-31-43-26,linux,0,1.1003,908.86,Signature,True,2025-11-21T22:16:58.002120,,1034
OV-Ip,sign,0,64,0.0,1,0,1,ip-172-31-43-26,linux,0,1.0722,932.68,Signature,True,2025-11-21T22:16:58.003235,,1035
OV-Ip,sign,1024,1,0.0,1,0,1,ip-172-31-43-26,linux,0,1.0855,921.21,Signature,True,2025-11-21T22:16:58.004368,,1036
OV-Ip,sign,1024,1,0.0,1,0,1,ip-172-31-43-26,linux,0,1.115,896.9,Signature,True,2025-11-21T22:16:58.005528,,1037
OV-Ip,sign,1024,1,0.0,1,0,1,ip-172-31-43-26,linux,0,1.0784,927.3,Signature,True,2025-11-21T22:16:58.006652,,1038
OV-Ip,sign,1024,1,0.0,1,0,1,ip-172-31-43-26,linux,0,1.0901,917.32,Signature,True,2025-11-21T22:16:58.007786,,1039
OV-Ip,sign,1024,1,0.0,1,0,1,ip-172-31-43-26,linux,0,1.0889,918.32,Signature,True,2025-11-21T22:16:58.008916,,1040
OV-Ip,sign,1024,16,0.0,1,0,1,ip-172-31-43-26,linux,0,1.0694,935.09,Signature,True,2025-11-21T22:16:58.010032,,1041
OV-Ip,sign,1024,16,0.0,1,0,1,ip-172-31-43-26,linux,0,1.111,900.1,Signature,True,2025-11-21T22:16:58.011190,,1042
OV-Ip,sign,1024,16,0.0,1,0,1,ip-172-31-43-26,linux,0,1.0921,915.68,Signature,True,2025-11-21T22:16:58.012327,,1043
OV-Ip,sign,1024,16,0.0,1,0,1,ip-172-31-43-26,linux,0,1.075,930.2,Signature,True,2025-11-21T22:16:58.013446,,1044
OV-Ip,sign,1024,16,0.0,1,0,1,ip-172-31-43-26,linux,0,1.0937,914.3,Signature,True,2025-11-21T22:16:58.014586,,1045
OV-Ip,sign,1024,64,0.0,1,0,1,ip-172-31-43-26,linux,0,1.1248,889.06,Signature,True,2025-11-21T22:16:58.015757,,1046
OV-Ip,sign,1024,64,0.0,1,0,1,ip-172-31-43-26,linux,0,1.0694,935.13,Signature,True,2025-11-21T22:16:58.016872,,1047
OV-Ip,sign,1024,64,0.0,1,0,1,ip-172-31-43-26,linux,0,1.0949,913.33,Signature,True,2025-11-21T22:16:58.018011,,1048
OV-Ip,sign,1024,64,0.0,1,0,1,ip-172-31-43-26,linux,0,1.1018,907.64,Signature,True,2025-11-21T22:16:58.019158,,1049
OV-Ip,sign,1024,64,0.0,1,0,1,ip-172-31-43-26,linux,0,1.0768,928.64,Signature,True,2025-11-21T22:16:58.020281,,1050
OV-Ip,verify,0,1,0.0,1,0,1,ip-172-31-43-26,linux,0,1.0936,914.43,Signature,True,2025-11-21T22:16:58.021432,,1051
OV-Ip,verify,0,1,0.0,1,0,1,ip-172-31-43-26,linux,0,1.0864,920.47,Signature,True,2025-11-21T22:16:58.022563,,1052
OV-Ip,verify,0,1,0.0,1,0,1,ip-172-31-43-26,linux,0,1.0694,935.09,Signature,True,2025-11-21T22:16:58.023680,,1053
OV-Ip,verify,0,1,0.0,1,0,1,ip-172-31-43-26,linux,0,1.0884,918.82,Signature,True,2025-11-21T22:16:58.024812,,1054
OV-Ip,verify,0,1,0.0,1,0,1,ip-172-31-43-26,linux,0,1.0916,916.11,Signature,True,2025-11-21T22:16:58.025948,,1055
OV-Ip,verify,0,16,0.0,1,0,1,ip-172-31-43-26,linux,0,1.0774,928.12,Signature,True,2025-11-21T22:16:58.027073,,1056
OV-Ip,verify,0,16,0.0,1,0,1,ip-172-31-43-26,linux,0,1.092,915.74,Signature,True,2025-11-21T22:16:58.028228,,1057
OV-Ip,verify,0,16,0.0,1,0,1,ip-172-31-43-26,linux,0,1.0731,931.91,Signature,True,2025-11-21T22:16:58.029344,,1058
OV-Ip,verify,0,16,0.0,1,0,1,ip-172-31-43-26,linux,0,1.0726,932.35,Signature,True,2025-11-21T22:16:58.030462,,1059
OV-Ip,verify,0,16,0.0,1,0,1,ip-172-31-43-26,linux,0,1.0839,922.58,Signature,True,2025-11-21T22:16:58.031590,,1060
OV-Ip,verify,0,64,0.0,1,0,1,ip-172-31-43-26,linux,0,1.0841,922.38,Signature,True,2025-11-21T22:16:58.032720,,1061
OV-Ip,verify,0,64,0.0,1,0,1,ip-172-31-43-26,linux,0,1.0669,937.31,Signature,True,2025-11-21T22:16:58.033830,,1062
OV-Ip,verify,0,64,0.0,1,0,1,ip-172-31-43-26,linux,0,1.0851,921.56,Signature,True,2025-11-21T22:16:58.034960,,1063
OV-Ip,verify,0,64,0.0,1,0,1,ip-172-31-43-26,linux,0,1.0894,917.92,Signature,True,2025-11-21T22:16:58.036107,,1064
OV-Ip,verify,0,64,0.0,1,0,1,ip-172-31-43-26,linux,0,1.088,919.11,Signature,True,2025-11-21T22:16:58.037239,,1065
OV-Ip,verify,1024,1,0.0,1,0,1,ip-172-31-43-26,linux,0,1.0981,910.62,Signature,True,2025-11-21T22:16:58.038382,,1066
OV-Ip,verify,1024,1,0.0,1,0,1,ip-172-31-43-26,linux,0,1.0951,913.15,Signature,True,2025-11-21T22:16:58.039525,,1067
OV-Ip,verify,1024,1,0.0,1,0,1,ip-172-31-43-26,linux,0,1.0725,932.4,Signature,True,2025-11-21T22:16:58.040642,,1068
OV-Ip,verify,1024,1,0.0,1,0,1,ip-172-31-43-26,linux,0,1.0855,921.21,Signature,True,2025-11-21T22:16:58.041772,,1069
OV-Ip,verify,1024,1,0.0,1,0,1,ip-172-31-43-26,linux,0,1.0982,910.57,Signature,True,2025-11-21T22:16:58.042913,,1070
OV-Ip,verify,1024,16,0.0,1,0,1,ip-172-31-43-26,linux,0,1.0676,936.65,Signature,True,2025-11-21T22:16:58.044025,,1071
OV-Ip,verify,1024,16,0.0,1,0,1,ip-172-31-43-26,linux,0,1.0941,913.96,Signature,True,2025-11-21T22:16:58.045161,,1072
OV-Ip,verify,1024,16,0.0,1,0,1,ip-172-31-43-26,linux,0,1.1059,904.21,Signature,True,2025-11-21T22:16:58.046311,,1073
OV-Ip,verify,1024,16,0.0,1,0,1,ip-172-31-43-26,linux,0,1.0982,910.56,Signature,True,2025-11-21T22:16:58.047450,,1074
OV-Ip,verify,1024,16,0.0,1,0,1,ip-172-31-43-26,linux,0,1.102,907.43,Signature,True,2025-11-21T22:16:58.048599,,1075
OV-Ip,verify,1024,64,0.0,1,0,1,ip-172-31-43-26,linux,0,1.0883,918.83,Signature,True,2025-11-21T22:16:58.049734,,1076
OV-Ip,verify,1024,64,0.0,1,0,1,ip-172-31-43-26,linux,0,1.1044,905.44,Signature,True,2025-11-21T22:16:58.050884,,1077
OV-Ip,verify,1024,64,0.0,1,0,1,ip-172-31-43-26,linux,0,1.0987,910.2,Signature,True,2025-11-21T22:16:58.052027,,1078
OV-Ip,verify,1024,64,0.0,1,0,1,ip-172-31-43-26,linux,0,1.1169,895.36,Signature,True,2025-11-21T22:16:58.053191,,1079
OV-Ip,verify,1024,64,0.0,1,0,1,ip-172-31-43-26,linux,0,1.1124,898.97,Signature,True,2025-11-21T22:16:58.054349,,1080
OV-Ip-pkc,sign,0,1,0.0,1,0,1,ip-172-31-43-26,linux,0,1.2006,832.93,Signature,True,2025-11-21T22:16:58.055618,,1081
OV-Ip-pkc,sign,0,1,0.0,1,0,1,ip-172-31-43-26,linux,0,1.1588,862.95,Signature,True,2025-11-21T22:16:58.056824,,1082
OV-Ip-pkc,sign,0,1,0.0,1,0,1,ip-172-31-43-26,linux,0,1.1253,888.68,Signature,True,2025-11-21T22:16:58.057994,,1083
OV-Ip-pkc,sign,0,1,0.0,1,0,1,ip-172-31-43-26,linux,0,1.1552,865.67,Signature,True,2025-11-21T22:16:58.059193,,1084
OV-Ip-pkc,sign,0,1,0.0,1,0,1,ip-172-31-43-26,linux,0,1.142,875.67,Signature,True,2025-11-21T22:16:58.060380,,1085
OV-Ip-pkc,sign,0,16,0.0,1,0,1,ip-172-31-43-26,linux,0,1.1397,877.41,Signature,True,2025-11-21T22:16:58.061565,,1086
OV-Ip-pkc,sign,0,16,0.0,1,0,1,ip-172-31-43-26,linux,0,1.1252,888.72,Signature,True,2025-11-21T22:16:58.062735,,1087
OV-Ip-pkc,sign,0,16,0.0,1,0,1,ip-172-31-43-26,linux,0,1.1173,895.02,Signature,True,2025-11-21T22:16:58.063894,,1088
OV-Ip-pkc,sign,0,16,0.0,1,0,1,ip-172-31-43-26,linux,0,1.1814,846.43,Signature,True,2025-11-21T22:16:58.065118,,1089
OV-Ip-pkc,sign,0,16,0.0,1,0,1,ip-172-31-43-26,linux,0,1.148,871.05,Signature,True,2025-11-21T22:16:58.066310,,1090
OV-Ip-pkc,sign,0,64,0.0,1,0,1,ip-172-31-43-26,linux,0,1.1428,875.01,Signature,True,2025-11-21T22:16:58.067497,,1091
OV-Ip-pkc,sign,0,64,0.0,1,0,1,ip-172-31-43-26,linux,0,1.1341,881.74,Signature,True,2025-11-21T22:16:58.068678,,1092
OV-Ip-pkc,sign,0,64,0.0,1,0,1,ip-172-31-43-26,linux,0,1.137,879.48,Signature,True,2025-11-21T22:16:58.069858,,1093
OV-Ip-pkc,sign,0,64,0.0,1,0,1,ip-172-31-43-26,linux,0,1.1389,878.04,Signature,True,2025-11-21T22:16:58.071040,,1094
OV-Ip-pkc,sign,0,64,0.0,1,0,1,ip-172-31-43-26,linux,0,1.1275,886.91,Signature,True,2025-11-21T22:16:58.072209,,1095
OV-Ip-pkc,sign,1024,1,0.0,1,0,1,ip-172-31-43-26,linux,0,1.1243,889.4,Signature,True,2025-11-21T22:16:58.073373,,1096
OV-Ip-pkc,sign,1024,1,0.0,1,0,1,ip-172-31-43-26,linux,0,1.1609,861.37,Signature,True,2025-11-21T22:16:58.074619,,1097
OV-Ip-pkc,sign,1024,1,0.0,1,0,1,ip-172-31-43-26,linux,0,1.1203,892.6,Signature,True,2025-11-21T22:16:58.075785,,1098
OV-Ip-pkc,sign,1024,1,0.0,1,0,1,ip-172-31-43-26,linux,0,1.1533,867.08,Signature,True,2025-11-21T22:16:58.076981,,1099
OV-Ip-pkc,sign,1024,1,0.0,1,0,1,ip-172-31-43-26,linux,0,1.1494,870.0,Signature,True,2025-11-21T22:16:58.078174,,1100
OV-Ip-pkc,sign,1024,16,0.0,1,0,1,ip-172-31-43-26,linux,0,1.1433,874.66,Signature,True,2025-11-21T22:16:58.079363,,1101
OV-Ip-pkc,sign,1024,16,0.0,1,0,1,ip-172-31-43-26,linux,0,1.1444,873.78,Signature,True,2025-11-21T22:16:58.080552,,1102
OV-Ip-pkc,sign,1024,16,0.0,1,0,1,ip-172-31-43-26,linux,0,1.1392,877.83,Signature,True,2025-11-21T22:16:58.081735,,1103
OV-Ip-pkc,sign,1024,16,0.0,1,0,1,ip-172-31-43-26,linux,0,1.1499,869.66,Signature,True,2025-11-21T22:16:58.082928,,1104
OV-Ip-pkc,sign,1024,16,0.0,1,0,1,ip-172-31-43-26,linux,0,1.1596,862.38,Signature,True,2025-11-21T22:16:58.084131,,1105
OV-Ip-pkc,sign,1024,64,0.0,1,0,1,ip-172-31-43-26,linux,0,1.1193,893.42,Signature,True,2025-11-21T22:16:58.085293,,1106
OV-Ip-pkc,sign,1024,64,0.0,1,0,1,ip-172-31-43-26,linux,0,1.1802,847.32,Signature,True,2025-11-21T22:16:58.086518,,1107
OV-Ip-pkc,sign,1024,64,0.0,1,0,1,ip-172-31-43-26,linux,0,1.1209,892.17,Signature,True,2025-11-21T22:16:58.087683,,1108
OV-Ip-pkc,sign,1024,64,0.0,1,0,1,ip-172-31-43-26,linux,0,1.1541,866.48,Signature,True,2025-11-21T22:16:58.088878,,1109
OV-Ip-pkc,sign,1024,64,0.0,1,0,1,ip-172-31-43-26,linux,0,1.1413,876.17,Signature,True,2025-11-21T22:16:58.090064,,1110
OV-Ip-pkc,verify,0,1,0.0,1,0,1,ip-172-31-43-26,linux,0,1.1423,875.39,Signature,True,2025-11-21T22:16:58.091281,,1111
OV-Ip-pkc,verify,0,1,0.0,1,0,1,ip-172-31-43-26,linux,0,1.1089,901.78,Signature,True,2025-11-21T22:16:58.092431,,1112
OV-Ip-pkc,verify,0,1,0.0,1,0,1,ip-172-31-43-26,linux,0,1.1485,870.7,Signature,True,2025-11-21T22:16:58.093621,,1113
OV-Ip-pkc,verify,0,1,0.0,1,0,1,ip-172-31-43-26,linux,0,1.1299,885.01,Signature,True,2025-11-21T22:16:58.094795,,1114
OV-Ip-pkc,verify,0,1,0.0,1,0,1,ip-172-31-43-26,linux,0,1.1282,886.38,Signature,True,2025-11-21T22:16:58.095964,,1115
OV-Ip-pkc,verify,0,16,0.0,1,0,1,ip-172-31-43-26,linux,0,1.1203,892.63,Signature,True,2025-11-21T22:16:58.097145,,1116
OV-Ip-pkc,verify,0,16,0.0,1,0,1,ip-172-31-43-26,linux,0,1.1544,866.27,Signature,True,2025-11-21T22:16:58.098341,,1117
OV-Ip-pkc,verify,0,16,0.0,1,0,1,ip-172-31-43-26,linux,0,1.1094,901.39,Signature,True,2025-11-21T22:16:58.099493,,1118
OV-Ip-pkc,verify,0,16,0.0,1,0,1,ip-172-31-43-26,linux,0,1.1563,864.86,Signature,True,2025-11-21T22:16:58.100695,,1119
OV-Ip-pkc,verify,0,16,0.0,1,0,1,ip-172-31-43-26,linux,0,1.1256,888.44,Signature,True,2025-11-21T22:16:58.101864,,1120
OV-Ip-pkc,verify,0,64,0.0,1,0,1,ip-172-31-43-26,linux,0,1.1473,871.58,Signature,True,2025-11-21T22:16:58.103055,,1121
OV-Ip-pkc,verify,0,64,0.0,1,0,1,ip-172-31-43-26,linux,0,1.1207,892.33,Signature,True,2025-11-21T22:16:58.104219,,1122
OV-Ip-pkc,verify,0,64,0.0,1,0,1,ip-172-31-43-26,linux,0,1.133,882.64,Signature,True,2025-11-21T22:16:58.105408,,1123
OV-Ip-pkc,verify,0,64,0.0,1,0,1,ip-172-31-43-26,linux,0,1.1441,874.09,Signature,True,2025-11-21T22:16:58.106597,,1124
OV-Ip-pkc,verify,0,64,0.0,1,0,1,ip-172-31-43-26,linux,0,1.1184,894.15,Signature,True,2025-11-21T22:16:58.107759,,1125
OV-Ip-pkc,verify,1024,1,0.0,1,0,1,ip-172-31-43-26,linux,0,1.1526,867.58,Signature,True,2025-11-21T22:16:58.108956,,1126
OV-Ip-pkc,verify,1024,1,0.0,1,0,1,ip-172-31-43-26,linux,0,1.1557,865.26,Signature,True,2025-11-21T22:16:58.110158,,1127
OV-Ip-pkc,verify,1024,1,0.0,1,0,1,ip-172-31-43-26,linux,0,1.1549,865.89,Signature,True,2025-11-21T22:16:58.111354,,1128
OV-Ip-pkc,verify,1024,1,0.0,1,0,1,ip-172-31-43-26,linux,0,1.1424,875.33,Signature,True,2025-11-21T22:16:58.112542,,1129
OV-Ip-pkc,verify,1024,1,0.0,1,0,1,ip-172-31-43-26,linux,0,1.1287,885.96,Signature,True,2025-11-21T22:16:58.113714,,1130
OV-Ip-pkc,verify,1024,16,0.0,1,0,1,ip-172-31-43-26,linux,0,1.1631,859.74,Signature,True,2025-11-21T22:16:58.114922,,1131
OV-Ip-pkc,verify,1024,16,0.0,1,0,1,ip-172-31-43-26,linux,0,1.1469,871.92,Signature,True,2025-11-21T22:16:58.116114,,1132
OV-Ip-pkc,verify,1024,16,0.0,1,0,1,ip-172-31-43-26,linux,0,1.1423,875.44,Signature,True,2025-11-21T22:16:58.117299,,1133
OV-Ip-pkc,verify,1024,16,0.0,1,0,1,ip-172-31-43-26,linux,0,1.1408,876.55,Signature,True,2025-11-21T22:16:58.118484,,1134
OV-Ip-pkc,verify,1024,16,0.0,1,0,1,ip-172-31-43-26,linux,0,1.1364,879.99,Signature,True,2025-11-21T22:16:58.119664,,1135
OV-Ip-pkc,verify,1024,64,0.0,1,0,1,ip-172-31-43-26,linux,0,1.1511,868.76,Signature,True,2025-11-21T22:16:58.120860,,1136
OV-Ip-pkc,verify,1024,64,0.0,1,0,1,ip-172-31-43-26,linux,0,1.1215,891.67,Signature,True,2025-11-21T22:16:58.122026,,1137
OV-Ip-pkc,verify,1024,64,0.0,1,0,1,ip-172-31-43-26,linux,0,1.1543,866.34,Signature,True,2025-11-21T22:16:58.123225,,1138
OV-Ip-pkc,verify,1024,64,0.0,1,0,1,ip-172-31-43-26,linux,0,1.1316,883.69,Signature,True,2025-11-21T22:16:58.124400,,1139
OV-Ip-pkc,verify,1024,64,0.0,1,0,1,ip-172-31-43-26,linux,0,1.1512,868.64,Signature,True,2025-11-21T22:16:58.125595,,1140
OV-Ip-pkc-skc,sign,0,1,0.0,1,0,1,ip-172-31-43-26,linux,0,1.7639,566.92,Signature,True,2025-11-21T22:16:58.127417,,1141
OV-Ip-pkc-skc,sign,0,1,0.0,1,0,1,ip-172-31-43-26,linux,0,1.6931,590.64,Signature,True,2025-11-21T22:16:58.129155,,1142
OV-Ip-pkc-skc,sign,0,1,0.0,1,0,1,ip-172-31-43-26,linux,0,1.6906,591.5,Signature,True,2025-11-21T22:16:58.130886,,1143
OV-Ip-pkc-skc,sign,0,1,0.0,1,0,1,ip-172-31-43-26,linux,0,1.6676,599.65,Signature,True,2025-11-21T22:16:58.132596,,1144
OV-Ip-pkc-skc,sign,0,1,0.0,1,0,1,ip-172-31-43-26,linux,0,1.672,598.07,Signature,True,2025-11-21T22:16:58.134308,,1145
OV-Ip-pkc-skc,sign,0,16,0.0,1,0,1,ip-172-31-43-26,linux,0,1.6355,611.43,Signature,True,2025-11-21T22:16:58.135985,,1146
OV-Ip-pkc-skc,sign,0,16,0.0,1,0,1,ip-172-31-43-26,linux,0,1.6796,595.36,Signature,True,2025-11-21T22:16:58.137705,,1147
OV-Ip-pkc-skc,sign,0,16,0.0,1,0,1,ip-172-31-43-26,linux,0,1.6649,600.65,Signature,True,2025-11-21T22:16:58.139412,,1148
OV-Ip-pkc-skc,sign,0,16,0.0,1,0,1,ip-172-31-43-26,linux,0,1.6344,611.86,Signature,True,2025-11-21T22:16:58.141088,,1149
OV-Ip-pkc-skc,sign,0,16,0.0,1,0,1,ip-172-31-43-26,linux,0,1.6617,601.79,Signature,True,2025-11-21T22:16:58.142800,,1150
OV-Ip-pkc-skc,sign,0,64,0.0,1,0,1,ip-172-31-43-26,linux,0,1.6595,602.6,Signature,True,2025-11-21T22:16:58.144503,,1151
OV-Ip-pkc-skc,sign,0,64,0.0,1,0,1,ip-172-31-43-26,linux,0,1.6462,607.48,Signature,True,2025-11-21T22:16:58.146190,,1152
OV-Ip-pkc-skc,sign,0,64,0.0,1,0,1,ip-172-31-43-26,linux,0,1.6721,598.05,Signature,True,2025-11-21T22:16:58.147902,,1153
OV-Ip-pkc-skc,sign,0,64,0.0,1,0,1,ip-172-31-43-26,linux,0,1.6401,609.71,Signature,True,2025-11-21T22:16:58.149584,,1154
OV-Ip-pkc-skc,sign,0,64,0.0,1,0,1,ip-172-31-43-26,linux,0,1.7014,587.74,Signature,True,2025-11-21T22:16:58.151326,,1155
OV-Ip-pkc-skc,sign,1024,1,0.0,1,0,1,ip-172-31-43-26,linux,0,1.6598,602.49,Signature,True,2025-11-21T22:16:58.153030,,1156
OV-Ip-pkc-skc,sign,1024,1,0.0,1,0,1,ip-172-31-43-26,linux,0,1.6689,599.2,Signature,True,2025-11-21T22:16:58.154740,,1157
OV-Ip-pkc-skc,sign,1024,1,0.0,1,0,1,ip-172-31-43-26,linux,0,1.6564,603.74,Signature,True,2025-11-21T22:16:58.156438,,1158
OV-Ip-pkc-skc,sign,1024,1,0.0,1,0,1,ip-172-31-43-26,linux,0,1.6625,601.5,Signature,True,2025-11-21T22:16:58.158141,,1159
OV-Ip-pkc-skc,sign,1024,1,0.0,1,0,1,ip-172-31-43-26,linux,0,1.6451,607.88,Signature,True,2025-11-21T22:16:58.159828,,1160
OV-Ip-pkc-skc,sign,1024,16,0.0,1,0,1,ip-172-31-43-26,linux,0,1.6644,600.82,Signature,True,2025-11-21T22:16:58.161534,,1161
OV-Ip-pkc-skc,sign,1024,16,0.0,1,0,1,ip-172-31-43-26,linux,0,1.6682,599.47,Signature,True,2025-11-21T22:16:58.163244,,1162
OV-Ip-pkc-skc,sign,1024,16,0.0,1,0,1,ip-172-31-43-26,linux,0,1.6298,613.58,Signature,True,2025-11-21T22:16:58.164916,,1163
OV-Ip-pkc-skc,sign,1024,16,0.0,1,0,1,ip-172-31-43-26,linux,0,1.6911,591.34,Signature,True,2025-11-21T22:16:58.166648,,1164
OV-Ip-pkc-skc,sign,1024,16,0.0,1,0,1,ip-172-31-43-26,linux,0,1.6436,608.41,Signature,True,2025-11-21T22:16:58.168373,,1165
OV-Ip-pkc-skc,sign,1024,64,0.0,1,0,1,ip-172-31-43-26,linux,0,1.6421,608.99,Signature,True,2025-11-21T22:16:58.170056,,1166
OV-Ip-pkc-skc,sign,1024,64,0.0,1,0,1,ip-172-31-43-26,linux,0,1.6794,595.44,Signature,True,2025-11-21T22:16:58.171777,,1167
OV-Ip-pkc-skc,sign,1024,64,0.0,1,0,1,ip-172-31-43-26,linux,0,1.6332,612.3,Signature,True,2025-11-21T22:16:58.173452,,1168
OV-Ip-pkc-skc,sign,1024,64,0.0,1,0,1,ip-172-31-43-26,linux,0,1.6861,593.07,Signature,True,2025-11-21T22:16:58.175180,,1169
OV-Ip-pkc-skc,sign,1024,64,0.0,1,0,1,ip-172-31-43-26,linux,0,1.6465,607.34,Signature,True,2025-11-21T22:16:58.176870,,1170
OV-Ip-pkc-skc,verify,0,1,0.0,1,0,1,ip-172-31-43-26,linux,0,1.6649,600.62,Signature,True,2025-11-21T22:16:58.178591,,1171
OV-Ip-pkc-skc,verify,0,1,0.0,1,0,1,ip-172-31-43-26,linux,0,1.655,604.21,Signature,True,2025-11-21T22:16:58.180287,,1172
OV-Ip-pkc-skc,verify,0,1,0.0,1,0,1,ip-172-31-43-26,linux,0,1.6392,610.05,Signature,True,2025-11-21T22:16:58.181966,,1173
OV-Ip-pkc-skc,verify,0,1,0.0,1,0,1,ip-172-31-43-26,linux,0,1.6644,600.81,Signature,True,2025-11-21T22:16:58.183671,,1174
OV-Ip-pkc-skc,verify,0,1,0.0,1,0,1,ip-172-31-43-26,linux,0,1.6299,613.52,Signature,True,2025-11-21T22:16:58.185340,,1175
OV-Ip-pkc-skc,verify,0,16,0.0,1,0,1,ip-172-31-43-26,linux,0,1.6544,604.43,Signature,True,2025-11-21T22:16:58.187036,,1176
OV-Ip-pkc-skc,verify,0,16,0.0,1,0,1,ip-172-31-43-26,linux,0,1.6685,599.36,Signature,True,2025-11-21T22:16:58.188746,,1177
OV-Ip-pkc-skc,verify,0,16,0.0,1,0,1,ip-172-31-43-26,linux,0,1.6619,601.72,Signature,True,2025-11-21T22:16:58.190448,,1178
OV-Ip-pkc-skc,verify,0,16,0.0,1,0,1,ip-172-31-43-26,linux,0,1.6609,602.1,Signature,True,2025-11-21T22:16:58.192150,,1179
OV-Ip-pkc-skc,verify,0,16,0.0,1,0,1,ip-172-31-43-26,linux,0,1.6472,607.1,Signature,True,2025-11-21T22:16:58.193838,,1180
OV-Ip-pkc-skc,verify,0,64,0.0,1,0,1,ip-172-31-43-26,linux,0,1.6526,605.11,Signature,True,2025-11-21T22:16:58.195532,,1181
OV-Ip-pkc-skc,verify,0,64,0.0,1,0,1,ip-172-31-43-26,linux,0,1.6397,609.87,Signature,True,2025-11-21T22:16:58.197215,,1182
OV-Ip-pkc-skc,verify,0,64,0.0,1,0,1,ip-172-31-43-26,linux,0,1.668,599.53,Signature,True,2025-11-21T22:16:58.198922,,1183
OV-Ip-pkc-skc,verify,0,64,0.0,1,0,1,ip-172-31-43-26,linux,0,1.6627,601.45,Signature,True,2025-11-21T22:16:58.200629,,1184
OV-Ip-pkc-skc,verify,0,64,0.0,1,0,1,ip-172-31-43-26,linux,0,1.6552,604.14,Signature,True,2025-11-21T22:16:58.202326,,1185
OV-Ip-pkc-skc,verify,1024,1,0.0,1,0,1,ip-172-31-43-26,linux,0,1.6589,602.8,Signature,True,2025-11-21T22:16:58.204027,,1186
OV-Ip-pkc-skc,verify,1024,1,0.0,1,0,1,ip-172-31-43-26,linux,0,1.6648,600.69,Signature,True,2025-11-21T22:16:58.205734,,1187
OV-Ip-pkc-skc,verify,1024,1,0.0,1,0,1,ip-172-31-43-26,linux,0,1.6616,601.84,Signature,True,2025-11-21T22:16:58.207436,,1188
OV-Ip-pkc-skc,verify,1024,1,0.0,1,0,1,ip-172-31-43-26,linux,0,1.6433,608.53,Signature,True,2025-11-21T22:16:58.209121,,1189
OV-Ip-pkc-skc,verify,1024,1,0.0,1,0,1,ip-172-31-43-26,linux,0,1.6864,592.97,Signature,True,2025-11-21T22:16:58.210846,,1190
OV-Ip-pkc-skc,verify,1024,16,0.0,1,0,1,ip-172-31-43-26,linux,0,1.6553,604.12,Signature,True,2025-11-21T22:16:58.212544,,1191
OV-Ip-pkc-skc,verify,1024,16,0.0,1,0,1,ip-172-31-43-26,linux,0,1.6581,603.09,Signature,True,2025-11-21T22:16:58.214242,,1192
OV-Ip-pkc-skc,verify,1024,16,0.0,1,0,1,ip-172-31-43-26,linux,0,1.6503,605.95,Signature,True,2025-11-21T22:16:58.215942,,1193
OV-Ip-pkc-skc,verify,1024,16,0.0,1,0,1,ip-172-31-43-26,linux,0,1.6574,603.34,Signature,True,2025-11-21T22:16:58.217641,,1194
OV-Ip-pkc-skc,verify,1024,16,0.0,1,0,1,ip-172-31-43-26,linux,0,1.666,600.23,Signature,True,2025-11-21T22:16:58.219349,,1195
OV-Ip-pkc-skc,verify,1024,64,0.0,1,0,1,ip-172-31-43-26,linux,0,1.6486,606.56,Signature,True,2025-11-21T22:16:58.221040,,1196
OV-Ip-pkc-skc,verify,1024,64,0.0,1,0,1,ip-172-31-43-26,linux,0,1.6905,591.54,Signature,True,2025-11-21T22:16:58.222773,,1197
OV-Ip-pkc-skc,verify,1024,64,0.0,1,0,1,ip-172-31-43-26,linux,0,1.6651,600.57,Signature,True,2025-11-21T22:16:58.224480,,1198
OV-Ip-pkc-skc,verify,1024,64,0.0,1,0,1,ip-172-31-43-26,linux,0,1.6409,609.43,Signature,True,2025-11-21T22:16:58.226163,,1199
OV-Ip-pkc-skc,verify,1024,64,0.0,1,0,1,ip-172-31-43-26,linux,0,1.661,602.04,Signature,True,2025-11-21T22:16:58.227865,,1200
OV-Is,sign,0,1,0.0,1,0,1,ip-172-31-43-26,linux,0,2.5896,386.15,Signature,True,2025-11-21T22:16:58.230510,,1201
OV-Is,sign,0,1,0.0,1,0,1,ip-172-31-43-26,linux,0,2.4737,404.26,Signature,True,2025-11-21T22:16:58.233035,,1202
OV-Is,sign,0,1,0.0,1,0,1,ip-172-31-43-26,linux,0,2.5054,399.14,Signature,True,2025-11-21T22:16:58.235589,,1203
OV-Is,sign,0,1,0.0,1,0,1,ip-172-31-43-26,linux,0,2.5094,398.5,Signature,True,2025-11-21T22:16:58.238149,,1204
OV-Is,sign,0,1,0.0,1,0,1,ip-172-31-43-26,linux,0,2.4962,400.61,Signature,True,2025-11-21T22:16:58.240696,,1205
OV-Is,sign,0,16,0.0,1,0,1,ip-172-31-43-26,linux,0,2.5453,392.89,Signature,True,2025-11-21T22:16:58.243290,,1206
OV-Is,sign,0,16,0.0,1,0,1,ip-172-31-43-26,linux,0,2.4963,400.59,Signature,True,2025-11-21T22:16:58.245834,,1207
OV-Is,sign,0,16,0.0,1,0,1,ip-172-31-43-26,linux,0,2.4848,402.45,Signature,True,2025-11-21T22:16:58.248366,,1208
OV-Is,sign,0,16,0.0,1,0,1,ip-172-31-43-26,linux,0,2.4816,402.97,Signature,True,2025-11-21T22:16:58.250893,,1209
OV-Is,sign,0,16,0.0,1,0,1,ip-172-31-43-26,linux,0,2.4916,401.34,Signature,True,2025-11-21T22:16:58.253432,,1210
OV-Is,sign,0,64,0.0,1,0,1,ip-172-31-43-26,linux,0,2.4767,403.76,Signature,True,2025-11-21T22:16:58.255956,,1211
OV-Is,sign,0,64,0.0,1,0,1,ip-172-31-43-26,linux,0,2.5107,398.3,Signature,True,2025-11-21T22:16:58.258515,,1212
OV-Is,sign,0,64,0.0,1,0,1,ip-172-31-43-26,linux,0,2.4855,402.33,Signature,True,2025-11-21T22:16:58.261050,,1213
OV-Is,sign,0,64,0.0,1,0,1,ip-172-31-43-26,linux,0,2.6144,382.5,Signature,True,2025-11-21T22:16:58.263714,,1214
OV-Is,sign,0,64,0.0,1,0,1,ip-172-31-43-26,linux,0,2.5054,399.13,Signature,True,2025-11-21T22:16:58.266269,,1215
OV-Is,sign,1024,1,0.0,1,0,1,ip-172-31-43-26,linux,0,2.4881,401.92,Signature,True,2025-11-21T22:16:58.268803,,1216
OV-Is,sign,1024,1,0.0,1,0,1,ip-172-31-43-26,linux,0,2.54,393.7,Signature,True,2025-11-21T22:16:58.271392,,1217
OV-Is,sign,1024,1,0.0,1,0,1,ip-172-31-43-26,linux,0,2.4831,402.72,Signature,True,2025-11-21T22:16:58.273924,,1218
OV-Is,sign,1024,1,0.0,1,0,1,ip-172-31-43-26,linux,0,2.5236,396.25,Signature,True,2025-11-21T22:16:58.276496,,1219
OV-Is,sign,1024,1,0.0,1,0,1,ip-172-31-43-26,linux,0,2.4765,403.8,Signature,True,2025-11-21T22:16:58.279020,,1220
OV-Is,sign,1024,16,0.0,1,0,1,ip-172-31-43-26,linux,0,2.5212,396.63,Signature,True,2025-11-21T22:16:58.281590,,1221
OV-Is,sign,1024,16,0.0,1,0,1,ip-172-31-43-26,linux,0,2.544,393.09,Signature,True,2025-11-21T22:16:58.284184,,1222
OV-Is,sign,1024,16,0.0,1,0,1,ip-172-31-43-26,linux,0,2.5048,399.23,Signature,True,2025-11-21T22:16:58.286734,,1223
OV-Is,sign,1024,16,0.0,1,0,1,ip-172-31-43-26,linux,0,2.4865,402.16,Signature,True,2025-11-21T22:16:58.289267,,1224
OV-Is,sign,1024,16,0.0,1,0,1,ip-172-31-43-26,linux,0,2.4968,400.51,Signature,True,2025-11-21T22:16:58.291811,,1225
OV-Is,sign,1024,64,0.0,1,0,1,ip-172-31-43-26,linux,0,2.4865,402.17,Signature,True,2025-11-21T22:16:58.294345,,1226
OV-Is,sign,1024,64,0.0,1,0,1,ip-172-31-43-26,linux,0,2.4957,400.69,Signature,True,2025-11-21T22:16:58.296887,,1227
OV-Is,sign,1024,64,0.0,1,0,1,ip-172-31-43-26,linux,0,2.4804,403.16,Signature,True,2025-11-21T22:16:58.299414,,1228
OV-Is,sign,1024,64,0.0,1,0,1,ip-172-31-43-26,linux,0,2.502,399.68,Signature,True,2025-11-21T22:16:58.301964,,1229
OV-Is,sign,1024,64,0.0,1,0,1,ip-172-31-43-26,linux,0,2.4932,401.09,Signature,True,2025-11-21T22:16:58.304504,,1230
OV-Is,verify,0,1,0.0,1,0,1,ip-172-31-43-26,linux,0,2.5125,398.01,Signature,True,2025-11-21T22:16:58.307075,,1231
OV-Is,verify,0,1,0.0,1,0,1,ip-172-31-43-26,linux,0,2.4761,403.86,Signature,True,2025-11-21T22:16:58.309610,,1232
OV-Is,verify,0,1,0.0,1,0,1,ip-172-31-43-26,linux,0,2.5385,393.94,Signature,True,2025-11-21T22:16:58.312237,,1233
OV-Is,verify,0,1,0.0,1,0,1,ip-172-31-43-26,linux,0,2.48,403.22,Signature,True,2025-11-21T22:16:58.314764,,1234
OV-Is,verify,0,1,0.0,1,0,1,ip-172-31-43-26,linux,0,2.5041,399.34,Signature,True,2025-11-21T22:16:58.317319,,1235
OV-Is,verify,0,16,0.0,1,0,1,ip-172-31-43-26,linux,0,2.4777,403.6,Signature,True,2025-11-21T22:16:58.319844,,1236
OV-Is,verify,0,16,0.0,1,0,1,ip-172-31-43-26,linux,0,2.5031,399.51,Signature,True,2025-11-21T22:16:58.322395,,1237
OV-Is,verify,0,16,0.0,1,0,1,ip-172-31-43-26,linux,0,2.4562,407.14,Signature,True,2025-11-21T22:16:58.324897,,1238
OV-Is,verify,0,16,0.0,1,0,1,ip-172-31-43-26,linux,0,2.5216,396.58,Signature,True,2025-11-21T22:16:58.327466,,1239
OV-Is,verify,0,16,0.0,1,0,1,ip-172-31-43-26,linux,0,2.4722,404.5,Signature,True,2025-11-21T22:16:58.329986,,1240
OV-Is,verify,0,64,0.0,1,0,1,ip-172-31-43-26,linux,0,2.5021,399.66,Signature,True,2025-11-21T22:16:58.332535,,1241
OV-Is,verify,0,64,0.0,1,0,1,ip-172-31-43-26,linux,0,2.4873,402.05,Signature,True,2025-11-21T22:16:58.335070,,1242
OV-Is,verify,0,64,0.0,1,0,1,ip-172-31-43-26,linux,0,2.576,388.2,Signature,True,2025-11-21T22:16:58.337707,,1243
OV-Is,verify,0,64,0.0,1,0,1,ip-172-31-43-26,linux,0,2.4839,402.59,Signature,True,2025-11-21T22:16:58.340237,,1244
OV-Is,verify,0,64,0.0,1,0,1,ip-172-31-43-26,linux,0,2.4941,400.95,Signature,True,2025-11-21T22:16:58.342779,,1245
OV-Is,verify,1024,1,0.0,1,0,1,ip-172-31-43-26,linux,0,2.4798,403.25,Signature,True,2025-11-21T22:16:58.345308,,1246
OV-Is,verify,1024,1,0.0,1,0,1,ip-172-31-43-26,linux,0,2.4933,401.08,Signature,True,2025-11-21T22:16:58.347847,,1247
OV-Is,verify,1024,1,0.0,1,0,1,ip-172-31-43-26,linux,0,2.4969,400.5,Signature,True,2025-11-21T22:16:58.350391,,1248
OV-Is,verify,1024,1,0.0,1,0,1,ip-172-31-43-26,linux,0,2.5341,394.62,Signature,True,2025-11-21T22:16:58.352971,,1249
OV-Is,verify,1024,1,0.0,1,0,1,ip-172-31-43-26,linux,0,2.4924,401.21,Signature,True,2025-11-21T22:16:58.355509,,1250
OV-Is,verify,1024,16,0.0,1,0,1,ip-172-31-43-26,linux,0,2.4955,400.71,Signature,True,2025-11-21T22:16:58.358051,,1251
OV-Is,verify,1024,16,0.0,1,0,1,ip-172-31-43-26,linux,0,2.4939,400.98,Signature,True,2025-11-21T22:16:58.360591,,1252
OV-Is,verify,1024,16,0.0,1,0,1,ip-172-31-43-26,linux,0,2.5193,396.94,Signature,True,2025-11-21T22:16:58.363157,,1253
OV-Is,verify,1024,16,0.0,1,0,1,ip-172-31-43-26,linux,0,2.4799,403.24,Signature,True,2025-11-21T22:16:58.365682,,1254
OV-Is,verify,1024,16,0.0,1,0,1,ip-172-31-43-26,linux,0,2.5064,398.97,Signature,True,2025-11-21T22:16:58.368236,,1255
OV-Is,verify,1024,64,0.0,1,0,1,ip-172-31-43-26,linux,0,2.5278,395.6,Signature,True,2025-11-21T22:16:58.370812,,1256
OV-Is,verify,1024,64,0.0,1,0,1,ip-172-31-43-26,linux,0,2.5031,399.51,Signature,True,2025-11-21T22:16:58.373360,,1257
OV-Is,verify,1024,64,0.0,1,0,1,ip-172-31-43-26,linux,0,2.4763,403.83,Signature,True,2025-11-21T22:16:58.375884,,1258
OV-Is,verify,1024,64,0.0,1,0,1,ip-172-31-43-26,linux,0,2.5063,399.0,Signature,True,2025-11-21T22:16:58.378435,,1259
OV-Is,verify,1024,64,0.0,1,0,1,ip-172-31-43-26,linux,0,2.4862,402.22,Signature,True,2025-11-21T22:16:58.380968,,1260
OV-Is-pkc,sign,0,1,0.0,1,0,1,ip-172-31-43-26,linux,0,2.6877,372.06,Signature,True,2025-11-21T22:16:58.383720,,1261
OV-Is-pkc,sign,0,1,0.0,1,0,1,ip-172-31-43-26,linux,0,2.6222,381.36,Signature,True,2025-11-21T22:16:58.386391,,1262
OV-Is-pkc,sign,0,1,0.0,1,0,1,ip-172-31-43-26,linux,0,2.5981,384.89,Signature,True,2025-11-21T22:16:58.389038,,1263
OV-Is-pkc,sign,0,1,0.0,1,0,1,ip-172-31-43-26,linux,0,2.6069,383.59,Signature,True,2025-11-21T22:16:58.391693,,1264
OV-Is-pkc,sign,0,1,0.0,1,0,1,ip-172-31-43-26,linux,0,2.6144,382.5,Signature,True,2025-11-21T22:16:58.394357,,1265
OV-Is-pkc,sign,0,16,0.0,1,0,1,ip-172-31-43-26,linux,0,2.6086,383.35,Signature,True,2025-11-21T22:16:58.397012,,1266
OV-Is-pkc,sign,0,16,0.0,1,0,1,ip-172-31-43-26,linux,0,2.6176,382.03,Signature,True,2025-11-21T22:16:58.399677,,1267
OV-Is-pkc,sign,0,16,0.0,1,0,1,ip-172-31-43-26,linux,0,2.6029,384.18,Signature,True,2025-11-21T22:16:58.402327,,1268
OV-Is-pkc,sign,0,16,0.0,1,0,1,ip-172-31-43-26,linux,0,2.5602,390.6,Signature,True,2025-11-21T22:16:58.404932,,1269
OV-Is-pkc,sign,0,16,0.0,1,0,1,ip-172-31-43-26,linux,0,2.6069,383.59,Signature,True,2025-11-21T22:16:58.407584,,1270
OV-Is-pkc,sign,0,64,0.0,1,0,1,ip-172-31-43-26,linux,0,2.6365,379.3,Signature,True,2025-11-21T22:16:58.410270,,1271
OV-Is-pkc,sign,0,64,0.0,1,0,1,ip-172-31-43-26,linux,0,2.5967,385.11,Signature,True,2025-11-21T22:16:58.412915,,1272
OV-Is-pkc,sign,0,64,0.0,1,0,1,ip-172-31-43-26,linux,0,2.5762,388.16,Signature,True,2025-11-21T22:16:58.415540,,1273
OV-Is-pkc,sign,0,64,0.0,1,0,1,ip-172-31-43-26,linux,0,2.6067,383.62,Signature,True,2025-11-21T22:16:58.418192,,1274
OV-Is-pkc,sign,0,64,0.0,1,0,1,ip-172-31-43-26,linux,0,2.6033,384.13,Signature,True,2025-11-21T22:16:58.420842,,1275
OV-Is-pkc,sign,1024,1,0.0,1,0,1,ip-172-31-43-26,linux,0,2.6317,379.98,Signature,True,2025-11-21T22:16:58.423523,,1276
OV-Is-pkc,sign,1024,1,0.0,1,0,1,ip-172-31-43-26,linux,0,2.6258,380.83,Signature,True,2025-11-21T22:16:58.426195,,1277
OV-Is-pkc,sign,1024,1,0.0,1,0,1,ip-172-31-43-26,linux,0,2.6048,383.91,Signature,True,2025-11-21T22:16:58.428848,,1278
OV-Is-pkc,sign,1024,1,0.0,1,0,1,ip-172-31-43-26,linux,0,2.5789,387.76,Signature,True,2025-11-21T22:16:58.431473,,1279
OV-Is-pkc,sign,1024,1,0.0,1,0,1,ip-172-31-43-26,linux,0,2.6073,383.54,Signature,True,2025-11-21T22:16:58.434127,,1280
OV-Is-pkc,sign,1024,16,0.0,1,0,1,ip-172-31-43-26,linux,0,2.6164,382.21,Signature,True,2025-11-21T22:16:58.436787,,1281
OV-Is-pkc,sign,1024,16,0.0,1,0,1,ip-172-31-43-26,linux,0,2.6404,378.73,Signature,True,2025-11-21T22:16:58.439473,,1282
OV-Is-pkc,sign,1024,16,0.0,1,0,1,ip-172-31-43-26,linux,0,2.6251,380.94,Signature,True,2025-11-21T22:16:58.442144,,1283
OV-Is-pkc,sign,1024,16,0.0,1,0,1,ip-172-31-43-26,linux,0,2.5958,385.24,Signature,True,2025-11-21T22:16:58.444785,,1284
OV-Is-pkc,sign,1024,16,0.0,1,0,1,ip-172-31-43-26,linux,0,2.5993,384.72,Signature,True,2025-11-21T22:16:58.447430,,1285
OV-Is-pkc,sign,1024,64,0.0,1,0,1,ip-172-31-43-26,linux,0,2.5964,385.14,Signature,True,2025-11-21T22:16:58.450074,,1286
OV-Is-pkc,sign,1024,64,0.0,1,0,1,ip-172-31-43-26,linux,0,2.6635,375.45,Signature,True,2025-11-21T22:16:58.452790,,1287
OV-Is-pkc,sign,1024,64,0.0,1,0,1,ip-172-31-43-26,linux,0,2.6163,382.22,Signature,True,2025-11-21T22:16:58.455453,,1288
OV-Is-pkc,sign,1024,64,0.0,1,0,1,ip-172-31-43-26,linux,0,2.5975,384.99,Signature,True,2025-11-21T22:16:58.458108,,1289
OV-Is-pkc,sign,1024,64,0.0,1,0,1,ip-172-31-43-26,linux,0,2.585,386.85,Signature,True,2025-11-21T22:16:58.460737,,1290
OV-Is-pkc,verify,0,1,0.0,1,0,1,ip-172-31-43-26,linux,0,2.5921,385.79,Signature,True,2025-11-21T22:16:58.463391,,1291
OV-Is-pkc,verify,0,1,0.0,1,0,1,ip-172-31-43-26,linux,0,2.5977,384.96,Signature,True,2025-11-21T22:16:58.466035,,1292
OV-Is-pkc,verify,0,1,0.0,1,0,1,ip-172-31-43-26,linux,0,2.5844,386.94,Signature,True,2025-11-21T22:16:58.468664,,1293
OV-Is-pkc,verify,0,1,0.0,1,0,1,ip-172-31-43-26,linux,0,2.6149,382.42,Signature,True,2025-11-21T22:16:58.471324,,1294
OV-Is-pkc,verify,0,1,0.0,1,0,1,ip-172-31-43-26,linux,0,2.5562,391.21,Signature,True,2025-11-21T22:16:58.473926,,1295
OV-Is-pkc,verify,0,16,0.0,1,0,1,ip-172-31-43-26,linux,0,2.6128,382.73,Signature,True,2025-11-21T22:16:58.476585,,1296
OV-Is-pkc,verify,0,16,0.0,1,0,1,ip-172-31-43-26,linux,0,2.6309,380.1,Signature,True,2025-11-21T22:16:58.479261,,1297
OV-Is-pkc,verify,0,16,0.0,1,0,1,ip-172-31-43-26,linux,0,2.6136,382.61,Signature,True,2025-11-21T22:16:58.481922,,1298
OV-Is-pkc,verify,0,16,0.0,1,0,1,ip-172-31-43-26,linux,0,2.5894,386.18,Signature,True,2025-11-21T22:16:58.484558,,1299
OV-Is-pkc,verify,0,16,0.0,1,0,1,ip-172-31-43-26,linux,0,2.6065,383.66,Signature,True,2025-11-21T22:16:58.487212,,1300
OV-Is-pkc,verify,0,64,0.0,1,0,1,ip-172-31-43-26,linux,0,2.5944,385.45,Signature,True,2025-11-21T22:16:58.489854,,1301
OV-Is-pkc,verify,0,64,0.0,1,0,1,ip-172-31-43-26,linux,0,2.6224,381.34,Signature,True,2025-11-21T22:16:58.492562,,1302
OV-Is-pkc,verify,0,64,0.0,1,0,1,ip-172-31-43-26,linux,0,2.6229,381.25,Signature,True,2025-11-21T22:16:58.495233,,1303
OV-Is-pkc,verify,0,64,0.0,1,0,1,ip-172-31-43-26,linux,0,2.598,384.91,Signature,True,2025-11-21T22:16:58.497878,,1304
OV-Is-pkc,verify,0,64,0.0,1,0,1,ip-172-31-43-26,linux,0,2.5926,385.71,Signature,True,2025-11-21T22:16:58.500518,,1305
OV-Is-pkc,verify,1024,1,0.0,1,0,1,ip-172-31-43-26,linux,0,2.5879,386.41,Signature,True,2025-11-21T22:16:58.503155,,1306
OV-Is-pkc,verify,1024,1,0.0,1,0,1,ip-172-31-43-26,linux,0,2.6105,383.07,Signature,True,2025-11-21T22:16:58.505811,,1307
OV-Is-pkc,verify,1024,1,0.0,1,0,1,ip-172-31-43-26,linux,0,2.6634,375.46,Signature,True,2025-11-21T22:16:58.508522,,1308
OV-Is-pkc,verify,1024,1,0.0,1,0,1,ip-172-31-43-26,linux,0,2.6193,381.78,Signature,True,2025-11-21T22:16:58.511188,,1309
OV-Is-pkc,verify,1024,1,0.0,1,0,1,ip-172-31-43-26,linux,0,2.5983,384.87,Signature,True,2025-11-21T22:16:58.513833,,1310
OV-Is-pkc,verify,1024,16,0.0,1,0,1,ip-172-31-43-26,linux,0,2.5818,387.33,Signature,True,2025-11-21T22:16:58.516463,,1311
OV-Is-pkc,verify,1024,16,0.0,1,0,1,ip-172-31-43-26,linux,0,2.591,385.95,Signature,True,2025-11-21T22:16:58.519119,,1312
OV-Is-pkc,verify,1024,16,0.0,1,0,1,ip-172-31-43-26,linux,0,2.6126,382.77,Signature,True,2025-11-21T22:16:58.521776,,1313
OV-Is-pkc,verify,1024,16,0.0,1,0,1,ip-172-31-43-26,linux,0,2.621,381.53,Signature,True,2025-11-21T22:16:58.524445,,1314
OV-Is-pkc,verify,1024,16,0.0,1,0,1,ip-172-31-43-26,linux,0,2.5881,386.39,Signature,True,2025-11-21T22:16:58.527079,,1315
OV-Is-pkc,verify,1024,64,0.0,1,0,1,ip-172-31-43-26,linux,0,2.5776,387.96,Signature,True,2025-11-21T22:16:58.529711,,1316
OV-Is-pkc,verify,1024,64,0.0,1,0,1,ip-172-31-43-26,linux,0,2.6183,381.92,Signature,True,2025-11-21T22:16:58.532375,,1317
OV-Is-pkc,verify,1024,64,0.0,1,0,1,ip-172-31-43-26,linux,0,2.6102,383.12,Signature,True,2025-11-21T22:16:58.535030,,1318
OV-Is-pkc,verify,1024,64,0.0,1,0,1,ip-172-31-43-26,linux,0,2.6061,383.72,Signature,True,2025-11-21T22:16:58.537681,,1319
OV-Is-pkc,verify,1024,64,0.0,1,0,1,ip-172-31-43-26,linux,0,2.6179,381.98,Signature,True,2025-11-21T22:16:58.540347,,1320
OV-Is-pkc-skc,sign,0,1,0.0,1,0,1,ip-172-31-43-26,linux,0,3.934,254.2,Signature,True,2025-11-21T22:16:58.544346,,1321
OV-Is-pkc-skc,sign,0,1,0.0,1,0,1,ip-172-31-43-26,linux,0,3.9147,255.45,Signature,True,2025-11-21T22:16:58.548311,,1322
OV-Is-pkc-skc,sign,0,1,0.0,1,0,1,ip-172-31-43-26,linux,0,3.8696,258.42,Signature,True,2025-11-21T22:16:58.552227,,1323
OV-Is-pkc-skc,sign,0,1,0.0,1,0,1,ip-172-31-43-26,linux,0,3.9138,255.5,Signature,True,2025-11-21T22:16:58.556187,,1324
OV-Is-pkc-skc,sign,0,1,0.0,1,0,1,ip-172-31-43-26,linux,0,3.9384,253.91,Signature,True,2025-11-21T22:16:58.560174,,1325
OV-Is-pkc-skc,sign,0,16,0.0,1,0,1,ip-172-31-43-26,linux,0,3.9033,256.2,Signature,True,2025-11-21T22:16:58.564125,,1326
OV-Is-pkc-skc,sign,0,16,0.0,1,0,1,ip-172-31-43-26,linux,0,3.8972,256.6,Signature,True,2025-11-21T22:16:58.568068,,1327
OV-Is-pkc-skc,sign,0,16,0.0,1,0,1,ip-172-31-43-26,linux,0,3.9114,255.66,Signature,True,2025-11-21T22:16:58.572040,,1328
OV-Is-pkc-skc,sign,0,16,0.0,1,0,1,ip-172-31-43-26,linux,0,3.8872,257.26,Signature,True,2025-11-21T22:16:58.575974,,1329
OV-Is-pkc-skc,sign,0,16,0.0,1,0,1,ip-172-31-43-26,linux,0,3.9013,256.32,Signature,True,2025-11-21T22:16:58.579922,,1330
OV-Is-pkc-skc,sign,0,64,0.0,1,0,1,ip-172-31-43-26,linux,0,3.8973,256.59,Signature,True,2025-11-21T22:16:58.583867,,1331
OV-Is-pkc-skc,sign,0,64,0.0,1,0,1,ip-172-31-43-26,linux,0,3.8704,258.37,Signature,True,2025-11-21T22:16:58.587783,,1332
OV-Is-pkc-skc,sign,0,64,0.0,1,0,1,ip-172-31-43-26,linux,0,3.9115,255.65,Signature,True,2025-11-21T22:16:58.591740,,1333
OV-Is-pkc-skc,sign,0,64,0.0,1,0,1,ip-172-31-43-26,linux,0,3.8738,258.14,Signature,True,2025-11-21T22:16:58.595660,,1334
OV-Is-pkc-skc,sign,0,64,0.0,1,0,1,ip-172-31-43-26,linux,0,3.9213,255.02,Signature,True,2025-11-21T22:16:58.599630,,1335
OV-Is-pkc-skc,sign,1024,1,0.0,1,0,1,ip-172-31-43-26,linux,0,3.8954,256.71,Signature,True,2025-11-21T22:16:58.603575,,1336
OV-Is-pkc-skc,sign,1024,1,0.0,1,0,1,ip-172-31-43-26,linux,0,3.8912,256.99,Signature,True,2025-11-21T22:16:58.607512,,1337
OV-Is-pkc-skc,sign,1024,1,0.0,1,0,1,ip-172-31-43-26,linux,0,3.904,256.14,Signature,True,2025-11-21T22:16:58.611463,,1338
OV-Is-pkc-skc,sign,1024,1,0.0,1,0,1,ip-172-31-43-26,linux,0,3.875,258.06,Signature,True,2025-11-21T22:16:58.615383,,1339
OV-Is-pkc-skc,sign,1024,1,0.0,1,0,1,ip-172-31-43-26,linux,0,3.941,253.74,Signature,True,2025-11-21T22:16:58.619372,,1340
OV-Is-pkc-skc,sign,1024,16,0.0,1,0,1,ip-172-31-43-26,linux,0,3.8997,256.43,Signature,True,2025-11-21T22:16:58.623318,,1341
OV-Is-pkc-skc,sign,1024,16,0.0,1,0,1,ip-172-31-43-26,linux,0,3.8988,256.49,Signature,True,2025-11-21T22:16:58.627265,,1342
OV-Is-pkc-skc,sign,1024,16,0.0,1,0,1,ip-172-31-43-26,linux,0,3.9283,254.56,Signature,True,2025-11-21T22:16:58.631238,,1343
OV-Is-pkc-skc,sign,1024,16,0.0,1,0,1,ip-172-31-43-26,linux,0,3.8917,256.95,Signature,True,2025-11-21T22:16:58.635174,,1344
OV-Is-pkc-skc,sign,1024,16,0.0,1,0,1,ip-172-31-43-26,linux,0,3.8917,256.96,Signature,True,2025-11-21T22:16:58.639110,,1345
OV-Is-pkc-skc,sign,1024,64,0.0,1,0,1,ip-172-31-43-26,linux,0,3.9353,254.11,Signature,True,2025-11-21T22:16:58.643090,,1346
OV-Is-pkc-skc,sign,1024,64,0.0,1,0,1,ip-172-31-43-26,linux,0,3.8785,257.83,Signature,True,2025-11-21T22:16:58.647021,,1347
OV-Is-pkc-skc,sign,1024,64,0.0,1,0,1,ip-172-31-43-26,linux,0,3.9152,255.42,Signature,True,2025-11-21T22:16:58.650982,,1348
OV-Is-pkc-skc,sign,1024,64,0.0,1,0,1,ip-172-31-43-26,linux,0,3.9159,255.37,Signature,True,2025-11-21T22:16:58.654944,,1349
OV-Is-pkc-skc,sign,1024,64,0.0,1,0,1,ip-172-31-43-26,linux,0,3.8894,257.11,Signature,True,2025-11-21T22:16:58.658880,,1350
OV-Is-pkc-skc,verify,0,1,0.0,1,0,1,ip-172-31-43-26,linux,0,3.9261,254.71,Signature,True,2025-11-21T22:16:58.662862,,1351
OV-Is-pkc-skc,verify,0,1,0.0,1,0,1,ip-172-31-43-26,linux,0,3.8809,257.67,Signature,True,2025-11-21T22:16:58.666792,,1352
OV-Is-pkc-skc,verify,0,1,0.0,1,0,1,ip-172-31-43-26,linux,0,3.8897,257.09,Signature,True,2025-11-21T22:16:58.670726,,1353
OV-Is-pkc-skc,verify,0,1,0.0,1,0,1,ip-172-31-43-26,linux,0,3.8997,256.43,Signature,True,2025-11-21T22:16:58.674673,,1354
OV-Is-pkc-skc,verify,0,1,0.0,1,0,1,ip-172-31-43-26,linux,0,3.8693,258.44,Signature,True,2025-11-21T22:16:58.678589,,1355
OV-Is-pkc-skc,verify,0,16,0.0,1,0,1,ip-172-31-43-26,linux,0,3.9151,255.42,Signature,True,2025-11-21T22:16:58.682549,,1356
OV-Is-pkc-skc,verify,0,16,0.0,1,0,1,ip-172-31-43-26,linux,0,3.8674,258.57,Signature,True,2025-11-21T22:16:58.686462,,1357
OV-Is-pkc-skc,verify,0,16,0.0,1,0,1,ip-172-31-43-26,linux,0,3.9039,256.16,Signature,True,2025-11-21T22:16:58.690409,,1358
OV-Is-pkc-skc,verify,0,16,0.0,1,0,1,ip-172-31-43-26,linux,0,3.9082,255.87,Signature,True,2025-11-21T22:16:58.694362,,1359
OV-Is-pkc-skc,verify,0,16,0.0,1,0,1,ip-172-31-43-26,linux,0,3.9189,255.18,Signature,True,2025-11-21T22:16:58.698327,,1360
OV-Is-pkc-skc,verify,0,64,0.0,1,0,1,ip-172-31-43-26,linux,0,3.9015,256.31,Signature,True,2025-11-21T22:16:58.702279,,1361
OV-Is-pkc-skc,verify,0,64,0.0,1,0,1,ip-172-31-43-26,linux,0,3.8743,258.11,Signature,True,2025-11-21T22:16:58.706201,,1362
OV-Is-pkc-skc,verify,0,64,0.0,1,0,1,ip-172-31-43-26,linux,0,3.8989,256.48,Signature,True,2025-11-21T22:16:58.710146,,1363
OV-Is-pkc-skc,verify,0,64,0.0,1,0,1,ip-172-31-43-26,linux,0,3.8831,257.52,Signature,True,2025-11-21T22:16:58.714076,,1364
OV-Is-pkc-skc,verify,0,64,0.0,1,0,1,ip-172-31-43-26,linux,0,3.9051,256.07,Signature,True,2025-11-21T22:16:58.718035,,1365
OV-Is-pkc-skc,verify,1024,1,0.0,1,0,1,ip-172-31-43-26,linux,0,3.9072,255.94,Signature,True,2025-11-21T22:16:58.721988,,1366
OV-Is-pkc-skc,verify,1024,1,0.0,1,0,1,ip-172-31-43-26,linux,0,3.8837,257.49,Signature,True,2025-11-21T22:16:58.725919,,1367
OV-Is-pkc-skc,verify,1024,1,0.0,1,0,1,ip-172-31-43-26,linux,0,3.9029,256.22,Signature,True,2025-11-21T22:16:58.729869,,1368
OV-Is-pkc-skc,verify,1024,1,0.0,1,0,1,ip-172-31-43-26,linux,0,3.896,256.67,Signature,True,2025-11-21T22:16:58.733852,,1369
OV-Is-pkc-skc,verify,1024,1,0.0,1,0,1,ip-172-31-43-26,linux,0,3.9557,252.8,Signature,True,2025-11-21T22:16:58.737854,,1370
OV-Is-pkc-skc,verify,1024,16,0.0,1,0,1,ip-172-31-43-26,linux,0,3.8964,256.65,Signature,True,2025-11-21T22:16:58.741801,,1371
OV-Is-pkc-skc,verify,1024,16,0.0,1,0,1,ip-172-31-43-26,linux,0,3.9364,254.04,Signature,True,2025-11-21T22:16:58.745782,,1372
OV-Is-pkc-skc,verify,1024,16,0.0,1,0,1,ip-172-31-43-26,linux,0,3.8899,257.07,Signature,True,2025-11-21T22:16:58.749718,,1373
OV-Is-pkc-skc,verify,1024,16,0.0,1,0,1,ip-172-31-43-26,linux,0,3.8871,257.26,Signature,True,2025-11-21T22:16:58.753651,,1374
OV-Is-pkc-skc,verify,1024,16,0.0,1,0,1,ip-172-31-43-26,linux,0,3.9955,250.28,Signature,True,2025-11-21T22:16:58.757691,,1375
OV-Is-pkc-skc,verify,1024,64,0.0,1,0,1,ip-172-31-43-26,linux,0,3.9016,256.3,Signature,True,2025-11-21T22:16:58.761639,,1376
OV-Is-pkc-skc,verify,1024,64,0.0,1,0,1,ip-172-31-43-26,linux,0,3.8796,257.76,Signature,True,2025-11-21T22:16:58.765563,,1377
OV-Is-pkc-skc,verify,1024,64,0.0,1,0,1,ip-172-31-43-26,linux,0,3.9029,256.22,Signature,True,2025-11-21T22:16:58.769512,,1378
OV-Is-pkc-skc,verify,1024,64,0.0,1,0,1,ip-172-31-43-26,linux,0,3.8836,257.49,Signature,True,2025-11-21T22:16:58.773440,,1379
OV-Is-pkc-skc,verify,1024,64,0.0,1,0,1,ip-172-31-43-26,linux,0,3.8994,256.45,Signature,True,2025-11-21T22:16:58.777385,,1380
OV-V,sign,0,1,0.0,1,0,1,ip-172-31-43-26,linux,0,23.1277,43.24,Signature,True,2025-11-21T22:16:58.800990,,1381
OV-V,sign,0,1,0.0,1,0,1,ip-172-31-43-26,linux,0,21.0452,47.52,Signature,True,2025-11-21T22:16:58.822724,,1382
OV-V,sign,0,1,0.0,1,0,1,ip-172-31-43-26,linux,0,21.7816,45.91,Signature,True,2025-11-21T22:16:58.845205,,1383
OV-V,sign,0,1,0.0,1,0,1,ip-172-31-43-26,linux,0,21.7583,45.96,Signature,True,2025-11-21T22:16:58.867670,,1384
OV-V,sign,0,1,0.0,1,0,1,ip-172-31-43-26,linux,0,21.8379,45.79,Signature,True,2025-11-21T22:16:58.890204,,1385
OV-V,sign,0,16,0.0,1,0,1,ip-172-31-43-26,linux,0,21.6154,46.26,Signature,True,2025-11-21T22:16:58.912487,,1386
OV-V,sign,0,16,0.0,1,0,1,ip-172-31-43-26,linux,0,21.6806,46.12,Signature,True,2025-11-21T22:16:58.934828,,1387
OV-V,sign,0,16,0.0,1,0,1,ip-172-31-43-26,linux,0,21.6037,46.29,Signature,True,2025-11-21T22:16:58.957058,,1388
OV-V,sign,0,16,0.0,1,0,1,ip-172-31-43-26,linux,0,21.674,46.14,Signature,True,2025-11-21T22:16:58.979414,,1389
OV-V,sign,0,16,0.0,1,0,1,ip-172-31-43-26,linux,0,21.5598,46.38,Signature,True,2025-11-21T22:16:59.001622,,1390
OV-V,sign,0,64,0.0,1,0,1,ip-172-31-43-26,linux,0,21.8201,45.83,Signature,True,2025-11-21T22:16:59.024141,,1391
OV-V,sign,0,64,0.0,1,0,1,ip-172-31-43-26,linux,0,21.668,46.15,Signature,True,2025-11-21T22:16:59.046505,,1392
OV-V,sign,0,64,0.0,1,0,1,ip-172-31-43-26,linux,0,21.7457,45.99,Signature,True,2025-11-21T22:16:59.068891,,1393
OV-V,sign,0,64,0.0,1,0,1,ip-172-31-43-26,linux,0,21.6383,46.21,Signature,True,2025-11-21T22:16:59.091203,,1394
OV-V,sign,0,64,0.0,1,0,1,ip-172-31-43-26,linux,0,21.5977,46.3,Signature,True,2025-11-21T22:16:59.113446,,1395
OV-V,sign,1024,1,0.0,1,0,1,ip-172-31-43-26,linux,0,21.6707,46.15,Signature,True,2025-11-21T22:16:59.135780,,1396
OV-V,sign,1024,1,0.0,1,0,1,ip-172-31-43-26,linux,0,21.7298,46.02,Signature,True,2025-11-21T22:16:59.158172,,1397
OV-V,sign,1024,1,0.0,1,0,1,ip-172-31-43-26,linux,0,21.6893,46.11,Signature,True,2025-11-21T22:16:59.180549,,1398
OV-V,sign,1024,1,0.0,1,0,1,ip-172-31-43-26,linux,0,21.7252,46.03,Signature,True,2025-11-21T22:16:59.202924,,1399
OV-V,sign,1024,1,0.0,1,0,1,ip-172-31-43-26,linux,0,21.5798,46.34,Signature,True,2025-11-21T22:16:59.225156,,1400
OV-V,sign,1024,16,0.0,1,0,1,ip-172-31-43-26,linux,0,21.7808,45.91,Signature,True,2025-11-21T22:16:59.247609,,1401
OV-V,sign,1024,16,0.0,1,0,1,ip-172-31-43-26,linux,0,21.828,45.81,Signature,True,2025-11-21T22:16:59.270063,,1402
OV-V,sign,1024,16,0.0,1,0,1,ip-172-31-43-26,linux,0,21.767,45.94,Signature,True,2025-11-21T22:16:59.292532,,1403
OV-V,sign,1024,16,0.0,1,0,1,ip-172-31-43-26,linux,0,21.7473,45.98,Signature,True,2025-11-21T22:16:59.314947,,1404
OV-V,sign,1024,16,0.0,1,0,1,ip-172-31-43-26,linux,0,21.7883,45.9,Signature,True,2025-11-21T22:16:59.337466,,1405
OV-V,sign,1024,64,0.0,1,0,1,ip-172-31-43-26,linux,0,21.8371,45.79,Signature,True,2025-11-21T22:16:59.360010,,1406
OV-V,sign,1024,64,0.0,1,0,1,ip-172-31-43-26,linux,0,21.743,45.99,Signature,True,2025-11-21T22:16:59.382430,,1407
OV-V,sign,1024,64,0.0,1,0,1,ip-172-31-43-26,linux,0,21.704,46.07,Signature,True,2025-11-21T22:16:59.404803,,1408
OV-V,sign,1024,64,0.0,1,0,1,ip-172-31-43-26,linux,0,21.7664,45.94,Signature,True,2025-11-21T22:16:59.427261,,1409
OV-V,sign,1024,64,0.0,1,0,1,ip-172-31-43-26,linux,0,21.7069,46.07,Signature,True,2025-11-21T22:16:59.449682,,1410
OV-V,verify,0,1,0.0,1,0,1,ip-172-31-43-26,linux,0,21.8126,45.85,Signature,True,2025-11-21T22:16:59.472198,,1411
OV-V,verify,0,1,0.0,1,0,1,ip-172-31-43-26,linux,0,21.6869,46.11,Signature,True,2025-11-21T22:16:59.494554,,1412
OV-V,verify,0,1,0.0,1,0,1,ip-172-31-43-26,linux,0,21.8686,45.73,Signature,True,2025-11-21T22:16:59.517139,,1413
OV-V,verify,0,1,0.0,1,0,1,ip-172-31-43-26,linux,0,21.7592,45.96,Signature,True,2025-11-21T22:16:59.539595,,1414
OV-V,verify,0,1,0.0,1,0,1,ip-172-31-43-26,linux,0,21.7363,46.01,Signature,True,2025-11-21T22:16:59.561956,,1415
OV-V,verify,0,16,0.0,1,0,1,ip-172-31-43-26,linux,0,21.6311,46.23,Signature,True,2025-11-21T22:16:59.584260,,1416
OV-V,verify,0,16,0.0,1,0,1,ip-172-31-43-26,linux,0,21.8112,45.85,Signature,True,2025-11-21T22:16:59.606776,,1417
OV-V,verify,0,16,0.0,1,0,1,ip-172-31-43-26,linux,0,21.6768,46.13,Signature,True,2025-11-21T22:16:59.629166,,1418
OV-V,verify,0,16,0.0,1,0,1,ip-172-31-43-26,linux,0,21.8286,45.81,Signature,True,2025-11-21T22:16:59.651669,,1419
OV-V,verify,0,16,0.0,1,0,1,ip-172-31-43-26,linux,0,21.5971,46.3,Signature,True,2025-11-21T22:16:59.673899,,1420
OV-V,verify,0,64,0.0,1,0,1,ip-172-31-43-26,linux,0,21.6403,46.21,Signature,True,2025-11-21T22:16:59.696190,,1421
OV-V,verify,0,64,0.0,1,0,1,ip-172-31-43-26,linux,0,21.6188,46.26,Signature,True,2025-11-21T22:16:59.718478,,1422
OV-V,verify,0,64,0.0,1,0,1,ip-172-31-43-26,linux,0,21.7573,45.96,Signature,True,2025-11-21T22:16:59.740866,,1423
OV-V,verify,0,64,0.0,1,0,1,ip-172-31-43-26,linux,0,21.704,46.07,Signature,True,2025-11-21T22:16:59.763253,,1424
OV-V,verify,0,64,0.0,1,0,1,ip-172-31-43-26,linux,0,21.7037,46.08,Signature,True,2025-11-21T22:16:59.785614,,1425
OV-V,verify,1024,1,0.0,1,0,1,ip-172-31-43-26,linux,0,21.6248,46.24,Signature,True,2025-11-21T22:16:59.807864,,1426
OV-V,verify,1024,1,0.0,1,0,1,ip-172-31-43-26,linux,0,21.7162,46.05,Signature,True,2025-11-21T22:16:59.830256,,1427
OV-V,verify,1024,1,0.0,1,0,1,ip-172-31-43-26,linux,0,21.6971,46.09,Signature,True,2025-11-21T22:16:59.852648,,1428
OV-V,verify,1024,1,0.0,1,0,1,ip-172-31-43-26,linux,0,21.7641,45.95,Signature,True,2025-11-21T22:16:59.875062,,1429
OV-V,verify,1024,1,0.0,1,0,1,ip-172-31-43-26,linux,0,21.582,46.33,Signature,True,2025-11-21T22:16:59.897329,,1430
OV-V,verify,1024,16,0.0,1,0,1,ip-172-31-43-26,linux,0,21.8116,45.85,Signature,True,2025-11-21T22:16:59.919799,,1431
OV-V,verify,1024,16,0.0,1,0,1,ip-172-31-43-26,linux,0,21.6756,46.13,Signature,True,2025-11-21T22:16:59.942160,,1432
OV-V,verify,1024,16,0.0,1,0,1,ip-172-31-43-26,linux,0,21.8184,45.83,Signature,True,2025-11-21T22:16:59.964642,,1433
OV-V,verify,1024,16,0.0,1,0,1,ip-172-31-43-26,linux,0,21.6417,46.21,Signature,True,2025-11-21T22:16:59.986924,,1434
OV-V,verify,1024,16,0.0,1,0,1,ip-172-31-43-26,linux,0,22.05,45.35,Signature,True,2025-11-21T22:17:00.009820,,1435
OV-V,verify,1024,64,0.0,1,0,1,ip-172-31-43-26,linux,0,22.4591,44.53,Signature,True,2025-11-21T22:17:00.033075,,1436
OV-V,verify,1024,64,0.0,1,0,1,ip-172-31-43-26,linux,0,22.2134,45.02,Signature,True,2025-11-21T22:17:00.056075,,1437
OV-V,verify,1024,64,0.0,1,0,1,ip-172-31-43-26,linux,0,22.0315,45.39,Signature,True,2025-11-21T22:17:00.078893,,1438
OV-V,verify,1024,64,0.0,1,0,1,ip-172-31-43-26,linux,0,22.1637,45.12,Signature,True,2025-11-21T22:17:00.101886,,1439
OV-V,verify,1024,64,0.0,1,0,1,ip-172-31-43-26,linux,0,22.1074,45.23,Signature,True,2025-11-21T22:17:00.124806,,1440
OV-V-pkc,sign,0,1,0.0,1,0,1,ip-172-31-43-26,linux,0,21.8836,45.7,Signature,True,2025-11-21T22:17:00.147305,,1441
OV-V-pkc,sign,0,1,0.0,1,0,1,ip-172-31-43-26,linux,0,21.7512,45.97,Signature,True,2025-11-21T22:17:00.169632,,1442
OV-V-pkc,sign,0,1,0.0,1,0,1,ip-172-31-43-26,linux,0,21.6607,46.17,Signature,True,2025-11-21T22:17:00.191855,,1443
OV-V-pkc,sign,0,1,0.0,1,0,1,ip-172-31-43-26,linux,0,21.5742,46.35,Signature,True,2025-11-21T22:17:00.213990,,1444
OV-V-pkc,sign,0,1,0.0,1,0,1,ip-172-31-43-26,linux,0,21.6768,46.13,Signature,True,2025-11-21T22:17:00.236252,,1445
OV-V-pkc,sign,0,16,0.0,1,0,1,ip-172-31-43-26,linux,0,21.5651,46.37,Signature,True,2025-11-21T22:17:00.258395,,1446
OV-V-pkc,sign,0,16,0.0,1,0,1,ip-172-31-43-26,linux,0,21.5512,46.4,Signature,True,2025-11-21T22:17:00.280516,,1447
OV-V-pkc,sign,0,16,0.0,1,0,1,ip-172-31-43-26,linux,0,21.4689,46.58,Signature,True,2025-11-21T22:17:00.302536,,1448
OV-V-pkc,sign,0,16,0.0,1,0,1,ip-172-31-43-26,linux,0,21.4776,46.56,Signature,True,2025-11-21T22:17:00.324545,,1449
OV-V-pkc,sign,0,16,0.0,1,0,1,ip-172-31-43-26,linux,0,21.6352,46.22,Signature,True,2025-11-21T22:17:00.346749,,1450
OV-V-pkc,sign,0,64,0.0,1,0,1,ip-172-31-43-26,linux,0,21.5147,46.48,Signature,True,2025-11-21T22:17:00.368802,,1451
OV-V-pkc,sign,0,64,0.0,1,0,1,ip-172-31-43-26,linux,0,21.4659,46.59,Signature,True,2025-11-21T22:17:00.390802,,1452
OV-V-pkc,sign,0,64,0.0,1,0,1,ip-172-31-43-26,linux,0,21.4357,46.65,Signature,True,2025-11-21T22:17:00.412762,,1453
OV-V-pkc,sign,0,64,0.0,1,0,1,ip-172-31-43-26,linux,0,21.5025,46.51,Signature,True,2025-11-21T22:17:00.434819,,1454
OV-V-pkc,sign,0,64,0.0,1,0,1,ip-172-31-43-26,linux,0,21.5428,46.42,Signature,True,2025-11-21T22:17:00.456901,,1455
OV-V-pkc,sign,1024,1,0.0,1,0,1,ip-172-31-43-26,linux,0,21.3639,46.81,Signature,True,2025-11-21T22:17:00.478785,,1456
OV-V-pkc,sign,1024,1,0.0,1,0,1,ip-172-31-43-26,linux,0,21.5553,46.39,Signature,True,2025-11-21T22:17:00.500879,,1457
OV-V-pkc,sign,1024,1,0.0,1,0,1,ip-172-31-43-26,linux,0,21.4469,46.63,Signature,True,2025-11-21T22:17:00.522850,,1458
OV-V-pkc,sign,1024,1,0.0,1,0,1,ip-172-31-43-26,linux,0,21.577,46.35,Signature,True,2025-11-21T22:17:00.544977,,1459
OV-V-pkc,sign,1024,1,0.0,1,0,1,ip-172-31-43-26,linux,0,21.4898,46.53,Signature,True,2025-11-21T22:17:00.567011,,1460
OV-V-pkc,sign,1024,16,0.0,1,0,1,ip-172-31-43-26,linux,0,21.4747,46.57,Signature,True,2025-11-21T22:17:00.589005,,1461
OV-V-pkc,sign,1024,16,0.0,1,0,1,ip-172-31-43-26,linux,0,21.4464,46.63,Signature,True,2025-11-21T22:17:00.610992,,1462
OV-V-pkc,sign,1024,16,0.0,1,0,1,ip-172-31-43-26,linux,0,21.5986,46.3,Signature,True,2025-11-21T22:17:00.633157,,1463
OV-V-pkc,sign,1024,16,0.0,1,0,1,ip-172-31-43-26,linux,0,21.5966,46.3,Signature,True,2025-11-21T22:17:00.655322,,1464
OV-V-pkc,sign,1024,16,0.0,1,0,1,ip-172-31-43-26,linux,0,21.5277,46.45,Signature,True,2025-11-21T22:17:00.677402,,1465
OV-V-pkc,sign,1024,64,0.0,1,0,1,ip-172-31-43-26,linux,0,21.5269,46.45,Signature,True,2025-11-21T22:17:00.699502,,1466
OV-V-pkc,sign,1024,64,0.0,1,0,1,ip-172-31-43-26,linux,0,21.4864,46.54,Signature,True,2025-11-21T22:17:00.721517,,1467
OV-V-pkc,sign,1024,64,0.0,1,0,1,ip-172-31-43-26,linux,0,21.5976,46.3,Signature,True,2025-11-21T22:17:00.743676,,1468
OV-V-pkc,sign,1024,64,0.0,1,0,1,ip-172-31-43-26,linux,0,21.5167,46.48,Signature,True,2025-11-21T22:17:00.765731,,1469
OV-V-pkc,sign,1024,64,0.0,1,0,1,ip-172-31-43-26,linux,0,21.5233,46.46,Signature,True,2025-11-21T22:17:00.787810,,1470
OV-V-pkc,verify,0,1,0.0,1,0,1,ip-172-31-43-26,linux,0,21.5344,46.44,Signature,True,2025-11-21T22:17:00.809923,,1471
OV-V-pkc,verify,0,1,0.0,1,0,1,ip-172-31-43-26,linux,0,21.568,46.37,Signature,True,2025-11-21T22:17:00.832051,,1472
OV-V-pkc,verify,0,1,0.0,1,0,1,ip-172-31-43-26,linux,0,21.5982,46.3,Signature,True,2025-11-21T22:17:00.854238,,1473
OV-V-pkc,verify,0,1,0.0,1,0,1,ip-172-31-43-26,linux,0,21.6128,46.27,Signature,True,2025-11-21T22:17:00.876419,,1474
OV-V-pkc,verify,0,1,0.0,1,0,1,ip-172-31-43-26,linux,0,21.6646,46.16,Signature,True,2025-11-21T22:17:00.898636,,1475
OV-V-pkc,verify,0,16,0.0,1,0,1,ip-172-31-43-26,linux,0,21.5671,46.37,Signature,True,2025-11-21T22:17:00.920770,,1476
OV-V-pkc,verify,0,16,0.0,1,0,1,ip-172-31-43-26,linux,0,21.6018,46.29,Signature,True,2025-11-21T22:17:00.942925,,1477
OV-V-pkc,verify,0,16,0.0,1,0,1,ip-172-31-43-26,linux,0,21.5246,46.46,Signature,True,2025-11-21T22:17:00.965009,,1478
OV-V-pkc,verify,0,16,0.0,1,0,1,ip-172-31-43-26,linux,0,21.4749,46.57,Signature,True,2025-11-21T22:17:00.987023,,1479
OV-V-pkc,verify,0,16,0.0,1,0,1,ip-172-31-43-26,linux,0,21.5539,46.4,Signature,True,2025-11-21T22:17:01.009189,,1480
OV-V-pkc,verify,0,64,0.0,1,0,1,ip-172-31-43-26,linux,0,21.726,46.03,Signature,True,2025-11-21T22:17:01.031518,,1481
OV-V-pkc,verify,0,64,0.0,1,0,1,ip-172-31-43-26,linux,0,21.7878,45.9,Signature,True,2025-11-21T22:17:01.053883,,1482
OV-V-pkc,verify,0,64,0.0,1,0,1,ip-172-31-43-26,linux,0,21.7279,46.02,Signature,True,2025-11-21T22:17:01.076232,,1483
OV-V-pkc,verify,0,64,0.0,1,0,1,ip-172-31-43-26,linux,0,21.7676,45.94,Signature,True,2025-11-21T22:17:01.098616,,1484
OV-V-pkc,verify,0,64,0.0,1,0,1,ip-172-31-43-26,linux,0,21.7543,45.97,Signature,True,2025-11-21T22:17:01.120928,,1485
OV-V-pkc,verify,1024,1,0.0,1,0,1,ip-172-31-43-26,linux,0,21.4878,46.54,Signature,True,2025-11-21T22:17:01.142961,,1486
OV-V-pkc,verify,1024,1,0.0,1,0,1,ip-172-31-43-26,linux,0,21.5907,46.32,Signature,True,2025-11-21T22:17:01.165121,,1487
OV-V-pkc,verify,1024,1,0.0,1,0,1,ip-172-31-43-26,linux,0,21.6565,46.18,Signature,True,2025-11-21T22:17:01.187342,,1488
OV-V-pkc,verify,1024,1,0.0,1,0,1,ip-172-31-43-26,linux,0,21.6054,46.28,Signature,True,2025-11-21T22:17:01.209521,,1489
OV-V-pkc,verify,1024,1,0.0,1,0,1,ip-172-31-43-26,linux,0,21.5932,46.31,Signature,True,2025-11-21T22:17:01.231660,,1490
OV-V-pkc,verify,1024,16,0.0,1,0,1,ip-172-31-43-26,linux,0,21.6859,46.11,Signature,True,2025-11-21T22:17:01.253906,,1491
OV-V-pkc,verify,1024,16,0.0,1,0,1,ip-172-31-43-26,linux,0,21.6846,46.12,Signature,True,2025-11-21T22:17:01.276179,,1492
OV-V-pkc,verify,1024,16,0.0,1,0,1,ip-172-31-43-26,linux,0,21.6942,46.1,Signature,True,2025-11-21T22:17:01.298452,,1493
OV-V-pkc,verify,1024,16,0.0,1,0,1,ip-172-31-43-26,linux,0,21.6164,46.26,Signature,True,2025-11-21T22:17:01.320629,,1494
OV-V-pkc,verify,1024,16,0.0,1,0,1,ip-172-31-43-26,linux,0,21.6893,46.11,Signature,True,2025-11-21T22:17:01.342894,,1495
OV-V-pkc,verify,1024,64,0.0,1,0,1,ip-172-31-43-26,linux,0,21.6301,46.23,Signature,True,2025-11-21T22:17:01.365111,,1496
OV-V-pkc,verify,1024,64,0.0,1,0,1,ip-172-31-43-26,linux,0,21.6915,46.1,Signature,True,2025-11-21T22:17:01.387400,,1497
OV-V-pkc,verify,1024,64,0.0,1,0,1,ip-172-31-43-26,linux,0,21.6851,46.11,Signature,True,2025-11-21T22:17:01.409665,,1498
OV-V-pkc,verify,1024,64,0.0,1,0,1,ip-172-31-43-26,linux,0,21.7035,46.08,Signature,True,2025-11-21T22:17:01.431951,,1499
OV-V-pkc,verify,1024,64,0.0,1,0,1,ip-172-31-43-26,linux,0,21.8676,45.73,Signature,True,2025-11-21T22:17:01.454442,,1500
OV-V-pkc-skc,sign,0,1,0.0,1,0,1,ip-172-31-43-26,linux,0,30.7829,32.49,Signature,True,2025-11-21T22:17:01.485335,,1501
OV-V-pkc-skc,sign,0,1,0.0,1,0,1,ip-172-31-43-26,linux,0,29.8409,33.51,Signature,True,2025-11-21T22:17:01.515268,,1502
OV-V-pkc-skc,sign,0,1,0.0,1,0,1,ip-172-31-43-26,linux,0,29.704,33.67,Signature,True,2025-11-21T22:17:01.545066,,1503
OV-V-pkc-skc,sign,0,1,0.0,1,0,1,ip-172-31-43-26,linux,0,29.7056,33.66,Signature,True,2025-11-21T22:17:01.574874,,1504
OV-V-pkc-skc,sign,0,1,0.0,1,0,1,ip-172-31-43-26,linux,0,29.7042,33.67,Signature,True,2025-11-21T22:17:01.604670,,1505
OV-V-pkc-skc,sign,0,16,0.0,1,0,1,ip-172-31-43-26,linux,0,29.7602,33.6,Signature,True,2025-11-21T22:17:01.634524,,1506
OV-V-pkc-skc,sign,0,16,0.0,1,0,1,ip-172-31-43-26,linux,0,29.7359,33.63,Signature,True,2025-11-21T22:17:01.664354,,1507
OV-V-pkc-skc,sign,0,16,0.0,1,0,1,ip-172-31-43-26,linux,0,29.6775,33.7,Signature,True,2025-11-21T22:17:01.694162,,1508
OV-V-pkc-skc,sign,0,16,0.0,1,0,1,ip-172-31-43-26,linux,0,29.7301,33.64,Signature,True,2025-11-21T22:17:01.723982,,1509
OV-V-pkc-skc,sign,0,16,0.0,1,0,1,ip-172-31-43-26,linux,0,29.6816,33.69,Signature,True,2025-11-21T22:17:01.753754,,1510
OV-V-pkc-skc,sign,0,64,0.0,1,0,1,ip-172-31-43-26,linux,0,29.6584,33.72,Signature,True,2025-11-21T22:17:01.783507,,1511
OV-V-pkc-skc,sign,0,64,0.0,1,0,1,ip-172-31-43-26,linux,0,29.6839,33.69,Signature,True,2025-11-21T22:17:01.813282,,1512
OV-V-pkc-skc,sign,0,64,0.0,1,0,1,ip-172-31-43-26,linux,0,29.7691,33.59,Signature,True,2025-11-21T22:17:01.843142,,1513
OV-V-pkc-skc,sign,0,64,0.0,1,0,1,ip-172-31-43-26,linux,0,29.7474,33.62,Signature,True,2025-11-21T22:17:01.872976,,1514
OV-V-pkc-skc,sign,0,64,0.0,1,0,1,ip-172-31-43-26,linux,0,29.8451,33.51,Signature,True,2025-11-21T22:17:01.902917,,1515
OV-V-pkc-skc,sign,1024,1,0.0,1,0,1,ip-172-31-43-26,linux,0,29.705,33.66,Signature,True,2025-11-21T22:17:01.932716,,1516
OV-V-pkc-skc,sign,1024,1,0.0,1,0,1,ip-172-31-43-26,linux,0,29.7211,33.65,Signature,True,2025-11-21T22:17:01.962529,,1517
OV-V-pkc-skc,sign,1024,1,0.0,1,0,1,ip-172-31-43-26,linux,0,29.7061,33.66,Signature,True,2025-11-21T22:17:01.992324,,1518
OV-V-pkc-skc,sign,1024,1,0.0,1,0,1,ip-172-31-43-26,linux,0,29.856,33.49,Signature,True,2025-11-21T22:17:02.022298,,1519
OV-V-pkc-skc,sign,1024,1,0.0,1,0,1,ip-172-31-43-26,linux,0,29.8108,33.54,Signature,True,2025-11-21T22:17:02.052198,,1520
OV-V-pkc-skc,sign,1024,16,0.0,1,0,1,ip-172-31-43-26,linux,0,29.8408,33.51,Signature,True,2025-11-21T22:17:02.082133,,1521
OV-V-pkc-skc,sign,1024,16,0.0,1,0,1,ip-172-31-43-26,linux,0,29.7959,33.56,Signature,True,2025-11-21T22:17:02.112019,,1522
OV-V-pkc-skc,sign,1024,16,0.0,1,0,1,ip-172-31-43-26,linux,0,29.8712,33.48,Signature,True,2025-11-21T22:17:02.141992,,1523
OV-V-pkc-skc,sign,1024,16,0.0,1,0,1,ip-172-31-43-26,linux,0,29.8519,33.5,Signature,True,2025-11-21T22:17:02.171940,,1524
OV-V-pkc-skc,sign,1024,16,0.0,1,0,1,ip-172-31-43-26,linux,0,29.7884,33.57,Signature,True,2025-11-21T22:17:02.201821,,1525
OV-V-pkc-skc,sign,1024,64,0.0,1,0,1,ip-172-31-43-26,linux,0,29.8446,33.51,Signature,True,2025-11-21T22:17:02.231762,,1526
OV-V-pkc-skc,sign,1024,64,0.0,1,0,1,ip-172-31-43-26,linux,0,29.925,33.42,Signature,True,2025-11-21T22:17:02.261779,,1527
OV-V-pkc-skc,sign,1024,64,0.0,1,0,1,ip-172-31-43-26,linux,0,29.775,33.59,Signature,True,2025-11-21T22:17:02.291647,,1528
OV-V-pkc-skc,sign,1024,64,0.0,1,0,1,ip-172-31-43-26,linux,0,29.8997,33.45,Signature,True,2025-11-21T22:17:02.321638,,1529
OV-V-pkc-skc,sign,1024,64,0.0,1,0,1,ip-172-31-43-26,linux,0,29.8771,33.47,Signature,True,2025-11-21T22:17:02.351608,,1530
OV-V-pkc-skc,verify,0,1,0.0,1,0,1,ip-172-31-43-26,linux,0,29.8246,33.53,Signature,True,2025-11-21T22:17:02.381547,,1531
OV-V-pkc-skc,verify,0,1,0.0,1,0,1,ip-172-31-43-26,linux,0,29.8684,33.48,Signature,True,2025-11-21T22:17:02.411505,,1532
OV-V-pkc-skc,verify,0,1,0.0,1,0,1,ip-172-31-43-26,linux,0,29.9245,33.42,Signature,True,2025-11-21T22:17:02.441524,,1533
OV-V-pkc-skc,verify,0,1,0.0,1,0,1,ip-172-31-43-26,linux,0,29.8681,33.48,Signature,True,2025-11-21T22:17:02.471484,,1534
OV-V-pkc-skc,verify,0,1,0.0,1,0,1,ip-172-31-43-26,linux,0,29.7882,33.57,Signature,True,2025-11-21T22:17:02.501365,,1535
OV-V-pkc-skc,verify,0,16,0.0,1,0,1,ip-172-31-43-26,linux,0,29.7102,33.66,Signature,True,2025-11-21T22:17:02.531167,,1536
OV-V-pkc-skc,verify,0,16,0.0,1,0,1,ip-172-31-43-26,linux,0,29.8135,33.54,Signature,True,2025-11-21T22:17:02.561071,,1537
OV-V-pkc-skc,verify,0,16,0.0,1,0,1,ip-172-31-43-26,linux,0,29.6878,33.68,Signature,True,2025-11-21T22:17:02.590862,,1538
OV-V-pkc-skc,verify,0,16,0.0,1,0,1,ip-172-31-43-26,linux,0,29.8678,33.48,Signature,True,2025-11-21T22:17:02.620820,,1539
OV-V-pkc-skc,verify,0,16,0.0,1,0,1,ip-172-31-43-26,linux,0,29.8733,33.47,Signature,True,2025-11-21T22:17:02.650784,,1540
OV-V-pkc-skc,verify,0,64,0.0,1,0,1,ip-172-31-43-26,linux,0,29.7625,33.6,Signature,True,2025-11-21T22:17:02.680639,,1541
OV-V-pkc-skc,verify,0,64,0.0,1,0,1,ip-172-31-43-26,linux,0,29.616,33.77,Signature,True,2025-11-21T22:17:02.710345,,1542
OV-V-pkc-skc,verify,0,64,0.0,1,0,1,ip-172-31-43-26,linux,0,29.6142,33.77,Signature,True,2025-11-21T22:17:02.740047,,1543
OV-V-pkc-skc,verify,0,64,0.0,1,0,1,ip-172-31-43-26,linux,0,29.7615,33.6,Signature,True,2025-11-21T22:17:02.769910,,1544
OV-V-pkc-skc,verify,0,64,0.0,1,0,1,ip-172-31-43-26,linux,0,29.8112,33.54,Signature,True,2025-11-21T22:17:02.799814,,1545
OV-V-pkc-skc,verify,1024,1,0.0,1,0,1,ip-172-31-43-26,linux,0,29.6915,33.68,Signature,True,2025-11-21T22:17:02.829599,,1546
OV-V-pkc-skc,verify,1024,1,0.0,1,0,1,ip-172-31-43-26,linux,0,29.7038,33.67,Signature,True,2025-11-21T22:17:02.859395,,1547
OV-V-pkc-skc,verify,1024,1,0.0,1,0,1,ip-172-31-43-26,linux,0,29.8058,33.55,Signature,True,2025-11-21T22:17:02.889291,,1548
OV-V-pkc-skc,verify,1024,1,0.0,1,0,1,ip-172-31-43-26,linux,0,29.7609,33.6,Signature,True,2025-11-21T22:17:02.919145,,1549
OV-V-pkc-skc,verify,1024,1,0.0,1,0,1,ip-172-31-43-26,linux,0,29.688,33.68,Signature,True,2025-11-21T22:17:02.948921,,1550
OV-V-pkc-skc,verify,1024,16,0.0,1,0,1,ip-172-31-43-26,linux,0,29.7501,33.61,Signature,True,2025-11-21T22:17:02.978797,,1551
OV-V-pkc-skc,verify,1024,16,0.0,1,0,1,ip-172-31-43-26,linux,0,29.7693,33.59,Signature,True,2025-11-21T22:17:03.008654,,1552
OV-V-pkc-skc,verify,1024,16,0.0,1,0,1,ip-172-31-43-26,linux,0,29.8134,33.54,Signature,True,2025-11-21T22:17:03.038558,,1553
OV-V-pkc-skc,verify,1024,16,0.0,1,0,1,ip-172-31-43-26,linux,0,29.8157,33.54,Signature,True,2025-11-21T22:17:03.068462,,1554
OV-V-pkc-skc,verify,1024,16,0.0,1,0,1,ip-172-31-43-26,linux,0,29.8846,33.46,Signature,True,2025-11-21T22:17:03.098467,,1555
OV-V-pkc-skc,verify,1024,64,0.0,1,0,1,ip-172-31-43-26,linux,0,29.7558,33.61,Signature,True,2025-11-21T22:17:03.128317,,1556
OV-V-pkc-skc,verify,1024,64,0.0,1,0,1,ip-172-31-43-26,linux,0,29.8428,33.51,Signature,True,2025-11-21T22:17:03.158259,,1557
OV-V-pkc-skc,verify,1024,64,0.0,1,0,1,ip-172-31-43-26,linux,0,29.7524,33.61,Signature,True,2025-11-21T22:17:03.188110,,1558
OV-V-pkc-skc,verify,1024,64,0.0,1,0,1,ip-172-31-43-26,linux,0,29.7174,33.65,Signature,True,2025-11-21T22:17:03.217917,,1559
OV-V-pkc-skc,verify,1024,64,0.0,1,0,1,ip-172-31-43-26,linux,0,29.7449,33.62,Signature,True,2025-11-21T22:17:03.247751,,1560
SPHINCS+-SHA2-128f-simple,sign,0,1,0.0,1,0,1,ip-172-31-43-26,linux,0,33.862,29.53,Signature,True,2025-11-21T22:17:03.281706,,1561
SPHINCS+-SHA2-128f-simple,sign,0,1,0.0,1,0,1,ip-172-31-43-26,linux,0,33.712,29.66,Signature,True,2025-11-21T22:17:03.315488,,1562
SPHINCS+-SHA2-128f-simple,sign,0,1,0.0,1,0,1,ip-172-31-43-26,linux,0,33.7319,29.65,Signature,True,2025-11-21T22:17:03.349276,,1563
SPHINCS+-SHA2-128f-simple,sign,0,1,0.0,1,0,1,ip-172-31-43-26,linux,0,33.6421,29.72,Signature,True,2025-11-21T22:17:03.382971,,1564
SPHINCS+-SHA2-128f-simple,sign,0,1,0.0,1,0,1,ip-172-31-43-26,linux,0,33.592,29.77,Signature,True,2025-11-21T22:17:03.416615,,1565
SPHINCS+-SHA2-128f-simple,sign,0,16,0.0,1,0,1,ip-172-31-43-26,linux,0,33.7182,29.66,Signature,True,2025-11-21T22:17:03.450387,,1566
SPHINCS+-SHA2-128f-simple,sign,0,16,0.0,1,0,1,ip-172-31-43-26,linux,0,33.552,29.8,Signature,True,2025-11-21T22:17:03.483990,,1567
SPHINCS+-SHA2-128f-simple,sign,0,16,0.0,1,0,1,ip-172-31-43-26,linux,0,33.6556,29.71,Signature,True,2025-11-21T22:17:03.517693,,1568
SPHINCS+-SHA2-128f-simple,sign,0,16,0.0,1,0,1,ip-172-31-43-26,linux,0,33.6759,29.69,Signature,True,2025-11-21T22:17:03.551416,,1569
SPHINCS+-SHA2-128f-simple,sign,0,16,0.0,1,0,1,ip-172-31-43-26,linux,0,33.7154,29.66,Signature,True,2025-11-21T22:17:03.585179,,1570
SPHINCS+-SHA2-128f-simple,sign,0,64,0.0,1,0,1,ip-172-31-43-26,linux,0,33.7476,29.63,Signature,True,2025-11-21T22:17:03.618980,,1571
SPHINCS+-SHA2-128f-simple,sign,0,64,0.0,1,0,1,ip-172-31-43-26,linux,0,33.6785,29.69,Signature,True,2025-11-21T22:17:03.652706,,1572
SPHINCS+-SHA2-128f-simple,sign,0,64,0.0,1,0,1,ip-172-31-43-26,linux,0,33.6512,29.72,Signature,True,2025-11-21T22:17:03.686405,,1573
SPHINCS+-SHA2-128f-simple,sign,0,64,0.0,1,0,1,ip-172-31-43-26,linux,0,33.7002,29.67,Signature,True,2025-11-21T22:17:03.720197,,1574
SPHINCS+-SHA2-128f-simple,sign,0,64,0.0,1,0,1,ip-172-31-43-26,linux,0,33.7734,29.61,Signature,True,2025-11-21T22:17:03.754024,,1575
SPHINCS+-SHA2-128f-simple,sign,1024,1,0.0,1,0,1,ip-172-31-43-26,linux,0,33.4634,29.88,Signature,True,2025-11-21T22:17:03.787555,,1576
SPHINCS+-SHA2-128f-simple,sign,1024,1,0.0,1,0,1,ip-172-31-43-26,linux,0,33.6815,29.69,Signature,True,2025-11-21T22:17:03.821292,,1577
SPHINCS+-SHA2-128f-simple,sign,1024,1,0.0,1,0,1,ip-172-31-43-26,linux,0,33.5905,29.77,Signature,True,2025-11-21T22:17:03.854931,,1578
SPHINCS+-SHA2-128f-simple,sign,1024,1,0.0,1,0,1,ip-172-31-43-26,linux,0,33.7742,29.61,Signature,True,2025-11-21T22:17:03.888754,,1579
SPHINCS+-SHA2-128f-simple,sign,1024,1,0.0,1,0,1,ip-172-31-43-26,linux,0,33.7206,29.66,Signature,True,2025-11-21T22:17:03.922532,,1580
SPHINCS+-SHA2-128f-simple,sign,1024,16,0.0,1,0,1,ip-172-31-43-26,linux,0,33.7421,29.64,Signature,True,2025-11-21T22:17:03.956331,,1581
SPHINCS+-SHA2-128f-simple,sign,1024,16,0.0,1,0,1,ip-172-31-43-26,linux,0,33.7086,29.67,Signature,True,2025-11-21T22:17:03.990089,,1582
SPHINCS+-SHA2-128f-simple,sign,1024,16,0.0,1,0,1,ip-172-31-43-26,linux,0,33.6513,29.72,Signature,True,2025-11-21T22:17:04.023795,,1583
SPHINCS+-SHA2-128f-simple,sign,1024,16,0.0,1,0,1,ip-172-31-43-26,linux,0,33.6705,29.7,Signature,True,2025-11-21T22:17:04.057518,,1584
SPHINCS+-SHA2-128f-simple,sign,1024,16,0.0,1,0,1,ip-172-31-43-26,linux,0,33.5878,29.77,Signature,True,2025-11-21T22:17:04.091157,,1585
SPHINCS+-SHA2-128f-simple,sign,1024,64,0.0,1,0,1,ip-172-31-43-26,linux,0,33.6811,29.69,Signature,True,2025-11-21T22:17:04.124891,,1586
SPHINCS+-SHA2-128f-simple,sign,1024,64,0.0,1,0,1,ip-172-31-43-26,linux,0,33.7288,29.65,Signature,True,2025-11-21T22:17:04.158670,,1587
SPHINCS+-SHA2-128f-simple,sign,1024,64,0.0,1,0,1,ip-172-31-43-26,linux,0,33.6961,29.68,Signature,True,2025-11-21T22:17:04.192414,,1588
SPHINCS+-SHA2-128f-simple,sign,1024,64,0.0,1,0,1,ip-172-31-43-26,linux,0,33.6253,29.74,Signature,True,2025-11-21T22:17:04.226088,,1589
SPHINCS+-SHA2-128f-simple,sign,1024,64,0.0,1,0,1,ip-172-31-43-26,linux,0,33.6533,29.71,Signature,True,2025-11-21T22:17:04.259797,,1590
SPHINCS+-SHA2-128f-simple,verify,0,1,0.0,1,0,1,ip-172-31-43-26,linux,0,33.7231,29.65,Signature,True,2025-11-21T22:17:04.293576,,1591
SPHINCS+-SHA2-128f-simple,verify,0,1,0.0,1,0,1,ip-172-31-43-26,linux,0,33.6749,29.7,Signature,True,2025-11-21T22:17:04.327298,,1592
SPHINCS+-SHA2-128f-simple,verify,0,1,0.0,1,0,1,ip-172-31-43-26,linux,0,33.6722,29.7,Signature,True,2025-11-21T22:17:04.361017,,1593
SPHINCS+-SHA2-128f-simple,verify,0,1,0.0,1,0,1,ip-172-31-43-26,linux,0,33.765,29.62,Signature,True,2025-11-21T22:17:04.394827,,1594
SPHINCS+-SHA2-128f-simple,verify,0,1,0.0,1,0,1,ip-172-31-43-26,linux,0,33.5839,29.78,Signature,True,2025-11-21T22:17:04.428463,,1595
SPHINCS+-SHA2-128f-simple,verify,0,16,0.0,1,0,1,ip-172-31-43-26,linux,0,33.6538,29.71,Signature,True,2025-11-21T22:17:04.462165,,1596
SPHINCS+-SHA2-128f-simple,verify,0,16,0.0,1,0,1,ip-172-31-43-26,linux,0,33.5697,29.79,Signature,True,2025-11-21T22:17:04.495784,,1597
SPHINCS+-SHA2-128f-simple,verify,0,16,0.0,1,0,1,ip-172-31-43-26,linux,0,33.6653,29.7,Signature,True,2025-11-21T22:17:04.529498,,1598
SPHINCS+-SHA2-128f-simple,verify,0,16,0.0,1,0,1,ip-172-31-43-26,linux,0,33.6274,29.74,Signature,True,2025-11-21T22:17:04.563172,,1599
SPHINCS+-SHA2-128f-simple,verify,0,16,0.0,1,0,1,ip-172-31-43-26,linux,0,33.6567,29.71,Signature,True,2025-11-21T22:17:04.596876,,1600
SPHINCS+-SHA2-128f-simple,verify,0,64,0.0,1,0,1,ip-172-31-43-26,linux,0,33.6265,29.74,Signature,True,2025-11-21T22:17:04.630553,,1601
SPHINCS+-SHA2-128f-simple,verify,0,64,0.0,1,0,1,ip-172-31-43-26,linux,0,33.662,29.71,Signature,True,2025-11-21T22:17:04.664263,,1602
SPHINCS+-SHA2-128f-simple,verify,0,64,0.0,1,0,1,ip-172-31-43-26,linux,0,33.6666,29.7,Signature,True,2025-11-21T22:17:04.697978,,1603
SPHINCS+-SHA2-128f-simple,verify,0,64,0.0,1,0,1,ip-172-31-43-26,linux,0,33.6651,29.7,Signature,True,2025-11-21T22:17:04.731691,,1604
SPHINCS+-SHA2-128f-simple,verify,0,64,0.0,1,0,1,ip-172-31-43-26,linux,0,33.7446,29.63,Signature,True,2025-11-21T22:17:04.765486,,1605
SPHINCS+-SHA2-128f-simple,verify,1024,1,0.0,1,0,1,ip-172-31-43-26,linux,0,33.8023,29.58,Signature,True,2025-11-21T22:17:04.799349,,1606
SPHINCS+-SHA2-128f-simple,verify,1024,1,0.0,1,0,1,ip-172-31-43-26,linux,0,33.6911,29.68,Signature,True,2025-11-21T22:17:04.833093,,1607
SPHINCS+-SHA2-128f-simple,verify,1024,1,0.0,1,0,1,ip-172-31-43-26,linux,0,33.6926,29.68,Signature,True,2025-11-21T22:17:04.866838,,1608
SPHINCS+-SHA2-128f-simple,verify,1024,1,0.0,1,0,1,ip-172-31-43-26,linux,0,33.7256,29.65,Signature,True,2025-11-21T22:17:04.900615,,1609
SPHINCS+-SHA2-128f-simple,verify,1024,1,0.0,1,0,1,ip-172-31-43-26,linux,0,33.6389,29.73,Signature,True,2025-11-21T22:17:04.934314,,1610
SPHINCS+-SHA2-128f-simple,verify,1024,16,0.0,1,0,1,ip-172-31-43-26,linux,0,33.6003,29.76,Signature,True,2025-11-21T22:17:04.967965,,1611
SPHINCS+-SHA2-128f-simple,verify,1024,16,0.0,1,0,1,ip-172-31-43-26,linux,0,33.6154,29.75,Signature,True,2025-11-21T22:17:05.001630,,1612
SPHINCS+-SHA2-128f-simple,verify,1024,16,0.0,1,0,1,ip-172-31-43-26,linux,0,33.7755,29.61,Signature,True,2025-11-21T22:17:05.035458,,1613
SPHINCS+-SHA2-128f-simple,verify,1024,16,0.0,1,0,1,ip-172-31-43-26,linux,0,33.6601,29.71,Signature,True,2025-11-21T22:17:05.069174,,1614
SPHINCS+-SHA2-128f-simple,verify,1024,16,0.0,1,0,1,ip-172-31-43-26,linux,0,33.6475,29.72,Signature,True,2025-11-21T22:17:05.102870,,1615
SPHINCS+-SHA2-128f-simple,verify,1024,64,0.0,1,0,1,ip-172-31-43-26,linux,0,33.6147,29.75,Signature,True,2025-11-21T22:17:05.136537,,1616
SPHINCS+-SHA2-128f-simple,verify,1024,64,0.0,1,0,1,ip-172-31-43-26,linux,0,33.5606,29.8,Signature,True,2025-11-21T22:17:05.170162,,1617
SPHINCS+-SHA2-128f-simple,verify,1024,64,0.0,1,0,1,ip-172-31-43-26,linux,0,33.7355,29.64,Signature,True,2025-11-21T22:17:05.203947,,1618
SPHINCS+-SHA2-128f-simple,verify,1024,64,0.0,1,0,1,ip-172-31-43-26,linux,0,33.6531,29.71,Signature,True,2025-11-21T22:17:05.237648,,1619
SPHINCS+-SHA2-128f-simple,verify,1024,64,0.0,1,0,1,ip-172-31-43-26,linux,0,33.599,29.76,Signature,True,2025-11-21T22:17:05.271293,,1620
SPHINCS+-SHA2-128s-simple,sign,0,1,0.0,1,0,1,ip-172-31-43-26,linux,0,707.2238,1.41,Signature,True,2025-11-21T22:17:05.978584,,1621
SPHINCS+-SHA2-128s-simple,sign,0,1,0.0,1,0,1,ip-172-31-43-26,linux,0,706.7186,1.41,Signature,True,2025-11-21T22:17:06.685378,,1622
SPHINCS+-SHA2-128s-simple,sign,0,1,0.0,1,0,1,ip-172-31-43-26,linux,0,706.891,1.41,Signature,True,2025-11-21T22:17:07.392340,,1623
SPHINCS+-SHA2-128s-simple,sign,0,1,0.0,1,0,1,ip-172-31-43-26,linux,0,707.0872,1.41,Signature,True,2025-11-21T22:17:08.099506,,1624
SPHINCS+-SHA2-128s-simple,sign,0,1,0.0,1,0,1,ip-172-31-43-26,linux,0,706.8026,1.41,Signature,True,2025-11-21T22:17:08.806385,,1625
SPHINCS+-SHA2-128s-simple,sign,0,16,0.0,1,0,1,ip-172-31-43-26,linux,0,706.6276,1.42,Signature,True,2025-11-21T22:17:09.513093,,1626
SPHINCS+-SHA2-128s-simple,sign,0,16,0.0,1,0,1,ip-172-31-43-26,linux,0,706.8287,1.41,Signature,True,2025-11-21T22:17:10.219996,,1627
SPHINCS+-SHA2-128s-simple,sign,0,16,0.0,1,0,1,ip-172-31-43-26,linux,0,706.7555,1.41,Signature,True,2025-11-21T22:17:10.926826,,1628
SPHINCS+-SHA2-128s-simple,sign,0,16,0.0,1,0,1,ip-172-31-43-26,linux,0,707.3035,1.41,Signature,True,2025-11-21T22:17:11.634202,,1629
SPHINCS+-SHA2-128s-simple,sign,0,16,0.0,1,0,1,ip-172-31-43-26,linux,0,707.3797,1.41,Signature,True,2025-11-21T22:17:12.341656,,1630
SPHINCS+-SHA2-128s-simple,sign,0,64,0.0,1,0,1,ip-172-31-43-26,linux,0,706.7072,1.42,Signature,True,2025-11-21T22:17:13.048438,,1631
SPHINCS+-SHA2-128s-simple,sign,0,64,0.0,1,0,1,ip-172-31-43-26,linux,0,707.119,1.41,Signature,True,2025-11-21T22:17:13.755633,,1632
SPHINCS+-SHA2-128s-simple,sign,0,64,0.0,1,0,1,ip-172-31-43-26,linux,0,707.211,1.41,Signature,True,2025-11-21T22:17:14.462918,,1633
SPHINCS+-SHA2-128s-simple,sign,0,64,0.0,1,0,1,ip-172-31-43-26,linux,0,707.3447,1.41,Signature,True,2025-11-21T22:17:15.170374,,1634
SPHINCS+-SHA2-128s-simple,sign,0,64,0.0,1,0,1,ip-172-31-43-26,linux,0,706.9819,1.41,Signature,True,2025-11-21T22:17:15.877435,,1635
SPHINCS+-SHA2-128s-simple,sign,1024,1,0.0,1,0,1,ip-172-31-43-26,linux,0,707.0999,1.41,Signature,True,2025-11-21T22:17:16.584612,,1636
SPHINCS+-SHA2-128s-simple,sign,1024,1,0.0,1,0,1,ip-172-31-43-26,linux,0,707.2457,1.41,Signature,True,2025-11-21T22:17:17.291928,,1637
SPHINCS+-SHA2-128s-simple,sign,1024,1,0.0,1,0,1,ip-172-31-43-26,linux,0,707.5223,1.41,Signature,True,2025-11-21T22:17:17.999527,,1638
SPHINCS+-SHA2-128s-simple,sign,1024,1,0.0,1,0,1,ip-172-31-43-26,linux,0,707.1044,1.41,Signature,True,2025-11-21T22:17:18.706703,,1639
SPHINCS+-SHA2-128s-simple,sign,1024,1,0.0,1,0,1,ip-172-31-43-26,linux,0,707.3836,1.41,Signature,True,2025-11-21T22:17:19.414158,,1640
SPHINCS+-SHA2-128s-simple,sign,1024,16,0.0,1,0,1,ip-172-31-43-26,linux,0,707.1107,1.41,Signature,True,2025-11-21T22:17:20.121343,,1641
SPHINCS+-SHA2-128s-simple,sign,1024,16,0.0,1,0,1,ip-172-31-43-26,linux,0,706.8924,1.41,Signature,True,2025-11-21T22:17:20.828312,,1642
SPHINCS+-SHA2-128s-simple,sign,1024,16,0.0,1,0,1,ip-172-31-43-26,linux,0,706.8741,1.41,Signature,True,2025-11-21T22:17:21.535260,,1643
SPHINCS+-SHA2-128s-simple,sign,1024,16,0.0,1,0,1,ip-172-31-43-26,linux,0,707.2234,1.41,Signature,True,2025-11-21T22:17:22.242556,,1644
SPHINCS+-SHA2-128s-simple,sign,1024,16,0.0,1,0,1,ip-172-31-43-26,linux,0,707.053,1.41,Signature,True,2025-11-21T22:17:22.949682,,1645
SPHINCS+-SHA2-128s-simple,sign,1024,64,0.0,1,0,1,ip-172-31-43-26,linux,0,707.1427,1.41,Signature,True,2025-11-21T22:17:23.656904,,1646
SPHINCS+-SHA2-128s-simple,sign,1024,64,0.0,1,0,1,ip-172-31-43-26,linux,0,706.9549,1.41,Signature,True,2025-11-21T22:17:24.363927,,1647
SPHINCS+-SHA2-128s-simple,sign,1024,64,0.0,1,0,1,ip-172-31-43-26,linux,0,706.4512,1.42,Signature,True,2025-11-21T22:17:25.070453,,1648
SPHINCS+-SHA2-128s-simple,sign,1024,64,0.0,1,0,1,ip-172-31-43-26,linux,0,707.1397,1.41,Signature,True,2025-11-21T22:17:25.777674,,1649
SPHINCS+-SHA2-128s-simple,sign,1024,64,0.0,1,0,1,ip-172-31-43-26,linux,0,706.7457,1.41,Signature,True,2025-11-21T22:17:26.484493,,1650
SPHINCS+-SHA2-128s-simple,verify,0,1,0.0,1,0,1,ip-172-31-43-26,linux,0,707.3087,1.41,Signature,True,2025-11-21T22:17:27.191884,,1651
SPHINCS+-SHA2-128s-simple,verify,0,1,0.0,1,0,1,ip-172-31-43-26,linux,0,707.2939,1.41,Signature,True,2025-11-21T22:17:27.899253,,1652
SPHINCS+-SHA2-128s-simple,verify,0,1,0.0,1,0,1,ip-172-31-43-26,linux,0,707.0184,1.41,Signature,True,2025-11-21T22:17:28.606347,,1653
SPHINCS+-SHA2-128s-simple,verify,0,1,0.0,1,0,1,ip-172-31-43-26,linux,0,707.1164,1.41,Signature,True,2025-11-21T22:17:29.313528,,1654
SPHINCS+-SHA2-128s-simple,verify,0,1,0.0,1,0,1,ip-172-31-43-26,linux,0,707.2024,1.41,Signature,True,2025-11-21T22:17:30.020805,,1655
SPHINCS+-SHA2-128s-simple,verify,0,16,0.0,1,0,1,ip-172-31-43-26,linux,0,707.1573,1.41,Signature,True,2025-11-21T22:17:30.728039,,1656
SPHINCS+-SHA2-128s-simple,verify,0,16,0.0,1,0,1,ip-172-31-43-26,linux,0,707.4494,1.41,Signature,True,2025-11-21T22:17:31.435551,,1657
SPHINCS+-SHA2-128s-simple,verify,0,16,0.0,1,0,1,ip-172-31-43-26,linux,0,707.0179,1.41,Signature,True,2025-11-21T22:17:32.142649,,1658
SPHINCS+-SHA2-128s-simple,verify,0,16,0.0,1,0,1,ip-172-31-43-26,linux,0,706.9025,1.41,Signature,True,2025-11-21T22:17:32.849629,,1659
SPHINCS+-SHA2-128s-simple,verify,0,16,0.0,1,0,1,ip-172-31-43-26,linux,0,706.8713,1.41,Signature,True,2025-11-21T22:17:33.556573,,1660
SPHINCS+-SHA2-128s-simple,verify,0,64,0.0,1,0,1,ip-172-31-43-26,linux,0,706.59,1.42,Signature,True,2025-11-21T22:17:34.263236,,1661
SPHINCS+-SHA2-128s-simple,verify,0,64,0.0,1,0,1,ip-172-31-43-26,linux,0,707.1689,1.41,Signature,True,2025-11-21T22:17:34.970481,,1662
SPHINCS+-SHA2-128s-simple,verify,0,64,0.0,1,0,1,ip-172-31-43-26,linux,0,706.558,1.42,Signature,True,2025-11-21T22:17:35.677115,,1663
SPHINCS+-SHA2-128s-simple,verify,0,64,0.0,1,0,1,ip-172-31-43-26,linux,0,706.9178,1.41,Signature,True,2025-11-21T22:17:36.384107,,1664
SPHINCS+-SHA2-128s-simple,verify,0,64,0.0,1,0,1,ip-172-31-43-26,linux,0,706.8011,1.41,Signature,True,2025-11-21T22:17:37.090983,,1665
SPHINCS+-SHA2-128s-simple,verify,1024,1,0.0,1,0,1,ip-172-31-43-26,linux,0,707.1602,1.41,Signature,True,2025-11-21T22:17:37.798221,,1666
SPHINCS+-SHA2-128s-simple,verify,1024,1,0.0,1,0,1,ip-172-31-43-26,linux,0,707.2502,1.41,Signature,True,2025-11-21T22:17:38.505548,,1667
SPHINCS+-SHA2-128s-simple,verify,1024,1,0.0,1,0,1,ip-172-31-43-26,linux,0,706.898,1.41,Signature,True,2025-11-21T22:17:39.212518,,1668
SPHINCS+-SHA2-128s-simple,verify,1024,1,0.0,1,0,1,ip-172-31-43-26,linux,0,707.5061,1.41,Signature,True,2025-11-21T22:17:39.920102,,1669
SPHINCS+-SHA2-128s-simple,verify,1024,1,0.0,1,0,1,ip-172-31-43-26,linux,0,706.6511,1.42,Signature,True,2025-11-21T22:17:40.626830,,1670
SPHINCS+-SHA2-128s-simple,verify,1024,16,0.0,1,0,1,ip-172-31-43-26,linux,0,707.182,1.41,Signature,True,2025-11-21T22:17:41.334086,,1671
SPHINCS+-SHA2-128s-simple,verify,1024,16,0.0,1,0,1,ip-172-31-43-26,linux,0,706.7205,1.41,Signature,True,2025-11-21T22:17:42.040894,,1672
SPHINCS+-SHA2-128s-simple,verify,1024,16,0.0,1,0,1,ip-172-31-43-26,linux,0,707.1491,1.41,Signature,True,2025-11-21T22:17:42.748115,,1673
SPHINCS+-SHA2-128s-simple,verify,1024,16,0.0,1,0,1,ip-172-31-43-26,linux,0,707.1401,1.41,Signature,True,2025-11-21T22:17:43.455321,,1674
SPHINCS+-SHA2-128s-simple,verify,1024,16,0.0,1,0,1,ip-172-31-43-26,linux,0,707.2657,1.41,Signature,True,2025-11-21T22:17:44.162661,,1675
SPHINCS+-SHA2-128s-simple,verify,1024,64,0.0,1,0,1,ip-172-31-43-26,linux,0,706.7017,1.42,Signature,True,2025-11-21T22:17:44.869434,,1676
SPHINCS+-SHA2-128s-simple,verify,1024,64,0.0,1,0,1,ip-172-31-43-26,linux,0,706.6084,1.42,Signature,True,2025-11-21T22:17:45.576116,,1677
SPHINCS+-SHA2-128s-simple,verify,1024,64,0.0,1,0,1,ip-172-31-43-26,linux,0,707.1286,1.41,Signature,True,2025-11-21T22:17:46.283319,,1678
SPHINCS+-SHA2-128s-simple,verify,1024,64,0.0,1,0,1,ip-172-31-43-26,linux,0,707.1895,1.41,Signature,True,2025-11-21T22:17:46.990585,,1679
SPHINCS+-SHA2-128s-simple,verify,1024,64,0.0,1,0,1,ip-172-31-43-26,linux,0,706.9693,1.41,Signature,True,2025-11-21T22:17:47.697630,,1680
SPHINCS+-SHA2-192f-simple,sign,0,1,0.0,1,0,1,ip-172-31-43-26,linux,0,54.0063,18.52,Signature,True,2025-11-21T22:17:47.751718,,1681
SPHINCS+-SHA2-192f-simple,sign,0,1,0.0,1,0,1,ip-172-31-43-26,linux,0,53.9573,18.53,Signature,True,2025-11-21T22:17:47.805742,,1682
SPHINCS+-SHA2-192f-simple,sign,0,1,0.0,1,0,1,ip-172-31-43-26,linux,0,53.9404,18.54,Signature,True,2025-11-21T22:17:47.859749,,1683
SPHINCS+-SHA2-192f-simple,sign,0,1,0.0,1,0,1,ip-172-31-43-26,linux,0,53.9161,18.55,Signature,True,2025-11-21T22:17:47.913725,,1684
SPHINCS+-SHA2-192f-simple,sign,0,1,0.0,1,0,1,ip-172-31-43-26,linux,0,53.9932,18.52,Signature,True,2025-11-21T22:17:47.967779,,1685
SPHINCS+-SHA2-192f-simple,sign,0,16,0.0,1,0,1,ip-172-31-43-26,linux,0,53.9465,18.54,Signature,True,2025-11-21T22:17:48.021784,,1686
SPHINCS+-SHA2-192f-simple,sign,0,16,0.0,1,0,1,ip-172-31-43-26,linux,0,53.9328,18.54,Signature,True,2025-11-21T22:17:48.075773,,1687
SPHINCS+-SHA2-192f-simple,sign,0,16,0.0,1,0,1,ip-172-31-43-26,linux,0,53.849,18.57,Signature,True,2025-11-21T22:17:48.129680,,1688
SPHINCS+-SHA2-192f-simple,sign,0,16,0.0,1,0,1,ip-172-31-43-26,linux,0,54.0178,18.51,Signature,True,2025-11-21T22:17:48.183755,,1689
SPHINCS+-SHA2-192f-simple,sign,0,16,0.0,1,0,1,ip-172-31-43-26,linux,0,54.0783,18.49,Signature,True,2025-11-21T22:17:48.237890,,1690
SPHINCS+-SHA2-192f-simple,sign,0,64,0.0,1,0,1,ip-172-31-43-26,linux,0,53.938,18.54,Signature,True,2025-11-21T22:17:48.291887,,1691
SPHINCS+-SHA2-192f-simple,sign,0,64,0.0,1,0,1,ip-172-31-43-26,linux,0,53.8834,18.56,Signature,True,2025-11-21T22:17:48.345824,,1692
SPHINCS+-SHA2-192f-simple,sign,0,64,0.0,1,0,1,ip-172-31-43-26,linux,0,53.9757,18.53,Signature,True,2025-11-21T22:17:48.399855,,1693
SPHINCS+-SHA2-192f-simple,sign,0,64,0.0,1,0,1,ip-172-31-43-26,linux,0,53.9316,18.54,Signature,True,2025-11-21T22:17:48.453889,,1694
SPHINCS+-SHA2-192f-simple,sign,0,64,0.0,1,0,1,ip-172-31-43-26,linux,0,53.9098,18.55,Signature,True,2025-11-21T22:17:48.507857,,1695
SPHINCS+-SHA2-192f-simple,sign,1024,1,0.0,1,0,1,ip-172-31-43-26,linux,0,53.9047,18.55,Signature,True,2025-11-21T22:17:48.561816,,1696
SPHINCS+-SHA2-192f-simple,sign,1024,1,0.0,1,0,1,ip-172-31-43-26,linux,0,53.8992,18.55,Signature,True,2025-11-21T22:17:48.615771,,1697
SPHINCS+-SHA2-192f-simple,sign,1024,1,0.0,1,0,1,ip-172-31-43-26,linux,0,53.9248,18.54,Signature,True,2025-11-21T22:17:48.669748,,1698
SPHINCS+-SHA2-192f-simple,sign,1024,1,0.0,1,0,1,ip-172-31-43-26,linux,0,54.078,18.49,Signature,True,2025-11-21T22:17:48.723881,,1699
SPHINCS+-SHA2-192f-simple,sign,1024,1,0.0,1,0,1,ip-172-31-43-26,linux,0,53.8188,18.58,Signature,True,2025-11-21T22:17:48.777762,,1700
SPHINCS+-SHA2-192f-simple,sign,1024,16,0.0,1,0,1,ip-172-31-43-26,linux,0,53.8905,18.56,Signature,True,2025-11-21T22:17:48.831711,,1701
SPHINCS+-SHA2-192f-simple,sign,1024,16,0.0,1,0,1,ip-172-31-43-26,linux,0,53.889,18.56,Signature,True,2025-11-21T22:17:48.885655,,1702
SPHINCS+-SHA2-192f-simple,sign,1024,16,0.0,1,0,1,ip-172-31-43-26,linux,0,53.8294,18.58,Signature,True,2025-11-21T22:17:48.939543,,1703
SPHINCS+-SHA2-192f-simple,sign,1024,16,0.0,1,0,1,ip-172-31-43-26,linux,0,53.8558,18.57,Signature,True,2025-11-21T22:17:48.993453,,1704
SPHINCS+-SHA2-192f-simple,sign,1024,16,0.0,1,0,1,ip-172-31-43-26,linux,0,53.9731,18.53,Signature,True,2025-11-21T22:17:49.047476,,1705
SPHINCS+-SHA2-192f-simple,sign,1024,64,0.0,1,0,1,ip-172-31-43-26,linux,0,53.8115,18.58,Signature,True,2025-11-21T22:17:49.101342,,1706
SPHINCS+-SHA2-192f-simple,sign,1024,64,0.0,1,0,1,ip-172-31-43-26,linux,0,53.953,18.53,Signature,True,2025-11-21T22:17:49.155353,,1707
SPHINCS+-SHA2-192f-simple,sign,1024,64,0.0,1,0,1,ip-172-31-43-26,linux,0,53.9542,18.53,Signature,True,2025-11-21T22:17:49.209358,,1708
SPHINCS+-SHA2-192f-simple,sign,1024,64,0.0,1,0,1,ip-172-31-43-26,linux,0,53.9406,18.54,Signature,True,2025-11-21T22:17:49.263353,,1709
SPHINCS+-SHA2-192f-simple,sign,1024,64,0.0,1,0,1,ip-172-31-43-26,linux,0,53.9042,18.55,Signature,True,2025-11-21T22:17:49.317310,,1710
SPHINCS+-SHA2-192f-simple,verify,0,1,0.0,1,0,1,ip-172-31-43-26,linux,0,53.9576,18.53,Signature,True,2025-11-21T22:17:49.371330,,1711
SPHINCS+-SHA2-192f-simple,verify,0,1,0.0,1,0,1,ip-172-31-43-26,linux,0,53.9402,18.54,Signature,True,2025-11-21T22:17:49.425326,,1712
SPHINCS+-SHA2-192f-simple,verify,0,1,0.0,1,0,1,ip-172-31-43-26,linux,0,53.7977,18.59,Signature,True,2025-11-21T22:17:49.479179,,1713
SPHINCS+-SHA2-192f-simple,verify,0,1,0.0,1,0,1,ip-172-31-43-26,linux,0,53.8245,18.58,Signature,True,2025-11-21T22:17:49.533059,,1714
SPHINCS+-SHA2-192f-simple,verify,0,1,0.0,1,0,1,ip-172-31-43-26,linux,0,53.9445,18.54,Signature,True,2025-11-21T22:17:49.587061,,1715
SPHINCS+-SHA2-192f-simple,verify,0,16,0.0,1,0,1,ip-172-31-43-26,linux,0,53.9124,18.55,Signature,True,2025-11-21T22:17:49.641038,,1716
SPHINCS+-SHA2-192f-simple,verify,0,16,0.0,1,0,1,ip-172-31-43-26,linux,0,53.8784,18.56,Signature,True,2025-11-21T22:17:49.694969,,1717
SPHINCS+-SHA2-192f-simple,verify,0,16,0.0,1,0,1,ip-172-31-43-26,linux,0,53.9169,18.55,Signature,True,2025-11-21T22:17:49.748938,,1718
SPHINCS+-SHA2-192f-simple,verify,0,16,0.0,1,0,1,ip-172-31-43-26,linux,0,53.885,18.56,Signature,True,2025-11-21T22:17:49.802882,,1719
SPHINCS+-SHA2-192f-simple,verify,0,16,0.0,1,0,1,ip-172-31-43-26,linux,0,53.975,18.53,Signature,True,2025-11-21T22:17:49.856917,,1720
SPHINCS+-SHA2-192f-simple,verify,0,64,0.0,1,0,1,ip-172-31-43-26,linux,0,54.0006,18.52,Signature,True,2025-11-21T22:17:49.910970,,1721
SPHINCS+-SHA2-192f-simple,verify,0,64,0.0,1,0,1,ip-172-31-43-26,linux,0,53.9226,18.55,Signature,True,2025-11-21T22:17:49.964952,,1722
SPHINCS+-SHA2-192f-simple,verify,0,64,0.0,1,0,1,ip-172-31-43-26,linux,0,53.8783,18.56,Signature,True,2025-11-21T22:17:50.018883,,1723
SPHINCS+-SHA2-192f-simple,verify,0,64,0.0,1,0,1,ip-172-31-43-26,linux,0,53.8925,18.56,Signature,True,2025-11-21T22:17:50.072826,,1724
SPHINCS+-SHA2-192f-simple,verify,0,64,0.0,1,0,1,ip-172-31-43-26,linux,0,54.0013,18.52,Signature,True,2025-11-21T22:17:50.126878,,1725
SPHINCS+-SHA2-192f-simple,verify,1024,1,0.0,1,0,1,ip-172-31-43-26,linux,0,53.9108,18.55,Signature,True,2025-11-21T22:17:50.180841,,1726
SPHINCS+-SHA2-192f-simple,verify,1024,1,0.0,1,0,1,ip-172-31-43-26,linux,0,53.9532,18.53,Signature,True,2025-11-21T22:17:50.234844,,1727
SPHINCS+-SHA2-192f-simple,verify,1024,1,0.0,1,0,1,ip-172-31-43-26,linux,0,53.9545,18.53,Signature,True,2025-11-21T22:17:50.288844,,1728
SPHINCS+-SHA2-192f-simple,verify,1024,1,0.0,1,0,1,ip-172-31-43-26,linux,0,53.8923,18.56,Signature,True,2025-11-21T22:17:50.342780,,1729
SPHINCS+-SHA2-192f-simple,verify,1024,1,0.0,1,0,1,ip-172-31-43-26,linux,0,53.7727,18.6,Signature,True,2025-11-21T22:17:50.396600,,1730
SPHINCS+-SHA2-192f-simple,verify,1024,16,0.0,1,0,1,ip-172-31-43-26,linux,0,53.8888,18.56,Signature,True,2025-11-21T22:17:50.450536,,1731
SPHINCS+-SHA2-192f-simple,verify,1024,16,0.0,1,0,1,ip-172-31-43-26,linux,0,53.896,18.55,Signature,True,2025-11-21T22:17:50.504477,,1732
SPHINCS+-SHA2-192f-simple,verify,1024,16,0.0,1,0,1,ip-172-31-43-26,linux,0,53.857,18.57,Signature,True,2025-11-21T22:17:50.558378,,1733
SPHINCS+-SHA2-192f-simple,verify,1024,16,0.0,1,0,1,ip-172-31-43-26,linux,0,53.6729,18.63,Signature,True,2025-11-21T22:17:50.612102,,1734
SPHINCS+-SHA2-192f-simple,verify,1024,16,0.0,1,0,1,ip-172-31-43-26,linux,0,53.8285,18.58,Signature,True,2025-11-21T22:17:50.665977,,1735
SPHINCS+-SHA2-192f-simple,verify,1024,64,0.0,1,0,1,ip-172-31-43-26,linux,0,53.7522,18.6,Signature,True,2025-11-21T22:17:50.719773,,1736
SPHINCS+-SHA2-192f-simple,verify,1024,64,0.0,1,0,1,ip-172-31-43-26,linux,0,53.9019,18.55,Signature,True,2025-11-21T22:17:50.773720,,1737
SPHINCS+-SHA2-192f-simple,verify,1024,64,0.0,1,0,1,ip-172-31-43-26,linux,0,53.8782,18.56,Signature,True,2025-11-21T22:17:50.827650,,1738
SPHINCS+-SHA2-192f-simple,verify,1024,64,0.0,1,0,1,ip-172-31-43-26,linux,0,53.9438,18.54,Signature,True,2025-11-21T22:17:50.881641,,1739
SPHINCS+-SHA2-192f-simple,verify,1024,64,0.0,1,0,1,ip-172-31-43-26,linux,0,53.9539,18.53,Signature,True,2025-11-21T22:17:50.935651,,1740
SPHINCS+-SHA2-192s-simple,sign,0,1,0.0,1,0,1,ip-172-31-43-26,linux,0,1224.2028,0.82,Signature,True,2025-11-21T22:17:52.159919,,1741
SPHINCS+-SHA2-192s-simple,sign,0,1,0.0,1,0,1,ip-172-31-43-26,linux,0,1223.7956,0.82,Signature,True,2025-11-21T22:17:53.383796,,1742
SPHINCS+-SHA2-192s-simple,sign,0,1,0.0,1,0,1,ip-172-31-43-26,linux,0,1224.408,0.82,Signature,True,2025-11-21T22:17:54.608284,,1743
SPHINCS+-SHA2-192s-simple,sign,0,1,0.0,1,0,1,ip-172-31-43-26,linux,0,1224.1703,0.82,Signature,True,2025-11-21T22:17:55.832531,,1744
SPHINCS+-SHA2-192s-simple,sign,0,1,0.0,1,0,1,ip-172-31-43-26,linux,0,1224.5346,0.82,Signature,True,2025-11-21T22:17:57.057149,,1745
SPHINCS+-SHA2-192s-simple,sign,0,16,0.0,1,0,1,ip-172-31-43-26,linux,0,1224.0769,0.82,Signature,True,2025-11-21T22:17:58.281306,,1746
SPHINCS+-SHA2-192s-simple,sign,0,16,0.0,1,0,1,ip-172-31-43-26,linux,0,1223.9493,0.82,Signature,True,2025-11-21T22:17:59.505332,,1747
SPHINCS+-SHA2-192s-simple,sign,0,16,0.0,1,0,1,ip-172-31-43-26,linux,0,1224.1973,0.82,Signature,True,2025-11-21T22:18:00.729604,,1748
SPHINCS+-SHA2-192s-simple,sign,0,16,0.0,1,0,1,ip-172-31-43-26,linux,0,1224.0986,0.82,Signature,True,2025-11-21T22:18:01.953785,,1749
SPHINCS+-SHA2-192s-simple,sign,0,16,0.0,1,0,1,ip-172-31-43-26,linux,0,1224.2071,0.82,Signature,True,2025-11-21T22:18:03.178076,,1750
SPHINCS+-SHA2-192s-simple,sign,0,64,0.0,1,0,1,ip-172-31-43-26,linux,0,1224.412,0.82,Signature,True,2025-11-21T22:18:04.402571,,1751
SPHINCS+-SHA2-192s-simple,sign,0,64,0.0,1,0,1,ip-172-31-43-26,linux,0,1224.2792,0.82,Signature,True,2025-11-21T22:18:05.626927,,1752
SPHINCS+-SHA2-192s-simple,sign,0,64,0.0,1,0,1,ip-172-31-43-26,linux,0,1223.4704,0.82,Signature,True,2025-11-21T22:18:06.850476,,1753
SPHINCS+-SHA2-192s-simple,sign,0,64,0.0,1,0,1,ip-172-31-43-26,linux,0,1224.3698,0.82,Signature,True,2025-11-21T22:18:08.074973,,1754
SPHINCS+-SHA2-192s-simple,sign,0,64,0.0,1,0,1,ip-172-31-43-26,linux,0,1224.1867,0.82,Signature,True,2025-11-21T22:18:09.299240,,1755
SPHINCS+-SHA2-192s-simple,sign,1024,1,0.0,1,0,1,ip-172-31-43-26,linux,0,1224.2429,0.82,Signature,True,2025-11-21T22:18:10.523564,,1756
SPHINCS+-SHA2-192s-simple,sign,1024,1,0.0,1,0,1,ip-172-31-43-26,linux,0,1224.2674,0.82,Signature,True,2025-11-21T22:18:11.747908,,1757
SPHINCS+-SHA2-192s-simple,sign,1024,1,0.0,1,0,1,ip-172-31-43-26,linux,0,1224.4038,0.82,Signature,True,2025-11-21T22:18:12.972391,,1758
SPHINCS+-SHA2-192s-simple,sign,1024,1,0.0,1,0,1,ip-172-31-43-26,linux,0,1223.9695,0.82,Signature,True,2025-11-21T22:18:14.196441,,1759
SPHINCS+-SHA2-192s-simple,sign,1024,1,0.0,1,0,1,ip-172-31-43-26,linux,0,1224.0644,0.82,Signature,True,2025-11-21T22:18:15.420586,,1760
SPHINCS+-SHA2-192s-simple,sign,1024,16,0.0,1,0,1,ip-172-31-43-26,linux,0,1223.9827,0.82,Signature,True,2025-11-21T22:18:16.644643,,1761
SPHINCS+-SHA2-192s-simple,sign,1024,16,0.0,1,0,1,ip-172-31-43-26,linux,0,1223.5816,0.82,Signature,True,2025-11-21T22:18:17.868301,,1762
SPHINCS+-SHA2-192s-simple,sign,1024,16,0.0,1,0,1,ip-172-31-43-26,linux,0,1223.6067,0.82,Signature,True,2025-11-21T22:18:19.091986,,1763
SPHINCS+-SHA2-192s-simple,sign,1024,16,0.0,1,0,1,ip-172-31-43-26,linux,0,1224.5519,0.82,Signature,True,2025-11-21T22:18:20.316617,,1764
SPHINCS+-SHA2-192s-simple,sign,1024,16,0.0,1,0,1,ip-172-31-43-26,linux,0,1224.7482,0.82,Signature,True,2025-11-21T22:18:21.541444,,1765
SPHINCS+-SHA2-192s-simple,sign,1024,64,0.0,1,0,1,ip-172-31-43-26,linux,0,1224.5589,0.82,Signature,True,2025-11-21T22:18:22.766078,,1766
SPHINCS+-SHA2-192s-simple,sign,1024,64,0.0,1,0,1,ip-172-31-43-26,linux,0,1224.4374,0.82,Signature,True,2025-11-21T22:18:23.990600,,1767
SPHINCS+-SHA2-192s-simple,sign,1024,64,0.0,1,0,1,ip-172-31-43-26,linux,0,1224.156,0.82,Signature,True,2025-11-21T22:18:25.214834,,1768
SPHINCS+-SHA2-192s-simple,sign,1024,64,0.0,1,0,1,ip-172-31-43-26,linux,0,1224.5487,0.82,Signature,True,2025-11-21T22:18:26.439458,,1769
SPHINCS+-SHA2-192s-simple,sign,1024,64,0.0,1,0,1,ip-172-31-43-26,linux,0,1224.1988,0.82,Signature,True,2025-11-21T22:18:27.663733,,1770
SPHINCS+-SHA2-192s-simple,verify,0,1,0.0,1,0,1,ip-172-31-43-26,linux,0,1224.107,0.82,Signature,True,2025-11-21T22:18:28.887929,,1771
SPHINCS+-SHA2-192s-simple,verify,0,1,0.0,1,0,1,ip-172-31-43-26,linux,0,1223.9434,0.82,Signature,True,2025-11-21T22:18:30.111953,,1772
SPHINCS+-SHA2-192s-simple,verify,0,1,0.0,1,0,1,ip-172-31-43-26,linux,0,1224.1755,0.82,Signature,True,2025-11-21T22:18:31.336206,,1773
SPHINCS+-SHA2-192s-simple,verify,0,1,0.0,1,0,1,ip-172-31-43-26,linux,0,1224.0485,0.82,Signature,True,2025-11-21T22:18:32.560332,,1774
SPHINCS+-SHA2-192s-simple,verify,0,1,0.0,1,0,1,ip-172-31-43-26,linux,0,1224.7241,0.82,Signature,True,2025-11-21T22:18:33.785135,,1775
SPHINCS+-SHA2-192s-simple,verify,0,16,0.0,1,0,1,ip-172-31-43-26,linux,0,1223.8319,0.82,Signature,True,2025-11-21T22:18:35.009046,,1776
SPHINCS+-SHA2-192s-simple,verify,0,16,0.0,1,0,1,ip-172-31-43-26,linux,0,1224.5072,0.82,Signature,True,2025-11-21T22:18:36.233642,,1777
SPHINCS+-SHA2-192s-simple,verify,0,16,0.0,1,0,1,ip-172-31-43-26,linux,0,1223.7709,0.82,Signature,True,2025-11-21T22:18:37.457491,,1778
SPHINCS+-SHA2-192s-simple,verify,0,16,0.0,1,0,1,ip-172-31-43-26,linux,0,1223.4838,0.82,Signature,True,2025-11-21T22:18:38.681054,,1779
SPHINCS+-SHA2-192s-simple,verify,0,16,0.0,1,0,1,ip-172-31-43-26,linux,0,1224.0103,0.82,Signature,True,2025-11-21T22:18:39.905147,,1780
SPHINCS+-SHA2-192s-simple,verify,0,64,0.0,1,0,1,ip-172-31-43-26,linux,0,1224.639,0.82,Signature,True,2025-11-21T22:18:41.129868,,1781
SPHINCS+-SHA2-192s-simple,verify,0,64,0.0,1,0,1,ip-172-31-43-26,linux,0,1224.0143,0.82,Signature,True,2025-11-21T22:18:42.353958,,1782
SPHINCS+-SHA2-192s-simple,verify,0,64,0.0,1,0,1,ip-172-31-43-26,linux,0,1224.0007,0.82,Signature,True,2025-11-21T22:18:43.578030,,1783
SPHINCS+-SHA2-192s-simple,verify,0,64,0.0,1,0,1,ip-172-31-43-26,linux,0,1224.316,0.82,Signature,True,2025-11-21T22:18:44.802422,,1784
SPHINCS+-SHA2-192s-simple,verify,0,64,0.0,1,0,1,ip-172-31-43-26,linux,0,1224.2734,0.82,Signature,True,2025-11-21T22:18:46.026773,,1785
SPHINCS+-SHA2-192s-simple,verify,1024,1,0.0,1,0,1,ip-172-31-43-26,linux,0,1223.8631,0.82,Signature,True,2025-11-21T22:18:47.250717,,1786
SPHINCS+-SHA2-192s-simple,verify,1024,1,0.0,1,0,1,ip-172-31-43-26,linux,0,1224.031,0.82,Signature,True,2025-11-21T22:18:48.474822,,1787
SPHINCS+-SHA2-192s-simple,verify,1024,1,0.0,1,0,1,ip-172-31-43-26,linux,0,1224.1963,0.82,Signature,True,2025-11-21T22:18:49.699101,,1788
SPHINCS+-SHA2-192s-simple,verify,1024,1,0.0,1,0,1,ip-172-31-43-26,linux,0,1224.5353,0.82,Signature,True,2025-11-21T22:18:50.923713,,1789
SPHINCS+-SHA2-192s-simple,verify,1024,1,0.0,1,0,1,ip-172-31-43-26,linux,0,1223.6524,0.82,Signature,True,2025-11-21T22:18:52.147444,,1790
SPHINCS+-SHA2-192s-simple,verify,1024,16,0.0,1,0,1,ip-172-31-43-26,linux,0,1223.9723,0.82,Signature,True,2025-11-21T22:18:53.371497,,1791
SPHINCS+-SHA2-192s-simple,verify,1024,16,0.0,1,0,1,ip-172-31-43-26,linux,0,1224.1062,0.82,Signature,True,2025-11-21T22:18:54.595679,,1792
SPHINCS+-SHA2-192s-simple,verify,1024,16,0.0,1,0,1,ip-172-31-43-26,linux,0,1224.192,0.82,Signature,True,2025-11-21T22:18:55.819947,,1793
SPHINCS+-SHA2-192s-simple,verify,1024,16,0.0,1,0,1,ip-172-31-43-26,linux,0,1224.891,0.82,Signature,True,2025-11-21T22:18:57.044923,,1794
SPHINCS+-SHA2-192s-simple,verify,1024,16,0.0,1,0,1,ip-172-31-43-26,linux,0,1224.2405,0.82,Signature,True,2025-11-21T22:18:58.269245,,1795
SPHINCS+-SHA2-192s-simple,verify,1024,64,0.0,1,0,1,ip-172-31-43-26,linux,0,1223.8451,0.82,Signature,True,2025-11-21T22:18:59.493167,,1796
SPHINCS+-SHA2-192s-simple,verify,1024,64,0.0,1,0,1,ip-172-31-43-26,linux,0,1224.2937,0.82,Signature,True,2025-11-21T22:19:00.717537,,1797
SPHINCS+-SHA2-192s-simple,verify,1024,64,0.0,1,0,1,ip-172-31-43-26,linux,0,1224.2743,0.82,Signature,True,2025-11-21T22:19:01.941893,,1798
SPHINCS+-SHA2-192s-simple,verify,1024,64,0.0,1,0,1,ip-172-31-43-26,linux,0,1223.8046,0.82,Signature,True,2025-11-21T22:19:03.165783,,1799
SPHINCS+-SHA2-192s-simple,verify,1024,64,0.0,1,0,1,ip-172-31-43-26,linux,0,1223.8406,0.82,Signature,True,2025-11-21T22:19:04.389703,,1800
