algorithm,operation,message_bytes,concurrency,cpu_ghz,aesni,avx2,neon,machine_id,os_name,containerized,latency_ms,throughput_ops,crypto_type,correctness,timestamp,notes,trial_id
Dilithium2,sign,0,1,0.0,1,0,1,ip-172-31-14-170,linux,0,2.7811,359.56,Signature,True,2025-11-21T22:17:59.979344,,1
Dilithium2,sign,0,1,0.0,1,0,1,ip-172-31-14-170,linux,0,1.596,626.58,Signature,True,2025-11-21T22:17:59.981114,,2
Dilithium2,sign,0,1,0.0,1,0,1,ip-172-31-14-170,linux,0,0.7927,1261.44,Signature,True,2025-11-21T22:17:59.982017,,3
Dilithium2,sign,0,1,0.0,1,0,1,ip-172-31-14-170,linux,0,0.6811,1468.11,Signature,True,2025-11-21T22:17:59.982794,,4
Dilithium2,sign,0,1,0.0,1,0,1,ip-172-31-14-170,linux,0,0.5132,1948.65,Signature,True,2025-11-21T22:17:59.983388,,5
Dilithium2,sign,0,16,0.0,1,0,1,ip-172-31-14-170,linux,0,0.6108,1637.29,Signature,True,2025-11-21T22:17:59.984085,,6
Dilithium2,sign,0,16,0.0,1,0,1,ip-172-31-14-170,linux,0,0.6034,1657.3,Signature,True,2025-11-21T22:17:59.984773,,7
Dilithium2,sign,0,16,0.0,1,0,1,ip-172-31-14-170,linux,0,0.5248,1905.39,Signature,True,2025-11-21T22:17:59.985378,,8
Dilithium2,sign,0,16,0.0,1,0,1,ip-172-31-14-170,linux,0,0.5006,1997.67,Signature,True,2025-11-21T22:17:59.985961,,9
Dilithium2,sign,0,16,0.0,1,0,1,ip-172-31-14-170,linux,0,0.6697,1493.15,Signature,True,2025-11-21T22:17:59.986709,,10
Dilithium2,sign,0,64,0.0,1,0,1,ip-172-31-14-170,linux,0,1.2567,795.74,Signature,True,2025-11-21T22:17:59.988042,,11
Dilithium2,sign,0,64,0.0,1,0,1,ip-172-31-14-170,linux,0,0.5914,1690.78,Signature,True,2025-11-21T22:17:59.988723,,12
Dilithium2,sign,0,64,0.0,1,0,1,ip-172-31-14-170,linux,0,0.5123,1951.95,Signature,True,2025-11-21T22:17:59.989315,,13
Dilithium2,sign,0,64,0.0,1,0,1,ip-172-31-14-170,linux,0,0.586,1706.45,Signature,True,2025-11-21T22:17:59.989994,,14
Dilithium2,sign,0,64,0.0,1,0,1,ip-172-31-14-170,linux,0,0.5994,1668.28,Signature,True,2025-11-21T22:17:59.990682,,15
Dilithium2,sign,1024,1,0.0,1,0,1,ip-172-31-14-170,linux,0,0.6792,1472.3,Signature,True,2025-11-21T22:17:59.991444,,16
Dilithium2,sign,1024,1,0.0,1,0,1,ip-172-31-14-170,linux,0,0.7977,1253.65,Signature,True,2025-11-21T22:17:59.992326,,17
Dilithium2,sign,1024,1,0.0,1,0,1,ip-172-31-14-170,linux,0,0.5085,1966.48,Signature,True,2025-11-21T22:17:59.992913,,18
Dilithium2,sign,1024,1,0.0,1,0,1,ip-172-31-14-170,linux,0,0.6015,1662.57,Signature,True,2025-11-21T22:17:59.993592,,19
Dilithium2,sign,1024,1,0.0,1,0,1,ip-172-31-14-170,linux,0,0.8885,1125.51,Signature,True,2025-11-21T22:17:59.994558,,20
Dilithium2,sign,1024,16,0.0,1,0,1,ip-172-31-14-170,linux,0,1.0513,951.17,Signature,True,2025-11-21T22:17:59.995688,,21
Dilithium2,sign,1024,16,0.0,1,0,1,ip-172-31-14-170,linux,0,0.7964,1255.7,Signature,True,2025-11-21T22:17:59.996570,,22
Dilithium2,sign,1024,16,0.0,1,0,1,ip-172-31-14-170,linux,0,0.8661,1154.6,Signature,True,2025-11-21T22:17:59.997517,,23
Dilithium2,sign,1024,16,0.0,1,0,1,ip-172-31-14-170,linux,0,0.523,1912.17,Signature,True,2025-11-21T22:17:59.998120,,24
Dilithium2,sign,1024,16,0.0,1,0,1,ip-172-31-14-170,linux,0,0.6122,1633.51,Signature,True,2025-11-21T22:17:59.998825,,25
Dilithium2,sign,1024,64,0.0,1,0,1,ip-172-31-14-170,linux,0,0.8743,1143.73,Signature,True,2025-11-21T22:17:59.999779,,26
Dilithium2,sign,1024,64,0.0,1,0,1,ip-172-31-14-170,linux,0,1.2746,784.59,Signature,True,2025-11-21T22:18:00.001140,,27
Dilithium2,sign,1024,64,0.0,1,0,1,ip-172-31-14-170,linux,0,1.9255,519.34,Signature,True,2025-11-21T22:18:00.003158,,28
Dilithium2,sign,1024,64,0.0,1,0,1,ip-172-31-14-170,linux,0,0.7844,1274.89,Signature,True,2025-11-21T22:18:00.004019,,29
Dilithium2,sign,1024,64,0.0,1,0,1,ip-172-31-14-170,linux,0,0.7898,1266.14,Signature,True,2025-11-21T22:18:00.004910,,30
Dilithium2,verify,0,1,0.0,1,0,1,ip-172-31-14-170,linux,0,0.5222,1915.03,Signature,True,2025-11-21T22:18:00.005527,,31
Dilithium2,verify,0,1,0.0,1,0,1,ip-172-31-14-170,linux,0,0.5975,1673.71,Signature,True,2025-11-21T22:18:00.006210,,32
Dilithium2,verify,0,1,0.0,1,0,1,ip-172-31-14-170,linux,0,1.5874,629.95,Signature,True,2025-11-21T22:18:00.007884,,33
Dilithium2,verify,0,1,0.0,1,0,1,ip-172-31-14-170,linux,0,0.5493,1820.52,Signature,True,2025-11-21T22:18:00.008529,,34
Dilithium2,verify,0,1,0.0,1,0,1,ip-172-31-14-170,linux,0,0.5165,1936.02,Signature,True,2025-11-21T22:18:00.009132,,35
Dilithium2,verify,0,16,0.0,1,0,1,ip-172-31-14-170,linux,0,0.5858,1707.05,Signature,True,2025-11-21T22:18:00.009803,,36
Dilithium2,verify,0,16,0.0,1,0,1,ip-172-31-14-170,linux,0,0.6795,1471.69,Signature,True,2025-11-21T22:18:00.010565,,37
Dilithium2,verify,0,16,0.0,1,0,1,ip-172-31-14-170,linux,0,0.7163,1395.97,Signature,True,2025-11-21T22:18:00.011366,,38
Dilithium2,verify,0,16,0.0,1,0,1,ip-172-31-14-170,linux,0,0.7933,1260.61,Signature,True,2025-11-21T22:18:00.012245,,39
Dilithium2,verify,0,16,0.0,1,0,1,ip-172-31-14-170,linux,0,0.4988,2004.71,Signature,True,2025-11-21T22:18:00.012834,,40
Dilithium2,verify,0,64,0.0,1,0,1,ip-172-31-14-170,linux,0,0.695,1438.78,Signature,True,2025-11-21T22:18:00.013611,,41
Dilithium2,verify,0,64,0.0,1,0,1,ip-172-31-14-170,linux,0,0.6007,1664.84,Signature,True,2025-11-21T22:18:00.014299,,42
Dilithium2,verify,0,64,0.0,1,0,1,ip-172-31-14-170,linux,0,0.6951,1438.72,Signature,True,2025-11-21T22:18:00.015077,,43
Dilithium2,verify,0,64,0.0,1,0,1,ip-172-31-14-170,linux,0,0.4996,2001.71,Signature,True,2025-11-21T22:18:00.015662,,44
Dilithium2,verify,0,64,0.0,1,0,1,ip-172-31-14-170,linux,0,1.03,970.86,Signature,True,2025-11-21T22:18:00.016772,,45
Dilithium2,verify,1024,1,0.0,1,0,1,ip-172-31-14-170,linux,0,0.5225,1913.92,Signature,True,2025-11-21T22:18:00.017387,,46
Dilithium2,verify,1024,1,0.0,1,0,1,ip-172-31-14-170,linux,0,0.5073,1971.05,Signature,True,2025-11-21T22:18:00.017982,,47
Dilithium2,verify,1024,1,0.0,1,0,1,ip-172-31-14-170,linux,0,0.5135,1947.31,Signature,True,2025-11-21T22:18:00.018586,,48
Dilithium2,verify,1024,1,0.0,1,0,1,ip-172-31-14-170,linux,0,0.7113,1405.91,Signature,True,2025-11-21T22:18:00.019381,,49
Dilithium2,verify,1024,1,0.0,1,0,1,ip-172-31-14-170,linux,0,1.5387,649.92,Signature,True,2025-11-21T22:18:00.021007,,50
Dilithium2,verify,1024,16,0.0,1,0,1,ip-172-31-14-170,linux,0,0.5214,1917.8,Signature,True,2025-11-21T22:18:00.021630,,51
Dilithium2,verify,1024,16,0.0,1,0,1,ip-172-31-14-170,linux,0,0.5248,1905.39,Signature,True,2025-11-21T22:18:00.022242,,52
Dilithium2,verify,1024,16,0.0,1,0,1,ip-172-31-14-170,linux,0,0.6757,1479.89,Signature,True,2025-11-21T22:18:00.023003,,53
Dilithium2,verify,1024,16,0.0,1,0,1,ip-172-31-14-170,linux,0,0.7075,1413.46,Signature,True,2025-11-21T22:18:00.023834,,54
Dilithium2,verify,1024,16,0.0,1,0,1,ip-172-31-14-170,linux,0,0.5302,1886.05,Signature,True,2025-11-21T22:18:00.024454,,55
Dilithium2,verify,1024,64,0.0,1,0,1,ip-172-31-14-170,linux,0,0.7858,1272.59,Signature,True,2025-11-21T22:18:00.025333,,56
Dilithium2,verify,1024,64,0.0,1,0,1,ip-172-31-14-170,linux,0,0.5082,1967.81,Signature,True,2025-11-21T22:18:00.025928,,57
Dilithium2,verify,1024,64,0.0,1,0,1,ip-172-31-14-170,linux,0,0.5313,1882.26,Signature,True,2025-11-21T22:18:00.026541,,58
Dilithium2,verify,1024,64,0.0,1,0,1,ip-172-31-14-170,linux,0,0.9712,1029.63,Signature,True,2025-11-21T22:18:00.027598,,59
Dilithium2,verify,1024,64,0.0,1,0,1,ip-172-31-14-170,linux,0,0.5398,1852.39,Signature,True,2025-11-21T22:18:00.028226,,60
Dilithium3,sign,0,1,0.0,1,0,1,ip-172-31-14-170,linux,0,1.7764,562.92,Signature,True,2025-11-21T22:18:00.030104,,61
Dilithium3,sign,0,1,0.0,1,0,1,ip-172-31-14-170,linux,0,0.8876,1126.65,Signature,True,2025-11-21T22:18:00.031104,,62
Dilithium3,sign,0,1,0.0,1,0,1,ip-172-31-14-170,linux,0,0.9104,1098.44,Signature,True,2025-11-21T22:18:00.032112,,63
Dilithium3,sign,0,1,0.0,1,0,1,ip-172-31-14-170,linux,0,1.0064,993.63,Signature,True,2025-11-21T22:18:00.033209,,64
Dilithium3,sign,0,1,0.0,1,0,1,ip-172-31-14-170,linux,0,1.1398,877.34,Signature,True,2025-11-21T22:18:00.034429,,65
Dilithium3,sign,0,16,0.0,1,0,1,ip-172-31-14-170,linux,0,1.6115,620.54,Signature,True,2025-11-21T22:18:00.036123,,66
Dilithium3,sign,0,16,0.0,1,0,1,ip-172-31-14-170,linux,0,0.9129,1095.4,Signature,True,2025-11-21T22:18:00.038782,,67
Dilithium3,sign,0,16,0.0,1,0,1,ip-172-31-14-170,linux,0,1.3717,729.01,Signature,True,2025-11-21T22:18:00.040241,,68
Dilithium3,sign,0,16,0.0,1,0,1,ip-172-31-14-170,linux,0,1.4104,709.04,Signature,True,2025-11-21T22:18:00.041808,,69
Dilithium3,sign,0,16,0.0,1,0,1,ip-172-31-14-170,linux,0,1.2985,770.13,Signature,True,2025-11-21T22:18:00.043266,,70
Dilithium3,sign,0,64,0.0,1,0,1,ip-172-31-14-170,linux,0,1.2241,816.93,Signature,True,2025-11-21T22:18:00.044594,,71
Dilithium3,sign,0,64,0.0,1,0,1,ip-172-31-14-170,linux,0,0.8735,1144.81,Signature,True,2025-11-21T22:18:00.045555,,72
Dilithium3,sign,0,64,0.0,1,0,1,ip-172-31-14-170,linux,0,1.2134,824.11,Signature,True,2025-11-21T22:18:00.046852,,73
Dilithium3,sign,0,64,0.0,1,0,1,ip-172-31-14-170,linux,0,1.0162,984.08,Signature,True,2025-11-21T22:18:00.047942,,74
Dilithium3,sign,0,64,0.0,1,0,1,ip-172-31-14-170,linux,0,0.7598,1316.22,Signature,True,2025-11-21T22:18:00.048779,,75
Dilithium3,sign,1024,1,0.0,1,0,1,ip-172-31-14-170,linux,0,1.6899,591.74,Signature,True,2025-11-21T22:18:00.050549,,76
Dilithium3,sign,1024,1,0.0,1,0,1,ip-172-31-14-170,linux,0,0.7759,1288.87,Signature,True,2025-11-21T22:18:00.051416,,77
Dilithium3,sign,1024,1,0.0,1,0,1,ip-172-31-14-170,linux,0,2.8811,347.09,Signature,True,2025-11-21T22:18:00.054386,,78
Dilithium3,sign,1024,1,0.0,1,0,1,ip-172-31-14-170,linux,0,0.8043,1243.25,Signature,True,2025-11-21T22:18:00.055325,,79
Dilithium3,sign,1024,1,0.0,1,0,1,ip-172-31-14-170,linux,0,1.1538,866.7,Signature,True,2025-11-21T22:18:00.056559,,80
Dilithium3,sign,1024,16,0.0,1,0,1,ip-172-31-14-170,linux,0,1.6371,610.83,Signature,True,2025-11-21T22:18:00.058281,,81
Dilithium3,sign,1024,16,0.0,1,0,1,ip-172-31-14-170,linux,0,1.8036,554.45,Signature,True,2025-11-21T22:18:00.060163,,82
Dilithium3,sign,1024,16,0.0,1,0,1,ip-172-31-14-170,linux,0,1.1485,870.66,Signature,True,2025-11-21T22:18:00.061391,,83
Dilithium3,sign,1024,16,0.0,1,0,1,ip-172-31-14-170,linux,0,1.0167,983.53,Signature,True,2025-11-21T22:18:00.062485,,84
Dilithium3,sign,1024,16,0.0,1,0,1,ip-172-31-14-170,linux,0,1.0118,988.38,Signature,True,2025-11-21T22:18:00.063577,,85
Dilithium3,sign,1024,64,0.0,1,0,1,ip-172-31-14-170,linux,0,1.4837,674.0,Signature,True,2025-11-21T22:18:00.065139,,86
Dilithium3,sign,1024,64,0.0,1,0,1,ip-172-31-14-170,linux,0,1.5707,636.65,Signature,True,2025-11-21T22:18:00.066795,,87
Dilithium3,sign,1024,64,0.0,1,0,1,ip-172-31-14-170,linux,0,1.1437,874.38,Signature,True,2025-11-21T22:18:00.068023,,88
Dilithium3,sign,1024,64,0.0,1,0,1,ip-172-31-14-170,linux,0,1.6172,618.34,Signature,True,2025-11-21T22:18:00.071425,,89
Dilithium3,sign,1024,64,0.0,1,0,1,ip-172-31-14-170,linux,0,1.0807,925.33,Signature,True,2025-11-21T22:18:00.072602,,90
Dilithium3,verify,0,1,0.0,1,0,1,ip-172-31-14-170,linux,0,0.9891,1011.03,Signature,True,2025-11-21T22:18:00.073685,,91
Dilithium3,verify,0,1,0.0,1,0,1,ip-172-31-14-170,linux,0,0.762,1312.41,Signature,True,2025-11-21T22:18:00.074527,,92
Dilithium3,verify,0,1,0.0,1,0,1,ip-172-31-14-170,linux,0,1.8982,526.8,Signature,True,2025-11-21T22:18:00.076502,,93
Dilithium3,verify,0,1,0.0,1,0,1,ip-172-31-14-170,linux,0,1.7916,558.15,Signature,True,2025-11-21T22:18:00.078378,,94
Dilithium3,verify,0,1,0.0,1,0,1,ip-172-31-14-170,linux,0,1.8451,541.98,Signature,True,2025-11-21T22:18:00.080304,,95
Dilithium3,verify,0,16,0.0,1,0,1,ip-172-31-14-170,linux,0,0.7662,1305.06,Signature,True,2025-11-21T22:18:00.081151,,96
Dilithium3,verify,0,16,0.0,1,0,1,ip-172-31-14-170,linux,0,0.7447,1342.91,Signature,True,2025-11-21T22:18:00.081968,,97
Dilithium3,verify,0,16,0.0,1,0,1,ip-172-31-14-170,linux,0,0.7658,1305.9,Signature,True,2025-11-21T22:18:00.082804,,98
Dilithium3,verify,0,16,0.0,1,0,1,ip-172-31-14-170,linux,0,0.7765,1287.88,Signature,True,2025-11-21T22:18:00.083668,,99
Dilithium3,verify,0,16,0.0,1,0,1,ip-172-31-14-170,linux,0,2.8876,346.3,Signature,True,2025-11-21T22:18:00.086892,,100
Dilithium3,verify,0,64,0.0,1,0,1,ip-172-31-14-170,linux,0,1.9351,516.77,Signature,True,2025-11-21T22:18:00.090594,,101
Dilithium3,verify,0,64,0.0,1,0,1,ip-172-31-14-170,linux,0,1.4525,688.45,Signature,True,2025-11-21T22:18:00.092138,,102
Dilithium3,verify,0,64,0.0,1,0,1,ip-172-31-14-170,linux,0,0.7584,1318.58,Signature,True,2025-11-21T22:18:00.092977,,103
Dilithium3,verify,0,64,0.0,1,0,1,ip-172-31-14-170,linux,0,1.3611,734.68,Signature,True,2025-11-21T22:18:00.094415,,104
Dilithium3,verify,0,64,0.0,1,0,1,ip-172-31-14-170,linux,0,1.1665,857.27,Signature,True,2025-11-21T22:18:00.095661,,105
Dilithium3,verify,1024,1,0.0,1,0,1,ip-172-31-14-170,linux,0,2.4819,402.92,Signature,True,2025-11-21T22:18:00.098224,,106
Dilithium3,verify,1024,1,0.0,1,0,1,ip-172-31-14-170,linux,0,1.7439,573.43,Signature,True,2025-11-21T22:18:00.100105,,107
Dilithium3,verify,1024,1,0.0,1,0,1,ip-172-31-14-170,linux,0,0.8282,1207.47,Signature,True,2025-11-21T22:18:00.102673,,108
Dilithium3,verify,1024,1,0.0,1,0,1,ip-172-31-14-170,linux,0,1.1573,864.07,Signature,True,2025-11-21T22:18:00.103918,,109
Dilithium3,verify,1024,1,0.0,1,0,1,ip-172-31-14-170,linux,0,1.0126,987.57,Signature,True,2025-11-21T22:18:00.105012,,110
Dilithium3,verify,1024,16,0.0,1,0,1,ip-172-31-14-170,linux,0,1.6451,607.88,Signature,True,2025-11-21T22:18:00.106749,,111
Dilithium3,verify,1024,16,0.0,1,0,1,ip-172-31-14-170,linux,0,0.8738,1144.42,Signature,True,2025-11-21T22:18:00.107700,,112
Dilithium3,verify,1024,16,0.0,1,0,1,ip-172-31-14-170,linux,0,1.5249,655.77,Signature,True,2025-11-21T22:18:00.109308,,113
Dilithium3,verify,1024,16,0.0,1,0,1,ip-172-31-14-170,linux,0,1.1917,839.17,Signature,True,2025-11-21T22:18:00.110577,,114
Dilithium3,verify,1024,16,0.0,1,0,1,ip-172-31-14-170,linux,0,0.9005,1110.45,Signature,True,2025-11-21T22:18:00.111551,,115
Dilithium3,verify,1024,64,0.0,1,0,1,ip-172-31-14-170,linux,0,3.3888,295.09,Signature,True,2025-11-21T22:18:00.115019,,116
Dilithium3,verify,1024,64,0.0,1,0,1,ip-172-31-14-170,linux,0,3.0771,324.98,Signature,True,2025-11-21T22:18:00.118201,,117
Dilithium3,verify,1024,64,0.0,1,0,1,ip-172-31-14-170,linux,0,1.1483,870.88,Signature,True,2025-11-21T22:18:00.120928,,118
Dilithium3,verify,1024,64,0.0,1,0,1,ip-172-31-14-170,linux,0,1.2433,804.29,Signature,True,2025-11-21T22:18:00.122264,,119
Dilithium3,verify,1024,64,0.0,1,0,1,ip-172-31-14-170,linux,0,1.6905,591.54,Signature,True,2025-11-21T22:18:00.124038,,120
Dilithium5,sign,0,1,0.0,1,0,1,ip-172-31-14-170,linux,0,1.6555,604.05,Signature,True,2025-11-21T22:18:00.125800,,121
Dilithium5,sign,0,1,0.0,1,0,1,ip-172-31-14-170,linux,0,2.5994,384.7,Signature,True,2025-11-21T22:18:00.128497,,122
Dilithium5,sign,0,1,0.0,1,0,1,ip-172-31-14-170,linux,0,1.1457,872.81,Signature,True,2025-11-21T22:18:00.129735,,123
Dilithium5,sign,0,1,0.0,1,0,1,ip-172-31-14-170,linux,0,1.3288,752.55,Signature,True,2025-11-21T22:18:00.131152,,124
Dilithium5,sign,0,1,0.0,1,0,1,ip-172-31-14-170,linux,0,1.4491,690.1,Signature,True,2025-11-21T22:18:00.132695,,125
Dilithium5,sign,0,16,0.0,1,0,1,ip-172-31-14-170,linux,0,1.1973,835.2,Signature,True,2025-11-21T22:18:00.135670,,126
Dilithium5,sign,0,16,0.0,1,0,1,ip-172-31-14-170,linux,0,1.1982,834.6,Signature,True,2025-11-21T22:18:00.136976,,127
Dilithium5,sign,0,16,0.0,1,0,1,ip-172-31-14-170,linux,0,1.3183,758.55,Signature,True,2025-11-21T22:18:00.138392,,128
Dilithium5,sign,0,16,0.0,1,0,1,ip-172-31-14-170,linux,0,1.5216,657.22,Signature,True,2025-11-21T22:18:00.139997,,129
Dilithium5,sign,0,16,0.0,1,0,1,ip-172-31-14-170,linux,0,1.4319,698.37,Signature,True,2025-11-21T22:18:00.141522,,130
Dilithium5,sign,0,64,0.0,1,0,1,ip-172-31-14-170,linux,0,1.1338,881.95,Signature,True,2025-11-21T22:18:00.142737,,131
Dilithium5,sign,0,64,0.0,1,0,1,ip-172-31-14-170,linux,0,1.4513,689.02,Signature,True,2025-11-21T22:18:00.144269,,132
Dilithium5,sign,0,64,0.0,1,0,1,ip-172-31-14-170,linux,0,15.9009,62.89,Signature,True,2025-11-21T22:18:00.160261,,133
Dilithium5,sign,0,64,0.0,1,0,1,ip-172-31-14-170,linux,0,1.1996,833.62,Signature,True,2025-11-21T22:18:00.162139,,134
Dilithium5,sign,0,64,0.0,1,0,1,ip-172-31-14-170,linux,0,1.139,877.98,Signature,True,2025-11-21T22:18:00.163377,,135
Dilithium5,sign,1024,1,0.0,1,0,1,ip-172-31-14-170,linux,0,1.5435,647.87,Signature,True,2025-11-21T22:18:00.165013,,136
Dilithium5,sign,1024,1,0.0,1,0,1,ip-172-31-14-170,linux,0,1.4926,669.95,Signature,True,2025-11-21T22:18:00.166604,,137
Dilithium5,sign,1024,1,0.0,1,0,1,ip-172-31-14-170,linux,0,11.9501,83.68,Signature,True,2025-11-21T22:18:00.178716,,138
Dilithium5,sign,1024,1,0.0,1,0,1,ip-172-31-14-170,linux,0,1.2225,818.01,Signature,True,2025-11-21T22:18:00.180088,,139
Dilithium5,sign,1024,1,0.0,1,0,1,ip-172-31-14-170,linux,0,1.8917,528.61,Signature,True,2025-11-21T22:18:00.182087,,140
Dilithium5,sign,1024,16,0.0,1,0,1,ip-172-31-14-170,linux,0,2.3775,420.61,Signature,True,2025-11-21T22:18:00.186346,,141
Dilithium5,sign,1024,16,0.0,1,0,1,ip-172-31-14-170,linux,0,1.7187,581.84,Signature,True,2025-11-21T22:18:00.188185,,142
Dilithium5,sign,1024,16,0.0,1,0,1,ip-172-31-14-170,linux,0,1.1524,867.73,Signature,True,2025-11-21T22:18:00.189429,,143
Dilithium5,sign,1024,16,0.0,1,0,1,ip-172-31-14-170,linux,0,2.8977,345.1,Signature,True,2025-11-21T22:18:00.192423,,144
Dilithium5,sign,1024,16,0.0,1,0,1,ip-172-31-14-170,linux,0,1.2959,771.67,Signature,True,2025-11-21T22:18:00.193809,,145
Dilithium5,sign,1024,64,0.0,1,0,1,ip-172-31-14-170,linux,0,1.1447,873.61,Signature,True,2025-11-21T22:18:00.195047,,146
Dilithium5,sign,1024,64,0.0,1,0,1,ip-172-31-14-170,linux,0,1.4285,700.04,Signature,True,2025-11-21T22:18:00.196576,,147
Dilithium5,sign,1024,64,0.0,1,0,1,ip-172-31-14-170,linux,0,1.6879,592.46,Signature,True,2025-11-21T22:18:00.200028,,148
Dilithium5,sign,1024,64,0.0,1,0,1,ip-172-31-14-170,linux,0,1.298,770.41,Signature,True,2025-11-21T22:18:00.201430,,149
Dilithium5,sign,1024,64,0.0,1,0,1,ip-172-31-14-170,linux,0,1.8211,549.11,Signature,True,2025-11-21T22:18:00.203330,,150
Dilithium5,verify,0,1,0.0,1,0,1,ip-172-31-14-170,linux,0,1.1638,859.24,Signature,True,2025-11-21T22:18:00.204585,,151
Dilithium5,verify,0,1,0.0,1,0,1,ip-172-31-14-170,linux,0,1.7816,561.3,Signature,True,2025-11-21T22:18:00.206444,,152
Dilithium5,verify,0,1,0.0,1,0,1,ip-172-31-14-170,linux,0,1.794,557.41,Signature,True,2025-11-21T22:18:00.208324,,153
Dilithium5,verify,0,1,0.0,1,0,1,ip-172-31-14-170,linux,0,1.3395,746.53,Signature,True,2025-11-21T22:18:00.209759,,154
Dilithium5,verify,0,1,0.0,1,0,1,ip-172-31-14-170,linux,0,2.343,426.8,Signature,True,2025-11-21T22:18:00.212203,,155
Dilithium5,verify,0,16,0.0,1,0,1,ip-172-31-14-170,linux,0,1.271,786.76,Signature,True,2025-11-21T22:18:00.215232,,156
Dilithium5,verify,0,16,0.0,1,0,1,ip-172-31-14-170,linux,0,2.6493,377.45,Signature,True,2025-11-21T22:18:00.217987,,157
Dilithium5,verify,0,16,0.0,1,0,1,ip-172-31-14-170,linux,0,1.7249,579.76,Signature,True,2025-11-21T22:18:00.219818,,158
Dilithium5,verify,0,16,0.0,1,0,1,ip-172-31-14-170,linux,0,1.4913,670.57,Signature,True,2025-11-21T22:18:00.221396,,159
Dilithium5,verify,0,16,0.0,1,0,1,ip-172-31-14-170,linux,0,11.0015,90.9,Signature,True,2025-11-21T22:18:00.232494,,160
Dilithium5,verify,0,64,0.0,1,0,1,ip-172-31-14-170,linux,0,1.3924,718.2,Signature,True,2025-11-21T22:18:00.234407,,161
Dilithium5,verify,0,64,0.0,1,0,1,ip-172-31-14-170,linux,0,1.8228,548.6,Signature,True,2025-11-21T22:18:00.236369,,162
Dilithium5,verify,0,64,0.0,1,0,1,ip-172-31-14-170,linux,0,1.6836,593.97,Signature,True,2025-11-21T22:18:00.238148,,163
Dilithium5,verify,0,64,0.0,1,0,1,ip-172-31-14-170,linux,0,1.3412,745.63,Signature,True,2025-11-21T22:18:00.239580,,164
Dilithium5,verify,0,64,0.0,1,0,1,ip-172-31-14-170,linux,0,1.9191,521.07,Signature,True,2025-11-21T22:18:00.241584,,165
Dilithium5,verify,1024,1,0.0,1,0,1,ip-172-31-14-170,linux,0,1.5109,661.86,Signature,True,2025-11-21T22:18:00.243194,,166
Dilithium5,verify,1024,1,0.0,1,0,1,ip-172-31-14-170,linux,0,1.6788,595.66,Signature,True,2025-11-21T22:18:00.244973,,167
Dilithium5,verify,1024,1,0.0,1,0,1,ip-172-31-14-170,linux,0,1.3813,723.95,Signature,True,2025-11-21T22:18:00.248129,,168
Dilithium5,verify,1024,1,0.0,1,0,1,ip-172-31-14-170,linux,0,2.1815,458.4,Signature,True,2025-11-21T22:18:00.250414,,169
Dilithium5,verify,1024,1,0.0,1,0,1,ip-172-31-14-170,linux,0,1.3405,745.98,Signature,True,2025-11-21T22:18:00.251841,,170
Dilithium5,verify,1024,16,0.0,1,0,1,ip-172-31-14-170,linux,0,1.7024,587.39,Signature,True,2025-11-21T22:18:00.253631,,171
Dilithium5,verify,1024,16,0.0,1,0,1,ip-172-31-14-170,linux,0,1.1451,873.27,Signature,True,2025-11-21T22:18:00.254867,,172
Dilithium5,verify,1024,16,0.0,1,0,1,ip-172-31-14-170,linux,0,2.516,397.45,Signature,True,2025-11-21T22:18:00.257462,,173
Dilithium5,verify,1024,16,0.0,1,0,1,ip-172-31-14-170,linux,0,2.137,467.94,Signature,True,2025-11-21T22:18:00.259733,,174
Dilithium5,verify,1024,16,0.0,1,0,1,ip-172-31-14-170,linux,0,1.2332,810.9,Signature,True,2025-11-21T22:18:00.263009,,175
Dilithium5,verify,1024,64,0.0,1,0,1,ip-172-31-14-170,linux,0,1.502,665.76,Signature,True,2025-11-21T22:18:00.264630,,176
Dilithium5,verify,1024,64,0.0,1,0,1,ip-172-31-14-170,linux,0,1.6851,593.45,Signature,True,2025-11-21T22:18:00.266402,,177
Dilithium5,verify,1024,64,0.0,1,0,1,ip-172-31-14-170,linux,0,1.1562,864.87,Signature,True,2025-11-21T22:18:00.267688,,178
Dilithium5,verify,1024,64,0.0,1,0,1,ip-172-31-14-170,linux,0,1.5227,656.72,Signature,True,2025-11-21T22:18:00.269310,,179
Dilithium5,verify,1024,64,0.0,1,0,1,ip-172-31-14-170,linux,0,1.3444,743.8,Signature,True,2025-11-21T22:18:00.270743,,180
Falcon-1024,sign,0,1,0.0,1,0,1,ip-172-31-14-170,linux,0,46.3578,21.57,Signature,True,2025-11-21T22:18:00.317164,,181
Falcon-1024,sign,0,1,0.0,1,0,1,ip-172-31-14-170,linux,0,29.7967,33.56,Signature,True,2025-11-21T22:18:00.347091,,182
Falcon-1024,sign,0,1,0.0,1,0,1,ip-172-31-14-170,linux,0,26.6769,37.49,Signature,True,2025-11-21T22:18:00.373869,,183
Falcon-1024,sign,0,1,0.0,1,0,1,ip-172-31-14-170,linux,0,38.4194,26.03,Signature,True,2025-11-21T22:18:00.412396,,184
Falcon-1024,sign,0,1,0.0,1,0,1,ip-172-31-14-170,linux,0,44.8426,22.3,Signature,True,2025-11-21T22:18:00.458979,,185
Falcon-1024,sign,0,16,0.0,1,0,1,ip-172-31-14-170,linux,0,27.6507,36.17,Signature,True,2025-11-21T22:18:00.486775,,186
Falcon-1024,sign,0,16,0.0,1,0,1,ip-172-31-14-170,linux,0,36.8769,27.12,Signature,True,2025-11-21T22:18:00.523759,,187
Falcon-1024,sign,0,16,0.0,1,0,1,ip-172-31-14-170,linux,0,37.2652,26.83,Signature,True,2025-11-21T22:18:00.561127,,188
Falcon-1024,sign,0,16,0.0,1,0,1,ip-172-31-14-170,linux,0,33.6965,29.68,Signature,True,2025-11-21T22:18:00.594925,,189
Falcon-1024,sign,0,16,0.0,1,0,1,ip-172-31-14-170,linux,0,26.0604,38.37,Signature,True,2025-11-21T22:18:00.621083,,190
Falcon-1024,sign,0,64,0.0,1,0,1,ip-172-31-14-170,linux,0,33.1947,30.13,Signature,True,2025-11-21T22:18:00.654381,,191
Falcon-1024,sign,0,64,0.0,1,0,1,ip-172-31-14-170,linux,0,30.7774,32.49,Signature,True,2025-11-21T22:18:00.685236,,192
Falcon-1024,sign,0,64,0.0,1,0,1,ip-172-31-14-170,linux,0,25.3969,39.37,Signature,True,2025-11-21T22:18:00.710703,,193
Falcon-1024,sign,0,64,0.0,1,0,1,ip-172-31-14-170,linux,0,30.023,33.31,Signature,True,2025-11-21T22:18:00.740803,,194
Falcon-1024,sign,0,64,0.0,1,0,1,ip-172-31-14-170,linux,0,27.368,36.54,Signature,True,2025-11-21T22:18:00.768246,,195
Falcon-1024,sign,1024,1,0.0,1,0,1,ip-172-31-14-170,linux,0,26.4984,37.74,Signature,True,2025-11-21T22:18:00.794822,,196
Falcon-1024,sign,1024,1,0.0,1,0,1,ip-172-31-14-170,linux,0,24.6838,40.51,Signature,True,2025-11-21T22:18:00.819589,,197
Falcon-1024,sign,1024,1,0.0,1,0,1,ip-172-31-14-170,linux,0,26.2884,38.04,Signature,True,2025-11-21T22:18:00.845958,,198
Falcon-1024,sign,1024,1,0.0,1,0,1,ip-172-31-14-170,linux,0,24.9925,40.01,Signature,True,2025-11-21T22:18:00.871024,,199
Falcon-1024,sign,1024,1,0.0,1,0,1,ip-172-31-14-170,linux,0,27.3284,36.59,Signature,True,2025-11-21T22:18:00.898452,,200
Falcon-1024,sign,1024,16,0.0,1,0,1,ip-172-31-14-170,linux,0,29.4791,33.92,Signature,True,2025-11-21T22:18:00.928012,,201
Falcon-1024,sign,1024,16,0.0,1,0,1,ip-172-31-14-170,linux,0,37.4999,26.67,Signature,True,2025-11-21T22:18:00.965600,,202
Falcon-1024,sign,1024,16,0.0,1,0,1,ip-172-31-14-170,linux,0,35.4138,28.24,Signature,True,2025-11-21T22:18:01.001092,,203
Falcon-1024,sign,1024,16,0.0,1,0,1,ip-172-31-14-170,linux,0,25.1405,39.78,Signature,True,2025-11-21T22:18:01.026315,,204
Falcon-1024,sign,1024,16,0.0,1,0,1,ip-172-31-14-170,linux,0,38.6918,25.85,Signature,True,2025-11-21T22:18:01.065082,,205
Falcon-1024,sign,1024,64,0.0,1,0,1,ip-172-31-14-170,linux,0,25.6135,39.04,Signature,True,2025-11-21T22:18:01.090827,,206
Falcon-1024,sign,1024,64,0.0,1,0,1,ip-172-31-14-170,linux,0,28.5057,35.08,Signature,True,2025-11-21T22:18:01.119410,,207
Falcon-1024,sign,1024,64,0.0,1,0,1,ip-172-31-14-170,linux,0,28.7118,34.83,Signature,True,2025-11-21T22:18:01.148204,,208
Falcon-1024,sign,1024,64,0.0,1,0,1,ip-172-31-14-170,linux,0,26.6466,37.53,Signature,True,2025-11-21T22:18:01.174927,,209
Falcon-1024,sign,1024,64,0.0,1,0,1,ip-172-31-14-170,linux,0,25.3968,39.38,Signature,True,2025-11-21T22:18:01.200396,,210
Falcon-1024,verify,0,1,0.0,1,0,1,ip-172-31-14-170,linux,0,31.0563,32.2,Signature,True,2025-11-21T22:18:01.231537,,211
Falcon-1024,verify,0,1,0.0,1,0,1,ip-172-31-14-170,linux,0,30.802,32.47,Signature,True,2025-11-21T22:18:01.262411,,212
Falcon-1024,verify,0,1,0.0,1,0,1,ip-172-31-14-170,linux,0,28.3205,35.31,Signature,True,2025-11-21T22:18:01.290808,,213
Falcon-1024,verify,0,1,0.0,1,0,1,ip-172-31-14-170,linux,0,32.6229,30.65,Signature,True,2025-11-21T22:18:01.323504,,214
Falcon-1024,verify,0,1,0.0,1,0,1,ip-172-31-14-170,linux,0,43.8355,22.81,Signature,True,2025-11-21T22:18:01.367412,,215
Falcon-1024,verify,0,16,0.0,1,0,1,ip-172-31-14-170,linux,0,26.2155,38.15,Signature,True,2025-11-21T22:18:01.393705,,216
Falcon-1024,verify,0,16,0.0,1,0,1,ip-172-31-14-170,linux,0,29.6091,33.77,Signature,True,2025-11-21T22:18:01.423391,,217
Falcon-1024,verify,0,16,0.0,1,0,1,ip-172-31-14-170,linux,0,32.6293,30.65,Signature,True,2025-11-21T22:18:01.456088,,218
Falcon-1024,verify,0,16,0.0,1,0,1,ip-172-31-14-170,linux,0,43.5241,22.98,Signature,True,2025-11-21T22:18:01.499684,,219
Falcon-1024,verify,0,16,0.0,1,0,1,ip-172-31-14-170,linux,0,24.2312,41.27,Signature,True,2025-11-21T22:18:01.523994,,220
Falcon-1024,verify,0,64,0.0,1,0,1,ip-172-31-14-170,linux,0,25.9162,38.59,Signature,True,2025-11-21T22:18:01.550017,,221
Falcon-1024,verify,0,64,0.0,1,0,1,ip-172-31-14-170,linux,0,29.1216,34.34,Signature,True,2025-11-21T22:18:01.579221,,222
Falcon-1024,verify,0,64,0.0,1,0,1,ip-172-31-14-170,linux,0,25.0991,39.84,Signature,True,2025-11-21T22:18:01.604389,,223
Falcon-1024,verify,0,64,0.0,1,0,1,ip-172-31-14-170,linux,0,25.1561,39.75,Signature,True,2025-11-21T22:18:01.629614,,224
Falcon-1024,verify,0,64,0.0,1,0,1,ip-172-31-14-170,linux,0,28.8677,34.64,Signature,True,2025-11-21T22:18:01.658558,,225
Falcon-1024,verify,1024,1,0.0,1,0,1,ip-172-31-14-170,linux,0,25.0768,39.88,Signature,True,2025-11-21T22:18:01.683705,,226
Falcon-1024,verify,1024,1,0.0,1,0,1,ip-172-31-14-170,linux,0,24.2495,41.24,Signature,True,2025-11-21T22:18:01.708025,,227
Falcon-1024,verify,1024,1,0.0,1,0,1,ip-172-31-14-170,linux,0,24.8054,40.31,Signature,True,2025-11-21T22:18:01.732906,,228
Falcon-1024,verify,1024,1,0.0,1,0,1,ip-172-31-14-170,linux,0,31.5849,31.66,Signature,True,2025-11-21T22:18:01.764557,,229
Falcon-1024,verify,1024,1,0.0,1,0,1,ip-172-31-14-170,linux,0,26.4902,37.75,Signature,True,2025-11-21T22:18:01.791116,,230
Falcon-1024,verify,1024,16,0.0,1,0,1,ip-172-31-14-170,linux,0,25.2746,39.57,Signature,True,2025-11-21T22:18:01.816473,,231
Falcon-1024,verify,1024,16,0.0,1,0,1,ip-172-31-14-170,linux,0,24.2932,41.16,Signature,True,2025-11-21T22:18:01.840847,,232
Falcon-1024,verify,1024,16,0.0,1,0,1,ip-172-31-14-170,linux,0,31.7768,31.47,Signature,True,2025-11-21T22:18:01.872694,,233
Falcon-1024,verify,1024,16,0.0,1,0,1,ip-172-31-14-170,linux,0,25.3858,39.39,Signature,True,2025-11-21T22:18:01.898149,,234
Falcon-1024,verify,1024,16,0.0,1,0,1,ip-172-31-14-170,linux,0,25.1006,39.84,Signature,True,2025-11-21T22:18:01.923327,,235
Falcon-1024,verify,1024,64,0.0,1,0,1,ip-172-31-14-170,linux,0,32.0269,31.22,Signature,True,2025-11-21T22:18:01.955430,,236
Falcon-1024,verify,1024,64,0.0,1,0,1,ip-172-31-14-170,linux,0,24.5737,40.69,Signature,True,2025-11-21T22:18:01.980078,,237
Falcon-1024,verify,1024,64,0.0,1,0,1,ip-172-31-14-170,linux,0,64.7525,15.44,Signature,True,2025-11-21T22:18:02.044904,,238
Falcon-1024,verify,1024,64,0.0,1,0,1,ip-172-31-14-170,linux,0,27.7509,36.03,Signature,True,2025-11-21T22:18:02.072733,,239
Falcon-1024,verify,1024,64,0.0,1,0,1,ip-172-31-14-170,linux,0,26.1049,38.31,Signature,True,2025-11-21T22:18:02.098903,,240
Falcon-512,sign,0,1,0.0,1,0,1,ip-172-31-14-170,linux,0,9.2478,108.13,Signature,True,2025-11-21T22:18:02.108227,,241
Falcon-512,sign,0,1,0.0,1,0,1,ip-172-31-14-170,linux,0,9.0499,110.5,Signature,True,2025-11-21T22:18:02.117348,,242
Falcon-512,sign,0,1,0.0,1,0,1,ip-172-31-14-170,linux,0,10.3056,97.03,Signature,True,2025-11-21T22:18:02.127718,,243
Falcon-512,sign,0,1,0.0,1,0,1,ip-172-31-14-170,linux,0,12.1319,82.43,Signature,True,2025-11-21T22:18:02.139915,,244
Falcon-512,sign,0,1,0.0,1,0,1,ip-172-31-14-170,linux,0,11.1908,89.36,Signature,True,2025-11-21T22:18:02.151171,,245
Falcon-512,sign,0,16,0.0,1,0,1,ip-172-31-14-170,linux,0,11.2042,89.25,Signature,True,2025-11-21T22:18:02.162448,,246
Falcon-512,sign,0,16,0.0,1,0,1,ip-172-31-14-170,linux,0,9.2858,107.69,Signature,True,2025-11-21T22:18:02.171804,,247
Falcon-512,sign,0,16,0.0,1,0,1,ip-172-31-14-170,linux,0,11.371,87.94,Signature,True,2025-11-21T22:18:02.183239,,248
Falcon-512,sign,0,16,0.0,1,0,1,ip-172-31-14-170,linux,0,9.5631,104.57,Signature,True,2025-11-21T22:18:02.192864,,249
Falcon-512,sign,0,16,0.0,1,0,1,ip-172-31-14-170,linux,0,9.0241,110.81,Signature,True,2025-11-21T22:18:02.201950,,250
Falcon-512,sign,0,64,0.0,1,0,1,ip-172-31-14-170,linux,0,11.0892,90.18,Signature,True,2025-11-21T22:18:02.213104,,251
Falcon-512,sign,0,64,0.0,1,0,1,ip-172-31-14-170,linux,0,7.994,125.09,Signature,True,2025-11-21T22:18:02.221161,,252
Falcon-512,sign,0,64,0.0,1,0,1,ip-172-31-14-170,linux,0,8.7117,114.79,Signature,True,2025-11-21T22:18:02.229932,,253
Falcon-512,sign,0,64,0.0,1,0,1,ip-172-31-14-170,linux,0,9.2372,108.26,Signature,True,2025-11-21T22:18:02.239227,,254
Falcon-512,sign,0,64,0.0,1,0,1,ip-172-31-14-170,linux,0,9.8011,102.03,Signature,True,2025-11-21T22:18:02.249089,,255
Falcon-512,sign,1024,1,0.0,1,0,1,ip-172-31-14-170,linux,0,8.2369,121.41,Signature,True,2025-11-21T22:18:02.257391,,256
Falcon-512,sign,1024,1,0.0,1,0,1,ip-172-31-14-170,linux,0,9.0136,110.94,Signature,True,2025-11-21T22:18:02.266466,,257
Falcon-512,sign,1024,1,0.0,1,0,1,ip-172-31-14-170,linux,0,13.7241,72.86,Signature,True,2025-11-21T22:18:02.280252,,258
Falcon-512,sign,1024,1,0.0,1,0,1,ip-172-31-14-170,linux,0,10.5744,94.57,Signature,True,2025-11-21T22:18:02.290891,,259
Falcon-512,sign,1024,1,0.0,1,0,1,ip-172-31-14-170,linux,0,8.5105,117.5,Signature,True,2025-11-21T22:18:02.299464,,260
Falcon-512,sign,1024,16,0.0,1,0,1,ip-172-31-14-170,linux,0,9.0725,110.22,Signature,True,2025-11-21T22:18:02.308600,,261
Falcon-512,sign,1024,16,0.0,1,0,1,ip-172-31-14-170,linux,0,7.9784,125.34,Signature,True,2025-11-21T22:18:02.316644,,262
Falcon-512,sign,1024,16,0.0,1,0,1,ip-172-31-14-170,linux,0,9.3306,107.17,Signature,True,2025-11-21T22:18:02.326041,,263
Falcon-512,sign,1024,16,0.0,1,0,1,ip-172-31-14-170,linux,0,10.0744,99.26,Signature,True,2025-11-21T22:18:02.336197,,264
Falcon-512,sign,1024,16,0.0,1,0,1,ip-172-31-14-170,linux,0,8.2322,121.47,Signature,True,2025-11-21T22:18:02.344497,,265
Falcon-512,sign,1024,64,0.0,1,0,1,ip-172-31-14-170,linux,0,8.7239,114.63,Signature,True,2025-11-21T22:18:02.353282,,266
Falcon-512,sign,1024,64,0.0,1,0,1,ip-172-31-14-170,linux,0,8.0499,124.22,Signature,True,2025-11-21T22:18:02.361391,,267
Falcon-512,sign,1024,64,0.0,1,0,1,ip-172-31-14-170,linux,0,14.4967,68.98,Signature,True,2025-11-21T22:18:02.375953,,268
Falcon-512,sign,1024,64,0.0,1,0,1,ip-172-31-14-170,linux,0,10.0577,99.43,Signature,True,2025-11-21T22:18:02.386081,,269
Falcon-512,sign,1024,64,0.0,1,0,1,ip-172-31-14-170,linux,0,7.9726,125.43,Signature,True,2025-11-21T22:18:02.394121,,270
Falcon-512,verify,0,1,0.0,1,0,1,ip-172-31-14-170,linux,0,7.9829,125.27,Signature,True,2025-11-21T22:18:02.402172,,271
Falcon-512,verify,0,1,0.0,1,0,1,ip-172-31-14-170,linux,0,9.2913,107.63,Signature,True,2025-11-21T22:18:02.411527,,272
Falcon-512,verify,0,1,0.0,1,0,1,ip-172-31-14-170,linux,0,13.2538,75.45,Signature,True,2025-11-21T22:18:02.424904,,273
Falcon-512,verify,0,1,0.0,1,0,1,ip-172-31-14-170,linux,0,9.2703,107.87,Signature,True,2025-11-21T22:18:02.434245,,274
Falcon-512,verify,0,1,0.0,1,0,1,ip-172-31-14-170,linux,0,10.5462,94.82,Signature,True,2025-11-21T22:18:02.444855,,275
Falcon-512,verify,0,16,0.0,1,0,1,ip-172-31-14-170,linux,0,12.1561,82.26,Signature,True,2025-11-21T22:18:02.457077,,276
Falcon-512,verify,0,16,0.0,1,0,1,ip-172-31-14-170,linux,0,8.0356,124.45,Signature,True,2025-11-21T22:18:02.465174,,277
Falcon-512,verify,0,16,0.0,1,0,1,ip-172-31-14-170,linux,0,17.3516,57.63,Signature,True,2025-11-21T22:18:02.482592,,278
Falcon-512,verify,0,16,0.0,1,0,1,ip-172-31-14-170,linux,0,10.3098,96.99,Signature,True,2025-11-21T22:18:02.492969,,279
Falcon-512,verify,0,16,0.0,1,0,1,ip-172-31-14-170,linux,0,9.7825,102.22,Signature,True,2025-11-21T22:18:02.502817,,280
Falcon-512,verify,0,64,0.0,1,0,1,ip-172-31-14-170,linux,0,14.4551,69.18,Signature,True,2025-11-21T22:18:02.517339,,281
Falcon-512,verify,0,64,0.0,1,0,1,ip-172-31-14-170,linux,0,10.835,92.29,Signature,True,2025-11-21T22:18:02.528238,,282
Falcon-512,verify,0,64,0.0,1,0,1,ip-172-31-14-170,linux,0,8.0388,124.4,Signature,True,2025-11-21T22:18:02.536347,,283
Falcon-512,verify,0,64,0.0,1,0,1,ip-172-31-14-170,linux,0,10.2536,97.53,Signature,True,2025-11-21T22:18:02.546666,,284
Falcon-512,verify,0,64,0.0,1,0,1,ip-172-31-14-170,linux,0,11.3762,87.9,Signature,True,2025-11-21T22:18:02.558105,,285
Falcon-512,verify,1024,1,0.0,1,0,1,ip-172-31-14-170,linux,0,7.9726,125.43,Signature,True,2025-11-21T22:18:02.566144,,286
Falcon-512,verify,1024,1,0.0,1,0,1,ip-172-31-14-170,linux,0,8.7288,114.56,Signature,True,2025-11-21T22:18:02.574934,,287
Falcon-512,verify,1024,1,0.0,1,0,1,ip-172-31-14-170,linux,0,8.2721,120.89,Signature,True,2025-11-21T22:18:02.583267,,288
Falcon-512,verify,1024,1,0.0,1,0,1,ip-172-31-14-170,linux,0,9.2991,107.54,Signature,True,2025-11-21T22:18:02.592633,,289
Falcon-512,verify,1024,1,0.0,1,0,1,ip-172-31-14-170,linux,0,7.9902,125.15,Signature,True,2025-11-21T22:18:02.600683,,290
Falcon-512,verify,1024,16,0.0,1,0,1,ip-172-31-14-170,linux,0,13.456,74.32,Signature,True,2025-11-21T22:18:02.614203,,291
Falcon-512,verify,1024,16,0.0,1,0,1,ip-172-31-14-170,linux,0,15.5392,64.35,Signature,True,2025-11-21T22:18:02.629809,,292
Falcon-512,verify,1024,16,0.0,1,0,1,ip-172-31-14-170,linux,0,10.096,99.05,Signature,True,2025-11-21T22:18:02.639970,,293
Falcon-512,verify,1024,16,0.0,1,0,1,ip-172-31-14-170,linux,0,8.2562,121.12,Signature,True,2025-11-21T22:18:02.648287,,294
Falcon-512,verify,1024,16,0.0,1,0,1,ip-172-31-14-170,linux,0,10.0423,99.58,Signature,True,2025-11-21T22:18:02.658393,,295
Falcon-512,verify,1024,64,0.0,1,0,1,ip-172-31-14-170,linux,0,8.2279,121.54,Signature,True,2025-11-21T22:18:02.666681,,296
Falcon-512,verify,1024,64,0.0,1,0,1,ip-172-31-14-170,linux,0,9.504,105.22,Signature,True,2025-11-21T22:18:02.676245,,297
Falcon-512,verify,1024,64,0.0,1,0,1,ip-172-31-14-170,linux,0,8.1915,122.08,Signature,True,2025-11-21T22:18:02.684495,,298
Falcon-512,verify,1024,64,0.0,1,0,1,ip-172-31-14-170,linux,0,9.539,104.83,Signature,True,2025-11-21T22:18:02.694091,,299
Falcon-512,verify,1024,64,0.0,1,0,1,ip-172-31-14-170,linux,0,11.5706,86.43,Signature,True,2025-11-21T22:18:02.705723,,300
Falcon-padded-1024,sign,0,1,0.0,1,0,1,ip-172-31-14-170,linux,0,25.862,38.67,Signature,True,2025-11-21T22:18:02.731657,,301
Falcon-padded-1024,sign,0,1,0.0,1,0,1,ip-172-31-14-170,linux,0,29.1414,34.32,Signature,True,2025-11-21T22:18:02.760876,,302
Falcon-padded-1024,sign,0,1,0.0,1,0,1,ip-172-31-14-170,linux,0,24.2681,41.21,Signature,True,2025-11-21T22:18:02.785214,,303
Falcon-padded-1024,sign,0,1,0.0,1,0,1,ip-172-31-14-170,linux,0,30.2577,33.05,Signature,True,2025-11-21T22:18:02.815541,,304
Falcon-padded-1024,sign,0,1,0.0,1,0,1,ip-172-31-14-170,linux,0,25.1958,39.69,Signature,True,2025-11-21T22:18:02.840808,,305
Falcon-padded-1024,sign,0,16,0.0,1,0,1,ip-172-31-14-170,linux,0,25.0639,39.9,Signature,True,2025-11-21T22:18:02.865952,,306
Falcon-padded-1024,sign,0,16,0.0,1,0,1,ip-172-31-14-170,linux,0,25.6152,39.04,Signature,True,2025-11-21T22:18:02.891640,,307
Falcon-padded-1024,sign,0,16,0.0,1,0,1,ip-172-31-14-170,linux,0,42.6435,23.45,Signature,True,2025-11-21T22:18:02.934349,,308
Falcon-padded-1024,sign,0,16,0.0,1,0,1,ip-172-31-14-170,linux,0,26.6813,37.48,Signature,True,2025-11-21T22:18:02.961102,,309
Falcon-padded-1024,sign,0,16,0.0,1,0,1,ip-172-31-14-170,linux,0,47.5686,21.02,Signature,True,2025-11-21T22:18:03.008742,,310
Falcon-padded-1024,sign,0,64,0.0,1,0,1,ip-172-31-14-170,linux,0,24.8887,40.18,Signature,True,2025-11-21T22:18:03.033713,,311
Falcon-padded-1024,sign,0,64,0.0,1,0,1,ip-172-31-14-170,linux,0,25.6254,39.02,Signature,True,2025-11-21T22:18:03.059411,,312
Falcon-padded-1024,sign,0,64,0.0,1,0,1,ip-172-31-14-170,linux,0,26.6985,37.46,Signature,True,2025-11-21T22:18:03.086178,,313
Falcon-padded-1024,sign,0,64,0.0,1,0,1,ip-172-31-14-170,linux,0,25.389,39.39,Signature,True,2025-11-21T22:18:03.111634,,314
Falcon-padded-1024,sign,0,64,0.0,1,0,1,ip-172-31-14-170,linux,0,27.2717,36.67,Signature,True,2025-11-21T22:18:03.138975,,315
Falcon-padded-1024,sign,1024,1,0.0,1,0,1,ip-172-31-14-170,linux,0,26.7599,37.37,Signature,True,2025-11-21T22:18:03.165807,,316
Falcon-padded-1024,sign,1024,1,0.0,1,0,1,ip-172-31-14-170,linux,0,25.8583,38.67,Signature,True,2025-11-21T22:18:03.191745,,317
Falcon-padded-1024,sign,1024,1,0.0,1,0,1,ip-172-31-14-170,linux,0,27.558,36.29,Signature,True,2025-11-21T22:18:03.219372,,318
Falcon-padded-1024,sign,1024,1,0.0,1,0,1,ip-172-31-14-170,linux,0,26.6709,37.49,Signature,True,2025-11-21T22:18:03.246115,,319
Falcon-padded-1024,sign,1024,1,0.0,1,0,1,ip-172-31-14-170,linux,0,24.8031,40.32,Signature,True,2025-11-21T22:18:03.270988,,320
Falcon-padded-1024,sign,1024,16,0.0,1,0,1,ip-172-31-14-170,linux,0,28.3049,35.33,Signature,True,2025-11-21T22:18:03.299357,,321
Falcon-padded-1024,sign,1024,16,0.0,1,0,1,ip-172-31-14-170,linux,0,28.0967,35.59,Signature,True,2025-11-21T22:18:03.327520,,322
Falcon-padded-1024,sign,1024,16,0.0,1,0,1,ip-172-31-14-170,linux,0,25.346,39.45,Signature,True,2025-11-21T22:18:03.352933,,323
Falcon-padded-1024,sign,1024,16,0.0,1,0,1,ip-172-31-14-170,linux,0,34.3158,29.14,Signature,True,2025-11-21T22:18:03.387317,,324
Falcon-padded-1024,sign,1024,16,0.0,1,0,1,ip-172-31-14-170,linux,0,32.3319,30.93,Signature,True,2025-11-21T22:18:03.419719,,325
Falcon-padded-1024,sign,1024,64,0.0,1,0,1,ip-172-31-14-170,linux,0,33.0432,30.26,Signature,True,2025-11-21T22:18:03.452843,,326
Falcon-padded-1024,sign,1024,64,0.0,1,0,1,ip-172-31-14-170,linux,0,31.3124,31.94,Signature,True,2025-11-21T22:18:03.484226,,327
Falcon-padded-1024,sign,1024,64,0.0,1,0,1,ip-172-31-14-170,linux,0,24.2889,41.17,Signature,True,2025-11-21T22:18:03.508587,,328
Falcon-padded-1024,sign,1024,64,0.0,1,0,1,ip-172-31-14-170,linux,0,33.1914,30.13,Signature,True,2025-11-21T22:18:03.541847,,329
Falcon-padded-1024,sign,1024,64,0.0,1,0,1,ip-172-31-14-170,linux,0,30.8536,32.41,Signature,True,2025-11-21T22:18:03.572770,,330
Falcon-padded-1024,verify,0,1,0.0,1,0,1,ip-172-31-14-170,linux,0,27.5068,36.35,Signature,True,2025-11-21T22:18:03.600353,,331
Falcon-padded-1024,verify,0,1,0.0,1,0,1,ip-172-31-14-170,linux,0,28.3475,35.28,Signature,True,2025-11-21T22:18:03.628766,,332
Falcon-padded-1024,verify,0,1,0.0,1,0,1,ip-172-31-14-170,linux,0,29.6582,33.72,Signature,True,2025-11-21T22:18:03.658515,,333
Falcon-padded-1024,verify,0,1,0.0,1,0,1,ip-172-31-14-170,linux,0,24.2907,41.17,Signature,True,2025-11-21T22:18:03.682881,,334
Falcon-padded-1024,verify,0,1,0.0,1,0,1,ip-172-31-14-170,linux,0,33.7155,29.66,Signature,True,2025-11-21T22:18:03.716666,,335
Falcon-padded-1024,verify,0,16,0.0,1,0,1,ip-172-31-14-170,linux,0,26.4312,37.83,Signature,True,2025-11-21T22:18:03.743165,,336
Falcon-padded-1024,verify,0,16,0.0,1,0,1,ip-172-31-14-170,linux,0,24.8523,40.24,Signature,True,2025-11-21T22:18:03.768090,,337
Falcon-padded-1024,verify,0,16,0.0,1,0,1,ip-172-31-14-170,linux,0,27.024,37.0,Signature,True,2025-11-21T22:18:03.795237,,338
Falcon-padded-1024,verify,0,16,0.0,1,0,1,ip-172-31-14-170,linux,0,29.0546,34.42,Signature,True,2025-11-21T22:18:03.824367,,339
Falcon-padded-1024,verify,0,16,0.0,1,0,1,ip-172-31-14-170,linux,0,24.5099,40.8,Signature,True,2025-11-21T22:18:03.848945,,340
Falcon-padded-1024,verify,0,64,0.0,1,0,1,ip-172-31-14-170,linux,0,25.2256,39.64,Signature,True,2025-11-21T22:18:03.874240,,341
Falcon-padded-1024,verify,0,64,0.0,1,0,1,ip-172-31-14-170,linux,0,33.9136,29.49,Signature,True,2025-11-21T22:18:03.908233,,342
Falcon-padded-1024,verify,0,64,0.0,1,0,1,ip-172-31-14-170,linux,0,25.4491,39.29,Signature,True,2025-11-21T22:18:03.933755,,343
Falcon-padded-1024,verify,0,64,0.0,1,0,1,ip-172-31-14-170,linux,0,24.8656,40.22,Signature,True,2025-11-21T22:18:03.958695,,344
Falcon-padded-1024,verify,0,64,0.0,1,0,1,ip-172-31-14-170,linux,0,24.5715,40.7,Signature,True,2025-11-21T22:18:03.983337,,345
Falcon-padded-1024,verify,1024,1,0.0,1,0,1,ip-172-31-14-170,linux,0,25.7305,38.86,Signature,True,2025-11-21T22:18:04.009146,,346
Falcon-padded-1024,verify,1024,1,0.0,1,0,1,ip-172-31-14-170,linux,0,44.3945,22.53,Signature,True,2025-11-21T22:18:04.053627,,347
Falcon-padded-1024,verify,1024,1,0.0,1,0,1,ip-172-31-14-170,linux,0,24.8293,40.27,Signature,True,2025-11-21T22:18:04.078532,,348
Falcon-padded-1024,verify,1024,1,0.0,1,0,1,ip-172-31-14-170,linux,0,39.2311,25.49,Signature,True,2025-11-21T22:18:04.117832,,349
Falcon-padded-1024,verify,1024,1,0.0,1,0,1,ip-172-31-14-170,linux,0,26.4751,37.77,Signature,True,2025-11-21T22:18:04.144377,,350
Falcon-padded-1024,verify,1024,16,0.0,1,0,1,ip-172-31-14-170,linux,0,26.409,37.87,Signature,True,2025-11-21T22:18:04.170861,,351
Falcon-padded-1024,verify,1024,16,0.0,1,0,1,ip-172-31-14-170,linux,0,36.6075,27.32,Signature,True,2025-11-21T22:18:04.207537,,352
Falcon-padded-1024,verify,1024,16,0.0,1,0,1,ip-172-31-14-170,linux,0,37.3554,26.77,Signature,True,2025-11-21T22:18:04.244960,,353
Falcon-padded-1024,verify,1024,16,0.0,1,0,1,ip-172-31-14-170,linux,0,54.2829,18.42,Signature,True,2025-11-21T22:18:04.299312,,354
Falcon-padded-1024,verify,1024,16,0.0,1,0,1,ip-172-31-14-170,linux,0,44.0878,22.68,Signature,True,2025-11-21T22:18:04.343479,,355
Falcon-padded-1024,verify,1024,64,0.0,1,0,1,ip-172-31-14-170,linux,0,24.8384,40.26,Signature,True,2025-11-21T22:18:04.368389,,356
Falcon-padded-1024,verify,1024,64,0.0,1,0,1,ip-172-31-14-170,linux,0,24.7988,40.32,Signature,True,2025-11-21T22:18:04.393253,,357
Falcon-padded-1024,verify,1024,64,0.0,1,0,1,ip-172-31-14-170,linux,0,27.2858,36.65,Signature,True,2025-11-21T22:18:04.420608,,358
Falcon-padded-1024,verify,1024,64,0.0,1,0,1,ip-172-31-14-170,linux,0,40.5425,24.67,Signature,True,2025-11-21T22:18:04.461220,,359
Falcon-padded-1024,verify,1024,64,0.0,1,0,1,ip-172-31-14-170,linux,0,27.0145,37.02,Signature,True,2025-11-21T22:18:04.488308,,360
Falcon-padded-512,sign,0,1,0.0,1,0,1,ip-172-31-14-170,linux,0,10.2208,97.84,Signature,True,2025-11-21T22:18:04.498606,,361
Falcon-padded-512,sign,0,1,0.0,1,0,1,ip-172-31-14-170,linux,0,7.9342,126.04,Signature,True,2025-11-21T22:18:04.506612,,362
Falcon-padded-512,sign,0,1,0.0,1,0,1,ip-172-31-14-170,linux,0,8.7202,114.68,Signature,True,2025-11-21T22:18:04.515390,,363
Falcon-padded-512,sign,0,1,0.0,1,0,1,ip-172-31-14-170,linux,0,10.3183,96.91,Signature,True,2025-11-21T22:18:04.525765,,364
Falcon-padded-512,sign,0,1,0.0,1,0,1,ip-172-31-14-170,linux,0,8.6954,115.0,Signature,True,2025-11-21T22:18:04.534522,,365
Falcon-padded-512,sign,0,16,0.0,1,0,1,ip-172-31-14-170,linux,0,8.7165,114.72,Signature,True,2025-11-21T22:18:04.543298,,366
Falcon-padded-512,sign,0,16,0.0,1,0,1,ip-172-31-14-170,linux,0,11.8493,84.39,Signature,True,2025-11-21T22:18:04.555204,,367
Falcon-padded-512,sign,0,16,0.0,1,0,1,ip-172-31-14-170,linux,0,12.1532,82.28,Signature,True,2025-11-21T22:18:04.567419,,368
Falcon-padded-512,sign,0,16,0.0,1,0,1,ip-172-31-14-170,linux,0,10.8221,92.4,Signature,True,2025-11-21T22:18:04.578304,,369
Falcon-padded-512,sign,0,16,0.0,1,0,1,ip-172-31-14-170,linux,0,7.9307,126.09,Signature,True,2025-11-21T22:18:04.586299,,370
Falcon-padded-512,sign,0,64,0.0,1,0,1,ip-172-31-14-170,linux,0,11.6303,85.98,Signature,True,2025-11-21T22:18:04.597987,,371
Falcon-padded-512,sign,0,64,0.0,1,0,1,ip-172-31-14-170,linux,0,12.3992,80.65,Signature,True,2025-11-21T22:18:04.610448,,372
Falcon-padded-512,sign,0,64,0.0,1,0,1,ip-172-31-14-170,linux,0,8.2684,120.94,Signature,True,2025-11-21T22:18:04.618781,,373
Falcon-padded-512,sign,0,64,0.0,1,0,1,ip-172-31-14-170,linux,0,7.9372,125.99,Signature,True,2025-11-21T22:18:04.626782,,374
Falcon-padded-512,sign,0,64,0.0,1,0,1,ip-172-31-14-170,linux,0,7.9404,125.94,Signature,True,2025-11-21T22:18:04.634781,,375
Falcon-padded-512,sign,1024,1,0.0,1,0,1,ip-172-31-14-170,linux,0,12.6288,79.18,Signature,True,2025-11-21T22:18:04.647469,,376
Falcon-padded-512,sign,1024,1,0.0,1,0,1,ip-172-31-14-170,linux,0,9.5276,104.96,Signature,True,2025-11-21T22:18:04.657065,,377
Falcon-padded-512,sign,1024,1,0.0,1,0,1,ip-172-31-14-170,linux,0,7.9732,125.42,Signature,True,2025-11-21T22:18:04.665102,,378
Falcon-padded-512,sign,1024,1,0.0,1,0,1,ip-172-31-14-170,linux,0,8.2157,121.72,Signature,True,2025-11-21T22:18:04.673377,,379
Falcon-padded-512,sign,1024,1,0.0,1,0,1,ip-172-31-14-170,linux,0,10.8253,92.38,Signature,True,2025-11-21T22:18:04.684264,,380
Falcon-padded-512,sign,1024,16,0.0,1,0,1,ip-172-31-14-170,linux,0,8.7297,114.55,Signature,True,2025-11-21T22:18:04.693064,,381
Falcon-padded-512,sign,1024,16,0.0,1,0,1,ip-172-31-14-170,linux,0,10.0277,99.72,Signature,True,2025-11-21T22:18:04.703151,,382
Falcon-padded-512,sign,1024,16,0.0,1,0,1,ip-172-31-14-170,linux,0,8.7324,114.52,Signature,True,2025-11-21T22:18:04.711945,,383
Falcon-padded-512,sign,1024,16,0.0,1,0,1,ip-172-31-14-170,linux,0,11.6283,86.0,Signature,True,2025-11-21T22:18:04.723636,,384
Falcon-padded-512,sign,1024,16,0.0,1,0,1,ip-172-31-14-170,linux,0,13.7184,72.89,Signature,True,2025-11-21T22:18:04.737419,,385
Falcon-padded-512,sign,1024,64,0.0,1,0,1,ip-172-31-14-170,linux,0,8.193,122.06,Signature,True,2025-11-21T22:18:04.745679,,386
Falcon-padded-512,sign,1024,64,0.0,1,0,1,ip-172-31-14-170,linux,0,8.4878,117.82,Signature,True,2025-11-21T22:18:04.754224,,387
Falcon-padded-512,sign,1024,64,0.0,1,0,1,ip-172-31-14-170,linux,0,8.471,118.05,Signature,True,2025-11-21T22:18:04.762757,,388
Falcon-padded-512,sign,1024,64,0.0,1,0,1,ip-172-31-14-170,linux,0,11.3513,88.1,Signature,True,2025-11-21T22:18:04.774169,,389
Falcon-padded-512,sign,1024,64,0.0,1,0,1,ip-172-31-14-170,linux,0,12.6513,79.04,Signature,True,2025-11-21T22:18:04.786882,,390
Falcon-padded-512,verify,0,1,0.0,1,0,1,ip-172-31-14-170,linux,0,12.386,80.74,Signature,True,2025-11-21T22:18:04.799335,,391
Falcon-padded-512,verify,0,1,0.0,1,0,1,ip-172-31-14-170,linux,0,13.4283,74.47,Signature,True,2025-11-21T22:18:04.812822,,392
Falcon-padded-512,verify,0,1,0.0,1,0,1,ip-172-31-14-170,linux,0,8.8054,113.57,Signature,True,2025-11-21T22:18:04.821691,,393
Falcon-padded-512,verify,0,1,0.0,1,0,1,ip-172-31-14-170,linux,0,7.928,126.14,Signature,True,2025-11-21T22:18:04.829686,,394
Falcon-padded-512,verify,0,1,0.0,1,0,1,ip-172-31-14-170,linux,0,11.2859,88.61,Signature,True,2025-11-21T22:18:04.841033,,395
Falcon-padded-512,verify,0,16,0.0,1,0,1,ip-172-31-14-170,linux,0,14.1601,70.62,Signature,True,2025-11-21T22:18:04.855264,,396
Falcon-padded-512,verify,0,16,0.0,1,0,1,ip-172-31-14-170,linux,0,8.982,111.33,Signature,True,2025-11-21T22:18:04.864304,,397
Falcon-padded-512,verify,0,16,0.0,1,0,1,ip-172-31-14-170,linux,0,9.9888,100.11,Signature,True,2025-11-21T22:18:04.874349,,398
Falcon-padded-512,verify,0,16,0.0,1,0,1,ip-172-31-14-170,linux,0,8.1781,122.28,Signature,True,2025-11-21T22:18:04.882581,,399
Falcon-padded-512,verify,0,16,0.0,1,0,1,ip-172-31-14-170,linux,0,8.4497,118.35,Signature,True,2025-11-21T22:18:04.891083,,400
Falcon-padded-512,verify,0,64,0.0,1,0,1,ip-172-31-14-170,linux,0,15.5281,64.4,Signature,True,2025-11-21T22:18:04.906671,,401
Falcon-padded-512,verify,0,64,0.0,1,0,1,ip-172-31-14-170,linux,0,17.0868,58.52,Signature,True,2025-11-21T22:18:04.923888,,402
Falcon-padded-512,verify,0,64,0.0,1,0,1,ip-172-31-14-170,linux,0,9.2777,107.79,Signature,True,2025-11-21T22:18:04.933238,,403
Falcon-padded-512,verify,0,64,0.0,1,0,1,ip-172-31-14-170,linux,0,8.7386,114.44,Signature,True,2025-11-21T22:18:04.942042,,404
Falcon-padded-512,verify,0,64,0.0,1,0,1,ip-172-31-14-170,linux,0,12.6881,78.81,Signature,True,2025-11-21T22:18:04.954806,,405
Falcon-padded-512,verify,1024,1,0.0,1,0,1,ip-172-31-14-170,linux,0,8.2121,121.77,Signature,True,2025-11-21T22:18:04.963086,,406
Falcon-padded-512,verify,1024,1,0.0,1,0,1,ip-172-31-14-170,linux,0,10.5704,94.6,Signature,True,2025-11-21T22:18:04.973716,,407
Falcon-padded-512,verify,1024,1,0.0,1,0,1,ip-172-31-14-170,linux,0,7.9397,125.95,Signature,True,2025-11-21T22:18:04.981727,,408
Falcon-padded-512,verify,1024,1,0.0,1,0,1,ip-172-31-14-170,linux,0,9.0024,111.08,Signature,True,2025-11-21T22:18:04.990793,,409
Falcon-padded-512,verify,1024,1,0.0,1,0,1,ip-172-31-14-170,linux,0,13.4451,74.38,Signature,True,2025-11-21T22:18:05.004306,,410
Falcon-padded-512,verify,1024,16,0.0,1,0,1,ip-172-31-14-170,linux,0,10.0686,99.32,Signature,True,2025-11-21T22:18:05.014452,,411
Falcon-padded-512,verify,1024,16,0.0,1,0,1,ip-172-31-14-170,linux,0,10.5985,94.35,Signature,True,2025-11-21T22:18:05.025119,,412
Falcon-padded-512,verify,1024,16,0.0,1,0,1,ip-172-31-14-170,linux,0,15.2219,65.69,Signature,True,2025-11-21T22:18:05.040402,,413
Falcon-padded-512,verify,1024,16,0.0,1,0,1,ip-172-31-14-170,linux,0,8.5079,117.54,Signature,True,2025-11-21T22:18:05.048974,,414
Falcon-padded-512,verify,1024,16,0.0,1,0,1,ip-172-31-14-170,linux,0,9.0338,110.7,Signature,True,2025-11-21T22:18:05.058073,,415
Falcon-padded-512,verify,1024,64,0.0,1,0,1,ip-172-31-14-170,linux,0,8.4486,118.36,Signature,True,2025-11-21T22:18:05.066588,,416
Falcon-padded-512,verify,1024,64,0.0,1,0,1,ip-172-31-14-170,linux,0,13.7845,72.55,Signature,True,2025-11-21T22:18:05.080432,,417
Falcon-padded-512,verify,1024,64,0.0,1,0,1,ip-172-31-14-170,linux,0,10.5686,94.62,Signature,True,2025-11-21T22:18:05.091069,,418
Falcon-padded-512,verify,1024,64,0.0,1,0,1,ip-172-31-14-170,linux,0,11.051,90.49,Signature,True,2025-11-21T22:18:05.102184,,419
Falcon-padded-512,verify,1024,64,0.0,1,0,1,ip-172-31-14-170,linux,0,10.0619,99.38,Signature,True,2025-11-21T22:18:05.112309,,420
MAYO-1,sign,0,1,0.0,1,0,1,ip-172-31-14-170,linux,0,1.2196,819.94,Signature,True,2025-11-21T22:18:05.113604,,421
MAYO-1,sign,0,1,0.0,1,0,1,ip-172-31-14-170,linux,0,0.7572,1320.67,Signature,True,2025-11-21T22:18:05.114429,,422
MAYO-1,sign,0,1,0.0,1,0,1,ip-172-31-14-170,linux,0,0.7424,1347.02,Signature,True,2025-11-21T22:18:05.115222,,423
MAYO-1,sign,0,1,0.0,1,0,1,ip-172-31-14-170,linux,0,0.7397,1351.98,Signature,True,2025-11-21T22:18:05.116009,,424
MAYO-1,sign,0,1,0.0,1,0,1,ip-172-31-14-170,linux,0,0.7346,1361.27,Signature,True,2025-11-21T22:18:05.116788,,425
MAYO-1,sign,0,16,0.0,1,0,1,ip-172-31-14-170,linux,0,0.7361,1358.43,Signature,True,2025-11-21T22:18:05.117570,,426
MAYO-1,sign,0,16,0.0,1,0,1,ip-172-31-14-170,linux,0,0.7348,1360.9,Signature,True,2025-11-21T22:18:05.118350,,427
MAYO-1,sign,0,16,0.0,1,0,1,ip-172-31-14-170,linux,0,0.7349,1360.75,Signature,True,2025-11-21T22:18:05.119130,,428
MAYO-1,sign,0,16,0.0,1,0,1,ip-172-31-14-170,linux,0,0.7323,1365.64,Signature,True,2025-11-21T22:18:05.119904,,429
MAYO-1,sign,0,16,0.0,1,0,1,ip-172-31-14-170,linux,0,0.7314,1367.17,Signature,True,2025-11-21T22:18:05.120681,,430
MAYO-1,sign,0,64,0.0,1,0,1,ip-172-31-14-170,linux,0,0.7431,1345.67,Signature,True,2025-11-21T22:18:05.121470,,431
MAYO-1,sign,0,64,0.0,1,0,1,ip-172-31-14-170,linux,0,0.7347,1361.13,Signature,True,2025-11-21T22:18:05.122249,,432
MAYO-1,sign,0,64,0.0,1,0,1,ip-172-31-14-170,linux,0,0.7201,1388.74,Signature,True,2025-11-21T22:18:05.123011,,433
MAYO-1,sign,0,64,0.0,1,0,1,ip-172-31-14-170,linux,0,0.77,1298.63,Signature,True,2025-11-21T22:18:05.123835,,434
MAYO-1,sign,0,64,0.0,1,0,1,ip-172-31-14-170,linux,0,0.741,1349.54,Signature,True,2025-11-21T22:18:05.124623,,435
MAYO-1,sign,1024,1,0.0,1,0,1,ip-172-31-14-170,linux,0,0.7495,1334.16,Signature,True,2025-11-21T22:18:05.125419,,436
MAYO-1,sign,1024,1,0.0,1,0,1,ip-172-31-14-170,linux,0,0.7423,1347.21,Signature,True,2025-11-21T22:18:05.126210,,437
MAYO-1,sign,1024,1,0.0,1,0,1,ip-172-31-14-170,linux,0,0.7535,1327.13,Signature,True,2025-11-21T22:18:05.127006,,438
MAYO-1,sign,1024,1,0.0,1,0,1,ip-172-31-14-170,linux,0,0.7512,1331.26,Signature,True,2025-11-21T22:18:05.127800,,439
MAYO-1,sign,1024,1,0.0,1,0,1,ip-172-31-14-170,linux,0,0.7504,1332.68,Signature,True,2025-11-21T22:18:05.128595,,440
MAYO-1,sign,1024,16,0.0,1,0,1,ip-172-31-14-170,linux,0,0.7692,1300.01,Signature,True,2025-11-21T22:18:05.129408,,441
MAYO-1,sign,1024,16,0.0,1,0,1,ip-172-31-14-170,linux,0,0.7483,1336.34,Signature,True,2025-11-21T22:18:05.130202,,442
MAYO-1,sign,1024,16,0.0,1,0,1,ip-172-31-14-170,linux,0,0.7311,1367.88,Signature,True,2025-11-21T22:18:05.130977,,443
MAYO-1,sign,1024,16,0.0,1,0,1,ip-172-31-14-170,linux,0,0.7497,1333.78,Signature,True,2025-11-21T22:18:05.131770,,444
MAYO-1,sign,1024,16,0.0,1,0,1,ip-172-31-14-170,linux,0,0.7539,1326.36,Signature,True,2025-11-21T22:18:05.132570,,445
MAYO-1,sign,1024,64,0.0,1,0,1,ip-172-31-14-170,linux,0,0.7445,1343.13,Signature,True,2025-11-21T22:18:05.133360,,446
MAYO-1,sign,1024,64,0.0,1,0,1,ip-172-31-14-170,linux,0,0.7433,1345.28,Signature,True,2025-11-21T22:18:05.134148,,447
MAYO-1,sign,1024,64,0.0,1,0,1,ip-172-31-14-170,linux,0,0.7302,1369.48,Signature,True,2025-11-21T22:18:05.134921,,448
MAYO-1,sign,1024,64,0.0,1,0,1,ip-172-31-14-170,linux,0,0.7383,1354.43,Signature,True,2025-11-21T22:18:05.135702,,449
MAYO-1,sign,1024,64,0.0,1,0,1,ip-172-31-14-170,linux,0,0.742,1347.75,Signature,True,2025-11-21T22:18:05.136496,,450
MAYO-1,verify,0,1,0.0,1,0,1,ip-172-31-14-170,linux,0,0.7355,1359.56,Signature,True,2025-11-21T22:18:05.137281,,451
MAYO-1,verify,0,1,0.0,1,0,1,ip-172-31-14-170,linux,0,0.722,1385.14,Signature,True,2025-11-21T22:18:05.138046,,452
MAYO-1,verify,0,1,0.0,1,0,1,ip-172-31-14-170,linux,0,0.7204,1388.02,Signature,True,2025-11-21T22:18:05.138819,,453
MAYO-1,verify,0,1,0.0,1,0,1,ip-172-31-14-170,linux,0,0.7585,1318.44,Signature,True,2025-11-21T22:18:05.139620,,454
MAYO-1,verify,0,1,0.0,1,0,1,ip-172-31-14-170,linux,0,0.753,1328.1,Signature,True,2025-11-21T22:18:05.140419,,455
MAYO-1,verify,0,16,0.0,1,0,1,ip-172-31-14-170,linux,0,0.7255,1378.27,Signature,True,2025-11-21T22:18:05.141192,,456
MAYO-1,verify,0,16,0.0,1,0,1,ip-172-31-14-170,linux,0,0.7118,1404.9,Signature,True,2025-11-21T22:18:05.141947,,457
MAYO-1,verify,0,16,0.0,1,0,1,ip-172-31-14-170,linux,0,0.7319,1366.29,Signature,True,2025-11-21T22:18:05.142765,,458
MAYO-1,verify,0,16,0.0,1,0,1,ip-172-31-14-170,linux,0,0.7355,1359.58,Signature,True,2025-11-21T22:18:05.143544,,459
MAYO-1,verify,0,16,0.0,1,0,1,ip-172-31-14-170,linux,0,0.7453,1341.83,Signature,True,2025-11-21T22:18:05.144350,,460
MAYO-1,verify,0,64,0.0,1,0,1,ip-172-31-14-170,linux,0,0.7258,1377.87,Signature,True,2025-11-21T22:18:05.145124,,461
MAYO-1,verify,0,64,0.0,1,0,1,ip-172-31-14-170,linux,0,0.7095,1409.5,Signature,True,2025-11-21T22:18:05.145875,,462
MAYO-1,verify,0,64,0.0,1,0,1,ip-172-31-14-170,linux,0,0.7332,1363.79,Signature,True,2025-11-21T22:18:05.146650,,463
MAYO-1,verify,0,64,0.0,1,0,1,ip-172-31-14-170,linux,0,0.7397,1351.98,Signature,True,2025-11-21T22:18:05.147432,,464
MAYO-1,verify,0,64,0.0,1,0,1,ip-172-31-14-170,linux,0,0.7365,1357.82,Signature,True,2025-11-21T22:18:05.148211,,465
MAYO-1,verify,1024,1,0.0,1,0,1,ip-172-31-14-170,linux,0,0.7135,1401.49,Signature,True,2025-11-21T22:18:05.148970,,466
MAYO-1,verify,1024,1,0.0,1,0,1,ip-172-31-14-170,linux,0,0.7263,1376.83,Signature,True,2025-11-21T22:18:05.149734,,467
MAYO-1,verify,1024,1,0.0,1,0,1,ip-172-31-14-170,linux,0,0.733,1364.22,Signature,True,2025-11-21T22:18:05.150508,,468
MAYO-1,verify,1024,1,0.0,1,0,1,ip-172-31-14-170,linux,0,0.729,1371.73,Signature,True,2025-11-21T22:18:05.151277,,469
MAYO-1,verify,1024,1,0.0,1,0,1,ip-172-31-14-170,linux,0,0.7504,1332.57,Signature,True,2025-11-21T22:18:05.152127,,470
MAYO-1,verify,1024,16,0.0,1,0,1,ip-172-31-14-170,linux,0,0.7116,1405.36,Signature,True,2025-11-21T22:18:05.152883,,471
MAYO-1,verify,1024,16,0.0,1,0,1,ip-172-31-14-170,linux,0,0.7935,1260.19,Signature,True,2025-11-21T22:18:05.153718,,472
MAYO-1,verify,1024,16,0.0,1,0,1,ip-172-31-14-170,linux,0,0.7484,1336.19,Signature,True,2025-11-21T22:18:05.154515,,473
MAYO-1,verify,1024,16,0.0,1,0,1,ip-172-31-14-170,linux,0,0.7276,1374.31,Signature,True,2025-11-21T22:18:05.155287,,474
MAYO-1,verify,1024,16,0.0,1,0,1,ip-172-31-14-170,linux,0,0.7436,1344.76,Signature,True,2025-11-21T22:18:05.156073,,475
MAYO-1,verify,1024,64,0.0,1,0,1,ip-172-31-14-170,linux,0,0.7122,1404.19,Signature,True,2025-11-21T22:18:05.156828,,476
MAYO-1,verify,1024,64,0.0,1,0,1,ip-172-31-14-170,linux,0,0.7324,1365.43,Signature,True,2025-11-21T22:18:05.157597,,477
MAYO-1,verify,1024,64,0.0,1,0,1,ip-172-31-14-170,linux,0,0.7407,1350.02,Signature,True,2025-11-21T22:18:05.158397,,478
MAYO-1,verify,1024,64,0.0,1,0,1,ip-172-31-14-170,linux,0,0.7252,1378.84,Signature,True,2025-11-21T22:18:05.159166,,479
MAYO-1,verify,1024,64,0.0,1,0,1,ip-172-31-14-170,linux,0,0.7201,1388.64,Signature,True,2025-11-21T22:18:05.159929,,480
MAYO-2,sign,0,1,0.0,1,0,1,ip-172-31-14-170,linux,0,0.583,1715.34,Signature,True,2025-11-21T22:18:05.160557,,481
MAYO-2,sign,0,1,0.0,1,0,1,ip-172-31-14-170,linux,0,0.4734,2112.57,Signature,True,2025-11-21T22:18:05.161072,,482
MAYO-2,sign,0,1,0.0,1,0,1,ip-172-31-14-170,linux,0,0.459,2178.61,Signature,True,2025-11-21T22:18:05.161567,,483
MAYO-2,sign,0,1,0.0,1,0,1,ip-172-31-14-170,linux,0,0.4658,2146.84,Signature,True,2025-11-21T22:18:05.162066,,484
MAYO-2,sign,0,1,0.0,1,0,1,ip-172-31-14-170,linux,0,0.4587,2179.97,Signature,True,2025-11-21T22:18:05.162557,,485
MAYO-2,sign,0,16,0.0,1,0,1,ip-172-31-14-170,linux,0,0.4529,2208.22,Signature,True,2025-11-21T22:18:05.163045,,486
MAYO-2,sign,0,16,0.0,1,0,1,ip-172-31-14-170,linux,0,0.5266,1899.15,Signature,True,2025-11-21T22:18:05.163615,,487
MAYO-2,sign,0,16,0.0,1,0,1,ip-172-31-14-170,linux,0,0.508,1968.35,Signature,True,2025-11-21T22:18:05.164169,,488
MAYO-2,sign,0,16,0.0,1,0,1,ip-172-31-14-170,linux,0,0.4669,2141.9,Signature,True,2025-11-21T22:18:05.164679,,489
MAYO-2,sign,0,16,0.0,1,0,1,ip-172-31-14-170,linux,0,0.4754,2103.63,Signature,True,2025-11-21T22:18:05.165195,,490
MAYO-2,sign,0,64,0.0,1,0,1,ip-172-31-14-170,linux,0,0.4639,2155.57,Signature,True,2025-11-21T22:18:05.165699,,491
MAYO-2,sign,0,64,0.0,1,0,1,ip-172-31-14-170,linux,0,0.4779,2092.44,Signature,True,2025-11-21T22:18:05.166214,,492
MAYO-2,sign,0,64,0.0,1,0,1,ip-172-31-14-170,linux,0,0.4635,2157.44,Signature,True,2025-11-21T22:18:05.166718,,493
MAYO-2,sign,0,64,0.0,1,0,1,ip-172-31-14-170,linux,0,0.4812,2078.31,Signature,True,2025-11-21T22:18:05.167234,,494
MAYO-2,sign,0,64,0.0,1,0,1,ip-172-31-14-170,linux,0,0.4636,2157.18,Signature,True,2025-11-21T22:18:05.167747,,495
MAYO-2,sign,1024,1,0.0,1,0,1,ip-172-31-14-170,linux,0,0.5057,1977.61,Signature,True,2025-11-21T22:18:05.168295,,496
MAYO-2,sign,1024,1,0.0,1,0,1,ip-172-31-14-170,linux,0,0.4706,2124.76,Signature,True,2025-11-21T22:18:05.168805,,497
MAYO-2,sign,1024,1,0.0,1,0,1,ip-172-31-14-170,linux,0,0.4898,2041.58,Signature,True,2025-11-21T22:18:05.169333,,498
MAYO-2,sign,1024,1,0.0,1,0,1,ip-172-31-14-170,linux,0,0.4737,2110.96,Signature,True,2025-11-21T22:18:05.169847,,499
MAYO-2,sign,1024,1,0.0,1,0,1,ip-172-31-14-170,linux,0,0.4874,2051.86,Signature,True,2025-11-21T22:18:05.170374,,500
MAYO-2,sign,1024,16,0.0,1,0,1,ip-172-31-14-170,linux,0,0.464,2155.11,Signature,True,2025-11-21T22:18:05.170876,,501
MAYO-2,sign,1024,16,0.0,1,0,1,ip-172-31-14-170,linux,0,0.4779,2092.3,Signature,True,2025-11-21T22:18:05.171387,,502
MAYO-2,sign,1024,16,0.0,1,0,1,ip-172-31-14-170,linux,0,0.4824,2073.15,Signature,True,2025-11-21T22:18:05.171905,,503
MAYO-2,sign,1024,16,0.0,1,0,1,ip-172-31-14-170,linux,0,0.4862,2056.77,Signature,True,2025-11-21T22:18:05.172432,,504
MAYO-2,sign,1024,16,0.0,1,0,1,ip-172-31-14-170,linux,0,0.4705,2125.24,Signature,True,2025-11-21T22:18:05.172943,,505
MAYO-2,sign,1024,64,0.0,1,0,1,ip-172-31-14-170,linux,0,0.4867,2054.59,Signature,True,2025-11-21T22:18:05.173466,,506
MAYO-2,sign,1024,64,0.0,1,0,1,ip-172-31-14-170,linux,0,0.4799,2083.82,Signature,True,2025-11-21T22:18:05.173987,,507
MAYO-2,sign,1024,64,0.0,1,0,1,ip-172-31-14-170,linux,0,0.4948,2020.99,Signature,True,2025-11-21T22:18:05.174517,,508
MAYO-2,sign,1024,64,0.0,1,0,1,ip-172-31-14-170,linux,0,0.5915,1690.52,Signature,True,2025-11-21T22:18:05.175154,,509
MAYO-2,sign,1024,64,0.0,1,0,1,ip-172-31-14-170,linux,0,0.4718,2119.73,Signature,True,2025-11-21T22:18:05.175674,,510
MAYO-2,verify,0,1,0.0,1,0,1,ip-172-31-14-170,linux,0,0.4885,2047.03,Signature,True,2025-11-21T22:18:05.176204,,511
MAYO-2,verify,0,1,0.0,1,0,1,ip-172-31-14-170,linux,0,0.4594,2176.63,Signature,True,2025-11-21T22:18:05.176704,,512
MAYO-2,verify,0,1,0.0,1,0,1,ip-172-31-14-170,linux,0,0.5381,1858.41,Signature,True,2025-11-21T22:18:05.177278,,513
MAYO-2,verify,0,1,0.0,1,0,1,ip-172-31-14-170,linux,0,0.4789,2088.21,Signature,True,2025-11-21T22:18:05.177802,,514
MAYO-2,verify,0,1,0.0,1,0,1,ip-172-31-14-170,linux,0,0.4886,2046.86,Signature,True,2025-11-21T22:18:05.178330,,515
MAYO-2,verify,0,16,0.0,1,0,1,ip-172-31-14-170,linux,0,0.4755,2103.01,Signature,True,2025-11-21T22:18:05.178849,,516
MAYO-2,verify,0,16,0.0,1,0,1,ip-172-31-14-170,linux,0,0.4853,2060.6,Signature,True,2025-11-21T22:18:05.179372,,517
MAYO-2,verify,0,16,0.0,1,0,1,ip-172-31-14-170,linux,0,0.5153,1940.7,Signature,True,2025-11-21T22:18:05.179929,,518
MAYO-2,verify,0,16,0.0,1,0,1,ip-172-31-14-170,linux,0,0.4887,2046.07,Signature,True,2025-11-21T22:18:05.180461,,519
MAYO-2,verify,0,16,0.0,1,0,1,ip-172-31-14-170,linux,0,0.5018,1992.81,Signature,True,2025-11-21T22:18:05.181004,,520
MAYO-2,verify,0,64,0.0,1,0,1,ip-172-31-14-170,linux,0,0.4911,2036.29,Signature,True,2025-11-21T22:18:05.181546,,521
MAYO-2,verify,0,64,0.0,1,0,1,ip-172-31-14-170,linux,0,0.5259,1901.34,Signature,True,2025-11-21T22:18:05.182115,,522
MAYO-2,verify,0,64,0.0,1,0,1,ip-172-31-14-170,linux,0,0.4799,2083.92,Signature,True,2025-11-21T22:18:05.182639,,523
MAYO-2,verify,0,64,0.0,1,0,1,ip-172-31-14-170,linux,0,0.4909,2036.97,Signature,True,2025-11-21T22:18:05.183171,,524
MAYO-2,verify,0,64,0.0,1,0,1,ip-172-31-14-170,linux,0,0.5007,1997.12,Signature,True,2025-11-21T22:18:05.183712,,525
MAYO-2,verify,1024,1,0.0,1,0,1,ip-172-31-14-170,linux,0,0.5292,1889.52,Signature,True,2025-11-21T22:18:05.184293,,526
MAYO-2,verify,1024,1,0.0,1,0,1,ip-172-31-14-170,linux,0,0.486,2057.64,Signature,True,2025-11-21T22:18:05.184841,,527
MAYO-2,verify,1024,1,0.0,1,0,1,ip-172-31-14-170,linux,0,0.497,2012.15,Signature,True,2025-11-21T22:18:05.185380,,528
MAYO-2,verify,1024,1,0.0,1,0,1,ip-172-31-14-170,linux,0,0.5097,1961.82,Signature,True,2025-11-21T22:18:05.185932,,529
MAYO-2,verify,1024,1,0.0,1,0,1,ip-172-31-14-170,linux,0,0.5301,1886.39,Signature,True,2025-11-21T22:18:05.186505,,530
MAYO-2,verify,1024,16,0.0,1,0,1,ip-172-31-14-170,linux,0,0.486,2057.61,Signature,True,2025-11-21T22:18:05.187034,,531
MAYO-2,verify,1024,16,0.0,1,0,1,ip-172-31-14-170,linux,0,0.4858,2058.44,Signature,True,2025-11-21T22:18:05.187572,,532
MAYO-2,verify,1024,16,0.0,1,0,1,ip-172-31-14-170,linux,0,0.5389,1855.55,Signature,True,2025-11-21T22:18:05.188153,,533
MAYO-2,verify,1024,16,0.0,1,0,1,ip-172-31-14-170,linux,0,0.4984,2006.53,Signature,True,2025-11-21T22:18:05.188695,,534
MAYO-2,verify,1024,16,0.0,1,0,1,ip-172-31-14-170,linux,0,0.4995,2001.94,Signature,True,2025-11-21T22:18:05.189237,,535
MAYO-2,verify,1024,64,0.0,1,0,1,ip-172-31-14-170,linux,0,0.4899,2041.2,Signature,True,2025-11-21T22:18:05.189771,,536
MAYO-2,verify,1024,64,0.0,1,0,1,ip-172-31-14-170,linux,0,0.4985,2005.99,Signature,True,2025-11-21T22:18:05.190310,,537
MAYO-2,verify,1024,64,0.0,1,0,1,ip-172-31-14-170,linux,0,0.5011,1995.42,Signature,True,2025-11-21T22:18:05.190851,,538
MAYO-2,verify,1024,64,0.0,1,0,1,ip-172-31-14-170,linux,0,0.521,1919.28,Signature,True,2025-11-21T22:18:05.191461,,539
MAYO-2,verify,1024,64,0.0,1,0,1,ip-172-31-14-170,linux,0,0.5156,1939.35,Signature,True,2025-11-21T22:18:05.192022,,540
MAYO-3,sign,0,1,0.0,1,0,1,ip-172-31-14-170,linux,0,2.2619,442.11,Signature,True,2025-11-21T22:18:05.194367,,541
MAYO-3,sign,0,1,0.0,1,0,1,ip-172-31-14-170,linux,0,1.9675,508.26,Signature,True,2025-11-21T22:18:05.196416,,542
MAYO-3,sign,0,1,0.0,1,0,1,ip-172-31-14-170,linux,0,1.9308,517.91,Signature,True,2025-11-21T22:18:05.198422,,543
MAYO-3,sign,0,1,0.0,1,0,1,ip-172-31-14-170,linux,0,2.0236,494.18,Signature,True,2025-11-21T22:18:05.200646,,544
MAYO-3,sign,0,1,0.0,1,0,1,ip-172-31-14-170,linux,0,1.9233,519.93,Signature,True,2025-11-21T22:18:05.202646,,545
MAYO-3,sign,0,16,0.0,1,0,1,ip-172-31-14-170,linux,0,1.9488,513.14,Signature,True,2025-11-21T22:18:05.204666,,546
MAYO-3,sign,0,16,0.0,1,0,1,ip-172-31-14-170,linux,0,1.9116,523.13,Signature,True,2025-11-21T22:18:05.206650,,547
MAYO-3,sign,0,16,0.0,1,0,1,ip-172-31-14-170,linux,0,1.9275,518.8,Signature,True,2025-11-21T22:18:05.208648,,548
MAYO-3,sign,0,16,0.0,1,0,1,ip-172-31-14-170,linux,0,1.94,515.48,Signature,True,2025-11-21T22:18:05.210664,,549
MAYO-3,sign,0,16,0.0,1,0,1,ip-172-31-14-170,linux,0,1.9167,521.72,Signature,True,2025-11-21T22:18:05.212651,,550
MAYO-3,sign,0,64,0.0,1,0,1,ip-172-31-14-170,linux,0,1.9034,525.36,Signature,True,2025-11-21T22:18:05.214625,,551
MAYO-3,sign,0,64,0.0,1,0,1,ip-172-31-14-170,linux,0,1.9163,521.84,Signature,True,2025-11-21T22:18:05.216605,,552
MAYO-3,sign,0,64,0.0,1,0,1,ip-172-31-14-170,linux,0,1.8963,527.35,Signature,True,2025-11-21T22:18:05.218565,,553
MAYO-3,sign,0,64,0.0,1,0,1,ip-172-31-14-170,linux,0,1.9103,523.48,Signature,True,2025-11-21T22:18:05.220540,,554
MAYO-3,sign,0,64,0.0,1,0,1,ip-172-31-14-170,linux,0,1.9054,524.83,Signature,True,2025-11-21T22:18:05.222510,,555
MAYO-3,sign,1024,1,0.0,1,0,1,ip-172-31-14-170,linux,0,1.9227,520.11,Signature,True,2025-11-21T22:18:05.224497,,556
MAYO-3,sign,1024,1,0.0,1,0,1,ip-172-31-14-170,linux,0,1.9142,522.41,Signature,True,2025-11-21T22:18:05.226472,,557
MAYO-3,sign,1024,1,0.0,1,0,1,ip-172-31-14-170,linux,0,1.9878,503.06,Signature,True,2025-11-21T22:18:05.228523,,558
MAYO-3,sign,1024,1,0.0,1,0,1,ip-172-31-14-170,linux,0,1.9241,519.73,Signature,True,2025-11-21T22:18:05.230510,,559
MAYO-3,sign,1024,1,0.0,1,0,1,ip-172-31-14-170,linux,0,1.9263,519.13,Signature,True,2025-11-21T22:18:05.232501,,560
MAYO-3,sign,1024,16,0.0,1,0,1,ip-172-31-14-170,linux,0,1.9125,522.87,Signature,True,2025-11-21T22:18:05.234483,,561
MAYO-3,sign,1024,16,0.0,1,0,1,ip-172-31-14-170,linux,0,1.932,517.61,Signature,True,2025-11-21T22:18:05.236485,,562
MAYO-3,sign,1024,16,0.0,1,0,1,ip-172-31-14-170,linux,0,1.9361,516.5,Signature,True,2025-11-21T22:18:05.238496,,563
MAYO-3,sign,1024,16,0.0,1,0,1,ip-172-31-14-170,linux,0,1.9313,517.77,Signature,True,2025-11-21T22:18:05.240499,,564
MAYO-3,sign,1024,16,0.0,1,0,1,ip-172-31-14-170,linux,0,1.9095,523.69,Signature,True,2025-11-21T22:18:05.242476,,565
MAYO-3,sign,1024,64,0.0,1,0,1,ip-172-31-14-170,linux,0,1.9162,521.86,Signature,True,2025-11-21T22:18:05.244455,,566
MAYO-3,sign,1024,64,0.0,1,0,1,ip-172-31-14-170,linux,0,1.9098,523.62,Signature,True,2025-11-21T22:18:05.246425,,567
MAYO-3,sign,1024,64,0.0,1,0,1,ip-172-31-14-170,linux,0,1.9235,519.89,Signature,True,2025-11-21T22:18:05.248408,,568
MAYO-3,sign,1024,64,0.0,1,0,1,ip-172-31-14-170,linux,0,1.9241,519.71,Signature,True,2025-11-21T22:18:05.250396,,569
MAYO-3,sign,1024,64,0.0,1,0,1,ip-172-31-14-170,linux,0,1.9365,516.4,Signature,True,2025-11-21T22:18:05.252400,,570
MAYO-3,verify,0,1,0.0,1,0,1,ip-172-31-14-170,linux,0,1.9195,520.96,Signature,True,2025-11-21T22:18:05.254396,,571
MAYO-3,verify,0,1,0.0,1,0,1,ip-172-31-14-170,linux,0,1.9292,518.36,Signature,True,2025-11-21T22:18:05.256394,,572
MAYO-3,verify,0,1,0.0,1,0,1,ip-172-31-14-170,linux,0,1.9322,517.55,Signature,True,2025-11-21T22:18:05.258397,,573
MAYO-3,verify,0,1,0.0,1,0,1,ip-172-31-14-170,linux,0,1.9373,516.17,Signature,True,2025-11-21T22:18:05.260407,,574
MAYO-3,verify,0,1,0.0,1,0,1,ip-172-31-14-170,linux,0,1.9232,519.96,Signature,True,2025-11-21T22:18:05.262406,,575
MAYO-3,verify,0,16,0.0,1,0,1,ip-172-31-14-170,linux,0,1.92,520.84,Signature,True,2025-11-21T22:18:05.264403,,576
MAYO-3,verify,0,16,0.0,1,0,1,ip-172-31-14-170,linux,0,1.9081,524.07,Signature,True,2025-11-21T22:18:05.266383,,577
MAYO-3,verify,0,16,0.0,1,0,1,ip-172-31-14-170,linux,0,1.904,525.21,Signature,True,2025-11-21T22:18:05.268356,,578
MAYO-3,verify,0,16,0.0,1,0,1,ip-172-31-14-170,linux,0,1.8968,527.21,Signature,True,2025-11-21T22:18:05.270321,,579
MAYO-3,verify,0,16,0.0,1,0,1,ip-172-31-14-170,linux,0,1.9212,520.52,Signature,True,2025-11-21T22:18:05.272308,,580
MAYO-3,verify,0,64,0.0,1,0,1,ip-172-31-14-170,linux,0,1.8999,526.34,Signature,True,2025-11-21T22:18:05.274273,,581
MAYO-3,verify,0,64,0.0,1,0,1,ip-172-31-14-170,linux,0,1.9159,521.96,Signature,True,2025-11-21T22:18:05.276254,,582
MAYO-3,verify,0,64,0.0,1,0,1,ip-172-31-14-170,linux,0,1.8917,528.62,Signature,True,2025-11-21T22:18:05.278207,,583
MAYO-3,verify,0,64,0.0,1,0,1,ip-172-31-14-170,linux,0,1.9024,525.67,Signature,True,2025-11-21T22:18:05.280172,,584
MAYO-3,verify,0,64,0.0,1,0,1,ip-172-31-14-170,linux,0,1.8986,526.71,Signature,True,2025-11-21T22:18:05.282134,,585
MAYO-3,verify,1024,1,0.0,1,0,1,ip-172-31-14-170,linux,0,1.9157,521.99,Signature,True,2025-11-21T22:18:05.284115,,586
MAYO-3,verify,1024,1,0.0,1,0,1,ip-172-31-14-170,linux,0,1.9045,525.08,Signature,True,2025-11-21T22:18:05.286086,,587
MAYO-3,verify,1024,1,0.0,1,0,1,ip-172-31-14-170,linux,0,1.8971,527.11,Signature,True,2025-11-21T22:18:05.288062,,588
MAYO-3,verify,1024,1,0.0,1,0,1,ip-172-31-14-170,linux,0,1.9717,507.18,Signature,True,2025-11-21T22:18:05.290100,,589
MAYO-3,verify,1024,1,0.0,1,0,1,ip-172-31-14-170,linux,0,2.0759,481.73,Signature,True,2025-11-21T22:18:05.292249,,590
MAYO-3,verify,1024,16,0.0,1,0,1,ip-172-31-14-170,linux,0,1.972,507.11,Signature,True,2025-11-21T22:18:05.294299,,591
MAYO-3,verify,1024,16,0.0,1,0,1,ip-172-31-14-170,linux,0,1.9657,508.72,Signature,True,2025-11-21T22:18:05.296342,,592
MAYO-3,verify,1024,16,0.0,1,0,1,ip-172-31-14-170,linux,0,1.9285,518.54,Signature,True,2025-11-21T22:18:05.298346,,593
MAYO-3,verify,1024,16,0.0,1,0,1,ip-172-31-14-170,linux,0,1.9753,506.25,Signature,True,2025-11-21T22:18:05.300393,,594
MAYO-3,verify,1024,16,0.0,1,0,1,ip-172-31-14-170,linux,0,1.919,521.1,Signature,True,2025-11-21T22:18:05.302382,,595
MAYO-3,verify,1024,64,0.0,1,0,1,ip-172-31-14-170,linux,0,1.9869,503.31,Signature,True,2025-11-21T22:18:05.304442,,596
MAYO-3,verify,1024,64,0.0,1,0,1,ip-172-31-14-170,linux,0,1.975,506.34,Signature,True,2025-11-21T22:18:05.306487,,597
MAYO-3,verify,1024,64,0.0,1,0,1,ip-172-31-14-170,linux,0,1.9564,511.14,Signature,True,2025-11-21T22:18:05.308512,,598
MAYO-3,verify,1024,64,0.0,1,0,1,ip-172-31-14-170,linux,0,1.9162,521.86,Signature,True,2025-11-21T22:18:05.310502,,599
MAYO-3,verify,1024,64,0.0,1,0,1,ip-172-31-14-170,linux,0,1.9707,507.44,Signature,True,2025-11-21T22:18:05.312544,,600
MAYO-5,sign,0,1,0.0,1,0,1,ip-172-31-14-170,linux,0,4.786,208.94,Signature,True,2025-11-21T22:18:05.317416,,601
MAYO-5,sign,0,1,0.0,1,0,1,ip-172-31-14-170,linux,0,4.3467,230.06,Signature,True,2025-11-21T22:18:05.321860,,602
MAYO-5,sign,0,1,0.0,1,0,1,ip-172-31-14-170,linux,0,4.3193,231.52,Signature,True,2025-11-21T22:18:05.326281,,603
MAYO-5,sign,0,1,0.0,1,0,1,ip-172-31-14-170,linux,0,4.2482,235.39,Signature,True,2025-11-21T22:18:05.330629,,604
MAYO-5,sign,0,1,0.0,1,0,1,ip-172-31-14-170,linux,0,4.2721,234.07,Signature,True,2025-11-21T22:18:05.335019,,605
MAYO-5,sign,0,16,0.0,1,0,1,ip-172-31-14-170,linux,0,4.2723,234.07,Signature,True,2025-11-21T22:18:05.339418,,606
MAYO-5,sign,0,16,0.0,1,0,1,ip-172-31-14-170,linux,0,4.2671,234.35,Signature,True,2025-11-21T22:18:05.343786,,607
MAYO-5,sign,0,16,0.0,1,0,1,ip-172-31-14-170,linux,0,4.2573,234.89,Signature,True,2025-11-21T22:18:05.348144,,608
MAYO-5,sign,0,16,0.0,1,0,1,ip-172-31-14-170,linux,0,4.2711,234.13,Signature,True,2025-11-21T22:18:05.352564,,609
MAYO-5,sign,0,16,0.0,1,0,1,ip-172-31-14-170,linux,0,4.2376,235.98,Signature,True,2025-11-21T22:18:05.356901,,610
MAYO-5,sign,0,64,0.0,1,0,1,ip-172-31-14-170,linux,0,4.2422,235.73,Signature,True,2025-11-21T22:18:05.361241,,611
MAYO-5,sign,0,64,0.0,1,0,1,ip-172-31-14-170,linux,0,4.3422,230.3,Signature,True,2025-11-21T22:18:05.365682,,612
MAYO-5,sign,0,64,0.0,1,0,1,ip-172-31-14-170,linux,0,4.2801,233.64,Signature,True,2025-11-21T22:18:05.370080,,613
MAYO-5,sign,0,64,0.0,1,0,1,ip-172-31-14-170,linux,0,4.2569,234.91,Signature,True,2025-11-21T22:18:05.374434,,614
MAYO-5,sign,0,64,0.0,1,0,1,ip-172-31-14-170,linux,0,4.2305,236.38,Signature,True,2025-11-21T22:18:05.378764,,615
MAYO-5,sign,1024,1,0.0,1,0,1,ip-172-31-14-170,linux,0,4.245,235.57,Signature,True,2025-11-21T22:18:05.383111,,616
MAYO-5,sign,1024,1,0.0,1,0,1,ip-172-31-14-170,linux,0,4.2607,234.7,Signature,True,2025-11-21T22:18:05.387472,,617
MAYO-5,sign,1024,1,0.0,1,0,1,ip-172-31-14-170,linux,0,4.2701,234.19,Signature,True,2025-11-21T22:18:05.391845,,618
MAYO-5,sign,1024,1,0.0,1,0,1,ip-172-31-14-170,linux,0,4.2698,234.2,Signature,True,2025-11-21T22:18:05.396214,,619
MAYO-5,sign,1024,1,0.0,1,0,1,ip-172-31-14-170,linux,0,4.2769,233.81,Signature,True,2025-11-21T22:18:05.400588,,620
MAYO-5,sign,1024,16,0.0,1,0,1,ip-172-31-14-170,linux,0,4.2273,236.56,Signature,True,2025-11-21T22:18:05.404916,,621
MAYO-5,sign,1024,16,0.0,1,0,1,ip-172-31-14-170,linux,0,4.2435,235.65,Signature,True,2025-11-21T22:18:05.409256,,622
MAYO-5,sign,1024,16,0.0,1,0,1,ip-172-31-14-170,linux,0,4.2645,234.49,Signature,True,2025-11-21T22:18:05.413619,,623
MAYO-5,sign,1024,16,0.0,1,0,1,ip-172-31-14-170,linux,0,4.2749,233.92,Signature,True,2025-11-21T22:18:05.417993,,624
MAYO-5,sign,1024,16,0.0,1,0,1,ip-172-31-14-170,linux,0,4.3043,232.32,Signature,True,2025-11-21T22:18:05.422420,,625
MAYO-5,sign,1024,64,0.0,1,0,1,ip-172-31-14-170,linux,0,4.3088,232.09,Signature,True,2025-11-21T22:18:05.426914,,626
MAYO-5,sign,1024,64,0.0,1,0,1,ip-172-31-14-170,linux,0,4.3677,228.95,Signature,True,2025-11-21T22:18:05.431378,,627
MAYO-5,sign,1024,64,0.0,1,0,1,ip-172-31-14-170,linux,0,4.2584,234.83,Signature,True,2025-11-21T22:18:05.435732,,628
MAYO-5,sign,1024,64,0.0,1,0,1,ip-172-31-14-170,linux,0,4.294,232.88,Signature,True,2025-11-21T22:18:05.440131,,629
MAYO-5,sign,1024,64,0.0,1,0,1,ip-172-31-14-170,linux,0,4.2588,234.81,Signature,True,2025-11-21T22:18:05.444485,,630
MAYO-5,verify,0,1,0.0,1,0,1,ip-172-31-14-170,linux,0,4.2457,235.53,Signature,True,2025-11-21T22:18:05.448837,,631
MAYO-5,verify,0,1,0.0,1,0,1,ip-172-31-14-170,linux,0,4.2509,235.24,Signature,True,2025-11-21T22:18:05.453192,,632
MAYO-5,verify,0,1,0.0,1,0,1,ip-172-31-14-170,linux,0,4.2345,236.15,Signature,True,2025-11-21T22:18:05.457523,,633
MAYO-5,verify,0,1,0.0,1,0,1,ip-172-31-14-170,linux,0,4.3449,230.15,Signature,True,2025-11-21T22:18:05.461966,,634
MAYO-5,verify,0,1,0.0,1,0,1,ip-172-31-14-170,linux,0,4.326,231.16,Signature,True,2025-11-21T22:18:05.466412,,635
MAYO-5,verify,0,16,0.0,1,0,1,ip-172-31-14-170,linux,0,4.2789,233.71,Signature,True,2025-11-21T22:18:05.470788,,636
MAYO-5,verify,0,16,0.0,1,0,1,ip-172-31-14-170,linux,0,4.2432,235.67,Signature,True,2025-11-21T22:18:05.475131,,637
MAYO-5,verify,0,16,0.0,1,0,1,ip-172-31-14-170,linux,0,4.2828,233.49,Signature,True,2025-11-21T22:18:05.479510,,638
MAYO-5,verify,0,16,0.0,1,0,1,ip-172-31-14-170,linux,0,4.2831,233.48,Signature,True,2025-11-21T22:18:05.483892,,639
MAYO-5,verify,0,16,0.0,1,0,1,ip-172-31-14-170,linux,0,4.2458,235.52,Signature,True,2025-11-21T22:18:05.488233,,640
MAYO-5,verify,0,64,0.0,1,0,1,ip-172-31-14-170,linux,0,4.3175,231.61,Signature,True,2025-11-21T22:18:05.492649,,641
MAYO-5,verify,0,64,0.0,1,0,1,ip-172-31-14-170,linux,0,4.2292,236.45,Signature,True,2025-11-21T22:18:05.497029,,642
MAYO-5,verify,0,64,0.0,1,0,1,ip-172-31-14-170,linux,0,4.361,229.31,Signature,True,2025-11-21T22:18:05.501512,,643
MAYO-5,verify,0,64,0.0,1,0,1,ip-172-31-14-170,linux,0,4.2975,232.69,Signature,True,2025-11-21T22:18:05.505912,,644
MAYO-5,verify,0,64,0.0,1,0,1,ip-172-31-14-170,linux,0,4.3064,232.21,Signature,True,2025-11-21T22:18:05.510319,,645
MAYO-5,verify,1024,1,0.0,1,0,1,ip-172-31-14-170,linux,0,4.2443,235.61,Signature,True,2025-11-21T22:18:05.514663,,646
MAYO-5,verify,1024,1,0.0,1,0,1,ip-172-31-14-170,linux,0,4.3335,230.76,Signature,True,2025-11-21T22:18:05.519098,,647
MAYO-5,verify,1024,1,0.0,1,0,1,ip-172-31-14-170,linux,0,4.2627,234.59,Signature,True,2025-11-21T22:18:05.523460,,648
MAYO-5,verify,1024,1,0.0,1,0,1,ip-172-31-14-170,linux,0,4.2978,232.68,Signature,True,2025-11-21T22:18:05.527916,,649
MAYO-5,verify,1024,1,0.0,1,0,1,ip-172-31-14-170,linux,0,4.3745,228.6,Signature,True,2025-11-21T22:18:05.532389,,650
MAYO-5,verify,1024,16,0.0,1,0,1,ip-172-31-14-170,linux,0,4.2672,234.34,Signature,True,2025-11-21T22:18:05.536754,,651
MAYO-5,verify,1024,16,0.0,1,0,1,ip-172-31-14-170,linux,0,4.3106,231.99,Signature,True,2025-11-21T22:18:05.541165,,652
MAYO-5,verify,1024,16,0.0,1,0,1,ip-172-31-14-170,linux,0,4.2369,236.02,Signature,True,2025-11-21T22:18:05.545496,,653
MAYO-5,verify,1024,16,0.0,1,0,1,ip-172-31-14-170,linux,0,4.3108,231.98,Signature,True,2025-11-21T22:18:05.549908,,654
MAYO-5,verify,1024,16,0.0,1,0,1,ip-172-31-14-170,linux,0,4.3105,231.99,Signature,True,2025-11-21T22:18:05.554328,,655
MAYO-5,verify,1024,64,0.0,1,0,1,ip-172-31-14-170,linux,0,4.296,232.77,Signature,True,2025-11-21T22:18:05.558748,,656
MAYO-5,verify,1024,64,0.0,1,0,1,ip-172-31-14-170,linux,0,4.2446,235.59,Signature,True,2025-11-21T22:18:05.563091,,657
MAYO-5,verify,1024,64,0.0,1,0,1,ip-172-31-14-170,linux,0,4.3561,229.56,Signature,True,2025-11-21T22:18:05.567542,,658
MAYO-5,verify,1024,64,0.0,1,0,1,ip-172-31-14-170,linux,0,4.3145,231.78,Signature,True,2025-11-21T22:18:05.571954,,659
MAYO-5,verify,1024,64,0.0,1,0,1,ip-172-31-14-170,linux,0,4.304,232.34,Signature,True,2025-11-21T22:18:05.576417,,660
ML-DSA-44,sign,0,1,0.0,1,0,1,ip-172-31-14-170,linux,0,0.753,1327.94,Signature,True,2025-11-21T22:18:05.577266,,661
ML-DSA-44,sign,0,1,0.0,1,0,1,ip-172-31-14-170,linux,0,0.5978,1672.77,Signature,True,2025-11-21T22:18:05.577911,,662
ML-DSA-44,sign,0,1,0.0,1,0,1,ip-172-31-14-170,linux,0,0.7196,1389.67,Signature,True,2025-11-21T22:18:05.578669,,663
ML-DSA-44,sign,0,1,0.0,1,0,1,ip-172-31-14-170,linux,0,1.4339,697.38,Signature,True,2025-11-21T22:18:05.580142,,664
ML-DSA-44,sign,0,1,0.0,1,0,1,ip-172-31-14-170,linux,0,0.6246,1601.11,Signature,True,2025-11-21T22:18:05.580809,,665
ML-DSA-44,sign,0,16,0.0,1,0,1,ip-172-31-14-170,linux,0,0.7102,1408.05,Signature,True,2025-11-21T22:18:05.581564,,666
ML-DSA-44,sign,0,16,0.0,1,0,1,ip-172-31-14-170,linux,0,0.6229,1605.29,Signature,True,2025-11-21T22:18:05.582228,,667
ML-DSA-44,sign,0,16,0.0,1,0,1,ip-172-31-14-170,linux,0,1.4422,693.39,Signature,True,2025-11-21T22:18:05.583708,,668
ML-DSA-44,sign,0,16,0.0,1,0,1,ip-172-31-14-170,linux,0,0.9909,1009.14,Signature,True,2025-11-21T22:18:05.584746,,669
ML-DSA-44,sign,0,16,0.0,1,0,1,ip-172-31-14-170,linux,0,1.2346,809.99,Signature,True,2025-11-21T22:18:05.586022,,670
ML-DSA-44,sign,0,64,0.0,1,0,1,ip-172-31-14-170,linux,0,0.535,1869.21,Signature,True,2025-11-21T22:18:05.586614,,671
ML-DSA-44,sign,0,64,0.0,1,0,1,ip-172-31-14-170,linux,0,0.8311,1203.15,Signature,True,2025-11-21T22:18:05.587485,,672
ML-DSA-44,sign,0,64,0.0,1,0,1,ip-172-31-14-170,linux,0,0.5231,1911.66,Signature,True,2025-11-21T22:18:05.588046,,673
ML-DSA-44,sign,0,64,0.0,1,0,1,ip-172-31-14-170,linux,0,1.1729,852.58,Signature,True,2025-11-21T22:18:05.589269,,674
ML-DSA-44,sign,0,64,0.0,1,0,1,ip-172-31-14-170,linux,0,0.8125,1230.82,Signature,True,2025-11-21T22:18:05.590120,,675
ML-DSA-44,sign,1024,1,0.0,1,0,1,ip-172-31-14-170,linux,0,0.6038,1656.27,Signature,True,2025-11-21T22:18:05.590766,,676
ML-DSA-44,sign,1024,1,0.0,1,0,1,ip-172-31-14-170,linux,0,0.5313,1882.06,Signature,True,2025-11-21T22:18:05.591337,,677
ML-DSA-44,sign,1024,1,0.0,1,0,1,ip-172-31-14-170,linux,0,0.5307,1884.21,Signature,True,2025-11-21T22:18:05.591907,,678
ML-DSA-44,sign,1024,1,0.0,1,0,1,ip-172-31-14-170,linux,0,0.7358,1359.16,Signature,True,2025-11-21T22:18:05.592729,,679
ML-DSA-44,sign,1024,1,0.0,1,0,1,ip-172-31-14-170,linux,0,0.777,1286.98,Signature,True,2025-11-21T22:18:05.593547,,680
ML-DSA-44,sign,1024,16,0.0,1,0,1,ip-172-31-14-170,linux,0,0.6088,1642.56,Signature,True,2025-11-21T22:18:05.594195,,681
ML-DSA-44,sign,1024,16,0.0,1,0,1,ip-172-31-14-170,linux,0,0.7094,1409.65,Signature,True,2025-11-21T22:18:05.594941,,682
ML-DSA-44,sign,1024,16,0.0,1,0,1,ip-172-31-14-170,linux,0,0.8842,1130.91,Signature,True,2025-11-21T22:18:05.595866,,683
ML-DSA-44,sign,1024,16,0.0,1,0,1,ip-172-31-14-170,linux,0,0.5316,1881.18,Signature,True,2025-11-21T22:18:05.596434,,684
ML-DSA-44,sign,1024,16,0.0,1,0,1,ip-172-31-14-170,linux,0,0.625,1599.89,Signature,True,2025-11-21T22:18:05.597099,,685
ML-DSA-44,sign,1024,64,0.0,1,0,1,ip-172-31-14-170,linux,0,1.2665,789.56,Signature,True,2025-11-21T22:18:05.598406,,686
ML-DSA-44,sign,1024,64,0.0,1,0,1,ip-172-31-14-170,linux,0,1.5666,638.33,Signature,True,2025-11-21T22:18:05.600014,,687
ML-DSA-44,sign,1024,64,0.0,1,0,1,ip-172-31-14-170,linux,0,0.6109,1636.87,Signature,True,2025-11-21T22:18:05.600662,,688
ML-DSA-44,sign,1024,64,0.0,1,0,1,ip-172-31-14-170,linux,0,1.1988,834.16,Signature,True,2025-11-21T22:18:05.601900,,689
ML-DSA-44,sign,1024,64,0.0,1,0,1,ip-172-31-14-170,linux,0,0.7864,1271.54,Signature,True,2025-11-21T22:18:05.602726,,690
ML-DSA-44,verify,0,1,0.0,1,0,1,ip-172-31-14-170,linux,0,1.1453,873.12,Signature,True,2025-11-21T22:18:05.603925,,691
ML-DSA-44,verify,0,1,0.0,1,0,1,ip-172-31-14-170,linux,0,0.5214,1917.95,Signature,True,2025-11-21T22:18:05.604488,,692
ML-DSA-44,verify,0,1,0.0,1,0,1,ip-172-31-14-170,linux,0,0.6039,1655.86,Signature,True,2025-11-21T22:18:05.605131,,693
ML-DSA-44,verify,0,1,0.0,1,0,1,ip-172-31-14-170,linux,0,2.0398,490.24,Signature,True,2025-11-21T22:18:05.607210,,694
ML-DSA-44,verify,0,1,0.0,1,0,1,ip-172-31-14-170,linux,0,0.7852,1273.58,Signature,True,2025-11-21T22:18:05.608037,,695
ML-DSA-44,verify,0,16,0.0,1,0,1,ip-172-31-14-170,linux,0,0.5913,1691.25,Signature,True,2025-11-21T22:18:05.608681,,696
ML-DSA-44,verify,0,16,0.0,1,0,1,ip-172-31-14-170,linux,0,1.2804,781.04,Signature,True,2025-11-21T22:18:05.609999,,697
ML-DSA-44,verify,0,16,0.0,1,0,1,ip-172-31-14-170,linux,0,0.6197,1613.55,Signature,True,2025-11-21T22:18:05.610657,,698
ML-DSA-44,verify,0,16,0.0,1,0,1,ip-172-31-14-170,linux,0,0.6098,1639.93,Signature,True,2025-11-21T22:18:05.611306,,699
ML-DSA-44,verify,0,16,0.0,1,0,1,ip-172-31-14-170,linux,0,0.6474,1544.58,Signature,True,2025-11-21T22:18:05.611992,,700
ML-DSA-44,verify,0,64,0.0,1,0,1,ip-172-31-14-170,linux,0,0.7319,1366.36,Signature,True,2025-11-21T22:18:05.612767,,701
ML-DSA-44,verify,0,64,0.0,1,0,1,ip-172-31-14-170,linux,0,0.5275,1895.7,Signature,True,2025-11-21T22:18:05.613335,,702
ML-DSA-44,verify,0,64,0.0,1,0,1,ip-172-31-14-170,linux,0,0.6755,1480.47,Signature,True,2025-11-21T22:18:05.614060,,703
ML-DSA-44,verify,0,64,0.0,1,0,1,ip-172-31-14-170,linux,0,0.7968,1255.08,Signature,True,2025-11-21T22:18:05.614893,,704
ML-DSA-44,verify,0,64,0.0,1,0,1,ip-172-31-14-170,linux,0,0.7649,1307.3,Signature,True,2025-11-21T22:18:05.615695,,705
ML-DSA-44,verify,1024,1,0.0,1,0,1,ip-172-31-14-170,linux,0,0.5473,1827.26,Signature,True,2025-11-21T22:18:05.616284,,706
ML-DSA-44,verify,1024,1,0.0,1,0,1,ip-172-31-14-170,linux,0,1.5409,648.97,Signature,True,2025-11-21T22:18:05.617865,,707
ML-DSA-44,verify,1024,1,0.0,1,0,1,ip-172-31-14-170,linux,0,0.6337,1578.04,Signature,True,2025-11-21T22:18:05.618541,,708
ML-DSA-44,verify,1024,1,0.0,1,0,1,ip-172-31-14-170,linux,0,0.6128,1631.96,Signature,True,2025-11-21T22:18:05.619194,,709
ML-DSA-44,verify,1024,1,0.0,1,0,1,ip-172-31-14-170,linux,0,0.691,1447.26,Signature,True,2025-11-21T22:18:05.619923,,710
ML-DSA-44,verify,1024,16,0.0,1,0,1,ip-172-31-14-170,linux,0,0.7967,1255.18,Signature,True,2025-11-21T22:18:05.620758,,711
ML-DSA-44,verify,1024,16,0.0,1,0,1,ip-172-31-14-170,linux,0,0.6367,1570.64,Signature,True,2025-11-21T22:18:05.621436,,712
ML-DSA-44,verify,1024,16,0.0,1,0,1,ip-172-31-14-170,linux,0,0.5163,1936.73,Signature,True,2025-11-21T22:18:05.621990,,713
ML-DSA-44,verify,1024,16,0.0,1,0,1,ip-172-31-14-170,linux,0,3.227,309.88,Signature,True,2025-11-21T22:18:05.625255,,714
ML-DSA-44,verify,1024,16,0.0,1,0,1,ip-172-31-14-170,linux,0,0.6249,1600.21,Signature,True,2025-11-21T22:18:05.625925,,715
ML-DSA-44,verify,1024,64,0.0,1,0,1,ip-172-31-14-170,linux,0,0.8747,1143.23,Signature,True,2025-11-21T22:18:05.626838,,716
ML-DSA-44,verify,1024,64,0.0,1,0,1,ip-172-31-14-170,linux,0,1.2543,797.26,Signature,True,2025-11-21T22:18:05.628131,,717
ML-DSA-44,verify,1024,64,0.0,1,0,1,ip-172-31-14-170,linux,0,0.8043,1243.38,Signature,True,2025-11-21T22:18:05.628975,,718
ML-DSA-44,verify,1024,64,0.0,1,0,1,ip-172-31-14-170,linux,0,0.5273,1896.46,Signature,True,2025-11-21T22:18:05.629542,,719
ML-DSA-44,verify,1024,64,0.0,1,0,1,ip-172-31-14-170,linux,0,3.0596,326.84,Signature,True,2025-11-21T22:18:05.632641,,720
ML-DSA-65,sign,0,1,0.0,1,0,1,ip-172-31-14-170,linux,0,0.8142,1228.15,Signature,True,2025-11-21T22:18:05.633520,,721
ML-DSA-65,sign,0,1,0.0,1,0,1,ip-172-31-14-170,linux,0,1.3801,724.61,Signature,True,2025-11-21T22:18:05.634945,,722
ML-DSA-65,sign,0,1,0.0,1,0,1,ip-172-31-14-170,linux,0,0.7701,1298.59,Signature,True,2025-11-21T22:18:05.635755,,723
ML-DSA-65,sign,0,1,0.0,1,0,1,ip-172-31-14-170,linux,0,1.4885,671.81,Signature,True,2025-11-21T22:18:05.637282,,724
ML-DSA-65,sign,0,1,0.0,1,0,1,ip-172-31-14-170,linux,0,0.7843,1275.09,Signature,True,2025-11-21T22:18:05.638106,,725
ML-DSA-65,sign,0,16,0.0,1,0,1,ip-172-31-14-170,linux,0,0.7523,1329.18,Signature,True,2025-11-21T22:18:05.638900,,726
ML-DSA-65,sign,0,16,0.0,1,0,1,ip-172-31-14-170,linux,0,1.7518,570.83,Signature,True,2025-11-21T22:18:05.640691,,727
ML-DSA-65,sign,0,16,0.0,1,0,1,ip-172-31-14-170,linux,0,0.8707,1148.46,Signature,True,2025-11-21T22:18:05.641605,,728
ML-DSA-65,sign,0,16,0.0,1,0,1,ip-172-31-14-170,linux,0,0.9206,1086.23,Signature,True,2025-11-21T22:18:05.642566,,729
ML-DSA-65,sign,0,16,0.0,1,0,1,ip-172-31-14-170,linux,0,1.0285,972.26,Signature,True,2025-11-21T22:18:05.643636,,730
ML-DSA-65,sign,0,64,0.0,1,0,1,ip-172-31-14-170,linux,0,1.5292,653.96,Signature,True,2025-11-21T22:18:05.645209,,731
ML-DSA-65,sign,0,64,0.0,1,0,1,ip-172-31-14-170,linux,0,4.0061,249.62,Signature,True,2025-11-21T22:18:05.649260,,732
ML-DSA-65,sign,0,64,0.0,1,0,1,ip-172-31-14-170,linux,0,1.3901,719.37,Signature,True,2025-11-21T22:18:05.650702,,733
ML-DSA-65,sign,0,64,0.0,1,0,1,ip-172-31-14-170,linux,0,0.7863,1271.86,Signature,True,2025-11-21T22:18:05.651533,,734
ML-DSA-65,sign,0,64,0.0,1,0,1,ip-172-31-14-170,linux,0,1.2822,779.91,Signature,True,2025-11-21T22:18:05.652860,,735
ML-DSA-65,sign,1024,1,0.0,1,0,1,ip-172-31-14-170,linux,0,1.5235,656.37,Signature,True,2025-11-21T22:18:05.654426,,736
ML-DSA-65,sign,1024,1,0.0,1,0,1,ip-172-31-14-170,linux,0,0.9293,1076.1,Signature,True,2025-11-21T22:18:05.655398,,737
ML-DSA-65,sign,1024,1,0.0,1,0,1,ip-172-31-14-170,linux,0,3.2802,304.86,Signature,True,2025-11-21T22:18:05.658722,,738
ML-DSA-65,sign,1024,1,0.0,1,0,1,ip-172-31-14-170,linux,0,0.7756,1289.27,Signature,True,2025-11-21T22:18:05.659546,,739
ML-DSA-65,sign,1024,1,0.0,1,0,1,ip-172-31-14-170,linux,0,0.7953,1257.43,Signature,True,2025-11-21T22:18:05.660383,,740
ML-DSA-65,sign,1024,16,0.0,1,0,1,ip-172-31-14-170,linux,0,1.6862,593.05,Signature,True,2025-11-21T22:18:05.662114,,741
ML-DSA-65,sign,1024,16,0.0,1,0,1,ip-172-31-14-170,linux,0,1.6869,592.79,Signature,True,2025-11-21T22:18:05.663846,,742
ML-DSA-65,sign,1024,16,0.0,1,0,1,ip-172-31-14-170,linux,0,1.2876,776.64,Signature,True,2025-11-21T22:18:05.665177,,743
ML-DSA-65,sign,1024,16,0.0,1,0,1,ip-172-31-14-170,linux,0,1.0592,944.1,Signature,True,2025-11-21T22:18:05.666280,,744
ML-DSA-65,sign,1024,16,0.0,1,0,1,ip-172-31-14-170,linux,0,1.1037,906.08,Signature,True,2025-11-21T22:18:05.667427,,745
ML-DSA-65,sign,1024,64,0.0,1,0,1,ip-172-31-14-170,linux,0,1.1521,867.99,Signature,True,2025-11-21T22:18:05.668621,,746
ML-DSA-65,sign,1024,64,0.0,1,0,1,ip-172-31-14-170,linux,0,0.9258,1080.19,Signature,True,2025-11-21T22:18:05.669643,,747
ML-DSA-65,sign,1024,64,0.0,1,0,1,ip-172-31-14-170,linux,0,0.7692,1300.02,Signature,True,2025-11-21T22:18:05.670456,,748
ML-DSA-65,sign,1024,64,0.0,1,0,1,ip-172-31-14-170,linux,0,1.0567,946.31,Signature,True,2025-11-21T22:18:05.671554,,749
ML-DSA-65,sign,1024,64,0.0,1,0,1,ip-172-31-14-170,linux,0,0.942,1061.54,Signature,True,2025-11-21T22:18:05.672538,,750
ML-DSA-65,verify,0,1,0.0,1,0,1,ip-172-31-14-170,linux,0,1.49,671.15,Signature,True,2025-11-21T22:18:05.674088,,751
ML-DSA-65,verify,0,1,0.0,1,0,1,ip-172-31-14-170,linux,0,0.7565,1321.83,Signature,True,2025-11-21T22:18:05.674891,,752
ML-DSA-65,verify,0,1,0.0,1,0,1,ip-172-31-14-170,linux,0,1.2815,780.36,Signature,True,2025-11-21T22:18:05.676213,,753
ML-DSA-65,verify,0,1,0.0,1,0,1,ip-172-31-14-170,linux,0,1.0383,963.14,Signature,True,2025-11-21T22:18:05.677295,,754
ML-DSA-65,verify,0,1,0.0,1,0,1,ip-172-31-14-170,linux,0,0.8403,1190.0,Signature,True,2025-11-21T22:18:05.678179,,755
ML-DSA-65,verify,0,16,0.0,1,0,1,ip-172-31-14-170,linux,0,1.0993,909.68,Signature,True,2025-11-21T22:18:05.679325,,756
ML-DSA-65,verify,0,16,0.0,1,0,1,ip-172-31-14-170,linux,0,0.7753,1289.85,Signature,True,2025-11-21T22:18:05.680142,,757
ML-DSA-65,verify,0,16,0.0,1,0,1,ip-172-31-14-170,linux,0,0.7642,1308.59,Signature,True,2025-11-21T22:18:05.680947,,758
ML-DSA-65,verify,0,16,0.0,1,0,1,ip-172-31-14-170,linux,0,0.9264,1079.4,Signature,True,2025-11-21T22:18:05.681913,,759
ML-DSA-65,verify,0,16,0.0,1,0,1,ip-172-31-14-170,linux,0,1.4208,703.81,Signature,True,2025-11-21T22:18:05.683376,,760
ML-DSA-65,verify,0,64,0.0,1,0,1,ip-172-31-14-170,linux,0,2.0223,494.48,Signature,True,2025-11-21T22:18:05.685442,,761
ML-DSA-65,verify,0,64,0.0,1,0,1,ip-172-31-14-170,linux,0,1.2464,802.3,Signature,True,2025-11-21T22:18:05.686731,,762
ML-DSA-65,verify,0,64,0.0,1,0,1,ip-172-31-14-170,linux,0,1.5534,643.74,Signature,True,2025-11-21T22:18:05.688327,,763
ML-DSA-65,verify,0,64,0.0,1,0,1,ip-172-31-14-170,linux,0,2.2101,452.48,Signature,True,2025-11-21T22:18:05.690580,,764
ML-DSA-65,verify,0,64,0.0,1,0,1,ip-172-31-14-170,linux,0,0.7814,1279.83,Signature,True,2025-11-21T22:18:05.691408,,765
ML-DSA-65,verify,1024,1,0.0,1,0,1,ip-172-31-14-170,linux,0,1.3775,725.94,Signature,True,2025-11-21T22:18:05.692830,,766
ML-DSA-65,verify,1024,1,0.0,1,0,1,ip-172-31-14-170,linux,0,0.9349,1069.62,Signature,True,2025-11-21T22:18:05.693806,,767
ML-DSA-65,verify,1024,1,0.0,1,0,1,ip-172-31-14-170,linux,0,1.8508,540.3,Signature,True,2025-11-21T22:18:05.695700,,768
ML-DSA-65,verify,1024,1,0.0,1,0,1,ip-172-31-14-170,linux,0,0.8786,1138.13,Signature,True,2025-11-21T22:18:05.696627,,769
ML-DSA-65,verify,1024,1,0.0,1,0,1,ip-172-31-14-170,linux,0,1.2807,780.83,Signature,True,2025-11-21T22:18:05.697950,,770
ML-DSA-65,verify,1024,16,0.0,1,0,1,ip-172-31-14-170,linux,0,1.1516,868.39,Signature,True,2025-11-21T22:18:05.699144,,771
ML-DSA-65,verify,1024,16,0.0,1,0,1,ip-172-31-14-170,linux,0,0.8186,1221.53,Signature,True,2025-11-21T22:18:05.700004,,772
ML-DSA-65,verify,1024,16,0.0,1,0,1,ip-172-31-14-170,linux,0,1.7364,575.92,Signature,True,2025-11-21T22:18:05.701785,,773
ML-DSA-65,verify,1024,16,0.0,1,0,1,ip-172-31-14-170,linux,0,1.501,666.24,Signature,True,2025-11-21T22:18:05.703333,,774
ML-DSA-65,verify,1024,16,0.0,1,0,1,ip-172-31-14-170,linux,0,1.0215,978.99,Signature,True,2025-11-21T22:18:05.704397,,775
ML-DSA-65,verify,1024,64,0.0,1,0,1,ip-172-31-14-170,linux,0,1.2779,782.55,Signature,True,2025-11-21T22:18:05.705718,,776
ML-DSA-65,verify,1024,64,0.0,1,0,1,ip-172-31-14-170,linux,0,0.7744,1291.27,Signature,True,2025-11-21T22:18:05.706535,,777
ML-DSA-65,verify,1024,64,0.0,1,0,1,ip-172-31-14-170,linux,0,1.4041,712.18,Signature,True,2025-11-21T22:18:05.707979,,778
ML-DSA-65,verify,1024,64,0.0,1,0,1,ip-172-31-14-170,linux,0,1.2903,775.02,Signature,True,2025-11-21T22:18:05.709311,,779
ML-DSA-65,verify,1024,64,0.0,1,0,1,ip-172-31-14-170,linux,0,1.4891,671.55,Signature,True,2025-11-21T22:18:05.710841,,780
ML-DSA-87,sign,0,1,0.0,1,0,1,ip-172-31-14-170,linux,0,1.5658,638.65,Signature,True,2025-11-21T22:18:05.712463,,781
ML-DSA-87,sign,0,1,0.0,1,0,1,ip-172-31-14-170,linux,0,1.147,871.82,Signature,True,2025-11-21T22:18:05.713660,,782
ML-DSA-87,sign,0,1,0.0,1,0,1,ip-172-31-14-170,linux,0,2.0896,478.56,Signature,True,2025-11-21T22:18:05.715797,,783
ML-DSA-87,sign,0,1,0.0,1,0,1,ip-172-31-14-170,linux,0,2.0084,497.91,Signature,True,2025-11-21T22:18:05.717863,,784
ML-DSA-87,sign,0,1,0.0,1,0,1,ip-172-31-14-170,linux,0,1.6753,596.89,Signature,True,2025-11-21T22:18:05.719588,,785
ML-DSA-87,sign,0,16,0.0,1,0,1,ip-172-31-14-170,linux,0,2.1929,456.01,Signature,True,2025-11-21T22:18:05.721828,,786
ML-DSA-87,sign,0,16,0.0,1,0,1,ip-172-31-14-170,linux,0,1.5103,662.12,Signature,True,2025-11-21T22:18:05.723389,,787
ML-DSA-87,sign,0,16,0.0,1,0,1,ip-172-31-14-170,linux,0,1.9813,504.73,Signature,True,2025-11-21T22:18:05.725422,,788
ML-DSA-87,sign,0,16,0.0,1,0,1,ip-172-31-14-170,linux,0,1.6946,590.13,Signature,True,2025-11-21T22:18:05.727167,,789
ML-DSA-87,sign,0,16,0.0,1,0,1,ip-172-31-14-170,linux,0,1.669,599.15,Signature,True,2025-11-21T22:18:05.728887,,790
ML-DSA-87,sign,0,64,0.0,1,0,1,ip-172-31-14-170,linux,0,1.2989,769.88,Signature,True,2025-11-21T22:18:05.730239,,791
ML-DSA-87,sign,0,64,0.0,1,0,1,ip-172-31-14-170,linux,0,1.9079,524.13,Signature,True,2025-11-21T22:18:05.732194,,792
ML-DSA-87,sign,0,64,0.0,1,0,1,ip-172-31-14-170,linux,0,1.6651,600.55,Signature,True,2025-11-21T22:18:05.733910,,793
ML-DSA-87,sign,0,64,0.0,1,0,1,ip-172-31-14-170,linux,0,1.1936,837.77,Signature,True,2025-11-21T22:18:05.735150,,794
ML-DSA-87,sign,0,64,0.0,1,0,1,ip-172-31-14-170,linux,0,2.2054,453.43,Signature,True,2025-11-21T22:18:05.737408,,795
ML-DSA-87,sign,1024,1,0.0,1,0,1,ip-172-31-14-170,linux,0,1.1877,841.97,Signature,True,2025-11-21T22:18:05.738666,,796
ML-DSA-87,sign,1024,1,0.0,1,0,1,ip-172-31-14-170,linux,0,4.4819,223.12,Signature,True,2025-11-21T22:18:05.743209,,797
ML-DSA-87,sign,1024,1,0.0,1,0,1,ip-172-31-14-170,linux,0,1.1819,846.1,Signature,True,2025-11-21T22:18:05.744457,,798
ML-DSA-87,sign,1024,1,0.0,1,0,1,ip-172-31-14-170,linux,0,2.9142,343.15,Signature,True,2025-11-21T22:18:05.747423,,799
ML-DSA-87,sign,1024,1,0.0,1,0,1,ip-172-31-14-170,linux,0,1.3677,731.18,Signature,True,2025-11-21T22:18:05.748846,,800
ML-DSA-87,sign,1024,16,0.0,1,0,1,ip-172-31-14-170,linux,0,1.3575,736.65,Signature,True,2025-11-21T22:18:05.750258,,801
ML-DSA-87,sign,1024,16,0.0,1,0,1,ip-172-31-14-170,linux,0,1.492,670.23,Signature,True,2025-11-21T22:18:05.751797,,802
ML-DSA-87,sign,1024,16,0.0,1,0,1,ip-172-31-14-170,linux,0,1.4179,705.28,Signature,True,2025-11-21T22:18:05.753262,,803
ML-DSA-87,sign,1024,16,0.0,1,0,1,ip-172-31-14-170,linux,0,1.5027,665.49,Signature,True,2025-11-21T22:18:05.754816,,804
ML-DSA-87,sign,1024,16,0.0,1,0,1,ip-172-31-14-170,linux,0,1.3692,730.33,Signature,True,2025-11-21T22:18:05.756236,,805
ML-DSA-87,sign,1024,64,0.0,1,0,1,ip-172-31-14-170,linux,0,1.8911,528.78,Signature,True,2025-11-21T22:18:05.758179,,806
ML-DSA-87,sign,1024,64,0.0,1,0,1,ip-172-31-14-170,linux,0,1.3509,740.26,Signature,True,2025-11-21T22:18:05.759579,,807
ML-DSA-87,sign,1024,64,0.0,1,0,1,ip-172-31-14-170,linux,0,1.1903,840.12,Signature,True,2025-11-21T22:18:05.760818,,808
ML-DSA-87,sign,1024,64,0.0,1,0,1,ip-172-31-14-170,linux,0,1.8391,543.74,Signature,True,2025-11-21T22:18:05.762704,,809
ML-DSA-87,sign,1024,64,0.0,1,0,1,ip-172-31-14-170,linux,0,1.1687,855.62,Signature,True,2025-11-21T22:18:05.763925,,810
ML-DSA-87,verify,0,1,0.0,1,0,1,ip-172-31-14-170,linux,0,2.2651,441.47,Signature,True,2025-11-21T22:18:05.766244,,811
ML-DSA-87,verify,0,1,0.0,1,0,1,ip-172-31-14-170,linux,0,1.483,674.29,Signature,True,2025-11-21T22:18:05.767783,,812
ML-DSA-87,verify,0,1,0.0,1,0,1,ip-172-31-14-170,linux,0,2.0006,499.86,Signature,True,2025-11-21T22:18:05.769831,,813
ML-DSA-87,verify,0,1,0.0,1,0,1,ip-172-31-14-170,linux,0,1.5225,656.82,Signature,True,2025-11-21T22:18:05.771405,,814
ML-DSA-87,verify,0,1,0.0,1,0,1,ip-172-31-14-170,linux,0,1.6095,621.3,Signature,True,2025-11-21T22:18:05.773134,,815
ML-DSA-87,verify,0,16,0.0,1,0,1,ip-172-31-14-170,linux,0,1.4992,667.03,Signature,True,2025-11-21T22:18:05.774685,,816
ML-DSA-87,verify,0,16,0.0,1,0,1,ip-172-31-14-170,linux,0,1.1496,869.87,Signature,True,2025-11-21T22:18:05.775883,,817
ML-DSA-87,verify,0,16,0.0,1,0,1,ip-172-31-14-170,linux,0,1.5356,651.23,Signature,True,2025-11-21T22:18:05.777464,,818
ML-DSA-87,verify,0,16,0.0,1,0,1,ip-172-31-14-170,linux,0,1.154,866.58,Signature,True,2025-11-21T22:18:05.778663,,819
ML-DSA-87,verify,0,16,0.0,1,0,1,ip-172-31-14-170,linux,0,1.6375,610.67,Signature,True,2025-11-21T22:18:05.780345,,820
ML-DSA-87,verify,0,64,0.0,1,0,1,ip-172-31-14-170,linux,0,1.169,855.43,Signature,True,2025-11-21T22:18:05.781562,,821
ML-DSA-87,verify,0,64,0.0,1,0,1,ip-172-31-14-170,linux,0,2.8734,348.02,Signature,True,2025-11-21T22:18:05.784482,,822
ML-DSA-87,verify,0,64,0.0,1,0,1,ip-172-31-14-170,linux,0,1.499,667.13,Signature,True,2025-11-21T22:18:05.786034,,823
ML-DSA-87,verify,0,64,0.0,1,0,1,ip-172-31-14-170,linux,0,1.1578,863.69,Signature,True,2025-11-21T22:18:05.787251,,824
ML-DSA-87,verify,0,64,0.0,1,0,1,ip-172-31-14-170,linux,0,2.7021,370.08,Signature,True,2025-11-21T22:18:05.790003,,825
ML-DSA-87,verify,1024,1,0.0,1,0,1,ip-172-31-14-170,linux,0,1.1536,866.84,Signature,True,2025-11-21T22:18:05.791222,,826
ML-DSA-87,verify,1024,1,0.0,1,0,1,ip-172-31-14-170,linux,0,1.5235,656.4,Signature,True,2025-11-21T22:18:05.792794,,827
ML-DSA-87,verify,1024,1,0.0,1,0,1,ip-172-31-14-170,linux,0,1.1722,853.09,Signature,True,2025-11-21T22:18:05.794016,,828
ML-DSA-87,verify,1024,1,0.0,1,0,1,ip-172-31-14-170,linux,0,1.5115,661.58,Signature,True,2025-11-21T22:18:05.795587,,829
ML-DSA-87,verify,1024,1,0.0,1,0,1,ip-172-31-14-170,linux,0,1.6592,602.68,Signature,True,2025-11-21T22:18:05.797297,,830
ML-DSA-87,verify,1024,16,0.0,1,0,1,ip-172-31-14-170,linux,0,1.1715,853.58,Signature,True,2025-11-21T22:18:05.798521,,831
ML-DSA-87,verify,1024,16,0.0,1,0,1,ip-172-31-14-170,linux,0,1.5018,665.86,Signature,True,2025-11-21T22:18:05.800072,,832
ML-DSA-87,verify,1024,16,0.0,1,0,1,ip-172-31-14-170,linux,0,1.1688,855.6,Signature,True,2025-11-21T22:18:05.801290,,833
ML-DSA-87,verify,1024,16,0.0,1,0,1,ip-172-31-14-170,linux,0,4.1313,242.06,Signature,True,2025-11-21T22:18:05.805470,,834
ML-DSA-87,verify,1024,16,0.0,1,0,1,ip-172-31-14-170,linux,0,1.3794,724.93,Signature,True,2025-11-21T22:18:05.806906,,835
ML-DSA-87,verify,1024,64,0.0,1,0,1,ip-172-31-14-170,linux,0,1.6474,607.02,Signature,True,2025-11-21T22:18:05.808607,,836
ML-DSA-87,verify,1024,64,0.0,1,0,1,ip-172-31-14-170,linux,0,1.3377,747.53,Signature,True,2025-11-21T22:18:05.809995,,837
ML-DSA-87,verify,1024,64,0.0,1,0,1,ip-172-31-14-170,linux,0,1.718,582.07,Signature,True,2025-11-21T22:18:05.811763,,838
ML-DSA-87,verify,1024,64,0.0,1,0,1,ip-172-31-14-170,linux,0,1.3506,740.42,Signature,True,2025-11-21T22:18:05.813182,,839
ML-DSA-87,verify,1024,64,0.0,1,0,1,ip-172-31-14-170,linux,0,2.9971,333.65,Signature,True,2025-11-21T22:18:05.816230,,840
OV-III,sign,0,1,0.0,1,0,1,ip-172-31-14-170,linux,0,14.3598,69.64,Signature,True,2025-11-21T22:18:05.831063,,841
OV-III,sign,0,1,0.0,1,0,1,ip-172-31-14-170,linux,0,12.8216,77.99,Signature,True,2025-11-21T22:18:05.844328,,842
OV-III,sign,0,1,0.0,1,0,1,ip-172-31-14-170,linux,0,12.7763,78.27,Signature,True,2025-11-21T22:18:05.857515,,843
OV-III,sign,0,1,0.0,1,0,1,ip-172-31-14-170,linux,0,13.0386,76.7,Signature,True,2025-11-21T22:18:05.870964,,844
OV-III,sign,0,1,0.0,1,0,1,ip-172-31-14-170,linux,0,12.4327,80.43,Signature,True,2025-11-21T22:18:05.883850,,845
OV-III,sign,0,16,0.0,1,0,1,ip-172-31-14-170,linux,0,12.8036,78.1,Signature,True,2025-11-21T22:18:05.897110,,846
OV-III,sign,0,16,0.0,1,0,1,ip-172-31-14-170,linux,0,12.3362,81.06,Signature,True,2025-11-21T22:18:05.909853,,847
OV-III,sign,0,16,0.0,1,0,1,ip-172-31-14-170,linux,0,12.804,78.1,Signature,True,2025-11-21T22:18:05.923122,,848
OV-III,sign,0,16,0.0,1,0,1,ip-172-31-14-170,linux,0,12.7527,78.41,Signature,True,2025-11-21T22:18:05.936323,,849
OV-III,sign,0,16,0.0,1,0,1,ip-172-31-14-170,linux,0,12.7482,78.44,Signature,True,2025-11-21T22:18:05.949481,,850
OV-III,sign,0,64,0.0,1,0,1,ip-172-31-14-170,linux,0,12.5768,79.51,Signature,True,2025-11-21T22:18:05.962470,,851
OV-III,sign,0,64,0.0,1,0,1,ip-172-31-14-170,linux,0,12.8363,77.9,Signature,True,2025-11-21T22:18:05.975722,,852
OV-III,sign,0,64,0.0,1,0,1,ip-172-31-14-170,linux,0,12.4444,80.36,Signature,True,2025-11-21T22:18:05.988599,,853
OV-III,sign,0,64,0.0,1,0,1,ip-172-31-14-170,linux,0,13.1045,76.31,Signature,True,2025-11-21T22:18:06.002197,,854
OV-III,sign,0,64,0.0,1,0,1,ip-172-31-14-170,linux,0,12.95,77.22,Signature,True,2025-11-21T22:18:06.015590,,855
OV-III,sign,1024,1,0.0,1,0,1,ip-172-31-14-170,linux,0,13.1736,75.91,Signature,True,2025-11-21T22:18:06.029240,,856
OV-III,sign,1024,1,0.0,1,0,1,ip-172-31-14-170,linux,0,12.7739,78.28,Signature,True,2025-11-21T22:18:06.042424,,857
OV-III,sign,1024,1,0.0,1,0,1,ip-172-31-14-170,linux,0,13.0135,76.84,Signature,True,2025-11-21T22:18:06.055883,,858
OV-III,sign,1024,1,0.0,1,0,1,ip-172-31-14-170,linux,0,12.7243,78.59,Signature,True,2025-11-21T22:18:06.069020,,859
OV-III,sign,1024,1,0.0,1,0,1,ip-172-31-14-170,linux,0,12.9846,77.01,Signature,True,2025-11-21T22:18:06.082445,,860
OV-III,sign,1024,16,0.0,1,0,1,ip-172-31-14-170,linux,0,12.4512,80.31,Signature,True,2025-11-21T22:18:06.095341,,861
OV-III,sign,1024,16,0.0,1,0,1,ip-172-31-14-170,linux,0,12.9582,77.17,Signature,True,2025-11-21T22:18:06.108698,,862
OV-III,sign,1024,16,0.0,1,0,1,ip-172-31-14-170,linux,0,12.479,80.13,Signature,True,2025-11-21T22:18:06.121586,,863
OV-III,sign,1024,16,0.0,1,0,1,ip-172-31-14-170,linux,0,12.9646,77.13,Signature,True,2025-11-21T22:18:06.134968,,864
OV-III,sign,1024,16,0.0,1,0,1,ip-172-31-14-170,linux,0,12.4959,80.03,Signature,True,2025-11-21T22:18:06.147918,,865
OV-III,sign,1024,64,0.0,1,0,1,ip-172-31-14-170,linux,0,12.8602,77.76,Signature,True,2025-11-21T22:18:06.161231,,866
OV-III,sign,1024,64,0.0,1,0,1,ip-172-31-14-170,linux,0,12.6752,78.89,Signature,True,2025-11-21T22:18:06.174354,,867
OV-III,sign,1024,64,0.0,1,0,1,ip-172-31-14-170,linux,0,12.9473,77.24,Signature,True,2025-11-21T22:18:06.187705,,868
OV-III,sign,1024,64,0.0,1,0,1,ip-172-31-14-170,linux,0,12.6309,79.17,Signature,True,2025-11-21T22:18:06.200760,,869
OV-III,sign,1024,64,0.0,1,0,1,ip-172-31-14-170,linux,0,12.9205,77.4,Signature,True,2025-11-21T22:18:06.214132,,870
OV-III,verify,0,1,0.0,1,0,1,ip-172-31-14-170,linux,0,12.437,80.41,Signature,True,2025-11-21T22:18:06.226992,,871
OV-III,verify,0,1,0.0,1,0,1,ip-172-31-14-170,linux,0,12.8778,77.65,Signature,True,2025-11-21T22:18:06.240329,,872
OV-III,verify,0,1,0.0,1,0,1,ip-172-31-14-170,linux,0,12.5493,79.69,Signature,True,2025-11-21T22:18:06.253321,,873
OV-III,verify,0,1,0.0,1,0,1,ip-172-31-14-170,linux,0,13.0569,76.59,Signature,True,2025-11-21T22:18:06.266793,,874
OV-III,verify,0,1,0.0,1,0,1,ip-172-31-14-170,linux,0,12.6256,79.2,Signature,True,2025-11-21T22:18:06.279853,,875
OV-III,verify,0,16,0.0,1,0,1,ip-172-31-14-170,linux,0,12.81,78.06,Signature,True,2025-11-21T22:18:06.293131,,876
OV-III,verify,0,16,0.0,1,0,1,ip-172-31-14-170,linux,0,12.499,80.01,Signature,True,2025-11-21T22:18:06.306083,,877
OV-III,verify,0,16,0.0,1,0,1,ip-172-31-14-170,linux,0,12.7221,78.6,Signature,True,2025-11-21T22:18:06.319251,,878
OV-III,verify,0,16,0.0,1,0,1,ip-172-31-14-170,linux,0,12.5084,79.95,Signature,True,2025-11-21T22:18:06.332205,,879
OV-III,verify,0,16,0.0,1,0,1,ip-172-31-14-170,linux,0,12.946,77.24,Signature,True,2025-11-21T22:18:06.345558,,880
OV-III,verify,0,64,0.0,1,0,1,ip-172-31-14-170,linux,0,12.3116,81.22,Signature,True,2025-11-21T22:18:06.358316,,881
OV-III,verify,0,64,0.0,1,0,1,ip-172-31-14-170,linux,0,12.821,78.0,Signature,True,2025-11-21T22:18:06.371537,,882
OV-III,verify,0,64,0.0,1,0,1,ip-172-31-14-170,linux,0,12.3026,81.28,Signature,True,2025-11-21T22:18:06.384281,,883
OV-III,verify,0,64,0.0,1,0,1,ip-172-31-14-170,linux,0,12.8861,77.6,Signature,True,2025-11-21T22:18:06.397580,,884
OV-III,verify,0,64,0.0,1,0,1,ip-172-31-14-170,linux,0,12.5553,79.65,Signature,True,2025-11-21T22:18:06.410581,,885
OV-III,verify,1024,1,0.0,1,0,1,ip-172-31-14-170,linux,0,12.7063,78.7,Signature,True,2025-11-21T22:18:06.423686,,886
OV-III,verify,1024,1,0.0,1,0,1,ip-172-31-14-170,linux,0,12.4966,80.02,Signature,True,2025-11-21T22:18:06.436609,,887
OV-III,verify,1024,1,0.0,1,0,1,ip-172-31-14-170,linux,0,12.6026,79.35,Signature,True,2025-11-21T22:18:06.449621,,888
OV-III,verify,1024,1,0.0,1,0,1,ip-172-31-14-170,linux,0,12.3723,80.83,Signature,True,2025-11-21T22:18:06.462398,,889
OV-III,verify,1024,1,0.0,1,0,1,ip-172-31-14-170,linux,0,12.5385,79.75,Signature,True,2025-11-21T22:18:06.475375,,890
OV-III,verify,1024,16,0.0,1,0,1,ip-172-31-14-170,linux,0,12.4882,80.08,Signature,True,2025-11-21T22:18:06.488296,,891
OV-III,verify,1024,16,0.0,1,0,1,ip-172-31-14-170,linux,0,12.8014,78.12,Signature,True,2025-11-21T22:18:06.501494,,892
OV-III,verify,1024,16,0.0,1,0,1,ip-172-31-14-170,linux,0,12.4005,80.64,Signature,True,2025-11-21T22:18:06.514330,,893
OV-III,verify,1024,16,0.0,1,0,1,ip-172-31-14-170,linux,0,12.8245,77.98,Signature,True,2025-11-21T22:18:06.527556,,894
OV-III,verify,1024,16,0.0,1,0,1,ip-172-31-14-170,linux,0,12.5298,79.81,Signature,True,2025-11-21T22:18:06.540481,,895
OV-III,verify,1024,64,0.0,1,0,1,ip-172-31-14-170,linux,0,12.803,78.11,Signature,True,2025-11-21T22:18:06.553690,,896
OV-III,verify,1024,64,0.0,1,0,1,ip-172-31-14-170,linux,0,12.4282,80.46,Signature,True,2025-11-21T22:18:06.566526,,897
OV-III,verify,1024,64,0.0,1,0,1,ip-172-31-14-170,linux,0,12.7073,78.69,Signature,True,2025-11-21T22:18:06.579629,,898
OV-III,verify,1024,64,0.0,1,0,1,ip-172-31-14-170,linux,0,12.4641,80.23,Signature,True,2025-11-21T22:18:06.592488,,899
OV-III,verify,1024,64,0.0,1,0,1,ip-172-31-14-170,linux,0,12.5801,79.49,Signature,True,2025-11-21T22:18:06.605473,,900
OV-III-pkc,sign,0,1,0.0,1,0,1,ip-172-31-14-170,linux,0,12.7507,78.43,Signature,True,2025-11-21T22:18:06.618569,,901
OV-III-pkc,sign,0,1,0.0,1,0,1,ip-172-31-14-170,linux,0,12.3085,81.24,Signature,True,2025-11-21T22:18:06.631239,,902
OV-III-pkc,sign,0,1,0.0,1,0,1,ip-172-31-14-170,linux,0,12.4899,80.06,Signature,True,2025-11-21T22:18:06.644070,,903
OV-III-pkc,sign,0,1,0.0,1,0,1,ip-172-31-14-170,linux,0,12.303,81.28,Signature,True,2025-11-21T22:18:06.656700,,904
OV-III-pkc,sign,0,1,0.0,1,0,1,ip-172-31-14-170,linux,0,12.6287,79.18,Signature,True,2025-11-21T22:18:06.669647,,905
OV-III-pkc,sign,0,16,0.0,1,0,1,ip-172-31-14-170,linux,0,12.3861,80.74,Signature,True,2025-11-21T22:18:06.682360,,906
OV-III-pkc,sign,0,16,0.0,1,0,1,ip-172-31-14-170,linux,0,12.5032,79.98,Signature,True,2025-11-21T22:18:06.695215,,907
OV-III-pkc,sign,0,16,0.0,1,0,1,ip-172-31-14-170,linux,0,12.3447,81.01,Signature,True,2025-11-21T22:18:06.707905,,908
OV-III-pkc,sign,0,16,0.0,1,0,1,ip-172-31-14-170,linux,0,12.613,79.28,Signature,True,2025-11-21T22:18:06.720852,,909
OV-III-pkc,sign,0,16,0.0,1,0,1,ip-172-31-14-170,linux,0,12.4705,80.19,Signature,True,2025-11-21T22:18:06.733644,,910
OV-III-pkc,sign,0,64,0.0,1,0,1,ip-172-31-14-170,linux,0,12.5184,79.88,Signature,True,2025-11-21T22:18:06.746487,,911
OV-III-pkc,sign,0,64,0.0,1,0,1,ip-172-31-14-170,linux,0,12.3723,80.83,Signature,True,2025-11-21T22:18:06.759209,,912
OV-III-pkc,sign,0,64,0.0,1,0,1,ip-172-31-14-170,linux,0,13.0652,76.54,Signature,True,2025-11-21T22:18:06.772655,,913
OV-III-pkc,sign,0,64,0.0,1,0,1,ip-172-31-14-170,linux,0,17.6351,56.7,Signature,True,2025-11-21T22:18:06.790685,,914
OV-III-pkc,sign,0,64,0.0,1,0,1,ip-172-31-14-170,linux,0,12.7864,78.21,Signature,True,2025-11-21T22:18:06.803814,,915
OV-III-pkc,sign,1024,1,0.0,1,0,1,ip-172-31-14-170,linux,0,12.5028,79.98,Signature,True,2025-11-21T22:18:06.816646,,916
OV-III-pkc,sign,1024,1,0.0,1,0,1,ip-172-31-14-170,linux,0,12.6001,79.36,Signature,True,2025-11-21T22:18:06.829570,,917
OV-III-pkc,sign,1024,1,0.0,1,0,1,ip-172-31-14-170,linux,0,12.5084,79.95,Signature,True,2025-11-21T22:18:06.842409,,918
OV-III-pkc,sign,1024,1,0.0,1,0,1,ip-172-31-14-170,linux,0,12.5312,79.8,Signature,True,2025-11-21T22:18:06.855291,,919
OV-III-pkc,sign,1024,1,0.0,1,0,1,ip-172-31-14-170,linux,0,12.514,79.91,Signature,True,2025-11-21T22:18:06.868153,,920
OV-III-pkc,sign,1024,16,0.0,1,0,1,ip-172-31-14-170,linux,0,12.388,80.72,Signature,True,2025-11-21T22:18:06.880858,,921
OV-III-pkc,sign,1024,16,0.0,1,0,1,ip-172-31-14-170,linux,0,12.2583,81.58,Signature,True,2025-11-21T22:18:06.893432,,922
OV-III-pkc,sign,1024,16,0.0,1,0,1,ip-172-31-14-170,linux,0,12.4253,80.48,Signature,True,2025-11-21T22:18:06.906206,,923
OV-III-pkc,sign,1024,16,0.0,1,0,1,ip-172-31-14-170,linux,0,12.2033,81.95,Signature,True,2025-11-21T22:18:06.918733,,924
OV-III-pkc,sign,1024,16,0.0,1,0,1,ip-172-31-14-170,linux,0,12.5443,79.72,Signature,True,2025-11-21T22:18:06.931601,,925
OV-III-pkc,sign,1024,64,0.0,1,0,1,ip-172-31-14-170,linux,0,12.3402,81.04,Signature,True,2025-11-21T22:18:06.944279,,926
OV-III-pkc,sign,1024,64,0.0,1,0,1,ip-172-31-14-170,linux,0,12.4902,80.06,Signature,True,2025-11-21T22:18:06.957122,,927
OV-III-pkc,sign,1024,64,0.0,1,0,1,ip-172-31-14-170,linux,0,12.3567,80.93,Signature,True,2025-11-21T22:18:06.969812,,928
OV-III-pkc,sign,1024,64,0.0,1,0,1,ip-172-31-14-170,linux,0,12.512,79.92,Signature,True,2025-11-21T22:18:06.982650,,929
OV-III-pkc,sign,1024,64,0.0,1,0,1,ip-172-31-14-170,linux,0,12.4599,80.26,Signature,True,2025-11-21T22:18:06.995493,,930
OV-III-pkc,verify,0,1,0.0,1,0,1,ip-172-31-14-170,linux,0,12.9828,77.03,Signature,True,2025-11-21T22:18:07.008836,,931
OV-III-pkc,verify,0,1,0.0,1,0,1,ip-172-31-14-170,linux,0,12.5362,79.77,Signature,True,2025-11-21T22:18:07.021710,,932
OV-III-pkc,verify,0,1,0.0,1,0,1,ip-172-31-14-170,linux,0,12.583,79.47,Signature,True,2025-11-21T22:18:07.034620,,933
OV-III-pkc,verify,0,1,0.0,1,0,1,ip-172-31-14-170,linux,0,12.3679,80.85,Signature,True,2025-11-21T22:18:07.047308,,934
OV-III-pkc,verify,0,1,0.0,1,0,1,ip-172-31-14-170,linux,0,12.4438,80.36,Signature,True,2025-11-21T22:18:07.060098,,935
OV-III-pkc,verify,0,16,0.0,1,0,1,ip-172-31-14-170,linux,0,12.3044,81.27,Signature,True,2025-11-21T22:18:07.072731,,936
OV-III-pkc,verify,0,16,0.0,1,0,1,ip-172-31-14-170,linux,0,12.4859,80.09,Signature,True,2025-11-21T22:18:07.085547,,937
OV-III-pkc,verify,0,16,0.0,1,0,1,ip-172-31-14-170,linux,0,12.3138,81.21,Signature,True,2025-11-21T22:18:07.098213,,938
OV-III-pkc,verify,0,16,0.0,1,0,1,ip-172-31-14-170,linux,0,12.5433,79.72,Signature,True,2025-11-21T22:18:07.111100,,939
OV-III-pkc,verify,0,16,0.0,1,0,1,ip-172-31-14-170,linux,0,12.4648,80.23,Signature,True,2025-11-21T22:18:07.123896,,940
OV-III-pkc,verify,0,64,0.0,1,0,1,ip-172-31-14-170,linux,0,12.5593,79.62,Signature,True,2025-11-21T22:18:07.136778,,941
OV-III-pkc,verify,0,64,0.0,1,0,1,ip-172-31-14-170,linux,0,12.355,80.94,Signature,True,2025-11-21T22:18:07.149454,,942
OV-III-pkc,verify,0,64,0.0,1,0,1,ip-172-31-14-170,linux,0,12.4258,80.48,Signature,True,2025-11-21T22:18:07.162218,,943
OV-III-pkc,verify,0,64,0.0,1,0,1,ip-172-31-14-170,linux,0,12.4241,80.49,Signature,True,2025-11-21T22:18:07.174972,,944
OV-III-pkc,verify,0,64,0.0,1,0,1,ip-172-31-14-170,linux,0,12.5502,79.68,Signature,True,2025-11-21T22:18:07.187873,,945
OV-III-pkc,verify,1024,1,0.0,1,0,1,ip-172-31-14-170,linux,0,12.2904,81.36,Signature,True,2025-11-21T22:18:07.200490,,946
OV-III-pkc,verify,1024,1,0.0,1,0,1,ip-172-31-14-170,linux,0,12.6472,79.07,Signature,True,2025-11-21T22:18:07.213460,,947
OV-III-pkc,verify,1024,1,0.0,1,0,1,ip-172-31-14-170,linux,0,12.3253,81.13,Signature,True,2025-11-21T22:18:07.226133,,948
OV-III-pkc,verify,1024,1,0.0,1,0,1,ip-172-31-14-170,linux,0,12.5312,79.8,Signature,True,2025-11-21T22:18:07.238988,,949
OV-III-pkc,verify,1024,1,0.0,1,0,1,ip-172-31-14-170,linux,0,12.3318,81.09,Signature,True,2025-11-21T22:18:07.251663,,950
OV-III-pkc,verify,1024,16,0.0,1,0,1,ip-172-31-14-170,linux,0,12.5599,79.62,Signature,True,2025-11-21T22:18:07.264563,,951
OV-III-pkc,verify,1024,16,0.0,1,0,1,ip-172-31-14-170,linux,0,12.4171,80.53,Signature,True,2025-11-21T22:18:07.277298,,952
OV-III-pkc,verify,1024,16,0.0,1,0,1,ip-172-31-14-170,linux,0,12.3773,80.79,Signature,True,2025-11-21T22:18:07.290025,,953
OV-III-pkc,verify,1024,16,0.0,1,0,1,ip-172-31-14-170,linux,0,12.2259,81.79,Signature,True,2025-11-21T22:18:07.302594,,954
OV-III-pkc,verify,1024,16,0.0,1,0,1,ip-172-31-14-170,linux,0,12.3483,80.98,Signature,True,2025-11-21T22:18:07.315289,,955
OV-III-pkc,verify,1024,64,0.0,1,0,1,ip-172-31-14-170,linux,0,12.0656,82.88,Signature,True,2025-11-21T22:18:07.327673,,956
OV-III-pkc,verify,1024,64,0.0,1,0,1,ip-172-31-14-170,linux,0,12.3999,80.65,Signature,True,2025-11-21T22:18:07.340403,,957
OV-III-pkc,verify,1024,64,0.0,1,0,1,ip-172-31-14-170,linux,0,12.3239,81.14,Signature,True,2025-11-21T22:18:07.353078,,958
OV-III-pkc,verify,1024,64,0.0,1,0,1,ip-172-31-14-170,linux,0,12.3354,81.07,Signature,True,2025-11-21T22:18:07.365725,,959
OV-III-pkc,verify,1024,64,0.0,1,0,1,ip-172-31-14-170,linux,0,12.1798,82.1,Signature,True,2025-11-21T22:18:07.378245,,960
OV-III-pkc-skc,sign,0,1,0.0,1,0,1,ip-172-31-14-170,linux,0,18.3609,54.46,Signature,True,2025-11-21T22:18:07.396717,,961
OV-III-pkc-skc,sign,0,1,0.0,1,0,1,ip-172-31-14-170,linux,0,17.6902,56.53,Signature,True,2025-11-21T22:18:07.414513,,962
OV-III-pkc-skc,sign,0,1,0.0,1,0,1,ip-172-31-14-170,linux,0,17.8869,55.91,Signature,True,2025-11-21T22:18:07.432507,,963
OV-III-pkc-skc,sign,0,1,0.0,1,0,1,ip-172-31-14-170,linux,0,17.6514,56.65,Signature,True,2025-11-21T22:18:07.450262,,964
OV-III-pkc-skc,sign,0,1,0.0,1,0,1,ip-172-31-14-170,linux,0,17.6181,56.76,Signature,True,2025-11-21T22:18:07.467989,,965
OV-III-pkc-skc,sign,0,16,0.0,1,0,1,ip-172-31-14-170,linux,0,17.5741,56.9,Signature,True,2025-11-21T22:18:07.485688,,966
OV-III-pkc-skc,sign,0,16,0.0,1,0,1,ip-172-31-14-170,linux,0,17.6165,56.76,Signature,True,2025-11-21T22:18:07.503413,,967
OV-III-pkc-skc,sign,0,16,0.0,1,0,1,ip-172-31-14-170,linux,0,17.6373,56.7,Signature,True,2025-11-21T22:18:07.521160,,968
OV-III-pkc-skc,sign,0,16,0.0,1,0,1,ip-172-31-14-170,linux,0,17.8324,56.08,Signature,True,2025-11-21T22:18:07.539103,,969
OV-III-pkc-skc,sign,0,16,0.0,1,0,1,ip-172-31-14-170,linux,0,17.6683,56.6,Signature,True,2025-11-21T22:18:07.556874,,970
OV-III-pkc-skc,sign,0,64,0.0,1,0,1,ip-172-31-14-170,linux,0,17.6977,56.5,Signature,True,2025-11-21T22:18:07.574683,,971
OV-III-pkc-skc,sign,0,64,0.0,1,0,1,ip-172-31-14-170,linux,0,17.8522,56.02,Signature,True,2025-11-21T22:18:07.592641,,972
OV-III-pkc-skc,sign,0,64,0.0,1,0,1,ip-172-31-14-170,linux,0,17.6863,56.54,Signature,True,2025-11-21T22:18:07.610433,,973
OV-III-pkc-skc,sign,0,64,0.0,1,0,1,ip-172-31-14-170,linux,0,17.8125,56.14,Signature,True,2025-11-21T22:18:07.628353,,974
OV-III-pkc-skc,sign,0,64,0.0,1,0,1,ip-172-31-14-170,linux,0,17.7317,56.4,Signature,True,2025-11-21T22:18:07.646188,,975
OV-III-pkc-skc,sign,1024,1,0.0,1,0,1,ip-172-31-14-170,linux,0,17.6646,56.61,Signature,True,2025-11-21T22:18:07.663961,,976
OV-III-pkc-skc,sign,1024,1,0.0,1,0,1,ip-172-31-14-170,linux,0,17.786,56.22,Signature,True,2025-11-21T22:18:07.681854,,977
OV-III-pkc-skc,sign,1024,1,0.0,1,0,1,ip-172-31-14-170,linux,0,17.8074,56.16,Signature,True,2025-11-21T22:18:07.699776,,978
OV-III-pkc-skc,sign,1024,1,0.0,1,0,1,ip-172-31-14-170,linux,0,17.8178,56.12,Signature,True,2025-11-21T22:18:07.717699,,979
OV-III-pkc-skc,sign,1024,1,0.0,1,0,1,ip-172-31-14-170,linux,0,17.6504,56.66,Signature,True,2025-11-21T22:18:07.735457,,980
OV-III-pkc-skc,sign,1024,16,0.0,1,0,1,ip-172-31-14-170,linux,0,17.9158,55.82,Signature,True,2025-11-21T22:18:07.753485,,981
OV-III-pkc-skc,sign,1024,16,0.0,1,0,1,ip-172-31-14-170,linux,0,17.8137,56.14,Signature,True,2025-11-21T22:18:07.771405,,982
OV-III-pkc-skc,sign,1024,16,0.0,1,0,1,ip-172-31-14-170,linux,0,17.7351,56.39,Signature,True,2025-11-21T22:18:07.789257,,983
OV-III-pkc-skc,sign,1024,16,0.0,1,0,1,ip-172-31-14-170,linux,0,17.6404,56.69,Signature,True,2025-11-21T22:18:07.807003,,984
OV-III-pkc-skc,sign,1024,16,0.0,1,0,1,ip-172-31-14-170,linux,0,17.9245,55.79,Signature,True,2025-11-21T22:18:07.825074,,985
OV-III-pkc-skc,sign,1024,64,0.0,1,0,1,ip-172-31-14-170,linux,0,17.9176,55.81,Signature,True,2025-11-21T22:18:07.843099,,986
OV-III-pkc-skc,sign,1024,64,0.0,1,0,1,ip-172-31-14-170,linux,0,17.7071,56.47,Signature,True,2025-11-21T22:18:07.860918,,987
OV-III-pkc-skc,sign,1024,64,0.0,1,0,1,ip-172-31-14-170,linux,0,17.8293,56.09,Signature,True,2025-11-21T22:18:07.878858,,988
OV-III-pkc-skc,sign,1024,64,0.0,1,0,1,ip-172-31-14-170,linux,0,17.7816,56.24,Signature,True,2025-11-21T22:18:07.896751,,989
OV-III-pkc-skc,sign,1024,64,0.0,1,0,1,ip-172-31-14-170,linux,0,17.7266,56.41,Signature,True,2025-11-21T22:18:07.914584,,990
OV-III-pkc-skc,verify,0,1,0.0,1,0,1,ip-172-31-14-170,linux,0,17.8222,56.11,Signature,True,2025-11-21T22:18:07.932519,,991
OV-III-pkc-skc,verify,0,1,0.0,1,0,1,ip-172-31-14-170,linux,0,17.8057,56.16,Signature,True,2025-11-21T22:18:07.950432,,992
OV-III-pkc-skc,verify,0,1,0.0,1,0,1,ip-172-31-14-170,linux,0,17.8791,55.93,Signature,True,2025-11-21T22:18:07.968414,,993
OV-III-pkc-skc,verify,0,1,0.0,1,0,1,ip-172-31-14-170,linux,0,17.8008,56.18,Signature,True,2025-11-21T22:18:07.986322,,994
OV-III-pkc-skc,verify,0,1,0.0,1,0,1,ip-172-31-14-170,linux,0,17.8188,56.12,Signature,True,2025-11-21T22:18:08.004256,,995
OV-III-pkc-skc,verify,0,16,0.0,1,0,1,ip-172-31-14-170,linux,0,18.0295,55.46,Signature,True,2025-11-21T22:18:08.022417,,996
OV-III-pkc-skc,verify,0,16,0.0,1,0,1,ip-172-31-14-170,linux,0,17.8947,55.88,Signature,True,2025-11-21T22:18:08.040427,,997
OV-III-pkc-skc,verify,0,16,0.0,1,0,1,ip-172-31-14-170,linux,0,17.9078,55.84,Signature,True,2025-11-21T22:18:08.058445,,998
OV-III-pkc-skc,verify,0,16,0.0,1,0,1,ip-172-31-14-170,linux,0,18.0026,55.55,Signature,True,2025-11-21T22:18:08.076562,,999
OV-III-pkc-skc,verify,0,16,0.0,1,0,1,ip-172-31-14-170,linux,0,17.9721,55.64,Signature,True,2025-11-21T22:18:08.094649,,1000
OV-III-pkc-skc,verify,0,64,0.0,1,0,1,ip-172-31-14-170,linux,0,17.92,55.8,Signature,True,2025-11-21T22:18:08.112678,,1001
OV-III-pkc-skc,verify,0,64,0.0,1,0,1,ip-172-31-14-170,linux,0,17.7548,56.32,Signature,True,2025-11-21T22:18:08.130546,,1002
OV-III-pkc-skc,verify,0,64,0.0,1,0,1,ip-172-31-14-170,linux,0,17.916,55.82,Signature,True,2025-11-21T22:18:08.148572,,1003
OV-III-pkc-skc,verify,0,64,0.0,1,0,1,ip-172-31-14-170,linux,0,17.7521,56.33,Signature,True,2025-11-21T22:18:08.166427,,1004
OV-III-pkc-skc,verify,0,64,0.0,1,0,1,ip-172-31-14-170,linux,0,17.8082,56.15,Signature,True,2025-11-21T22:18:08.184345,,1005
OV-III-pkc-skc,verify,1024,1,0.0,1,0,1,ip-172-31-14-170,linux,0,17.8662,55.97,Signature,True,2025-11-21T22:18:08.202319,,1006
OV-III-pkc-skc,verify,1024,1,0.0,1,0,1,ip-172-31-14-170,linux,0,17.7959,56.19,Signature,True,2025-11-21T22:18:08.220225,,1007
OV-III-pkc-skc,verify,1024,1,0.0,1,0,1,ip-172-31-14-170,linux,0,17.9104,55.83,Signature,True,2025-11-21T22:18:08.238240,,1008
OV-III-pkc-skc,verify,1024,1,0.0,1,0,1,ip-172-31-14-170,linux,0,17.9588,55.68,Signature,True,2025-11-21T22:18:08.256306,,1009
OV-III-pkc-skc,verify,1024,1,0.0,1,0,1,ip-172-31-14-170,linux,0,17.8268,56.1,Signature,True,2025-11-21T22:18:08.274238,,1010
OV-III-pkc-skc,verify,1024,16,0.0,1,0,1,ip-172-31-14-170,linux,0,17.7075,56.47,Signature,True,2025-11-21T22:18:08.292071,,1011
OV-III-pkc-skc,verify,1024,16,0.0,1,0,1,ip-172-31-14-170,linux,0,17.6497,56.66,Signature,True,2025-11-21T22:18:08.309829,,1012
OV-III-pkc-skc,verify,1024,16,0.0,1,0,1,ip-172-31-14-170,linux,0,17.7358,56.38,Signature,True,2025-11-21T22:18:08.327672,,1013
OV-III-pkc-skc,verify,1024,16,0.0,1,0,1,ip-172-31-14-170,linux,0,17.8218,56.11,Signature,True,2025-11-21T22:18:08.345611,,1014
OV-III-pkc-skc,verify,1024,16,0.0,1,0,1,ip-172-31-14-170,linux,0,17.8328,56.08,Signature,True,2025-11-21T22:18:08.363548,,1015
OV-III-pkc-skc,verify,1024,64,0.0,1,0,1,ip-172-31-14-170,linux,0,17.6388,56.69,Signature,True,2025-11-21T22:18:08.381295,,1016
OV-III-pkc-skc,verify,1024,64,0.0,1,0,1,ip-172-31-14-170,linux,0,17.8036,56.17,Signature,True,2025-11-21T22:18:08.399203,,1017
OV-III-pkc-skc,verify,1024,64,0.0,1,0,1,ip-172-31-14-170,linux,0,17.7217,56.43,Signature,True,2025-11-21T22:18:08.417028,,1018
OV-III-pkc-skc,verify,1024,64,0.0,1,0,1,ip-172-31-14-170,linux,0,17.604,56.81,Signature,True,2025-11-21T22:18:08.434800,,1019
OV-III-pkc-skc,verify,1024,64,0.0,1,0,1,ip-172-31-14-170,linux,0,17.8984,55.87,Signature,True,2025-11-21T22:18:08.452806,,1020
OV-Ip,sign,0,1,0.0,1,0,1,ip-172-31-14-170,linux,0,2.0521,487.31,Signature,True,2025-11-21T22:18:08.454971,,1021
OV-Ip,sign,0,1,0.0,1,0,1,ip-172-31-14-170,linux,0,1.9019,525.78,Signature,True,2025-11-21T22:18:08.456976,,1022
OV-Ip,sign,0,1,0.0,1,0,1,ip-172-31-14-170,linux,0,1.8946,527.82,Signature,True,2025-11-21T22:18:08.458954,,1023
OV-Ip,sign,0,1,0.0,1,0,1,ip-172-31-14-170,linux,0,1.8705,534.62,Signature,True,2025-11-21T22:18:08.460901,,1024
OV-Ip,sign,0,1,0.0,1,0,1,ip-172-31-14-170,linux,0,1.8886,529.49,Signature,True,2025-11-21T22:18:08.462886,,1025
OV-Ip,sign,0,16,0.0,1,0,1,ip-172-31-14-170,linux,0,1.8763,532.96,Signature,True,2025-11-21T22:18:08.464844,,1026
OV-Ip,sign,0,16,0.0,1,0,1,ip-172-31-14-170,linux,0,1.8753,533.24,Signature,True,2025-11-21T22:18:08.466797,,1027
OV-Ip,sign,0,16,0.0,1,0,1,ip-172-31-14-170,linux,0,1.8544,539.26,Signature,True,2025-11-21T22:18:08.468722,,1028
OV-Ip,sign,0,16,0.0,1,0,1,ip-172-31-14-170,linux,0,1.8377,544.16,Signature,True,2025-11-21T22:18:08.470629,,1029
OV-Ip,sign,0,16,0.0,1,0,1,ip-172-31-14-170,linux,0,1.8615,537.21,Signature,True,2025-11-21T22:18:08.472556,,1030
OV-Ip,sign,0,64,0.0,1,0,1,ip-172-31-14-170,linux,0,1.845,542.0,Signature,True,2025-11-21T22:18:08.474471,,1031
OV-Ip,sign,0,64,0.0,1,0,1,ip-172-31-14-170,linux,0,1.8624,536.94,Signature,True,2025-11-21T22:18:08.476405,,1032
OV-Ip,sign,0,64,0.0,1,0,1,ip-172-31-14-170,linux,0,1.8452,541.95,Signature,True,2025-11-21T22:18:08.478324,,1033
OV-Ip,sign,0,64,0.0,1,0,1,ip-172-31-14-170,linux,0,1.8579,538.23,Signature,True,2025-11-21T22:18:08.480251,,1034
OV-Ip,sign,0,64,0.0,1,0,1,ip-172-31-14-170,linux,0,1.8611,537.31,Signature,True,2025-11-21T22:18:08.482180,,1035
OV-Ip,sign,1024,1,0.0,1,0,1,ip-172-31-14-170,linux,0,1.8728,533.97,Signature,True,2025-11-21T22:18:08.484124,,1036
OV-Ip,sign,1024,1,0.0,1,0,1,ip-172-31-14-170,linux,0,1.8473,541.33,Signature,True,2025-11-21T22:18:08.486043,,1037
OV-Ip,sign,1024,1,0.0,1,0,1,ip-172-31-14-170,linux,0,1.8577,538.3,Signature,True,2025-11-21T22:18:08.487984,,1038
OV-Ip,sign,1024,1,0.0,1,0,1,ip-172-31-14-170,linux,0,1.8565,538.66,Signature,True,2025-11-21T22:18:08.489907,,1039
OV-Ip,sign,1024,1,0.0,1,0,1,ip-172-31-14-170,linux,0,1.9222,520.24,Signature,True,2025-11-21T22:18:08.491901,,1040
OV-Ip,sign,1024,16,0.0,1,0,1,ip-172-31-14-170,linux,0,1.8652,536.13,Signature,True,2025-11-21T22:18:08.493834,,1041
OV-Ip,sign,1024,16,0.0,1,0,1,ip-172-31-14-170,linux,0,1.8543,539.28,Signature,True,2025-11-21T22:18:08.495755,,1042
OV-Ip,sign,1024,16,0.0,1,0,1,ip-172-31-14-170,linux,0,1.8449,542.04,Signature,True,2025-11-21T22:18:08.497660,,1043
OV-Ip,sign,1024,16,0.0,1,0,1,ip-172-31-14-170,linux,0,1.8427,542.68,Signature,True,2025-11-21T22:18:08.499572,,1044
OV-Ip,sign,1024,16,0.0,1,0,1,ip-172-31-14-170,linux,0,1.8505,540.41,Signature,True,2025-11-21T22:18:08.501494,,1045
OV-Ip,sign,1024,64,0.0,1,0,1,ip-172-31-14-170,linux,0,1.8412,543.14,Signature,True,2025-11-21T22:18:08.503401,,1046
OV-Ip,sign,1024,64,0.0,1,0,1,ip-172-31-14-170,linux,0,1.8526,539.77,Signature,True,2025-11-21T22:18:08.505316,,1047
OV-Ip,sign,1024,64,0.0,1,0,1,ip-172-31-14-170,linux,0,1.8515,540.11,Signature,True,2025-11-21T22:18:08.507228,,1048
OV-Ip,sign,1024,64,0.0,1,0,1,ip-172-31-14-170,linux,0,1.8867,530.03,Signature,True,2025-11-21T22:18:08.509177,,1049
OV-Ip,sign,1024,64,0.0,1,0,1,ip-172-31-14-170,linux,0,1.8643,536.4,Signature,True,2025-11-21T22:18:08.511108,,1050
OV-Ip,verify,0,1,0.0,1,0,1,ip-172-31-14-170,linux,0,1.8401,543.45,Signature,True,2025-11-21T22:18:08.513020,,1051
OV-Ip,verify,0,1,0.0,1,0,1,ip-172-31-14-170,linux,0,1.8221,548.81,Signature,True,2025-11-21T22:18:08.514923,,1052
OV-Ip,verify,0,1,0.0,1,0,1,ip-172-31-14-170,linux,0,1.8452,541.96,Signature,True,2025-11-21T22:18:08.516834,,1053
OV-Ip,verify,0,1,0.0,1,0,1,ip-172-31-14-170,linux,0,1.829,546.74,Signature,True,2025-11-21T22:18:08.518727,,1054
OV-Ip,verify,0,1,0.0,1,0,1,ip-172-31-14-170,linux,0,1.8414,543.07,Signature,True,2025-11-21T22:18:08.520633,,1055
OV-Ip,verify,0,16,0.0,1,0,1,ip-172-31-14-170,linux,0,1.8296,546.57,Signature,True,2025-11-21T22:18:08.522531,,1056
OV-Ip,verify,0,16,0.0,1,0,1,ip-172-31-14-170,linux,0,1.8491,540.79,Signature,True,2025-11-21T22:18:08.524441,,1057
OV-Ip,verify,0,16,0.0,1,0,1,ip-172-31-14-170,linux,0,1.8425,542.74,Signature,True,2025-11-21T22:18:08.526342,,1058
OV-Ip,verify,0,16,0.0,1,0,1,ip-172-31-14-170,linux,0,1.838,544.06,Signature,True,2025-11-21T22:18:08.528243,,1059
OV-Ip,verify,0,16,0.0,1,0,1,ip-172-31-14-170,linux,0,1.8441,542.27,Signature,True,2025-11-21T22:18:08.530151,,1060
OV-Ip,verify,0,64,0.0,1,0,1,ip-172-31-14-170,linux,0,1.8393,543.7,Signature,True,2025-11-21T22:18:08.532065,,1061
OV-Ip,verify,0,64,0.0,1,0,1,ip-172-31-14-170,linux,0,1.8346,545.07,Signature,True,2025-11-21T22:18:08.533960,,1062
OV-Ip,verify,0,64,0.0,1,0,1,ip-172-31-14-170,linux,0,1.8683,535.25,Signature,True,2025-11-21T22:18:08.535893,,1063
OV-Ip,verify,0,64,0.0,1,0,1,ip-172-31-14-170,linux,0,1.8379,544.1,Signature,True,2025-11-21T22:18:08.537794,,1064
OV-Ip,verify,0,64,0.0,1,0,1,ip-172-31-14-170,linux,0,1.8349,545.0,Signature,True,2025-11-21T22:18:08.539691,,1065
OV-Ip,verify,1024,1,0.0,1,0,1,ip-172-31-14-170,linux,0,1.8403,543.4,Signature,True,2025-11-21T22:18:08.541603,,1066
OV-Ip,verify,1024,1,0.0,1,0,1,ip-172-31-14-170,linux,0,1.8408,543.24,Signature,True,2025-11-21T22:18:08.543506,,1067
OV-Ip,verify,1024,1,0.0,1,0,1,ip-172-31-14-170,linux,0,1.8513,540.15,Signature,True,2025-11-21T22:18:08.545417,,1068
OV-Ip,verify,1024,1,0.0,1,0,1,ip-172-31-14-170,linux,0,1.8378,544.13,Signature,True,2025-11-21T22:18:08.547316,,1069
OV-Ip,verify,1024,1,0.0,1,0,1,ip-172-31-14-170,linux,0,1.8488,540.9,Signature,True,2025-11-21T22:18:08.549223,,1070
OV-Ip,verify,1024,16,0.0,1,0,1,ip-172-31-14-170,linux,0,1.852,539.95,Signature,True,2025-11-21T22:18:08.551136,,1071
OV-Ip,verify,1024,16,0.0,1,0,1,ip-172-31-14-170,linux,0,1.8499,540.58,Signature,True,2025-11-21T22:18:08.553064,,1072
OV-Ip,verify,1024,16,0.0,1,0,1,ip-172-31-14-170,linux,0,1.8379,544.1,Signature,True,2025-11-21T22:18:08.554963,,1073
OV-Ip,verify,1024,16,0.0,1,0,1,ip-172-31-14-170,linux,0,1.8729,533.94,Signature,True,2025-11-21T22:18:08.556901,,1074
OV-Ip,verify,1024,16,0.0,1,0,1,ip-172-31-14-170,linux,0,1.8353,544.87,Signature,True,2025-11-21T22:18:08.558797,,1075
OV-Ip,verify,1024,64,0.0,1,0,1,ip-172-31-14-170,linux,0,1.8408,543.24,Signature,True,2025-11-21T22:18:08.560701,,1076
OV-Ip,verify,1024,64,0.0,1,0,1,ip-172-31-14-170,linux,0,1.842,542.89,Signature,True,2025-11-21T22:18:08.562604,,1077
OV-Ip,verify,1024,64,0.0,1,0,1,ip-172-31-14-170,linux,0,1.8514,540.14,Signature,True,2025-11-21T22:18:08.564522,,1078
OV-Ip,verify,1024,64,0.0,1,0,1,ip-172-31-14-170,linux,0,1.853,539.67,Signature,True,2025-11-21T22:18:08.566442,,1079
OV-Ip,verify,1024,64,0.0,1,0,1,ip-172-31-14-170,linux,0,1.9805,504.93,Signature,True,2025-11-21T22:18:08.568492,,1080
OV-Ip-pkc,sign,0,1,0.0,1,0,1,ip-172-31-14-170,linux,0,2.0056,498.61,Signature,True,2025-11-21T22:18:08.570575,,1081
OV-Ip-pkc,sign,0,1,0.0,1,0,1,ip-172-31-14-170,linux,0,1.9099,523.59,Signature,True,2025-11-21T22:18:08.572547,,1082
OV-Ip-pkc,sign,0,1,0.0,1,0,1,ip-172-31-14-170,linux,0,1.9239,519.78,Signature,True,2025-11-21T22:18:08.574534,,1083
OV-Ip-pkc,sign,0,1,0.0,1,0,1,ip-172-31-14-170,linux,0,1.8893,529.3,Signature,True,2025-11-21T22:18:08.576484,,1084
OV-Ip-pkc,sign,0,1,0.0,1,0,1,ip-172-31-14-170,linux,0,1.9029,525.53,Signature,True,2025-11-21T22:18:08.578448,,1085
OV-Ip-pkc,sign,0,16,0.0,1,0,1,ip-172-31-14-170,linux,0,1.8927,528.34,Signature,True,2025-11-21T22:18:08.580431,,1086
OV-Ip-pkc,sign,0,16,0.0,1,0,1,ip-172-31-14-170,linux,0,1.9407,515.29,Signature,True,2025-11-21T22:18:08.582433,,1087
OV-Ip-pkc,sign,0,16,0.0,1,0,1,ip-172-31-14-170,linux,0,1.9169,521.68,Signature,True,2025-11-21T22:18:08.584411,,1088
OV-Ip-pkc,sign,0,16,0.0,1,0,1,ip-172-31-14-170,linux,0,1.9232,519.98,Signature,True,2025-11-21T22:18:08.586443,,1089
OV-Ip-pkc,sign,0,16,0.0,1,0,1,ip-172-31-14-170,linux,0,1.8919,528.56,Signature,True,2025-11-21T22:18:08.588402,,1090
OV-Ip-pkc,sign,0,64,0.0,1,0,1,ip-172-31-14-170,linux,0,1.9132,522.67,Signature,True,2025-11-21T22:18:08.590379,,1091
OV-Ip-pkc,sign,0,64,0.0,1,0,1,ip-172-31-14-170,linux,0,1.9281,518.65,Signature,True,2025-11-21T22:18:08.592370,,1092
OV-Ip-pkc,sign,0,64,0.0,1,0,1,ip-172-31-14-170,linux,0,1.9034,525.37,Signature,True,2025-11-21T22:18:08.594333,,1093
OV-Ip-pkc,sign,0,64,0.0,1,0,1,ip-172-31-14-170,linux,0,1.9541,511.75,Signature,True,2025-11-21T22:18:08.596348,,1094
OV-Ip-pkc,sign,0,64,0.0,1,0,1,ip-172-31-14-170,linux,0,1.902,525.77,Signature,True,2025-11-21T22:18:08.598310,,1095
OV-Ip-pkc,sign,1024,1,0.0,1,0,1,ip-172-31-14-170,linux,0,1.9027,525.58,Signature,True,2025-11-21T22:18:08.600275,,1096
OV-Ip-pkc,sign,1024,1,0.0,1,0,1,ip-172-31-14-170,linux,0,1.9204,520.72,Signature,True,2025-11-21T22:18:08.602254,,1097
OV-Ip-pkc,sign,1024,1,0.0,1,0,1,ip-172-31-14-170,linux,0,1.929,518.42,Signature,True,2025-11-21T22:18:08.604245,,1098
OV-Ip-pkc,sign,1024,1,0.0,1,0,1,ip-172-31-14-170,linux,0,1.8893,529.28,Signature,True,2025-11-21T22:18:08.606195,,1099
OV-Ip-pkc,sign,1024,1,0.0,1,0,1,ip-172-31-14-170,linux,0,1.9493,513.02,Signature,True,2025-11-21T22:18:08.608203,,1100
OV-Ip-pkc,sign,1024,16,0.0,1,0,1,ip-172-31-14-170,linux,0,1.9187,521.18,Signature,True,2025-11-21T22:18:08.610185,,1101
OV-Ip-pkc,sign,1024,16,0.0,1,0,1,ip-172-31-14-170,linux,0,1.9114,523.18,Signature,True,2025-11-21T22:18:08.612157,,1102
OV-Ip-pkc,sign,1024,16,0.0,1,0,1,ip-172-31-14-170,linux,0,1.971,507.36,Signature,True,2025-11-21T22:18:08.614189,,1103
OV-Ip-pkc,sign,1024,16,0.0,1,0,1,ip-172-31-14-170,linux,0,1.9573,510.92,Signature,True,2025-11-21T22:18:08.616209,,1104
OV-Ip-pkc,sign,1024,16,0.0,1,0,1,ip-172-31-14-170,linux,0,1.8943,527.89,Signature,True,2025-11-21T22:18:08.618165,,1105
OV-Ip-pkc,sign,1024,64,0.0,1,0,1,ip-172-31-14-170,linux,0,1.9311,517.84,Signature,True,2025-11-21T22:18:08.620159,,1106
OV-Ip-pkc,sign,1024,64,0.0,1,0,1,ip-172-31-14-170,linux,0,1.93,518.13,Signature,True,2025-11-21T22:18:08.622149,,1107
OV-Ip-pkc,sign,1024,64,0.0,1,0,1,ip-172-31-14-170,linux,0,1.9207,520.64,Signature,True,2025-11-21T22:18:08.624126,,1108
OV-Ip-pkc,sign,1024,64,0.0,1,0,1,ip-172-31-14-170,linux,0,1.9171,521.62,Signature,True,2025-11-21T22:18:08.626101,,1109
OV-Ip-pkc,sign,1024,64,0.0,1,0,1,ip-172-31-14-170,linux,0,1.9348,516.85,Signature,True,2025-11-21T22:18:08.628095,,1110
OV-Ip-pkc,verify,0,1,0.0,1,0,1,ip-172-31-14-170,linux,0,1.8727,533.98,Signature,True,2025-11-21T22:18:08.630036,,1111
OV-Ip-pkc,verify,0,1,0.0,1,0,1,ip-172-31-14-170,linux,0,1.9201,520.8,Signature,True,2025-11-21T22:18:08.632027,,1112
OV-Ip-pkc,verify,0,1,0.0,1,0,1,ip-172-31-14-170,linux,0,1.8692,534.99,Signature,True,2025-11-21T22:18:08.633973,,1113
OV-Ip-pkc,verify,0,1,0.0,1,0,1,ip-172-31-14-170,linux,0,1.9531,512.01,Signature,True,2025-11-21T22:18:08.635992,,1114
OV-Ip-pkc,verify,0,1,0.0,1,0,1,ip-172-31-14-170,linux,0,1.9088,523.89,Signature,True,2025-11-21T22:18:08.637992,,1115
OV-Ip-pkc,verify,0,16,0.0,1,0,1,ip-172-31-14-170,linux,0,1.9315,517.74,Signature,True,2025-11-21T22:18:08.640012,,1116
OV-Ip-pkc,verify,0,16,0.0,1,0,1,ip-172-31-14-170,linux,0,1.8955,527.55,Signature,True,2025-11-21T22:18:08.641985,,1117
OV-Ip-pkc,verify,0,16,0.0,1,0,1,ip-172-31-14-170,linux,0,1.896,527.42,Signature,True,2025-11-21T22:18:08.643948,,1118
OV-Ip-pkc,verify,0,16,0.0,1,0,1,ip-172-31-14-170,linux,0,1.8921,528.53,Signature,True,2025-11-21T22:18:08.645903,,1119
OV-Ip-pkc,verify,0,16,0.0,1,0,1,ip-172-31-14-170,linux,0,1.9357,516.62,Signature,True,2025-11-21T22:18:08.647904,,1120
OV-Ip-pkc,verify,0,64,0.0,1,0,1,ip-172-31-14-170,linux,0,1.9252,519.44,Signature,True,2025-11-21T22:18:08.649895,,1121
OV-Ip-pkc,verify,0,64,0.0,1,0,1,ip-172-31-14-170,linux,0,1.9152,522.13,Signature,True,2025-11-21T22:18:08.651875,,1122
OV-Ip-pkc,verify,0,64,0.0,1,0,1,ip-172-31-14-170,linux,0,1.9256,519.33,Signature,True,2025-11-21T22:18:08.653864,,1123
OV-Ip-pkc,verify,0,64,0.0,1,0,1,ip-172-31-14-170,linux,0,1.9347,516.88,Signature,True,2025-11-21T22:18:08.655863,,1124
OV-Ip-pkc,verify,0,64,0.0,1,0,1,ip-172-31-14-170,linux,0,1.9186,521.21,Signature,True,2025-11-21T22:18:08.657853,,1125
OV-Ip-pkc,verify,1024,1,0.0,1,0,1,ip-172-31-14-170,linux,0,1.9244,519.65,Signature,True,2025-11-21T22:18:08.659844,,1126
OV-Ip-pkc,verify,1024,1,0.0,1,0,1,ip-172-31-14-170,linux,0,1.9227,520.11,Signature,True,2025-11-21T22:18:08.661833,,1127
OV-Ip-pkc,verify,1024,1,0.0,1,0,1,ip-172-31-14-170,linux,0,1.927,518.95,Signature,True,2025-11-21T22:18:08.663826,,1128
OV-Ip-pkc,verify,1024,1,0.0,1,0,1,ip-172-31-14-170,linux,0,1.9232,519.96,Signature,True,2025-11-21T22:18:08.665815,,1129
OV-Ip-pkc,verify,1024,1,0.0,1,0,1,ip-172-31-14-170,linux,0,1.9017,525.85,Signature,True,2025-11-21T22:18:08.667784,,1130
OV-Ip-pkc,verify,1024,16,0.0,1,0,1,ip-172-31-14-170,linux,0,1.9389,515.77,Signature,True,2025-11-21T22:18:08.669791,,1131
OV-Ip-pkc,verify,1024,16,0.0,1,0,1,ip-172-31-14-170,linux,0,1.933,517.32,Signature,True,2025-11-21T22:18:08.671790,,1132
OV-Ip-pkc,verify,1024,16,0.0,1,0,1,ip-172-31-14-170,linux,0,1.9006,526.15,Signature,True,2025-11-21T22:18:08.673757,,1133
OV-Ip-pkc,verify,1024,16,0.0,1,0,1,ip-172-31-14-170,linux,0,1.9371,516.23,Signature,True,2025-11-21T22:18:08.675768,,1134
OV-Ip-pkc,verify,1024,16,0.0,1,0,1,ip-172-31-14-170,linux,0,1.9328,517.37,Signature,True,2025-11-21T22:18:08.677776,,1135
OV-Ip-pkc,verify,1024,64,0.0,1,0,1,ip-172-31-14-170,linux,0,1.8853,530.41,Signature,True,2025-11-21T22:18:08.679729,,1136
OV-Ip-pkc,verify,1024,64,0.0,1,0,1,ip-172-31-14-170,linux,0,1.9194,521.0,Signature,True,2025-11-21T22:18:08.681719,,1137
OV-Ip-pkc,verify,1024,64,0.0,1,0,1,ip-172-31-14-170,linux,0,1.9097,523.65,Signature,True,2025-11-21T22:18:08.683691,,1138
OV-Ip-pkc,verify,1024,64,0.0,1,0,1,ip-172-31-14-170,linux,0,1.9407,515.27,Signature,True,2025-11-21T22:18:08.685705,,1139
OV-Ip-pkc,verify,1024,64,0.0,1,0,1,ip-172-31-14-170,linux,0,1.92,520.83,Signature,True,2025-11-21T22:18:08.687694,,1140
OV-Ip-pkc-skc,sign,0,1,0.0,1,0,1,ip-172-31-14-170,linux,0,2.953,338.64,Signature,True,2025-11-21T22:18:08.690732,,1141
OV-Ip-pkc-skc,sign,0,1,0.0,1,0,1,ip-172-31-14-170,linux,0,2.8625,349.35,Signature,True,2025-11-21T22:18:08.693673,,1142
OV-Ip-pkc-skc,sign,0,1,0.0,1,0,1,ip-172-31-14-170,linux,0,2.8313,353.19,Signature,True,2025-11-21T22:18:08.696579,,1143
OV-Ip-pkc-skc,sign,0,1,0.0,1,0,1,ip-172-31-14-170,linux,0,2.8663,348.88,Signature,True,2025-11-21T22:18:08.699515,,1144
OV-Ip-pkc-skc,sign,0,1,0.0,1,0,1,ip-172-31-14-170,linux,0,2.8573,349.98,Signature,True,2025-11-21T22:18:08.702445,,1145
OV-Ip-pkc-skc,sign,0,16,0.0,1,0,1,ip-172-31-14-170,linux,0,2.9206,342.4,Signature,True,2025-11-21T22:18:08.705448,,1146
OV-Ip-pkc-skc,sign,0,16,0.0,1,0,1,ip-172-31-14-170,linux,0,2.87,348.43,Signature,True,2025-11-21T22:18:08.708391,,1147
OV-Ip-pkc-skc,sign,0,16,0.0,1,0,1,ip-172-31-14-170,linux,0,2.8166,355.03,Signature,True,2025-11-21T22:18:08.711282,,1148
OV-Ip-pkc-skc,sign,0,16,0.0,1,0,1,ip-172-31-14-170,linux,0,2.8013,356.98,Signature,True,2025-11-21T22:18:08.714153,,1149
OV-Ip-pkc-skc,sign,0,16,0.0,1,0,1,ip-172-31-14-170,linux,0,2.8211,354.47,Signature,True,2025-11-21T22:18:08.717045,,1150
OV-Ip-pkc-skc,sign,0,64,0.0,1,0,1,ip-172-31-14-170,linux,0,2.8389,352.25,Signature,True,2025-11-21T22:18:08.719967,,1151
OV-Ip-pkc-skc,sign,0,64,0.0,1,0,1,ip-172-31-14-170,linux,0,2.8561,350.12,Signature,True,2025-11-21T22:18:08.722898,,1152
OV-Ip-pkc-skc,sign,0,64,0.0,1,0,1,ip-172-31-14-170,linux,0,2.8656,348.97,Signature,True,2025-11-21T22:18:08.725836,,1153
OV-Ip-pkc-skc,sign,0,64,0.0,1,0,1,ip-172-31-14-170,linux,0,2.9128,343.31,Signature,True,2025-11-21T22:18:08.728824,,1154
OV-Ip-pkc-skc,sign,0,64,0.0,1,0,1,ip-172-31-14-170,linux,0,2.8288,353.5,Signature,True,2025-11-21T22:18:08.731730,,1155
OV-Ip-pkc-skc,sign,1024,1,0.0,1,0,1,ip-172-31-14-170,linux,0,2.8756,347.76,Signature,True,2025-11-21T22:18:08.734738,,1156
OV-Ip-pkc-skc,sign,1024,1,0.0,1,0,1,ip-172-31-14-170,linux,0,2.9011,344.7,Signature,True,2025-11-21T22:18:08.737721,,1157
OV-Ip-pkc-skc,sign,1024,1,0.0,1,0,1,ip-172-31-14-170,linux,0,2.8865,346.44,Signature,True,2025-11-21T22:18:08.740678,,1158
OV-Ip-pkc-skc,sign,1024,1,0.0,1,0,1,ip-172-31-14-170,linux,0,2.8442,351.59,Signature,True,2025-11-21T22:18:08.743597,,1159
OV-Ip-pkc-skc,sign,1024,1,0.0,1,0,1,ip-172-31-14-170,linux,0,2.8528,350.53,Signature,True,2025-11-21T22:18:08.746518,,1160
OV-Ip-pkc-skc,sign,1024,16,0.0,1,0,1,ip-172-31-14-170,linux,0,2.8587,349.81,Signature,True,2025-11-21T22:18:08.749449,,1161
OV-Ip-pkc-skc,sign,1024,16,0.0,1,0,1,ip-172-31-14-170,linux,0,2.8614,349.48,Signature,True,2025-11-21T22:18:08.752378,,1162
OV-Ip-pkc-skc,sign,1024,16,0.0,1,0,1,ip-172-31-14-170,linux,0,2.8227,354.27,Signature,True,2025-11-21T22:18:08.755266,,1163
OV-Ip-pkc-skc,sign,1024,16,0.0,1,0,1,ip-172-31-14-170,linux,0,2.8716,348.23,Signature,True,2025-11-21T22:18:08.758202,,1164
OV-Ip-pkc-skc,sign,1024,16,0.0,1,0,1,ip-172-31-14-170,linux,0,2.8566,350.07,Signature,True,2025-11-21T22:18:08.761123,,1165
OV-Ip-pkc-skc,sign,1024,64,0.0,1,0,1,ip-172-31-14-170,linux,0,2.8482,351.1,Signature,True,2025-11-21T22:18:08.764038,,1166
OV-Ip-pkc-skc,sign,1024,64,0.0,1,0,1,ip-172-31-14-170,linux,0,2.8357,352.64,Signature,True,2025-11-21T22:18:08.766955,,1167
OV-Ip-pkc-skc,sign,1024,64,0.0,1,0,1,ip-172-31-14-170,linux,0,2.8624,349.35,Signature,True,2025-11-21T22:18:08.769878,,1168
OV-Ip-pkc-skc,sign,1024,64,0.0,1,0,1,ip-172-31-14-170,linux,0,2.8657,348.95,Signature,True,2025-11-21T22:18:08.772810,,1169
OV-Ip-pkc-skc,sign,1024,64,0.0,1,0,1,ip-172-31-14-170,linux,0,2.8519,350.65,Signature,True,2025-11-21T22:18:08.775731,,1170
OV-Ip-pkc-skc,verify,0,1,0.0,1,0,1,ip-172-31-14-170,linux,0,2.8248,354.01,Signature,True,2025-11-21T22:18:08.778665,,1171
OV-Ip-pkc-skc,verify,0,1,0.0,1,0,1,ip-172-31-14-170,linux,0,2.8548,350.29,Signature,True,2025-11-21T22:18:08.781590,,1172
OV-Ip-pkc-skc,verify,0,1,0.0,1,0,1,ip-172-31-14-170,linux,0,2.8658,348.94,Signature,True,2025-11-21T22:18:08.784526,,1173
OV-Ip-pkc-skc,verify,0,1,0.0,1,0,1,ip-172-31-14-170,linux,0,2.8726,348.12,Signature,True,2025-11-21T22:18:08.787465,,1174
OV-Ip-pkc-skc,verify,0,1,0.0,1,0,1,ip-172-31-14-170,linux,0,2.8226,354.28,Signature,True,2025-11-21T22:18:08.790355,,1175
OV-Ip-pkc-skc,verify,0,16,0.0,1,0,1,ip-172-31-14-170,linux,0,2.8455,351.43,Signature,True,2025-11-21T22:18:08.793270,,1176
OV-Ip-pkc-skc,verify,0,16,0.0,1,0,1,ip-172-31-14-170,linux,0,2.8707,348.35,Signature,True,2025-11-21T22:18:08.796210,,1177
OV-Ip-pkc-skc,verify,0,16,0.0,1,0,1,ip-172-31-14-170,linux,0,2.8606,349.58,Signature,True,2025-11-21T22:18:08.799140,,1178
OV-Ip-pkc-skc,verify,0,16,0.0,1,0,1,ip-172-31-14-170,linux,0,2.8114,355.69,Signature,True,2025-11-21T22:18:08.802021,,1179
OV-Ip-pkc-skc,verify,0,16,0.0,1,0,1,ip-172-31-14-170,linux,0,2.8523,350.6,Signature,True,2025-11-21T22:18:08.804957,,1180
OV-Ip-pkc-skc,verify,0,64,0.0,1,0,1,ip-172-31-14-170,linux,0,2.83,353.36,Signature,True,2025-11-21T22:18:08.807858,,1181
OV-Ip-pkc-skc,verify,0,64,0.0,1,0,1,ip-172-31-14-170,linux,0,2.8626,349.33,Signature,True,2025-11-21T22:18:08.810792,,1182
OV-Ip-pkc-skc,verify,0,64,0.0,1,0,1,ip-172-31-14-170,linux,0,2.845,351.49,Signature,True,2025-11-21T22:18:08.813711,,1183
OV-Ip-pkc-skc,verify,0,64,0.0,1,0,1,ip-172-31-14-170,linux,0,2.8791,347.33,Signature,True,2025-11-21T22:18:08.816703,,1184
OV-Ip-pkc-skc,verify,0,64,0.0,1,0,1,ip-172-31-14-170,linux,0,2.8204,354.57,Signature,True,2025-11-21T22:18:08.819597,,1185
OV-Ip-pkc-skc,verify,1024,1,0.0,1,0,1,ip-172-31-14-170,linux,0,2.8656,348.96,Signature,True,2025-11-21T22:18:08.822533,,1186
OV-Ip-pkc-skc,verify,1024,1,0.0,1,0,1,ip-172-31-14-170,linux,0,2.8812,347.08,Signature,True,2025-11-21T22:18:08.825485,,1187
OV-Ip-pkc-skc,verify,1024,1,0.0,1,0,1,ip-172-31-14-170,linux,0,2.8599,349.66,Signature,True,2025-11-21T22:18:08.828412,,1188
OV-Ip-pkc-skc,verify,1024,1,0.0,1,0,1,ip-172-31-14-170,linux,0,2.8254,353.93,Signature,True,2025-11-21T22:18:08.831307,,1189
OV-Ip-pkc-skc,verify,1024,1,0.0,1,0,1,ip-172-31-14-170,linux,0,2.8749,347.84,Signature,True,2025-11-21T22:18:08.834250,,1190
OV-Ip-pkc-skc,verify,1024,16,0.0,1,0,1,ip-172-31-14-170,linux,0,2.8379,352.37,Signature,True,2025-11-21T22:18:08.837157,,1191
OV-Ip-pkc-skc,verify,1024,16,0.0,1,0,1,ip-172-31-14-170,linux,0,2.9092,343.74,Signature,True,2025-11-21T22:18:08.840139,,1192
OV-Ip-pkc-skc,verify,1024,16,0.0,1,0,1,ip-172-31-14-170,linux,0,2.8427,351.78,Signature,True,2025-11-21T22:18:08.843068,,1193
OV-Ip-pkc-skc,verify,1024,16,0.0,1,0,1,ip-172-31-14-170,linux,0,2.8503,350.84,Signature,True,2025-11-21T22:18:08.845986,,1194
OV-Ip-pkc-skc,verify,1024,16,0.0,1,0,1,ip-172-31-14-170,linux,0,2.8582,349.87,Signature,True,2025-11-21T22:18:08.848915,,1195
OV-Ip-pkc-skc,verify,1024,64,0.0,1,0,1,ip-172-31-14-170,linux,0,2.9291,341.4,Signature,True,2025-11-21T22:18:08.851913,,1196
OV-Ip-pkc-skc,verify,1024,64,0.0,1,0,1,ip-172-31-14-170,linux,0,2.8486,351.05,Signature,True,2025-11-21T22:18:08.854830,,1197
OV-Ip-pkc-skc,verify,1024,64,0.0,1,0,1,ip-172-31-14-170,linux,0,2.8601,349.64,Signature,True,2025-11-21T22:18:08.857757,,1198
OV-Ip-pkc-skc,verify,1024,64,0.0,1,0,1,ip-172-31-14-170,linux,0,2.8612,349.51,Signature,True,2025-11-21T22:18:08.860689,,1199
OV-Ip-pkc-skc,verify,1024,64,0.0,1,0,1,ip-172-31-14-170,linux,0,2.8729,348.08,Signature,True,2025-11-21T22:18:08.863639,,1200
OV-Is,sign,0,1,0.0,1,0,1,ip-172-31-14-170,linux,0,3.9174,255.27,Signature,True,2025-11-21T22:18:08.867639,,1201
OV-Is,sign,0,1,0.0,1,0,1,ip-172-31-14-170,linux,0,3.7632,265.73,Signature,True,2025-11-21T22:18:08.871492,,1202
OV-Is,sign,0,1,0.0,1,0,1,ip-172-31-14-170,linux,0,3.765,265.61,Signature,True,2025-11-21T22:18:08.875347,,1203
OV-Is,sign,0,1,0.0,1,0,1,ip-172-31-14-170,linux,0,3.8233,261.55,Signature,True,2025-11-21T22:18:08.879260,,1204
OV-Is,sign,0,1,0.0,1,0,1,ip-172-31-14-170,linux,0,3.8215,261.68,Signature,True,2025-11-21T22:18:08.883176,,1205
OV-Is,sign,0,16,0.0,1,0,1,ip-172-31-14-170,linux,0,3.8183,261.9,Signature,True,2025-11-21T22:18:08.887089,,1206
OV-Is,sign,0,16,0.0,1,0,1,ip-172-31-14-170,linux,0,3.7823,264.39,Signature,True,2025-11-21T22:18:08.890966,,1207
OV-Is,sign,0,16,0.0,1,0,1,ip-172-31-14-170,linux,0,3.7513,266.57,Signature,True,2025-11-21T22:18:08.894829,,1208
OV-Is,sign,0,16,0.0,1,0,1,ip-172-31-14-170,linux,0,3.8115,262.36,Signature,True,2025-11-21T22:18:08.898730,,1209
OV-Is,sign,0,16,0.0,1,0,1,ip-172-31-14-170,linux,0,3.7102,269.53,Signature,True,2025-11-21T22:18:08.902531,,1210
OV-Is,sign,0,64,0.0,1,0,1,ip-172-31-14-170,linux,0,3.7881,263.99,Signature,True,2025-11-21T22:18:08.906409,,1211
OV-Is,sign,0,64,0.0,1,0,1,ip-172-31-14-170,linux,0,3.833,260.89,Signature,True,2025-11-21T22:18:08.910333,,1212
OV-Is,sign,0,64,0.0,1,0,1,ip-172-31-14-170,linux,0,3.7928,263.66,Signature,True,2025-11-21T22:18:08.914215,,1213
OV-Is,sign,0,64,0.0,1,0,1,ip-172-31-14-170,linux,0,3.8007,263.11,Signature,True,2025-11-21T22:18:08.918104,,1214
OV-Is,sign,0,64,0.0,1,0,1,ip-172-31-14-170,linux,0,3.7784,264.66,Signature,True,2025-11-21T22:18:08.921971,,1215
OV-Is,sign,1024,1,0.0,1,0,1,ip-172-31-14-170,linux,0,3.7644,265.64,Signature,True,2025-11-21T22:18:08.925843,,1216
OV-Is,sign,1024,1,0.0,1,0,1,ip-172-31-14-170,linux,0,3.7812,264.47,Signature,True,2025-11-21T22:18:08.929718,,1217
OV-Is,sign,1024,1,0.0,1,0,1,ip-172-31-14-170,linux,0,3.7721,265.11,Signature,True,2025-11-21T22:18:08.933582,,1218
OV-Is,sign,1024,1,0.0,1,0,1,ip-172-31-14-170,linux,0,3.8338,260.84,Signature,True,2025-11-21T22:18:08.937511,,1219
OV-Is,sign,1024,1,0.0,1,0,1,ip-172-31-14-170,linux,0,3.7804,264.52,Signature,True,2025-11-21T22:18:08.941388,,1220
OV-Is,sign,1024,16,0.0,1,0,1,ip-172-31-14-170,linux,0,3.7879,264.0,Signature,True,2025-11-21T22:18:08.945270,,1221
OV-Is,sign,1024,16,0.0,1,0,1,ip-172-31-14-170,linux,0,3.849,259.81,Signature,True,2025-11-21T22:18:08.949208,,1222
OV-Is,sign,1024,16,0.0,1,0,1,ip-172-31-14-170,linux,0,3.715,269.18,Signature,True,2025-11-21T22:18:08.953079,,1223
OV-Is,sign,1024,16,0.0,1,0,1,ip-172-31-14-170,linux,0,3.7628,265.76,Signature,True,2025-11-21T22:18:08.956929,,1224
OV-Is,sign,1024,16,0.0,1,0,1,ip-172-31-14-170,linux,0,3.7959,263.44,Signature,True,2025-11-21T22:18:08.960817,,1225
OV-Is,sign,1024,64,0.0,1,0,1,ip-172-31-14-170,linux,0,3.7775,264.72,Signature,True,2025-11-21T22:18:08.964688,,1226
OV-Is,sign,1024,64,0.0,1,0,1,ip-172-31-14-170,linux,0,3.8096,262.49,Signature,True,2025-11-21T22:18:08.968586,,1227
OV-Is,sign,1024,64,0.0,1,0,1,ip-172-31-14-170,linux,0,3.8122,262.32,Signature,True,2025-11-21T22:18:08.972489,,1228
OV-Is,sign,1024,64,0.0,1,0,1,ip-172-31-14-170,linux,0,3.7791,264.61,Signature,True,2025-11-21T22:18:08.976362,,1229
OV-Is,sign,1024,64,0.0,1,0,1,ip-172-31-14-170,linux,0,3.7508,266.61,Signature,True,2025-11-21T22:18:08.980205,,1230
OV-Is,verify,0,1,0.0,1,0,1,ip-172-31-14-170,linux,0,3.803,262.95,Signature,True,2025-11-21T22:18:08.984145,,1231
OV-Is,verify,0,1,0.0,1,0,1,ip-172-31-14-170,linux,0,3.7255,268.42,Signature,True,2025-11-21T22:18:08.987963,,1232
OV-Is,verify,0,1,0.0,1,0,1,ip-172-31-14-170,linux,0,3.7577,266.12,Signature,True,2025-11-21T22:18:08.991861,,1233
OV-Is,verify,0,1,0.0,1,0,1,ip-172-31-14-170,linux,0,3.7351,267.73,Signature,True,2025-11-21T22:18:08.995688,,1234
OV-Is,verify,0,1,0.0,1,0,1,ip-172-31-14-170,linux,0,3.7234,268.57,Signature,True,2025-11-21T22:18:08.999511,,1235
OV-Is,verify,0,16,0.0,1,0,1,ip-172-31-14-170,linux,0,3.8821,257.59,Signature,True,2025-11-21T22:18:09.003492,,1236
OV-Is,verify,0,16,0.0,1,0,1,ip-172-31-14-170,linux,0,3.911,255.69,Signature,True,2025-11-21T22:18:09.007518,,1237
OV-Is,verify,0,16,0.0,1,0,1,ip-172-31-14-170,linux,0,3.8704,258.37,Signature,True,2025-11-21T22:18:09.011499,,1238
OV-Is,verify,0,16,0.0,1,0,1,ip-172-31-14-170,linux,0,3.7735,265.01,Signature,True,2025-11-21T22:18:09.015375,,1239
OV-Is,verify,0,16,0.0,1,0,1,ip-172-31-14-170,linux,0,3.761,265.89,Signature,True,2025-11-21T22:18:09.019236,,1240
OV-Is,verify,0,64,0.0,1,0,1,ip-172-31-14-170,linux,0,3.7482,266.79,Signature,True,2025-11-21T22:18:09.023082,,1241
OV-Is,verify,0,64,0.0,1,0,1,ip-172-31-14-170,linux,0,3.7288,268.18,Signature,True,2025-11-21T22:18:09.026903,,1242
OV-Is,verify,0,64,0.0,1,0,1,ip-172-31-14-170,linux,0,3.7491,266.73,Signature,True,2025-11-21T22:18:09.030751,,1243
OV-Is,verify,0,64,0.0,1,0,1,ip-172-31-14-170,linux,0,3.7584,266.07,Signature,True,2025-11-21T22:18:09.034604,,1244
OV-Is,verify,0,64,0.0,1,0,1,ip-172-31-14-170,linux,0,3.7571,266.17,Signature,True,2025-11-21T22:18:09.038460,,1245
OV-Is,verify,1024,1,0.0,1,0,1,ip-172-31-14-170,linux,0,3.7722,265.1,Signature,True,2025-11-21T22:18:09.042333,,1246
OV-Is,verify,1024,1,0.0,1,0,1,ip-172-31-14-170,linux,0,3.7799,264.56,Signature,True,2025-11-21T22:18:09.046210,,1247
OV-Is,verify,1024,1,0.0,1,0,1,ip-172-31-14-170,linux,0,3.7335,267.84,Signature,True,2025-11-21T22:18:09.050040,,1248
OV-Is,verify,1024,1,0.0,1,0,1,ip-172-31-14-170,linux,0,3.7551,266.3,Signature,True,2025-11-21T22:18:09.053909,,1249
OV-Is,verify,1024,1,0.0,1,0,1,ip-172-31-14-170,linux,0,3.757,266.17,Signature,True,2025-11-21T22:18:09.057761,,1250
OV-Is,verify,1024,16,0.0,1,0,1,ip-172-31-14-170,linux,0,3.7728,265.06,Signature,True,2025-11-21T22:18:09.061634,,1251
OV-Is,verify,1024,16,0.0,1,0,1,ip-172-31-14-170,linux,0,3.748,266.81,Signature,True,2025-11-21T22:18:09.065473,,1252
OV-Is,verify,1024,16,0.0,1,0,1,ip-172-31-14-170,linux,0,3.7414,267.28,Signature,True,2025-11-21T22:18:09.069306,,1253
OV-Is,verify,1024,16,0.0,1,0,1,ip-172-31-14-170,linux,0,3.8321,260.95,Signature,True,2025-11-21T22:18:09.073228,,1254
OV-Is,verify,1024,16,0.0,1,0,1,ip-172-31-14-170,linux,0,3.7376,267.55,Signature,True,2025-11-21T22:18:09.077077,,1255
OV-Is,verify,1024,64,0.0,1,0,1,ip-172-31-14-170,linux,0,3.7442,267.08,Signature,True,2025-11-21T22:18:09.080914,,1256
OV-Is,verify,1024,64,0.0,1,0,1,ip-172-31-14-170,linux,0,3.7546,266.34,Signature,True,2025-11-21T22:18:09.084764,,1257
OV-Is,verify,1024,64,0.0,1,0,1,ip-172-31-14-170,linux,0,3.7362,267.65,Signature,True,2025-11-21T22:18:09.088593,,1258
OV-Is,verify,1024,64,0.0,1,0,1,ip-172-31-14-170,linux,0,3.7385,267.49,Signature,True,2025-11-21T22:18:09.092422,,1259
OV-Is,verify,1024,64,0.0,1,0,1,ip-172-31-14-170,linux,0,3.8915,256.97,Signature,True,2025-11-21T22:18:09.096403,,1260
OV-Is-pkc,sign,0,1,0.0,1,0,1,ip-172-31-14-170,linux,0,3.966,252.15,Signature,True,2025-11-21T22:18:09.100461,,1261
OV-Is-pkc,sign,0,1,0.0,1,0,1,ip-172-31-14-170,linux,0,3.8847,257.42,Signature,True,2025-11-21T22:18:09.104431,,1262
OV-Is-pkc,sign,0,1,0.0,1,0,1,ip-172-31-14-170,linux,0,3.9374,253.97,Signature,True,2025-11-21T22:18:09.108453,,1263
OV-Is-pkc,sign,0,1,0.0,1,0,1,ip-172-31-14-170,linux,0,3.8892,257.13,Signature,True,2025-11-21T22:18:09.112426,,1264
OV-Is-pkc,sign,0,1,0.0,1,0,1,ip-172-31-14-170,linux,0,3.8902,257.06,Signature,True,2025-11-21T22:18:09.116402,,1265
OV-Is-pkc,sign,0,16,0.0,1,0,1,ip-172-31-14-170,linux,0,3.914,255.5,Signature,True,2025-11-21T22:18:09.120412,,1266
OV-Is-pkc,sign,0,16,0.0,1,0,1,ip-172-31-14-170,linux,0,3.9312,254.38,Signature,True,2025-11-21T22:18:09.124452,,1267
OV-Is-pkc,sign,0,16,0.0,1,0,1,ip-172-31-14-170,linux,0,3.8879,257.21,Signature,True,2025-11-21T22:18:09.128428,,1268
OV-Is-pkc,sign,0,16,0.0,1,0,1,ip-172-31-14-170,linux,0,3.8909,257.01,Signature,True,2025-11-21T22:18:09.132407,,1269
OV-Is-pkc,sign,0,16,0.0,1,0,1,ip-172-31-14-170,linux,0,3.8888,257.15,Signature,True,2025-11-21T22:18:09.136387,,1270
OV-Is-pkc,sign,0,64,0.0,1,0,1,ip-172-31-14-170,linux,0,3.9979,250.13,Signature,True,2025-11-21T22:18:09.140473,,1271
OV-Is-pkc,sign,0,64,0.0,1,0,1,ip-172-31-14-170,linux,0,3.9221,254.96,Signature,True,2025-11-21T22:18:09.144490,,1272
OV-Is-pkc,sign,0,64,0.0,1,0,1,ip-172-31-14-170,linux,0,3.9337,254.21,Signature,True,2025-11-21T22:18:09.148513,,1273
OV-Is-pkc,sign,0,64,0.0,1,0,1,ip-172-31-14-170,linux,0,3.8661,258.66,Signature,True,2025-11-21T22:18:09.152465,,1274
OV-Is-pkc,sign,0,64,0.0,1,0,1,ip-172-31-14-170,linux,0,3.886,257.34,Signature,True,2025-11-21T22:18:09.156443,,1275
OV-Is-pkc,sign,1024,1,0.0,1,0,1,ip-172-31-14-170,linux,0,3.8674,258.57,Signature,True,2025-11-21T22:18:09.160398,,1276
OV-Is-pkc,sign,1024,1,0.0,1,0,1,ip-172-31-14-170,linux,0,3.8829,257.54,Signature,True,2025-11-21T22:18:09.164367,,1277
OV-Is-pkc,sign,1024,1,0.0,1,0,1,ip-172-31-14-170,linux,0,3.898,256.54,Signature,True,2025-11-21T22:18:09.168352,,1278
OV-Is-pkc,sign,1024,1,0.0,1,0,1,ip-172-31-14-170,linux,0,4.0146,249.09,Signature,True,2025-11-21T22:18:09.172460,,1279
OV-Is-pkc,sign,1024,1,0.0,1,0,1,ip-172-31-14-170,linux,0,3.9208,255.05,Signature,True,2025-11-21T22:18:09.176476,,1280
OV-Is-pkc,sign,1024,16,0.0,1,0,1,ip-172-31-14-170,linux,0,3.8864,257.31,Signature,True,2025-11-21T22:18:09.180454,,1281
OV-Is-pkc,sign,1024,16,0.0,1,0,1,ip-172-31-14-170,linux,0,3.9987,250.08,Signature,True,2025-11-21T22:18:09.184544,,1282
OV-Is-pkc,sign,1024,16,0.0,1,0,1,ip-172-31-14-170,linux,0,3.894,256.81,Signature,True,2025-11-21T22:18:09.188529,,1283
OV-Is-pkc,sign,1024,16,0.0,1,0,1,ip-172-31-14-170,linux,0,3.9552,252.83,Signature,True,2025-11-21T22:18:09.192573,,1284
OV-Is-pkc,sign,1024,16,0.0,1,0,1,ip-172-31-14-170,linux,0,3.8682,258.52,Signature,True,2025-11-21T22:18:09.196531,,1285
OV-Is-pkc,sign,1024,64,0.0,1,0,1,ip-172-31-14-170,linux,0,3.884,257.47,Signature,True,2025-11-21T22:18:09.200501,,1286
OV-Is-pkc,sign,1024,64,0.0,1,0,1,ip-172-31-14-170,linux,0,3.8852,257.38,Signature,True,2025-11-21T22:18:09.204476,,1287
OV-Is-pkc,sign,1024,64,0.0,1,0,1,ip-172-31-14-170,linux,0,3.8782,257.85,Signature,True,2025-11-21T22:18:09.208439,,1288
OV-Is-pkc,sign,1024,64,0.0,1,0,1,ip-172-31-14-170,linux,0,3.8866,257.3,Signature,True,2025-11-21T22:18:09.212406,,1289
OV-Is-pkc,sign,1024,64,0.0,1,0,1,ip-172-31-14-170,linux,0,3.8675,258.56,Signature,True,2025-11-21T22:18:09.216355,,1290
OV-Is-pkc,verify,0,1,0.0,1,0,1,ip-172-31-14-170,linux,0,3.9031,256.2,Signature,True,2025-11-21T22:18:09.220355,,1291
OV-Is-pkc,verify,0,1,0.0,1,0,1,ip-172-31-14-170,linux,0,3.8858,257.35,Signature,True,2025-11-21T22:18:09.224382,,1292
OV-Is-pkc,verify,0,1,0.0,1,0,1,ip-172-31-14-170,linux,0,3.8703,258.38,Signature,True,2025-11-21T22:18:09.228338,,1293
OV-Is-pkc,verify,0,1,0.0,1,0,1,ip-172-31-14-170,linux,0,3.9507,253.12,Signature,True,2025-11-21T22:18:09.232378,,1294
OV-Is-pkc,verify,0,1,0.0,1,0,1,ip-172-31-14-170,linux,0,4.0096,249.4,Signature,True,2025-11-21T22:18:09.236481,,1295
OV-Is-pkc,verify,0,16,0.0,1,0,1,ip-172-31-14-170,linux,0,3.8912,256.99,Signature,True,2025-11-21T22:18:09.240474,,1296
OV-Is-pkc,verify,0,16,0.0,1,0,1,ip-172-31-14-170,linux,0,3.8858,257.35,Signature,True,2025-11-21T22:18:09.244453,,1297
OV-Is-pkc,verify,0,16,0.0,1,0,1,ip-172-31-14-170,linux,0,3.8812,257.66,Signature,True,2025-11-21T22:18:09.248421,,1298
OV-Is-pkc,verify,0,16,0.0,1,0,1,ip-172-31-14-170,linux,0,3.8969,256.62,Signature,True,2025-11-21T22:18:09.252404,,1299
OV-Is-pkc,verify,0,16,0.0,1,0,1,ip-172-31-14-170,linux,0,3.8932,256.85,Signature,True,2025-11-21T22:18:09.256388,,1300
OV-Is-pkc,verify,0,64,0.0,1,0,1,ip-172-31-14-170,linux,0,3.9359,254.07,Signature,True,2025-11-21T22:18:09.260411,,1301
OV-Is-pkc,verify,0,64,0.0,1,0,1,ip-172-31-14-170,linux,0,3.897,256.61,Signature,True,2025-11-21T22:18:09.264399,,1302
OV-Is-pkc,verify,0,64,0.0,1,0,1,ip-172-31-14-170,linux,0,3.9197,255.12,Signature,True,2025-11-21T22:18:09.268409,,1303
OV-Is-pkc,verify,0,64,0.0,1,0,1,ip-172-31-14-170,linux,0,3.9062,256.0,Signature,True,2025-11-21T22:18:09.272403,,1304
OV-Is-pkc,verify,0,64,0.0,1,0,1,ip-172-31-14-170,linux,0,3.8934,256.85,Signature,True,2025-11-21T22:18:09.276383,,1305
OV-Is-pkc,verify,1024,1,0.0,1,0,1,ip-172-31-14-170,linux,0,3.891,257.0,Signature,True,2025-11-21T22:18:09.280364,,1306
OV-Is-pkc,verify,1024,1,0.0,1,0,1,ip-172-31-14-170,linux,0,3.8888,257.15,Signature,True,2025-11-21T22:18:09.284338,,1307
OV-Is-pkc,verify,1024,1,0.0,1,0,1,ip-172-31-14-170,linux,0,3.9314,254.36,Signature,True,2025-11-21T22:18:09.288352,,1308
OV-Is-pkc,verify,1024,1,0.0,1,0,1,ip-172-31-14-170,linux,0,3.8932,256.86,Signature,True,2025-11-21T22:18:09.292333,,1309
OV-Is-pkc,verify,1024,1,0.0,1,0,1,ip-172-31-14-170,linux,0,3.9217,254.99,Signature,True,2025-11-21T22:18:09.296339,,1310
OV-Is-pkc,verify,1024,16,0.0,1,0,1,ip-172-31-14-170,linux,0,3.9798,251.27,Signature,True,2025-11-21T22:18:09.300414,,1311
OV-Is-pkc,verify,1024,16,0.0,1,0,1,ip-172-31-14-170,linux,0,3.904,256.15,Signature,True,2025-11-21T22:18:09.304423,,1312
OV-Is-pkc,verify,1024,16,0.0,1,0,1,ip-172-31-14-170,linux,0,3.8714,258.3,Signature,True,2025-11-21T22:18:09.308377,,1313
OV-Is-pkc,verify,1024,16,0.0,1,0,1,ip-172-31-14-170,linux,0,3.8774,257.9,Signature,True,2025-11-21T22:18:09.312342,,1314
OV-Is-pkc,verify,1024,16,0.0,1,0,1,ip-172-31-14-170,linux,0,3.9006,256.37,Signature,True,2025-11-21T22:18:09.316331,,1315
OV-Is-pkc,verify,1024,64,0.0,1,0,1,ip-172-31-14-170,linux,0,3.891,257.0,Signature,True,2025-11-21T22:18:09.320313,,1316
OV-Is-pkc,verify,1024,64,0.0,1,0,1,ip-172-31-14-170,linux,0,3.9209,255.04,Signature,True,2025-11-21T22:18:09.324324,,1317
OV-Is-pkc,verify,1024,64,0.0,1,0,1,ip-172-31-14-170,linux,0,3.9149,255.43,Signature,True,2025-11-21T22:18:09.328328,,1318
OV-Is-pkc,verify,1024,64,0.0,1,0,1,ip-172-31-14-170,linux,0,3.9003,256.39,Signature,True,2025-11-21T22:18:09.332316,,1319
OV-Is-pkc,verify,1024,64,0.0,1,0,1,ip-172-31-14-170,linux,0,3.8945,256.77,Signature,True,2025-11-21T22:18:09.336300,,1320
OV-Is-pkc-skc,sign,0,1,0.0,1,0,1,ip-172-31-14-170,linux,0,5.8079,172.18,Signature,True,2025-11-21T22:18:09.342208,,1321
OV-Is-pkc-skc,sign,0,1,0.0,1,0,1,ip-172-31-14-170,linux,0,5.7332,174.42,Signature,True,2025-11-21T22:18:09.348033,,1322
OV-Is-pkc-skc,sign,0,1,0.0,1,0,1,ip-172-31-14-170,linux,0,5.78,173.01,Signature,True,2025-11-21T22:18:09.353914,,1323
OV-Is-pkc-skc,sign,0,1,0.0,1,0,1,ip-172-31-14-170,linux,0,5.7841,172.89,Signature,True,2025-11-21T22:18:09.359833,,1324
OV-Is-pkc-skc,sign,0,1,0.0,1,0,1,ip-172-31-14-170,linux,0,5.8107,172.1,Signature,True,2025-11-21T22:18:09.365737,,1325
OV-Is-pkc-skc,sign,0,16,0.0,1,0,1,ip-172-31-14-170,linux,0,5.8477,171.01,Signature,True,2025-11-21T22:18:09.371684,,1326
OV-Is-pkc-skc,sign,0,16,0.0,1,0,1,ip-172-31-14-170,linux,0,5.7215,174.78,Signature,True,2025-11-21T22:18:09.377536,,1327
OV-Is-pkc-skc,sign,0,16,0.0,1,0,1,ip-172-31-14-170,linux,0,5.7368,174.31,Signature,True,2025-11-21T22:18:09.383364,,1328
OV-Is-pkc-skc,sign,0,16,0.0,1,0,1,ip-172-31-14-170,linux,0,5.7412,174.18,Signature,True,2025-11-21T22:18:09.389190,,1329
OV-Is-pkc-skc,sign,0,16,0.0,1,0,1,ip-172-31-14-170,linux,0,5.8149,171.97,Signature,True,2025-11-21T22:18:09.395095,,1330
OV-Is-pkc-skc,sign,0,64,0.0,1,0,1,ip-172-31-14-170,linux,0,5.7302,174.52,Signature,True,2025-11-21T22:18:09.400919,,1331
OV-Is-pkc-skc,sign,0,64,0.0,1,0,1,ip-172-31-14-170,linux,0,5.7013,175.4,Signature,True,2025-11-21T22:18:09.406712,,1332
OV-Is-pkc-skc,sign,0,64,0.0,1,0,1,ip-172-31-14-170,linux,0,5.6729,176.28,Signature,True,2025-11-21T22:18:09.412475,,1333
OV-Is-pkc-skc,sign,0,64,0.0,1,0,1,ip-172-31-14-170,linux,0,5.7129,175.04,Signature,True,2025-11-21T22:18:09.418276,,1334
OV-Is-pkc-skc,sign,0,64,0.0,1,0,1,ip-172-31-14-170,linux,0,5.7289,174.56,Signature,True,2025-11-21T22:18:09.424092,,1335
OV-Is-pkc-skc,sign,1024,1,0.0,1,0,1,ip-172-31-14-170,linux,0,5.6849,175.91,Signature,True,2025-11-21T22:18:09.429872,,1336
OV-Is-pkc-skc,sign,1024,1,0.0,1,0,1,ip-172-31-14-170,linux,0,5.698,175.5,Signature,True,2025-11-21T22:18:09.435657,,1337
OV-Is-pkc-skc,sign,1024,1,0.0,1,0,1,ip-172-31-14-170,linux,0,5.7017,175.39,Signature,True,2025-11-21T22:18:09.441447,,1338
OV-Is-pkc-skc,sign,1024,1,0.0,1,0,1,ip-172-31-14-170,linux,0,5.6978,175.51,Signature,True,2025-11-21T22:18:09.447231,,1339
OV-Is-pkc-skc,sign,1024,1,0.0,1,0,1,ip-172-31-14-170,linux,0,5.7117,175.08,Signature,True,2025-11-21T22:18:09.453032,,1340
OV-Is-pkc-skc,sign,1024,16,0.0,1,0,1,ip-172-31-14-170,linux,0,5.7092,175.16,Signature,True,2025-11-21T22:18:09.458851,,1341
OV-Is-pkc-skc,sign,1024,16,0.0,1,0,1,ip-172-31-14-170,linux,0,5.7168,174.92,Signature,True,2025-11-21T22:18:09.464658,,1342
OV-Is-pkc-skc,sign,1024,16,0.0,1,0,1,ip-172-31-14-170,linux,0,5.7073,175.21,Signature,True,2025-11-21T22:18:09.470454,,1343
OV-Is-pkc-skc,sign,1024,16,0.0,1,0,1,ip-172-31-14-170,linux,0,5.74,174.22,Signature,True,2025-11-21T22:18:09.476280,,1344
OV-Is-pkc-skc,sign,1024,16,0.0,1,0,1,ip-172-31-14-170,linux,0,5.7259,174.65,Signature,True,2025-11-21T22:18:09.482096,,1345
OV-Is-pkc-skc,sign,1024,64,0.0,1,0,1,ip-172-31-14-170,linux,0,5.7893,172.73,Signature,True,2025-11-21T22:18:09.487975,,1346
OV-Is-pkc-skc,sign,1024,64,0.0,1,0,1,ip-172-31-14-170,linux,0,5.7162,174.94,Signature,True,2025-11-21T22:18:09.493795,,1347
OV-Is-pkc-skc,sign,1024,64,0.0,1,0,1,ip-172-31-14-170,linux,0,5.7389,174.25,Signature,True,2025-11-21T22:18:09.499625,,1348
OV-Is-pkc-skc,sign,1024,64,0.0,1,0,1,ip-172-31-14-170,linux,0,5.8268,171.62,Signature,True,2025-11-21T22:18:09.505543,,1349
OV-Is-pkc-skc,sign,1024,64,0.0,1,0,1,ip-172-31-14-170,linux,0,5.7966,172.51,Signature,True,2025-11-21T22:18:09.511433,,1350
OV-Is-pkc-skc,verify,0,1,0.0,1,0,1,ip-172-31-14-170,linux,0,5.8144,171.99,Signature,True,2025-11-21T22:18:09.517349,,1351
OV-Is-pkc-skc,verify,0,1,0.0,1,0,1,ip-172-31-14-170,linux,0,5.7385,174.26,Signature,True,2025-11-21T22:18:09.523180,,1352
OV-Is-pkc-skc,verify,0,1,0.0,1,0,1,ip-172-31-14-170,linux,0,5.7548,173.77,Signature,True,2025-11-21T22:18:09.529025,,1353
OV-Is-pkc-skc,verify,0,1,0.0,1,0,1,ip-172-31-14-170,linux,0,5.6817,176.0,Signature,True,2025-11-21T22:18:09.534813,,1354
OV-Is-pkc-skc,verify,0,1,0.0,1,0,1,ip-172-31-14-170,linux,0,5.7608,173.59,Signature,True,2025-11-21T22:18:09.540661,,1355
OV-Is-pkc-skc,verify,0,16,0.0,1,0,1,ip-172-31-14-170,linux,0,5.7801,173.01,Signature,True,2025-11-21T22:18:09.546538,,1356
OV-Is-pkc-skc,verify,0,16,0.0,1,0,1,ip-172-31-14-170,linux,0,5.7131,175.04,Signature,True,2025-11-21T22:18:09.552340,,1357
OV-Is-pkc-skc,verify,0,16,0.0,1,0,1,ip-172-31-14-170,linux,0,5.7252,174.67,Signature,True,2025-11-21T22:18:09.558153,,1358
OV-Is-pkc-skc,verify,0,16,0.0,1,0,1,ip-172-31-14-170,linux,0,5.7565,173.72,Signature,True,2025-11-21T22:18:09.564065,,1359
OV-Is-pkc-skc,verify,0,16,0.0,1,0,1,ip-172-31-14-170,linux,0,5.7229,174.74,Signature,True,2025-11-21T22:18:09.569881,,1360
OV-Is-pkc-skc,verify,0,64,0.0,1,0,1,ip-172-31-14-170,linux,0,5.7143,175.0,Signature,True,2025-11-21T22:18:09.575686,,1361
OV-Is-pkc-skc,verify,0,64,0.0,1,0,1,ip-172-31-14-170,linux,0,5.6832,175.96,Signature,True,2025-11-21T22:18:09.581465,,1362
OV-Is-pkc-skc,verify,0,64,0.0,1,0,1,ip-172-31-14-170,linux,0,5.7038,175.32,Signature,True,2025-11-21T22:18:09.587255,,1363
OV-Is-pkc-skc,verify,0,64,0.0,1,0,1,ip-172-31-14-170,linux,0,5.6762,176.17,Signature,True,2025-11-21T22:18:09.593014,,1364
OV-Is-pkc-skc,verify,0,64,0.0,1,0,1,ip-172-31-14-170,linux,0,5.6959,175.57,Signature,True,2025-11-21T22:18:09.598811,,1365
OV-Is-pkc-skc,verify,1024,1,0.0,1,0,1,ip-172-31-14-170,linux,0,5.7321,174.46,Signature,True,2025-11-21T22:18:09.604639,,1366
OV-Is-pkc-skc,verify,1024,1,0.0,1,0,1,ip-172-31-14-170,linux,0,5.7021,175.37,Signature,True,2025-11-21T22:18:09.610429,,1367
OV-Is-pkc-skc,verify,1024,1,0.0,1,0,1,ip-172-31-14-170,linux,0,5.7573,173.69,Signature,True,2025-11-21T22:18:09.616277,,1368
OV-Is-pkc-skc,verify,1024,1,0.0,1,0,1,ip-172-31-14-170,linux,0,5.8753,170.2,Signature,True,2025-11-21T22:18:09.622250,,1369
OV-Is-pkc-skc,verify,1024,1,0.0,1,0,1,ip-172-31-14-170,linux,0,5.7716,173.26,Signature,True,2025-11-21T22:18:09.628110,,1370
OV-Is-pkc-skc,verify,1024,16,0.0,1,0,1,ip-172-31-14-170,linux,0,5.774,173.19,Signature,True,2025-11-21T22:18:09.633975,,1371
OV-Is-pkc-skc,verify,1024,16,0.0,1,0,1,ip-172-31-14-170,linux,0,5.7866,172.81,Signature,True,2025-11-21T22:18:09.639867,,1372
OV-Is-pkc-skc,verify,1024,16,0.0,1,0,1,ip-172-31-14-170,linux,0,5.7796,173.02,Signature,True,2025-11-21T22:18:09.645738,,1373
OV-Is-pkc-skc,verify,1024,16,0.0,1,0,1,ip-172-31-14-170,linux,0,5.7524,173.84,Signature,True,2025-11-21T22:18:09.651584,,1374
OV-Is-pkc-skc,verify,1024,16,0.0,1,0,1,ip-172-31-14-170,linux,0,5.7581,173.67,Signature,True,2025-11-21T22:18:09.657427,,1375
OV-Is-pkc-skc,verify,1024,64,0.0,1,0,1,ip-172-31-14-170,linux,0,5.7498,173.92,Signature,True,2025-11-21T22:18:09.663268,,1376
OV-Is-pkc-skc,verify,1024,64,0.0,1,0,1,ip-172-31-14-170,linux,0,5.7705,173.3,Signature,True,2025-11-21T22:18:09.669130,,1377
OV-Is-pkc-skc,verify,1024,64,0.0,1,0,1,ip-172-31-14-170,linux,0,5.947,168.15,Signature,True,2025-11-21T22:18:09.675171,,1378
OV-Is-pkc-skc,verify,1024,64,0.0,1,0,1,ip-172-31-14-170,linux,0,5.7951,172.56,Signature,True,2025-11-21T22:18:09.681072,,1379
OV-Is-pkc-skc,verify,1024,64,0.0,1,0,1,ip-172-31-14-170,linux,0,5.7959,172.54,Signature,True,2025-11-21T22:18:09.686958,,1380
OV-V,sign,0,1,0.0,1,0,1,ip-172-31-14-170,linux,0,42.6743,23.43,Signature,True,2025-11-21T22:18:09.730205,,1381
OV-V,sign,0,1,0.0,1,0,1,ip-172-31-14-170,linux,0,40.1261,24.92,Signature,True,2025-11-21T22:18:09.771148,,1382
OV-V,sign,0,1,0.0,1,0,1,ip-172-31-14-170,linux,0,41.1557,24.3,Signature,True,2025-11-21T22:18:09.813137,,1383
OV-V,sign,0,1,0.0,1,0,1,ip-172-31-14-170,linux,0,41.2498,24.24,Signature,True,2025-11-21T22:18:09.855219,,1384
OV-V,sign,0,1,0.0,1,0,1,ip-172-31-14-170,linux,0,42.112,23.75,Signature,True,2025-11-21T22:18:09.898166,,1385
OV-V,sign,0,16,0.0,1,0,1,ip-172-31-14-170,linux,0,41.0667,24.35,Signature,True,2025-11-21T22:18:09.940042,,1386
OV-V,sign,0,16,0.0,1,0,1,ip-172-31-14-170,linux,0,41.3164,24.2,Signature,True,2025-11-21T22:18:09.982207,,1387
OV-V,sign,0,16,0.0,1,0,1,ip-172-31-14-170,linux,0,41.8909,23.87,Signature,True,2025-11-21T22:18:10.024914,,1388
OV-V,sign,0,16,0.0,1,0,1,ip-172-31-14-170,linux,0,42.4394,23.56,Signature,True,2025-11-21T22:18:10.068234,,1389
OV-V,sign,0,16,0.0,1,0,1,ip-172-31-14-170,linux,0,42.361,23.61,Signature,True,2025-11-21T22:18:10.111434,,1390
OV-V,sign,0,64,0.0,1,0,1,ip-172-31-14-170,linux,0,42.1085,23.75,Signature,True,2025-11-21T22:18:10.154393,,1391
OV-V,sign,0,64,0.0,1,0,1,ip-172-31-14-170,linux,0,42.3201,23.63,Signature,True,2025-11-21T22:18:10.197558,,1392
OV-V,sign,0,64,0.0,1,0,1,ip-172-31-14-170,linux,0,41.4395,24.13,Signature,True,2025-11-21T22:18:10.239823,,1393
OV-V,sign,0,64,0.0,1,0,1,ip-172-31-14-170,linux,0,40.9561,24.42,Signature,True,2025-11-21T22:18:10.281639,,1394
OV-V,sign,0,64,0.0,1,0,1,ip-172-31-14-170,linux,0,41.2505,24.24,Signature,True,2025-11-21T22:18:10.323766,,1395
OV-V,sign,1024,1,0.0,1,0,1,ip-172-31-14-170,linux,0,41.196,24.27,Signature,True,2025-11-21T22:18:10.365785,,1396
OV-V,sign,1024,1,0.0,1,0,1,ip-172-31-14-170,linux,0,41.2473,24.24,Signature,True,2025-11-21T22:18:10.407833,,1397
OV-V,sign,1024,1,0.0,1,0,1,ip-172-31-14-170,linux,0,41.2108,24.27,Signature,True,2025-11-21T22:18:10.449843,,1398
OV-V,sign,1024,1,0.0,1,0,1,ip-172-31-14-170,linux,0,41.4833,24.11,Signature,True,2025-11-21T22:18:10.492184,,1399
OV-V,sign,1024,1,0.0,1,0,1,ip-172-31-14-170,linux,0,41.0969,24.33,Signature,True,2025-11-21T22:18:10.534109,,1400
OV-V,sign,1024,16,0.0,1,0,1,ip-172-31-14-170,linux,0,41.361,24.18,Signature,True,2025-11-21T22:18:10.576320,,1401
OV-V,sign,1024,16,0.0,1,0,1,ip-172-31-14-170,linux,0,40.8965,24.45,Signature,True,2025-11-21T22:18:10.618023,,1402
OV-V,sign,1024,16,0.0,1,0,1,ip-172-31-14-170,linux,0,42.0748,23.77,Signature,True,2025-11-21T22:18:10.660934,,1403
OV-V,sign,1024,16,0.0,1,0,1,ip-172-31-14-170,linux,0,41.3539,24.18,Signature,True,2025-11-21T22:18:10.703109,,1404
OV-V,sign,1024,16,0.0,1,0,1,ip-172-31-14-170,linux,0,41.3964,24.16,Signature,True,2025-11-21T22:18:10.745337,,1405
OV-V,sign,1024,64,0.0,1,0,1,ip-172-31-14-170,linux,0,40.7972,24.51,Signature,True,2025-11-21T22:18:10.786927,,1406
OV-V,sign,1024,64,0.0,1,0,1,ip-172-31-14-170,linux,0,41.3119,24.21,Signature,True,2025-11-21T22:18:10.829073,,1407
OV-V,sign,1024,64,0.0,1,0,1,ip-172-31-14-170,linux,0,41.4167,24.14,Signature,True,2025-11-21T22:18:10.871516,,1408
OV-V,sign,1024,64,0.0,1,0,1,ip-172-31-14-170,linux,0,41.6073,24.03,Signature,True,2025-11-21T22:18:10.913941,,1409
OV-V,sign,1024,64,0.0,1,0,1,ip-172-31-14-170,linux,0,41.2762,24.23,Signature,True,2025-11-21T22:18:10.956024,,1410
OV-V,verify,0,1,0.0,1,0,1,ip-172-31-14-170,linux,0,41.8006,23.92,Signature,True,2025-11-21T22:18:10.998706,,1411
OV-V,verify,0,1,0.0,1,0,1,ip-172-31-14-170,linux,0,41.8741,23.88,Signature,True,2025-11-21T22:18:11.041401,,1412
OV-V,verify,0,1,0.0,1,0,1,ip-172-31-14-170,linux,0,42.092,23.76,Signature,True,2025-11-21T22:18:11.084338,,1413
OV-V,verify,0,1,0.0,1,0,1,ip-172-31-14-170,linux,0,42.3115,23.63,Signature,True,2025-11-21T22:18:11.127493,,1414
OV-V,verify,0,1,0.0,1,0,1,ip-172-31-14-170,linux,0,42.6856,23.43,Signature,True,2025-11-21T22:18:11.170997,,1415
OV-V,verify,0,16,0.0,1,0,1,ip-172-31-14-170,linux,0,42.1501,23.72,Signature,True,2025-11-21T22:18:11.213974,,1416
OV-V,verify,0,16,0.0,1,0,1,ip-172-31-14-170,linux,0,41.8513,23.89,Signature,True,2025-11-21T22:18:11.256682,,1417
OV-V,verify,0,16,0.0,1,0,1,ip-172-31-14-170,linux,0,41.6782,23.99,Signature,True,2025-11-21T22:18:11.299178,,1418
OV-V,verify,0,16,0.0,1,0,1,ip-172-31-14-170,linux,0,41.8856,23.87,Signature,True,2025-11-21T22:18:11.341869,,1419
OV-V,verify,0,16,0.0,1,0,1,ip-172-31-14-170,linux,0,41.8444,23.9,Signature,True,2025-11-21T22:18:11.384546,,1420
OV-V,verify,0,64,0.0,1,0,1,ip-172-31-14-170,linux,0,41.6184,24.03,Signature,True,2025-11-21T22:18:11.426973,,1421
OV-V,verify,0,64,0.0,1,0,1,ip-172-31-14-170,linux,0,41.7145,23.97,Signature,True,2025-11-21T22:18:11.469541,,1422
OV-V,verify,0,64,0.0,1,0,1,ip-172-31-14-170,linux,0,41.7643,23.94,Signature,True,2025-11-21T22:18:11.512156,,1423
OV-V,verify,0,64,0.0,1,0,1,ip-172-31-14-170,linux,0,41.7434,23.96,Signature,True,2025-11-21T22:18:11.554737,,1424
OV-V,verify,0,64,0.0,1,0,1,ip-172-31-14-170,linux,0,41.7889,23.93,Signature,True,2025-11-21T22:18:11.597346,,1425
OV-V,verify,1024,1,0.0,1,0,1,ip-172-31-14-170,linux,0,41.8455,23.9,Signature,True,2025-11-21T22:18:11.640014,,1426
OV-V,verify,1024,1,0.0,1,0,1,ip-172-31-14-170,linux,0,41.8777,23.88,Signature,True,2025-11-21T22:18:11.682756,,1427
OV-V,verify,1024,1,0.0,1,0,1,ip-172-31-14-170,linux,0,41.5763,24.05,Signature,True,2025-11-21T22:18:11.725203,,1428
OV-V,verify,1024,1,0.0,1,0,1,ip-172-31-14-170,linux,0,41.2627,24.23,Signature,True,2025-11-21T22:18:11.767305,,1429
OV-V,verify,1024,1,0.0,1,0,1,ip-172-31-14-170,linux,0,41.4868,24.1,Signature,True,2025-11-21T22:18:11.809612,,1430
OV-V,verify,1024,16,0.0,1,0,1,ip-172-31-14-170,linux,0,41.3898,24.16,Signature,True,2025-11-21T22:18:11.851808,,1431
OV-V,verify,1024,16,0.0,1,0,1,ip-172-31-14-170,linux,0,41.6448,24.01,Signature,True,2025-11-21T22:18:11.894305,,1432
OV-V,verify,1024,16,0.0,1,0,1,ip-172-31-14-170,linux,0,41.2453,24.25,Signature,True,2025-11-21T22:18:11.936384,,1433
OV-V,verify,1024,16,0.0,1,0,1,ip-172-31-14-170,linux,0,41.6752,24.0,Signature,True,2025-11-21T22:18:11.978862,,1434
OV-V,verify,1024,16,0.0,1,0,1,ip-172-31-14-170,linux,0,41.8721,23.88,Signature,True,2025-11-21T22:18:12.021605,,1435
OV-V,verify,1024,64,0.0,1,0,1,ip-172-31-14-170,linux,0,42.7923,23.37,Signature,True,2025-11-21T22:18:12.065272,,1436
OV-V,verify,1024,64,0.0,1,0,1,ip-172-31-14-170,linux,0,42.7518,23.39,Signature,True,2025-11-21T22:18:12.108839,,1437
OV-V,verify,1024,64,0.0,1,0,1,ip-172-31-14-170,linux,0,41.8843,23.88,Signature,True,2025-11-21T22:18:12.151564,,1438
OV-V,verify,1024,64,0.0,1,0,1,ip-172-31-14-170,linux,0,41.4936,24.1,Signature,True,2025-11-21T22:18:12.193858,,1439
OV-V,verify,1024,64,0.0,1,0,1,ip-172-31-14-170,linux,0,41.7396,23.96,Signature,True,2025-11-21T22:18:12.236455,,1440
OV-V-pkc,sign,0,1,0.0,1,0,1,ip-172-31-14-170,linux,0,41.5756,24.05,Signature,True,2025-11-21T22:18:12.278657,,1441
OV-V-pkc,sign,0,1,0.0,1,0,1,ip-172-31-14-170,linux,0,41.2552,24.24,Signature,True,2025-11-21T22:18:12.320540,,1442
OV-V-pkc,sign,0,1,0.0,1,0,1,ip-172-31-14-170,linux,0,41.1322,24.31,Signature,True,2025-11-21T22:18:12.362305,,1443
OV-V-pkc,sign,0,1,0.0,1,0,1,ip-172-31-14-170,linux,0,41.8694,23.88,Signature,True,2025-11-21T22:18:12.404789,,1444
OV-V-pkc,sign,0,1,0.0,1,0,1,ip-172-31-14-170,linux,0,41.8479,23.9,Signature,True,2025-11-21T22:18:12.447275,,1445
OV-V-pkc,sign,0,16,0.0,1,0,1,ip-172-31-14-170,linux,0,42.4023,23.58,Signature,True,2025-11-21T22:18:12.490317,,1446
OV-V-pkc,sign,0,16,0.0,1,0,1,ip-172-31-14-170,linux,0,41.3208,24.2,Signature,True,2025-11-21T22:18:12.532287,,1447
OV-V-pkc,sign,0,16,0.0,1,0,1,ip-172-31-14-170,linux,0,42.1658,23.72,Signature,True,2025-11-21T22:18:12.575090,,1448
OV-V-pkc,sign,0,16,0.0,1,0,1,ip-172-31-14-170,linux,0,41.4148,24.15,Signature,True,2025-11-21T22:18:12.617131,,1449
OV-V-pkc,sign,0,16,0.0,1,0,1,ip-172-31-14-170,linux,0,41.017,24.38,Signature,True,2025-11-21T22:18:12.658747,,1450
OV-V-pkc,sign,0,64,0.0,1,0,1,ip-172-31-14-170,linux,0,41.0168,24.38,Signature,True,2025-11-21T22:18:12.700393,,1451
OV-V-pkc,sign,0,64,0.0,1,0,1,ip-172-31-14-170,linux,0,40.8092,24.5,Signature,True,2025-11-21T22:18:12.741819,,1452
OV-V-pkc,sign,0,64,0.0,1,0,1,ip-172-31-14-170,linux,0,40.9062,24.45,Signature,True,2025-11-21T22:18:12.783352,,1453
OV-V-pkc,sign,0,64,0.0,1,0,1,ip-172-31-14-170,linux,0,40.7301,24.55,Signature,True,2025-11-21T22:18:12.824683,,1454
OV-V-pkc,sign,0,64,0.0,1,0,1,ip-172-31-14-170,linux,0,40.5828,24.64,Signature,True,2025-11-21T22:18:12.865877,,1455
OV-V-pkc,sign,1024,1,0.0,1,0,1,ip-172-31-14-170,linux,0,40.692,24.57,Signature,True,2025-11-21T22:18:12.907204,,1456
OV-V-pkc,sign,1024,1,0.0,1,0,1,ip-172-31-14-170,linux,0,41.3561,24.18,Signature,True,2025-11-21T22:18:12.949213,,1457
OV-V-pkc,sign,1024,1,0.0,1,0,1,ip-172-31-14-170,linux,0,40.8428,24.48,Signature,True,2025-11-21T22:18:12.990640,,1458
OV-V-pkc,sign,1024,1,0.0,1,0,1,ip-172-31-14-170,linux,0,41.7702,23.94,Signature,True,2025-11-21T22:18:13.033021,,1459
OV-V-pkc,sign,1024,1,0.0,1,0,1,ip-172-31-14-170,linux,0,41.1522,24.3,Signature,True,2025-11-21T22:18:13.074805,,1460
OV-V-pkc,sign,1024,16,0.0,1,0,1,ip-172-31-14-170,linux,0,41.3437,24.19,Signature,True,2025-11-21T22:18:13.116752,,1461
OV-V-pkc,sign,1024,16,0.0,1,0,1,ip-172-31-14-170,linux,0,41.4858,24.1,Signature,True,2025-11-21T22:18:13.158834,,1462
OV-V-pkc,sign,1024,16,0.0,1,0,1,ip-172-31-14-170,linux,0,41.0307,24.37,Signature,True,2025-11-21T22:18:13.200485,,1463
OV-V-pkc,sign,1024,16,0.0,1,0,1,ip-172-31-14-170,linux,0,40.9861,24.4,Signature,True,2025-11-21T22:18:13.242103,,1464
OV-V-pkc,sign,1024,16,0.0,1,0,1,ip-172-31-14-170,linux,0,40.942,24.42,Signature,True,2025-11-21T22:18:13.283653,,1465
OV-V-pkc,sign,1024,64,0.0,1,0,1,ip-172-31-14-170,linux,0,40.9237,24.44,Signature,True,2025-11-21T22:18:13.325230,,1466
OV-V-pkc,sign,1024,64,0.0,1,0,1,ip-172-31-14-170,linux,0,41.2341,24.25,Signature,True,2025-11-21T22:18:13.367090,,1467
OV-V-pkc,sign,1024,64,0.0,1,0,1,ip-172-31-14-170,linux,0,40.8606,24.47,Signature,True,2025-11-21T22:18:13.408566,,1468
OV-V-pkc,sign,1024,64,0.0,1,0,1,ip-172-31-14-170,linux,0,41.3955,24.16,Signature,True,2025-11-21T22:18:13.450582,,1469
OV-V-pkc,sign,1024,64,0.0,1,0,1,ip-172-31-14-170,linux,0,41.331,24.19,Signature,True,2025-11-21T22:18:13.492550,,1470
OV-V-pkc,verify,0,1,0.0,1,0,1,ip-172-31-14-170,linux,0,41.6883,23.99,Signature,True,2025-11-21T22:18:13.534848,,1471
OV-V-pkc,verify,0,1,0.0,1,0,1,ip-172-31-14-170,linux,0,41.321,24.2,Signature,True,2025-11-21T22:18:13.576784,,1472
OV-V-pkc,verify,0,1,0.0,1,0,1,ip-172-31-14-170,linux,0,41.604,24.04,Signature,True,2025-11-21T22:18:13.618984,,1473
OV-V-pkc,verify,0,1,0.0,1,0,1,ip-172-31-14-170,linux,0,40.8604,24.47,Signature,True,2025-11-21T22:18:13.660485,,1474
OV-V-pkc,verify,0,1,0.0,1,0,1,ip-172-31-14-170,linux,0,41.048,24.36,Signature,True,2025-11-21T22:18:13.702172,,1475
OV-V-pkc,verify,0,16,0.0,1,0,1,ip-172-31-14-170,linux,0,40.6483,24.6,Signature,True,2025-11-21T22:18:13.743442,,1476
OV-V-pkc,verify,0,16,0.0,1,0,1,ip-172-31-14-170,linux,0,40.6189,24.62,Signature,True,2025-11-21T22:18:13.784651,,1477
OV-V-pkc,verify,0,16,0.0,1,0,1,ip-172-31-14-170,linux,0,40.8077,24.51,Signature,True,2025-11-21T22:18:13.826091,,1478
OV-V-pkc,verify,0,16,0.0,1,0,1,ip-172-31-14-170,linux,0,41.038,24.37,Signature,True,2025-11-21T22:18:13.867719,,1479
OV-V-pkc,verify,0,16,0.0,1,0,1,ip-172-31-14-170,linux,0,40.5594,24.66,Signature,True,2025-11-21T22:18:13.908887,,1480
OV-V-pkc,verify,0,64,0.0,1,0,1,ip-172-31-14-170,linux,0,40.7784,24.52,Signature,True,2025-11-21T22:18:13.950287,,1481
OV-V-pkc,verify,0,64,0.0,1,0,1,ip-172-31-14-170,linux,0,40.5444,24.66,Signature,True,2025-11-21T22:18:13.991450,,1482
OV-V-pkc,verify,0,64,0.0,1,0,1,ip-172-31-14-170,linux,0,41.9488,23.84,Signature,True,2025-11-21T22:18:14.034012,,1483
OV-V-pkc,verify,0,64,0.0,1,0,1,ip-172-31-14-170,linux,0,41.7608,23.95,Signature,True,2025-11-21T22:18:14.076471,,1484
OV-V-pkc,verify,0,64,0.0,1,0,1,ip-172-31-14-170,linux,0,41.7956,23.93,Signature,True,2025-11-21T22:18:14.118869,,1485
OV-V-pkc,verify,1024,1,0.0,1,0,1,ip-172-31-14-170,linux,0,41.1279,24.31,Signature,True,2025-11-21T22:18:14.160609,,1486
OV-V-pkc,verify,1024,1,0.0,1,0,1,ip-172-31-14-170,linux,0,41.0348,24.37,Signature,True,2025-11-21T22:18:14.202273,,1487
OV-V-pkc,verify,1024,1,0.0,1,0,1,ip-172-31-14-170,linux,0,41.2002,24.27,Signature,True,2025-11-21T22:18:14.244126,,1488
OV-V-pkc,verify,1024,1,0.0,1,0,1,ip-172-31-14-170,linux,0,41.1427,24.31,Signature,True,2025-11-21T22:18:14.285883,,1489
OV-V-pkc,verify,1024,1,0.0,1,0,1,ip-172-31-14-170,linux,0,40.9171,24.44,Signature,True,2025-11-21T22:18:14.327440,,1490
OV-V-pkc,verify,1024,16,0.0,1,0,1,ip-172-31-14-170,linux,0,41.3566,24.18,Signature,True,2025-11-21T22:18:14.369417,,1491
OV-V-pkc,verify,1024,16,0.0,1,0,1,ip-172-31-14-170,linux,0,40.4695,24.71,Signature,True,2025-11-21T22:18:14.410498,,1492
OV-V-pkc,verify,1024,16,0.0,1,0,1,ip-172-31-14-170,linux,0,41.3091,24.21,Signature,True,2025-11-21T22:18:14.452431,,1493
OV-V-pkc,verify,1024,16,0.0,1,0,1,ip-172-31-14-170,linux,0,40.6736,24.59,Signature,True,2025-11-21T22:18:14.493713,,1494
OV-V-pkc,verify,1024,16,0.0,1,0,1,ip-172-31-14-170,linux,0,40.7417,24.54,Signature,True,2025-11-21T22:18:14.535076,,1495
OV-V-pkc,verify,1024,64,0.0,1,0,1,ip-172-31-14-170,linux,0,40.8653,24.47,Signature,True,2025-11-21T22:18:14.576567,,1496
OV-V-pkc,verify,1024,64,0.0,1,0,1,ip-172-31-14-170,linux,0,41.3779,24.17,Signature,True,2025-11-21T22:18:14.618597,,1497
OV-V-pkc,verify,1024,64,0.0,1,0,1,ip-172-31-14-170,linux,0,40.8513,24.48,Signature,True,2025-11-21T22:18:14.660079,,1498
OV-V-pkc,verify,1024,64,0.0,1,0,1,ip-172-31-14-170,linux,0,40.845,24.48,Signature,True,2025-11-21T22:18:14.701553,,1499
OV-V-pkc,verify,1024,64,0.0,1,0,1,ip-172-31-14-170,linux,0,40.8687,24.47,Signature,True,2025-11-21T22:18:14.743033,,1500
OV-V-pkc-skc,sign,0,1,0.0,1,0,1,ip-172-31-14-170,linux,0,56.4398,17.72,Signature,True,2025-11-21T22:18:14.799619,,1501
OV-V-pkc-skc,sign,0,1,0.0,1,0,1,ip-172-31-14-170,linux,0,55.2023,18.12,Signature,True,2025-11-21T22:18:14.854932,,1502
OV-V-pkc-skc,sign,0,1,0.0,1,0,1,ip-172-31-14-170,linux,0,55.4017,18.05,Signature,True,2025-11-21T22:18:14.910437,,1503
OV-V-pkc-skc,sign,0,1,0.0,1,0,1,ip-172-31-14-170,linux,0,55.2942,18.09,Signature,True,2025-11-21T22:18:14.965837,,1504
OV-V-pkc-skc,sign,0,1,0.0,1,0,1,ip-172-31-14-170,linux,0,55.6251,17.98,Signature,True,2025-11-21T22:18:15.021574,,1505
OV-V-pkc-skc,sign,0,16,0.0,1,0,1,ip-172-31-14-170,linux,0,57.1286,17.5,Signature,True,2025-11-21T22:18:15.078827,,1506
OV-V-pkc-skc,sign,0,16,0.0,1,0,1,ip-172-31-14-170,linux,0,57.7841,17.31,Signature,True,2025-11-21T22:18:15.136735,,1507
OV-V-pkc-skc,sign,0,16,0.0,1,0,1,ip-172-31-14-170,linux,0,56.3704,17.74,Signature,True,2025-11-21T22:18:15.194850,,1508
OV-V-pkc-skc,sign,0,16,0.0,1,0,1,ip-172-31-14-170,linux,0,55.3174,18.08,Signature,True,2025-11-21T22:18:15.250277,,1509
OV-V-pkc-skc,sign,0,16,0.0,1,0,1,ip-172-31-14-170,linux,0,55.8721,17.9,Signature,True,2025-11-21T22:18:15.306257,,1510
OV-V-pkc-skc,sign,0,64,0.0,1,0,1,ip-172-31-14-170,linux,0,55.4915,18.02,Signature,True,2025-11-21T22:18:15.361862,,1511
OV-V-pkc-skc,sign,0,64,0.0,1,0,1,ip-172-31-14-170,linux,0,55.8009,17.92,Signature,True,2025-11-21T22:18:15.417779,,1512
OV-V-pkc-skc,sign,0,64,0.0,1,0,1,ip-172-31-14-170,linux,0,55.5569,18.0,Signature,True,2025-11-21T22:18:15.473441,,1513
OV-V-pkc-skc,sign,0,64,0.0,1,0,1,ip-172-31-14-170,linux,0,55.4003,18.05,Signature,True,2025-11-21T22:18:15.528950,,1514
OV-V-pkc-skc,sign,0,64,0.0,1,0,1,ip-172-31-14-170,linux,0,55.5163,18.01,Signature,True,2025-11-21T22:18:15.584579,,1515
OV-V-pkc-skc,sign,1024,1,0.0,1,0,1,ip-172-31-14-170,linux,0,55.4148,18.05,Signature,True,2025-11-21T22:18:15.640110,,1516
OV-V-pkc-skc,sign,1024,1,0.0,1,0,1,ip-172-31-14-170,linux,0,55.3155,18.08,Signature,True,2025-11-21T22:18:15.695531,,1517
OV-V-pkc-skc,sign,1024,1,0.0,1,0,1,ip-172-31-14-170,linux,0,55.4784,18.03,Signature,True,2025-11-21T22:18:15.751123,,1518
OV-V-pkc-skc,sign,1024,1,0.0,1,0,1,ip-172-31-14-170,linux,0,55.1112,18.15,Signature,True,2025-11-21T22:18:15.806340,,1519
OV-V-pkc-skc,sign,1024,1,0.0,1,0,1,ip-172-31-14-170,linux,0,55.447,18.04,Signature,True,2025-11-21T22:18:15.861896,,1520
OV-V-pkc-skc,sign,1024,16,0.0,1,0,1,ip-172-31-14-170,linux,0,55.4166,18.05,Signature,True,2025-11-21T22:18:15.917424,,1521
OV-V-pkc-skc,sign,1024,16,0.0,1,0,1,ip-172-31-14-170,linux,0,55.389,18.05,Signature,True,2025-11-21T22:18:15.972923,,1522
OV-V-pkc-skc,sign,1024,16,0.0,1,0,1,ip-172-31-14-170,linux,0,55.6831,17.96,Signature,True,2025-11-21T22:18:16.028718,,1523
OV-V-pkc-skc,sign,1024,16,0.0,1,0,1,ip-172-31-14-170,linux,0,55.7177,17.95,Signature,True,2025-11-21T22:18:16.084548,,1524
OV-V-pkc-skc,sign,1024,16,0.0,1,0,1,ip-172-31-14-170,linux,0,55.743,17.94,Signature,True,2025-11-21T22:18:16.140403,,1525
OV-V-pkc-skc,sign,1024,64,0.0,1,0,1,ip-172-31-14-170,linux,0,55.9694,17.87,Signature,True,2025-11-21T22:18:16.196485,,1526
OV-V-pkc-skc,sign,1024,64,0.0,1,0,1,ip-172-31-14-170,linux,0,55.4077,18.05,Signature,True,2025-11-21T22:18:16.252002,,1527
OV-V-pkc-skc,sign,1024,64,0.0,1,0,1,ip-172-31-14-170,linux,0,55.1342,18.14,Signature,True,2025-11-21T22:18:16.307253,,1528
OV-V-pkc-skc,sign,1024,64,0.0,1,0,1,ip-172-31-14-170,linux,0,55.3819,18.06,Signature,True,2025-11-21T22:18:16.362741,,1529
OV-V-pkc-skc,sign,1024,64,0.0,1,0,1,ip-172-31-14-170,linux,0,54.9185,18.21,Signature,True,2025-11-21T22:18:16.417769,,1530
OV-V-pkc-skc,verify,0,1,0.0,1,0,1,ip-172-31-14-170,linux,0,54.9471,18.2,Signature,True,2025-11-21T22:18:16.472838,,1531
OV-V-pkc-skc,verify,0,1,0.0,1,0,1,ip-172-31-14-170,linux,0,55.2138,18.11,Signature,True,2025-11-21T22:18:16.528154,,1532
OV-V-pkc-skc,verify,0,1,0.0,1,0,1,ip-172-31-14-170,linux,0,54.9649,18.19,Signature,True,2025-11-21T22:18:16.583226,,1533
OV-V-pkc-skc,verify,0,1,0.0,1,0,1,ip-172-31-14-170,linux,0,55.5892,17.99,Signature,True,2025-11-21T22:18:16.638921,,1534
OV-V-pkc-skc,verify,0,1,0.0,1,0,1,ip-172-31-14-170,linux,0,55.0133,18.18,Signature,True,2025-11-21T22:18:16.694041,,1535
OV-V-pkc-skc,verify,0,16,0.0,1,0,1,ip-172-31-14-170,linux,0,55.2755,18.09,Signature,True,2025-11-21T22:18:16.749443,,1536
OV-V-pkc-skc,verify,0,16,0.0,1,0,1,ip-172-31-14-170,linux,0,55.0949,18.15,Signature,True,2025-11-21T22:18:16.804645,,1537
OV-V-pkc-skc,verify,0,16,0.0,1,0,1,ip-172-31-14-170,linux,0,55.5989,17.99,Signature,True,2025-11-21T22:18:16.860351,,1538
OV-V-pkc-skc,verify,0,16,0.0,1,0,1,ip-172-31-14-170,linux,0,55.1205,18.14,Signature,True,2025-11-21T22:18:16.915576,,1539
OV-V-pkc-skc,verify,0,16,0.0,1,0,1,ip-172-31-14-170,linux,0,55.4057,18.05,Signature,True,2025-11-21T22:18:16.971089,,1540
OV-V-pkc-skc,verify,0,64,0.0,1,0,1,ip-172-31-14-170,linux,0,55.442,18.04,Signature,True,2025-11-21T22:18:17.026638,,1541
OV-V-pkc-skc,verify,0,64,0.0,1,0,1,ip-172-31-14-170,linux,0,55.1995,18.12,Signature,True,2025-11-21T22:18:17.081946,,1542
OV-V-pkc-skc,verify,0,64,0.0,1,0,1,ip-172-31-14-170,linux,0,55.4476,18.04,Signature,True,2025-11-21T22:18:17.137510,,1543
OV-V-pkc-skc,verify,0,64,0.0,1,0,1,ip-172-31-14-170,linux,0,55.0689,18.16,Signature,True,2025-11-21T22:18:17.192684,,1544
OV-V-pkc-skc,verify,0,64,0.0,1,0,1,ip-172-31-14-170,linux,0,55.0246,18.17,Signature,True,2025-11-21T22:18:17.247819,,1545
OV-V-pkc-skc,verify,1024,1,0.0,1,0,1,ip-172-31-14-170,linux,0,55.0263,18.17,Signature,True,2025-11-21T22:18:17.302953,,1546
OV-V-pkc-skc,verify,1024,1,0.0,1,0,1,ip-172-31-14-170,linux,0,55.304,18.08,Signature,True,2025-11-21T22:18:17.358363,,1547
OV-V-pkc-skc,verify,1024,1,0.0,1,0,1,ip-172-31-14-170,linux,0,55.415,18.05,Signature,True,2025-11-21T22:18:17.413885,,1548
OV-V-pkc-skc,verify,1024,1,0.0,1,0,1,ip-172-31-14-170,linux,0,54.9798,18.19,Signature,True,2025-11-21T22:18:17.468975,,1549
OV-V-pkc-skc,verify,1024,1,0.0,1,0,1,ip-172-31-14-170,linux,0,54.8298,18.24,Signature,True,2025-11-21T22:18:17.523930,,1550
OV-V-pkc-skc,verify,1024,16,0.0,1,0,1,ip-172-31-14-170,linux,0,55.1363,18.14,Signature,True,2025-11-21T22:18:17.579177,,1551
OV-V-pkc-skc,verify,1024,16,0.0,1,0,1,ip-172-31-14-170,linux,0,55.1619,18.13,Signature,True,2025-11-21T22:18:17.634443,,1552
OV-V-pkc-skc,verify,1024,16,0.0,1,0,1,ip-172-31-14-170,linux,0,55.0262,18.17,Signature,True,2025-11-21T22:18:17.689581,,1553
OV-V-pkc-skc,verify,1024,16,0.0,1,0,1,ip-172-31-14-170,linux,0,55.6174,17.98,Signature,True,2025-11-21T22:18:17.745305,,1554
OV-V-pkc-skc,verify,1024,16,0.0,1,0,1,ip-172-31-14-170,linux,0,55.7015,17.95,Signature,True,2025-11-21T22:18:17.801117,,1555
OV-V-pkc-skc,verify,1024,64,0.0,1,0,1,ip-172-31-14-170,linux,0,55.7005,17.95,Signature,True,2025-11-21T22:18:17.856931,,1556
OV-V-pkc-skc,verify,1024,64,0.0,1,0,1,ip-172-31-14-170,linux,0,55.4828,18.02,Signature,True,2025-11-21T22:18:17.912525,,1557
OV-V-pkc-skc,verify,1024,64,0.0,1,0,1,ip-172-31-14-170,linux,0,55.1754,18.12,Signature,True,2025-11-21T22:18:17.967808,,1558
OV-V-pkc-skc,verify,1024,64,0.0,1,0,1,ip-172-31-14-170,linux,0,55.6059,17.98,Signature,True,2025-11-21T22:18:18.023521,,1559
OV-V-pkc-skc,verify,1024,64,0.0,1,0,1,ip-172-31-14-170,linux,0,55.599,17.99,Signature,True,2025-11-21T22:18:18.079235,,1560
SPHINCS+-SHA2-128f-simple,sign,0,1,0.0,1,0,1,ip-172-31-14-170,linux,0,45.1953,22.13,Signature,True,2025-11-21T22:18:18.124541,,1561
SPHINCS+-SHA2-128f-simple,sign,0,1,0.0,1,0,1,ip-172-31-14-170,linux,0,44.8711,22.29,Signature,True,2025-11-21T22:18:18.169494,,1562
SPHINCS+-SHA2-128f-simple,sign,0,1,0.0,1,0,1,ip-172-31-14-170,linux,0,44.9173,22.26,Signature,True,2025-11-21T22:18:18.214537,,1563
SPHINCS+-SHA2-128f-simple,sign,0,1,0.0,1,0,1,ip-172-31-14-170,linux,0,44.9463,22.25,Signature,True,2025-11-21T22:18:18.259554,,1564
SPHINCS+-SHA2-128f-simple,sign,0,1,0.0,1,0,1,ip-172-31-14-170,linux,0,44.7611,22.34,Signature,True,2025-11-21T22:18:18.304379,,1565
SPHINCS+-SHA2-128f-simple,sign,0,16,0.0,1,0,1,ip-172-31-14-170,linux,0,44.8086,22.32,Signature,True,2025-11-21T22:18:18.349255,,1566
SPHINCS+-SHA2-128f-simple,sign,0,16,0.0,1,0,1,ip-172-31-14-170,linux,0,44.8521,22.3,Signature,True,2025-11-21T22:18:18.394169,,1567
SPHINCS+-SHA2-128f-simple,sign,0,16,0.0,1,0,1,ip-172-31-14-170,linux,0,44.8399,22.3,Signature,True,2025-11-21T22:18:18.439072,,1568
SPHINCS+-SHA2-128f-simple,sign,0,16,0.0,1,0,1,ip-172-31-14-170,linux,0,45.0522,22.2,Signature,True,2025-11-21T22:18:18.484186,,1569
SPHINCS+-SHA2-128f-simple,sign,0,16,0.0,1,0,1,ip-172-31-14-170,linux,0,44.8321,22.31,Signature,True,2025-11-21T22:18:18.529082,,1570
SPHINCS+-SHA2-128f-simple,sign,0,64,0.0,1,0,1,ip-172-31-14-170,linux,0,44.8547,22.29,Signature,True,2025-11-21T22:18:18.574000,,1571
SPHINCS+-SHA2-128f-simple,sign,0,64,0.0,1,0,1,ip-172-31-14-170,linux,0,44.8632,22.29,Signature,True,2025-11-21T22:18:18.618931,,1572
SPHINCS+-SHA2-128f-simple,sign,0,64,0.0,1,0,1,ip-172-31-14-170,linux,0,44.8252,22.31,Signature,True,2025-11-21T22:18:18.663821,,1573
SPHINCS+-SHA2-128f-simple,sign,0,64,0.0,1,0,1,ip-172-31-14-170,linux,0,44.8022,22.32,Signature,True,2025-11-21T22:18:18.708683,,1574
SPHINCS+-SHA2-128f-simple,sign,0,64,0.0,1,0,1,ip-172-31-14-170,linux,0,44.7328,22.35,Signature,True,2025-11-21T22:18:18.753477,,1575
SPHINCS+-SHA2-128f-simple,sign,1024,1,0.0,1,0,1,ip-172-31-14-170,linux,0,44.8262,22.31,Signature,True,2025-11-21T22:18:18.798368,,1576
SPHINCS+-SHA2-128f-simple,sign,1024,1,0.0,1,0,1,ip-172-31-14-170,linux,0,44.9079,22.27,Signature,True,2025-11-21T22:18:18.843342,,1577
SPHINCS+-SHA2-128f-simple,sign,1024,1,0.0,1,0,1,ip-172-31-14-170,linux,0,44.7765,22.33,Signature,True,2025-11-21T22:18:18.888187,,1578
SPHINCS+-SHA2-128f-simple,sign,1024,1,0.0,1,0,1,ip-172-31-14-170,linux,0,44.8831,22.28,Signature,True,2025-11-21T22:18:18.933136,,1579
SPHINCS+-SHA2-128f-simple,sign,1024,1,0.0,1,0,1,ip-172-31-14-170,linux,0,44.7185,22.36,Signature,True,2025-11-21T22:18:18.977919,,1580
SPHINCS+-SHA2-128f-simple,sign,1024,16,0.0,1,0,1,ip-172-31-14-170,linux,0,44.7809,22.33,Signature,True,2025-11-21T22:18:19.022766,,1581
SPHINCS+-SHA2-128f-simple,sign,1024,16,0.0,1,0,1,ip-172-31-14-170,linux,0,44.9226,22.26,Signature,True,2025-11-21T22:18:19.067754,,1582
SPHINCS+-SHA2-128f-simple,sign,1024,16,0.0,1,0,1,ip-172-31-14-170,linux,0,44.8775,22.28,Signature,True,2025-11-21T22:18:19.112697,,1583
SPHINCS+-SHA2-128f-simple,sign,1024,16,0.0,1,0,1,ip-172-31-14-170,linux,0,44.8045,22.32,Signature,True,2025-11-21T22:18:19.157563,,1584
SPHINCS+-SHA2-128f-simple,sign,1024,16,0.0,1,0,1,ip-172-31-14-170,linux,0,44.8616,22.29,Signature,True,2025-11-21T22:18:19.202489,,1585
SPHINCS+-SHA2-128f-simple,sign,1024,64,0.0,1,0,1,ip-172-31-14-170,linux,0,44.9564,22.24,Signature,True,2025-11-21T22:18:19.247508,,1586
SPHINCS+-SHA2-128f-simple,sign,1024,64,0.0,1,0,1,ip-172-31-14-170,linux,0,44.867,22.29,Signature,True,2025-11-21T22:18:19.292438,,1587
SPHINCS+-SHA2-128f-simple,sign,1024,64,0.0,1,0,1,ip-172-31-14-170,linux,0,44.8194,22.31,Signature,True,2025-11-21T22:18:19.337319,,1588
SPHINCS+-SHA2-128f-simple,sign,1024,64,0.0,1,0,1,ip-172-31-14-170,linux,0,44.8702,22.29,Signature,True,2025-11-21T22:18:19.382246,,1589
SPHINCS+-SHA2-128f-simple,sign,1024,64,0.0,1,0,1,ip-172-31-14-170,linux,0,44.9068,22.27,Signature,True,2025-11-21T22:18:19.427215,,1590
SPHINCS+-SHA2-128f-simple,verify,0,1,0.0,1,0,1,ip-172-31-14-170,linux,0,44.7937,22.32,Signature,True,2025-11-21T22:18:19.472075,,1591
SPHINCS+-SHA2-128f-simple,verify,0,1,0.0,1,0,1,ip-172-31-14-170,linux,0,44.9035,22.27,Signature,True,2025-11-21T22:18:19.517042,,1592
SPHINCS+-SHA2-128f-simple,verify,0,1,0.0,1,0,1,ip-172-31-14-170,linux,0,44.701,22.37,Signature,True,2025-11-21T22:18:19.561807,,1593
SPHINCS+-SHA2-128f-simple,verify,0,1,0.0,1,0,1,ip-172-31-14-170,linux,0,44.7031,22.37,Signature,True,2025-11-21T22:18:19.606572,,1594
SPHINCS+-SHA2-128f-simple,verify,0,1,0.0,1,0,1,ip-172-31-14-170,linux,0,44.846,22.3,Signature,True,2025-11-21T22:18:19.651484,,1595
SPHINCS+-SHA2-128f-simple,verify,0,16,0.0,1,0,1,ip-172-31-14-170,linux,0,44.9828,22.23,Signature,True,2025-11-21T22:18:19.696533,,1596
SPHINCS+-SHA2-128f-simple,verify,0,16,0.0,1,0,1,ip-172-31-14-170,linux,0,44.7674,22.34,Signature,True,2025-11-21T22:18:19.741361,,1597
SPHINCS+-SHA2-128f-simple,verify,0,16,0.0,1,0,1,ip-172-31-14-170,linux,0,44.8691,22.29,Signature,True,2025-11-21T22:18:19.786290,,1598
SPHINCS+-SHA2-128f-simple,verify,0,16,0.0,1,0,1,ip-172-31-14-170,linux,0,44.7619,22.34,Signature,True,2025-11-21T22:18:19.831114,,1599
SPHINCS+-SHA2-128f-simple,verify,0,16,0.0,1,0,1,ip-172-31-14-170,linux,0,44.9148,22.26,Signature,True,2025-11-21T22:18:19.876093,,1600
SPHINCS+-SHA2-128f-simple,verify,0,64,0.0,1,0,1,ip-172-31-14-170,linux,0,44.7747,22.33,Signature,True,2025-11-21T22:18:19.920956,,1601
SPHINCS+-SHA2-128f-simple,verify,0,64,0.0,1,0,1,ip-172-31-14-170,linux,0,44.7942,22.32,Signature,True,2025-11-21T22:18:19.965812,,1602
SPHINCS+-SHA2-128f-simple,verify,0,64,0.0,1,0,1,ip-172-31-14-170,linux,0,44.8084,22.32,Signature,True,2025-11-21T22:18:20.010688,,1603
SPHINCS+-SHA2-128f-simple,verify,0,64,0.0,1,0,1,ip-172-31-14-170,linux,0,44.9734,22.24,Signature,True,2025-11-21T22:18:20.055742,,1604
SPHINCS+-SHA2-128f-simple,verify,0,64,0.0,1,0,1,ip-172-31-14-170,linux,0,44.9297,22.26,Signature,True,2025-11-21T22:18:20.100737,,1605
SPHINCS+-SHA2-128f-simple,verify,1024,1,0.0,1,0,1,ip-172-31-14-170,linux,0,44.9585,22.24,Signature,True,2025-11-21T22:18:20.145780,,1606
SPHINCS+-SHA2-128f-simple,verify,1024,1,0.0,1,0,1,ip-172-31-14-170,linux,0,44.7823,22.33,Signature,True,2025-11-21T22:18:20.190629,,1607
SPHINCS+-SHA2-128f-simple,verify,1024,1,0.0,1,0,1,ip-172-31-14-170,linux,0,44.8619,22.29,Signature,True,2025-11-21T22:18:20.235549,,1608
SPHINCS+-SHA2-128f-simple,verify,1024,1,0.0,1,0,1,ip-172-31-14-170,linux,0,44.8831,22.28,Signature,True,2025-11-21T22:18:20.280491,,1609
SPHINCS+-SHA2-128f-simple,verify,1024,1,0.0,1,0,1,ip-172-31-14-170,linux,0,44.9097,22.27,Signature,True,2025-11-21T22:18:20.325464,,1610
SPHINCS+-SHA2-128f-simple,verify,1024,16,0.0,1,0,1,ip-172-31-14-170,linux,0,44.7793,22.33,Signature,True,2025-11-21T22:18:20.370311,,1611
SPHINCS+-SHA2-128f-simple,verify,1024,16,0.0,1,0,1,ip-172-31-14-170,linux,0,44.8696,22.29,Signature,True,2025-11-21T22:18:20.415242,,1612
SPHINCS+-SHA2-128f-simple,verify,1024,16,0.0,1,0,1,ip-172-31-14-170,linux,0,44.8109,22.32,Signature,True,2025-11-21T22:18:20.460111,,1613
SPHINCS+-SHA2-128f-simple,verify,1024,16,0.0,1,0,1,ip-172-31-14-170,linux,0,44.8992,22.27,Signature,True,2025-11-21T22:18:20.505068,,1614
SPHINCS+-SHA2-128f-simple,verify,1024,16,0.0,1,0,1,ip-172-31-14-170,linux,0,44.9093,22.27,Signature,True,2025-11-21T22:18:20.550036,,1615
SPHINCS+-SHA2-128f-simple,verify,1024,64,0.0,1,0,1,ip-172-31-14-170,linux,0,44.8732,22.29,Signature,True,2025-11-21T22:18:20.594979,,1616
SPHINCS+-SHA2-128f-simple,verify,1024,64,0.0,1,0,1,ip-172-31-14-170,linux,0,44.824,22.31,Signature,True,2025-11-21T22:18:20.639867,,1617
SPHINCS+-SHA2-128f-simple,verify,1024,64,0.0,1,0,1,ip-172-31-14-170,linux,0,44.8762,22.28,Signature,True,2025-11-21T22:18:20.684808,,1618
SPHINCS+-SHA2-128f-simple,verify,1024,64,0.0,1,0,1,ip-172-31-14-170,linux,0,44.7837,22.33,Signature,True,2025-11-21T22:18:20.729655,,1619
SPHINCS+-SHA2-128f-simple,verify,1024,64,0.0,1,0,1,ip-172-31-14-170,linux,0,44.7164,22.36,Signature,True,2025-11-21T22:18:20.774433,,1620
SPHINCS+-SHA2-128s-simple,sign,0,1,0.0,1,0,1,ip-172-31-14-170,linux,0,926.9337,1.08,Signature,True,2025-11-21T22:18:21.701440,,1621
SPHINCS+-SHA2-128s-simple,sign,0,1,0.0,1,0,1,ip-172-31-14-170,linux,0,927.389,1.08,Signature,True,2025-11-21T22:18:22.628924,,1622
SPHINCS+-SHA2-128s-simple,sign,0,1,0.0,1,0,1,ip-172-31-14-170,linux,0,927.2031,1.08,Signature,True,2025-11-21T22:18:23.556267,,1623
SPHINCS+-SHA2-128s-simple,sign,0,1,0.0,1,0,1,ip-172-31-14-170,linux,0,926.7656,1.08,Signature,True,2025-11-21T22:18:24.483130,,1624
SPHINCS+-SHA2-128s-simple,sign,0,1,0.0,1,0,1,ip-172-31-14-170,linux,0,927.1459,1.08,Signature,True,2025-11-21T22:18:25.410373,,1625
SPHINCS+-SHA2-128s-simple,sign,0,16,0.0,1,0,1,ip-172-31-14-170,linux,0,927.2009,1.08,Signature,True,2025-11-21T22:18:26.337670,,1626
SPHINCS+-SHA2-128s-simple,sign,0,16,0.0,1,0,1,ip-172-31-14-170,linux,0,926.718,1.08,Signature,True,2025-11-21T22:18:27.264483,,1627
SPHINCS+-SHA2-128s-simple,sign,0,16,0.0,1,0,1,ip-172-31-14-170,linux,0,926.7822,1.08,Signature,True,2025-11-21T22:18:28.191361,,1628
SPHINCS+-SHA2-128s-simple,sign,0,16,0.0,1,0,1,ip-172-31-14-170,linux,0,926.8116,1.08,Signature,True,2025-11-21T22:18:29.118266,,1629
SPHINCS+-SHA2-128s-simple,sign,0,16,0.0,1,0,1,ip-172-31-14-170,linux,0,927.1228,1.08,Signature,True,2025-11-21T22:18:30.045485,,1630
SPHINCS+-SHA2-128s-simple,sign,0,64,0.0,1,0,1,ip-172-31-14-170,linux,0,927.9209,1.08,Signature,True,2025-11-21T22:18:30.973515,,1631
SPHINCS+-SHA2-128s-simple,sign,0,64,0.0,1,0,1,ip-172-31-14-170,linux,0,927.0194,1.08,Signature,True,2025-11-21T22:18:31.900635,,1632
SPHINCS+-SHA2-128s-simple,sign,0,64,0.0,1,0,1,ip-172-31-14-170,linux,0,926.8896,1.08,Signature,True,2025-11-21T22:18:32.827621,,1633
SPHINCS+-SHA2-128s-simple,sign,0,64,0.0,1,0,1,ip-172-31-14-170,linux,0,927.3628,1.08,Signature,True,2025-11-21T22:18:33.755078,,1634
SPHINCS+-SHA2-128s-simple,sign,0,64,0.0,1,0,1,ip-172-31-14-170,linux,0,927.1739,1.08,Signature,True,2025-11-21T22:18:34.682346,,1635
SPHINCS+-SHA2-128s-simple,sign,1024,1,0.0,1,0,1,ip-172-31-14-170,linux,0,927.1201,1.08,Signature,True,2025-11-21T22:18:35.609564,,1636
SPHINCS+-SHA2-128s-simple,sign,1024,1,0.0,1,0,1,ip-172-31-14-170,linux,0,927.3675,1.08,Signature,True,2025-11-21T22:18:36.537025,,1637
SPHINCS+-SHA2-128s-simple,sign,1024,1,0.0,1,0,1,ip-172-31-14-170,linux,0,927.123,1.08,Signature,True,2025-11-21T22:18:37.464253,,1638
SPHINCS+-SHA2-128s-simple,sign,1024,1,0.0,1,0,1,ip-172-31-14-170,linux,0,927.3587,1.08,Signature,True,2025-11-21T22:18:38.391709,,1639
SPHINCS+-SHA2-128s-simple,sign,1024,1,0.0,1,0,1,ip-172-31-14-170,linux,0,927.2485,1.08,Signature,True,2025-11-21T22:18:39.319069,,1640
SPHINCS+-SHA2-128s-simple,sign,1024,16,0.0,1,0,1,ip-172-31-14-170,linux,0,927.3544,1.08,Signature,True,2025-11-21T22:18:40.246521,,1641
SPHINCS+-SHA2-128s-simple,sign,1024,16,0.0,1,0,1,ip-172-31-14-170,linux,0,927.4182,1.08,Signature,True,2025-11-21T22:18:41.174033,,1642
SPHINCS+-SHA2-128s-simple,sign,1024,16,0.0,1,0,1,ip-172-31-14-170,linux,0,927.5502,1.08,Signature,True,2025-11-21T22:18:42.101689,,1643
SPHINCS+-SHA2-128s-simple,sign,1024,16,0.0,1,0,1,ip-172-31-14-170,linux,0,928.08,1.08,Signature,True,2025-11-21T22:18:43.029882,,1644
SPHINCS+-SHA2-128s-simple,sign,1024,16,0.0,1,0,1,ip-172-31-14-170,linux,0,927.2297,1.08,Signature,True,2025-11-21T22:18:43.957209,,1645
SPHINCS+-SHA2-128s-simple,sign,1024,64,0.0,1,0,1,ip-172-31-14-170,linux,0,927.2311,1.08,Signature,True,2025-11-21T22:18:44.884540,,1646
SPHINCS+-SHA2-128s-simple,sign,1024,64,0.0,1,0,1,ip-172-31-14-170,linux,0,930.097,1.08,Signature,True,2025-11-21T22:18:45.814728,,1647
SPHINCS+-SHA2-128s-simple,sign,1024,64,0.0,1,0,1,ip-172-31-14-170,linux,0,927.3142,1.08,Signature,True,2025-11-21T22:18:46.742140,,1648
SPHINCS+-SHA2-128s-simple,sign,1024,64,0.0,1,0,1,ip-172-31-14-170,linux,0,927.6066,1.08,Signature,True,2025-11-21T22:18:47.669844,,1649
SPHINCS+-SHA2-128s-simple,sign,1024,64,0.0,1,0,1,ip-172-31-14-170,linux,0,927.1726,1.08,Signature,True,2025-11-21T22:18:48.597112,,1650
SPHINCS+-SHA2-128s-simple,verify,0,1,0.0,1,0,1,ip-172-31-14-170,linux,0,926.9109,1.08,Signature,True,2025-11-21T22:18:49.524125,,1651
SPHINCS+-SHA2-128s-simple,verify,0,1,0.0,1,0,1,ip-172-31-14-170,linux,0,927.3472,1.08,Signature,True,2025-11-21T22:18:50.451570,,1652
SPHINCS+-SHA2-128s-simple,verify,0,1,0.0,1,0,1,ip-172-31-14-170,linux,0,926.8577,1.08,Signature,True,2025-11-21T22:18:51.378526,,1653
SPHINCS+-SHA2-128s-simple,verify,0,1,0.0,1,0,1,ip-172-31-14-170,linux,0,927.1085,1.08,Signature,True,2025-11-21T22:18:52.305732,,1654
SPHINCS+-SHA2-128s-simple,verify,0,1,0.0,1,0,1,ip-172-31-14-170,linux,0,927.3062,1.08,Signature,True,2025-11-21T22:18:53.233136,,1655
SPHINCS+-SHA2-128s-simple,verify,0,16,0.0,1,0,1,ip-172-31-14-170,linux,0,927.0757,1.08,Signature,True,2025-11-21T22:18:54.160312,,1656
SPHINCS+-SHA2-128s-simple,verify,0,16,0.0,1,0,1,ip-172-31-14-170,linux,0,927.3735,1.08,Signature,True,2025-11-21T22:18:55.087786,,1657
SPHINCS+-SHA2-128s-simple,verify,0,16,0.0,1,0,1,ip-172-31-14-170,linux,0,927.0238,1.08,Signature,True,2025-11-21T22:18:56.014906,,1658
SPHINCS+-SHA2-128s-simple,verify,0,16,0.0,1,0,1,ip-172-31-14-170,linux,0,927.1585,1.08,Signature,True,2025-11-21T22:18:56.942165,,1659
SPHINCS+-SHA2-128s-simple,verify,0,16,0.0,1,0,1,ip-172-31-14-170,linux,0,927.2258,1.08,Signature,True,2025-11-21T22:18:57.869488,,1660
SPHINCS+-SHA2-128s-simple,verify,0,64,0.0,1,0,1,ip-172-31-14-170,linux,0,926.8165,1.08,Signature,True,2025-11-21T22:18:58.796406,,1661
SPHINCS+-SHA2-128s-simple,verify,0,64,0.0,1,0,1,ip-172-31-14-170,linux,0,927.4431,1.08,Signature,True,2025-11-21T22:18:59.723946,,1662
SPHINCS+-SHA2-128s-simple,verify,0,64,0.0,1,0,1,ip-172-31-14-170,linux,0,951.6214,1.05,Signature,True,2025-11-21T22:19:00.675667,,1663
SPHINCS+-SHA2-128s-simple,verify,0,64,0.0,1,0,1,ip-172-31-14-170,linux,0,927.6902,1.08,Signature,True,2025-11-21T22:19:01.603474,,1664
SPHINCS+-SHA2-128s-simple,verify,0,64,0.0,1,0,1,ip-172-31-14-170,linux,0,927.0235,1.08,Signature,True,2025-11-21T22:19:02.530596,,1665
SPHINCS+-SHA2-128s-simple,verify,1024,1,0.0,1,0,1,ip-172-31-14-170,linux,0,927.1605,1.08,Signature,True,2025-11-21T22:19:03.457860,,1666
SPHINCS+-SHA2-128s-simple,verify,1024,1,0.0,1,0,1,ip-172-31-14-170,linux,0,927.1524,1.08,Signature,True,2025-11-21T22:19:04.385111,,1667
SPHINCS+-SHA2-128s-simple,verify,1024,1,0.0,1,0,1,ip-172-31-14-170,linux,0,927.133,1.08,Signature,True,2025-11-21T22:19:05.312343,,1668
SPHINCS+-SHA2-128s-simple,verify,1024,1,0.0,1,0,1,ip-172-31-14-170,linux,0,927.1411,1.08,Signature,True,2025-11-21T22:19:06.239595,,1669
SPHINCS+-SHA2-128s-simple,verify,1024,1,0.0,1,0,1,ip-172-31-14-170,linux,0,926.867,1.08,Signature,True,2025-11-21T22:19:07.166560,,1670
SPHINCS+-SHA2-128s-simple,verify,1024,16,0.0,1,0,1,ip-172-31-14-170,linux,0,927.7403,1.08,Signature,True,2025-11-21T22:19:08.094402,,1671
SPHINCS+-SHA2-128s-simple,verify,1024,16,0.0,1,0,1,ip-172-31-14-170,linux,0,926.9571,1.08,Signature,True,2025-11-21T22:19:09.021457,,1672
SPHINCS+-SHA2-128s-simple,verify,1024,16,0.0,1,0,1,ip-172-31-14-170,linux,0,926.7706,1.08,Signature,True,2025-11-21T22:19:09.948326,,1673
SPHINCS+-SHA2-128s-simple,verify,1024,16,0.0,1,0,1,ip-172-31-14-170,linux,0,927.1116,1.08,Signature,True,2025-11-21T22:19:10.875538,,1674
SPHINCS+-SHA2-128s-simple,verify,1024,16,0.0,1,0,1,ip-172-31-14-170,linux,0,927.3572,1.08,Signature,True,2025-11-21T22:19:11.803021,,1675
SPHINCS+-SHA2-128s-simple,verify,1024,64,0.0,1,0,1,ip-172-31-14-170,linux,0,926.8976,1.08,Signature,True,2025-11-21T22:19:12.730030,,1676
SPHINCS+-SHA2-128s-simple,verify,1024,64,0.0,1,0,1,ip-172-31-14-170,linux,0,927.271,1.08,Signature,True,2025-11-21T22:19:13.657406,,1677
SPHINCS+-SHA2-128s-simple,verify,1024,64,0.0,1,0,1,ip-172-31-14-170,linux,0,927.1475,1.08,Signature,True,2025-11-21T22:19:14.584649,,1678
SPHINCS+-SHA2-128s-simple,verify,1024,64,0.0,1,0,1,ip-172-31-14-170,linux,0,926.9823,1.08,Signature,True,2025-11-21T22:19:15.511728,,1679
SPHINCS+-SHA2-128s-simple,verify,1024,64,0.0,1,0,1,ip-172-31-14-170,linux,0,927.0898,1.08,Signature,True,2025-11-21T22:19:16.438920,,1680
SPHINCS+-SHA2-192f-simple,sign,0,1,0.0,1,0,1,ip-172-31-14-170,linux,0,72.7852,13.74,Signature,True,2025-11-21T22:19:16.511803,,1681
SPHINCS+-SHA2-192f-simple,sign,0,1,0.0,1,0,1,ip-172-31-14-170,linux,0,72.5148,13.79,Signature,True,2025-11-21T22:19:16.584396,,1682
SPHINCS+-SHA2-192f-simple,sign,0,1,0.0,1,0,1,ip-172-31-14-170,linux,0,72.5884,13.78,Signature,True,2025-11-21T22:19:16.657113,,1683
SPHINCS+-SHA2-192f-simple,sign,0,1,0.0,1,0,1,ip-172-31-14-170,linux,0,72.5741,13.78,Signature,True,2025-11-21T22:19:16.729764,,1684
SPHINCS+-SHA2-192f-simple,sign,0,1,0.0,1,0,1,ip-172-31-14-170,linux,0,72.5781,13.78,Signature,True,2025-11-21T22:19:16.802415,,1685
SPHINCS+-SHA2-192f-simple,sign,0,16,0.0,1,0,1,ip-172-31-14-170,linux,0,72.7291,13.75,Signature,True,2025-11-21T22:19:16.875219,,1686
SPHINCS+-SHA2-192f-simple,sign,0,16,0.0,1,0,1,ip-172-31-14-170,linux,0,72.4696,13.8,Signature,True,2025-11-21T22:19:16.947766,,1687
SPHINCS+-SHA2-192f-simple,sign,0,16,0.0,1,0,1,ip-172-31-14-170,linux,0,72.64,13.77,Signature,True,2025-11-21T22:19:17.020477,,1688
SPHINCS+-SHA2-192f-simple,sign,0,16,0.0,1,0,1,ip-172-31-14-170,linux,0,72.4659,13.8,Signature,True,2025-11-21T22:19:17.093011,,1689
SPHINCS+-SHA2-192f-simple,sign,0,16,0.0,1,0,1,ip-172-31-14-170,linux,0,72.6128,13.77,Signature,True,2025-11-21T22:19:17.165702,,1690
SPHINCS+-SHA2-192f-simple,sign,0,64,0.0,1,0,1,ip-172-31-14-170,linux,0,72.4899,13.8,Signature,True,2025-11-21T22:19:17.238262,,1691
SPHINCS+-SHA2-192f-simple,sign,0,64,0.0,1,0,1,ip-172-31-14-170,linux,0,72.537,13.79,Signature,True,2025-11-21T22:19:17.310870,,1692
SPHINCS+-SHA2-192f-simple,sign,0,64,0.0,1,0,1,ip-172-31-14-170,linux,0,72.6159,13.77,Signature,True,2025-11-21T22:19:17.383555,,1693
SPHINCS+-SHA2-192f-simple,sign,0,64,0.0,1,0,1,ip-172-31-14-170,linux,0,72.5338,13.79,Signature,True,2025-11-21T22:19:17.456161,,1694
SPHINCS+-SHA2-192f-simple,sign,0,64,0.0,1,0,1,ip-172-31-14-170,linux,0,72.5045,13.79,Signature,True,2025-11-21T22:19:17.528737,,1695
SPHINCS+-SHA2-192f-simple,sign,1024,1,0.0,1,0,1,ip-172-31-14-170,linux,0,72.5459,13.78,Signature,True,2025-11-21T22:19:17.601357,,1696
SPHINCS+-SHA2-192f-simple,sign,1024,1,0.0,1,0,1,ip-172-31-14-170,linux,0,72.7763,13.74,Signature,True,2025-11-21T22:19:17.674204,,1697
SPHINCS+-SHA2-192f-simple,sign,1024,1,0.0,1,0,1,ip-172-31-14-170,linux,0,72.5987,13.77,Signature,True,2025-11-21T22:19:17.746874,,1698
SPHINCS+-SHA2-192f-simple,sign,1024,1,0.0,1,0,1,ip-172-31-14-170,linux,0,72.7216,13.75,Signature,True,2025-11-21T22:19:17.819667,,1699
SPHINCS+-SHA2-192f-simple,sign,1024,1,0.0,1,0,1,ip-172-31-14-170,linux,0,72.6992,13.76,Signature,True,2025-11-21T22:19:17.892443,,1700
SPHINCS+-SHA2-192f-simple,sign,1024,16,0.0,1,0,1,ip-172-31-14-170,linux,0,72.6222,13.77,Signature,True,2025-11-21T22:19:17.965143,,1701
SPHINCS+-SHA2-192f-simple,sign,1024,16,0.0,1,0,1,ip-172-31-14-170,linux,0,72.7735,13.74,Signature,True,2025-11-21T22:19:18.037988,,1702
SPHINCS+-SHA2-192f-simple,sign,1024,16,0.0,1,0,1,ip-172-31-14-170,linux,0,72.6539,13.76,Signature,True,2025-11-21T22:19:18.110723,,1703
SPHINCS+-SHA2-192f-simple,sign,1024,16,0.0,1,0,1,ip-172-31-14-170,linux,0,72.6814,13.76,Signature,True,2025-11-21T22:19:18.183477,,1704
SPHINCS+-SHA2-192f-simple,sign,1024,16,0.0,1,0,1,ip-172-31-14-170,linux,0,72.5402,13.79,Signature,True,2025-11-21T22:19:18.256093,,1705
SPHINCS+-SHA2-192f-simple,sign,1024,64,0.0,1,0,1,ip-172-31-14-170,linux,0,72.4793,13.8,Signature,True,2025-11-21T22:19:18.328649,,1706
SPHINCS+-SHA2-192f-simple,sign,1024,64,0.0,1,0,1,ip-172-31-14-170,linux,0,72.6287,13.77,Signature,True,2025-11-21T22:19:18.401349,,1707
SPHINCS+-SHA2-192f-simple,sign,1024,64,0.0,1,0,1,ip-172-31-14-170,linux,0,72.5762,13.78,Signature,True,2025-11-21T22:19:18.473998,,1708
SPHINCS+-SHA2-192f-simple,sign,1024,64,0.0,1,0,1,ip-172-31-14-170,linux,0,72.4568,13.8,Signature,True,2025-11-21T22:19:18.546534,,1709
SPHINCS+-SHA2-192f-simple,sign,1024,64,0.0,1,0,1,ip-172-31-14-170,linux,0,72.4956,13.79,Signature,True,2025-11-21T22:19:18.619099,,1710
SPHINCS+-SHA2-192f-simple,verify,0,1,0.0,1,0,1,ip-172-31-14-170,linux,0,72.5101,13.79,Signature,True,2025-11-21T22:19:18.691688,,1711
SPHINCS+-SHA2-192f-simple,verify,0,1,0.0,1,0,1,ip-172-31-14-170,linux,0,72.4527,13.8,Signature,True,2025-11-21T22:19:18.764213,,1712
SPHINCS+-SHA2-192f-simple,verify,0,1,0.0,1,0,1,ip-172-31-14-170,linux,0,72.681,13.76,Signature,True,2025-11-21T22:19:18.836961,,1713
SPHINCS+-SHA2-192f-simple,verify,0,1,0.0,1,0,1,ip-172-31-14-170,linux,0,72.6914,13.76,Signature,True,2025-11-21T22:19:18.909723,,1714
SPHINCS+-SHA2-192f-simple,verify,0,1,0.0,1,0,1,ip-172-31-14-170,linux,0,72.6009,13.77,Signature,True,2025-11-21T22:19:18.982409,,1715
SPHINCS+-SHA2-192f-simple,verify,0,16,0.0,1,0,1,ip-172-31-14-170,linux,0,72.5094,13.79,Signature,True,2025-11-21T22:19:19.055010,,1716
SPHINCS+-SHA2-192f-simple,verify,0,16,0.0,1,0,1,ip-172-31-14-170,linux,0,72.5903,13.78,Signature,True,2025-11-21T22:19:19.127682,,1717
SPHINCS+-SHA2-192f-simple,verify,0,16,0.0,1,0,1,ip-172-31-14-170,linux,0,72.4033,13.81,Signature,True,2025-11-21T22:19:19.200164,,1718
SPHINCS+-SHA2-192f-simple,verify,0,16,0.0,1,0,1,ip-172-31-14-170,linux,0,72.521,13.79,Signature,True,2025-11-21T22:19:19.272757,,1719
SPHINCS+-SHA2-192f-simple,verify,0,16,0.0,1,0,1,ip-172-31-14-170,linux,0,72.5033,13.79,Signature,True,2025-11-21T22:19:19.345331,,1720
SPHINCS+-SHA2-192f-simple,verify,0,64,0.0,1,0,1,ip-172-31-14-170,linux,0,72.5987,13.77,Signature,True,2025-11-21T22:19:19.418004,,1721
SPHINCS+-SHA2-192f-simple,verify,0,64,0.0,1,0,1,ip-172-31-14-170,linux,0,72.6424,13.77,Signature,True,2025-11-21T22:19:19.490724,,1722
SPHINCS+-SHA2-192f-simple,verify,0,64,0.0,1,0,1,ip-172-31-14-170,linux,0,72.57,13.78,Signature,True,2025-11-21T22:19:19.563362,,1723
SPHINCS+-SHA2-192f-simple,verify,0,64,0.0,1,0,1,ip-172-31-14-170,linux,0,72.6423,13.77,Signature,True,2025-11-21T22:19:19.636074,,1724
SPHINCS+-SHA2-192f-simple,verify,0,64,0.0,1,0,1,ip-172-31-14-170,linux,0,72.5472,13.78,Signature,True,2025-11-21T22:19:19.708696,,1725
SPHINCS+-SHA2-192f-simple,verify,1024,1,0.0,1,0,1,ip-172-31-14-170,linux,0,72.5284,13.79,Signature,True,2025-11-21T22:19:19.781300,,1726
SPHINCS+-SHA2-192f-simple,verify,1024,1,0.0,1,0,1,ip-172-31-14-170,linux,0,72.6186,13.77,Signature,True,2025-11-21T22:19:19.853991,,1727
SPHINCS+-SHA2-192f-simple,verify,1024,1,0.0,1,0,1,ip-172-31-14-170,linux,0,72.5487,13.78,Signature,True,2025-11-21T22:19:19.926627,,1728
SPHINCS+-SHA2-192f-simple,verify,1024,1,0.0,1,0,1,ip-172-31-14-170,linux,0,72.5303,13.79,Signature,True,2025-11-21T22:19:19.999227,,1729
SPHINCS+-SHA2-192f-simple,verify,1024,1,0.0,1,0,1,ip-172-31-14-170,linux,0,72.7393,13.75,Signature,True,2025-11-21T22:19:20.072039,,1730
SPHINCS+-SHA2-192f-simple,verify,1024,16,0.0,1,0,1,ip-172-31-14-170,linux,0,72.6107,13.77,Signature,True,2025-11-21T22:19:20.144737,,1731
SPHINCS+-SHA2-192f-simple,verify,1024,16,0.0,1,0,1,ip-172-31-14-170,linux,0,72.6834,13.76,Signature,True,2025-11-21T22:19:20.217490,,1732
SPHINCS+-SHA2-192f-simple,verify,1024,16,0.0,1,0,1,ip-172-31-14-170,linux,0,72.6446,13.77,Signature,True,2025-11-21T22:19:20.290204,,1733
SPHINCS+-SHA2-192f-simple,verify,1024,16,0.0,1,0,1,ip-172-31-14-170,linux,0,72.5991,13.77,Signature,True,2025-11-21T22:19:20.362875,,1734
SPHINCS+-SHA2-192f-simple,verify,1024,16,0.0,1,0,1,ip-172-31-14-170,linux,0,72.7284,13.75,Signature,True,2025-11-21T22:19:20.435676,,1735
SPHINCS+-SHA2-192f-simple,verify,1024,64,0.0,1,0,1,ip-172-31-14-170,linux,0,72.6297,13.77,Signature,True,2025-11-21T22:19:20.508384,,1736
SPHINCS+-SHA2-192f-simple,verify,1024,64,0.0,1,0,1,ip-172-31-14-170,linux,0,72.6393,13.77,Signature,True,2025-11-21T22:19:20.581094,,1737
SPHINCS+-SHA2-192f-simple,verify,1024,64,0.0,1,0,1,ip-172-31-14-170,linux,0,72.5878,13.78,Signature,True,2025-11-21T22:19:20.653751,,1738
SPHINCS+-SHA2-192f-simple,verify,1024,64,0.0,1,0,1,ip-172-31-14-170,linux,0,72.7059,13.75,Signature,True,2025-11-21T22:19:20.726527,,1739
SPHINCS+-SHA2-192f-simple,verify,1024,64,0.0,1,0,1,ip-172-31-14-170,linux,0,72.5916,13.78,Signature,True,2025-11-21T22:19:20.799193,,1740
SPHINCS+-SHA2-192s-simple,sign,0,1,0.0,1,0,1,ip-172-31-14-170,linux,0,1667.5125,0.6,Signature,True,2025-11-21T22:19:22.466791,,1741
SPHINCS+-SHA2-192s-simple,sign,0,1,0.0,1,0,1,ip-172-31-14-170,linux,0,1667.5344,0.6,Signature,True,2025-11-21T22:19:24.134424,,1742
SPHINCS+-SHA2-192s-simple,sign,0,1,0.0,1,0,1,ip-172-31-14-170,linux,0,1667.322,0.6,Signature,True,2025-11-21T22:19:25.801895,,1743
SPHINCS+-SHA2-192s-simple,sign,0,1,0.0,1,0,1,ip-172-31-14-170,linux,0,1668.0976,0.6,Signature,True,2025-11-21T22:19:27.470094,,1744
SPHINCS+-SHA2-192s-simple,sign,0,1,0.0,1,0,1,ip-172-31-14-170,linux,0,1667.4343,0.6,Signature,True,2025-11-21T22:19:29.137630,,1745
SPHINCS+-SHA2-192s-simple,sign,0,16,0.0,1,0,1,ip-172-31-14-170,linux,0,1668.3842,0.6,Signature,True,2025-11-21T22:19:30.806123,,1746
SPHINCS+-SHA2-192s-simple,sign,0,16,0.0,1,0,1,ip-172-31-14-170,linux,0,1667.2172,0.6,Signature,True,2025-11-21T22:19:32.473452,,1747
SPHINCS+-SHA2-192s-simple,sign,0,16,0.0,1,0,1,ip-172-31-14-170,linux,0,1667.3279,0.6,Signature,True,2025-11-21T22:19:34.140915,,1748
SPHINCS+-SHA2-192s-simple,sign,0,16,0.0,1,0,1,ip-172-31-14-170,linux,0,1667.0607,0.6,Signature,True,2025-11-21T22:19:35.808075,,1749
SPHINCS+-SHA2-192s-simple,sign,0,16,0.0,1,0,1,ip-172-31-14-170,linux,0,1667.4752,0.6,Signature,True,2025-11-21T22:19:37.475647,,1750
SPHINCS+-SHA2-192s-simple,sign,0,64,0.0,1,0,1,ip-172-31-14-170,linux,0,1667.7167,0.6,Signature,True,2025-11-21T22:19:39.143467,,1751
SPHINCS+-SHA2-192s-simple,sign,0,64,0.0,1,0,1,ip-172-31-14-170,linux,0,1667.1303,0.6,Signature,True,2025-11-21T22:19:40.810697,,1752
SPHINCS+-SHA2-192s-simple,sign,0,64,0.0,1,0,1,ip-172-31-14-170,linux,0,1668.0561,0.6,Signature,True,2025-11-21T22:19:42.478853,,1753
SPHINCS+-SHA2-192s-simple,sign,0,64,0.0,1,0,1,ip-172-31-14-170,linux,0,1667.4749,0.6,Signature,True,2025-11-21T22:19:44.146426,,1754
SPHINCS+-SHA2-192s-simple,sign,0,64,0.0,1,0,1,ip-172-31-14-170,linux,0,1671.1309,0.6,Signature,True,2025-11-21T22:19:45.817658,,1755
SPHINCS+-SHA2-192s-simple,sign,1024,1,0.0,1,0,1,ip-172-31-14-170,linux,0,1667.6645,0.6,Signature,True,2025-11-21T22:19:47.485428,,1756
SPHINCS+-SHA2-192s-simple,sign,1024,1,0.0,1,0,1,ip-172-31-14-170,linux,0,1667.3203,0.6,Signature,True,2025-11-21T22:19:49.152851,,1757
SPHINCS+-SHA2-192s-simple,sign,1024,1,0.0,1,0,1,ip-172-31-14-170,linux,0,1667.1719,0.6,Signature,True,2025-11-21T22:19:50.820119,,1758
SPHINCS+-SHA2-192s-simple,sign,1024,1,0.0,1,0,1,ip-172-31-14-170,linux,0,1667.596,0.6,Signature,True,2025-11-21T22:19:52.487816,,1759
SPHINCS+-SHA2-192s-simple,sign,1024,1,0.0,1,0,1,ip-172-31-14-170,linux,0,1667.3113,0.6,Signature,True,2025-11-21T22:19:54.155224,,1760
SPHINCS+-SHA2-192s-simple,sign,1024,16,0.0,1,0,1,ip-172-31-14-170,linux,0,1667.0473,0.6,Signature,True,2025-11-21T22:19:55.822380,,1761
SPHINCS+-SHA2-192s-simple,sign,1024,16,0.0,1,0,1,ip-172-31-14-170,linux,0,1667.5329,0.6,Signature,True,2025-11-21T22:19:57.490011,,1762
SPHINCS+-SHA2-192s-simple,sign,1024,16,0.0,1,0,1,ip-172-31-14-170,linux,0,1667.2027,0.6,Signature,True,2025-11-21T22:19:59.157325,,1763
SPHINCS+-SHA2-192s-simple,sign,1024,16,0.0,1,0,1,ip-172-31-14-170,linux,0,1762.6687,0.57,Signature,True,2025-11-21T22:20:00.920102,,1764
SPHINCS+-SHA2-192s-simple,sign,1024,16,0.0,1,0,1,ip-172-31-14-170,linux,0,1670.3836,0.6,Signature,True,2025-11-21T22:20:02.592230,,1765
SPHINCS+-SHA2-192s-simple,sign,1024,64,0.0,1,0,1,ip-172-31-14-170,linux,0,1667.9915,0.6,Signature,True,2025-11-21T22:20:04.260331,,1766
SPHINCS+-SHA2-192s-simple,sign,1024,64,0.0,1,0,1,ip-172-31-14-170,linux,0,1667.2165,0.6,Signature,True,2025-11-21T22:20:05.927653,,1767
SPHINCS+-SHA2-192s-simple,sign,1024,64,0.0,1,0,1,ip-172-31-14-170,linux,0,1667.4195,0.6,Signature,True,2025-11-21T22:20:07.595182,,1768
SPHINCS+-SHA2-192s-simple,sign,1024,64,0.0,1,0,1,ip-172-31-14-170,linux,0,1667.8421,0.6,Signature,True,2025-11-21T22:20:09.263125,,1769
SPHINCS+-SHA2-192s-simple,sign,1024,64,0.0,1,0,1,ip-172-31-14-170,linux,0,1667.6069,0.6,Signature,True,2025-11-21T22:20:10.930841,,1770
SPHINCS+-SHA2-192s-simple,verify,0,1,0.0,1,0,1,ip-172-31-14-170,linux,0,1668.7728,0.6,Signature,True,2025-11-21T22:20:12.599722,,1771
SPHINCS+-SHA2-192s-simple,verify,0,1,0.0,1,0,1,ip-172-31-14-170,linux,0,1668.7709,0.6,Signature,True,2025-11-21T22:20:14.268607,,1772
SPHINCS+-SHA2-192s-simple,verify,0,1,0.0,1,0,1,ip-172-31-14-170,linux,0,1667.9598,0.6,Signature,True,2025-11-21T22:20:15.936691,,1773
SPHINCS+-SHA2-192s-simple,verify,0,1,0.0,1,0,1,ip-172-31-14-170,linux,0,1667.3834,0.6,Signature,True,2025-11-21T22:20:17.604177,,1774
SPHINCS+-SHA2-192s-simple,verify,0,1,0.0,1,0,1,ip-172-31-14-170,linux,0,1668.5274,0.6,Signature,True,2025-11-21T22:20:19.272809,,1775
SPHINCS+-SHA2-192s-simple,verify,0,16,0.0,1,0,1,ip-172-31-14-170,linux,0,1667.3794,0.6,Signature,True,2025-11-21T22:20:20.940291,,1776
SPHINCS+-SHA2-192s-simple,verify,0,16,0.0,1,0,1,ip-172-31-14-170,linux,0,1668.0164,0.6,Signature,True,2025-11-21T22:20:22.608411,,1777
SPHINCS+-SHA2-192s-simple,verify,0,16,0.0,1,0,1,ip-172-31-14-170,linux,0,1667.5115,0.6,Signature,True,2025-11-21T22:20:24.276021,,1778
SPHINCS+-SHA2-192s-simple,verify,0,16,0.0,1,0,1,ip-172-31-14-170,linux,0,1667.6944,0.6,Signature,True,2025-11-21T22:20:25.943827,,1779
SPHINCS+-SHA2-192s-simple,verify,0,16,0.0,1,0,1,ip-172-31-14-170,linux,0,1667.7258,0.6,Signature,True,2025-11-21T22:20:27.611653,,1780
SPHINCS+-SHA2-192s-simple,verify,0,64,0.0,1,0,1,ip-172-31-14-170,linux,0,1667.4833,0.6,Signature,True,2025-11-21T22:20:29.279244,,1781
SPHINCS+-SHA2-192s-simple,verify,0,64,0.0,1,0,1,ip-172-31-14-170,linux,0,1668.134,0.6,Signature,True,2025-11-21T22:20:30.947481,,1782
SPHINCS+-SHA2-192s-simple,verify,0,64,0.0,1,0,1,ip-172-31-14-170,linux,0,1667.8257,0.6,Signature,True,2025-11-21T22:20:32.615412,,1783
SPHINCS+-SHA2-192s-simple,verify,0,64,0.0,1,0,1,ip-172-31-14-170,linux,0,1667.3753,0.6,Signature,True,2025-11-21T22:20:34.282886,,1784
SPHINCS+-SHA2-192s-simple,verify,0,64,0.0,1,0,1,ip-172-31-14-170,linux,0,1667.6837,0.6,Signature,True,2025-11-21T22:20:35.950670,,1785
SPHINCS+-SHA2-192s-simple,verify,1024,1,0.0,1,0,1,ip-172-31-14-170,linux,0,1667.8705,0.6,Signature,True,2025-11-21T22:20:37.618645,,1786
SPHINCS+-SHA2-192s-simple,verify,1024,1,0.0,1,0,1,ip-172-31-14-170,linux,0,1667.6709,0.6,Signature,True,2025-11-21T22:20:39.286418,,1787
SPHINCS+-SHA2-192s-simple,verify,1024,1,0.0,1,0,1,ip-172-31-14-170,linux,0,1667.397,0.6,Signature,True,2025-11-21T22:20:40.953915,,1788
SPHINCS+-SHA2-192s-simple,verify,1024,1,0.0,1,0,1,ip-172-31-14-170,linux,0,1668.6072,0.6,Signature,True,2025-11-21T22:20:42.622621,,1789
SPHINCS+-SHA2-192s-simple,verify,1024,1,0.0,1,0,1,ip-172-31-14-170,linux,0,1668.4952,0.6,Signature,True,2025-11-21T22:20:44.291216,,1790
SPHINCS+-SHA2-192s-simple,verify,1024,16,0.0,1,0,1,ip-172-31-14-170,linux,0,1670.4454,0.6,Signature,True,2025-11-21T22:20:45.961764,,1791
SPHINCS+-SHA2-192s-simple,verify,1024,16,0.0,1,0,1,ip-172-31-14-170,linux,0,1667.4957,0.6,Signature,True,2025-11-21T22:20:47.629360,,1792
SPHINCS+-SHA2-192s-simple,verify,1024,16,0.0,1,0,1,ip-172-31-14-170,linux,0,1668.3886,0.6,Signature,True,2025-11-21T22:20:49.297847,,1793
SPHINCS+-SHA2-192s-simple,verify,1024,16,0.0,1,0,1,ip-172-31-14-170,linux,0,1667.7013,0.6,Signature,True,2025-11-21T22:20:50.965654,,1794
SPHINCS+-SHA2-192s-simple,verify,1024,16,0.0,1,0,1,ip-172-31-14-170,linux,0,1667.352,0.6,Signature,True,2025-11-21T22:20:52.633108,,1795
SPHINCS+-SHA2-192s-simple,verify,1024,64,0.0,1,0,1,ip-172-31-14-170,linux,0,1667.4666,0.6,Signature,True,2025-11-21T22:20:54.300676,,1796
SPHINCS+-SHA2-192s-simple,verify,1024,64,0.0,1,0,1,ip-172-31-14-170,linux,0,1668.1976,0.6,Signature,True,2025-11-21T22:20:55.968974,,1797
SPHINCS+-SHA2-192s-simple,verify,1024,64,0.0,1,0,1,ip-172-31-14-170,linux,0,1667.7061,0.6,Signature,True,2025-11-21T22:20:57.636794,,1798
SPHINCS+-SHA2-192s-simple,verify,1024,64,0.0,1,0,1,ip-172-31-14-170,linux,0,1667.7254,0.6,Signature,True,2025-11-21T22:20:59.304621,,1799
SPHINCS+-SHA2-192s-simple,verify,1024,64,0.0,1,0,1,ip-172-31-14-170,linux,0,1691.8266,0.59,Signature,True,2025-11-21T22:21:00.996548,,1800
