algorithm,operation,message_bytes,concurrency,cpu_ghz,aesni,avx2,neon,machine_id,os_name,containerized,latency_ms,throughput_ops,crypto_type,correctness,timestamp,notes,trial_id
BIKE-L1,keygen,0,1,3.5,1,1,0,ip-172-31-17-37,linux,0,1.8685,535.19,KEM,True,2025-11-21T22:08:28.982949,,1
BIKE-L1,keygen,0,1,3.5,1,1,0,ip-172-31-17-37,linux,0,0.2884,3467.27,KEM,True,2025-11-21T22:08:28.983314,,2
BIKE-L1,keygen,0,1,3.5,1,1,0,ip-172-31-17-37,linux,0,0.2899,3449.12,KEM,True,2025-11-21T22:08:28.983642,,3
BIKE-L1,keygen,0,1,3.5,1,1,0,ip-172-31-17-37,linux,0,0.2945,3395.48,KEM,True,2025-11-21T22:08:28.983964,,4
BIKE-L1,keygen,0,1,3.5,1,1,0,ip-172-31-17-37,linux,0,0.2524,3962.14,KEM,True,2025-11-21T22:08:28.984241,,5
BIKE-L1,keygen,0,16,3.5,1,1,0,ip-172-31-17-37,linux,0,0.2495,4008.39,KEM,True,2025-11-21T22:08:28.984514,,6
BIKE-L1,keygen,0,16,3.5,1,1,0,ip-172-31-17-37,linux,0,0.278,3597.07,KEM,True,2025-11-21T22:08:28.984816,,7
BIKE-L1,keygen,0,16,3.5,1,1,0,ip-172-31-17-37,linux,0,0.2498,4002.47,KEM,True,2025-11-21T22:08:28.985089,,8
BIKE-L1,keygen,0,16,3.5,1,1,0,ip-172-31-17-37,linux,0,0.2483,4027.53,KEM,True,2025-11-21T22:08:28.985359,,9
BIKE-L1,keygen,0,16,3.5,1,1,0,ip-172-31-17-37,linux,0,0.2636,3793.4,KEM,True,2025-11-21T22:08:28.985645,,10
BIKE-L1,keygen,0,64,3.5,1,1,0,ip-172-31-17-37,linux,0,0.2501,3998.58,KEM,True,2025-11-21T22:08:28.985918,,11
BIKE-L1,keygen,0,64,3.5,1,1,0,ip-172-31-17-37,linux,0,0.251,3984.54,KEM,True,2025-11-21T22:08:28.986191,,12
BIKE-L1,keygen,0,64,3.5,1,1,0,ip-172-31-17-37,linux,0,0.2586,3867.6,KEM,True,2025-11-21T22:08:28.986472,,13
BIKE-L1,keygen,0,64,3.5,1,1,0,ip-172-31-17-37,linux,0,0.2627,3806.0,KEM,True,2025-11-21T22:08:28.986761,,14
BIKE-L1,keygen,0,64,3.5,1,1,0,ip-172-31-17-37,linux,0,0.2484,4025.05,KEM,True,2025-11-21T22:08:28.987032,,15
BIKE-L1,keygen,1024,1,3.5,1,1,0,ip-172-31-17-37,linux,0,0.2485,4024.58,KEM,True,2025-11-21T22:08:28.987303,,16
BIKE-L1,keygen,1024,1,3.5,1,1,0,ip-172-31-17-37,linux,0,0.2475,4040.24,KEM,True,2025-11-21T22:08:28.987585,,17
BIKE-L1,keygen,1024,1,3.5,1,1,0,ip-172-31-17-37,linux,0,0.2477,4037.39,KEM,True,2025-11-21T22:08:28.987855,,18
BIKE-L1,keygen,1024,1,3.5,1,1,0,ip-172-31-17-37,linux,0,0.4456,2244.38,KEM,True,2025-11-21T22:08:28.988327,,19
BIKE-L1,keygen,1024,1,3.5,1,1,0,ip-172-31-17-37,linux,0,0.2685,3724.67,KEM,True,2025-11-21T22:08:28.988622,,20
BIKE-L1,keygen,1024,16,3.5,1,1,0,ip-172-31-17-37,linux,0,0.528,1894.1,KEM,True,2025-11-21T22:08:28.989174,,21
BIKE-L1,keygen,1024,16,3.5,1,1,0,ip-172-31-17-37,linux,0,0.2883,3468.49,KEM,True,2025-11-21T22:08:28.989485,,22
BIKE-L1,keygen,1024,16,3.5,1,1,0,ip-172-31-17-37,linux,0,0.262,3817.39,KEM,True,2025-11-21T22:08:28.989769,,23
BIKE-L1,keygen,1024,16,3.5,1,1,0,ip-172-31-17-37,linux,0,0.2485,4024.39,KEM,True,2025-11-21T22:08:28.990039,,24
BIKE-L1,keygen,1024,16,3.5,1,1,0,ip-172-31-17-37,linux,0,0.2479,4034.45,KEM,True,2025-11-21T22:08:28.990309,,25
BIKE-L1,keygen,1024,64,3.5,1,1,0,ip-172-31-17-37,linux,0,0.2823,3542.22,KEM,True,2025-11-21T22:08:28.990624,,26
BIKE-L1,keygen,1024,64,3.5,1,1,0,ip-172-31-17-37,linux,0,0.2558,3908.82,KEM,True,2025-11-21T22:08:28.990906,,27
BIKE-L1,keygen,1024,64,3.5,1,1,0,ip-172-31-17-37,linux,0,0.2884,3466.95,KEM,True,2025-11-21T22:08:28.991217,,28
BIKE-L1,keygen,1024,64,3.5,1,1,0,ip-172-31-17-37,linux,0,0.4241,2358.03,KEM,True,2025-11-21T22:08:28.991664,,29
BIKE-L1,keygen,1024,64,3.5,1,1,0,ip-172-31-17-37,linux,0,0.2495,4007.84,KEM,True,2025-11-21T22:08:28.991935,,30
BIKE-L1,encap,0,1,3.5,1,1,0,ip-172-31-17-37,linux,0,0.3731,2680.57,KEM,True,2025-11-21T22:08:28.992341,,31
BIKE-L1,encap,0,1,3.5,1,1,0,ip-172-31-17-37,linux,0,0.3059,3269.16,KEM,True,2025-11-21T22:08:28.992673,,32
BIKE-L1,encap,0,1,3.5,1,1,0,ip-172-31-17-37,linux,0,0.3272,3056.22,KEM,True,2025-11-21T22:08:28.993024,,33
BIKE-L1,encap,0,1,3.5,1,1,0,ip-172-31-17-37,linux,0,0.4049,2470.04,KEM,True,2025-11-21T22:08:28.993452,,34
BIKE-L1,encap,0,1,3.5,1,1,0,ip-172-31-17-37,linux,0,0.299,3344.01,KEM,True,2025-11-21T22:08:28.993775,,35
BIKE-L1,encap,0,16,3.5,1,1,0,ip-172-31-17-37,linux,0,0.2864,3491.43,KEM,True,2025-11-21T22:08:28.994085,,36
BIKE-L1,encap,0,16,3.5,1,1,0,ip-172-31-17-37,linux,0,0.3964,2523.0,KEM,True,2025-11-21T22:08:28.994504,,37
BIKE-L1,encap,0,16,3.5,1,1,0,ip-172-31-17-37,linux,0,0.2999,3334.99,KEM,True,2025-11-21T22:08:28.994829,,38
BIKE-L1,encap,0,16,3.5,1,1,0,ip-172-31-17-37,linux,0,0.3269,3059.28,KEM,True,2025-11-21T22:08:28.995183,,39
BIKE-L1,encap,0,16,3.5,1,1,0,ip-172-31-17-37,linux,0,0.4568,2189.32,KEM,True,2025-11-21T22:08:28.995663,,40
BIKE-L1,encap,0,64,3.5,1,1,0,ip-172-31-17-37,linux,0,0.2852,3505.76,KEM,True,2025-11-21T22:08:28.995971,,41
BIKE-L1,encap,0,64,3.5,1,1,0,ip-172-31-17-37,linux,0,0.2856,3501.43,KEM,True,2025-11-21T22:08:28.996279,,42
BIKE-L1,encap,0,64,3.5,1,1,0,ip-172-31-17-37,linux,0,0.4159,2404.23,KEM,True,2025-11-21T22:08:28.996718,,43
BIKE-L1,encap,0,64,3.5,1,1,0,ip-172-31-17-37,linux,0,0.2856,3501.46,KEM,True,2025-11-21T22:08:28.997026,,44
BIKE-L1,encap,0,64,3.5,1,1,0,ip-172-31-17-37,linux,0,0.284,3521.1,KEM,True,2025-11-21T22:08:28.997332,,45
BIKE-L1,encap,1024,1,3.5,1,1,0,ip-172-31-17-37,linux,0,0.2983,3352.55,KEM,True,2025-11-21T22:08:28.997654,,46
BIKE-L1,encap,1024,1,3.5,1,1,0,ip-172-31-17-37,linux,0,0.2852,3506.34,KEM,True,2025-11-21T22:08:28.997963,,47
BIKE-L1,encap,1024,1,3.5,1,1,0,ip-172-31-17-37,linux,0,0.2838,3523.04,KEM,True,2025-11-21T22:08:28.998269,,48
BIKE-L1,encap,1024,1,3.5,1,1,0,ip-172-31-17-37,linux,0,0.3068,3259.38,KEM,True,2025-11-21T22:08:28.998598,,49
BIKE-L1,encap,1024,1,3.5,1,1,0,ip-172-31-17-37,linux,0,0.4045,2472.34,KEM,True,2025-11-21T22:08:28.999025,,50
BIKE-L1,encap,1024,16,3.5,1,1,0,ip-172-31-17-37,linux,0,0.2837,3525.14,KEM,True,2025-11-21T22:08:28.999331,,51
BIKE-L1,encap,1024,16,3.5,1,1,0,ip-172-31-17-37,linux,0,0.2965,3372.57,KEM,True,2025-11-21T22:08:28.999651,,52
BIKE-L1,encap,1024,16,3.5,1,1,0,ip-172-31-17-37,linux,0,0.2854,3503.72,KEM,True,2025-11-21T22:08:28.999959,,53
BIKE-L1,encap,1024,16,3.5,1,1,0,ip-172-31-17-37,linux,0,0.3249,3077.72,KEM,True,2025-11-21T22:08:29.000305,,54
BIKE-L1,encap,1024,16,3.5,1,1,0,ip-172-31-17-37,linux,0,0.3371,2966.18,KEM,True,2025-11-21T22:08:29.000665,,55
BIKE-L1,encap,1024,64,3.5,1,1,0,ip-172-31-17-37,linux,0,0.286,3496.7,KEM,True,2025-11-21T22:08:29.000974,,56
BIKE-L1,encap,1024,64,3.5,1,1,0,ip-172-31-17-37,linux,0,0.2859,3497.9,KEM,True,2025-11-21T22:08:29.001282,,57
BIKE-L1,encap,1024,64,3.5,1,1,0,ip-172-31-17-37,linux,0,0.3401,2940.12,KEM,True,2025-11-21T22:08:29.001645,,58
BIKE-L1,encap,1024,64,3.5,1,1,0,ip-172-31-17-37,linux,0,0.3048,3280.59,KEM,True,2025-11-21T22:08:29.001974,,59
BIKE-L1,encap,1024,64,3.5,1,1,0,ip-172-31-17-37,linux,0,0.2872,3482.2,KEM,True,2025-11-21T22:08:29.002287,,60
BIKE-L1,decap,0,1,3.5,1,1,0,ip-172-31-17-37,linux,0,0.9025,1107.98,KEM,True,2025-11-21T22:08:29.003238,,61
BIKE-L1,decap,0,1,3.5,1,1,0,ip-172-31-17-37,linux,0,0.7925,1261.76,KEM,True,2025-11-21T22:08:29.004057,,62
BIKE-L1,decap,0,1,3.5,1,1,0,ip-172-31-17-37,linux,0,0.7905,1265.09,KEM,True,2025-11-21T22:08:29.004872,,63
BIKE-L1,decap,0,1,3.5,1,1,0,ip-172-31-17-37,linux,0,0.7853,1273.35,KEM,True,2025-11-21T22:08:29.005681,,64
BIKE-L1,decap,0,1,3.5,1,1,0,ip-172-31-17-37,linux,0,0.7834,1276.45,KEM,True,2025-11-21T22:08:29.006492,,65
BIKE-L1,decap,0,16,3.5,1,1,0,ip-172-31-17-37,linux,0,0.7866,1271.34,KEM,True,2025-11-21T22:08:29.007304,,66
BIKE-L1,decap,0,16,3.5,1,1,0,ip-172-31-17-37,linux,0,0.8637,1157.77,KEM,True,2025-11-21T22:08:29.008191,,67
BIKE-L1,decap,0,16,3.5,1,1,0,ip-172-31-17-37,linux,0,0.7848,1274.2,KEM,True,2025-11-21T22:08:29.008999,,68
BIKE-L1,decap,0,16,3.5,1,1,0,ip-172-31-17-37,linux,0,0.7851,1273.68,KEM,True,2025-11-21T22:08:29.009807,,69
BIKE-L1,decap,0,16,3.5,1,1,0,ip-172-31-17-37,linux,0,0.7992,1251.27,KEM,True,2025-11-21T22:08:29.010630,,70
BIKE-L1,decap,0,64,3.5,1,1,0,ip-172-31-17-37,linux,0,0.7743,1291.42,KEM,True,2025-11-21T22:08:29.011428,,71
BIKE-L1,decap,0,64,3.5,1,1,0,ip-172-31-17-37,linux,0,0.7873,1270.24,KEM,True,2025-11-21T22:08:29.012239,,72
BIKE-L1,decap,0,64,3.5,1,1,0,ip-172-31-17-37,linux,0,0.7885,1268.22,KEM,True,2025-11-21T22:08:29.013050,,73
BIKE-L1,decap,0,64,3.5,1,1,0,ip-172-31-17-37,linux,0,0.7874,1270.04,KEM,True,2025-11-21T22:08:29.013861,,74
BIKE-L1,decap,0,64,3.5,1,1,0,ip-172-31-17-37,linux,0,0.8107,1233.55,KEM,True,2025-11-21T22:08:29.014695,,75
BIKE-L1,decap,1024,1,3.5,1,1,0,ip-172-31-17-37,linux,0,0.8073,1238.75,KEM,True,2025-11-21T22:08:29.015555,,76
BIKE-L1,decap,1024,1,3.5,1,1,0,ip-172-31-17-37,linux,0,0.7747,1290.77,KEM,True,2025-11-21T22:08:29.016380,,77
BIKE-L1,decap,1024,1,3.5,1,1,0,ip-172-31-17-37,linux,0,0.8349,1197.73,KEM,True,2025-11-21T22:08:29.017240,,78
BIKE-L1,decap,1024,1,3.5,1,1,0,ip-172-31-17-37,linux,0,0.7861,1272.1,KEM,True,2025-11-21T22:08:29.018050,,79
BIKE-L1,decap,1024,1,3.5,1,1,0,ip-172-31-17-37,linux,0,1.0367,964.6,KEM,True,2025-11-21T22:08:29.019110,,80
BIKE-L1,decap,1024,16,3.5,1,1,0,ip-172-31-17-37,linux,0,0.7876,1269.62,KEM,True,2025-11-21T22:08:29.019923,,81
BIKE-L1,decap,1024,16,3.5,1,1,0,ip-172-31-17-37,linux,0,0.7899,1265.9,KEM,True,2025-11-21T22:08:29.020736,,82
BIKE-L1,decap,1024,16,3.5,1,1,0,ip-172-31-17-37,linux,0,0.7736,1292.72,KEM,True,2025-11-21T22:08:29.021533,,83
BIKE-L1,decap,1024,16,3.5,1,1,0,ip-172-31-17-37,linux,0,0.8778,1139.25,KEM,True,2025-11-21T22:08:29.022434,,84
BIKE-L1,decap,1024,16,3.5,1,1,0,ip-172-31-17-37,linux,0,0.804,1243.82,KEM,True,2025-11-21T22:08:29.023262,,85
BIKE-L1,decap,1024,64,3.5,1,1,0,ip-172-31-17-37,linux,0,0.7871,1270.54,KEM,True,2025-11-21T22:08:29.024073,,86
BIKE-L1,decap,1024,64,3.5,1,1,0,ip-172-31-17-37,linux,0,0.7881,1268.88,KEM,True,2025-11-21T22:08:29.024884,,87
BIKE-L1,decap,1024,64,3.5,1,1,0,ip-172-31-17-37,linux,0,0.7886,1268.06,KEM,True,2025-11-21T22:08:29.025696,,88
BIKE-L1,decap,1024,64,3.5,1,1,0,ip-172-31-17-37,linux,0,0.7843,1275.09,KEM,True,2025-11-21T22:08:29.026502,,89
BIKE-L1,decap,1024,64,3.5,1,1,0,ip-172-31-17-37,linux,0,0.7865,1271.42,KEM,True,2025-11-21T22:08:29.027312,,90
BIKE-L3,keygen,0,1,3.5,1,1,0,ip-172-31-17-37,linux,0,0.7237,1381.73,KEM,True,2025-11-21T22:08:29.028071,,91
BIKE-L3,keygen,0,1,3.5,1,1,0,ip-172-31-17-37,linux,0,0.6397,1563.29,KEM,True,2025-11-21T22:08:29.028739,,92
BIKE-L3,keygen,0,1,3.5,1,1,0,ip-172-31-17-37,linux,0,0.6222,1607.28,KEM,True,2025-11-21T22:08:29.029385,,93
BIKE-L3,keygen,0,1,3.5,1,1,0,ip-172-31-17-37,linux,0,0.6325,1581.03,KEM,True,2025-11-21T22:08:29.030041,,94
BIKE-L3,keygen,0,1,3.5,1,1,0,ip-172-31-17-37,linux,0,0.6418,1558.15,KEM,True,2025-11-21T22:08:29.030706,,95
BIKE-L3,keygen,0,16,3.5,1,1,0,ip-172-31-17-37,linux,0,0.6216,1608.72,KEM,True,2025-11-21T22:08:29.031351,,96
BIKE-L3,keygen,0,16,3.5,1,1,0,ip-172-31-17-37,linux,0,0.6317,1582.93,KEM,True,2025-11-21T22:08:29.032006,,97
BIKE-L3,keygen,0,16,3.5,1,1,0,ip-172-31-17-37,linux,0,0.6327,1580.61,KEM,True,2025-11-21T22:08:29.032662,,98
BIKE-L3,keygen,0,16,3.5,1,1,0,ip-172-31-17-37,linux,0,0.6192,1614.9,KEM,True,2025-11-21T22:08:29.033303,,99
BIKE-L3,keygen,0,16,3.5,1,1,0,ip-172-31-17-37,linux,0,0.6311,1584.5,KEM,True,2025-11-21T22:08:29.033957,,100
BIKE-L3,keygen,0,64,3.5,1,1,0,ip-172-31-17-37,linux,0,0.6405,1561.26,KEM,True,2025-11-21T22:08:29.034621,,101
BIKE-L3,keygen,0,64,3.5,1,1,0,ip-172-31-17-37,linux,0,0.6204,1611.82,KEM,True,2025-11-21T22:08:29.035264,,102
BIKE-L3,keygen,0,64,3.5,1,1,0,ip-172-31-17-37,linux,0,0.6315,1583.43,KEM,True,2025-11-21T22:08:29.035919,,103
BIKE-L3,keygen,0,64,3.5,1,1,0,ip-172-31-17-37,linux,0,0.6652,1503.3,KEM,True,2025-11-21T22:08:29.036608,,104
BIKE-L3,keygen,0,64,3.5,1,1,0,ip-172-31-17-37,linux,0,0.6226,1606.04,KEM,True,2025-11-21T22:08:29.037258,,105
BIKE-L3,keygen,1024,1,3.5,1,1,0,ip-172-31-17-37,linux,0,0.6349,1575.13,KEM,True,2025-11-21T22:08:29.037917,,106
BIKE-L3,keygen,1024,1,3.5,1,1,0,ip-172-31-17-37,linux,0,0.6314,1583.74,KEM,True,2025-11-21T22:08:29.038583,,107
BIKE-L3,keygen,1024,1,3.5,1,1,0,ip-172-31-17-37,linux,0,0.6211,1609.94,KEM,True,2025-11-21T22:08:29.039228,,108
BIKE-L3,keygen,1024,1,3.5,1,1,0,ip-172-31-17-37,linux,0,0.6477,1543.88,KEM,True,2025-11-21T22:08:29.039899,,109
BIKE-L3,keygen,1024,1,3.5,1,1,0,ip-172-31-17-37,linux,0,0.6286,1590.8,KEM,True,2025-11-21T22:08:29.040553,,110
BIKE-L3,keygen,1024,16,3.5,1,1,0,ip-172-31-17-37,linux,0,0.6215,1609.03,KEM,True,2025-11-21T22:08:29.041218,,111
BIKE-L3,keygen,1024,16,3.5,1,1,0,ip-172-31-17-37,linux,0,0.6483,1542.6,KEM,True,2025-11-21T22:08:29.041891,,112
BIKE-L3,keygen,1024,16,3.5,1,1,0,ip-172-31-17-37,linux,0,0.6369,1569.99,KEM,True,2025-11-21T22:08:29.042553,,113
BIKE-L3,keygen,1024,16,3.5,1,1,0,ip-172-31-17-37,linux,0,0.627,1594.97,KEM,True,2025-11-21T22:08:29.043218,,114
BIKE-L3,keygen,1024,16,3.5,1,1,0,ip-172-31-17-37,linux,0,0.6372,1569.29,KEM,True,2025-11-21T22:08:29.043880,,115
BIKE-L3,keygen,1024,64,3.5,1,1,0,ip-172-31-17-37,linux,0,0.6379,1567.75,KEM,True,2025-11-21T22:08:29.044542,,116
BIKE-L3,keygen,1024,64,3.5,1,1,0,ip-172-31-17-37,linux,0,0.6443,1552.13,KEM,True,2025-11-21T22:08:29.045212,,117
BIKE-L3,keygen,1024,64,3.5,1,1,0,ip-172-31-17-37,linux,0,0.6429,1555.4,KEM,True,2025-11-21T22:08:29.045880,,118
BIKE-L3,keygen,1024,64,3.5,1,1,0,ip-172-31-17-37,linux,0,0.6346,1575.69,KEM,True,2025-11-21T22:08:29.046539,,119
BIKE-L3,keygen,1024,64,3.5,1,1,0,ip-172-31-17-37,linux,0,0.6412,1559.48,KEM,True,2025-11-21T22:08:29.047205,,120
BIKE-L3,encap,0,1,3.5,1,1,0,ip-172-31-17-37,linux,0,0.753,1328.08,KEM,True,2025-11-21T22:08:29.047993,,121
BIKE-L3,encap,0,1,3.5,1,1,0,ip-172-31-17-37,linux,0,0.7165,1395.72,KEM,True,2025-11-21T22:08:29.048739,,122
BIKE-L3,encap,0,1,3.5,1,1,0,ip-172-31-17-37,linux,0,0.6989,1430.77,KEM,True,2025-11-21T22:08:29.049462,,123
BIKE-L3,encap,0,1,3.5,1,1,0,ip-172-31-17-37,linux,0,0.7097,1409.03,KEM,True,2025-11-21T22:08:29.050197,,124
BIKE-L3,encap,0,1,3.5,1,1,0,ip-172-31-17-37,linux,0,0.7184,1392.03,KEM,True,2025-11-21T22:08:29.050939,,125
BIKE-L3,encap,0,16,3.5,1,1,0,ip-172-31-17-37,linux,0,0.7099,1408.58,KEM,True,2025-11-21T22:08:29.051674,,126
BIKE-L3,encap,0,16,3.5,1,1,0,ip-172-31-17-37,linux,0,0.7123,1403.92,KEM,True,2025-11-21T22:08:29.052410,,127
BIKE-L3,encap,0,16,3.5,1,1,0,ip-172-31-17-37,linux,0,0.7179,1392.95,KEM,True,2025-11-21T22:08:29.053154,,128
BIKE-L3,encap,0,16,3.5,1,1,0,ip-172-31-17-37,linux,0,0.7172,1394.29,KEM,True,2025-11-21T22:08:29.053896,,129
BIKE-L3,encap,0,16,3.5,1,1,0,ip-172-31-17-37,linux,0,0.7224,1384.35,KEM,True,2025-11-21T22:08:29.054643,,130
BIKE-L3,encap,0,64,3.5,1,1,0,ip-172-31-17-37,linux,0,0.6974,1433.85,KEM,True,2025-11-21T22:08:29.055366,,131
BIKE-L3,encap,0,64,3.5,1,1,0,ip-172-31-17-37,linux,0,0.7252,1378.91,KEM,True,2025-11-21T22:08:29.056116,,132
BIKE-L3,encap,0,64,3.5,1,1,0,ip-172-31-17-37,linux,0,0.7109,1406.59,KEM,True,2025-11-21T22:08:29.056853,,133
BIKE-L3,encap,0,64,3.5,1,1,0,ip-172-31-17-37,linux,0,0.6968,1435.13,KEM,True,2025-11-21T22:08:29.057586,,134
BIKE-L3,encap,0,64,3.5,1,1,0,ip-172-31-17-37,linux,0,0.6967,1435.35,KEM,True,2025-11-21T22:08:29.058306,,135
BIKE-L3,encap,1024,1,3.5,1,1,0,ip-172-31-17-37,linux,0,0.7195,1389.88,KEM,True,2025-11-21T22:08:29.059049,,136
BIKE-L3,encap,1024,1,3.5,1,1,0,ip-172-31-17-37,linux,0,0.7098,1408.77,KEM,True,2025-11-21T22:08:29.059784,,137
BIKE-L3,encap,1024,1,3.5,1,1,0,ip-172-31-17-37,linux,0,0.6976,1433.44,KEM,True,2025-11-21T22:08:29.060505,,138
BIKE-L3,encap,1024,1,3.5,1,1,0,ip-172-31-17-37,linux,0,0.7321,1366.0,KEM,True,2025-11-21T22:08:29.061262,,139
BIKE-L3,encap,1024,1,3.5,1,1,0,ip-172-31-17-37,linux,0,0.7126,1403.39,KEM,True,2025-11-21T22:08:29.062003,,140
BIKE-L3,encap,1024,16,3.5,1,1,0,ip-172-31-17-37,linux,0,0.7292,1371.29,KEM,True,2025-11-21T22:08:29.062757,,141
BIKE-L3,encap,1024,16,3.5,1,1,0,ip-172-31-17-37,linux,0,0.6977,1433.27,KEM,True,2025-11-21T22:08:29.063478,,142
BIKE-L3,encap,1024,16,3.5,1,1,0,ip-172-31-17-37,linux,0,0.71,1408.35,KEM,True,2025-11-21T22:08:29.064212,,143
BIKE-L3,encap,1024,16,3.5,1,1,0,ip-172-31-17-37,linux,0,0.7098,1408.92,KEM,True,2025-11-21T22:08:29.064945,,144
BIKE-L3,encap,1024,16,3.5,1,1,0,ip-172-31-17-37,linux,0,0.7081,1412.15,KEM,True,2025-11-21T22:08:29.065678,,145
BIKE-L3,encap,1024,64,3.5,1,1,0,ip-172-31-17-37,linux,0,0.6964,1436.01,KEM,True,2025-11-21T22:08:29.066407,,146
BIKE-L3,encap,1024,64,3.5,1,1,0,ip-172-31-17-37,linux,0,0.7104,1407.61,KEM,True,2025-11-21T22:08:29.067140,,147
BIKE-L3,encap,1024,64,3.5,1,1,0,ip-172-31-17-37,linux,0,0.7291,1371.61,KEM,True,2025-11-21T22:08:29.067894,,148
BIKE-L3,encap,1024,64,3.5,1,1,0,ip-172-31-17-37,linux,0,0.7316,1366.86,KEM,True,2025-11-21T22:08:29.068683,,149
BIKE-L3,encap,1024,64,3.5,1,1,0,ip-172-31-17-37,linux,0,0.707,1414.44,KEM,True,2025-11-21T22:08:29.069417,,150
BIKE-L3,decap,0,1,3.5,1,1,0,ip-172-31-17-37,linux,0,2.3813,419.93,KEM,True,2025-11-21T22:08:29.071829,,151
BIKE-L3,decap,0,1,3.5,1,1,0,ip-172-31-17-37,linux,0,2.6936,371.25,KEM,True,2025-11-21T22:08:29.074555,,152
BIKE-L3,decap,0,1,3.5,1,1,0,ip-172-31-17-37,linux,0,2.3665,422.57,KEM,True,2025-11-21T22:08:29.076968,,153
BIKE-L3,decap,0,1,3.5,1,1,0,ip-172-31-17-37,linux,0,2.5172,397.27,KEM,True,2025-11-21T22:08:29.079519,,154
BIKE-L3,decap,0,1,3.5,1,1,0,ip-172-31-17-37,linux,0,2.6947,371.09,KEM,True,2025-11-21T22:08:29.082246,,155
BIKE-L3,decap,0,16,3.5,1,1,0,ip-172-31-17-37,linux,0,2.8372,352.46,KEM,True,2025-11-21T22:08:29.085115,,156
BIKE-L3,decap,0,16,3.5,1,1,0,ip-172-31-17-37,linux,0,2.4223,412.83,KEM,True,2025-11-21T22:08:29.087567,,157
BIKE-L3,decap,0,16,3.5,1,1,0,ip-172-31-17-37,linux,0,2.6086,383.35,KEM,True,2025-11-21T22:08:29.090216,,158
BIKE-L3,decap,0,16,3.5,1,1,0,ip-172-31-17-37,linux,0,2.5944,385.45,KEM,True,2025-11-21T22:08:29.092839,,159
BIKE-L3,decap,0,16,3.5,1,1,0,ip-172-31-17-37,linux,0,2.3712,421.73,KEM,True,2025-11-21T22:08:29.095236,,160
BIKE-L3,decap,0,64,3.5,1,1,0,ip-172-31-17-37,linux,0,2.4528,407.69,KEM,True,2025-11-21T22:08:29.097718,,161
BIKE-L3,decap,0,64,3.5,1,1,0,ip-172-31-17-37,linux,0,2.3875,418.85,KEM,True,2025-11-21T22:08:29.100134,,162
BIKE-L3,decap,0,64,3.5,1,1,0,ip-172-31-17-37,linux,0,2.5548,391.42,KEM,True,2025-11-21T22:08:29.102721,,163
BIKE-L3,decap,0,64,3.5,1,1,0,ip-172-31-17-37,linux,0,2.3685,422.2,KEM,True,2025-11-21T22:08:29.105119,,164
BIKE-L3,decap,0,64,3.5,1,1,0,ip-172-31-17-37,linux,0,2.7805,359.64,KEM,True,2025-11-21T22:08:29.107930,,165
BIKE-L3,decap,1024,1,3.5,1,1,0,ip-172-31-17-37,linux,0,2.255,443.46,KEM,True,2025-11-21T22:08:29.110215,,166
BIKE-L3,decap,1024,1,3.5,1,1,0,ip-172-31-17-37,linux,0,2.6099,383.15,KEM,True,2025-11-21T22:08:29.112857,,167
BIKE-L3,decap,1024,1,3.5,1,1,0,ip-172-31-17-37,linux,0,2.3937,417.76,KEM,True,2025-11-21T22:08:29.115283,,168
BIKE-L3,decap,1024,1,3.5,1,1,0,ip-172-31-17-37,linux,0,2.4139,414.26,KEM,True,2025-11-21T22:08:29.117725,,169
BIKE-L3,decap,1024,1,3.5,1,1,0,ip-172-31-17-37,linux,0,2.5542,391.51,KEM,True,2025-11-21T22:08:29.120313,,170
BIKE-L3,decap,1024,16,3.5,1,1,0,ip-172-31-17-37,linux,0,2.8041,356.62,KEM,True,2025-11-21T22:08:29.123149,,171
BIKE-L3,decap,1024,16,3.5,1,1,0,ip-172-31-17-37,linux,0,2.4407,409.71,KEM,True,2025-11-21T22:08:29.125621,,172
BIKE-L3,decap,1024,16,3.5,1,1,0,ip-172-31-17-37,linux,0,2.3586,423.98,KEM,True,2025-11-21T22:08:29.128010,,173
BIKE-L3,decap,1024,16,3.5,1,1,0,ip-172-31-17-37,linux,0,2.2122,452.04,KEM,True,2025-11-21T22:08:29.130250,,174
BIKE-L3,decap,1024,16,3.5,1,1,0,ip-172-31-17-37,linux,0,2.6468,377.81,KEM,True,2025-11-21T22:08:29.132930,,175
BIKE-L3,decap,1024,64,3.5,1,1,0,ip-172-31-17-37,linux,0,2.6017,384.36,KEM,True,2025-11-21T22:08:29.135570,,176
BIKE-L3,decap,1024,64,3.5,1,1,0,ip-172-31-17-37,linux,0,2.1916,456.29,KEM,True,2025-11-21T22:08:29.137801,,177
BIKE-L3,decap,1024,64,3.5,1,1,0,ip-172-31-17-37,linux,0,2.2678,440.95,KEM,True,2025-11-21T22:08:29.140098,,178
BIKE-L3,decap,1024,64,3.5,1,1,0,ip-172-31-17-37,linux,0,2.3956,417.42,KEM,True,2025-11-21T22:08:29.142527,,179
BIKE-L3,decap,1024,64,3.5,1,1,0,ip-172-31-17-37,linux,0,2.6322,379.91,KEM,True,2025-11-21T22:08:29.145191,,180
BIKE-L5,keygen,0,1,3.5,1,1,0,ip-172-31-17-37,linux,0,1.8212,549.1,KEM,True,2025-11-21T22:08:29.147052,,181
BIKE-L5,keygen,0,1,3.5,1,1,0,ip-172-31-17-37,linux,0,1.6153,619.08,KEM,True,2025-11-21T22:08:29.148700,,182
BIKE-L5,keygen,0,1,3.5,1,1,0,ip-172-31-17-37,linux,0,1.5988,625.45,KEM,True,2025-11-21T22:08:29.150328,,183
BIKE-L5,keygen,0,1,3.5,1,1,0,ip-172-31-17-37,linux,0,1.6099,621.16,KEM,True,2025-11-21T22:08:29.151967,,184
BIKE-L5,keygen,0,1,3.5,1,1,0,ip-172-31-17-37,linux,0,1.6028,623.9,KEM,True,2025-11-21T22:08:29.153598,,185
BIKE-L5,keygen,0,16,3.5,1,1,0,ip-172-31-17-37,linux,0,1.601,624.6,KEM,True,2025-11-21T22:08:29.155229,,186
BIKE-L5,keygen,0,16,3.5,1,1,0,ip-172-31-17-37,linux,0,1.6015,624.42,KEM,True,2025-11-21T22:08:29.156859,,187
BIKE-L5,keygen,0,16,3.5,1,1,0,ip-172-31-17-37,linux,0,1.6044,623.29,KEM,True,2025-11-21T22:08:29.158492,,188
BIKE-L5,keygen,0,16,3.5,1,1,0,ip-172-31-17-37,linux,0,1.6317,612.85,KEM,True,2025-11-21T22:08:29.160155,,189
BIKE-L5,keygen,0,16,3.5,1,1,0,ip-172-31-17-37,linux,0,1.6145,619.39,KEM,True,2025-11-21T22:08:29.161799,,190
BIKE-L5,keygen,0,64,3.5,1,1,0,ip-172-31-17-37,linux,0,1.6061,622.63,KEM,True,2025-11-21T22:08:29.163436,,191
BIKE-L5,keygen,0,64,3.5,1,1,0,ip-172-31-17-37,linux,0,1.5968,626.27,KEM,True,2025-11-21T22:08:29.165062,,192
BIKE-L5,keygen,0,64,3.5,1,1,0,ip-172-31-17-37,linux,0,1.6208,616.99,KEM,True,2025-11-21T22:08:29.166712,,193
BIKE-L5,keygen,0,64,3.5,1,1,0,ip-172-31-17-37,linux,0,1.5907,628.67,KEM,True,2025-11-21T22:08:29.168333,,194
BIKE-L5,keygen,0,64,3.5,1,1,0,ip-172-31-17-37,linux,0,1.6069,622.33,KEM,True,2025-11-21T22:08:29.169968,,195
BIKE-L5,keygen,1024,1,3.5,1,1,0,ip-172-31-17-37,linux,0,1.6104,620.98,KEM,True,2025-11-21T22:08:29.171609,,196
BIKE-L5,keygen,1024,1,3.5,1,1,0,ip-172-31-17-37,linux,0,1.5884,629.56,KEM,True,2025-11-21T22:08:29.173227,,197
BIKE-L5,keygen,1024,1,3.5,1,1,0,ip-172-31-17-37,linux,0,1.6127,620.08,KEM,True,2025-11-21T22:08:29.174870,,198
BIKE-L5,keygen,1024,1,3.5,1,1,0,ip-172-31-17-37,linux,0,1.6524,605.17,KEM,True,2025-11-21T22:08:29.176553,,199
BIKE-L5,keygen,1024,1,3.5,1,1,0,ip-172-31-17-37,linux,0,1.6347,611.73,KEM,True,2025-11-21T22:08:29.178239,,200
BIKE-L5,keygen,1024,16,3.5,1,1,0,ip-172-31-17-37,linux,0,1.6308,613.2,KEM,True,2025-11-21T22:08:29.179903,,201
BIKE-L5,keygen,1024,16,3.5,1,1,0,ip-172-31-17-37,linux,0,1.5934,627.58,KEM,True,2025-11-21T22:08:29.181527,,202
BIKE-L5,keygen,1024,16,3.5,1,1,0,ip-172-31-17-37,linux,0,1.615,619.21,KEM,True,2025-11-21T22:08:29.183171,,203
BIKE-L5,keygen,1024,16,3.5,1,1,0,ip-172-31-17-37,linux,0,1.6082,621.81,KEM,True,2025-11-21T22:08:29.184809,,204
BIKE-L5,keygen,1024,16,3.5,1,1,0,ip-172-31-17-37,linux,0,1.6058,622.75,KEM,True,2025-11-21T22:08:29.186444,,205
BIKE-L5,keygen,1024,64,3.5,1,1,0,ip-172-31-17-37,linux,0,1.6075,622.1,KEM,True,2025-11-21T22:08:29.188084,,206
BIKE-L5,keygen,1024,64,3.5,1,1,0,ip-172-31-17-37,linux,0,1.6003,624.87,KEM,True,2025-11-21T22:08:29.189713,,207
BIKE-L5,keygen,1024,64,3.5,1,1,0,ip-172-31-17-37,linux,0,1.5978,625.86,KEM,True,2025-11-21T22:08:29.191341,,208
BIKE-L5,keygen,1024,64,3.5,1,1,0,ip-172-31-17-37,linux,0,1.6056,622.82,KEM,True,2025-11-21T22:08:29.192975,,209
BIKE-L5,keygen,1024,64,3.5,1,1,0,ip-172-31-17-37,linux,0,1.6096,621.26,KEM,True,2025-11-21T22:08:29.194614,,210
BIKE-L5,encap,0,1,3.5,1,1,0,ip-172-31-17-37,linux,0,1.7944,557.29,KEM,True,2025-11-21T22:08:29.196442,,211
BIKE-L5,encap,0,1,3.5,1,1,0,ip-172-31-17-37,linux,0,1.7822,561.12,KEM,True,2025-11-21T22:08:29.198257,,212
BIKE-L5,encap,0,1,3.5,1,1,0,ip-172-31-17-37,linux,0,1.778,562.44,KEM,True,2025-11-21T22:08:29.200067,,213
BIKE-L5,encap,0,1,3.5,1,1,0,ip-172-31-17-37,linux,0,1.7679,565.65,KEM,True,2025-11-21T22:08:29.201866,,214
BIKE-L5,encap,0,1,3.5,1,1,0,ip-172-31-17-37,linux,0,1.7645,566.74,KEM,True,2025-11-21T22:08:29.203661,,215
BIKE-L5,encap,0,16,3.5,1,1,0,ip-172-31-17-37,linux,0,1.7436,573.53,KEM,True,2025-11-21T22:08:29.205434,,216
BIKE-L5,encap,0,16,3.5,1,1,0,ip-172-31-17-37,linux,0,1.7572,569.08,KEM,True,2025-11-21T22:08:29.207220,,217
BIKE-L5,encap,0,16,3.5,1,1,0,ip-172-31-17-37,linux,0,1.7664,566.12,KEM,True,2025-11-21T22:08:29.209017,,218
BIKE-L5,encap,0,16,3.5,1,1,0,ip-172-31-17-37,linux,0,1.7605,568.01,KEM,True,2025-11-21T22:08:29.210807,,219
BIKE-L5,encap,0,16,3.5,1,1,0,ip-172-31-17-37,linux,0,1.7655,566.4,KEM,True,2025-11-21T22:08:29.212602,,220
BIKE-L5,encap,0,64,3.5,1,1,0,ip-172-31-17-37,linux,0,1.7495,571.6,KEM,True,2025-11-21T22:08:29.214381,,221
BIKE-L5,encap,0,64,3.5,1,1,0,ip-172-31-17-37,linux,0,1.7603,568.08,KEM,True,2025-11-21T22:08:29.216181,,222
BIKE-L5,encap,0,64,3.5,1,1,0,ip-172-31-17-37,linux,0,1.7611,567.82,KEM,True,2025-11-21T22:08:29.217999,,223
BIKE-L5,encap,0,64,3.5,1,1,0,ip-172-31-17-37,linux,0,1.7995,555.7,KEM,True,2025-11-21T22:08:29.219829,,224
BIKE-L5,encap,0,64,3.5,1,1,0,ip-172-31-17-37,linux,0,1.7619,567.57,KEM,True,2025-11-21T22:08:29.221622,,225
BIKE-L5,encap,1024,1,3.5,1,1,0,ip-172-31-17-37,linux,0,1.7517,570.87,KEM,True,2025-11-21T22:08:29.223405,,226
BIKE-L5,encap,1024,1,3.5,1,1,0,ip-172-31-17-37,linux,0,1.7665,566.09,KEM,True,2025-11-21T22:08:29.225201,,227
BIKE-L5,encap,1024,1,3.5,1,1,0,ip-172-31-17-37,linux,0,1.7641,566.86,KEM,True,2025-11-21T22:08:29.226995,,228
BIKE-L5,encap,1024,1,3.5,1,1,0,ip-172-31-17-37,linux,0,1.7668,566.0,KEM,True,2025-11-21T22:08:29.228791,,229
BIKE-L5,encap,1024,1,3.5,1,1,0,ip-172-31-17-37,linux,0,1.7741,563.68,KEM,True,2025-11-21T22:08:29.230596,,230
BIKE-L5,encap,1024,16,3.5,1,1,0,ip-172-31-17-37,linux,0,1.7457,572.84,KEM,True,2025-11-21T22:08:29.232372,,231
BIKE-L5,encap,1024,16,3.5,1,1,0,ip-172-31-17-37,linux,0,1.7609,567.9,KEM,True,2025-11-21T22:08:29.234163,,232
BIKE-L5,encap,1024,16,3.5,1,1,0,ip-172-31-17-37,linux,0,1.766,566.25,KEM,True,2025-11-21T22:08:29.235959,,233
BIKE-L5,encap,1024,16,3.5,1,1,0,ip-172-31-17-37,linux,0,1.76,568.17,KEM,True,2025-11-21T22:08:29.237750,,234
BIKE-L5,encap,1024,16,3.5,1,1,0,ip-172-31-17-37,linux,0,1.7629,567.25,KEM,True,2025-11-21T22:08:29.239543,,235
BIKE-L5,encap,1024,64,3.5,1,1,0,ip-172-31-17-37,linux,0,1.7851,560.2,KEM,True,2025-11-21T22:08:29.241360,,236
BIKE-L5,encap,1024,64,3.5,1,1,0,ip-172-31-17-37,linux,0,1.7701,564.93,KEM,True,2025-11-21T22:08:29.243162,,237
BIKE-L5,encap,1024,64,3.5,1,1,0,ip-172-31-17-37,linux,0,1.7556,569.59,KEM,True,2025-11-21T22:08:29.244949,,238
BIKE-L5,encap,1024,64,3.5,1,1,0,ip-172-31-17-37,linux,0,1.7733,563.91,KEM,True,2025-11-21T22:08:29.246752,,239
BIKE-L5,encap,1024,64,3.5,1,1,0,ip-172-31-17-37,linux,0,1.7518,570.85,KEM,True,2025-11-21T22:08:29.248535,,240
BIKE-L5,decap,0,1,3.5,1,1,0,ip-172-31-17-37,linux,0,5.3609,186.54,KEM,True,2025-11-21T22:08:29.253931,,241
BIKE-L5,decap,0,1,3.5,1,1,0,ip-172-31-17-37,linux,0,5.3515,186.87,KEM,True,2025-11-21T22:08:29.259316,,242
BIKE-L5,decap,0,1,3.5,1,1,0,ip-172-31-17-37,linux,0,5.3444,187.11,KEM,True,2025-11-21T22:08:29.264693,,243
BIKE-L5,decap,0,1,3.5,1,1,0,ip-172-31-17-37,linux,0,5.3471,187.02,KEM,True,2025-11-21T22:08:29.270073,,244
BIKE-L5,decap,0,1,3.5,1,1,0,ip-172-31-17-37,linux,0,5.3445,187.11,KEM,True,2025-11-21T22:08:29.275450,,245
BIKE-L5,decap,0,16,3.5,1,1,0,ip-172-31-17-37,linux,0,5.3614,186.52,KEM,True,2025-11-21T22:08:29.280846,,246
BIKE-L5,decap,0,16,3.5,1,1,0,ip-172-31-17-37,linux,0,5.3273,187.71,KEM,True,2025-11-21T22:08:29.286206,,247
BIKE-L5,decap,0,16,3.5,1,1,0,ip-172-31-17-37,linux,0,5.3334,187.5,KEM,True,2025-11-21T22:08:29.291582,,248
BIKE-L5,decap,0,16,3.5,1,1,0,ip-172-31-17-37,linux,0,5.3592,186.6,KEM,True,2025-11-21T22:08:29.296974,,249
BIKE-L5,decap,0,16,3.5,1,1,0,ip-172-31-17-37,linux,0,5.3637,186.44,KEM,True,2025-11-21T22:08:29.302371,,250
BIKE-L5,decap,0,64,3.5,1,1,0,ip-172-31-17-37,linux,0,5.3308,187.59,KEM,True,2025-11-21T22:08:29.307745,,251
BIKE-L5,decap,0,64,3.5,1,1,0,ip-172-31-17-37,linux,0,5.3244,187.82,KEM,True,2025-11-21T22:08:29.313101,,252
BIKE-L5,decap,0,64,3.5,1,1,0,ip-172-31-17-37,linux,0,5.3506,186.9,KEM,True,2025-11-21T22:08:29.318484,,253
BIKE-L5,decap,0,64,3.5,1,1,0,ip-172-31-17-37,linux,0,5.3345,187.46,KEM,True,2025-11-21T22:08:29.323852,,254
BIKE-L5,decap,0,64,3.5,1,1,0,ip-172-31-17-37,linux,0,5.3369,187.37,KEM,True,2025-11-21T22:08:29.329222,,255
BIKE-L5,decap,1024,1,3.5,1,1,0,ip-172-31-17-37,linux,0,5.3743,186.07,KEM,True,2025-11-21T22:08:29.334639,,256
BIKE-L5,decap,1024,1,3.5,1,1,0,ip-172-31-17-37,linux,0,5.3581,186.63,KEM,True,2025-11-21T22:08:29.340031,,257
BIKE-L5,decap,1024,1,3.5,1,1,0,ip-172-31-17-37,linux,0,5.3274,187.71,KEM,True,2025-11-21T22:08:29.345391,,258
BIKE-L5,decap,1024,1,3.5,1,1,0,ip-172-31-17-37,linux,0,5.3342,187.47,KEM,True,2025-11-21T22:08:29.350757,,259
BIKE-L5,decap,1024,1,3.5,1,1,0,ip-172-31-17-37,linux,0,5.3275,187.71,KEM,True,2025-11-21T22:08:29.356116,,260
BIKE-L5,decap,1024,16,3.5,1,1,0,ip-172-31-17-37,linux,0,5.3536,186.79,KEM,True,2025-11-21T22:08:29.361502,,261
BIKE-L5,decap,1024,16,3.5,1,1,0,ip-172-31-17-37,linux,0,5.3454,187.08,KEM,True,2025-11-21T22:08:29.366879,,262
BIKE-L5,decap,1024,16,3.5,1,1,0,ip-172-31-17-37,linux,0,5.4774,182.57,KEM,True,2025-11-21T22:08:29.372389,,263
BIKE-L5,decap,1024,16,3.5,1,1,0,ip-172-31-17-37,linux,0,5.3569,186.68,KEM,True,2025-11-21T22:08:29.377778,,264
BIKE-L5,decap,1024,16,3.5,1,1,0,ip-172-31-17-37,linux,0,5.3408,187.24,KEM,True,2025-11-21T22:08:29.383150,,265
BIKE-L5,decap,1024,64,3.5,1,1,0,ip-172-31-17-37,linux,0,5.3257,187.77,KEM,True,2025-11-21T22:08:29.388509,,266
BIKE-L5,decap,1024,64,3.5,1,1,0,ip-172-31-17-37,linux,0,5.3537,186.79,KEM,True,2025-11-21T22:08:29.393895,,267
BIKE-L5,decap,1024,64,3.5,1,1,0,ip-172-31-17-37,linux,0,5.3899,185.53,KEM,True,2025-11-21T22:08:29.399318,,268
BIKE-L5,decap,1024,64,3.5,1,1,0,ip-172-31-17-37,linux,0,5.3298,187.63,KEM,True,2025-11-21T22:08:29.404681,,269
BIKE-L5,decap,1024,64,3.5,1,1,0,ip-172-31-17-37,linux,0,5.3063,188.46,KEM,True,2025-11-21T22:08:29.410020,,270
Classic-McEliece-348864,keygen,0,1,3.5,1,1,0,ip-172-31-17-37,linux,0,35.7625,27.96,KEM,True,2025-11-21T22:08:29.445836,,271
Classic-McEliece-348864,keygen,0,1,3.5,1,1,0,ip-172-31-17-37,linux,0,32.8818,30.41,KEM,True,2025-11-21T22:08:29.478798,,272
Classic-McEliece-348864,keygen,0,1,3.5,1,1,0,ip-172-31-17-37,linux,0,57.2508,17.47,KEM,True,2025-11-21T22:08:29.536127,,273
Classic-McEliece-348864,keygen,0,1,3.5,1,1,0,ip-172-31-17-37,linux,0,48.1251,20.78,KEM,True,2025-11-21T22:08:29.584337,,274
Classic-McEliece-348864,keygen,0,1,3.5,1,1,0,ip-172-31-17-37,linux,0,35.8144,27.92,KEM,True,2025-11-21T22:08:29.620247,,275
Classic-McEliece-348864,keygen,0,16,3.5,1,1,0,ip-172-31-17-37,linux,0,38.8176,25.76,KEM,True,2025-11-21T22:08:29.659158,,276
Classic-McEliece-348864,keygen,0,16,3.5,1,1,0,ip-172-31-17-37,linux,0,40.3931,24.76,KEM,True,2025-11-21T22:08:29.699646,,277
Classic-McEliece-348864,keygen,0,16,3.5,1,1,0,ip-172-31-17-37,linux,0,35.5993,28.09,KEM,True,2025-11-21T22:08:29.735333,,278
Classic-McEliece-348864,keygen,0,16,3.5,1,1,0,ip-172-31-17-37,linux,0,45.0643,22.19,KEM,True,2025-11-21T22:08:29.780490,,279
Classic-McEliece-348864,keygen,0,16,3.5,1,1,0,ip-172-31-17-37,linux,0,38.6374,25.88,KEM,True,2025-11-21T22:08:29.819215,,280
Classic-McEliece-348864,keygen,0,64,3.5,1,1,0,ip-172-31-17-37,linux,0,32.4929,30.78,KEM,True,2025-11-21T22:08:29.851795,,281
Classic-McEliece-348864,keygen,0,64,3.5,1,1,0,ip-172-31-17-37,linux,0,36.3866,27.48,KEM,True,2025-11-21T22:08:29.888273,,282
Classic-McEliece-348864,keygen,0,64,3.5,1,1,0,ip-172-31-17-37,linux,0,41.9467,23.84,KEM,True,2025-11-21T22:08:29.930330,,283
Classic-McEliece-348864,keygen,0,64,3.5,1,1,0,ip-172-31-17-37,linux,0,53.2302,18.79,KEM,True,2025-11-21T22:08:29.983665,,284
Classic-McEliece-348864,keygen,0,64,3.5,1,1,0,ip-172-31-17-37,linux,0,35.8793,27.87,KEM,True,2025-11-21T22:08:30.019643,,285
Classic-McEliece-348864,keygen,1024,1,3.5,1,1,0,ip-172-31-17-37,linux,0,35.7055,28.01,KEM,True,2025-11-21T22:08:30.055442,,286
Classic-McEliece-348864,keygen,1024,1,3.5,1,1,0,ip-172-31-17-37,linux,0,45.0956,22.18,KEM,True,2025-11-21T22:08:30.100647,,287
Classic-McEliece-348864,keygen,1024,1,3.5,1,1,0,ip-172-31-17-37,linux,0,49.7304,20.11,KEM,True,2025-11-21T22:08:30.150486,,288
Classic-McEliece-348864,keygen,1024,1,3.5,1,1,0,ip-172-31-17-37,linux,0,35.736,27.98,KEM,True,2025-11-21T22:08:30.186333,,289
Classic-McEliece-348864,keygen,1024,1,3.5,1,1,0,ip-172-31-17-37,linux,0,35.7981,27.93,KEM,True,2025-11-21T22:08:30.222258,,290
Classic-McEliece-348864,keygen,1024,16,3.5,1,1,0,ip-172-31-17-37,linux,0,35.9221,27.84,KEM,True,2025-11-21T22:08:30.258291,,291
Classic-McEliece-348864,keygen,1024,16,3.5,1,1,0,ip-172-31-17-37,linux,0,35.7884,27.94,KEM,True,2025-11-21T22:08:30.294188,,292
Classic-McEliece-348864,keygen,1024,16,3.5,1,1,0,ip-172-31-17-37,linux,0,32.5576,30.71,KEM,True,2025-11-21T22:08:30.326853,,293
Classic-McEliece-348864,keygen,1024,16,3.5,1,1,0,ip-172-31-17-37,linux,0,42.0235,23.8,KEM,True,2025-11-21T22:08:30.369011,,294
Classic-McEliece-348864,keygen,1024,16,3.5,1,1,0,ip-172-31-17-37,linux,0,32.8205,30.47,KEM,True,2025-11-21T22:08:30.401944,,295
Classic-McEliece-348864,keygen,1024,64,3.5,1,1,0,ip-172-31-17-37,linux,0,49.6989,20.12,KEM,True,2025-11-21T22:08:30.451753,,296
Classic-McEliece-348864,keygen,1024,64,3.5,1,1,0,ip-172-31-17-37,linux,0,47.9938,20.84,KEM,True,2025-11-21T22:08:30.499856,,297
Classic-McEliece-348864,keygen,1024,64,3.5,1,1,0,ip-172-31-17-37,linux,0,32.7118,30.57,KEM,True,2025-11-21T22:08:30.532670,,298
Classic-McEliece-348864,keygen,1024,64,3.5,1,1,0,ip-172-31-17-37,linux,0,32.5989,30.68,KEM,True,2025-11-21T22:08:30.565367,,299
Classic-McEliece-348864,keygen,1024,64,3.5,1,1,0,ip-172-31-17-37,linux,0,43.0519,23.23,KEM,True,2025-11-21T22:08:30.608520,,300
Classic-McEliece-348864,encap,0,1,3.5,1,1,0,ip-172-31-17-37,linux,0,42.4244,23.57,KEM,True,2025-11-21T22:08:30.651081,,301
Classic-McEliece-348864,encap,0,1,3.5,1,1,0,ip-172-31-17-37,linux,0,49.5735,20.17,KEM,True,2025-11-21T22:08:30.700756,,302
Classic-McEliece-348864,encap,0,1,3.5,1,1,0,ip-172-31-17-37,linux,0,41.9609,23.83,KEM,True,2025-11-21T22:08:30.742821,,303
Classic-McEliece-348864,encap,0,1,3.5,1,1,0,ip-172-31-17-37,linux,0,32.906,30.39,KEM,True,2025-11-21T22:08:30.775831,,304
Classic-McEliece-348864,encap,0,1,3.5,1,1,0,ip-172-31-17-37,linux,0,41.778,23.94,KEM,True,2025-11-21T22:08:30.817717,,305
Classic-McEliece-348864,encap,0,16,3.5,1,1,0,ip-172-31-17-37,linux,0,38.8328,25.75,KEM,True,2025-11-21T22:08:30.856660,,306
Classic-McEliece-348864,encap,0,16,3.5,1,1,0,ip-172-31-17-37,linux,0,32.6725,30.61,KEM,True,2025-11-21T22:08:30.889442,,307
Classic-McEliece-348864,encap,0,16,3.5,1,1,0,ip-172-31-17-37,linux,0,42.1804,23.71,KEM,True,2025-11-21T22:08:30.931728,,308
Classic-McEliece-348864,encap,0,16,3.5,1,1,0,ip-172-31-17-37,linux,0,35.8307,27.91,KEM,True,2025-11-21T22:08:30.967667,,309
Classic-McEliece-348864,encap,0,16,3.5,1,1,0,ip-172-31-17-37,linux,0,38.7288,25.82,KEM,True,2025-11-21T22:08:31.006503,,310
Classic-McEliece-348864,encap,0,64,3.5,1,1,0,ip-172-31-17-37,linux,0,32.8066,30.48,KEM,True,2025-11-21T22:08:31.039420,,311
Classic-McEliece-348864,encap,0,64,3.5,1,1,0,ip-172-31-17-37,linux,0,38.7334,25.82,KEM,True,2025-11-21T22:08:31.078268,,312
Classic-McEliece-348864,encap,0,64,3.5,1,1,0,ip-172-31-17-37,linux,0,51.0319,19.6,KEM,True,2025-11-21T22:08:31.129409,,313
Classic-McEliece-348864,encap,0,64,3.5,1,1,0,ip-172-31-17-37,linux,0,37.0212,27.01,KEM,True,2025-11-21T22:08:31.166536,,314
Classic-McEliece-348864,encap,0,64,3.5,1,1,0,ip-172-31-17-37,linux,0,35.86,27.89,KEM,True,2025-11-21T22:08:31.202516,,315
Classic-McEliece-348864,encap,1024,1,3.5,1,1,0,ip-172-31-17-37,linux,0,32.6925,30.59,KEM,True,2025-11-21T22:08:31.235332,,316
Classic-McEliece-348864,encap,1024,1,3.5,1,1,0,ip-172-31-17-37,linux,0,32.6924,30.59,KEM,True,2025-11-21T22:08:31.268128,,317
Classic-McEliece-348864,encap,1024,1,3.5,1,1,0,ip-172-31-17-37,linux,0,54.1092,18.48,KEM,True,2025-11-21T22:08:31.322341,,318
Classic-McEliece-348864,encap,1024,1,3.5,1,1,0,ip-172-31-17-37,linux,0,41.9288,23.85,KEM,True,2025-11-21T22:08:31.364380,,319
Classic-McEliece-348864,encap,1024,1,3.5,1,1,0,ip-172-31-17-37,linux,0,39.0136,25.63,KEM,True,2025-11-21T22:08:31.403500,,320
Classic-McEliece-348864,encap,1024,16,3.5,1,1,0,ip-172-31-17-37,linux,0,46.5288,21.49,KEM,True,2025-11-21T22:08:31.450141,,321
Classic-McEliece-348864,encap,1024,16,3.5,1,1,0,ip-172-31-17-37,linux,0,44.7807,22.33,KEM,True,2025-11-21T22:08:31.495027,,322
Classic-McEliece-348864,encap,1024,16,3.5,1,1,0,ip-172-31-17-37,linux,0,32.7338,30.55,KEM,True,2025-11-21T22:08:31.527866,,323
Classic-McEliece-348864,encap,1024,16,3.5,1,1,0,ip-172-31-17-37,linux,0,41.9383,23.84,KEM,True,2025-11-21T22:08:31.569910,,324
Classic-McEliece-348864,encap,1024,16,3.5,1,1,0,ip-172-31-17-37,linux,0,32.7989,30.49,KEM,True,2025-11-21T22:08:31.602812,,325
Classic-McEliece-348864,encap,1024,64,3.5,1,1,0,ip-172-31-17-37,linux,0,35.8961,27.86,KEM,True,2025-11-21T22:08:31.638816,,326
Classic-McEliece-348864,encap,1024,64,3.5,1,1,0,ip-172-31-17-37,linux,0,32.7446,30.54,KEM,True,2025-11-21T22:08:31.671666,,327
Classic-McEliece-348864,encap,1024,64,3.5,1,1,0,ip-172-31-17-37,linux,0,41.8278,23.91,KEM,True,2025-11-21T22:08:31.713619,,328
Classic-McEliece-348864,encap,1024,64,3.5,1,1,0,ip-172-31-17-37,linux,0,35.7778,27.95,KEM,True,2025-11-21T22:08:31.749509,,329
Classic-McEliece-348864,encap,1024,64,3.5,1,1,0,ip-172-31-17-37,linux,0,32.7588,30.53,KEM,True,2025-11-21T22:08:31.782369,,330
Classic-McEliece-348864,decap,0,1,3.5,1,1,0,ip-172-31-17-37,linux,0,44.8594,22.29,KEM,True,2025-11-21T22:08:31.827361,,331
Classic-McEliece-348864,decap,0,1,3.5,1,1,0,ip-172-31-17-37,linux,0,35.701,28.01,KEM,True,2025-11-21T22:08:31.863166,,332
Classic-McEliece-348864,decap,0,1,3.5,1,1,0,ip-172-31-17-37,linux,0,48.0375,20.82,KEM,True,2025-11-21T22:08:31.911308,,333
Classic-McEliece-348864,decap,0,1,3.5,1,1,0,ip-172-31-17-37,linux,0,41.8192,23.91,KEM,True,2025-11-21T22:08:31.953236,,334
Classic-McEliece-348864,decap,0,1,3.5,1,1,0,ip-172-31-17-37,linux,0,34.2727,29.18,KEM,True,2025-11-21T22:08:31.987626,,335
Classic-McEliece-348864,decap,0,16,3.5,1,1,0,ip-172-31-17-37,linux,0,38.8547,25.74,KEM,True,2025-11-21T22:08:32.026603,,336
Classic-McEliece-348864,decap,0,16,3.5,1,1,0,ip-172-31-17-37,linux,0,54.1823,18.46,KEM,True,2025-11-21T22:08:32.080895,,337
Classic-McEliece-348864,decap,0,16,3.5,1,1,0,ip-172-31-17-37,linux,0,38.9019,25.71,KEM,True,2025-11-21T22:08:32.119904,,338
Classic-McEliece-348864,decap,0,16,3.5,1,1,0,ip-172-31-17-37,linux,0,48.1693,20.76,KEM,True,2025-11-21T22:08:32.168179,,339
Classic-McEliece-348864,decap,0,16,3.5,1,1,0,ip-172-31-17-37,linux,0,35.8877,27.86,KEM,True,2025-11-21T22:08:32.204178,,340
Classic-McEliece-348864,decap,0,64,3.5,1,1,0,ip-172-31-17-37,linux,0,32.8735,30.42,KEM,True,2025-11-21T22:08:32.237159,,341
Classic-McEliece-348864,decap,0,64,3.5,1,1,0,ip-172-31-17-37,linux,0,38.8745,25.72,KEM,True,2025-11-21T22:08:32.276140,,342
Classic-McEliece-348864,decap,0,64,3.5,1,1,0,ip-172-31-17-37,linux,0,35.8202,27.92,KEM,True,2025-11-21T22:08:32.312074,,343
Classic-McEliece-348864,decap,0,64,3.5,1,1,0,ip-172-31-17-37,linux,0,41.903,23.86,KEM,True,2025-11-21T22:08:32.354086,,344
Classic-McEliece-348864,decap,0,64,3.5,1,1,0,ip-172-31-17-37,linux,0,38.8916,25.71,KEM,True,2025-11-21T22:08:32.393086,,345
Classic-McEliece-348864,decap,1024,1,3.5,1,1,0,ip-172-31-17-37,linux,0,32.8319,30.46,KEM,True,2025-11-21T22:08:32.426024,,346
Classic-McEliece-348864,decap,1024,1,3.5,1,1,0,ip-172-31-17-37,linux,0,51.1462,19.55,KEM,True,2025-11-21T22:08:32.477278,,347
Classic-McEliece-348864,decap,1024,1,3.5,1,1,0,ip-172-31-17-37,linux,0,32.8011,30.49,KEM,True,2025-11-21T22:08:32.510180,,348
Classic-McEliece-348864,decap,1024,1,3.5,1,1,0,ip-172-31-17-37,linux,0,60.3061,16.58,KEM,True,2025-11-21T22:08:32.570615,,349
Classic-McEliece-348864,decap,1024,1,3.5,1,1,0,ip-172-31-17-37,linux,0,49.6277,20.15,KEM,True,2025-11-21T22:08:32.620357,,350
Classic-McEliece-348864,decap,1024,16,3.5,1,1,0,ip-172-31-17-37,linux,0,39.687,25.2,KEM,True,2025-11-21T22:08:32.660156,,351
Classic-McEliece-348864,decap,1024,16,3.5,1,1,0,ip-172-31-17-37,linux,0,36.4218,27.46,KEM,True,2025-11-21T22:08:32.696686,,352
Classic-McEliece-348864,decap,1024,16,3.5,1,1,0,ip-172-31-17-37,linux,0,39.6358,25.23,KEM,True,2025-11-21T22:08:32.736428,,353
Classic-McEliece-348864,decap,1024,16,3.5,1,1,0,ip-172-31-17-37,linux,0,46.3762,21.56,KEM,True,2025-11-21T22:08:32.782915,,354
Classic-McEliece-348864,decap,1024,16,3.5,1,1,0,ip-172-31-17-37,linux,0,36.3636,27.5,KEM,True,2025-11-21T22:08:32.819386,,355
Classic-McEliece-348864,decap,1024,64,3.5,1,1,0,ip-172-31-17-37,linux,0,39.6387,25.23,KEM,True,2025-11-21T22:08:32.859134,,356
Classic-McEliece-348864,decap,1024,64,3.5,1,1,0,ip-172-31-17-37,linux,0,43.063,23.22,KEM,True,2025-11-21T22:08:32.902305,,357
Classic-McEliece-348864,decap,1024,64,3.5,1,1,0,ip-172-31-17-37,linux,0,48.0005,20.83,KEM,True,2025-11-21T22:08:32.950455,,358
Classic-McEliece-348864,decap,1024,64,3.5,1,1,0,ip-172-31-17-37,linux,0,35.72,28.0,KEM,True,2025-11-21T22:08:32.986282,,359
Classic-McEliece-348864,decap,1024,64,3.5,1,1,0,ip-172-31-17-37,linux,0,48.0733,20.8,KEM,True,2025-11-21T22:08:33.034465,,360
Classic-McEliece-348864f,keygen,0,1,3.5,1,1,0,ip-172-31-17-37,linux,0,31.9477,31.3,KEM,True,2025-11-21T22:08:33.066536,,361
Classic-McEliece-348864f,keygen,0,1,3.5,1,1,0,ip-172-31-17-37,linux,0,31.8666,31.38,KEM,True,2025-11-21T22:08:33.098536,,362
Classic-McEliece-348864f,keygen,0,1,3.5,1,1,0,ip-172-31-17-37,linux,0,32.0216,31.23,KEM,True,2025-11-21T22:08:33.130682,,363
Classic-McEliece-348864f,keygen,0,1,3.5,1,1,0,ip-172-31-17-37,linux,0,31.9689,31.28,KEM,True,2025-11-21T22:08:33.162760,,364
Classic-McEliece-348864f,keygen,0,1,3.5,1,1,0,ip-172-31-17-37,linux,0,31.9926,31.26,KEM,True,2025-11-21T22:08:33.194867,,365
Classic-McEliece-348864f,keygen,0,16,3.5,1,1,0,ip-172-31-17-37,linux,0,31.9725,31.28,KEM,True,2025-11-21T22:08:33.226954,,366
Classic-McEliece-348864f,keygen,0,16,3.5,1,1,0,ip-172-31-17-37,linux,0,31.7143,31.53,KEM,True,2025-11-21T22:08:33.258774,,367
Classic-McEliece-348864f,keygen,0,16,3.5,1,1,0,ip-172-31-17-37,linux,0,32.034,31.22,KEM,True,2025-11-21T22:08:33.290915,,368
Classic-McEliece-348864f,keygen,0,16,3.5,1,1,0,ip-172-31-17-37,linux,0,31.9018,31.35,KEM,True,2025-11-21T22:08:33.322930,,369
Classic-McEliece-348864f,keygen,0,16,3.5,1,1,0,ip-172-31-17-37,linux,0,33.497,29.85,KEM,True,2025-11-21T22:08:33.356538,,370
Classic-McEliece-348864f,keygen,0,64,3.5,1,1,0,ip-172-31-17-37,linux,0,31.7731,31.47,KEM,True,2025-11-21T22:08:33.388448,,371
Classic-McEliece-348864f,keygen,0,64,3.5,1,1,0,ip-172-31-17-37,linux,0,31.9519,31.3,KEM,True,2025-11-21T22:08:33.420513,,372
Classic-McEliece-348864f,keygen,0,64,3.5,1,1,0,ip-172-31-17-37,linux,0,31.8698,31.38,KEM,True,2025-11-21T22:08:33.452508,,373
Classic-McEliece-348864f,keygen,0,64,3.5,1,1,0,ip-172-31-17-37,linux,0,31.948,31.3,KEM,True,2025-11-21T22:08:33.484564,,374
Classic-McEliece-348864f,keygen,0,64,3.5,1,1,0,ip-172-31-17-37,linux,0,31.8792,31.37,KEM,True,2025-11-21T22:08:33.516590,,375
Classic-McEliece-348864f,keygen,1024,1,3.5,1,1,0,ip-172-31-17-37,linux,0,31.926,31.32,KEM,True,2025-11-21T22:08:33.548631,,376
Classic-McEliece-348864f,keygen,1024,1,3.5,1,1,0,ip-172-31-17-37,linux,0,33.2649,30.06,KEM,True,2025-11-21T22:08:33.581998,,377
Classic-McEliece-348864f,keygen,1024,1,3.5,1,1,0,ip-172-31-17-37,linux,0,31.94,31.31,KEM,True,2025-11-21T22:08:33.614040,,378
Classic-McEliece-348864f,keygen,1024,1,3.5,1,1,0,ip-172-31-17-37,linux,0,31.9206,31.33,KEM,True,2025-11-21T22:08:33.646064,,379
Classic-McEliece-348864f,keygen,1024,1,3.5,1,1,0,ip-172-31-17-37,linux,0,32.0539,31.2,KEM,True,2025-11-21T22:08:33.678222,,380
Classic-McEliece-348864f,keygen,1024,16,3.5,1,1,0,ip-172-31-17-37,linux,0,31.8623,31.39,KEM,True,2025-11-21T22:08:33.710186,,381
Classic-McEliece-348864f,keygen,1024,16,3.5,1,1,0,ip-172-31-17-37,linux,0,31.7456,31.5,KEM,True,2025-11-21T22:08:33.742028,,382
Classic-McEliece-348864f,keygen,1024,16,3.5,1,1,0,ip-172-31-17-37,linux,0,31.992,31.26,KEM,True,2025-11-21T22:08:33.774125,,383
Classic-McEliece-348864f,keygen,1024,16,3.5,1,1,0,ip-172-31-17-37,linux,0,31.9273,31.32,KEM,True,2025-11-21T22:08:33.806152,,384
Classic-McEliece-348864f,keygen,1024,16,3.5,1,1,0,ip-172-31-17-37,linux,0,31.7338,31.51,KEM,True,2025-11-21T22:08:33.837990,,385
Classic-McEliece-348864f,keygen,1024,64,3.5,1,1,0,ip-172-31-17-37,linux,0,32.069,31.18,KEM,True,2025-11-21T22:08:33.870168,,386
Classic-McEliece-348864f,keygen,1024,64,3.5,1,1,0,ip-172-31-17-37,linux,0,32.007,31.24,KEM,True,2025-11-21T22:08:33.902290,,387
Classic-McEliece-348864f,keygen,1024,64,3.5,1,1,0,ip-172-31-17-37,linux,0,31.8247,31.42,KEM,True,2025-11-21T22:08:33.934220,,388
Classic-McEliece-348864f,keygen,1024,64,3.5,1,1,0,ip-172-31-17-37,linux,0,31.7212,31.52,KEM,True,2025-11-21T22:08:33.966043,,389
Classic-McEliece-348864f,keygen,1024,64,3.5,1,1,0,ip-172-31-17-37,linux,0,31.7793,31.47,KEM,True,2025-11-21T22:08:33.997918,,390
Classic-McEliece-348864f,encap,0,1,3.5,1,1,0,ip-172-31-17-37,linux,0,32.0073,31.24,KEM,True,2025-11-21T22:08:34.030038,,391
Classic-McEliece-348864f,encap,0,1,3.5,1,1,0,ip-172-31-17-37,linux,0,31.9854,31.26,KEM,True,2025-11-21T22:08:34.062127,,392
Classic-McEliece-348864f,encap,0,1,3.5,1,1,0,ip-172-31-17-37,linux,0,31.9112,31.34,KEM,True,2025-11-21T22:08:34.094144,,393
Classic-McEliece-348864f,encap,0,1,3.5,1,1,0,ip-172-31-17-37,linux,0,33.6039,29.76,KEM,True,2025-11-21T22:08:34.127853,,394
Classic-McEliece-348864f,encap,0,1,3.5,1,1,0,ip-172-31-17-37,linux,0,31.9323,31.32,KEM,True,2025-11-21T22:08:34.159894,,395
Classic-McEliece-348864f,encap,0,16,3.5,1,1,0,ip-172-31-17-37,linux,0,32.0225,31.23,KEM,True,2025-11-21T22:08:34.192025,,396
Classic-McEliece-348864f,encap,0,16,3.5,1,1,0,ip-172-31-17-37,linux,0,32.0546,31.2,KEM,True,2025-11-21T22:08:34.224185,,397
Classic-McEliece-348864f,encap,0,16,3.5,1,1,0,ip-172-31-17-37,linux,0,31.936,31.31,KEM,True,2025-11-21T22:08:34.256226,,398
Classic-McEliece-348864f,encap,0,16,3.5,1,1,0,ip-172-31-17-37,linux,0,34.58,28.92,KEM,True,2025-11-21T22:08:34.290910,,399
Classic-McEliece-348864f,encap,0,16,3.5,1,1,0,ip-172-31-17-37,linux,0,31.943,31.31,KEM,True,2025-11-21T22:08:34.322955,,400
Classic-McEliece-348864f,encap,0,64,3.5,1,1,0,ip-172-31-17-37,linux,0,32.0017,31.25,KEM,True,2025-11-21T22:08:34.355057,,401
Classic-McEliece-348864f,encap,0,64,3.5,1,1,0,ip-172-31-17-37,linux,0,31.9022,31.35,KEM,True,2025-11-21T22:08:34.387057,,402
Classic-McEliece-348864f,encap,0,64,3.5,1,1,0,ip-172-31-17-37,linux,0,31.9262,31.32,KEM,True,2025-11-21T22:08:34.419079,,403
Classic-McEliece-348864f,encap,0,64,3.5,1,1,0,ip-172-31-17-37,linux,0,31.9999,31.25,KEM,True,2025-11-21T22:08:34.451179,,404
Classic-McEliece-348864f,encap,0,64,3.5,1,1,0,ip-172-31-17-37,linux,0,31.9797,31.27,KEM,True,2025-11-21T22:08:34.483265,,405
Classic-McEliece-348864f,encap,1024,1,3.5,1,1,0,ip-172-31-17-37,linux,0,32.0423,31.21,KEM,True,2025-11-21T22:08:34.515415,,406
Classic-McEliece-348864f,encap,1024,1,3.5,1,1,0,ip-172-31-17-37,linux,0,31.9751,31.27,KEM,True,2025-11-21T22:08:34.547494,,407
Classic-McEliece-348864f,encap,1024,1,3.5,1,1,0,ip-172-31-17-37,linux,0,32.0563,31.2,KEM,True,2025-11-21T22:08:34.579656,,408
Classic-McEliece-348864f,encap,1024,1,3.5,1,1,0,ip-172-31-17-37,linux,0,32.0976,31.16,KEM,True,2025-11-21T22:08:34.611862,,409
Classic-McEliece-348864f,encap,1024,1,3.5,1,1,0,ip-172-31-17-37,linux,0,32.0064,31.24,KEM,True,2025-11-21T22:08:34.643978,,410
Classic-McEliece-348864f,encap,1024,16,3.5,1,1,0,ip-172-31-17-37,linux,0,32.0374,31.21,KEM,True,2025-11-21T22:08:34.676127,,411
Classic-McEliece-348864f,encap,1024,16,3.5,1,1,0,ip-172-31-17-37,linux,0,32.0318,31.22,KEM,True,2025-11-21T22:08:34.708271,,412
Classic-McEliece-348864f,encap,1024,16,3.5,1,1,0,ip-172-31-17-37,linux,0,31.8845,31.36,KEM,True,2025-11-21T22:08:34.740266,,413
Classic-McEliece-348864f,encap,1024,16,3.5,1,1,0,ip-172-31-17-37,linux,0,31.9958,31.25,KEM,True,2025-11-21T22:08:34.772368,,414
Classic-McEliece-348864f,encap,1024,16,3.5,1,1,0,ip-172-31-17-37,linux,0,32.3889,30.87,KEM,True,2025-11-21T22:08:34.804860,,415
Classic-McEliece-348864f,encap,1024,64,3.5,1,1,0,ip-172-31-17-37,linux,0,31.9029,31.35,KEM,True,2025-11-21T22:08:34.836862,,416
Classic-McEliece-348864f,encap,1024,64,3.5,1,1,0,ip-172-31-17-37,linux,0,31.9415,31.31,KEM,True,2025-11-21T22:08:34.868903,,417
Classic-McEliece-348864f,encap,1024,64,3.5,1,1,0,ip-172-31-17-37,linux,0,31.9568,31.29,KEM,True,2025-11-21T22:08:34.900961,,418
Classic-McEliece-348864f,encap,1024,64,3.5,1,1,0,ip-172-31-17-37,linux,0,31.9296,31.32,KEM,True,2025-11-21T22:08:34.932981,,419
Classic-McEliece-348864f,encap,1024,64,3.5,1,1,0,ip-172-31-17-37,linux,0,31.8401,31.41,KEM,True,2025-11-21T22:08:34.964911,,420
Classic-McEliece-348864f,decap,0,1,3.5,1,1,0,ip-172-31-17-37,linux,0,31.975,31.27,KEM,True,2025-11-21T22:08:34.996982,,421
Classic-McEliece-348864f,decap,0,1,3.5,1,1,0,ip-172-31-17-37,linux,0,32.0872,31.17,KEM,True,2025-11-21T22:08:35.029196,,422
Classic-McEliece-348864f,decap,0,1,3.5,1,1,0,ip-172-31-17-37,linux,0,31.9109,31.34,KEM,True,2025-11-21T22:08:35.061209,,423
Classic-McEliece-348864f,decap,0,1,3.5,1,1,0,ip-172-31-17-37,linux,0,32.2075,31.05,KEM,True,2025-11-21T22:08:35.093523,,424
Classic-McEliece-348864f,decap,0,1,3.5,1,1,0,ip-172-31-17-37,linux,0,32.1219,31.13,KEM,True,2025-11-21T22:08:35.125766,,425
Classic-McEliece-348864f,decap,0,16,3.5,1,1,0,ip-172-31-17-37,linux,0,33.8524,29.54,KEM,True,2025-11-21T22:08:35.159724,,426
Classic-McEliece-348864f,decap,0,16,3.5,1,1,0,ip-172-31-17-37,linux,0,31.9852,31.26,KEM,True,2025-11-21T22:08:35.191814,,427
Classic-McEliece-348864f,decap,0,16,3.5,1,1,0,ip-172-31-17-37,linux,0,31.8614,31.39,KEM,True,2025-11-21T22:08:35.223779,,428
Classic-McEliece-348864f,decap,0,16,3.5,1,1,0,ip-172-31-17-37,linux,0,33.6081,29.75,KEM,True,2025-11-21T22:08:35.257490,,429
Classic-McEliece-348864f,decap,0,16,3.5,1,1,0,ip-172-31-17-37,linux,0,31.9804,31.27,KEM,True,2025-11-21T22:08:35.289571,,430
Classic-McEliece-348864f,decap,0,64,3.5,1,1,0,ip-172-31-17-37,linux,0,31.9767,31.27,KEM,True,2025-11-21T22:08:35.321670,,431
Classic-McEliece-348864f,decap,0,64,3.5,1,1,0,ip-172-31-17-37,linux,0,32.0593,31.19,KEM,True,2025-11-21T22:08:35.353823,,432
Classic-McEliece-348864f,decap,0,64,3.5,1,1,0,ip-172-31-17-37,linux,0,32.0379,31.21,KEM,True,2025-11-21T22:08:35.385955,,433
Classic-McEliece-348864f,decap,0,64,3.5,1,1,0,ip-172-31-17-37,linux,0,31.875,31.37,KEM,True,2025-11-21T22:08:35.417926,,434
Classic-McEliece-348864f,decap,0,64,3.5,1,1,0,ip-172-31-17-37,linux,0,32.0391,31.21,KEM,True,2025-11-21T22:08:35.450066,,435
Classic-McEliece-348864f,decap,1024,1,3.5,1,1,0,ip-172-31-17-37,linux,0,31.9927,31.26,KEM,True,2025-11-21T22:08:35.482164,,436
Classic-McEliece-348864f,decap,1024,1,3.5,1,1,0,ip-172-31-17-37,linux,0,32.0058,31.24,KEM,True,2025-11-21T22:08:35.514270,,437
Classic-McEliece-348864f,decap,1024,1,3.5,1,1,0,ip-172-31-17-37,linux,0,32.0091,31.24,KEM,True,2025-11-21T22:08:35.546381,,438
Classic-McEliece-348864f,decap,1024,1,3.5,1,1,0,ip-172-31-17-37,linux,0,31.9793,31.27,KEM,True,2025-11-21T22:08:35.578475,,439
Classic-McEliece-348864f,decap,1024,1,3.5,1,1,0,ip-172-31-17-37,linux,0,31.8933,31.35,KEM,True,2025-11-21T22:08:35.610475,,440
Classic-McEliece-348864f,decap,1024,16,3.5,1,1,0,ip-172-31-17-37,linux,0,32.023,31.23,KEM,True,2025-11-21T22:08:35.642632,,441
Classic-McEliece-348864f,decap,1024,16,3.5,1,1,0,ip-172-31-17-37,linux,0,31.9561,31.29,KEM,True,2025-11-21T22:08:35.674704,,442
Classic-McEliece-348864f,decap,1024,16,3.5,1,1,0,ip-172-31-17-37,linux,0,32.0403,31.21,KEM,True,2025-11-21T22:08:35.706849,,443
Classic-McEliece-348864f,decap,1024,16,3.5,1,1,0,ip-172-31-17-37,linux,0,32.0565,31.19,KEM,True,2025-11-21T22:08:35.739013,,444
Classic-McEliece-348864f,decap,1024,16,3.5,1,1,0,ip-172-31-17-37,linux,0,32.0109,31.24,KEM,True,2025-11-21T22:08:35.771133,,445
Classic-McEliece-348864f,decap,1024,64,3.5,1,1,0,ip-172-31-17-37,linux,0,32.0577,31.19,KEM,True,2025-11-21T22:08:35.803301,,446
Classic-McEliece-348864f,decap,1024,64,3.5,1,1,0,ip-172-31-17-37,linux,0,32.0166,31.23,KEM,True,2025-11-21T22:08:35.835423,,447
Classic-McEliece-348864f,decap,1024,64,3.5,1,1,0,ip-172-31-17-37,linux,0,31.9207,31.33,KEM,True,2025-11-21T22:08:35.867453,,448
Classic-McEliece-348864f,decap,1024,64,3.5,1,1,0,ip-172-31-17-37,linux,0,32.0365,31.21,KEM,True,2025-11-21T22:08:35.899624,,449
Classic-McEliece-348864f,decap,1024,64,3.5,1,1,0,ip-172-31-17-37,linux,0,32.2033,31.05,KEM,True,2025-11-21T22:08:35.931949,,450
Classic-McEliece-460896,keygen,0,1,3.5,1,1,0,ip-172-31-17-37,linux,0,123.0907,8.12,KEM,True,2025-11-21T22:08:36.055154,,451
Classic-McEliece-460896,keygen,0,1,3.5,1,1,0,ip-172-31-17-37,linux,0,104.2192,9.6,KEM,True,2025-11-21T22:08:36.159520,,452
Classic-McEliece-460896,keygen,0,1,3.5,1,1,0,ip-172-31-17-37,linux,0,94.5454,10.58,KEM,True,2025-11-21T22:08:36.254233,,453
Classic-McEliece-460896,keygen,0,1,3.5,1,1,0,ip-172-31-17-37,linux,0,122.9491,8.13,KEM,True,2025-11-21T22:08:36.377322,,454
Classic-McEliece-460896,keygen,0,1,3.5,1,1,0,ip-172-31-17-37,linux,0,103.6674,9.65,KEM,True,2025-11-21T22:08:36.481121,,455
Classic-McEliece-460896,keygen,0,16,3.5,1,1,0,ip-172-31-17-37,linux,0,103.7402,9.64,KEM,True,2025-11-21T22:08:36.585002,,456
Classic-McEliece-460896,keygen,0,16,3.5,1,1,0,ip-172-31-17-37,linux,0,103.5824,9.65,KEM,True,2025-11-21T22:08:36.688718,,457
Classic-McEliece-460896,keygen,0,16,3.5,1,1,0,ip-172-31-17-37,linux,0,141.3474,7.07,KEM,True,2025-11-21T22:08:36.830200,,458
Classic-McEliece-460896,keygen,0,16,3.5,1,1,0,ip-172-31-17-37,linux,0,103.8355,9.63,KEM,True,2025-11-21T22:08:36.934173,,459
Classic-McEliece-460896,keygen,0,16,3.5,1,1,0,ip-172-31-17-37,linux,0,103.6588,9.65,KEM,True,2025-11-21T22:08:37.037968,,460
Classic-McEliece-460896,keygen,0,64,3.5,1,1,0,ip-172-31-17-37,linux,0,170.2293,5.87,KEM,True,2025-11-21T22:08:37.208333,,461
Classic-McEliece-460896,keygen,0,64,3.5,1,1,0,ip-172-31-17-37,linux,0,103.852,9.63,KEM,True,2025-11-21T22:08:37.312321,,462
Classic-McEliece-460896,keygen,0,64,3.5,1,1,0,ip-172-31-17-37,linux,0,141.6092,7.06,KEM,True,2025-11-21T22:08:37.454063,,463
Classic-McEliece-460896,keygen,0,64,3.5,1,1,0,ip-172-31-17-37,linux,0,103.9248,9.62,KEM,True,2025-11-21T22:08:37.558128,,464
Classic-McEliece-460896,keygen,0,64,3.5,1,1,0,ip-172-31-17-37,linux,0,94.5449,10.58,KEM,True,2025-11-21T22:08:37.652807,,465
Classic-McEliece-460896,keygen,1024,1,3.5,1,1,0,ip-172-31-17-37,linux,0,113.9513,8.78,KEM,True,2025-11-21T22:08:37.766901,,466
Classic-McEliece-460896,keygen,1024,1,3.5,1,1,0,ip-172-31-17-37,linux,0,113.108,8.84,KEM,True,2025-11-21T22:08:37.880146,,467
Classic-McEliece-460896,keygen,1024,1,3.5,1,1,0,ip-172-31-17-37,linux,0,103.7069,9.64,KEM,True,2025-11-21T22:08:37.983995,,468
Classic-McEliece-460896,keygen,1024,1,3.5,1,1,0,ip-172-31-17-37,linux,0,198.4484,5.04,KEM,True,2025-11-21T22:08:38.182607,,469
Classic-McEliece-460896,keygen,1024,1,3.5,1,1,0,ip-172-31-17-37,linux,0,122.7889,8.14,KEM,True,2025-11-21T22:08:38.305546,,470
Classic-McEliece-460896,keygen,1024,16,3.5,1,1,0,ip-172-31-17-37,linux,0,113.0999,8.84,KEM,True,2025-11-21T22:08:38.418814,,471
Classic-McEliece-460896,keygen,1024,16,3.5,1,1,0,ip-172-31-17-37,linux,0,94.3672,10.6,KEM,True,2025-11-21T22:08:38.513319,,472
Classic-McEliece-460896,keygen,1024,16,3.5,1,1,0,ip-172-31-17-37,linux,0,94.0255,10.64,KEM,True,2025-11-21T22:08:38.607480,,473
Classic-McEliece-460896,keygen,1024,16,3.5,1,1,0,ip-172-31-17-37,linux,0,103.549,9.66,KEM,True,2025-11-21T22:08:38.711167,,474
Classic-McEliece-460896,keygen,1024,16,3.5,1,1,0,ip-172-31-17-37,linux,0,122.5582,8.16,KEM,True,2025-11-21T22:08:38.833858,,475
Classic-McEliece-460896,keygen,1024,64,3.5,1,1,0,ip-172-31-17-37,linux,0,94.3543,10.6,KEM,True,2025-11-21T22:08:38.928353,,476
Classic-McEliece-460896,keygen,1024,64,3.5,1,1,0,ip-172-31-17-37,linux,0,94.0899,10.63,KEM,True,2025-11-21T22:08:39.022598,,477
Classic-McEliece-460896,keygen,1024,64,3.5,1,1,0,ip-172-31-17-37,linux,0,122.7068,8.15,KEM,True,2025-11-21T22:08:39.145449,,478
Classic-McEliece-460896,keygen,1024,64,3.5,1,1,0,ip-172-31-17-37,linux,0,131.8453,7.58,KEM,True,2025-11-21T22:08:39.277430,,479
Classic-McEliece-460896,keygen,1024,64,3.5,1,1,0,ip-172-31-17-37,linux,0,104.0141,9.61,KEM,True,2025-11-21T22:08:39.381603,,480
Classic-McEliece-460896,encap,0,1,3.5,1,1,0,ip-172-31-17-37,linux,0,94.2392,10.61,KEM,True,2025-11-21T22:08:39.475935,,481
Classic-McEliece-460896,encap,0,1,3.5,1,1,0,ip-172-31-17-37,linux,0,93.8103,10.66,KEM,True,2025-11-21T22:08:39.569821,,482
Classic-McEliece-460896,encap,0,1,3.5,1,1,0,ip-172-31-17-37,linux,0,160.3389,6.24,KEM,True,2025-11-21T22:08:39.730242,,483
Classic-McEliece-460896,encap,0,1,3.5,1,1,0,ip-172-31-17-37,linux,0,93.9532,10.64,KEM,True,2025-11-21T22:08:39.824276,,484
Classic-McEliece-460896,encap,0,1,3.5,1,1,0,ip-172-31-17-37,linux,0,131.986,7.58,KEM,True,2025-11-21T22:08:39.956340,,485
Classic-McEliece-460896,encap,0,16,3.5,1,1,0,ip-172-31-17-37,linux,0,113.3506,8.82,KEM,True,2025-11-21T22:08:40.069816,,486
Classic-McEliece-460896,encap,0,16,3.5,1,1,0,ip-172-31-17-37,linux,0,103.8466,9.63,KEM,True,2025-11-21T22:08:40.173750,,487
Classic-McEliece-460896,encap,0,16,3.5,1,1,0,ip-172-31-17-37,linux,0,93.8243,10.66,KEM,True,2025-11-21T22:08:40.267661,,488
Classic-McEliece-460896,encap,0,16,3.5,1,1,0,ip-172-31-17-37,linux,0,94.0126,10.64,KEM,True,2025-11-21T22:08:40.361754,,489
Classic-McEliece-460896,encap,0,16,3.5,1,1,0,ip-172-31-17-37,linux,0,122.5703,8.16,KEM,True,2025-11-21T22:08:40.484403,,490
Classic-McEliece-460896,encap,0,64,3.5,1,1,0,ip-172-31-17-37,linux,0,122.1992,8.18,KEM,True,2025-11-21T22:08:40.606687,,491
Classic-McEliece-460896,encap,0,64,3.5,1,1,0,ip-172-31-17-37,linux,0,150.6143,6.64,KEM,True,2025-11-21T22:08:40.757381,,492
Classic-McEliece-460896,encap,0,64,3.5,1,1,0,ip-172-31-17-37,linux,0,93.8434,10.66,KEM,True,2025-11-21T22:08:40.851303,,493
Classic-McEliece-460896,encap,0,64,3.5,1,1,0,ip-172-31-17-37,linux,0,122.254,8.18,KEM,True,2025-11-21T22:08:40.973637,,494
Classic-McEliece-460896,encap,0,64,3.5,1,1,0,ip-172-31-17-37,linux,0,103.6133,9.65,KEM,True,2025-11-21T22:08:41.077327,,495
Classic-McEliece-460896,encap,1024,1,3.5,1,1,0,ip-172-31-17-37,linux,0,122.6,8.16,KEM,True,2025-11-21T22:08:41.200011,,496
Classic-McEliece-460896,encap,1024,1,3.5,1,1,0,ip-172-31-17-37,linux,0,141.616,7.06,KEM,True,2025-11-21T22:08:41.341708,,497
Classic-McEliece-460896,encap,1024,1,3.5,1,1,0,ip-172-31-17-37,linux,0,113.6781,8.8,KEM,True,2025-11-21T22:08:41.455468,,498
Classic-McEliece-460896,encap,1024,1,3.5,1,1,0,ip-172-31-17-37,linux,0,94.2315,10.61,KEM,True,2025-11-21T22:08:41.549779,,499
Classic-McEliece-460896,encap,1024,1,3.5,1,1,0,ip-172-31-17-37,linux,0,93.9079,10.65,KEM,True,2025-11-21T22:08:41.643765,,500
Classic-McEliece-460896,encap,1024,16,3.5,1,1,0,ip-172-31-17-37,linux,0,122.4468,8.17,KEM,True,2025-11-21T22:08:41.766295,,501
Classic-McEliece-460896,encap,1024,16,3.5,1,1,0,ip-172-31-17-37,linux,0,112.9707,8.85,KEM,True,2025-11-21T22:08:41.879344,,502
Classic-McEliece-460896,encap,1024,16,3.5,1,1,0,ip-172-31-17-37,linux,0,150.8155,6.63,KEM,True,2025-11-21T22:08:42.030241,,503
Classic-McEliece-460896,encap,1024,16,3.5,1,1,0,ip-172-31-17-37,linux,0,132.2166,7.56,KEM,True,2025-11-21T22:08:42.162542,,504
Classic-McEliece-460896,encap,1024,16,3.5,1,1,0,ip-172-31-17-37,linux,0,122.681,8.15,KEM,True,2025-11-21T22:08:42.285319,,505
Classic-McEliece-460896,encap,1024,64,3.5,1,1,0,ip-172-31-17-37,linux,0,151.1094,6.62,KEM,True,2025-11-21T22:08:42.436513,,506
Classic-McEliece-460896,encap,1024,64,3.5,1,1,0,ip-172-31-17-37,linux,0,103.5218,9.66,KEM,True,2025-11-21T22:08:42.540136,,507
Classic-McEliece-460896,encap,1024,64,3.5,1,1,0,ip-172-31-17-37,linux,0,103.4081,9.67,KEM,True,2025-11-21T22:08:42.643628,,508
Classic-McEliece-460896,encap,1024,64,3.5,1,1,0,ip-172-31-17-37,linux,0,141.1443,7.08,KEM,True,2025-11-21T22:08:42.784848,,509
Classic-McEliece-460896,encap,1024,64,3.5,1,1,0,ip-172-31-17-37,linux,0,112.7517,8.87,KEM,True,2025-11-21T22:08:42.897682,,510
Classic-McEliece-460896,decap,0,1,3.5,1,1,0,ip-172-31-17-37,linux,0,122.4789,8.16,KEM,True,2025-11-21T22:08:43.020248,,511
Classic-McEliece-460896,decap,0,1,3.5,1,1,0,ip-172-31-17-37,linux,0,150.9703,6.62,KEM,True,2025-11-21T22:08:43.171298,,512
Classic-McEliece-460896,decap,0,1,3.5,1,1,0,ip-172-31-17-37,linux,0,103.8109,9.63,KEM,True,2025-11-21T22:08:43.275191,,513
Classic-McEliece-460896,decap,0,1,3.5,1,1,0,ip-172-31-17-37,linux,0,103.6779,9.65,KEM,True,2025-11-21T22:08:43.378950,,514
Classic-McEliece-460896,decap,0,1,3.5,1,1,0,ip-172-31-17-37,linux,0,113.0431,8.85,KEM,True,2025-11-21T22:08:43.492073,,515
Classic-McEliece-460896,decap,0,16,3.5,1,1,0,ip-172-31-17-37,linux,0,122.4758,8.16,KEM,True,2025-11-21T22:08:43.614631,,516
Classic-McEliece-460896,decap,0,16,3.5,1,1,0,ip-172-31-17-37,linux,0,132.2516,7.56,KEM,True,2025-11-21T22:08:43.746963,,517
Classic-McEliece-460896,decap,0,16,3.5,1,1,0,ip-172-31-17-37,linux,0,103.54,9.66,KEM,True,2025-11-21T22:08:43.850600,,518
Classic-McEliece-460896,decap,0,16,3.5,1,1,0,ip-172-31-17-37,linux,0,94.2391,10.61,KEM,True,2025-11-21T22:08:43.944914,,519
Classic-McEliece-460896,decap,0,16,3.5,1,1,0,ip-172-31-17-37,linux,0,141.5795,7.06,KEM,True,2025-11-21T22:08:44.086586,,520
Classic-McEliece-460896,decap,0,64,3.5,1,1,0,ip-172-31-17-37,linux,0,112.9649,8.85,KEM,True,2025-11-21T22:08:44.199630,,521
Classic-McEliece-460896,decap,0,64,3.5,1,1,0,ip-172-31-17-37,linux,0,103.4599,9.67,KEM,True,2025-11-21T22:08:44.303171,,522
Classic-McEliece-460896,decap,0,64,3.5,1,1,0,ip-172-31-17-37,linux,0,93.9151,10.65,KEM,True,2025-11-21T22:08:44.397165,,523
Classic-McEliece-460896,decap,0,64,3.5,1,1,0,ip-172-31-17-37,linux,0,180.8724,5.53,KEM,True,2025-11-21T22:08:44.578120,,524
Classic-McEliece-460896,decap,0,64,3.5,1,1,0,ip-172-31-17-37,linux,0,141.2497,7.08,KEM,True,2025-11-21T22:08:44.719449,,525
Classic-McEliece-460896,decap,1024,1,3.5,1,1,0,ip-172-31-17-37,linux,0,131.6693,7.59,KEM,True,2025-11-21T22:08:44.851201,,526
Classic-McEliece-460896,decap,1024,1,3.5,1,1,0,ip-172-31-17-37,linux,0,94.4816,10.58,KEM,True,2025-11-21T22:08:44.945765,,527
Classic-McEliece-460896,decap,1024,1,3.5,1,1,0,ip-172-31-17-37,linux,0,131.7691,7.59,KEM,True,2025-11-21T22:08:45.077612,,528
Classic-McEliece-460896,decap,1024,1,3.5,1,1,0,ip-172-31-17-37,linux,0,94.2315,10.61,KEM,True,2025-11-21T22:08:45.171923,,529
Classic-McEliece-460896,decap,1024,1,3.5,1,1,0,ip-172-31-17-37,linux,0,150.9374,6.63,KEM,True,2025-11-21T22:08:45.322941,,530
Classic-McEliece-460896,decap,1024,16,3.5,1,1,0,ip-172-31-17-37,linux,0,141.224,7.08,KEM,True,2025-11-21T22:08:45.464246,,531
Classic-McEliece-460896,decap,1024,16,3.5,1,1,0,ip-172-31-17-37,linux,0,94.0915,10.63,KEM,True,2025-11-21T22:08:45.558419,,532
Classic-McEliece-460896,decap,1024,16,3.5,1,1,0,ip-172-31-17-37,linux,0,103.4775,9.66,KEM,True,2025-11-21T22:08:45.661977,,533
Classic-McEliece-460896,decap,1024,16,3.5,1,1,0,ip-172-31-17-37,linux,0,122.3022,8.18,KEM,True,2025-11-21T22:08:45.784360,,534
Classic-McEliece-460896,decap,1024,16,3.5,1,1,0,ip-172-31-17-37,linux,0,169.9965,5.88,KEM,True,2025-11-21T22:08:45.954444,,535
Classic-McEliece-460896,decap,1024,64,3.5,1,1,0,ip-172-31-17-37,linux,0,94.2643,10.61,KEM,True,2025-11-21T22:08:46.048790,,536
Classic-McEliece-460896,decap,1024,64,3.5,1,1,0,ip-172-31-17-37,linux,0,141.4267,7.07,KEM,True,2025-11-21T22:08:46.190297,,537
Classic-McEliece-460896,decap,1024,64,3.5,1,1,0,ip-172-31-17-37,linux,0,103.3385,9.68,KEM,True,2025-11-21T22:08:46.293717,,538
Classic-McEliece-460896,decap,1024,64,3.5,1,1,0,ip-172-31-17-37,linux,0,131.9133,7.58,KEM,True,2025-11-21T22:08:46.425711,,539
Classic-McEliece-460896,decap,1024,64,3.5,1,1,0,ip-172-31-17-37,linux,0,122.3418,8.17,KEM,True,2025-11-21T22:08:46.548133,,540
Classic-McEliece-460896f,keygen,0,1,3.5,1,1,0,ip-172-31-17-37,linux,0,93.7774,10.66,KEM,True,2025-11-21T22:08:46.641998,,541
Classic-McEliece-460896f,keygen,0,1,3.5,1,1,0,ip-172-31-17-37,linux,0,94.4576,10.59,KEM,True,2025-11-21T22:08:46.736543,,542
Classic-McEliece-460896f,keygen,0,1,3.5,1,1,0,ip-172-31-17-37,linux,0,93.6543,10.68,KEM,True,2025-11-21T22:08:46.830294,,543
Classic-McEliece-460896f,keygen,0,1,3.5,1,1,0,ip-172-31-17-37,linux,0,93.8059,10.66,KEM,True,2025-11-21T22:08:46.924182,,544
Classic-McEliece-460896f,keygen,0,1,3.5,1,1,0,ip-172-31-17-37,linux,0,93.8503,10.66,KEM,True,2025-11-21T22:08:47.018117,,545
Classic-McEliece-460896f,keygen,0,16,3.5,1,1,0,ip-172-31-17-37,linux,0,93.7153,10.67,KEM,True,2025-11-21T22:08:47.111910,,546
Classic-McEliece-460896f,keygen,0,16,3.5,1,1,0,ip-172-31-17-37,linux,0,93.6254,10.68,KEM,True,2025-11-21T22:08:47.205618,,547
Classic-McEliece-460896f,keygen,0,16,3.5,1,1,0,ip-172-31-17-37,linux,0,93.8587,10.65,KEM,True,2025-11-21T22:08:47.299559,,548
Classic-McEliece-460896f,keygen,0,16,3.5,1,1,0,ip-172-31-17-37,linux,0,93.7193,10.67,KEM,True,2025-11-21T22:08:47.393371,,549
Classic-McEliece-460896f,keygen,0,16,3.5,1,1,0,ip-172-31-17-37,linux,0,93.8012,10.66,KEM,True,2025-11-21T22:08:47.487294,,550
Classic-McEliece-460896f,keygen,0,64,3.5,1,1,0,ip-172-31-17-37,linux,0,93.4585,10.7,KEM,True,2025-11-21T22:08:47.580837,,551
Classic-McEliece-460896f,keygen,0,64,3.5,1,1,0,ip-172-31-17-37,linux,0,93.745,10.67,KEM,True,2025-11-21T22:08:47.674662,,552
Classic-McEliece-460896f,keygen,0,64,3.5,1,1,0,ip-172-31-17-37,linux,0,93.5325,10.69,KEM,True,2025-11-21T22:08:47.768277,,553
Classic-McEliece-460896f,keygen,0,64,3.5,1,1,0,ip-172-31-17-37,linux,0,94.1898,10.62,KEM,True,2025-11-21T22:08:47.862551,,554
Classic-McEliece-460896f,keygen,0,64,3.5,1,1,0,ip-172-31-17-37,linux,0,93.4381,10.7,KEM,True,2025-11-21T22:08:47.956080,,555
Classic-McEliece-460896f,keygen,1024,1,3.5,1,1,0,ip-172-31-17-37,linux,0,93.4655,10.7,KEM,True,2025-11-21T22:08:48.049623,,556
Classic-McEliece-460896f,keygen,1024,1,3.5,1,1,0,ip-172-31-17-37,linux,0,93.8298,10.66,KEM,True,2025-11-21T22:08:48.143534,,557
Classic-McEliece-460896f,keygen,1024,1,3.5,1,1,0,ip-172-31-17-37,linux,0,94.1027,10.63,KEM,True,2025-11-21T22:08:48.237730,,558
Classic-McEliece-460896f,keygen,1024,1,3.5,1,1,0,ip-172-31-17-37,linux,0,93.4478,10.7,KEM,True,2025-11-21T22:08:48.331259,,559
Classic-McEliece-460896f,keygen,1024,1,3.5,1,1,0,ip-172-31-17-37,linux,0,93.7499,10.67,KEM,True,2025-11-21T22:08:48.425096,,560
Classic-McEliece-460896f,keygen,1024,16,3.5,1,1,0,ip-172-31-17-37,linux,0,93.8455,10.66,KEM,True,2025-11-21T22:08:48.519025,,561
Classic-McEliece-460896f,keygen,1024,16,3.5,1,1,0,ip-172-31-17-37,linux,0,93.4047,10.71,KEM,True,2025-11-21T22:08:48.612513,,562
Classic-McEliece-460896f,keygen,1024,16,3.5,1,1,0,ip-172-31-17-37,linux,0,93.995,10.64,KEM,True,2025-11-21T22:08:48.706617,,563
Classic-McEliece-460896f,keygen,1024,16,3.5,1,1,0,ip-172-31-17-37,linux,0,93.4882,10.7,KEM,True,2025-11-21T22:08:48.800189,,564
Classic-McEliece-460896f,keygen,1024,16,3.5,1,1,0,ip-172-31-17-37,linux,0,93.459,10.7,KEM,True,2025-11-21T22:08:48.893735,,565
Classic-McEliece-460896f,keygen,1024,64,3.5,1,1,0,ip-172-31-17-37,linux,0,94.4432,10.59,KEM,True,2025-11-21T22:08:48.988264,,566
Classic-McEliece-460896f,keygen,1024,64,3.5,1,1,0,ip-172-31-17-37,linux,0,93.4538,10.7,KEM,True,2025-11-21T22:08:49.081801,,567
Classic-McEliece-460896f,keygen,1024,64,3.5,1,1,0,ip-172-31-17-37,linux,0,93.5335,10.69,KEM,True,2025-11-21T22:08:49.175415,,568
Classic-McEliece-460896f,keygen,1024,64,3.5,1,1,0,ip-172-31-17-37,linux,0,93.5609,10.69,KEM,True,2025-11-21T22:08:49.269063,,569
Classic-McEliece-460896f,keygen,1024,64,3.5,1,1,0,ip-172-31-17-37,linux,0,94.0324,10.63,KEM,True,2025-11-21T22:08:49.363180,,570
Classic-McEliece-460896f,encap,0,1,3.5,1,1,0,ip-172-31-17-37,linux,0,93.7764,10.66,KEM,True,2025-11-21T22:08:49.457058,,571
Classic-McEliece-460896f,encap,0,1,3.5,1,1,0,ip-172-31-17-37,linux,0,93.5999,10.68,KEM,True,2025-11-21T22:08:49.550736,,572
Classic-McEliece-460896f,encap,0,1,3.5,1,1,0,ip-172-31-17-37,linux,0,93.5629,10.69,KEM,True,2025-11-21T22:08:49.644381,,573
Classic-McEliece-460896f,encap,0,1,3.5,1,1,0,ip-172-31-17-37,linux,0,94.1758,10.62,KEM,True,2025-11-21T22:08:49.738639,,574
Classic-McEliece-460896f,encap,0,1,3.5,1,1,0,ip-172-31-17-37,linux,0,93.5399,10.69,KEM,True,2025-11-21T22:08:49.832257,,575
Classic-McEliece-460896f,encap,0,16,3.5,1,1,0,ip-172-31-17-37,linux,0,93.8664,10.65,KEM,True,2025-11-21T22:08:49.926201,,576
Classic-McEliece-460896f,encap,0,16,3.5,1,1,0,ip-172-31-17-37,linux,0,93.937,10.65,KEM,True,2025-11-21T22:08:50.020217,,577
Classic-McEliece-460896f,encap,0,16,3.5,1,1,0,ip-172-31-17-37,linux,0,93.8498,10.66,KEM,True,2025-11-21T22:08:50.114146,,578
Classic-McEliece-460896f,encap,0,16,3.5,1,1,0,ip-172-31-17-37,linux,0,94.018,10.64,KEM,True,2025-11-21T22:08:50.208245,,579
Classic-McEliece-460896f,encap,0,16,3.5,1,1,0,ip-172-31-17-37,linux,0,93.8552,10.65,KEM,True,2025-11-21T22:08:50.302178,,580
Classic-McEliece-460896f,encap,0,64,3.5,1,1,0,ip-172-31-17-37,linux,0,94.0402,10.63,KEM,True,2025-11-21T22:08:50.396299,,581
Classic-McEliece-460896f,encap,0,64,3.5,1,1,0,ip-172-31-17-37,linux,0,93.6406,10.68,KEM,True,2025-11-21T22:08:50.490026,,582
Classic-McEliece-460896f,encap,0,64,3.5,1,1,0,ip-172-31-17-37,linux,0,94.9098,10.54,KEM,True,2025-11-21T22:08:50.585016,,583
Classic-McEliece-460896f,encap,0,64,3.5,1,1,0,ip-172-31-17-37,linux,0,93.5694,10.69,KEM,True,2025-11-21T22:08:50.678667,,584
Classic-McEliece-460896f,encap,0,64,3.5,1,1,0,ip-172-31-17-37,linux,0,94.4183,10.59,KEM,True,2025-11-21T22:08:50.773167,,585
Classic-McEliece-460896f,encap,1024,1,3.5,1,1,0,ip-172-31-17-37,linux,0,93.9714,10.64,KEM,True,2025-11-21T22:08:50.867220,,586
Classic-McEliece-460896f,encap,1024,1,3.5,1,1,0,ip-172-31-17-37,linux,0,93.9873,10.64,KEM,True,2025-11-21T22:08:50.961287,,587
Classic-McEliece-460896f,encap,1024,1,3.5,1,1,0,ip-172-31-17-37,linux,0,93.6017,10.68,KEM,True,2025-11-21T22:08:51.054969,,588
Classic-McEliece-460896f,encap,1024,1,3.5,1,1,0,ip-172-31-17-37,linux,0,93.5912,10.68,KEM,True,2025-11-21T22:08:51.148645,,589
Classic-McEliece-460896f,encap,1024,1,3.5,1,1,0,ip-172-31-17-37,linux,0,93.6404,10.68,KEM,True,2025-11-21T22:08:51.242364,,590
Classic-McEliece-460896f,encap,1024,16,3.5,1,1,0,ip-172-31-17-37,linux,0,93.9925,10.64,KEM,True,2025-11-21T22:08:51.336446,,591
Classic-McEliece-460896f,encap,1024,16,3.5,1,1,0,ip-172-31-17-37,linux,0,93.8963,10.65,KEM,True,2025-11-21T22:08:51.430421,,592
Classic-McEliece-460896f,encap,1024,16,3.5,1,1,0,ip-172-31-17-37,linux,0,93.895,10.65,KEM,True,2025-11-21T22:08:51.524397,,593
Classic-McEliece-460896f,encap,1024,16,3.5,1,1,0,ip-172-31-17-37,linux,0,93.8624,10.65,KEM,True,2025-11-21T22:08:51.618339,,594
Classic-McEliece-460896f,encap,1024,16,3.5,1,1,0,ip-172-31-17-37,linux,0,95.5754,10.46,KEM,True,2025-11-21T22:08:51.714003,,595
Classic-McEliece-460896f,encap,1024,64,3.5,1,1,0,ip-172-31-17-37,linux,0,93.5658,10.69,KEM,True,2025-11-21T22:08:51.807653,,596
Classic-McEliece-460896f,encap,1024,64,3.5,1,1,0,ip-172-31-17-37,linux,0,94.773,10.55,KEM,True,2025-11-21T22:08:51.902502,,597
Classic-McEliece-460896f,encap,1024,64,3.5,1,1,0,ip-172-31-17-37,linux,0,94.3773,10.6,KEM,True,2025-11-21T22:08:51.996955,,598
Classic-McEliece-460896f,encap,1024,64,3.5,1,1,0,ip-172-31-17-37,linux,0,93.5885,10.69,KEM,True,2025-11-21T22:08:52.090625,,599
Classic-McEliece-460896f,encap,1024,64,3.5,1,1,0,ip-172-31-17-37,linux,0,94.2128,10.61,KEM,True,2025-11-21T22:08:52.184914,,600
Classic-McEliece-460896f,decap,0,1,3.5,1,1,0,ip-172-31-17-37,linux,0,94.0616,10.63,KEM,True,2025-11-21T22:08:52.279066,,601
Classic-McEliece-460896f,decap,0,1,3.5,1,1,0,ip-172-31-17-37,linux,0,93.7664,10.66,KEM,True,2025-11-21T22:08:52.372917,,602
Classic-McEliece-460896f,decap,0,1,3.5,1,1,0,ip-172-31-17-37,linux,0,93.6661,10.68,KEM,True,2025-11-21T22:08:52.466660,,603
Classic-McEliece-460896f,decap,0,1,3.5,1,1,0,ip-172-31-17-37,linux,0,94.4839,10.58,KEM,True,2025-11-21T22:08:52.561223,,604
Classic-McEliece-460896f,decap,0,1,3.5,1,1,0,ip-172-31-17-37,linux,0,93.7309,10.67,KEM,True,2025-11-21T22:08:52.655034,,605
Classic-McEliece-460896f,decap,0,16,3.5,1,1,0,ip-172-31-17-37,linux,0,93.6856,10.67,KEM,True,2025-11-21T22:08:52.748800,,606
Classic-McEliece-460896f,decap,0,16,3.5,1,1,0,ip-172-31-17-37,linux,0,93.9171,10.65,KEM,True,2025-11-21T22:08:52.842794,,607
Classic-McEliece-460896f,decap,0,16,3.5,1,1,0,ip-172-31-17-37,linux,0,94.1465,10.62,KEM,True,2025-11-21T22:08:52.937022,,608
Classic-McEliece-460896f,decap,0,16,3.5,1,1,0,ip-172-31-17-37,linux,0,94.011,10.64,KEM,True,2025-11-21T22:08:53.031113,,609
Classic-McEliece-460896f,decap,0,16,3.5,1,1,0,ip-172-31-17-37,linux,0,93.6779,10.67,KEM,True,2025-11-21T22:08:53.124871,,610
Classic-McEliece-460896f,decap,0,64,3.5,1,1,0,ip-172-31-17-37,linux,0,93.7614,10.67,KEM,True,2025-11-21T22:08:53.218717,,611
Classic-McEliece-460896f,decap,0,64,3.5,1,1,0,ip-172-31-17-37,linux,0,93.643,10.68,KEM,True,2025-11-21T22:08:53.312441,,612
Classic-McEliece-460896f,decap,0,64,3.5,1,1,0,ip-172-31-17-37,linux,0,94.02,10.64,KEM,True,2025-11-21T22:08:53.406540,,613
Classic-McEliece-460896f,decap,0,64,3.5,1,1,0,ip-172-31-17-37,linux,0,94.0974,10.63,KEM,True,2025-11-21T22:08:53.500762,,614
Classic-McEliece-460896f,decap,0,64,3.5,1,1,0,ip-172-31-17-37,linux,0,93.9634,10.64,KEM,True,2025-11-21T22:08:53.594804,,615
Classic-McEliece-460896f,decap,1024,1,3.5,1,1,0,ip-172-31-17-37,linux,0,94.0206,10.64,KEM,True,2025-11-21T22:08:53.688907,,616
Classic-McEliece-460896f,decap,1024,1,3.5,1,1,0,ip-172-31-17-37,linux,0,93.9468,10.64,KEM,True,2025-11-21T22:08:53.782933,,617
Classic-McEliece-460896f,decap,1024,1,3.5,1,1,0,ip-172-31-17-37,linux,0,93.7823,10.66,KEM,True,2025-11-21T22:08:53.876797,,618
Classic-McEliece-460896f,decap,1024,1,3.5,1,1,0,ip-172-31-17-37,linux,0,93.6376,10.68,KEM,True,2025-11-21T22:08:53.970513,,619
Classic-McEliece-460896f,decap,1024,1,3.5,1,1,0,ip-172-31-17-37,linux,0,95.0449,10.52,KEM,True,2025-11-21T22:08:54.065650,,620
Classic-McEliece-460896f,decap,1024,16,3.5,1,1,0,ip-172-31-17-37,linux,0,94.9833,10.53,KEM,True,2025-11-21T22:08:54.160708,,621
Classic-McEliece-460896f,decap,1024,16,3.5,1,1,0,ip-172-31-17-37,linux,0,93.7643,10.67,KEM,True,2025-11-21T22:08:54.254549,,622
Classic-McEliece-460896f,decap,1024,16,3.5,1,1,0,ip-172-31-17-37,linux,0,93.7576,10.67,KEM,True,2025-11-21T22:08:54.348397,,623
Classic-McEliece-460896f,decap,1024,16,3.5,1,1,0,ip-172-31-17-37,linux,0,93.6161,10.68,KEM,True,2025-11-21T22:08:54.442090,,624
Classic-McEliece-460896f,decap,1024,16,3.5,1,1,0,ip-172-31-17-37,linux,0,93.5793,10.69,KEM,True,2025-11-21T22:08:54.535743,,625
Classic-McEliece-460896f,decap,1024,64,3.5,1,1,0,ip-172-31-17-37,linux,0,93.6188,10.68,KEM,True,2025-11-21T22:08:54.629441,,626
Classic-McEliece-460896f,decap,1024,64,3.5,1,1,0,ip-172-31-17-37,linux,0,95.0796,10.52,KEM,True,2025-11-21T22:08:54.724600,,627
Classic-McEliece-460896f,decap,1024,64,3.5,1,1,0,ip-172-31-17-37,linux,0,93.9378,10.65,KEM,True,2025-11-21T22:08:54.818617,,628
Classic-McEliece-460896f,decap,1024,64,3.5,1,1,0,ip-172-31-17-37,linux,0,93.9514,10.64,KEM,True,2025-11-21T22:08:54.912645,,629
Classic-McEliece-460896f,decap,1024,64,3.5,1,1,0,ip-172-31-17-37,linux,0,93.6275,10.68,KEM,True,2025-11-21T22:08:55.006348,,630
Classic-McEliece-6688128,keygen,0,1,3.5,1,1,0,ip-172-31-17-37,linux,0,318.2054,3.14,KEM,True,2025-11-21T22:08:55.324716,,631
Classic-McEliece-6688128,keygen,0,1,3.5,1,1,0,ip-172-31-17-37,linux,0,142.2768,7.03,KEM,True,2025-11-21T22:08:55.467080,,632
Classic-McEliece-6688128,keygen,0,1,3.5,1,1,0,ip-172-31-17-37,linux,0,170.5145,5.86,KEM,True,2025-11-21T22:08:55.637683,,633
Classic-McEliece-6688128,keygen,0,1,3.5,1,1,0,ip-172-31-17-37,linux,0,142.033,7.04,KEM,True,2025-11-21T22:08:55.779800,,634
Classic-McEliece-6688128,keygen,0,1,3.5,1,1,0,ip-172-31-17-37,linux,0,316.1357,3.16,KEM,True,2025-11-21T22:08:56.096021,,635
Classic-McEliece-6688128,keygen,0,16,3.5,1,1,0,ip-172-31-17-37,linux,0,170.7104,5.86,KEM,True,2025-11-21T22:08:56.266824,,636
Classic-McEliece-6688128,keygen,0,16,3.5,1,1,0,ip-172-31-17-37,linux,0,141.5472,7.06,KEM,True,2025-11-21T22:08:56.408466,,637
Classic-McEliece-6688128,keygen,0,16,3.5,1,1,0,ip-172-31-17-37,linux,0,403.0848,2.48,KEM,True,2025-11-21T22:08:56.811641,,638
Classic-McEliece-6688128,keygen,0,16,3.5,1,1,0,ip-172-31-17-37,linux,0,199.5157,5.01,KEM,True,2025-11-21T22:08:57.011246,,639
Classic-McEliece-6688128,keygen,0,16,3.5,1,1,0,ip-172-31-17-37,linux,0,141.8377,7.05,KEM,True,2025-11-21T22:08:57.153170,,640
Classic-McEliece-6688128,keygen,0,64,3.5,1,1,0,ip-172-31-17-37,linux,0,171.1574,5.84,KEM,True,2025-11-21T22:08:57.324412,,641
Classic-McEliece-6688128,keygen,0,64,3.5,1,1,0,ip-172-31-17-37,linux,0,142.0224,7.04,KEM,True,2025-11-21T22:08:57.466528,,642
Classic-McEliece-6688128,keygen,0,64,3.5,1,1,0,ip-172-31-17-37,linux,0,199.5626,5.01,KEM,True,2025-11-21T22:08:57.666193,,643
Classic-McEliece-6688128,keygen,0,64,3.5,1,1,0,ip-172-31-17-37,linux,0,142.2317,7.03,KEM,True,2025-11-21T22:08:57.808511,,644
Classic-McEliece-6688128,keygen,0,64,3.5,1,1,0,ip-172-31-17-37,linux,0,141.5593,7.06,KEM,True,2025-11-21T22:08:57.950168,,645
Classic-McEliece-6688128,keygen,1024,1,3.5,1,1,0,ip-172-31-17-37,linux,0,257.5481,3.88,KEM,True,2025-11-21T22:08:58.207802,,646
Classic-McEliece-6688128,keygen,1024,1,3.5,1,1,0,ip-172-31-17-37,linux,0,171.5744,5.83,KEM,True,2025-11-21T22:08:58.379459,,647
Classic-McEliece-6688128,keygen,1024,1,3.5,1,1,0,ip-172-31-17-37,linux,0,170.6026,5.86,KEM,True,2025-11-21T22:08:58.550146,,648
Classic-McEliece-6688128,keygen,1024,1,3.5,1,1,0,ip-172-31-17-37,linux,0,199.7544,5.01,KEM,True,2025-11-21T22:08:58.749982,,649
Classic-McEliece-6688128,keygen,1024,1,3.5,1,1,0,ip-172-31-17-37,linux,0,199.8401,5.0,KEM,True,2025-11-21T22:08:58.949906,,650
Classic-McEliece-6688128,keygen,1024,16,3.5,1,1,0,ip-172-31-17-37,linux,0,228.7767,4.37,KEM,True,2025-11-21T22:08:59.178772,,651
Classic-McEliece-6688128,keygen,1024,16,3.5,1,1,0,ip-172-31-17-37,linux,0,402.6788,2.48,KEM,True,2025-11-21T22:08:59.581536,,652
Classic-McEliece-6688128,keygen,1024,16,3.5,1,1,0,ip-172-31-17-37,linux,0,199.7697,5.01,KEM,True,2025-11-21T22:08:59.781405,,653
Classic-McEliece-6688128,keygen,1024,16,3.5,1,1,0,ip-172-31-17-37,linux,0,141.6386,7.06,KEM,True,2025-11-21T22:08:59.923130,,654
Classic-McEliece-6688128,keygen,1024,16,3.5,1,1,0,ip-172-31-17-37,linux,0,200.0796,5.0,KEM,True,2025-11-21T22:09:00.123297,,655
Classic-McEliece-6688128,keygen,1024,64,3.5,1,1,0,ip-172-31-17-37,linux,0,170.8415,5.85,KEM,True,2025-11-21T22:09:00.294226,,656
Classic-McEliece-6688128,keygen,1024,64,3.5,1,1,0,ip-172-31-17-37,linux,0,141.8102,7.05,KEM,True,2025-11-21T22:09:00.436121,,657
Classic-McEliece-6688128,keygen,1024,64,3.5,1,1,0,ip-172-31-17-37,linux,0,199.5933,5.01,KEM,True,2025-11-21T22:09:00.635804,,658
Classic-McEliece-6688128,keygen,1024,64,3.5,1,1,0,ip-172-31-17-37,linux,0,199.8167,5.0,KEM,True,2025-11-21T22:09:00.835711,,659
Classic-McEliece-6688128,keygen,1024,64,3.5,1,1,0,ip-172-31-17-37,linux,0,286.3948,3.49,KEM,True,2025-11-21T22:09:01.122189,,660
Classic-McEliece-6688128,encap,0,1,3.5,1,1,0,ip-172-31-17-37,linux,0,170.8884,5.85,KEM,True,2025-11-21T22:09:01.293173,,661
Classic-McEliece-6688128,encap,0,1,3.5,1,1,0,ip-172-31-17-37,linux,0,228.9854,4.37,KEM,True,2025-11-21T22:09:01.522244,,662
Classic-McEliece-6688128,encap,0,1,3.5,1,1,0,ip-172-31-17-37,linux,0,141.9333,7.05,KEM,True,2025-11-21T22:09:01.664255,,663
Classic-McEliece-6688128,encap,0,1,3.5,1,1,0,ip-172-31-17-37,linux,0,286.9774,3.48,KEM,True,2025-11-21T22:09:01.951317,,664
Classic-McEliece-6688128,encap,0,1,3.5,1,1,0,ip-172-31-17-37,linux,0,171.2411,5.84,KEM,True,2025-11-21T22:09:02.122644,,665
Classic-McEliece-6688128,encap,0,16,3.5,1,1,0,ip-172-31-17-37,linux,0,316.3013,3.16,KEM,True,2025-11-21T22:09:02.439029,,666
Classic-McEliece-6688128,encap,0,16,3.5,1,1,0,ip-172-31-17-37,linux,0,345.3406,2.9,KEM,True,2025-11-21T22:09:02.784454,,667
Classic-McEliece-6688128,encap,0,16,3.5,1,1,0,ip-172-31-17-37,linux,0,288.6995,3.46,KEM,True,2025-11-21T22:09:03.073235,,668
Classic-McEliece-6688128,encap,0,16,3.5,1,1,0,ip-172-31-17-37,linux,0,199.9383,5.0,KEM,True,2025-11-21T22:09:03.273258,,669
Classic-McEliece-6688128,encap,0,16,3.5,1,1,0,ip-172-31-17-37,linux,0,345.133,2.9,KEM,True,2025-11-21T22:09:03.618486,,670
Classic-McEliece-6688128,encap,0,64,3.5,1,1,0,ip-172-31-17-37,linux,0,141.6174,7.06,KEM,True,2025-11-21T22:09:03.760187,,671
Classic-McEliece-6688128,encap,0,64,3.5,1,1,0,ip-172-31-17-37,linux,0,257.7843,3.88,KEM,True,2025-11-21T22:09:04.018060,,672
Classic-McEliece-6688128,encap,0,64,3.5,1,1,0,ip-172-31-17-37,linux,0,258.4159,3.87,KEM,True,2025-11-21T22:09:04.276560,,673
Classic-McEliece-6688128,encap,0,64,3.5,1,1,0,ip-172-31-17-37,linux,0,142.6668,7.01,KEM,True,2025-11-21T22:09:04.419324,,674
Classic-McEliece-6688128,encap,0,64,3.5,1,1,0,ip-172-31-17-37,linux,0,228.9929,4.37,KEM,True,2025-11-21T22:09:04.648404,,675
Classic-McEliece-6688128,encap,1024,1,3.5,1,1,0,ip-172-31-17-37,linux,0,199.9086,5.0,KEM,True,2025-11-21T22:09:04.848398,,676
Classic-McEliece-6688128,encap,1024,1,3.5,1,1,0,ip-172-31-17-37,linux,0,200.1885,5.0,KEM,True,2025-11-21T22:09:05.048673,,677
Classic-McEliece-6688128,encap,1024,1,3.5,1,1,0,ip-172-31-17-37,linux,0,316.124,3.16,KEM,True,2025-11-21T22:09:05.364921,,678
Classic-McEliece-6688128,encap,1024,1,3.5,1,1,0,ip-172-31-17-37,linux,0,199.8369,5.0,KEM,True,2025-11-21T22:09:05.564840,,679
Classic-McEliece-6688128,encap,1024,1,3.5,1,1,0,ip-172-31-17-37,linux,0,170.841,5.85,KEM,True,2025-11-21T22:09:05.735763,,680
Classic-McEliece-6688128,encap,1024,16,3.5,1,1,0,ip-172-31-17-37,linux,0,519.8591,1.92,KEM,True,2025-11-21T22:09:06.255706,,681
Classic-McEliece-6688128,encap,1024,16,3.5,1,1,0,ip-172-31-17-37,linux,0,229.2249,4.36,KEM,True,2025-11-21T22:09:06.485019,,682
Classic-McEliece-6688128,encap,1024,16,3.5,1,1,0,ip-172-31-17-37,linux,0,170.9764,5.85,KEM,True,2025-11-21T22:09:06.656082,,683
Classic-McEliece-6688128,encap,1024,16,3.5,1,1,0,ip-172-31-17-37,linux,0,170.9444,5.85,KEM,True,2025-11-21T22:09:06.827108,,684
Classic-McEliece-6688128,encap,1024,16,3.5,1,1,0,ip-172-31-17-37,linux,0,432.33,2.31,KEM,True,2025-11-21T22:09:07.259522,,685
Classic-McEliece-6688128,encap,1024,64,3.5,1,1,0,ip-172-31-17-37,linux,0,170.7834,5.86,KEM,True,2025-11-21T22:09:07.430422,,686
Classic-McEliece-6688128,encap,1024,64,3.5,1,1,0,ip-172-31-17-37,linux,0,141.9129,7.05,KEM,True,2025-11-21T22:09:07.572421,,687
Classic-McEliece-6688128,encap,1024,64,3.5,1,1,0,ip-172-31-17-37,linux,0,170.6838,5.86,KEM,True,2025-11-21T22:09:07.743186,,688
Classic-McEliece-6688128,encap,1024,64,3.5,1,1,0,ip-172-31-17-37,linux,0,199.6952,5.01,KEM,True,2025-11-21T22:09:07.942968,,689
Classic-McEliece-6688128,encap,1024,64,3.5,1,1,0,ip-172-31-17-37,linux,0,142.0094,7.04,KEM,True,2025-11-21T22:09:08.085066,,690
Classic-McEliece-6688128,decap,0,1,3.5,1,1,0,ip-172-31-17-37,linux,0,142.1791,7.03,KEM,True,2025-11-21T22:09:08.227336,,691
Classic-McEliece-6688128,decap,0,1,3.5,1,1,0,ip-172-31-17-37,linux,0,228.848,4.37,KEM,True,2025-11-21T22:09:08.456264,,692
Classic-McEliece-6688128,decap,0,1,3.5,1,1,0,ip-172-31-17-37,linux,0,171.1024,5.84,KEM,True,2025-11-21T22:09:08.627450,,693
Classic-McEliece-6688128,decap,0,1,3.5,1,1,0,ip-172-31-17-37,linux,0,141.7977,7.05,KEM,True,2025-11-21T22:09:08.769326,,694
Classic-McEliece-6688128,decap,0,1,3.5,1,1,0,ip-172-31-17-37,linux,0,318.62,3.14,KEM,True,2025-11-21T22:09:09.088030,,695
Classic-McEliece-6688128,decap,0,16,3.5,1,1,0,ip-172-31-17-37,linux,0,171.3566,5.84,KEM,True,2025-11-21T22:09:09.259471,,696
Classic-McEliece-6688128,decap,0,16,3.5,1,1,0,ip-172-31-17-37,linux,0,199.8432,5.0,KEM,True,2025-11-21T22:09:09.459397,,697
Classic-McEliece-6688128,decap,0,16,3.5,1,1,0,ip-172-31-17-37,linux,0,141.6656,7.06,KEM,True,2025-11-21T22:09:09.601147,,698
Classic-McEliece-6688128,decap,0,16,3.5,1,1,0,ip-172-31-17-37,linux,0,257.7502,3.88,KEM,True,2025-11-21T22:09:09.858981,,699
Classic-McEliece-6688128,decap,0,16,3.5,1,1,0,ip-172-31-17-37,linux,0,171.2462,5.84,KEM,True,2025-11-21T22:09:10.030310,,700
Classic-McEliece-6688128,decap,0,64,3.5,1,1,0,ip-172-31-17-37,linux,0,142.3611,7.02,KEM,True,2025-11-21T22:09:10.172756,,701
Classic-McEliece-6688128,decap,0,64,3.5,1,1,0,ip-172-31-17-37,linux,0,374.6855,2.67,KEM,True,2025-11-21T22:09:10.547528,,702
Classic-McEliece-6688128,decap,0,64,3.5,1,1,0,ip-172-31-17-37,linux,0,171.123,5.84,KEM,True,2025-11-21T22:09:10.718750,,703
Classic-McEliece-6688128,decap,0,64,3.5,1,1,0,ip-172-31-17-37,linux,0,170.9424,5.85,KEM,True,2025-11-21T22:09:10.889778,,704
Classic-McEliece-6688128,decap,0,64,3.5,1,1,0,ip-172-31-17-37,linux,0,202.622,4.94,KEM,True,2025-11-21T22:09:11.092477,,705
Classic-McEliece-6688128,decap,1024,1,3.5,1,1,0,ip-172-31-17-37,linux,0,142.1071,7.04,KEM,True,2025-11-21T22:09:11.234666,,706
Classic-McEliece-6688128,decap,1024,1,3.5,1,1,0,ip-172-31-17-37,linux,0,287.3807,3.48,KEM,True,2025-11-21T22:09:11.522128,,707
Classic-McEliece-6688128,decap,1024,1,3.5,1,1,0,ip-172-31-17-37,linux,0,141.7113,7.06,KEM,True,2025-11-21T22:09:11.663920,,708
Classic-McEliece-6688128,decap,1024,1,3.5,1,1,0,ip-172-31-17-37,linux,0,171.1997,5.84,KEM,True,2025-11-21T22:09:11.835198,,709
Classic-McEliece-6688128,decap,1024,1,3.5,1,1,0,ip-172-31-17-37,linux,0,142.3905,7.02,KEM,True,2025-11-21T22:09:11.977672,,710
Classic-McEliece-6688128,decap,1024,16,3.5,1,1,0,ip-172-31-17-37,linux,0,142.0424,7.04,KEM,True,2025-11-21T22:09:12.119799,,711
Classic-McEliece-6688128,decap,1024,16,3.5,1,1,0,ip-172-31-17-37,linux,0,229.2991,4.36,KEM,True,2025-11-21T22:09:12.349183,,712
Classic-McEliece-6688128,decap,1024,16,3.5,1,1,0,ip-172-31-17-37,linux,0,141.7488,7.05,KEM,True,2025-11-21T22:09:12.491016,,713
Classic-McEliece-6688128,decap,1024,16,3.5,1,1,0,ip-172-31-17-37,linux,0,141.7287,7.06,KEM,True,2025-11-21T22:09:12.632830,,714
Classic-McEliece-6688128,decap,1024,16,3.5,1,1,0,ip-172-31-17-37,linux,0,228.8648,4.37,KEM,True,2025-11-21T22:09:12.861777,,715
Classic-McEliece-6688128,decap,1024,64,3.5,1,1,0,ip-172-31-17-37,linux,0,142.1985,7.03,KEM,True,2025-11-21T22:09:13.004060,,716
Classic-McEliece-6688128,decap,1024,64,3.5,1,1,0,ip-172-31-17-37,linux,0,141.7165,7.06,KEM,True,2025-11-21T22:09:13.145859,,717
Classic-McEliece-6688128,decap,1024,64,3.5,1,1,0,ip-172-31-17-37,linux,0,170.7081,5.86,KEM,True,2025-11-21T22:09:13.316651,,718
Classic-McEliece-6688128,decap,1024,64,3.5,1,1,0,ip-172-31-17-37,linux,0,171.1798,5.84,KEM,True,2025-11-21T22:09:13.487911,,719
Classic-McEliece-6688128,decap,1024,64,3.5,1,1,0,ip-172-31-17-37,linux,0,170.8479,5.85,KEM,True,2025-11-21T22:09:13.658845,,720
Classic-McEliece-6688128f,keygen,0,1,3.5,1,1,0,ip-172-31-17-37,linux,0,142.3248,7.03,KEM,True,2025-11-21T22:09:13.801273,,721
Classic-McEliece-6688128f,keygen,0,1,3.5,1,1,0,ip-172-31-17-37,linux,0,142.3767,7.02,KEM,True,2025-11-21T22:09:13.943745,,722
Classic-McEliece-6688128f,keygen,0,1,3.5,1,1,0,ip-172-31-17-37,linux,0,142.312,7.03,KEM,True,2025-11-21T22:09:14.086142,,723
Classic-McEliece-6688128f,keygen,0,1,3.5,1,1,0,ip-172-31-17-37,linux,0,141.9041,7.05,KEM,True,2025-11-21T22:09:14.228130,,724
Classic-McEliece-6688128f,keygen,0,1,3.5,1,1,0,ip-172-31-17-37,linux,0,141.9639,7.04,KEM,True,2025-11-21T22:09:14.370177,,725
Classic-McEliece-6688128f,keygen,0,16,3.5,1,1,0,ip-172-31-17-37,linux,0,142.2568,7.03,KEM,True,2025-11-21T22:09:14.512518,,726
Classic-McEliece-6688128f,keygen,0,16,3.5,1,1,0,ip-172-31-17-37,linux,0,140.6603,7.11,KEM,True,2025-11-21T22:09:14.653289,,727
Classic-McEliece-6688128f,keygen,0,16,3.5,1,1,0,ip-172-31-17-37,linux,0,141.6448,7.06,KEM,True,2025-11-21T22:09:14.795023,,728
Classic-McEliece-6688128f,keygen,0,16,3.5,1,1,0,ip-172-31-17-37,linux,0,142.1597,7.03,KEM,True,2025-11-21T22:09:14.937272,,729
Classic-McEliece-6688128f,keygen,0,16,3.5,1,1,0,ip-172-31-17-37,linux,0,142.2735,7.03,KEM,True,2025-11-21T22:09:15.079634,,730
Classic-McEliece-6688128f,keygen,0,64,3.5,1,1,0,ip-172-31-17-37,linux,0,142.394,7.02,KEM,True,2025-11-21T22:09:15.222111,,731
Classic-McEliece-6688128f,keygen,0,64,3.5,1,1,0,ip-172-31-17-37,linux,0,141.9594,7.04,KEM,True,2025-11-21T22:09:15.364154,,732
Classic-McEliece-6688128f,keygen,0,64,3.5,1,1,0,ip-172-31-17-37,linux,0,140.4416,7.12,KEM,True,2025-11-21T22:09:15.504680,,733
Classic-McEliece-6688128f,keygen,0,64,3.5,1,1,0,ip-172-31-17-37,linux,0,141.5922,7.06,KEM,True,2025-11-21T22:09:15.646357,,734
Classic-McEliece-6688128f,keygen,0,64,3.5,1,1,0,ip-172-31-17-37,linux,0,142.1223,7.04,KEM,True,2025-11-21T22:09:15.788589,,735
Classic-McEliece-6688128f,keygen,1024,1,3.5,1,1,0,ip-172-31-17-37,linux,0,142.1559,7.03,KEM,True,2025-11-21T22:09:15.930832,,736
Classic-McEliece-6688128f,keygen,1024,1,3.5,1,1,0,ip-172-31-17-37,linux,0,141.9658,7.04,KEM,True,2025-11-21T22:09:16.072884,,737
Classic-McEliece-6688128f,keygen,1024,1,3.5,1,1,0,ip-172-31-17-37,linux,0,142.0333,7.04,KEM,True,2025-11-21T22:09:16.215003,,738
Classic-McEliece-6688128f,keygen,1024,1,3.5,1,1,0,ip-172-31-17-37,linux,0,141.9097,7.05,KEM,True,2025-11-21T22:09:16.356999,,739
Classic-McEliece-6688128f,keygen,1024,1,3.5,1,1,0,ip-172-31-17-37,linux,0,142.3849,7.02,KEM,True,2025-11-21T22:09:16.499470,,740
Classic-McEliece-6688128f,keygen,1024,16,3.5,1,1,0,ip-172-31-17-37,linux,0,141.4162,7.07,KEM,True,2025-11-21T22:09:16.640969,,741
Classic-McEliece-6688128f,keygen,1024,16,3.5,1,1,0,ip-172-31-17-37,linux,0,142.055,7.04,KEM,True,2025-11-21T22:09:16.783146,,742
Classic-McEliece-6688128f,keygen,1024,16,3.5,1,1,0,ip-172-31-17-37,linux,0,141.9923,7.04,KEM,True,2025-11-21T22:09:16.925220,,743
Classic-McEliece-6688128f,keygen,1024,16,3.5,1,1,0,ip-172-31-17-37,linux,0,142.2859,7.03,KEM,True,2025-11-21T22:09:17.067601,,744
Classic-McEliece-6688128f,keygen,1024,16,3.5,1,1,0,ip-172-31-17-37,linux,0,142.1336,7.04,KEM,True,2025-11-21T22:09:17.209817,,745
Classic-McEliece-6688128f,keygen,1024,64,3.5,1,1,0,ip-172-31-17-37,linux,0,142.6693,7.01,KEM,True,2025-11-21T22:09:17.352572,,746
Classic-McEliece-6688128f,keygen,1024,64,3.5,1,1,0,ip-172-31-17-37,linux,0,142.5382,7.02,KEM,True,2025-11-21T22:09:17.495206,,747
Classic-McEliece-6688128f,keygen,1024,64,3.5,1,1,0,ip-172-31-17-37,linux,0,142.2118,7.03,KEM,True,2025-11-21T22:09:17.637502,,748
Classic-McEliece-6688128f,keygen,1024,64,3.5,1,1,0,ip-172-31-17-37,linux,0,142.35,7.02,KEM,True,2025-11-21T22:09:17.779936,,749
Classic-McEliece-6688128f,keygen,1024,64,3.5,1,1,0,ip-172-31-17-37,linux,0,142.2308,7.03,KEM,True,2025-11-21T22:09:17.922247,,750
Classic-McEliece-6688128f,encap,0,1,3.5,1,1,0,ip-172-31-17-37,linux,0,143.0427,6.99,KEM,True,2025-11-21T22:09:18.065381,,751
Classic-McEliece-6688128f,encap,0,1,3.5,1,1,0,ip-172-31-17-37,linux,0,144.1103,6.94,KEM,True,2025-11-21T22:09:18.209591,,752
Classic-McEliece-6688128f,encap,0,1,3.5,1,1,0,ip-172-31-17-37,linux,0,142.003,7.04,KEM,True,2025-11-21T22:09:18.351677,,753
Classic-McEliece-6688128f,encap,0,1,3.5,1,1,0,ip-172-31-17-37,linux,0,142.6693,7.01,KEM,True,2025-11-21T22:09:18.494427,,754
Classic-McEliece-6688128f,encap,0,1,3.5,1,1,0,ip-172-31-17-37,linux,0,142.2827,7.03,KEM,True,2025-11-21T22:09:18.636790,,755
Classic-McEliece-6688128f,encap,0,16,3.5,1,1,0,ip-172-31-17-37,linux,0,142.2699,7.03,KEM,True,2025-11-21T22:09:18.779141,,756
Classic-McEliece-6688128f,encap,0,16,3.5,1,1,0,ip-172-31-17-37,linux,0,141.6508,7.06,KEM,True,2025-11-21T22:09:18.920876,,757
Classic-McEliece-6688128f,encap,0,16,3.5,1,1,0,ip-172-31-17-37,linux,0,141.9875,7.04,KEM,True,2025-11-21T22:09:19.062950,,758
Classic-McEliece-6688128f,encap,0,16,3.5,1,1,0,ip-172-31-17-37,linux,0,142.1318,7.04,KEM,True,2025-11-21T22:09:19.205167,,759
Classic-McEliece-6688128f,encap,0,16,3.5,1,1,0,ip-172-31-17-37,linux,0,141.8164,7.05,KEM,True,2025-11-21T22:09:19.347062,,760
Classic-McEliece-6688128f,encap,0,64,3.5,1,1,0,ip-172-31-17-37,linux,0,142.2683,7.03,KEM,True,2025-11-21T22:09:19.489418,,761
Classic-McEliece-6688128f,encap,0,64,3.5,1,1,0,ip-172-31-17-37,linux,0,140.7257,7.11,KEM,True,2025-11-21T22:09:19.630229,,762
Classic-McEliece-6688128f,encap,0,64,3.5,1,1,0,ip-172-31-17-37,linux,0,141.8736,7.05,KEM,True,2025-11-21T22:09:19.772186,,763
Classic-McEliece-6688128f,encap,0,64,3.5,1,1,0,ip-172-31-17-37,linux,0,141.7396,7.06,KEM,True,2025-11-21T22:09:19.914010,,764
Classic-McEliece-6688128f,encap,0,64,3.5,1,1,0,ip-172-31-17-37,linux,0,141.0283,7.09,KEM,True,2025-11-21T22:09:20.055123,,765
Classic-McEliece-6688128f,encap,1024,1,3.5,1,1,0,ip-172-31-17-37,linux,0,142.5648,7.01,KEM,True,2025-11-21T22:09:20.197773,,766
Classic-McEliece-6688128f,encap,1024,1,3.5,1,1,0,ip-172-31-17-37,linux,0,142.0721,7.04,KEM,True,2025-11-21T22:09:20.339926,,767
Classic-McEliece-6688128f,encap,1024,1,3.5,1,1,0,ip-172-31-17-37,linux,0,142.0712,7.04,KEM,True,2025-11-21T22:09:20.482076,,768
Classic-McEliece-6688128f,encap,1024,1,3.5,1,1,0,ip-172-31-17-37,linux,0,141.5429,7.06,KEM,True,2025-11-21T22:09:20.623703,,769
Classic-McEliece-6688128f,encap,1024,1,3.5,1,1,0,ip-172-31-17-37,linux,0,141.6537,7.06,KEM,True,2025-11-21T22:09:20.765442,,770
Classic-McEliece-6688128f,encap,1024,16,3.5,1,1,0,ip-172-31-17-37,linux,0,142.579,7.01,KEM,True,2025-11-21T22:09:20.908104,,771
Classic-McEliece-6688128f,encap,1024,16,3.5,1,1,0,ip-172-31-17-37,linux,0,142.5112,7.02,KEM,True,2025-11-21T22:09:21.050696,,772
Classic-McEliece-6688128f,encap,1024,16,3.5,1,1,0,ip-172-31-17-37,linux,0,143.0152,6.99,KEM,True,2025-11-21T22:09:21.193795,,773
Classic-McEliece-6688128f,encap,1024,16,3.5,1,1,0,ip-172-31-17-37,linux,0,142.3421,7.03,KEM,True,2025-11-21T22:09:21.336218,,774
Classic-McEliece-6688128f,encap,1024,16,3.5,1,1,0,ip-172-31-17-37,linux,0,142.1696,7.03,KEM,True,2025-11-21T22:09:21.478465,,775
Classic-McEliece-6688128f,encap,1024,64,3.5,1,1,0,ip-172-31-17-37,linux,0,140.9442,7.1,KEM,True,2025-11-21T22:09:21.619495,,776
Classic-McEliece-6688128f,encap,1024,64,3.5,1,1,0,ip-172-31-17-37,linux,0,142.4044,7.02,KEM,True,2025-11-21T22:09:21.761984,,777
Classic-McEliece-6688128f,encap,1024,64,3.5,1,1,0,ip-172-31-17-37,linux,0,141.6484,7.06,KEM,True,2025-11-21T22:09:21.903714,,778
Classic-McEliece-6688128f,encap,1024,64,3.5,1,1,0,ip-172-31-17-37,linux,0,140.829,7.1,KEM,True,2025-11-21T22:09:22.044618,,779
Classic-McEliece-6688128f,encap,1024,64,3.5,1,1,0,ip-172-31-17-37,linux,0,142.1764,7.03,KEM,True,2025-11-21T22:09:22.186872,,780
Classic-McEliece-6688128f,decap,0,1,3.5,1,1,0,ip-172-31-17-37,linux,0,142.069,7.04,KEM,True,2025-11-21T22:09:22.329029,,781
Classic-McEliece-6688128f,decap,0,1,3.5,1,1,0,ip-172-31-17-37,linux,0,142.1976,7.03,KEM,True,2025-11-21T22:09:22.471304,,782
Classic-McEliece-6688128f,decap,0,1,3.5,1,1,0,ip-172-31-17-37,linux,0,142.5431,7.02,KEM,True,2025-11-21T22:09:22.613931,,783
Classic-McEliece-6688128f,decap,0,1,3.5,1,1,0,ip-172-31-17-37,linux,0,142.2262,7.03,KEM,True,2025-11-21T22:09:22.756238,,784
Classic-McEliece-6688128f,decap,0,1,3.5,1,1,0,ip-172-31-17-37,linux,0,142.268,7.03,KEM,True,2025-11-21T22:09:22.898598,,785
Classic-McEliece-6688128f,decap,0,16,3.5,1,1,0,ip-172-31-17-37,linux,0,140.7796,7.1,KEM,True,2025-11-21T22:09:23.039455,,786
Classic-McEliece-6688128f,decap,0,16,3.5,1,1,0,ip-172-31-17-37,linux,0,143.2526,6.98,KEM,True,2025-11-21T22:09:23.182789,,787
Classic-McEliece-6688128f,decap,0,16,3.5,1,1,0,ip-172-31-17-37,linux,0,142.4955,7.02,KEM,True,2025-11-21T22:09:23.325363,,788
Classic-McEliece-6688128f,decap,0,16,3.5,1,1,0,ip-172-31-17-37,linux,0,140.7482,7.1,KEM,True,2025-11-21T22:09:23.466196,,789
Classic-McEliece-6688128f,decap,0,16,3.5,1,1,0,ip-172-31-17-37,linux,0,142.3247,7.03,KEM,True,2025-11-21T22:09:23.608606,,790
Classic-McEliece-6688128f,decap,0,64,3.5,1,1,0,ip-172-31-17-37,linux,0,142.7293,7.01,KEM,True,2025-11-21T22:09:23.751418,,791
Classic-McEliece-6688128f,decap,0,64,3.5,1,1,0,ip-172-31-17-37,linux,0,141.7259,7.06,KEM,True,2025-11-21T22:09:23.893226,,792
Classic-McEliece-6688128f,decap,0,64,3.5,1,1,0,ip-172-31-17-37,linux,0,142.3992,7.02,KEM,True,2025-11-21T22:09:24.035703,,793
Classic-McEliece-6688128f,decap,0,64,3.5,1,1,0,ip-172-31-17-37,linux,0,142.0888,7.04,KEM,True,2025-11-21T22:09:24.177871,,794
Classic-McEliece-6688128f,decap,0,64,3.5,1,1,0,ip-172-31-17-37,linux,0,142.4665,7.02,KEM,True,2025-11-21T22:09:24.320419,,795
Classic-McEliece-6688128f,decap,1024,1,3.5,1,1,0,ip-172-31-17-37,linux,0,142.5066,7.02,KEM,True,2025-11-21T22:09:24.463008,,796
Classic-McEliece-6688128f,decap,1024,1,3.5,1,1,0,ip-172-31-17-37,linux,0,142.4587,7.02,KEM,True,2025-11-21T22:09:24.605549,,797
Classic-McEliece-6688128f,decap,1024,1,3.5,1,1,0,ip-172-31-17-37,linux,0,142.4333,7.02,KEM,True,2025-11-21T22:09:24.748078,,798
Classic-McEliece-6688128f,decap,1024,1,3.5,1,1,0,ip-172-31-17-37,linux,0,142.4649,7.02,KEM,True,2025-11-21T22:09:24.890622,,799
Classic-McEliece-6688128f,decap,1024,1,3.5,1,1,0,ip-172-31-17-37,linux,0,140.6423,7.11,KEM,True,2025-11-21T22:09:25.031345,,800
Classic-McEliece-6688128f,decap,1024,16,3.5,1,1,0,ip-172-31-17-37,linux,0,141.7168,7.06,KEM,True,2025-11-21T22:09:25.173144,,801
Classic-McEliece-6688128f,decap,1024,16,3.5,1,1,0,ip-172-31-17-37,linux,0,142.8152,7.0,KEM,True,2025-11-21T22:09:25.316045,,802
Classic-McEliece-6688128f,decap,1024,16,3.5,1,1,0,ip-172-31-17-37,linux,0,142.5246,7.02,KEM,True,2025-11-21T22:09:25.458648,,803
Classic-McEliece-6688128f,decap,1024,16,3.5,1,1,0,ip-172-31-17-37,linux,0,141.7795,7.05,KEM,True,2025-11-21T22:09:25.600508,,804
Classic-McEliece-6688128f,decap,1024,16,3.5,1,1,0,ip-172-31-17-37,linux,0,142.4639,7.02,KEM,True,2025-11-21T22:09:25.743107,,805
Classic-McEliece-6688128f,decap,1024,64,3.5,1,1,0,ip-172-31-17-37,linux,0,141.964,7.04,KEM,True,2025-11-21T22:09:25.885157,,806
Classic-McEliece-6688128f,decap,1024,64,3.5,1,1,0,ip-172-31-17-37,linux,0,141.8612,7.05,KEM,True,2025-11-21T22:09:26.027094,,807
Classic-McEliece-6688128f,decap,1024,64,3.5,1,1,0,ip-172-31-17-37,linux,0,142.0334,7.04,KEM,True,2025-11-21T22:09:26.169207,,808
Classic-McEliece-6688128f,decap,1024,64,3.5,1,1,0,ip-172-31-17-37,linux,0,142.3259,7.03,KEM,True,2025-11-21T22:09:26.311614,,809
Classic-McEliece-6688128f,decap,1024,64,3.5,1,1,0,ip-172-31-17-37,linux,0,142.032,7.04,KEM,True,2025-11-21T22:09:26.453726,,810
Classic-McEliece-6960119,keygen,0,1,3.5,1,1,0,ip-172-31-17-37,linux,0,160.6119,6.23,KEM,True,2025-11-21T22:09:26.614543,,811
Classic-McEliece-6960119,keygen,0,1,3.5,1,1,0,ip-172-31-17-37,linux,0,159.8622,6.26,KEM,True,2025-11-21T22:09:26.774650,,812
Classic-McEliece-6960119,keygen,0,1,3.5,1,1,0,ip-172-31-17-37,linux,0,177.3958,5.64,KEM,True,2025-11-21T22:09:26.952225,,813
Classic-McEliece-6960119,keygen,0,1,3.5,1,1,0,ip-172-31-17-37,linux,0,282.924,3.53,KEM,True,2025-11-21T22:09:27.235322,,814
Classic-McEliece-6960119,keygen,0,1,3.5,1,1,0,ip-172-31-17-37,linux,0,160.2178,6.24,KEM,True,2025-11-21T22:09:27.395722,,815
Classic-McEliece-6960119,keygen,0,16,3.5,1,1,0,ip-172-31-17-37,linux,0,159.8995,6.25,KEM,True,2025-11-21T22:09:27.555802,,816
Classic-McEliece-6960119,keygen,0,16,3.5,1,1,0,ip-172-31-17-37,linux,0,124.9612,8.0,KEM,True,2025-11-21T22:09:27.680944,,817
Classic-McEliece-6960119,keygen,0,16,3.5,1,1,0,ip-172-31-17-37,linux,0,160.4325,6.23,KEM,True,2025-11-21T22:09:27.841556,,818
Classic-McEliece-6960119,keygen,0,16,3.5,1,1,0,ip-172-31-17-37,linux,0,142.4241,7.02,KEM,True,2025-11-21T22:09:27.984200,,819
Classic-McEliece-6960119,keygen,0,16,3.5,1,1,0,ip-172-31-17-37,linux,0,160.0393,6.25,KEM,True,2025-11-21T22:09:28.144420,,820
Classic-McEliece-6960119,keygen,0,64,3.5,1,1,0,ip-172-31-17-37,linux,0,142.4332,7.02,KEM,True,2025-11-21T22:09:28.287039,,821
Classic-McEliece-6960119,keygen,0,64,3.5,1,1,0,ip-172-31-17-37,linux,0,194.8371,5.13,KEM,True,2025-11-21T22:09:28.482062,,822
Classic-McEliece-6960119,keygen,0,64,3.5,1,1,0,ip-172-31-17-37,linux,0,160.0953,6.25,KEM,True,2025-11-21T22:09:28.642351,,823
Classic-McEliece-6960119,keygen,0,64,3.5,1,1,0,ip-172-31-17-37,linux,0,247.7707,4.04,KEM,True,2025-11-21T22:09:28.890312,,824
Classic-McEliece-6960119,keygen,0,64,3.5,1,1,0,ip-172-31-17-37,linux,0,124.842,8.01,KEM,True,2025-11-21T22:09:29.015335,,825
Classic-McEliece-6960119,keygen,1024,1,3.5,1,1,0,ip-172-31-17-37,linux,0,177.9383,5.62,KEM,True,2025-11-21T22:09:29.193453,,826
Classic-McEliece-6960119,keygen,1024,1,3.5,1,1,0,ip-172-31-17-37,linux,0,124.8004,8.01,KEM,True,2025-11-21T22:09:29.318444,,827
Classic-McEliece-6960119,keygen,1024,1,3.5,1,1,0,ip-172-31-17-37,linux,0,143.1717,6.98,KEM,True,2025-11-21T22:09:29.461795,,828
Classic-McEliece-6960119,keygen,1024,1,3.5,1,1,0,ip-172-31-17-37,linux,0,160.3154,6.24,KEM,True,2025-11-21T22:09:29.622292,,829
Classic-McEliece-6960119,keygen,1024,1,3.5,1,1,0,ip-172-31-17-37,linux,0,142.4673,7.02,KEM,True,2025-11-21T22:09:29.764939,,830
Classic-McEliece-6960119,keygen,1024,16,3.5,1,1,0,ip-172-31-17-37,linux,0,124.8399,8.01,KEM,True,2025-11-21T22:09:29.889960,,831
Classic-McEliece-6960119,keygen,1024,16,3.5,1,1,0,ip-172-31-17-37,linux,0,212.5221,4.71,KEM,True,2025-11-21T22:09:30.102697,,832
Classic-McEliece-6960119,keygen,1024,16,3.5,1,1,0,ip-172-31-17-37,linux,0,230.2888,4.34,KEM,True,2025-11-21T22:09:30.333171,,833
Classic-McEliece-6960119,keygen,1024,16,3.5,1,1,0,ip-172-31-17-37,linux,0,194.9355,5.13,KEM,True,2025-11-21T22:09:30.528291,,834
Classic-McEliece-6960119,keygen,1024,16,3.5,1,1,0,ip-172-31-17-37,linux,0,142.4129,7.02,KEM,True,2025-11-21T22:09:30.670891,,835
Classic-McEliece-6960119,keygen,1024,64,3.5,1,1,0,ip-172-31-17-37,linux,0,177.3631,5.64,KEM,True,2025-11-21T22:09:30.848433,,836
Classic-McEliece-6960119,keygen,1024,64,3.5,1,1,0,ip-172-31-17-37,linux,0,177.2935,5.64,KEM,True,2025-11-21T22:09:31.025910,,837
Classic-McEliece-6960119,keygen,1024,64,3.5,1,1,0,ip-172-31-17-37,linux,0,125.1838,7.99,KEM,True,2025-11-21T22:09:31.151275,,838
Classic-McEliece-6960119,keygen,1024,64,3.5,1,1,0,ip-172-31-17-37,linux,0,125.178,7.99,KEM,True,2025-11-21T22:09:31.276668,,839
Classic-McEliece-6960119,keygen,1024,64,3.5,1,1,0,ip-172-31-17-37,linux,0,125.4092,7.97,KEM,True,2025-11-21T22:09:31.402258,,840
Classic-McEliece-6960119,encap,0,1,3.5,1,1,0,ip-172-31-17-37,linux,0,125.1932,7.99,KEM,True,2025-11-21T22:09:31.527680,,841
Classic-McEliece-6960119,encap,0,1,3.5,1,1,0,ip-172-31-17-37,linux,0,142.6261,7.01,KEM,True,2025-11-21T22:09:31.670504,,842
Classic-McEliece-6960119,encap,0,1,3.5,1,1,0,ip-172-31-17-37,linux,0,125.2863,7.98,KEM,True,2025-11-21T22:09:31.795981,,843
Classic-McEliece-6960119,encap,0,1,3.5,1,1,0,ip-172-31-17-37,linux,0,195.2389,5.12,KEM,True,2025-11-21T22:09:31.991410,,844
Classic-McEliece-6960119,encap,0,1,3.5,1,1,0,ip-172-31-17-37,linux,0,198.0056,5.05,KEM,True,2025-11-21T22:09:32.189643,,845
Classic-McEliece-6960119,encap,0,16,3.5,1,1,0,ip-172-31-17-37,linux,0,125.3397,7.98,KEM,True,2025-11-21T22:09:32.315165,,846
Classic-McEliece-6960119,encap,0,16,3.5,1,1,0,ip-172-31-17-37,linux,0,177.8796,5.62,KEM,True,2025-11-21T22:09:32.493237,,847
Classic-McEliece-6960119,encap,0,16,3.5,1,1,0,ip-172-31-17-37,linux,0,142.7441,7.01,KEM,True,2025-11-21T22:09:32.636168,,848
Classic-McEliece-6960119,encap,0,16,3.5,1,1,0,ip-172-31-17-37,linux,0,124.9184,8.01,KEM,True,2025-11-21T22:09:32.761275,,849
Classic-McEliece-6960119,encap,0,16,3.5,1,1,0,ip-172-31-17-37,linux,0,142.5727,7.01,KEM,True,2025-11-21T22:09:32.904033,,850
Classic-McEliece-6960119,encap,0,64,3.5,1,1,0,ip-172-31-17-37,linux,0,125.0488,8.0,KEM,True,2025-11-21T22:09:33.029273,,851
Classic-McEliece-6960119,encap,0,64,3.5,1,1,0,ip-172-31-17-37,linux,0,195.3694,5.12,KEM,True,2025-11-21T22:09:33.224830,,852
Classic-McEliece-6960119,encap,0,64,3.5,1,1,0,ip-172-31-17-37,linux,0,142.6469,7.01,KEM,True,2025-11-21T22:09:33.367693,,853
Classic-McEliece-6960119,encap,0,64,3.5,1,1,0,ip-172-31-17-37,linux,0,124.9194,8.01,KEM,True,2025-11-21T22:09:33.492801,,854
Classic-McEliece-6960119,encap,0,64,3.5,1,1,0,ip-172-31-17-37,linux,0,161.6423,6.19,KEM,True,2025-11-21T22:09:33.654669,,855
Classic-McEliece-6960119,encap,1024,1,3.5,1,1,0,ip-172-31-17-37,linux,0,160.1144,6.25,KEM,True,2025-11-21T22:09:33.814974,,856
Classic-McEliece-6960119,encap,1024,1,3.5,1,1,0,ip-172-31-17-37,linux,0,247.6737,4.04,KEM,True,2025-11-21T22:09:34.062837,,857
Classic-McEliece-6960119,encap,1024,1,3.5,1,1,0,ip-172-31-17-37,linux,0,195.3924,5.12,KEM,True,2025-11-21T22:09:34.258423,,858
Classic-McEliece-6960119,encap,1024,1,3.5,1,1,0,ip-172-31-17-37,linux,0,195.2351,5.12,KEM,True,2025-11-21T22:09:34.453854,,859
Classic-McEliece-6960119,encap,1024,1,3.5,1,1,0,ip-172-31-17-37,linux,0,230.1304,4.35,KEM,True,2025-11-21T22:09:34.684174,,860
Classic-McEliece-6960119,encap,1024,16,3.5,1,1,0,ip-172-31-17-37,linux,0,124.9973,8.0,KEM,True,2025-11-21T22:09:34.809364,,861
Classic-McEliece-6960119,encap,1024,16,3.5,1,1,0,ip-172-31-17-37,linux,0,160.2419,6.24,KEM,True,2025-11-21T22:09:34.969792,,862
Classic-McEliece-6960119,encap,1024,16,3.5,1,1,0,ip-172-31-17-37,linux,0,143.4031,6.97,KEM,True,2025-11-21T22:09:35.113388,,863
Classic-McEliece-6960119,encap,1024,16,3.5,1,1,0,ip-172-31-17-37,linux,0,142.6642,7.01,KEM,True,2025-11-21T22:09:35.256242,,864
Classic-McEliece-6960119,encap,1024,16,3.5,1,1,0,ip-172-31-17-37,linux,0,125.422,7.97,KEM,True,2025-11-21T22:09:35.381853,,865
Classic-McEliece-6960119,encap,1024,64,3.5,1,1,0,ip-172-31-17-37,linux,0,125.9143,7.94,KEM,True,2025-11-21T22:09:35.507953,,866
Classic-McEliece-6960119,encap,1024,64,3.5,1,1,0,ip-172-31-17-37,linux,0,125.5315,7.97,KEM,True,2025-11-21T22:09:35.633696,,867
Classic-McEliece-6960119,encap,1024,64,3.5,1,1,0,ip-172-31-17-37,linux,0,265.244,3.77,KEM,True,2025-11-21T22:09:35.899124,,868
Classic-McEliece-6960119,encap,1024,64,3.5,1,1,0,ip-172-31-17-37,linux,0,267.9528,3.73,KEM,True,2025-11-21T22:09:36.167295,,869
Classic-McEliece-6960119,encap,1024,64,3.5,1,1,0,ip-172-31-17-37,linux,0,125.2193,7.99,KEM,True,2025-11-21T22:09:36.292715,,870
Classic-McEliece-6960119,decap,0,1,3.5,1,1,0,ip-172-31-17-37,linux,0,195.5409,5.11,KEM,True,2025-11-21T22:09:36.488452,,871
Classic-McEliece-6960119,decap,0,1,3.5,1,1,0,ip-172-31-17-37,linux,0,177.8482,5.62,KEM,True,2025-11-21T22:09:36.666502,,872
Classic-McEliece-6960119,decap,0,1,3.5,1,1,0,ip-172-31-17-37,linux,0,125.0475,8.0,KEM,True,2025-11-21T22:09:36.791731,,873
Classic-McEliece-6960119,decap,0,1,3.5,1,1,0,ip-172-31-17-37,linux,0,125.1785,7.99,KEM,True,2025-11-21T22:09:36.917095,,874
Classic-McEliece-6960119,decap,0,1,3.5,1,1,0,ip-172-31-17-37,linux,0,177.7209,5.63,KEM,True,2025-11-21T22:09:37.095002,,875
Classic-McEliece-6960119,decap,0,16,3.5,1,1,0,ip-172-31-17-37,linux,0,195.3624,5.12,KEM,True,2025-11-21T22:09:37.290548,,876
Classic-McEliece-6960119,decap,0,16,3.5,1,1,0,ip-172-31-17-37,linux,0,160.5889,6.23,KEM,True,2025-11-21T22:09:37.451353,,877
Classic-McEliece-6960119,decap,0,16,3.5,1,1,0,ip-172-31-17-37,linux,0,142.6281,7.01,KEM,True,2025-11-21T22:09:37.594172,,878
Classic-McEliece-6960119,decap,0,16,3.5,1,1,0,ip-172-31-17-37,linux,0,125.4477,7.97,KEM,True,2025-11-21T22:09:37.719802,,879
Classic-McEliece-6960119,decap,0,16,3.5,1,1,0,ip-172-31-17-37,linux,0,125.1045,7.99,KEM,True,2025-11-21T22:09:37.845086,,880
Classic-McEliece-6960119,decap,0,64,3.5,1,1,0,ip-172-31-17-37,linux,0,160.6436,6.22,KEM,True,2025-11-21T22:09:38.005915,,881
Classic-McEliece-6960119,decap,0,64,3.5,1,1,0,ip-172-31-17-37,linux,0,160.2805,6.24,KEM,True,2025-11-21T22:09:38.166383,,882
Classic-McEliece-6960119,decap,0,64,3.5,1,1,0,ip-172-31-17-37,linux,0,265.3828,3.77,KEM,True,2025-11-21T22:09:38.431963,,883
Classic-McEliece-6960119,decap,0,64,3.5,1,1,0,ip-172-31-17-37,linux,0,212.7579,4.7,KEM,True,2025-11-21T22:09:38.644904,,884
Classic-McEliece-6960119,decap,0,64,3.5,1,1,0,ip-172-31-17-37,linux,0,125.0756,8.0,KEM,True,2025-11-21T22:09:38.770176,,885
Classic-McEliece-6960119,decap,1024,1,3.5,1,1,0,ip-172-31-17-37,linux,0,125.1858,7.99,KEM,True,2025-11-21T22:09:38.895544,,886
Classic-McEliece-6960119,decap,1024,1,3.5,1,1,0,ip-172-31-17-37,linux,0,142.5937,7.01,KEM,True,2025-11-21T22:09:39.038350,,887
Classic-McEliece-6960119,decap,1024,1,3.5,1,1,0,ip-172-31-17-37,linux,0,160.3044,6.24,KEM,True,2025-11-21T22:09:39.198844,,888
Classic-McEliece-6960119,decap,1024,1,3.5,1,1,0,ip-172-31-17-37,linux,0,160.1282,6.24,KEM,True,2025-11-21T22:09:39.359161,,889
Classic-McEliece-6960119,decap,1024,1,3.5,1,1,0,ip-172-31-17-37,linux,0,160.5794,6.23,KEM,True,2025-11-21T22:09:39.519925,,890
Classic-McEliece-6960119,decap,1024,16,3.5,1,1,0,ip-172-31-17-37,linux,0,213.1368,4.69,KEM,True,2025-11-21T22:09:39.733257,,891
Classic-McEliece-6960119,decap,1024,16,3.5,1,1,0,ip-172-31-17-37,linux,0,142.809,7.0,KEM,True,2025-11-21T22:09:39.876248,,892
Classic-McEliece-6960119,decap,1024,16,3.5,1,1,0,ip-172-31-17-37,linux,0,177.7062,5.63,KEM,True,2025-11-21T22:09:40.054145,,893
Classic-McEliece-6960119,decap,1024,16,3.5,1,1,0,ip-172-31-17-37,linux,0,373.2185,2.68,KEM,True,2025-11-21T22:09:40.427549,,894
Classic-McEliece-6960119,decap,1024,16,3.5,1,1,0,ip-172-31-17-37,linux,0,160.1729,6.24,KEM,True,2025-11-21T22:09:40.587948,,895
Classic-McEliece-6960119,decap,1024,64,3.5,1,1,0,ip-172-31-17-37,linux,0,160.6086,6.23,KEM,True,2025-11-21T22:09:40.748746,,896
Classic-McEliece-6960119,decap,1024,64,3.5,1,1,0,ip-172-31-17-37,linux,0,160.1696,6.24,KEM,True,2025-11-21T22:09:40.909100,,897
Classic-McEliece-6960119,decap,1024,64,3.5,1,1,0,ip-172-31-17-37,linux,0,212.791,4.7,KEM,True,2025-11-21T22:09:41.122078,,898
Classic-McEliece-6960119,decap,1024,64,3.5,1,1,0,ip-172-31-17-37,linux,0,125.1412,7.99,KEM,True,2025-11-21T22:09:41.247413,,899
Classic-McEliece-6960119,decap,1024,64,3.5,1,1,0,ip-172-31-17-37,linux,0,142.6502,7.01,KEM,True,2025-11-21T22:09:41.390246,,900
Classic-McEliece-6960119f,keygen,0,1,3.5,1,1,0,ip-172-31-17-37,linux,0,122.6587,8.15,KEM,True,2025-11-21T22:09:41.513097,,901
Classic-McEliece-6960119f,keygen,0,1,3.5,1,1,0,ip-172-31-17-37,linux,0,122.593,8.16,KEM,True,2025-11-21T22:09:41.635872,,902
Classic-McEliece-6960119f,keygen,0,1,3.5,1,1,0,ip-172-31-17-37,linux,0,122.951,8.13,KEM,True,2025-11-21T22:09:41.759007,,903
Classic-McEliece-6960119f,keygen,0,1,3.5,1,1,0,ip-172-31-17-37,linux,0,122.6155,8.16,KEM,True,2025-11-21T22:09:41.881807,,904
Classic-McEliece-6960119f,keygen,0,1,3.5,1,1,0,ip-172-31-17-37,linux,0,122.5437,8.16,KEM,True,2025-11-21T22:09:42.004530,,905
Classic-McEliece-6960119f,keygen,0,16,3.5,1,1,0,ip-172-31-17-37,linux,0,122.8103,8.14,KEM,True,2025-11-21T22:09:42.127560,,906
Classic-McEliece-6960119f,keygen,0,16,3.5,1,1,0,ip-172-31-17-37,linux,0,123.1126,8.12,KEM,True,2025-11-21T22:09:42.250893,,907
Classic-McEliece-6960119f,keygen,0,16,3.5,1,1,0,ip-172-31-17-37,linux,0,122.6651,8.15,KEM,True,2025-11-21T22:09:42.373736,,908
Classic-McEliece-6960119f,keygen,0,16,3.5,1,1,0,ip-172-31-17-37,linux,0,123.037,8.13,KEM,True,2025-11-21T22:09:42.496952,,909
Classic-McEliece-6960119f,keygen,0,16,3.5,1,1,0,ip-172-31-17-37,linux,0,122.5163,8.16,KEM,True,2025-11-21T22:09:42.619683,,910
Classic-McEliece-6960119f,keygen,0,64,3.5,1,1,0,ip-172-31-17-37,linux,0,122.558,8.16,KEM,True,2025-11-21T22:09:42.742431,,911
Classic-McEliece-6960119f,keygen,0,64,3.5,1,1,0,ip-172-31-17-37,linux,0,123.0029,8.13,KEM,True,2025-11-21T22:09:42.865648,,912
Classic-McEliece-6960119f,keygen,0,64,3.5,1,1,0,ip-172-31-17-37,linux,0,122.6084,8.16,KEM,True,2025-11-21T22:09:42.988441,,913
Classic-McEliece-6960119f,keygen,0,64,3.5,1,1,0,ip-172-31-17-37,linux,0,122.6911,8.15,KEM,True,2025-11-21T22:09:43.111314,,914
Classic-McEliece-6960119f,keygen,0,64,3.5,1,1,0,ip-172-31-17-37,linux,0,122.6785,8.15,KEM,True,2025-11-21T22:09:43.234175,,915
Classic-McEliece-6960119f,keygen,1024,1,3.5,1,1,0,ip-172-31-17-37,linux,0,122.6073,8.16,KEM,True,2025-11-21T22:09:43.356967,,916
Classic-McEliece-6960119f,keygen,1024,1,3.5,1,1,0,ip-172-31-17-37,linux,0,125.8102,7.95,KEM,True,2025-11-21T22:09:43.482959,,917
Classic-McEliece-6960119f,keygen,1024,1,3.5,1,1,0,ip-172-31-17-37,linux,0,122.5753,8.16,KEM,True,2025-11-21T22:09:43.605717,,918
Classic-McEliece-6960119f,keygen,1024,1,3.5,1,1,0,ip-172-31-17-37,linux,0,122.9028,8.14,KEM,True,2025-11-21T22:09:43.728807,,919
Classic-McEliece-6960119f,keygen,1024,1,3.5,1,1,0,ip-172-31-17-37,linux,0,122.8902,8.14,KEM,True,2025-11-21T22:09:43.851884,,920
Classic-McEliece-6960119f,keygen,1024,16,3.5,1,1,0,ip-172-31-17-37,linux,0,122.9975,8.13,KEM,True,2025-11-21T22:09:43.975061,,921
Classic-McEliece-6960119f,keygen,1024,16,3.5,1,1,0,ip-172-31-17-37,linux,0,122.4614,8.17,KEM,True,2025-11-21T22:09:44.097699,,922
Classic-McEliece-6960119f,keygen,1024,16,3.5,1,1,0,ip-172-31-17-37,linux,0,122.9838,8.13,KEM,True,2025-11-21T22:09:44.220869,,923
Classic-McEliece-6960119f,keygen,1024,16,3.5,1,1,0,ip-172-31-17-37,linux,0,122.605,8.16,KEM,True,2025-11-21T22:09:44.343686,,924
Classic-McEliece-6960119f,keygen,1024,16,3.5,1,1,0,ip-172-31-17-37,linux,0,122.5312,8.16,KEM,True,2025-11-21T22:09:44.466410,,925
Classic-McEliece-6960119f,keygen,1024,64,3.5,1,1,0,ip-172-31-17-37,linux,0,122.5464,8.16,KEM,True,2025-11-21T22:09:44.589138,,926
Classic-McEliece-6960119f,keygen,1024,64,3.5,1,1,0,ip-172-31-17-37,linux,0,122.8712,8.14,KEM,True,2025-11-21T22:09:44.712191,,927
Classic-McEliece-6960119f,keygen,1024,64,3.5,1,1,0,ip-172-31-17-37,linux,0,122.9208,8.14,KEM,True,2025-11-21T22:09:44.835291,,928
Classic-McEliece-6960119f,keygen,1024,64,3.5,1,1,0,ip-172-31-17-37,linux,0,122.5789,8.16,KEM,True,2025-11-21T22:09:44.958053,,929
Classic-McEliece-6960119f,keygen,1024,64,3.5,1,1,0,ip-172-31-17-37,linux,0,122.6028,8.16,KEM,True,2025-11-21T22:09:45.080836,,930
Classic-McEliece-6960119f,encap,0,1,3.5,1,1,0,ip-172-31-17-37,linux,0,123.225,8.12,KEM,True,2025-11-21T22:09:45.204255,,931
Classic-McEliece-6960119f,encap,0,1,3.5,1,1,0,ip-172-31-17-37,linux,0,122.7145,8.15,KEM,True,2025-11-21T22:09:45.327157,,932
Classic-McEliece-6960119f,encap,0,1,3.5,1,1,0,ip-172-31-17-37,linux,0,124.1954,8.05,KEM,True,2025-11-21T22:09:45.451572,,933
Classic-McEliece-6960119f,encap,0,1,3.5,1,1,0,ip-172-31-17-37,linux,0,122.7643,8.15,KEM,True,2025-11-21T22:09:45.574558,,934
Classic-McEliece-6960119f,encap,0,1,3.5,1,1,0,ip-172-31-17-37,linux,0,123.0782,8.12,KEM,True,2025-11-21T22:09:45.697865,,935
Classic-McEliece-6960119f,encap,0,16,3.5,1,1,0,ip-172-31-17-37,linux,0,123.1636,8.12,KEM,True,2025-11-21T22:09:45.821220,,936
Classic-McEliece-6960119f,encap,0,16,3.5,1,1,0,ip-172-31-17-37,linux,0,122.755,8.15,KEM,True,2025-11-21T22:09:45.944157,,937
Classic-McEliece-6960119f,encap,0,16,3.5,1,1,0,ip-172-31-17-37,linux,0,122.7258,8.15,KEM,True,2025-11-21T22:09:46.067069,,938
Classic-McEliece-6960119f,encap,0,16,3.5,1,1,0,ip-172-31-17-37,linux,0,122.8819,8.14,KEM,True,2025-11-21T22:09:46.190136,,939
Classic-McEliece-6960119f,encap,0,16,3.5,1,1,0,ip-172-31-17-37,linux,0,122.665,8.15,KEM,True,2025-11-21T22:09:46.312983,,940
Classic-McEliece-6960119f,encap,0,64,3.5,1,1,0,ip-172-31-17-37,linux,0,123.1153,8.12,KEM,True,2025-11-21T22:09:46.436289,,941
Classic-McEliece-6960119f,encap,0,64,3.5,1,1,0,ip-172-31-17-37,linux,0,122.6978,8.15,KEM,True,2025-11-21T22:09:46.559170,,942
Classic-McEliece-6960119f,encap,0,64,3.5,1,1,0,ip-172-31-17-37,linux,0,122.7782,8.14,KEM,True,2025-11-21T22:09:46.682134,,943
Classic-McEliece-6960119f,encap,0,64,3.5,1,1,0,ip-172-31-17-37,linux,0,122.7576,8.15,KEM,True,2025-11-21T22:09:46.805084,,944
Classic-McEliece-6960119f,encap,0,64,3.5,1,1,0,ip-172-31-17-37,linux,0,122.8435,8.14,KEM,True,2025-11-21T22:09:46.928119,,945
Classic-McEliece-6960119f,encap,1024,1,3.5,1,1,0,ip-172-31-17-37,linux,0,123.6637,8.09,KEM,True,2025-11-21T22:09:47.051973,,946
Classic-McEliece-6960119f,encap,1024,1,3.5,1,1,0,ip-172-31-17-37,linux,0,122.8112,8.14,KEM,True,2025-11-21T22:09:47.174974,,947
Classic-McEliece-6960119f,encap,1024,1,3.5,1,1,0,ip-172-31-17-37,linux,0,122.7984,8.14,KEM,True,2025-11-21T22:09:47.297962,,948
Classic-McEliece-6960119f,encap,1024,1,3.5,1,1,0,ip-172-31-17-37,linux,0,123.1375,8.12,KEM,True,2025-11-21T22:09:47.421298,,949
Classic-McEliece-6960119f,encap,1024,1,3.5,1,1,0,ip-172-31-17-37,linux,0,123.0641,8.13,KEM,True,2025-11-21T22:09:47.544554,,950
Classic-McEliece-6960119f,encap,1024,16,3.5,1,1,0,ip-172-31-17-37,linux,0,122.7463,8.15,KEM,True,2025-11-21T22:09:47.667525,,951
Classic-McEliece-6960119f,encap,1024,16,3.5,1,1,0,ip-172-31-17-37,linux,0,123.1162,8.12,KEM,True,2025-11-21T22:09:47.790857,,952
Classic-McEliece-6960119f,encap,1024,16,3.5,1,1,0,ip-172-31-17-37,linux,0,122.8446,8.14,KEM,True,2025-11-21T22:09:47.913892,,953
Classic-McEliece-6960119f,encap,1024,16,3.5,1,1,0,ip-172-31-17-37,linux,0,123.0768,8.13,KEM,True,2025-11-21T22:09:48.037152,,954
Classic-McEliece-6960119f,encap,1024,16,3.5,1,1,0,ip-172-31-17-37,linux,0,123.1052,8.12,KEM,True,2025-11-21T22:09:48.160446,,955
Classic-McEliece-6960119f,encap,1024,64,3.5,1,1,0,ip-172-31-17-37,linux,0,123.0495,8.13,KEM,True,2025-11-21T22:09:48.283718,,956
Classic-McEliece-6960119f,encap,1024,64,3.5,1,1,0,ip-172-31-17-37,linux,0,122.8287,8.14,KEM,True,2025-11-21T22:09:48.406735,,957
Classic-McEliece-6960119f,encap,1024,64,3.5,1,1,0,ip-172-31-17-37,linux,0,122.9048,8.14,KEM,True,2025-11-21T22:09:48.529826,,958
Classic-McEliece-6960119f,encap,1024,64,3.5,1,1,0,ip-172-31-17-37,linux,0,123.1362,8.12,KEM,True,2025-11-21T22:09:48.653149,,959
Classic-McEliece-6960119f,encap,1024,64,3.5,1,1,0,ip-172-31-17-37,linux,0,122.7649,8.15,KEM,True,2025-11-21T22:09:48.776106,,960
Classic-McEliece-6960119f,decap,0,1,3.5,1,1,0,ip-172-31-17-37,linux,0,123.1593,8.12,KEM,True,2025-11-21T22:09:48.899466,,961
Classic-McEliece-6960119f,decap,0,1,3.5,1,1,0,ip-172-31-17-37,linux,0,122.8396,8.14,KEM,True,2025-11-21T22:09:49.022501,,962
Classic-McEliece-6960119f,decap,0,1,3.5,1,1,0,ip-172-31-17-37,linux,0,122.9353,8.13,KEM,True,2025-11-21T22:09:49.145659,,963
Classic-McEliece-6960119f,decap,0,1,3.5,1,1,0,ip-172-31-17-37,linux,0,122.8148,8.14,KEM,True,2025-11-21T22:09:49.268692,,964
Classic-McEliece-6960119f,decap,0,1,3.5,1,1,0,ip-172-31-17-37,linux,0,123.3356,8.11,KEM,True,2025-11-21T22:09:49.392226,,965
Classic-McEliece-6960119f,decap,0,16,3.5,1,1,0,ip-172-31-17-37,linux,0,123.164,8.12,KEM,True,2025-11-21T22:09:49.515572,,966
Classic-McEliece-6960119f,decap,0,16,3.5,1,1,0,ip-172-31-17-37,linux,0,123.1713,8.12,KEM,True,2025-11-21T22:09:49.638965,,967
Classic-McEliece-6960119f,decap,0,16,3.5,1,1,0,ip-172-31-17-37,linux,0,123.0346,8.13,KEM,True,2025-11-21T22:09:49.762186,,968
Classic-McEliece-6960119f,decap,0,16,3.5,1,1,0,ip-172-31-17-37,linux,0,123.1827,8.12,KEM,True,2025-11-21T22:09:49.885557,,969
Classic-McEliece-6960119f,decap,0,16,3.5,1,1,0,ip-172-31-17-37,linux,0,123.162,8.12,KEM,True,2025-11-21T22:09:50.008932,,970
Classic-McEliece-6960119f,decap,0,64,3.5,1,1,0,ip-172-31-17-37,linux,0,123.1354,8.12,KEM,True,2025-11-21T22:09:50.132261,,971
Classic-McEliece-6960119f,decap,0,64,3.5,1,1,0,ip-172-31-17-37,linux,0,122.9756,8.13,KEM,True,2025-11-21T22:09:50.255422,,972
Classic-McEliece-6960119f,decap,0,64,3.5,1,1,0,ip-172-31-17-37,linux,0,123.0512,8.13,KEM,True,2025-11-21T22:09:50.378696,,973
Classic-McEliece-6960119f,decap,0,64,3.5,1,1,0,ip-172-31-17-37,linux,0,122.8662,8.14,KEM,True,2025-11-21T22:09:50.501743,,974
Classic-McEliece-6960119f,decap,0,64,3.5,1,1,0,ip-172-31-17-37,linux,0,123.0781,8.12,KEM,True,2025-11-21T22:09:50.625006,,975
Classic-McEliece-6960119f,decap,1024,1,3.5,1,1,0,ip-172-31-17-37,linux,0,122.8409,8.14,KEM,True,2025-11-21T22:09:50.748032,,976
Classic-McEliece-6960119f,decap,1024,1,3.5,1,1,0,ip-172-31-17-37,linux,0,122.8749,8.14,KEM,True,2025-11-21T22:09:50.871097,,977
Classic-McEliece-6960119f,decap,1024,1,3.5,1,1,0,ip-172-31-17-37,linux,0,122.8532,8.14,KEM,True,2025-11-21T22:09:50.994134,,978
Classic-McEliece-6960119f,decap,1024,1,3.5,1,1,0,ip-172-31-17-37,linux,0,122.9435,8.13,KEM,True,2025-11-21T22:09:51.117267,,979
Classic-McEliece-6960119f,decap,1024,1,3.5,1,1,0,ip-172-31-17-37,linux,0,124.6104,8.03,KEM,True,2025-11-21T22:09:51.242062,,980
Classic-McEliece-6960119f,decap,1024,16,3.5,1,1,0,ip-172-31-17-37,linux,0,122.7678,8.15,KEM,True,2025-11-21T22:09:51.365021,,981
Classic-McEliece-6960119f,decap,1024,16,3.5,1,1,0,ip-172-31-17-37,linux,0,122.8867,8.14,KEM,True,2025-11-21T22:09:51.488090,,982
Classic-McEliece-6960119f,decap,1024,16,3.5,1,1,0,ip-172-31-17-37,linux,0,122.8082,8.14,KEM,True,2025-11-21T22:09:51.611082,,983
Classic-McEliece-6960119f,decap,1024,16,3.5,1,1,0,ip-172-31-17-37,linux,0,123.1883,8.12,KEM,True,2025-11-21T22:09:51.734469,,984
Classic-McEliece-6960119f,decap,1024,16,3.5,1,1,0,ip-172-31-17-37,linux,0,122.9032,8.14,KEM,True,2025-11-21T22:09:51.857560,,985
Classic-McEliece-6960119f,decap,1024,64,3.5,1,1,0,ip-172-31-17-37,linux,0,122.7767,8.14,KEM,True,2025-11-21T22:09:51.980557,,986
Classic-McEliece-6960119f,decap,1024,64,3.5,1,1,0,ip-172-31-17-37,linux,0,123.322,8.11,KEM,True,2025-11-21T22:09:52.104101,,987
Classic-McEliece-6960119f,decap,1024,64,3.5,1,1,0,ip-172-31-17-37,linux,0,122.9718,8.13,KEM,True,2025-11-21T22:09:52.227251,,988
Classic-McEliece-6960119f,decap,1024,64,3.5,1,1,0,ip-172-31-17-37,linux,0,122.9107,8.14,KEM,True,2025-11-21T22:09:52.350350,,989
Classic-McEliece-6960119f,decap,1024,64,3.5,1,1,0,ip-172-31-17-37,linux,0,123.2049,8.12,KEM,True,2025-11-21T22:09:52.473747,,990
Classic-McEliece-8192128,keygen,0,1,3.5,1,1,0,ip-172-31-17-37,linux,0,200.6868,4.98,KEM,True,2025-11-21T22:09:52.674570,,991
Classic-McEliece-8192128,keygen,0,1,3.5,1,1,0,ip-172-31-17-37,linux,0,180.4573,5.54,KEM,True,2025-11-21T22:09:52.855283,,992
Classic-McEliece-8192128,keygen,0,1,3.5,1,1,0,ip-172-31-17-37,linux,0,160.337,6.24,KEM,True,2025-11-21T22:09:53.015834,,993
Classic-McEliece-8192128,keygen,0,1,3.5,1,1,0,ip-172-31-17-37,linux,0,160.3799,6.24,KEM,True,2025-11-21T22:09:53.176424,,994
Classic-McEliece-8192128,keygen,0,1,3.5,1,1,0,ip-172-31-17-37,linux,0,180.5297,5.54,KEM,True,2025-11-21T22:09:53.357165,,995
Classic-McEliece-8192128,keygen,0,16,3.5,1,1,0,ip-172-31-17-37,linux,0,140.652,7.11,KEM,True,2025-11-21T22:09:53.498029,,996
Classic-McEliece-8192128,keygen,0,16,3.5,1,1,0,ip-172-31-17-37,linux,0,260.7357,3.84,KEM,True,2025-11-21T22:09:53.759007,,997
Classic-McEliece-8192128,keygen,0,16,3.5,1,1,0,ip-172-31-17-37,linux,0,280.811,3.56,KEM,True,2025-11-21T22:09:54.040024,,998
Classic-McEliece-8192128,keygen,0,16,3.5,1,1,0,ip-172-31-17-37,linux,0,160.8121,6.22,KEM,True,2025-11-21T22:09:54.201059,,999
Classic-McEliece-8192128,keygen,0,16,3.5,1,1,0,ip-172-31-17-37,linux,0,160.7772,6.22,KEM,True,2025-11-21T22:09:54.362051,,1000
Classic-McEliece-8192128,keygen,0,64,3.5,1,1,0,ip-172-31-17-37,linux,0,280.8559,3.56,KEM,True,2025-11-21T22:09:54.643126,,1001
Classic-McEliece-8192128,keygen,0,64,3.5,1,1,0,ip-172-31-17-37,linux,0,140.6105,7.11,KEM,True,2025-11-21T22:09:54.783962,,1002
Classic-McEliece-8192128,keygen,0,64,3.5,1,1,0,ip-172-31-17-37,linux,0,140.2524,7.13,KEM,True,2025-11-21T22:09:54.924427,,1003
Classic-McEliece-8192128,keygen,0,64,3.5,1,1,0,ip-172-31-17-37,linux,0,200.7486,4.98,KEM,True,2025-11-21T22:09:55.125389,,1004
Classic-McEliece-8192128,keygen,0,64,3.5,1,1,0,ip-172-31-17-37,linux,0,180.5264,5.54,KEM,True,2025-11-21T22:09:55.306126,,1005
Classic-McEliece-8192128,keygen,1024,1,3.5,1,1,0,ip-172-31-17-37,linux,0,140.2745,7.13,KEM,True,2025-11-21T22:09:55.446649,,1006
Classic-McEliece-8192128,keygen,1024,1,3.5,1,1,0,ip-172-31-17-37,linux,0,240.6496,4.16,KEM,True,2025-11-21T22:09:55.687511,,1007
Classic-McEliece-8192128,keygen,1024,1,3.5,1,1,0,ip-172-31-17-37,linux,0,180.3733,5.54,KEM,True,2025-11-21T22:09:55.868127,,1008
Classic-McEliece-8192128,keygen,1024,1,3.5,1,1,0,ip-172-31-17-37,linux,0,160.2396,6.24,KEM,True,2025-11-21T22:09:56.028603,,1009
Classic-McEliece-8192128,keygen,1024,1,3.5,1,1,0,ip-172-31-17-37,linux,0,140.3268,7.13,KEM,True,2025-11-21T22:09:56.169145,,1010
Classic-McEliece-8192128,keygen,1024,16,3.5,1,1,0,ip-172-31-17-37,linux,0,220.6264,4.53,KEM,True,2025-11-21T22:09:56.389982,,1011
Classic-McEliece-8192128,keygen,1024,16,3.5,1,1,0,ip-172-31-17-37,linux,0,160.3354,6.24,KEM,True,2025-11-21T22:09:56.550540,,1012
Classic-McEliece-8192128,keygen,1024,16,3.5,1,1,0,ip-172-31-17-37,linux,0,220.818,4.53,KEM,True,2025-11-21T22:09:56.771625,,1013
Classic-McEliece-8192128,keygen,1024,16,3.5,1,1,0,ip-172-31-17-37,linux,0,160.3259,6.24,KEM,True,2025-11-21T22:09:56.932172,,1014
Classic-McEliece-8192128,keygen,1024,16,3.5,1,1,0,ip-172-31-17-37,linux,0,140.6564,7.11,KEM,True,2025-11-21T22:09:57.073047,,1015
Classic-McEliece-8192128,keygen,1024,64,3.5,1,1,0,ip-172-31-17-37,linux,0,200.7051,4.98,KEM,True,2025-11-21T22:09:57.273961,,1016
Classic-McEliece-8192128,keygen,1024,64,3.5,1,1,0,ip-172-31-17-37,linux,0,141.9443,7.05,KEM,True,2025-11-21T22:09:57.416114,,1017
Classic-McEliece-8192128,keygen,1024,64,3.5,1,1,0,ip-172-31-17-37,linux,0,140.241,7.13,KEM,True,2025-11-21T22:09:57.556562,,1018
Classic-McEliece-8192128,keygen,1024,64,3.5,1,1,0,ip-172-31-17-37,linux,0,180.4261,5.54,KEM,True,2025-11-21T22:09:57.737229,,1019
Classic-McEliece-8192128,keygen,1024,64,3.5,1,1,0,ip-172-31-17-37,linux,0,160.709,6.22,KEM,True,2025-11-21T22:09:57.898153,,1020
Classic-McEliece-8192128,encap,0,1,3.5,1,1,0,ip-172-31-17-37,linux,0,260.9113,3.83,KEM,True,2025-11-21T22:09:58.159294,,1021
Classic-McEliece-8192128,encap,0,1,3.5,1,1,0,ip-172-31-17-37,linux,0,140.5846,7.11,KEM,True,2025-11-21T22:09:58.300095,,1022
Classic-McEliece-8192128,encap,0,1,3.5,1,1,0,ip-172-31-17-37,linux,0,140.8185,7.1,KEM,True,2025-11-21T22:09:58.441126,,1023
Classic-McEliece-8192128,encap,0,1,3.5,1,1,0,ip-172-31-17-37,linux,0,140.4827,7.12,KEM,True,2025-11-21T22:09:58.581824,,1024
Classic-McEliece-8192128,encap,0,1,3.5,1,1,0,ip-172-31-17-37,linux,0,180.6421,5.54,KEM,True,2025-11-21T22:09:58.762710,,1025
Classic-McEliece-8192128,encap,0,16,3.5,1,1,0,ip-172-31-17-37,linux,0,160.5661,6.23,KEM,True,2025-11-21T22:09:58.923485,,1026
Classic-McEliece-8192128,encap,0,16,3.5,1,1,0,ip-172-31-17-37,linux,0,140.8174,7.1,KEM,True,2025-11-21T22:09:59.064513,,1027
Classic-McEliece-8192128,encap,0,16,3.5,1,1,0,ip-172-31-17-37,linux,0,160.7303,6.22,KEM,True,2025-11-21T22:09:59.225484,,1028
Classic-McEliece-8192128,encap,0,16,3.5,1,1,0,ip-172-31-17-37,linux,0,140.4723,7.12,KEM,True,2025-11-21T22:09:59.366169,,1029
Classic-McEliece-8192128,encap,0,16,3.5,1,1,0,ip-172-31-17-37,linux,0,160.654,6.22,KEM,True,2025-11-21T22:09:59.527043,,1030
Classic-McEliece-8192128,encap,0,64,3.5,1,1,0,ip-172-31-17-37,linux,0,381.6359,2.62,KEM,True,2025-11-21T22:09:59.908901,,1031
Classic-McEliece-8192128,encap,0,64,3.5,1,1,0,ip-172-31-17-37,linux,0,301.3017,3.32,KEM,True,2025-11-21T22:10:00.210438,,1032
Classic-McEliece-8192128,encap,0,64,3.5,1,1,0,ip-172-31-17-37,linux,0,140.9914,7.09,KEM,True,2025-11-21T22:10:00.351676,,1033
Classic-McEliece-8192128,encap,0,64,3.5,1,1,0,ip-172-31-17-37,linux,0,140.4949,7.12,KEM,True,2025-11-21T22:10:00.492381,,1034
Classic-McEliece-8192128,encap,0,64,3.5,1,1,0,ip-172-31-17-37,linux,0,200.7391,4.98,KEM,True,2025-11-21T22:10:00.693343,,1035
Classic-McEliece-8192128,encap,1024,1,3.5,1,1,0,ip-172-31-17-37,linux,0,160.6337,6.23,KEM,True,2025-11-21T22:10:00.854193,,1036
Classic-McEliece-8192128,encap,1024,1,3.5,1,1,0,ip-172-31-17-37,linux,0,140.5074,7.12,KEM,True,2025-11-21T22:10:00.994920,,1037
Classic-McEliece-8192128,encap,1024,1,3.5,1,1,0,ip-172-31-17-37,linux,0,161.1393,6.21,KEM,True,2025-11-21T22:10:01.156276,,1038
Classic-McEliece-8192128,encap,1024,1,3.5,1,1,0,ip-172-31-17-37,linux,0,261.1676,3.83,KEM,True,2025-11-21T22:10:01.417689,,1039
Classic-McEliece-8192128,encap,1024,1,3.5,1,1,0,ip-172-31-17-37,linux,0,200.7093,4.98,KEM,True,2025-11-21T22:10:01.618657,,1040
Classic-McEliece-8192128,encap,1024,16,3.5,1,1,0,ip-172-31-17-37,linux,0,160.795,6.22,KEM,True,2025-11-21T22:10:01.779703,,1041
Classic-McEliece-8192128,encap,1024,16,3.5,1,1,0,ip-172-31-17-37,linux,0,180.6679,5.54,KEM,True,2025-11-21T22:10:01.960615,,1042
Classic-McEliece-8192128,encap,1024,16,3.5,1,1,0,ip-172-31-17-37,linux,0,381.6721,2.62,KEM,True,2025-11-21T22:10:02.342528,,1043
Classic-McEliece-8192128,encap,1024,16,3.5,1,1,0,ip-172-31-17-37,linux,0,140.5195,7.12,KEM,True,2025-11-21T22:10:02.483285,,1044
Classic-McEliece-8192128,encap,1024,16,3.5,1,1,0,ip-172-31-17-37,linux,0,180.5935,5.54,KEM,True,2025-11-21T22:10:02.664089,,1045
Classic-McEliece-8192128,encap,1024,64,3.5,1,1,0,ip-172-31-17-37,linux,0,441.6028,2.26,KEM,True,2025-11-21T22:10:03.105910,,1046
Classic-McEliece-8192128,encap,1024,64,3.5,1,1,0,ip-172-31-17-37,linux,0,163.2901,6.12,KEM,True,2025-11-21T22:10:03.269424,,1047
Classic-McEliece-8192128,encap,1024,64,3.5,1,1,0,ip-172-31-17-37,linux,0,140.4993,7.12,KEM,True,2025-11-21T22:10:03.410142,,1048
Classic-McEliece-8192128,encap,1024,64,3.5,1,1,0,ip-172-31-17-37,linux,0,160.7359,6.22,KEM,True,2025-11-21T22:10:03.571106,,1049
Classic-McEliece-8192128,encap,1024,64,3.5,1,1,0,ip-172-31-17-37,linux,0,140.8364,7.1,KEM,True,2025-11-21T22:10:03.712167,,1050
Classic-McEliece-8192128,decap,0,1,3.5,1,1,0,ip-172-31-17-37,linux,0,180.838,5.53,KEM,True,2025-11-21T22:10:03.893236,,1051
Classic-McEliece-8192128,decap,0,1,3.5,1,1,0,ip-172-31-17-37,linux,0,160.7277,6.22,KEM,True,2025-11-21T22:10:04.054179,,1052
Classic-McEliece-8192128,decap,0,1,3.5,1,1,0,ip-172-31-17-37,linux,0,141.1038,7.09,KEM,True,2025-11-21T22:10:04.195498,,1053
Classic-McEliece-8192128,decap,0,1,3.5,1,1,0,ip-172-31-17-37,linux,0,361.2513,2.77,KEM,True,2025-11-21T22:10:04.556961,,1054
Classic-McEliece-8192128,decap,0,1,3.5,1,1,0,ip-172-31-17-37,linux,0,140.899,7.1,KEM,True,2025-11-21T22:10:04.698070,,1055
Classic-McEliece-8192128,decap,0,16,3.5,1,1,0,ip-172-31-17-37,linux,0,160.7444,6.22,KEM,True,2025-11-21T22:10:04.859031,,1056
Classic-McEliece-8192128,decap,0,16,3.5,1,1,0,ip-172-31-17-37,linux,0,160.6959,6.22,KEM,True,2025-11-21T22:10:05.019945,,1057
Classic-McEliece-8192128,decap,0,16,3.5,1,1,0,ip-172-31-17-37,linux,0,201.1663,4.97,KEM,True,2025-11-21T22:10:05.221336,,1058
Classic-McEliece-8192128,decap,0,16,3.5,1,1,0,ip-172-31-17-37,linux,0,181.103,5.52,KEM,True,2025-11-21T22:10:05.402693,,1059
Classic-McEliece-8192128,decap,0,16,3.5,1,1,0,ip-172-31-17-37,linux,0,160.9176,6.21,KEM,True,2025-11-21T22:10:05.563863,,1060
Classic-McEliece-8192128,decap,0,64,3.5,1,1,0,ip-172-31-17-37,linux,0,140.9413,7.1,KEM,True,2025-11-21T22:10:05.705025,,1061
Classic-McEliece-8192128,decap,0,64,3.5,1,1,0,ip-172-31-17-37,linux,0,140.6703,7.11,KEM,True,2025-11-21T22:10:05.845913,,1062
Classic-McEliece-8192128,decap,0,64,3.5,1,1,0,ip-172-31-17-37,linux,0,281.2174,3.56,KEM,True,2025-11-21T22:10:06.127344,,1063
Classic-McEliece-8192128,decap,0,64,3.5,1,1,0,ip-172-31-17-37,linux,0,241.5182,4.14,KEM,True,2025-11-21T22:10:06.369085,,1064
Classic-McEliece-8192128,decap,0,64,3.5,1,1,0,ip-172-31-17-37,linux,0,201.1532,4.97,KEM,True,2025-11-21T22:10:06.570462,,1065
Classic-McEliece-8192128,decap,1024,1,3.5,1,1,0,ip-172-31-17-37,linux,0,281.2596,3.56,KEM,True,2025-11-21T22:10:06.851941,,1066
Classic-McEliece-8192128,decap,1024,1,3.5,1,1,0,ip-172-31-17-37,linux,0,180.7559,5.53,KEM,True,2025-11-21T22:10:07.032914,,1067
Classic-McEliece-8192128,decap,1024,1,3.5,1,1,0,ip-172-31-17-37,linux,0,221.4138,4.52,KEM,True,2025-11-21T22:10:07.254553,,1068
Classic-McEliece-8192128,decap,1024,1,3.5,1,1,0,ip-172-31-17-37,linux,0,221.2433,4.52,KEM,True,2025-11-21T22:10:07.476030,,1069
Classic-McEliece-8192128,decap,1024,1,3.5,1,1,0,ip-172-31-17-37,linux,0,160.6367,6.23,KEM,True,2025-11-21T22:10:07.636881,,1070
Classic-McEliece-8192128,decap,1024,16,3.5,1,1,0,ip-172-31-17-37,linux,0,160.7511,6.22,KEM,True,2025-11-21T22:10:07.797846,,1071
Classic-McEliece-8192128,decap,1024,16,3.5,1,1,0,ip-172-31-17-37,linux,0,180.8401,5.53,KEM,True,2025-11-21T22:10:07.978898,,1072
Classic-McEliece-8192128,decap,1024,16,3.5,1,1,0,ip-172-31-17-37,linux,0,180.8412,5.53,KEM,True,2025-11-21T22:10:08.159955,,1073
Classic-McEliece-8192128,decap,1024,16,3.5,1,1,0,ip-172-31-17-37,linux,0,141.735,7.06,KEM,True,2025-11-21T22:10:08.301910,,1074
Classic-McEliece-8192128,decap,1024,16,3.5,1,1,0,ip-172-31-17-37,linux,0,140.845,7.1,KEM,True,2025-11-21T22:10:08.442968,,1075
Classic-McEliece-8192128,decap,1024,64,3.5,1,1,0,ip-172-31-17-37,linux,0,140.7643,7.1,KEM,True,2025-11-21T22:10:08.583948,,1076
Classic-McEliece-8192128,decap,1024,64,3.5,1,1,0,ip-172-31-17-37,linux,0,207.4438,4.82,KEM,True,2025-11-21T22:10:08.791660,,1077
Classic-McEliece-8192128,decap,1024,64,3.5,1,1,0,ip-172-31-17-37,linux,0,140.8064,7.1,KEM,True,2025-11-21T22:10:08.932737,,1078
Classic-McEliece-8192128,decap,1024,64,3.5,1,1,0,ip-172-31-17-37,linux,0,160.9264,6.21,KEM,True,2025-11-21T22:10:09.093889,,1079
Classic-McEliece-8192128,decap,1024,64,3.5,1,1,0,ip-172-31-17-37,linux,0,181.1006,5.52,KEM,True,2025-11-21T22:10:09.275206,,1080
Classic-McEliece-8192128f,keygen,0,1,3.5,1,1,0,ip-172-31-17-37,linux,0,139.648,7.16,KEM,True,2025-11-21T22:10:09.415078,,1081
Classic-McEliece-8192128f,keygen,0,1,3.5,1,1,0,ip-172-31-17-37,linux,0,139.5849,7.16,KEM,True,2025-11-21T22:10:09.554876,,1082
Classic-McEliece-8192128f,keygen,0,1,3.5,1,1,0,ip-172-31-17-37,linux,0,139.532,7.17,KEM,True,2025-11-21T22:10:09.694652,,1083
Classic-McEliece-8192128f,keygen,0,1,3.5,1,1,0,ip-172-31-17-37,linux,0,139.5556,7.17,KEM,True,2025-11-21T22:10:09.834435,,1084
Classic-McEliece-8192128f,keygen,0,1,3.5,1,1,0,ip-172-31-17-37,linux,0,140.2037,7.13,KEM,True,2025-11-21T22:10:09.974848,,1085
Classic-McEliece-8192128f,keygen,0,16,3.5,1,1,0,ip-172-31-17-37,linux,0,139.6091,7.16,KEM,True,2025-11-21T22:10:10.114696,,1086
Classic-McEliece-8192128f,keygen,0,16,3.5,1,1,0,ip-172-31-17-37,linux,0,139.6274,7.16,KEM,True,2025-11-21T22:10:10.254543,,1087
Classic-McEliece-8192128f,keygen,0,16,3.5,1,1,0,ip-172-31-17-37,linux,0,139.654,7.16,KEM,True,2025-11-21T22:10:10.394443,,1088
Classic-McEliece-8192128f,keygen,0,16,3.5,1,1,0,ip-172-31-17-37,linux,0,139.5039,7.17,KEM,True,2025-11-21T22:10:10.534154,,1089
Classic-McEliece-8192128f,keygen,0,16,3.5,1,1,0,ip-172-31-17-37,linux,0,139.8054,7.15,KEM,True,2025-11-21T22:10:10.674171,,1090
Classic-McEliece-8192128f,keygen,0,64,3.5,1,1,0,ip-172-31-17-37,linux,0,139.8563,7.15,KEM,True,2025-11-21T22:10:10.814236,,1091
Classic-McEliece-8192128f,keygen,0,64,3.5,1,1,0,ip-172-31-17-37,linux,0,139.608,7.16,KEM,True,2025-11-21T22:10:10.954060,,1092
Classic-McEliece-8192128f,keygen,0,64,3.5,1,1,0,ip-172-31-17-37,linux,0,139.6325,7.16,KEM,True,2025-11-21T22:10:11.093902,,1093
Classic-McEliece-8192128f,keygen,0,64,3.5,1,1,0,ip-172-31-17-37,linux,0,139.7093,7.16,KEM,True,2025-11-21T22:10:11.233826,,1094
Classic-McEliece-8192128f,keygen,0,64,3.5,1,1,0,ip-172-31-17-37,linux,0,139.7387,7.16,KEM,True,2025-11-21T22:10:11.373774,,1095
Classic-McEliece-8192128f,keygen,1024,1,3.5,1,1,0,ip-172-31-17-37,linux,0,139.5763,7.16,KEM,True,2025-11-21T22:10:11.513564,,1096
Classic-McEliece-8192128f,keygen,1024,1,3.5,1,1,0,ip-172-31-17-37,linux,0,141.048,7.09,KEM,True,2025-11-21T22:10:11.654856,,1097
Classic-McEliece-8192128f,keygen,1024,1,3.5,1,1,0,ip-172-31-17-37,linux,0,139.9569,7.15,KEM,True,2025-11-21T22:10:11.795020,,1098
Classic-McEliece-8192128f,keygen,1024,1,3.5,1,1,0,ip-172-31-17-37,linux,0,139.8876,7.15,KEM,True,2025-11-21T22:10:11.935116,,1099
Classic-McEliece-8192128f,keygen,1024,1,3.5,1,1,0,ip-172-31-17-37,linux,0,139.6388,7.16,KEM,True,2025-11-21T22:10:12.074968,,1100
Classic-McEliece-8192128f,keygen,1024,16,3.5,1,1,0,ip-172-31-17-37,linux,0,140.0848,7.14,KEM,True,2025-11-21T22:10:12.215265,,1101
Classic-McEliece-8192128f,keygen,1024,16,3.5,1,1,0,ip-172-31-17-37,linux,0,139.5907,7.16,KEM,True,2025-11-21T22:10:12.355062,,1102
Classic-McEliece-8192128f,keygen,1024,16,3.5,1,1,0,ip-172-31-17-37,linux,0,139.5738,7.16,KEM,True,2025-11-21T22:10:12.494847,,1103
Classic-McEliece-8192128f,keygen,1024,16,3.5,1,1,0,ip-172-31-17-37,linux,0,139.8379,7.15,KEM,True,2025-11-21T22:10:12.634896,,1104
Classic-McEliece-8192128f,keygen,1024,16,3.5,1,1,0,ip-172-31-17-37,linux,0,139.5555,7.17,KEM,True,2025-11-21T22:10:12.774700,,1105
Classic-McEliece-8192128f,keygen,1024,64,3.5,1,1,0,ip-172-31-17-37,linux,0,139.6482,7.16,KEM,True,2025-11-21T22:10:12.914571,,1106
Classic-McEliece-8192128f,keygen,1024,64,3.5,1,1,0,ip-172-31-17-37,linux,0,139.505,7.17,KEM,True,2025-11-21T22:10:13.054314,,1107
Classic-McEliece-8192128f,keygen,1024,64,3.5,1,1,0,ip-172-31-17-37,linux,0,139.9274,7.15,KEM,True,2025-11-21T22:10:13.194464,,1108
Classic-McEliece-8192128f,keygen,1024,64,3.5,1,1,0,ip-172-31-17-37,linux,0,139.9154,7.15,KEM,True,2025-11-21T22:10:13.334607,,1109
Classic-McEliece-8192128f,keygen,1024,64,3.5,1,1,0,ip-172-31-17-37,linux,0,139.5146,7.17,KEM,True,2025-11-21T22:10:13.474336,,1110
Classic-McEliece-8192128f,encap,0,1,3.5,1,1,0,ip-172-31-17-37,linux,0,139.8061,7.15,KEM,True,2025-11-21T22:10:13.614375,,1111
Classic-McEliece-8192128f,encap,0,1,3.5,1,1,0,ip-172-31-17-37,linux,0,139.8009,7.15,KEM,True,2025-11-21T22:10:13.754413,,1112
Classic-McEliece-8192128f,encap,0,1,3.5,1,1,0,ip-172-31-17-37,linux,0,139.7864,7.15,KEM,True,2025-11-21T22:10:13.894425,,1113
Classic-McEliece-8192128f,encap,0,1,3.5,1,1,0,ip-172-31-17-37,linux,0,140.3762,7.12,KEM,True,2025-11-21T22:10:14.035008,,1114
Classic-McEliece-8192128f,encap,0,1,3.5,1,1,0,ip-172-31-17-37,linux,0,140.1666,7.13,KEM,True,2025-11-21T22:10:14.175390,,1115
Classic-McEliece-8192128f,encap,0,16,3.5,1,1,0,ip-172-31-17-37,linux,0,139.8399,7.15,KEM,True,2025-11-21T22:10:14.315443,,1116
Classic-McEliece-8192128f,encap,0,16,3.5,1,1,0,ip-172-31-17-37,linux,0,139.8907,7.15,KEM,True,2025-11-21T22:10:14.455547,,1117
Classic-McEliece-8192128f,encap,0,16,3.5,1,1,0,ip-172-31-17-37,linux,0,139.813,7.15,KEM,True,2025-11-21T22:10:14.595626,,1118
Classic-McEliece-8192128f,encap,0,16,3.5,1,1,0,ip-172-31-17-37,linux,0,140.008,7.14,KEM,True,2025-11-21T22:10:14.735858,,1119
Classic-McEliece-8192128f,encap,0,16,3.5,1,1,0,ip-172-31-17-37,linux,0,139.7182,7.16,KEM,True,2025-11-21T22:10:14.875796,,1120
Classic-McEliece-8192128f,encap,0,64,3.5,1,1,0,ip-172-31-17-37,linux,0,140.0882,7.14,KEM,True,2025-11-21T22:10:15.016102,,1121
Classic-McEliece-8192128f,encap,0,64,3.5,1,1,0,ip-172-31-17-37,linux,0,139.8471,7.15,KEM,True,2025-11-21T22:10:15.156165,,1122
Classic-McEliece-8192128f,encap,0,64,3.5,1,1,0,ip-172-31-17-37,linux,0,140.2475,7.13,KEM,True,2025-11-21T22:10:15.296694,,1123
Classic-McEliece-8192128f,encap,0,64,3.5,1,1,0,ip-172-31-17-37,linux,0,139.9397,7.15,KEM,True,2025-11-21T22:10:15.436847,,1124
Classic-McEliece-8192128f,encap,0,64,3.5,1,1,0,ip-172-31-17-37,linux,0,140.1365,7.14,KEM,True,2025-11-21T22:10:15.577197,,1125
Classic-McEliece-8192128f,encap,1024,1,3.5,1,1,0,ip-172-31-17-37,linux,0,139.6886,7.16,KEM,True,2025-11-21T22:10:15.717104,,1126
Classic-McEliece-8192128f,encap,1024,1,3.5,1,1,0,ip-172-31-17-37,linux,0,139.7748,7.15,KEM,True,2025-11-21T22:10:15.857090,,1127
Classic-McEliece-8192128f,encap,1024,1,3.5,1,1,0,ip-172-31-17-37,linux,0,139.8063,7.15,KEM,True,2025-11-21T22:10:15.997111,,1128
Classic-McEliece-8192128f,encap,1024,1,3.5,1,1,0,ip-172-31-17-37,linux,0,139.7116,7.16,KEM,True,2025-11-21T22:10:16.137032,,1129
Classic-McEliece-8192128f,encap,1024,1,3.5,1,1,0,ip-172-31-17-37,linux,0,139.9187,7.15,KEM,True,2025-11-21T22:10:16.277161,,1130
Classic-McEliece-8192128f,encap,1024,16,3.5,1,1,0,ip-172-31-17-37,linux,0,139.753,7.16,KEM,True,2025-11-21T22:10:16.417135,,1131
Classic-McEliece-8192128f,encap,1024,16,3.5,1,1,0,ip-172-31-17-37,linux,0,140.1093,7.14,KEM,True,2025-11-21T22:10:16.557455,,1132
Classic-McEliece-8192128f,encap,1024,16,3.5,1,1,0,ip-172-31-17-37,linux,0,140.2698,7.13,KEM,True,2025-11-21T22:10:16.697939,,1133
Classic-McEliece-8192128f,encap,1024,16,3.5,1,1,0,ip-172-31-17-37,linux,0,139.7442,7.16,KEM,True,2025-11-21T22:10:16.837897,,1134
Classic-McEliece-8192128f,encap,1024,16,3.5,1,1,0,ip-172-31-17-37,linux,0,139.661,7.16,KEM,True,2025-11-21T22:10:16.977774,,1135
Classic-McEliece-8192128f,encap,1024,64,3.5,1,1,0,ip-172-31-17-37,linux,0,139.8173,7.15,KEM,True,2025-11-21T22:10:17.117803,,1136
Classic-McEliece-8192128f,encap,1024,64,3.5,1,1,0,ip-172-31-17-37,linux,0,139.9015,7.15,KEM,True,2025-11-21T22:10:17.257917,,1137
Classic-McEliece-8192128f,encap,1024,64,3.5,1,1,0,ip-172-31-17-37,linux,0,140.0938,7.14,KEM,True,2025-11-21T22:10:17.398224,,1138
Classic-McEliece-8192128f,encap,1024,64,3.5,1,1,0,ip-172-31-17-37,linux,0,139.7076,7.16,KEM,True,2025-11-21T22:10:17.538151,,1139
Classic-McEliece-8192128f,encap,1024,64,3.5,1,1,0,ip-172-31-17-37,linux,0,139.8734,7.15,KEM,True,2025-11-21T22:10:17.678246,,1140
Classic-McEliece-8192128f,decap,0,1,3.5,1,1,0,ip-172-31-17-37,linux,0,140.1832,7.13,KEM,True,2025-11-21T22:10:17.818691,,1141
Classic-McEliece-8192128f,decap,0,1,3.5,1,1,0,ip-172-31-17-37,linux,0,140.1868,7.13,KEM,True,2025-11-21T22:10:17.959096,,1142
Classic-McEliece-8192128f,decap,0,1,3.5,1,1,0,ip-172-31-17-37,linux,0,139.9809,7.14,KEM,True,2025-11-21T22:10:18.099290,,1143
Classic-McEliece-8192128f,decap,0,1,3.5,1,1,0,ip-172-31-17-37,linux,0,140.0218,7.14,KEM,True,2025-11-21T22:10:18.239528,,1144
Classic-McEliece-8192128f,decap,0,1,3.5,1,1,0,ip-172-31-17-37,linux,0,140.1961,7.13,KEM,True,2025-11-21T22:10:18.379969,,1145
Classic-McEliece-8192128f,decap,0,16,3.5,1,1,0,ip-172-31-17-37,linux,0,140.3477,7.13,KEM,True,2025-11-21T22:10:18.520536,,1146
Classic-McEliece-8192128f,decap,0,16,3.5,1,1,0,ip-172-31-17-37,linux,0,139.7506,7.16,KEM,True,2025-11-21T22:10:18.660517,,1147
Classic-McEliece-8192128f,decap,0,16,3.5,1,1,0,ip-172-31-17-37,linux,0,139.9442,7.15,KEM,True,2025-11-21T22:10:18.800742,,1148
Classic-McEliece-8192128f,decap,0,16,3.5,1,1,0,ip-172-31-17-37,linux,0,139.9451,7.15,KEM,True,2025-11-21T22:10:18.940899,,1149
Classic-McEliece-8192128f,decap,0,16,3.5,1,1,0,ip-172-31-17-37,linux,0,139.9046,7.15,KEM,True,2025-11-21T22:10:19.081018,,1150
Classic-McEliece-8192128f,decap,0,64,3.5,1,1,0,ip-172-31-17-37,linux,0,140.0195,7.14,KEM,True,2025-11-21T22:10:19.221273,,1151
Classic-McEliece-8192128f,decap,0,64,3.5,1,1,0,ip-172-31-17-37,linux,0,140.0976,7.14,KEM,True,2025-11-21T22:10:19.361609,,1152
Classic-McEliece-8192128f,decap,0,64,3.5,1,1,0,ip-172-31-17-37,linux,0,139.819,7.15,KEM,True,2025-11-21T22:10:19.501687,,1153
Classic-McEliece-8192128f,decap,0,64,3.5,1,1,0,ip-172-31-17-37,linux,0,139.8561,7.15,KEM,True,2025-11-21T22:10:19.641769,,1154
Classic-McEliece-8192128f,decap,0,64,3.5,1,1,0,ip-172-31-17-37,linux,0,139.8623,7.15,KEM,True,2025-11-21T22:10:19.781850,,1155
Classic-McEliece-8192128f,decap,1024,1,3.5,1,1,0,ip-172-31-17-37,linux,0,139.858,7.15,KEM,True,2025-11-21T22:10:19.921924,,1156
Classic-McEliece-8192128f,decap,1024,1,3.5,1,1,0,ip-172-31-17-37,linux,0,140.1071,7.14,KEM,True,2025-11-21T22:10:20.062265,,1157
Classic-McEliece-8192128f,decap,1024,1,3.5,1,1,0,ip-172-31-17-37,linux,0,140.099,7.14,KEM,True,2025-11-21T22:10:20.202610,,1158
Classic-McEliece-8192128f,decap,1024,1,3.5,1,1,0,ip-172-31-17-37,linux,0,140.1001,7.14,KEM,True,2025-11-21T22:10:20.342931,,1159
Classic-McEliece-8192128f,decap,1024,1,3.5,1,1,0,ip-172-31-17-37,linux,0,140.3619,7.12,KEM,True,2025-11-21T22:10:20.483506,,1160
Classic-McEliece-8192128f,decap,1024,16,3.5,1,1,0,ip-172-31-17-37,linux,0,140.2393,7.13,KEM,True,2025-11-21T22:10:20.623990,,1161
Classic-McEliece-8192128f,decap,1024,16,3.5,1,1,0,ip-172-31-17-37,linux,0,139.9416,7.15,KEM,True,2025-11-21T22:10:20.764151,,1162
Classic-McEliece-8192128f,decap,1024,16,3.5,1,1,0,ip-172-31-17-37,linux,0,139.8827,7.15,KEM,True,2025-11-21T22:10:20.904248,,1163
Classic-McEliece-8192128f,decap,1024,16,3.5,1,1,0,ip-172-31-17-37,linux,0,139.8905,7.15,KEM,True,2025-11-21T22:10:21.044350,,1164
Classic-McEliece-8192128f,decap,1024,16,3.5,1,1,0,ip-172-31-17-37,linux,0,140.2006,7.13,KEM,True,2025-11-21T22:10:21.184769,,1165
Classic-McEliece-8192128f,decap,1024,64,3.5,1,1,0,ip-172-31-17-37,linux,0,140.2447,7.13,KEM,True,2025-11-21T22:10:21.325225,,1166
Classic-McEliece-8192128f,decap,1024,64,3.5,1,1,0,ip-172-31-17-37,linux,0,140.1888,7.13,KEM,True,2025-11-21T22:10:21.465665,,1167
Classic-McEliece-8192128f,decap,1024,64,3.5,1,1,0,ip-172-31-17-37,linux,0,140.1558,7.13,KEM,True,2025-11-21T22:10:21.606042,,1168
Classic-McEliece-8192128f,decap,1024,64,3.5,1,1,0,ip-172-31-17-37,linux,0,140.1346,7.14,KEM,True,2025-11-21T22:10:21.746392,,1169
Classic-McEliece-8192128f,decap,1024,64,3.5,1,1,0,ip-172-31-17-37,linux,0,140.2818,7.13,KEM,True,2025-11-21T22:10:21.886892,,1170
FrodoKEM-1344-AES,keygen,0,1,3.5,1,1,0,ip-172-31-17-37,linux,0,1.1662,857.5,KEM,True,2025-11-21T22:10:21.888138,,1171
FrodoKEM-1344-AES,keygen,0,1,3.5,1,1,0,ip-172-31-17-37,linux,0,1.2729,785.6,KEM,True,2025-11-21T22:10:21.889445,,1172
FrodoKEM-1344-AES,keygen,0,1,3.5,1,1,0,ip-172-31-17-37,linux,0,1.0442,957.66,KEM,True,2025-11-21T22:10:21.890516,,1173
FrodoKEM-1344-AES,keygen,0,1,3.5,1,1,0,ip-172-31-17-37,linux,0,1.3814,723.93,KEM,True,2025-11-21T22:10:21.891924,,1174
FrodoKEM-1344-AES,keygen,0,1,3.5,1,1,0,ip-172-31-17-37,linux,0,1.3635,733.43,KEM,True,2025-11-21T22:10:21.893313,,1175
FrodoKEM-1344-AES,keygen,0,16,3.5,1,1,0,ip-172-31-17-37,linux,0,1.0449,957.02,KEM,True,2025-11-21T22:10:21.894383,,1176
FrodoKEM-1344-AES,keygen,0,16,3.5,1,1,0,ip-172-31-17-37,linux,0,0.9982,1001.78,KEM,True,2025-11-21T22:10:21.895413,,1177
FrodoKEM-1344-AES,keygen,0,16,3.5,1,1,0,ip-172-31-17-37,linux,0,1.2459,802.64,KEM,True,2025-11-21T22:10:21.896684,,1178
FrodoKEM-1344-AES,keygen,0,16,3.5,1,1,0,ip-172-31-17-37,linux,0,1.0251,975.54,KEM,True,2025-11-21T22:10:21.897733,,1179
FrodoKEM-1344-AES,keygen,0,16,3.5,1,1,0,ip-172-31-17-37,linux,0,1.0305,970.36,KEM,True,2025-11-21T22:10:21.898787,,1180
FrodoKEM-1344-AES,keygen,0,64,3.5,1,1,0,ip-172-31-17-37,linux,0,1.0214,979.05,KEM,True,2025-11-21T22:10:21.899833,,1181
FrodoKEM-1344-AES,keygen,0,64,3.5,1,1,0,ip-172-31-17-37,linux,0,0.992,1008.04,KEM,True,2025-11-21T22:10:21.900849,,1182
FrodoKEM-1344-AES,keygen,0,64,3.5,1,1,0,ip-172-31-17-37,linux,0,1.3517,739.82,KEM,True,2025-11-21T22:10:21.902224,,1183
FrodoKEM-1344-AES,keygen,0,64,3.5,1,1,0,ip-172-31-17-37,linux,0,1.0671,937.15,KEM,True,2025-11-21T22:10:21.903315,,1184
FrodoKEM-1344-AES,keygen,0,64,3.5,1,1,0,ip-172-31-17-37,linux,0,1.2123,824.86,KEM,True,2025-11-21T22:10:21.904550,,1185
FrodoKEM-1344-AES,keygen,1024,1,3.5,1,1,0,ip-172-31-17-37,linux,0,1.2453,803.02,KEM,True,2025-11-21T22:10:21.905820,,1186
FrodoKEM-1344-AES,keygen,1024,1,3.5,1,1,0,ip-172-31-17-37,linux,0,1.3682,730.87,KEM,True,2025-11-21T22:10:21.907246,,1187
FrodoKEM-1344-AES,keygen,1024,1,3.5,1,1,0,ip-172-31-17-37,linux,0,1.1212,891.94,KEM,True,2025-11-21T22:10:21.908391,,1188
FrodoKEM-1344-AES,keygen,1024,1,3.5,1,1,0,ip-172-31-17-37,linux,0,1.0193,981.04,KEM,True,2025-11-21T22:10:21.909434,,1189
FrodoKEM-1344-AES,keygen,1024,1,3.5,1,1,0,ip-172-31-17-37,linux,0,0.9984,1001.64,KEM,True,2025-11-21T22:10:21.910455,,1190
FrodoKEM-1344-AES,keygen,1024,16,3.5,1,1,0,ip-172-31-17-37,linux,0,1.2113,825.56,KEM,True,2025-11-21T22:10:21.911691,,1191
FrodoKEM-1344-AES,keygen,1024,16,3.5,1,1,0,ip-172-31-17-37,linux,0,1.2984,770.16,KEM,True,2025-11-21T22:10:21.913012,,1192
FrodoKEM-1344-AES,keygen,1024,16,3.5,1,1,0,ip-172-31-17-37,linux,0,1.0169,983.38,KEM,True,2025-11-21T22:10:21.914052,,1193
FrodoKEM-1344-AES,keygen,1024,16,3.5,1,1,0,ip-172-31-17-37,linux,0,1.023,977.49,KEM,True,2025-11-21T22:10:21.915098,,1194
FrodoKEM-1344-AES,keygen,1024,16,3.5,1,1,0,ip-172-31-17-37,linux,0,1.0086,991.49,KEM,True,2025-11-21T22:10:21.916129,,1195
FrodoKEM-1344-AES,keygen,1024,64,3.5,1,1,0,ip-172-31-17-37,linux,0,1.0204,980.05,KEM,True,2025-11-21T22:10:21.917172,,1196
FrodoKEM-1344-AES,keygen,1024,64,3.5,1,1,0,ip-172-31-17-37,linux,0,0.9903,1009.75,KEM,True,2025-11-21T22:10:21.918185,,1197
FrodoKEM-1344-AES,keygen,1024,64,3.5,1,1,0,ip-172-31-17-37,linux,0,1.2327,811.23,KEM,True,2025-11-21T22:10:21.919441,,1198
FrodoKEM-1344-AES,keygen,1024,64,3.5,1,1,0,ip-172-31-17-37,linux,0,1.111,900.1,KEM,True,2025-11-21T22:10:21.920584,,1199
FrodoKEM-1344-AES,keygen,1024,64,3.5,1,1,0,ip-172-31-17-37,linux,0,1.0211,979.32,KEM,True,2025-11-21T22:10:21.921627,,1200
FrodoKEM-1344-AES,encap,0,1,3.5,1,1,0,ip-172-31-17-37,linux,0,2.3184,431.32,KEM,True,2025-11-21T22:10:21.923981,,1201
FrodoKEM-1344-AES,encap,0,1,3.5,1,1,0,ip-172-31-17-37,linux,0,2.5029,399.54,KEM,True,2025-11-21T22:10:21.926513,,1202
FrodoKEM-1344-AES,encap,0,1,3.5,1,1,0,ip-172-31-17-37,linux,0,2.5632,390.14,KEM,True,2025-11-21T22:10:21.929103,,1203
FrodoKEM-1344-AES,encap,0,1,3.5,1,1,0,ip-172-31-17-37,linux,0,2.493,401.12,KEM,True,2025-11-21T22:10:21.931621,,1204
FrodoKEM-1344-AES,encap,0,1,3.5,1,1,0,ip-172-31-17-37,linux,0,2.4189,413.42,KEM,True,2025-11-21T22:10:21.934064,,1205
FrodoKEM-1344-AES,encap,0,16,3.5,1,1,0,ip-172-31-17-37,linux,0,2.5768,388.09,KEM,True,2025-11-21T22:10:21.936666,,1206
FrodoKEM-1344-AES,encap,0,16,3.5,1,1,0,ip-172-31-17-37,linux,0,2.4829,402.76,KEM,True,2025-11-21T22:10:21.939173,,1207
FrodoKEM-1344-AES,encap,0,16,3.5,1,1,0,ip-172-31-17-37,linux,0,2.4771,403.69,KEM,True,2025-11-21T22:10:21.941675,,1208
FrodoKEM-1344-AES,encap,0,16,3.5,1,1,0,ip-172-31-17-37,linux,0,2.483,402.74,KEM,True,2025-11-21T22:10:21.944182,,1209
FrodoKEM-1344-AES,encap,0,16,3.5,1,1,0,ip-172-31-17-37,linux,0,2.4358,410.55,KEM,True,2025-11-21T22:10:21.946642,,1210
FrodoKEM-1344-AES,encap,0,64,3.5,1,1,0,ip-172-31-17-37,linux,0,2.4172,413.71,KEM,True,2025-11-21T22:10:21.949086,,1211
FrodoKEM-1344-AES,encap,0,64,3.5,1,1,0,ip-172-31-17-37,linux,0,2.3041,434.0,KEM,True,2025-11-21T22:10:21.951419,,1212
FrodoKEM-1344-AES,encap,0,64,3.5,1,1,0,ip-172-31-17-37,linux,0,2.5074,398.82,KEM,True,2025-11-21T22:10:21.953955,,1213
FrodoKEM-1344-AES,encap,0,64,3.5,1,1,0,ip-172-31-17-37,linux,0,2.6383,379.03,KEM,True,2025-11-21T22:10:21.956619,,1214
FrodoKEM-1344-AES,encap,0,64,3.5,1,1,0,ip-172-31-17-37,linux,0,2.4153,414.02,KEM,True,2025-11-21T22:10:21.959062,,1215
FrodoKEM-1344-AES,encap,1024,1,3.5,1,1,0,ip-172-31-17-37,linux,0,2.6399,378.8,KEM,True,2025-11-21T22:10:21.961730,,1216
FrodoKEM-1344-AES,encap,1024,1,3.5,1,1,0,ip-172-31-17-37,linux,0,2.304,434.04,KEM,True,2025-11-21T22:10:21.964061,,1217
FrodoKEM-1344-AES,encap,1024,1,3.5,1,1,0,ip-172-31-17-37,linux,0,2.5974,385.01,KEM,True,2025-11-21T22:10:21.966684,,1218
FrodoKEM-1344-AES,encap,1024,1,3.5,1,1,0,ip-172-31-17-37,linux,0,2.6044,383.96,KEM,True,2025-11-21T22:10:21.969315,,1219
FrodoKEM-1344-AES,encap,1024,1,3.5,1,1,0,ip-172-31-17-37,linux,0,3.868,258.53,KEM,True,2025-11-21T22:10:21.973209,,1220
FrodoKEM-1344-AES,encap,1024,16,3.5,1,1,0,ip-172-31-17-37,linux,0,2.7519,363.38,KEM,True,2025-11-21T22:10:21.975988,,1221
FrodoKEM-1344-AES,encap,1024,16,3.5,1,1,0,ip-172-31-17-37,linux,0,2.3098,432.93,KEM,True,2025-11-21T22:10:21.978323,,1222
FrodoKEM-1344-AES,encap,1024,16,3.5,1,1,0,ip-172-31-17-37,linux,0,2.2905,436.58,KEM,True,2025-11-21T22:10:21.980639,,1223
FrodoKEM-1344-AES,encap,1024,16,3.5,1,1,0,ip-172-31-17-37,linux,0,2.6284,380.47,KEM,True,2025-11-21T22:10:21.983293,,1224
FrodoKEM-1344-AES,encap,1024,16,3.5,1,1,0,ip-172-31-17-37,linux,0,2.6289,380.38,KEM,True,2025-11-21T22:10:21.985947,,1225
FrodoKEM-1344-AES,encap,1024,64,3.5,1,1,0,ip-172-31-17-37,linux,0,3.4133,292.97,KEM,True,2025-11-21T22:10:21.989387,,1226
FrodoKEM-1344-AES,encap,1024,64,3.5,1,1,0,ip-172-31-17-37,linux,0,2.422,412.89,KEM,True,2025-11-21T22:10:21.991835,,1227
FrodoKEM-1344-AES,encap,1024,64,3.5,1,1,0,ip-172-31-17-37,linux,0,2.2893,436.81,KEM,True,2025-11-21T22:10:21.994150,,1228
FrodoKEM-1344-AES,encap,1024,64,3.5,1,1,0,ip-172-31-17-37,linux,0,2.5173,397.25,KEM,True,2025-11-21T22:10:21.996692,,1229
FrodoKEM-1344-AES,encap,1024,64,3.5,1,1,0,ip-172-31-17-37,linux,0,2.4875,402.02,KEM,True,2025-11-21T22:10:21.999205,,1230
FrodoKEM-1344-AES,decap,0,1,3.5,1,1,0,ip-172-31-17-37,linux,0,3.7454,266.99,KEM,True,2025-11-21T22:10:22.002981,,1231
FrodoKEM-1344-AES,decap,0,1,3.5,1,1,0,ip-172-31-17-37,linux,0,3.758,266.1,KEM,True,2025-11-21T22:10:22.006767,,1232
FrodoKEM-1344-AES,decap,0,1,3.5,1,1,0,ip-172-31-17-37,linux,0,3.5126,284.69,KEM,True,2025-11-21T22:10:22.010309,,1233
FrodoKEM-1344-AES,decap,0,1,3.5,1,1,0,ip-172-31-17-37,linux,0,3.6972,270.48,KEM,True,2025-11-21T22:10:22.014033,,1234
FrodoKEM-1344-AES,decap,0,1,3.5,1,1,0,ip-172-31-17-37,linux,0,3.5328,283.06,KEM,True,2025-11-21T22:10:22.017592,,1235
FrodoKEM-1344-AES,decap,0,16,3.5,1,1,0,ip-172-31-17-37,linux,0,3.527,283.53,KEM,True,2025-11-21T22:10:22.021145,,1236
FrodoKEM-1344-AES,decap,0,16,3.5,1,1,0,ip-172-31-17-37,linux,0,3.7334,267.85,KEM,True,2025-11-21T22:10:22.024905,,1237
FrodoKEM-1344-AES,decap,0,16,3.5,1,1,0,ip-172-31-17-37,linux,0,3.745,267.02,KEM,True,2025-11-21T22:10:22.028677,,1238
FrodoKEM-1344-AES,decap,0,16,3.5,1,1,0,ip-172-31-17-37,linux,0,3.6895,271.04,KEM,True,2025-11-21T22:10:22.032396,,1239
FrodoKEM-1344-AES,decap,0,16,3.5,1,1,0,ip-172-31-17-37,linux,0,3.6305,275.44,KEM,True,2025-11-21T22:10:22.036055,,1240
FrodoKEM-1344-AES,decap,0,64,3.5,1,1,0,ip-172-31-17-37,linux,0,3.7551,266.3,KEM,True,2025-11-21T22:10:22.039839,,1241
FrodoKEM-1344-AES,decap,0,64,3.5,1,1,0,ip-172-31-17-37,linux,0,3.5396,282.51,KEM,True,2025-11-21T22:10:22.043408,,1242
FrodoKEM-1344-AES,decap,0,64,3.5,1,1,0,ip-172-31-17-37,linux,0,3.5483,281.83,KEM,True,2025-11-21T22:10:22.046984,,1243
FrodoKEM-1344-AES,decap,0,64,3.5,1,1,0,ip-172-31-17-37,linux,0,3.7597,265.98,KEM,True,2025-11-21T22:10:22.050772,,1244
FrodoKEM-1344-AES,decap,0,64,3.5,1,1,0,ip-172-31-17-37,linux,0,3.7456,266.98,KEM,True,2025-11-21T22:10:22.054546,,1245
FrodoKEM-1344-AES,decap,1024,1,3.5,1,1,0,ip-172-31-17-37,linux,0,3.5379,282.65,KEM,True,2025-11-21T22:10:22.058113,,1246
FrodoKEM-1344-AES,decap,1024,1,3.5,1,1,0,ip-172-31-17-37,linux,0,3.5352,282.87,KEM,True,2025-11-21T22:10:22.061676,,1247
FrodoKEM-1344-AES,decap,1024,1,3.5,1,1,0,ip-172-31-17-37,linux,0,3.6523,273.8,KEM,True,2025-11-21T22:10:22.065356,,1248
FrodoKEM-1344-AES,decap,1024,1,3.5,1,1,0,ip-172-31-17-37,linux,0,3.7756,264.86,KEM,True,2025-11-21T22:10:22.069159,,1249
FrodoKEM-1344-AES,decap,1024,1,3.5,1,1,0,ip-172-31-17-37,linux,0,3.531,283.2,KEM,True,2025-11-21T22:10:22.072717,,1250
FrodoKEM-1344-AES,decap,1024,16,3.5,1,1,0,ip-172-31-17-37,linux,0,3.5306,283.24,KEM,True,2025-11-21T22:10:22.076276,,1251
FrodoKEM-1344-AES,decap,1024,16,3.5,1,1,0,ip-172-31-17-37,linux,0,3.7442,267.08,KEM,True,2025-11-21T22:10:22.080047,,1252
FrodoKEM-1344-AES,decap,1024,16,3.5,1,1,0,ip-172-31-17-37,linux,0,3.7462,266.94,KEM,True,2025-11-21T22:10:22.083820,,1253
FrodoKEM-1344-AES,decap,1024,16,3.5,1,1,0,ip-172-31-17-37,linux,0,3.8287,261.19,KEM,True,2025-11-21T22:10:22.087711,,1254
FrodoKEM-1344-AES,decap,1024,16,3.5,1,1,0,ip-172-31-17-37,linux,0,3.734,267.81,KEM,True,2025-11-21T22:10:22.091474,,1255
FrodoKEM-1344-AES,decap,1024,64,3.5,1,1,0,ip-172-31-17-37,linux,0,3.5564,281.18,KEM,True,2025-11-21T22:10:22.095062,,1256
FrodoKEM-1344-AES,decap,1024,64,3.5,1,1,0,ip-172-31-17-37,linux,0,3.5344,282.94,KEM,True,2025-11-21T22:10:22.098625,,1257
FrodoKEM-1344-AES,decap,1024,64,3.5,1,1,0,ip-172-31-17-37,linux,0,3.7239,268.54,KEM,True,2025-11-21T22:10:22.102377,,1258
FrodoKEM-1344-AES,decap,1024,64,3.5,1,1,0,ip-172-31-17-37,linux,0,3.5321,283.12,KEM,True,2025-11-21T22:10:22.105945,,1259
FrodoKEM-1344-AES,decap,1024,64,3.5,1,1,0,ip-172-31-17-37,linux,0,3.7139,269.26,KEM,True,2025-11-21T22:10:22.109687,,1260
FrodoKEM-1344-SHAKE,keygen,0,1,3.5,1,1,0,ip-172-31-17-37,linux,0,1.867,535.62,KEM,True,2025-11-21T22:10:22.111593,,1261
FrodoKEM-1344-SHAKE,keygen,0,1,3.5,1,1,0,ip-172-31-17-37,linux,0,1.805,554.02,KEM,True,2025-11-21T22:10:22.113426,,1262
FrodoKEM-1344-SHAKE,keygen,0,1,3.5,1,1,0,ip-172-31-17-37,linux,0,1.8312,546.09,KEM,True,2025-11-21T22:10:22.115283,,1263
FrodoKEM-1344-SHAKE,keygen,0,1,3.5,1,1,0,ip-172-31-17-37,linux,0,1.8188,549.82,KEM,True,2025-11-21T22:10:22.117127,,1264
FrodoKEM-1344-SHAKE,keygen,0,1,3.5,1,1,0,ip-172-31-17-37,linux,0,1.8176,550.18,KEM,True,2025-11-21T22:10:22.118969,,1265
FrodoKEM-1344-SHAKE,keygen,0,16,3.5,1,1,0,ip-172-31-17-37,linux,0,1.8131,551.55,KEM,True,2025-11-21T22:10:22.120811,,1266
FrodoKEM-1344-SHAKE,keygen,0,16,3.5,1,1,0,ip-172-31-17-37,linux,0,1.8492,540.77,KEM,True,2025-11-21T22:10:22.122684,,1267
FrodoKEM-1344-SHAKE,keygen,0,16,3.5,1,1,0,ip-172-31-17-37,linux,0,1.8175,550.22,KEM,True,2025-11-21T22:10:22.124527,,1268
FrodoKEM-1344-SHAKE,keygen,0,16,3.5,1,1,0,ip-172-31-17-37,linux,0,1.8112,552.11,KEM,True,2025-11-21T22:10:22.126362,,1269
FrodoKEM-1344-SHAKE,keygen,0,16,3.5,1,1,0,ip-172-31-17-37,linux,0,1.8444,542.18,KEM,True,2025-11-21T22:10:22.128231,,1270
FrodoKEM-1344-SHAKE,keygen,0,64,3.5,1,1,0,ip-172-31-17-37,linux,0,1.8317,545.93,KEM,True,2025-11-21T22:10:22.130088,,1271
FrodoKEM-1344-SHAKE,keygen,0,64,3.5,1,1,0,ip-172-31-17-37,linux,0,1.8153,550.89,KEM,True,2025-11-21T22:10:22.131928,,1272
FrodoKEM-1344-SHAKE,keygen,0,64,3.5,1,1,0,ip-172-31-17-37,linux,0,1.8146,551.09,KEM,True,2025-11-21T22:10:22.133767,,1273
FrodoKEM-1344-SHAKE,keygen,0,64,3.5,1,1,0,ip-172-31-17-37,linux,0,1.8215,548.99,KEM,True,2025-11-21T22:10:22.135613,,1274
FrodoKEM-1344-SHAKE,keygen,0,64,3.5,1,1,0,ip-172-31-17-37,linux,0,1.8269,547.38,KEM,True,2025-11-21T22:10:22.137465,,1275
FrodoKEM-1344-SHAKE,keygen,1024,1,3.5,1,1,0,ip-172-31-17-37,linux,0,1.8317,545.93,KEM,True,2025-11-21T22:10:22.139322,,1276
FrodoKEM-1344-SHAKE,keygen,1024,1,3.5,1,1,0,ip-172-31-17-37,linux,0,1.8112,552.11,KEM,True,2025-11-21T22:10:22.141157,,1277
FrodoKEM-1344-SHAKE,keygen,1024,1,3.5,1,1,0,ip-172-31-17-37,linux,0,1.8482,541.06,KEM,True,2025-11-21T22:10:22.143030,,1278
FrodoKEM-1344-SHAKE,keygen,1024,1,3.5,1,1,0,ip-172-31-17-37,linux,0,1.7924,557.92,KEM,True,2025-11-21T22:10:22.144847,,1279
FrodoKEM-1344-SHAKE,keygen,1024,1,3.5,1,1,0,ip-172-31-17-37,linux,0,1.8216,548.97,KEM,True,2025-11-21T22:10:22.146693,,1280
FrodoKEM-1344-SHAKE,keygen,1024,16,3.5,1,1,0,ip-172-31-17-37,linux,0,1.8053,553.92,KEM,True,2025-11-21T22:10:22.148522,,1281
FrodoKEM-1344-SHAKE,keygen,1024,16,3.5,1,1,0,ip-172-31-17-37,linux,0,1.8199,549.49,KEM,True,2025-11-21T22:10:22.150367,,1282
FrodoKEM-1344-SHAKE,keygen,1024,16,3.5,1,1,0,ip-172-31-17-37,linux,0,1.8308,546.22,KEM,True,2025-11-21T22:10:22.152221,,1283
FrodoKEM-1344-SHAKE,keygen,1024,16,3.5,1,1,0,ip-172-31-17-37,linux,0,1.8105,552.34,KEM,True,2025-11-21T22:10:22.154057,,1284
FrodoKEM-1344-SHAKE,keygen,1024,16,3.5,1,1,0,ip-172-31-17-37,linux,0,1.8297,546.53,KEM,True,2025-11-21T22:10:22.155911,,1285
FrodoKEM-1344-SHAKE,keygen,1024,64,3.5,1,1,0,ip-172-31-17-37,linux,0,2.174,459.97,KEM,True,2025-11-21T22:10:22.158112,,1286
FrodoKEM-1344-SHAKE,keygen,1024,64,3.5,1,1,0,ip-172-31-17-37,linux,0,1.8279,547.08,KEM,True,2025-11-21T22:10:22.159972,,1287
FrodoKEM-1344-SHAKE,keygen,1024,64,3.5,1,1,0,ip-172-31-17-37,linux,0,1.8159,550.7,KEM,True,2025-11-21T22:10:22.161813,,1288
FrodoKEM-1344-SHAKE,keygen,1024,64,3.5,1,1,0,ip-172-31-17-37,linux,0,1.8233,548.45,KEM,True,2025-11-21T22:10:22.163661,,1289
FrodoKEM-1344-SHAKE,keygen,1024,64,3.5,1,1,0,ip-172-31-17-37,linux,0,1.8116,551.99,KEM,True,2025-11-21T22:10:22.165498,,1290
FrodoKEM-1344-SHAKE,encap,0,1,3.5,1,1,0,ip-172-31-17-37,linux,0,3.8665,258.63,KEM,True,2025-11-21T22:10:22.169400,,1291
FrodoKEM-1344-SHAKE,encap,0,1,3.5,1,1,0,ip-172-31-17-37,linux,0,3.8427,260.23,KEM,True,2025-11-21T22:10:22.173271,,1292
FrodoKEM-1344-SHAKE,encap,0,1,3.5,1,1,0,ip-172-31-17-37,linux,0,3.8468,259.96,KEM,True,2025-11-21T22:10:22.177145,,1293
FrodoKEM-1344-SHAKE,encap,0,1,3.5,1,1,0,ip-172-31-17-37,linux,0,3.8876,257.23,KEM,True,2025-11-21T22:10:22.181060,,1294
FrodoKEM-1344-SHAKE,encap,0,1,3.5,1,1,0,ip-172-31-17-37,linux,0,3.8386,260.51,KEM,True,2025-11-21T22:10:22.184928,,1295
FrodoKEM-1344-SHAKE,encap,0,16,3.5,1,1,0,ip-172-31-17-37,linux,0,3.8492,259.8,KEM,True,2025-11-21T22:10:22.188805,,1296
FrodoKEM-1344-SHAKE,encap,0,16,3.5,1,1,0,ip-172-31-17-37,linux,0,3.8361,260.68,KEM,True,2025-11-21T22:10:22.192667,,1297
FrodoKEM-1344-SHAKE,encap,0,16,3.5,1,1,0,ip-172-31-17-37,linux,0,3.8284,261.21,KEM,True,2025-11-21T22:10:22.196521,,1298
FrodoKEM-1344-SHAKE,encap,0,16,3.5,1,1,0,ip-172-31-17-37,linux,0,3.8306,261.06,KEM,True,2025-11-21T22:10:22.200377,,1299
FrodoKEM-1344-SHAKE,encap,0,16,3.5,1,1,0,ip-172-31-17-37,linux,0,3.8324,260.93,KEM,True,2025-11-21T22:10:22.204235,,1300
FrodoKEM-1344-SHAKE,encap,0,64,3.5,1,1,0,ip-172-31-17-37,linux,0,3.8271,261.29,KEM,True,2025-11-21T22:10:22.208088,,1301
FrodoKEM-1344-SHAKE,encap,0,64,3.5,1,1,0,ip-172-31-17-37,linux,0,3.8375,260.59,KEM,True,2025-11-21T22:10:22.211952,,1302
FrodoKEM-1344-SHAKE,encap,0,64,3.5,1,1,0,ip-172-31-17-37,linux,0,3.8545,259.43,KEM,True,2025-11-21T22:10:22.215833,,1303
FrodoKEM-1344-SHAKE,encap,0,64,3.5,1,1,0,ip-172-31-17-37,linux,0,3.885,257.4,KEM,True,2025-11-21T22:10:22.219746,,1304
FrodoKEM-1344-SHAKE,encap,0,64,3.5,1,1,0,ip-172-31-17-37,linux,0,3.8423,260.26,KEM,True,2025-11-21T22:10:22.223615,,1305
FrodoKEM-1344-SHAKE,encap,1024,1,3.5,1,1,0,ip-172-31-17-37,linux,0,3.8252,261.42,KEM,True,2025-11-21T22:10:22.227468,,1306
FrodoKEM-1344-SHAKE,encap,1024,1,3.5,1,1,0,ip-172-31-17-37,linux,0,3.8266,261.33,KEM,True,2025-11-21T22:10:22.231322,,1307
FrodoKEM-1344-SHAKE,encap,1024,1,3.5,1,1,0,ip-172-31-17-37,linux,0,3.8283,261.21,KEM,True,2025-11-21T22:10:22.235176,,1308
FrodoKEM-1344-SHAKE,encap,1024,1,3.5,1,1,0,ip-172-31-17-37,linux,0,3.8415,260.32,KEM,True,2025-11-21T22:10:22.239043,,1309
FrodoKEM-1344-SHAKE,encap,1024,1,3.5,1,1,0,ip-172-31-17-37,linux,0,3.8584,259.18,KEM,True,2025-11-21T22:10:22.242927,,1310
FrodoKEM-1344-SHAKE,encap,1024,16,3.5,1,1,0,ip-172-31-17-37,linux,0,3.8334,260.87,KEM,True,2025-11-21T22:10:22.246786,,1311
FrodoKEM-1344-SHAKE,encap,1024,16,3.5,1,1,0,ip-172-31-17-37,linux,0,3.8278,261.25,KEM,True,2025-11-21T22:10:22.250639,,1312
FrodoKEM-1344-SHAKE,encap,1024,16,3.5,1,1,0,ip-172-31-17-37,linux,0,3.825,261.44,KEM,True,2025-11-21T22:10:22.254490,,1313
FrodoKEM-1344-SHAKE,encap,1024,16,3.5,1,1,0,ip-172-31-17-37,linux,0,3.8612,258.99,KEM,True,2025-11-21T22:10:22.258377,,1314
FrodoKEM-1344-SHAKE,encap,1024,16,3.5,1,1,0,ip-172-31-17-37,linux,0,3.8324,260.93,KEM,True,2025-11-21T22:10:22.262234,,1315
FrodoKEM-1344-SHAKE,encap,1024,64,3.5,1,1,0,ip-172-31-17-37,linux,0,3.8284,261.21,KEM,True,2025-11-21T22:10:22.266089,,1316
FrodoKEM-1344-SHAKE,encap,1024,64,3.5,1,1,0,ip-172-31-17-37,linux,0,3.8272,261.29,KEM,True,2025-11-21T22:10:22.269941,,1317
FrodoKEM-1344-SHAKE,encap,1024,64,3.5,1,1,0,ip-172-31-17-37,linux,0,3.8756,258.02,KEM,True,2025-11-21T22:10:22.273842,,1318
FrodoKEM-1344-SHAKE,encap,1024,64,3.5,1,1,0,ip-172-31-17-37,linux,0,3.8509,259.68,KEM,True,2025-11-21T22:10:22.277720,,1319
FrodoKEM-1344-SHAKE,encap,1024,64,3.5,1,1,0,ip-172-31-17-37,linux,0,3.9185,255.2,KEM,True,2025-11-21T22:10:22.281696,,1320
FrodoKEM-1344-SHAKE,decap,0,1,3.5,1,1,0,ip-172-31-17-37,linux,0,5.8411,171.2,KEM,True,2025-11-21T22:10:22.287585,,1321
FrodoKEM-1344-SHAKE,decap,0,1,3.5,1,1,0,ip-172-31-17-37,linux,0,5.8299,171.53,KEM,True,2025-11-21T22:10:22.293445,,1322
FrodoKEM-1344-SHAKE,decap,0,1,3.5,1,1,0,ip-172-31-17-37,linux,0,5.8772,170.15,KEM,True,2025-11-21T22:10:22.299352,,1323
FrodoKEM-1344-SHAKE,decap,0,1,3.5,1,1,0,ip-172-31-17-37,linux,0,5.8464,171.04,KEM,True,2025-11-21T22:10:22.305227,,1324
FrodoKEM-1344-SHAKE,decap,0,1,3.5,1,1,0,ip-172-31-17-37,linux,0,5.854,170.82,KEM,True,2025-11-21T22:10:22.311110,,1325
FrodoKEM-1344-SHAKE,decap,0,16,3.5,1,1,0,ip-172-31-17-37,linux,0,5.8293,171.55,KEM,True,2025-11-21T22:10:22.316968,,1326
FrodoKEM-1344-SHAKE,decap,0,16,3.5,1,1,0,ip-172-31-17-37,linux,0,5.8313,171.49,KEM,True,2025-11-21T22:10:22.322826,,1327
FrodoKEM-1344-SHAKE,decap,0,16,3.5,1,1,0,ip-172-31-17-37,linux,0,5.8267,171.62,KEM,True,2025-11-21T22:10:22.328679,,1328
FrodoKEM-1344-SHAKE,decap,0,16,3.5,1,1,0,ip-172-31-17-37,linux,0,5.8446,171.1,KEM,True,2025-11-21T22:10:22.334552,,1329
FrodoKEM-1344-SHAKE,decap,0,16,3.5,1,1,0,ip-172-31-17-37,linux,0,5.8203,171.81,KEM,True,2025-11-21T22:10:22.340418,,1330
FrodoKEM-1344-SHAKE,decap,0,64,3.5,1,1,0,ip-172-31-17-37,linux,0,5.8315,171.48,KEM,True,2025-11-21T22:10:22.346278,,1331
FrodoKEM-1344-SHAKE,decap,0,64,3.5,1,1,0,ip-172-31-17-37,linux,0,5.8599,170.65,KEM,True,2025-11-21T22:10:22.352165,,1332
FrodoKEM-1344-SHAKE,decap,0,64,3.5,1,1,0,ip-172-31-17-37,linux,0,5.8358,171.36,KEM,True,2025-11-21T22:10:22.358028,,1333
FrodoKEM-1344-SHAKE,decap,0,64,3.5,1,1,0,ip-172-31-17-37,linux,0,5.8437,171.12,KEM,True,2025-11-21T22:10:22.363898,,1334
FrodoKEM-1344-SHAKE,decap,0,64,3.5,1,1,0,ip-172-31-17-37,linux,0,5.8297,171.54,KEM,True,2025-11-21T22:10:22.369754,,1335
FrodoKEM-1344-SHAKE,decap,1024,1,3.5,1,1,0,ip-172-31-17-37,linux,0,5.8324,171.46,KEM,True,2025-11-21T22:10:22.375614,,1336
FrodoKEM-1344-SHAKE,decap,1024,1,3.5,1,1,0,ip-172-31-17-37,linux,0,5.8186,171.86,KEM,True,2025-11-21T22:10:22.381460,,1337
FrodoKEM-1344-SHAKE,decap,1024,1,3.5,1,1,0,ip-172-31-17-37,linux,0,5.838,171.29,KEM,True,2025-11-21T22:10:22.387324,,1338
FrodoKEM-1344-SHAKE,decap,1024,1,3.5,1,1,0,ip-172-31-17-37,linux,0,5.83,171.53,KEM,True,2025-11-21T22:10:22.393181,,1339
FrodoKEM-1344-SHAKE,decap,1024,1,3.5,1,1,0,ip-172-31-17-37,linux,0,5.8547,170.8,KEM,True,2025-11-21T22:10:22.399062,,1340
FrodoKEM-1344-SHAKE,decap,1024,16,3.5,1,1,0,ip-172-31-17-37,linux,0,5.8322,171.46,KEM,True,2025-11-21T22:10:22.404921,,1341
FrodoKEM-1344-SHAKE,decap,1024,16,3.5,1,1,0,ip-172-31-17-37,linux,0,5.8596,170.66,KEM,True,2025-11-21T22:10:22.410809,,1342
FrodoKEM-1344-SHAKE,decap,1024,16,3.5,1,1,0,ip-172-31-17-37,linux,0,5.8333,171.43,KEM,True,2025-11-21T22:10:22.416670,,1343
FrodoKEM-1344-SHAKE,decap,1024,16,3.5,1,1,0,ip-172-31-17-37,linux,0,5.8506,170.92,KEM,True,2025-11-21T22:10:22.422550,,1344
FrodoKEM-1344-SHAKE,decap,1024,16,3.5,1,1,0,ip-172-31-17-37,linux,0,5.8305,171.51,KEM,True,2025-11-21T22:10:22.428427,,1345
FrodoKEM-1344-SHAKE,decap,1024,64,3.5,1,1,0,ip-172-31-17-37,linux,0,5.8317,171.48,KEM,True,2025-11-21T22:10:22.434287,,1346
FrodoKEM-1344-SHAKE,decap,1024,64,3.5,1,1,0,ip-172-31-17-37,linux,0,5.8401,171.23,KEM,True,2025-11-21T22:10:22.440156,,1347
FrodoKEM-1344-SHAKE,decap,1024,64,3.5,1,1,0,ip-172-31-17-37,linux,0,5.8372,171.32,KEM,True,2025-11-21T22:10:22.446021,,1348
FrodoKEM-1344-SHAKE,decap,1024,64,3.5,1,1,0,ip-172-31-17-37,linux,0,5.8359,171.35,KEM,True,2025-11-21T22:10:22.451885,,1349
FrodoKEM-1344-SHAKE,decap,1024,64,3.5,1,1,0,ip-172-31-17-37,linux,0,5.8302,171.52,KEM,True,2025-11-21T22:10:22.457743,,1350
FrodoKEM-640-AES,keygen,0,1,3.5,1,1,0,ip-172-31-17-37,linux,0,0.3918,2552.4,KEM,True,2025-11-21T22:10:22.458168,,1351
FrodoKEM-640-AES,keygen,0,1,3.5,1,1,0,ip-172-31-17-37,linux,0,0.3305,3025.31,KEM,True,2025-11-21T22:10:22.458528,,1352
FrodoKEM-640-AES,keygen,0,1,3.5,1,1,0,ip-172-31-17-37,linux,0,0.3348,2987.14,KEM,True,2025-11-21T22:10:22.458889,,1353
FrodoKEM-640-AES,keygen,0,1,3.5,1,1,0,ip-172-31-17-37,linux,0,0.3215,3110.42,KEM,True,2025-11-21T22:10:22.459234,,1354
FrodoKEM-640-AES,keygen,0,1,3.5,1,1,0,ip-172-31-17-37,linux,0,0.3351,2983.9,KEM,True,2025-11-21T22:10:22.459594,,1355
FrodoKEM-640-AES,keygen,0,16,3.5,1,1,0,ip-172-31-17-37,linux,0,0.3197,3127.86,KEM,True,2025-11-21T22:10:22.459938,,1356
FrodoKEM-640-AES,keygen,0,16,3.5,1,1,0,ip-172-31-17-37,linux,0,0.3184,3141.17,KEM,True,2025-11-21T22:10:22.460279,,1357
FrodoKEM-640-AES,keygen,0,16,3.5,1,1,0,ip-172-31-17-37,linux,0,0.3299,3031.13,KEM,True,2025-11-21T22:10:22.460632,,1358
FrodoKEM-640-AES,keygen,0,16,3.5,1,1,0,ip-172-31-17-37,linux,0,0.324,3086.54,KEM,True,2025-11-21T22:10:22.460981,,1359
FrodoKEM-640-AES,keygen,0,16,3.5,1,1,0,ip-172-31-17-37,linux,0,0.3198,3126.55,KEM,True,2025-11-21T22:10:22.461325,,1360
FrodoKEM-640-AES,keygen,0,64,3.5,1,1,0,ip-172-31-17-37,linux,0,0.3308,3023.18,KEM,True,2025-11-21T22:10:22.461680,,1361
FrodoKEM-640-AES,keygen,0,64,3.5,1,1,0,ip-172-31-17-37,linux,0,0.3186,3139.07,KEM,True,2025-11-21T22:10:22.462021,,1362
FrodoKEM-640-AES,keygen,0,64,3.5,1,1,0,ip-172-31-17-37,linux,0,0.3177,3147.26,KEM,True,2025-11-21T22:10:22.462362,,1363
FrodoKEM-640-AES,keygen,0,64,3.5,1,1,0,ip-172-31-17-37,linux,0,0.3428,2917.04,KEM,True,2025-11-21T22:10:22.462728,,1364
FrodoKEM-640-AES,keygen,0,64,3.5,1,1,0,ip-172-31-17-37,linux,0,0.3193,3131.75,KEM,True,2025-11-21T22:10:22.463071,,1365
FrodoKEM-640-AES,keygen,1024,1,3.5,1,1,0,ip-172-31-17-37,linux,0,0.3185,3139.52,KEM,True,2025-11-21T22:10:22.463413,,1366
FrodoKEM-640-AES,keygen,1024,1,3.5,1,1,0,ip-172-31-17-37,linux,0,0.3288,3041.01,KEM,True,2025-11-21T22:10:22.463765,,1367
FrodoKEM-640-AES,keygen,1024,1,3.5,1,1,0,ip-172-31-17-37,linux,0,0.3182,3142.35,KEM,True,2025-11-21T22:10:22.464106,,1368
FrodoKEM-640-AES,keygen,1024,1,3.5,1,1,0,ip-172-31-17-37,linux,0,0.3185,3139.68,KEM,True,2025-11-21T22:10:22.464447,,1369
FrodoKEM-640-AES,keygen,1024,1,3.5,1,1,0,ip-172-31-17-37,linux,0,0.3293,3036.96,KEM,True,2025-11-21T22:10:22.464799,,1370
FrodoKEM-640-AES,keygen,1024,16,3.5,1,1,0,ip-172-31-17-37,linux,0,0.3183,3141.93,KEM,True,2025-11-21T22:10:22.465141,,1371
FrodoKEM-640-AES,keygen,1024,16,3.5,1,1,0,ip-172-31-17-37,linux,0,0.3235,3090.95,KEM,True,2025-11-21T22:10:22.465487,,1372
FrodoKEM-640-AES,keygen,1024,16,3.5,1,1,0,ip-172-31-17-37,linux,0,0.3309,3021.93,KEM,True,2025-11-21T22:10:22.465842,,1373
FrodoKEM-640-AES,keygen,1024,16,3.5,1,1,0,ip-172-31-17-37,linux,0,0.3185,3139.91,KEM,True,2025-11-21T22:10:22.466183,,1374
FrodoKEM-640-AES,keygen,1024,16,3.5,1,1,0,ip-172-31-17-37,linux,0,0.3274,3054.42,KEM,True,2025-11-21T22:10:22.466534,,1375
FrodoKEM-640-AES,keygen,1024,64,3.5,1,1,0,ip-172-31-17-37,linux,0,0.3325,3007.18,KEM,True,2025-11-21T22:10:22.466891,,1376
FrodoKEM-640-AES,keygen,1024,64,3.5,1,1,0,ip-172-31-17-37,linux,0,0.3181,3143.61,KEM,True,2025-11-21T22:10:22.467232,,1377
FrodoKEM-640-AES,keygen,1024,64,3.5,1,1,0,ip-172-31-17-37,linux,0,0.3189,3135.75,KEM,True,2025-11-21T22:10:22.467589,,1378
FrodoKEM-640-AES,keygen,1024,64,3.5,1,1,0,ip-172-31-17-37,linux,0,0.3189,3135.29,KEM,True,2025-11-21T22:10:22.467931,,1379
FrodoKEM-640-AES,keygen,1024,64,3.5,1,1,0,ip-172-31-17-37,linux,0,0.3179,3146.01,KEM,True,2025-11-21T22:10:22.468272,,1380
FrodoKEM-640-AES,encap,0,1,3.5,1,1,0,ip-172-31-17-37,linux,0,0.7808,1280.69,KEM,True,2025-11-21T22:10:22.469081,,1381
FrodoKEM-640-AES,encap,0,1,3.5,1,1,0,ip-172-31-17-37,linux,0,0.7415,1348.6,KEM,True,2025-11-21T22:10:22.469857,,1382
FrodoKEM-640-AES,encap,0,1,3.5,1,1,0,ip-172-31-17-37,linux,0,0.7949,1257.97,KEM,True,2025-11-21T22:10:22.470676,,1383
FrodoKEM-640-AES,encap,0,1,3.5,1,1,0,ip-172-31-17-37,linux,0,0.9327,1072.12,KEM,True,2025-11-21T22:10:22.471634,,1384
FrodoKEM-640-AES,encap,0,1,3.5,1,1,0,ip-172-31-17-37,linux,0,0.7762,1288.3,KEM,True,2025-11-21T22:10:22.472436,,1385
FrodoKEM-640-AES,encap,0,16,3.5,1,1,0,ip-172-31-17-37,linux,0,0.8733,1145.04,KEM,True,2025-11-21T22:10:22.473362,,1386
FrodoKEM-640-AES,encap,0,16,3.5,1,1,0,ip-172-31-17-37,linux,0,0.7832,1276.83,KEM,True,2025-11-21T22:10:22.474171,,1387
FrodoKEM-640-AES,encap,0,16,3.5,1,1,0,ip-172-31-17-37,linux,0,0.8828,1132.81,KEM,True,2025-11-21T22:10:22.475080,,1388
FrodoKEM-640-AES,encap,0,16,3.5,1,1,0,ip-172-31-17-37,linux,0,0.8603,1162.43,KEM,True,2025-11-21T22:10:22.475966,,1389
FrodoKEM-640-AES,encap,0,16,3.5,1,1,0,ip-172-31-17-37,linux,0,0.7884,1268.4,KEM,True,2025-11-21T22:10:22.476779,,1390
FrodoKEM-640-AES,encap,0,64,3.5,1,1,0,ip-172-31-17-37,linux,0,0.9061,1103.67,KEM,True,2025-11-21T22:10:22.477710,,1391
FrodoKEM-640-AES,encap,0,64,3.5,1,1,0,ip-172-31-17-37,linux,0,0.779,1283.65,KEM,True,2025-11-21T22:10:22.478513,,1392
FrodoKEM-640-AES,encap,0,64,3.5,1,1,0,ip-172-31-17-37,linux,0,0.9686,1032.39,KEM,True,2025-11-21T22:10:22.479507,,1393
FrodoKEM-640-AES,encap,0,64,3.5,1,1,0,ip-172-31-17-37,linux,0,0.7829,1277.36,KEM,True,2025-11-21T22:10:22.480314,,1394
FrodoKEM-640-AES,encap,0,64,3.5,1,1,0,ip-172-31-17-37,linux,0,0.8242,1213.25,KEM,True,2025-11-21T22:10:22.481163,,1395
FrodoKEM-640-AES,encap,1024,1,3.5,1,1,0,ip-172-31-17-37,linux,0,0.7823,1278.35,KEM,True,2025-11-21T22:10:22.481971,,1396
FrodoKEM-640-AES,encap,1024,1,3.5,1,1,0,ip-172-31-17-37,linux,0,0.9197,1087.29,KEM,True,2025-11-21T22:10:22.482915,,1397
FrodoKEM-640-AES,encap,1024,1,3.5,1,1,0,ip-172-31-17-37,linux,0,0.7908,1264.49,KEM,True,2025-11-21T22:10:22.483731,,1398
FrodoKEM-640-AES,encap,1024,1,3.5,1,1,0,ip-172-31-17-37,linux,0,0.8847,1130.36,KEM,True,2025-11-21T22:10:22.484641,,1399
FrodoKEM-640-AES,encap,1024,1,3.5,1,1,0,ip-172-31-17-37,linux,0,0.7676,1302.83,KEM,True,2025-11-21T22:10:22.485432,,1400
FrodoKEM-640-AES,encap,1024,16,3.5,1,1,0,ip-172-31-17-37,linux,0,0.8093,1235.62,KEM,True,2025-11-21T22:10:22.486265,,1401
FrodoKEM-640-AES,encap,1024,16,3.5,1,1,0,ip-172-31-17-37,linux,0,0.79,1265.83,KEM,True,2025-11-21T22:10:22.487078,,1402
FrodoKEM-640-AES,encap,1024,16,3.5,1,1,0,ip-172-31-17-37,linux,0,0.9561,1045.97,KEM,True,2025-11-21T22:10:22.488058,,1403
FrodoKEM-640-AES,encap,1024,16,3.5,1,1,0,ip-172-31-17-37,linux,0,0.7824,1278.19,KEM,True,2025-11-21T22:10:22.488865,,1404
FrodoKEM-640-AES,encap,1024,16,3.5,1,1,0,ip-172-31-17-37,linux,0,0.8146,1227.63,KEM,True,2025-11-21T22:10:22.489705,,1405
FrodoKEM-640-AES,encap,1024,64,3.5,1,1,0,ip-172-31-17-37,linux,0,0.7837,1276.0,KEM,True,2025-11-21T22:10:22.490513,,1406
FrodoKEM-640-AES,encap,1024,64,3.5,1,1,0,ip-172-31-17-37,linux,0,0.9877,1012.45,KEM,True,2025-11-21T22:10:22.491528,,1407
FrodoKEM-640-AES,encap,1024,64,3.5,1,1,0,ip-172-31-17-37,linux,0,0.7837,1275.99,KEM,True,2025-11-21T22:10:22.492336,,1408
FrodoKEM-640-AES,encap,1024,64,3.5,1,1,0,ip-172-31-17-37,linux,0,0.874,1144.19,KEM,True,2025-11-21T22:10:22.493235,,1409
FrodoKEM-640-AES,encap,1024,64,3.5,1,1,0,ip-172-31-17-37,linux,0,0.7925,1261.8,KEM,True,2025-11-21T22:10:22.494052,,1410
FrodoKEM-640-AES,decap,0,1,3.5,1,1,0,ip-172-31-17-37,linux,0,1.2759,783.79,KEM,True,2025-11-21T22:10:22.495358,,1411
FrodoKEM-640-AES,decap,0,1,3.5,1,1,0,ip-172-31-17-37,linux,0,1.4348,696.94,KEM,True,2025-11-21T22:10:22.496818,,1412
FrodoKEM-640-AES,decap,0,1,3.5,1,1,0,ip-172-31-17-37,linux,0,1.3962,716.23,KEM,True,2025-11-21T22:10:22.498238,,1413
FrodoKEM-640-AES,decap,0,1,3.5,1,1,0,ip-172-31-17-37,linux,0,1.371,729.39,KEM,True,2025-11-21T22:10:22.499633,,1414
FrodoKEM-640-AES,decap,0,1,3.5,1,1,0,ip-172-31-17-37,linux,0,1.2732,785.39,KEM,True,2025-11-21T22:10:22.500931,,1415
FrodoKEM-640-AES,decap,0,16,3.5,1,1,0,ip-172-31-17-37,linux,0,1.4015,713.52,KEM,True,2025-11-21T22:10:22.502357,,1416
FrodoKEM-640-AES,decap,0,16,3.5,1,1,0,ip-172-31-17-37,linux,0,1.4454,691.85,KEM,True,2025-11-21T22:10:22.503826,,1417
FrodoKEM-640-AES,decap,0,16,3.5,1,1,0,ip-172-31-17-37,linux,0,1.3834,722.88,KEM,True,2025-11-21T22:10:22.505234,,1418
FrodoKEM-640-AES,decap,0,16,3.5,1,1,0,ip-172-31-17-37,linux,0,1.4221,703.16,KEM,True,2025-11-21T22:10:22.506681,,1419
FrodoKEM-640-AES,decap,0,16,3.5,1,1,0,ip-172-31-17-37,linux,0,1.2332,810.93,KEM,True,2025-11-21T22:10:22.507939,,1420
FrodoKEM-640-AES,decap,0,64,3.5,1,1,0,ip-172-31-17-37,linux,0,1.2374,808.13,KEM,True,2025-11-21T22:10:22.509202,,1421
FrodoKEM-640-AES,decap,0,64,3.5,1,1,0,ip-172-31-17-37,linux,0,1.3232,755.74,KEM,True,2025-11-21T22:10:22.510549,,1422
FrodoKEM-640-AES,decap,0,64,3.5,1,1,0,ip-172-31-17-37,linux,0,1.3903,719.25,KEM,True,2025-11-21T22:10:22.511964,,1423
FrodoKEM-640-AES,decap,0,64,3.5,1,1,0,ip-172-31-17-37,linux,0,1.4127,707.86,KEM,True,2025-11-21T22:10:22.513402,,1424
FrodoKEM-640-AES,decap,0,64,3.5,1,1,0,ip-172-31-17-37,linux,0,1.1852,843.75,KEM,True,2025-11-21T22:10:22.514612,,1425
FrodoKEM-640-AES,decap,1024,1,3.5,1,1,0,ip-172-31-17-37,linux,0,1.4186,704.9,KEM,True,2025-11-21T22:10:22.516056,,1426
FrodoKEM-640-AES,decap,1024,1,3.5,1,1,0,ip-172-31-17-37,linux,0,1.3965,716.1,KEM,True,2025-11-21T22:10:22.517477,,1427
FrodoKEM-640-AES,decap,1024,1,3.5,1,1,0,ip-172-31-17-37,linux,0,1.285,778.2,KEM,True,2025-11-21T22:10:22.518786,,1428
FrodoKEM-640-AES,decap,1024,1,3.5,1,1,0,ip-172-31-17-37,linux,0,1.4019,713.31,KEM,True,2025-11-21T22:10:22.520213,,1429
FrodoKEM-640-AES,decap,1024,1,3.5,1,1,0,ip-172-31-17-37,linux,0,1.4139,707.29,KEM,True,2025-11-21T22:10:22.521653,,1430
FrodoKEM-640-AES,decap,1024,16,3.5,1,1,0,ip-172-31-17-37,linux,0,1.3642,733.04,KEM,True,2025-11-21T22:10:22.523043,,1431
FrodoKEM-640-AES,decap,1024,16,3.5,1,1,0,ip-172-31-17-37,linux,0,1.4157,706.38,KEM,True,2025-11-21T22:10:22.524484,,1432
FrodoKEM-640-AES,decap,1024,16,3.5,1,1,0,ip-172-31-17-37,linux,0,1.402,713.28,KEM,True,2025-11-21T22:10:22.525910,,1433
FrodoKEM-640-AES,decap,1024,16,3.5,1,1,0,ip-172-31-17-37,linux,0,1.4638,683.15,KEM,True,2025-11-21T22:10:22.527399,,1434
FrodoKEM-640-AES,decap,1024,16,3.5,1,1,0,ip-172-31-17-37,linux,0,1.4223,703.08,KEM,True,2025-11-21T22:10:22.528846,,1435
FrodoKEM-640-AES,decap,1024,64,3.5,1,1,0,ip-172-31-17-37,linux,0,1.3628,733.78,KEM,True,2025-11-21T22:10:22.530234,,1436
FrodoKEM-640-AES,decap,1024,64,3.5,1,1,0,ip-172-31-17-37,linux,0,1.4086,709.92,KEM,True,2025-11-21T22:10:22.531668,,1437
FrodoKEM-640-AES,decap,1024,64,3.5,1,1,0,ip-172-31-17-37,linux,0,1.4045,712.01,KEM,True,2025-11-21T22:10:22.533098,,1438
FrodoKEM-640-AES,decap,1024,64,3.5,1,1,0,ip-172-31-17-37,linux,0,1.4218,703.33,KEM,True,2025-11-21T22:10:22.534545,,1439
FrodoKEM-640-AES,decap,1024,64,3.5,1,1,0,ip-172-31-17-37,linux,0,1.4367,696.02,KEM,True,2025-11-21T22:10:22.536008,,1440
FrodoKEM-640-SHAKE,keygen,0,1,3.5,1,1,0,ip-172-31-17-37,linux,0,0.5693,1756.59,KEM,True,2025-11-21T22:10:22.536607,,1441
FrodoKEM-640-SHAKE,keygen,0,1,3.5,1,1,0,ip-172-31-17-37,linux,0,0.5302,1886.26,KEM,True,2025-11-21T22:10:22.537163,,1442
FrodoKEM-640-SHAKE,keygen,0,1,3.5,1,1,0,ip-172-31-17-37,linux,0,0.5477,1825.67,KEM,True,2025-11-21T22:10:22.537735,,1443
FrodoKEM-640-SHAKE,keygen,0,1,3.5,1,1,0,ip-172-31-17-37,linux,0,0.5334,1874.92,KEM,True,2025-11-21T22:10:22.538293,,1444
FrodoKEM-640-SHAKE,keygen,0,1,3.5,1,1,0,ip-172-31-17-37,linux,0,0.555,1801.93,KEM,True,2025-11-21T22:10:22.538873,,1445
FrodoKEM-640-SHAKE,keygen,0,16,3.5,1,1,0,ip-172-31-17-37,linux,0,0.5284,1892.62,KEM,True,2025-11-21T22:10:22.539427,,1446
FrodoKEM-640-SHAKE,keygen,0,16,3.5,1,1,0,ip-172-31-17-37,linux,0,0.5398,1852.39,KEM,True,2025-11-21T22:10:22.539991,,1447
FrodoKEM-640-SHAKE,keygen,0,16,3.5,1,1,0,ip-172-31-17-37,linux,0,0.5278,1894.56,KEM,True,2025-11-21T22:10:22.540542,,1448
FrodoKEM-640-SHAKE,keygen,0,16,3.5,1,1,0,ip-172-31-17-37,linux,0,0.5414,1846.92,KEM,True,2025-11-21T22:10:22.541106,,1449
FrodoKEM-640-SHAKE,keygen,0,16,3.5,1,1,0,ip-172-31-17-37,linux,0,0.5546,1802.94,KEM,True,2025-11-21T22:10:22.541685,,1450
FrodoKEM-640-SHAKE,keygen,0,64,3.5,1,1,0,ip-172-31-17-37,linux,0,0.5287,1891.53,KEM,True,2025-11-21T22:10:22.542239,,1451
FrodoKEM-640-SHAKE,keygen,0,64,3.5,1,1,0,ip-172-31-17-37,linux,0,0.5493,1820.59,KEM,True,2025-11-21T22:10:22.542811,,1452
FrodoKEM-640-SHAKE,keygen,0,64,3.5,1,1,0,ip-172-31-17-37,linux,0,0.5339,1872.96,KEM,True,2025-11-21T22:10:22.543369,,1453
FrodoKEM-640-SHAKE,keygen,0,64,3.5,1,1,0,ip-172-31-17-37,linux,0,0.55,1818.15,KEM,True,2025-11-21T22:10:22.543984,,1454
FrodoKEM-640-SHAKE,keygen,0,64,3.5,1,1,0,ip-172-31-17-37,linux,0,0.5286,1891.71,KEM,True,2025-11-21T22:10:22.544538,,1455
FrodoKEM-640-SHAKE,keygen,1024,1,3.5,1,1,0,ip-172-31-17-37,linux,0,0.5416,1846.49,KEM,True,2025-11-21T22:10:22.545104,,1456
FrodoKEM-640-SHAKE,keygen,1024,1,3.5,1,1,0,ip-172-31-17-37,linux,0,0.544,1838.27,KEM,True,2025-11-21T22:10:22.545672,,1457
FrodoKEM-640-SHAKE,keygen,1024,1,3.5,1,1,0,ip-172-31-17-37,linux,0,0.5288,1891.15,KEM,True,2025-11-21T22:10:22.546224,,1458
FrodoKEM-640-SHAKE,keygen,1024,1,3.5,1,1,0,ip-172-31-17-37,linux,0,0.5458,1832.02,KEM,True,2025-11-21T22:10:22.546793,,1459
FrodoKEM-640-SHAKE,keygen,1024,1,3.5,1,1,0,ip-172-31-17-37,linux,0,0.5332,1875.32,KEM,True,2025-11-21T22:10:22.547350,,1460
FrodoKEM-640-SHAKE,keygen,1024,16,3.5,1,1,0,ip-172-31-17-37,linux,0,0.5393,1854.34,KEM,True,2025-11-21T22:10:22.547915,,1461
FrodoKEM-640-SHAKE,keygen,1024,16,3.5,1,1,0,ip-172-31-17-37,linux,0,0.528,1894.04,KEM,True,2025-11-21T22:10:22.548466,,1462
FrodoKEM-640-SHAKE,keygen,1024,16,3.5,1,1,0,ip-172-31-17-37,linux,0,0.5391,1855.07,KEM,True,2025-11-21T22:10:22.549028,,1463
FrodoKEM-640-SHAKE,keygen,1024,16,3.5,1,1,0,ip-172-31-17-37,linux,0,0.5458,1832.19,KEM,True,2025-11-21T22:10:22.549597,,1464
FrodoKEM-640-SHAKE,keygen,1024,16,3.5,1,1,0,ip-172-31-17-37,linux,0,0.5371,1861.97,KEM,True,2025-11-21T22:10:22.550158,,1465
FrodoKEM-640-SHAKE,keygen,1024,64,3.5,1,1,0,ip-172-31-17-37,linux,0,0.5482,1824.05,KEM,True,2025-11-21T22:10:22.550732,,1466
FrodoKEM-640-SHAKE,keygen,1024,64,3.5,1,1,0,ip-172-31-17-37,linux,0,0.5335,1874.33,KEM,True,2025-11-21T22:10:22.551289,,1467
FrodoKEM-640-SHAKE,keygen,1024,64,3.5,1,1,0,ip-172-31-17-37,linux,0,0.5391,1855.01,KEM,True,2025-11-21T22:10:22.551852,,1468
FrodoKEM-640-SHAKE,keygen,1024,64,3.5,1,1,0,ip-172-31-17-37,linux,0,0.5324,1878.22,KEM,True,2025-11-21T22:10:22.552408,,1469
FrodoKEM-640-SHAKE,keygen,1024,64,3.5,1,1,0,ip-172-31-17-37,linux,0,0.5447,1835.8,KEM,True,2025-11-21T22:10:22.552976,,1470
FrodoKEM-640-SHAKE,encap,0,1,3.5,1,1,0,ip-172-31-17-37,linux,0,1.1326,882.91,KEM,True,2025-11-21T22:10:22.554138,,1471
FrodoKEM-640-SHAKE,encap,0,1,3.5,1,1,0,ip-172-31-17-37,linux,0,1.1402,877.06,KEM,True,2025-11-21T22:10:22.555302,,1472
FrodoKEM-640-SHAKE,encap,0,1,3.5,1,1,0,ip-172-31-17-37,linux,0,1.1331,882.51,KEM,True,2025-11-21T22:10:22.556460,,1473
FrodoKEM-640-SHAKE,encap,0,1,3.5,1,1,0,ip-172-31-17-37,linux,0,1.1437,874.39,KEM,True,2025-11-21T22:10:22.557628,,1474
FrodoKEM-640-SHAKE,encap,0,1,3.5,1,1,0,ip-172-31-17-37,linux,0,1.1503,869.36,KEM,True,2025-11-21T22:10:22.558803,,1475
FrodoKEM-640-SHAKE,encap,0,16,3.5,1,1,0,ip-172-31-17-37,linux,0,1.1757,850.57,KEM,True,2025-11-21T22:10:22.560004,,1476
FrodoKEM-640-SHAKE,encap,0,16,3.5,1,1,0,ip-172-31-17-37,linux,0,1.1341,881.72,KEM,True,2025-11-21T22:10:22.561163,,1477
FrodoKEM-640-SHAKE,encap,0,16,3.5,1,1,0,ip-172-31-17-37,linux,0,1.1337,882.09,KEM,True,2025-11-21T22:10:22.562322,,1478
FrodoKEM-640-SHAKE,encap,0,16,3.5,1,1,0,ip-172-31-17-37,linux,0,1.1369,879.6,KEM,True,2025-11-21T22:10:22.563482,,1479
FrodoKEM-640-SHAKE,encap,0,16,3.5,1,1,0,ip-172-31-17-37,linux,0,1.1505,869.21,KEM,True,2025-11-21T22:10:22.564657,,1480
FrodoKEM-640-SHAKE,encap,0,64,3.5,1,1,0,ip-172-31-17-37,linux,0,1.1208,892.23,KEM,True,2025-11-21T22:10:22.565802,,1481
FrodoKEM-640-SHAKE,encap,0,64,3.5,1,1,0,ip-172-31-17-37,linux,0,1.1377,878.96,KEM,True,2025-11-21T22:10:22.566964,,1482
FrodoKEM-640-SHAKE,encap,0,64,3.5,1,1,0,ip-172-31-17-37,linux,0,1.1339,881.89,KEM,True,2025-11-21T22:10:22.568121,,1483
FrodoKEM-640-SHAKE,encap,0,64,3.5,1,1,0,ip-172-31-17-37,linux,0,1.1422,875.48,KEM,True,2025-11-21T22:10:22.569287,,1484
FrodoKEM-640-SHAKE,encap,0,64,3.5,1,1,0,ip-172-31-17-37,linux,0,1.1384,878.41,KEM,True,2025-11-21T22:10:22.570450,,1485
FrodoKEM-640-SHAKE,encap,1024,1,3.5,1,1,0,ip-172-31-17-37,linux,0,1.1424,875.38,KEM,True,2025-11-21T22:10:22.571618,,1486
FrodoKEM-640-SHAKE,encap,1024,1,3.5,1,1,0,ip-172-31-17-37,linux,0,1.1186,893.96,KEM,True,2025-11-21T22:10:22.572760,,1487
FrodoKEM-640-SHAKE,encap,1024,1,3.5,1,1,0,ip-172-31-17-37,linux,0,1.1296,885.27,KEM,True,2025-11-21T22:10:22.573914,,1488
FrodoKEM-640-SHAKE,encap,1024,1,3.5,1,1,0,ip-172-31-17-37,linux,0,1.1432,874.74,KEM,True,2025-11-21T22:10:22.575081,,1489
FrodoKEM-640-SHAKE,encap,1024,1,3.5,1,1,0,ip-172-31-17-37,linux,0,1.1347,881.31,KEM,True,2025-11-21T22:10:22.576240,,1490
FrodoKEM-640-SHAKE,encap,1024,16,3.5,1,1,0,ip-172-31-17-37,linux,0,1.1363,880.06,KEM,True,2025-11-21T22:10:22.577401,,1491
FrodoKEM-640-SHAKE,encap,1024,16,3.5,1,1,0,ip-172-31-17-37,linux,0,1.1384,878.46,KEM,True,2025-11-21T22:10:22.578564,,1492
FrodoKEM-640-SHAKE,encap,1024,16,3.5,1,1,0,ip-172-31-17-37,linux,0,1.1378,878.92,KEM,True,2025-11-21T22:10:22.579736,,1493
FrodoKEM-640-SHAKE,encap,1024,16,3.5,1,1,0,ip-172-31-17-37,linux,0,1.1262,887.9,KEM,True,2025-11-21T22:10:22.580888,,1494
FrodoKEM-640-SHAKE,encap,1024,16,3.5,1,1,0,ip-172-31-17-37,linux,0,1.1282,886.37,KEM,True,2025-11-21T22:10:22.582040,,1495
FrodoKEM-640-SHAKE,encap,1024,64,3.5,1,1,0,ip-172-31-17-37,linux,0,1.1381,878.65,KEM,True,2025-11-21T22:10:22.583203,,1496
FrodoKEM-640-SHAKE,encap,1024,64,3.5,1,1,0,ip-172-31-17-37,linux,0,1.1441,874.08,KEM,True,2025-11-21T22:10:22.584371,,1497
FrodoKEM-640-SHAKE,encap,1024,64,3.5,1,1,0,ip-172-31-17-37,linux,0,1.1358,880.41,KEM,True,2025-11-21T22:10:22.585532,,1498
FrodoKEM-640-SHAKE,encap,1024,64,3.5,1,1,0,ip-172-31-17-37,linux,0,1.1728,852.63,KEM,True,2025-11-21T22:10:22.586730,,1499
FrodoKEM-640-SHAKE,encap,1024,64,3.5,1,1,0,ip-172-31-17-37,linux,0,1.1286,886.09,KEM,True,2025-11-21T22:10:22.587883,,1500
FrodoKEM-640-SHAKE,decap,0,1,3.5,1,1,0,ip-172-31-17-37,linux,0,2.0539,486.88,KEM,True,2025-11-21T22:10:22.589966,,1501
FrodoKEM-640-SHAKE,decap,0,1,3.5,1,1,0,ip-172-31-17-37,linux,0,1.7071,585.79,KEM,True,2025-11-21T22:10:22.591699,,1502
FrodoKEM-640-SHAKE,decap,0,1,3.5,1,1,0,ip-172-31-17-37,linux,0,1.7081,585.46,KEM,True,2025-11-21T22:10:22.593432,,1503
FrodoKEM-640-SHAKE,decap,0,1,3.5,1,1,0,ip-172-31-17-37,linux,0,1.7144,583.3,KEM,True,2025-11-21T22:10:22.595171,,1504
FrodoKEM-640-SHAKE,decap,0,1,3.5,1,1,0,ip-172-31-17-37,linux,0,1.7017,587.65,KEM,True,2025-11-21T22:10:22.596898,,1505
FrodoKEM-640-SHAKE,decap,0,16,3.5,1,1,0,ip-172-31-17-37,linux,0,1.7151,583.06,KEM,True,2025-11-21T22:10:22.598640,,1506
FrodoKEM-640-SHAKE,decap,0,16,3.5,1,1,0,ip-172-31-17-37,linux,0,1.7022,587.49,KEM,True,2025-11-21T22:10:22.600368,,1507
FrodoKEM-640-SHAKE,decap,0,16,3.5,1,1,0,ip-172-31-17-37,linux,0,1.7094,585.01,KEM,True,2025-11-21T22:10:22.602103,,1508
FrodoKEM-640-SHAKE,decap,0,16,3.5,1,1,0,ip-172-31-17-37,linux,0,1.7123,584.01,KEM,True,2025-11-21T22:10:22.603840,,1509
FrodoKEM-640-SHAKE,decap,0,16,3.5,1,1,0,ip-172-31-17-37,linux,0,1.7005,588.07,KEM,True,2025-11-21T22:10:22.605566,,1510
FrodoKEM-640-SHAKE,decap,0,64,3.5,1,1,0,ip-172-31-17-37,linux,0,1.7079,585.51,KEM,True,2025-11-21T22:10:22.607309,,1511
FrodoKEM-640-SHAKE,decap,0,64,3.5,1,1,0,ip-172-31-17-37,linux,0,1.7381,575.34,KEM,True,2025-11-21T22:10:22.609073,,1512
FrodoKEM-640-SHAKE,decap,0,64,3.5,1,1,0,ip-172-31-17-37,linux,0,1.7152,583.03,KEM,True,2025-11-21T22:10:22.610815,,1513
FrodoKEM-640-SHAKE,decap,0,64,3.5,1,1,0,ip-172-31-17-37,linux,0,1.7007,587.99,KEM,True,2025-11-21T22:10:22.612541,,1514
FrodoKEM-640-SHAKE,decap,0,64,3.5,1,1,0,ip-172-31-17-37,linux,0,1.7191,581.71,KEM,True,2025-11-21T22:10:22.614285,,1515
FrodoKEM-640-SHAKE,decap,1024,1,3.5,1,1,0,ip-172-31-17-37,linux,0,1.715,583.09,KEM,True,2025-11-21T22:10:22.616026,,1516
FrodoKEM-640-SHAKE,decap,1024,1,3.5,1,1,0,ip-172-31-17-37,linux,0,1.7138,583.51,KEM,True,2025-11-21T22:10:22.617766,,1517
FrodoKEM-640-SHAKE,decap,1024,1,3.5,1,1,0,ip-172-31-17-37,linux,0,1.7022,587.46,KEM,True,2025-11-21T22:10:22.619494,,1518
FrodoKEM-640-SHAKE,decap,1024,1,3.5,1,1,0,ip-172-31-17-37,linux,0,1.7013,587.78,KEM,True,2025-11-21T22:10:22.621222,,1519
FrodoKEM-640-SHAKE,decap,1024,1,3.5,1,1,0,ip-172-31-17-37,linux,0,1.7099,584.84,KEM,True,2025-11-21T22:10:22.622980,,1520
FrodoKEM-640-SHAKE,decap,1024,16,3.5,1,1,0,ip-172-31-17-37,linux,0,1.7008,587.94,KEM,True,2025-11-21T22:10:22.624707,,1521
FrodoKEM-640-SHAKE,decap,1024,16,3.5,1,1,0,ip-172-31-17-37,linux,0,1.7047,586.61,KEM,True,2025-11-21T22:10:22.626438,,1522
FrodoKEM-640-SHAKE,decap,1024,16,3.5,1,1,0,ip-172-31-17-37,linux,0,1.7134,583.64,KEM,True,2025-11-21T22:10:22.628176,,1523
FrodoKEM-640-SHAKE,decap,1024,16,3.5,1,1,0,ip-172-31-17-37,linux,0,1.7261,579.33,KEM,True,2025-11-21T22:10:22.629928,,1524
FrodoKEM-640-SHAKE,decap,1024,16,3.5,1,1,0,ip-172-31-17-37,linux,0,1.7232,580.3,KEM,True,2025-11-21T22:10:22.631679,,1525
FrodoKEM-640-SHAKE,decap,1024,64,3.5,1,1,0,ip-172-31-17-37,linux,0,1.6951,589.93,KEM,True,2025-11-21T22:10:22.633400,,1526
FrodoKEM-640-SHAKE,decap,1024,64,3.5,1,1,0,ip-172-31-17-37,linux,0,1.7103,584.69,KEM,True,2025-11-21T22:10:22.635135,,1527
FrodoKEM-640-SHAKE,decap,1024,64,3.5,1,1,0,ip-172-31-17-37,linux,0,1.7152,583.03,KEM,True,2025-11-21T22:10:22.636875,,1528
FrodoKEM-640-SHAKE,decap,1024,64,3.5,1,1,0,ip-172-31-17-37,linux,0,1.7105,584.64,KEM,True,2025-11-21T22:10:22.638611,,1529
FrodoKEM-640-SHAKE,decap,1024,64,3.5,1,1,0,ip-172-31-17-37,linux,0,1.6888,592.13,KEM,True,2025-11-21T22:10:22.640325,,1530
FrodoKEM-976-AES,keygen,0,1,3.5,1,1,0,ip-172-31-17-37,linux,0,0.6501,1538.29,KEM,True,2025-11-21T22:10:22.641006,,1531
FrodoKEM-976-AES,keygen,0,1,3.5,1,1,0,ip-172-31-17-37,linux,0,0.685,1459.82,KEM,True,2025-11-21T22:10:22.641718,,1532
FrodoKEM-976-AES,keygen,0,1,3.5,1,1,0,ip-172-31-17-37,linux,0,0.5757,1737.1,KEM,True,2025-11-21T22:10:22.642318,,1533
FrodoKEM-976-AES,keygen,0,1,3.5,1,1,0,ip-172-31-17-37,linux,0,0.6074,1646.39,KEM,True,2025-11-21T22:10:22.642950,,1534
FrodoKEM-976-AES,keygen,0,1,3.5,1,1,0,ip-172-31-17-37,linux,0,0.5791,1726.76,KEM,True,2025-11-21T22:10:22.643555,,1535
FrodoKEM-976-AES,keygen,0,16,3.5,1,1,0,ip-172-31-17-37,linux,0,0.5803,1723.34,KEM,True,2025-11-21T22:10:22.644178,,1536
FrodoKEM-976-AES,keygen,0,16,3.5,1,1,0,ip-172-31-17-37,linux,0,0.603,1658.49,KEM,True,2025-11-21T22:10:22.644805,,1537
FrodoKEM-976-AES,keygen,0,16,3.5,1,1,0,ip-172-31-17-37,linux,0,0.5827,1716.06,KEM,True,2025-11-21T22:10:22.645413,,1538
FrodoKEM-976-AES,keygen,0,16,3.5,1,1,0,ip-172-31-17-37,linux,0,0.5917,1690.19,KEM,True,2025-11-21T22:10:22.646029,,1539
FrodoKEM-976-AES,keygen,0,16,3.5,1,1,0,ip-172-31-17-37,linux,0,0.5977,1673.04,KEM,True,2025-11-21T22:10:22.646650,,1540
FrodoKEM-976-AES,keygen,0,64,3.5,1,1,0,ip-172-31-17-37,linux,0,0.5806,1722.29,KEM,True,2025-11-21T22:10:22.647255,,1541
FrodoKEM-976-AES,keygen,0,64,3.5,1,1,0,ip-172-31-17-37,linux,0,0.5934,1685.1,KEM,True,2025-11-21T22:10:22.647873,,1542
FrodoKEM-976-AES,keygen,0,64,3.5,1,1,0,ip-172-31-17-37,linux,0,0.5765,1734.46,KEM,True,2025-11-21T22:10:22.648473,,1543
FrodoKEM-976-AES,keygen,0,64,3.5,1,1,0,ip-172-31-17-37,linux,0,0.5921,1688.87,KEM,True,2025-11-21T22:10:22.649089,,1544
FrodoKEM-976-AES,keygen,0,64,3.5,1,1,0,ip-172-31-17-37,linux,0,0.5941,1683.08,KEM,True,2025-11-21T22:10:22.649707,,1545
FrodoKEM-976-AES,keygen,1024,1,3.5,1,1,0,ip-172-31-17-37,linux,0,0.5787,1727.88,KEM,True,2025-11-21T22:10:22.650311,,1546
FrodoKEM-976-AES,keygen,1024,1,3.5,1,1,0,ip-172-31-17-37,linux,0,0.6015,1662.59,KEM,True,2025-11-21T22:10:22.650936,,1547
FrodoKEM-976-AES,keygen,1024,1,3.5,1,1,0,ip-172-31-17-37,linux,0,0.5782,1729.41,KEM,True,2025-11-21T22:10:22.651540,,1548
FrodoKEM-976-AES,keygen,1024,1,3.5,1,1,0,ip-172-31-17-37,linux,0,0.5905,1693.37,KEM,True,2025-11-21T22:10:22.652154,,1549
FrodoKEM-976-AES,keygen,1024,1,3.5,1,1,0,ip-172-31-17-37,linux,0,0.5945,1682.21,KEM,True,2025-11-21T22:10:22.652773,,1550
FrodoKEM-976-AES,keygen,1024,16,3.5,1,1,0,ip-172-31-17-37,linux,0,0.5824,1717.0,KEM,True,2025-11-21T22:10:22.653380,,1551
FrodoKEM-976-AES,keygen,1024,16,3.5,1,1,0,ip-172-31-17-37,linux,0,0.5932,1685.66,KEM,True,2025-11-21T22:10:22.653999,,1552
FrodoKEM-976-AES,keygen,1024,16,3.5,1,1,0,ip-172-31-17-37,linux,0,0.6042,1655.0,KEM,True,2025-11-21T22:10:22.654627,,1553
FrodoKEM-976-AES,keygen,1024,16,3.5,1,1,0,ip-172-31-17-37,linux,0,0.5783,1729.18,KEM,True,2025-11-21T22:10:22.655230,,1554
FrodoKEM-976-AES,keygen,1024,16,3.5,1,1,0,ip-172-31-17-37,linux,0,0.5945,1682.13,KEM,True,2025-11-21T22:10:22.655849,,1555
FrodoKEM-976-AES,keygen,1024,64,3.5,1,1,0,ip-172-31-17-37,linux,0,0.5771,1732.85,KEM,True,2025-11-21T22:10:22.656451,,1556
FrodoKEM-976-AES,keygen,1024,64,3.5,1,1,0,ip-172-31-17-37,linux,0,0.5903,1693.94,KEM,True,2025-11-21T22:10:22.657065,,1557
FrodoKEM-976-AES,keygen,1024,64,3.5,1,1,0,ip-172-31-17-37,linux,0,0.5877,1701.59,KEM,True,2025-11-21T22:10:22.657677,,1558
FrodoKEM-976-AES,keygen,1024,64,3.5,1,1,0,ip-172-31-17-37,linux,0,0.5766,1734.23,KEM,True,2025-11-21T22:10:22.658276,,1559
FrodoKEM-976-AES,keygen,1024,64,3.5,1,1,0,ip-172-31-17-37,linux,0,0.6038,1656.22,KEM,True,2025-11-21T22:10:22.658904,,1560
FrodoKEM-976-AES,encap,0,1,3.5,1,1,0,ip-172-31-17-37,linux,0,1.387,720.98,KEM,True,2025-11-21T22:10:22.660320,,1561
FrodoKEM-976-AES,encap,0,1,3.5,1,1,0,ip-172-31-17-37,linux,0,1.3622,734.13,KEM,True,2025-11-21T22:10:22.661711,,1562
FrodoKEM-976-AES,encap,0,1,3.5,1,1,0,ip-172-31-17-37,linux,0,1.3559,737.5,KEM,True,2025-11-21T22:10:22.663094,,1563
FrodoKEM-976-AES,encap,0,1,3.5,1,1,0,ip-172-31-17-37,linux,0,1.3094,763.72,KEM,True,2025-11-21T22:10:22.664429,,1564
FrodoKEM-976-AES,encap,0,1,3.5,1,1,0,ip-172-31-17-37,linux,0,1.3525,739.39,KEM,True,2025-11-21T22:10:22.665806,,1565
FrodoKEM-976-AES,encap,0,16,3.5,1,1,0,ip-172-31-17-37,linux,0,1.6934,590.51,KEM,True,2025-11-21T22:10:22.667526,,1566
FrodoKEM-976-AES,encap,0,16,3.5,1,1,0,ip-172-31-17-37,linux,0,1.3465,742.66,KEM,True,2025-11-21T22:10:22.668899,,1567
FrodoKEM-976-AES,encap,0,16,3.5,1,1,0,ip-172-31-17-37,linux,0,1.5929,627.78,KEM,True,2025-11-21T22:10:22.670517,,1568
FrodoKEM-976-AES,encap,0,16,3.5,1,1,0,ip-172-31-17-37,linux,0,1.5013,666.1,KEM,True,2025-11-21T22:10:22.672045,,1569
FrodoKEM-976-AES,encap,0,16,3.5,1,1,0,ip-172-31-17-37,linux,0,1.6805,595.05,KEM,True,2025-11-21T22:10:22.673751,,1570
FrodoKEM-976-AES,encap,0,64,3.5,1,1,0,ip-172-31-17-37,linux,0,1.5572,642.17,KEM,True,2025-11-21T22:10:22.675335,,1571
FrodoKEM-976-AES,encap,0,64,3.5,1,1,0,ip-172-31-17-37,linux,0,1.3439,744.11,KEM,True,2025-11-21T22:10:22.676704,,1572
FrodoKEM-976-AES,encap,0,64,3.5,1,1,0,ip-172-31-17-37,linux,0,1.5419,648.56,KEM,True,2025-11-21T22:10:22.678271,,1573
FrodoKEM-976-AES,encap,0,64,3.5,1,1,0,ip-172-31-17-37,linux,0,1.355,738.03,KEM,True,2025-11-21T22:10:22.679652,,1574
FrodoKEM-976-AES,encap,0,64,3.5,1,1,0,ip-172-31-17-37,linux,0,1.5083,663.02,KEM,True,2025-11-21T22:10:22.681185,,1575
FrodoKEM-976-AES,encap,1024,1,3.5,1,1,0,ip-172-31-17-37,linux,0,1.338,747.41,KEM,True,2025-11-21T22:10:22.682548,,1576
FrodoKEM-976-AES,encap,1024,1,3.5,1,1,0,ip-172-31-17-37,linux,0,1.3405,745.99,KEM,True,2025-11-21T22:10:22.683914,,1577
FrodoKEM-976-AES,encap,1024,1,3.5,1,1,0,ip-172-31-17-37,linux,0,1.5584,641.68,KEM,True,2025-11-21T22:10:22.685498,,1578
FrodoKEM-976-AES,encap,1024,1,3.5,1,1,0,ip-172-31-17-37,linux,0,1.7352,576.29,KEM,True,2025-11-21T22:10:22.687257,,1579
FrodoKEM-976-AES,encap,1024,1,3.5,1,1,0,ip-172-31-17-37,linux,0,1.6683,599.39,KEM,True,2025-11-21T22:10:22.688950,,1580
FrodoKEM-976-AES,encap,1024,16,3.5,1,1,0,ip-172-31-17-37,linux,0,1.3307,751.47,KEM,True,2025-11-21T22:10:22.690305,,1581
FrodoKEM-976-AES,encap,1024,16,3.5,1,1,0,ip-172-31-17-37,linux,0,1.3423,744.96,KEM,True,2025-11-21T22:10:22.691671,,1582
FrodoKEM-976-AES,encap,1024,16,3.5,1,1,0,ip-172-31-17-37,linux,0,1.5091,662.67,KEM,True,2025-11-21T22:10:22.693205,,1583
FrodoKEM-976-AES,encap,1024,16,3.5,1,1,0,ip-172-31-17-37,linux,0,1.3394,746.6,KEM,True,2025-11-21T22:10:22.694571,,1584
FrodoKEM-976-AES,encap,1024,16,3.5,1,1,0,ip-172-31-17-37,linux,0,1.6128,620.05,KEM,True,2025-11-21T22:10:22.696219,,1585
FrodoKEM-976-AES,encap,1024,64,3.5,1,1,0,ip-172-31-17-37,linux,0,1.3487,741.45,KEM,True,2025-11-21T22:10:22.697595,,1586
FrodoKEM-976-AES,encap,1024,64,3.5,1,1,0,ip-172-31-17-37,linux,0,1.3417,745.31,KEM,True,2025-11-21T22:10:22.698992,,1587
FrodoKEM-976-AES,encap,1024,64,3.5,1,1,0,ip-172-31-17-37,linux,0,1.3341,749.55,KEM,True,2025-11-21T22:10:22.700352,,1588
FrodoKEM-976-AES,encap,1024,64,3.5,1,1,0,ip-172-31-17-37,linux,0,1.353,739.11,KEM,True,2025-11-21T22:10:22.701730,,1589
FrodoKEM-976-AES,encap,1024,64,3.5,1,1,0,ip-172-31-17-37,linux,0,1.5052,664.36,KEM,True,2025-11-21T22:10:22.703262,,1590
FrodoKEM-976-AES,decap,0,1,3.5,1,1,0,ip-172-31-17-37,linux,0,2.0638,484.55,KEM,True,2025-11-21T22:10:22.705356,,1591
FrodoKEM-976-AES,decap,0,1,3.5,1,1,0,ip-172-31-17-37,linux,0,2.0624,484.86,KEM,True,2025-11-21T22:10:22.707445,,1592
FrodoKEM-976-AES,decap,0,1,3.5,1,1,0,ip-172-31-17-37,linux,0,2.066,484.03,KEM,True,2025-11-21T22:10:22.709539,,1593
FrodoKEM-976-AES,decap,0,1,3.5,1,1,0,ip-172-31-17-37,linux,0,2.1017,475.79,KEM,True,2025-11-21T22:10:22.711667,,1594
FrodoKEM-976-AES,decap,0,1,3.5,1,1,0,ip-172-31-17-37,linux,0,2.0579,485.93,KEM,True,2025-11-21T22:10:22.713753,,1595
FrodoKEM-976-AES,decap,0,16,3.5,1,1,0,ip-172-31-17-37,linux,0,2.3251,430.09,KEM,True,2025-11-21T22:10:22.716105,,1596
FrodoKEM-976-AES,decap,0,16,3.5,1,1,0,ip-172-31-17-37,linux,0,2.3026,434.3,KEM,True,2025-11-21T22:10:22.718434,,1597
FrodoKEM-976-AES,decap,0,16,3.5,1,1,0,ip-172-31-17-37,linux,0,2.0589,485.68,KEM,True,2025-11-21T22:10:22.720521,,1598
FrodoKEM-976-AES,decap,0,16,3.5,1,1,0,ip-172-31-17-37,linux,0,2.0744,482.08,KEM,True,2025-11-21T22:10:22.722623,,1599
FrodoKEM-976-AES,decap,0,16,3.5,1,1,0,ip-172-31-17-37,linux,0,2.0449,489.03,KEM,True,2025-11-21T22:10:22.724695,,1600
FrodoKEM-976-AES,decap,0,64,3.5,1,1,0,ip-172-31-17-37,linux,0,2.3516,425.25,KEM,True,2025-11-21T22:10:22.727072,,1601
FrodoKEM-976-AES,decap,0,64,3.5,1,1,0,ip-172-31-17-37,linux,0,2.0537,486.93,KEM,True,2025-11-21T22:10:22.729152,,1602
FrodoKEM-976-AES,decap,0,64,3.5,1,1,0,ip-172-31-17-37,linux,0,2.0616,485.05,KEM,True,2025-11-21T22:10:22.731240,,1603
FrodoKEM-976-AES,decap,0,64,3.5,1,1,0,ip-172-31-17-37,linux,0,2.0753,481.86,KEM,True,2025-11-21T22:10:22.733342,,1604
FrodoKEM-976-AES,decap,0,64,3.5,1,1,0,ip-172-31-17-37,linux,0,2.0694,483.23,KEM,True,2025-11-21T22:10:22.735439,,1605
FrodoKEM-976-AES,decap,1024,1,3.5,1,1,0,ip-172-31-17-37,linux,0,2.0614,485.11,KEM,True,2025-11-21T22:10:22.737529,,1606
FrodoKEM-976-AES,decap,1024,1,3.5,1,1,0,ip-172-31-17-37,linux,0,2.302,434.4,KEM,True,2025-11-21T22:10:22.739859,,1607
FrodoKEM-976-AES,decap,1024,1,3.5,1,1,0,ip-172-31-17-37,linux,0,2.3259,429.94,KEM,True,2025-11-21T22:10:22.742212,,1608
FrodoKEM-976-AES,decap,1024,1,3.5,1,1,0,ip-172-31-17-37,linux,0,2.0743,482.08,KEM,True,2025-11-21T22:10:22.744313,,1609
FrodoKEM-976-AES,decap,1024,1,3.5,1,1,0,ip-172-31-17-37,linux,0,2.4014,416.43,KEM,True,2025-11-21T22:10:22.746741,,1610
FrodoKEM-976-AES,decap,1024,16,3.5,1,1,0,ip-172-31-17-37,linux,0,2.3527,425.04,KEM,True,2025-11-21T22:10:22.749120,,1611
FrodoKEM-976-AES,decap,1024,16,3.5,1,1,0,ip-172-31-17-37,linux,0,2.0725,482.5,KEM,True,2025-11-21T22:10:22.751219,,1612
FrodoKEM-976-AES,decap,1024,16,3.5,1,1,0,ip-172-31-17-37,linux,0,3.4589,289.11,KEM,True,2025-11-21T22:10:22.754705,,1613
FrodoKEM-976-AES,decap,1024,16,3.5,1,1,0,ip-172-31-17-37,linux,0,2.3224,430.59,KEM,True,2025-11-21T22:10:22.757054,,1614
FrodoKEM-976-AES,decap,1024,16,3.5,1,1,0,ip-172-31-17-37,linux,0,2.0701,483.07,KEM,True,2025-11-21T22:10:22.759151,,1615
FrodoKEM-976-AES,decap,1024,64,3.5,1,1,0,ip-172-31-17-37,linux,0,2.0542,486.8,KEM,True,2025-11-21T22:10:22.761233,,1616
FrodoKEM-976-AES,decap,1024,64,3.5,1,1,0,ip-172-31-17-37,linux,0,2.0605,485.31,KEM,True,2025-11-21T22:10:22.763320,,1617
FrodoKEM-976-AES,decap,1024,64,3.5,1,1,0,ip-172-31-17-37,linux,0,2.9548,338.44,KEM,True,2025-11-21T22:10:22.766301,,1618
FrodoKEM-976-AES,decap,1024,64,3.5,1,1,0,ip-172-31-17-37,linux,0,2.0626,484.82,KEM,True,2025-11-21T22:10:22.768390,,1619
FrodoKEM-976-AES,decap,1024,64,3.5,1,1,0,ip-172-31-17-37,linux,0,2.0564,486.3,KEM,True,2025-11-21T22:10:22.770473,,1620
FrodoKEM-976-SHAKE,keygen,0,1,3.5,1,1,0,ip-172-31-17-37,linux,0,1.0515,951.03,KEM,True,2025-11-21T22:10:22.771556,,1621
FrodoKEM-976-SHAKE,keygen,0,1,3.5,1,1,0,ip-172-31-17-37,linux,0,1.0508,951.65,KEM,True,2025-11-21T22:10:22.772651,,1622
FrodoKEM-976-SHAKE,keygen,0,1,3.5,1,1,0,ip-172-31-17-37,linux,0,1.0556,947.32,KEM,True,2025-11-21T22:10:22.773731,,1623
FrodoKEM-976-SHAKE,keygen,0,1,3.5,1,1,0,ip-172-31-17-37,linux,0,1.0606,942.88,KEM,True,2025-11-21T22:10:22.774817,,1624
FrodoKEM-976-SHAKE,keygen,0,1,3.5,1,1,0,ip-172-31-17-37,linux,0,1.0494,952.89,KEM,True,2025-11-21T22:10:22.775891,,1625
FrodoKEM-976-SHAKE,keygen,0,16,3.5,1,1,0,ip-172-31-17-37,linux,0,1.0556,947.37,KEM,True,2025-11-21T22:10:22.776972,,1626
FrodoKEM-976-SHAKE,keygen,0,16,3.5,1,1,0,ip-172-31-17-37,linux,0,1.0382,963.17,KEM,True,2025-11-21T22:10:22.778036,,1627
FrodoKEM-976-SHAKE,keygen,0,16,3.5,1,1,0,ip-172-31-17-37,linux,0,1.0626,941.06,KEM,True,2025-11-21T22:10:22.779122,,1628
FrodoKEM-976-SHAKE,keygen,0,16,3.5,1,1,0,ip-172-31-17-37,linux,0,1.0543,948.49,KEM,True,2025-11-21T22:10:22.780200,,1629
FrodoKEM-976-SHAKE,keygen,0,16,3.5,1,1,0,ip-172-31-17-37,linux,0,1.0518,950.76,KEM,True,2025-11-21T22:10:22.781277,,1630
FrodoKEM-976-SHAKE,keygen,0,64,3.5,1,1,0,ip-172-31-17-37,linux,0,1.0516,950.97,KEM,True,2025-11-21T22:10:22.782354,,1631
FrodoKEM-976-SHAKE,keygen,0,64,3.5,1,1,0,ip-172-31-17-37,linux,0,1.0546,948.19,KEM,True,2025-11-21T22:10:22.783432,,1632
FrodoKEM-976-SHAKE,keygen,0,64,3.5,1,1,0,ip-172-31-17-37,linux,0,1.0568,946.26,KEM,True,2025-11-21T22:10:22.784514,,1633
FrodoKEM-976-SHAKE,keygen,0,64,3.5,1,1,0,ip-172-31-17-37,linux,0,1.0596,943.79,KEM,True,2025-11-21T22:10:22.785598,,1634
FrodoKEM-976-SHAKE,keygen,0,64,3.5,1,1,0,ip-172-31-17-37,linux,0,1.0605,942.92,KEM,True,2025-11-21T22:10:22.786683,,1635
FrodoKEM-976-SHAKE,keygen,1024,1,3.5,1,1,0,ip-172-31-17-37,linux,0,1.0449,957.05,KEM,True,2025-11-21T22:10:22.787753,,1636
FrodoKEM-976-SHAKE,keygen,1024,1,3.5,1,1,0,ip-172-31-17-37,linux,0,1.0502,952.23,KEM,True,2025-11-21T22:10:22.788828,,1637
FrodoKEM-976-SHAKE,keygen,1024,1,3.5,1,1,0,ip-172-31-17-37,linux,0,1.044,957.87,KEM,True,2025-11-21T22:10:22.789896,,1638
FrodoKEM-976-SHAKE,keygen,1024,1,3.5,1,1,0,ip-172-31-17-37,linux,0,1.0638,940.01,KEM,True,2025-11-21T22:10:22.790984,,1639
FrodoKEM-976-SHAKE,keygen,1024,1,3.5,1,1,0,ip-172-31-17-37,linux,0,1.0488,953.47,KEM,True,2025-11-21T22:10:22.792057,,1640
FrodoKEM-976-SHAKE,keygen,1024,16,3.5,1,1,0,ip-172-31-17-37,linux,0,1.0485,953.79,KEM,True,2025-11-21T22:10:22.793130,,1641
FrodoKEM-976-SHAKE,keygen,1024,16,3.5,1,1,0,ip-172-31-17-37,linux,0,1.0485,953.77,KEM,True,2025-11-21T22:10:22.794202,,1642
FrodoKEM-976-SHAKE,keygen,1024,16,3.5,1,1,0,ip-172-31-17-37,linux,0,1.0517,950.83,KEM,True,2025-11-21T22:10:22.795278,,1643
FrodoKEM-976-SHAKE,keygen,1024,16,3.5,1,1,0,ip-172-31-17-37,linux,0,1.051,951.51,KEM,True,2025-11-21T22:10:22.796353,,1644
FrodoKEM-976-SHAKE,keygen,1024,16,3.5,1,1,0,ip-172-31-17-37,linux,0,1.0476,954.53,KEM,True,2025-11-21T22:10:22.797424,,1645
FrodoKEM-976-SHAKE,keygen,1024,64,3.5,1,1,0,ip-172-31-17-37,linux,0,1.0493,953.0,KEM,True,2025-11-21T22:10:22.798497,,1646
FrodoKEM-976-SHAKE,keygen,1024,64,3.5,1,1,0,ip-172-31-17-37,linux,0,1.0505,951.94,KEM,True,2025-11-21T22:10:22.799582,,1647
FrodoKEM-976-SHAKE,keygen,1024,64,3.5,1,1,0,ip-172-31-17-37,linux,0,1.0459,956.07,KEM,True,2025-11-21T22:10:22.800652,,1648
FrodoKEM-976-SHAKE,keygen,1024,64,3.5,1,1,0,ip-172-31-17-37,linux,0,1.0497,952.68,KEM,True,2025-11-21T22:10:22.801725,,1649
FrodoKEM-976-SHAKE,keygen,1024,64,3.5,1,1,0,ip-172-31-17-37,linux,0,1.0648,939.17,KEM,True,2025-11-21T22:10:22.802814,,1650
FrodoKEM-976-SHAKE,encap,0,1,3.5,1,1,0,ip-172-31-17-37,linux,0,2.2417,446.08,KEM,True,2025-11-21T22:10:22.805086,,1651
FrodoKEM-976-SHAKE,encap,0,1,3.5,1,1,0,ip-172-31-17-37,linux,0,2.2425,445.93,KEM,True,2025-11-21T22:10:22.807354,,1652
FrodoKEM-976-SHAKE,encap,0,1,3.5,1,1,0,ip-172-31-17-37,linux,0,2.2213,450.18,KEM,True,2025-11-21T22:10:22.809601,,1653
FrodoKEM-976-SHAKE,encap,0,1,3.5,1,1,0,ip-172-31-17-37,linux,0,2.2244,449.55,KEM,True,2025-11-21T22:10:22.811879,,1654
FrodoKEM-976-SHAKE,encap,0,1,3.5,1,1,0,ip-172-31-17-37,linux,0,2.4498,408.2,KEM,True,2025-11-21T22:10:22.814356,,1655
FrodoKEM-976-SHAKE,encap,0,16,3.5,1,1,0,ip-172-31-17-37,linux,0,2.227,449.03,KEM,True,2025-11-21T22:10:22.816609,,1656
FrodoKEM-976-SHAKE,encap,0,16,3.5,1,1,0,ip-172-31-17-37,linux,0,2.2392,446.59,KEM,True,2025-11-21T22:10:22.818873,,1657
FrodoKEM-976-SHAKE,encap,0,16,3.5,1,1,0,ip-172-31-17-37,linux,0,2.2089,452.71,KEM,True,2025-11-21T22:10:22.821108,,1658
FrodoKEM-976-SHAKE,encap,0,16,3.5,1,1,0,ip-172-31-17-37,linux,0,2.2173,451.0,KEM,True,2025-11-21T22:10:22.823351,,1659
FrodoKEM-976-SHAKE,encap,0,16,3.5,1,1,0,ip-172-31-17-37,linux,0,2.24,446.42,KEM,True,2025-11-21T22:10:22.825615,,1660
FrodoKEM-976-SHAKE,encap,0,64,3.5,1,1,0,ip-172-31-17-37,linux,0,2.2212,450.2,KEM,True,2025-11-21T22:10:22.827862,,1661
FrodoKEM-976-SHAKE,encap,0,64,3.5,1,1,0,ip-172-31-17-37,linux,0,2.2078,452.94,KEM,True,2025-11-21T22:10:22.830095,,1662
FrodoKEM-976-SHAKE,encap,0,64,3.5,1,1,0,ip-172-31-17-37,linux,0,2.2212,450.21,KEM,True,2025-11-21T22:10:22.832341,,1663
FrodoKEM-976-SHAKE,encap,0,64,3.5,1,1,0,ip-172-31-17-37,linux,0,2.2214,450.16,KEM,True,2025-11-21T22:10:22.834587,,1664
FrodoKEM-976-SHAKE,encap,0,64,3.5,1,1,0,ip-172-31-17-37,linux,0,2.2394,446.54,KEM,True,2025-11-21T22:10:22.836852,,1665
FrodoKEM-976-SHAKE,encap,1024,1,3.5,1,1,0,ip-172-31-17-37,linux,0,2.2216,450.12,KEM,True,2025-11-21T22:10:22.839102,,1666
FrodoKEM-976-SHAKE,encap,1024,1,3.5,1,1,0,ip-172-31-17-37,linux,0,2.2038,453.76,KEM,True,2025-11-21T22:10:22.841332,,1667
FrodoKEM-976-SHAKE,encap,1024,1,3.5,1,1,0,ip-172-31-17-37,linux,0,2.2183,450.79,KEM,True,2025-11-21T22:10:22.843584,,1668
FrodoKEM-976-SHAKE,encap,1024,1,3.5,1,1,0,ip-172-31-17-37,linux,0,2.2016,454.22,KEM,True,2025-11-21T22:10:22.845810,,1669
FrodoKEM-976-SHAKE,encap,1024,1,3.5,1,1,0,ip-172-31-17-37,linux,0,2.2079,452.92,KEM,True,2025-11-21T22:10:22.848042,,1670
FrodoKEM-976-SHAKE,encap,1024,16,3.5,1,1,0,ip-172-31-17-37,linux,0,2.2237,449.71,KEM,True,2025-11-21T22:10:22.850292,,1671
FrodoKEM-976-SHAKE,encap,1024,16,3.5,1,1,0,ip-172-31-17-37,linux,0,2.2107,452.35,KEM,True,2025-11-21T22:10:22.852526,,1672
FrodoKEM-976-SHAKE,encap,1024,16,3.5,1,1,0,ip-172-31-17-37,linux,0,2.2298,448.48,KEM,True,2025-11-21T22:10:22.854781,,1673
FrodoKEM-976-SHAKE,encap,1024,16,3.5,1,1,0,ip-172-31-17-37,linux,0,2.2029,453.96,KEM,True,2025-11-21T22:10:22.857009,,1674
FrodoKEM-976-SHAKE,encap,1024,16,3.5,1,1,0,ip-172-31-17-37,linux,0,2.213,451.87,KEM,True,2025-11-21T22:10:22.859246,,1675
FrodoKEM-976-SHAKE,encap,1024,64,3.5,1,1,0,ip-172-31-17-37,linux,0,2.2018,454.18,KEM,True,2025-11-21T22:10:22.861474,,1676
FrodoKEM-976-SHAKE,encap,1024,64,3.5,1,1,0,ip-172-31-17-37,linux,0,2.2181,450.83,KEM,True,2025-11-21T22:10:22.863717,,1677
FrodoKEM-976-SHAKE,encap,1024,64,3.5,1,1,0,ip-172-31-17-37,linux,0,2.2047,453.58,KEM,True,2025-11-21T22:10:22.865946,,1678
FrodoKEM-976-SHAKE,encap,1024,64,3.5,1,1,0,ip-172-31-17-37,linux,0,2.5763,388.15,KEM,True,2025-11-21T22:10:22.868547,,1679
FrodoKEM-976-SHAKE,encap,1024,64,3.5,1,1,0,ip-172-31-17-37,linux,0,2.2491,444.61,KEM,True,2025-11-21T22:10:22.870822,,1680
FrodoKEM-976-SHAKE,decap,0,1,3.5,1,1,0,ip-172-31-17-37,linux,0,3.3599,297.63,KEM,True,2025-11-21T22:10:22.874213,,1681
FrodoKEM-976-SHAKE,decap,0,1,3.5,1,1,0,ip-172-31-17-37,linux,0,3.3601,297.61,KEM,True,2025-11-21T22:10:22.877598,,1682
FrodoKEM-976-SHAKE,decap,0,1,3.5,1,1,0,ip-172-31-17-37,linux,0,3.3643,297.24,KEM,True,2025-11-21T22:10:22.880987,,1683
FrodoKEM-976-SHAKE,decap,0,1,3.5,1,1,0,ip-172-31-17-37,linux,0,3.3498,298.53,KEM,True,2025-11-21T22:10:22.884362,,1684
FrodoKEM-976-SHAKE,decap,0,1,3.5,1,1,0,ip-172-31-17-37,linux,0,3.355,298.06,KEM,True,2025-11-21T22:10:22.887742,,1685
FrodoKEM-976-SHAKE,decap,0,16,3.5,1,1,0,ip-172-31-17-37,linux,0,3.3461,298.86,KEM,True,2025-11-21T22:10:22.891114,,1686
FrodoKEM-976-SHAKE,decap,0,16,3.5,1,1,0,ip-172-31-17-37,linux,0,3.3448,298.98,KEM,True,2025-11-21T22:10:22.894483,,1687
FrodoKEM-976-SHAKE,decap,0,16,3.5,1,1,0,ip-172-31-17-37,linux,0,3.3488,298.61,KEM,True,2025-11-21T22:10:22.897857,,1688
FrodoKEM-976-SHAKE,decap,0,16,3.5,1,1,0,ip-172-31-17-37,linux,0,3.3452,298.93,KEM,True,2025-11-21T22:10:22.901227,,1689
FrodoKEM-976-SHAKE,decap,0,16,3.5,1,1,0,ip-172-31-17-37,linux,0,3.3543,298.12,KEM,True,2025-11-21T22:10:22.904605,,1690
FrodoKEM-976-SHAKE,decap,0,64,3.5,1,1,0,ip-172-31-17-37,linux,0,3.3401,299.4,KEM,True,2025-11-21T22:10:22.907971,,1691
FrodoKEM-976-SHAKE,decap,0,64,3.5,1,1,0,ip-172-31-17-37,linux,0,3.3462,298.85,KEM,True,2025-11-21T22:10:22.911342,,1692
FrodoKEM-976-SHAKE,decap,0,64,3.5,1,1,0,ip-172-31-17-37,linux,0,3.3539,298.16,KEM,True,2025-11-21T22:10:22.914721,,1693
FrodoKEM-976-SHAKE,decap,0,64,3.5,1,1,0,ip-172-31-17-37,linux,0,3.3595,297.66,KEM,True,2025-11-21T22:10:22.918105,,1694
FrodoKEM-976-SHAKE,decap,0,64,3.5,1,1,0,ip-172-31-17-37,linux,0,3.3459,298.88,KEM,True,2025-11-21T22:10:22.921475,,1695
FrodoKEM-976-SHAKE,decap,1024,1,3.5,1,1,0,ip-172-31-17-37,linux,0,3.3565,297.93,KEM,True,2025-11-21T22:10:22.924857,,1696
FrodoKEM-976-SHAKE,decap,1024,1,3.5,1,1,0,ip-172-31-17-37,linux,0,3.346,298.86,KEM,True,2025-11-21T22:10:22.928228,,1697
FrodoKEM-976-SHAKE,decap,1024,1,3.5,1,1,0,ip-172-31-17-37,linux,0,3.4174,292.62,KEM,True,2025-11-21T22:10:22.931670,,1698
FrodoKEM-976-SHAKE,decap,1024,1,3.5,1,1,0,ip-172-31-17-37,linux,0,3.3574,297.85,KEM,True,2025-11-21T22:10:22.935053,,1699
FrodoKEM-976-SHAKE,decap,1024,1,3.5,1,1,0,ip-172-31-17-37,linux,0,3.3859,295.34,KEM,True,2025-11-21T22:10:22.938464,,1700
FrodoKEM-976-SHAKE,decap,1024,16,3.5,1,1,0,ip-172-31-17-37,linux,0,3.3608,297.55,KEM,True,2025-11-21T22:10:22.941850,,1701
FrodoKEM-976-SHAKE,decap,1024,16,3.5,1,1,0,ip-172-31-17-37,linux,0,3.4122,293.07,KEM,True,2025-11-21T22:10:22.945289,,1702
FrodoKEM-976-SHAKE,decap,1024,16,3.5,1,1,0,ip-172-31-17-37,linux,0,3.376,296.21,KEM,True,2025-11-21T22:10:22.948693,,1703
FrodoKEM-976-SHAKE,decap,1024,16,3.5,1,1,0,ip-172-31-17-37,linux,0,3.3544,298.11,KEM,True,2025-11-21T22:10:22.952074,,1704
FrodoKEM-976-SHAKE,decap,1024,16,3.5,1,1,0,ip-172-31-17-37,linux,0,3.3471,298.76,KEM,True,2025-11-21T22:10:22.955449,,1705
FrodoKEM-976-SHAKE,decap,1024,64,3.5,1,1,0,ip-172-31-17-37,linux,0,3.3698,296.75,KEM,True,2025-11-21T22:10:22.958847,,1706
FrodoKEM-976-SHAKE,decap,1024,64,3.5,1,1,0,ip-172-31-17-37,linux,0,3.3497,298.53,KEM,True,2025-11-21T22:10:22.962224,,1707
FrodoKEM-976-SHAKE,decap,1024,64,3.5,1,1,0,ip-172-31-17-37,linux,0,3.3646,297.21,KEM,True,2025-11-21T22:10:22.965616,,1708
FrodoKEM-976-SHAKE,decap,1024,64,3.5,1,1,0,ip-172-31-17-37,linux,0,3.3568,297.9,KEM,True,2025-11-21T22:10:22.968999,,1709
FrodoKEM-976-SHAKE,decap,1024,64,3.5,1,1,0,ip-172-31-17-37,linux,0,3.3566,297.92,KEM,True,2025-11-21T22:10:22.972382,,1710
Kyber1024,keygen,0,1,3.5,1,1,0,ip-172-31-17-37,linux,0,0.1318,7584.72,KEM,True,2025-11-21T22:10:22.972546,,1711
Kyber1024,keygen,0,1,3.5,1,1,0,ip-172-31-17-37,linux,0,0.0553,18069.46,KEM,True,2025-11-21T22:10:22.972629,,1712
Kyber1024,keygen,0,1,3.5,1,1,0,ip-172-31-17-37,linux,0,0.0402,24860.78,KEM,True,2025-11-21T22:10:22.972694,,1713
Kyber1024,keygen,0,1,3.5,1,1,0,ip-172-31-17-37,linux,0,0.039,25641.03,KEM,True,2025-11-21T22:10:22.972755,,1714
Kyber1024,keygen,0,1,3.5,1,1,0,ip-172-31-17-37,linux,0,0.0392,25539.52,KEM,True,2025-11-21T22:10:22.972816,,1715
Kyber1024,keygen,0,16,3.5,1,1,0,ip-172-31-17-37,linux,0,0.039,25625.91,KEM,True,2025-11-21T22:10:22.972878,,1716
Kyber1024,keygen,0,16,3.5,1,1,0,ip-172-31-17-37,linux,0,0.0395,25290.84,KEM,True,2025-11-21T22:10:22.972939,,1717
Kyber1024,keygen,0,16,3.5,1,1,0,ip-172-31-17-37,linux,0,0.0407,24592.38,KEM,True,2025-11-21T22:10:22.973001,,1718
Kyber1024,keygen,0,16,3.5,1,1,0,ip-172-31-17-37,linux,0,0.0389,25739.36,KEM,True,2025-11-21T22:10:22.973062,,1719
Kyber1024,keygen,0,16,3.5,1,1,0,ip-172-31-17-37,linux,0,0.0391,25597.05,KEM,True,2025-11-21T22:10:22.973122,,1720
Kyber1024,keygen,0,64,3.5,1,1,0,ip-172-31-17-37,linux,0,0.0409,24473.81,KEM,True,2025-11-21T22:10:22.973214,,1721
Kyber1024,keygen,0,64,3.5,1,1,0,ip-172-31-17-37,linux,0,0.0394,25377.49,KEM,True,2025-11-21T22:10:22.973275,,1722
Kyber1024,keygen,0,64,3.5,1,1,0,ip-172-31-17-37,linux,0,0.0392,25499.15,KEM,True,2025-11-21T22:10:22.973336,,1723
Kyber1024,keygen,0,64,3.5,1,1,0,ip-172-31-17-37,linux,0,0.0393,25462.14,KEM,True,2025-11-21T22:10:22.973397,,1724
Kyber1024,keygen,0,64,3.5,1,1,0,ip-172-31-17-37,linux,0,0.0387,25832.45,KEM,True,2025-11-21T22:10:22.973457,,1725
Kyber1024,keygen,1024,1,3.5,1,1,0,ip-172-31-17-37,linux,0,0.0394,25396.83,KEM,True,2025-11-21T22:10:22.973518,,1726
Kyber1024,keygen,1024,1,3.5,1,1,0,ip-172-31-17-37,linux,0,0.0564,17731.44,KEM,True,2025-11-21T22:10:22.973596,,1727
Kyber1024,keygen,1024,1,3.5,1,1,0,ip-172-31-17-37,linux,0,0.04,25030.04,KEM,True,2025-11-21T22:10:22.973658,,1728
Kyber1024,keygen,1024,1,3.5,1,1,0,ip-172-31-17-37,linux,0,0.0419,23877.75,KEM,True,2025-11-21T22:10:22.973723,,1729
Kyber1024,keygen,1024,1,3.5,1,1,0,ip-172-31-17-37,linux,0,0.042,23801.02,KEM,True,2025-11-21T22:10:22.973798,,1730
Kyber1024,keygen,1024,16,3.5,1,1,0,ip-172-31-17-37,linux,0,0.039,25643.66,KEM,True,2025-11-21T22:10:22.973859,,1731
Kyber1024,keygen,1024,16,3.5,1,1,0,ip-172-31-17-37,linux,0,0.0385,25944.38,KEM,True,2025-11-21T22:10:22.973918,,1732
Kyber1024,keygen,1024,16,3.5,1,1,0,ip-172-31-17-37,linux,0,0.0384,26068.82,KEM,True,2025-11-21T22:10:22.973977,,1733
Kyber1024,keygen,1024,16,3.5,1,1,0,ip-172-31-17-37,linux,0,0.0387,25833.12,KEM,True,2025-11-21T22:10:22.974037,,1734
Kyber1024,keygen,1024,16,3.5,1,1,0,ip-172-31-17-37,linux,0,0.0382,26147.21,KEM,True,2025-11-21T22:10:22.974096,,1735
Kyber1024,keygen,1024,64,3.5,1,1,0,ip-172-31-17-37,linux,0,0.0386,25938.32,KEM,True,2025-11-21T22:10:22.974155,,1736
Kyber1024,keygen,1024,64,3.5,1,1,0,ip-172-31-17-37,linux,0,0.0385,25990.23,KEM,True,2025-11-21T22:10:22.974215,,1737
Kyber1024,keygen,1024,64,3.5,1,1,0,ip-172-31-17-37,linux,0,0.0383,26080.38,KEM,True,2025-11-21T22:10:22.974275,,1738
Kyber1024,keygen,1024,64,3.5,1,1,0,ip-172-31-17-37,linux,0,0.0385,25976.72,KEM,True,2025-11-21T22:10:22.974335,,1739
Kyber1024,keygen,1024,64,3.5,1,1,0,ip-172-31-17-37,linux,0,0.0384,26034.89,KEM,True,2025-11-21T22:10:22.974394,,1740
Kyber1024,encap,0,1,3.5,1,1,0,ip-172-31-17-37,linux,0,0.0631,15850.62,KEM,True,2025-11-21T22:10:22.974493,,1741
Kyber1024,encap,0,1,3.5,1,1,0,ip-172-31-17-37,linux,0,0.075,13339.02,KEM,True,2025-11-21T22:10:22.974591,,1742
Kyber1024,encap,0,1,3.5,1,1,0,ip-172-31-17-37,linux,0,0.0602,16599.16,KEM,True,2025-11-21T22:10:22.974674,,1743
Kyber1024,encap,0,1,3.5,1,1,0,ip-172-31-17-37,linux,0,0.0589,16969.57,KEM,True,2025-11-21T22:10:22.974755,,1744
Kyber1024,encap,0,1,3.5,1,1,0,ip-172-31-17-37,linux,0,0.059,16946.57,KEM,True,2025-11-21T22:10:22.974836,,1745
Kyber1024,encap,0,16,3.5,1,1,0,ip-172-31-17-37,linux,0,0.0592,16891.89,KEM,True,2025-11-21T22:10:22.974918,,1746
Kyber1024,encap,0,16,3.5,1,1,0,ip-172-31-17-37,linux,0,0.0594,16831.9,KEM,True,2025-11-21T22:10:22.974999,,1747
Kyber1024,encap,0,16,3.5,1,1,0,ip-172-31-17-37,linux,0,0.059,16942.55,KEM,True,2025-11-21T22:10:22.975080,,1748
Kyber1024,encap,0,16,3.5,1,1,0,ip-172-31-17-37,linux,0,0.0587,17032.87,KEM,True,2025-11-21T22:10:22.975162,,1749
Kyber1024,encap,0,16,3.5,1,1,0,ip-172-31-17-37,linux,0,0.0586,17061.06,KEM,True,2025-11-21T22:10:22.975242,,1750
Kyber1024,encap,0,64,3.5,1,1,0,ip-172-31-17-37,linux,0,0.0583,17145.6,KEM,True,2025-11-21T22:10:22.975322,,1751
Kyber1024,encap,0,64,3.5,1,1,0,ip-172-31-17-37,linux,0,0.0594,16838.42,KEM,True,2025-11-21T22:10:22.975403,,1752
Kyber1024,encap,0,64,3.5,1,1,0,ip-172-31-17-37,linux,0,0.0586,17066.3,KEM,True,2025-11-21T22:10:22.975484,,1753
Kyber1024,encap,0,64,3.5,1,1,0,ip-172-31-17-37,linux,0,0.0593,16852.32,KEM,True,2025-11-21T22:10:22.975565,,1754
Kyber1024,encap,0,64,3.5,1,1,0,ip-172-31-17-37,linux,0,0.0602,16605.5,KEM,True,2025-11-21T22:10:22.975661,,1755
Kyber1024,encap,1024,1,3.5,1,1,0,ip-172-31-17-37,linux,0,0.0587,17021.28,KEM,True,2025-11-21T22:10:22.975742,,1756
Kyber1024,encap,1024,1,3.5,1,1,0,ip-172-31-17-37,linux,0,0.0582,17185.97,KEM,True,2025-11-21T22:10:22.975823,,1757
Kyber1024,encap,1024,1,3.5,1,1,0,ip-172-31-17-37,linux,0,0.0588,16997.84,KEM,True,2025-11-21T22:10:22.975904,,1758
Kyber1024,encap,1024,1,3.5,1,1,0,ip-172-31-17-37,linux,0,0.0581,17214.07,KEM,True,2025-11-21T22:10:22.975983,,1759
Kyber1024,encap,1024,1,3.5,1,1,0,ip-172-31-17-37,linux,0,0.058,17245.54,KEM,True,2025-11-21T22:10:22.976063,,1760
Kyber1024,encap,1024,16,3.5,1,1,0,ip-172-31-17-37,linux,0,0.0586,17067.76,KEM,True,2025-11-21T22:10:22.976145,,1761
Kyber1024,encap,1024,16,3.5,1,1,0,ip-172-31-17-37,linux,0,0.0581,17217.63,KEM,True,2025-11-21T22:10:22.976225,,1762
Kyber1024,encap,1024,16,3.5,1,1,0,ip-172-31-17-37,linux,0,0.0587,17024.17,KEM,True,2025-11-21T22:10:22.976305,,1763
Kyber1024,encap,1024,16,3.5,1,1,0,ip-172-31-17-37,linux,0,0.0583,17147.95,KEM,True,2025-11-21T22:10:22.976385,,1764
Kyber1024,encap,1024,16,3.5,1,1,0,ip-172-31-17-37,linux,0,0.0585,17090.8,KEM,True,2025-11-21T22:10:22.976466,,1765
Kyber1024,encap,1024,64,3.5,1,1,0,ip-172-31-17-37,linux,0,0.059,16944.27,KEM,True,2025-11-21T22:10:22.976547,,1766
Kyber1024,encap,1024,64,3.5,1,1,0,ip-172-31-17-37,linux,0,0.0722,13854.64,KEM,True,2025-11-21T22:10:22.976642,,1767
Kyber1024,encap,1024,64,3.5,1,1,0,ip-172-31-17-37,linux,0,0.0586,17063.39,KEM,True,2025-11-21T22:10:22.976723,,1768
Kyber1024,encap,1024,64,3.5,1,1,0,ip-172-31-17-37,linux,0,0.0585,17107.76,KEM,True,2025-11-21T22:10:22.976804,,1769
Kyber1024,encap,1024,64,3.5,1,1,0,ip-172-31-17-37,linux,0,0.0599,16684.19,KEM,True,2025-11-21T22:10:22.976886,,1770
Kyber1024,decap,0,1,3.5,1,1,0,ip-172-31-17-37,linux,0,0.0732,13664.75,KEM,True,2025-11-21T22:10:22.976985,,1771
Kyber1024,decap,0,1,3.5,1,1,0,ip-172-31-17-37,linux,0,0.0736,13584.93,KEM,True,2025-11-21T22:10:22.977081,,1772
Kyber1024,decap,0,1,3.5,1,1,0,ip-172-31-17-37,linux,0,0.0729,13714.22,KEM,True,2025-11-21T22:10:22.977177,,1773
Kyber1024,decap,0,1,3.5,1,1,0,ip-172-31-17-37,linux,0,0.073,13699.19,KEM,True,2025-11-21T22:10:22.977272,,1774
Kyber1024,decap,0,1,3.5,1,1,0,ip-172-31-17-37,linux,0,0.0739,13523.2,KEM,True,2025-11-21T22:10:22.977369,,1775
Kyber1024,decap,0,16,3.5,1,1,0,ip-172-31-17-37,linux,0,0.0726,13780.37,KEM,True,2025-11-21T22:10:22.977464,,1776
Kyber1024,decap,0,16,3.5,1,1,0,ip-172-31-17-37,linux,0,0.0725,13794.05,KEM,True,2025-11-21T22:10:22.977559,,1777
Kyber1024,decap,0,16,3.5,1,1,0,ip-172-31-17-37,linux,0,0.0728,13743.44,KEM,True,2025-11-21T22:10:22.977677,,1778
Kyber1024,decap,0,16,3.5,1,1,0,ip-172-31-17-37,linux,0,0.073,13704.83,KEM,True,2025-11-21T22:10:22.977772,,1779
Kyber1024,decap,0,16,3.5,1,1,0,ip-172-31-17-37,linux,0,0.0731,13682.32,KEM,True,2025-11-21T22:10:22.977867,,1780
Kyber1024,decap,0,64,3.5,1,1,0,ip-172-31-17-37,linux,0,0.0725,13789.11,KEM,True,2025-11-21T22:10:22.977962,,1781
Kyber1024,decap,0,64,3.5,1,1,0,ip-172-31-17-37,linux,0,0.0722,13843.32,KEM,True,2025-11-21T22:10:22.978055,,1782
Kyber1024,decap,0,64,3.5,1,1,0,ip-172-31-17-37,linux,0,0.0721,13864.05,KEM,True,2025-11-21T22:10:22.978149,,1783
Kyber1024,decap,0,64,3.5,1,1,0,ip-172-31-17-37,linux,0,0.072,13896.61,KEM,True,2025-11-21T22:10:22.978243,,1784
Kyber1024,decap,0,64,3.5,1,1,0,ip-172-31-17-37,linux,0,0.0727,13752.89,KEM,True,2025-11-21T22:10:22.978337,,1785
Kyber1024,decap,1024,1,3.5,1,1,0,ip-172-31-17-37,linux,0,0.0808,12378.08,KEM,True,2025-11-21T22:10:22.978441,,1786
Kyber1024,decap,1024,1,3.5,1,1,0,ip-172-31-17-37,linux,0,0.0737,13574.97,KEM,True,2025-11-21T22:10:22.978537,,1787
Kyber1024,decap,1024,1,3.5,1,1,0,ip-172-31-17-37,linux,0,0.0882,11343.01,KEM,True,2025-11-21T22:10:22.978648,,1788
Kyber1024,decap,1024,1,3.5,1,1,0,ip-172-31-17-37,linux,0,0.0893,11193.95,KEM,True,2025-11-21T22:10:22.978761,,1789
Kyber1024,decap,1024,1,3.5,1,1,0,ip-172-31-17-37,linux,0,0.0752,13302.47,KEM,True,2025-11-21T22:10:22.978861,,1790
Kyber1024,decap,1024,16,3.5,1,1,0,ip-172-31-17-37,linux,0,0.0726,13768.6,KEM,True,2025-11-21T22:10:22.978957,,1791
Kyber1024,decap,1024,16,3.5,1,1,0,ip-172-31-17-37,linux,0,0.0742,13472.55,KEM,True,2025-11-21T22:10:22.979072,,1792
Kyber1024,decap,1024,16,3.5,1,1,0,ip-172-31-17-37,linux,0,0.0729,13714.98,KEM,True,2025-11-21T22:10:22.979169,,1793
Kyber1024,decap,1024,16,3.5,1,1,0,ip-172-31-17-37,linux,0,0.0726,13772.4,KEM,True,2025-11-21T22:10:22.979264,,1794
Kyber1024,decap,1024,16,3.5,1,1,0,ip-172-31-17-37,linux,0,0.0724,13808.91,KEM,True,2025-11-21T22:10:22.979358,,1795
Kyber1024,decap,1024,64,3.5,1,1,0,ip-172-31-17-37,linux,0,0.0725,13798.24,KEM,True,2025-11-21T22:10:22.979453,,1796
Kyber1024,decap,1024,64,3.5,1,1,0,ip-172-31-17-37,linux,0,0.0728,13741.17,KEM,True,2025-11-21T22:10:22.979548,,1797
Kyber1024,decap,1024,64,3.5,1,1,0,ip-172-31-17-37,linux,0,0.0883,11321.44,KEM,True,2025-11-21T22:10:22.979658,,1798
Kyber1024,decap,1024,64,3.5,1,1,0,ip-172-31-17-37,linux,0,0.0733,13648.9,KEM,True,2025-11-21T22:10:22.979755,,1799
Kyber1024,decap,1024,64,3.5,1,1,0,ip-172-31-17-37,linux,0,0.0731,13689.07,KEM,True,2025-11-21T22:10:22.979850,,1800
Kyber512,keygen,0,1,3.5,1,1,0,ip-172-31-17-37,linux,0,0.0925,10815.72,KEM,True,2025-11-21T22:10:22.979971,,1801
Kyber512,keygen,0,1,3.5,1,1,0,ip-172-31-17-37,linux,0,0.0351,28517.65,KEM,True,2025-11-21T22:10:22.980031,,1802
Kyber512,keygen,0,1,3.5,1,1,0,ip-172-31-17-37,linux,0,0.0335,29878.4,KEM,True,2025-11-21T22:10:22.980087,,1803
Kyber512,keygen,0,1,3.5,1,1,0,ip-172-31-17-37,linux,0,0.0329,30382.21,KEM,True,2025-11-21T22:10:22.980142,,1804
Kyber512,keygen,0,1,3.5,1,1,0,ip-172-31-17-37,linux,0,0.0326,30641.95,KEM,True,2025-11-21T22:10:22.980196,,1805
Kyber512,keygen,0,16,3.5,1,1,0,ip-172-31-17-37,linux,0,0.0324,30829.94,KEM,True,2025-11-21T22:10:22.980251,,1806
Kyber512,keygen,0,16,3.5,1,1,0,ip-172-31-17-37,linux,0,0.0328,30484.09,KEM,True,2025-11-21T22:10:22.980305,,1807
Kyber512,keygen,0,16,3.5,1,1,0,ip-172-31-17-37,linux,0,0.0329,30441.4,KEM,True,2025-11-21T22:10:22.980360,,1808
Kyber512,keygen,0,16,3.5,1,1,0,ip-172-31-17-37,linux,0,0.0327,30594.14,KEM,True,2025-11-21T22:10:22.980414,,1809
Kyber512,keygen,0,16,3.5,1,1,0,ip-172-31-17-37,linux,0,0.0323,30929.11,KEM,True,2025-11-21T22:10:22.980467,,1810
Kyber512,keygen,0,64,3.5,1,1,0,ip-172-31-17-37,linux,0,0.0328,30474.8,KEM,True,2025-11-21T22:10:22.980521,,1811
Kyber512,keygen,0,64,3.5,1,1,0,ip-172-31-17-37,linux,0,0.0487,20517.87,KEM,True,2025-11-21T22:10:22.980592,,1812
Kyber512,keygen,0,64,3.5,1,1,0,ip-172-31-17-37,linux,0,0.0335,29889.11,KEM,True,2025-11-21T22:10:22.980647,,1813
Kyber512,keygen,0,64,3.5,1,1,0,ip-172-31-17-37,linux,0,0.033,30284.68,KEM,True,2025-11-21T22:10:22.980702,,1814
Kyber512,keygen,0,64,3.5,1,1,0,ip-172-31-17-37,linux,0,0.0326,30641.01,KEM,True,2025-11-21T22:10:22.980756,,1815
Kyber512,keygen,1024,1,3.5,1,1,0,ip-172-31-17-37,linux,0,0.0327,30570.76,KEM,True,2025-11-21T22:10:22.980811,,1816
Kyber512,keygen,1024,1,3.5,1,1,0,ip-172-31-17-37,linux,0,0.0326,30692.74,KEM,True,2025-11-21T22:10:22.980866,,1817
Kyber512,keygen,1024,1,3.5,1,1,0,ip-172-31-17-37,linux,0,0.0323,30985.65,KEM,True,2025-11-21T22:10:22.980919,,1818
Kyber512,keygen,1024,1,3.5,1,1,0,ip-172-31-17-37,linux,0,0.0326,30661.68,KEM,True,2025-11-21T22:10:22.980973,,1819
Kyber512,keygen,1024,1,3.5,1,1,0,ip-172-31-17-37,linux,0,0.0324,30907.12,KEM,True,2025-11-21T22:10:22.981027,,1820
Kyber512,keygen,1024,16,3.5,1,1,0,ip-172-31-17-37,linux,0,0.0325,30792.92,KEM,True,2025-11-21T22:10:22.981081,,1821
Kyber512,keygen,1024,16,3.5,1,1,0,ip-172-31-17-37,linux,0,0.0347,28843.38,KEM,True,2025-11-21T22:10:22.981138,,1822
Kyber512,keygen,1024,16,3.5,1,1,0,ip-172-31-17-37,linux,0,0.0329,30432.14,KEM,True,2025-11-21T22:10:22.981192,,1823
Kyber512,keygen,1024,16,3.5,1,1,0,ip-172-31-17-37,linux,0,0.0322,31061.69,KEM,True,2025-11-21T22:10:22.981246,,1824
Kyber512,keygen,1024,16,3.5,1,1,0,ip-172-31-17-37,linux,0,0.0323,30965.5,KEM,True,2025-11-21T22:10:22.981300,,1825
Kyber512,keygen,1024,64,3.5,1,1,0,ip-172-31-17-37,linux,0,0.0325,30804.3,KEM,True,2025-11-21T22:10:22.981353,,1826
Kyber512,keygen,1024,64,3.5,1,1,0,ip-172-31-17-37,linux,0,0.032,31225.6,KEM,True,2025-11-21T22:10:22.981407,,1827
Kyber512,keygen,1024,64,3.5,1,1,0,ip-172-31-17-37,linux,0,0.0327,30623.18,KEM,True,2025-11-21T22:10:22.981461,,1828
Kyber512,keygen,1024,64,3.5,1,1,0,ip-172-31-17-37,linux,0,0.0324,30869.91,KEM,True,2025-11-21T22:10:22.981514,,1829
Kyber512,keygen,1024,64,3.5,1,1,0,ip-172-31-17-37,linux,0,0.0323,30980.85,KEM,True,2025-11-21T22:10:22.981568,,1830
Kyber512,encap,0,1,3.5,1,1,0,ip-172-31-17-37,linux,0,0.0671,14911.13,KEM,True,2025-11-21T22:10:22.981673,,1831
Kyber512,encap,0,1,3.5,1,1,0,ip-172-31-17-37,linux,0,0.0471,21240.44,KEM,True,2025-11-21T22:10:22.981744,,1832
Kyber512,encap,0,1,3.5,1,1,0,ip-172-31-17-37,linux,0,0.0458,21844.55,KEM,True,2025-11-21T22:10:22.981812,,1833
Kyber512,encap,0,1,3.5,1,1,0,ip-172-31-17-37,linux,0,0.0455,21962.58,KEM,True,2025-11-21T22:10:22.981880,,1834
Kyber512,encap,0,1,3.5,1,1,0,ip-172-31-17-37,linux,0,0.045,22225.68,KEM,True,2025-11-21T22:10:22.981947,,1835
Kyber512,encap,0,16,3.5,1,1,0,ip-172-31-17-37,linux,0,0.0451,22186.72,KEM,True,2025-11-21T22:10:22.982015,,1836
Kyber512,encap,0,16,3.5,1,1,0,ip-172-31-17-37,linux,0,0.045,22234.08,KEM,True,2025-11-21T22:10:22.982082,,1837
Kyber512,encap,0,16,3.5,1,1,0,ip-172-31-17-37,linux,0,0.0447,22369.36,KEM,True,2025-11-21T22:10:22.982148,,1838
Kyber512,encap,0,16,3.5,1,1,0,ip-172-31-17-37,linux,0,0.0443,22551.98,KEM,True,2025-11-21T22:10:22.982214,,1839
Kyber512,encap,0,16,3.5,1,1,0,ip-172-31-17-37,linux,0,0.0444,22501.74,KEM,True,2025-11-21T22:10:22.982280,,1840
Kyber512,encap,0,64,3.5,1,1,0,ip-172-31-17-37,linux,0,0.0442,22599.38,KEM,True,2025-11-21T22:10:22.982346,,1841
Kyber512,encap,0,64,3.5,1,1,0,ip-172-31-17-37,linux,0,0.0557,17941.4,KEM,True,2025-11-21T22:10:22.982424,,1842
Kyber512,encap,0,64,3.5,1,1,0,ip-172-31-17-37,linux,0,0.0454,22019.64,KEM,True,2025-11-21T22:10:22.982491,,1843
Kyber512,encap,0,64,3.5,1,1,0,ip-172-31-17-37,linux,0,0.0449,22296.54,KEM,True,2025-11-21T22:10:22.982558,,1844
Kyber512,encap,0,64,3.5,1,1,0,ip-172-31-17-37,linux,0,0.0424,23596.04,KEM,True,2025-11-21T22:10:22.982641,,1845
Kyber512,encap,1024,1,3.5,1,1,0,ip-172-31-17-37,linux,0,0.0451,22158.7,KEM,True,2025-11-21T22:10:22.982709,,1846
Kyber512,encap,1024,1,3.5,1,1,0,ip-172-31-17-37,linux,0,0.0451,22151.83,KEM,True,2025-11-21T22:10:22.982776,,1847
Kyber512,encap,1024,1,3.5,1,1,0,ip-172-31-17-37,linux,0,0.0452,22113.62,KEM,True,2025-11-21T22:10:22.982844,,1848
Kyber512,encap,1024,1,3.5,1,1,0,ip-172-31-17-37,linux,0,0.0451,22151.83,KEM,True,2025-11-21T22:10:22.982910,,1849
Kyber512,encap,1024,1,3.5,1,1,0,ip-172-31-17-37,linux,0,0.0451,22192.14,KEM,True,2025-11-21T22:10:22.982978,,1850
Kyber512,encap,1024,16,3.5,1,1,0,ip-172-31-17-37,linux,0,0.0533,18744.49,KEM,True,2025-11-21T22:10:22.983059,,1851
Kyber512,encap,1024,16,3.5,1,1,0,ip-172-31-17-37,linux,0,0.0454,22003.65,KEM,True,2025-11-21T22:10:22.983128,,1852
Kyber512,encap,1024,16,3.5,1,1,0,ip-172-31-17-37,linux,0,0.0449,22269.24,KEM,True,2025-11-21T22:10:22.983195,,1853
Kyber512,encap,1024,16,3.5,1,1,0,ip-172-31-17-37,linux,0,0.0447,22353.36,KEM,True,2025-11-21T22:10:22.983261,,1854
Kyber512,encap,1024,16,3.5,1,1,0,ip-172-31-17-37,linux,0,0.045,22241.99,KEM,True,2025-11-21T22:10:22.983328,,1855
Kyber512,encap,1024,64,3.5,1,1,0,ip-172-31-17-37,linux,0,0.0448,22331.4,KEM,True,2025-11-21T22:10:22.983396,,1856
Kyber512,encap,1024,64,3.5,1,1,0,ip-172-31-17-37,linux,0,0.0447,22374.87,KEM,True,2025-11-21T22:10:22.983462,,1857
Kyber512,encap,1024,64,3.5,1,1,0,ip-172-31-17-37,linux,0,0.0443,22583.56,KEM,True,2025-11-21T22:10:22.983528,,1858
Kyber512,encap,1024,64,3.5,1,1,0,ip-172-31-17-37,linux,0,0.0598,16716.26,KEM,True,2025-11-21T22:10:22.983610,,1859
Kyber512,encap,1024,64,3.5,1,1,0,ip-172-31-17-37,linux,0,0.0452,22131.73,KEM,True,2025-11-21T22:10:22.983678,,1860
Kyber512,decap,0,1,3.5,1,1,0,ip-172-31-17-37,linux,0,0.0527,18992.99,KEM,True,2025-11-21T22:10:22.983757,,1861
Kyber512,decap,0,1,3.5,1,1,0,ip-172-31-17-37,linux,0,0.0532,18801.94,KEM,True,2025-11-21T22:10:22.983832,,1862
Kyber512,decap,0,1,3.5,1,1,0,ip-172-31-17-37,linux,0,0.0545,18357.38,KEM,True,2025-11-21T22:10:22.983927,,1863
Kyber512,decap,0,1,3.5,1,1,0,ip-172-31-17-37,linux,0,0.0529,18886.81,KEM,True,2025-11-21T22:10:22.984004,,1864
Kyber512,decap,0,1,3.5,1,1,0,ip-172-31-17-37,linux,0,0.0531,18848.72,KEM,True,2025-11-21T22:10:22.984079,,1865
Kyber512,decap,0,16,3.5,1,1,0,ip-172-31-17-37,linux,0,0.0528,18956.27,KEM,True,2025-11-21T22:10:22.984155,,1866
Kyber512,decap,0,16,3.5,1,1,0,ip-172-31-17-37,linux,0,0.0525,19036.02,KEM,True,2025-11-21T22:10:22.984230,,1867
Kyber512,decap,0,16,3.5,1,1,0,ip-172-31-17-37,linux,0,0.0531,18845.52,KEM,True,2025-11-21T22:10:22.984305,,1868
Kyber512,decap,0,16,3.5,1,1,0,ip-172-31-17-37,linux,0,0.0528,18928.64,KEM,True,2025-11-21T22:10:22.984380,,1869
Kyber512,decap,0,16,3.5,1,1,0,ip-172-31-17-37,linux,0,0.0523,19120.46,KEM,True,2025-11-21T22:10:22.984455,,1870
Kyber512,decap,0,64,3.5,1,1,0,ip-172-31-17-37,linux,0,0.0526,19010.32,KEM,True,2025-11-21T22:10:22.984530,,1871
Kyber512,decap,0,64,3.5,1,1,0,ip-172-31-17-37,linux,0,0.0668,14978.81,KEM,True,2025-11-21T22:10:22.984619,,1872
Kyber512,decap,0,64,3.5,1,1,0,ip-172-31-17-37,linux,0,0.0533,18770.53,KEM,True,2025-11-21T22:10:22.984696,,1873
Kyber512,decap,0,64,3.5,1,1,0,ip-172-31-17-37,linux,0,0.0646,15477.96,KEM,True,2025-11-21T22:10:22.984784,,1874
Kyber512,decap,0,64,3.5,1,1,0,ip-172-31-17-37,linux,0,0.0537,18607.07,KEM,True,2025-11-21T22:10:22.984861,,1875
Kyber512,decap,1024,1,3.5,1,1,0,ip-172-31-17-37,linux,0,0.053,18880.75,KEM,True,2025-11-21T22:10:22.984938,,1876
Kyber512,decap,1024,1,3.5,1,1,0,ip-172-31-17-37,linux,0,0.0535,18702.08,KEM,True,2025-11-21T22:10:22.985014,,1877
Kyber512,decap,1024,1,3.5,1,1,0,ip-172-31-17-37,linux,0,0.0528,18939.39,KEM,True,2025-11-21T22:10:22.985089,,1878
Kyber512,decap,1024,1,3.5,1,1,0,ip-172-31-17-37,linux,0,0.0526,19007.43,KEM,True,2025-11-21T22:10:22.985163,,1879
Kyber512,decap,1024,1,3.5,1,1,0,ip-172-31-17-37,linux,0,0.0523,19106.58,KEM,True,2025-11-21T22:10:22.985238,,1880
Kyber512,decap,1024,16,3.5,1,1,0,ip-172-31-17-37,linux,0,0.0525,19054.88,KEM,True,2025-11-21T22:10:22.985313,,1881
Kyber512,decap,1024,16,3.5,1,1,0,ip-172-31-17-37,linux,0,0.0525,19030.58,KEM,True,2025-11-21T22:10:22.985388,,1882
Kyber512,decap,1024,16,3.5,1,1,0,ip-172-31-17-37,linux,0,0.053,18866.5,KEM,True,2025-11-21T22:10:22.985463,,1883
Kyber512,decap,1024,16,3.5,1,1,0,ip-172-31-17-37,linux,0,0.0527,18958.78,KEM,True,2025-11-21T22:10:22.985538,,1884
Kyber512,decap,1024,16,3.5,1,1,0,ip-172-31-17-37,linux,0,0.0677,14770.61,KEM,True,2025-11-21T22:10:22.985628,,1885
Kyber512,decap,1024,64,3.5,1,1,0,ip-172-31-17-37,linux,0,0.0535,18707.32,KEM,True,2025-11-21T22:10:22.985705,,1886
Kyber512,decap,1024,64,3.5,1,1,0,ip-172-31-17-37,linux,0,0.0525,19048.34,KEM,True,2025-11-21T22:10:22.985779,,1887
Kyber512,decap,1024,64,3.5,1,1,0,ip-172-31-17-37,linux,0,0.0532,18804.42,KEM,True,2025-11-21T22:10:22.985854,,1888
Kyber512,decap,1024,64,3.5,1,1,0,ip-172-31-17-37,linux,0,0.0526,18993.71,KEM,True,2025-11-21T22:10:22.985928,,1889
Kyber512,decap,1024,64,3.5,1,1,0,ip-172-31-17-37,linux,0,0.0524,19070.87,KEM,True,2025-11-21T22:10:22.986003,,1890
Kyber768,keygen,0,1,3.5,1,1,0,ip-172-31-17-37,linux,0,0.07,14292.86,KEM,True,2025-11-21T22:10:22.986100,,1891
Kyber768,keygen,0,1,3.5,1,1,0,ip-172-31-17-37,linux,0,0.0381,26250.16,KEM,True,2025-11-21T22:10:22.986163,,1892
Kyber768,keygen,0,1,3.5,1,1,0,ip-172-31-17-37,linux,0,0.0369,27078.99,KEM,True,2025-11-21T22:10:22.986222,,1893
Kyber768,keygen,0,1,3.5,1,1,0,ip-172-31-17-37,linux,0,0.0363,27583.16,KEM,True,2025-11-21T22:10:22.986280,,1894
Kyber768,keygen,0,1,3.5,1,1,0,ip-172-31-17-37,linux,0,0.0363,27526.22,KEM,True,2025-11-21T22:10:22.986338,,1895
Kyber768,keygen,0,16,3.5,1,1,0,ip-172-31-17-37,linux,0,0.036,27777.78,KEM,True,2025-11-21T22:10:22.986396,,1896
Kyber768,keygen,0,16,3.5,1,1,0,ip-172-31-17-37,linux,0,0.0371,26936.03,KEM,True,2025-11-21T22:10:22.986466,,1897
Kyber768,keygen,0,16,3.5,1,1,0,ip-172-31-17-37,linux,0,0.036,27808.68,KEM,True,2025-11-21T22:10:22.986524,,1898
Kyber768,keygen,0,16,3.5,1,1,0,ip-172-31-17-37,linux,0,0.0529,18902.52,KEM,True,2025-11-21T22:10:22.986599,,1899
Kyber768,keygen,0,16,3.5,1,1,0,ip-172-31-17-37,linux,0,0.0376,26578.78,KEM,True,2025-11-21T22:10:22.986659,,1900
Kyber768,keygen,0,64,3.5,1,1,0,ip-172-31-17-37,linux,0,0.0363,27557.32,KEM,True,2025-11-21T22:10:22.986718,,1901
Kyber768,keygen,0,64,3.5,1,1,0,ip-172-31-17-37,linux,0,0.0359,27861.36,KEM,True,2025-11-21T22:10:22.986775,,1902
Kyber768,keygen,0,64,3.5,1,1,0,ip-172-31-17-37,linux,0,0.0362,27619.73,KEM,True,2025-11-21T22:10:22.986832,,1903
Kyber768,keygen,0,64,3.5,1,1,0,ip-172-31-17-37,linux,0,0.0359,27887.0,KEM,True,2025-11-21T22:10:22.986890,,1904
Kyber768,keygen,0,64,3.5,1,1,0,ip-172-31-17-37,linux,0,0.0361,27692.39,KEM,True,2025-11-21T22:10:22.986947,,1905
Kyber768,keygen,1024,1,3.5,1,1,0,ip-172-31-17-37,linux,0,0.0364,27444.63,KEM,True,2025-11-21T22:10:22.987005,,1906
Kyber768,keygen,1024,1,3.5,1,1,0,ip-172-31-17-37,linux,0,0.0359,27855.15,KEM,True,2025-11-21T22:10:22.987063,,1907
Kyber768,keygen,1024,1,3.5,1,1,0,ip-172-31-17-37,linux,0,0.0362,27649.51,KEM,True,2025-11-21T22:10:22.987120,,1908
Kyber768,keygen,1024,1,3.5,1,1,0,ip-172-31-17-37,linux,0,0.0357,27978.29,KEM,True,2025-11-21T22:10:22.987177,,1909
Kyber768,keygen,1024,1,3.5,1,1,0,ip-172-31-17-37,linux,0,0.0364,27470.26,KEM,True,2025-11-21T22:10:22.987235,,1910
Kyber768,keygen,1024,16,3.5,1,1,0,ip-172-31-17-37,linux,0,0.036,27791.67,KEM,True,2025-11-21T22:10:22.987292,,1911
Kyber768,keygen,1024,16,3.5,1,1,0,ip-172-31-17-37,linux,0,0.0361,27673.23,KEM,True,2025-11-21T22:10:22.987349,,1912
Kyber768,keygen,1024,16,3.5,1,1,0,ip-172-31-17-37,linux,0,0.0356,28051.28,KEM,True,2025-11-21T22:10:22.987406,,1913
Kyber768,keygen,1024,16,3.5,1,1,0,ip-172-31-17-37,linux,0,0.0357,28034.76,KEM,True,2025-11-21T22:10:22.987464,,1914
Kyber768,keygen,1024,16,3.5,1,1,0,ip-172-31-17-37,linux,0,0.0358,27901.79,KEM,True,2025-11-21T22:10:22.987521,,1915
Kyber768,keygen,1024,64,3.5,1,1,0,ip-172-31-17-37,linux,0,0.049,20412.33,KEM,True,2025-11-21T22:10:22.987592,,1916
Kyber768,keygen,1024,64,3.5,1,1,0,ip-172-31-17-37,linux,0,0.0371,26965.81,KEM,True,2025-11-21T22:10:22.987651,,1917
Kyber768,keygen,1024,64,3.5,1,1,0,ip-172-31-17-37,linux,0,0.0363,27526.98,KEM,True,2025-11-21T22:10:22.987709,,1918
Kyber768,keygen,1024,64,3.5,1,1,0,ip-172-31-17-37,linux,0,0.0437,22892.73,KEM,True,2025-11-21T22:10:22.987776,,1919
Kyber768,keygen,1024,64,3.5,1,1,0,ip-172-31-17-37,linux,0,0.0363,27533.04,KEM,True,2025-11-21T22:10:22.987836,,1920
Kyber768,encap,0,1,3.5,1,1,0,ip-172-31-17-37,linux,0,0.0718,13926.99,KEM,True,2025-11-21T22:10:22.987935,,1921
Kyber768,encap,0,1,3.5,1,1,0,ip-172-31-17-37,linux,0,0.0544,18382.02,KEM,True,2025-11-21T22:10:22.988013,,1922
Kyber768,encap,0,1,3.5,1,1,0,ip-172-31-17-37,linux,0,0.0527,18971.37,KEM,True,2025-11-21T22:10:22.988087,,1923
Kyber768,encap,0,1,3.5,1,1,0,ip-172-31-17-37,linux,0,0.0529,18916.11,KEM,True,2025-11-21T22:10:22.988162,,1924
Kyber768,encap,0,1,3.5,1,1,0,ip-172-31-17-37,linux,0,0.0526,19005.63,KEM,True,2025-11-21T22:10:22.988237,,1925
Kyber768,encap,0,16,3.5,1,1,0,ip-172-31-17-37,linux,0,0.0535,18686.0,KEM,True,2025-11-21T22:10:22.988313,,1926
Kyber768,encap,0,16,3.5,1,1,0,ip-172-31-17-37,linux,0,0.0524,19080.33,KEM,True,2025-11-21T22:10:22.988388,,1927
Kyber768,encap,0,16,3.5,1,1,0,ip-172-31-17-37,linux,0,0.0522,19147.55,KEM,True,2025-11-21T22:10:22.988463,,1928
Kyber768,encap,0,16,3.5,1,1,0,ip-172-31-17-37,linux,0,0.0525,19045.08,KEM,True,2025-11-21T22:10:22.988537,,1929
Kyber768,encap,0,16,3.5,1,1,0,ip-172-31-17-37,linux,0,0.0671,14906.68,KEM,True,2025-11-21T22:10:22.988626,,1930
Kyber768,encap,0,64,3.5,1,1,0,ip-172-31-17-37,linux,0,0.0533,18754.34,KEM,True,2025-11-21T22:10:22.988703,,1931
Kyber768,encap,0,64,3.5,1,1,0,ip-172-31-17-37,linux,0,0.0527,18987.94,KEM,True,2025-11-21T22:10:22.988778,,1932
Kyber768,encap,0,64,3.5,1,1,0,ip-172-31-17-37,linux,0,0.0525,19050.52,KEM,True,2025-11-21T22:10:22.988852,,1933
Kyber768,encap,0,64,3.5,1,1,0,ip-172-31-17-37,linux,0,0.0541,18478.82,KEM,True,2025-11-21T22:10:22.988944,,1934
Kyber768,encap,0,64,3.5,1,1,0,ip-172-31-17-37,linux,0,0.0524,19078.14,KEM,True,2025-11-21T22:10:22.989019,,1935
Kyber768,encap,1024,1,3.5,1,1,0,ip-172-31-17-37,linux,0,0.0524,19090.53,KEM,True,2025-11-21T22:10:22.989093,,1936
Kyber768,encap,1024,1,3.5,1,1,0,ip-172-31-17-37,linux,0,0.0527,18989.75,KEM,True,2025-11-21T22:10:22.989168,,1937
Kyber768,encap,1024,1,3.5,1,1,0,ip-172-31-17-37,linux,0,0.0528,18921.83,KEM,True,2025-11-21T22:10:22.989243,,1938
Kyber768,encap,1024,1,3.5,1,1,0,ip-172-31-17-37,linux,0,0.0524,19067.59,KEM,True,2025-11-21T22:10:22.989317,,1939
Kyber768,encap,1024,1,3.5,1,1,0,ip-172-31-17-37,linux,0,0.0529,18909.31,KEM,True,2025-11-21T22:10:22.989392,,1940
Kyber768,encap,1024,16,3.5,1,1,0,ip-172-31-17-37,linux,0,0.0523,19120.82,KEM,True,2025-11-21T22:10:22.989467,,1941
Kyber768,encap,1024,16,3.5,1,1,0,ip-172-31-17-37,linux,0,0.052,19236.69,KEM,True,2025-11-21T22:10:22.989541,,1942
Kyber768,encap,1024,16,3.5,1,1,0,ip-172-31-17-37,linux,0,0.0673,14860.83,KEM,True,2025-11-21T22:10:22.989630,,1943
Kyber768,encap,1024,16,3.5,1,1,0,ip-172-31-17-37,linux,0,0.0522,19152.32,KEM,True,2025-11-21T22:10:22.989706,,1944
Kyber768,encap,1024,16,3.5,1,1,0,ip-172-31-17-37,linux,0,0.0517,19349.1,KEM,True,2025-11-21T22:10:22.989780,,1945
Kyber768,encap,1024,64,3.5,1,1,0,ip-172-31-17-37,linux,0,0.052,19220.79,KEM,True,2025-11-21T22:10:22.989854,,1946
Kyber768,encap,1024,64,3.5,1,1,0,ip-172-31-17-37,linux,0,0.0519,19264.85,KEM,True,2025-11-21T22:10:22.989927,,1947
Kyber768,encap,1024,64,3.5,1,1,0,ip-172-31-17-37,linux,0,0.0523,19109.5,KEM,True,2025-11-21T22:10:22.990001,,1948
Kyber768,encap,1024,64,3.5,1,1,0,ip-172-31-17-37,linux,0,0.0524,19083.61,KEM,True,2025-11-21T22:10:22.990075,,1949
Kyber768,encap,1024,64,3.5,1,1,0,ip-172-31-17-37,linux,0,0.0519,19284.92,KEM,True,2025-11-21T22:10:22.990149,,1950
Kyber768,decap,0,1,3.5,1,1,0,ip-172-31-17-37,linux,0,0.0632,15822.78,KEM,True,2025-11-21T22:10:22.990238,,1951
Kyber768,decap,0,1,3.5,1,1,0,ip-172-31-17-37,linux,0,0.0636,15734.16,KEM,True,2025-11-21T22:10:22.990324,,1952
Kyber768,decap,0,1,3.5,1,1,0,ip-172-31-17-37,linux,0,0.0726,13779.8,KEM,True,2025-11-21T22:10:22.990419,,1953
Kyber768,decap,0,1,3.5,1,1,0,ip-172-31-17-37,linux,0,0.0643,15561.05,KEM,True,2025-11-21T22:10:22.990506,,1954
Kyber768,decap,0,1,3.5,1,1,0,ip-172-31-17-37,linux,0,0.0804,12438.58,KEM,True,2025-11-21T22:10:22.990609,,1955
Kyber768,decap,0,16,3.5,1,1,0,ip-172-31-17-37,linux,0,0.0644,15532.29,KEM,True,2025-11-21T22:10:22.990697,,1956
Kyber768,decap,0,16,3.5,1,1,0,ip-172-31-17-37,linux,0,0.0638,15676.19,KEM,True,2025-11-21T22:10:22.990783,,1957
Kyber768,decap,0,16,3.5,1,1,0,ip-172-31-17-37,linux,0,0.0632,15815.03,KEM,True,2025-11-21T22:10:22.990869,,1958
Kyber768,decap,0,16,3.5,1,1,0,ip-172-31-17-37,linux,0,0.0637,15708.45,KEM,True,2025-11-21T22:10:22.990955,,1959
Kyber768,decap,0,16,3.5,1,1,0,ip-172-31-17-37,linux,0,0.0635,15741.83,KEM,True,2025-11-21T22:10:22.991040,,1960
Kyber768,decap,0,64,3.5,1,1,0,ip-172-31-17-37,linux,0,0.0635,15756.96,KEM,True,2025-11-21T22:10:22.991126,,1961
Kyber768,decap,0,64,3.5,1,1,0,ip-172-31-17-37,linux,0,0.0636,15730.2,KEM,True,2025-11-21T22:10:22.991211,,1962
Kyber768,decap,0,64,3.5,1,1,0,ip-172-31-17-37,linux,0,0.0753,13282.68,KEM,True,2025-11-21T22:10:22.991311,,1963
Kyber768,decap,0,64,3.5,1,1,0,ip-172-31-17-37,linux,0,0.0643,15559.84,KEM,True,2025-11-21T22:10:22.991399,,1964
Kyber768,decap,0,64,3.5,1,1,0,ip-172-31-17-37,linux,0,0.0639,15647.25,KEM,True,2025-11-21T22:10:22.991485,,1965
Kyber768,decap,1024,1,3.5,1,1,0,ip-172-31-17-37,linux,0,0.064,15615.0,KEM,True,2025-11-21T22:10:22.991585,,1966
Kyber768,decap,1024,1,3.5,1,1,0,ip-172-31-17-37,linux,0,0.0644,15536.39,KEM,True,2025-11-21T22:10:22.991672,,1967
Kyber768,decap,1024,1,3.5,1,1,0,ip-172-31-17-37,linux,0,0.0634,15774.86,KEM,True,2025-11-21T22:10:22.991758,,1968
Kyber768,decap,1024,1,3.5,1,1,0,ip-172-31-17-37,linux,0,0.0632,15834.56,KEM,True,2025-11-21T22:10:22.991843,,1969
Kyber768,decap,1024,1,3.5,1,1,0,ip-172-31-17-37,linux,0,0.0635,15759.7,KEM,True,2025-11-21T22:10:22.991928,,1970
Kyber768,decap,1024,16,3.5,1,1,0,ip-172-31-17-37,linux,0,0.0635,15754.98,KEM,True,2025-11-21T22:10:22.992013,,1971
Kyber768,decap,1024,16,3.5,1,1,0,ip-172-31-17-37,linux,0,0.0634,15775.61,KEM,True,2025-11-21T22:10:22.992099,,1972
Kyber768,decap,1024,16,3.5,1,1,0,ip-172-31-17-37,linux,0,0.0632,15817.03,KEM,True,2025-11-21T22:10:22.992184,,1973
Kyber768,decap,1024,16,3.5,1,1,0,ip-172-31-17-37,linux,0,0.0626,15986.44,KEM,True,2025-11-21T22:10:22.992269,,1974
Kyber768,decap,1024,16,3.5,1,1,0,ip-172-31-17-37,linux,0,0.0625,15993.86,KEM,True,2025-11-21T22:10:22.992353,,1975
Kyber768,decap,1024,64,3.5,1,1,0,ip-172-31-17-37,linux,0,0.063,15865.71,KEM,True,2025-11-21T22:10:22.992440,,1976
Kyber768,decap,1024,64,3.5,1,1,0,ip-172-31-17-37,linux,0,0.0632,15815.03,KEM,True,2025-11-21T22:10:22.992525,,1977
Kyber768,decap,1024,64,3.5,1,1,0,ip-172-31-17-37,linux,0,0.0766,13055.0,KEM,True,2025-11-21T22:10:22.992623,,1978
Kyber768,decap,1024,64,3.5,1,1,0,ip-172-31-17-37,linux,0,0.0638,15683.81,KEM,True,2025-11-21T22:10:22.992709,,1979
Kyber768,decap,1024,64,3.5,1,1,0,ip-172-31-17-37,linux,0,0.0632,15815.28,KEM,True,2025-11-21T22:10:22.992795,,1980
ML-KEM-1024,keygen,0,1,3.5,1,1,0,ip-172-31-17-37,linux,0,0.0687,14547.78,KEM,True,2025-11-21T22:10:22.992891,,1981
ML-KEM-1024,keygen,0,1,3.5,1,1,0,ip-172-31-17-37,linux,0,0.0394,25397.47,KEM,True,2025-11-21T22:10:22.992955,,1982
ML-KEM-1024,keygen,0,1,3.5,1,1,0,ip-172-31-17-37,linux,0,0.0383,26134.23,KEM,True,2025-11-21T22:10:22.993015,,1983
ML-KEM-1024,keygen,0,1,3.5,1,1,0,ip-172-31-17-37,linux,0,0.038,26304.71,KEM,True,2025-11-21T22:10:22.993075,,1984
ML-KEM-1024,keygen,0,1,3.5,1,1,0,ip-172-31-17-37,linux,0,0.0381,26224.01,KEM,True,2025-11-21T22:10:22.993135,,1985
ML-KEM-1024,keygen,0,16,3.5,1,1,0,ip-172-31-17-37,linux,0,0.0379,26362.97,KEM,True,2025-11-21T22:10:22.993194,,1986
ML-KEM-1024,keygen,0,16,3.5,1,1,0,ip-172-31-17-37,linux,0,0.038,26328.95,KEM,True,2025-11-21T22:10:22.993254,,1987
ML-KEM-1024,keygen,0,16,3.5,1,1,0,ip-172-31-17-37,linux,0,0.0382,26195.15,KEM,True,2025-11-21T22:10:22.993314,,1988
ML-KEM-1024,keygen,0,16,3.5,1,1,0,ip-172-31-17-37,linux,0,0.0376,26604.24,KEM,True,2025-11-21T22:10:22.993373,,1989
ML-KEM-1024,keygen,0,16,3.5,1,1,0,ip-172-31-17-37,linux,0,0.0379,26378.96,KEM,True,2025-11-21T22:10:22.993432,,1990
ML-KEM-1024,keygen,0,64,3.5,1,1,0,ip-172-31-17-37,linux,0,0.0386,25935.63,KEM,True,2025-11-21T22:10:22.993493,,1991
ML-KEM-1024,keygen,0,64,3.5,1,1,0,ip-172-31-17-37,linux,0,0.0378,26483.05,KEM,True,2025-11-21T22:10:22.993552,,1992
ML-KEM-1024,keygen,0,64,3.5,1,1,0,ip-172-31-17-37,linux,0,0.0514,19456.77,KEM,True,2025-11-21T22:10:22.993625,,1993
ML-KEM-1024,keygen,0,64,3.5,1,1,0,ip-172-31-17-37,linux,0,0.0379,26359.49,KEM,True,2025-11-21T22:10:22.993686,,1994
ML-KEM-1024,keygen,0,64,3.5,1,1,0,ip-172-31-17-37,linux,0,0.0377,26499.19,KEM,True,2025-11-21T22:10:22.993746,,1995
ML-KEM-1024,keygen,1024,1,3.5,1,1,0,ip-172-31-17-37,linux,0,0.0379,26407.52,KEM,True,2025-11-21T22:10:22.993805,,1996
ML-KEM-1024,keygen,1024,1,3.5,1,1,0,ip-172-31-17-37,linux,0,0.0372,26883.17,KEM,True,2025-11-21T22:10:22.993865,,1997
ML-KEM-1024,keygen,1024,1,3.5,1,1,0,ip-172-31-17-37,linux,0,0.0376,26588.67,KEM,True,2025-11-21T22:10:22.993924,,1998
ML-KEM-1024,keygen,1024,1,3.5,1,1,0,ip-172-31-17-37,linux,0,0.0374,26727.96,KEM,True,2025-11-21T22:10:22.993983,,1999
ML-KEM-1024,keygen,1024,1,3.5,1,1,0,ip-172-31-17-37,linux,0,0.0372,26891.84,KEM,True,2025-11-21T22:10:22.994041,,2000
ML-KEM-1024,keygen,1024,16,3.5,1,1,0,ip-172-31-17-37,linux,0,0.0375,26636.12,KEM,True,2025-11-21T22:10:22.994100,,2001
ML-KEM-1024,keygen,1024,16,3.5,1,1,0,ip-172-31-17-37,linux,0,0.0371,26925.87,KEM,True,2025-11-21T22:10:22.994159,,2002
ML-KEM-1024,keygen,1024,16,3.5,1,1,0,ip-172-31-17-37,linux,0,0.0375,26693.0,KEM,True,2025-11-21T22:10:22.994217,,2003
ML-KEM-1024,keygen,1024,16,3.5,1,1,0,ip-172-31-17-37,linux,0,0.0371,26924.42,KEM,True,2025-11-21T22:10:22.994276,,2004
ML-KEM-1024,keygen,1024,16,3.5,1,1,0,ip-172-31-17-37,linux,0,0.0389,25695.05,KEM,True,2025-11-21T22:10:22.994352,,2005
ML-KEM-1024,keygen,1024,64,3.5,1,1,0,ip-172-31-17-37,linux,0,0.0494,20223.26,KEM,True,2025-11-21T22:10:22.994424,,2006
ML-KEM-1024,keygen,1024,64,3.5,1,1,0,ip-172-31-17-37,linux,0,0.0382,26183.49,KEM,True,2025-11-21T22:10:22.994485,,2007
ML-KEM-1024,keygen,1024,64,3.5,1,1,0,ip-172-31-17-37,linux,0,0.038,26327.57,KEM,True,2025-11-21T22:10:22.994544,,2008
ML-KEM-1024,keygen,1024,64,3.5,1,1,0,ip-172-31-17-37,linux,0,0.053,18874.69,KEM,True,2025-11-21T22:10:22.994619,,2009
ML-KEM-1024,keygen,1024,64,3.5,1,1,0,ip-172-31-17-37,linux,0,0.038,26319.95,KEM,True,2025-11-21T22:10:22.994680,,2010
ML-KEM-1024,encap,0,1,3.5,1,1,0,ip-172-31-17-37,linux,0,0.0577,17332.52,KEM,True,2025-11-21T22:10:22.994763,,2011
ML-KEM-1024,encap,0,1,3.5,1,1,0,ip-172-31-17-37,linux,0,0.0589,16982.25,KEM,True,2025-11-21T22:10:22.994845,,2012
ML-KEM-1024,encap,0,1,3.5,1,1,0,ip-172-31-17-37,linux,0,0.0563,17754.74,KEM,True,2025-11-21T22:10:22.994924,,2013
ML-KEM-1024,encap,0,1,3.5,1,1,0,ip-172-31-17-37,linux,0,0.0677,14780.44,KEM,True,2025-11-21T22:10:22.995015,,2014
ML-KEM-1024,encap,0,1,3.5,1,1,0,ip-172-31-17-37,linux,0,0.0562,17785.05,KEM,True,2025-11-21T22:10:22.995095,,2015
ML-KEM-1024,encap,0,16,3.5,1,1,0,ip-172-31-17-37,linux,0,0.0561,17825.63,KEM,True,2025-11-21T22:10:22.995174,,2016
ML-KEM-1024,encap,0,16,3.5,1,1,0,ip-172-31-17-37,linux,0,0.0558,17919.22,KEM,True,2025-11-21T22:10:22.995253,,2017
ML-KEM-1024,encap,0,16,3.5,1,1,0,ip-172-31-17-37,linux,0,0.0554,18043.38,KEM,True,2025-11-21T22:10:22.995330,,2018
ML-KEM-1024,encap,0,16,3.5,1,1,0,ip-172-31-17-37,linux,0,0.0553,18085.8,KEM,True,2025-11-21T22:10:22.995407,,2019
ML-KEM-1024,encap,0,16,3.5,1,1,0,ip-172-31-17-37,linux,0,0.0557,17959.77,KEM,True,2025-11-21T22:10:22.995485,,2020
ML-KEM-1024,encap,0,64,3.5,1,1,0,ip-172-31-17-37,linux,0,0.0556,17983.35,KEM,True,2025-11-21T22:10:22.995563,,2021
ML-KEM-1024,encap,0,64,3.5,1,1,0,ip-172-31-17-37,linux,0,0.0561,17809.76,KEM,True,2025-11-21T22:10:22.995659,,2022
ML-KEM-1024,encap,0,64,3.5,1,1,0,ip-172-31-17-37,linux,0,0.0555,18005.69,KEM,True,2025-11-21T22:10:22.995737,,2023
ML-KEM-1024,encap,0,64,3.5,1,1,0,ip-172-31-17-37,linux,0,0.0554,18053.47,KEM,True,2025-11-21T22:10:22.995815,,2024
ML-KEM-1024,encap,0,64,3.5,1,1,0,ip-172-31-17-37,linux,0,0.0555,18032.96,KEM,True,2025-11-21T22:10:22.995893,,2025
ML-KEM-1024,encap,1024,1,3.5,1,1,0,ip-172-31-17-37,linux,0,0.0563,17750.95,KEM,True,2025-11-21T22:10:22.995971,,2026
ML-KEM-1024,encap,1024,1,3.5,1,1,0,ip-172-31-17-37,linux,0,0.0557,17940.44,KEM,True,2025-11-21T22:10:22.996049,,2027
ML-KEM-1024,encap,1024,1,3.5,1,1,0,ip-172-31-17-37,linux,0,0.0557,17951.07,KEM,True,2025-11-21T22:10:22.996127,,2028
ML-KEM-1024,encap,1024,1,3.5,1,1,0,ip-172-31-17-37,linux,0,0.0557,17960.42,KEM,True,2025-11-21T22:10:22.996205,,2029
ML-KEM-1024,encap,1024,1,3.5,1,1,0,ip-172-31-17-37,linux,0,0.0569,17571.91,KEM,True,2025-11-21T22:10:22.996284,,2030
ML-KEM-1024,encap,1024,16,3.5,1,1,0,ip-172-31-17-37,linux,0,0.0561,17828.17,KEM,True,2025-11-21T22:10:22.996362,,2031
ML-KEM-1024,encap,1024,16,3.5,1,1,0,ip-172-31-17-37,linux,0,0.0562,17791.69,KEM,True,2025-11-21T22:10:22.996441,,2032
ML-KEM-1024,encap,1024,16,3.5,1,1,0,ip-172-31-17-37,linux,0,0.0559,17894.53,KEM,True,2025-11-21T22:10:22.996518,,2033
ML-KEM-1024,encap,1024,16,3.5,1,1,0,ip-172-31-17-37,linux,0,0.0691,14468.22,KEM,True,2025-11-21T22:10:22.996609,,2034
ML-KEM-1024,encap,1024,16,3.5,1,1,0,ip-172-31-17-37,linux,0,0.0563,17773.67,KEM,True,2025-11-21T22:10:22.996687,,2035
ML-KEM-1024,encap,1024,64,3.5,1,1,0,ip-172-31-17-37,linux,0,0.0556,17996.94,KEM,True,2025-11-21T22:10:22.996765,,2036
ML-KEM-1024,encap,1024,64,3.5,1,1,0,ip-172-31-17-37,linux,0,0.061,16400.16,KEM,True,2025-11-21T22:10:22.996848,,2037
ML-KEM-1024,encap,1024,64,3.5,1,1,0,ip-172-31-17-37,linux,0,0.0565,17698.8,KEM,True,2025-11-21T22:10:22.996927,,2038
ML-KEM-1024,encap,1024,64,3.5,1,1,0,ip-172-31-17-37,linux,0,0.0568,17593.86,KEM,True,2025-11-21T22:10:22.997006,,2039
ML-KEM-1024,encap,1024,64,3.5,1,1,0,ip-172-31-17-37,linux,0,0.0555,18025.81,KEM,True,2025-11-21T22:10:22.997083,,2040
ML-KEM-1024,decap,0,1,3.5,1,1,0,ip-172-31-17-37,linux,0,0.0742,13474.73,KEM,True,2025-11-21T22:10:22.997183,,2041
ML-KEM-1024,decap,0,1,3.5,1,1,0,ip-172-31-17-37,linux,0,0.0754,13268.93,KEM,True,2025-11-21T22:10:22.997281,,2042
ML-KEM-1024,decap,0,1,3.5,1,1,0,ip-172-31-17-37,linux,0,0.074,13512.24,KEM,True,2025-11-21T22:10:22.997377,,2043
ML-KEM-1024,decap,0,1,3.5,1,1,0,ip-172-31-17-37,linux,0,0.0745,13429.49,KEM,True,2025-11-21T22:10:22.997473,,2044
ML-KEM-1024,decap,0,1,3.5,1,1,0,ip-172-31-17-37,linux,0,0.0742,13474.73,KEM,True,2025-11-21T22:10:22.997570,,2045
ML-KEM-1024,decap,0,16,3.5,1,1,0,ip-172-31-17-37,linux,0,0.0755,13239.07,KEM,True,2025-11-21T22:10:22.997681,,2046
ML-KEM-1024,decap,0,16,3.5,1,1,0,ip-172-31-17-37,linux,0,0.0739,13538.21,KEM,True,2025-11-21T22:10:22.997778,,2047
ML-KEM-1024,decap,0,16,3.5,1,1,0,ip-172-31-17-37,linux,0,0.074,13516.62,KEM,True,2025-11-21T22:10:22.997874,,2048
ML-KEM-1024,decap,0,16,3.5,1,1,0,ip-172-31-17-37,linux,0,0.0736,13591.02,KEM,True,2025-11-21T22:10:22.997969,,2049
ML-KEM-1024,decap,0,16,3.5,1,1,0,ip-172-31-17-37,linux,0,0.0732,13666.43,KEM,True,2025-11-21T22:10:22.998064,,2050
ML-KEM-1024,decap,0,64,3.5,1,1,0,ip-172-31-17-37,linux,0,0.0736,13590.46,KEM,True,2025-11-21T22:10:22.998160,,2051
ML-KEM-1024,decap,0,64,3.5,1,1,0,ip-172-31-17-37,linux,0,0.0738,13545.73,KEM,True,2025-11-21T22:10:22.998256,,2052
ML-KEM-1024,decap,0,64,3.5,1,1,0,ip-172-31-17-37,linux,0,0.0734,13626.95,KEM,True,2025-11-21T22:10:22.998351,,2053
ML-KEM-1024,decap,0,64,3.5,1,1,0,ip-172-31-17-37,linux,0,0.0831,12030.08,KEM,True,2025-11-21T22:10:22.998455,,2054
ML-KEM-1024,decap,0,64,3.5,1,1,0,ip-172-31-17-37,linux,0,0.0858,11652.43,KEM,True,2025-11-21T22:10:22.998565,,2055
ML-KEM-1024,decap,1024,1,3.5,1,1,0,ip-172-31-17-37,linux,0,0.0754,13268.93,KEM,True,2025-11-21T22:10:22.998678,,2056
ML-KEM-1024,decap,1024,1,3.5,1,1,0,ip-172-31-17-37,linux,0,0.074,13510.23,KEM,True,2025-11-21T22:10:22.998775,,2057
ML-KEM-1024,decap,1024,1,3.5,1,1,0,ip-172-31-17-37,linux,0,0.0751,13307.78,KEM,True,2025-11-21T22:10:22.998873,,2058
ML-KEM-1024,decap,1024,1,3.5,1,1,0,ip-172-31-17-37,linux,0,0.0736,13595.45,KEM,True,2025-11-21T22:10:22.998969,,2059
ML-KEM-1024,decap,1024,1,3.5,1,1,0,ip-172-31-17-37,linux,0,0.074,13505.67,KEM,True,2025-11-21T22:10:22.999066,,2060
ML-KEM-1024,decap,1024,16,3.5,1,1,0,ip-172-31-17-37,linux,0,0.0743,13460.58,KEM,True,2025-11-21T22:10:22.999163,,2061
ML-KEM-1024,decap,1024,16,3.5,1,1,0,ip-172-31-17-37,linux,0,0.0736,13591.02,KEM,True,2025-11-21T22:10:22.999259,,2062
ML-KEM-1024,decap,1024,16,3.5,1,1,0,ip-172-31-17-37,linux,0,0.0741,13502.38,KEM,True,2025-11-21T22:10:22.999356,,2063
ML-KEM-1024,decap,1024,16,3.5,1,1,0,ip-172-31-17-37,linux,0,0.0738,13554.36,KEM,True,2025-11-21T22:10:22.999452,,2064
ML-KEM-1024,decap,1024,16,3.5,1,1,0,ip-172-31-17-37,linux,0,0.0731,13672.04,KEM,True,2025-11-21T22:10:22.999548,,2065
ML-KEM-1024,decap,1024,64,3.5,1,1,0,ip-172-31-17-37,linux,0,0.0892,11210.89,KEM,True,2025-11-21T22:10:22.999660,,2066
ML-KEM-1024,decap,1024,64,3.5,1,1,0,ip-172-31-17-37,linux,0,0.0737,13567.78,KEM,True,2025-11-21T22:10:22.999757,,2067
ML-KEM-1024,decap,1024,64,3.5,1,1,0,ip-172-31-17-37,linux,0,0.0738,13546.46,KEM,True,2025-11-21T22:10:22.999854,,2068
ML-KEM-1024,decap,1024,64,3.5,1,1,0,ip-172-31-17-37,linux,0,0.0735,13608.03,KEM,True,2025-11-21T22:10:22.999950,,2069
ML-KEM-1024,decap,1024,64,3.5,1,1,0,ip-172-31-17-37,linux,0,0.074,13517.9,KEM,True,2025-11-21T22:10:23.000047,,2070
ML-KEM-512,keygen,0,1,3.5,1,1,0,ip-172-31-17-37,linux,0,0.0625,16009.99,KEM,True,2025-11-21T22:10:23.000137,,2071
ML-KEM-512,keygen,0,1,3.5,1,1,0,ip-172-31-17-37,linux,0,0.0324,30907.12,KEM,True,2025-11-21T22:10:23.000194,,2072
ML-KEM-512,keygen,0,1,3.5,1,1,0,ip-172-31-17-37,linux,0,0.0319,31347.96,KEM,True,2025-11-21T22:10:23.000248,,2073
ML-KEM-512,keygen,0,1,3.5,1,1,0,ip-172-31-17-37,linux,0,0.0331,30245.29,KEM,True,2025-11-21T22:10:23.000317,,2074
ML-KEM-512,keygen,0,1,3.5,1,1,0,ip-172-31-17-37,linux,0,0.0322,31100.33,KEM,True,2025-11-21T22:10:23.000372,,2075
ML-KEM-512,keygen,0,16,3.5,1,1,0,ip-172-31-17-37,linux,0,0.0314,31835.98,KEM,True,2025-11-21T22:10:23.000426,,2076
ML-KEM-512,keygen,0,16,3.5,1,1,0,ip-172-31-17-37,linux,0,0.0318,31410.0,KEM,True,2025-11-21T22:10:23.000480,,2077
ML-KEM-512,keygen,0,16,3.5,1,1,0,ip-172-31-17-37,linux,0,0.0317,31515.92,KEM,True,2025-11-21T22:10:23.000533,,2078
ML-KEM-512,keygen,0,16,3.5,1,1,0,ip-172-31-17-37,linux,0,0.0461,21669.41,KEM,True,2025-11-21T22:10:23.000602,,2079
ML-KEM-512,keygen,0,16,3.5,1,1,0,ip-172-31-17-37,linux,0,0.0325,30762.6,KEM,True,2025-11-21T22:10:23.000656,,2080
ML-KEM-512,keygen,0,64,3.5,1,1,0,ip-172-31-17-37,linux,0,0.032,31225.6,KEM,True,2025-11-21T22:10:23.000711,,2081
ML-KEM-512,keygen,0,64,3.5,1,1,0,ip-172-31-17-37,linux,0,0.0327,30584.78,KEM,True,2025-11-21T22:10:23.000765,,2082
ML-KEM-512,keygen,0,64,3.5,1,1,0,ip-172-31-17-37,linux,0,0.0314,31810.66,KEM,True,2025-11-21T22:10:23.000818,,2083
ML-KEM-512,keygen,0,64,3.5,1,1,0,ip-172-31-17-37,linux,0,0.0313,31997.95,KEM,True,2025-11-21T22:10:23.000870,,2084
ML-KEM-512,keygen,0,64,3.5,1,1,0,ip-172-31-17-37,linux,0,0.0307,32584.97,KEM,True,2025-11-21T22:10:23.000922,,2085
ML-KEM-512,keygen,1024,1,3.5,1,1,0,ip-172-31-17-37,linux,0,0.0317,31589.59,KEM,True,2025-11-21T22:10:23.000976,,2086
ML-KEM-512,keygen,1024,1,3.5,1,1,0,ip-172-31-17-37,linux,0,0.031,32269.52,KEM,True,2025-11-21T22:10:23.001029,,2087
ML-KEM-512,keygen,1024,1,3.5,1,1,0,ip-172-31-17-37,linux,0,0.0316,31599.57,KEM,True,2025-11-21T22:10:23.001082,,2088
ML-KEM-512,keygen,1024,1,3.5,1,1,0,ip-172-31-17-37,linux,0,0.0317,31589.59,KEM,True,2025-11-21T22:10:23.001135,,2089
ML-KEM-512,keygen,1024,1,3.5,1,1,0,ip-172-31-17-37,linux,0,0.0316,31616.55,KEM,True,2025-11-21T22:10:23.001188,,2090
ML-KEM-512,keygen,1024,16,3.5,1,1,0,ip-172-31-17-37,linux,0,0.0278,35915.67,KEM,True,2025-11-21T22:10:23.001239,,2091
ML-KEM-512,keygen,1024,16,3.5,1,1,0,ip-172-31-17-37,linux,0,0.0322,31026.99,KEM,True,2025-11-21T22:10:23.001306,,2092
ML-KEM-512,keygen,1024,16,3.5,1,1,0,ip-172-31-17-37,linux,0,0.0314,31833.95,KEM,True,2025-11-21T22:10:23.001360,,2093
ML-KEM-512,keygen,1024,16,3.5,1,1,0,ip-172-31-17-37,linux,0,0.031,32268.47,KEM,True,2025-11-21T22:10:23.001412,,2094
ML-KEM-512,keygen,1024,16,3.5,1,1,0,ip-172-31-17-37,linux,0,0.0314,31849.16,KEM,True,2025-11-21T22:10:23.001465,,2095
ML-KEM-512,keygen,1024,64,3.5,1,1,0,ip-172-31-17-37,linux,0,0.0311,32164.68,KEM,True,2025-11-21T22:10:23.001518,,2096
ML-KEM-512,keygen,1024,64,3.5,1,1,0,ip-172-31-17-37,linux,0,0.0315,31759.14,KEM,True,2025-11-21T22:10:23.001571,,2097
ML-KEM-512,keygen,1024,64,3.5,1,1,0,ip-172-31-17-37,linux,0,0.032,31241.21,KEM,True,2025-11-21T22:10:23.001642,,2098
ML-KEM-512,keygen,1024,64,3.5,1,1,0,ip-172-31-17-37,linux,0,0.0311,32174.0,KEM,True,2025-11-21T22:10:23.001695,,2099
ML-KEM-512,keygen,1024,64,3.5,1,1,0,ip-172-31-17-37,linux,0,0.0311,32132.64,KEM,True,2025-11-21T22:10:23.001747,,2100
ML-KEM-512,encap,0,1,3.5,1,1,0,ip-172-31-17-37,linux,0,0.0445,22449.21,KEM,True,2025-11-21T22:10:23.001817,,2101
ML-KEM-512,encap,0,1,3.5,1,1,0,ip-172-31-17-37,linux,0,0.0433,23068.05,KEM,True,2025-11-21T22:10:23.001883,,2102
ML-KEM-512,encap,0,1,3.5,1,1,0,ip-172-31-17-37,linux,0,0.0425,23526.64,KEM,True,2025-11-21T22:10:23.001947,,2103
ML-KEM-512,encap,0,1,3.5,1,1,0,ip-172-31-17-37,linux,0,0.0426,23483.55,KEM,True,2025-11-21T22:10:23.002011,,2104
ML-KEM-512,encap,0,1,3.5,1,1,0,ip-172-31-17-37,linux,0,0.0421,23733.8,KEM,True,2025-11-21T22:10:23.002075,,2105
ML-KEM-512,encap,0,16,3.5,1,1,0,ip-172-31-17-37,linux,0,0.0426,23453.81,KEM,True,2025-11-21T22:10:23.002139,,2106
ML-KEM-512,encap,0,16,3.5,1,1,0,ip-172-31-17-37,linux,0,0.0425,23510.05,KEM,True,2025-11-21T22:10:23.002204,,2107
ML-KEM-512,encap,0,16,3.5,1,1,0,ip-172-31-17-37,linux,0,0.0425,23552.13,KEM,True,2025-11-21T22:10:23.002268,,2108
ML-KEM-512,encap,0,16,3.5,1,1,0,ip-172-31-17-37,linux,0,0.0428,23381.42,KEM,True,2025-11-21T22:10:23.002331,,2109
ML-KEM-512,encap,0,16,3.5,1,1,0,ip-172-31-17-37,linux,0,0.0426,23480.24,KEM,True,2025-11-21T22:10:23.002396,,2110
ML-KEM-512,encap,0,64,3.5,1,1,0,ip-172-31-17-37,linux,0,0.0441,22666.49,KEM,True,2025-11-21T22:10:23.002472,,2111
ML-KEM-512,encap,0,64,3.5,1,1,0,ip-172-31-17-37,linux,0,0.0431,23200.78,KEM,True,2025-11-21T22:10:23.002537,,2112
ML-KEM-512,encap,0,64,3.5,1,1,0,ip-172-31-17-37,linux,0,0.0579,17259.23,KEM,True,2025-11-21T22:10:23.002617,,2113
ML-KEM-512,encap,0,64,3.5,1,1,0,ip-172-31-17-37,linux,0,0.0438,22828.97,KEM,True,2025-11-21T22:10:23.002683,,2114
ML-KEM-512,encap,0,64,3.5,1,1,0,ip-172-31-17-37,linux,0,0.0427,23406.6,KEM,True,2025-11-21T22:10:23.002748,,2115
ML-KEM-512,encap,1024,1,3.5,1,1,0,ip-172-31-17-37,linux,0,0.043,23268.8,KEM,True,2025-11-21T22:10:23.002814,,2116
ML-KEM-512,encap,1024,1,3.5,1,1,0,ip-172-31-17-37,linux,0,0.043,23260.68,KEM,True,2025-11-21T22:10:23.002879,,2117
ML-KEM-512,encap,1024,1,3.5,1,1,0,ip-172-31-17-37,linux,0,0.0429,23319.26,KEM,True,2025-11-21T22:10:23.002944,,2118
ML-KEM-512,encap,1024,1,3.5,1,1,0,ip-172-31-17-37,linux,0,0.0429,23296.45,KEM,True,2025-11-21T22:10:23.003008,,2119
ML-KEM-512,encap,1024,1,3.5,1,1,0,ip-172-31-17-37,linux,0,0.0429,23303.5,KEM,True,2025-11-21T22:10:23.003073,,2120
ML-KEM-512,encap,1024,16,3.5,1,1,0,ip-172-31-17-37,linux,0,0.0426,23483.55,KEM,True,2025-11-21T22:10:23.003138,,2121
ML-KEM-512,encap,1024,16,3.5,1,1,0,ip-172-31-17-37,linux,0,0.0427,23406.6,KEM,True,2025-11-21T22:10:23.003202,,2122
ML-KEM-512,encap,1024,16,3.5,1,1,0,ip-172-31-17-37,linux,0,0.0431,23197.01,KEM,True,2025-11-21T22:10:23.003268,,2123
ML-KEM-512,encap,1024,16,3.5,1,1,0,ip-172-31-17-37,linux,0,0.0429,23333.41,KEM,True,2025-11-21T22:10:23.003332,,2124
ML-KEM-512,encap,1024,16,3.5,1,1,0,ip-172-31-17-37,linux,0,0.0427,23419.75,KEM,True,2025-11-21T22:10:23.003397,,2125
ML-KEM-512,encap,1024,64,3.5,1,1,0,ip-172-31-17-37,linux,0,0.0433,23076.57,KEM,True,2025-11-21T22:10:23.003462,,2126
ML-KEM-512,encap,1024,64,3.5,1,1,0,ip-172-31-17-37,linux,0,0.0429,23289.94,KEM,True,2025-11-21T22:10:23.003527,,2127
ML-KEM-512,encap,1024,64,3.5,1,1,0,ip-172-31-17-37,linux,0,0.06,16664.17,KEM,True,2025-11-21T22:10:23.003609,,2128
ML-KEM-512,encap,1024,64,3.5,1,1,0,ip-172-31-17-37,linux,0,0.044,22714.37,KEM,True,2025-11-21T22:10:23.003676,,2129
ML-KEM-512,encap,1024,64,3.5,1,1,0,ip-172-31-17-37,linux,0,0.0434,23048.38,KEM,True,2025-11-21T22:10:23.003741,,2130
ML-KEM-512,decap,0,1,3.5,1,1,0,ip-172-31-17-37,linux,0,0.0522,19145.72,KEM,True,2025-11-21T22:10:23.003819,,2131
ML-KEM-512,decap,0,1,3.5,1,1,0,ip-172-31-17-37,linux,0,0.0536,18673.09,KEM,True,2025-11-21T22:10:23.003895,,2132
ML-KEM-512,decap,0,1,3.5,1,1,0,ip-172-31-17-37,linux,0,0.0532,18787.1,KEM,True,2025-11-21T22:10:23.003971,,2133
ML-KEM-512,decap,0,1,3.5,1,1,0,ip-172-31-17-37,linux,0,0.0543,18404.34,KEM,True,2025-11-21T22:10:23.004047,,2134
ML-KEM-512,decap,0,1,3.5,1,1,0,ip-172-31-17-37,linux,0,0.0533,18747.66,KEM,True,2025-11-21T22:10:23.004122,,2135
ML-KEM-512,decap,0,16,3.5,1,1,0,ip-172-31-17-37,linux,0,0.053,18853.34,KEM,True,2025-11-21T22:10:23.004197,,2136
ML-KEM-512,decap,0,16,3.5,1,1,0,ip-172-31-17-37,linux,0,0.0528,18934.02,KEM,True,2025-11-21T22:10:23.004272,,2137
ML-KEM-512,decap,0,16,3.5,1,1,0,ip-172-31-17-37,linux,0,0.0531,18834.17,KEM,True,2025-11-21T22:10:23.004347,,2138
ML-KEM-512,decap,0,16,3.5,1,1,0,ip-172-31-17-37,linux,0,0.0529,18895.38,KEM,True,2025-11-21T22:10:23.004423,,2139
ML-KEM-512,decap,0,16,3.5,1,1,0,ip-172-31-17-37,linux,0,0.0532,18795.23,KEM,True,2025-11-21T22:10:23.004498,,2140
ML-KEM-512,decap,0,64,3.5,1,1,0,ip-172-31-17-37,linux,0,0.0533,18770.18,KEM,True,2025-11-21T22:10:23.004587,,2141
ML-KEM-512,decap,0,64,3.5,1,1,0,ip-172-31-17-37,linux,0,0.0548,18264.51,KEM,True,2025-11-21T22:10:23.004664,,2142
ML-KEM-512,decap,0,64,3.5,1,1,0,ip-172-31-17-37,linux,0,0.0534,18713.27,KEM,True,2025-11-21T22:10:23.004740,,2143
ML-KEM-512,decap,0,64,3.5,1,1,0,ip-172-31-17-37,linux,0,0.0553,18082.53,KEM,True,2025-11-21T22:10:23.004833,,2144
ML-KEM-512,decap,0,64,3.5,1,1,0,ip-172-31-17-37,linux,0,0.0545,18354.69,KEM,True,2025-11-21T22:10:23.004911,,2145
ML-KEM-512,decap,1024,1,3.5,1,1,0,ip-172-31-17-37,linux,0,0.0532,18788.87,KEM,True,2025-11-21T22:10:23.004987,,2146
ML-KEM-512,decap,1024,1,3.5,1,1,0,ip-172-31-17-37,linux,0,0.0539,18542.21,KEM,True,2025-11-21T22:10:23.005063,,2147
ML-KEM-512,decap,1024,1,3.5,1,1,0,ip-172-31-17-37,linux,0,0.0531,18844.1,KEM,True,2025-11-21T22:10:23.005139,,2148
ML-KEM-512,decap,1024,1,3.5,1,1,0,ip-172-31-17-37,linux,0,0.0525,19063.96,KEM,True,2025-11-21T22:10:23.005214,,2149
ML-KEM-512,decap,1024,1,3.5,1,1,0,ip-172-31-17-37,linux,0,0.0524,19097.45,KEM,True,2025-11-21T22:10:23.005289,,2150
ML-KEM-512,decap,1024,16,3.5,1,1,0,ip-172-31-17-37,linux,0,0.0528,18945.49,KEM,True,2025-11-21T22:10:23.005365,,2151
ML-KEM-512,decap,1024,16,3.5,1,1,0,ip-172-31-17-37,linux,0,0.0525,19036.02,KEM,True,2025-11-21T22:10:23.005440,,2152
ML-KEM-512,decap,1024,16,3.5,1,1,0,ip-172-31-17-37,linux,0,0.0618,16171.02,KEM,True,2025-11-21T22:10:23.005527,,2153
ML-KEM-512,decap,1024,16,3.5,1,1,0,ip-172-31-17-37,linux,0,0.0678,14745.78,KEM,True,2025-11-21T22:10:23.005619,,2154
ML-KEM-512,decap,1024,16,3.5,1,1,0,ip-172-31-17-37,linux,0,0.0539,18545.99,KEM,True,2025-11-21T22:10:23.005697,,2155
ML-KEM-512,decap,1024,64,3.5,1,1,0,ip-172-31-17-37,linux,0,0.0528,18934.02,KEM,True,2025-11-21T22:10:23.005773,,2156
ML-KEM-512,decap,1024,64,3.5,1,1,0,ip-172-31-17-37,linux,0,0.053,18885.38,KEM,True,2025-11-21T22:10:23.005848,,2157
ML-KEM-512,decap,1024,64,3.5,1,1,0,ip-172-31-17-37,linux,0,0.0524,19084.33,KEM,True,2025-11-21T22:10:23.005923,,2158
ML-KEM-512,decap,1024,64,3.5,1,1,0,ip-172-31-17-37,linux,0,0.0527,18960.58,KEM,True,2025-11-21T22:10:23.005997,,2159
ML-KEM-512,decap,1024,64,3.5,1,1,0,ip-172-31-17-37,linux,0,0.0533,18778.64,KEM,True,2025-11-21T22:10:23.006072,,2160
ML-KEM-768,keygen,0,1,3.5,1,1,0,ip-172-31-17-37,linux,0,0.0381,26232.95,KEM,True,2025-11-21T22:10:23.006137,,2161
ML-KEM-768,keygen,0,1,3.5,1,1,0,ip-172-31-17-37,linux,0,0.0354,28274.15,KEM,True,2025-11-21T22:10:23.006195,,2162
ML-KEM-768,keygen,0,1,3.5,1,1,0,ip-172-31-17-37,linux,0,0.0351,28519.28,KEM,True,2025-11-21T22:10:23.006252,,2163
ML-KEM-768,keygen,0,1,3.5,1,1,0,ip-172-31-17-37,linux,0,0.0347,28820.11,KEM,True,2025-11-21T22:10:23.006308,,2164
ML-KEM-768,keygen,0,1,3.5,1,1,0,ip-172-31-17-37,linux,0,0.0343,29148.57,KEM,True,2025-11-21T22:10:23.006364,,2165
ML-KEM-768,keygen,0,16,3.5,1,1,0,ip-172-31-17-37,linux,0,0.045,22224.2,KEM,True,2025-11-21T22:10:23.006431,,2166
ML-KEM-768,keygen,0,16,3.5,1,1,0,ip-172-31-17-37,linux,0,0.035,28567.35,KEM,True,2025-11-21T22:10:23.006489,,2167
ML-KEM-768,keygen,0,16,3.5,1,1,0,ip-172-31-17-37,linux,0,0.035,28587.76,KEM,True,2025-11-21T22:10:23.006546,,2168
ML-KEM-768,keygen,0,16,3.5,1,1,0,ip-172-31-17-37,linux,0,0.0498,20088.39,KEM,True,2025-11-21T22:10:23.006617,,2169
ML-KEM-768,keygen,0,16,3.5,1,1,0,ip-172-31-17-37,linux,0,0.0352,28444.65,KEM,True,2025-11-21T22:10:23.006675,,2170
ML-KEM-768,keygen,0,64,3.5,1,1,0,ip-172-31-17-37,linux,0,0.035,28570.61,KEM,True,2025-11-21T22:10:23.006732,,2171
ML-KEM-768,keygen,0,64,3.5,1,1,0,ip-172-31-17-37,linux,0,0.0347,28827.58,KEM,True,2025-11-21T22:10:23.006789,,2172
ML-KEM-768,keygen,0,64,3.5,1,1,0,ip-172-31-17-37,linux,0,0.0345,29003.16,KEM,True,2025-11-21T22:10:23.006845,,2173
ML-KEM-768,keygen,0,64,3.5,1,1,0,ip-172-31-17-37,linux,0,0.0344,29057.94,KEM,True,2025-11-21T22:10:23.006901,,2174
ML-KEM-768,keygen,0,64,3.5,1,1,0,ip-172-31-17-37,linux,0,0.0346,28865.03,KEM,True,2025-11-21T22:10:23.006957,,2175
ML-KEM-768,keygen,1024,1,3.5,1,1,0,ip-172-31-17-37,linux,0,0.035,28562.45,KEM,True,2025-11-21T22:10:23.007014,,2176
ML-KEM-768,keygen,1024,1,3.5,1,1,0,ip-172-31-17-37,linux,0,0.0347,28835.06,KEM,True,2025-11-21T22:10:23.007071,,2177
ML-KEM-768,keygen,1024,1,3.5,1,1,0,ip-172-31-17-37,linux,0,0.0346,28918.45,KEM,True,2025-11-21T22:10:23.007127,,2178
ML-KEM-768,keygen,1024,1,3.5,1,1,0,ip-172-31-17-37,linux,0,0.0346,28900.06,KEM,True,2025-11-21T22:10:23.007184,,2179
ML-KEM-768,keygen,1024,1,3.5,1,1,0,ip-172-31-17-37,linux,0,0.0343,29168.12,KEM,True,2025-11-21T22:10:23.007239,,2180
ML-KEM-768,keygen,1024,16,3.5,1,1,0,ip-172-31-17-37,linux,0,0.0346,28931.0,KEM,True,2025-11-21T22:10:23.007296,,2181
ML-KEM-768,keygen,1024,16,3.5,1,1,0,ip-172-31-17-37,linux,0,0.0344,29088.37,KEM,True,2025-11-21T22:10:23.007352,,2182
ML-KEM-768,keygen,1024,16,3.5,1,1,0,ip-172-31-17-37,linux,0,0.0346,28886.71,KEM,True,2025-11-21T22:10:23.007408,,2183
ML-KEM-768,keygen,1024,16,3.5,1,1,0,ip-172-31-17-37,linux,0,0.036,27743.87,KEM,True,2025-11-21T22:10:23.007467,,2184
ML-KEM-768,keygen,1024,16,3.5,1,1,0,ip-172-31-17-37,linux,0,0.0361,27733.87,KEM,True,2025-11-21T22:10:23.007534,,2185
ML-KEM-768,keygen,1024,64,3.5,1,1,0,ip-172-31-17-37,linux,0,0.0511,19558.37,KEM,True,2025-11-21T22:10:23.007608,,2186
ML-KEM-768,keygen,1024,64,3.5,1,1,0,ip-172-31-17-37,linux,0,0.0357,28018.27,KEM,True,2025-11-21T22:10:23.007666,,2187
ML-KEM-768,keygen,1024,64,3.5,1,1,0,ip-172-31-17-37,linux,0,0.0348,28774.49,KEM,True,2025-11-21T22:10:23.007723,,2188
ML-KEM-768,keygen,1024,64,3.5,1,1,0,ip-172-31-17-37,linux,0,0.0347,28796.87,KEM,True,2025-11-21T22:10:23.007779,,2189
ML-KEM-768,keygen,1024,64,3.5,1,1,0,ip-172-31-17-37,linux,0,0.0349,28693.58,KEM,True,2025-11-21T22:10:23.007835,,2190
ML-KEM-768,encap,0,1,3.5,1,1,0,ip-172-31-17-37,linux,0,0.0496,20160.07,KEM,True,2025-11-21T22:10:23.007911,,2191
ML-KEM-768,encap,0,1,3.5,1,1,0,ip-172-31-17-37,linux,0,0.05,19998.4,KEM,True,2025-11-21T22:10:23.007983,,2192
ML-KEM-768,encap,0,1,3.5,1,1,0,ip-172-31-17-37,linux,0,0.0507,19737.88,KEM,True,2025-11-21T22:10:23.008057,,2193
ML-KEM-768,encap,0,1,3.5,1,1,0,ip-172-31-17-37,linux,0,0.0497,20121.94,KEM,True,2025-11-21T22:10:23.008129,,2194
ML-KEM-768,encap,0,1,3.5,1,1,0,ip-172-31-17-37,linux,0,0.0504,19826.32,KEM,True,2025-11-21T22:10:23.008201,,2195
ML-KEM-768,encap,0,16,3.5,1,1,0,ip-172-31-17-37,linux,0,0.0512,19530.87,KEM,True,2025-11-21T22:10:23.008275,,2196
ML-KEM-768,encap,0,16,3.5,1,1,0,ip-172-31-17-37,linux,0,0.0503,19870.05,KEM,True,2025-11-21T22:10:23.008348,,2197
ML-KEM-768,encap,0,16,3.5,1,1,0,ip-172-31-17-37,linux,0,0.0498,20069.04,KEM,True,2025-11-21T22:10:23.008420,,2198
ML-KEM-768,encap,0,16,3.5,1,1,0,ip-172-31-17-37,linux,0,0.0502,19938.99,KEM,True,2025-11-21T22:10:23.008492,,2199
ML-KEM-768,encap,0,16,3.5,1,1,0,ip-172-31-17-37,linux,0,0.0495,20193.45,KEM,True,2025-11-21T22:10:23.008564,,2200
ML-KEM-768,encap,0,64,3.5,1,1,0,ip-172-31-17-37,linux,0,0.0507,19717.64,KEM,True,2025-11-21T22:10:23.008654,,2201
ML-KEM-768,encap,0,64,3.5,1,1,0,ip-172-31-17-37,linux,0,0.0494,20225.31,KEM,True,2025-11-21T22:10:23.008726,,2202
ML-KEM-768,encap,0,64,3.5,1,1,0,ip-172-31-17-37,linux,0,0.0497,20107.37,KEM,True,2025-11-21T22:10:23.008798,,2203
ML-KEM-768,encap,0,64,3.5,1,1,0,ip-172-31-17-37,linux,0,0.0506,19759.33,KEM,True,2025-11-21T22:10:23.008870,,2204
ML-KEM-768,encap,0,64,3.5,1,1,0,ip-172-31-17-37,linux,0,0.0495,20185.71,KEM,True,2025-11-21T22:10:23.008941,,2205
ML-KEM-768,encap,1024,1,3.5,1,1,0,ip-172-31-17-37,linux,0,0.0496,20140.99,KEM,True,2025-11-21T22:10:23.009013,,2206
ML-KEM-768,encap,1024,1,3.5,1,1,0,ip-172-31-17-37,linux,0,0.0496,20179.19,KEM,True,2025-11-21T22:10:23.009086,,2207
ML-KEM-768,encap,1024,1,3.5,1,1,0,ip-172-31-17-37,linux,0,0.0499,20059.38,KEM,True,2025-11-21T22:10:23.009157,,2208
ML-KEM-768,encap,1024,1,3.5,1,1,0,ip-172-31-17-37,linux,0,0.0493,20267.53,KEM,True,2025-11-21T22:10:23.009228,,2209
ML-KEM-768,encap,1024,1,3.5,1,1,0,ip-172-31-17-37,linux,0,0.0491,20359.14,KEM,True,2025-11-21T22:10:23.009300,,2210
ML-KEM-768,encap,1024,16,3.5,1,1,0,ip-172-31-17-37,linux,0,0.0494,20255.63,KEM,True,2025-11-21T22:10:23.009371,,2211
ML-KEM-768,encap,1024,16,3.5,1,1,0,ip-172-31-17-37,linux,0,0.049,20427.76,KEM,True,2025-11-21T22:10:23.009443,,2212
ML-KEM-768,encap,1024,16,3.5,1,1,0,ip-172-31-17-37,linux,0,0.0498,20092.83,KEM,True,2025-11-21T22:10:23.009515,,2213
ML-KEM-768,encap,1024,16,3.5,1,1,0,ip-172-31-17-37,linux,0,0.0669,14942.99,KEM,True,2025-11-21T22:10:23.009621,,2214
ML-KEM-768,encap,1024,16,3.5,1,1,0,ip-172-31-17-37,linux,0,0.0504,19822.39,KEM,True,2025-11-21T22:10:23.009695,,2215
ML-KEM-768,encap,1024,64,3.5,1,1,0,ip-172-31-17-37,linux,0,0.0495,20211.0,KEM,True,2025-11-21T22:10:23.009767,,2216
ML-KEM-768,encap,1024,64,3.5,1,1,0,ip-172-31-17-37,linux,0,0.0491,20368.26,KEM,True,2025-11-21T22:10:23.009838,,2217
ML-KEM-768,encap,1024,64,3.5,1,1,0,ip-172-31-17-37,linux,0,0.0499,20023.23,KEM,True,2025-11-21T22:10:23.009910,,2218
ML-KEM-768,encap,1024,64,3.5,1,1,0,ip-172-31-17-37,linux,0,0.0501,19978.82,KEM,True,2025-11-21T22:10:23.009982,,2219
ML-KEM-768,encap,1024,64,3.5,1,1,0,ip-172-31-17-37,linux,0,0.0494,20257.68,KEM,True,2025-11-21T22:10:23.010053,,2220
ML-KEM-768,decap,0,1,3.5,1,1,0,ip-172-31-17-37,linux,0,0.0633,15795.04,KEM,True,2025-11-21T22:10:23.010142,,2221
ML-KEM-768,decap,0,1,3.5,1,1,0,ip-172-31-17-37,linux,0,0.0638,15671.52,KEM,True,2025-11-21T22:10:23.010229,,2222
ML-KEM-768,decap,0,1,3.5,1,1,0,ip-172-31-17-37,linux,0,0.0638,15666.61,KEM,True,2025-11-21T22:10:23.010314,,2223
ML-KEM-768,decap,0,1,3.5,1,1,0,ip-172-31-17-37,linux,0,0.0633,15789.06,KEM,True,2025-11-21T22:10:23.010399,,2224
ML-KEM-768,decap,0,1,3.5,1,1,0,ip-172-31-17-37,linux,0,0.0648,15438.77,KEM,True,2025-11-21T22:10:23.010496,,2225
ML-KEM-768,decap,0,16,3.5,1,1,0,ip-172-31-17-37,linux,0,0.0808,12369.65,KEM,True,2025-11-21T22:10:23.010600,,2226
ML-KEM-768,decap,0,16,3.5,1,1,0,ip-172-31-17-37,linux,0,0.065,15393.38,KEM,True,2025-11-21T22:10:23.010687,,2227
ML-KEM-768,decap,0,16,3.5,1,1,0,ip-172-31-17-37,linux,0,0.0642,15581.91,KEM,True,2025-11-21T22:10:23.010774,,2228
ML-KEM-768,decap,0,16,3.5,1,1,0,ip-172-31-17-37,linux,0,0.0635,15741.09,KEM,True,2025-11-21T22:10:23.010860,,2229
ML-KEM-768,decap,0,16,3.5,1,1,0,ip-172-31-17-37,linux,0,0.064,15618.65,KEM,True,2025-11-21T22:10:23.010946,,2230
ML-KEM-768,decap,0,64,3.5,1,1,0,ip-172-31-17-37,linux,0,0.0641,15596.0,KEM,True,2025-11-21T22:10:23.011033,,2231
ML-KEM-768,decap,0,64,3.5,1,1,0,ip-172-31-17-37,linux,0,0.0639,15655.09,KEM,True,2025-11-21T22:10:23.011119,,2232
ML-KEM-768,decap,0,64,3.5,1,1,0,ip-172-31-17-37,linux,0,0.064,15614.75,KEM,True,2025-11-21T22:10:23.011205,,2233
ML-KEM-768,decap,0,64,3.5,1,1,0,ip-172-31-17-37,linux,0,0.0637,15705.74,KEM,True,2025-11-21T22:10:23.011291,,2234
ML-KEM-768,decap,0,64,3.5,1,1,0,ip-172-31-17-37,linux,0,0.0641,15598.68,KEM,True,2025-11-21T22:10:23.011377,,2235
ML-KEM-768,decap,1024,1,3.5,1,1,0,ip-172-31-17-37,linux,0,0.0649,15414.26,KEM,True,2025-11-21T22:10:23.011464,,2236
ML-KEM-768,decap,1024,1,3.5,1,1,0,ip-172-31-17-37,linux,0,0.0639,15648.23,KEM,True,2025-11-21T22:10:23.011551,,2237
ML-KEM-768,decap,1024,1,3.5,1,1,0,ip-172-31-17-37,linux,0,0.078,12814.6,KEM,True,2025-11-21T22:10:23.011651,,2238
ML-KEM-768,decap,1024,1,3.5,1,1,0,ip-172-31-17-37,linux,0,0.0644,15533.5,KEM,True,2025-11-21T22:10:23.011739,,2239
ML-KEM-768,decap,1024,1,3.5,1,1,0,ip-172-31-17-37,linux,0,0.0638,15671.77,KEM,True,2025-11-21T22:10:23.011825,,2240
ML-KEM-768,decap,1024,16,3.5,1,1,0,ip-172-31-17-37,linux,0,0.0635,15756.96,KEM,True,2025-11-21T22:10:23.011911,,2241
ML-KEM-768,decap,1024,16,3.5,1,1,0,ip-172-31-17-37,linux,0,0.0639,15656.8,KEM,True,2025-11-21T22:10:23.011997,,2242
ML-KEM-768,decap,1024,16,3.5,1,1,0,ip-172-31-17-37,linux,0,0.064,15625.73,KEM,True,2025-11-21T22:10:23.012083,,2243
ML-KEM-768,decap,1024,16,3.5,1,1,0,ip-172-31-17-37,linux,0,0.064,15626.71,KEM,True,2025-11-21T22:10:23.012170,,2244
ML-KEM-768,decap,1024,16,3.5,1,1,0,ip-172-31-17-37,linux,0,0.0778,12849.01,KEM,True,2025-11-21T22:10:23.012271,,2245
ML-KEM-768,decap,1024,64,3.5,1,1,0,ip-172-31-17-37,linux,0,0.0651,15369.25,KEM,True,2025-11-21T22:10:23.012361,,2246
ML-KEM-768,decap,1024,64,3.5,1,1,0,ip-172-31-17-37,linux,0,0.0642,15576.32,KEM,True,2025-11-21T22:10:23.012448,,2247
ML-KEM-768,decap,1024,64,3.5,1,1,0,ip-172-31-17-37,linux,0,0.0635,15742.58,KEM,True,2025-11-21T22:10:23.012534,,2248
ML-KEM-768,decap,1024,64,3.5,1,1,0,ip-172-31-17-37,linux,0,0.0795,12576.56,KEM,True,2025-11-21T22:10:23.012636,,2249
ML-KEM-768,decap,1024,64,3.5,1,1,0,ip-172-31-17-37,linux,0,0.0644,15539.53,KEM,True,2025-11-21T22:10:23.012723,,2250
sntrup761,keygen,0,1,3.5,1,1,0,ip-172-31-17-37,linux,0,0.4617,2165.85,KEM,True,2025-11-21T22:10:23.013214,,2251
sntrup761,keygen,0,1,3.5,1,1,0,ip-172-31-17-37,linux,0,0.2673,3741.49,KEM,True,2025-11-21T22:10:23.013511,,2252
sntrup761,keygen,0,1,3.5,1,1,0,ip-172-31-17-37,linux,0,0.2783,3593.71,KEM,True,2025-11-21T22:10:23.013814,,2253
sntrup761,keygen,0,1,3.5,1,1,0,ip-172-31-17-37,linux,0,0.2591,3859.41,KEM,True,2025-11-21T22:10:23.014097,,2254
sntrup761,keygen,0,1,3.5,1,1,0,ip-172-31-17-37,linux,0,0.2576,3882.3,KEM,True,2025-11-21T22:10:23.014378,,2255
sntrup761,keygen,0,16,3.5,1,1,0,ip-172-31-17-37,linux,0,0.2991,3343.46,KEM,True,2025-11-21T22:10:23.014700,,2256
sntrup761,keygen,0,16,3.5,1,1,0,ip-172-31-17-37,linux,0,0.2607,3835.3,KEM,True,2025-11-21T22:10:23.014988,,2257
sntrup761,keygen,0,16,3.5,1,1,0,ip-172-31-17-37,linux,0,0.2583,3871.12,KEM,True,2025-11-21T22:10:23.015269,,2258
sntrup761,keygen,0,16,3.5,1,1,0,ip-172-31-17-37,linux,0,0.2582,3873.04,KEM,True,2025-11-21T22:10:23.015549,,2259
sntrup761,keygen,0,16,3.5,1,1,0,ip-172-31-17-37,linux,0,0.2724,3670.69,KEM,True,2025-11-21T22:10:23.015845,,2260
sntrup761,keygen,0,64,3.5,1,1,0,ip-172-31-17-37,linux,0,0.2584,3870.67,KEM,True,2025-11-21T22:10:23.016127,,2261
sntrup761,keygen,0,64,3.5,1,1,0,ip-172-31-17-37,linux,0,0.2578,3878.46,KEM,True,2025-11-21T22:10:23.016408,,2262
sntrup761,keygen,0,64,3.5,1,1,0,ip-172-31-17-37,linux,0,0.2745,3643.07,KEM,True,2025-11-21T22:10:23.016704,,2263
sntrup761,keygen,0,64,3.5,1,1,0,ip-172-31-17-37,linux,0,0.2585,3868.7,KEM,True,2025-11-21T22:10:23.016986,,2264
sntrup761,keygen,0,64,3.5,1,1,0,ip-172-31-17-37,linux,0,0.3338,2995.78,KEM,True,2025-11-21T22:10:23.017354,,2265
sntrup761,keygen,1024,1,3.5,1,1,0,ip-172-31-17-37,linux,0,0.2818,3548.54,KEM,True,2025-11-21T22:10:23.017685,,2266
sntrup761,keygen,1024,1,3.5,1,1,0,ip-172-31-17-37,linux,0,0.266,3759.5,KEM,True,2025-11-21T22:10:23.017976,,2267
sntrup761,keygen,1024,1,3.5,1,1,0,ip-172-31-17-37,linux,0,0.2644,3781.59,KEM,True,2025-11-21T22:10:23.018264,,2268
sntrup761,keygen,1024,1,3.5,1,1,0,ip-172-31-17-37,linux,0,0.2758,3625.32,KEM,True,2025-11-21T22:10:23.018564,,2269
sntrup761,keygen,1024,1,3.5,1,1,0,ip-172-31-17-37,linux,0,0.2659,3760.95,KEM,True,2025-11-21T22:10:23.018866,,2270
sntrup761,keygen,1024,16,3.5,1,1,0,ip-172-31-17-37,linux,0,0.2649,3775.04,KEM,True,2025-11-21T22:10:23.019154,,2271
sntrup761,keygen,1024,16,3.5,1,1,0,ip-172-31-17-37,linux,0,0.2638,3790.22,KEM,True,2025-11-21T22:10:23.019442,,2272
sntrup761,keygen,1024,16,3.5,1,1,0,ip-172-31-17-37,linux,0,0.2811,3557.58,KEM,True,2025-11-21T22:10:23.019747,,2273
sntrup761,keygen,1024,16,3.5,1,1,0,ip-172-31-17-37,linux,0,0.265,3774.23,KEM,True,2025-11-21T22:10:23.020036,,2274
sntrup761,keygen,1024,16,3.5,1,1,0,ip-172-31-17-37,linux,0,0.2638,3791.11,KEM,True,2025-11-21T22:10:23.020323,,2275
sntrup761,keygen,1024,64,3.5,1,1,0,ip-172-31-17-37,linux,0,0.2768,3612.89,KEM,True,2025-11-21T22:10:23.020623,,2276
sntrup761,keygen,1024,64,3.5,1,1,0,ip-172-31-17-37,linux,0,0.2651,3772.83,KEM,True,2025-11-21T22:10:23.020912,,2277
sntrup761,keygen,1024,64,3.5,1,1,0,ip-172-31-17-37,linux,0,0.2684,3725.57,KEM,True,2025-11-21T22:10:23.021204,,2278
sntrup761,keygen,1024,64,3.5,1,1,0,ip-172-31-17-37,linux,0,0.2648,3776.66,KEM,True,2025-11-21T22:10:23.021493,,2279
sntrup761,keygen,1024,64,3.5,1,1,0,ip-172-31-17-37,linux,0,0.2784,3592.32,KEM,True,2025-11-21T22:10:23.021794,,2280
sntrup761,encap,0,1,3.5,1,1,0,ip-172-31-17-37,linux,0,0.3163,3161.73,KEM,True,2025-11-21T22:10:23.022139,,2281
sntrup761,encap,0,1,3.5,1,1,0,ip-172-31-17-37,linux,0,0.2951,3388.65,KEM,True,2025-11-21T22:10:23.022460,,2282
sntrup761,encap,0,1,3.5,1,1,0,ip-172-31-17-37,linux,0,0.2966,3371.33,KEM,True,2025-11-21T22:10:23.022781,,2283
sntrup761,encap,0,1,3.5,1,1,0,ip-172-31-17-37,linux,0,0.2877,3475.63,KEM,True,2025-11-21T22:10:23.023118,,2284
sntrup761,encap,0,1,3.5,1,1,0,ip-172-31-17-37,linux,0,0.29,3447.78,KEM,True,2025-11-21T22:10:23.023433,,2285
sntrup761,encap,0,16,3.5,1,1,0,ip-172-31-17-37,linux,0,0.296,3378.34,KEM,True,2025-11-21T22:10:23.023755,,2286
sntrup761,encap,0,16,3.5,1,1,0,ip-172-31-17-37,linux,0,0.2833,3530.03,KEM,True,2025-11-21T22:10:23.024063,,2287
sntrup761,encap,0,16,3.5,1,1,0,ip-172-31-17-37,linux,0,0.2829,3535.03,KEM,True,2025-11-21T22:10:23.024370,,2288
sntrup761,encap,0,16,3.5,1,1,0,ip-172-31-17-37,linux,0,0.2963,3375.21,KEM,True,2025-11-21T22:10:23.024690,,2289
sntrup761,encap,0,16,3.5,1,1,0,ip-172-31-17-37,linux,0,0.2854,3503.72,KEM,True,2025-11-21T22:10:23.024999,,2290
sntrup761,encap,0,64,3.5,1,1,0,ip-172-31-17-37,linux,0,0.2831,3532.81,KEM,True,2025-11-21T22:10:23.025307,,2291
sntrup761,encap,0,64,3.5,1,1,0,ip-172-31-17-37,linux,0,0.2953,3386.29,KEM,True,2025-11-21T22:10:23.025625,,2292
sntrup761,encap,0,64,3.5,1,1,0,ip-172-31-17-37,linux,0,0.2836,3526.13,KEM,True,2025-11-21T22:10:23.025933,,2293
sntrup761,encap,0,64,3.5,1,1,0,ip-172-31-17-37,linux,0,0.2824,3540.88,KEM,True,2025-11-21T22:10:23.026238,,2294
sntrup761,encap,0,64,3.5,1,1,0,ip-172-31-17-37,linux,0,0.293,3412.77,KEM,True,2025-11-21T22:10:23.026555,,2295
sntrup761,encap,1024,1,3.5,1,1,0,ip-172-31-17-37,linux,0,0.2861,3495.28,KEM,True,2025-11-21T22:10:23.026885,,2296
sntrup761,encap,1024,1,3.5,1,1,0,ip-172-31-17-37,linux,0,0.2827,3537.17,KEM,True,2025-11-21T22:10:23.027192,,2297
sntrup761,encap,1024,1,3.5,1,1,0,ip-172-31-17-37,linux,0,0.2822,3543.44,KEM,True,2025-11-21T22:10:23.027498,,2298
sntrup761,encap,1024,1,3.5,1,1,0,ip-172-31-17-37,linux,0,0.2975,3361.56,KEM,True,2025-11-21T22:10:23.027818,,2299
sntrup761,encap,1024,1,3.5,1,1,0,ip-172-31-17-37,linux,0,0.2832,3530.8,KEM,True,2025-11-21T22:10:23.028126,,2300
sntrup761,encap,1024,16,3.5,1,1,0,ip-172-31-17-37,linux,0,0.2769,3611.29,KEM,True,2025-11-21T22:10:23.028428,,2301
sntrup761,encap,1024,16,3.5,1,1,0,ip-172-31-17-37,linux,0,0.3019,3312.16,KEM,True,2025-11-21T22:10:23.028754,,2302
sntrup761,encap,1024,16,3.5,1,1,0,ip-172-31-17-37,linux,0,0.2773,3606.59,KEM,True,2025-11-21T22:10:23.029055,,2303
sntrup761,encap,1024,16,3.5,1,1,0,ip-172-31-17-37,linux,0,0.2761,3621.27,KEM,True,2025-11-21T22:10:23.029354,,2304
sntrup761,encap,1024,16,3.5,1,1,0,ip-172-31-17-37,linux,0,0.288,3472.46,KEM,True,2025-11-21T22:10:23.029665,,2305
sntrup761,encap,1024,64,3.5,1,1,0,ip-172-31-17-37,linux,0,0.2765,3616.35,KEM,True,2025-11-21T22:10:23.029964,,2306
sntrup761,encap,1024,64,3.5,1,1,0,ip-172-31-17-37,linux,0,0.2758,3625.2,KEM,True,2025-11-21T22:10:23.030263,,2307
sntrup761,encap,1024,64,3.5,1,1,0,ip-172-31-17-37,linux,0,0.3132,3192.42,KEM,True,2025-11-21T22:10:23.030599,,2308
sntrup761,encap,1024,64,3.5,1,1,0,ip-172-31-17-37,linux,0,0.2786,3589.75,KEM,True,2025-11-21T22:10:23.030903,,2309
sntrup761,encap,1024,64,3.5,1,1,0,ip-172-31-17-37,linux,0,0.2761,3621.84,KEM,True,2025-11-21T22:10:23.031202,,2310
sntrup761,decap,0,1,3.5,1,1,0,ip-172-31-17-37,linux,0,0.2989,3345.77,KEM,True,2025-11-21T22:10:23.031528,,2311
sntrup761,decap,0,1,3.5,1,1,0,ip-172-31-17-37,linux,0,0.3108,3217.59,KEM,True,2025-11-21T22:10:23.031862,,2312
sntrup761,decap,0,1,3.5,1,1,0,ip-172-31-17-37,linux,0,0.2957,3381.53,KEM,True,2025-11-21T22:10:23.032182,,2313
sntrup761,decap,0,1,3.5,1,1,0,ip-172-31-17-37,linux,0,0.2948,3391.83,KEM,True,2025-11-21T22:10:23.032500,,2314
sntrup761,decap,0,1,3.5,1,1,0,ip-172-31-17-37,linux,0,0.308,3247.12,KEM,True,2025-11-21T22:10:23.032831,,2315
sntrup761,decap,0,16,3.5,1,1,0,ip-172-31-17-37,linux,0,0.2963,3374.55,KEM,True,2025-11-21T22:10:23.033151,,2316
sntrup761,decap,0,16,3.5,1,1,0,ip-172-31-17-37,linux,0,0.2945,3395.34,KEM,True,2025-11-21T22:10:23.033468,,2317
sntrup761,decap,0,16,3.5,1,1,0,ip-172-31-17-37,linux,0,0.3072,3254.96,KEM,True,2025-11-21T22:10:23.033799,,2318
sntrup761,decap,0,16,3.5,1,1,0,ip-172-31-17-37,linux,0,0.2952,3387.29,KEM,True,2025-11-21T22:10:23.034116,,2319
sntrup761,decap,0,16,3.5,1,1,0,ip-172-31-17-37,linux,0,0.3032,3298.26,KEM,True,2025-11-21T22:10:23.034443,,2320
sntrup761,decap,0,64,3.5,1,1,0,ip-172-31-17-37,linux,0,0.3074,3253.43,KEM,True,2025-11-21T22:10:23.034774,,2321
sntrup761,decap,0,64,3.5,1,1,0,ip-172-31-17-37,linux,0,0.2951,3389.23,KEM,True,2025-11-21T22:10:23.035093,,2322
sntrup761,decap,0,64,3.5,1,1,0,ip-172-31-17-37,linux,0,0.2943,3398.21,KEM,True,2025-11-21T22:10:23.035410,,2323
sntrup761,decap,0,64,3.5,1,1,0,ip-172-31-17-37,linux,0,0.3194,3130.58,KEM,True,2025-11-21T22:10:23.035753,,2324
sntrup761,decap,0,64,3.5,1,1,0,ip-172-31-17-37,linux,0,0.2965,3372.9,KEM,True,2025-11-21T22:10:23.036074,,2325
sntrup761,decap,1024,1,3.5,1,1,0,ip-172-31-17-37,linux,0,0.295,3389.37,KEM,True,2025-11-21T22:10:23.036394,,2326
sntrup761,decap,1024,1,3.5,1,1,0,ip-172-31-17-37,linux,0,0.3067,3261.0,KEM,True,2025-11-21T22:10:23.036724,,2327
sntrup761,decap,1024,1,3.5,1,1,0,ip-172-31-17-37,linux,0,0.2959,3379.98,KEM,True,2025-11-21T22:10:23.037044,,2328
sntrup761,decap,1024,1,3.5,1,1,0,ip-172-31-17-37,linux,0,0.2947,3393.34,KEM,True,2025-11-21T22:10:23.037362,,2329
sntrup761,decap,1024,1,3.5,1,1,0,ip-172-31-17-37,linux,0,0.3088,3238.21,KEM,True,2025-11-21T22:10:23.037693,,2330
sntrup761,decap,1024,16,3.5,1,1,0,ip-172-31-17-37,linux,0,0.2955,3384.59,KEM,True,2025-11-21T22:10:23.038012,,2331
sntrup761,decap,1024,16,3.5,1,1,0,ip-172-31-17-37,linux,0,0.2942,3399.06,KEM,True,2025-11-21T22:10:23.038329,,2332
sntrup761,decap,1024,16,3.5,1,1,0,ip-172-31-17-37,linux,0,0.3165,3159.51,KEM,True,2025-11-21T22:10:23.038669,,2333
sntrup761,decap,1024,16,3.5,1,1,0,ip-172-31-17-37,linux,0,0.2957,3381.55,KEM,True,2025-11-21T22:10:23.038988,,2334
sntrup761,decap,1024,16,3.5,1,1,0,ip-172-31-17-37,linux,0,0.2948,3391.85,KEM,True,2025-11-21T22:10:23.039306,,2335
sntrup761,decap,1024,64,3.5,1,1,0,ip-172-31-17-37,linux,0,0.3078,3248.5,KEM,True,2025-11-21T22:10:23.039638,,2336
sntrup761,decap,1024,64,3.5,1,1,0,ip-172-31-17-37,linux,0,0.3085,3241.64,KEM,True,2025-11-21T22:10:23.039971,,2337
sntrup761,decap,1024,64,3.5,1,1,0,ip-172-31-17-37,linux,0,0.2965,3372.29,KEM,True,2025-11-21T22:10:23.040292,,2338
sntrup761,decap,1024,64,3.5,1,1,0,ip-172-31-17-37,linux,0,0.3087,3239.07,KEM,True,2025-11-21T22:10:23.040624,,2339
sntrup761,decap,1024,64,3.5,1,1,0,ip-172-31-17-37,linux,0,0.2962,3375.78,KEM,True,2025-11-21T22:10:23.040943,,2340
