algorithm,operation,message_bytes,concurrency,cpu_ghz,aesni,avx2,neon,machine_id,os_name,containerized,latency_ms,throughput_ops,crypto_type,correctness,timestamp,notes,trial_id
BIKE-L1,keygen,0,1,2.2,1,1,0,ip-172-31-18-18,linux,0,3.4386,290.82,KEM,True,2025-11-21T22:04:30.183710,,1
BIKE-L1,keygen,0,1,2.2,1,1,0,ip-172-31-18-18,linux,0,0.6039,1655.88,KEM,True,2025-11-21T22:04:30.184432,,2
BIKE-L1,keygen,0,1,2.2,1,1,0,ip-172-31-18-18,linux,0,0.5768,1733.59,KEM,True,2025-11-21T22:04:30.185078,,3
BIKE-L1,keygen,0,1,2.2,1,1,0,ip-172-31-18-18,linux,0,0.5602,1785.18,KEM,True,2025-11-21T22:04:30.185723,,4
BIKE-L1,keygen,0,1,2.2,1,1,0,ip-172-31-18-18,linux,0,0.597,1674.94,KEM,True,2025-11-21T22:04:30.186387,,5
BIKE-L1,keygen,0,16,2.2,1,1,0,ip-172-31-18-18,linux,0,0.547,1828.0,KEM,True,2025-11-21T22:04:30.186999,,6
BIKE-L1,keygen,0,16,2.2,1,1,0,ip-172-31-18-18,linux,0,0.5897,1695.81,KEM,True,2025-11-21T22:04:30.187653,,7
BIKE-L1,keygen,0,16,2.2,1,1,0,ip-172-31-18-18,linux,0,0.5692,1756.8,KEM,True,2025-11-21T22:04:30.188285,,8
BIKE-L1,keygen,0,16,2.2,1,1,0,ip-172-31-18-18,linux,0,0.5492,1820.67,KEM,True,2025-11-21T22:04:30.188898,,9
BIKE-L1,keygen,0,16,2.2,1,1,0,ip-172-31-18-18,linux,0,0.553,1808.46,KEM,True,2025-11-21T22:04:30.189515,,10
BIKE-L1,keygen,0,64,2.2,1,1,0,ip-172-31-18-18,linux,0,0.5512,1814.23,KEM,True,2025-11-21T22:04:30.190131,,11
BIKE-L1,keygen,0,64,2.2,1,1,0,ip-172-31-18-18,linux,0,0.5357,1866.76,KEM,True,2025-11-21T22:04:30.190728,,12
BIKE-L1,keygen,0,64,2.2,1,1,0,ip-172-31-18-18,linux,0,0.5498,1818.92,KEM,True,2025-11-21T22:04:30.191339,,13
BIKE-L1,keygen,0,64,2.2,1,1,0,ip-172-31-18-18,linux,0,0.5326,1877.66,KEM,True,2025-11-21T22:04:30.191942,,14
BIKE-L1,keygen,0,64,2.2,1,1,0,ip-172-31-18-18,linux,0,0.5487,1822.5,KEM,True,2025-11-21T22:04:30.192552,,15
BIKE-L1,keygen,1024,1,2.2,1,1,0,ip-172-31-18-18,linux,0,0.5598,1786.23,KEM,True,2025-11-21T22:04:30.193174,,16
BIKE-L1,keygen,1024,1,2.2,1,1,0,ip-172-31-18-18,linux,0,0.5326,1877.56,KEM,True,2025-11-21T22:04:30.193768,,17
BIKE-L1,keygen,1024,1,2.2,1,1,0,ip-172-31-18-18,linux,0,0.5499,1818.65,KEM,True,2025-11-21T22:04:30.194380,,18
BIKE-L1,keygen,1024,1,2.2,1,1,0,ip-172-31-18-18,linux,0,0.5302,1885.91,KEM,True,2025-11-21T22:04:30.194972,,19
BIKE-L1,keygen,1024,1,2.2,1,1,0,ip-172-31-18-18,linux,0,0.5465,1829.73,KEM,True,2025-11-21T22:04:30.195578,,20
BIKE-L1,keygen,1024,16,2.2,1,1,0,ip-172-31-18-18,linux,0,0.5495,1819.75,KEM,True,2025-11-21T22:04:30.196191,,21
BIKE-L1,keygen,1024,16,2.2,1,1,0,ip-172-31-18-18,linux,0,0.5467,1829.13,KEM,True,2025-11-21T22:04:30.196800,,22
BIKE-L1,keygen,1024,16,2.2,1,1,0,ip-172-31-18-18,linux,0,0.5495,1819.85,KEM,True,2025-11-21T22:04:30.197412,,23
BIKE-L1,keygen,1024,16,2.2,1,1,0,ip-172-31-18-18,linux,0,0.6797,1471.26,KEM,True,2025-11-21T22:04:30.198155,,24
BIKE-L1,keygen,1024,16,2.2,1,1,0,ip-172-31-18-18,linux,0,0.5399,1852.27,KEM,True,2025-11-21T22:04:30.198771,,25
BIKE-L1,keygen,1024,64,2.2,1,1,0,ip-172-31-18-18,linux,0,0.5501,1817.93,KEM,True,2025-11-21T22:04:30.199386,,26
BIKE-L1,keygen,1024,64,2.2,1,1,0,ip-172-31-18-18,linux,0,0.5348,1869.86,KEM,True,2025-11-21T22:04:30.199982,,27
BIKE-L1,keygen,1024,64,2.2,1,1,0,ip-172-31-18-18,linux,0,0.5482,1824.23,KEM,True,2025-11-21T22:04:30.200592,,28
BIKE-L1,keygen,1024,64,2.2,1,1,0,ip-172-31-18-18,linux,0,0.5639,1773.34,KEM,True,2025-11-21T22:04:30.201219,,29
BIKE-L1,keygen,1024,64,2.2,1,1,0,ip-172-31-18-18,linux,0,0.5354,1867.77,KEM,True,2025-11-21T22:04:30.201816,,30
BIKE-L1,encap,0,1,2.2,1,1,0,ip-172-31-18-18,linux,0,0.7534,1327.32,KEM,True,2025-11-21T22:04:30.202643,,31
BIKE-L1,encap,0,1,2.2,1,1,0,ip-172-31-18-18,linux,0,0.683,1464.11,KEM,True,2025-11-21T22:04:30.203390,,32
BIKE-L1,encap,0,1,2.2,1,1,0,ip-172-31-18-18,linux,0,0.6763,1478.61,KEM,True,2025-11-21T22:04:30.204132,,33
BIKE-L1,encap,0,1,2.2,1,1,0,ip-172-31-18-18,linux,0,0.6716,1488.98,KEM,True,2025-11-21T22:04:30.204868,,34
BIKE-L1,encap,0,1,2.2,1,1,0,ip-172-31-18-18,linux,0,0.6646,1504.73,KEM,True,2025-11-21T22:04:30.205595,,35
BIKE-L1,encap,0,16,2.2,1,1,0,ip-172-31-18-18,linux,0,0.6974,1433.86,KEM,True,2025-11-21T22:04:30.206356,,36
BIKE-L1,encap,0,16,2.2,1,1,0,ip-172-31-18-18,linux,0,0.6452,1549.98,KEM,True,2025-11-21T22:04:30.207064,,37
BIKE-L1,encap,0,16,2.2,1,1,0,ip-172-31-18-18,linux,0,0.6407,1560.72,KEM,True,2025-11-21T22:04:30.207804,,38
BIKE-L1,encap,0,16,2.2,1,1,0,ip-172-31-18-18,linux,0,0.6643,1505.35,KEM,True,2025-11-21T22:04:30.208546,,39
BIKE-L1,encap,0,16,2.2,1,1,0,ip-172-31-18-18,linux,0,0.7591,1317.31,KEM,True,2025-11-21T22:04:30.209370,,40
BIKE-L1,encap,0,64,2.2,1,1,0,ip-172-31-18-18,linux,0,0.6479,1543.45,KEM,True,2025-11-21T22:04:30.210089,,41
BIKE-L1,encap,0,64,2.2,1,1,0,ip-172-31-18-18,linux,0,0.6503,1537.85,KEM,True,2025-11-21T22:04:30.210827,,42
BIKE-L1,encap,0,64,2.2,1,1,0,ip-172-31-18-18,linux,0,0.6672,1498.78,KEM,True,2025-11-21T22:04:30.211614,,43
BIKE-L1,encap,0,64,2.2,1,1,0,ip-172-31-18-18,linux,0,0.6758,1479.75,KEM,True,2025-11-21T22:04:30.212355,,44
BIKE-L1,encap,0,64,2.2,1,1,0,ip-172-31-18-18,linux,0,0.6873,1454.86,KEM,True,2025-11-21T22:04:30.213125,,45
BIKE-L1,encap,1024,1,2.2,1,1,0,ip-172-31-18-18,linux,0,0.6589,1517.64,KEM,True,2025-11-21T22:04:30.213848,,46
BIKE-L1,encap,1024,1,2.2,1,1,0,ip-172-31-18-18,linux,0,0.6719,1488.23,KEM,True,2025-11-21T22:04:30.214583,,47
BIKE-L1,encap,1024,1,2.2,1,1,0,ip-172-31-18-18,linux,0,0.6798,1471.04,KEM,True,2025-11-21T22:04:30.215325,,48
BIKE-L1,encap,1024,1,2.2,1,1,0,ip-172-31-18-18,linux,0,0.6554,1525.67,KEM,True,2025-11-21T22:04:30.216043,,49
BIKE-L1,encap,1024,1,2.2,1,1,0,ip-172-31-18-18,linux,0,0.6894,1450.62,KEM,True,2025-11-21T22:04:30.216795,,50
BIKE-L1,encap,1024,16,2.2,1,1,0,ip-172-31-18-18,linux,0,0.6751,1481.26,KEM,True,2025-11-21T22:04:30.217534,,51
BIKE-L1,encap,1024,16,2.2,1,1,0,ip-172-31-18-18,linux,0,0.6731,1485.64,KEM,True,2025-11-21T22:04:30.218270,,52
BIKE-L1,encap,1024,16,2.2,1,1,0,ip-172-31-18-18,linux,0,0.6533,1530.74,KEM,True,2025-11-21T22:04:30.218985,,53
BIKE-L1,encap,1024,16,2.2,1,1,0,ip-172-31-18-18,linux,0,0.6661,1501.35,KEM,True,2025-11-21T22:04:30.219714,,54
BIKE-L1,encap,1024,16,2.2,1,1,0,ip-172-31-18-18,linux,0,0.6716,1488.94,KEM,True,2025-11-21T22:04:30.220448,,55
BIKE-L1,encap,1024,64,2.2,1,1,0,ip-172-31-18-18,linux,0,0.6962,1436.39,KEM,True,2025-11-21T22:04:30.221207,,56
BIKE-L1,encap,1024,64,2.2,1,1,0,ip-172-31-18-18,linux,0,0.6589,1517.64,KEM,True,2025-11-21T22:04:30.221928,,57
BIKE-L1,encap,1024,64,2.2,1,1,0,ip-172-31-18-18,linux,0,0.675,1481.48,KEM,True,2025-11-21T22:04:30.222666,,58
BIKE-L1,encap,1024,64,2.2,1,1,0,ip-172-31-18-18,linux,0,0.6814,1467.55,KEM,True,2025-11-21T22:04:30.223409,,59
BIKE-L1,encap,1024,64,2.2,1,1,0,ip-172-31-18-18,linux,0,0.6643,1505.39,KEM,True,2025-11-21T22:04:30.224135,,60
BIKE-L1,decap,0,1,2.2,1,1,0,ip-172-31-18-18,linux,0,2.777,360.1,KEM,True,2025-11-21T22:04:30.226984,,61
BIKE-L1,decap,0,1,2.2,1,1,0,ip-172-31-18-18,linux,0,2.7422,364.67,KEM,True,2025-11-21T22:04:30.229794,,62
BIKE-L1,decap,0,1,2.2,1,1,0,ip-172-31-18-18,linux,0,2.7837,359.23,KEM,True,2025-11-21T22:04:30.232643,,63
BIKE-L1,decap,0,1,2.2,1,1,0,ip-172-31-18-18,linux,0,2.6891,371.87,KEM,True,2025-11-21T22:04:30.235414,,64
BIKE-L1,decap,0,1,2.2,1,1,0,ip-172-31-18-18,linux,0,2.7291,366.43,KEM,True,2025-11-21T22:04:30.238226,,65
BIKE-L1,decap,0,16,2.2,1,1,0,ip-172-31-18-18,linux,0,2.7524,363.32,KEM,True,2025-11-21T22:04:30.241073,,66
BIKE-L1,decap,0,16,2.2,1,1,0,ip-172-31-18-18,linux,0,2.7351,365.62,KEM,True,2025-11-21T22:04:30.243901,,67
BIKE-L1,decap,0,16,2.2,1,1,0,ip-172-31-18-18,linux,0,2.9201,342.45,KEM,True,2025-11-21T22:04:30.246893,,68
BIKE-L1,decap,0,16,2.2,1,1,0,ip-172-31-18-18,linux,0,2.7054,369.63,KEM,True,2025-11-21T22:04:30.249674,,69
BIKE-L1,decap,0,16,2.2,1,1,0,ip-172-31-18-18,linux,0,2.7803,359.67,KEM,True,2025-11-21T22:04:30.252523,,70
BIKE-L1,decap,0,64,2.2,1,1,0,ip-172-31-18-18,linux,0,2.6754,373.78,KEM,True,2025-11-21T22:04:30.255266,,71
BIKE-L1,decap,0,64,2.2,1,1,0,ip-172-31-18-18,linux,0,2.7786,359.9,KEM,True,2025-11-21T22:04:30.258120,,72
BIKE-L1,decap,0,64,2.2,1,1,0,ip-172-31-18-18,linux,0,2.6884,371.96,KEM,True,2025-11-21T22:04:30.260874,,73
BIKE-L1,decap,0,64,2.2,1,1,0,ip-172-31-18-18,linux,0,2.7397,365.0,KEM,True,2025-11-21T22:04:30.263677,,74
BIKE-L1,decap,0,64,2.2,1,1,0,ip-172-31-18-18,linux,0,2.67,374.53,KEM,True,2025-11-21T22:04:30.266412,,75
BIKE-L1,decap,1024,1,2.2,1,1,0,ip-172-31-18-18,linux,0,2.7187,367.83,KEM,True,2025-11-21T22:04:30.269244,,76
BIKE-L1,decap,1024,1,2.2,1,1,0,ip-172-31-18-18,linux,0,2.7002,370.34,KEM,True,2025-11-21T22:04:30.272009,,77
BIKE-L1,decap,1024,1,2.2,1,1,0,ip-172-31-18-18,linux,0,2.8114,355.69,KEM,True,2025-11-21T22:04:30.274890,,78
BIKE-L1,decap,1024,1,2.2,1,1,0,ip-172-31-18-18,linux,0,2.6819,372.87,KEM,True,2025-11-21T22:04:30.277640,,79
BIKE-L1,decap,1024,1,2.2,1,1,0,ip-172-31-18-18,linux,0,2.7024,370.04,KEM,True,2025-11-21T22:04:30.280420,,80
BIKE-L1,decap,1024,16,2.2,1,1,0,ip-172-31-18-18,linux,0,2.691,371.61,KEM,True,2025-11-21T22:04:30.283195,,81
BIKE-L1,decap,1024,16,2.2,1,1,0,ip-172-31-18-18,linux,0,2.7083,369.23,KEM,True,2025-11-21T22:04:30.285980,,82
BIKE-L1,decap,1024,16,2.2,1,1,0,ip-172-31-18-18,linux,0,2.8406,352.03,KEM,True,2025-11-21T22:04:30.288903,,83
BIKE-L1,decap,1024,16,2.2,1,1,0,ip-172-31-18-18,linux,0,2.6611,375.79,KEM,True,2025-11-21T22:04:30.291639,,84
BIKE-L1,decap,1024,16,2.2,1,1,0,ip-172-31-18-18,linux,0,2.7654,361.61,KEM,True,2025-11-21T22:04:30.294476,,85
BIKE-L1,decap,1024,64,2.2,1,1,0,ip-172-31-18-18,linux,0,2.7537,363.15,KEM,True,2025-11-21T22:04:30.297300,,86
BIKE-L1,decap,1024,64,2.2,1,1,0,ip-172-31-18-18,linux,0,2.6569,376.37,KEM,True,2025-11-21T22:04:30.300024,,87
BIKE-L1,decap,1024,64,2.2,1,1,0,ip-172-31-18-18,linux,0,2.7695,361.07,KEM,True,2025-11-21T22:04:30.302863,,88
BIKE-L1,decap,1024,64,2.2,1,1,0,ip-172-31-18-18,linux,0,2.7406,364.88,KEM,True,2025-11-21T22:04:30.305676,,89
BIKE-L1,decap,1024,64,2.2,1,1,0,ip-172-31-18-18,linux,0,2.7764,360.18,KEM,True,2025-11-21T22:04:30.308520,,90
BIKE-L3,keygen,0,1,2.2,1,1,0,ip-172-31-18-18,linux,0,1.8497,540.62,KEM,True,2025-11-21T22:04:30.310447,,91
BIKE-L3,keygen,0,1,2.2,1,1,0,ip-172-31-18-18,linux,0,1.4878,672.14,KEM,True,2025-11-21T22:04:30.312002,,92
BIKE-L3,keygen,0,1,2.2,1,1,0,ip-172-31-18-18,linux,0,1.6823,594.44,KEM,True,2025-11-21T22:04:30.313748,,93
BIKE-L3,keygen,0,1,2.2,1,1,0,ip-172-31-18-18,linux,0,1.6418,609.08,KEM,True,2025-11-21T22:04:30.315456,,94
BIKE-L3,keygen,0,1,2.2,1,1,0,ip-172-31-18-18,linux,0,1.6059,622.7,KEM,True,2025-11-21T22:04:30.317129,,95
BIKE-L3,keygen,0,16,2.2,1,1,0,ip-172-31-18-18,linux,0,1.7495,571.6,KEM,True,2025-11-21T22:04:30.318961,,96
BIKE-L3,keygen,0,16,2.2,1,1,0,ip-172-31-18-18,linux,0,1.5833,631.61,KEM,True,2025-11-21T22:04:30.320632,,97
BIKE-L3,keygen,0,16,2.2,1,1,0,ip-172-31-18-18,linux,0,1.513,660.95,KEM,True,2025-11-21T22:04:30.322214,,98
BIKE-L3,keygen,0,16,2.2,1,1,0,ip-172-31-18-18,linux,0,1.5144,660.34,KEM,True,2025-11-21T22:04:30.323791,,99
BIKE-L3,keygen,0,16,2.2,1,1,0,ip-172-31-18-18,linux,0,1.5535,643.69,KEM,True,2025-11-21T22:04:30.325408,,100
BIKE-L3,keygen,0,64,2.2,1,1,0,ip-172-31-18-18,linux,0,1.5693,637.24,KEM,True,2025-11-21T22:04:30.327047,,101
BIKE-L3,keygen,0,64,2.2,1,1,0,ip-172-31-18-18,linux,0,1.4855,673.19,KEM,True,2025-11-21T22:04:30.328635,,102
BIKE-L3,keygen,0,64,2.2,1,1,0,ip-172-31-18-18,linux,0,1.5363,650.91,KEM,True,2025-11-21T22:04:30.330235,,103
BIKE-L3,keygen,0,64,2.2,1,1,0,ip-172-31-18-18,linux,0,1.5802,632.83,KEM,True,2025-11-21T22:04:30.331881,,104
BIKE-L3,keygen,0,64,2.2,1,1,0,ip-172-31-18-18,linux,0,1.5733,635.63,KEM,True,2025-11-21T22:04:30.333518,,105
BIKE-L3,keygen,1024,1,2.2,1,1,0,ip-172-31-18-18,linux,0,1.5699,636.99,KEM,True,2025-11-21T22:04:30.335160,,106
BIKE-L3,keygen,1024,1,2.2,1,1,0,ip-172-31-18-18,linux,0,1.5478,646.08,KEM,True,2025-11-21T22:04:30.336778,,107
BIKE-L3,keygen,1024,1,2.2,1,1,0,ip-172-31-18-18,linux,0,1.6269,614.65,KEM,True,2025-11-21T22:04:30.338469,,108
BIKE-L3,keygen,1024,1,2.2,1,1,0,ip-172-31-18-18,linux,0,1.5121,661.34,KEM,True,2025-11-21T22:04:30.340047,,109
BIKE-L3,keygen,1024,1,2.2,1,1,0,ip-172-31-18-18,linux,0,1.4996,666.86,KEM,True,2025-11-21T22:04:30.341643,,110
BIKE-L3,keygen,1024,16,2.2,1,1,0,ip-172-31-18-18,linux,0,1.5457,646.95,KEM,True,2025-11-21T22:04:30.343253,,111
BIKE-L3,keygen,1024,16,2.2,1,1,0,ip-172-31-18-18,linux,0,1.5086,662.86,KEM,True,2025-11-21T22:04:30.344827,,112
BIKE-L3,keygen,1024,16,2.2,1,1,0,ip-172-31-18-18,linux,0,1.4935,669.59,KEM,True,2025-11-21T22:04:30.346384,,113
BIKE-L3,keygen,1024,16,2.2,1,1,0,ip-172-31-18-18,linux,0,1.4887,671.74,KEM,True,2025-11-21T22:04:30.347934,,114
BIKE-L3,keygen,1024,16,2.2,1,1,0,ip-172-31-18-18,linux,0,1.6308,613.19,KEM,True,2025-11-21T22:04:30.349632,,115
BIKE-L3,keygen,1024,64,2.2,1,1,0,ip-172-31-18-18,linux,0,1.5041,664.84,KEM,True,2025-11-21T22:04:30.351213,,116
BIKE-L3,keygen,1024,64,2.2,1,1,0,ip-172-31-18-18,linux,0,1.5035,665.14,KEM,True,2025-11-21T22:04:30.352783,,117
BIKE-L3,keygen,1024,64,2.2,1,1,0,ip-172-31-18-18,linux,0,1.5666,638.31,KEM,True,2025-11-21T22:04:30.354419,,118
BIKE-L3,keygen,1024,64,2.2,1,1,0,ip-172-31-18-18,linux,0,1.4896,671.3,KEM,True,2025-11-21T22:04:30.355981,,119
BIKE-L3,keygen,1024,64,2.2,1,1,0,ip-172-31-18-18,linux,0,1.6783,595.83,KEM,True,2025-11-21T22:04:30.357725,,120
BIKE-L3,encap,0,1,2.2,1,1,0,ip-172-31-18-18,linux,0,2.0639,484.53,KEM,True,2025-11-21T22:04:30.359866,,121
BIKE-L3,encap,0,1,2.2,1,1,0,ip-172-31-18-18,linux,0,1.8911,528.81,KEM,True,2025-11-21T22:04:30.361827,,122
BIKE-L3,encap,0,1,2.2,1,1,0,ip-172-31-18-18,linux,0,1.809,552.81,KEM,True,2025-11-21T22:04:30.363700,,123
BIKE-L3,encap,0,1,2.2,1,1,0,ip-172-31-18-18,linux,0,1.7434,573.58,KEM,True,2025-11-21T22:04:30.365508,,124
BIKE-L3,encap,0,1,2.2,1,1,0,ip-172-31-18-18,linux,0,1.8176,550.17,KEM,True,2025-11-21T22:04:30.367392,,125
BIKE-L3,encap,0,16,2.2,1,1,0,ip-172-31-18-18,linux,0,1.7782,562.37,KEM,True,2025-11-21T22:04:30.369236,,126
BIKE-L3,encap,0,16,2.2,1,1,0,ip-172-31-18-18,linux,0,1.7994,555.73,KEM,True,2025-11-21T22:04:30.371099,,127
BIKE-L3,encap,0,16,2.2,1,1,0,ip-172-31-18-18,linux,0,1.8063,553.6,KEM,True,2025-11-21T22:04:30.372984,,128
BIKE-L3,encap,0,16,2.2,1,1,0,ip-172-31-18-18,linux,0,1.7121,584.09,KEM,True,2025-11-21T22:04:30.374894,,129
BIKE-L3,encap,0,16,2.2,1,1,0,ip-172-31-18-18,linux,0,1.7919,558.06,KEM,True,2025-11-21T22:04:30.376749,,130
BIKE-L3,encap,0,64,2.2,1,1,0,ip-172-31-18-18,linux,0,1.8165,550.51,KEM,True,2025-11-21T22:04:30.378633,,131
BIKE-L3,encap,0,64,2.2,1,1,0,ip-172-31-18-18,linux,0,1.7602,568.13,KEM,True,2025-11-21T22:04:30.380459,,132
BIKE-L3,encap,0,64,2.2,1,1,0,ip-172-31-18-18,linux,0,1.9292,518.35,KEM,True,2025-11-21T22:04:30.382453,,133
BIKE-L3,encap,0,64,2.2,1,1,0,ip-172-31-18-18,linux,0,1.8758,533.12,KEM,True,2025-11-21T22:04:30.384397,,134
BIKE-L3,encap,0,64,2.2,1,1,0,ip-172-31-18-18,linux,0,1.8217,548.95,KEM,True,2025-11-21T22:04:30.386290,,135
BIKE-L3,encap,1024,1,2.2,1,1,0,ip-172-31-18-18,linux,0,1.8902,529.04,KEM,True,2025-11-21T22:04:30.388248,,136
BIKE-L3,encap,1024,1,2.2,1,1,0,ip-172-31-18-18,linux,0,1.844,542.31,KEM,True,2025-11-21T22:04:30.390170,,137
BIKE-L3,encap,1024,1,2.2,1,1,0,ip-172-31-18-18,linux,0,1.9221,520.27,KEM,True,2025-11-21T22:04:30.392184,,138
BIKE-L3,encap,1024,1,2.2,1,1,0,ip-172-31-18-18,linux,0,1.8991,526.57,KEM,True,2025-11-21T22:04:30.394155,,139
BIKE-L3,encap,1024,1,2.2,1,1,0,ip-172-31-18-18,linux,0,1.7962,556.74,KEM,True,2025-11-21T22:04:30.396017,,140
BIKE-L3,encap,1024,16,2.2,1,1,0,ip-172-31-18-18,linux,0,1.7786,562.25,KEM,True,2025-11-21T22:04:30.397863,,141
BIKE-L3,encap,1024,16,2.2,1,1,0,ip-172-31-18-18,linux,0,1.8331,545.52,KEM,True,2025-11-21T22:04:30.399772,,142
BIKE-L3,encap,1024,16,2.2,1,1,0,ip-172-31-18-18,linux,0,1.7467,572.49,KEM,True,2025-11-21T22:04:30.401592,,143
BIKE-L3,encap,1024,16,2.2,1,1,0,ip-172-31-18-18,linux,0,1.8503,540.44,KEM,True,2025-11-21T22:04:30.403507,,144
BIKE-L3,encap,1024,16,2.2,1,1,0,ip-172-31-18-18,linux,0,1.7933,557.62,KEM,True,2025-11-21T22:04:30.405366,,145
BIKE-L3,encap,1024,64,2.2,1,1,0,ip-172-31-18-18,linux,0,1.7586,568.63,KEM,True,2025-11-21T22:04:30.407189,,146
BIKE-L3,encap,1024,64,2.2,1,1,0,ip-172-31-18-18,linux,0,1.7345,576.55,KEM,True,2025-11-21T22:04:30.408986,,147
BIKE-L3,encap,1024,64,2.2,1,1,0,ip-172-31-18-18,linux,0,1.7993,555.77,KEM,True,2025-11-21T22:04:30.410851,,148
BIKE-L3,encap,1024,64,2.2,1,1,0,ip-172-31-18-18,linux,0,1.8945,527.83,KEM,True,2025-11-21T22:04:30.412812,,149
BIKE-L3,encap,1024,64,2.2,1,1,0,ip-172-31-18-18,linux,0,1.7593,568.4,KEM,True,2025-11-21T22:04:30.414679,,150
BIKE-L3,decap,0,1,2.2,1,1,0,ip-172-31-18-18,linux,0,7.6686,130.4,KEM,True,2025-11-21T22:04:30.422423,,151
BIKE-L3,decap,0,1,2.2,1,1,0,ip-172-31-18-18,linux,0,7.8064,128.1,KEM,True,2025-11-21T22:04:30.430306,,152
BIKE-L3,decap,0,1,2.2,1,1,0,ip-172-31-18-18,linux,0,7.6491,130.73,KEM,True,2025-11-21T22:04:30.438028,,153
BIKE-L3,decap,0,1,2.2,1,1,0,ip-172-31-18-18,linux,0,7.7108,129.69,KEM,True,2025-11-21T22:04:30.445805,,154
BIKE-L3,decap,0,1,2.2,1,1,0,ip-172-31-18-18,linux,0,7.6466,130.78,KEM,True,2025-11-21T22:04:30.453522,,155
BIKE-L3,decap,0,16,2.2,1,1,0,ip-172-31-18-18,linux,0,7.8286,127.74,KEM,True,2025-11-21T22:04:30.461437,,156
BIKE-L3,decap,0,16,2.2,1,1,0,ip-172-31-18-18,linux,0,7.7023,129.83,KEM,True,2025-11-21T22:04:30.469241,,157
BIKE-L3,decap,0,16,2.2,1,1,0,ip-172-31-18-18,linux,0,7.6242,131.16,KEM,True,2025-11-21T22:04:30.476944,,158
BIKE-L3,decap,0,16,2.2,1,1,0,ip-172-31-18-18,linux,0,7.5577,132.31,KEM,True,2025-11-21T22:04:30.484577,,159
BIKE-L3,decap,0,16,2.2,1,1,0,ip-172-31-18-18,linux,0,7.6051,131.49,KEM,True,2025-11-21T22:04:30.492280,,160
BIKE-L3,decap,0,64,2.2,1,1,0,ip-172-31-18-18,linux,0,7.6144,131.33,KEM,True,2025-11-21T22:04:30.499998,,161
BIKE-L3,decap,0,64,2.2,1,1,0,ip-172-31-18-18,linux,0,7.7255,129.44,KEM,True,2025-11-21T22:04:30.507819,,162
BIKE-L3,decap,0,64,2.2,1,1,0,ip-172-31-18-18,linux,0,7.6336,131.0,KEM,True,2025-11-21T22:04:30.515554,,163
BIKE-L3,decap,0,64,2.2,1,1,0,ip-172-31-18-18,linux,0,7.6043,131.5,KEM,True,2025-11-21T22:04:30.523236,,164
BIKE-L3,decap,0,64,2.2,1,1,0,ip-172-31-18-18,linux,0,7.621,131.22,KEM,True,2025-11-21T22:04:30.530932,,165
BIKE-L3,decap,1024,1,2.2,1,1,0,ip-172-31-18-18,linux,0,7.5811,131.91,KEM,True,2025-11-21T22:04:30.538586,,166
BIKE-L3,decap,1024,1,2.2,1,1,0,ip-172-31-18-18,linux,0,7.5452,132.53,KEM,True,2025-11-21T22:04:30.546200,,167
BIKE-L3,decap,1024,1,2.2,1,1,0,ip-172-31-18-18,linux,0,7.5523,132.41,KEM,True,2025-11-21T22:04:30.553824,,168
BIKE-L3,decap,1024,1,2.2,1,1,0,ip-172-31-18-18,linux,0,7.6491,130.74,KEM,True,2025-11-21T22:04:30.561561,,169
BIKE-L3,decap,1024,1,2.2,1,1,0,ip-172-31-18-18,linux,0,7.573,132.05,KEM,True,2025-11-21T22:04:30.569241,,170
BIKE-L3,decap,1024,16,2.2,1,1,0,ip-172-31-18-18,linux,0,7.6489,130.74,KEM,True,2025-11-21T22:04:30.576997,,171
BIKE-L3,decap,1024,16,2.2,1,1,0,ip-172-31-18-18,linux,0,7.7539,128.97,KEM,True,2025-11-21T22:04:30.584860,,172
BIKE-L3,decap,1024,16,2.2,1,1,0,ip-172-31-18-18,linux,0,7.5779,131.96,KEM,True,2025-11-21T22:04:30.592541,,173
BIKE-L3,decap,1024,16,2.2,1,1,0,ip-172-31-18-18,linux,0,7.6017,131.55,KEM,True,2025-11-21T22:04:30.600219,,174
BIKE-L3,decap,1024,16,2.2,1,1,0,ip-172-31-18-18,linux,0,7.6596,130.56,KEM,True,2025-11-21T22:04:30.607949,,175
BIKE-L3,decap,1024,64,2.2,1,1,0,ip-172-31-18-18,linux,0,7.6752,130.29,KEM,True,2025-11-21T22:04:30.615712,,176
BIKE-L3,decap,1024,64,2.2,1,1,0,ip-172-31-18-18,linux,0,7.7266,129.42,KEM,True,2025-11-21T22:04:30.623561,,177
BIKE-L3,decap,1024,64,2.2,1,1,0,ip-172-31-18-18,linux,0,7.5956,131.65,KEM,True,2025-11-21T22:04:30.631267,,178
BIKE-L3,decap,1024,64,2.2,1,1,0,ip-172-31-18-18,linux,0,9.5017,105.24,KEM,True,2025-11-21T22:04:30.640893,,179
BIKE-L3,decap,1024,64,2.2,1,1,0,ip-172-31-18-18,linux,0,9.0588,110.39,KEM,True,2025-11-21T22:04:30.650094,,180
BIKE-L5,keygen,0,1,2.2,1,1,0,ip-172-31-18-18,linux,0,4.5192,221.28,KEM,True,2025-11-21T22:04:30.654758,,181
BIKE-L5,keygen,0,1,2.2,1,1,0,ip-172-31-18-18,linux,0,3.9901,250.62,KEM,True,2025-11-21T22:04:30.658850,,182
BIKE-L5,keygen,0,1,2.2,1,1,0,ip-172-31-18-18,linux,0,4.537,220.41,KEM,True,2025-11-21T22:04:30.663493,,183
BIKE-L5,keygen,0,1,2.2,1,1,0,ip-172-31-18-18,linux,0,3.8588,259.15,KEM,True,2025-11-21T22:04:30.667561,,184
BIKE-L5,keygen,0,1,2.2,1,1,0,ip-172-31-18-18,linux,0,3.909,255.82,KEM,True,2025-11-21T22:04:30.671611,,185
BIKE-L5,keygen,0,16,2.2,1,1,0,ip-172-31-18-18,linux,0,3.6248,275.88,KEM,True,2025-11-21T22:04:30.675769,,186
BIKE-L5,keygen,0,16,2.2,1,1,0,ip-172-31-18-18,linux,0,3.9605,252.49,KEM,True,2025-11-21T22:04:30.679854,,187
BIKE-L5,keygen,0,16,2.2,1,1,0,ip-172-31-18-18,linux,0,3.6917,270.88,KEM,True,2025-11-21T22:04:30.683674,,188
BIKE-L5,keygen,0,16,2.2,1,1,0,ip-172-31-18-18,linux,0,3.6548,273.61,KEM,True,2025-11-21T22:04:30.687457,,189
BIKE-L5,keygen,0,16,2.2,1,1,0,ip-172-31-18-18,linux,0,3.9735,251.67,KEM,True,2025-11-21T22:04:30.691536,,190
BIKE-L5,keygen,0,64,2.2,1,1,0,ip-172-31-18-18,linux,0,3.5738,279.81,KEM,True,2025-11-21T22:04:30.695225,,191
BIKE-L5,keygen,0,64,2.2,1,1,0,ip-172-31-18-18,linux,0,4.012,249.26,KEM,True,2025-11-21T22:04:30.699439,,192
BIKE-L5,keygen,0,64,2.2,1,1,0,ip-172-31-18-18,linux,0,3.5535,281.41,KEM,True,2025-11-21T22:04:30.703120,,193
BIKE-L5,keygen,0,64,2.2,1,1,0,ip-172-31-18-18,linux,0,3.6328,275.27,KEM,True,2025-11-21T22:04:30.706839,,194
BIKE-L5,keygen,0,64,2.2,1,1,0,ip-172-31-18-18,linux,0,3.8524,259.58,KEM,True,2025-11-21T22:04:30.710775,,195
BIKE-L5,keygen,1024,1,2.2,1,1,0,ip-172-31-18-18,linux,0,4.0172,248.93,KEM,True,2025-11-21T22:04:30.714874,,196
BIKE-L5,keygen,1024,1,2.2,1,1,0,ip-172-31-18-18,linux,0,3.5863,278.84,KEM,True,2025-11-21T22:04:30.718563,,197
BIKE-L5,keygen,1024,1,2.2,1,1,0,ip-172-31-18-18,linux,0,3.5987,277.88,KEM,True,2025-11-21T22:04:30.722253,,198
BIKE-L5,keygen,1024,1,2.2,1,1,0,ip-172-31-18-18,linux,0,3.5067,285.17,KEM,True,2025-11-21T22:04:30.725842,,199
BIKE-L5,keygen,1024,1,2.2,1,1,0,ip-172-31-18-18,linux,0,3.5886,278.66,KEM,True,2025-11-21T22:04:30.729515,,200
BIKE-L5,keygen,1024,16,2.2,1,1,0,ip-172-31-18-18,linux,0,3.5962,278.07,KEM,True,2025-11-21T22:04:30.733195,,201
BIKE-L5,keygen,1024,16,2.2,1,1,0,ip-172-31-18-18,linux,0,3.5441,282.16,KEM,True,2025-11-21T22:04:30.736822,,202
BIKE-L5,keygen,1024,16,2.2,1,1,0,ip-172-31-18-18,linux,0,3.5778,279.5,KEM,True,2025-11-21T22:04:30.740491,,203
BIKE-L5,keygen,1024,16,2.2,1,1,0,ip-172-31-18-18,linux,0,3.6821,271.59,KEM,True,2025-11-21T22:04:30.744332,,204
BIKE-L5,keygen,1024,16,2.2,1,1,0,ip-172-31-18-18,linux,0,4.0049,249.69,KEM,True,2025-11-21T22:04:30.748444,,205
BIKE-L5,keygen,1024,64,2.2,1,1,0,ip-172-31-18-18,linux,0,3.5742,279.78,KEM,True,2025-11-21T22:04:30.752121,,206
BIKE-L5,keygen,1024,64,2.2,1,1,0,ip-172-31-18-18,linux,0,3.5231,283.84,KEM,True,2025-11-21T22:04:30.755710,,207
BIKE-L5,keygen,1024,64,2.2,1,1,0,ip-172-31-18-18,linux,0,3.481,287.27,KEM,True,2025-11-21T22:04:30.759257,,208
BIKE-L5,keygen,1024,64,2.2,1,1,0,ip-172-31-18-18,linux,0,3.525,283.68,KEM,True,2025-11-21T22:04:30.762850,,209
BIKE-L5,keygen,1024,64,2.2,1,1,0,ip-172-31-18-18,linux,0,3.5938,278.25,KEM,True,2025-11-21T22:04:30.766520,,210
BIKE-L5,encap,0,1,2.2,1,1,0,ip-172-31-18-18,linux,0,4.2508,235.25,KEM,True,2025-11-21T22:04:30.770885,,211
BIKE-L5,encap,0,1,2.2,1,1,0,ip-172-31-18-18,linux,0,4.1119,243.2,KEM,True,2025-11-21T22:04:30.775087,,212
BIKE-L5,encap,0,1,2.2,1,1,0,ip-172-31-18-18,linux,0,4.0422,247.39,KEM,True,2025-11-21T22:04:30.779285,,213
BIKE-L5,encap,0,1,2.2,1,1,0,ip-172-31-18-18,linux,0,3.9804,251.23,KEM,True,2025-11-21T22:04:30.783346,,214
BIKE-L5,encap,0,1,2.2,1,1,0,ip-172-31-18-18,linux,0,4.1012,243.83,KEM,True,2025-11-21T22:04:30.787544,,215
BIKE-L5,encap,0,16,2.2,1,1,0,ip-172-31-18-18,linux,0,4.1102,243.29,KEM,True,2025-11-21T22:04:30.791742,,216
BIKE-L5,encap,0,16,2.2,1,1,0,ip-172-31-18-18,linux,0,4.1522,240.84,KEM,True,2025-11-21T22:04:30.795989,,217
BIKE-L5,encap,0,16,2.2,1,1,0,ip-172-31-18-18,linux,0,4.0823,244.96,KEM,True,2025-11-21T22:04:30.800191,,218
BIKE-L5,encap,0,16,2.2,1,1,0,ip-172-31-18-18,linux,0,3.9987,250.08,KEM,True,2025-11-21T22:04:30.804272,,219
BIKE-L5,encap,0,16,2.2,1,1,0,ip-172-31-18-18,linux,0,4.4921,222.61,KEM,True,2025-11-21T22:04:30.808856,,220
BIKE-L5,encap,0,64,2.2,1,1,0,ip-172-31-18-18,linux,0,4.1759,239.47,KEM,True,2025-11-21T22:04:30.813153,,221
BIKE-L5,encap,0,64,2.2,1,1,0,ip-172-31-18-18,linux,0,4.5531,219.63,KEM,True,2025-11-21T22:04:30.817788,,222
BIKE-L5,encap,0,64,2.2,1,1,0,ip-172-31-18-18,linux,0,4.1198,242.73,KEM,True,2025-11-21T22:04:30.822033,,223
BIKE-L5,encap,0,64,2.2,1,1,0,ip-172-31-18-18,linux,0,3.9858,250.89,KEM,True,2025-11-21T22:04:30.826203,,224
BIKE-L5,encap,0,64,2.2,1,1,0,ip-172-31-18-18,linux,0,3.9711,251.82,KEM,True,2025-11-21T22:04:30.830248,,225
BIKE-L5,encap,1024,1,2.2,1,1,0,ip-172-31-18-18,linux,0,4.1888,238.73,KEM,True,2025-11-21T22:04:30.834513,,226
BIKE-L5,encap,1024,1,2.2,1,1,0,ip-172-31-18-18,linux,0,4.0636,246.09,KEM,True,2025-11-21T22:04:30.838667,,227
BIKE-L5,encap,1024,1,2.2,1,1,0,ip-172-31-18-18,linux,0,4.2043,237.85,KEM,True,2025-11-21T22:04:30.842973,,228
BIKE-L5,encap,1024,1,2.2,1,1,0,ip-172-31-18-18,linux,0,4.1142,243.06,KEM,True,2025-11-21T22:04:30.847195,,229
BIKE-L5,encap,1024,1,2.2,1,1,0,ip-172-31-18-18,linux,0,4.0257,248.4,KEM,True,2025-11-21T22:04:30.851345,,230
BIKE-L5,encap,1024,16,2.2,1,1,0,ip-172-31-18-18,linux,0,4.1128,243.14,KEM,True,2025-11-21T22:04:30.855532,,231
BIKE-L5,encap,1024,16,2.2,1,1,0,ip-172-31-18-18,linux,0,4.0751,245.39,KEM,True,2025-11-21T22:04:30.859709,,232
BIKE-L5,encap,1024,16,2.2,1,1,0,ip-172-31-18-18,linux,0,3.9432,253.6,KEM,True,2025-11-21T22:04:30.863744,,233
BIKE-L5,encap,1024,16,2.2,1,1,0,ip-172-31-18-18,linux,0,3.99,250.63,KEM,True,2025-11-21T22:04:30.867806,,234
BIKE-L5,encap,1024,16,2.2,1,1,0,ip-172-31-18-18,linux,0,4.0756,245.36,KEM,True,2025-11-21T22:04:30.871986,,235
BIKE-L5,encap,1024,64,2.2,1,1,0,ip-172-31-18-18,linux,0,4.2791,233.69,KEM,True,2025-11-21T22:04:30.876380,,236
BIKE-L5,encap,1024,64,2.2,1,1,0,ip-172-31-18-18,linux,0,4.0809,245.04,KEM,True,2025-11-21T22:04:30.880573,,237
BIKE-L5,encap,1024,64,2.2,1,1,0,ip-172-31-18-18,linux,0,4.0493,246.96,KEM,True,2025-11-21T22:04:30.884737,,238
BIKE-L5,encap,1024,64,2.2,1,1,0,ip-172-31-18-18,linux,0,3.9936,250.4,KEM,True,2025-11-21T22:04:30.888836,,239
BIKE-L5,encap,1024,64,2.2,1,1,0,ip-172-31-18-18,linux,0,4.1052,243.59,KEM,True,2025-11-21T22:04:30.893027,,240
BIKE-L5,decap,0,1,2.2,1,1,0,ip-172-31-18-18,linux,0,18.4048,54.33,KEM,True,2025-11-21T22:04:30.911597,,241
BIKE-L5,decap,0,1,2.2,1,1,0,ip-172-31-18-18,linux,0,17.806,56.16,KEM,True,2025-11-21T22:04:30.929518,,242
BIKE-L5,decap,0,1,2.2,1,1,0,ip-172-31-18-18,linux,0,18.9656,52.73,KEM,True,2025-11-21T22:04:30.948599,,243
BIKE-L5,decap,0,1,2.2,1,1,0,ip-172-31-18-18,linux,0,17.8335,56.07,KEM,True,2025-11-21T22:04:30.966550,,244
BIKE-L5,decap,0,1,2.2,1,1,0,ip-172-31-18-18,linux,0,18.4262,54.27,KEM,True,2025-11-21T22:04:30.985092,,245
BIKE-L5,decap,0,16,2.2,1,1,0,ip-172-31-18-18,linux,0,18.4568,54.18,KEM,True,2025-11-21T22:04:31.003671,,246
BIKE-L5,decap,0,16,2.2,1,1,0,ip-172-31-18-18,linux,0,17.7702,56.27,KEM,True,2025-11-21T22:04:31.021557,,247
BIKE-L5,decap,0,16,2.2,1,1,0,ip-172-31-18-18,linux,0,17.6695,56.59,KEM,True,2025-11-21T22:04:31.039333,,248
BIKE-L5,decap,0,16,2.2,1,1,0,ip-172-31-18-18,linux,0,20.1192,49.7,KEM,True,2025-11-21T22:04:31.059560,,249
BIKE-L5,decap,0,16,2.2,1,1,0,ip-172-31-18-18,linux,0,17.736,56.38,KEM,True,2025-11-21T22:04:31.077425,,250
BIKE-L5,decap,0,64,2.2,1,1,0,ip-172-31-18-18,linux,0,17.7767,56.25,KEM,True,2025-11-21T22:04:31.095322,,251
BIKE-L5,decap,0,64,2.2,1,1,0,ip-172-31-18-18,linux,0,17.7226,56.43,KEM,True,2025-11-21T22:04:31.113158,,252
BIKE-L5,decap,0,64,2.2,1,1,0,ip-172-31-18-18,linux,0,17.7371,56.38,KEM,True,2025-11-21T22:04:31.131006,,253
BIKE-L5,decap,0,64,2.2,1,1,0,ip-172-31-18-18,linux,0,17.7958,56.19,KEM,True,2025-11-21T22:04:31.148913,,254
BIKE-L5,decap,0,64,2.2,1,1,0,ip-172-31-18-18,linux,0,17.7995,56.18,KEM,True,2025-11-21T22:04:31.166821,,255
BIKE-L5,decap,1024,1,2.2,1,1,0,ip-172-31-18-18,linux,0,17.6197,56.75,KEM,True,2025-11-21T22:04:31.184563,,256
BIKE-L5,decap,1024,1,2.2,1,1,0,ip-172-31-18-18,linux,0,17.8878,55.9,KEM,True,2025-11-21T22:04:31.202562,,257
BIKE-L5,decap,1024,1,2.2,1,1,0,ip-172-31-18-18,linux,0,17.858,56.0,KEM,True,2025-11-21T22:04:31.220531,,258
BIKE-L5,decap,1024,1,2.2,1,1,0,ip-172-31-18-18,linux,0,17.7897,56.21,KEM,True,2025-11-21T22:04:31.238449,,259
BIKE-L5,decap,1024,1,2.2,1,1,0,ip-172-31-18-18,linux,0,17.7395,56.37,KEM,True,2025-11-21T22:04:31.256300,,260
BIKE-L5,decap,1024,16,2.2,1,1,0,ip-172-31-18-18,linux,0,17.7465,56.35,KEM,True,2025-11-21T22:04:31.274157,,261
BIKE-L5,decap,1024,16,2.2,1,1,0,ip-172-31-18-18,linux,0,17.5097,57.11,KEM,True,2025-11-21T22:04:31.291767,,262
BIKE-L5,decap,1024,16,2.2,1,1,0,ip-172-31-18-18,linux,0,17.694,56.52,KEM,True,2025-11-21T22:04:31.309561,,263
BIKE-L5,decap,1024,16,2.2,1,1,0,ip-172-31-18-18,linux,0,17.6346,56.71,KEM,True,2025-11-21T22:04:31.327306,,264
BIKE-L5,decap,1024,16,2.2,1,1,0,ip-172-31-18-18,linux,0,17.6673,56.6,KEM,True,2025-11-21T22:04:31.345080,,265
BIKE-L5,decap,1024,64,2.2,1,1,0,ip-172-31-18-18,linux,0,17.6305,56.72,KEM,True,2025-11-21T22:04:31.362841,,266
BIKE-L5,decap,1024,64,2.2,1,1,0,ip-172-31-18-18,linux,0,17.8401,56.05,KEM,True,2025-11-21T22:04:31.380799,,267
BIKE-L5,decap,1024,64,2.2,1,1,0,ip-172-31-18-18,linux,0,17.5714,56.91,KEM,True,2025-11-21T22:04:31.398495,,268
BIKE-L5,decap,1024,64,2.2,1,1,0,ip-172-31-18-18,linux,0,18.0328,55.45,KEM,True,2025-11-21T22:04:31.416645,,269
BIKE-L5,decap,1024,64,2.2,1,1,0,ip-172-31-18-18,linux,0,17.6826,56.55,KEM,True,2025-11-21T22:04:31.434469,,270
Classic-McEliece-348864,keygen,0,1,2.2,1,1,0,ip-172-31-18-18,linux,0,63.3865,15.78,KEM,True,2025-11-21T22:04:31.498009,,271
Classic-McEliece-348864,keygen,0,1,2.2,1,1,0,ip-172-31-18-18,linux,0,72.1217,13.87,KEM,True,2025-11-21T22:04:31.570412,,272
Classic-McEliece-348864,keygen,0,1,2.2,1,1,0,ip-172-31-18-18,linux,0,67.3736,14.84,KEM,True,2025-11-21T22:04:31.637970,,273
Classic-McEliece-348864,keygen,0,1,2.2,1,1,0,ip-172-31-18-18,linux,0,64.2046,15.58,KEM,True,2025-11-21T22:04:31.702377,,274
Classic-McEliece-348864,keygen,0,1,2.2,1,1,0,ip-172-31-18-18,linux,0,69.276,14.44,KEM,True,2025-11-21T22:04:31.771850,,275
Classic-McEliece-348864,keygen,0,16,2.2,1,1,0,ip-172-31-18-18,linux,0,75.6934,13.21,KEM,True,2025-11-21T22:04:31.847740,,276
Classic-McEliece-348864,keygen,0,16,2.2,1,1,0,ip-172-31-18-18,linux,0,69.6319,14.36,KEM,True,2025-11-21T22:04:31.917571,,277
Classic-McEliece-348864,keygen,0,16,2.2,1,1,0,ip-172-31-18-18,linux,0,63.5747,15.73,KEM,True,2025-11-21T22:04:31.981346,,278
Classic-McEliece-348864,keygen,0,16,2.2,1,1,0,ip-172-31-18-18,linux,0,82.8252,12.07,KEM,True,2025-11-21T22:04:32.064719,,279
Classic-McEliece-348864,keygen,0,16,2.2,1,1,0,ip-172-31-18-18,linux,0,71.9375,13.9,KEM,True,2025-11-21T22:04:32.136858,,280
Classic-McEliece-348864,keygen,0,64,2.2,1,1,0,ip-172-31-18-18,linux,0,83.8845,11.92,KEM,True,2025-11-21T22:04:32.220935,,281
Classic-McEliece-348864,keygen,0,64,2.2,1,1,0,ip-172-31-18-18,linux,0,121.8615,8.21,KEM,True,2025-11-21T22:04:32.343002,,282
Classic-McEliece-348864,keygen,0,64,2.2,1,1,0,ip-172-31-18-18,linux,0,63.9619,15.63,KEM,True,2025-11-21T22:04:32.407197,,283
Classic-McEliece-348864,keygen,0,64,2.2,1,1,0,ip-172-31-18-18,linux,0,81.4555,12.28,KEM,True,2025-11-21T22:04:32.488848,,284
Classic-McEliece-348864,keygen,0,64,2.2,1,1,0,ip-172-31-18-18,linux,0,74.207,13.48,KEM,True,2025-11-21T22:04:32.563256,,285
Classic-McEliece-348864,keygen,1024,1,2.2,1,1,0,ip-172-31-18-18,linux,0,147.2084,6.79,KEM,True,2025-11-21T22:04:32.710671,,286
Classic-McEliece-348864,keygen,1024,1,2.2,1,1,0,ip-172-31-18-18,linux,0,82.8513,12.07,KEM,True,2025-11-21T22:04:32.793722,,287
Classic-McEliece-348864,keygen,1024,1,2.2,1,1,0,ip-172-31-18-18,linux,0,81.865,12.22,KEM,True,2025-11-21T22:04:32.875774,,288
Classic-McEliece-348864,keygen,1024,1,2.2,1,1,0,ip-172-31-18-18,linux,0,75.2419,13.29,KEM,True,2025-11-21T22:04:32.951206,,289
Classic-McEliece-348864,keygen,1024,1,2.2,1,1,0,ip-172-31-18-18,linux,0,63.4186,15.77,KEM,True,2025-11-21T22:04:33.014816,,290
Classic-McEliece-348864,keygen,1024,16,2.2,1,1,0,ip-172-31-18-18,linux,0,69.0445,14.48,KEM,True,2025-11-21T22:04:33.084057,,291
Classic-McEliece-348864,keygen,1024,16,2.2,1,1,0,ip-172-31-18-18,linux,0,63.3953,15.77,KEM,True,2025-11-21T22:04:33.147673,,292
Classic-McEliece-348864,keygen,1024,16,2.2,1,1,0,ip-172-31-18-18,linux,0,69.6574,14.36,KEM,True,2025-11-21T22:04:33.217520,,293
Classic-McEliece-348864,keygen,1024,16,2.2,1,1,0,ip-172-31-18-18,linux,0,81.49,12.27,KEM,True,2025-11-21T22:04:33.299239,,294
Classic-McEliece-348864,keygen,1024,16,2.2,1,1,0,ip-172-31-18-18,linux,0,87.5841,11.42,KEM,True,2025-11-21T22:04:33.387015,,295
Classic-McEliece-348864,keygen,1024,64,2.2,1,1,0,ip-172-31-18-18,linux,0,81.1564,12.32,KEM,True,2025-11-21T22:04:33.468394,,296
Classic-McEliece-348864,keygen,1024,64,2.2,1,1,0,ip-172-31-18-18,linux,0,69.2706,14.44,KEM,True,2025-11-21T22:04:33.537859,,297
Classic-McEliece-348864,keygen,1024,64,2.2,1,1,0,ip-172-31-18-18,linux,0,69.0701,14.48,KEM,True,2025-11-21T22:04:33.607162,,298
Classic-McEliece-348864,keygen,1024,64,2.2,1,1,0,ip-172-31-18-18,linux,0,81.86,12.22,KEM,True,2025-11-21T22:04:33.689214,,299
Classic-McEliece-348864,keygen,1024,64,2.2,1,1,0,ip-172-31-18-18,linux,0,76.1108,13.14,KEM,True,2025-11-21T22:04:33.765516,,300
Classic-McEliece-348864,encap,0,1,2.2,1,1,0,ip-172-31-18-18,linux,0,81.6501,12.25,KEM,True,2025-11-21T22:04:33.847362,,301
Classic-McEliece-348864,encap,0,1,2.2,1,1,0,ip-172-31-18-18,linux,0,75.2476,13.29,KEM,True,2025-11-21T22:04:33.922794,,302
Classic-McEliece-348864,encap,0,1,2.2,1,1,0,ip-172-31-18-18,linux,0,69.1752,14.46,KEM,True,2025-11-21T22:04:33.992208,,303
Classic-McEliece-348864,encap,0,1,2.2,1,1,0,ip-172-31-18-18,linux,0,117.7448,8.49,KEM,True,2025-11-21T22:04:34.110213,,304
Classic-McEliece-348864,encap,0,1,2.2,1,1,0,ip-172-31-18-18,linux,0,154.0992,6.49,KEM,True,2025-11-21T22:04:34.264519,,305
Classic-McEliece-348864,encap,0,16,2.2,1,1,0,ip-172-31-18-18,linux,0,93.3284,10.71,KEM,True,2025-11-21T22:04:34.358044,,306
Classic-McEliece-348864,encap,0,16,2.2,1,1,0,ip-172-31-18-18,linux,0,69.2459,14.44,KEM,True,2025-11-21T22:04:34.427550,,307
Classic-McEliece-348864,encap,0,16,2.2,1,1,0,ip-172-31-18-18,linux,0,66.8932,14.95,KEM,True,2025-11-21T22:04:34.494633,,308
Classic-McEliece-348864,encap,0,16,2.2,1,1,0,ip-172-31-18-18,linux,0,87.4601,11.43,KEM,True,2025-11-21T22:04:34.582278,,309
Classic-McEliece-348864,encap,0,16,2.2,1,1,0,ip-172-31-18-18,linux,0,64.1128,15.6,KEM,True,2025-11-21T22:04:34.646578,,310
Classic-McEliece-348864,encap,0,64,2.2,1,1,0,ip-172-31-18-18,linux,0,63.2666,15.81,KEM,True,2025-11-21T22:04:34.710033,,311
Classic-McEliece-348864,encap,0,64,2.2,1,1,0,ip-172-31-18-18,linux,0,63.4713,15.76,KEM,True,2025-11-21T22:04:34.773735,,312
Classic-McEliece-348864,encap,0,64,2.2,1,1,0,ip-172-31-18-18,linux,0,63.8255,15.67,KEM,True,2025-11-21T22:04:34.837750,,313
Classic-McEliece-348864,encap,0,64,2.2,1,1,0,ip-172-31-18-18,linux,0,93.7651,10.66,KEM,True,2025-11-21T22:04:34.931707,,314
Classic-McEliece-348864,encap,0,64,2.2,1,1,0,ip-172-31-18-18,linux,0,63.3482,15.79,KEM,True,2025-11-21T22:04:34.995255,,315
Classic-McEliece-348864,encap,1024,1,2.2,1,1,0,ip-172-31-18-18,linux,0,75.88,13.18,KEM,True,2025-11-21T22:04:35.071329,,316
Classic-McEliece-348864,encap,1024,1,2.2,1,1,0,ip-172-31-18-18,linux,0,64.1056,15.6,KEM,True,2025-11-21T22:04:35.135623,,317
Classic-McEliece-348864,encap,1024,1,2.2,1,1,0,ip-172-31-18-18,linux,0,88.581,11.29,KEM,True,2025-11-21T22:04:35.224399,,318
Classic-McEliece-348864,encap,1024,1,2.2,1,1,0,ip-172-31-18-18,linux,0,81.6339,12.25,KEM,True,2025-11-21T22:04:35.306226,,319
Classic-McEliece-348864,encap,1024,1,2.2,1,1,0,ip-172-31-18-18,linux,0,94.7212,10.56,KEM,True,2025-11-21T22:04:35.401184,,320
Classic-McEliece-348864,encap,1024,16,2.2,1,1,0,ip-172-31-18-18,linux,0,75.3038,13.28,KEM,True,2025-11-21T22:04:35.476691,,321
Classic-McEliece-348864,encap,1024,16,2.2,1,1,0,ip-172-31-18-18,linux,0,111.9862,8.93,KEM,True,2025-11-21T22:04:35.588876,,322
Classic-McEliece-348864,encap,1024,16,2.2,1,1,0,ip-172-31-18-18,linux,0,81.3322,12.3,KEM,True,2025-11-21T22:04:35.670401,,323
Classic-McEliece-348864,encap,1024,16,2.2,1,1,0,ip-172-31-18-18,linux,0,135.901,7.36,KEM,True,2025-11-21T22:04:35.806493,,324
Classic-McEliece-348864,encap,1024,16,2.2,1,1,0,ip-172-31-18-18,linux,0,77.5352,12.9,KEM,True,2025-11-21T22:04:35.884217,,325
Classic-McEliece-348864,encap,1024,64,2.2,1,1,0,ip-172-31-18-18,linux,0,124.6034,8.03,KEM,True,2025-11-21T22:04:36.009009,,326
Classic-McEliece-348864,encap,1024,64,2.2,1,1,0,ip-172-31-18-18,linux,0,78.5404,12.73,KEM,True,2025-11-21T22:04:36.087759,,327
Classic-McEliece-348864,encap,1024,64,2.2,1,1,0,ip-172-31-18-18,linux,0,82.1827,12.17,KEM,True,2025-11-21T22:04:36.170183,,328
Classic-McEliece-348864,encap,1024,64,2.2,1,1,0,ip-172-31-18-18,linux,0,69.8892,14.31,KEM,True,2025-11-21T22:04:36.240313,,329
Classic-McEliece-348864,encap,1024,64,2.2,1,1,0,ip-172-31-18-18,linux,0,94.3482,10.6,KEM,True,2025-11-21T22:04:36.334863,,330
Classic-McEliece-348864,decap,0,1,2.2,1,1,0,ip-172-31-18-18,linux,0,81.552,12.26,KEM,True,2025-11-21T22:04:36.416616,,331
Classic-McEliece-348864,decap,0,1,2.2,1,1,0,ip-172-31-18-18,linux,0,63.4359,15.76,KEM,True,2025-11-21T22:04:36.480253,,332
Classic-McEliece-348864,decap,0,1,2.2,1,1,0,ip-172-31-18-18,linux,0,75.8604,13.18,KEM,True,2025-11-21T22:04:36.556299,,333
Classic-McEliece-348864,decap,0,1,2.2,1,1,0,ip-172-31-18-18,linux,0,82.3069,12.15,KEM,True,2025-11-21T22:04:36.638791,,334
Classic-McEliece-348864,decap,0,1,2.2,1,1,0,ip-172-31-18-18,linux,0,70.485,14.19,KEM,True,2025-11-21T22:04:36.709461,,335
Classic-McEliece-348864,decap,0,16,2.2,1,1,0,ip-172-31-18-18,linux,0,75.9286,13.17,KEM,True,2025-11-21T22:04:36.785582,,336
Classic-McEliece-348864,decap,0,16,2.2,1,1,0,ip-172-31-18-18,linux,0,64.131,15.59,KEM,True,2025-11-21T22:04:36.849901,,337
Classic-McEliece-348864,decap,0,16,2.2,1,1,0,ip-172-31-18-18,linux,0,105.8907,9.44,KEM,True,2025-11-21T22:04:36.955978,,338
Classic-McEliece-348864,decap,0,16,2.2,1,1,0,ip-172-31-18-18,linux,0,81.8076,12.22,KEM,True,2025-11-21T22:04:37.037968,,339
Classic-McEliece-348864,decap,0,16,2.2,1,1,0,ip-172-31-18-18,linux,0,87.5637,11.42,KEM,True,2025-11-21T22:04:37.125720,,340
Classic-McEliece-348864,decap,0,64,2.2,1,1,0,ip-172-31-18-18,linux,0,89.8518,11.13,KEM,True,2025-11-21T22:04:37.215764,,341
Classic-McEliece-348864,decap,0,64,2.2,1,1,0,ip-172-31-18-18,linux,0,75.4122,13.26,KEM,True,2025-11-21T22:04:37.291362,,342
Classic-McEliece-348864,decap,0,64,2.2,1,1,0,ip-172-31-18-18,linux,0,81.5706,12.26,KEM,True,2025-11-21T22:04:37.373168,,343
Classic-McEliece-348864,decap,0,64,2.2,1,1,0,ip-172-31-18-18,linux,0,63.3521,15.78,KEM,True,2025-11-21T22:04:37.436718,,344
Classic-McEliece-348864,decap,0,64,2.2,1,1,0,ip-172-31-18-18,linux,0,99.5932,10.04,KEM,True,2025-11-21T22:04:37.536498,,345
Classic-McEliece-348864,decap,1024,1,2.2,1,1,0,ip-172-31-18-18,linux,0,63.7311,15.69,KEM,True,2025-11-21T22:04:37.600423,,346
Classic-McEliece-348864,decap,1024,1,2.2,1,1,0,ip-172-31-18-18,linux,0,82.7816,12.08,KEM,True,2025-11-21T22:04:37.683402,,347
Classic-McEliece-348864,decap,1024,1,2.2,1,1,0,ip-172-31-18-18,linux,0,81.9011,12.21,KEM,True,2025-11-21T22:04:37.765500,,348
Classic-McEliece-348864,decap,1024,1,2.2,1,1,0,ip-172-31-18-18,linux,0,150.7661,6.63,KEM,True,2025-11-21T22:04:37.916453,,349
Classic-McEliece-348864,decap,1024,1,2.2,1,1,0,ip-172-31-18-18,linux,0,64.3333,15.54,KEM,True,2025-11-21T22:04:37.980980,,350
Classic-McEliece-348864,decap,1024,16,2.2,1,1,0,ip-172-31-18-18,linux,0,69.5294,14.38,KEM,True,2025-11-21T22:04:38.050705,,351
Classic-McEliece-348864,decap,1024,16,2.2,1,1,0,ip-172-31-18-18,linux,0,76.1088,13.14,KEM,True,2025-11-21T22:04:38.127008,,352
Classic-McEliece-348864,decap,1024,16,2.2,1,1,0,ip-172-31-18-18,linux,0,87.5908,11.42,KEM,True,2025-11-21T22:04:38.214813,,353
Classic-McEliece-348864,decap,1024,16,2.2,1,1,0,ip-172-31-18-18,linux,0,63.3666,15.78,KEM,True,2025-11-21T22:04:38.278362,,354
Classic-McEliece-348864,decap,1024,16,2.2,1,1,0,ip-172-31-18-18,linux,0,101.5332,9.85,KEM,True,2025-11-21T22:04:38.380082,,355
Classic-McEliece-348864,decap,1024,64,2.2,1,1,0,ip-172-31-18-18,linux,0,64.8034,15.43,KEM,True,2025-11-21T22:04:38.445171,,356
Classic-McEliece-348864,decap,1024,64,2.2,1,1,0,ip-172-31-18-18,linux,0,69.7182,14.34,KEM,True,2025-11-21T22:04:38.515074,,357
Classic-McEliece-348864,decap,1024,64,2.2,1,1,0,ip-172-31-18-18,linux,0,75.6307,13.22,KEM,True,2025-11-21T22:04:38.591001,,358
Classic-McEliece-348864,decap,1024,64,2.2,1,1,0,ip-172-31-18-18,linux,0,65.0298,15.38,KEM,True,2025-11-21T22:04:38.656248,,359
Classic-McEliece-348864,decap,1024,64,2.2,1,1,0,ip-172-31-18-18,linux,0,64.5693,15.49,KEM,True,2025-11-21T22:04:38.721007,,360
Classic-McEliece-348864f,keygen,0,1,2.2,1,1,0,ip-172-31-18-18,linux,0,62.4182,16.02,KEM,True,2025-11-21T22:04:38.783668,,361
Classic-McEliece-348864f,keygen,0,1,2.2,1,1,0,ip-172-31-18-18,linux,0,63.411,15.77,KEM,True,2025-11-21T22:04:38.847268,,362
Classic-McEliece-348864f,keygen,0,1,2.2,1,1,0,ip-172-31-18-18,linux,0,62.7003,15.95,KEM,True,2025-11-21T22:04:38.910209,,363
Classic-McEliece-348864f,keygen,0,1,2.2,1,1,0,ip-172-31-18-18,linux,0,62.3205,16.05,KEM,True,2025-11-21T22:04:38.972763,,364
Classic-McEliece-348864f,keygen,0,1,2.2,1,1,0,ip-172-31-18-18,linux,0,61.8556,16.17,KEM,True,2025-11-21T22:04:39.034817,,365
Classic-McEliece-348864f,keygen,0,16,2.2,1,1,0,ip-172-31-18-18,linux,0,63.2759,15.8,KEM,True,2025-11-21T22:04:39.098289,,366
Classic-McEliece-348864f,keygen,0,16,2.2,1,1,0,ip-172-31-18-18,linux,0,63.7321,15.69,KEM,True,2025-11-21T22:04:39.162220,,367
Classic-McEliece-348864f,keygen,0,16,2.2,1,1,0,ip-172-31-18-18,linux,0,61.8473,16.17,KEM,True,2025-11-21T22:04:39.224275,,368
Classic-McEliece-348864f,keygen,0,16,2.2,1,1,0,ip-172-31-18-18,linux,0,61.8565,16.17,KEM,True,2025-11-21T22:04:39.286328,,369
Classic-McEliece-348864f,keygen,0,16,2.2,1,1,0,ip-172-31-18-18,linux,0,61.802,16.18,KEM,True,2025-11-21T22:04:39.348321,,370
Classic-McEliece-348864f,keygen,0,64,2.2,1,1,0,ip-172-31-18-18,linux,0,61.5411,16.25,KEM,True,2025-11-21T22:04:39.410058,,371
Classic-McEliece-348864f,keygen,0,64,2.2,1,1,0,ip-172-31-18-18,linux,0,61.9902,16.13,KEM,True,2025-11-21T22:04:39.472266,,372
Classic-McEliece-348864f,keygen,0,64,2.2,1,1,0,ip-172-31-18-18,linux,0,61.9733,16.14,KEM,True,2025-11-21T22:04:39.534428,,373
Classic-McEliece-348864f,keygen,0,64,2.2,1,1,0,ip-172-31-18-18,linux,0,62.1377,16.09,KEM,True,2025-11-21T22:04:39.596786,,374
Classic-McEliece-348864f,keygen,0,64,2.2,1,1,0,ip-172-31-18-18,linux,0,62.2929,16.05,KEM,True,2025-11-21T22:04:39.659274,,375
Classic-McEliece-348864f,keygen,1024,1,2.2,1,1,0,ip-172-31-18-18,linux,0,61.8154,16.18,KEM,True,2025-11-21T22:04:39.721279,,376
Classic-McEliece-348864f,keygen,1024,1,2.2,1,1,0,ip-172-31-18-18,linux,0,62.4642,16.01,KEM,True,2025-11-21T22:04:39.783960,,377
Classic-McEliece-348864f,keygen,1024,1,2.2,1,1,0,ip-172-31-18-18,linux,0,61.8588,16.17,KEM,True,2025-11-21T22:04:39.846058,,378
Classic-McEliece-348864f,keygen,1024,1,2.2,1,1,0,ip-172-31-18-18,linux,0,61.878,16.16,KEM,True,2025-11-21T22:04:39.908206,,379
Classic-McEliece-348864f,keygen,1024,1,2.2,1,1,0,ip-172-31-18-18,linux,0,62.2254,16.07,KEM,True,2025-11-21T22:04:39.970624,,380
Classic-McEliece-348864f,keygen,1024,16,2.2,1,1,0,ip-172-31-18-18,linux,0,62.56,15.98,KEM,True,2025-11-21T22:04:40.033379,,381
Classic-McEliece-348864f,keygen,1024,16,2.2,1,1,0,ip-172-31-18-18,linux,0,64.2822,15.56,KEM,True,2025-11-21T22:04:40.097851,,382
Classic-McEliece-348864f,keygen,1024,16,2.2,1,1,0,ip-172-31-18-18,linux,0,61.7993,16.18,KEM,True,2025-11-21T22:04:40.159840,,383
Classic-McEliece-348864f,keygen,1024,16,2.2,1,1,0,ip-172-31-18-18,linux,0,61.8302,16.17,KEM,True,2025-11-21T22:04:40.221857,,384
Classic-McEliece-348864f,keygen,1024,16,2.2,1,1,0,ip-172-31-18-18,linux,0,61.7274,16.2,KEM,True,2025-11-21T22:04:40.283771,,385
Classic-McEliece-348864f,keygen,1024,64,2.2,1,1,0,ip-172-31-18-18,linux,0,61.8381,16.17,KEM,True,2025-11-21T22:04:40.345797,,386
Classic-McEliece-348864f,keygen,1024,64,2.2,1,1,0,ip-172-31-18-18,linux,0,61.5606,16.24,KEM,True,2025-11-21T22:04:40.407547,,387
Classic-McEliece-348864f,keygen,1024,64,2.2,1,1,0,ip-172-31-18-18,linux,0,61.8417,16.17,KEM,True,2025-11-21T22:04:40.469577,,388
Classic-McEliece-348864f,keygen,1024,64,2.2,1,1,0,ip-172-31-18-18,linux,0,64.2723,15.56,KEM,True,2025-11-21T22:04:40.534039,,389
Classic-McEliece-348864f,keygen,1024,64,2.2,1,1,0,ip-172-31-18-18,linux,0,62.3228,16.05,KEM,True,2025-11-21T22:04:40.596598,,390
Classic-McEliece-348864f,encap,0,1,2.2,1,1,0,ip-172-31-18-18,linux,0,62.0586,16.11,KEM,True,2025-11-21T22:04:40.658868,,391
Classic-McEliece-348864f,encap,0,1,2.2,1,1,0,ip-172-31-18-18,linux,0,61.938,16.15,KEM,True,2025-11-21T22:04:40.720990,,392
Classic-McEliece-348864f,encap,0,1,2.2,1,1,0,ip-172-31-18-18,linux,0,63.7534,15.69,KEM,True,2025-11-21T22:04:40.784939,,393
Classic-McEliece-348864f,encap,0,1,2.2,1,1,0,ip-172-31-18-18,linux,0,61.7546,16.19,KEM,True,2025-11-21T22:04:40.846882,,394
Classic-McEliece-348864f,encap,0,1,2.2,1,1,0,ip-172-31-18-18,linux,0,61.8949,16.16,KEM,True,2025-11-21T22:04:40.908968,,395
Classic-McEliece-348864f,encap,0,16,2.2,1,1,0,ip-172-31-18-18,linux,0,61.8258,16.17,KEM,True,2025-11-21T22:04:40.970985,,396
Classic-McEliece-348864f,encap,0,16,2.2,1,1,0,ip-172-31-18-18,linux,0,61.8293,16.17,KEM,True,2025-11-21T22:04:41.033005,,397
Classic-McEliece-348864f,encap,0,16,2.2,1,1,0,ip-172-31-18-18,linux,0,61.6246,16.23,KEM,True,2025-11-21T22:04:41.094839,,398
Classic-McEliece-348864f,encap,0,16,2.2,1,1,0,ip-172-31-18-18,linux,0,61.8642,16.16,KEM,True,2025-11-21T22:04:41.156891,,399
Classic-McEliece-348864f,encap,0,16,2.2,1,1,0,ip-172-31-18-18,linux,0,62.0444,16.12,KEM,True,2025-11-21T22:04:41.219155,,400
Classic-McEliece-348864f,encap,0,64,2.2,1,1,0,ip-172-31-18-18,linux,0,62.128,16.1,KEM,True,2025-11-21T22:04:41.281465,,401
Classic-McEliece-348864f,encap,0,64,2.2,1,1,0,ip-172-31-18-18,linux,0,62.058,16.11,KEM,True,2025-11-21T22:04:41.343705,,402
Classic-McEliece-348864f,encap,0,64,2.2,1,1,0,ip-172-31-18-18,linux,0,63.4058,15.77,KEM,True,2025-11-21T22:04:41.407302,,403
Classic-McEliece-348864f,encap,0,64,2.2,1,1,0,ip-172-31-18-18,linux,0,62.0624,16.11,KEM,True,2025-11-21T22:04:41.469552,,404
Classic-McEliece-348864f,encap,0,64,2.2,1,1,0,ip-172-31-18-18,linux,0,62.3616,16.04,KEM,True,2025-11-21T22:04:41.532138,,405
Classic-McEliece-348864f,encap,1024,1,2.2,1,1,0,ip-172-31-18-18,linux,0,61.9453,16.14,KEM,True,2025-11-21T22:04:41.594286,,406
Classic-McEliece-348864f,encap,1024,1,2.2,1,1,0,ip-172-31-18-18,linux,0,61.8749,16.16,KEM,True,2025-11-21T22:04:41.656346,,407
Classic-McEliece-348864f,encap,1024,1,2.2,1,1,0,ip-172-31-18-18,linux,0,61.8885,16.16,KEM,True,2025-11-21T22:04:41.718420,,408
Classic-McEliece-348864f,encap,1024,1,2.2,1,1,0,ip-172-31-18-18,linux,0,62.1964,16.08,KEM,True,2025-11-21T22:04:41.780801,,409
Classic-McEliece-348864f,encap,1024,1,2.2,1,1,0,ip-172-31-18-18,linux,0,61.9763,16.14,KEM,True,2025-11-21T22:04:41.842969,,410
Classic-McEliece-348864f,encap,1024,16,2.2,1,1,0,ip-172-31-18-18,linux,0,61.9378,16.15,KEM,True,2025-11-21T22:04:41.905142,,411
Classic-McEliece-348864f,encap,1024,16,2.2,1,1,0,ip-172-31-18-18,linux,0,61.753,16.19,KEM,True,2025-11-21T22:04:41.967092,,412
Classic-McEliece-348864f,encap,1024,16,2.2,1,1,0,ip-172-31-18-18,linux,0,61.8083,16.18,KEM,True,2025-11-21T22:04:42.029171,,413
Classic-McEliece-348864f,encap,1024,16,2.2,1,1,0,ip-172-31-18-18,linux,0,61.8105,16.18,KEM,True,2025-11-21T22:04:42.091199,,414
Classic-McEliece-348864f,encap,1024,16,2.2,1,1,0,ip-172-31-18-18,linux,0,63.0654,15.86,KEM,True,2025-11-21T22:04:42.154448,,415
Classic-McEliece-348864f,encap,1024,64,2.2,1,1,0,ip-172-31-18-18,linux,0,61.7881,16.18,KEM,True,2025-11-21T22:04:42.216418,,416
Classic-McEliece-348864f,encap,1024,64,2.2,1,1,0,ip-172-31-18-18,linux,0,61.9364,16.15,KEM,True,2025-11-21T22:04:42.278536,,417
Classic-McEliece-348864f,encap,1024,64,2.2,1,1,0,ip-172-31-18-18,linux,0,61.8267,16.17,KEM,True,2025-11-21T22:04:42.340550,,418
Classic-McEliece-348864f,encap,1024,64,2.2,1,1,0,ip-172-31-18-18,linux,0,61.6933,16.21,KEM,True,2025-11-21T22:04:42.402432,,419
Classic-McEliece-348864f,encap,1024,64,2.2,1,1,0,ip-172-31-18-18,linux,0,62.0728,16.11,KEM,True,2025-11-21T22:04:42.464693,,420
Classic-McEliece-348864f,decap,0,1,2.2,1,1,0,ip-172-31-18-18,linux,0,61.7038,16.21,KEM,True,2025-11-21T22:04:42.526614,,421
Classic-McEliece-348864f,decap,0,1,2.2,1,1,0,ip-172-31-18-18,linux,0,62.272,16.06,KEM,True,2025-11-21T22:04:42.589155,,422
Classic-McEliece-348864f,decap,0,1,2.2,1,1,0,ip-172-31-18-18,linux,0,61.81,16.18,KEM,True,2025-11-21T22:04:42.651198,,423
Classic-McEliece-348864f,decap,0,1,2.2,1,1,0,ip-172-31-18-18,linux,0,61.9449,16.14,KEM,True,2025-11-21T22:04:42.713343,,424
Classic-McEliece-348864f,decap,0,1,2.2,1,1,0,ip-172-31-18-18,linux,0,62.1999,16.08,KEM,True,2025-11-21T22:04:42.775736,,425
Classic-McEliece-348864f,decap,0,16,2.2,1,1,0,ip-172-31-18-18,linux,0,62.0277,16.12,KEM,True,2025-11-21T22:04:42.837958,,426
Classic-McEliece-348864f,decap,0,16,2.2,1,1,0,ip-172-31-18-18,linux,0,62.0304,16.12,KEM,True,2025-11-21T22:04:42.900205,,427
Classic-McEliece-348864f,decap,0,16,2.2,1,1,0,ip-172-31-18-18,linux,0,62.3716,16.03,KEM,True,2025-11-21T22:04:42.962762,,428
Classic-McEliece-348864f,decap,0,16,2.2,1,1,0,ip-172-31-18-18,linux,0,62.3605,16.04,KEM,True,2025-11-21T22:04:43.025310,,429
Classic-McEliece-348864f,decap,0,16,2.2,1,1,0,ip-172-31-18-18,linux,0,62.0504,16.12,KEM,True,2025-11-21T22:04:43.087547,,430
Classic-McEliece-348864f,decap,0,64,2.2,1,1,0,ip-172-31-18-18,linux,0,61.7697,16.19,KEM,True,2025-11-21T22:04:43.149498,,431
Classic-McEliece-348864f,decap,0,64,2.2,1,1,0,ip-172-31-18-18,linux,0,61.9715,16.14,KEM,True,2025-11-21T22:04:43.211652,,432
Classic-McEliece-348864f,decap,0,64,2.2,1,1,0,ip-172-31-18-18,linux,0,61.9083,16.15,KEM,True,2025-11-21T22:04:43.273752,,433
Classic-McEliece-348864f,decap,0,64,2.2,1,1,0,ip-172-31-18-18,linux,0,61.8559,16.17,KEM,True,2025-11-21T22:04:43.335799,,434
Classic-McEliece-348864f,decap,0,64,2.2,1,1,0,ip-172-31-18-18,linux,0,62.0671,16.11,KEM,True,2025-11-21T22:04:43.398054,,435
Classic-McEliece-348864f,decap,1024,1,2.2,1,1,0,ip-172-31-18-18,linux,0,61.9405,16.14,KEM,True,2025-11-21T22:04:43.460208,,436
Classic-McEliece-348864f,decap,1024,1,2.2,1,1,0,ip-172-31-18-18,linux,0,61.73,16.2,KEM,True,2025-11-21T22:04:43.522169,,437
Classic-McEliece-348864f,decap,1024,1,2.2,1,1,0,ip-172-31-18-18,linux,0,62.1181,16.1,KEM,True,2025-11-21T22:04:43.584472,,438
Classic-McEliece-348864f,decap,1024,1,2.2,1,1,0,ip-172-31-18-18,linux,0,61.9015,16.15,KEM,True,2025-11-21T22:04:43.646554,,439
Classic-McEliece-348864f,decap,1024,1,2.2,1,1,0,ip-172-31-18-18,linux,0,61.795,16.18,KEM,True,2025-11-21T22:04:43.708526,,440
Classic-McEliece-348864f,decap,1024,16,2.2,1,1,0,ip-172-31-18-18,linux,0,61.9672,16.14,KEM,True,2025-11-21T22:04:43.770685,,441
Classic-McEliece-348864f,decap,1024,16,2.2,1,1,0,ip-172-31-18-18,linux,0,61.8544,16.17,KEM,True,2025-11-21T22:04:43.832743,,442
Classic-McEliece-348864f,decap,1024,16,2.2,1,1,0,ip-172-31-18-18,linux,0,61.8822,16.16,KEM,True,2025-11-21T22:04:43.894815,,443
Classic-McEliece-348864f,decap,1024,16,2.2,1,1,0,ip-172-31-18-18,linux,0,61.9697,16.14,KEM,True,2025-11-21T22:04:43.956973,,444
Classic-McEliece-348864f,decap,1024,16,2.2,1,1,0,ip-172-31-18-18,linux,0,64.6926,15.46,KEM,True,2025-11-21T22:04:44.021853,,445
Classic-McEliece-348864f,decap,1024,64,2.2,1,1,0,ip-172-31-18-18,linux,0,62.0143,16.13,KEM,True,2025-11-21T22:04:44.084055,,446
Classic-McEliece-348864f,decap,1024,64,2.2,1,1,0,ip-172-31-18-18,linux,0,61.5728,16.24,KEM,True,2025-11-21T22:04:44.145835,,447
Classic-McEliece-348864f,decap,1024,64,2.2,1,1,0,ip-172-31-18-18,linux,0,62.0284,16.12,KEM,True,2025-11-21T22:04:44.208042,,448
Classic-McEliece-348864f,decap,1024,64,2.2,1,1,0,ip-172-31-18-18,linux,0,63.8022,15.67,KEM,True,2025-11-21T22:04:44.272057,,449
Classic-McEliece-348864f,decap,1024,64,2.2,1,1,0,ip-172-31-18-18,linux,0,62.0788,16.11,KEM,True,2025-11-21T22:04:44.334356,,450
Classic-McEliece-460896,keygen,0,1,2.2,1,1,0,ip-172-31-18-18,linux,0,312.9611,3.2,KEM,True,2025-11-21T22:04:44.647513,,451
Classic-McEliece-460896,keygen,0,1,2.2,1,1,0,ip-172-31-18-18,linux,0,268.3332,3.73,KEM,True,2025-11-21T22:04:44.916135,,452
Classic-McEliece-460896,keygen,0,1,2.2,1,1,0,ip-172-31-18-18,linux,0,268.0074,3.73,KEM,True,2025-11-21T22:04:45.184391,,453
Classic-McEliece-460896,keygen,0,1,2.2,1,1,0,ip-172-31-18-18,linux,0,181.1907,5.52,KEM,True,2025-11-21T22:04:45.365847,,454
Classic-McEliece-460896,keygen,0,1,2.2,1,1,0,ip-172-31-18-18,linux,0,180.4557,5.54,KEM,True,2025-11-21T22:04:45.546558,,455
Classic-McEliece-460896,keygen,0,16,2.2,1,1,0,ip-172-31-18-18,linux,0,246.7962,4.05,KEM,True,2025-11-21T22:04:45.793614,,456
Classic-McEliece-460896,keygen,0,16,2.2,1,1,0,ip-172-31-18-18,linux,0,224.3313,4.46,KEM,True,2025-11-21T22:04:46.018286,,457
Classic-McEliece-460896,keygen,0,16,2.2,1,1,0,ip-172-31-18-18,linux,0,181.4179,5.51,KEM,True,2025-11-21T22:04:46.199963,,458
Classic-McEliece-460896,keygen,0,16,2.2,1,1,0,ip-172-31-18-18,linux,0,443.9676,2.25,KEM,True,2025-11-21T22:04:46.644248,,459
Classic-McEliece-460896,keygen,0,16,2.2,1,1,0,ip-172-31-18-18,linux,0,203.428,4.92,KEM,True,2025-11-21T22:04:46.847992,,460
Classic-McEliece-460896,keygen,0,64,2.2,1,1,0,ip-172-31-18-18,linux,0,180.8225,5.53,KEM,True,2025-11-21T22:04:47.029165,,461
Classic-McEliece-460896,keygen,0,64,2.2,1,1,0,ip-172-31-18-18,linux,0,180.6447,5.54,KEM,True,2025-11-21T22:04:47.210069,,462
Classic-McEliece-460896,keygen,0,64,2.2,1,1,0,ip-172-31-18-18,linux,0,203.2929,4.92,KEM,True,2025-11-21T22:04:47.413684,,463
Classic-McEliece-460896,keygen,0,64,2.2,1,1,0,ip-172-31-18-18,linux,0,291.5599,3.43,KEM,True,2025-11-21T22:04:47.705499,,464
Classic-McEliece-460896,keygen,0,64,2.2,1,1,0,ip-172-31-18-18,linux,0,203.6789,4.91,KEM,True,2025-11-21T22:04:47.909445,,465
Classic-McEliece-460896,keygen,1024,1,2.2,1,1,0,ip-172-31-18-18,linux,0,290.1997,3.45,KEM,True,2025-11-21T22:04:48.199910,,466
Classic-McEliece-460896,keygen,1024,1,2.2,1,1,0,ip-172-31-18-18,linux,0,203.6506,4.91,KEM,True,2025-11-21T22:04:48.403820,,467
Classic-McEliece-460896,keygen,1024,1,2.2,1,1,0,ip-172-31-18-18,linux,0,181.3179,5.52,KEM,True,2025-11-21T22:04:48.585402,,468
Classic-McEliece-460896,keygen,1024,1,2.2,1,1,0,ip-172-31-18-18,linux,0,268.708,3.72,KEM,True,2025-11-21T22:04:48.854378,,469
Classic-McEliece-460896,keygen,1024,1,2.2,1,1,0,ip-172-31-18-18,linux,0,291.0241,3.44,KEM,True,2025-11-21T22:04:49.145656,,470
Classic-McEliece-460896,keygen,1024,16,2.2,1,1,0,ip-172-31-18-18,linux,0,184.2389,5.43,KEM,True,2025-11-21T22:04:49.330212,,471
Classic-McEliece-460896,keygen,1024,16,2.2,1,1,0,ip-172-31-18-18,linux,0,181.6192,5.51,KEM,True,2025-11-21T22:04:49.512151,,472
Classic-McEliece-460896,keygen,1024,16,2.2,1,1,0,ip-172-31-18-18,linux,0,364.3266,2.74,KEM,True,2025-11-21T22:04:49.876747,,473
Classic-McEliece-460896,keygen,1024,16,2.2,1,1,0,ip-172-31-18-18,linux,0,180.8523,5.53,KEM,True,2025-11-21T22:04:50.057856,,474
Classic-McEliece-460896,keygen,1024,16,2.2,1,1,0,ip-172-31-18-18,linux,0,359.917,2.78,KEM,True,2025-11-21T22:04:50.418028,,475
Classic-McEliece-460896,keygen,1024,64,2.2,1,1,0,ip-172-31-18-18,linux,0,230.3043,4.34,KEM,True,2025-11-21T22:04:50.648638,,476
Classic-McEliece-460896,keygen,1024,64,2.2,1,1,0,ip-172-31-18-18,linux,0,182.4433,5.48,KEM,True,2025-11-21T22:04:50.831357,,477
Classic-McEliece-460896,keygen,1024,64,2.2,1,1,0,ip-172-31-18-18,linux,0,182.5667,5.48,KEM,True,2025-11-21T22:04:51.014244,,478
Classic-McEliece-460896,keygen,1024,64,2.2,1,1,0,ip-172-31-18-18,linux,0,180.6797,5.53,KEM,True,2025-11-21T22:04:51.195254,,479
Classic-McEliece-460896,keygen,1024,64,2.2,1,1,0,ip-172-31-18-18,linux,0,246.5477,4.06,KEM,True,2025-11-21T22:04:51.442053,,480
Classic-McEliece-460896,encap,0,1,2.2,1,1,0,ip-172-31-18-18,linux,0,225.8038,4.43,KEM,True,2025-11-21T22:04:51.668023,,481
Classic-McEliece-460896,encap,0,1,2.2,1,1,0,ip-172-31-18-18,linux,0,202.3883,4.94,KEM,True,2025-11-21T22:04:51.870552,,482
Classic-McEliece-460896,encap,0,1,2.2,1,1,0,ip-172-31-18-18,linux,0,201.9215,4.95,KEM,True,2025-11-21T22:04:52.072593,,483
Classic-McEliece-460896,encap,0,1,2.2,1,1,0,ip-172-31-18-18,linux,0,180.9295,5.53,KEM,True,2025-11-21T22:04:52.253641,,484
Classic-McEliece-460896,encap,0,1,2.2,1,1,0,ip-172-31-18-18,linux,0,311.9736,3.21,KEM,True,2025-11-21T22:04:52.565736,,485
Classic-McEliece-460896,encap,0,16,2.2,1,1,0,ip-172-31-18-18,linux,0,451.7111,2.21,KEM,True,2025-11-21T22:04:53.017610,,486
Classic-McEliece-460896,encap,0,16,2.2,1,1,0,ip-172-31-18-18,linux,0,271.92,3.68,KEM,True,2025-11-21T22:04:53.289654,,487
Classic-McEliece-460896,encap,0,16,2.2,1,1,0,ip-172-31-18-18,linux,0,180.3682,5.54,KEM,True,2025-11-21T22:04:53.470145,,488
Classic-McEliece-460896,encap,0,16,2.2,1,1,0,ip-172-31-18-18,linux,0,290.1697,3.45,KEM,True,2025-11-21T22:04:53.760431,,489
Classic-McEliece-460896,encap,0,16,2.2,1,1,0,ip-172-31-18-18,linux,0,381.0992,2.62,KEM,True,2025-11-21T22:04:54.141651,,490
Classic-McEliece-460896,encap,0,64,2.2,1,1,0,ip-172-31-18-18,linux,0,180.3991,5.54,KEM,True,2025-11-21T22:04:54.322184,,491
Classic-McEliece-460896,encap,0,64,2.2,1,1,0,ip-172-31-18-18,linux,0,224.2323,4.46,KEM,True,2025-11-21T22:04:54.546533,,492
Classic-McEliece-460896,encap,0,64,2.2,1,1,0,ip-172-31-18-18,linux,0,399.5776,2.5,KEM,True,2025-11-21T22:04:54.946242,,493
Classic-McEliece-460896,encap,0,64,2.2,1,1,0,ip-172-31-18-18,linux,0,289.6739,3.45,KEM,True,2025-11-21T22:04:55.236034,,494
Classic-McEliece-460896,encap,0,64,2.2,1,1,0,ip-172-31-18-18,linux,0,201.7278,4.96,KEM,True,2025-11-21T22:04:55.437900,,495
Classic-McEliece-460896,encap,1024,1,2.2,1,1,0,ip-172-31-18-18,linux,0,202.6571,4.93,KEM,True,2025-11-21T22:04:55.640681,,496
Classic-McEliece-460896,encap,1024,1,2.2,1,1,0,ip-172-31-18-18,linux,0,201.8212,4.95,KEM,True,2025-11-21T22:04:55.842644,,497
Classic-McEliece-460896,encap,1024,1,2.2,1,1,0,ip-172-31-18-18,linux,0,180.0988,5.55,KEM,True,2025-11-21T22:04:56.022861,,498
Classic-McEliece-460896,encap,1024,1,2.2,1,1,0,ip-172-31-18-18,linux,0,180.7242,5.53,KEM,True,2025-11-21T22:04:56.203704,,499
Classic-McEliece-460896,encap,1024,1,2.2,1,1,0,ip-172-31-18-18,linux,0,270.4165,3.7,KEM,True,2025-11-21T22:04:56.474240,,500
Classic-McEliece-460896,encap,1024,16,2.2,1,1,0,ip-172-31-18-18,linux,0,180.5243,5.54,KEM,True,2025-11-21T22:04:56.654886,,501
Classic-McEliece-460896,encap,1024,16,2.2,1,1,0,ip-172-31-18-18,linux,0,181.2901,5.52,KEM,True,2025-11-21T22:04:56.836297,,502
Classic-McEliece-460896,encap,1024,16,2.2,1,1,0,ip-172-31-18-18,linux,0,224.1246,4.46,KEM,True,2025-11-21T22:04:57.060540,,503
Classic-McEliece-460896,encap,1024,16,2.2,1,1,0,ip-172-31-18-18,linux,0,180.2011,5.55,KEM,True,2025-11-21T22:04:57.240862,,504
Classic-McEliece-460896,encap,1024,16,2.2,1,1,0,ip-172-31-18-18,linux,0,179.9128,5.56,KEM,True,2025-11-21T22:04:57.420892,,505
Classic-McEliece-460896,encap,1024,64,2.2,1,1,0,ip-172-31-18-18,linux,0,290.2814,3.44,KEM,True,2025-11-21T22:04:57.711294,,506
Classic-McEliece-460896,encap,1024,64,2.2,1,1,0,ip-172-31-18-18,linux,0,487.8305,2.05,KEM,True,2025-11-21T22:04:58.199253,,507
Classic-McEliece-460896,encap,1024,64,2.2,1,1,0,ip-172-31-18-18,linux,0,271.5547,3.68,KEM,True,2025-11-21T22:04:58.470924,,508
Classic-McEliece-460896,encap,1024,64,2.2,1,1,0,ip-172-31-18-18,linux,0,180.5363,5.54,KEM,True,2025-11-21T22:04:58.651581,,509
Classic-McEliece-460896,encap,1024,64,2.2,1,1,0,ip-172-31-18-18,linux,0,246.0564,4.06,KEM,True,2025-11-21T22:04:58.897755,,510
Classic-McEliece-460896,decap,0,1,2.2,1,1,0,ip-172-31-18-18,linux,0,313.1245,3.19,KEM,True,2025-11-21T22:04:59.211009,,511
Classic-McEliece-460896,decap,0,1,2.2,1,1,0,ip-172-31-18-18,linux,0,250.0403,4.0,KEM,True,2025-11-21T22:04:59.461209,,512
Classic-McEliece-460896,decap,0,1,2.2,1,1,0,ip-172-31-18-18,linux,0,182.6113,5.48,KEM,True,2025-11-21T22:04:59.643945,,513
Classic-McEliece-460896,decap,0,1,2.2,1,1,0,ip-172-31-18-18,linux,0,181.5164,5.51,KEM,True,2025-11-21T22:04:59.825583,,514
Classic-McEliece-460896,decap,0,1,2.2,1,1,0,ip-172-31-18-18,linux,0,207.4398,4.82,KEM,True,2025-11-21T22:05:00.033143,,515
Classic-McEliece-460896,decap,0,16,2.2,1,1,0,ip-172-31-18-18,linux,0,369.8953,2.7,KEM,True,2025-11-21T22:05:00.403178,,516
Classic-McEliece-460896,decap,0,16,2.2,1,1,0,ip-172-31-18-18,linux,0,206.936,4.83,KEM,True,2025-11-21T22:05:00.610245,,517
Classic-McEliece-460896,decap,0,16,2.2,1,1,0,ip-172-31-18-18,linux,0,205.2875,4.87,KEM,True,2025-11-21T22:05:00.815662,,518
Classic-McEliece-460896,decap,0,16,2.2,1,1,0,ip-172-31-18-18,linux,0,215.7858,4.63,KEM,True,2025-11-21T22:05:01.031577,,519
Classic-McEliece-460896,decap,0,16,2.2,1,1,0,ip-172-31-18-18,linux,0,207.3777,4.82,KEM,True,2025-11-21T22:05:01.239080,,520
Classic-McEliece-460896,decap,0,64,2.2,1,1,0,ip-172-31-18-18,linux,0,399.3599,2.5,KEM,True,2025-11-21T22:05:01.638586,,521
Classic-McEliece-460896,decap,0,64,2.2,1,1,0,ip-172-31-18-18,linux,0,193.8882,5.16,KEM,True,2025-11-21T22:05:01.832625,,522
Classic-McEliece-460896,decap,0,64,2.2,1,1,0,ip-172-31-18-18,linux,0,314.7858,3.18,KEM,True,2025-11-21T22:05:02.147554,,523
Classic-McEliece-460896,decap,0,64,2.2,1,1,0,ip-172-31-18-18,linux,0,208.5683,4.79,KEM,True,2025-11-21T22:05:02.356244,,524
Classic-McEliece-460896,decap,0,64,2.2,1,1,0,ip-172-31-18-18,linux,0,204.2978,4.89,KEM,True,2025-11-21T22:05:02.560658,,525
Classic-McEliece-460896,decap,1024,1,2.2,1,1,0,ip-172-31-18-18,linux,0,273.8959,3.65,KEM,True,2025-11-21T22:05:02.834682,,526
Classic-McEliece-460896,decap,1024,1,2.2,1,1,0,ip-172-31-18-18,linux,0,232.158,4.31,KEM,True,2025-11-21T22:05:03.066972,,527
Classic-McEliece-460896,decap,1024,1,2.2,1,1,0,ip-172-31-18-18,linux,0,207.7197,4.81,KEM,True,2025-11-21T22:05:03.274827,,528
Classic-McEliece-460896,decap,1024,1,2.2,1,1,0,ip-172-31-18-18,linux,0,248.0375,4.03,KEM,True,2025-11-21T22:05:03.522985,,529
Classic-McEliece-460896,decap,1024,1,2.2,1,1,0,ip-172-31-18-18,linux,0,182.8155,5.47,KEM,True,2025-11-21T22:05:03.705921,,530
Classic-McEliece-460896,decap,1024,16,2.2,1,1,0,ip-172-31-18-18,linux,0,184.6915,5.41,KEM,True,2025-11-21T22:05:03.890739,,531
Classic-McEliece-460896,decap,1024,16,2.2,1,1,0,ip-172-31-18-18,linux,0,336.5942,2.97,KEM,True,2025-11-21T22:05:04.227467,,532
Classic-McEliece-460896,decap,1024,16,2.2,1,1,0,ip-172-31-18-18,linux,0,180.6028,5.54,KEM,True,2025-11-21T22:05:04.408190,,533
Classic-McEliece-460896,decap,1024,16,2.2,1,1,0,ip-172-31-18-18,linux,0,180.5752,5.54,KEM,True,2025-11-21T22:05:04.588877,,534
Classic-McEliece-460896,decap,1024,16,2.2,1,1,0,ip-172-31-18-18,linux,0,182.3419,5.48,KEM,True,2025-11-21T22:05:04.771346,,535
Classic-McEliece-460896,decap,1024,64,2.2,1,1,0,ip-172-31-18-18,linux,0,335.3112,2.98,KEM,True,2025-11-21T22:05:05.106790,,536
Classic-McEliece-460896,decap,1024,64,2.2,1,1,0,ip-172-31-18-18,linux,0,269.7089,3.71,KEM,True,2025-11-21T22:05:05.376623,,537
Classic-McEliece-460896,decap,1024,64,2.2,1,1,0,ip-172-31-18-18,linux,0,291.0936,3.44,KEM,True,2025-11-21T22:05:05.667852,,538
Classic-McEliece-460896,decap,1024,64,2.2,1,1,0,ip-172-31-18-18,linux,0,495.0395,2.02,KEM,True,2025-11-21T22:05:06.163009,,539
Classic-McEliece-460896,decap,1024,64,2.2,1,1,0,ip-172-31-18-18,linux,0,202.9057,4.93,KEM,True,2025-11-21T22:05:06.366052,,540
Classic-McEliece-460896f,keygen,0,1,2.2,1,1,0,ip-172-31-18-18,linux,0,185.9047,5.38,KEM,True,2025-11-21T22:05:06.552125,,541
Classic-McEliece-460896f,keygen,0,1,2.2,1,1,0,ip-172-31-18-18,linux,0,184.5555,5.42,KEM,True,2025-11-21T22:05:06.736804,,542
Classic-McEliece-460896f,keygen,0,1,2.2,1,1,0,ip-172-31-18-18,linux,0,183.7189,5.44,KEM,True,2025-11-21T22:05:06.920642,,543
Classic-McEliece-460896f,keygen,0,1,2.2,1,1,0,ip-172-31-18-18,linux,0,183.9172,5.44,KEM,True,2025-11-21T22:05:07.104707,,544
Classic-McEliece-460896f,keygen,0,1,2.2,1,1,0,ip-172-31-18-18,linux,0,184.4541,5.42,KEM,True,2025-11-21T22:05:07.289282,,545
Classic-McEliece-460896f,keygen,0,16,2.2,1,1,0,ip-172-31-18-18,linux,0,184.5193,5.42,KEM,True,2025-11-21T22:05:07.473929,,546
Classic-McEliece-460896f,keygen,0,16,2.2,1,1,0,ip-172-31-18-18,linux,0,188.6043,5.3,KEM,True,2025-11-21T22:05:07.662662,,547
Classic-McEliece-460896f,keygen,0,16,2.2,1,1,0,ip-172-31-18-18,linux,0,187.3701,5.34,KEM,True,2025-11-21T22:05:07.850159,,548
Classic-McEliece-460896f,keygen,0,16,2.2,1,1,0,ip-172-31-18-18,linux,0,183.2874,5.46,KEM,True,2025-11-21T22:05:08.033566,,549
Classic-McEliece-460896f,keygen,0,16,2.2,1,1,0,ip-172-31-18-18,linux,0,185.7284,5.38,KEM,True,2025-11-21T22:05:08.219470,,550
Classic-McEliece-460896f,keygen,0,64,2.2,1,1,0,ip-172-31-18-18,linux,0,192.7015,5.19,KEM,True,2025-11-21T22:05:08.412303,,551
Classic-McEliece-460896f,keygen,0,64,2.2,1,1,0,ip-172-31-18-18,linux,0,185.0878,5.4,KEM,True,2025-11-21T22:05:08.597534,,552
Classic-McEliece-460896f,keygen,0,64,2.2,1,1,0,ip-172-31-18-18,linux,0,185.2193,5.4,KEM,True,2025-11-21T22:05:08.782882,,553
Classic-McEliece-460896f,keygen,0,64,2.2,1,1,0,ip-172-31-18-18,linux,0,185.159,5.4,KEM,True,2025-11-21T22:05:08.968165,,554
Classic-McEliece-460896f,keygen,0,64,2.2,1,1,0,ip-172-31-18-18,linux,0,187.9696,5.32,KEM,True,2025-11-21T22:05:09.156262,,555
Classic-McEliece-460896f,keygen,1024,1,2.2,1,1,0,ip-172-31-18-18,linux,0,185.0853,5.4,KEM,True,2025-11-21T22:05:09.341485,,556
Classic-McEliece-460896f,keygen,1024,1,2.2,1,1,0,ip-172-31-18-18,linux,0,184.4751,5.42,KEM,True,2025-11-21T22:05:09.526088,,557
Classic-McEliece-460896f,keygen,1024,1,2.2,1,1,0,ip-172-31-18-18,linux,0,186.2441,5.37,KEM,True,2025-11-21T22:05:09.712471,,558
Classic-McEliece-460896f,keygen,1024,1,2.2,1,1,0,ip-172-31-18-18,linux,0,185.1933,5.4,KEM,True,2025-11-21T22:05:09.897789,,559
Classic-McEliece-460896f,keygen,1024,1,2.2,1,1,0,ip-172-31-18-18,linux,0,184.5821,5.42,KEM,True,2025-11-21T22:05:10.082496,,560
Classic-McEliece-460896f,keygen,1024,16,2.2,1,1,0,ip-172-31-18-18,linux,0,187.6142,5.33,KEM,True,2025-11-21T22:05:10.270237,,561
Classic-McEliece-460896f,keygen,1024,16,2.2,1,1,0,ip-172-31-18-18,linux,0,184.4117,5.42,KEM,True,2025-11-21T22:05:10.454772,,562
Classic-McEliece-460896f,keygen,1024,16,2.2,1,1,0,ip-172-31-18-18,linux,0,184.2556,5.43,KEM,True,2025-11-21T22:05:10.639150,,563
Classic-McEliece-460896f,keygen,1024,16,2.2,1,1,0,ip-172-31-18-18,linux,0,184.6286,5.42,KEM,True,2025-11-21T22:05:10.823911,,564
Classic-McEliece-460896f,keygen,1024,16,2.2,1,1,0,ip-172-31-18-18,linux,0,187.9882,5.32,KEM,True,2025-11-21T22:05:11.012020,,565
Classic-McEliece-460896f,keygen,1024,64,2.2,1,1,0,ip-172-31-18-18,linux,0,185.3544,5.4,KEM,True,2025-11-21T22:05:11.197518,,566
Classic-McEliece-460896f,keygen,1024,64,2.2,1,1,0,ip-172-31-18-18,linux,0,184.7896,5.41,KEM,True,2025-11-21T22:05:11.382436,,567
Classic-McEliece-460896f,keygen,1024,64,2.2,1,1,0,ip-172-31-18-18,linux,0,185.1395,5.4,KEM,True,2025-11-21T22:05:11.567701,,568
Classic-McEliece-460896f,keygen,1024,64,2.2,1,1,0,ip-172-31-18-18,linux,0,186.4655,5.36,KEM,True,2025-11-21T22:05:11.754293,,569
Classic-McEliece-460896f,keygen,1024,64,2.2,1,1,0,ip-172-31-18-18,linux,0,185.0878,5.4,KEM,True,2025-11-21T22:05:11.939507,,570
Classic-McEliece-460896f,encap,0,1,2.2,1,1,0,ip-172-31-18-18,linux,0,185.7668,5.38,KEM,True,2025-11-21T22:05:12.125406,,571
Classic-McEliece-460896f,encap,0,1,2.2,1,1,0,ip-172-31-18-18,linux,0,185.1157,5.4,KEM,True,2025-11-21T22:05:12.310642,,572
Classic-McEliece-460896f,encap,0,1,2.2,1,1,0,ip-172-31-18-18,linux,0,184.1393,5.43,KEM,True,2025-11-21T22:05:12.494897,,573
Classic-McEliece-460896f,encap,0,1,2.2,1,1,0,ip-172-31-18-18,linux,0,185.255,5.4,KEM,True,2025-11-21T22:05:12.680284,,574
Classic-McEliece-460896f,encap,0,1,2.2,1,1,0,ip-172-31-18-18,linux,0,184.1554,5.43,KEM,True,2025-11-21T22:05:12.864571,,575
Classic-McEliece-460896f,encap,0,16,2.2,1,1,0,ip-172-31-18-18,linux,0,185.6213,5.39,KEM,True,2025-11-21T22:05:13.050313,,576
Classic-McEliece-460896f,encap,0,16,2.2,1,1,0,ip-172-31-18-18,linux,0,192.0273,5.21,KEM,True,2025-11-21T22:05:13.242459,,577
Classic-McEliece-460896f,encap,0,16,2.2,1,1,0,ip-172-31-18-18,linux,0,184.4971,5.42,KEM,True,2025-11-21T22:05:13.427071,,578
Classic-McEliece-460896f,encap,0,16,2.2,1,1,0,ip-172-31-18-18,linux,0,183.991,5.44,KEM,True,2025-11-21T22:05:13.611199,,579
Classic-McEliece-460896f,encap,0,16,2.2,1,1,0,ip-172-31-18-18,linux,0,184.3453,5.42,KEM,True,2025-11-21T22:05:13.795657,,580
Classic-McEliece-460896f,encap,0,64,2.2,1,1,0,ip-172-31-18-18,linux,0,189.7133,5.27,KEM,True,2025-11-21T22:05:13.985484,,581
Classic-McEliece-460896f,encap,0,64,2.2,1,1,0,ip-172-31-18-18,linux,0,187.8702,5.32,KEM,True,2025-11-21T22:05:14.173489,,582
Classic-McEliece-460896f,encap,0,64,2.2,1,1,0,ip-172-31-18-18,linux,0,183.4541,5.45,KEM,True,2025-11-21T22:05:14.357066,,583
Classic-McEliece-460896f,encap,0,64,2.2,1,1,0,ip-172-31-18-18,linux,0,185.0967,5.4,KEM,True,2025-11-21T22:05:14.542290,,584
Classic-McEliece-460896f,encap,0,64,2.2,1,1,0,ip-172-31-18-18,linux,0,186.0816,5.37,KEM,True,2025-11-21T22:05:14.728490,,585
Classic-McEliece-460896f,encap,1024,1,2.2,1,1,0,ip-172-31-18-18,linux,0,186.4471,5.36,KEM,True,2025-11-21T22:05:14.915064,,586
Classic-McEliece-460896f,encap,1024,1,2.2,1,1,0,ip-172-31-18-18,linux,0,184.0801,5.43,KEM,True,2025-11-21T22:05:15.099282,,587
Classic-McEliece-460896f,encap,1024,1,2.2,1,1,0,ip-172-31-18-18,linux,0,183.9063,5.44,KEM,True,2025-11-21T22:05:15.283304,,588
Classic-McEliece-460896f,encap,1024,1,2.2,1,1,0,ip-172-31-18-18,linux,0,184.0902,5.43,KEM,True,2025-11-21T22:05:15.467515,,589
Classic-McEliece-460896f,encap,1024,1,2.2,1,1,0,ip-172-31-18-18,linux,0,185.3069,5.4,KEM,True,2025-11-21T22:05:15.652941,,590
Classic-McEliece-460896f,encap,1024,16,2.2,1,1,0,ip-172-31-18-18,linux,0,183.9058,5.44,KEM,True,2025-11-21T22:05:15.836977,,591
Classic-McEliece-460896f,encap,1024,16,2.2,1,1,0,ip-172-31-18-18,linux,0,187.367,5.34,KEM,True,2025-11-21T22:05:16.024466,,592
Classic-McEliece-460896f,encap,1024,16,2.2,1,1,0,ip-172-31-18-18,linux,0,184.4725,5.42,KEM,True,2025-11-21T22:05:16.209070,,593
Classic-McEliece-460896f,encap,1024,16,2.2,1,1,0,ip-172-31-18-18,linux,0,184.1848,5.43,KEM,True,2025-11-21T22:05:16.393394,,594
Classic-McEliece-460896f,encap,1024,16,2.2,1,1,0,ip-172-31-18-18,linux,0,186.2247,5.37,KEM,True,2025-11-21T22:05:16.579737,,595
Classic-McEliece-460896f,encap,1024,64,2.2,1,1,0,ip-172-31-18-18,linux,0,196.6686,5.08,KEM,True,2025-11-21T22:05:16.776542,,596
Classic-McEliece-460896f,encap,1024,64,2.2,1,1,0,ip-172-31-18-18,linux,0,184.4465,5.42,KEM,True,2025-11-21T22:05:16.961135,,597
Classic-McEliece-460896f,encap,1024,64,2.2,1,1,0,ip-172-31-18-18,linux,0,188.9235,5.29,KEM,True,2025-11-21T22:05:17.150179,,598
Classic-McEliece-460896f,encap,1024,64,2.2,1,1,0,ip-172-31-18-18,linux,0,184.1256,5.43,KEM,True,2025-11-21T22:05:17.334425,,599
Classic-McEliece-460896f,encap,1024,64,2.2,1,1,0,ip-172-31-18-18,linux,0,184.0661,5.43,KEM,True,2025-11-21T22:05:17.518612,,600
Classic-McEliece-460896f,decap,0,1,2.2,1,1,0,ip-172-31-18-18,linux,0,185.05,5.4,KEM,True,2025-11-21T22:05:17.703788,,601
Classic-McEliece-460896f,decap,0,1,2.2,1,1,0,ip-172-31-18-18,linux,0,185.2049,5.4,KEM,True,2025-11-21T22:05:17.889131,,602
Classic-McEliece-460896f,decap,0,1,2.2,1,1,0,ip-172-31-18-18,linux,0,184.8094,5.41,KEM,True,2025-11-21T22:05:18.074056,,603
Classic-McEliece-460896f,decap,0,1,2.2,1,1,0,ip-172-31-18-18,linux,0,185.3991,5.39,KEM,True,2025-11-21T22:05:18.259590,,604
Classic-McEliece-460896f,decap,0,1,2.2,1,1,0,ip-172-31-18-18,linux,0,184.1551,5.43,KEM,True,2025-11-21T22:05:18.443876,,605
Classic-McEliece-460896f,decap,0,16,2.2,1,1,0,ip-172-31-18-18,linux,0,184.6138,5.42,KEM,True,2025-11-21T22:05:18.628612,,606
Classic-McEliece-460896f,decap,0,16,2.2,1,1,0,ip-172-31-18-18,linux,0,184.3576,5.42,KEM,True,2025-11-21T22:05:18.813127,,607
Classic-McEliece-460896f,decap,0,16,2.2,1,1,0,ip-172-31-18-18,linux,0,184.6529,5.42,KEM,True,2025-11-21T22:05:18.997894,,608
Classic-McEliece-460896f,decap,0,16,2.2,1,1,0,ip-172-31-18-18,linux,0,184.7627,5.41,KEM,True,2025-11-21T22:05:19.182778,,609
Classic-McEliece-460896f,decap,0,16,2.2,1,1,0,ip-172-31-18-18,linux,0,184.27,5.43,KEM,True,2025-11-21T22:05:19.367170,,610
Classic-McEliece-460896f,decap,0,64,2.2,1,1,0,ip-172-31-18-18,linux,0,184.1635,5.43,KEM,True,2025-11-21T22:05:19.551454,,611
Classic-McEliece-460896f,decap,0,64,2.2,1,1,0,ip-172-31-18-18,linux,0,185.1043,5.4,KEM,True,2025-11-21T22:05:19.736675,,612
Classic-McEliece-460896f,decap,0,64,2.2,1,1,0,ip-172-31-18-18,linux,0,184.3703,5.42,KEM,True,2025-11-21T22:05:19.921171,,613
Classic-McEliece-460896f,decap,0,64,2.2,1,1,0,ip-172-31-18-18,linux,0,184.5046,5.42,KEM,True,2025-11-21T22:05:20.105843,,614
Classic-McEliece-460896f,decap,0,64,2.2,1,1,0,ip-172-31-18-18,linux,0,184.823,5.41,KEM,True,2025-11-21T22:05:20.290785,,615
Classic-McEliece-460896f,decap,1024,1,2.2,1,1,0,ip-172-31-18-18,linux,0,184.1648,5.43,KEM,True,2025-11-21T22:05:20.475070,,616
Classic-McEliece-460896f,decap,1024,1,2.2,1,1,0,ip-172-31-18-18,linux,0,184.7077,5.41,KEM,True,2025-11-21T22:05:20.659918,,617
Classic-McEliece-460896f,decap,1024,1,2.2,1,1,0,ip-172-31-18-18,linux,0,183.9797,5.44,KEM,True,2025-11-21T22:05:20.844018,,618
Classic-McEliece-460896f,decap,1024,1,2.2,1,1,0,ip-172-31-18-18,linux,0,185.1307,5.4,KEM,True,2025-11-21T22:05:21.029299,,619
Classic-McEliece-460896f,decap,1024,1,2.2,1,1,0,ip-172-31-18-18,linux,0,187.3567,5.34,KEM,True,2025-11-21T22:05:21.216771,,620
Classic-McEliece-460896f,decap,1024,16,2.2,1,1,0,ip-172-31-18-18,linux,0,184.2892,5.43,KEM,True,2025-11-21T22:05:21.401182,,621
Classic-McEliece-460896f,decap,1024,16,2.2,1,1,0,ip-172-31-18-18,linux,0,184.2084,5.43,KEM,True,2025-11-21T22:05:21.585503,,622
Classic-McEliece-460896f,decap,1024,16,2.2,1,1,0,ip-172-31-18-18,linux,0,186.5589,5.36,KEM,True,2025-11-21T22:05:21.772180,,623
Classic-McEliece-460896f,decap,1024,16,2.2,1,1,0,ip-172-31-18-18,linux,0,184.6459,5.42,KEM,True,2025-11-21T22:05:21.956949,,624
Classic-McEliece-460896f,decap,1024,16,2.2,1,1,0,ip-172-31-18-18,linux,0,184.7792,5.41,KEM,True,2025-11-21T22:05:22.141850,,625
Classic-McEliece-460896f,decap,1024,64,2.2,1,1,0,ip-172-31-18-18,linux,0,185.4156,5.39,KEM,True,2025-11-21T22:05:22.327389,,626
Classic-McEliece-460896f,decap,1024,64,2.2,1,1,0,ip-172-31-18-18,linux,0,184.0943,5.43,KEM,True,2025-11-21T22:05:22.511602,,627
Classic-McEliece-460896f,decap,1024,64,2.2,1,1,0,ip-172-31-18-18,linux,0,185.4746,5.39,KEM,True,2025-11-21T22:05:22.697196,,628
Classic-McEliece-460896f,decap,1024,64,2.2,1,1,0,ip-172-31-18-18,linux,0,192.2948,5.2,KEM,True,2025-11-21T22:05:22.889611,,629
Classic-McEliece-460896f,decap,1024,64,2.2,1,1,0,ip-172-31-18-18,linux,0,185.2458,5.4,KEM,True,2025-11-21T22:05:23.074979,,630
Classic-McEliece-6688128,keygen,0,1,2.2,1,1,0,ip-172-31-18-18,linux,0,465.7569,2.15,KEM,True,2025-11-21T22:05:23.541391,,631
Classic-McEliece-6688128,keygen,0,1,2.2,1,1,0,ip-172-31-18-18,linux,0,266.9759,3.75,KEM,True,2025-11-21T22:05:23.808511,,632
Classic-McEliece-6688128,keygen,0,1,2.2,1,1,0,ip-172-31-18-18,linux,0,415.6063,2.41,KEM,True,2025-11-21T22:05:24.224253,,633
Classic-McEliece-6688128,keygen,0,1,2.2,1,1,0,ip-172-31-18-18,linux,0,961.6811,1.04,KEM,True,2025-11-21T22:05:25.186058,,634
Classic-McEliece-6688128,keygen,0,1,2.2,1,1,0,ip-172-31-18-18,linux,0,365.4958,2.74,KEM,True,2025-11-21T22:05:25.551700,,635
Classic-McEliece-6688128,keygen,0,16,2.2,1,1,0,ip-172-31-18-18,linux,0,268.7282,3.72,KEM,True,2025-11-21T22:05:25.820564,,636
Classic-McEliece-6688128,keygen,0,16,2.2,1,1,0,ip-172-31-18-18,linux,0,417.8885,2.39,KEM,True,2025-11-21T22:05:26.238581,,637
Classic-McEliece-6688128,keygen,0,16,2.2,1,1,0,ip-172-31-18-18,linux,0,267.5088,3.74,KEM,True,2025-11-21T22:05:26.506218,,638
Classic-McEliece-6688128,keygen,0,16,2.2,1,1,0,ip-172-31-18-18,linux,0,557.4641,1.79,KEM,True,2025-11-21T22:05:27.063815,,639
Classic-McEliece-6688128,keygen,0,16,2.2,1,1,0,ip-172-31-18-18,linux,0,519.4188,1.93,KEM,True,2025-11-21T22:05:27.583359,,640
Classic-McEliece-6688128,keygen,0,64,2.2,1,1,0,ip-172-31-18-18,linux,0,376.1764,2.66,KEM,True,2025-11-21T22:05:27.959678,,641
Classic-McEliece-6688128,keygen,0,64,2.2,1,1,0,ip-172-31-18-18,linux,0,526.516,1.9,KEM,True,2025-11-21T22:05:28.486335,,642
Classic-McEliece-6688128,keygen,0,64,2.2,1,1,0,ip-172-31-18-18,linux,0,374.6238,2.67,KEM,True,2025-11-21T22:05:28.861119,,643
Classic-McEliece-6688128,keygen,0,64,2.2,1,1,0,ip-172-31-18-18,linux,0,315.2964,3.17,KEM,True,2025-11-21T22:05:29.176544,,644
Classic-McEliece-6688128,keygen,0,64,2.2,1,1,0,ip-172-31-18-18,linux,0,818.6278,1.22,KEM,True,2025-11-21T22:05:29.995305,,645
Classic-McEliece-6688128,keygen,1024,1,2.2,1,1,0,ip-172-31-18-18,linux,0,265.7416,3.76,KEM,True,2025-11-21T22:05:30.261173,,646
Classic-McEliece-6688128,keygen,1024,1,2.2,1,1,0,ip-172-31-18-18,linux,0,273.3741,3.66,KEM,True,2025-11-21T22:05:30.534677,,647
Classic-McEliece-6688128,keygen,1024,1,2.2,1,1,0,ip-172-31-18-18,linux,0,317.6932,3.15,KEM,True,2025-11-21T22:05:30.852498,,648
Classic-McEliece-6688128,keygen,1024,1,2.2,1,1,0,ip-172-31-18-18,linux,0,416.4503,2.4,KEM,True,2025-11-21T22:05:31.269079,,649
Classic-McEliece-6688128,keygen,1024,1,2.2,1,1,0,ip-172-31-18-18,linux,0,315.3471,3.17,KEM,True,2025-11-21T22:05:31.584574,,650
Classic-McEliece-6688128,keygen,1024,16,2.2,1,1,0,ip-172-31-18-18,linux,0,267.2461,3.74,KEM,True,2025-11-21T22:05:31.851949,,651
Classic-McEliece-6688128,keygen,1024,16,2.2,1,1,0,ip-172-31-18-18,linux,0,472.4045,2.12,KEM,True,2025-11-21T22:05:32.324482,,652
Classic-McEliece-6688128,keygen,1024,16,2.2,1,1,0,ip-172-31-18-18,linux,0,316.9242,3.16,KEM,True,2025-11-21T22:05:32.641542,,653
Classic-McEliece-6688128,keygen,1024,16,2.2,1,1,0,ip-172-31-18-18,linux,0,267.493,3.74,KEM,True,2025-11-21T22:05:32.909166,,654
Classic-McEliece-6688128,keygen,1024,16,2.2,1,1,0,ip-172-31-18-18,linux,0,422.6982,2.37,KEM,True,2025-11-21T22:05:33.331996,,655
Classic-McEliece-6688128,keygen,1024,64,2.2,1,1,0,ip-172-31-18-18,linux,0,264.6536,3.78,KEM,True,2025-11-21T22:05:33.596798,,656
Classic-McEliece-6688128,keygen,1024,64,2.2,1,1,0,ip-172-31-18-18,linux,0,413.515,2.42,KEM,True,2025-11-21T22:05:34.010438,,657
Classic-McEliece-6688128,keygen,1024,64,2.2,1,1,0,ip-172-31-18-18,linux,0,267.7998,3.73,KEM,True,2025-11-21T22:05:34.278366,,658
Classic-McEliece-6688128,keygen,1024,64,2.2,1,1,0,ip-172-31-18-18,linux,0,315.9382,3.17,KEM,True,2025-11-21T22:05:34.594435,,659
Classic-McEliece-6688128,keygen,1024,64,2.2,1,1,0,ip-172-31-18-18,linux,0,266.7379,3.75,KEM,True,2025-11-21T22:05:34.861306,,660
Classic-McEliece-6688128,encap,0,1,2.2,1,1,0,ip-172-31-18-18,linux,0,267.0342,3.74,KEM,True,2025-11-21T22:05:35.128474,,661
Classic-McEliece-6688128,encap,0,1,2.2,1,1,0,ip-172-31-18-18,linux,0,466.3369,2.14,KEM,True,2025-11-21T22:05:35.594945,,662
Classic-McEliece-6688128,encap,0,1,2.2,1,1,0,ip-172-31-18-18,linux,0,321.2972,3.11,KEM,True,2025-11-21T22:05:35.916375,,663
Classic-McEliece-6688128,encap,0,1,2.2,1,1,0,ip-172-31-18-18,linux,0,364.4729,2.74,KEM,True,2025-11-21T22:05:36.280968,,664
Classic-McEliece-6688128,encap,0,1,2.2,1,1,0,ip-172-31-18-18,linux,0,417.0493,2.4,KEM,True,2025-11-21T22:05:36.698141,,665
Classic-McEliece-6688128,encap,0,16,2.2,1,1,0,ip-172-31-18-18,linux,0,316.3569,3.16,KEM,True,2025-11-21T22:05:37.014633,,666
Classic-McEliece-6688128,encap,0,16,2.2,1,1,0,ip-172-31-18-18,linux,0,265.8835,3.76,KEM,True,2025-11-21T22:05:37.280641,,667
Classic-McEliece-6688128,encap,0,16,2.2,1,1,0,ip-172-31-18-18,linux,0,415.1157,2.41,KEM,True,2025-11-21T22:05:37.695900,,668
Classic-McEliece-6688128,encap,0,16,2.2,1,1,0,ip-172-31-18-18,linux,0,266.8116,3.75,KEM,True,2025-11-21T22:05:37.962837,,669
Classic-McEliece-6688128,encap,0,16,2.2,1,1,0,ip-172-31-18-18,linux,0,315.9883,3.16,KEM,True,2025-11-21T22:05:38.278959,,670
Classic-McEliece-6688128,encap,0,64,2.2,1,1,0,ip-172-31-18-18,linux,0,332.4521,3.01,KEM,True,2025-11-21T22:05:38.611537,,671
Classic-McEliece-6688128,encap,0,64,2.2,1,1,0,ip-172-31-18-18,linux,0,487.4228,2.05,KEM,True,2025-11-21T22:05:39.099082,,672
Classic-McEliece-6688128,encap,0,64,2.2,1,1,0,ip-172-31-18-18,linux,0,317.0223,3.15,KEM,True,2025-11-21T22:05:39.416251,,673
Classic-McEliece-6688128,encap,0,64,2.2,1,1,0,ip-172-31-18-18,linux,0,268.4491,3.73,KEM,True,2025-11-21T22:05:39.684830,,674
Classic-McEliece-6688128,encap,0,64,2.2,1,1,0,ip-172-31-18-18,linux,0,321.0251,3.12,KEM,True,2025-11-21T22:05:40.005986,,675
Classic-McEliece-6688128,encap,1024,1,2.2,1,1,0,ip-172-31-18-18,linux,0,514.0957,1.95,KEM,True,2025-11-21T22:05:40.520236,,676
Classic-McEliece-6688128,encap,1024,1,2.2,1,1,0,ip-172-31-18-18,linux,0,267.4344,3.74,KEM,True,2025-11-21T22:05:40.787800,,677
Classic-McEliece-6688128,encap,1024,1,2.2,1,1,0,ip-172-31-18-18,linux,0,414.61,2.41,KEM,True,2025-11-21T22:05:41.202595,,678
Classic-McEliece-6688128,encap,1024,1,2.2,1,1,0,ip-172-31-18-18,linux,0,820.7655,1.22,KEM,True,2025-11-21T22:05:42.023494,,679
Classic-McEliece-6688128,encap,1024,1,2.2,1,1,0,ip-172-31-18-18,linux,0,416.9678,2.4,KEM,True,2025-11-21T22:05:42.440594,,680
Classic-McEliece-6688128,encap,1024,16,2.2,1,1,0,ip-172-31-18-18,linux,0,319.3943,3.13,KEM,True,2025-11-21T22:05:42.760141,,681
Classic-McEliece-6688128,encap,1024,16,2.2,1,1,0,ip-172-31-18-18,linux,0,417.9692,2.39,KEM,True,2025-11-21T22:05:43.178230,,682
Classic-McEliece-6688128,encap,1024,16,2.2,1,1,0,ip-172-31-18-18,linux,0,270.4916,3.7,KEM,True,2025-11-21T22:05:43.448845,,683
Classic-McEliece-6688128,encap,1024,16,2.2,1,1,0,ip-172-31-18-18,linux,0,365.4657,2.74,KEM,True,2025-11-21T22:05:43.814432,,684
Classic-McEliece-6688128,encap,1024,16,2.2,1,1,0,ip-172-31-18-18,linux,0,267.4279,3.74,KEM,True,2025-11-21T22:05:44.081982,,685
Classic-McEliece-6688128,encap,1024,64,2.2,1,1,0,ip-172-31-18-18,linux,0,317.3934,3.15,KEM,True,2025-11-21T22:05:44.399501,,686
Classic-McEliece-6688128,encap,1024,64,2.2,1,1,0,ip-172-31-18-18,linux,0,272.3961,3.67,KEM,True,2025-11-21T22:05:44.672019,,687
Classic-McEliece-6688128,encap,1024,64,2.2,1,1,0,ip-172-31-18-18,linux,0,266.1985,3.76,KEM,True,2025-11-21T22:05:44.938425,,688
Classic-McEliece-6688128,encap,1024,64,2.2,1,1,0,ip-172-31-18-18,linux,0,266.5132,3.75,KEM,True,2025-11-21T22:05:45.205070,,689
Classic-McEliece-6688128,encap,1024,64,2.2,1,1,0,ip-172-31-18-18,linux,0,416.661,2.4,KEM,True,2025-11-21T22:05:45.621882,,690
Classic-McEliece-6688128,decap,0,1,2.2,1,1,0,ip-172-31-18-18,linux,0,315.7478,3.17,KEM,True,2025-11-21T22:05:45.937762,,691
Classic-McEliece-6688128,decap,0,1,2.2,1,1,0,ip-172-31-18-18,linux,0,266.3001,3.76,KEM,True,2025-11-21T22:05:46.204185,,692
Classic-McEliece-6688128,decap,0,1,2.2,1,1,0,ip-172-31-18-18,linux,0,673.5968,1.48,KEM,True,2025-11-21T22:05:46.877917,,693
Classic-McEliece-6688128,decap,0,1,2.2,1,1,0,ip-172-31-18-18,linux,0,316.0627,3.16,KEM,True,2025-11-21T22:05:47.194124,,694
Classic-McEliece-6688128,decap,0,1,2.2,1,1,0,ip-172-31-18-18,linux,0,317.9599,3.15,KEM,True,2025-11-21T22:05:47.512204,,695
Classic-McEliece-6688128,decap,0,16,2.2,1,1,0,ip-172-31-18-18,linux,0,570.5229,1.75,KEM,True,2025-11-21T22:05:48.082859,,696
Classic-McEliece-6688128,decap,0,16,2.2,1,1,0,ip-172-31-18-18,linux,0,266.6857,3.75,KEM,True,2025-11-21T22:05:48.349674,,697
Classic-McEliece-6688128,decap,0,16,2.2,1,1,0,ip-172-31-18-18,linux,0,268.1369,3.73,KEM,True,2025-11-21T22:05:48.617940,,698
Classic-McEliece-6688128,decap,0,16,2.2,1,1,0,ip-172-31-18-18,linux,0,269.7107,3.71,KEM,True,2025-11-21T22:05:48.887777,,699
Classic-McEliece-6688128,decap,0,16,2.2,1,1,0,ip-172-31-18-18,linux,0,482.3785,2.07,KEM,True,2025-11-21T22:05:49.370280,,700
Classic-McEliece-6688128,decap,0,64,2.2,1,1,0,ip-172-31-18-18,linux,0,317.1573,3.15,KEM,True,2025-11-21T22:05:49.687571,,701
Classic-McEliece-6688128,decap,0,64,2.2,1,1,0,ip-172-31-18-18,linux,0,319.8506,3.13,KEM,True,2025-11-21T22:05:50.007553,,702
Classic-McEliece-6688128,decap,0,64,2.2,1,1,0,ip-172-31-18-18,linux,0,321.5678,3.11,KEM,True,2025-11-21T22:05:50.329255,,703
Classic-McEliece-6688128,decap,0,64,2.2,1,1,0,ip-172-31-18-18,linux,0,318.6232,3.14,KEM,True,2025-11-21T22:05:50.648013,,704
Classic-McEliece-6688128,decap,0,64,2.2,1,1,0,ip-172-31-18-18,linux,0,266.1414,3.76,KEM,True,2025-11-21T22:05:50.914295,,705
Classic-McEliece-6688128,decap,1024,1,2.2,1,1,0,ip-172-31-18-18,linux,0,269.836,3.71,KEM,True,2025-11-21T22:05:51.184254,,706
Classic-McEliece-6688128,decap,1024,1,2.2,1,1,0,ip-172-31-18-18,linux,0,274.6808,3.64,KEM,True,2025-11-21T22:05:51.459056,,707
Classic-McEliece-6688128,decap,1024,1,2.2,1,1,0,ip-172-31-18-18,linux,0,416.1927,2.4,KEM,True,2025-11-21T22:05:51.875396,,708
Classic-McEliece-6688128,decap,1024,1,2.2,1,1,0,ip-172-31-18-18,linux,0,323.1087,3.09,KEM,True,2025-11-21T22:05:52.198626,,709
Classic-McEliece-6688128,decap,1024,1,2.2,1,1,0,ip-172-31-18-18,linux,0,267.9706,3.73,KEM,True,2025-11-21T22:05:52.466719,,710
Classic-McEliece-6688128,decap,1024,16,2.2,1,1,0,ip-172-31-18-18,linux,0,416.4563,2.4,KEM,True,2025-11-21T22:05:52.883299,,711
Classic-McEliece-6688128,decap,1024,16,2.2,1,1,0,ip-172-31-18-18,linux,0,315.3027,3.17,KEM,True,2025-11-21T22:05:53.198719,,712
Classic-McEliece-6688128,decap,1024,16,2.2,1,1,0,ip-172-31-18-18,linux,0,315.3619,3.17,KEM,True,2025-11-21T22:05:53.514200,,713
Classic-McEliece-6688128,decap,1024,16,2.2,1,1,0,ip-172-31-18-18,linux,0,477.0404,2.1,KEM,True,2025-11-21T22:05:53.991360,,714
Classic-McEliece-6688128,decap,1024,16,2.2,1,1,0,ip-172-31-18-18,linux,0,268.7989,3.72,KEM,True,2025-11-21T22:05:54.260275,,715
Classic-McEliece-6688128,decap,1024,64,2.2,1,1,0,ip-172-31-18-18,linux,0,666.3471,1.5,KEM,True,2025-11-21T22:05:54.926746,,716
Classic-McEliece-6688128,decap,1024,64,2.2,1,1,0,ip-172-31-18-18,linux,0,563.4736,1.77,KEM,True,2025-11-21T22:05:55.490343,,717
Classic-McEliece-6688128,decap,1024,64,2.2,1,1,0,ip-172-31-18-18,linux,0,433.1413,2.31,KEM,True,2025-11-21T22:05:55.923607,,718
Classic-McEliece-6688128,decap,1024,64,2.2,1,1,0,ip-172-31-18-18,linux,0,366.0175,2.73,KEM,True,2025-11-21T22:05:56.289745,,719
Classic-McEliece-6688128,decap,1024,64,2.2,1,1,0,ip-172-31-18-18,linux,0,375.2087,2.67,KEM,True,2025-11-21T22:05:56.665072,,720
Classic-McEliece-6688128f,keygen,0,1,2.2,1,1,0,ip-172-31-18-18,linux,0,264.2294,3.78,KEM,True,2025-11-21T22:05:56.929448,,721
Classic-McEliece-6688128f,keygen,0,1,2.2,1,1,0,ip-172-31-18-18,linux,0,265.1346,3.77,KEM,True,2025-11-21T22:05:57.194709,,722
Classic-McEliece-6688128f,keygen,0,1,2.2,1,1,0,ip-172-31-18-18,linux,0,263.767,3.79,KEM,True,2025-11-21T22:05:57.458606,,723
Classic-McEliece-6688128f,keygen,0,1,2.2,1,1,0,ip-172-31-18-18,linux,0,265.2431,3.77,KEM,True,2025-11-21T22:05:57.723981,,724
Classic-McEliece-6688128f,keygen,0,1,2.2,1,1,0,ip-172-31-18-18,linux,0,266.8306,3.75,KEM,True,2025-11-21T22:05:57.990934,,725
Classic-McEliece-6688128f,keygen,0,16,2.2,1,1,0,ip-172-31-18-18,linux,0,265.7625,3.76,KEM,True,2025-11-21T22:05:58.256831,,726
Classic-McEliece-6688128f,keygen,0,16,2.2,1,1,0,ip-172-31-18-18,linux,0,270.5562,3.7,KEM,True,2025-11-21T22:05:58.527525,,727
Classic-McEliece-6688128f,keygen,0,16,2.2,1,1,0,ip-172-31-18-18,linux,0,266.5903,3.75,KEM,True,2025-11-21T22:05:58.794240,,728
Classic-McEliece-6688128f,keygen,0,16,2.2,1,1,0,ip-172-31-18-18,linux,0,264.6483,3.78,KEM,True,2025-11-21T22:05:59.059016,,729
Classic-McEliece-6688128f,keygen,0,16,2.2,1,1,0,ip-172-31-18-18,linux,0,266.2964,3.76,KEM,True,2025-11-21T22:05:59.325483,,730
Classic-McEliece-6688128f,keygen,0,64,2.2,1,1,0,ip-172-31-18-18,linux,0,263.1437,3.8,KEM,True,2025-11-21T22:05:59.588753,,731
Classic-McEliece-6688128f,keygen,0,64,2.2,1,1,0,ip-172-31-18-18,linux,0,263.094,3.8,KEM,True,2025-11-21T22:05:59.851979,,732
Classic-McEliece-6688128f,keygen,0,64,2.2,1,1,0,ip-172-31-18-18,linux,0,265.6788,3.76,KEM,True,2025-11-21T22:06:00.117789,,733
Classic-McEliece-6688128f,keygen,0,64,2.2,1,1,0,ip-172-31-18-18,linux,0,263.2665,3.8,KEM,True,2025-11-21T22:06:00.381182,,734
Classic-McEliece-6688128f,keygen,0,64,2.2,1,1,0,ip-172-31-18-18,linux,0,270.4104,3.7,KEM,True,2025-11-21T22:06:00.651721,,735
Classic-McEliece-6688128f,keygen,1024,1,2.2,1,1,0,ip-172-31-18-18,linux,0,263.4209,3.8,KEM,True,2025-11-21T22:06:00.915272,,736
Classic-McEliece-6688128f,keygen,1024,1,2.2,1,1,0,ip-172-31-18-18,linux,0,263.3466,3.8,KEM,True,2025-11-21T22:06:01.178742,,737
Classic-McEliece-6688128f,keygen,1024,1,2.2,1,1,0,ip-172-31-18-18,linux,0,267.7617,3.73,KEM,True,2025-11-21T22:06:01.446630,,738
Classic-McEliece-6688128f,keygen,1024,1,2.2,1,1,0,ip-172-31-18-18,linux,0,264.5443,3.78,KEM,True,2025-11-21T22:06:01.711300,,739
Classic-McEliece-6688128f,keygen,1024,1,2.2,1,1,0,ip-172-31-18-18,linux,0,265.2556,3.77,KEM,True,2025-11-21T22:06:01.976706,,740
Classic-McEliece-6688128f,keygen,1024,16,2.2,1,1,0,ip-172-31-18-18,linux,0,269.7879,3.71,KEM,True,2025-11-21T22:06:02.246624,,741
Classic-McEliece-6688128f,keygen,1024,16,2.2,1,1,0,ip-172-31-18-18,linux,0,264.5433,3.78,KEM,True,2025-11-21T22:06:02.511351,,742
Classic-McEliece-6688128f,keygen,1024,16,2.2,1,1,0,ip-172-31-18-18,linux,0,264.903,3.77,KEM,True,2025-11-21T22:06:02.776378,,743
Classic-McEliece-6688128f,keygen,1024,16,2.2,1,1,0,ip-172-31-18-18,linux,0,270.3135,3.7,KEM,True,2025-11-21T22:06:03.046832,,744
Classic-McEliece-6688128f,keygen,1024,16,2.2,1,1,0,ip-172-31-18-18,linux,0,264.2985,3.78,KEM,True,2025-11-21T22:06:03.311258,,745
Classic-McEliece-6688128f,keygen,1024,64,2.2,1,1,0,ip-172-31-18-18,linux,0,263.5836,3.79,KEM,True,2025-11-21T22:06:03.574969,,746
Classic-McEliece-6688128f,keygen,1024,64,2.2,1,1,0,ip-172-31-18-18,linux,0,263.78,3.79,KEM,True,2025-11-21T22:06:03.838876,,747
Classic-McEliece-6688128f,keygen,1024,64,2.2,1,1,0,ip-172-31-18-18,linux,0,263.455,3.8,KEM,True,2025-11-21T22:06:04.102473,,748
Classic-McEliece-6688128f,keygen,1024,64,2.2,1,1,0,ip-172-31-18-18,linux,0,263.7131,3.79,KEM,True,2025-11-21T22:06:04.366312,,749
Classic-McEliece-6688128f,keygen,1024,64,2.2,1,1,0,ip-172-31-18-18,linux,0,263.1269,3.8,KEM,True,2025-11-21T22:06:04.629567,,750
Classic-McEliece-6688128f,encap,0,1,2.2,1,1,0,ip-172-31-18-18,linux,0,262.971,3.8,KEM,True,2025-11-21T22:06:04.892670,,751
Classic-McEliece-6688128f,encap,0,1,2.2,1,1,0,ip-172-31-18-18,linux,0,263.5344,3.79,KEM,True,2025-11-21T22:06:05.156339,,752
Classic-McEliece-6688128f,encap,0,1,2.2,1,1,0,ip-172-31-18-18,linux,0,262.6588,3.81,KEM,True,2025-11-21T22:06:05.419134,,753
Classic-McEliece-6688128f,encap,0,1,2.2,1,1,0,ip-172-31-18-18,linux,0,263.3082,3.8,KEM,True,2025-11-21T22:06:05.682559,,754
Classic-McEliece-6688128f,encap,0,1,2.2,1,1,0,ip-172-31-18-18,linux,0,263.5121,3.79,KEM,True,2025-11-21T22:06:05.946190,,755
Classic-McEliece-6688128f,encap,0,16,2.2,1,1,0,ip-172-31-18-18,linux,0,263.5275,3.79,KEM,True,2025-11-21T22:06:06.209836,,756
Classic-McEliece-6688128f,encap,0,16,2.2,1,1,0,ip-172-31-18-18,linux,0,263.0649,3.8,KEM,True,2025-11-21T22:06:06.473020,,757
Classic-McEliece-6688128f,encap,0,16,2.2,1,1,0,ip-172-31-18-18,linux,0,263.6445,3.79,KEM,True,2025-11-21T22:06:06.736802,,758
Classic-McEliece-6688128f,encap,0,16,2.2,1,1,0,ip-172-31-18-18,linux,0,263.717,3.79,KEM,True,2025-11-21T22:06:07.000631,,759
Classic-McEliece-6688128f,encap,0,16,2.2,1,1,0,ip-172-31-18-18,linux,0,264.9993,3.77,KEM,True,2025-11-21T22:06:07.265764,,760
Classic-McEliece-6688128f,encap,0,64,2.2,1,1,0,ip-172-31-18-18,linux,0,270.6758,3.69,KEM,True,2025-11-21T22:06:07.536561,,761
Classic-McEliece-6688128f,encap,0,64,2.2,1,1,0,ip-172-31-18-18,linux,0,264.1541,3.79,KEM,True,2025-11-21T22:06:07.800838,,762
Classic-McEliece-6688128f,encap,0,64,2.2,1,1,0,ip-172-31-18-18,linux,0,263.4205,3.8,KEM,True,2025-11-21T22:06:08.064379,,763
Classic-McEliece-6688128f,encap,0,64,2.2,1,1,0,ip-172-31-18-18,linux,0,262.8382,3.8,KEM,True,2025-11-21T22:06:08.327330,,764
Classic-McEliece-6688128f,encap,0,64,2.2,1,1,0,ip-172-31-18-18,linux,0,268.894,3.72,KEM,True,2025-11-21T22:06:08.596344,,765
Classic-McEliece-6688128f,encap,1024,1,2.2,1,1,0,ip-172-31-18-18,linux,0,271.3508,3.69,KEM,True,2025-11-21T22:06:08.867819,,766
Classic-McEliece-6688128f,encap,1024,1,2.2,1,1,0,ip-172-31-18-18,linux,0,269.8412,3.71,KEM,True,2025-11-21T22:06:09.137795,,767
Classic-McEliece-6688128f,encap,1024,1,2.2,1,1,0,ip-172-31-18-18,linux,0,268.1296,3.73,KEM,True,2025-11-21T22:06:09.406049,,768
Classic-McEliece-6688128f,encap,1024,1,2.2,1,1,0,ip-172-31-18-18,linux,0,262.9542,3.8,KEM,True,2025-11-21T22:06:09.669151,,769
Classic-McEliece-6688128f,encap,1024,1,2.2,1,1,0,ip-172-31-18-18,linux,0,263.2104,3.8,KEM,True,2025-11-21T22:06:09.932482,,770
Classic-McEliece-6688128f,encap,1024,16,2.2,1,1,0,ip-172-31-18-18,linux,0,263.283,3.8,KEM,True,2025-11-21T22:06:10.195884,,771
Classic-McEliece-6688128f,encap,1024,16,2.2,1,1,0,ip-172-31-18-18,linux,0,264.5624,3.78,KEM,True,2025-11-21T22:06:10.460567,,772
Classic-McEliece-6688128f,encap,1024,16,2.2,1,1,0,ip-172-31-18-18,linux,0,267.8116,3.73,KEM,True,2025-11-21T22:06:10.728500,,773
Classic-McEliece-6688128f,encap,1024,16,2.2,1,1,0,ip-172-31-18-18,linux,0,263.5163,3.79,KEM,True,2025-11-21T22:06:10.992140,,774
Classic-McEliece-6688128f,encap,1024,16,2.2,1,1,0,ip-172-31-18-18,linux,0,264.5262,3.78,KEM,True,2025-11-21T22:06:11.256787,,775
Classic-McEliece-6688128f,encap,1024,64,2.2,1,1,0,ip-172-31-18-18,linux,0,263.8251,3.79,KEM,True,2025-11-21T22:06:11.520734,,776
Classic-McEliece-6688128f,encap,1024,64,2.2,1,1,0,ip-172-31-18-18,linux,0,266.3067,3.76,KEM,True,2025-11-21T22:06:11.787163,,777
Classic-McEliece-6688128f,encap,1024,64,2.2,1,1,0,ip-172-31-18-18,linux,0,264.0709,3.79,KEM,True,2025-11-21T22:06:12.051355,,778
Classic-McEliece-6688128f,encap,1024,64,2.2,1,1,0,ip-172-31-18-18,linux,0,263.7291,3.79,KEM,True,2025-11-21T22:06:12.315203,,779
Classic-McEliece-6688128f,encap,1024,64,2.2,1,1,0,ip-172-31-18-18,linux,0,263.426,3.8,KEM,True,2025-11-21T22:06:12.578745,,780
Classic-McEliece-6688128f,decap,0,1,2.2,1,1,0,ip-172-31-18-18,linux,0,266.1292,3.76,KEM,True,2025-11-21T22:06:12.845003,,781
Classic-McEliece-6688128f,decap,0,1,2.2,1,1,0,ip-172-31-18-18,linux,0,264.8205,3.78,KEM,True,2025-11-21T22:06:13.109975,,782
Classic-McEliece-6688128f,decap,0,1,2.2,1,1,0,ip-172-31-18-18,linux,0,264.354,3.78,KEM,True,2025-11-21T22:06:13.374451,,783
Classic-McEliece-6688128f,decap,0,1,2.2,1,1,0,ip-172-31-18-18,linux,0,263.3121,3.8,KEM,True,2025-11-21T22:06:13.637880,,784
Classic-McEliece-6688128f,decap,0,1,2.2,1,1,0,ip-172-31-18-18,linux,0,263.5959,3.79,KEM,True,2025-11-21T22:06:13.901597,,785
Classic-McEliece-6688128f,decap,0,16,2.2,1,1,0,ip-172-31-18-18,linux,0,263.7424,3.79,KEM,True,2025-11-21T22:06:14.165458,,786
Classic-McEliece-6688128f,decap,0,16,2.2,1,1,0,ip-172-31-18-18,linux,0,264.1215,3.79,KEM,True,2025-11-21T22:06:14.429696,,787
Classic-McEliece-6688128f,decap,0,16,2.2,1,1,0,ip-172-31-18-18,linux,0,263.9033,3.79,KEM,True,2025-11-21T22:06:14.693720,,788
Classic-McEliece-6688128f,decap,0,16,2.2,1,1,0,ip-172-31-18-18,linux,0,267.0859,3.74,KEM,True,2025-11-21T22:06:14.960929,,789
Classic-McEliece-6688128f,decap,0,16,2.2,1,1,0,ip-172-31-18-18,linux,0,264.6561,3.78,KEM,True,2025-11-21T22:06:15.225703,,790
Classic-McEliece-6688128f,decap,0,64,2.2,1,1,0,ip-172-31-18-18,linux,0,262.8682,3.8,KEM,True,2025-11-21T22:06:15.488685,,791
Classic-McEliece-6688128f,decap,0,64,2.2,1,1,0,ip-172-31-18-18,linux,0,263.7985,3.79,KEM,True,2025-11-21T22:06:15.752613,,792
Classic-McEliece-6688128f,decap,0,64,2.2,1,1,0,ip-172-31-18-18,linux,0,262.8737,3.8,KEM,True,2025-11-21T22:06:16.015617,,793
Classic-McEliece-6688128f,decap,0,64,2.2,1,1,0,ip-172-31-18-18,linux,0,263.7115,3.79,KEM,True,2025-11-21T22:06:16.279449,,794
Classic-McEliece-6688128f,decap,0,64,2.2,1,1,0,ip-172-31-18-18,linux,0,263.1297,3.8,KEM,True,2025-11-21T22:06:16.542692,,795
Classic-McEliece-6688128f,decap,1024,1,2.2,1,1,0,ip-172-31-18-18,linux,0,265.4408,3.77,KEM,True,2025-11-21T22:06:16.808255,,796
Classic-McEliece-6688128f,decap,1024,1,2.2,1,1,0,ip-172-31-18-18,linux,0,263.6914,3.79,KEM,True,2025-11-21T22:06:17.072061,,797
Classic-McEliece-6688128f,decap,1024,1,2.2,1,1,0,ip-172-31-18-18,linux,0,263.6127,3.79,KEM,True,2025-11-21T22:06:17.335807,,798
Classic-McEliece-6688128f,decap,1024,1,2.2,1,1,0,ip-172-31-18-18,linux,0,268.6054,3.72,KEM,True,2025-11-21T22:06:17.604535,,799
Classic-McEliece-6688128f,decap,1024,1,2.2,1,1,0,ip-172-31-18-18,linux,0,272.2257,3.67,KEM,True,2025-11-21T22:06:17.876887,,800
Classic-McEliece-6688128f,decap,1024,16,2.2,1,1,0,ip-172-31-18-18,linux,0,265.3662,3.77,KEM,True,2025-11-21T22:06:18.142377,,801
Classic-McEliece-6688128f,decap,1024,16,2.2,1,1,0,ip-172-31-18-18,linux,0,269.1243,3.72,KEM,True,2025-11-21T22:06:18.411632,,802
Classic-McEliece-6688128f,decap,1024,16,2.2,1,1,0,ip-172-31-18-18,linux,0,265.1884,3.77,KEM,True,2025-11-21T22:06:18.677261,,803
Classic-McEliece-6688128f,decap,1024,16,2.2,1,1,0,ip-172-31-18-18,linux,0,267.4622,3.74,KEM,True,2025-11-21T22:06:18.944839,,804
Classic-McEliece-6688128f,decap,1024,16,2.2,1,1,0,ip-172-31-18-18,linux,0,264.4378,3.78,KEM,True,2025-11-21T22:06:19.209450,,805
Classic-McEliece-6688128f,decap,1024,64,2.2,1,1,0,ip-172-31-18-18,linux,0,264.7009,3.78,KEM,True,2025-11-21T22:06:19.474271,,806
Classic-McEliece-6688128f,decap,1024,64,2.2,1,1,0,ip-172-31-18-18,linux,0,266.3576,3.75,KEM,True,2025-11-21T22:06:19.740748,,807
Classic-McEliece-6688128f,decap,1024,64,2.2,1,1,0,ip-172-31-18-18,linux,0,263.5354,3.79,KEM,True,2025-11-21T22:06:20.004403,,808
Classic-McEliece-6688128f,decap,1024,64,2.2,1,1,0,ip-172-31-18-18,linux,0,263.7705,3.79,KEM,True,2025-11-21T22:06:20.268294,,809
Classic-McEliece-6688128f,decap,1024,64,2.2,1,1,0,ip-172-31-18-18,linux,0,263.6596,3.79,KEM,True,2025-11-21T22:06:20.532072,,810
Classic-McEliece-6960119,keygen,0,1,2.2,1,1,0,ip-172-31-18-18,linux,0,266.2528,3.76,KEM,True,2025-11-21T22:06:20.798830,,811
Classic-McEliece-6960119,keygen,0,1,2.2,1,1,0,ip-172-31-18-18,linux,0,264.5287,3.78,KEM,True,2025-11-21T22:06:21.063771,,812
Classic-McEliece-6960119,keygen,0,1,2.2,1,1,0,ip-172-31-18-18,linux,0,353.5507,2.83,KEM,True,2025-11-21T22:06:21.417695,,813
Classic-McEliece-6960119,keygen,0,1,2.2,1,1,0,ip-172-31-18-18,linux,0,311.1917,3.21,KEM,True,2025-11-21T22:06:21.729350,,814
Classic-McEliece-6960119,keygen,0,1,2.2,1,1,0,ip-172-31-18-18,linux,0,264.4451,3.78,KEM,True,2025-11-21T22:06:21.994240,,815
Classic-McEliece-6960119,keygen,0,16,2.2,1,1,0,ip-172-31-18-18,linux,0,264.8168,3.78,KEM,True,2025-11-21T22:06:22.259449,,816
Classic-McEliece-6960119,keygen,0,16,2.2,1,1,0,ip-172-31-18-18,linux,0,486.0709,2.06,KEM,True,2025-11-21T22:06:22.745898,,817
Classic-McEliece-6960119,keygen,0,16,2.2,1,1,0,ip-172-31-18-18,linux,0,266.8903,3.75,KEM,True,2025-11-21T22:06:23.013219,,818
Classic-McEliece-6960119,keygen,0,16,2.2,1,1,0,ip-172-31-18-18,linux,0,265.1129,3.77,KEM,True,2025-11-21T22:06:23.278720,,819
Classic-McEliece-6960119,keygen,0,16,2.2,1,1,0,ip-172-31-18-18,linux,0,311.0689,3.21,KEM,True,2025-11-21T22:06:23.590212,,820
Classic-McEliece-6960119,keygen,0,64,2.2,1,1,0,ip-172-31-18-18,linux,0,359.4549,2.78,KEM,True,2025-11-21T22:06:23.950063,,821
Classic-McEliece-6960119,keygen,0,64,2.2,1,1,0,ip-172-31-18-18,linux,0,265.6404,3.76,KEM,True,2025-11-21T22:06:24.216158,,822
Classic-McEliece-6960119,keygen,0,64,2.2,1,1,0,ip-172-31-18-18,linux,0,576.904,1.73,KEM,True,2025-11-21T22:06:24.793448,,823
Classic-McEliece-6960119,keygen,0,64,2.2,1,1,0,ip-172-31-18-18,linux,0,312.6589,3.2,KEM,True,2025-11-21T22:06:25.106529,,824
Classic-McEliece-6960119,keygen,0,64,2.2,1,1,0,ip-172-31-18-18,linux,0,485.6421,2.06,KEM,True,2025-11-21T22:06:25.592543,,825
Classic-McEliece-6960119,keygen,1024,1,2.2,1,1,0,ip-172-31-18-18,linux,0,618.5337,1.62,KEM,True,2025-11-21T22:06:26.211454,,826
Classic-McEliece-6960119,keygen,1024,1,2.2,1,1,0,ip-172-31-18-18,linux,0,574.4037,1.74,KEM,True,2025-11-21T22:06:26.786324,,827
Classic-McEliece-6960119,keygen,1024,1,2.2,1,1,0,ip-172-31-18-18,linux,0,308.6314,3.24,KEM,True,2025-11-21T22:06:27.095401,,828
Classic-McEliece-6960119,keygen,1024,1,2.2,1,1,0,ip-172-31-18-18,linux,0,441.3703,2.27,KEM,True,2025-11-21T22:06:27.537193,,829
Classic-McEliece-6960119,keygen,1024,1,2.2,1,1,0,ip-172-31-18-18,linux,0,353.8128,2.83,KEM,True,2025-11-21T22:06:27.891399,,830
Classic-McEliece-6960119,keygen,1024,16,2.2,1,1,0,ip-172-31-18-18,linux,0,263.8789,3.79,KEM,True,2025-11-21T22:06:28.155656,,831
Classic-McEliece-6960119,keygen,1024,16,2.2,1,1,0,ip-172-31-18-18,linux,0,352.844,2.83,KEM,True,2025-11-21T22:06:28.508890,,832
Classic-McEliece-6960119,keygen,1024,16,2.2,1,1,0,ip-172-31-18-18,linux,0,264.5996,3.78,KEM,True,2025-11-21T22:06:28.773872,,833
Classic-McEliece-6960119,keygen,1024,16,2.2,1,1,0,ip-172-31-18-18,linux,0,264.6128,3.78,KEM,True,2025-11-21T22:06:29.038862,,834
Classic-McEliece-6960119,keygen,1024,16,2.2,1,1,0,ip-172-31-18-18,linux,0,265.1215,3.77,KEM,True,2025-11-21T22:06:29.304430,,835
Classic-McEliece-6960119,keygen,1024,64,2.2,1,1,0,ip-172-31-18-18,linux,0,264.1341,3.79,KEM,True,2025-11-21T22:06:29.568950,,836
Classic-McEliece-6960119,keygen,1024,64,2.2,1,1,0,ip-172-31-18-18,linux,0,441.9183,2.26,KEM,True,2025-11-21T22:06:30.011356,,837
Classic-McEliece-6960119,keygen,1024,64,2.2,1,1,0,ip-172-31-18-18,linux,0,264.5379,3.78,KEM,True,2025-11-21T22:06:30.276400,,838
Classic-McEliece-6960119,keygen,1024,64,2.2,1,1,0,ip-172-31-18-18,linux,0,308.4531,3.24,KEM,True,2025-11-21T22:06:30.585315,,839
Classic-McEliece-6960119,keygen,1024,64,2.2,1,1,0,ip-172-31-18-18,linux,0,353.7151,2.83,KEM,True,2025-11-21T22:06:30.939408,,840
Classic-McEliece-6960119,encap,0,1,2.2,1,1,0,ip-172-31-18-18,linux,0,540.6502,1.85,KEM,True,2025-11-21T22:06:31.480445,,841
Classic-McEliece-6960119,encap,0,1,2.2,1,1,0,ip-172-31-18-18,linux,0,308.9942,3.24,KEM,True,2025-11-21T22:06:31.789809,,842
Classic-McEliece-6960119,encap,0,1,2.2,1,1,0,ip-172-31-18-18,linux,0,534.3221,1.87,KEM,True,2025-11-21T22:06:32.324515,,843
Classic-McEliece-6960119,encap,0,1,2.2,1,1,0,ip-172-31-18-18,linux,0,311.4964,3.21,KEM,True,2025-11-21T22:06:32.636391,,844
Classic-McEliece-6960119,encap,0,1,2.2,1,1,0,ip-172-31-18-18,linux,0,492.4745,2.03,KEM,True,2025-11-21T22:06:33.129339,,845
Classic-McEliece-6960119,encap,0,16,2.2,1,1,0,ip-172-31-18-18,linux,0,265.8969,3.76,KEM,True,2025-11-21T22:06:33.395615,,846
Classic-McEliece-6960119,encap,0,16,2.2,1,1,0,ip-172-31-18-18,linux,0,666.7354,1.5,KEM,True,2025-11-21T22:06:34.062727,,847
Classic-McEliece-6960119,encap,0,16,2.2,1,1,0,ip-172-31-18-18,linux,0,266.1169,3.76,KEM,True,2025-11-21T22:06:34.329279,,848
Classic-McEliece-6960119,encap,0,16,2.2,1,1,0,ip-172-31-18-18,linux,0,397.8503,2.51,KEM,True,2025-11-21T22:06:34.727509,,849
Classic-McEliece-6960119,encap,0,16,2.2,1,1,0,ip-172-31-18-18,linux,0,309.5784,3.23,KEM,True,2025-11-21T22:06:35.037461,,850
Classic-McEliece-6960119,encap,0,64,2.2,1,1,0,ip-172-31-18-18,linux,0,268.9067,3.72,KEM,True,2025-11-21T22:06:35.306748,,851
Classic-McEliece-6960119,encap,0,64,2.2,1,1,0,ip-172-31-18-18,linux,0,448.4223,2.23,KEM,True,2025-11-21T22:06:35.755549,,852
Classic-McEliece-6960119,encap,0,64,2.2,1,1,0,ip-172-31-18-18,linux,0,533.7813,1.87,KEM,True,2025-11-21T22:06:36.289708,,853
Classic-McEliece-6960119,encap,0,64,2.2,1,1,0,ip-172-31-18-18,linux,0,355.8305,2.81,KEM,True,2025-11-21T22:06:36.645915,,854
Classic-McEliece-6960119,encap,0,64,2.2,1,1,0,ip-172-31-18-18,linux,0,266.5233,3.75,KEM,True,2025-11-21T22:06:36.912842,,855
Classic-McEliece-6960119,encap,1024,1,2.2,1,1,0,ip-172-31-18-18,linux,0,312.0962,3.2,KEM,True,2025-11-21T22:06:37.225381,,856
Classic-McEliece-6960119,encap,1024,1,2.2,1,1,0,ip-172-31-18-18,linux,0,271.8279,3.68,KEM,True,2025-11-21T22:06:37.497591,,857
Classic-McEliece-6960119,encap,1024,1,2.2,1,1,0,ip-172-31-18-18,linux,0,408.8862,2.45,KEM,True,2025-11-21T22:06:37.906855,,858
Classic-McEliece-6960119,encap,1024,1,2.2,1,1,0,ip-172-31-18-18,linux,0,264.3931,3.78,KEM,True,2025-11-21T22:06:38.171631,,859
Classic-McEliece-6960119,encap,1024,1,2.2,1,1,0,ip-172-31-18-18,linux,0,280.3385,3.57,KEM,True,2025-11-21T22:06:38.452459,,860
Classic-McEliece-6960119,encap,1024,16,2.2,1,1,0,ip-172-31-18-18,linux,0,269.1653,3.72,KEM,True,2025-11-21T22:06:38.722012,,861
Classic-McEliece-6960119,encap,1024,16,2.2,1,1,0,ip-172-31-18-18,linux,0,502.8464,1.99,KEM,True,2025-11-21T22:06:39.225329,,862
Classic-McEliece-6960119,encap,1024,16,2.2,1,1,0,ip-172-31-18-18,linux,0,575.8065,1.74,KEM,True,2025-11-21T22:06:39.801513,,863
Classic-McEliece-6960119,encap,1024,16,2.2,1,1,0,ip-172-31-18-18,linux,0,266.0459,3.76,KEM,True,2025-11-21T22:06:40.067949,,864
Classic-McEliece-6960119,encap,1024,16,2.2,1,1,0,ip-172-31-18-18,linux,0,535.7979,1.87,KEM,True,2025-11-21T22:06:40.604207,,865
Classic-McEliece-6960119,encap,1024,64,2.2,1,1,0,ip-172-31-18-18,linux,0,709.2117,1.41,KEM,True,2025-11-21T22:06:41.313891,,866
Classic-McEliece-6960119,encap,1024,64,2.2,1,1,0,ip-172-31-18-18,linux,0,353.1467,2.83,KEM,True,2025-11-21T22:06:41.667405,,867
Classic-McEliece-6960119,encap,1024,64,2.2,1,1,0,ip-172-31-18-18,linux,0,575.1937,1.74,KEM,True,2025-11-21T22:06:42.242974,,868
Classic-McEliece-6960119,encap,1024,64,2.2,1,1,0,ip-172-31-18-18,linux,0,397.8141,2.51,KEM,True,2025-11-21T22:06:42.641318,,869
Classic-McEliece-6960119,encap,1024,64,2.2,1,1,0,ip-172-31-18-18,linux,0,264.0933,3.79,KEM,True,2025-11-21T22:06:42.905783,,870
Classic-McEliece-6960119,decap,0,1,2.2,1,1,0,ip-172-31-18-18,linux,0,529.7409,1.89,KEM,True,2025-11-21T22:06:43.435907,,871
Classic-McEliece-6960119,decap,0,1,2.2,1,1,0,ip-172-31-18-18,linux,0,352.3166,2.84,KEM,True,2025-11-21T22:06:43.788605,,872
Classic-McEliece-6960119,decap,0,1,2.2,1,1,0,ip-172-31-18-18,linux,0,263.7701,3.79,KEM,True,2025-11-21T22:06:44.052777,,873
Classic-McEliece-6960119,decap,0,1,2.2,1,1,0,ip-172-31-18-18,linux,0,308.4277,3.24,KEM,True,2025-11-21T22:06:44.361580,,874
Classic-McEliece-6960119,decap,0,1,2.2,1,1,0,ip-172-31-18-18,linux,0,490.6769,2.04,KEM,True,2025-11-21T22:06:44.852626,,875
Classic-McEliece-6960119,decap,0,16,2.2,1,1,0,ip-172-31-18-18,linux,0,263.6962,3.79,KEM,True,2025-11-21T22:06:45.116722,,876
Classic-McEliece-6960119,decap,0,16,2.2,1,1,0,ip-172-31-18-18,linux,0,485.4633,2.06,KEM,True,2025-11-21T22:06:45.602551,,877
Classic-McEliece-6960119,decap,0,16,2.2,1,1,0,ip-172-31-18-18,linux,0,353.0001,2.83,KEM,True,2025-11-21T22:06:45.955925,,878
Classic-McEliece-6960119,decap,0,16,2.2,1,1,0,ip-172-31-18-18,linux,0,352.5365,2.84,KEM,True,2025-11-21T22:06:46.308848,,879
Classic-McEliece-6960119,decap,0,16,2.2,1,1,0,ip-172-31-18-18,linux,0,263.9123,3.79,KEM,True,2025-11-21T22:06:46.573192,,880
Classic-McEliece-6960119,decap,0,64,2.2,1,1,0,ip-172-31-18-18,linux,0,757.166,1.32,KEM,True,2025-11-21T22:06:47.330750,,881
Classic-McEliece-6960119,decap,0,64,2.2,1,1,0,ip-172-31-18-18,linux,0,353.2799,2.83,KEM,True,2025-11-21T22:06:47.684411,,882
Classic-McEliece-6960119,decap,0,64,2.2,1,1,0,ip-172-31-18-18,linux,0,265.2401,3.77,KEM,True,2025-11-21T22:06:47.950035,,883
Classic-McEliece-6960119,decap,0,64,2.2,1,1,0,ip-172-31-18-18,linux,0,401.1229,2.49,KEM,True,2025-11-21T22:06:48.351601,,884
Classic-McEliece-6960119,decap,0,64,2.2,1,1,0,ip-172-31-18-18,linux,0,581.218,1.72,KEM,True,2025-11-21T22:06:48.933276,,885
Classic-McEliece-6960119,decap,1024,1,2.2,1,1,0,ip-172-31-18-18,linux,0,265.0701,3.77,KEM,True,2025-11-21T22:06:49.198723,,886
Classic-McEliece-6960119,decap,1024,1,2.2,1,1,0,ip-172-31-18-18,linux,0,265.169,3.77,KEM,True,2025-11-21T22:06:49.464323,,887
Classic-McEliece-6960119,decap,1024,1,2.2,1,1,0,ip-172-31-18-18,linux,0,354.706,2.82,KEM,True,2025-11-21T22:06:49.819398,,888
Classic-McEliece-6960119,decap,1024,1,2.2,1,1,0,ip-172-31-18-18,linux,0,619.3164,1.61,KEM,True,2025-11-21T22:06:50.439261,,889
Classic-McEliece-6960119,decap,1024,1,2.2,1,1,0,ip-172-31-18-18,linux,0,751.3232,1.33,KEM,True,2025-11-21T22:06:51.191004,,890
Classic-McEliece-6960119,decap,1024,16,2.2,1,1,0,ip-172-31-18-18,linux,0,264.1939,3.79,KEM,True,2025-11-21T22:06:51.455567,,891
Classic-McEliece-6960119,decap,1024,16,2.2,1,1,0,ip-172-31-18-18,linux,0,309.9957,3.23,KEM,True,2025-11-21T22:06:51.765943,,892
Classic-McEliece-6960119,decap,1024,16,2.2,1,1,0,ip-172-31-18-18,linux,0,493.3848,2.03,KEM,True,2025-11-21T22:06:52.259714,,893
Classic-McEliece-6960119,decap,1024,16,2.2,1,1,0,ip-172-31-18-18,linux,0,353.6724,2.83,KEM,True,2025-11-21T22:06:52.613773,,894
Classic-McEliece-6960119,decap,1024,16,2.2,1,1,0,ip-172-31-18-18,linux,0,359.1217,2.78,KEM,True,2025-11-21T22:06:52.973335,,895
Classic-McEliece-6960119,decap,1024,64,2.2,1,1,0,ip-172-31-18-18,linux,0,266.1271,3.76,KEM,True,2025-11-21T22:06:53.239837,,896
Classic-McEliece-6960119,decap,1024,64,2.2,1,1,0,ip-172-31-18-18,linux,0,313.6691,3.19,KEM,True,2025-11-21T22:06:53.553883,,897
Classic-McEliece-6960119,decap,1024,64,2.2,1,1,0,ip-172-31-18-18,linux,0,444.5971,2.25,KEM,True,2025-11-21T22:06:53.998874,,898
Classic-McEliece-6960119,decap,1024,64,2.2,1,1,0,ip-172-31-18-18,linux,0,309.9271,3.23,KEM,True,2025-11-21T22:06:54.309226,,899
Classic-McEliece-6960119,decap,1024,64,2.2,1,1,0,ip-172-31-18-18,linux,0,353.7587,2.83,KEM,True,2025-11-21T22:06:54.663429,,900
Classic-McEliece-6960119f,keygen,0,1,2.2,1,1,0,ip-172-31-18-18,linux,0,257.6487,3.88,KEM,True,2025-11-21T22:06:54.921484,,901
Classic-McEliece-6960119f,keygen,0,1,2.2,1,1,0,ip-172-31-18-18,linux,0,256.6117,3.9,KEM,True,2025-11-21T22:06:55.178474,,902
Classic-McEliece-6960119f,keygen,0,1,2.2,1,1,0,ip-172-31-18-18,linux,0,257.148,3.89,KEM,True,2025-11-21T22:06:55.435997,,903
Classic-McEliece-6960119f,keygen,0,1,2.2,1,1,0,ip-172-31-18-18,linux,0,256.7196,3.9,KEM,True,2025-11-21T22:06:55.693160,,904
Classic-McEliece-6960119f,keygen,0,1,2.2,1,1,0,ip-172-31-18-18,linux,0,257.1449,3.89,KEM,True,2025-11-21T22:06:55.950674,,905
Classic-McEliece-6960119f,keygen,0,16,2.2,1,1,0,ip-172-31-18-18,linux,0,257.3013,3.89,KEM,True,2025-11-21T22:06:56.208411,,906
Classic-McEliece-6960119f,keygen,0,16,2.2,1,1,0,ip-172-31-18-18,linux,0,257.3688,3.89,KEM,True,2025-11-21T22:06:56.466205,,907
Classic-McEliece-6960119f,keygen,0,16,2.2,1,1,0,ip-172-31-18-18,linux,0,256.8567,3.89,KEM,True,2025-11-21T22:06:56.723442,,908
Classic-McEliece-6960119f,keygen,0,16,2.2,1,1,0,ip-172-31-18-18,linux,0,257.664,3.88,KEM,True,2025-11-21T22:06:56.981568,,909
Classic-McEliece-6960119f,keygen,0,16,2.2,1,1,0,ip-172-31-18-18,linux,0,264.5001,3.78,KEM,True,2025-11-21T22:06:57.246518,,910
Classic-McEliece-6960119f,keygen,0,64,2.2,1,1,0,ip-172-31-18-18,linux,0,260.2232,3.84,KEM,True,2025-11-21T22:06:57.507163,,911
Classic-McEliece-6960119f,keygen,0,64,2.2,1,1,0,ip-172-31-18-18,linux,0,257.1981,3.89,KEM,True,2025-11-21T22:06:57.764785,,912
Classic-McEliece-6960119f,keygen,0,64,2.2,1,1,0,ip-172-31-18-18,linux,0,257.6853,3.88,KEM,True,2025-11-21T22:06:58.022854,,913
Classic-McEliece-6960119f,keygen,0,64,2.2,1,1,0,ip-172-31-18-18,linux,0,256.5132,3.9,KEM,True,2025-11-21T22:06:58.279743,,914
Classic-McEliece-6960119f,keygen,0,64,2.2,1,1,0,ip-172-31-18-18,linux,0,256.522,3.9,KEM,True,2025-11-21T22:06:58.536641,,915
Classic-McEliece-6960119f,keygen,1024,1,2.2,1,1,0,ip-172-31-18-18,linux,0,258.274,3.87,KEM,True,2025-11-21T22:06:58.795438,,916
Classic-McEliece-6960119f,keygen,1024,1,2.2,1,1,0,ip-172-31-18-18,linux,0,259.2745,3.86,KEM,True,2025-11-21T22:06:59.055086,,917
Classic-McEliece-6960119f,keygen,1024,1,2.2,1,1,0,ip-172-31-18-18,linux,0,258.4016,3.87,KEM,True,2025-11-21T22:06:59.313901,,918
Classic-McEliece-6960119f,keygen,1024,1,2.2,1,1,0,ip-172-31-18-18,linux,0,256.7406,3.89,KEM,True,2025-11-21T22:06:59.571021,,919
Classic-McEliece-6960119f,keygen,1024,1,2.2,1,1,0,ip-172-31-18-18,linux,0,257.1608,3.89,KEM,True,2025-11-21T22:06:59.828607,,920
Classic-McEliece-6960119f,keygen,1024,16,2.2,1,1,0,ip-172-31-18-18,linux,0,261.5321,3.82,KEM,True,2025-11-21T22:07:00.090538,,921
Classic-McEliece-6960119f,keygen,1024,16,2.2,1,1,0,ip-172-31-18-18,linux,0,257.6741,3.88,KEM,True,2025-11-21T22:07:00.348595,,922
Classic-McEliece-6960119f,keygen,1024,16,2.2,1,1,0,ip-172-31-18-18,linux,0,257.8558,3.88,KEM,True,2025-11-21T22:07:00.606852,,923
Classic-McEliece-6960119f,keygen,1024,16,2.2,1,1,0,ip-172-31-18-18,linux,0,258.6441,3.87,KEM,True,2025-11-21T22:07:00.866038,,924
Classic-McEliece-6960119f,keygen,1024,16,2.2,1,1,0,ip-172-31-18-18,linux,0,259.5218,3.85,KEM,True,2025-11-21T22:07:01.125987,,925
Classic-McEliece-6960119f,keygen,1024,64,2.2,1,1,0,ip-172-31-18-18,linux,0,259.1691,3.86,KEM,True,2025-11-21T22:07:01.385540,,926
Classic-McEliece-6960119f,keygen,1024,64,2.2,1,1,0,ip-172-31-18-18,linux,0,260.3463,3.84,KEM,True,2025-11-21T22:07:01.646329,,927
Classic-McEliece-6960119f,keygen,1024,64,2.2,1,1,0,ip-172-31-18-18,linux,0,267.7479,3.73,KEM,True,2025-11-21T22:07:01.914442,,928
Classic-McEliece-6960119f,keygen,1024,64,2.2,1,1,0,ip-172-31-18-18,linux,0,259.0389,3.86,KEM,True,2025-11-21T22:07:02.173862,,929
Classic-McEliece-6960119f,keygen,1024,64,2.2,1,1,0,ip-172-31-18-18,linux,0,262.7026,3.81,KEM,True,2025-11-21T22:07:02.436961,,930
Classic-McEliece-6960119f,encap,0,1,2.2,1,1,0,ip-172-31-18-18,linux,0,259.1592,3.86,KEM,True,2025-11-21T22:07:02.696522,,931
Classic-McEliece-6960119f,encap,0,1,2.2,1,1,0,ip-172-31-18-18,linux,0,264.2552,3.78,KEM,True,2025-11-21T22:07:02.961198,,932
Classic-McEliece-6960119f,encap,0,1,2.2,1,1,0,ip-172-31-18-18,linux,0,263.1662,3.8,KEM,True,2025-11-21T22:07:03.224806,,933
Classic-McEliece-6960119f,encap,0,1,2.2,1,1,0,ip-172-31-18-18,linux,0,264.0031,3.79,KEM,True,2025-11-21T22:07:03.489256,,934
Classic-McEliece-6960119f,encap,0,1,2.2,1,1,0,ip-172-31-18-18,linux,0,259.3954,3.86,KEM,True,2025-11-21T22:07:03.749226,,935
Classic-McEliece-6960119f,encap,0,16,2.2,1,1,0,ip-172-31-18-18,linux,0,258.6543,3.87,KEM,True,2025-11-21T22:07:04.008319,,936
Classic-McEliece-6960119f,encap,0,16,2.2,1,1,0,ip-172-31-18-18,linux,0,258.0713,3.87,KEM,True,2025-11-21T22:07:04.266762,,937
Classic-McEliece-6960119f,encap,0,16,2.2,1,1,0,ip-172-31-18-18,linux,0,257.9165,3.88,KEM,True,2025-11-21T22:07:04.525053,,938
Classic-McEliece-6960119f,encap,0,16,2.2,1,1,0,ip-172-31-18-18,linux,0,258.0704,3.87,KEM,True,2025-11-21T22:07:04.783530,,939
Classic-McEliece-6960119f,encap,0,16,2.2,1,1,0,ip-172-31-18-18,linux,0,257.016,3.89,KEM,True,2025-11-21T22:07:05.040943,,940
Classic-McEliece-6960119f,encap,0,64,2.2,1,1,0,ip-172-31-18-18,linux,0,257.66,3.88,KEM,True,2025-11-21T22:07:05.298987,,941
Classic-McEliece-6960119f,encap,0,64,2.2,1,1,0,ip-172-31-18-18,linux,0,257.4096,3.88,KEM,True,2025-11-21T22:07:05.556787,,942
Classic-McEliece-6960119f,encap,0,64,2.2,1,1,0,ip-172-31-18-18,linux,0,258.8523,3.86,KEM,True,2025-11-21T22:07:05.816047,,943
Classic-McEliece-6960119f,encap,0,64,2.2,1,1,0,ip-172-31-18-18,linux,0,257.2562,3.89,KEM,True,2025-11-21T22:07:06.073712,,944
Classic-McEliece-6960119f,encap,0,64,2.2,1,1,0,ip-172-31-18-18,linux,0,257.7721,3.88,KEM,True,2025-11-21T22:07:06.331862,,945
Classic-McEliece-6960119f,encap,1024,1,2.2,1,1,0,ip-172-31-18-18,linux,0,257.0495,3.89,KEM,True,2025-11-21T22:07:06.589403,,946
Classic-McEliece-6960119f,encap,1024,1,2.2,1,1,0,ip-172-31-18-18,linux,0,257.3314,3.89,KEM,True,2025-11-21T22:07:06.847149,,947
Classic-McEliece-6960119f,encap,1024,1,2.2,1,1,0,ip-172-31-18-18,linux,0,256.9757,3.89,KEM,True,2025-11-21T22:07:07.104573,,948
Classic-McEliece-6960119f,encap,1024,1,2.2,1,1,0,ip-172-31-18-18,linux,0,258.8334,3.86,KEM,True,2025-11-21T22:07:07.363816,,949
Classic-McEliece-6960119f,encap,1024,1,2.2,1,1,0,ip-172-31-18-18,linux,0,258.7159,3.87,KEM,True,2025-11-21T22:07:07.622907,,950
Classic-McEliece-6960119f,encap,1024,16,2.2,1,1,0,ip-172-31-18-18,linux,0,257.8252,3.88,KEM,True,2025-11-21T22:07:07.881156,,951
Classic-McEliece-6960119f,encap,1024,16,2.2,1,1,0,ip-172-31-18-18,linux,0,257.5987,3.88,KEM,True,2025-11-21T22:07:08.139191,,952
Classic-McEliece-6960119f,encap,1024,16,2.2,1,1,0,ip-172-31-18-18,linux,0,261.1913,3.83,KEM,True,2025-11-21T22:07:08.400808,,953
Classic-McEliece-6960119f,encap,1024,16,2.2,1,1,0,ip-172-31-18-18,linux,0,262.9256,3.8,KEM,True,2025-11-21T22:07:08.664194,,954
Classic-McEliece-6960119f,encap,1024,16,2.2,1,1,0,ip-172-31-18-18,linux,0,264.7416,3.78,KEM,True,2025-11-21T22:07:08.929380,,955
Classic-McEliece-6960119f,encap,1024,64,2.2,1,1,0,ip-172-31-18-18,linux,0,264.2025,3.78,KEM,True,2025-11-21T22:07:09.193949,,956
Classic-McEliece-6960119f,encap,1024,64,2.2,1,1,0,ip-172-31-18-18,linux,0,257.5146,3.88,KEM,True,2025-11-21T22:07:09.451853,,957
Classic-McEliece-6960119f,encap,1024,64,2.2,1,1,0,ip-172-31-18-18,linux,0,257.5124,3.88,KEM,True,2025-11-21T22:07:09.709749,,958
Classic-McEliece-6960119f,encap,1024,64,2.2,1,1,0,ip-172-31-18-18,linux,0,256.993,3.89,KEM,True,2025-11-21T22:07:09.967171,,959
Classic-McEliece-6960119f,encap,1024,64,2.2,1,1,0,ip-172-31-18-18,linux,0,257.1905,3.89,KEM,True,2025-11-21T22:07:10.224764,,960
Classic-McEliece-6960119f,decap,0,1,2.2,1,1,0,ip-172-31-18-18,linux,0,257.3356,3.89,KEM,True,2025-11-21T22:07:10.482488,,961
Classic-McEliece-6960119f,decap,0,1,2.2,1,1,0,ip-172-31-18-18,linux,0,257.2004,3.89,KEM,True,2025-11-21T22:07:10.740065,,962
Classic-McEliece-6960119f,decap,0,1,2.2,1,1,0,ip-172-31-18-18,linux,0,259.2953,3.86,KEM,True,2025-11-21T22:07:10.999784,,963
Classic-McEliece-6960119f,decap,0,1,2.2,1,1,0,ip-172-31-18-18,linux,0,258.442,3.87,KEM,True,2025-11-21T22:07:11.258686,,964
Classic-McEliece-6960119f,decap,0,1,2.2,1,1,0,ip-172-31-18-18,linux,0,257.689,3.88,KEM,True,2025-11-21T22:07:11.516801,,965
Classic-McEliece-6960119f,decap,0,16,2.2,1,1,0,ip-172-31-18-18,linux,0,257.7177,3.88,KEM,True,2025-11-21T22:07:11.774976,,966
Classic-McEliece-6960119f,decap,0,16,2.2,1,1,0,ip-172-31-18-18,linux,0,257.6726,3.88,KEM,True,2025-11-21T22:07:12.033018,,967
Classic-McEliece-6960119f,decap,0,16,2.2,1,1,0,ip-172-31-18-18,linux,0,259.9037,3.85,KEM,True,2025-11-21T22:07:12.293446,,968
Classic-McEliece-6960119f,decap,0,16,2.2,1,1,0,ip-172-31-18-18,linux,0,256.892,3.89,KEM,True,2025-11-21T22:07:12.550710,,969
Classic-McEliece-6960119f,decap,0,16,2.2,1,1,0,ip-172-31-18-18,linux,0,258.0696,3.87,KEM,True,2025-11-21T22:07:12.809240,,970
Classic-McEliece-6960119f,decap,0,64,2.2,1,1,0,ip-172-31-18-18,linux,0,258.671,3.87,KEM,True,2025-11-21T22:07:13.068328,,971
Classic-McEliece-6960119f,decap,0,64,2.2,1,1,0,ip-172-31-18-18,linux,0,258.291,3.87,KEM,True,2025-11-21T22:07:13.327054,,972
Classic-McEliece-6960119f,decap,0,64,2.2,1,1,0,ip-172-31-18-18,linux,0,257.482,3.88,KEM,True,2025-11-21T22:07:13.584945,,973
Classic-McEliece-6960119f,decap,0,64,2.2,1,1,0,ip-172-31-18-18,linux,0,258.3407,3.87,KEM,True,2025-11-21T22:07:13.843689,,974
Classic-McEliece-6960119f,decap,0,64,2.2,1,1,0,ip-172-31-18-18,linux,0,257.6169,3.88,KEM,True,2025-11-21T22:07:14.101671,,975
Classic-McEliece-6960119f,decap,1024,1,2.2,1,1,0,ip-172-31-18-18,linux,0,259.0089,3.86,KEM,True,2025-11-21T22:07:14.361065,,976
Classic-McEliece-6960119f,decap,1024,1,2.2,1,1,0,ip-172-31-18-18,linux,0,257.3818,3.89,KEM,True,2025-11-21T22:07:14.618856,,977
Classic-McEliece-6960119f,decap,1024,1,2.2,1,1,0,ip-172-31-18-18,linux,0,258.0057,3.88,KEM,True,2025-11-21T22:07:14.877387,,978
Classic-McEliece-6960119f,decap,1024,1,2.2,1,1,0,ip-172-31-18-18,linux,0,258.9308,3.86,KEM,True,2025-11-21T22:07:15.136703,,979
Classic-McEliece-6960119f,decap,1024,1,2.2,1,1,0,ip-172-31-18-18,linux,0,258.2917,3.87,KEM,True,2025-11-21T22:07:15.395388,,980
Classic-McEliece-6960119f,decap,1024,16,2.2,1,1,0,ip-172-31-18-18,linux,0,258.5089,3.87,KEM,True,2025-11-21T22:07:15.654352,,981
Classic-McEliece-6960119f,decap,1024,16,2.2,1,1,0,ip-172-31-18-18,linux,0,257.5329,3.88,KEM,True,2025-11-21T22:07:15.912316,,982
Classic-McEliece-6960119f,decap,1024,16,2.2,1,1,0,ip-172-31-18-18,linux,0,257.6134,3.88,KEM,True,2025-11-21T22:07:16.170389,,983
Classic-McEliece-6960119f,decap,1024,16,2.2,1,1,0,ip-172-31-18-18,linux,0,258.5507,3.87,KEM,True,2025-11-21T22:07:16.429429,,984
Classic-McEliece-6960119f,decap,1024,16,2.2,1,1,0,ip-172-31-18-18,linux,0,259.206,3.86,KEM,True,2025-11-21T22:07:16.689008,,985
Classic-McEliece-6960119f,decap,1024,64,2.2,1,1,0,ip-172-31-18-18,linux,0,258.0231,3.88,KEM,True,2025-11-21T22:07:16.947433,,986
Classic-McEliece-6960119f,decap,1024,64,2.2,1,1,0,ip-172-31-18-18,linux,0,258.0236,3.88,KEM,True,2025-11-21T22:07:17.205831,,987
Classic-McEliece-6960119f,decap,1024,64,2.2,1,1,0,ip-172-31-18-18,linux,0,258.7331,3.86,KEM,True,2025-11-21T22:07:17.464964,,988
Classic-McEliece-6960119f,decap,1024,64,2.2,1,1,0,ip-172-31-18-18,linux,0,258.6941,3.87,KEM,True,2025-11-21T22:07:17.724034,,989
Classic-McEliece-6960119f,decap,1024,64,2.2,1,1,0,ip-172-31-18-18,linux,0,258.932,3.86,KEM,True,2025-11-21T22:07:17.983401,,990
Classic-McEliece-8192128,keygen,0,1,2.2,1,1,0,ip-172-31-18-18,linux,0,308.4608,3.24,KEM,True,2025-11-21T22:07:18.292217,,991
Classic-McEliece-8192128,keygen,0,1,2.2,1,1,0,ip-172-31-18-18,linux,0,518.1054,1.93,KEM,True,2025-11-21T22:07:18.810788,,992
Classic-McEliece-8192128,keygen,0,1,2.2,1,1,0,ip-172-31-18-18,linux,0,975.6492,1.02,KEM,True,2025-11-21T22:07:19.786895,,993
Classic-McEliece-8192128,keygen,0,1,2.2,1,1,0,ip-172-31-18-18,linux,0,408.988,2.45,KEM,True,2025-11-21T22:07:20.196396,,994
Classic-McEliece-8192128,keygen,0,1,2.2,1,1,0,ip-172-31-18-18,linux,0,307.9988,3.25,KEM,True,2025-11-21T22:07:20.504870,,995
Classic-McEliece-8192128,keygen,0,16,2.2,1,1,0,ip-172-31-18-18,linux,0,675.0594,1.48,KEM,True,2025-11-21T22:07:21.180470,,996
Classic-McEliece-8192128,keygen,0,16,2.2,1,1,0,ip-172-31-18-18,linux,0,618.129,1.62,KEM,True,2025-11-21T22:07:21.799143,,997
Classic-McEliece-8192128,keygen,0,16,2.2,1,1,0,ip-172-31-18-18,linux,0,563.4206,1.77,KEM,True,2025-11-21T22:07:22.363018,,998
Classic-McEliece-8192128,keygen,0,16,2.2,1,1,0,ip-172-31-18-18,linux,0,463.6879,2.16,KEM,True,2025-11-21T22:07:22.827297,,999
Classic-McEliece-8192128,keygen,0,16,2.2,1,1,0,ip-172-31-18-18,linux,0,311.8156,3.21,KEM,True,2025-11-21T22:07:23.139563,,1000
Classic-McEliece-8192128,keygen,0,64,2.2,1,1,0,ip-172-31-18-18,linux,0,310.0072,3.23,KEM,True,2025-11-21T22:07:23.450044,,1001
Classic-McEliece-8192128,keygen,0,64,2.2,1,1,0,ip-172-31-18-18,linux,0,308.5313,3.24,KEM,True,2025-11-21T22:07:23.759050,,1002
Classic-McEliece-8192128,keygen,0,64,2.2,1,1,0,ip-172-31-18-18,linux,0,358.761,2.79,KEM,True,2025-11-21T22:07:24.118386,,1003
Classic-McEliece-8192128,keygen,0,64,2.2,1,1,0,ip-172-31-18-18,linux,0,306.7459,3.26,KEM,True,2025-11-21T22:07:24.425719,,1004
Classic-McEliece-8192128,keygen,0,64,2.2,1,1,0,ip-172-31-18-18,linux,0,816.8762,1.22,KEM,True,2025-11-21T22:07:25.243051,,1005
Classic-McEliece-8192128,keygen,1024,1,2.2,1,1,0,ip-172-31-18-18,linux,0,459.0716,2.18,KEM,True,2025-11-21T22:07:25.702614,,1006
Classic-McEliece-8192128,keygen,1024,1,2.2,1,1,0,ip-172-31-18-18,linux,0,358.2378,2.79,KEM,True,2025-11-21T22:07:26.061424,,1007
Classic-McEliece-8192128,keygen,1024,1,2.2,1,1,0,ip-172-31-18-18,linux,0,408.4799,2.45,KEM,True,2025-11-21T22:07:26.470501,,1008
Classic-McEliece-8192128,keygen,1024,1,2.2,1,1,0,ip-172-31-18-18,linux,0,311.1228,3.21,KEM,True,2025-11-21T22:07:26.782071,,1009
Classic-McEliece-8192128,keygen,1024,1,2.2,1,1,0,ip-172-31-18-18,linux,0,459.0719,2.18,KEM,True,2025-11-21T22:07:27.241638,,1010
Classic-McEliece-8192128,keygen,1024,16,2.2,1,1,0,ip-172-31-18-18,linux,0,305.8246,3.27,KEM,True,2025-11-21T22:07:27.547924,,1011
Classic-McEliece-8192128,keygen,1024,16,2.2,1,1,0,ip-172-31-18-18,linux,0,306.9109,3.26,KEM,True,2025-11-21T22:07:27.855371,,1012
Classic-McEliece-8192128,keygen,1024,16,2.2,1,1,0,ip-172-31-18-18,linux,0,409.8179,2.44,KEM,True,2025-11-21T22:07:28.265649,,1013
Classic-McEliece-8192128,keygen,1024,16,2.2,1,1,0,ip-172-31-18-18,linux,0,360.065,2.78,KEM,True,2025-11-21T22:07:28.626224,,1014
Classic-McEliece-8192128,keygen,1024,16,2.2,1,1,0,ip-172-31-18-18,linux,0,308.8352,3.24,KEM,True,2025-11-21T22:07:28.935537,,1015
Classic-McEliece-8192128,keygen,1024,64,2.2,1,1,0,ip-172-31-18-18,linux,0,312.921,3.2,KEM,True,2025-11-21T22:07:29.248937,,1016
Classic-McEliece-8192128,keygen,1024,64,2.2,1,1,0,ip-172-31-18-18,linux,0,306.2481,3.27,KEM,True,2025-11-21T22:07:29.555644,,1017
Classic-McEliece-8192128,keygen,1024,64,2.2,1,1,0,ip-172-31-18-18,linux,0,307.2536,3.25,KEM,True,2025-11-21T22:07:29.863500,,1018
Classic-McEliece-8192128,keygen,1024,64,2.2,1,1,0,ip-172-31-18-18,linux,0,309.7627,3.23,KEM,True,2025-11-21T22:07:30.173713,,1019
Classic-McEliece-8192128,keygen,1024,64,2.2,1,1,0,ip-172-31-18-18,linux,0,665.0452,1.5,KEM,True,2025-11-21T22:07:30.839296,,1020
Classic-McEliece-8192128,encap,0,1,2.2,1,1,0,ip-172-31-18-18,linux,0,308.0202,3.25,KEM,True,2025-11-21T22:07:31.147800,,1021
Classic-McEliece-8192128,encap,0,1,2.2,1,1,0,ip-172-31-18-18,linux,0,461.7773,2.17,KEM,True,2025-11-21T22:07:31.610033,,1022
Classic-McEliece-8192128,encap,0,1,2.2,1,1,0,ip-172-31-18-18,linux,0,714.8821,1.4,KEM,True,2025-11-21T22:07:32.325510,,1023
Classic-McEliece-8192128,encap,0,1,2.2,1,1,0,ip-172-31-18-18,linux,0,306.9027,3.26,KEM,True,2025-11-21T22:07:32.632867,,1024
Classic-McEliece-8192128,encap,0,1,2.2,1,1,0,ip-172-31-18-18,linux,0,817.0887,1.22,KEM,True,2025-11-21T22:07:33.450464,,1025
Classic-McEliece-8192128,encap,0,16,2.2,1,1,0,ip-172-31-18-18,linux,0,575.3725,1.74,KEM,True,2025-11-21T22:07:34.026383,,1026
Classic-McEliece-8192128,encap,0,16,2.2,1,1,0,ip-172-31-18-18,linux,0,362.43,2.76,KEM,True,2025-11-21T22:07:34.389370,,1027
Classic-McEliece-8192128,encap,0,16,2.2,1,1,0,ip-172-31-18-18,linux,0,307.0294,3.26,KEM,True,2025-11-21T22:07:34.696864,,1028
Classic-McEliece-8192128,encap,0,16,2.2,1,1,0,ip-172-31-18-18,linux,0,664.5349,1.5,KEM,True,2025-11-21T22:07:35.361849,,1029
Classic-McEliece-8192128,encap,0,16,2.2,1,1,0,ip-172-31-18-18,linux,0,663.0078,1.51,KEM,True,2025-11-21T22:07:36.025373,,1030
Classic-McEliece-8192128,encap,0,64,2.2,1,1,0,ip-172-31-18-18,linux,0,408.5633,2.45,KEM,True,2025-11-21T22:07:36.434437,,1031
Classic-McEliece-8192128,encap,0,64,2.2,1,1,0,ip-172-31-18-18,linux,0,714.7973,1.4,KEM,True,2025-11-21T22:07:37.149676,,1032
Classic-McEliece-8192128,encap,0,64,2.2,1,1,0,ip-172-31-18-18,linux,0,306.2798,3.26,KEM,True,2025-11-21T22:07:37.456460,,1033
Classic-McEliece-8192128,encap,0,64,2.2,1,1,0,ip-172-31-18-18,linux,0,358.3662,2.79,KEM,True,2025-11-21T22:07:37.815404,,1034
Classic-McEliece-8192128,encap,0,64,2.2,1,1,0,ip-172-31-18-18,linux,0,308.5267,3.24,KEM,True,2025-11-21T22:07:38.124449,,1035
Classic-McEliece-8192128,encap,1024,1,2.2,1,1,0,ip-172-31-18-18,linux,0,367.5971,2.72,KEM,True,2025-11-21T22:07:38.492500,,1036
Classic-McEliece-8192128,encap,1024,1,2.2,1,1,0,ip-172-31-18-18,linux,0,514.2563,1.94,KEM,True,2025-11-21T22:07:39.007273,,1037
Classic-McEliece-8192128,encap,1024,1,2.2,1,1,0,ip-172-31-18-18,linux,0,316.8741,3.16,KEM,True,2025-11-21T22:07:39.324631,,1038
Classic-McEliece-8192128,encap,1024,1,2.2,1,1,0,ip-172-31-18-18,linux,0,667.1962,1.5,KEM,True,2025-11-21T22:07:39.992343,,1039
Classic-McEliece-8192128,encap,1024,1,2.2,1,1,0,ip-172-31-18-18,linux,0,417.0935,2.4,KEM,True,2025-11-21T22:07:40.409882,,1040
Classic-McEliece-8192128,encap,1024,16,2.2,1,1,0,ip-172-31-18-18,linux,0,614.7337,1.63,KEM,True,2025-11-21T22:07:41.025069,,1041
Classic-McEliece-8192128,encap,1024,16,2.2,1,1,0,ip-172-31-18-18,linux,0,460.7863,2.17,KEM,True,2025-11-21T22:07:41.486396,,1042
Classic-McEliece-8192128,encap,1024,16,2.2,1,1,0,ip-172-31-18-18,linux,0,309.217,3.23,KEM,True,2025-11-21T22:07:41.796066,,1043
Classic-McEliece-8192128,encap,1024,16,2.2,1,1,0,ip-172-31-18-18,linux,0,307.8415,3.25,KEM,True,2025-11-21T22:07:42.104468,,1044
Classic-McEliece-8192128,encap,1024,16,2.2,1,1,0,ip-172-31-18-18,linux,0,411.2221,2.43,KEM,True,2025-11-21T22:07:42.516203,,1045
Classic-McEliece-8192128,encap,1024,64,2.2,1,1,0,ip-172-31-18-18,linux,0,317.5854,3.15,KEM,True,2025-11-21T22:07:42.834277,,1046
Classic-McEliece-8192128,encap,1024,64,2.2,1,1,0,ip-172-31-18-18,linux,0,612.1049,1.63,KEM,True,2025-11-21T22:07:43.446826,,1047
Classic-McEliece-8192128,encap,1024,64,2.2,1,1,0,ip-172-31-18-18,linux,0,306.3244,3.26,KEM,True,2025-11-21T22:07:43.753592,,1048
Classic-McEliece-8192128,encap,1024,64,2.2,1,1,0,ip-172-31-18-18,linux,0,309.1002,3.24,KEM,True,2025-11-21T22:07:44.063193,,1049
Classic-McEliece-8192128,encap,1024,64,2.2,1,1,0,ip-172-31-18-18,linux,0,309.1252,3.23,KEM,True,2025-11-21T22:07:44.372793,,1050
Classic-McEliece-8192128,decap,0,1,2.2,1,1,0,ip-172-31-18-18,linux,0,307.1168,3.26,KEM,True,2025-11-21T22:07:44.680454,,1051
Classic-McEliece-8192128,decap,0,1,2.2,1,1,0,ip-172-31-18-18,linux,0,307.8241,3.25,KEM,True,2025-11-21T22:07:44.988736,,1052
Classic-McEliece-8192128,decap,0,1,2.2,1,1,0,ip-172-31-18-18,linux,0,359.4599,2.78,KEM,True,2025-11-21T22:07:45.348674,,1053
Classic-McEliece-8192128,decap,0,1,2.2,1,1,0,ip-172-31-18-18,linux,0,358.2551,2.79,KEM,True,2025-11-21T22:07:45.707451,,1054
Classic-McEliece-8192128,decap,0,1,2.2,1,1,0,ip-172-31-18-18,linux,0,306.9774,3.26,KEM,True,2025-11-21T22:07:46.014880,,1055
Classic-McEliece-8192128,decap,0,16,2.2,1,1,0,ip-172-31-18-18,linux,0,615.5105,1.62,KEM,True,2025-11-21T22:07:46.630860,,1056
Classic-McEliece-8192128,decap,0,16,2.2,1,1,0,ip-172-31-18-18,linux,0,612.7394,1.63,KEM,True,2025-11-21T22:07:47.244063,,1057
Classic-McEliece-8192128,decap,0,16,2.2,1,1,0,ip-172-31-18-18,linux,0,307.5392,3.25,KEM,True,2025-11-21T22:07:47.552081,,1058
Classic-McEliece-8192128,decap,0,16,2.2,1,1,0,ip-172-31-18-18,linux,0,664.9052,1.5,KEM,True,2025-11-21T22:07:48.217574,,1059
Classic-McEliece-8192128,decap,0,16,2.2,1,1,0,ip-172-31-18-18,linux,0,360.3132,2.78,KEM,True,2025-11-21T22:07:48.578661,,1060
Classic-McEliece-8192128,decap,0,64,2.2,1,1,0,ip-172-31-18-18,linux,0,360.1427,2.78,KEM,True,2025-11-21T22:07:48.939329,,1061
Classic-McEliece-8192128,decap,0,64,2.2,1,1,0,ip-172-31-18-18,linux,0,409.6399,2.44,KEM,True,2025-11-21T22:07:49.349507,,1062
Classic-McEliece-8192128,decap,0,64,2.2,1,1,0,ip-172-31-18-18,linux,0,715.876,1.4,KEM,True,2025-11-21T22:07:50.065832,,1063
Classic-McEliece-8192128,decap,0,64,2.2,1,1,0,ip-172-31-18-18,linux,0,358.4005,2.79,KEM,True,2025-11-21T22:07:50.424714,,1064
Classic-McEliece-8192128,decap,0,64,2.2,1,1,0,ip-172-31-18-18,linux,0,308.7587,3.24,KEM,True,2025-11-21T22:07:50.733918,,1065
Classic-McEliece-8192128,decap,1024,1,2.2,1,1,0,ip-172-31-18-18,linux,0,409.1077,2.44,KEM,True,2025-11-21T22:07:51.143476,,1066
Classic-McEliece-8192128,decap,1024,1,2.2,1,1,0,ip-172-31-18-18,linux,0,359.6096,2.78,KEM,True,2025-11-21T22:07:51.503560,,1067
Classic-McEliece-8192128,decap,1024,1,2.2,1,1,0,ip-172-31-18-18,linux,0,312.7138,3.2,KEM,True,2025-11-21T22:07:51.816750,,1068
Classic-McEliece-8192128,decap,1024,1,2.2,1,1,0,ip-172-31-18-18,linux,0,461.7242,2.17,KEM,True,2025-11-21T22:07:52.278930,,1069
Classic-McEliece-8192128,decap,1024,1,2.2,1,1,0,ip-172-31-18-18,linux,0,311.6152,3.21,KEM,True,2025-11-21T22:07:52.591021,,1070
Classic-McEliece-8192128,decap,1024,16,2.2,1,1,0,ip-172-31-18-18,linux,0,410.0896,2.44,KEM,True,2025-11-21T22:07:53.001622,,1071
Classic-McEliece-8192128,decap,1024,16,2.2,1,1,0,ip-172-31-18-18,linux,0,307.321,3.25,KEM,True,2025-11-21T22:07:53.309484,,1072
Classic-McEliece-8192128,decap,1024,16,2.2,1,1,0,ip-172-31-18-18,linux,0,510.9679,1.96,KEM,True,2025-11-21T22:07:53.820911,,1073
Classic-McEliece-8192128,decap,1024,16,2.2,1,1,0,ip-172-31-18-18,linux,0,816.1538,1.23,KEM,True,2025-11-21T22:07:54.637624,,1074
Classic-McEliece-8192128,decap,1024,16,2.2,1,1,0,ip-172-31-18-18,linux,0,613.9765,1.63,KEM,True,2025-11-21T22:07:55.252059,,1075
Classic-McEliece-8192128,decap,1024,64,2.2,1,1,0,ip-172-31-18-18,linux,0,360.0038,2.78,KEM,True,2025-11-21T22:07:55.612547,,1076
Classic-McEliece-8192128,decap,1024,64,2.2,1,1,0,ip-172-31-18-18,linux,0,307.2219,3.25,KEM,True,2025-11-21T22:07:55.920323,,1077
Classic-McEliece-8192128,decap,1024,64,2.2,1,1,0,ip-172-31-18-18,linux,0,663.5621,1.51,KEM,True,2025-11-21T22:07:56.584394,,1078
Classic-McEliece-8192128,decap,1024,64,2.2,1,1,0,ip-172-31-18-18,linux,0,460.7552,2.17,KEM,True,2025-11-21T22:07:57.045633,,1079
Classic-McEliece-8192128,decap,1024,64,2.2,1,1,0,ip-172-31-18-18,linux,0,309.4843,3.23,KEM,True,2025-11-21T22:07:57.355580,,1080
Classic-McEliece-8192128f,keygen,0,1,2.2,1,1,0,ip-172-31-18-18,linux,0,320.7984,3.12,KEM,True,2025-11-21T22:07:57.676878,,1081
Classic-McEliece-8192128f,keygen,0,1,2.2,1,1,0,ip-172-31-18-18,linux,0,311.668,3.21,KEM,True,2025-11-21T22:07:57.989026,,1082
Classic-McEliece-8192128f,keygen,0,1,2.2,1,1,0,ip-172-31-18-18,linux,0,306.6896,3.26,KEM,True,2025-11-21T22:07:58.296267,,1083
Classic-McEliece-8192128f,keygen,0,1,2.2,1,1,0,ip-172-31-18-18,linux,0,307.9882,3.25,KEM,True,2025-11-21T22:07:58.604726,,1084
Classic-McEliece-8192128f,keygen,0,1,2.2,1,1,0,ip-172-31-18-18,linux,0,321.9342,3.11,KEM,True,2025-11-21T22:07:58.927195,,1085
Classic-McEliece-8192128f,keygen,0,16,2.2,1,1,0,ip-172-31-18-18,linux,0,308.8181,3.24,KEM,True,2025-11-21T22:07:59.236507,,1086
Classic-McEliece-8192128f,keygen,0,16,2.2,1,1,0,ip-172-31-18-18,linux,0,312.3511,3.2,KEM,True,2025-11-21T22:07:59.549391,,1087
Classic-McEliece-8192128f,keygen,0,16,2.2,1,1,0,ip-172-31-18-18,linux,0,310.6029,3.22,KEM,True,2025-11-21T22:07:59.860463,,1088
Classic-McEliece-8192128f,keygen,0,16,2.2,1,1,0,ip-172-31-18-18,linux,0,324.6335,3.08,KEM,True,2025-11-21T22:08:00.185557,,1089
Classic-McEliece-8192128f,keygen,0,16,2.2,1,1,0,ip-172-31-18-18,linux,0,305.8308,3.27,KEM,True,2025-11-21T22:08:00.491857,,1090
Classic-McEliece-8192128f,keygen,0,64,2.2,1,1,0,ip-172-31-18-18,linux,0,306.388,3.26,KEM,True,2025-11-21T22:08:00.798721,,1091
Classic-McEliece-8192128f,keygen,0,64,2.2,1,1,0,ip-172-31-18-18,linux,0,309.6383,3.23,KEM,True,2025-11-21T22:08:01.108844,,1092
Classic-McEliece-8192128f,keygen,0,64,2.2,1,1,0,ip-172-31-18-18,linux,0,306.2861,3.26,KEM,True,2025-11-21T22:08:01.415624,,1093
Classic-McEliece-8192128f,keygen,0,64,2.2,1,1,0,ip-172-31-18-18,linux,0,309.842,3.23,KEM,True,2025-11-21T22:08:01.725930,,1094
Classic-McEliece-8192128f,keygen,0,64,2.2,1,1,0,ip-172-31-18-18,linux,0,307.5747,3.25,KEM,True,2025-11-21T22:08:02.033964,,1095
Classic-McEliece-8192128f,keygen,1024,1,2.2,1,1,0,ip-172-31-18-18,linux,0,307.5738,3.25,KEM,True,2025-11-21T22:08:02.342006,,1096
Classic-McEliece-8192128f,keygen,1024,1,2.2,1,1,0,ip-172-31-18-18,linux,0,307.0333,3.26,KEM,True,2025-11-21T22:08:02.649525,,1097
Classic-McEliece-8192128f,keygen,1024,1,2.2,1,1,0,ip-172-31-18-18,linux,0,316.3042,3.16,KEM,True,2025-11-21T22:08:02.966370,,1098
Classic-McEliece-8192128f,keygen,1024,1,2.2,1,1,0,ip-172-31-18-18,linux,0,306.1771,3.27,KEM,True,2025-11-21T22:08:03.273007,,1099
Classic-McEliece-8192128f,keygen,1024,1,2.2,1,1,0,ip-172-31-18-18,linux,0,305.2679,3.28,KEM,True,2025-11-21T22:08:03.578753,,1100
Classic-McEliece-8192128f,keygen,1024,16,2.2,1,1,0,ip-172-31-18-18,linux,0,308.6661,3.24,KEM,True,2025-11-21T22:08:03.887874,,1101
Classic-McEliece-8192128f,keygen,1024,16,2.2,1,1,0,ip-172-31-18-18,linux,0,305.3579,3.27,KEM,True,2025-11-21T22:08:04.193688,,1102
Classic-McEliece-8192128f,keygen,1024,16,2.2,1,1,0,ip-172-31-18-18,linux,0,305.5499,3.27,KEM,True,2025-11-21T22:08:04.499787,,1103
Classic-McEliece-8192128f,keygen,1024,16,2.2,1,1,0,ip-172-31-18-18,linux,0,306.115,3.27,KEM,True,2025-11-21T22:08:04.806430,,1104
Classic-McEliece-8192128f,keygen,1024,16,2.2,1,1,0,ip-172-31-18-18,linux,0,306.8234,3.26,KEM,True,2025-11-21T22:08:05.113706,,1105
Classic-McEliece-8192128f,keygen,1024,64,2.2,1,1,0,ip-172-31-18-18,linux,0,306.075,3.27,KEM,True,2025-11-21T22:08:05.420316,,1106
Classic-McEliece-8192128f,keygen,1024,64,2.2,1,1,0,ip-172-31-18-18,linux,0,306.1859,3.27,KEM,True,2025-11-21T22:08:05.726960,,1107
Classic-McEliece-8192128f,keygen,1024,64,2.2,1,1,0,ip-172-31-18-18,linux,0,306.4,3.26,KEM,True,2025-11-21T22:08:06.033828,,1108
Classic-McEliece-8192128f,keygen,1024,64,2.2,1,1,0,ip-172-31-18-18,linux,0,305.5412,3.27,KEM,True,2025-11-21T22:08:06.339823,,1109
Classic-McEliece-8192128f,keygen,1024,64,2.2,1,1,0,ip-172-31-18-18,linux,0,305.4545,3.27,KEM,True,2025-11-21T22:08:06.645729,,1110
Classic-McEliece-8192128f,encap,0,1,2.2,1,1,0,ip-172-31-18-18,linux,0,305.9352,3.27,KEM,True,2025-11-21T22:08:06.952174,,1111
Classic-McEliece-8192128f,encap,0,1,2.2,1,1,0,ip-172-31-18-18,linux,0,305.5279,3.27,KEM,True,2025-11-21T22:08:07.258204,,1112
Classic-McEliece-8192128f,encap,0,1,2.2,1,1,0,ip-172-31-18-18,linux,0,318.8133,3.14,KEM,True,2025-11-21T22:08:07.577499,,1113
Classic-McEliece-8192128f,encap,0,1,2.2,1,1,0,ip-172-31-18-18,linux,0,308.8866,3.24,KEM,True,2025-11-21T22:08:07.886856,,1114
Classic-McEliece-8192128f,encap,0,1,2.2,1,1,0,ip-172-31-18-18,linux,0,309.6703,3.23,KEM,True,2025-11-21T22:08:08.196999,,1115
Classic-McEliece-8192128f,encap,0,16,2.2,1,1,0,ip-172-31-18-18,linux,0,319.6753,3.13,KEM,True,2025-11-21T22:08:08.517223,,1116
Classic-McEliece-8192128f,encap,0,16,2.2,1,1,0,ip-172-31-18-18,linux,0,313.7404,3.19,KEM,True,2025-11-21T22:08:08.831521,,1117
Classic-McEliece-8192128f,encap,0,16,2.2,1,1,0,ip-172-31-18-18,linux,0,309.562,3.23,KEM,True,2025-11-21T22:08:09.141540,,1118
Classic-McEliece-8192128f,encap,0,16,2.2,1,1,0,ip-172-31-18-18,linux,0,314.8338,3.18,KEM,True,2025-11-21T22:08:09.456873,,1119
Classic-McEliece-8192128f,encap,0,16,2.2,1,1,0,ip-172-31-18-18,linux,0,309.1591,3.23,KEM,True,2025-11-21T22:08:09.766504,,1120
Classic-McEliece-8192128f,encap,0,64,2.2,1,1,0,ip-172-31-18-18,linux,0,307.1035,3.26,KEM,True,2025-11-21T22:08:10.074061,,1121
Classic-McEliece-8192128f,encap,0,64,2.2,1,1,0,ip-172-31-18-18,linux,0,307.1586,3.26,KEM,True,2025-11-21T22:08:10.381717,,1122
Classic-McEliece-8192128f,encap,0,64,2.2,1,1,0,ip-172-31-18-18,linux,0,306.6285,3.26,KEM,True,2025-11-21T22:08:10.688856,,1123
Classic-McEliece-8192128f,encap,0,64,2.2,1,1,0,ip-172-31-18-18,linux,0,309.61,3.23,KEM,True,2025-11-21T22:08:10.998927,,1124
Classic-McEliece-8192128f,encap,0,64,2.2,1,1,0,ip-172-31-18-18,linux,0,308.1775,3.24,KEM,True,2025-11-21T22:08:11.307559,,1125
Classic-McEliece-8192128f,encap,1024,1,2.2,1,1,0,ip-172-31-18-18,linux,0,309.4852,3.23,KEM,True,2025-11-21T22:08:11.617504,,1126
Classic-McEliece-8192128f,encap,1024,1,2.2,1,1,0,ip-172-31-18-18,linux,0,307.8308,3.25,KEM,True,2025-11-21T22:08:11.925808,,1127
Classic-McEliece-8192128f,encap,1024,1,2.2,1,1,0,ip-172-31-18-18,linux,0,310.5533,3.22,KEM,True,2025-11-21T22:08:12.236855,,1128
Classic-McEliece-8192128f,encap,1024,1,2.2,1,1,0,ip-172-31-18-18,linux,0,310.8781,3.22,KEM,True,2025-11-21T22:08:12.548242,,1129
Classic-McEliece-8192128f,encap,1024,1,2.2,1,1,0,ip-172-31-18-18,linux,0,306.8707,3.26,KEM,True,2025-11-21T22:08:12.855619,,1130
Classic-McEliece-8192128f,encap,1024,16,2.2,1,1,0,ip-172-31-18-18,linux,0,308.0935,3.25,KEM,True,2025-11-21T22:08:13.164225,,1131
Classic-McEliece-8192128f,encap,1024,16,2.2,1,1,0,ip-172-31-18-18,linux,0,306.0681,3.27,KEM,True,2025-11-21T22:08:13.470746,,1132
Classic-McEliece-8192128f,encap,1024,16,2.2,1,1,0,ip-172-31-18-18,linux,0,305.138,3.28,KEM,True,2025-11-21T22:08:13.776391,,1133
Classic-McEliece-8192128f,encap,1024,16,2.2,1,1,0,ip-172-31-18-18,linux,0,306.2929,3.26,KEM,True,2025-11-21T22:08:14.083185,,1134
Classic-McEliece-8192128f,encap,1024,16,2.2,1,1,0,ip-172-31-18-18,linux,0,305.6734,3.27,KEM,True,2025-11-21T22:08:14.389400,,1135
Classic-McEliece-8192128f,encap,1024,64,2.2,1,1,0,ip-172-31-18-18,linux,0,305.0425,3.28,KEM,True,2025-11-21T22:08:14.694889,,1136
Classic-McEliece-8192128f,encap,1024,64,2.2,1,1,0,ip-172-31-18-18,linux,0,307.2923,3.25,KEM,True,2025-11-21T22:08:15.002650,,1137
Classic-McEliece-8192128f,encap,1024,64,2.2,1,1,0,ip-172-31-18-18,linux,0,306.9913,3.26,KEM,True,2025-11-21T22:08:15.310141,,1138
Classic-McEliece-8192128f,encap,1024,64,2.2,1,1,0,ip-172-31-18-18,linux,0,305.1997,3.28,KEM,True,2025-11-21T22:08:15.615782,,1139
Classic-McEliece-8192128f,encap,1024,64,2.2,1,1,0,ip-172-31-18-18,linux,0,304.9276,3.28,KEM,True,2025-11-21T22:08:15.921231,,1140
Classic-McEliece-8192128f,decap,0,1,2.2,1,1,0,ip-172-31-18-18,linux,0,307.2569,3.25,KEM,True,2025-11-21T22:08:16.229009,,1141
Classic-McEliece-8192128f,decap,0,1,2.2,1,1,0,ip-172-31-18-18,linux,0,310.2037,3.22,KEM,True,2025-11-21T22:08:16.539720,,1142
Classic-McEliece-8192128f,decap,0,1,2.2,1,1,0,ip-172-31-18-18,linux,0,307.8616,3.25,KEM,True,2025-11-21T22:08:16.848027,,1143
Classic-McEliece-8192128f,decap,0,1,2.2,1,1,0,ip-172-31-18-18,linux,0,308.6089,3.24,KEM,True,2025-11-21T22:08:17.157151,,1144
Classic-McEliece-8192128f,decap,0,1,2.2,1,1,0,ip-172-31-18-18,linux,0,312.1949,3.2,KEM,True,2025-11-21T22:08:17.469820,,1145
Classic-McEliece-8192128f,decap,0,16,2.2,1,1,0,ip-172-31-18-18,linux,0,323.7627,3.09,KEM,True,2025-11-21T22:08:17.794032,,1146
Classic-McEliece-8192128f,decap,0,16,2.2,1,1,0,ip-172-31-18-18,linux,0,308.2568,3.24,KEM,True,2025-11-21T22:08:18.102838,,1147
Classic-McEliece-8192128f,decap,0,16,2.2,1,1,0,ip-172-31-18-18,linux,0,316.0283,3.16,KEM,True,2025-11-21T22:08:18.419410,,1148
Classic-McEliece-8192128f,decap,0,16,2.2,1,1,0,ip-172-31-18-18,linux,0,321.7248,3.11,KEM,True,2025-11-21T22:08:18.741614,,1149
Classic-McEliece-8192128f,decap,0,16,2.2,1,1,0,ip-172-31-18-18,linux,0,315.3438,3.17,KEM,True,2025-11-21T22:08:19.057461,,1150
Classic-McEliece-8192128f,decap,0,64,2.2,1,1,0,ip-172-31-18-18,linux,0,305.9386,3.27,KEM,True,2025-11-21T22:08:19.363840,,1151
Classic-McEliece-8192128f,decap,0,64,2.2,1,1,0,ip-172-31-18-18,linux,0,311.3944,3.21,KEM,True,2025-11-21T22:08:19.675684,,1152
Classic-McEliece-8192128f,decap,0,64,2.2,1,1,0,ip-172-31-18-18,linux,0,309.2917,3.23,KEM,True,2025-11-21T22:08:19.985481,,1153
Classic-McEliece-8192128f,decap,0,64,2.2,1,1,0,ip-172-31-18-18,linux,0,306.2079,3.27,KEM,True,2025-11-21T22:08:20.292187,,1154
Classic-McEliece-8192128f,decap,0,64,2.2,1,1,0,ip-172-31-18-18,linux,0,307.9837,3.25,KEM,True,2025-11-21T22:08:20.600616,,1155
Classic-McEliece-8192128f,decap,1024,1,2.2,1,1,0,ip-172-31-18-18,linux,0,308.0618,3.25,KEM,True,2025-11-21T22:08:20.909216,,1156
Classic-McEliece-8192128f,decap,1024,1,2.2,1,1,0,ip-172-31-18-18,linux,0,309.167,3.23,KEM,True,2025-11-21T22:08:21.218828,,1157
Classic-McEliece-8192128f,decap,1024,1,2.2,1,1,0,ip-172-31-18-18,linux,0,306.8411,3.26,KEM,True,2025-11-21T22:08:21.526227,,1158
Classic-McEliece-8192128f,decap,1024,1,2.2,1,1,0,ip-172-31-18-18,linux,0,307.3073,3.25,KEM,True,2025-11-21T22:08:21.834025,,1159
Classic-McEliece-8192128f,decap,1024,1,2.2,1,1,0,ip-172-31-18-18,linux,0,306.4782,3.26,KEM,True,2025-11-21T22:08:22.141058,,1160
Classic-McEliece-8192128f,decap,1024,16,2.2,1,1,0,ip-172-31-18-18,linux,0,308.1043,3.25,KEM,True,2025-11-21T22:08:22.449641,,1161
Classic-McEliece-8192128f,decap,1024,16,2.2,1,1,0,ip-172-31-18-18,linux,0,310.6348,3.22,KEM,True,2025-11-21T22:08:22.760740,,1162
Classic-McEliece-8192128f,decap,1024,16,2.2,1,1,0,ip-172-31-18-18,linux,0,309.7854,3.23,KEM,True,2025-11-21T22:08:23.070977,,1163
Classic-McEliece-8192128f,decap,1024,16,2.2,1,1,0,ip-172-31-18-18,linux,0,306.2113,3.27,KEM,True,2025-11-21T22:08:23.377651,,1164
Classic-McEliece-8192128f,decap,1024,16,2.2,1,1,0,ip-172-31-18-18,linux,0,307.8421,3.25,KEM,True,2025-11-21T22:08:23.685989,,1165
Classic-McEliece-8192128f,decap,1024,64,2.2,1,1,0,ip-172-31-18-18,linux,0,328.9954,3.04,KEM,True,2025-11-21T22:08:24.015511,,1166
Classic-McEliece-8192128f,decap,1024,64,2.2,1,1,0,ip-172-31-18-18,linux,0,312.1589,3.2,KEM,True,2025-11-21T22:08:24.328178,,1167
Classic-McEliece-8192128f,decap,1024,64,2.2,1,1,0,ip-172-31-18-18,linux,0,309.9769,3.23,KEM,True,2025-11-21T22:08:24.638643,,1168
Classic-McEliece-8192128f,decap,1024,64,2.2,1,1,0,ip-172-31-18-18,linux,0,306.2501,3.27,KEM,True,2025-11-21T22:08:24.945627,,1169
Classic-McEliece-8192128f,decap,1024,64,2.2,1,1,0,ip-172-31-18-18,linux,0,309.5091,3.23,KEM,True,2025-11-21T22:08:25.255654,,1170
FrodoKEM-1344-AES,keygen,0,1,2.2,1,1,0,ip-172-31-18-18,linux,0,2.6979,370.66,KEM,True,2025-11-21T22:08:25.258482,,1171
FrodoKEM-1344-AES,keygen,0,1,2.2,1,1,0,ip-172-31-18-18,linux,0,2.6058,383.76,KEM,True,2025-11-21T22:08:25.261180,,1172
FrodoKEM-1344-AES,keygen,0,1,2.2,1,1,0,ip-172-31-18-18,linux,0,2.3901,418.39,KEM,True,2025-11-21T22:08:25.263648,,1173
FrodoKEM-1344-AES,keygen,0,1,2.2,1,1,0,ip-172-31-18-18,linux,0,2.4215,412.96,KEM,True,2025-11-21T22:08:25.266138,,1174
FrodoKEM-1344-AES,keygen,0,1,2.2,1,1,0,ip-172-31-18-18,linux,0,2.3831,419.62,KEM,True,2025-11-21T22:08:25.268588,,1175
FrodoKEM-1344-AES,keygen,0,16,2.2,1,1,0,ip-172-31-18-18,linux,0,2.3855,419.2,KEM,True,2025-11-21T22:08:25.271042,,1176
FrodoKEM-1344-AES,keygen,0,16,2.2,1,1,0,ip-172-31-18-18,linux,0,2.4235,412.62,KEM,True,2025-11-21T22:08:25.273553,,1177
FrodoKEM-1344-AES,keygen,0,16,2.2,1,1,0,ip-172-31-18-18,linux,0,2.3693,422.07,KEM,True,2025-11-21T22:08:25.275988,,1178
FrodoKEM-1344-AES,keygen,0,16,2.2,1,1,0,ip-172-31-18-18,linux,0,2.4297,411.57,KEM,True,2025-11-21T22:08:25.278484,,1179
FrodoKEM-1344-AES,keygen,0,16,2.2,1,1,0,ip-172-31-18-18,linux,0,2.3832,419.6,KEM,True,2025-11-21T22:08:25.280935,,1180
FrodoKEM-1344-AES,keygen,0,64,2.2,1,1,0,ip-172-31-18-18,linux,0,2.3727,421.45,KEM,True,2025-11-21T22:08:25.283376,,1181
FrodoKEM-1344-AES,keygen,0,64,2.2,1,1,0,ip-172-31-18-18,linux,0,2.5908,385.99,KEM,True,2025-11-21T22:08:25.286041,,1182
FrodoKEM-1344-AES,keygen,0,64,2.2,1,1,0,ip-172-31-18-18,linux,0,2.3759,420.9,KEM,True,2025-11-21T22:08:25.288556,,1183
FrodoKEM-1344-AES,keygen,0,64,2.2,1,1,0,ip-172-31-18-18,linux,0,2.3595,423.83,KEM,True,2025-11-21T22:08:25.290988,,1184
FrodoKEM-1344-AES,keygen,0,64,2.2,1,1,0,ip-172-31-18-18,linux,0,2.426,412.21,KEM,True,2025-11-21T22:08:25.293509,,1185
FrodoKEM-1344-AES,keygen,1024,1,2.2,1,1,0,ip-172-31-18-18,linux,0,2.3397,427.41,KEM,True,2025-11-21T22:08:25.295919,,1186
FrodoKEM-1344-AES,keygen,1024,1,2.2,1,1,0,ip-172-31-18-18,linux,0,2.3751,421.04,KEM,True,2025-11-21T22:08:25.298412,,1187
FrodoKEM-1344-AES,keygen,1024,1,2.2,1,1,0,ip-172-31-18-18,linux,0,2.3888,418.62,KEM,True,2025-11-21T22:08:25.300868,,1188
FrodoKEM-1344-AES,keygen,1024,1,2.2,1,1,0,ip-172-31-18-18,linux,0,2.3725,421.5,KEM,True,2025-11-21T22:08:25.303313,,1189
FrodoKEM-1344-AES,keygen,1024,1,2.2,1,1,0,ip-172-31-18-18,linux,0,2.429,411.69,KEM,True,2025-11-21T22:08:25.305825,,1190
FrodoKEM-1344-AES,keygen,1024,16,2.2,1,1,0,ip-172-31-18-18,linux,0,2.4253,412.32,KEM,True,2025-11-21T22:08:25.308337,,1191
FrodoKEM-1344-AES,keygen,1024,16,2.2,1,1,0,ip-172-31-18-18,linux,0,2.3832,419.6,KEM,True,2025-11-21T22:08:25.310794,,1192
FrodoKEM-1344-AES,keygen,1024,16,2.2,1,1,0,ip-172-31-18-18,linux,0,2.3791,420.33,KEM,True,2025-11-21T22:08:25.313240,,1193
FrodoKEM-1344-AES,keygen,1024,16,2.2,1,1,0,ip-172-31-18-18,linux,0,2.3596,423.8,KEM,True,2025-11-21T22:08:25.315663,,1194
FrodoKEM-1344-AES,keygen,1024,16,2.2,1,1,0,ip-172-31-18-18,linux,0,2.398,417.02,KEM,True,2025-11-21T22:08:25.318129,,1195
FrodoKEM-1344-AES,keygen,1024,64,2.2,1,1,0,ip-172-31-18-18,linux,0,2.3755,420.96,KEM,True,2025-11-21T22:08:25.320597,,1196
FrodoKEM-1344-AES,keygen,1024,64,2.2,1,1,0,ip-172-31-18-18,linux,0,2.39,418.41,KEM,True,2025-11-21T22:08:25.323072,,1197
FrodoKEM-1344-AES,keygen,1024,64,2.2,1,1,0,ip-172-31-18-18,linux,0,2.3777,420.57,KEM,True,2025-11-21T22:08:25.325531,,1198
FrodoKEM-1344-AES,keygen,1024,64,2.2,1,1,0,ip-172-31-18-18,linux,0,2.4081,415.26,KEM,True,2025-11-21T22:08:25.328005,,1199
FrodoKEM-1344-AES,keygen,1024,64,2.2,1,1,0,ip-172-31-18-18,linux,0,2.495,400.81,KEM,True,2025-11-21T22:08:25.330566,,1200
FrodoKEM-1344-AES,encap,0,1,2.2,1,1,0,ip-172-31-18-18,linux,0,5.8178,171.88,KEM,True,2025-11-21T22:08:25.336464,,1201
FrodoKEM-1344-AES,encap,0,1,2.2,1,1,0,ip-172-31-18-18,linux,0,6.0963,164.03,KEM,True,2025-11-21T22:08:25.342637,,1202
FrodoKEM-1344-AES,encap,0,1,2.2,1,1,0,ip-172-31-18-18,linux,0,6.0043,166.55,KEM,True,2025-11-21T22:08:25.348717,,1203
FrodoKEM-1344-AES,encap,0,1,2.2,1,1,0,ip-172-31-18-18,linux,0,5.6607,176.66,KEM,True,2025-11-21T22:08:25.354446,,1204
FrodoKEM-1344-AES,encap,0,1,2.2,1,1,0,ip-172-31-18-18,linux,0,5.9676,167.57,KEM,True,2025-11-21T22:08:25.360490,,1205
FrodoKEM-1344-AES,encap,0,16,2.2,1,1,0,ip-172-31-18-18,linux,0,5.7503,173.9,KEM,True,2025-11-21T22:08:25.366347,,1206
FrodoKEM-1344-AES,encap,0,16,2.2,1,1,0,ip-172-31-18-18,linux,0,6.0898,164.21,KEM,True,2025-11-21T22:08:25.372559,,1207
FrodoKEM-1344-AES,encap,0,16,2.2,1,1,0,ip-172-31-18-18,linux,0,5.6507,176.97,KEM,True,2025-11-21T22:08:25.378307,,1208
FrodoKEM-1344-AES,encap,0,16,2.2,1,1,0,ip-172-31-18-18,linux,0,5.9651,167.64,KEM,True,2025-11-21T22:08:25.384344,,1209
FrodoKEM-1344-AES,encap,0,16,2.2,1,1,0,ip-172-31-18-18,linux,0,5.9887,166.98,KEM,True,2025-11-21T22:08:25.390407,,1210
FrodoKEM-1344-AES,encap,0,64,2.2,1,1,0,ip-172-31-18-18,linux,0,5.871,170.33,KEM,True,2025-11-21T22:08:25.396352,,1211
FrodoKEM-1344-AES,encap,0,64,2.2,1,1,0,ip-172-31-18-18,linux,0,5.6428,177.22,KEM,True,2025-11-21T22:08:25.402069,,1212
FrodoKEM-1344-AES,encap,0,64,2.2,1,1,0,ip-172-31-18-18,linux,0,6.0025,166.6,KEM,True,2025-11-21T22:08:25.408194,,1213
FrodoKEM-1344-AES,encap,0,64,2.2,1,1,0,ip-172-31-18-18,linux,0,6.0374,165.63,KEM,True,2025-11-21T22:08:25.414324,,1214
FrodoKEM-1344-AES,encap,0,64,2.2,1,1,0,ip-172-31-18-18,linux,0,5.9433,168.26,KEM,True,2025-11-21T22:08:25.420369,,1215
FrodoKEM-1344-AES,encap,1024,1,2.2,1,1,0,ip-172-31-18-18,linux,0,6.0813,164.44,KEM,True,2025-11-21T22:08:25.426570,,1216
FrodoKEM-1344-AES,encap,1024,1,2.2,1,1,0,ip-172-31-18-18,linux,0,6.0656,164.86,KEM,True,2025-11-21T22:08:25.432727,,1217
FrodoKEM-1344-AES,encap,1024,1,2.2,1,1,0,ip-172-31-18-18,linux,0,5.7617,173.56,KEM,True,2025-11-21T22:08:25.438570,,1218
FrodoKEM-1344-AES,encap,1024,1,2.2,1,1,0,ip-172-31-18-18,linux,0,5.6929,175.66,KEM,True,2025-11-21T22:08:25.444338,,1219
FrodoKEM-1344-AES,encap,1024,1,2.2,1,1,0,ip-172-31-18-18,linux,0,5.9934,166.85,KEM,True,2025-11-21T22:08:25.450404,,1220
FrodoKEM-1344-AES,encap,1024,16,2.2,1,1,0,ip-172-31-18-18,linux,0,5.9496,168.08,KEM,True,2025-11-21T22:08:25.456423,,1221
FrodoKEM-1344-AES,encap,1024,16,2.2,1,1,0,ip-172-31-18-18,linux,0,6.4442,155.18,KEM,True,2025-11-21T22:08:25.462951,,1222
FrodoKEM-1344-AES,encap,1024,16,2.2,1,1,0,ip-172-31-18-18,linux,0,5.7502,173.91,KEM,True,2025-11-21T22:08:25.468815,,1223
FrodoKEM-1344-AES,encap,1024,16,2.2,1,1,0,ip-172-31-18-18,linux,0,6.0336,165.74,KEM,True,2025-11-21T22:08:25.474933,,1224
FrodoKEM-1344-AES,encap,1024,16,2.2,1,1,0,ip-172-31-18-18,linux,0,5.7013,175.4,KEM,True,2025-11-21T22:08:25.480715,,1225
FrodoKEM-1344-AES,encap,1024,64,2.2,1,1,0,ip-172-31-18-18,linux,0,5.6811,176.02,KEM,True,2025-11-21T22:08:25.486485,,1226
FrodoKEM-1344-AES,encap,1024,64,2.2,1,1,0,ip-172-31-18-18,linux,0,6.0493,165.31,KEM,True,2025-11-21T22:08:25.492634,,1227
FrodoKEM-1344-AES,encap,1024,64,2.2,1,1,0,ip-172-31-18-18,linux,0,5.7115,175.08,KEM,True,2025-11-21T22:08:25.498456,,1228
FrodoKEM-1344-AES,encap,1024,64,2.2,1,1,0,ip-172-31-18-18,linux,0,6.0307,165.82,KEM,True,2025-11-21T22:08:25.504581,,1229
FrodoKEM-1344-AES,encap,1024,64,2.2,1,1,0,ip-172-31-18-18,linux,0,6.0126,166.32,KEM,True,2025-11-21T22:08:25.510693,,1230
FrodoKEM-1344-AES,decap,0,1,2.2,1,1,0,ip-172-31-18-18,linux,0,9.7398,102.67,KEM,True,2025-11-21T22:08:25.520556,,1231
FrodoKEM-1344-AES,decap,0,1,2.2,1,1,0,ip-172-31-18-18,linux,0,9.6213,103.94,KEM,True,2025-11-21T22:08:25.530290,,1232
FrodoKEM-1344-AES,decap,0,1,2.2,1,1,0,ip-172-31-18-18,linux,0,9.7492,102.57,KEM,True,2025-11-21T22:08:25.540139,,1233
FrodoKEM-1344-AES,decap,0,1,2.2,1,1,0,ip-172-31-18-18,linux,0,9.8344,101.68,KEM,True,2025-11-21T22:08:25.550073,,1234
FrodoKEM-1344-AES,decap,0,1,2.2,1,1,0,ip-172-31-18-18,linux,0,9.8009,102.03,KEM,True,2025-11-21T22:08:25.559991,,1235
FrodoKEM-1344-AES,decap,0,16,2.2,1,1,0,ip-172-31-18-18,linux,0,9.5416,104.8,KEM,True,2025-11-21T22:08:25.569640,,1236
FrodoKEM-1344-AES,decap,0,16,2.2,1,1,0,ip-172-31-18-18,linux,0,9.4802,105.48,KEM,True,2025-11-21T22:08:25.579216,,1237
FrodoKEM-1344-AES,decap,0,16,2.2,1,1,0,ip-172-31-18-18,linux,0,9.8233,101.8,KEM,True,2025-11-21T22:08:25.589133,,1238
FrodoKEM-1344-AES,decap,0,16,2.2,1,1,0,ip-172-31-18-18,linux,0,9.6986,103.11,KEM,True,2025-11-21T22:08:25.598939,,1239
FrodoKEM-1344-AES,decap,0,16,2.2,1,1,0,ip-172-31-18-18,linux,0,10.0061,99.94,KEM,True,2025-11-21T22:08:25.609074,,1240
FrodoKEM-1344-AES,decap,0,64,2.2,1,1,0,ip-172-31-18-18,linux,0,9.3816,106.59,KEM,True,2025-11-21T22:08:25.618584,,1241
FrodoKEM-1344-AES,decap,0,64,2.2,1,1,0,ip-172-31-18-18,linux,0,9.5569,104.64,KEM,True,2025-11-21T22:08:25.628252,,1242
FrodoKEM-1344-AES,decap,0,64,2.2,1,1,0,ip-172-31-18-18,linux,0,9.8505,101.52,KEM,True,2025-11-21T22:08:25.638204,,1243
FrodoKEM-1344-AES,decap,0,64,2.2,1,1,0,ip-172-31-18-18,linux,0,9.9222,100.78,KEM,True,2025-11-21T22:08:25.648238,,1244
FrodoKEM-1344-AES,decap,0,64,2.2,1,1,0,ip-172-31-18-18,linux,0,9.7601,102.46,KEM,True,2025-11-21T22:08:25.658115,,1245
FrodoKEM-1344-AES,decap,1024,1,2.2,1,1,0,ip-172-31-18-18,linux,0,9.8696,101.32,KEM,True,2025-11-21T22:08:25.668085,,1246
FrodoKEM-1344-AES,decap,1024,1,2.2,1,1,0,ip-172-31-18-18,linux,0,9.4359,105.98,KEM,True,2025-11-21T22:08:25.677645,,1247
FrodoKEM-1344-AES,decap,1024,1,2.2,1,1,0,ip-172-31-18-18,linux,0,9.8297,101.73,KEM,True,2025-11-21T22:08:25.687577,,1248
FrodoKEM-1344-AES,decap,1024,1,2.2,1,1,0,ip-172-31-18-18,linux,0,9.2895,107.65,KEM,True,2025-11-21T22:08:25.696988,,1249
FrodoKEM-1344-AES,decap,1024,1,2.2,1,1,0,ip-172-31-18-18,linux,0,9.9578,100.42,KEM,True,2025-11-21T22:08:25.707062,,1250
FrodoKEM-1344-AES,decap,1024,16,2.2,1,1,0,ip-172-31-18-18,linux,0,9.6298,103.84,KEM,True,2025-11-21T22:08:25.716829,,1251
FrodoKEM-1344-AES,decap,1024,16,2.2,1,1,0,ip-172-31-18-18,linux,0,9.6651,103.47,KEM,True,2025-11-21T22:08:25.726623,,1252
FrodoKEM-1344-AES,decap,1024,16,2.2,1,1,0,ip-172-31-18-18,linux,0,9.7727,102.33,KEM,True,2025-11-21T22:08:25.736501,,1253
FrodoKEM-1344-AES,decap,1024,16,2.2,1,1,0,ip-172-31-18-18,linux,0,9.8413,101.61,KEM,True,2025-11-21T22:08:25.746478,,1254
FrodoKEM-1344-AES,decap,1024,16,2.2,1,1,0,ip-172-31-18-18,linux,0,9.5961,104.21,KEM,True,2025-11-21T22:08:25.756158,,1255
FrodoKEM-1344-AES,decap,1024,64,2.2,1,1,0,ip-172-31-18-18,linux,0,9.5041,105.22,KEM,True,2025-11-21T22:08:25.765751,,1256
FrodoKEM-1344-AES,decap,1024,64,2.2,1,1,0,ip-172-31-18-18,linux,0,10.2606,97.46,KEM,True,2025-11-21T22:08:25.776130,,1257
FrodoKEM-1344-AES,decap,1024,64,2.2,1,1,0,ip-172-31-18-18,linux,0,9.8187,101.85,KEM,True,2025-11-21T22:08:25.786068,,1258
FrodoKEM-1344-AES,decap,1024,64,2.2,1,1,0,ip-172-31-18-18,linux,0,9.0554,110.43,KEM,True,2025-11-21T22:08:25.795262,,1259
FrodoKEM-1344-AES,decap,1024,64,2.2,1,1,0,ip-172-31-18-18,linux,0,9.4723,105.57,KEM,True,2025-11-21T22:08:25.804849,,1260
FrodoKEM-1344-SHAKE,keygen,0,1,2.2,1,1,0,ip-172-31-18-18,linux,0,10.8762,91.94,KEM,True,2025-11-21T22:08:25.815850,,1261
FrodoKEM-1344-SHAKE,keygen,0,1,2.2,1,1,0,ip-172-31-18-18,linux,0,13.5503,73.8,KEM,True,2025-11-21T22:08:25.829537,,1262
FrodoKEM-1344-SHAKE,keygen,0,1,2.2,1,1,0,ip-172-31-18-18,linux,0,11.2985,88.51,KEM,True,2025-11-21T22:08:25.840962,,1263
FrodoKEM-1344-SHAKE,keygen,0,1,2.2,1,1,0,ip-172-31-18-18,linux,0,10.8862,91.86,KEM,True,2025-11-21T22:08:25.851982,,1264
FrodoKEM-1344-SHAKE,keygen,0,1,2.2,1,1,0,ip-172-31-18-18,linux,0,11.0993,90.1,KEM,True,2025-11-21T22:08:25.863202,,1265
FrodoKEM-1344-SHAKE,keygen,0,16,2.2,1,1,0,ip-172-31-18-18,linux,0,11.1539,89.66,KEM,True,2025-11-21T22:08:25.874486,,1266
FrodoKEM-1344-SHAKE,keygen,0,16,2.2,1,1,0,ip-172-31-18-18,linux,0,10.7955,92.63,KEM,True,2025-11-21T22:08:25.885408,,1267
FrodoKEM-1344-SHAKE,keygen,0,16,2.2,1,1,0,ip-172-31-18-18,linux,0,13.8908,71.99,KEM,True,2025-11-21T22:08:25.899418,,1268
FrodoKEM-1344-SHAKE,keygen,0,16,2.2,1,1,0,ip-172-31-18-18,linux,0,13.6302,73.37,KEM,True,2025-11-21T22:08:25.913187,,1269
FrodoKEM-1344-SHAKE,keygen,0,16,2.2,1,1,0,ip-172-31-18-18,linux,0,11.5528,86.56,KEM,True,2025-11-21T22:08:25.924861,,1270
FrodoKEM-1344-SHAKE,keygen,0,64,2.2,1,1,0,ip-172-31-18-18,linux,0,10.8445,92.21,KEM,True,2025-11-21T22:08:25.935825,,1271
FrodoKEM-1344-SHAKE,keygen,0,64,2.2,1,1,0,ip-172-31-18-18,linux,0,10.8258,92.37,KEM,True,2025-11-21T22:08:25.946758,,1272
FrodoKEM-1344-SHAKE,keygen,0,64,2.2,1,1,0,ip-172-31-18-18,linux,0,10.8366,92.28,KEM,True,2025-11-21T22:08:25.957679,,1273
FrodoKEM-1344-SHAKE,keygen,0,64,2.2,1,1,0,ip-172-31-18-18,linux,0,10.6958,93.49,KEM,True,2025-11-21T22:08:25.968466,,1274
FrodoKEM-1344-SHAKE,keygen,0,64,2.2,1,1,0,ip-172-31-18-18,linux,0,10.842,92.23,KEM,True,2025-11-21T22:08:25.979420,,1275
FrodoKEM-1344-SHAKE,keygen,1024,1,2.2,1,1,0,ip-172-31-18-18,linux,0,10.838,92.27,KEM,True,2025-11-21T22:08:25.990377,,1276
FrodoKEM-1344-SHAKE,keygen,1024,1,2.2,1,1,0,ip-172-31-18-18,linux,0,10.8137,92.47,KEM,True,2025-11-21T22:08:26.001302,,1277
FrodoKEM-1344-SHAKE,keygen,1024,1,2.2,1,1,0,ip-172-31-18-18,linux,0,10.8614,92.07,KEM,True,2025-11-21T22:08:26.012278,,1278
FrodoKEM-1344-SHAKE,keygen,1024,1,2.2,1,1,0,ip-172-31-18-18,linux,0,10.8466,92.19,KEM,True,2025-11-21T22:08:26.023246,,1279
FrodoKEM-1344-SHAKE,keygen,1024,1,2.2,1,1,0,ip-172-31-18-18,linux,0,10.8828,91.89,KEM,True,2025-11-21T22:08:26.034243,,1280
FrodoKEM-1344-SHAKE,keygen,1024,16,2.2,1,1,0,ip-172-31-18-18,linux,0,10.8482,92.18,KEM,True,2025-11-21T22:08:26.045201,,1281
FrodoKEM-1344-SHAKE,keygen,1024,16,2.2,1,1,0,ip-172-31-18-18,linux,0,10.7664,92.88,KEM,True,2025-11-21T22:08:26.056056,,1282
FrodoKEM-1344-SHAKE,keygen,1024,16,2.2,1,1,0,ip-172-31-18-18,linux,0,10.78,92.76,KEM,True,2025-11-21T22:08:26.066971,,1283
FrodoKEM-1344-SHAKE,keygen,1024,16,2.2,1,1,0,ip-172-31-18-18,linux,0,10.8384,92.26,KEM,True,2025-11-21T22:08:26.077920,,1284
FrodoKEM-1344-SHAKE,keygen,1024,16,2.2,1,1,0,ip-172-31-18-18,linux,0,10.8257,92.37,KEM,True,2025-11-21T22:08:26.088860,,1285
FrodoKEM-1344-SHAKE,keygen,1024,64,2.2,1,1,0,ip-172-31-18-18,linux,0,12.4206,80.51,KEM,True,2025-11-21T22:08:26.101391,,1286
FrodoKEM-1344-SHAKE,keygen,1024,64,2.2,1,1,0,ip-172-31-18-18,linux,0,11.2842,88.62,KEM,True,2025-11-21T22:08:26.112809,,1287
FrodoKEM-1344-SHAKE,keygen,1024,64,2.2,1,1,0,ip-172-31-18-18,linux,0,10.8515,92.15,KEM,True,2025-11-21T22:08:26.123778,,1288
FrodoKEM-1344-SHAKE,keygen,1024,64,2.2,1,1,0,ip-172-31-18-18,linux,0,10.8787,91.92,KEM,True,2025-11-21T22:08:26.134768,,1289
FrodoKEM-1344-SHAKE,keygen,1024,64,2.2,1,1,0,ip-172-31-18-18,linux,0,11.3859,87.83,KEM,True,2025-11-21T22:08:26.146270,,1290
FrodoKEM-1344-SHAKE,encap,0,1,2.2,1,1,0,ip-172-31-18-18,linux,0,22.3535,44.74,KEM,True,2025-11-21T22:08:26.168754,,1291
FrodoKEM-1344-SHAKE,encap,0,1,2.2,1,1,0,ip-172-31-18-18,linux,0,22.3056,44.83,KEM,True,2025-11-21T22:08:26.191175,,1292
FrodoKEM-1344-SHAKE,encap,0,1,2.2,1,1,0,ip-172-31-18-18,linux,0,22.3025,44.84,KEM,True,2025-11-21T22:08:26.213599,,1293
FrodoKEM-1344-SHAKE,encap,0,1,2.2,1,1,0,ip-172-31-18-18,linux,0,22.307,44.83,KEM,True,2025-11-21T22:08:26.236025,,1294
FrodoKEM-1344-SHAKE,encap,0,1,2.2,1,1,0,ip-172-31-18-18,linux,0,22.3247,44.79,KEM,True,2025-11-21T22:08:26.258500,,1295
FrodoKEM-1344-SHAKE,encap,0,16,2.2,1,1,0,ip-172-31-18-18,linux,0,22.2561,44.93,KEM,True,2025-11-21T22:08:26.280876,,1296
FrodoKEM-1344-SHAKE,encap,0,16,2.2,1,1,0,ip-172-31-18-18,linux,0,22.2926,44.86,KEM,True,2025-11-21T22:08:26.303287,,1297
FrodoKEM-1344-SHAKE,encap,0,16,2.2,1,1,0,ip-172-31-18-18,linux,0,22.3356,44.77,KEM,True,2025-11-21T22:08:26.325750,,1298
FrodoKEM-1344-SHAKE,encap,0,16,2.2,1,1,0,ip-172-31-18-18,linux,0,22.2705,44.9,KEM,True,2025-11-21T22:08:26.348137,,1299
FrodoKEM-1344-SHAKE,encap,0,16,2.2,1,1,0,ip-172-31-18-18,linux,0,22.2235,45.0,KEM,True,2025-11-21T22:08:26.370473,,1300
FrodoKEM-1344-SHAKE,encap,0,64,2.2,1,1,0,ip-172-31-18-18,linux,0,22.3179,44.81,KEM,True,2025-11-21T22:08:26.392910,,1301
FrodoKEM-1344-SHAKE,encap,0,64,2.2,1,1,0,ip-172-31-18-18,linux,0,22.3041,44.83,KEM,True,2025-11-21T22:08:26.415333,,1302
FrodoKEM-1344-SHAKE,encap,0,64,2.2,1,1,0,ip-172-31-18-18,linux,0,22.2853,44.87,KEM,True,2025-11-21T22:08:26.437737,,1303
FrodoKEM-1344-SHAKE,encap,0,64,2.2,1,1,0,ip-172-31-18-18,linux,0,22.2141,45.02,KEM,True,2025-11-21T22:08:26.460062,,1304
FrodoKEM-1344-SHAKE,encap,0,64,2.2,1,1,0,ip-172-31-18-18,linux,0,22.3044,44.83,KEM,True,2025-11-21T22:08:26.482494,,1305
FrodoKEM-1344-SHAKE,encap,1024,1,2.2,1,1,0,ip-172-31-18-18,linux,0,22.6745,44.1,KEM,True,2025-11-21T22:08:26.505292,,1306
FrodoKEM-1344-SHAKE,encap,1024,1,2.2,1,1,0,ip-172-31-18-18,linux,0,22.4136,44.62,KEM,True,2025-11-21T22:08:26.527835,,1307
FrodoKEM-1344-SHAKE,encap,1024,1,2.2,1,1,0,ip-172-31-18-18,linux,0,22.3685,44.71,KEM,True,2025-11-21T22:08:26.550316,,1308
FrodoKEM-1344-SHAKE,encap,1024,1,2.2,1,1,0,ip-172-31-18-18,linux,0,22.3441,44.75,KEM,True,2025-11-21T22:08:26.572763,,1309
FrodoKEM-1344-SHAKE,encap,1024,1,2.2,1,1,0,ip-172-31-18-18,linux,0,23.2087,43.09,KEM,True,2025-11-21T22:08:26.596094,,1310
FrodoKEM-1344-SHAKE,encap,1024,16,2.2,1,1,0,ip-172-31-18-18,linux,0,22.749,43.96,KEM,True,2025-11-21T22:08:26.618996,,1311
FrodoKEM-1344-SHAKE,encap,1024,16,2.2,1,1,0,ip-172-31-18-18,linux,0,22.2813,44.88,KEM,True,2025-11-21T22:08:26.641399,,1312
FrodoKEM-1344-SHAKE,encap,1024,16,2.2,1,1,0,ip-172-31-18-18,linux,0,22.2479,44.95,KEM,True,2025-11-21T22:08:26.663768,,1313
FrodoKEM-1344-SHAKE,encap,1024,16,2.2,1,1,0,ip-172-31-18-18,linux,0,22.1946,45.06,KEM,True,2025-11-21T22:08:26.686069,,1314
FrodoKEM-1344-SHAKE,encap,1024,16,2.2,1,1,0,ip-172-31-18-18,linux,0,22.1775,45.09,KEM,True,2025-11-21T22:08:26.708353,,1315
FrodoKEM-1344-SHAKE,encap,1024,64,2.2,1,1,0,ip-172-31-18-18,linux,0,22.3438,44.76,KEM,True,2025-11-21T22:08:26.730815,,1316
FrodoKEM-1344-SHAKE,encap,1024,64,2.2,1,1,0,ip-172-31-18-18,linux,0,22.3858,44.67,KEM,True,2025-11-21T22:08:26.753308,,1317
FrodoKEM-1344-SHAKE,encap,1024,64,2.2,1,1,0,ip-172-31-18-18,linux,0,22.7145,44.02,KEM,True,2025-11-21T22:08:26.776146,,1318
FrodoKEM-1344-SHAKE,encap,1024,64,2.2,1,1,0,ip-172-31-18-18,linux,0,22.4692,44.51,KEM,True,2025-11-21T22:08:26.798737,,1319
FrodoKEM-1344-SHAKE,encap,1024,64,2.2,1,1,0,ip-172-31-18-18,linux,0,22.2763,44.89,KEM,True,2025-11-21T22:08:26.821181,,1320
FrodoKEM-1344-SHAKE,decap,0,1,2.2,1,1,0,ip-172-31-18-18,linux,0,33.5355,29.82,KEM,True,2025-11-21T22:08:26.854839,,1321
FrodoKEM-1344-SHAKE,decap,0,1,2.2,1,1,0,ip-172-31-18-18,linux,0,33.9507,29.45,KEM,True,2025-11-21T22:08:26.888901,,1322
FrodoKEM-1344-SHAKE,decap,0,1,2.2,1,1,0,ip-172-31-18-18,linux,0,33.6829,29.69,KEM,True,2025-11-21T22:08:26.922713,,1323
FrodoKEM-1344-SHAKE,decap,0,1,2.2,1,1,0,ip-172-31-18-18,linux,0,33.5105,29.84,KEM,True,2025-11-21T22:08:26.956336,,1324
FrodoKEM-1344-SHAKE,decap,0,1,2.2,1,1,0,ip-172-31-18-18,linux,0,33.612,29.75,KEM,True,2025-11-21T22:08:26.990059,,1325
FrodoKEM-1344-SHAKE,decap,0,16,2.2,1,1,0,ip-172-31-18-18,linux,0,33.6987,29.67,KEM,True,2025-11-21T22:08:27.023900,,1326
FrodoKEM-1344-SHAKE,decap,0,16,2.2,1,1,0,ip-172-31-18-18,linux,0,33.65,29.72,KEM,True,2025-11-21T22:08:27.057668,,1327
FrodoKEM-1344-SHAKE,decap,0,16,2.2,1,1,0,ip-172-31-18-18,linux,0,33.6053,29.76,KEM,True,2025-11-21T22:08:27.091384,,1328
FrodoKEM-1344-SHAKE,decap,0,16,2.2,1,1,0,ip-172-31-18-18,linux,0,33.8875,29.51,KEM,True,2025-11-21T22:08:27.125394,,1329
FrodoKEM-1344-SHAKE,decap,0,16,2.2,1,1,0,ip-172-31-18-18,linux,0,33.8127,29.57,KEM,True,2025-11-21T22:08:27.159324,,1330
FrodoKEM-1344-SHAKE,decap,0,64,2.2,1,1,0,ip-172-31-18-18,linux,0,33.6951,29.68,KEM,True,2025-11-21T22:08:27.193139,,1331
FrodoKEM-1344-SHAKE,decap,0,64,2.2,1,1,0,ip-172-31-18-18,linux,0,34.5586,28.94,KEM,True,2025-11-21T22:08:27.227816,,1332
FrodoKEM-1344-SHAKE,decap,0,64,2.2,1,1,0,ip-172-31-18-18,linux,0,33.7193,29.66,KEM,True,2025-11-21T22:08:27.261655,,1333
FrodoKEM-1344-SHAKE,decap,0,64,2.2,1,1,0,ip-172-31-18-18,linux,0,34.8484,28.7,KEM,True,2025-11-21T22:08:27.296621,,1334
FrodoKEM-1344-SHAKE,decap,0,64,2.2,1,1,0,ip-172-31-18-18,linux,0,34.0288,29.39,KEM,True,2025-11-21T22:08:27.330782,,1335
FrodoKEM-1344-SHAKE,decap,1024,1,2.2,1,1,0,ip-172-31-18-18,linux,0,33.5545,29.8,KEM,True,2025-11-21T22:08:27.364460,,1336
FrodoKEM-1344-SHAKE,decap,1024,1,2.2,1,1,0,ip-172-31-18-18,linux,0,33.5813,29.78,KEM,True,2025-11-21T22:08:27.398159,,1337
FrodoKEM-1344-SHAKE,decap,1024,1,2.2,1,1,0,ip-172-31-18-18,linux,0,33.7709,29.61,KEM,True,2025-11-21T22:08:27.432046,,1338
FrodoKEM-1344-SHAKE,decap,1024,1,2.2,1,1,0,ip-172-31-18-18,linux,0,33.7508,29.63,KEM,True,2025-11-21T22:08:27.465930,,1339
FrodoKEM-1344-SHAKE,decap,1024,1,2.2,1,1,0,ip-172-31-18-18,linux,0,33.7393,29.64,KEM,True,2025-11-21T22:08:27.499796,,1340
FrodoKEM-1344-SHAKE,decap,1024,16,2.2,1,1,0,ip-172-31-18-18,linux,0,34.6866,28.83,KEM,True,2025-11-21T22:08:27.534606,,1341
FrodoKEM-1344-SHAKE,decap,1024,16,2.2,1,1,0,ip-172-31-18-18,linux,0,33.8468,29.54,KEM,True,2025-11-21T22:08:27.568580,,1342
FrodoKEM-1344-SHAKE,decap,1024,16,2.2,1,1,0,ip-172-31-18-18,linux,0,35.5044,28.17,KEM,True,2025-11-21T22:08:27.604253,,1343
FrodoKEM-1344-SHAKE,decap,1024,16,2.2,1,1,0,ip-172-31-18-18,linux,0,33.7176,29.66,KEM,True,2025-11-21T22:08:27.638121,,1344
FrodoKEM-1344-SHAKE,decap,1024,16,2.2,1,1,0,ip-172-31-18-18,linux,0,33.8072,29.58,KEM,True,2025-11-21T22:08:27.672053,,1345
FrodoKEM-1344-SHAKE,decap,1024,64,2.2,1,1,0,ip-172-31-18-18,linux,0,33.7795,29.6,KEM,True,2025-11-21T22:08:27.705975,,1346
FrodoKEM-1344-SHAKE,decap,1024,64,2.2,1,1,0,ip-172-31-18-18,linux,0,34.3466,29.11,KEM,True,2025-11-21T22:08:27.740449,,1347
FrodoKEM-1344-SHAKE,decap,1024,64,2.2,1,1,0,ip-172-31-18-18,linux,0,33.9763,29.43,KEM,True,2025-11-21T22:08:27.774545,,1348
FrodoKEM-1344-SHAKE,decap,1024,64,2.2,1,1,0,ip-172-31-18-18,linux,0,33.5768,29.78,KEM,True,2025-11-21T22:08:27.808232,,1349
FrodoKEM-1344-SHAKE,decap,1024,64,2.2,1,1,0,ip-172-31-18-18,linux,0,33.8986,29.5,KEM,True,2025-11-21T22:08:27.842248,,1350
FrodoKEM-640-AES,keygen,0,1,2.2,1,1,0,ip-172-31-18-18,linux,0,0.9047,1105.37,KEM,True,2025-11-21T22:08:27.843279,,1351
FrodoKEM-640-AES,keygen,0,1,2.2,1,1,0,ip-172-31-18-18,linux,0,0.7267,1376.14,KEM,True,2025-11-21T22:08:27.844068,,1352
FrodoKEM-640-AES,keygen,0,1,2.2,1,1,0,ip-172-31-18-18,linux,0,0.7782,1285.0,KEM,True,2025-11-21T22:08:27.844968,,1353
FrodoKEM-640-AES,keygen,0,1,2.2,1,1,0,ip-172-31-18-18,linux,0,0.7488,1335.51,KEM,True,2025-11-21T22:08:27.845776,,1354
FrodoKEM-640-AES,keygen,0,1,2.2,1,1,0,ip-172-31-18-18,linux,0,0.7453,1341.69,KEM,True,2025-11-21T22:08:27.846579,,1355
FrodoKEM-640-AES,keygen,0,16,2.2,1,1,0,ip-172-31-18-18,linux,0,0.7456,1341.18,KEM,True,2025-11-21T22:08:27.847382,,1356
FrodoKEM-640-AES,keygen,0,16,2.2,1,1,0,ip-172-31-18-18,linux,0,0.742,1347.69,KEM,True,2025-11-21T22:08:27.848180,,1357
FrodoKEM-640-AES,keygen,0,16,2.2,1,1,0,ip-172-31-18-18,linux,0,0.7412,1349.25,KEM,True,2025-11-21T22:08:27.848976,,1358
FrodoKEM-640-AES,keygen,0,16,2.2,1,1,0,ip-172-31-18-18,linux,0,0.7461,1340.36,KEM,True,2025-11-21T22:08:27.849777,,1359
FrodoKEM-640-AES,keygen,0,16,2.2,1,1,0,ip-172-31-18-18,linux,0,0.7426,1346.62,KEM,True,2025-11-21T22:08:27.850575,,1360
FrodoKEM-640-AES,keygen,0,64,2.2,1,1,0,ip-172-31-18-18,linux,0,0.7416,1348.44,KEM,True,2025-11-21T22:08:27.851371,,1361
FrodoKEM-640-AES,keygen,0,64,2.2,1,1,0,ip-172-31-18-18,linux,0,0.7428,1346.22,KEM,True,2025-11-21T22:08:27.852168,,1362
FrodoKEM-640-AES,keygen,0,64,2.2,1,1,0,ip-172-31-18-18,linux,0,0.7351,1360.32,KEM,True,2025-11-21T22:08:27.852957,,1363
FrodoKEM-640-AES,keygen,0,64,2.2,1,1,0,ip-172-31-18-18,linux,0,0.7428,1346.18,KEM,True,2025-11-21T22:08:27.853753,,1364
FrodoKEM-640-AES,keygen,0,64,2.2,1,1,0,ip-172-31-18-18,linux,0,0.7439,1344.28,KEM,True,2025-11-21T22:08:27.854551,,1365
FrodoKEM-640-AES,keygen,1024,1,2.2,1,1,0,ip-172-31-18-18,linux,0,0.745,1342.32,KEM,True,2025-11-21T22:08:27.855351,,1366
FrodoKEM-640-AES,keygen,1024,1,2.2,1,1,0,ip-172-31-18-18,linux,0,0.7438,1344.39,KEM,True,2025-11-21T22:08:27.856149,,1367
FrodoKEM-640-AES,keygen,1024,1,2.2,1,1,0,ip-172-31-18-18,linux,0,0.7388,1353.53,KEM,True,2025-11-21T22:08:27.856942,,1368
FrodoKEM-640-AES,keygen,1024,1,2.2,1,1,0,ip-172-31-18-18,linux,0,0.7424,1347.07,KEM,True,2025-11-21T22:08:27.857738,,1369
FrodoKEM-640-AES,keygen,1024,1,2.2,1,1,0,ip-172-31-18-18,linux,0,0.7417,1348.29,KEM,True,2025-11-21T22:08:27.858534,,1370
FrodoKEM-640-AES,keygen,1024,16,2.2,1,1,0,ip-172-31-18-18,linux,0,0.7436,1344.83,KEM,True,2025-11-21T22:08:27.859333,,1371
FrodoKEM-640-AES,keygen,1024,16,2.2,1,1,0,ip-172-31-18-18,linux,0,0.7414,1348.84,KEM,True,2025-11-21T22:08:27.860130,,1372
FrodoKEM-640-AES,keygen,1024,16,2.2,1,1,0,ip-172-31-18-18,linux,0,0.7382,1354.72,KEM,True,2025-11-21T22:08:27.860922,,1373
FrodoKEM-640-AES,keygen,1024,16,2.2,1,1,0,ip-172-31-18-18,linux,0,0.7443,1343.51,KEM,True,2025-11-21T22:08:27.861722,,1374
FrodoKEM-640-AES,keygen,1024,16,2.2,1,1,0,ip-172-31-18-18,linux,0,0.7357,1359.27,KEM,True,2025-11-21T22:08:27.862512,,1375
FrodoKEM-640-AES,keygen,1024,64,2.2,1,1,0,ip-172-31-18-18,linux,0,0.7368,1357.28,KEM,True,2025-11-21T22:08:27.863304,,1376
FrodoKEM-640-AES,keygen,1024,64,2.2,1,1,0,ip-172-31-18-18,linux,0,0.7148,1399.01,KEM,True,2025-11-21T22:08:27.864073,,1377
FrodoKEM-640-AES,keygen,1024,64,2.2,1,1,0,ip-172-31-18-18,linux,0,0.7311,1367.86,KEM,True,2025-11-21T22:08:27.864905,,1378
FrodoKEM-640-AES,keygen,1024,64,2.2,1,1,0,ip-172-31-18-18,linux,0,0.736,1358.66,KEM,True,2025-11-21T22:08:27.865696,,1379
FrodoKEM-640-AES,keygen,1024,64,2.2,1,1,0,ip-172-31-18-18,linux,0,0.7346,1361.36,KEM,True,2025-11-21T22:08:27.866485,,1380
FrodoKEM-640-AES,encap,0,1,2.2,1,1,0,ip-172-31-18-18,linux,0,1.8147,551.06,KEM,True,2025-11-21T22:08:27.868366,,1381
FrodoKEM-640-AES,encap,0,1,2.2,1,1,0,ip-172-31-18-18,linux,0,1.7847,560.31,KEM,True,2025-11-21T22:08:27.870230,,1382
FrodoKEM-640-AES,encap,0,1,2.2,1,1,0,ip-172-31-18-18,linux,0,1.7254,579.59,KEM,True,2025-11-21T22:08:27.872025,,1383
FrodoKEM-640-AES,encap,0,1,2.2,1,1,0,ip-172-31-18-18,linux,0,1.7521,570.74,KEM,True,2025-11-21T22:08:27.873833,,1384
FrodoKEM-640-AES,encap,0,1,2.2,1,1,0,ip-172-31-18-18,linux,0,1.7244,579.91,KEM,True,2025-11-21T22:08:27.875614,,1385
FrodoKEM-640-AES,encap,0,16,2.2,1,1,0,ip-172-31-18-18,linux,0,1.7379,575.4,KEM,True,2025-11-21T22:08:27.877408,,1386
FrodoKEM-640-AES,encap,0,16,2.2,1,1,0,ip-172-31-18-18,linux,0,1.7297,578.15,KEM,True,2025-11-21T22:08:27.879259,,1387
FrodoKEM-640-AES,encap,0,16,2.2,1,1,0,ip-172-31-18-18,linux,0,1.7233,580.28,KEM,True,2025-11-21T22:08:27.881039,,1388
FrodoKEM-640-AES,encap,0,16,2.2,1,1,0,ip-172-31-18-18,linux,0,1.7261,579.33,KEM,True,2025-11-21T22:08:27.882825,,1389
FrodoKEM-640-AES,encap,0,16,2.2,1,1,0,ip-172-31-18-18,linux,0,1.7242,579.99,KEM,True,2025-11-21T22:08:27.884604,,1390
FrodoKEM-640-AES,encap,0,64,2.2,1,1,0,ip-172-31-18-18,linux,0,1.7357,576.13,KEM,True,2025-11-21T22:08:27.886398,,1391
FrodoKEM-640-AES,encap,0,64,2.2,1,1,0,ip-172-31-18-18,linux,0,1.7283,578.62,KEM,True,2025-11-21T22:08:27.888185,,1392
FrodoKEM-640-AES,encap,0,64,2.2,1,1,0,ip-172-31-18-18,linux,0,1.7211,581.03,KEM,True,2025-11-21T22:08:27.889962,,1393
FrodoKEM-640-AES,encap,0,64,2.2,1,1,0,ip-172-31-18-18,linux,0,1.7265,579.22,KEM,True,2025-11-21T22:08:27.891744,,1394
FrodoKEM-640-AES,encap,0,64,2.2,1,1,0,ip-172-31-18-18,linux,0,1.7332,576.96,KEM,True,2025-11-21T22:08:27.893533,,1395
FrodoKEM-640-AES,encap,1024,1,2.2,1,1,0,ip-172-31-18-18,linux,0,1.724,580.05,KEM,True,2025-11-21T22:08:27.895315,,1396
FrodoKEM-640-AES,encap,1024,1,2.2,1,1,0,ip-172-31-18-18,linux,0,1.7189,581.75,KEM,True,2025-11-21T22:08:27.897089,,1397
FrodoKEM-640-AES,encap,1024,1,2.2,1,1,0,ip-172-31-18-18,linux,0,1.7119,584.16,KEM,True,2025-11-21T22:08:27.898875,,1398
FrodoKEM-640-AES,encap,1024,1,2.2,1,1,0,ip-172-31-18-18,linux,0,1.7258,579.45,KEM,True,2025-11-21T22:08:27.900658,,1399
FrodoKEM-640-AES,encap,1024,1,2.2,1,1,0,ip-172-31-18-18,linux,0,1.7258,579.43,KEM,True,2025-11-21T22:08:27.902451,,1400
FrodoKEM-640-AES,encap,1024,16,2.2,1,1,0,ip-172-31-18-18,linux,0,1.7247,579.82,KEM,True,2025-11-21T22:08:27.904232,,1401
FrodoKEM-640-AES,encap,1024,16,2.2,1,1,0,ip-172-31-18-18,linux,0,1.7502,571.36,KEM,True,2025-11-21T22:08:27.906034,,1402
FrodoKEM-640-AES,encap,1024,16,2.2,1,1,0,ip-172-31-18-18,linux,0,2.0632,484.68,KEM,True,2025-11-21T22:08:27.908173,,1403
FrodoKEM-640-AES,encap,1024,16,2.2,1,1,0,ip-172-31-18-18,linux,0,1.9939,501.53,KEM,True,2025-11-21T22:08:27.910274,,1404
FrodoKEM-640-AES,encap,1024,16,2.2,1,1,0,ip-172-31-18-18,linux,0,1.7549,569.84,KEM,True,2025-11-21T22:08:27.912118,,1405
FrodoKEM-640-AES,encap,1024,64,2.2,1,1,0,ip-172-31-18-18,linux,0,1.8005,555.39,KEM,True,2025-11-21T22:08:27.913987,,1406
FrodoKEM-640-AES,encap,1024,64,2.2,1,1,0,ip-172-31-18-18,linux,0,1.8015,555.09,KEM,True,2025-11-21T22:08:27.915860,,1407
FrodoKEM-640-AES,encap,1024,64,2.2,1,1,0,ip-172-31-18-18,linux,0,1.8198,549.5,KEM,True,2025-11-21T22:08:27.917748,,1408
FrodoKEM-640-AES,encap,1024,64,2.2,1,1,0,ip-172-31-18-18,linux,0,1.7639,566.92,KEM,True,2025-11-21T22:08:27.919579,,1409
FrodoKEM-640-AES,encap,1024,64,2.2,1,1,0,ip-172-31-18-18,linux,0,1.7929,557.76,KEM,True,2025-11-21T22:08:27.921438,,1410
FrodoKEM-640-AES,decap,0,1,2.2,1,1,0,ip-172-31-18-18,linux,0,2.6844,372.52,KEM,True,2025-11-21T22:08:27.924198,,1411
FrodoKEM-640-AES,decap,0,1,2.2,1,1,0,ip-172-31-18-18,linux,0,2.6992,370.47,KEM,True,2025-11-21T22:08:27.926970,,1412
FrodoKEM-640-AES,decap,0,1,2.2,1,1,0,ip-172-31-18-18,linux,0,2.7299,366.31,KEM,True,2025-11-21T22:08:27.929769,,1413
FrodoKEM-640-AES,decap,0,1,2.2,1,1,0,ip-172-31-18-18,linux,0,2.6904,371.69,KEM,True,2025-11-21T22:08:27.932529,,1414
FrodoKEM-640-AES,decap,0,1,2.2,1,1,0,ip-172-31-18-18,linux,0,2.6961,370.91,KEM,True,2025-11-21T22:08:27.935291,,1415
FrodoKEM-640-AES,decap,0,16,2.2,1,1,0,ip-172-31-18-18,linux,0,2.7695,361.07,KEM,True,2025-11-21T22:08:27.938129,,1416
FrodoKEM-640-AES,decap,0,16,2.2,1,1,0,ip-172-31-18-18,linux,0,2.6948,371.08,KEM,True,2025-11-21T22:08:27.940888,,1417
FrodoKEM-640-AES,decap,0,16,2.2,1,1,0,ip-172-31-18-18,linux,0,2.6745,373.9,KEM,True,2025-11-21T22:08:27.943628,,1418
FrodoKEM-640-AES,decap,0,16,2.2,1,1,0,ip-172-31-18-18,linux,0,2.6895,371.82,KEM,True,2025-11-21T22:08:27.946386,,1419
FrodoKEM-640-AES,decap,0,16,2.2,1,1,0,ip-172-31-18-18,linux,0,2.8584,349.85,KEM,True,2025-11-21T22:08:27.949325,,1420
FrodoKEM-640-AES,decap,0,64,2.2,1,1,0,ip-172-31-18-18,linux,0,2.6846,372.5,KEM,True,2025-11-21T22:08:27.952088,,1421
FrodoKEM-640-AES,decap,0,64,2.2,1,1,0,ip-172-31-18-18,linux,0,2.6771,373.54,KEM,True,2025-11-21T22:08:27.954852,,1422
FrodoKEM-640-AES,decap,0,64,2.2,1,1,0,ip-172-31-18-18,linux,0,2.7123,368.69,KEM,True,2025-11-21T22:08:27.957638,,1423
FrodoKEM-640-AES,decap,0,64,2.2,1,1,0,ip-172-31-18-18,linux,0,3.0917,323.45,KEM,True,2025-11-21T22:08:27.960808,,1424
FrodoKEM-640-AES,decap,0,64,2.2,1,1,0,ip-172-31-18-18,linux,0,2.7626,361.98,KEM,True,2025-11-21T22:08:27.963664,,1425
FrodoKEM-640-AES,decap,1024,1,2.2,1,1,0,ip-172-31-18-18,linux,0,2.7645,361.72,KEM,True,2025-11-21T22:08:27.966503,,1426
FrodoKEM-640-AES,decap,1024,1,2.2,1,1,0,ip-172-31-18-18,linux,0,2.7518,363.4,KEM,True,2025-11-21T22:08:27.969323,,1427
FrodoKEM-640-AES,decap,1024,1,2.2,1,1,0,ip-172-31-18-18,linux,0,2.7589,362.47,KEM,True,2025-11-21T22:08:27.972149,,1428
FrodoKEM-640-AES,decap,1024,1,2.2,1,1,0,ip-172-31-18-18,linux,0,2.6927,371.37,KEM,True,2025-11-21T22:08:27.974908,,1429
FrodoKEM-640-AES,decap,1024,1,2.2,1,1,0,ip-172-31-18-18,linux,0,2.7755,360.3,KEM,True,2025-11-21T22:08:27.977749,,1430
FrodoKEM-640-AES,decap,1024,16,2.2,1,1,0,ip-172-31-18-18,linux,0,2.6986,370.56,KEM,True,2025-11-21T22:08:27.980517,,1431
FrodoKEM-640-AES,decap,1024,16,2.2,1,1,0,ip-172-31-18-18,linux,0,2.736,365.5,KEM,True,2025-11-21T22:08:27.983320,,1432
FrodoKEM-640-AES,decap,1024,16,2.2,1,1,0,ip-172-31-18-18,linux,0,2.6986,370.56,KEM,True,2025-11-21T22:08:27.986093,,1433
FrodoKEM-640-AES,decap,1024,16,2.2,1,1,0,ip-172-31-18-18,linux,0,2.7451,364.29,KEM,True,2025-11-21T22:08:27.988927,,1434
FrodoKEM-640-AES,decap,1024,16,2.2,1,1,0,ip-172-31-18-18,linux,0,2.712,368.73,KEM,True,2025-11-21T22:08:27.991738,,1435
FrodoKEM-640-AES,decap,1024,64,2.2,1,1,0,ip-172-31-18-18,linux,0,2.7342,365.73,KEM,True,2025-11-21T22:08:27.994549,,1436
FrodoKEM-640-AES,decap,1024,64,2.2,1,1,0,ip-172-31-18-18,linux,0,2.802,356.89,KEM,True,2025-11-21T22:08:27.997456,,1437
FrodoKEM-640-AES,decap,1024,64,2.2,1,1,0,ip-172-31-18-18,linux,0,2.6985,370.57,KEM,True,2025-11-21T22:08:28.000247,,1438
FrodoKEM-640-AES,decap,1024,64,2.2,1,1,0,ip-172-31-18-18,linux,0,2.8614,349.48,KEM,True,2025-11-21T22:08:28.003183,,1439
FrodoKEM-640-AES,decap,1024,64,2.2,1,1,0,ip-172-31-18-18,linux,0,2.8161,355.1,KEM,True,2025-11-21T22:08:28.006082,,1440
FrodoKEM-640-SHAKE,keygen,0,1,2.2,1,1,0,ip-172-31-18-18,linux,0,3.0952,323.08,KEM,True,2025-11-21T22:08:28.009313,,1441
FrodoKEM-640-SHAKE,keygen,0,1,2.2,1,1,0,ip-172-31-18-18,linux,0,2.9751,336.12,KEM,True,2025-11-21T22:08:28.012384,,1442
FrodoKEM-640-SHAKE,keygen,0,1,2.2,1,1,0,ip-172-31-18-18,linux,0,3.0438,328.53,KEM,True,2025-11-21T22:08:28.015517,,1443
FrodoKEM-640-SHAKE,keygen,0,1,2.2,1,1,0,ip-172-31-18-18,linux,0,2.8652,349.02,KEM,True,2025-11-21T22:08:28.018469,,1444
FrodoKEM-640-SHAKE,keygen,0,1,2.2,1,1,0,ip-172-31-18-18,linux,0,3.005,332.78,KEM,True,2025-11-21T22:08:28.021577,,1445
FrodoKEM-640-SHAKE,keygen,0,16,2.2,1,1,0,ip-172-31-18-18,linux,0,2.974,336.25,KEM,True,2025-11-21T22:08:28.024650,,1446
FrodoKEM-640-SHAKE,keygen,0,16,2.2,1,1,0,ip-172-31-18-18,linux,0,2.9694,336.77,KEM,True,2025-11-21T22:08:28.027712,,1447
FrodoKEM-640-SHAKE,keygen,0,16,2.2,1,1,0,ip-172-31-18-18,linux,0,2.9704,336.66,KEM,True,2025-11-21T22:08:28.030764,,1448
FrodoKEM-640-SHAKE,keygen,0,16,2.2,1,1,0,ip-172-31-18-18,linux,0,3.0176,331.39,KEM,True,2025-11-21T22:08:28.033887,,1449
FrodoKEM-640-SHAKE,keygen,0,16,2.2,1,1,0,ip-172-31-18-18,linux,0,2.9812,335.43,KEM,True,2025-11-21T22:08:28.036958,,1450
FrodoKEM-640-SHAKE,keygen,0,64,2.2,1,1,0,ip-172-31-18-18,linux,0,2.8236,354.15,KEM,True,2025-11-21T22:08:28.039855,,1451
FrodoKEM-640-SHAKE,keygen,0,64,2.2,1,1,0,ip-172-31-18-18,linux,0,2.9753,336.1,KEM,True,2025-11-21T22:08:28.042901,,1452
FrodoKEM-640-SHAKE,keygen,0,64,2.2,1,1,0,ip-172-31-18-18,linux,0,2.9449,339.56,KEM,True,2025-11-21T22:08:28.045919,,1453
FrodoKEM-640-SHAKE,keygen,0,64,2.2,1,1,0,ip-172-31-18-18,linux,0,2.8131,355.48,KEM,True,2025-11-21T22:08:28.048798,,1454
FrodoKEM-640-SHAKE,keygen,0,64,2.2,1,1,0,ip-172-31-18-18,linux,0,2.8183,354.82,KEM,True,2025-11-21T22:08:28.051736,,1455
FrodoKEM-640-SHAKE,keygen,1024,1,2.2,1,1,0,ip-172-31-18-18,linux,0,2.976,336.03,KEM,True,2025-11-21T22:08:28.054782,,1456
FrodoKEM-640-SHAKE,keygen,1024,1,2.2,1,1,0,ip-172-31-18-18,linux,0,2.9804,335.53,KEM,True,2025-11-21T22:08:28.057829,,1457
FrodoKEM-640-SHAKE,keygen,1024,1,2.2,1,1,0,ip-172-31-18-18,linux,0,2.8464,351.32,KEM,True,2025-11-21T22:08:28.060767,,1458
FrodoKEM-640-SHAKE,keygen,1024,1,2.2,1,1,0,ip-172-31-18-18,linux,0,2.9581,338.06,KEM,True,2025-11-21T22:08:28.063820,,1459
FrodoKEM-640-SHAKE,keygen,1024,1,2.2,1,1,0,ip-172-31-18-18,linux,0,3.0906,323.57,KEM,True,2025-11-21T22:08:28.067000,,1460
FrodoKEM-640-SHAKE,keygen,1024,16,2.2,1,1,0,ip-172-31-18-18,linux,0,3.0344,329.55,KEM,True,2025-11-21T22:08:28.070134,,1461
FrodoKEM-640-SHAKE,keygen,1024,16,2.2,1,1,0,ip-172-31-18-18,linux,0,3.0126,331.94,KEM,True,2025-11-21T22:08:28.073234,,1462
FrodoKEM-640-SHAKE,keygen,1024,16,2.2,1,1,0,ip-172-31-18-18,linux,0,2.9794,335.64,KEM,True,2025-11-21T22:08:28.076285,,1463
FrodoKEM-640-SHAKE,keygen,1024,16,2.2,1,1,0,ip-172-31-18-18,linux,0,2.9622,337.58,KEM,True,2025-11-21T22:08:28.079320,,1464
FrodoKEM-640-SHAKE,keygen,1024,16,2.2,1,1,0,ip-172-31-18-18,linux,0,2.9864,334.86,KEM,True,2025-11-21T22:08:28.082387,,1465
FrodoKEM-640-SHAKE,keygen,1024,64,2.2,1,1,0,ip-172-31-18-18,linux,0,2.9962,333.75,KEM,True,2025-11-21T22:08:28.085473,,1466
FrodoKEM-640-SHAKE,keygen,1024,64,2.2,1,1,0,ip-172-31-18-18,linux,0,2.965,337.27,KEM,True,2025-11-21T22:08:28.088535,,1467
FrodoKEM-640-SHAKE,keygen,1024,64,2.2,1,1,0,ip-172-31-18-18,linux,0,2.845,351.49,KEM,True,2025-11-21T22:08:28.091478,,1468
FrodoKEM-640-SHAKE,keygen,1024,64,2.2,1,1,0,ip-172-31-18-18,linux,0,2.9516,338.8,KEM,True,2025-11-21T22:08:28.094512,,1469
FrodoKEM-640-SHAKE,keygen,1024,64,2.2,1,1,0,ip-172-31-18-18,linux,0,3.0061,332.66,KEM,True,2025-11-21T22:08:28.097594,,1470
FrodoKEM-640-SHAKE,encap,0,1,2.2,1,1,0,ip-172-31-18-18,linux,0,6.2352,160.38,KEM,True,2025-11-21T22:08:28.103935,,1471
FrodoKEM-640-SHAKE,encap,0,1,2.2,1,1,0,ip-172-31-18-18,linux,0,6.1516,162.56,KEM,True,2025-11-21T22:08:28.110195,,1472
FrodoKEM-640-SHAKE,encap,0,1,2.2,1,1,0,ip-172-31-18-18,linux,0,6.0807,164.46,KEM,True,2025-11-21T22:08:28.116373,,1473
FrodoKEM-640-SHAKE,encap,0,1,2.2,1,1,0,ip-172-31-18-18,linux,0,6.1661,162.18,KEM,True,2025-11-21T22:08:28.122624,,1474
FrodoKEM-640-SHAKE,encap,0,1,2.2,1,1,0,ip-172-31-18-18,linux,0,6.1722,162.02,KEM,True,2025-11-21T22:08:28.128903,,1475
FrodoKEM-640-SHAKE,encap,0,16,2.2,1,1,0,ip-172-31-18-18,linux,0,6.2166,160.86,KEM,True,2025-11-21T22:08:28.135196,,1476
FrodoKEM-640-SHAKE,encap,0,16,2.2,1,1,0,ip-172-31-18-18,linux,0,6.1377,162.93,KEM,True,2025-11-21T22:08:28.141404,,1477
FrodoKEM-640-SHAKE,encap,0,16,2.2,1,1,0,ip-172-31-18-18,linux,0,6.0467,165.38,KEM,True,2025-11-21T22:08:28.147519,,1478
FrodoKEM-640-SHAKE,encap,0,16,2.2,1,1,0,ip-172-31-18-18,linux,0,6.1367,162.95,KEM,True,2025-11-21T22:08:28.153722,,1479
FrodoKEM-640-SHAKE,encap,0,16,2.2,1,1,0,ip-172-31-18-18,linux,0,6.1351,163.0,KEM,True,2025-11-21T22:08:28.159928,,1480
FrodoKEM-640-SHAKE,encap,0,64,2.2,1,1,0,ip-172-31-18-18,linux,0,5.9375,168.42,KEM,True,2025-11-21T22:08:28.165954,,1481
FrodoKEM-640-SHAKE,encap,0,64,2.2,1,1,0,ip-172-31-18-18,linux,0,6.1465,162.69,KEM,True,2025-11-21T22:08:28.172182,,1482
FrodoKEM-640-SHAKE,encap,0,64,2.2,1,1,0,ip-172-31-18-18,linux,0,5.9851,167.08,KEM,True,2025-11-21T22:08:28.178271,,1483
FrodoKEM-640-SHAKE,encap,0,64,2.2,1,1,0,ip-172-31-18-18,linux,0,6.0684,164.79,KEM,True,2025-11-21T22:08:28.184428,,1484
FrodoKEM-640-SHAKE,encap,0,64,2.2,1,1,0,ip-172-31-18-18,linux,0,6.1325,163.07,KEM,True,2025-11-21T22:08:28.190650,,1485
FrodoKEM-640-SHAKE,encap,1024,1,2.2,1,1,0,ip-172-31-18-18,linux,0,6.0935,164.11,KEM,True,2025-11-21T22:08:28.196829,,1486
FrodoKEM-640-SHAKE,encap,1024,1,2.2,1,1,0,ip-172-31-18-18,linux,0,6.1158,163.51,KEM,True,2025-11-21T22:08:28.203027,,1487
FrodoKEM-640-SHAKE,encap,1024,1,2.2,1,1,0,ip-172-31-18-18,linux,0,6.1201,163.39,KEM,True,2025-11-21T22:08:28.209254,,1488
FrodoKEM-640-SHAKE,encap,1024,1,2.2,1,1,0,ip-172-31-18-18,linux,0,6.0902,164.2,KEM,True,2025-11-21T22:08:28.215438,,1489
FrodoKEM-640-SHAKE,encap,1024,1,2.2,1,1,0,ip-172-31-18-18,linux,0,6.1739,161.97,KEM,True,2025-11-21T22:08:28.221710,,1490
FrodoKEM-640-SHAKE,encap,1024,16,2.2,1,1,0,ip-172-31-18-18,linux,0,6.1013,163.9,KEM,True,2025-11-21T22:08:28.227924,,1491
FrodoKEM-640-SHAKE,encap,1024,16,2.2,1,1,0,ip-172-31-18-18,linux,0,6.0855,164.33,KEM,True,2025-11-21T22:08:28.234112,,1492
FrodoKEM-640-SHAKE,encap,1024,16,2.2,1,1,0,ip-172-31-18-18,linux,0,6.0918,164.16,KEM,True,2025-11-21T22:08:28.240301,,1493
FrodoKEM-640-SHAKE,encap,1024,16,2.2,1,1,0,ip-172-31-18-18,linux,0,5.968,167.56,KEM,True,2025-11-21T22:08:28.246350,,1494
FrodoKEM-640-SHAKE,encap,1024,16,2.2,1,1,0,ip-172-31-18-18,linux,0,6.0698,164.75,KEM,True,2025-11-21T22:08:28.252490,,1495
FrodoKEM-640-SHAKE,encap,1024,64,2.2,1,1,0,ip-172-31-18-18,linux,0,6.1726,162.01,KEM,True,2025-11-21T22:08:28.258733,,1496
FrodoKEM-640-SHAKE,encap,1024,64,2.2,1,1,0,ip-172-31-18-18,linux,0,6.2002,161.29,KEM,True,2025-11-21T22:08:28.265022,,1497
FrodoKEM-640-SHAKE,encap,1024,64,2.2,1,1,0,ip-172-31-18-18,linux,0,6.1766,161.9,KEM,True,2025-11-21T22:08:28.271285,,1498
FrodoKEM-640-SHAKE,encap,1024,64,2.2,1,1,0,ip-172-31-18-18,linux,0,6.197,161.37,KEM,True,2025-11-21T22:08:28.277582,,1499
FrodoKEM-640-SHAKE,encap,1024,64,2.2,1,1,0,ip-172-31-18-18,linux,0,6.3191,158.25,KEM,True,2025-11-21T22:08:28.284006,,1500
FrodoKEM-640-SHAKE,decap,0,1,2.2,1,1,0,ip-172-31-18-18,linux,0,9.1845,108.88,KEM,True,2025-11-21T22:08:28.293342,,1501
FrodoKEM-640-SHAKE,decap,0,1,2.2,1,1,0,ip-172-31-18-18,linux,0,9.3901,106.49,KEM,True,2025-11-21T22:08:28.302831,,1502
FrodoKEM-640-SHAKE,decap,0,1,2.2,1,1,0,ip-172-31-18-18,linux,0,9.0988,109.9,KEM,True,2025-11-21T22:08:28.312031,,1503
FrodoKEM-640-SHAKE,decap,0,1,2.2,1,1,0,ip-172-31-18-18,linux,0,9.1997,108.7,KEM,True,2025-11-21T22:08:28.321358,,1504
FrodoKEM-640-SHAKE,decap,0,1,2.2,1,1,0,ip-172-31-18-18,linux,0,9.2596,108.0,KEM,True,2025-11-21T22:08:28.330716,,1505
FrodoKEM-640-SHAKE,decap,0,16,2.2,1,1,0,ip-172-31-18-18,linux,0,9.4486,105.84,KEM,True,2025-11-21T22:08:28.340278,,1506
FrodoKEM-640-SHAKE,decap,0,16,2.2,1,1,0,ip-172-31-18-18,linux,0,9.2881,107.66,KEM,True,2025-11-21T22:08:28.349685,,1507
FrodoKEM-640-SHAKE,decap,0,16,2.2,1,1,0,ip-172-31-18-18,linux,0,9.1535,109.25,KEM,True,2025-11-21T22:08:28.358954,,1508
FrodoKEM-640-SHAKE,decap,0,16,2.2,1,1,0,ip-172-31-18-18,linux,0,9.1651,109.11,KEM,True,2025-11-21T22:08:28.368230,,1509
FrodoKEM-640-SHAKE,decap,0,16,2.2,1,1,0,ip-172-31-18-18,linux,0,9.1962,108.74,KEM,True,2025-11-21T22:08:28.377546,,1510
FrodoKEM-640-SHAKE,decap,0,64,2.2,1,1,0,ip-172-31-18-18,linux,0,9.072,110.23,KEM,True,2025-11-21T22:08:28.386735,,1511
FrodoKEM-640-SHAKE,decap,0,64,2.2,1,1,0,ip-172-31-18-18,linux,0,9.3112,107.4,KEM,True,2025-11-21T22:08:28.396167,,1512
FrodoKEM-640-SHAKE,decap,0,64,2.2,1,1,0,ip-172-31-18-18,linux,0,9.2651,107.93,KEM,True,2025-11-21T22:08:28.405566,,1513
FrodoKEM-640-SHAKE,decap,0,64,2.2,1,1,0,ip-172-31-18-18,linux,0,10.6266,94.1,KEM,True,2025-11-21T22:08:28.416315,,1514
FrodoKEM-640-SHAKE,decap,0,64,2.2,1,1,0,ip-172-31-18-18,linux,0,9.2853,107.7,KEM,True,2025-11-21T22:08:28.425736,,1515
FrodoKEM-640-SHAKE,decap,1024,1,2.2,1,1,0,ip-172-31-18-18,linux,0,10.009,99.91,KEM,True,2025-11-21T22:08:28.435885,,1516
FrodoKEM-640-SHAKE,decap,1024,1,2.2,1,1,0,ip-172-31-18-18,linux,0,9.0655,110.31,KEM,True,2025-11-21T22:08:28.445085,,1517
FrodoKEM-640-SHAKE,decap,1024,1,2.2,1,1,0,ip-172-31-18-18,linux,0,9.453,105.79,KEM,True,2025-11-21T22:08:28.454670,,1518
FrodoKEM-640-SHAKE,decap,1024,1,2.2,1,1,0,ip-172-31-18-18,linux,0,9.2025,108.67,KEM,True,2025-11-21T22:08:28.463974,,1519
FrodoKEM-640-SHAKE,decap,1024,1,2.2,1,1,0,ip-172-31-18-18,linux,0,9.2455,108.16,KEM,True,2025-11-21T22:08:28.473322,,1520
FrodoKEM-640-SHAKE,decap,1024,16,2.2,1,1,0,ip-172-31-18-18,linux,0,9.1474,109.32,KEM,True,2025-11-21T22:08:28.482577,,1521
FrodoKEM-640-SHAKE,decap,1024,16,2.2,1,1,0,ip-172-31-18-18,linux,0,9.0215,110.85,KEM,True,2025-11-21T22:08:28.491739,,1522
FrodoKEM-640-SHAKE,decap,1024,16,2.2,1,1,0,ip-172-31-18-18,linux,0,9.183,108.9,KEM,True,2025-11-21T22:08:28.501023,,1523
FrodoKEM-640-SHAKE,decap,1024,16,2.2,1,1,0,ip-172-31-18-18,linux,0,9.1599,109.17,KEM,True,2025-11-21T22:08:28.510312,,1524
FrodoKEM-640-SHAKE,decap,1024,16,2.2,1,1,0,ip-172-31-18-18,linux,0,9.1544,109.24,KEM,True,2025-11-21T22:08:28.519570,,1525
FrodoKEM-640-SHAKE,decap,1024,64,2.2,1,1,0,ip-172-31-18-18,linux,0,9.1955,108.75,KEM,True,2025-11-21T22:08:28.528863,,1526
FrodoKEM-640-SHAKE,decap,1024,64,2.2,1,1,0,ip-172-31-18-18,linux,0,9.2404,108.22,KEM,True,2025-11-21T22:08:28.538205,,1527
FrodoKEM-640-SHAKE,decap,1024,64,2.2,1,1,0,ip-172-31-18-18,linux,0,9.1209,109.64,KEM,True,2025-11-21T22:08:28.547404,,1528
FrodoKEM-640-SHAKE,decap,1024,64,2.2,1,1,0,ip-172-31-18-18,linux,0,9.0291,110.75,KEM,True,2025-11-21T22:08:28.556502,,1529
FrodoKEM-640-SHAKE,decap,1024,64,2.2,1,1,0,ip-172-31-18-18,linux,0,9.2299,108.34,KEM,True,2025-11-21T22:08:28.565810,,1530
FrodoKEM-976-AES,keygen,0,1,2.2,1,1,0,ip-172-31-18-18,linux,0,1.5694,637.19,KEM,True,2025-11-21T22:08:28.567487,,1531
FrodoKEM-976-AES,keygen,0,1,2.2,1,1,0,ip-172-31-18-18,linux,0,1.4113,708.55,KEM,True,2025-11-21T22:08:28.568968,,1532
FrodoKEM-976-AES,keygen,0,1,2.2,1,1,0,ip-172-31-18-18,linux,0,1.4127,707.85,KEM,True,2025-11-21T22:08:28.570447,,1533
FrodoKEM-976-AES,keygen,0,1,2.2,1,1,0,ip-172-31-18-18,linux,0,1.416,706.23,KEM,True,2025-11-21T22:08:28.571928,,1534
FrodoKEM-976-AES,keygen,0,1,2.2,1,1,0,ip-172-31-18-18,linux,0,1.4197,704.37,KEM,True,2025-11-21T22:08:28.573414,,1535
FrodoKEM-976-AES,keygen,0,16,2.2,1,1,0,ip-172-31-18-18,linux,0,1.3971,715.76,KEM,True,2025-11-21T22:08:28.574878,,1536
FrodoKEM-976-AES,keygen,0,16,2.2,1,1,0,ip-172-31-18-18,linux,0,1.4349,696.92,KEM,True,2025-11-21T22:08:28.576381,,1537
FrodoKEM-976-AES,keygen,0,16,2.2,1,1,0,ip-172-31-18-18,linux,0,1.4513,689.03,KEM,True,2025-11-21T22:08:28.577905,,1538
FrodoKEM-976-AES,keygen,0,16,2.2,1,1,0,ip-172-31-18-18,linux,0,1.545,647.26,KEM,True,2025-11-21T22:08:28.579515,,1539
FrodoKEM-976-AES,keygen,0,16,2.2,1,1,0,ip-172-31-18-18,linux,0,1.4551,687.26,KEM,True,2025-11-21T22:08:28.581039,,1540
FrodoKEM-976-AES,keygen,0,64,2.2,1,1,0,ip-172-31-18-18,linux,0,1.4008,713.88,KEM,True,2025-11-21T22:08:28.582528,,1541
FrodoKEM-976-AES,keygen,0,64,2.2,1,1,0,ip-172-31-18-18,linux,0,1.3971,715.76,KEM,True,2025-11-21T22:08:28.583992,,1542
FrodoKEM-976-AES,keygen,0,64,2.2,1,1,0,ip-172-31-18-18,linux,0,1.4741,678.4,KEM,True,2025-11-21T22:08:28.585532,,1543
FrodoKEM-976-AES,keygen,0,64,2.2,1,1,0,ip-172-31-18-18,linux,0,1.3975,715.55,KEM,True,2025-11-21T22:08:28.586994,,1544
FrodoKEM-976-AES,keygen,0,64,2.2,1,1,0,ip-172-31-18-18,linux,0,1.4566,686.54,KEM,True,2025-11-21T22:08:28.588515,,1545
FrodoKEM-976-AES,keygen,1024,1,2.2,1,1,0,ip-172-31-18-18,linux,0,1.7147,583.19,KEM,True,2025-11-21T22:08:28.590301,,1546
FrodoKEM-976-AES,keygen,1024,1,2.2,1,1,0,ip-172-31-18-18,linux,0,1.4732,678.79,KEM,True,2025-11-21T22:08:28.591868,,1547
FrodoKEM-976-AES,keygen,1024,1,2.2,1,1,0,ip-172-31-18-18,linux,0,1.4606,684.67,KEM,True,2025-11-21T22:08:28.593396,,1548
FrodoKEM-976-AES,keygen,1024,1,2.2,1,1,0,ip-172-31-18-18,linux,0,1.3967,715.98,KEM,True,2025-11-21T22:08:28.594859,,1549
FrodoKEM-976-AES,keygen,1024,1,2.2,1,1,0,ip-172-31-18-18,linux,0,1.4228,702.82,KEM,True,2025-11-21T22:08:28.596346,,1550
FrodoKEM-976-AES,keygen,1024,16,2.2,1,1,0,ip-172-31-18-18,linux,0,1.4393,694.78,KEM,True,2025-11-21T22:08:28.597854,,1551
FrodoKEM-976-AES,keygen,1024,16,2.2,1,1,0,ip-172-31-18-18,linux,0,1.4083,710.08,KEM,True,2025-11-21T22:08:28.599328,,1552
FrodoKEM-976-AES,keygen,1024,16,2.2,1,1,0,ip-172-31-18-18,linux,0,1.4406,694.17,KEM,True,2025-11-21T22:08:28.600833,,1553
FrodoKEM-976-AES,keygen,1024,16,2.2,1,1,0,ip-172-31-18-18,linux,0,1.4103,709.05,KEM,True,2025-11-21T22:08:28.602310,,1554
FrodoKEM-976-AES,keygen,1024,16,2.2,1,1,0,ip-172-31-18-18,linux,0,1.3944,717.16,KEM,True,2025-11-21T22:08:28.603767,,1555
FrodoKEM-976-AES,keygen,1024,64,2.2,1,1,0,ip-172-31-18-18,linux,0,1.4413,693.8,KEM,True,2025-11-21T22:08:28.605275,,1556
FrodoKEM-976-AES,keygen,1024,64,2.2,1,1,0,ip-172-31-18-18,linux,0,1.4321,698.26,KEM,True,2025-11-21T22:08:28.606775,,1557
FrodoKEM-976-AES,keygen,1024,64,2.2,1,1,0,ip-172-31-18-18,linux,0,1.5627,639.91,KEM,True,2025-11-21T22:08:28.608404,,1558
FrodoKEM-976-AES,keygen,1024,64,2.2,1,1,0,ip-172-31-18-18,linux,0,1.4204,704.0,KEM,True,2025-11-21T22:08:28.609889,,1559
FrodoKEM-976-AES,keygen,1024,64,2.2,1,1,0,ip-172-31-18-18,linux,0,1.4309,698.86,KEM,True,2025-11-21T22:08:28.611384,,1560
FrodoKEM-976-AES,encap,0,1,2.2,1,1,0,ip-172-31-18-18,linux,0,3.4071,293.51,KEM,True,2025-11-21T22:08:28.614865,,1561
FrodoKEM-976-AES,encap,0,1,2.2,1,1,0,ip-172-31-18-18,linux,0,3.3694,296.78,KEM,True,2025-11-21T22:08:28.618306,,1562
FrodoKEM-976-AES,encap,0,1,2.2,1,1,0,ip-172-31-18-18,linux,0,3.3717,296.58,KEM,True,2025-11-21T22:08:28.621767,,1563
FrodoKEM-976-AES,encap,0,1,2.2,1,1,0,ip-172-31-18-18,linux,0,3.3445,299.0,KEM,True,2025-11-21T22:08:28.625191,,1564
FrodoKEM-976-AES,encap,0,1,2.2,1,1,0,ip-172-31-18-18,linux,0,3.464,288.68,KEM,True,2025-11-21T22:08:28.628726,,1565
FrodoKEM-976-AES,encap,0,16,2.2,1,1,0,ip-172-31-18-18,linux,0,3.3922,294.79,KEM,True,2025-11-21T22:08:28.632186,,1566
FrodoKEM-976-AES,encap,0,16,2.2,1,1,0,ip-172-31-18-18,linux,0,3.3885,295.12,KEM,True,2025-11-21T22:08:28.635639,,1567
FrodoKEM-976-AES,encap,0,16,2.2,1,1,0,ip-172-31-18-18,linux,0,3.607,277.24,KEM,True,2025-11-21T22:08:28.639314,,1568
FrodoKEM-976-AES,encap,0,16,2.2,1,1,0,ip-172-31-18-18,linux,0,3.3669,297.01,KEM,True,2025-11-21T22:08:28.642762,,1569
FrodoKEM-976-AES,encap,0,16,2.2,1,1,0,ip-172-31-18-18,linux,0,3.3877,295.18,KEM,True,2025-11-21T22:08:28.646217,,1570
FrodoKEM-976-AES,encap,0,64,2.2,1,1,0,ip-172-31-18-18,linux,0,3.3914,294.87,KEM,True,2025-11-21T22:08:28.649674,,1571
FrodoKEM-976-AES,encap,0,64,2.2,1,1,0,ip-172-31-18-18,linux,0,3.3237,300.87,KEM,True,2025-11-21T22:08:28.653064,,1572
FrodoKEM-976-AES,encap,0,64,2.2,1,1,0,ip-172-31-18-18,linux,0,3.3819,295.69,KEM,True,2025-11-21T22:08:28.656547,,1573
FrodoKEM-976-AES,encap,0,64,2.2,1,1,0,ip-172-31-18-18,linux,0,3.3873,295.22,KEM,True,2025-11-21T22:08:28.660002,,1574
FrodoKEM-976-AES,encap,0,64,2.2,1,1,0,ip-172-31-18-18,linux,0,3.5142,284.56,KEM,True,2025-11-21T22:08:28.663589,,1575
FrodoKEM-976-AES,encap,1024,1,2.2,1,1,0,ip-172-31-18-18,linux,0,3.4835,287.07,KEM,True,2025-11-21T22:08:28.667148,,1576
FrodoKEM-976-AES,encap,1024,1,2.2,1,1,0,ip-172-31-18-18,linux,0,3.4279,291.72,KEM,True,2025-11-21T22:08:28.670645,,1577
FrodoKEM-976-AES,encap,1024,1,2.2,1,1,0,ip-172-31-18-18,linux,0,3.381,295.77,KEM,True,2025-11-21T22:08:28.674097,,1578
FrodoKEM-976-AES,encap,1024,1,2.2,1,1,0,ip-172-31-18-18,linux,0,3.4159,292.75,KEM,True,2025-11-21T22:08:28.677606,,1579
FrodoKEM-976-AES,encap,1024,1,2.2,1,1,0,ip-172-31-18-18,linux,0,3.3659,297.09,KEM,True,2025-11-21T22:08:28.681044,,1580
FrodoKEM-976-AES,encap,1024,16,2.2,1,1,0,ip-172-31-18-18,linux,0,3.3567,297.91,KEM,True,2025-11-21T22:08:28.684492,,1581
FrodoKEM-976-AES,encap,1024,16,2.2,1,1,0,ip-172-31-18-18,linux,0,3.3213,301.09,KEM,True,2025-11-21T22:08:28.687884,,1582
FrodoKEM-976-AES,encap,1024,16,2.2,1,1,0,ip-172-31-18-18,linux,0,3.3752,296.28,KEM,True,2025-11-21T22:08:28.691335,,1583
FrodoKEM-976-AES,encap,1024,16,2.2,1,1,0,ip-172-31-18-18,linux,0,3.3292,300.38,KEM,True,2025-11-21T22:08:28.694749,,1584
FrodoKEM-976-AES,encap,1024,16,2.2,1,1,0,ip-172-31-18-18,linux,0,3.4169,292.66,KEM,True,2025-11-21T22:08:28.698246,,1585
FrodoKEM-976-AES,encap,1024,64,2.2,1,1,0,ip-172-31-18-18,linux,0,3.3657,297.12,KEM,True,2025-11-21T22:08:28.701691,,1586
FrodoKEM-976-AES,encap,1024,64,2.2,1,1,0,ip-172-31-18-18,linux,0,3.3919,294.82,KEM,True,2025-11-21T22:08:28.705157,,1587
FrodoKEM-976-AES,encap,1024,64,2.2,1,1,0,ip-172-31-18-18,linux,0,3.3804,295.83,KEM,True,2025-11-21T22:08:28.708622,,1588
FrodoKEM-976-AES,encap,1024,64,2.2,1,1,0,ip-172-31-18-18,linux,0,9.1184,109.67,KEM,True,2025-11-21T22:08:28.717911,,1589
FrodoKEM-976-AES,encap,1024,64,2.2,1,1,0,ip-172-31-18-18,linux,0,4.9531,201.9,KEM,True,2025-11-21T22:08:28.722998,,1590
FrodoKEM-976-AES,decap,0,1,2.2,1,1,0,ip-172-31-18-18,linux,0,7.4683,133.9,KEM,True,2025-11-21T22:08:28.730644,,1591
FrodoKEM-976-AES,decap,0,1,2.2,1,1,0,ip-172-31-18-18,linux,0,5.2127,191.84,KEM,True,2025-11-21T22:08:28.735958,,1592
FrodoKEM-976-AES,decap,0,1,2.2,1,1,0,ip-172-31-18-18,linux,0,5.3553,186.73,KEM,True,2025-11-21T22:08:28.741392,,1593
FrodoKEM-976-AES,decap,0,1,2.2,1,1,0,ip-172-31-18-18,linux,0,5.1433,194.43,KEM,True,2025-11-21T22:08:28.746642,,1594
FrodoKEM-976-AES,decap,0,1,2.2,1,1,0,ip-172-31-18-18,linux,0,5.2359,190.99,KEM,True,2025-11-21T22:08:28.751946,,1595
FrodoKEM-976-AES,decap,0,16,2.2,1,1,0,ip-172-31-18-18,linux,0,5.2964,188.81,KEM,True,2025-11-21T22:08:28.757313,,1596
FrodoKEM-976-AES,decap,0,16,2.2,1,1,0,ip-172-31-18-18,linux,0,5.2011,192.27,KEM,True,2025-11-21T22:08:28.762589,,1597
FrodoKEM-976-AES,decap,0,16,2.2,1,1,0,ip-172-31-18-18,linux,0,5.246,190.62,KEM,True,2025-11-21T22:08:28.767942,,1598
FrodoKEM-976-AES,decap,0,16,2.2,1,1,0,ip-172-31-18-18,linux,0,5.3091,188.36,KEM,True,2025-11-21T22:08:28.773351,,1599
FrodoKEM-976-AES,decap,0,16,2.2,1,1,0,ip-172-31-18-18,linux,0,5.2155,191.74,KEM,True,2025-11-21T22:08:28.778654,,1600
FrodoKEM-976-AES,decap,0,64,2.2,1,1,0,ip-172-31-18-18,linux,0,5.2271,191.31,KEM,True,2025-11-21T22:08:28.783992,,1601
FrodoKEM-976-AES,decap,0,64,2.2,1,1,0,ip-172-31-18-18,linux,0,5.3888,185.57,KEM,True,2025-11-21T22:08:28.789499,,1602
FrodoKEM-976-AES,decap,0,64,2.2,1,1,0,ip-172-31-18-18,linux,0,5.1991,192.34,KEM,True,2025-11-21T22:08:28.794809,,1603
FrodoKEM-976-AES,decap,0,64,2.2,1,1,0,ip-172-31-18-18,linux,0,5.1692,193.45,KEM,True,2025-11-21T22:08:28.800080,,1604
FrodoKEM-976-AES,decap,0,64,2.2,1,1,0,ip-172-31-18-18,linux,0,5.298,188.75,KEM,True,2025-11-21T22:08:28.805486,,1605
FrodoKEM-976-AES,decap,1024,1,2.2,1,1,0,ip-172-31-18-18,linux,0,5.2083,192.0,KEM,True,2025-11-21T22:08:28.810784,,1606
FrodoKEM-976-AES,decap,1024,1,2.2,1,1,0,ip-172-31-18-18,linux,0,5.2413,190.79,KEM,True,2025-11-21T22:08:28.816130,,1607
FrodoKEM-976-AES,decap,1024,1,2.2,1,1,0,ip-172-31-18-18,linux,0,5.1833,192.93,KEM,True,2025-11-21T22:08:28.821419,,1608
FrodoKEM-976-AES,decap,1024,1,2.2,1,1,0,ip-172-31-18-18,linux,0,5.305,188.5,KEM,True,2025-11-21T22:08:28.826834,,1609
FrodoKEM-976-AES,decap,1024,1,2.2,1,1,0,ip-172-31-18-18,linux,0,5.2679,189.83,KEM,True,2025-11-21T22:08:28.832207,,1610
FrodoKEM-976-AES,decap,1024,16,2.2,1,1,0,ip-172-31-18-18,linux,0,5.1815,192.99,KEM,True,2025-11-21T22:08:28.837479,,1611
FrodoKEM-976-AES,decap,1024,16,2.2,1,1,0,ip-172-31-18-18,linux,0,5.3591,186.6,KEM,True,2025-11-21T22:08:28.842911,,1612
FrodoKEM-976-AES,decap,1024,16,2.2,1,1,0,ip-172-31-18-18,linux,0,5.2168,191.69,KEM,True,2025-11-21T22:08:28.848217,,1613
FrodoKEM-976-AES,decap,1024,16,2.2,1,1,0,ip-172-31-18-18,linux,0,5.1952,192.48,KEM,True,2025-11-21T22:08:28.853485,,1614
FrodoKEM-976-AES,decap,1024,16,2.2,1,1,0,ip-172-31-18-18,linux,0,5.2033,192.18,KEM,True,2025-11-21T22:08:28.858760,,1615
FrodoKEM-976-AES,decap,1024,64,2.2,1,1,0,ip-172-31-18-18,linux,0,5.1191,195.35,KEM,True,2025-11-21T22:08:28.863956,,1616
FrodoKEM-976-AES,decap,1024,64,2.2,1,1,0,ip-172-31-18-18,linux,0,5.1902,192.67,KEM,True,2025-11-21T22:08:28.869225,,1617
FrodoKEM-976-AES,decap,1024,64,2.2,1,1,0,ip-172-31-18-18,linux,0,5.1697,193.44,KEM,True,2025-11-21T22:08:28.874467,,1618
FrodoKEM-976-AES,decap,1024,64,2.2,1,1,0,ip-172-31-18-18,linux,0,5.1614,193.75,KEM,True,2025-11-21T22:08:28.879705,,1619
FrodoKEM-976-AES,decap,1024,64,2.2,1,1,0,ip-172-31-18-18,linux,0,5.2466,190.6,KEM,True,2025-11-21T22:08:28.885028,,1620
FrodoKEM-976-SHAKE,keygen,0,1,2.2,1,1,0,ip-172-31-18-18,linux,0,6.0634,164.92,KEM,True,2025-11-21T22:08:28.891197,,1621
FrodoKEM-976-SHAKE,keygen,0,1,2.2,1,1,0,ip-172-31-18-18,linux,0,6.0623,164.95,KEM,True,2025-11-21T22:08:28.897340,,1622
FrodoKEM-976-SHAKE,keygen,0,1,2.2,1,1,0,ip-172-31-18-18,linux,0,6.0384,165.61,KEM,True,2025-11-21T22:08:28.903471,,1623
FrodoKEM-976-SHAKE,keygen,0,1,2.2,1,1,0,ip-172-31-18-18,linux,0,6.0555,165.14,KEM,True,2025-11-21T22:08:28.909604,,1624
FrodoKEM-976-SHAKE,keygen,0,1,2.2,1,1,0,ip-172-31-18-18,linux,0,6.0597,165.02,KEM,True,2025-11-21T22:08:28.915749,,1625
FrodoKEM-976-SHAKE,keygen,0,16,2.2,1,1,0,ip-172-31-18-18,linux,0,6.1713,162.04,KEM,True,2025-11-21T22:08:28.922007,,1626
FrodoKEM-976-SHAKE,keygen,0,16,2.2,1,1,0,ip-172-31-18-18,linux,0,6.064,164.91,KEM,True,2025-11-21T22:08:28.928145,,1627
FrodoKEM-976-SHAKE,keygen,0,16,2.2,1,1,0,ip-172-31-18-18,linux,0,6.0841,164.36,KEM,True,2025-11-21T22:08:28.934297,,1628
FrodoKEM-976-SHAKE,keygen,0,16,2.2,1,1,0,ip-172-31-18-18,linux,0,6.1727,162.0,KEM,True,2025-11-21T22:08:28.940537,,1629
FrodoKEM-976-SHAKE,keygen,0,16,2.2,1,1,0,ip-172-31-18-18,linux,0,6.2319,160.46,KEM,True,2025-11-21T22:08:28.946837,,1630
FrodoKEM-976-SHAKE,keygen,0,64,2.2,1,1,0,ip-172-31-18-18,linux,0,6.2362,160.35,KEM,True,2025-11-21T22:08:28.953142,,1631
FrodoKEM-976-SHAKE,keygen,0,64,2.2,1,1,0,ip-172-31-18-18,linux,0,6.0128,166.31,KEM,True,2025-11-21T22:08:28.959222,,1632
FrodoKEM-976-SHAKE,keygen,0,64,2.2,1,1,0,ip-172-31-18-18,linux,0,6.0416,165.52,KEM,True,2025-11-21T22:08:28.965332,,1633
FrodoKEM-976-SHAKE,keygen,0,64,2.2,1,1,0,ip-172-31-18-18,linux,0,6.0205,166.1,KEM,True,2025-11-21T22:08:28.971426,,1634
FrodoKEM-976-SHAKE,keygen,0,64,2.2,1,1,0,ip-172-31-18-18,linux,0,6.0765,164.57,KEM,True,2025-11-21T22:08:28.977574,,1635
FrodoKEM-976-SHAKE,keygen,1024,1,2.2,1,1,0,ip-172-31-18-18,linux,0,6.0932,164.12,KEM,True,2025-11-21T22:08:28.983743,,1636
FrodoKEM-976-SHAKE,keygen,1024,1,2.2,1,1,0,ip-172-31-18-18,linux,0,6.0303,165.83,KEM,True,2025-11-21T22:08:28.989846,,1637
FrodoKEM-976-SHAKE,keygen,1024,1,2.2,1,1,0,ip-172-31-18-18,linux,0,6.0266,165.93,KEM,True,2025-11-21T22:08:28.995949,,1638
FrodoKEM-976-SHAKE,keygen,1024,1,2.2,1,1,0,ip-172-31-18-18,linux,0,6.0215,166.07,KEM,True,2025-11-21T22:08:29.002041,,1639
FrodoKEM-976-SHAKE,keygen,1024,1,2.2,1,1,0,ip-172-31-18-18,linux,0,6.0403,165.55,KEM,True,2025-11-21T22:08:29.008183,,1640
FrodoKEM-976-SHAKE,keygen,1024,16,2.2,1,1,0,ip-172-31-18-18,linux,0,6.0646,164.89,KEM,True,2025-11-21T22:08:29.014355,,1641
FrodoKEM-976-SHAKE,keygen,1024,16,2.2,1,1,0,ip-172-31-18-18,linux,0,6.0546,165.16,KEM,True,2025-11-21T22:08:29.020485,,1642
FrodoKEM-976-SHAKE,keygen,1024,16,2.2,1,1,0,ip-172-31-18-18,linux,0,6.0235,166.02,KEM,True,2025-11-21T22:08:29.026579,,1643
FrodoKEM-976-SHAKE,keygen,1024,16,2.2,1,1,0,ip-172-31-18-18,linux,0,5.9882,167.0,KEM,True,2025-11-21T22:08:29.032635,,1644
FrodoKEM-976-SHAKE,keygen,1024,16,2.2,1,1,0,ip-172-31-18-18,linux,0,6.042,165.51,KEM,True,2025-11-21T22:08:29.038758,,1645
FrodoKEM-976-SHAKE,keygen,1024,64,2.2,1,1,0,ip-172-31-18-18,linux,0,6.0582,165.07,KEM,True,2025-11-21T22:08:29.044897,,1646
FrodoKEM-976-SHAKE,keygen,1024,64,2.2,1,1,0,ip-172-31-18-18,linux,0,6.1702,162.07,KEM,True,2025-11-21T22:08:29.051181,,1647
FrodoKEM-976-SHAKE,keygen,1024,64,2.2,1,1,0,ip-172-31-18-18,linux,0,6.0553,165.14,KEM,True,2025-11-21T22:08:29.057344,,1648
FrodoKEM-976-SHAKE,keygen,1024,64,2.2,1,1,0,ip-172-31-18-18,linux,0,6.0788,164.51,KEM,True,2025-11-21T22:08:29.063494,,1649
FrodoKEM-976-SHAKE,keygen,1024,64,2.2,1,1,0,ip-172-31-18-18,linux,0,6.0827,164.4,KEM,True,2025-11-21T22:08:29.069653,,1650
FrodoKEM-976-SHAKE,encap,0,1,2.2,1,1,0,ip-172-31-18-18,linux,0,12.6339,79.15,KEM,True,2025-11-21T22:08:29.082407,,1651
FrodoKEM-976-SHAKE,encap,0,1,2.2,1,1,0,ip-172-31-18-18,linux,0,12.4547,80.29,KEM,True,2025-11-21T22:08:29.094953,,1652
FrodoKEM-976-SHAKE,encap,0,1,2.2,1,1,0,ip-172-31-18-18,linux,0,12.5495,79.68,KEM,True,2025-11-21T22:08:29.107607,,1653
FrodoKEM-976-SHAKE,encap,0,1,2.2,1,1,0,ip-172-31-18-18,linux,0,12.6219,79.23,KEM,True,2025-11-21T22:08:29.120339,,1654
FrodoKEM-976-SHAKE,encap,0,1,2.2,1,1,0,ip-172-31-18-18,linux,0,12.4561,80.28,KEM,True,2025-11-21T22:08:29.132897,,1655
FrodoKEM-976-SHAKE,encap,0,16,2.2,1,1,0,ip-172-31-18-18,linux,0,12.4924,80.05,KEM,True,2025-11-21T22:08:29.145525,,1656
FrodoKEM-976-SHAKE,encap,0,16,2.2,1,1,0,ip-172-31-18-18,linux,0,12.4959,80.03,KEM,True,2025-11-21T22:08:29.158094,,1657
FrodoKEM-976-SHAKE,encap,0,16,2.2,1,1,0,ip-172-31-18-18,linux,0,12.4196,80.52,KEM,True,2025-11-21T22:08:29.170604,,1658
FrodoKEM-976-SHAKE,encap,0,16,2.2,1,1,0,ip-172-31-18-18,linux,0,12.4641,80.23,KEM,True,2025-11-21T22:08:29.183168,,1659
FrodoKEM-976-SHAKE,encap,0,16,2.2,1,1,0,ip-172-31-18-18,linux,0,12.4606,80.25,KEM,True,2025-11-21T22:08:29.195736,,1660
FrodoKEM-976-SHAKE,encap,0,64,2.2,1,1,0,ip-172-31-18-18,linux,0,12.5003,80.0,KEM,True,2025-11-21T22:08:29.208367,,1661
FrodoKEM-976-SHAKE,encap,0,64,2.2,1,1,0,ip-172-31-18-18,linux,0,12.7349,78.52,KEM,True,2025-11-21T22:08:29.221220,,1662
FrodoKEM-976-SHAKE,encap,0,64,2.2,1,1,0,ip-172-31-18-18,linux,0,12.4832,80.11,KEM,True,2025-11-21T22:08:29.233811,,1663
FrodoKEM-976-SHAKE,encap,0,64,2.2,1,1,0,ip-172-31-18-18,linux,0,12.4497,80.32,KEM,True,2025-11-21T22:08:29.246335,,1664
FrodoKEM-976-SHAKE,encap,0,64,2.2,1,1,0,ip-172-31-18-18,linux,0,12.3952,80.68,KEM,True,2025-11-21T22:08:29.258802,,1665
FrodoKEM-976-SHAKE,encap,1024,1,2.2,1,1,0,ip-172-31-18-18,linux,0,12.49,80.06,KEM,True,2025-11-21T22:08:29.271380,,1666
FrodoKEM-976-SHAKE,encap,1024,1,2.2,1,1,0,ip-172-31-18-18,linux,0,12.4951,80.03,KEM,True,2025-11-21T22:08:29.283987,,1667
FrodoKEM-976-SHAKE,encap,1024,1,2.2,1,1,0,ip-172-31-18-18,linux,0,12.5967,79.39,KEM,True,2025-11-21T22:08:29.296680,,1668
FrodoKEM-976-SHAKE,encap,1024,1,2.2,1,1,0,ip-172-31-18-18,linux,0,12.4513,80.31,KEM,True,2025-11-21T22:08:29.309264,,1669
FrodoKEM-976-SHAKE,encap,1024,1,2.2,1,1,0,ip-172-31-18-18,linux,0,12.5279,79.82,KEM,True,2025-11-21T22:08:29.321901,,1670
FrodoKEM-976-SHAKE,encap,1024,16,2.2,1,1,0,ip-172-31-18-18,linux,0,12.4683,80.2,KEM,True,2025-11-21T22:08:29.334456,,1671
FrodoKEM-976-SHAKE,encap,1024,16,2.2,1,1,0,ip-172-31-18-18,linux,0,12.422,80.5,KEM,True,2025-11-21T22:08:29.346951,,1672
FrodoKEM-976-SHAKE,encap,1024,16,2.2,1,1,0,ip-172-31-18-18,linux,0,12.49,80.06,KEM,True,2025-11-21T22:08:29.359510,,1673
FrodoKEM-976-SHAKE,encap,1024,16,2.2,1,1,0,ip-172-31-18-18,linux,0,12.5009,79.99,KEM,True,2025-11-21T22:08:29.372088,,1674
FrodoKEM-976-SHAKE,encap,1024,16,2.2,1,1,0,ip-172-31-18-18,linux,0,12.4964,80.02,KEM,True,2025-11-21T22:08:29.384708,,1675
FrodoKEM-976-SHAKE,encap,1024,64,2.2,1,1,0,ip-172-31-18-18,linux,0,12.4255,80.48,KEM,True,2025-11-21T22:08:29.397231,,1676
FrodoKEM-976-SHAKE,encap,1024,64,2.2,1,1,0,ip-172-31-18-18,linux,0,12.4378,80.4,KEM,True,2025-11-21T22:08:29.409775,,1677
FrodoKEM-976-SHAKE,encap,1024,64,2.2,1,1,0,ip-172-31-18-18,linux,0,12.5016,79.99,KEM,True,2025-11-21T22:08:29.422381,,1678
FrodoKEM-976-SHAKE,encap,1024,64,2.2,1,1,0,ip-172-31-18-18,linux,0,12.4467,80.34,KEM,True,2025-11-21T22:08:29.434919,,1679
FrodoKEM-976-SHAKE,encap,1024,64,2.2,1,1,0,ip-172-31-18-18,linux,0,12.4603,80.26,KEM,True,2025-11-21T22:08:29.447453,,1680
FrodoKEM-976-SHAKE,decap,0,1,2.2,1,1,0,ip-172-31-18-18,linux,0,18.6939,53.49,KEM,True,2025-11-21T22:08:29.466230,,1681
FrodoKEM-976-SHAKE,decap,0,1,2.2,1,1,0,ip-172-31-18-18,linux,0,18.7753,53.26,KEM,True,2025-11-21T22:08:29.485123,,1682
FrodoKEM-976-SHAKE,decap,0,1,2.2,1,1,0,ip-172-31-18-18,linux,0,18.7627,53.3,KEM,True,2025-11-21T22:08:29.504000,,1683
FrodoKEM-976-SHAKE,decap,0,1,2.2,1,1,0,ip-172-31-18-18,linux,0,18.7638,53.29,KEM,True,2025-11-21T22:08:29.522895,,1684
FrodoKEM-976-SHAKE,decap,0,1,2.2,1,1,0,ip-172-31-18-18,linux,0,18.728,53.4,KEM,True,2025-11-21T22:08:29.541735,,1685
FrodoKEM-976-SHAKE,decap,0,16,2.2,1,1,0,ip-172-31-18-18,linux,0,18.8179,53.14,KEM,True,2025-11-21T22:08:29.560661,,1686
FrodoKEM-976-SHAKE,decap,0,16,2.2,1,1,0,ip-172-31-18-18,linux,0,18.7649,53.29,KEM,True,2025-11-21T22:08:29.579530,,1687
FrodoKEM-976-SHAKE,decap,0,16,2.2,1,1,0,ip-172-31-18-18,linux,0,18.6998,53.48,KEM,True,2025-11-21T22:08:29.598346,,1688
FrodoKEM-976-SHAKE,decap,0,16,2.2,1,1,0,ip-172-31-18-18,linux,0,19.2842,51.86,KEM,True,2025-11-21T22:08:29.617760,,1689
FrodoKEM-976-SHAKE,decap,0,16,2.2,1,1,0,ip-172-31-18-18,linux,0,19.5668,51.11,KEM,True,2025-11-21T22:08:29.637462,,1690
FrodoKEM-976-SHAKE,decap,0,64,2.2,1,1,0,ip-172-31-18-18,linux,0,19.2607,51.92,KEM,True,2025-11-21T22:08:29.656866,,1691
FrodoKEM-976-SHAKE,decap,0,64,2.2,1,1,0,ip-172-31-18-18,linux,0,18.8211,53.13,KEM,True,2025-11-21T22:08:29.675810,,1692
FrodoKEM-976-SHAKE,decap,0,64,2.2,1,1,0,ip-172-31-18-18,linux,0,18.7604,53.3,KEM,True,2025-11-21T22:08:29.694688,,1693
FrodoKEM-976-SHAKE,decap,0,64,2.2,1,1,0,ip-172-31-18-18,linux,0,18.8109,53.16,KEM,True,2025-11-21T22:08:29.713617,,1694
FrodoKEM-976-SHAKE,decap,0,64,2.2,1,1,0,ip-172-31-18-18,linux,0,18.8498,53.05,KEM,True,2025-11-21T22:08:29.732583,,1695
FrodoKEM-976-SHAKE,decap,1024,1,2.2,1,1,0,ip-172-31-18-18,linux,0,18.923,52.85,KEM,True,2025-11-21T22:08:29.751625,,1696
FrodoKEM-976-SHAKE,decap,1024,1,2.2,1,1,0,ip-172-31-18-18,linux,0,18.7443,53.35,KEM,True,2025-11-21T22:08:29.770481,,1697
FrodoKEM-976-SHAKE,decap,1024,1,2.2,1,1,0,ip-172-31-18-18,linux,0,18.7335,53.38,KEM,True,2025-11-21T22:08:29.789330,,1698
FrodoKEM-976-SHAKE,decap,1024,1,2.2,1,1,0,ip-172-31-18-18,linux,0,18.8281,53.11,KEM,True,2025-11-21T22:08:29.808269,,1699
FrodoKEM-976-SHAKE,decap,1024,1,2.2,1,1,0,ip-172-31-18-18,linux,0,19.1284,52.28,KEM,True,2025-11-21T22:08:29.827514,,1700
FrodoKEM-976-SHAKE,decap,1024,16,2.2,1,1,0,ip-172-31-18-18,linux,0,18.9577,52.75,KEM,True,2025-11-21T22:08:29.846574,,1701
FrodoKEM-976-SHAKE,decap,1024,16,2.2,1,1,0,ip-172-31-18-18,linux,0,18.643,53.64,KEM,True,2025-11-21T22:08:29.865312,,1702
FrodoKEM-976-SHAKE,decap,1024,16,2.2,1,1,0,ip-172-31-18-18,linux,0,18.8776,52.97,KEM,True,2025-11-21T22:08:29.884296,,1703
FrodoKEM-976-SHAKE,decap,1024,16,2.2,1,1,0,ip-172-31-18-18,linux,0,18.7708,53.27,KEM,True,2025-11-21T22:08:29.903180,,1704
FrodoKEM-976-SHAKE,decap,1024,16,2.2,1,1,0,ip-172-31-18-18,linux,0,18.9435,52.79,KEM,True,2025-11-21T22:08:29.922243,,1705
FrodoKEM-976-SHAKE,decap,1024,64,2.2,1,1,0,ip-172-31-18-18,linux,0,18.9261,52.84,KEM,True,2025-11-21T22:08:29.941283,,1706
FrodoKEM-976-SHAKE,decap,1024,64,2.2,1,1,0,ip-172-31-18-18,linux,0,18.6719,53.56,KEM,True,2025-11-21T22:08:29.960044,,1707
FrodoKEM-976-SHAKE,decap,1024,64,2.2,1,1,0,ip-172-31-18-18,linux,0,18.831,53.1,KEM,True,2025-11-21T22:08:29.978993,,1708
FrodoKEM-976-SHAKE,decap,1024,64,2.2,1,1,0,ip-172-31-18-18,linux,0,18.7531,53.32,KEM,True,2025-11-21T22:08:29.997863,,1709
FrodoKEM-976-SHAKE,decap,1024,64,2.2,1,1,0,ip-172-31-18-18,linux,0,18.8394,53.08,KEM,True,2025-11-21T22:08:30.016817,,1710
Kyber1024,keygen,0,1,2.2,1,1,0,ip-172-31-18-18,linux,0,0.3908,2559.15,KEM,True,2025-11-21T22:08:30.017335,,1711
Kyber1024,keygen,0,1,2.2,1,1,0,ip-172-31-18-18,linux,0,0.1356,7375.07,KEM,True,2025-11-21T22:08:30.017550,,1712
Kyber1024,keygen,0,1,2.2,1,1,0,ip-172-31-18-18,linux,0,0.132,7574.5,KEM,True,2025-11-21T22:08:30.017766,,1713
Kyber1024,keygen,0,1,2.2,1,1,0,ip-172-31-18-18,linux,0,0.123,8131.27,KEM,True,2025-11-21T22:08:30.017968,,1714
Kyber1024,keygen,0,1,2.2,1,1,0,ip-172-31-18-18,linux,0,0.1459,6853.92,KEM,True,2025-11-21T22:08:30.018200,,1715
Kyber1024,keygen,0,16,2.2,1,1,0,ip-172-31-18-18,linux,0,0.1338,7472.61,KEM,True,2025-11-21T22:08:30.018426,,1716
Kyber1024,keygen,0,16,2.2,1,1,0,ip-172-31-18-18,linux,0,0.1291,7746.41,KEM,True,2025-11-21T22:08:30.018634,,1717
Kyber1024,keygen,0,16,2.2,1,1,0,ip-172-31-18-18,linux,0,0.134,7460.9,KEM,True,2025-11-21T22:08:30.018852,,1718
Kyber1024,keygen,0,16,2.2,1,1,0,ip-172-31-18-18,linux,0,0.122,8195.92,KEM,True,2025-11-21T22:08:30.019056,,1719
Kyber1024,keygen,0,16,2.2,1,1,0,ip-172-31-18-18,linux,0,0.1421,7036.21,KEM,True,2025-11-21T22:08:30.019297,,1720
Kyber1024,keygen,0,64,2.2,1,1,0,ip-172-31-18-18,linux,0,0.1269,7881.34,KEM,True,2025-11-21T22:08:30.019491,,1721
Kyber1024,keygen,0,64,2.2,1,1,0,ip-172-31-18-18,linux,0,0.1257,7955.96,KEM,True,2025-11-21T22:08:30.019682,,1722
Kyber1024,keygen,0,64,2.2,1,1,0,ip-172-31-18-18,linux,0,0.119,8404.63,KEM,True,2025-11-21T22:08:30.019866,,1723
Kyber1024,keygen,0,64,2.2,1,1,0,ip-172-31-18-18,linux,0,0.1237,8081.98,KEM,True,2025-11-21T22:08:30.020133,,1724
Kyber1024,keygen,0,64,2.2,1,1,0,ip-172-31-18-18,linux,0,0.119,8401.1,KEM,True,2025-11-21T22:08:30.020317,,1725
Kyber1024,keygen,1024,1,2.2,1,1,0,ip-172-31-18-18,linux,0,0.119,8401.17,KEM,True,2025-11-21T22:08:30.020502,,1726
Kyber1024,keygen,1024,1,2.2,1,1,0,ip-172-31-18-18,linux,0,0.119,8403.22,KEM,True,2025-11-21T22:08:30.020685,,1727
Kyber1024,keygen,1024,1,2.2,1,1,0,ip-172-31-18-18,linux,0,0.1197,8356.87,KEM,True,2025-11-21T22:08:30.020892,,1728
Kyber1024,keygen,1024,1,2.2,1,1,0,ip-172-31-18-18,linux,0,0.1194,8372.33,KEM,True,2025-11-21T22:08:30.021076,,1729
Kyber1024,keygen,1024,1,2.2,1,1,0,ip-172-31-18-18,linux,0,0.1224,8167.13,KEM,True,2025-11-21T22:08:30.021280,,1730
Kyber1024,keygen,1024,16,2.2,1,1,0,ip-172-31-18-18,linux,0,0.1197,8352.68,KEM,True,2025-11-21T22:08:30.021464,,1731
Kyber1024,keygen,1024,16,2.2,1,1,0,ip-172-31-18-18,linux,0,0.1191,8396.87,KEM,True,2025-11-21T22:08:30.021648,,1732
Kyber1024,keygen,1024,16,2.2,1,1,0,ip-172-31-18-18,linux,0,0.1177,8495.31,KEM,True,2025-11-21T22:08:30.021829,,1733
Kyber1024,keygen,1024,16,2.2,1,1,0,ip-172-31-18-18,linux,0,0.1188,8416.66,KEM,True,2025-11-21T22:08:30.022011,,1734
Kyber1024,keygen,1024,16,2.2,1,1,0,ip-172-31-18-18,linux,0,0.1378,7257.32,KEM,True,2025-11-21T22:08:30.022213,,1735
Kyber1024,keygen,1024,64,2.2,1,1,0,ip-172-31-18-18,linux,0,0.1204,8309.03,KEM,True,2025-11-21T22:08:30.022398,,1736
Kyber1024,keygen,1024,64,2.2,1,1,0,ip-172-31-18-18,linux,0,0.1184,8442.95,KEM,True,2025-11-21T22:08:30.022580,,1737
Kyber1024,keygen,1024,64,2.2,1,1,0,ip-172-31-18-18,linux,0,0.1188,8416.02,KEM,True,2025-11-21T22:08:30.022763,,1738
Kyber1024,keygen,1024,64,2.2,1,1,0,ip-172-31-18-18,linux,0,0.1188,8415.24,KEM,True,2025-11-21T22:08:30.022944,,1739
Kyber1024,keygen,1024,64,2.2,1,1,0,ip-172-31-18-18,linux,0,0.1504,6648.41,KEM,True,2025-11-21T22:08:30.023158,,1740
Kyber1024,encap,0,1,2.2,1,1,0,ip-172-31-18-18,linux,0,0.2015,4961.74,KEM,True,2025-11-21T22:08:30.023430,,1741
Kyber1024,encap,0,1,2.2,1,1,0,ip-172-31-18-18,linux,0,0.1988,5029.85,KEM,True,2025-11-21T22:08:30.023694,,1742
Kyber1024,encap,0,1,2.2,1,1,0,ip-172-31-18-18,linux,0,0.1975,5064.5,KEM,True,2025-11-21T22:08:30.023956,,1743
Kyber1024,encap,0,1,2.2,1,1,0,ip-172-31-18-18,linux,0,0.2158,4633.64,KEM,True,2025-11-21T22:08:30.024237,,1744
Kyber1024,encap,0,1,2.2,1,1,0,ip-172-31-18-18,linux,0,0.1976,5061.42,KEM,True,2025-11-21T22:08:30.024496,,1745
Kyber1024,encap,0,16,2.2,1,1,0,ip-172-31-18-18,linux,0,0.2192,4563.02,KEM,True,2025-11-21T22:08:30.024779,,1746
Kyber1024,encap,0,16,2.2,1,1,0,ip-172-31-18-18,linux,0,0.1981,5048.67,KEM,True,2025-11-21T22:08:30.025040,,1747
Kyber1024,encap,0,16,2.2,1,1,0,ip-172-31-18-18,linux,0,0.2147,4658.25,KEM,True,2025-11-21T22:08:30.025318,,1748
Kyber1024,encap,0,16,2.2,1,1,0,ip-172-31-18-18,linux,0,0.1976,5059.63,KEM,True,2025-11-21T22:08:30.025579,,1749
Kyber1024,encap,0,16,2.2,1,1,0,ip-172-31-18-18,linux,0,0.1967,5084.35,KEM,True,2025-11-21T22:08:30.025840,,1750
Kyber1024,encap,0,64,2.2,1,1,0,ip-172-31-18-18,linux,0,0.1953,5120.51,KEM,True,2025-11-21T22:08:30.026131,,1751
Kyber1024,encap,0,64,2.2,1,1,0,ip-172-31-18-18,linux,0,0.2026,4934.79,KEM,True,2025-11-21T22:08:30.026398,,1752
Kyber1024,encap,0,64,2.2,1,1,0,ip-172-31-18-18,linux,0,0.2016,4961.01,KEM,True,2025-11-21T22:08:30.026663,,1753
Kyber1024,encap,0,64,2.2,1,1,0,ip-172-31-18-18,linux,0,0.1973,5068.86,KEM,True,2025-11-21T22:08:30.026925,,1754
Kyber1024,encap,0,64,2.2,1,1,0,ip-172-31-18-18,linux,0,0.2174,4600.81,KEM,True,2025-11-21T22:08:30.027205,,1755
Kyber1024,encap,1024,1,2.2,1,1,0,ip-172-31-18-18,linux,0,0.2021,4948.49,KEM,True,2025-11-21T22:08:30.027472,,1756
Kyber1024,encap,1024,1,2.2,1,1,0,ip-172-31-18-18,linux,0,0.1985,5038.72,KEM,True,2025-11-21T22:08:30.027733,,1757
Kyber1024,encap,1024,1,2.2,1,1,0,ip-172-31-18-18,linux,0,0.1963,5093.13,KEM,True,2025-11-21T22:08:30.027992,,1758
Kyber1024,encap,1024,1,2.2,1,1,0,ip-172-31-18-18,linux,0,0.2157,4636.43,KEM,True,2025-11-21T22:08:30.028271,,1759
Kyber1024,encap,1024,1,2.2,1,1,0,ip-172-31-18-18,linux,0,0.1972,5070.4,KEM,True,2025-11-21T22:08:30.028531,,1760
Kyber1024,encap,1024,16,2.2,1,1,0,ip-172-31-18-18,linux,0,0.2128,4698.96,KEM,True,2025-11-21T22:08:30.028808,,1761
Kyber1024,encap,1024,16,2.2,1,1,0,ip-172-31-18-18,linux,0,0.1968,5080.73,KEM,True,2025-11-21T22:08:30.029068,,1762
Kyber1024,encap,1024,16,2.2,1,1,0,ip-172-31-18-18,linux,0,0.1818,5500.49,KEM,True,2025-11-21T22:08:30.029347,,1763
Kyber1024,encap,1024,16,2.2,1,1,0,ip-172-31-18-18,linux,0,0.1834,5452.5,KEM,True,2025-11-21T22:08:30.029592,,1764
Kyber1024,encap,1024,16,2.2,1,1,0,ip-172-31-18-18,linux,0,0.1838,5440.02,KEM,True,2025-11-21T22:08:30.029838,,1765
Kyber1024,encap,1024,64,2.2,1,1,0,ip-172-31-18-18,linux,0,0.1818,5501.7,KEM,True,2025-11-21T22:08:30.030082,,1766
Kyber1024,encap,1024,64,2.2,1,1,0,ip-172-31-18-18,linux,0,0.1832,5459.92,KEM,True,2025-11-21T22:08:30.030357,,1767
Kyber1024,encap,1024,64,2.2,1,1,0,ip-172-31-18-18,linux,0,0.1825,5478.19,KEM,True,2025-11-21T22:08:30.030601,,1768
Kyber1024,encap,1024,64,2.2,1,1,0,ip-172-31-18-18,linux,0,0.1834,5451.58,KEM,True,2025-11-21T22:08:30.030846,,1769
Kyber1024,encap,1024,64,2.2,1,1,0,ip-172-31-18-18,linux,0,0.1838,5440.02,KEM,True,2025-11-21T22:08:30.031090,,1770
Kyber1024,decap,0,1,2.2,1,1,0,ip-172-31-18-18,linux,0,0.2426,4122.13,KEM,True,2025-11-21T22:08:30.031422,,1771
Kyber1024,decap,0,1,2.2,1,1,0,ip-172-31-18-18,linux,0,0.2427,4119.91,KEM,True,2025-11-21T22:08:30.031726,,1772
Kyber1024,decap,0,1,2.2,1,1,0,ip-172-31-18-18,linux,0,0.2433,4109.41,KEM,True,2025-11-21T22:08:30.032031,,1773
Kyber1024,decap,0,1,2.2,1,1,0,ip-172-31-18-18,linux,0,0.2634,3796.18,KEM,True,2025-11-21T22:08:30.032356,,1774
Kyber1024,decap,0,1,2.2,1,1,0,ip-172-31-18-18,linux,0,0.2428,4118.57,KEM,True,2025-11-21T22:08:30.032661,,1775
Kyber1024,decap,0,16,2.2,1,1,0,ip-172-31-18-18,linux,0,0.2447,4087.24,KEM,True,2025-11-21T22:08:30.032981,,1776
Kyber1024,decap,0,16,2.2,1,1,0,ip-172-31-18-18,linux,0,0.2773,3605.63,KEM,True,2025-11-21T22:08:30.033320,,1777
Kyber1024,decap,0,16,2.2,1,1,0,ip-172-31-18-18,linux,0,0.2418,4135.43,KEM,True,2025-11-21T22:08:30.033625,,1778
Kyber1024,decap,0,16,2.2,1,1,0,ip-172-31-18-18,linux,0,0.2421,4130.63,KEM,True,2025-11-21T22:08:30.033928,,1779
Kyber1024,decap,0,16,2.2,1,1,0,ip-172-31-18-18,linux,0,0.2625,3808.89,KEM,True,2025-11-21T22:08:30.034253,,1780
Kyber1024,decap,0,64,2.2,1,1,0,ip-172-31-18-18,linux,0,0.2418,4135.26,KEM,True,2025-11-21T22:08:30.034557,,1781
Kyber1024,decap,0,64,2.2,1,1,0,ip-172-31-18-18,linux,0,0.2489,4017.79,KEM,True,2025-11-21T22:08:30.034870,,1782
Kyber1024,decap,0,64,2.2,1,1,0,ip-172-31-18-18,linux,0,0.2626,3808.74,KEM,True,2025-11-21T22:08:30.035194,,1783
Kyber1024,decap,0,64,2.2,1,1,0,ip-172-31-18-18,linux,0,0.2419,4133.55,KEM,True,2025-11-21T22:08:30.035497,,1784
Kyber1024,decap,0,64,2.2,1,1,0,ip-172-31-18-18,linux,0,0.2466,4055.43,KEM,True,2025-11-21T22:08:30.035805,,1785
Kyber1024,decap,1024,1,2.2,1,1,0,ip-172-31-18-18,linux,0,0.2626,3808.74,KEM,True,2025-11-21T22:08:30.036129,,1786
Kyber1024,decap,1024,1,2.2,1,1,0,ip-172-31-18-18,linux,0,0.2432,4111.27,KEM,True,2025-11-21T22:08:30.036433,,1787
Kyber1024,decap,1024,1,2.2,1,1,0,ip-172-31-18-18,linux,0,0.2568,3894.34,KEM,True,2025-11-21T22:08:30.036753,,1788
Kyber1024,decap,1024,1,2.2,1,1,0,ip-172-31-18-18,linux,0,0.2434,4107.74,KEM,True,2025-11-21T22:08:30.037059,,1789
Kyber1024,decap,1024,1,2.2,1,1,0,ip-172-31-18-18,linux,0,0.241,4149.15,KEM,True,2025-11-21T22:08:30.037397,,1790
Kyber1024,decap,1024,16,2.2,1,1,0,ip-172-31-18-18,linux,0,0.2429,4116.19,KEM,True,2025-11-21T22:08:30.037702,,1791
Kyber1024,decap,1024,16,2.2,1,1,0,ip-172-31-18-18,linux,0,0.2416,4138.68,KEM,True,2025-11-21T22:08:30.038005,,1792
Kyber1024,decap,1024,16,2.2,1,1,0,ip-172-31-18-18,linux,0,0.2608,3834.89,KEM,True,2025-11-21T22:08:30.038327,,1793
Kyber1024,decap,1024,16,2.2,1,1,0,ip-172-31-18-18,linux,0,0.2387,4188.94,KEM,True,2025-11-21T22:08:30.038629,,1794
Kyber1024,decap,1024,16,2.2,1,1,0,ip-172-31-18-18,linux,0,0.3009,3323.43,KEM,True,2025-11-21T22:08:30.039031,,1795
Kyber1024,decap,1024,64,2.2,1,1,0,ip-172-31-18-18,linux,0,0.2768,3612.27,KEM,True,2025-11-21T22:08:30.039372,,1796
Kyber1024,decap,1024,64,2.2,1,1,0,ip-172-31-18-18,linux,0,0.2573,3885.86,KEM,True,2025-11-21T22:08:30.039695,,1797
Kyber1024,decap,1024,64,2.2,1,1,0,ip-172-31-18-18,linux,0,0.2584,3869.91,KEM,True,2025-11-21T22:08:30.040016,,1798
Kyber1024,decap,1024,64,2.2,1,1,0,ip-172-31-18-18,linux,0,0.2737,3654.26,KEM,True,2025-11-21T22:08:30.040354,,1799
Kyber1024,decap,1024,64,2.2,1,1,0,ip-172-31-18-18,linux,0,0.257,3890.69,KEM,True,2025-11-21T22:08:30.040674,,1800
Kyber512,keygen,0,1,2.2,1,1,0,ip-172-31-18-18,linux,0,0.1971,5074.26,KEM,True,2025-11-21T22:08:30.040962,,1801
Kyber512,keygen,0,1,2.2,1,1,0,ip-172-31-18-18,linux,0,0.1184,8446.52,KEM,True,2025-11-21T22:08:30.041147,,1802
Kyber512,keygen,0,1,2.2,1,1,0,ip-172-31-18-18,linux,0,0.0893,11201.85,KEM,True,2025-11-21T22:08:30.041298,,1803
Kyber512,keygen,0,1,2.2,1,1,0,ip-172-31-18-18,linux,0,0.0889,11248.47,KEM,True,2025-11-21T22:08:30.041451,,1804
Kyber512,keygen,0,1,2.2,1,1,0,ip-172-31-18-18,linux,0,0.0893,11204.36,KEM,True,2025-11-21T22:08:30.041603,,1805
Kyber512,keygen,0,16,2.2,1,1,0,ip-172-31-18-18,linux,0,0.0894,11189.31,KEM,True,2025-11-21T22:08:30.041755,,1806
Kyber512,keygen,0,16,2.2,1,1,0,ip-172-31-18-18,linux,0,0.0885,11303.14,KEM,True,2025-11-21T22:08:30.041907,,1807
Kyber512,keygen,0,16,2.2,1,1,0,ip-172-31-18-18,linux,0,0.0887,11268.75,KEM,True,2025-11-21T22:08:30.042057,,1808
Kyber512,keygen,0,16,2.2,1,1,0,ip-172-31-18-18,linux,0,0.0891,11223.22,KEM,True,2025-11-21T22:08:30.042242,,1809
Kyber512,keygen,0,16,2.2,1,1,0,ip-172-31-18-18,linux,0,0.0754,13267.7,KEM,True,2025-11-21T22:08:30.042382,,1810
Kyber512,keygen,0,64,2.2,1,1,0,ip-172-31-18-18,linux,0,0.0764,13092.26,KEM,True,2025-11-21T22:08:30.042521,,1811
Kyber512,keygen,0,64,2.2,1,1,0,ip-172-31-18-18,linux,0,0.0762,13130.08,KEM,True,2025-11-21T22:08:30.042659,,1812
Kyber512,keygen,0,64,2.2,1,1,0,ip-172-31-18-18,linux,0,0.0765,13078.56,KEM,True,2025-11-21T22:08:30.042797,,1813
Kyber512,keygen,0,64,2.2,1,1,0,ip-172-31-18-18,linux,0,0.0764,13088.83,KEM,True,2025-11-21T22:08:30.042934,,1814
Kyber512,keygen,0,64,2.2,1,1,0,ip-172-31-18-18,linux,0,0.0761,13147.34,KEM,True,2025-11-21T22:08:30.043071,,1815
Kyber512,keygen,1024,1,2.2,1,1,0,ip-172-31-18-18,linux,0,0.0769,13007.11,KEM,True,2025-11-21T22:08:30.043245,,1816
Kyber512,keygen,1024,1,2.2,1,1,0,ip-172-31-18-18,linux,0,0.0764,13087.12,KEM,True,2025-11-21T22:08:30.043382,,1817
Kyber512,keygen,1024,1,2.2,1,1,0,ip-172-31-18-18,linux,0,0.0755,13248.37,KEM,True,2025-11-21T22:08:30.043520,,1818
Kyber512,keygen,1024,1,2.2,1,1,0,ip-172-31-18-18,linux,0,0.0761,13135.25,KEM,True,2025-11-21T22:08:30.043657,,1819
Kyber512,keygen,1024,1,2.2,1,1,0,ip-172-31-18-18,linux,0,0.0765,13075.14,KEM,True,2025-11-21T22:08:30.043793,,1820
Kyber512,keygen,1024,16,2.2,1,1,0,ip-172-31-18-18,linux,0,0.0759,13178.53,KEM,True,2025-11-21T22:08:30.043930,,1821
Kyber512,keygen,1024,16,2.2,1,1,0,ip-172-31-18-18,linux,0,0.0787,12712.78,KEM,True,2025-11-21T22:08:30.044096,,1822
Kyber512,keygen,1024,16,2.2,1,1,0,ip-172-31-18-18,linux,0,0.0761,13143.89,KEM,True,2025-11-21T22:08:30.044251,,1823
Kyber512,keygen,1024,16,2.2,1,1,0,ip-172-31-18-18,linux,0,0.0764,13087.12,KEM,True,2025-11-21T22:08:30.044389,,1824
Kyber512,keygen,1024,16,2.2,1,1,0,ip-172-31-18-18,linux,0,0.0757,13209.87,KEM,True,2025-11-21T22:08:30.044525,,1825
Kyber512,keygen,1024,64,2.2,1,1,0,ip-172-31-18-18,linux,0,0.0762,13130.08,KEM,True,2025-11-21T22:08:30.044662,,1826
Kyber512,keygen,1024,64,2.2,1,1,0,ip-172-31-18-18,linux,0,0.0764,13081.98,KEM,True,2025-11-21T22:08:30.044813,,1827
Kyber512,keygen,1024,64,2.2,1,1,0,ip-172-31-18-18,linux,0,0.0764,13095.69,KEM,True,2025-11-21T22:08:30.044951,,1828
Kyber512,keygen,1024,64,2.2,1,1,0,ip-172-31-18-18,linux,0,0.076,13157.72,KEM,True,2025-11-21T22:08:30.045088,,1829
Kyber512,keygen,1024,64,2.2,1,1,0,ip-172-31-18-18,linux,0,0.077,12990.22,KEM,True,2025-11-21T22:08:30.045244,,1830
Kyber512,encap,0,1,2.2,1,1,0,ip-172-31-18-18,linux,0,0.1591,6285.67,KEM,True,2025-11-21T22:08:30.045471,,1831
Kyber512,encap,0,1,2.2,1,1,0,ip-172-31-18-18,linux,0,0.1233,8108.2,KEM,True,2025-11-21T22:08:30.045657,,1832
Kyber512,encap,0,1,2.2,1,1,0,ip-172-31-18-18,linux,0,0.1224,8173.14,KEM,True,2025-11-21T22:08:30.045840,,1833
Kyber512,encap,0,1,2.2,1,1,0,ip-172-31-18-18,linux,0,0.1228,8141.2,KEM,True,2025-11-21T22:08:30.046024,,1834
Kyber512,encap,0,1,2.2,1,1,0,ip-172-31-18-18,linux,0,0.1426,7011.05,KEM,True,2025-11-21T22:08:30.046229,,1835
Kyber512,encap,0,16,2.2,1,1,0,ip-172-31-18-18,linux,0,0.1235,8095.72,KEM,True,2025-11-21T22:08:30.046415,,1836
Kyber512,encap,0,16,2.2,1,1,0,ip-172-31-18-18,linux,0,0.1225,8166.53,KEM,True,2025-11-21T22:08:30.046598,,1837
Kyber512,encap,0,16,2.2,1,1,0,ip-172-31-18-18,linux,0,0.1231,8123.34,KEM,True,2025-11-21T22:08:30.046781,,1838
Kyber512,encap,0,16,2.2,1,1,0,ip-172-31-18-18,linux,0,0.122,8197.33,KEM,True,2025-11-21T22:08:30.046966,,1839
Kyber512,encap,0,16,2.2,1,1,0,ip-172-31-18-18,linux,0,0.1584,6313.85,KEM,True,2025-11-21T22:08:30.047187,,1840
Kyber512,encap,0,64,2.2,1,1,0,ip-172-31-18-18,linux,0,0.1231,8125.33,KEM,True,2025-11-21T22:08:30.047370,,1841
Kyber512,encap,0,64,2.2,1,1,0,ip-172-31-18-18,linux,0,0.1221,8192.56,KEM,True,2025-11-21T22:08:30.047554,,1842
Kyber512,encap,0,64,2.2,1,1,0,ip-172-31-18-18,linux,0,0.1212,8249.33,KEM,True,2025-11-21T22:08:30.047737,,1843
Kyber512,encap,0,64,2.2,1,1,0,ip-172-31-18-18,linux,0,0.1221,8189.94,KEM,True,2025-11-21T22:08:30.047919,,1844
Kyber512,encap,0,64,2.2,1,1,0,ip-172-31-18-18,linux,0,0.1225,8165.13,KEM,True,2025-11-21T22:08:30.048120,,1845
Kyber512,encap,1024,1,2.2,1,1,0,ip-172-31-18-18,linux,0,0.1227,8153.15,KEM,True,2025-11-21T22:08:30.048304,,1846
Kyber512,encap,1024,1,2.2,1,1,0,ip-172-31-18-18,linux,0,0.1262,7924.5,KEM,True,2025-11-21T22:08:30.048492,,1847
Kyber512,encap,1024,1,2.2,1,1,0,ip-172-31-18-18,linux,0,0.1221,8191.89,KEM,True,2025-11-21T22:08:30.048674,,1848
Kyber512,encap,1024,1,2.2,1,1,0,ip-172-31-18-18,linux,0,0.1229,8133.98,KEM,True,2025-11-21T22:08:30.048872,,1849
Kyber512,encap,1024,1,2.2,1,1,0,ip-172-31-18-18,linux,0,0.1224,8171.8,KEM,True,2025-11-21T22:08:30.049057,,1850
Kyber512,encap,1024,16,2.2,1,1,0,ip-172-31-18-18,linux,0,0.1202,8318.64,KEM,True,2025-11-21T22:08:30.049275,,1851
Kyber512,encap,1024,16,2.2,1,1,0,ip-172-31-18-18,linux,0,0.1225,8164.53,KEM,True,2025-11-21T22:08:30.049461,,1852
Kyber512,encap,1024,16,2.2,1,1,0,ip-172-31-18-18,linux,0,0.1222,8185.85,KEM,True,2025-11-21T22:08:30.049646,,1853
Kyber512,encap,1024,16,2.2,1,1,0,ip-172-31-18-18,linux,0,0.1216,8223.55,KEM,True,2025-11-21T22:08:30.049829,,1854
Kyber512,encap,1024,16,2.2,1,1,0,ip-172-31-18-18,linux,0,0.1265,7905.64,KEM,True,2025-11-21T22:08:30.050016,,1855
Kyber512,encap,1024,64,2.2,1,1,0,ip-172-31-18-18,linux,0,0.1426,7012.52,KEM,True,2025-11-21T22:08:30.050221,,1856
Kyber512,encap,1024,64,2.2,1,1,0,ip-172-31-18-18,linux,0,0.1227,8150.56,KEM,True,2025-11-21T22:08:30.050406,,1857
Kyber512,encap,1024,64,2.2,1,1,0,ip-172-31-18-18,linux,0,0.1222,8181.16,KEM,True,2025-11-21T22:08:30.050590,,1858
Kyber512,encap,1024,64,2.2,1,1,0,ip-172-31-18-18,linux,0,0.1219,8204.05,KEM,True,2025-11-21T22:08:30.050774,,1859
Kyber512,encap,1024,64,2.2,1,1,0,ip-172-31-18-18,linux,0,0.1231,8125.33,KEM,True,2025-11-21T22:08:30.050959,,1860
Kyber512,decap,0,1,2.2,1,1,0,ip-172-31-18-18,linux,0,0.189,5290.67,KEM,True,2025-11-21T22:08:30.051218,,1861
Kyber512,decap,0,1,2.2,1,1,0,ip-172-31-18-18,linux,0,0.1588,6296.36,KEM,True,2025-11-21T22:08:30.051438,,1862
Kyber512,decap,0,1,2.2,1,1,0,ip-172-31-18-18,linux,0,0.1528,6543.99,KEM,True,2025-11-21T22:08:30.051652,,1863
Kyber512,decap,0,1,2.2,1,1,0,ip-172-31-18-18,linux,0,0.1584,6313.85,KEM,True,2025-11-21T22:08:30.051871,,1864
Kyber512,decap,0,1,2.2,1,1,0,ip-172-31-18-18,linux,0,0.1523,6568.06,KEM,True,2025-11-21T22:08:30.052084,,1865
Kyber512,decap,0,16,2.2,1,1,0,ip-172-31-18-18,linux,0,0.155,6453.2,KEM,True,2025-11-21T22:08:30.052352,,1866
Kyber512,decap,0,16,2.2,1,1,0,ip-172-31-18-18,linux,0,0.1526,6553.42,KEM,True,2025-11-21T22:08:30.052566,,1867
Kyber512,decap,0,16,2.2,1,1,0,ip-172-31-18-18,linux,0,0.1698,5889.21,KEM,True,2025-11-21T22:08:30.052797,,1868
Kyber512,decap,0,16,2.2,1,1,0,ip-172-31-18-18,linux,0,0.1529,6540.56,KEM,True,2025-11-21T22:08:30.053011,,1869
Kyber512,decap,0,16,2.2,1,1,0,ip-172-31-18-18,linux,0,0.1722,5805.78,KEM,True,2025-11-21T22:08:30.053243,,1870
Kyber512,decap,0,64,2.2,1,1,0,ip-172-31-18-18,linux,0,0.1528,6544.85,KEM,True,2025-11-21T22:08:30.053459,,1871
Kyber512,decap,0,64,2.2,1,1,0,ip-172-31-18-18,linux,0,0.1533,6524.77,KEM,True,2025-11-21T22:08:30.053675,,1872
Kyber512,decap,0,64,2.2,1,1,0,ip-172-31-18-18,linux,0,0.1524,6562.89,KEM,True,2025-11-21T22:08:30.053888,,1873
Kyber512,decap,0,64,2.2,1,1,0,ip-172-31-18-18,linux,0,0.155,6453.61,KEM,True,2025-11-21T22:08:30.054139,,1874
Kyber512,decap,0,64,2.2,1,1,0,ip-172-31-18-18,linux,0,0.1584,6314.65,KEM,True,2025-11-21T22:08:30.054358,,1875
Kyber512,decap,1024,1,2.2,1,1,0,ip-172-31-18-18,linux,0,0.1518,6588.83,KEM,True,2025-11-21T22:08:30.054571,,1876
Kyber512,decap,1024,1,2.2,1,1,0,ip-172-31-18-18,linux,0,0.1532,6525.63,KEM,True,2025-11-21T22:08:30.054786,,1877
Kyber512,decap,1024,1,2.2,1,1,0,ip-172-31-18-18,linux,0,0.1525,6556.86,KEM,True,2025-11-21T22:08:30.054999,,1878
Kyber512,decap,1024,1,2.2,1,1,0,ip-172-31-18-18,linux,0,0.1727,5791.33,KEM,True,2025-11-21T22:08:30.055231,,1879
Kyber512,decap,1024,1,2.2,1,1,0,ip-172-31-18-18,linux,0,0.1527,6550.85,KEM,True,2025-11-21T22:08:30.055443,,1880
Kyber512,decap,1024,16,2.2,1,1,0,ip-172-31-18-18,linux,0,0.1571,6363.67,KEM,True,2025-11-21T22:08:30.055662,,1881
Kyber512,decap,1024,16,2.2,1,1,0,ip-172-31-18-18,linux,0,0.1517,6592.74,KEM,True,2025-11-21T22:08:30.055875,,1882
Kyber512,decap,1024,16,2.2,1,1,0,ip-172-31-18-18,linux,0,0.153,6537.57,KEM,True,2025-11-21T22:08:30.056089,,1883
Kyber512,decap,1024,16,2.2,1,1,0,ip-172-31-18-18,linux,0,0.1528,6543.13,KEM,True,2025-11-21T22:08:30.056334,,1884
Kyber512,decap,1024,16,2.2,1,1,0,ip-172-31-18-18,linux,0,0.1525,6556.0,KEM,True,2025-11-21T22:08:30.056548,,1885
Kyber512,decap,1024,64,2.2,1,1,0,ip-172-31-18-18,linux,0,0.1675,5969.01,KEM,True,2025-11-21T22:08:30.056777,,1886
Kyber512,decap,1024,64,2.2,1,1,0,ip-172-31-18-18,linux,0,0.1523,6564.18,KEM,True,2025-11-21T22:08:30.056990,,1887
Kyber512,decap,1024,64,2.2,1,1,0,ip-172-31-18-18,linux,0,0.1757,5690.81,KEM,True,2025-11-21T22:08:30.057227,,1888
Kyber512,decap,1024,64,2.2,1,1,0,ip-172-31-18-18,linux,0,0.1523,6568.06,KEM,True,2025-11-21T22:08:30.057441,,1889
Kyber512,decap,1024,64,2.2,1,1,0,ip-172-31-18-18,linux,0,0.1526,6555.14,KEM,True,2025-11-21T22:08:30.057654,,1890
Kyber768,keygen,0,1,2.2,1,1,0,ip-172-31-18-18,linux,0,0.1529,6538.85,KEM,True,2025-11-21T22:08:30.057877,,1891
Kyber768,keygen,0,1,2.2,1,1,0,ip-172-31-18-18,linux,0,0.0938,10665.42,KEM,True,2025-11-21T22:08:30.058033,,1892
Kyber768,keygen,0,1,2.2,1,1,0,ip-172-31-18-18,linux,0,0.1133,8829.87,KEM,True,2025-11-21T22:08:30.058207,,1893
Kyber768,keygen,0,1,2.2,1,1,0,ip-172-31-18-18,linux,0,0.0934,10711.11,KEM,True,2025-11-21T22:08:30.058362,,1894
Kyber768,keygen,0,1,2.2,1,1,0,ip-172-31-18-18,linux,0,0.0923,10836.47,KEM,True,2025-11-21T22:08:30.058515,,1895
Kyber768,keygen,0,16,2.2,1,1,0,ip-172-31-18-18,linux,0,0.0937,10676.8,KEM,True,2025-11-21T22:08:30.058669,,1896
Kyber768,keygen,0,16,2.2,1,1,0,ip-172-31-18-18,linux,0,0.0929,10759.51,KEM,True,2025-11-21T22:08:30.058822,,1897
Kyber768,keygen,0,16,2.2,1,1,0,ip-172-31-18-18,linux,0,0.0932,10728.35,KEM,True,2025-11-21T22:08:30.058978,,1898
Kyber768,keygen,0,16,2.2,1,1,0,ip-172-31-18-18,linux,0,0.1232,8116.75,KEM,True,2025-11-21T22:08:30.059162,,1899
Kyber768,keygen,0,16,2.2,1,1,0,ip-172-31-18-18,linux,0,0.0951,10515.14,KEM,True,2025-11-21T22:08:30.059321,,1900
Kyber768,keygen,0,64,2.2,1,1,0,ip-172-31-18-18,linux,0,0.0931,10738.72,KEM,True,2025-11-21T22:08:30.059476,,1901
Kyber768,keygen,0,64,2.2,1,1,0,ip-172-31-18-18,linux,0,0.0928,10773.42,KEM,True,2025-11-21T22:08:30.059629,,1902
Kyber768,keygen,0,64,2.2,1,1,0,ip-172-31-18-18,linux,0,0.0921,10858.82,KEM,True,2025-11-21T22:08:30.059780,,1903
Kyber768,keygen,0,64,2.2,1,1,0,ip-172-31-18-18,linux,0,0.0931,10742.18,KEM,True,2025-11-21T22:08:30.059934,,1904
Kyber768,keygen,0,64,2.2,1,1,0,ip-172-31-18-18,linux,0,0.0939,10655.19,KEM,True,2025-11-21T22:08:30.060087,,1905
Kyber768,keygen,1024,1,2.2,1,1,0,ip-172-31-18-18,linux,0,0.0945,10579.66,KEM,True,2025-11-21T22:08:30.060276,,1906
Kyber768,keygen,1024,1,2.2,1,1,0,ip-172-31-18-18,linux,0,0.0926,10804.85,KEM,True,2025-11-21T22:08:30.060430,,1907
Kyber768,keygen,1024,1,2.2,1,1,0,ip-172-31-18-18,linux,0,0.0926,10796.69,KEM,True,2025-11-21T22:08:30.060584,,1908
Kyber768,keygen,1024,1,2.2,1,1,0,ip-172-31-18-18,linux,0,0.1063,9404.51,KEM,True,2025-11-21T22:08:30.060752,,1909
Kyber768,keygen,1024,1,2.2,1,1,0,ip-172-31-18-18,linux,0,0.0937,10675.55,KEM,True,2025-11-21T22:08:30.060907,,1910
Kyber768,keygen,1024,16,2.2,1,1,0,ip-172-31-18-18,linux,0,0.0939,10653.94,KEM,True,2025-11-21T22:08:30.061063,,1911
Kyber768,keygen,1024,16,2.2,1,1,0,ip-172-31-18-18,linux,0,0.0927,10789.7,KEM,True,2025-11-21T22:08:30.061253,,1912
Kyber768,keygen,1024,16,2.2,1,1,0,ip-172-31-18-18,linux,0,0.0928,10781.55,KEM,True,2025-11-21T22:08:30.061407,,1913
Kyber768,keygen,1024,16,2.2,1,1,0,ip-172-31-18-18,linux,0,0.0925,10805.9,KEM,True,2025-11-21T22:08:30.061561,,1914
Kyber768,keygen,1024,16,2.2,1,1,0,ip-172-31-18-18,linux,0,0.0926,10796.57,KEM,True,2025-11-21T22:08:30.061714,,1915
Kyber768,keygen,1024,64,2.2,1,1,0,ip-172-31-18-18,linux,0,0.0929,10760.56,KEM,True,2025-11-21T22:08:30.061868,,1916
Kyber768,keygen,1024,64,2.2,1,1,0,ip-172-31-18-18,linux,0,0.0926,10804.85,KEM,True,2025-11-21T22:08:30.062022,,1917
Kyber768,keygen,1024,64,2.2,1,1,0,ip-172-31-18-18,linux,0,0.1119,8935.67,KEM,True,2025-11-21T22:08:30.062195,,1918
Kyber768,keygen,1024,64,2.2,1,1,0,ip-172-31-18-18,linux,0,0.0929,10765.31,KEM,True,2025-11-21T22:08:30.062350,,1919
Kyber768,keygen,1024,64,2.2,1,1,0,ip-172-31-18-18,linux,0,0.0937,10672.24,KEM,True,2025-11-21T22:08:30.062505,,1920
Kyber768,encap,0,1,2.2,1,1,0,ip-172-31-18-18,linux,0,0.1944,5143.69,KEM,True,2025-11-21T22:08:30.062769,,1921
Kyber768,encap,0,1,2.2,1,1,0,ip-172-31-18-18,linux,0,0.1555,6430.79,KEM,True,2025-11-21T22:08:30.062986,,1922
Kyber768,encap,0,1,2.2,1,1,0,ip-172-31-18-18,linux,0,0.1845,5420.88,KEM,True,2025-11-21T22:08:30.063233,,1923
Kyber768,encap,0,1,2.2,1,1,0,ip-172-31-18-18,linux,0,0.1545,6470.73,KEM,True,2025-11-21T22:08:30.063448,,1924
Kyber768,encap,0,1,2.2,1,1,0,ip-172-31-18-18,linux,0,0.1538,6503.98,KEM,True,2025-11-21T22:08:30.063662,,1925
Kyber768,encap,0,16,2.2,1,1,0,ip-172-31-18-18,linux,0,0.1565,6389.69,KEM,True,2025-11-21T22:08:30.063881,,1926
Kyber768,encap,0,16,2.2,1,1,0,ip-172-31-18-18,linux,0,0.1544,6477.02,KEM,True,2025-11-21T22:08:30.064098,,1927
Kyber768,encap,0,16,2.2,1,1,0,ip-172-31-18-18,linux,0,0.1544,6475.76,KEM,True,2025-11-21T22:08:30.064332,,1928
Kyber768,encap,0,16,2.2,1,1,0,ip-172-31-18-18,linux,0,0.1541,6490.05,KEM,True,2025-11-21T22:08:30.064548,,1929
Kyber768,encap,0,16,2.2,1,1,0,ip-172-31-18-18,linux,0,0.1649,6064.21,KEM,True,2025-11-21T22:08:30.064776,,1930
Kyber768,encap,0,64,2.2,1,1,0,ip-172-31-18-18,linux,0,0.1541,6487.95,KEM,True,2025-11-21T22:08:30.064993,,1931
Kyber768,encap,0,64,2.2,1,1,0,ip-172-31-18-18,linux,0,0.1738,5754.97,KEM,True,2025-11-21T22:08:30.065229,,1932
Kyber768,encap,0,64,2.2,1,1,0,ip-172-31-18-18,linux,0,0.1543,6480.76,KEM,True,2025-11-21T22:08:30.065445,,1933
Kyber768,encap,0,64,2.2,1,1,0,ip-172-31-18-18,linux,0,0.154,6494.22,KEM,True,2025-11-21T22:08:30.065660,,1934
Kyber768,encap,0,64,2.2,1,1,0,ip-172-31-18-18,linux,0,0.1538,6503.13,KEM,True,2025-11-21T22:08:30.065876,,1935
Kyber768,encap,1024,1,2.2,1,1,0,ip-172-31-18-18,linux,0,0.1553,6437.82,KEM,True,2025-11-21T22:08:30.066094,,1936
Kyber768,encap,1024,1,2.2,1,1,0,ip-172-31-18-18,linux,0,0.1547,6463.62,KEM,True,2025-11-21T22:08:30.066345,,1937
Kyber768,encap,1024,1,2.2,1,1,0,ip-172-31-18-18,linux,0,0.1555,6429.55,KEM,True,2025-11-21T22:08:30.066601,,1938
Kyber768,encap,1024,1,2.2,1,1,0,ip-172-31-18-18,linux,0,0.1536,6509.91,KEM,True,2025-11-21T22:08:30.066816,,1939
Kyber768,encap,1024,1,2.2,1,1,0,ip-172-31-18-18,linux,0,0.1547,6466.13,KEM,True,2025-11-21T22:08:30.067033,,1940
Kyber768,encap,1024,16,2.2,1,1,0,ip-172-31-18-18,linux,0,0.1744,5732.56,KEM,True,2025-11-21T22:08:30.067269,,1941
Kyber768,encap,1024,16,2.2,1,1,0,ip-172-31-18-18,linux,0,0.154,6492.16,KEM,True,2025-11-21T22:08:30.067486,,1942
Kyber768,encap,1024,16,2.2,1,1,0,ip-172-31-18-18,linux,0,0.1548,6461.53,KEM,True,2025-11-21T22:08:30.067702,,1943
Kyber768,encap,1024,16,2.2,1,1,0,ip-172-31-18-18,linux,0,0.1564,6393.37,KEM,True,2025-11-21T22:08:30.067921,,1944
Kyber768,encap,1024,16,2.2,1,1,0,ip-172-31-18-18,linux,0,0.1881,5315.39,KEM,True,2025-11-21T22:08:30.068171,,1945
Kyber768,encap,1024,64,2.2,1,1,0,ip-172-31-18-18,linux,0,0.1551,6448.62,KEM,True,2025-11-21T22:08:30.068389,,1946
Kyber768,encap,1024,64,2.2,1,1,0,ip-172-31-18-18,linux,0,0.1537,6506.1,KEM,True,2025-11-21T22:08:30.068604,,1947
Kyber768,encap,1024,64,2.2,1,1,0,ip-172-31-18-18,linux,0,0.1688,5923.05,KEM,True,2025-11-21T22:08:30.068835,,1948
Kyber768,encap,1024,64,2.2,1,1,0,ip-172-31-18-18,linux,0,0.1548,6460.28,KEM,True,2025-11-21T22:08:30.069051,,1949
Kyber768,encap,1024,64,2.2,1,1,0,ip-172-31-18-18,linux,0,0.1529,6538.43,KEM,True,2025-11-21T22:08:30.069300,,1950
Kyber768,decap,0,1,2.2,1,1,0,ip-172-31-18-18,linux,0,0.2013,4967.64,KEM,True,2025-11-21T22:08:30.069572,,1951
Kyber768,decap,0,1,2.2,1,1,0,ip-172-31-18-18,linux,0,0.1991,5023.56,KEM,True,2025-11-21T22:08:30.069833,,1952
Kyber768,decap,0,1,2.2,1,1,0,ip-172-31-18-18,linux,0,0.1979,5052.47,KEM,True,2025-11-21T22:08:30.070093,,1953
Kyber768,decap,0,1,2.2,1,1,0,ip-172-31-18-18,linux,0,0.2001,4998.18,KEM,True,2025-11-21T22:08:30.070373,,1954
Kyber768,decap,0,1,2.2,1,1,0,ip-172-31-18-18,linux,0,0.1984,5040.02,KEM,True,2025-11-21T22:08:30.070633,,1955
Kyber768,decap,0,16,2.2,1,1,0,ip-172-31-18-18,linux,0,0.2093,4777.53,KEM,True,2025-11-21T22:08:30.070905,,1956
Kyber768,decap,0,16,2.2,1,1,0,ip-172-31-18-18,linux,0,0.2208,4528.51,KEM,True,2025-11-21T22:08:30.071188,,1957
Kyber768,decap,0,16,2.2,1,1,0,ip-172-31-18-18,linux,0,0.1993,5018.52,KEM,True,2025-11-21T22:08:30.071450,,1958
Kyber768,decap,0,16,2.2,1,1,0,ip-172-31-18-18,linux,0,0.1996,5010.95,KEM,True,2025-11-21T22:08:30.071712,,1959
Kyber768,decap,0,16,2.2,1,1,0,ip-172-31-18-18,linux,0,0.1984,5039.48,KEM,True,2025-11-21T22:08:30.071973,,1960
Kyber768,decap,0,64,2.2,1,1,0,ip-172-31-18-18,linux,0,0.216,4629.16,KEM,True,2025-11-21T22:08:30.072251,,1961
Kyber768,decap,0,64,2.2,1,1,0,ip-172-31-18-18,linux,0,0.1994,5014.97,KEM,True,2025-11-21T22:08:30.072512,,1962
Kyber768,decap,0,64,2.2,1,1,0,ip-172-31-18-18,linux,0,0.2144,4664.77,KEM,True,2025-11-21T22:08:30.072789,,1963
Kyber768,decap,0,64,2.2,1,1,0,ip-172-31-18-18,linux,0,0.1983,5042.3,KEM,True,2025-11-21T22:08:30.073049,,1964
Kyber768,decap,0,64,2.2,1,1,0,ip-172-31-18-18,linux,0,0.1964,5091.57,KEM,True,2025-11-21T22:08:30.073323,,1965
Kyber768,decap,1024,1,2.2,1,1,0,ip-172-31-18-18,linux,0,0.1985,5037.96,KEM,True,2025-11-21T22:08:30.073584,,1966
Kyber768,decap,1024,1,2.2,1,1,0,ip-172-31-18-18,linux,0,0.1991,5022.02,KEM,True,2025-11-21T22:08:30.073846,,1967
Kyber768,decap,1024,1,2.2,1,1,0,ip-172-31-18-18,linux,0,0.2312,4324.46,KEM,True,2025-11-21T22:08:30.074142,,1968
Kyber768,decap,1024,1,2.2,1,1,0,ip-172-31-18-18,linux,0,0.199,5026.31,KEM,True,2025-11-21T22:08:30.074402,,1969
Kyber768,decap,1024,1,2.2,1,1,0,ip-172-31-18-18,linux,0,0.1987,5032.16,KEM,True,2025-11-21T22:08:30.074662,,1970
Kyber768,decap,1024,16,2.2,1,1,0,ip-172-31-18-18,linux,0,0.199,5024.54,KEM,True,2025-11-21T22:08:30.074922,,1971
Kyber768,decap,1024,16,2.2,1,1,0,ip-172-31-18-18,linux,0,0.2259,4425.9,KEM,True,2025-11-21T22:08:30.075209,,1972
Kyber768,decap,1024,16,2.2,1,1,0,ip-172-31-18-18,linux,0,0.1988,5029.12,KEM,True,2025-11-21T22:08:30.075469,,1973
Kyber768,decap,1024,16,2.2,1,1,0,ip-172-31-18-18,linux,0,0.199,5025.05,KEM,True,2025-11-21T22:08:30.075731,,1974
Kyber768,decap,1024,16,2.2,1,1,0,ip-172-31-18-18,linux,0,0.1973,5068.12,KEM,True,2025-11-21T22:08:30.075990,,1975
Kyber768,decap,1024,64,2.2,1,1,0,ip-172-31-18-18,linux,0,0.2197,4551.39,KEM,True,2025-11-21T22:08:30.076272,,1976
Kyber768,decap,1024,64,2.2,1,1,0,ip-172-31-18-18,linux,0,0.1985,5038.98,KEM,True,2025-11-21T22:08:30.076533,,1977
Kyber768,decap,1024,64,2.2,1,1,0,ip-172-31-18-18,linux,0,0.2124,4707.37,KEM,True,2025-11-21T22:08:30.076808,,1978
Kyber768,decap,1024,64,2.2,1,1,0,ip-172-31-18-18,linux,0,0.2001,4998.18,KEM,True,2025-11-21T22:08:30.077071,,1979
Kyber768,decap,1024,64,2.2,1,1,0,ip-172-31-18-18,linux,0,0.2036,4911.3,KEM,True,2025-11-21T22:08:30.077373,,1980
ML-KEM-1024,keygen,0,1,2.2,1,1,0,ip-172-31-18-18,linux,0,0.1684,5938.49,KEM,True,2025-11-21T22:08:30.077616,,1981
ML-KEM-1024,keygen,0,1,2.2,1,1,0,ip-172-31-18-18,linux,0,0.1076,9291.78,KEM,True,2025-11-21T22:08:30.077787,,1982
ML-KEM-1024,keygen,0,1,2.2,1,1,0,ip-172-31-18-18,linux,0,0.1098,9106.56,KEM,True,2025-11-21T22:08:30.077958,,1983
ML-KEM-1024,keygen,0,1,2.2,1,1,0,ip-172-31-18-18,linux,0,0.1237,8086.56,KEM,True,2025-11-21T22:08:30.078144,,1984
ML-KEM-1024,keygen,0,1,2.2,1,1,0,ip-172-31-18-18,linux,0,0.1061,9423.21,KEM,True,2025-11-21T22:08:30.078311,,1985
ML-KEM-1024,keygen,0,16,2.2,1,1,0,ip-172-31-18-18,linux,0,0.105,9528.26,KEM,True,2025-11-21T22:08:30.078478,,1986
ML-KEM-1024,keygen,0,16,2.2,1,1,0,ip-172-31-18-18,linux,0,0.1052,9506.43,KEM,True,2025-11-21T22:08:30.078645,,1987
ML-KEM-1024,keygen,0,16,2.2,1,1,0,ip-172-31-18-18,linux,0,0.1056,9474.09,KEM,True,2025-11-21T22:08:30.078812,,1988
ML-KEM-1024,keygen,0,16,2.2,1,1,0,ip-172-31-18-18,linux,0,0.1046,9557.4,KEM,True,2025-11-21T22:08:30.078979,,1989
ML-KEM-1024,keygen,0,16,2.2,1,1,0,ip-172-31-18-18,linux,0,0.1224,8172.47,KEM,True,2025-11-21T22:08:30.079161,,1990
ML-KEM-1024,keygen,0,64,2.2,1,1,0,ip-172-31-18-18,linux,0,0.1052,9510.13,KEM,True,2025-11-21T22:08:30.079327,,1991
ML-KEM-1024,keygen,0,64,2.2,1,1,0,ip-172-31-18-18,linux,0,0.1055,9482.18,KEM,True,2025-11-21T22:08:30.079493,,1992
ML-KEM-1024,keygen,0,64,2.2,1,1,0,ip-172-31-18-18,linux,0,0.1047,9548.27,KEM,True,2025-11-21T22:08:30.079659,,1993
ML-KEM-1024,keygen,0,64,2.2,1,1,0,ip-172-31-18-18,linux,0,0.1046,9564.62,KEM,True,2025-11-21T22:08:30.079823,,1994
ML-KEM-1024,keygen,0,64,2.2,1,1,0,ip-172-31-18-18,linux,0,0.1043,9584.88,KEM,True,2025-11-21T22:08:30.079986,,1995
ML-KEM-1024,keygen,1024,1,2.2,1,1,0,ip-172-31-18-18,linux,0,0.1267,7891.91,KEM,True,2025-11-21T22:08:30.080176,,1996
ML-KEM-1024,keygen,1024,1,2.2,1,1,0,ip-172-31-18-18,linux,0,0.1076,9296.96,KEM,True,2025-11-21T22:08:30.080345,,1997
ML-KEM-1024,keygen,1024,1,2.2,1,1,0,ip-172-31-18-18,linux,0,0.1048,9543.71,KEM,True,2025-11-21T22:08:30.080512,,1998
ML-KEM-1024,keygen,1024,1,2.2,1,1,0,ip-172-31-18-18,linux,0,0.1054,9489.38,KEM,True,2025-11-21T22:08:30.080678,,1999
ML-KEM-1024,keygen,1024,1,2.2,1,1,0,ip-172-31-18-18,linux,0,0.106,9437.35,KEM,True,2025-11-21T22:08:30.080868,,2000
ML-KEM-1024,keygen,1024,16,2.2,1,1,0,ip-172-31-18-18,linux,0,0.1061,9422.32,KEM,True,2025-11-21T22:08:30.081035,,2001
ML-KEM-1024,keygen,1024,16,2.2,1,1,0,ip-172-31-18-18,linux,0,0.1248,8015.26,KEM,True,2025-11-21T22:08:30.081221,,2002
ML-KEM-1024,keygen,1024,16,2.2,1,1,0,ip-172-31-18-18,linux,0,0.106,9435.65,KEM,True,2025-11-21T22:08:30.081388,,2003
ML-KEM-1024,keygen,1024,16,2.2,1,1,0,ip-172-31-18-18,linux,0,0.1052,9504.71,KEM,True,2025-11-21T22:08:30.081555,,2004
ML-KEM-1024,keygen,1024,16,2.2,1,1,0,ip-172-31-18-18,linux,0,0.1693,5907.62,KEM,True,2025-11-21T22:08:30.081788,,2005
ML-KEM-1024,keygen,1024,64,2.2,1,1,0,ip-172-31-18-18,linux,0,0.1177,8493.15,KEM,True,2025-11-21T22:08:30.081968,,2006
ML-KEM-1024,keygen,1024,64,2.2,1,1,0,ip-172-31-18-18,linux,0,0.1483,6743.45,KEM,True,2025-11-21T22:08:30.082179,,2007
ML-KEM-1024,keygen,1024,64,2.2,1,1,0,ip-172-31-18-18,linux,0,0.117,8550.59,KEM,True,2025-11-21T22:08:30.082358,,2008
ML-KEM-1024,keygen,1024,64,2.2,1,1,0,ip-172-31-18-18,linux,0,0.1193,8380.75,KEM,True,2025-11-21T22:08:30.082586,,2009
ML-KEM-1024,keygen,1024,64,2.2,1,1,0,ip-172-31-18-18,linux,0,0.1177,8494.59,KEM,True,2025-11-21T22:08:30.082767,,2010
ML-KEM-1024,encap,0,1,2.2,1,1,0,ip-172-31-18-18,linux,0,0.1913,5227.61,KEM,True,2025-11-21T22:08:30.083029,,2011
ML-KEM-1024,encap,0,1,2.2,1,1,0,ip-172-31-18-18,linux,0,0.2069,4832.95,KEM,True,2025-11-21T22:08:30.083299,,2012
ML-KEM-1024,encap,0,1,2.2,1,1,0,ip-172-31-18-18,linux,0,0.1886,5301.02,KEM,True,2025-11-21T22:08:30.083551,,2013
ML-KEM-1024,encap,0,1,2.2,1,1,0,ip-172-31-18-18,linux,0,0.1888,5295.68,KEM,True,2025-11-21T22:08:30.083805,,2014
ML-KEM-1024,encap,0,1,2.2,1,1,0,ip-172-31-18-18,linux,0,0.1757,5691.45,KEM,True,2025-11-21T22:08:30.084044,,2015
ML-KEM-1024,encap,0,16,2.2,1,1,0,ip-172-31-18-18,linux,0,0.1982,5045.84,KEM,True,2025-11-21T22:08:30.084325,,2016
ML-KEM-1024,encap,0,16,2.2,1,1,0,ip-172-31-18-18,linux,0,0.1886,5303.27,KEM,True,2025-11-21T22:08:30.084577,,2017
ML-KEM-1024,encap,0,16,2.2,1,1,0,ip-172-31-18-18,linux,0,0.2027,4932.84,KEM,True,2025-11-21T22:08:30.084843,,2018
ML-KEM-1024,encap,0,16,2.2,1,1,0,ip-172-31-18-18,linux,0,0.1877,5327.0,KEM,True,2025-11-21T22:08:30.085093,,2019
ML-KEM-1024,encap,0,16,2.2,1,1,0,ip-172-31-18-18,linux,0,0.1892,5284.21,KEM,True,2025-11-21T22:08:30.085379,,2020
ML-KEM-1024,encap,0,64,2.2,1,1,0,ip-172-31-18-18,linux,0,0.1921,5205.81,KEM,True,2025-11-21T22:08:30.085636,,2021
ML-KEM-1024,encap,0,64,2.2,1,1,0,ip-172-31-18-18,linux,0,0.1965,5089.5,KEM,True,2025-11-21T22:08:30.085896,,2022
ML-KEM-1024,encap,0,64,2.2,1,1,0,ip-172-31-18-18,linux,0,0.2087,4792.65,KEM,True,2025-11-21T22:08:30.086169,,2023
ML-KEM-1024,encap,0,64,2.2,1,1,0,ip-172-31-18-18,linux,0,0.1893,5281.42,KEM,True,2025-11-21T22:08:30.086420,,2024
ML-KEM-1024,encap,0,64,2.2,1,1,0,ip-172-31-18-18,linux,0,0.1887,5298.52,KEM,True,2025-11-21T22:08:30.086672,,2025
ML-KEM-1024,encap,1024,1,2.2,1,1,0,ip-172-31-18-18,linux,0,0.1887,5299.89,KEM,True,2025-11-21T22:08:30.086925,,2026
ML-KEM-1024,encap,1024,1,2.2,1,1,0,ip-172-31-18-18,linux,0,0.2062,4850.53,KEM,True,2025-11-21T22:08:30.087195,,2027
ML-KEM-1024,encap,1024,1,2.2,1,1,0,ip-172-31-18-18,linux,0,0.1891,5287.01,KEM,True,2025-11-21T22:08:30.087446,,2028
ML-KEM-1024,encap,1024,1,2.2,1,1,0,ip-172-31-18-18,linux,0,0.1919,5210.45,KEM,True,2025-11-21T22:08:30.087702,,2029
ML-KEM-1024,encap,1024,1,2.2,1,1,0,ip-172-31-18-18,linux,0,0.1898,5269.18,KEM,True,2025-11-21T22:08:30.087955,,2030
ML-KEM-1024,encap,1024,16,2.2,1,1,0,ip-172-31-18-18,linux,0,0.2074,4821.55,KEM,True,2025-11-21T22:08:30.088227,,2031
ML-KEM-1024,encap,1024,16,2.2,1,1,0,ip-172-31-18-18,linux,0,0.1896,5274.73,KEM,True,2025-11-21T22:08:30.088480,,2032
ML-KEM-1024,encap,1024,16,2.2,1,1,0,ip-172-31-18-18,linux,0,0.2106,4747.59,KEM,True,2025-11-21T22:08:30.088756,,2033
ML-KEM-1024,encap,1024,16,2.2,1,1,0,ip-172-31-18-18,linux,0,0.1896,5273.9,KEM,True,2025-11-21T22:08:30.089008,,2034
ML-KEM-1024,encap,1024,16,2.2,1,1,0,ip-172-31-18-18,linux,0,0.2064,4844.89,KEM,True,2025-11-21T22:08:30.089279,,2035
ML-KEM-1024,encap,1024,64,2.2,1,1,0,ip-172-31-18-18,linux,0,0.1889,5294.31,KEM,True,2025-11-21T22:08:30.089533,,2036
ML-KEM-1024,encap,1024,64,2.2,1,1,0,ip-172-31-18-18,linux,0,0.1939,5156.69,KEM,True,2025-11-21T22:08:30.089790,,2037
ML-KEM-1024,encap,1024,64,2.2,1,1,0,ip-172-31-18-18,linux,0,0.1892,5286.19,KEM,True,2025-11-21T22:08:30.090044,,2038
ML-KEM-1024,encap,1024,64,2.2,1,1,0,ip-172-31-18-18,linux,0,0.1901,5259.2,KEM,True,2025-11-21T22:08:30.090314,,2039
ML-KEM-1024,encap,1024,64,2.2,1,1,0,ip-172-31-18-18,linux,0,0.1903,5254.81,KEM,True,2025-11-21T22:08:30.090569,,2040
ML-KEM-1024,decap,0,1,2.2,1,1,0,ip-172-31-18-18,linux,0,0.2647,3777.23,KEM,True,2025-11-21T22:08:30.090908,,2041
ML-KEM-1024,decap,0,1,2.2,1,1,0,ip-172-31-18-18,linux,0,0.3016,3316.05,KEM,True,2025-11-21T22:08:30.091275,,2042
ML-KEM-1024,decap,0,1,2.2,1,1,0,ip-172-31-18-18,linux,0,0.2642,3784.54,KEM,True,2025-11-21T22:08:30.091602,,2043
ML-KEM-1024,decap,0,1,2.2,1,1,0,ip-172-31-18-18,linux,0,0.2643,3783.81,KEM,True,2025-11-21T22:08:30.091931,,2044
ML-KEM-1024,decap,0,1,2.2,1,1,0,ip-172-31-18-18,linux,0,0.2805,3565.27,KEM,True,2025-11-21T22:08:30.092276,,2045
ML-KEM-1024,decap,0,16,2.2,1,1,0,ip-172-31-18-18,linux,0,0.2628,3805.84,KEM,True,2025-11-21T22:08:30.092603,,2046
ML-KEM-1024,decap,0,16,2.2,1,1,0,ip-172-31-18-18,linux,0,0.2816,3551.09,KEM,True,2025-11-21T22:08:30.092948,,2047
ML-KEM-1024,decap,0,16,2.2,1,1,0,ip-172-31-18-18,linux,0,0.2795,3578.16,KEM,True,2025-11-21T22:08:30.093290,,2048
ML-KEM-1024,decap,0,16,2.2,1,1,0,ip-172-31-18-18,linux,0,0.2698,3706.26,KEM,True,2025-11-21T22:08:30.093625,,2049
ML-KEM-1024,decap,0,16,2.2,1,1,0,ip-172-31-18-18,linux,0,0.2704,3698.85,KEM,True,2025-11-21T22:08:30.093959,,2050
ML-KEM-1024,decap,0,64,2.2,1,1,0,ip-172-31-18-18,linux,0,0.2808,3561.34,KEM,True,2025-11-21T22:08:30.094306,,2051
ML-KEM-1024,decap,0,64,2.2,1,1,0,ip-172-31-18-18,linux,0,0.2655,3766.85,KEM,True,2025-11-21T22:08:30.094633,,2052
ML-KEM-1024,decap,0,64,2.2,1,1,0,ip-172-31-18-18,linux,0,0.2691,3716.6,KEM,True,2025-11-21T22:08:30.094967,,2053
ML-KEM-1024,decap,0,64,2.2,1,1,0,ip-172-31-18-18,linux,0,0.2855,3503.19,KEM,True,2025-11-21T22:08:30.095317,,2054
ML-KEM-1024,decap,0,64,2.2,1,1,0,ip-172-31-18-18,linux,0,0.2641,3786.67,KEM,True,2025-11-21T22:08:30.095644,,2055
ML-KEM-1024,decap,1024,1,2.2,1,1,0,ip-172-31-18-18,linux,0,0.266,3759.2,KEM,True,2025-11-21T22:08:30.095976,,2056
ML-KEM-1024,decap,1024,1,2.2,1,1,0,ip-172-31-18-18,linux,0,0.2901,3447.63,KEM,True,2025-11-21T22:08:30.096331,,2057
ML-KEM-1024,decap,1024,1,2.2,1,1,0,ip-172-31-18-18,linux,0,0.265,3774.11,KEM,True,2025-11-21T22:08:30.096661,,2058
ML-KEM-1024,decap,1024,1,2.2,1,1,0,ip-172-31-18-18,linux,0,0.2656,3765.58,KEM,True,2025-11-21T22:08:30.097004,,2059
ML-KEM-1024,decap,1024,1,2.2,1,1,0,ip-172-31-18-18,linux,0,0.2791,3583.54,KEM,True,2025-11-21T22:08:30.097347,,2060
ML-KEM-1024,decap,1024,16,2.2,1,1,0,ip-172-31-18-18,linux,0,0.2635,3795.6,KEM,True,2025-11-21T22:08:30.097677,,2061
ML-KEM-1024,decap,1024,16,2.2,1,1,0,ip-172-31-18-18,linux,0,0.2624,3811.21,KEM,True,2025-11-21T22:08:30.098003,,2062
ML-KEM-1024,decap,1024,16,2.2,1,1,0,ip-172-31-18-18,linux,0,0.2804,3566.55,KEM,True,2025-11-21T22:08:30.098348,,2063
ML-KEM-1024,decap,1024,16,2.2,1,1,0,ip-172-31-18-18,linux,0,0.2641,3786.53,KEM,True,2025-11-21T22:08:30.098678,,2064
ML-KEM-1024,decap,1024,16,2.2,1,1,0,ip-172-31-18-18,linux,0,0.2628,3805.42,KEM,True,2025-11-21T22:08:30.099006,,2065
ML-KEM-1024,decap,1024,64,2.2,1,1,0,ip-172-31-18-18,linux,0,0.2807,3561.96,KEM,True,2025-11-21T22:08:30.099352,,2066
ML-KEM-1024,decap,1024,64,2.2,1,1,0,ip-172-31-18-18,linux,0,0.2631,3801.5,KEM,True,2025-11-21T22:08:30.099678,,2067
ML-KEM-1024,decap,1024,64,2.2,1,1,0,ip-172-31-18-18,linux,0,0.263,3801.65,KEM,True,2025-11-21T22:08:30.100006,,2068
ML-KEM-1024,decap,1024,64,2.2,1,1,0,ip-172-31-18-18,linux,0,0.28,3571.51,KEM,True,2025-11-21T22:08:30.100352,,2069
ML-KEM-1024,decap,1024,64,2.2,1,1,0,ip-172-31-18-18,linux,0,0.2633,3797.76,KEM,True,2025-11-21T22:08:30.100679,,2070
ML-KEM-512,keygen,0,1,2.2,1,1,0,ip-172-31-18-18,linux,0,0.1524,6562.41,KEM,True,2025-11-21T22:08:30.100919,,2071
ML-KEM-512,keygen,0,1,2.2,1,1,0,ip-172-31-18-18,linux,0,0.0859,11646.6,KEM,True,2025-11-21T22:08:30.101071,,2072
ML-KEM-512,keygen,0,1,2.2,1,1,0,ip-172-31-18-18,linux,0,0.0864,11569.92,KEM,True,2025-11-21T22:08:30.101253,,2073
ML-KEM-512,keygen,0,1,2.2,1,1,0,ip-172-31-18-18,linux,0,0.0858,11660.31,KEM,True,2025-11-21T22:08:30.101403,,2074
ML-KEM-512,keygen,0,1,2.2,1,1,0,ip-172-31-18-18,linux,0,0.0855,11697.14,KEM,True,2025-11-21T22:08:30.101553,,2075
ML-KEM-512,keygen,0,16,2.2,1,1,0,ip-172-31-18-18,linux,0,0.0865,11561.9,KEM,True,2025-11-21T22:08:30.101703,,2076
ML-KEM-512,keygen,0,16,2.2,1,1,0,ip-172-31-18-18,linux,0,0.0857,11667.11,KEM,True,2025-11-21T22:08:30.101852,,2077
ML-KEM-512,keygen,0,16,2.2,1,1,0,ip-172-31-18-18,linux,0,0.0861,11611.57,KEM,True,2025-11-21T22:08:30.102000,,2078
ML-KEM-512,keygen,0,16,2.2,1,1,0,ip-172-31-18-18,linux,0,0.1078,9275.49,KEM,True,2025-11-21T22:08:30.102215,,2079
ML-KEM-512,keygen,0,16,2.2,1,1,0,ip-172-31-18-18,linux,0,0.0854,11703.98,KEM,True,2025-11-21T22:08:30.102365,,2080
ML-KEM-512,keygen,0,64,2.2,1,1,0,ip-172-31-18-18,linux,0,0.0866,11553.88,KEM,True,2025-11-21T22:08:30.102514,,2081
ML-KEM-512,keygen,0,64,2.2,1,1,0,ip-172-31-18-18,linux,0,0.0877,11399.78,KEM,True,2025-11-21T22:08:30.102665,,2082
ML-KEM-512,keygen,0,64,2.2,1,1,0,ip-172-31-18-18,linux,0,0.0865,11557.89,KEM,True,2025-11-21T22:08:30.102814,,2083
ML-KEM-512,keygen,0,64,2.2,1,1,0,ip-172-31-18-18,linux,0,0.086,11626.42,KEM,True,2025-11-21T22:08:30.102963,,2084
ML-KEM-512,keygen,0,64,2.2,1,1,0,ip-172-31-18-18,linux,0,0.1148,8708.37,KEM,True,2025-11-21T22:08:30.103142,,2085
ML-KEM-512,keygen,1024,1,2.2,1,1,0,ip-172-31-18-18,linux,0,0.0865,11567.25,KEM,True,2025-11-21T22:08:30.103290,,2086
ML-KEM-512,keygen,1024,1,2.2,1,1,0,ip-172-31-18-18,linux,0,0.0855,11699.87,KEM,True,2025-11-21T22:08:30.103438,,2087
ML-KEM-512,keygen,1024,1,2.2,1,1,0,ip-172-31-18-18,linux,0,0.0853,11717.7,KEM,True,2025-11-21T22:08:30.103585,,2088
ML-KEM-512,keygen,1024,1,2.2,1,1,0,ip-172-31-18-18,linux,0,0.0862,11604.83,KEM,True,2025-11-21T22:08:30.103734,,2089
ML-KEM-512,keygen,1024,1,2.2,1,1,0,ip-172-31-18-18,linux,0,0.0857,11665.75,KEM,True,2025-11-21T22:08:30.103883,,2090
ML-KEM-512,keygen,1024,16,2.2,1,1,0,ip-172-31-18-18,linux,0,0.0861,11616.97,KEM,True,2025-11-21T22:08:30.104031,,2091
ML-KEM-512,keygen,1024,16,2.2,1,1,0,ip-172-31-18-18,linux,0,0.1046,9557.4,KEM,True,2025-11-21T22:08:30.104200,,2092
ML-KEM-512,keygen,1024,16,2.2,1,1,0,ip-172-31-18-18,linux,0,0.0739,13540.78,KEM,True,2025-11-21T22:08:30.104338,,2093
ML-KEM-512,keygen,1024,16,2.2,1,1,0,ip-172-31-18-18,linux,0,0.076,13155.99,KEM,True,2025-11-21T22:08:30.104504,,2094
ML-KEM-512,keygen,1024,16,2.2,1,1,0,ip-172-31-18-18,linux,0,0.0872,11468.94,KEM,True,2025-11-21T22:08:30.104654,,2095
ML-KEM-512,keygen,1024,64,2.2,1,1,0,ip-172-31-18-18,linux,0,0.0877,11403.68,KEM,True,2025-11-21T22:08:30.104821,,2096
ML-KEM-512,keygen,1024,64,2.2,1,1,0,ip-172-31-18-18,linux,0,0.0861,11615.62,KEM,True,2025-11-21T22:08:30.104971,,2097
ML-KEM-512,keygen,1024,64,2.2,1,1,0,ip-172-31-18-18,linux,0,0.1264,7912.58,KEM,True,2025-11-21T22:08:30.105161,,2098
ML-KEM-512,keygen,1024,64,2.2,1,1,0,ip-172-31-18-18,linux,0,0.0866,11551.21,KEM,True,2025-11-21T22:08:30.105310,,2099
ML-KEM-512,keygen,1024,64,2.2,1,1,0,ip-172-31-18-18,linux,0,0.0859,11645.38,KEM,True,2025-11-21T22:08:30.105458,,2100
ML-KEM-512,encap,0,1,2.2,1,1,0,ip-172-31-18-18,linux,0,0.1301,7687.46,KEM,True,2025-11-21T22:08:30.105658,,2101
ML-KEM-512,encap,0,1,2.2,1,1,0,ip-172-31-18-18,linux,0,0.1293,7732.64,KEM,True,2025-11-21T22:08:30.105851,,2102
ML-KEM-512,encap,0,1,2.2,1,1,0,ip-172-31-18-18,linux,0,0.1298,7705.88,KEM,True,2025-11-21T22:08:30.106044,,2103
ML-KEM-512,encap,0,1,2.2,1,1,0,ip-172-31-18-18,linux,0,0.127,7874.51,KEM,True,2025-11-21T22:08:30.106250,,2104
ML-KEM-512,encap,0,1,2.2,1,1,0,ip-172-31-18-18,linux,0,0.1288,7766.87,KEM,True,2025-11-21T22:08:30.106443,,2105
ML-KEM-512,encap,0,16,2.2,1,1,0,ip-172-31-18-18,linux,0,0.1292,7738.02,KEM,True,2025-11-21T22:08:30.106637,,2106
ML-KEM-512,encap,0,16,2.2,1,1,0,ip-172-31-18-18,linux,0,0.1283,7794.72,KEM,True,2025-11-21T22:08:30.106829,,2107
ML-KEM-512,encap,0,16,2.2,1,1,0,ip-172-31-18-18,linux,0,0.1287,7769.89,KEM,True,2025-11-21T22:08:30.107021,,2108
ML-KEM-512,encap,0,16,2.2,1,1,0,ip-172-31-18-18,linux,0,0.1462,6841.72,KEM,True,2025-11-21T22:08:30.107230,,2109
ML-KEM-512,encap,0,16,2.2,1,1,0,ip-172-31-18-18,linux,0,0.1293,7736.29,KEM,True,2025-11-21T22:08:30.107423,,2110
ML-KEM-512,encap,0,64,2.2,1,1,0,ip-172-31-18-18,linux,0,0.128,7814.21,KEM,True,2025-11-21T22:08:30.107616,,2111
ML-KEM-512,encap,0,64,2.2,1,1,0,ip-172-31-18-18,linux,0,0.129,7751.22,KEM,True,2025-11-21T22:08:30.107808,,2112
ML-KEM-512,encap,0,64,2.2,1,1,0,ip-172-31-18-18,linux,0,0.1277,7832.57,KEM,True,2025-11-21T22:08:30.107999,,2113
ML-KEM-512,encap,0,64,2.2,1,1,0,ip-172-31-18-18,linux,0,0.1475,6778.65,KEM,True,2025-11-21T22:08:30.108210,,2114
ML-KEM-512,encap,0,64,2.2,1,1,0,ip-172-31-18-18,linux,0,0.1289,7755.42,KEM,True,2025-11-21T22:08:30.108402,,2115
ML-KEM-512,encap,1024,1,2.2,1,1,0,ip-172-31-18-18,linux,0,0.1323,7559.04,KEM,True,2025-11-21T22:08:30.108599,,2116
ML-KEM-512,encap,1024,1,2.2,1,1,0,ip-172-31-18-18,linux,0,0.1436,6965.15,KEM,True,2025-11-21T22:08:30.108805,,2117
ML-KEM-512,encap,1024,1,2.2,1,1,0,ip-172-31-18-18,linux,0,0.1291,7746.41,KEM,True,2025-11-21T22:08:30.109000,,2118
ML-KEM-512,encap,1024,1,2.2,1,1,0,ip-172-31-18-18,linux,0,0.1464,6831.91,KEM,True,2025-11-21T22:08:30.109210,,2119
ML-KEM-512,encap,1024,1,2.2,1,1,0,ip-172-31-18-18,linux,0,0.129,7754.22,KEM,True,2025-11-21T22:08:30.109402,,2120
ML-KEM-512,encap,1024,16,2.2,1,1,0,ip-172-31-18-18,linux,0,0.1289,7756.63,KEM,True,2025-11-21T22:08:30.109596,,2121
ML-KEM-512,encap,1024,16,2.2,1,1,0,ip-172-31-18-18,linux,0,0.1287,7771.7,KEM,True,2025-11-21T22:08:30.109788,,2122
ML-KEM-512,encap,1024,16,2.2,1,1,0,ip-172-31-18-18,linux,0,0.129,7750.02,KEM,True,2025-11-21T22:08:30.109980,,2123
ML-KEM-512,encap,1024,16,2.2,1,1,0,ip-172-31-18-18,linux,0,0.1584,6312.25,KEM,True,2025-11-21T22:08:30.110204,,2124
ML-KEM-512,encap,1024,16,2.2,1,1,0,ip-172-31-18-18,linux,0,0.1296,7713.55,KEM,True,2025-11-21T22:08:30.110398,,2125
ML-KEM-512,encap,1024,64,2.2,1,1,0,ip-172-31-18-18,linux,0,0.1291,7743.41,KEM,True,2025-11-21T22:08:30.110593,,2126
ML-KEM-512,encap,1024,64,2.2,1,1,0,ip-172-31-18-18,linux,0,0.1289,7757.23,KEM,True,2025-11-21T22:08:30.110786,,2127
ML-KEM-512,encap,1024,64,2.2,1,1,0,ip-172-31-18-18,linux,0,0.1289,7759.64,KEM,True,2025-11-21T22:08:30.110979,,2128
ML-KEM-512,encap,1024,64,2.2,1,1,0,ip-172-31-18-18,linux,0,0.1481,6753.93,KEM,True,2025-11-21T22:08:30.111190,,2129
ML-KEM-512,encap,1024,64,2.2,1,1,0,ip-172-31-18-18,linux,0,0.1285,7780.22,KEM,True,2025-11-21T22:08:30.111384,,2130
ML-KEM-512,decap,0,1,2.2,1,1,0,ip-172-31-18-18,linux,0,0.1712,5842.38,KEM,True,2025-11-21T22:08:30.111628,,2131
ML-KEM-512,decap,0,1,2.2,1,1,0,ip-172-31-18-18,linux,0,0.1666,6004.09,KEM,True,2025-11-21T22:08:30.111858,,2132
ML-KEM-512,decap,0,1,2.2,1,1,0,ip-172-31-18-18,linux,0,0.152,6578.43,KEM,True,2025-11-21T22:08:30.112072,,2133
ML-KEM-512,decap,0,1,2.2,1,1,0,ip-172-31-18-18,linux,0,0.1533,6523.92,KEM,True,2025-11-21T22:08:30.112344,,2134
ML-KEM-512,decap,0,1,2.2,1,1,0,ip-172-31-18-18,linux,0,0.1511,6616.73,KEM,True,2025-11-21T22:08:30.112558,,2135
ML-KEM-512,decap,0,16,2.2,1,1,0,ip-172-31-18-18,linux,0,0.1736,5761.26,KEM,True,2025-11-21T22:08:30.112794,,2136
ML-KEM-512,decap,0,16,2.2,1,1,0,ip-172-31-18-18,linux,0,0.1512,6613.63,KEM,True,2025-11-21T22:08:30.113007,,2137
ML-KEM-512,decap,0,16,2.2,1,1,0,ip-172-31-18-18,linux,0,0.1714,5835.57,KEM,True,2025-11-21T22:08:30.113240,,2138
ML-KEM-512,decap,0,16,2.2,1,1,0,ip-172-31-18-18,linux,0,0.1514,6603.19,KEM,True,2025-11-21T22:08:30.113454,,2139
ML-KEM-512,decap,0,16,2.2,1,1,0,ip-172-31-18-18,linux,0,0.1513,6609.25,KEM,True,2025-11-21T22:08:30.113667,,2140
ML-KEM-512,decap,0,64,2.2,1,1,0,ip-172-31-18-18,linux,0,0.1509,6629.01,KEM,True,2025-11-21T22:08:30.113881,,2141
ML-KEM-512,decap,0,64,2.2,1,1,0,ip-172-31-18-18,linux,0,0.151,6622.87,KEM,True,2025-11-21T22:08:30.114091,,2142
ML-KEM-512,decap,0,64,2.2,1,1,0,ip-172-31-18-18,linux,0,0.1528,6543.13,KEM,True,2025-11-21T22:08:30.114338,,2143
ML-KEM-512,decap,0,64,2.2,1,1,0,ip-172-31-18-18,linux,0,0.1522,6571.04,KEM,True,2025-11-21T22:08:30.114551,,2144
ML-KEM-512,decap,0,64,2.2,1,1,0,ip-172-31-18-18,linux,0,0.1512,6614.11,KEM,True,2025-11-21T22:08:30.114761,,2145
ML-KEM-512,decap,1024,1,2.2,1,1,0,ip-172-31-18-18,linux,0,0.1511,6618.48,KEM,True,2025-11-21T22:08:30.114976,,2146
ML-KEM-512,decap,1024,1,2.2,1,1,0,ip-172-31-18-18,linux,0,0.1685,5935.35,KEM,True,2025-11-21T22:08:30.115206,,2147
ML-KEM-512,decap,1024,1,2.2,1,1,0,ip-172-31-18-18,linux,0,0.1515,6599.7,KEM,True,2025-11-21T22:08:30.115418,,2148
ML-KEM-512,decap,1024,1,2.2,1,1,0,ip-172-31-18-18,linux,0,0.1528,6542.7,KEM,True,2025-11-21T22:08:30.115676,,2149
ML-KEM-512,decap,1024,1,2.2,1,1,0,ip-172-31-18-18,linux,0,0.1515,6600.57,KEM,True,2025-11-21T22:08:30.115887,,2150
ML-KEM-512,decap,1024,16,2.2,1,1,0,ip-172-31-18-18,linux,0,0.1517,6593.61,KEM,True,2025-11-21T22:08:30.116117,,2151
ML-KEM-512,decap,1024,16,2.2,1,1,0,ip-172-31-18-18,linux,0,0.1522,6571.94,KEM,True,2025-11-21T22:08:30.116330,,2152
ML-KEM-512,decap,1024,16,2.2,1,1,0,ip-172-31-18-18,linux,0,0.1504,6649.73,KEM,True,2025-11-21T22:08:30.116543,,2153
ML-KEM-512,decap,1024,16,2.2,1,1,0,ip-172-31-18-18,linux,0,0.176,5680.79,KEM,True,2025-11-21T22:08:30.116780,,2154
ML-KEM-512,decap,1024,16,2.2,1,1,0,ip-172-31-18-18,linux,0,0.1522,6572.38,KEM,True,2025-11-21T22:08:30.116994,,2155
ML-KEM-512,decap,1024,64,2.2,1,1,0,ip-172-31-18-18,linux,0,0.1739,5750.37,KEM,True,2025-11-21T22:08:30.117229,,2156
ML-KEM-512,decap,1024,64,2.2,1,1,0,ip-172-31-18-18,linux,0,0.1493,6697.39,KEM,True,2025-11-21T22:08:30.117441,,2157
ML-KEM-512,decap,1024,64,2.2,1,1,0,ip-172-31-18-18,linux,0,0.1465,6825.38,KEM,True,2025-11-21T22:08:30.117648,,2158
ML-KEM-512,decap,1024,64,2.2,1,1,0,ip-172-31-18-18,linux,0,0.147,6802.63,KEM,True,2025-11-21T22:08:30.117855,,2159
ML-KEM-512,decap,1024,64,2.2,1,1,0,ip-172-31-18-18,linux,0,0.1475,6778.65,KEM,True,2025-11-21T22:08:30.118063,,2160
ML-KEM-768,keygen,0,1,2.2,1,1,0,ip-172-31-18-18,linux,0,0.0968,10330.47,KEM,True,2025-11-21T22:08:30.118252,,2161
ML-KEM-768,keygen,0,1,2.2,1,1,0,ip-172-31-18-18,linux,0,0.0966,10347.58,KEM,True,2025-11-21T22:08:30.118412,,2162
ML-KEM-768,keygen,0,1,2.2,1,1,0,ip-172-31-18-18,linux,0,0.0916,10919.3,KEM,True,2025-11-21T22:08:30.118565,,2163
ML-KEM-768,keygen,0,1,2.2,1,1,0,ip-172-31-18-18,linux,0,0.0917,10907.39,KEM,True,2025-11-21T22:08:30.118718,,2164
ML-KEM-768,keygen,0,1,2.2,1,1,0,ip-172-31-18-18,linux,0,0.0905,11048.38,KEM,True,2025-11-21T22:08:30.118869,,2165
ML-KEM-768,keygen,0,16,2.2,1,1,0,ip-172-31-18-18,linux,0,0.0907,11031.32,KEM,True,2025-11-21T22:08:30.119020,,2166
ML-KEM-768,keygen,0,16,2.2,1,1,0,ip-172-31-18-18,linux,0,0.1082,9245.39,KEM,True,2025-11-21T22:08:30.119188,,2167
ML-KEM-768,keygen,0,16,2.2,1,1,0,ip-172-31-18-18,linux,0,0.0912,10962.39,KEM,True,2025-11-21T22:08:30.119341,,2168
ML-KEM-768,keygen,0,16,2.2,1,1,0,ip-172-31-18-18,linux,0,0.1031,9703.93,KEM,True,2025-11-21T22:08:30.119522,,2169
ML-KEM-768,keygen,0,16,2.2,1,1,0,ip-172-31-18-18,linux,0,0.0916,10921.68,KEM,True,2025-11-21T22:08:30.119676,,2170
ML-KEM-768,keygen,0,64,2.2,1,1,0,ip-172-31-18-18,linux,0,0.0913,10955.06,KEM,True,2025-11-21T22:08:30.119828,,2171
ML-KEM-768,keygen,0,64,2.2,1,1,0,ip-172-31-18-18,linux,0,0.092,10870.51,KEM,True,2025-11-21T22:08:30.119981,,2172
ML-KEM-768,keygen,0,64,2.2,1,1,0,ip-172-31-18-18,linux,0,0.1205,8301.37,KEM,True,2025-11-21T22:08:30.120164,,2173
ML-KEM-768,keygen,0,64,2.2,1,1,0,ip-172-31-18-18,linux,0,0.0921,10855.29,KEM,True,2025-11-21T22:08:30.120318,,2174
ML-KEM-768,keygen,0,64,2.2,1,1,0,ip-172-31-18-18,linux,0,0.0919,10882.46,KEM,True,2025-11-21T22:08:30.120470,,2175
ML-KEM-768,keygen,1024,1,2.2,1,1,0,ip-172-31-18-18,linux,0,0.0916,10921.68,KEM,True,2025-11-21T22:08:30.120623,,2176
ML-KEM-768,keygen,1024,1,2.2,1,1,0,ip-172-31-18-18,linux,0,0.1059,9439.13,KEM,True,2025-11-21T22:08:30.120790,,2177
ML-KEM-768,keygen,1024,1,2.2,1,1,0,ip-172-31-18-18,linux,0,0.0909,11004.49,KEM,True,2025-11-21T22:08:30.120942,,2178
ML-KEM-768,keygen,1024,1,2.2,1,1,0,ip-172-31-18-18,linux,0,0.0911,10981.65,KEM,True,2025-11-21T22:08:30.121093,,2179
ML-KEM-768,keygen,1024,1,2.2,1,1,0,ip-172-31-18-18,linux,0,0.0918,10894.31,KEM,True,2025-11-21T22:08:30.121263,,2180
ML-KEM-768,keygen,1024,16,2.2,1,1,0,ip-172-31-18-18,linux,0,0.0919,10880.09,KEM,True,2025-11-21T22:08:30.121417,,2181
ML-KEM-768,keygen,1024,16,2.2,1,1,0,ip-172-31-18-18,linux,0,0.091,10992.51,KEM,True,2025-11-21T22:08:30.121570,,2182
ML-KEM-768,keygen,1024,16,2.2,1,1,0,ip-172-31-18-18,linux,0,0.0912,10959.99,KEM,True,2025-11-21T22:08:30.121722,,2183
ML-KEM-768,keygen,1024,16,2.2,1,1,0,ip-172-31-18-18,linux,0,0.0913,10956.38,KEM,True,2025-11-21T22:08:30.121874,,2184
ML-KEM-768,keygen,1024,16,2.2,1,1,0,ip-172-31-18-18,linux,0,0.0904,11056.93,KEM,True,2025-11-21T22:08:30.122024,,2185
ML-KEM-768,keygen,1024,64,2.2,1,1,0,ip-172-31-18-18,linux,0,0.1111,9000.74,KEM,True,2025-11-21T22:08:30.122196,,2186
ML-KEM-768,keygen,1024,64,2.2,1,1,0,ip-172-31-18-18,linux,0,0.0926,10795.52,KEM,True,2025-11-21T22:08:30.122349,,2187
ML-KEM-768,keygen,1024,64,2.2,1,1,0,ip-172-31-18-18,linux,0,0.0922,10847.05,KEM,True,2025-11-21T22:08:30.122503,,2188
ML-KEM-768,keygen,1024,64,2.2,1,1,0,ip-172-31-18-18,linux,0,0.0906,11032.53,KEM,True,2025-11-21T22:08:30.122653,,2189
ML-KEM-768,keygen,1024,64,2.2,1,1,0,ip-172-31-18-18,linux,0,0.0913,10958.78,KEM,True,2025-11-21T22:08:30.122805,,2190
ML-KEM-768,encap,0,1,2.2,1,1,0,ip-172-31-18-18,linux,0,0.1459,6854.86,KEM,True,2025-11-21T22:08:30.123019,,2191
ML-KEM-768,encap,0,1,2.2,1,1,0,ip-172-31-18-18,linux,0,0.165,6060.9,KEM,True,2025-11-21T22:08:30.123246,,2192
ML-KEM-768,encap,0,1,2.2,1,1,0,ip-172-31-18-18,linux,0,0.1488,6718.53,KEM,True,2025-11-21T22:08:30.123457,,2193
ML-KEM-768,encap,0,1,2.2,1,1,0,ip-172-31-18-18,linux,0,0.1456,6869.45,KEM,True,2025-11-21T22:08:30.123664,,2194
ML-KEM-768,encap,0,1,2.2,1,1,0,ip-172-31-18-18,linux,0,0.1456,6869.45,KEM,True,2025-11-21T22:08:30.123871,,2195
ML-KEM-768,encap,0,16,2.2,1,1,0,ip-172-31-18-18,linux,0,0.1453,6884.16,KEM,True,2025-11-21T22:08:30.124078,,2196
ML-KEM-768,encap,0,16,2.2,1,1,0,ip-172-31-18-18,linux,0,0.1428,7000.74,KEM,True,2025-11-21T22:08:30.124299,,2197
ML-KEM-768,encap,0,16,2.2,1,1,0,ip-172-31-18-18,linux,0,0.1446,6913.62,KEM,True,2025-11-21T22:08:30.124505,,2198
ML-KEM-768,encap,0,16,2.2,1,1,0,ip-172-31-18-18,linux,0,0.1678,5961.18,KEM,True,2025-11-21T22:08:30.124734,,2199
ML-KEM-768,encap,0,16,2.2,1,1,0,ip-172-31-18-18,linux,0,0.146,6849.69,KEM,True,2025-11-21T22:08:30.124943,,2200
ML-KEM-768,encap,0,64,2.2,1,1,0,ip-172-31-18-18,linux,0,0.164,6096.74,KEM,True,2025-11-21T22:08:30.125169,,2201
ML-KEM-768,encap,0,64,2.2,1,1,0,ip-172-31-18-18,linux,0,0.1455,6872.29,KEM,True,2025-11-21T22:08:30.125375,,2202
ML-KEM-768,encap,0,64,2.2,1,1,0,ip-172-31-18-18,linux,0,0.1451,6892.18,KEM,True,2025-11-21T22:08:30.125582,,2203
ML-KEM-768,encap,0,64,2.2,1,1,0,ip-172-31-18-18,linux,0,0.1448,6904.07,KEM,True,2025-11-21T22:08:30.125788,,2204
ML-KEM-768,encap,0,64,2.2,1,1,0,ip-172-31-18-18,linux,0,0.144,6944.83,KEM,True,2025-11-21T22:08:30.125993,,2205
ML-KEM-768,encap,1024,1,2.2,1,1,0,ip-172-31-18-18,linux,0,0.165,6062.37,KEM,True,2025-11-21T22:08:30.126221,,2206
ML-KEM-768,encap,1024,1,2.2,1,1,0,ip-172-31-18-18,linux,0,0.1447,6908.84,KEM,True,2025-11-21T22:08:30.126426,,2207
ML-KEM-768,encap,1024,1,2.2,1,1,0,ip-172-31-18-18,linux,0,0.1456,6869.92,KEM,True,2025-11-21T22:08:30.126634,,2208
ML-KEM-768,encap,1024,1,2.2,1,1,0,ip-172-31-18-18,linux,0,0.1445,6922.71,KEM,True,2025-11-21T22:08:30.126840,,2209
ML-KEM-768,encap,1024,1,2.2,1,1,0,ip-172-31-18-18,linux,0,0.1439,6948.69,KEM,True,2025-11-21T22:08:30.127045,,2210
ML-KEM-768,encap,1024,16,2.2,1,1,0,ip-172-31-18-18,linux,0,0.1429,6996.82,KEM,True,2025-11-21T22:08:30.127266,,2211
ML-KEM-768,encap,1024,16,2.2,1,1,0,ip-172-31-18-18,linux,0,0.1446,6916.49,KEM,True,2025-11-21T22:08:30.127470,,2212
ML-KEM-768,encap,1024,16,2.2,1,1,0,ip-172-31-18-18,linux,0,0.1454,6876.07,KEM,True,2025-11-21T22:08:30.127676,,2213
ML-KEM-768,encap,1024,16,2.2,1,1,0,ip-172-31-18-18,linux,0,0.1449,6900.74,KEM,True,2025-11-21T22:08:30.127882,,2214
ML-KEM-768,encap,1024,16,2.2,1,1,0,ip-172-31-18-18,linux,0,0.1439,6951.59,KEM,True,2025-11-21T22:08:30.128086,,2215
ML-KEM-768,encap,1024,64,2.2,1,1,0,ip-172-31-18-18,linux,0,0.1453,6883.17,KEM,True,2025-11-21T22:08:30.128327,,2216
ML-KEM-768,encap,1024,64,2.2,1,1,0,ip-172-31-18-18,linux,0,0.1445,6919.84,KEM,True,2025-11-21T22:08:30.128533,,2217
ML-KEM-768,encap,1024,64,2.2,1,1,0,ip-172-31-18-18,linux,0,0.1585,6307.87,KEM,True,2025-11-21T22:08:30.128751,,2218
ML-KEM-768,encap,1024,64,2.2,1,1,0,ip-172-31-18-18,linux,0,0.1479,6763.06,KEM,True,2025-11-21T22:08:30.129005,,2219
ML-KEM-768,encap,1024,64,2.2,1,1,0,ip-172-31-18-18,linux,0,0.1659,6027.65,KEM,True,2025-11-21T22:08:30.129233,,2220
ML-KEM-768,decap,0,1,2.2,1,1,0,ip-172-31-18-18,linux,0,0.1993,5018.49,KEM,True,2025-11-21T22:08:30.129504,,2221
ML-KEM-768,decap,0,1,2.2,1,1,0,ip-172-31-18-18,linux,0,0.2003,4993.43,KEM,True,2025-11-21T22:08:30.129766,,2222
ML-KEM-768,decap,0,1,2.2,1,1,0,ip-172-31-18-18,linux,0,0.2057,4862.56,KEM,True,2025-11-21T22:08:30.130034,,2223
ML-KEM-768,decap,0,1,2.2,1,1,0,ip-172-31-18-18,linux,0,0.2249,4446.56,KEM,True,2025-11-21T22:08:30.130319,,2224
ML-KEM-768,decap,0,1,2.2,1,1,0,ip-172-31-18-18,linux,0,0.1994,5015.72,KEM,True,2025-11-21T22:08:30.130580,,2225
ML-KEM-768,decap,0,16,2.2,1,1,0,ip-172-31-18-18,linux,0,0.2057,4861.61,KEM,True,2025-11-21T22:08:30.130848,,2226
ML-KEM-768,decap,0,16,2.2,1,1,0,ip-172-31-18-18,linux,0,0.2334,4283.7,KEM,True,2025-11-21T22:08:30.131145,,2227
ML-KEM-768,decap,0,16,2.2,1,1,0,ip-172-31-18-18,linux,0,0.2008,4979.29,KEM,True,2025-11-21T22:08:30.131406,,2228
ML-KEM-768,decap,0,16,2.2,1,1,0,ip-172-31-18-18,linux,0,0.2003,4993.18,KEM,True,2025-11-21T22:08:30.131668,,2229
ML-KEM-768,decap,0,16,2.2,1,1,0,ip-172-31-18-18,linux,0,0.2003,4991.69,KEM,True,2025-11-21T22:08:30.131931,,2230
ML-KEM-768,decap,0,64,2.2,1,1,0,ip-172-31-18-18,linux,0,0.221,4525.23,KEM,True,2025-11-21T22:08:30.132215,,2231
ML-KEM-768,decap,0,64,2.2,1,1,0,ip-172-31-18-18,linux,0,0.2005,4988.7,KEM,True,2025-11-21T22:08:30.132477,,2232
ML-KEM-768,decap,0,64,2.2,1,1,0,ip-172-31-18-18,linux,0,0.2156,4638.37,KEM,True,2025-11-21T22:08:30.132754,,2233
ML-KEM-768,decap,0,64,2.2,1,1,0,ip-172-31-18-18,linux,0,0.2019,4952.65,KEM,True,2025-11-21T22:08:30.133017,,2234
ML-KEM-768,decap,0,64,2.2,1,1,0,ip-172-31-18-18,linux,0,0.2189,4568.23,KEM,True,2025-11-21T22:08:30.133299,,2235
ML-KEM-768,decap,1024,1,2.2,1,1,0,ip-172-31-18-18,linux,0,0.2005,4986.46,KEM,True,2025-11-21T22:08:30.133563,,2236
ML-KEM-768,decap,1024,1,2.2,1,1,0,ip-172-31-18-18,linux,0,0.1997,5007.21,KEM,True,2025-11-21T22:08:30.133823,,2237
ML-KEM-768,decap,1024,1,2.2,1,1,0,ip-172-31-18-18,linux,0,0.2017,4957.78,KEM,True,2025-11-21T22:08:30.134087,,2238
ML-KEM-768,decap,1024,1,2.2,1,1,0,ip-172-31-18-18,linux,0,0.2012,4969.12,KEM,True,2025-11-21T22:08:30.134382,,2239
ML-KEM-768,decap,1024,1,2.2,1,1,0,ip-172-31-18-18,linux,0,0.2058,4859.49,KEM,True,2025-11-21T22:08:30.134650,,2240
ML-KEM-768,decap,1024,16,2.2,1,1,0,ip-172-31-18-18,linux,0,0.199,5026.09,KEM,True,2025-11-21T22:08:30.134912,,2241
ML-KEM-768,decap,1024,16,2.2,1,1,0,ip-172-31-18-18,linux,0,0.2197,4551.81,KEM,True,2025-11-21T22:08:30.135191,,2242
ML-KEM-768,decap,1024,16,2.2,1,1,0,ip-172-31-18-18,linux,0,0.2005,4986.96,KEM,True,2025-11-21T22:08:30.135453,,2243
ML-KEM-768,decap,1024,16,2.2,1,1,0,ip-172-31-18-18,linux,0,0.1993,5016.76,KEM,True,2025-11-21T22:08:30.135713,,2244
ML-KEM-768,decap,1024,16,2.2,1,1,0,ip-172-31-18-18,linux,0,0.1996,5009.44,KEM,True,2025-11-21T22:08:30.135974,,2245
ML-KEM-768,decap,1024,64,2.2,1,1,0,ip-172-31-18-18,linux,0,0.2196,4553.67,KEM,True,2025-11-21T22:08:30.136255,,2246
ML-KEM-768,decap,1024,64,2.2,1,1,0,ip-172-31-18-18,linux,0,0.2002,4995.2,KEM,True,2025-11-21T22:08:30.136518,,2247
ML-KEM-768,decap,1024,64,2.2,1,1,0,ip-172-31-18-18,linux,0,0.2154,4642.89,KEM,True,2025-11-21T22:08:30.136795,,2248
ML-KEM-768,decap,1024,64,2.2,1,1,0,ip-172-31-18-18,linux,0,0.1999,5002.93,KEM,True,2025-11-21T22:08:30.137056,,2249
ML-KEM-768,decap,1024,64,2.2,1,1,0,ip-172-31-18-18,linux,0,0.1998,5006.21,KEM,True,2025-11-21T22:08:30.137347,,2250
sntrup761,keygen,0,1,2.2,1,1,0,ip-172-31-18-18,linux,0,1.3553,737.84,KEM,True,2025-11-21T22:08:30.138775,,2251
sntrup761,keygen,0,1,2.2,1,1,0,ip-172-31-18-18,linux,0,0.9977,1002.28,KEM,True,2025-11-21T22:08:30.139840,,2252
sntrup761,keygen,0,1,2.2,1,1,0,ip-172-31-18-18,linux,0,1.016,984.29,KEM,True,2025-11-21T22:08:30.140920,,2253
sntrup761,keygen,0,1,2.2,1,1,0,ip-172-31-18-18,linux,0,0.9976,1002.44,KEM,True,2025-11-21T22:08:30.141982,,2254
sntrup761,keygen,0,1,2.2,1,1,0,ip-172-31-18-18,linux,0,1.0243,976.28,KEM,True,2025-11-21T22:08:30.143071,,2255
sntrup761,keygen,0,16,2.2,1,1,0,ip-172-31-18-18,linux,0,1.0189,981.44,KEM,True,2025-11-21T22:08:30.144195,,2256
sntrup761,keygen,0,16,2.2,1,1,0,ip-172-31-18-18,linux,0,1.0196,980.81,KEM,True,2025-11-21T22:08:30.145278,,2257
sntrup761,keygen,0,16,2.2,1,1,0,ip-172-31-18-18,linux,0,1.0069,993.19,KEM,True,2025-11-21T22:08:30.146350,,2258
sntrup761,keygen,0,16,2.2,1,1,0,ip-172-31-18-18,linux,0,1.0058,994.25,KEM,True,2025-11-21T22:08:30.147419,,2259
sntrup761,keygen,0,16,2.2,1,1,0,ip-172-31-18-18,linux,0,1.0062,993.84,KEM,True,2025-11-21T22:08:30.148489,,2260
sntrup761,keygen,0,64,2.2,1,1,0,ip-172-31-18-18,linux,0,1.039,962.45,KEM,True,2025-11-21T22:08:30.149593,,2261
sntrup761,keygen,0,64,2.2,1,1,0,ip-172-31-18-18,linux,0,1.0289,971.95,KEM,True,2025-11-21T22:08:30.150690,,2262
sntrup761,keygen,0,64,2.2,1,1,0,ip-172-31-18-18,linux,0,1.0088,991.32,KEM,True,2025-11-21T22:08:30.151763,,2263
sntrup761,keygen,0,64,2.2,1,1,0,ip-172-31-18-18,linux,0,1.0189,981.47,KEM,True,2025-11-21T22:08:30.152846,,2264
sntrup761,keygen,0,64,2.2,1,1,0,ip-172-31-18-18,linux,0,1.0175,982.8,KEM,True,2025-11-21T22:08:30.153925,,2265
sntrup761,keygen,1024,1,2.2,1,1,0,ip-172-31-18-18,linux,0,1.0316,969.4,KEM,True,2025-11-21T22:08:30.155022,,2266
sntrup761,keygen,1024,1,2.2,1,1,0,ip-172-31-18-18,linux,0,1.06,943.41,KEM,True,2025-11-21T22:08:30.156148,,2267
sntrup761,keygen,1024,1,2.2,1,1,0,ip-172-31-18-18,linux,0,1.0205,979.96,KEM,True,2025-11-21T22:08:30.157231,,2268
sntrup761,keygen,1024,1,2.2,1,1,0,ip-172-31-18-18,linux,0,1.0127,987.47,KEM,True,2025-11-21T22:08:30.158308,,2269
sntrup761,keygen,1024,1,2.2,1,1,0,ip-172-31-18-18,linux,0,1.0113,988.81,KEM,True,2025-11-21T22:08:30.159383,,2270
sntrup761,keygen,1024,16,2.2,1,1,0,ip-172-31-18-18,linux,0,1.0077,992.39,KEM,True,2025-11-21T22:08:30.160455,,2271
sntrup761,keygen,1024,16,2.2,1,1,0,ip-172-31-18-18,linux,0,1.023,977.55,KEM,True,2025-11-21T22:08:30.161541,,2272
sntrup761,keygen,1024,16,2.2,1,1,0,ip-172-31-18-18,linux,0,1.0273,973.46,KEM,True,2025-11-21T22:08:30.162632,,2273
sntrup761,keygen,1024,16,2.2,1,1,0,ip-172-31-18-18,linux,0,1.0231,977.43,KEM,True,2025-11-21T22:08:30.163722,,2274
sntrup761,keygen,1024,16,2.2,1,1,0,ip-172-31-18-18,linux,0,1.0265,974.16,KEM,True,2025-11-21T22:08:30.164813,,2275
sntrup761,keygen,1024,64,2.2,1,1,0,ip-172-31-18-18,linux,0,1.0091,990.97,KEM,True,2025-11-21T22:08:30.165888,,2276
sntrup761,keygen,1024,64,2.2,1,1,0,ip-172-31-18-18,linux,0,1.0211,979.31,KEM,True,2025-11-21T22:08:30.166973,,2277
sntrup761,keygen,1024,64,2.2,1,1,0,ip-172-31-18-18,linux,0,1.0287,972.06,KEM,True,2025-11-21T22:08:30.168066,,2278
sntrup761,keygen,1024,64,2.2,1,1,0,ip-172-31-18-18,linux,0,1.0299,970.94,KEM,True,2025-11-21T22:08:30.169195,,2279
sntrup761,keygen,1024,64,2.2,1,1,0,ip-172-31-18-18,linux,0,1.0181,982.22,KEM,True,2025-11-21T22:08:30.170275,,2280
sntrup761,encap,0,1,2.2,1,1,0,ip-172-31-18-18,linux,0,1.1565,864.7,KEM,True,2025-11-21T22:08:30.171505,,2281
sntrup761,encap,0,1,2.2,1,1,0,ip-172-31-18-18,linux,0,1.0619,941.68,KEM,True,2025-11-21T22:08:30.172632,,2282
sntrup761,encap,0,1,2.2,1,1,0,ip-172-31-18-18,linux,0,1.0537,949.0,KEM,True,2025-11-21T22:08:30.173762,,2283
sntrup761,encap,0,1,2.2,1,1,0,ip-172-31-18-18,linux,0,1.0553,947.64,KEM,True,2025-11-21T22:08:30.174882,,2284
sntrup761,encap,0,1,2.2,1,1,0,ip-172-31-18-18,linux,0,1.0758,929.5,KEM,True,2025-11-21T22:08:30.176021,,2285
sntrup761,encap,0,16,2.2,1,1,0,ip-172-31-18-18,linux,0,1.1228,890.61,KEM,True,2025-11-21T22:08:30.177210,,2286
sntrup761,encap,0,16,2.2,1,1,0,ip-172-31-18-18,linux,0,1.0627,940.98,KEM,True,2025-11-21T22:08:30.178336,,2287
sntrup761,encap,0,16,2.2,1,1,0,ip-172-31-18-18,linux,0,1.0714,933.39,KEM,True,2025-11-21T22:08:30.179471,,2288
sntrup761,encap,0,16,2.2,1,1,0,ip-172-31-18-18,linux,0,1.081,925.07,KEM,True,2025-11-21T22:08:30.180615,,2289
sntrup761,encap,0,16,2.2,1,1,0,ip-172-31-18-18,linux,0,1.1254,888.61,KEM,True,2025-11-21T22:08:30.181866,,2290
sntrup761,encap,0,64,2.2,1,1,0,ip-172-31-18-18,linux,0,1.0859,920.88,KEM,True,2025-11-21T22:08:30.183019,,2291
sntrup761,encap,0,64,2.2,1,1,0,ip-172-31-18-18,linux,0,1.1206,892.36,KEM,True,2025-11-21T22:08:30.184204,,2292
sntrup761,encap,0,64,2.2,1,1,0,ip-172-31-18-18,linux,0,1.0931,914.81,KEM,True,2025-11-21T22:08:30.185361,,2293
sntrup761,encap,0,64,2.2,1,1,0,ip-172-31-18-18,linux,0,1.0836,922.87,KEM,True,2025-11-21T22:08:30.186512,,2294
sntrup761,encap,0,64,2.2,1,1,0,ip-172-31-18-18,linux,0,1.0956,912.71,KEM,True,2025-11-21T22:08:30.187672,,2295
sntrup761,encap,1024,1,2.2,1,1,0,ip-172-31-18-18,linux,0,1.1152,896.74,KEM,True,2025-11-21T22:08:30.188854,,2296
sntrup761,encap,1024,1,2.2,1,1,0,ip-172-31-18-18,linux,0,1.0994,909.62,KEM,True,2025-11-21T22:08:30.190021,,2297
sntrup761,encap,1024,1,2.2,1,1,0,ip-172-31-18-18,linux,0,1.1645,858.77,KEM,True,2025-11-21T22:08:30.191253,,2298
sntrup761,encap,1024,1,2.2,1,1,0,ip-172-31-18-18,linux,0,1.0964,912.11,KEM,True,2025-11-21T22:08:30.192415,,2299
sntrup761,encap,1024,1,2.2,1,1,0,ip-172-31-18-18,linux,0,1.1004,908.72,KEM,True,2025-11-21T22:08:30.193580,,2300
sntrup761,encap,1024,16,2.2,1,1,0,ip-172-31-18-18,linux,0,1.0535,949.26,KEM,True,2025-11-21T22:08:30.194701,,2301
sntrup761,encap,1024,16,2.2,1,1,0,ip-172-31-18-18,linux,0,1.0524,950.21,KEM,True,2025-11-21T22:08:30.195817,,2302
sntrup761,encap,1024,16,2.2,1,1,0,ip-172-31-18-18,linux,0,1.1013,908.01,KEM,True,2025-11-21T22:08:30.196983,,2303
sntrup761,encap,1024,16,2.2,1,1,0,ip-172-31-18-18,linux,0,1.1252,888.7,KEM,True,2025-11-21T22:08:30.198178,,2304
sntrup761,encap,1024,16,2.2,1,1,0,ip-172-31-18-18,linux,0,1.0828,923.55,KEM,True,2025-11-21T22:08:30.199346,,2305
sntrup761,encap,1024,64,2.2,1,1,0,ip-172-31-18-18,linux,0,1.1199,892.9,KEM,True,2025-11-21T22:08:30.200532,,2306
sntrup761,encap,1024,64,2.2,1,1,0,ip-172-31-18-18,linux,0,1.0929,915.0,KEM,True,2025-11-21T22:08:30.201687,,2307
sntrup761,encap,1024,64,2.2,1,1,0,ip-172-31-18-18,linux,0,1.0851,921.56,KEM,True,2025-11-21T22:08:30.202837,,2308
sntrup761,encap,1024,64,2.2,1,1,0,ip-172-31-18-18,linux,0,1.0906,916.95,KEM,True,2025-11-21T22:08:30.203992,,2309
sntrup761,encap,1024,64,2.2,1,1,0,ip-172-31-18-18,linux,0,1.1997,833.52,KEM,True,2025-11-21T22:08:30.205256,,2310
sntrup761,decap,0,1,2.2,1,1,0,ip-172-31-18-18,linux,0,1.1254,888.54,KEM,True,2025-11-21T22:08:30.206459,,2311
sntrup761,decap,0,1,2.2,1,1,0,ip-172-31-18-18,linux,0,1.1028,906.75,KEM,True,2025-11-21T22:08:30.207627,,2312
sntrup761,decap,0,1,2.2,1,1,0,ip-172-31-18-18,linux,0,1.1226,890.82,KEM,True,2025-11-21T22:08:30.208815,,2313
sntrup761,decap,0,1,2.2,1,1,0,ip-172-31-18-18,linux,0,1.1206,892.37,KEM,True,2025-11-21T22:08:30.210001,,2314
sntrup761,decap,0,1,2.2,1,1,0,ip-172-31-18-18,linux,0,1.1673,856.67,KEM,True,2025-11-21T22:08:30.211232,,2315
sntrup761,decap,0,16,2.2,1,1,0,ip-172-31-18-18,linux,0,1.1455,872.98,KEM,True,2025-11-21T22:08:30.212443,,2316
sntrup761,decap,0,16,2.2,1,1,0,ip-172-31-18-18,linux,0,1.1154,896.55,KEM,True,2025-11-21T22:08:30.213622,,2317
sntrup761,decap,0,16,2.2,1,1,0,ip-172-31-18-18,linux,0,1.1133,898.25,KEM,True,2025-11-21T22:08:30.214800,,2318
sntrup761,decap,0,16,2.2,1,1,0,ip-172-31-18-18,linux,0,1.1078,902.67,KEM,True,2025-11-21T22:08:30.215972,,2319
sntrup761,decap,0,16,2.2,1,1,0,ip-172-31-18-18,linux,0,1.1492,870.17,KEM,True,2025-11-21T22:08:30.217184,,2320
sntrup761,decap,0,64,2.2,1,1,0,ip-172-31-18-18,linux,0,1.1059,904.22,KEM,True,2025-11-21T22:08:30.218354,,2321
sntrup761,decap,0,64,2.2,1,1,0,ip-172-31-18-18,linux,0,1.114,897.65,KEM,True,2025-11-21T22:08:30.219533,,2322
sntrup761,decap,0,64,2.2,1,1,0,ip-172-31-18-18,linux,0,1.1234,890.15,KEM,True,2025-11-21T22:08:30.220719,,2323
sntrup761,decap,0,64,2.2,1,1,0,ip-172-31-18-18,linux,0,1.1114,899.75,KEM,True,2025-11-21T22:08:30.221894,,2324
sntrup761,decap,0,64,2.2,1,1,0,ip-172-31-18-18,linux,0,1.1065,903.79,KEM,True,2025-11-21T22:08:30.223065,,2325
sntrup761,decap,1024,1,2.2,1,1,0,ip-172-31-18-18,linux,0,1.0969,911.7,KEM,True,2025-11-21T22:08:30.224266,,2326
sntrup761,decap,1024,1,2.2,1,1,0,ip-172-31-18-18,linux,0,1.1416,875.95,KEM,True,2025-11-21T22:08:30.225470,,2327
sntrup761,decap,1024,1,2.2,1,1,0,ip-172-31-18-18,linux,0,1.1028,906.8,KEM,True,2025-11-21T22:08:30.226637,,2328
sntrup761,decap,1024,1,2.2,1,1,0,ip-172-31-18-18,linux,0,1.1114,899.79,KEM,True,2025-11-21T22:08:30.227813,,2329
sntrup761,decap,1024,1,2.2,1,1,0,ip-172-31-18-18,linux,0,1.128,886.54,KEM,True,2025-11-21T22:08:30.229006,,2330
sntrup761,decap,1024,16,2.2,1,1,0,ip-172-31-18-18,linux,0,1.1563,864.83,KEM,True,2025-11-21T22:08:30.230226,,2331
sntrup761,decap,1024,16,2.2,1,1,0,ip-172-31-18-18,linux,0,1.101,908.3,KEM,True,2025-11-21T22:08:30.231390,,2332
sntrup761,decap,1024,16,2.2,1,1,0,ip-172-31-18-18,linux,0,1.1424,875.35,KEM,True,2025-11-21T22:08:30.232598,,2333
sntrup761,decap,1024,16,2.2,1,1,0,ip-172-31-18-18,linux,0,1.1242,889.52,KEM,True,2025-11-21T22:08:30.233789,,2334
sntrup761,decap,1024,16,2.2,1,1,0,ip-172-31-18-18,linux,0,1.1199,892.91,KEM,True,2025-11-21T22:08:30.234973,,2335
sntrup761,decap,1024,64,2.2,1,1,0,ip-172-31-18-18,linux,0,1.16,862.03,KEM,True,2025-11-21T22:08:30.236200,,2336
sntrup761,decap,1024,64,2.2,1,1,0,ip-172-31-18-18,linux,0,1.1164,895.77,KEM,True,2025-11-21T22:08:30.237381,,2337
sntrup761,decap,1024,64,2.2,1,1,0,ip-172-31-18-18,linux,0,1.1093,901.47,KEM,True,2025-11-21T22:08:30.238554,,2338
sntrup761,decap,1024,64,2.2,1,1,0,ip-172-31-18-18,linux,0,1.1193,893.38,KEM,True,2025-11-21T22:08:30.239737,,2339
sntrup761,decap,1024,64,2.2,1,1,0,ip-172-31-18-18,linux,0,1.1353,880.84,KEM,True,2025-11-21T22:08:30.240935,,2340
