algorithm,operation,message_bytes,concurrency,cpu_ghz,aesni,avx2,neon,machine_id,os_name,containerized,latency_ms,throughput_ops,crypto_type,correctness,timestamp,notes,trial_id
BIKE-L1,keygen,0,1,0.0,1,0,1,ip-172-31-43-26,linux,0,14.0661,71.09,KEM,True,2025-11-21T22:08:52.464714,,1
BIKE-L1,keygen,0,1,0.0,1,0,1,ip-172-31-43-26,linux,0,12.4301,80.45,KEM,True,2025-11-21T22:08:52.477213,,2
BIKE-L1,keygen,0,1,0.0,1,0,1,ip-172-31-43-26,linux,0,12.399,80.65,KEM,True,2025-11-21T22:08:52.489660,,3
BIKE-L1,keygen,0,1,0.0,1,0,1,ip-172-31-43-26,linux,0,12.3651,80.87,KEM,True,2025-11-21T22:08:52.502060,,4
BIKE-L1,keygen,0,1,0.0,1,0,1,ip-172-31-43-26,linux,0,12.405,80.61,KEM,True,2025-11-21T22:08:52.514497,,5
BIKE-L1,keygen,0,16,0.0,1,0,1,ip-172-31-43-26,linux,0,12.3943,80.68,KEM,True,2025-11-21T22:08:52.526927,,6
BIKE-L1,keygen,0,16,0.0,1,0,1,ip-172-31-43-26,linux,0,12.397,80.66,KEM,True,2025-11-21T22:08:52.539357,,7
BIKE-L1,keygen,0,16,0.0,1,0,1,ip-172-31-43-26,linux,0,12.403,80.63,KEM,True,2025-11-21T22:08:52.551792,,8
BIKE-L1,keygen,0,16,0.0,1,0,1,ip-172-31-43-26,linux,0,12.3986,80.65,KEM,True,2025-11-21T22:08:52.564226,,9
BIKE-L1,keygen,0,16,0.0,1,0,1,ip-172-31-43-26,linux,0,12.4024,80.63,KEM,True,2025-11-21T22:08:52.576658,,10
BIKE-L1,keygen,0,64,0.0,1,0,1,ip-172-31-43-26,linux,0,12.3964,80.67,KEM,True,2025-11-21T22:08:52.589091,,11
BIKE-L1,keygen,0,64,0.0,1,0,1,ip-172-31-43-26,linux,0,12.4113,80.57,KEM,True,2025-11-21T22:08:52.601539,,12
BIKE-L1,keygen,0,64,0.0,1,0,1,ip-172-31-43-26,linux,0,12.3736,80.82,KEM,True,2025-11-21T22:08:52.613943,,13
BIKE-L1,keygen,0,64,0.0,1,0,1,ip-172-31-43-26,linux,0,12.4035,80.62,KEM,True,2025-11-21T22:08:52.626384,,14
BIKE-L1,keygen,0,64,0.0,1,0,1,ip-172-31-43-26,linux,0,12.3917,80.7,KEM,True,2025-11-21T22:08:52.638802,,15
BIKE-L1,keygen,1024,1,0.0,1,0,1,ip-172-31-43-26,linux,0,12.3928,80.69,KEM,True,2025-11-21T22:08:52.651222,,16
BIKE-L1,keygen,1024,1,0.0,1,0,1,ip-172-31-43-26,linux,0,12.3943,80.68,KEM,True,2025-11-21T22:08:52.663642,,17
BIKE-L1,keygen,1024,1,0.0,1,0,1,ip-172-31-43-26,linux,0,12.3971,80.66,KEM,True,2025-11-21T22:08:52.676069,,18
BIKE-L1,keygen,1024,1,0.0,1,0,1,ip-172-31-43-26,linux,0,12.4011,80.64,KEM,True,2025-11-21T22:08:52.688508,,19
BIKE-L1,keygen,1024,1,0.0,1,0,1,ip-172-31-43-26,linux,0,12.4027,80.63,KEM,True,2025-11-21T22:08:52.700943,,20
BIKE-L1,keygen,1024,16,0.0,1,0,1,ip-172-31-43-26,linux,0,12.3984,80.66,KEM,True,2025-11-21T22:08:52.713373,,21
BIKE-L1,keygen,1024,16,0.0,1,0,1,ip-172-31-43-26,linux,0,12.4274,80.47,KEM,True,2025-11-21T22:08:52.725832,,22
BIKE-L1,keygen,1024,16,0.0,1,0,1,ip-172-31-43-26,linux,0,12.4041,80.62,KEM,True,2025-11-21T22:08:52.738269,,23
BIKE-L1,keygen,1024,16,0.0,1,0,1,ip-172-31-43-26,linux,0,12.3932,80.69,KEM,True,2025-11-21T22:08:52.750689,,24
BIKE-L1,keygen,1024,16,0.0,1,0,1,ip-172-31-43-26,linux,0,12.3907,80.71,KEM,True,2025-11-21T22:08:52.763103,,25
BIKE-L1,keygen,1024,64,0.0,1,0,1,ip-172-31-43-26,linux,0,12.3992,80.65,KEM,True,2025-11-21T22:08:52.775530,,26
BIKE-L1,keygen,1024,64,0.0,1,0,1,ip-172-31-43-26,linux,0,12.4009,80.64,KEM,True,2025-11-21T22:08:52.787963,,27
BIKE-L1,keygen,1024,64,0.0,1,0,1,ip-172-31-43-26,linux,0,12.3999,80.65,KEM,True,2025-11-21T22:08:52.800395,,28
BIKE-L1,keygen,1024,64,0.0,1,0,1,ip-172-31-43-26,linux,0,12.3746,80.81,KEM,True,2025-11-21T22:08:52.812799,,29
BIKE-L1,keygen,1024,64,0.0,1,0,1,ip-172-31-43-26,linux,0,12.389,80.72,KEM,True,2025-11-21T22:08:52.825213,,30
BIKE-L1,encap,0,1,0.0,1,0,1,ip-172-31-43-26,linux,0,13.1651,75.96,KEM,True,2025-11-21T22:08:52.838417,,31
BIKE-L1,encap,0,1,0.0,1,0,1,ip-172-31-43-26,linux,0,13.0644,76.54,KEM,True,2025-11-21T22:08:52.851524,,32
BIKE-L1,encap,0,1,0.0,1,0,1,ip-172-31-43-26,linux,0,13.0915,76.39,KEM,True,2025-11-21T22:08:52.864650,,33
BIKE-L1,encap,0,1,0.0,1,0,1,ip-172-31-43-26,linux,0,13.0602,76.57,KEM,True,2025-11-21T22:08:52.877752,,34
BIKE-L1,encap,0,1,0.0,1,0,1,ip-172-31-43-26,linux,0,13.0657,76.54,KEM,True,2025-11-21T22:08:52.890857,,35
BIKE-L1,encap,0,16,0.0,1,0,1,ip-172-31-43-26,linux,0,13.057,76.59,KEM,True,2025-11-21T22:08:52.903952,,36
BIKE-L1,encap,0,16,0.0,1,0,1,ip-172-31-43-26,linux,0,13.0399,76.69,KEM,True,2025-11-21T22:08:52.917026,,37
BIKE-L1,encap,0,16,0.0,1,0,1,ip-172-31-43-26,linux,0,13.049,76.63,KEM,True,2025-11-21T22:08:52.930106,,38
BIKE-L1,encap,0,16,0.0,1,0,1,ip-172-31-43-26,linux,0,13.0487,76.64,KEM,True,2025-11-21T22:08:52.943199,,39
BIKE-L1,encap,0,16,0.0,1,0,1,ip-172-31-43-26,linux,0,13.0566,76.59,KEM,True,2025-11-21T22:08:52.956284,,40
BIKE-L1,encap,0,64,0.0,1,0,1,ip-172-31-43-26,linux,0,13.0429,76.67,KEM,True,2025-11-21T22:08:52.969362,,41
BIKE-L1,encap,0,64,0.0,1,0,1,ip-172-31-43-26,linux,0,13.0552,76.6,KEM,True,2025-11-21T22:08:52.982449,,42
BIKE-L1,encap,0,64,0.0,1,0,1,ip-172-31-43-26,linux,0,13.041,76.68,KEM,True,2025-11-21T22:08:52.995523,,43
BIKE-L1,encap,0,64,0.0,1,0,1,ip-172-31-43-26,linux,0,13.0504,76.63,KEM,True,2025-11-21T22:08:53.008606,,44
BIKE-L1,encap,0,64,0.0,1,0,1,ip-172-31-43-26,linux,0,13.0578,76.58,KEM,True,2025-11-21T22:08:53.021700,,45
BIKE-L1,encap,1024,1,0.0,1,0,1,ip-172-31-43-26,linux,0,13.0593,76.57,KEM,True,2025-11-21T22:08:53.034789,,46
BIKE-L1,encap,1024,1,0.0,1,0,1,ip-172-31-43-26,linux,0,13.0688,76.52,KEM,True,2025-11-21T22:08:53.047893,,47
BIKE-L1,encap,1024,1,0.0,1,0,1,ip-172-31-43-26,linux,0,13.0512,76.62,KEM,True,2025-11-21T22:08:53.060979,,48
BIKE-L1,encap,1024,1,0.0,1,0,1,ip-172-31-43-26,linux,0,13.0477,76.64,KEM,True,2025-11-21T22:08:53.074055,,49
BIKE-L1,encap,1024,1,0.0,1,0,1,ip-172-31-43-26,linux,0,13.0421,76.67,KEM,True,2025-11-21T22:08:53.087130,,50
BIKE-L1,encap,1024,16,0.0,1,0,1,ip-172-31-43-26,linux,0,13.0457,76.65,KEM,True,2025-11-21T22:08:53.100211,,51
BIKE-L1,encap,1024,16,0.0,1,0,1,ip-172-31-43-26,linux,0,13.0573,76.59,KEM,True,2025-11-21T22:08:53.113300,,52
BIKE-L1,encap,1024,16,0.0,1,0,1,ip-172-31-43-26,linux,0,13.0506,76.62,KEM,True,2025-11-21T22:08:53.126385,,53
BIKE-L1,encap,1024,16,0.0,1,0,1,ip-172-31-43-26,linux,0,13.0508,76.62,KEM,True,2025-11-21T22:08:53.139466,,54
BIKE-L1,encap,1024,16,0.0,1,0,1,ip-172-31-43-26,linux,0,13.058,76.58,KEM,True,2025-11-21T22:08:53.152553,,55
BIKE-L1,encap,1024,64,0.0,1,0,1,ip-172-31-43-26,linux,0,13.0455,76.65,KEM,True,2025-11-21T22:08:53.165629,,56
BIKE-L1,encap,1024,64,0.0,1,0,1,ip-172-31-43-26,linux,0,13.0569,76.59,KEM,True,2025-11-21T22:08:53.178718,,57
BIKE-L1,encap,1024,64,0.0,1,0,1,ip-172-31-43-26,linux,0,13.0426,76.67,KEM,True,2025-11-21T22:08:53.191791,,58
BIKE-L1,encap,1024,64,0.0,1,0,1,ip-172-31-43-26,linux,0,13.0401,76.69,KEM,True,2025-11-21T22:08:53.204863,,59
BIKE-L1,encap,1024,64,0.0,1,0,1,ip-172-31-43-26,linux,0,13.0322,76.73,KEM,True,2025-11-21T22:08:53.217926,,60
BIKE-L1,decap,0,1,0.0,1,0,1,ip-172-31-43-26,linux,0,23.4725,42.6,KEM,True,2025-11-21T22:08:53.241440,,61
BIKE-L1,decap,0,1,0.0,1,0,1,ip-172-31-43-26,linux,0,23.4619,42.62,KEM,True,2025-11-21T22:08:53.264944,,62
BIKE-L1,decap,0,1,0.0,1,0,1,ip-172-31-43-26,linux,0,23.4295,42.68,KEM,True,2025-11-21T22:08:53.288411,,63
BIKE-L1,decap,0,1,0.0,1,0,1,ip-172-31-43-26,linux,0,23.4272,42.69,KEM,True,2025-11-21T22:08:53.311874,,64
BIKE-L1,decap,0,1,0.0,1,0,1,ip-172-31-43-26,linux,0,23.4406,42.66,KEM,True,2025-11-21T22:08:53.335362,,65
BIKE-L1,decap,0,16,0.0,1,0,1,ip-172-31-43-26,linux,0,23.4422,42.66,KEM,True,2025-11-21T22:08:53.358842,,66
BIKE-L1,decap,0,16,0.0,1,0,1,ip-172-31-43-26,linux,0,23.4247,42.69,KEM,True,2025-11-21T22:08:53.382303,,67
BIKE-L1,decap,0,16,0.0,1,0,1,ip-172-31-43-26,linux,0,23.4399,42.66,KEM,True,2025-11-21T22:08:53.405782,,68
BIKE-L1,decap,0,16,0.0,1,0,1,ip-172-31-43-26,linux,0,23.4519,42.64,KEM,True,2025-11-21T22:08:53.429271,,69
BIKE-L1,decap,0,16,0.0,1,0,1,ip-172-31-43-26,linux,0,23.4278,42.68,KEM,True,2025-11-21T22:08:53.452735,,70
BIKE-L1,decap,0,64,0.0,1,0,1,ip-172-31-43-26,linux,0,23.4207,42.7,KEM,True,2025-11-21T22:08:53.476193,,71
BIKE-L1,decap,0,64,0.0,1,0,1,ip-172-31-43-26,linux,0,23.4513,42.64,KEM,True,2025-11-21T22:08:53.499680,,72
BIKE-L1,decap,0,64,0.0,1,0,1,ip-172-31-43-26,linux,0,23.4487,42.65,KEM,True,2025-11-21T22:08:53.523164,,73
BIKE-L1,decap,0,64,0.0,1,0,1,ip-172-31-43-26,linux,0,23.4231,42.69,KEM,True,2025-11-21T22:08:53.546621,,74
BIKE-L1,decap,0,64,0.0,1,0,1,ip-172-31-43-26,linux,0,23.4254,42.69,KEM,True,2025-11-21T22:08:53.570078,,75
BIKE-L1,decap,1024,1,0.0,1,0,1,ip-172-31-43-26,linux,0,23.4408,42.66,KEM,True,2025-11-21T22:08:53.593558,,76
BIKE-L1,decap,1024,1,0.0,1,0,1,ip-172-31-43-26,linux,0,23.4383,42.67,KEM,True,2025-11-21T22:08:53.617086,,77
BIKE-L1,decap,1024,1,0.0,1,0,1,ip-172-31-43-26,linux,0,23.4365,42.67,KEM,True,2025-11-21T22:08:53.640564,,78
BIKE-L1,decap,1024,1,0.0,1,0,1,ip-172-31-43-26,linux,0,23.4287,42.68,KEM,True,2025-11-21T22:08:53.664026,,79
BIKE-L1,decap,1024,1,0.0,1,0,1,ip-172-31-43-26,linux,0,23.4469,42.65,KEM,True,2025-11-21T22:08:53.687510,,80
BIKE-L1,decap,1024,16,0.0,1,0,1,ip-172-31-43-26,linux,0,23.4292,42.68,KEM,True,2025-11-21T22:08:53.710977,,81
BIKE-L1,decap,1024,16,0.0,1,0,1,ip-172-31-43-26,linux,0,23.4309,42.68,KEM,True,2025-11-21T22:08:53.734445,,82
BIKE-L1,decap,1024,16,0.0,1,0,1,ip-172-31-43-26,linux,0,23.4597,42.63,KEM,True,2025-11-21T22:08:53.757941,,83
BIKE-L1,decap,1024,16,0.0,1,0,1,ip-172-31-43-26,linux,0,23.4592,42.63,KEM,True,2025-11-21T22:08:53.781441,,84
BIKE-L1,decap,1024,16,0.0,1,0,1,ip-172-31-43-26,linux,0,23.454,42.64,KEM,True,2025-11-21T22:08:53.804932,,85
BIKE-L1,decap,1024,64,0.0,1,0,1,ip-172-31-43-26,linux,0,23.432,42.68,KEM,True,2025-11-21T22:08:53.828402,,86
BIKE-L1,decap,1024,64,0.0,1,0,1,ip-172-31-43-26,linux,0,23.4317,42.68,KEM,True,2025-11-21T22:08:53.851871,,87
BIKE-L1,decap,1024,64,0.0,1,0,1,ip-172-31-43-26,linux,0,23.4902,42.57,KEM,True,2025-11-21T22:08:53.875399,,88
BIKE-L1,decap,1024,64,0.0,1,0,1,ip-172-31-43-26,linux,0,23.4608,42.62,KEM,True,2025-11-21T22:08:53.898899,,89
BIKE-L1,decap,1024,64,0.0,1,0,1,ip-172-31-43-26,linux,0,23.4553,42.63,KEM,True,2025-11-21T22:08:53.922394,,90
BIKE-L3,keygen,0,1,0.0,1,0,1,ip-172-31-43-26,linux,0,38.2863,26.12,KEM,True,2025-11-21T22:08:53.960729,,91
BIKE-L3,keygen,0,1,0.0,1,0,1,ip-172-31-43-26,linux,0,38.2051,26.17,KEM,True,2025-11-21T22:08:53.998988,,92
BIKE-L3,keygen,0,1,0.0,1,0,1,ip-172-31-43-26,linux,0,38.2185,26.17,KEM,True,2025-11-21T22:08:54.037247,,93
BIKE-L3,keygen,0,1,0.0,1,0,1,ip-172-31-43-26,linux,0,38.2061,26.17,KEM,True,2025-11-21T22:08:54.075496,,94
BIKE-L3,keygen,0,1,0.0,1,0,1,ip-172-31-43-26,linux,0,38.2175,26.17,KEM,True,2025-11-21T22:08:54.113753,,95
BIKE-L3,keygen,0,16,0.0,1,0,1,ip-172-31-43-26,linux,0,38.2127,26.17,KEM,True,2025-11-21T22:08:54.152008,,96
BIKE-L3,keygen,0,16,0.0,1,0,1,ip-172-31-43-26,linux,0,38.2143,26.17,KEM,True,2025-11-21T22:08:54.190264,,97
BIKE-L3,keygen,0,16,0.0,1,0,1,ip-172-31-43-26,linux,0,38.2019,26.18,KEM,True,2025-11-21T22:08:54.228507,,98
BIKE-L3,keygen,0,16,0.0,1,0,1,ip-172-31-43-26,linux,0,38.2124,26.17,KEM,True,2025-11-21T22:08:54.266760,,99
BIKE-L3,keygen,0,16,0.0,1,0,1,ip-172-31-43-26,linux,0,38.2144,26.17,KEM,True,2025-11-21T22:08:54.305014,,100
BIKE-L3,keygen,0,64,0.0,1,0,1,ip-172-31-43-26,linux,0,38.2162,26.17,KEM,True,2025-11-21T22:08:54.343273,,101
BIKE-L3,keygen,0,64,0.0,1,0,1,ip-172-31-43-26,linux,0,38.2164,26.17,KEM,True,2025-11-21T22:08:54.381529,,102
BIKE-L3,keygen,0,64,0.0,1,0,1,ip-172-31-43-26,linux,0,38.214,26.17,KEM,True,2025-11-21T22:08:54.419784,,103
BIKE-L3,keygen,0,64,0.0,1,0,1,ip-172-31-43-26,linux,0,38.2108,26.17,KEM,True,2025-11-21T22:08:54.458036,,104
BIKE-L3,keygen,0,64,0.0,1,0,1,ip-172-31-43-26,linux,0,38.2229,26.16,KEM,True,2025-11-21T22:08:54.496302,,105
BIKE-L3,keygen,1024,1,0.0,1,0,1,ip-172-31-43-26,linux,0,38.2135,26.17,KEM,True,2025-11-21T22:08:54.534559,,106
BIKE-L3,keygen,1024,1,0.0,1,0,1,ip-172-31-43-26,linux,0,38.2079,26.17,KEM,True,2025-11-21T22:08:54.572809,,107
BIKE-L3,keygen,1024,1,0.0,1,0,1,ip-172-31-43-26,linux,0,38.2171,26.17,KEM,True,2025-11-21T22:08:54.611071,,108
BIKE-L3,keygen,1024,1,0.0,1,0,1,ip-172-31-43-26,linux,0,38.2111,26.17,KEM,True,2025-11-21T22:08:54.649335,,109
BIKE-L3,keygen,1024,1,0.0,1,0,1,ip-172-31-43-26,linux,0,38.2158,26.17,KEM,True,2025-11-21T22:08:54.687594,,110
BIKE-L3,keygen,1024,16,0.0,1,0,1,ip-172-31-43-26,linux,0,38.2074,26.17,KEM,True,2025-11-21T22:08:54.725846,,111
BIKE-L3,keygen,1024,16,0.0,1,0,1,ip-172-31-43-26,linux,0,38.2049,26.17,KEM,True,2025-11-21T22:08:54.764092,,112
BIKE-L3,keygen,1024,16,0.0,1,0,1,ip-172-31-43-26,linux,0,38.2262,26.16,KEM,True,2025-11-21T22:08:54.802366,,113
BIKE-L3,keygen,1024,16,0.0,1,0,1,ip-172-31-43-26,linux,0,38.1996,26.18,KEM,True,2025-11-21T22:08:54.840611,,114
BIKE-L3,keygen,1024,16,0.0,1,0,1,ip-172-31-43-26,linux,0,38.2258,26.16,KEM,True,2025-11-21T22:08:54.878875,,115
BIKE-L3,keygen,1024,64,0.0,1,0,1,ip-172-31-43-26,linux,0,38.2306,26.16,KEM,True,2025-11-21T22:08:54.917158,,116
BIKE-L3,keygen,1024,64,0.0,1,0,1,ip-172-31-43-26,linux,0,38.2254,26.16,KEM,True,2025-11-21T22:08:54.955436,,117
BIKE-L3,keygen,1024,64,0.0,1,0,1,ip-172-31-43-26,linux,0,38.2031,26.18,KEM,True,2025-11-21T22:08:54.993685,,118
BIKE-L3,keygen,1024,64,0.0,1,0,1,ip-172-31-43-26,linux,0,38.2113,26.17,KEM,True,2025-11-21T22:08:55.031938,,119
BIKE-L3,keygen,1024,64,0.0,1,0,1,ip-172-31-43-26,linux,0,38.2207,26.16,KEM,True,2025-11-21T22:08:55.070203,,120
BIKE-L3,encap,0,1,0.0,1,0,1,ip-172-31-43-26,linux,0,40.311,24.81,KEM,True,2025-11-21T22:08:55.110571,,121
BIKE-L3,encap,0,1,0.0,1,0,1,ip-172-31-43-26,linux,0,40.2316,24.86,KEM,True,2025-11-21T22:08:55.150854,,122
BIKE-L3,encap,0,1,0.0,1,0,1,ip-172-31-43-26,linux,0,40.2361,24.85,KEM,True,2025-11-21T22:08:55.191143,,123
BIKE-L3,encap,0,1,0.0,1,0,1,ip-172-31-43-26,linux,0,40.226,24.86,KEM,True,2025-11-21T22:08:55.231416,,124
BIKE-L3,encap,0,1,0.0,1,0,1,ip-172-31-43-26,linux,0,40.2243,24.86,KEM,True,2025-11-21T22:08:55.271685,,125
BIKE-L3,encap,0,16,0.0,1,0,1,ip-172-31-43-26,linux,0,40.236,24.85,KEM,True,2025-11-21T22:08:55.311969,,126
BIKE-L3,encap,0,16,0.0,1,0,1,ip-172-31-43-26,linux,0,40.2313,24.86,KEM,True,2025-11-21T22:08:55.352243,,127
BIKE-L3,encap,0,16,0.0,1,0,1,ip-172-31-43-26,linux,0,40.2214,24.86,KEM,True,2025-11-21T22:08:55.392505,,128
BIKE-L3,encap,0,16,0.0,1,0,1,ip-172-31-43-26,linux,0,40.2314,24.86,KEM,True,2025-11-21T22:08:55.432780,,129
BIKE-L3,encap,0,16,0.0,1,0,1,ip-172-31-43-26,linux,0,40.2255,24.86,KEM,True,2025-11-21T22:08:55.473048,,130
BIKE-L3,encap,0,64,0.0,1,0,1,ip-172-31-43-26,linux,0,40.2275,24.86,KEM,True,2025-11-21T22:08:55.513319,,131
BIKE-L3,encap,0,64,0.0,1,0,1,ip-172-31-43-26,linux,0,40.2229,24.86,KEM,True,2025-11-21T22:08:55.553586,,132
BIKE-L3,encap,0,64,0.0,1,0,1,ip-172-31-43-26,linux,0,40.2209,24.86,KEM,True,2025-11-21T22:08:55.593852,,133
BIKE-L3,encap,0,64,0.0,1,0,1,ip-172-31-43-26,linux,0,40.2226,24.86,KEM,True,2025-11-21T22:08:55.634120,,134
BIKE-L3,encap,0,64,0.0,1,0,1,ip-172-31-43-26,linux,0,40.2368,24.85,KEM,True,2025-11-21T22:08:55.674403,,135
BIKE-L3,encap,1024,1,0.0,1,0,1,ip-172-31-43-26,linux,0,40.2379,24.85,KEM,True,2025-11-21T22:08:55.714685,,136
BIKE-L3,encap,1024,1,0.0,1,0,1,ip-172-31-43-26,linux,0,40.2632,24.84,KEM,True,2025-11-21T22:08:55.754990,,137
BIKE-L3,encap,1024,1,0.0,1,0,1,ip-172-31-43-26,linux,0,40.2276,24.86,KEM,True,2025-11-21T22:08:55.795263,,138
BIKE-L3,encap,1024,1,0.0,1,0,1,ip-172-31-43-26,linux,0,40.2145,24.87,KEM,True,2025-11-21T22:08:55.835522,,139
BIKE-L3,encap,1024,1,0.0,1,0,1,ip-172-31-43-26,linux,0,40.2571,24.84,KEM,True,2025-11-21T22:08:55.875821,,140
BIKE-L3,encap,1024,16,0.0,1,0,1,ip-172-31-43-26,linux,0,40.2319,24.86,KEM,True,2025-11-21T22:08:55.916105,,141
BIKE-L3,encap,1024,16,0.0,1,0,1,ip-172-31-43-26,linux,0,40.2314,24.86,KEM,True,2025-11-21T22:08:55.956384,,142
BIKE-L3,encap,1024,16,0.0,1,0,1,ip-172-31-43-26,linux,0,40.2268,24.86,KEM,True,2025-11-21T22:08:55.996654,,143
BIKE-L3,encap,1024,16,0.0,1,0,1,ip-172-31-43-26,linux,0,40.2289,24.86,KEM,True,2025-11-21T22:08:56.036927,,144
BIKE-L3,encap,1024,16,0.0,1,0,1,ip-172-31-43-26,linux,0,40.2203,24.86,KEM,True,2025-11-21T22:08:56.077191,,145
BIKE-L3,encap,1024,64,0.0,1,0,1,ip-172-31-43-26,linux,0,40.2202,24.86,KEM,True,2025-11-21T22:08:56.117456,,146
BIKE-L3,encap,1024,64,0.0,1,0,1,ip-172-31-43-26,linux,0,40.2185,24.86,KEM,True,2025-11-21T22:08:56.157718,,147
BIKE-L3,encap,1024,64,0.0,1,0,1,ip-172-31-43-26,linux,0,40.2427,24.85,KEM,True,2025-11-21T22:08:56.198003,,148
BIKE-L3,encap,1024,64,0.0,1,0,1,ip-172-31-43-26,linux,0,40.2453,24.85,KEM,True,2025-11-21T22:08:56.238292,,149
BIKE-L3,encap,1024,64,0.0,1,0,1,ip-172-31-43-26,linux,0,40.2328,24.86,KEM,True,2025-11-21T22:08:56.278565,,150
BIKE-L3,decap,0,1,0.0,1,0,1,ip-172-31-43-26,linux,0,72.7745,13.74,KEM,True,2025-11-21T22:08:56.351442,,151
BIKE-L3,decap,0,1,0.0,1,0,1,ip-172-31-43-26,linux,0,72.7421,13.75,KEM,True,2025-11-21T22:08:56.424242,,152
BIKE-L3,decap,0,1,0.0,1,0,1,ip-172-31-43-26,linux,0,72.7224,13.75,KEM,True,2025-11-21T22:08:56.497017,,153
BIKE-L3,decap,0,1,0.0,1,0,1,ip-172-31-43-26,linux,0,72.7238,13.75,KEM,True,2025-11-21T22:08:56.569795,,154
BIKE-L3,decap,0,1,0.0,1,0,1,ip-172-31-43-26,linux,0,72.7182,13.75,KEM,True,2025-11-21T22:08:56.642565,,155
BIKE-L3,decap,0,16,0.0,1,0,1,ip-172-31-43-26,linux,0,72.7352,13.75,KEM,True,2025-11-21T22:08:56.715352,,156
BIKE-L3,decap,0,16,0.0,1,0,1,ip-172-31-43-26,linux,0,72.7139,13.75,KEM,True,2025-11-21T22:08:56.788121,,157
BIKE-L3,decap,0,16,0.0,1,0,1,ip-172-31-43-26,linux,0,72.7473,13.75,KEM,True,2025-11-21T22:08:56.860928,,158
BIKE-L3,decap,0,16,0.0,1,0,1,ip-172-31-43-26,linux,0,72.7385,13.75,KEM,True,2025-11-21T22:08:56.933728,,159
BIKE-L3,decap,0,16,0.0,1,0,1,ip-172-31-43-26,linux,0,72.7854,13.74,KEM,True,2025-11-21T22:08:57.006571,,160
BIKE-L3,decap,0,64,0.0,1,0,1,ip-172-31-43-26,linux,0,72.797,13.74,KEM,True,2025-11-21T22:08:57.079432,,161
BIKE-L3,decap,0,64,0.0,1,0,1,ip-172-31-43-26,linux,0,72.7435,13.75,KEM,True,2025-11-21T22:08:57.152234,,162
BIKE-L3,decap,0,64,0.0,1,0,1,ip-172-31-43-26,linux,0,72.7314,13.75,KEM,True,2025-11-21T22:08:57.225021,,163
BIKE-L3,decap,0,64,0.0,1,0,1,ip-172-31-43-26,linux,0,72.7519,13.75,KEM,True,2025-11-21T22:08:57.297824,,164
BIKE-L3,decap,0,64,0.0,1,0,1,ip-172-31-43-26,linux,0,72.711,13.75,KEM,True,2025-11-21T22:08:57.370589,,165
BIKE-L3,decap,1024,1,0.0,1,0,1,ip-172-31-43-26,linux,0,72.7504,13.75,KEM,True,2025-11-21T22:08:57.443396,,166
BIKE-L3,decap,1024,1,0.0,1,0,1,ip-172-31-43-26,linux,0,72.7436,13.75,KEM,True,2025-11-21T22:08:57.516194,,167
BIKE-L3,decap,1024,1,0.0,1,0,1,ip-172-31-43-26,linux,0,72.7557,13.74,KEM,True,2025-11-21T22:08:57.589003,,168
BIKE-L3,decap,1024,1,0.0,1,0,1,ip-172-31-43-26,linux,0,72.7592,13.74,KEM,True,2025-11-21T22:08:57.661820,,169
BIKE-L3,decap,1024,1,0.0,1,0,1,ip-172-31-43-26,linux,0,72.742,13.75,KEM,True,2025-11-21T22:08:57.734616,,170
BIKE-L3,decap,1024,16,0.0,1,0,1,ip-172-31-43-26,linux,0,72.7569,13.74,KEM,True,2025-11-21T22:08:57.807430,,171
BIKE-L3,decap,1024,16,0.0,1,0,1,ip-172-31-43-26,linux,0,72.7651,13.74,KEM,True,2025-11-21T22:08:57.880251,,172
BIKE-L3,decap,1024,16,0.0,1,0,1,ip-172-31-43-26,linux,0,72.7491,13.75,KEM,True,2025-11-21T22:08:57.953065,,173
BIKE-L3,decap,1024,16,0.0,1,0,1,ip-172-31-43-26,linux,0,72.7537,13.75,KEM,True,2025-11-21T22:08:58.025887,,174
BIKE-L3,decap,1024,16,0.0,1,0,1,ip-172-31-43-26,linux,0,72.7366,13.75,KEM,True,2025-11-21T22:08:58.098683,,175
BIKE-L3,decap,1024,64,0.0,1,0,1,ip-172-31-43-26,linux,0,72.7283,13.75,KEM,True,2025-11-21T22:08:58.171470,,176
BIKE-L3,decap,1024,64,0.0,1,0,1,ip-172-31-43-26,linux,0,72.754,13.74,KEM,True,2025-11-21T22:08:58.244278,,177
BIKE-L3,decap,1024,64,0.0,1,0,1,ip-172-31-43-26,linux,0,72.7026,13.75,KEM,True,2025-11-21T22:08:58.317038,,178
BIKE-L3,decap,1024,64,0.0,1,0,1,ip-172-31-43-26,linux,0,72.7272,13.75,KEM,True,2025-11-21T22:08:58.389818,,179
BIKE-L3,decap,1024,64,0.0,1,0,1,ip-172-31-43-26,linux,0,72.7245,13.75,KEM,True,2025-11-21T22:08:58.462598,,180
BIKE-L5,keygen,0,1,0.0,1,0,1,ip-172-31-43-26,linux,0,95.6896,10.45,KEM,True,2025-11-21T22:08:58.558355,,181
BIKE-L5,keygen,0,1,0.0,1,0,1,ip-172-31-43-26,linux,0,95.6242,10.46,KEM,True,2025-11-21T22:08:58.654043,,182
BIKE-L5,keygen,0,1,0.0,1,0,1,ip-172-31-43-26,linux,0,95.6774,10.45,KEM,True,2025-11-21T22:08:58.749774,,183
BIKE-L5,keygen,0,1,0.0,1,0,1,ip-172-31-43-26,linux,0,95.6629,10.45,KEM,True,2025-11-21T22:08:58.845490,,184
BIKE-L5,keygen,0,1,0.0,1,0,1,ip-172-31-43-26,linux,0,95.7275,10.45,KEM,True,2025-11-21T22:08:58.941270,,185
BIKE-L5,keygen,0,16,0.0,1,0,1,ip-172-31-43-26,linux,0,95.6908,10.45,KEM,True,2025-11-21T22:08:59.037024,,186
BIKE-L5,keygen,0,16,0.0,1,0,1,ip-172-31-43-26,linux,0,95.7276,10.45,KEM,True,2025-11-21T22:08:59.132812,,187
BIKE-L5,keygen,0,16,0.0,1,0,1,ip-172-31-43-26,linux,0,95.6714,10.45,KEM,True,2025-11-21T22:08:59.228545,,188
BIKE-L5,keygen,0,16,0.0,1,0,1,ip-172-31-43-26,linux,0,95.706,10.45,KEM,True,2025-11-21T22:08:59.324305,,189
BIKE-L5,keygen,0,16,0.0,1,0,1,ip-172-31-43-26,linux,0,95.6919,10.45,KEM,True,2025-11-21T22:08:59.420055,,190
BIKE-L5,keygen,0,64,0.0,1,0,1,ip-172-31-43-26,linux,0,95.6749,10.45,KEM,True,2025-11-21T22:08:59.515793,,191
BIKE-L5,keygen,0,64,0.0,1,0,1,ip-172-31-43-26,linux,0,95.7454,10.44,KEM,True,2025-11-21T22:08:59.611596,,192
BIKE-L5,keygen,0,64,0.0,1,0,1,ip-172-31-43-26,linux,0,95.696,10.45,KEM,True,2025-11-21T22:08:59.707359,,193
BIKE-L5,keygen,0,64,0.0,1,0,1,ip-172-31-43-26,linux,0,95.7021,10.45,KEM,True,2025-11-21T22:08:59.803117,,194
BIKE-L5,keygen,0,64,0.0,1,0,1,ip-172-31-43-26,linux,0,95.7137,10.45,KEM,True,2025-11-21T22:08:59.898889,,195
BIKE-L5,keygen,1024,1,0.0,1,0,1,ip-172-31-43-26,linux,0,95.6726,10.45,KEM,True,2025-11-21T22:08:59.994622,,196
BIKE-L5,keygen,1024,1,0.0,1,0,1,ip-172-31-43-26,linux,0,95.7018,10.45,KEM,True,2025-11-21T22:09:00.090378,,197
BIKE-L5,keygen,1024,1,0.0,1,0,1,ip-172-31-43-26,linux,0,95.6697,10.45,KEM,True,2025-11-21T22:09:00.186100,,198
BIKE-L5,keygen,1024,1,0.0,1,0,1,ip-172-31-43-26,linux,0,95.635,10.46,KEM,True,2025-11-21T22:09:00.281787,,199
BIKE-L5,keygen,1024,1,0.0,1,0,1,ip-172-31-43-26,linux,0,95.6683,10.45,KEM,True,2025-11-21T22:09:00.377502,,200
BIKE-L5,keygen,1024,16,0.0,1,0,1,ip-172-31-43-26,linux,0,95.6918,10.45,KEM,True,2025-11-21T22:09:00.473245,,201
BIKE-L5,keygen,1024,16,0.0,1,0,1,ip-172-31-43-26,linux,0,95.6448,10.46,KEM,True,2025-11-21T22:09:00.568941,,202
BIKE-L5,keygen,1024,16,0.0,1,0,1,ip-172-31-43-26,linux,0,95.6491,10.45,KEM,True,2025-11-21T22:09:00.664637,,203
BIKE-L5,keygen,1024,16,0.0,1,0,1,ip-172-31-43-26,linux,0,95.6742,10.45,KEM,True,2025-11-21T22:09:00.760357,,204
BIKE-L5,keygen,1024,16,0.0,1,0,1,ip-172-31-43-26,linux,0,95.6766,10.45,KEM,True,2025-11-21T22:09:00.856085,,205
BIKE-L5,keygen,1024,64,0.0,1,0,1,ip-172-31-43-26,linux,0,95.6598,10.45,KEM,True,2025-11-21T22:09:00.951806,,206
BIKE-L5,keygen,1024,64,0.0,1,0,1,ip-172-31-43-26,linux,0,95.6887,10.45,KEM,True,2025-11-21T22:09:01.047552,,207
BIKE-L5,keygen,1024,64,0.0,1,0,1,ip-172-31-43-26,linux,0,95.6606,10.45,KEM,True,2025-11-21T22:09:01.143267,,208
BIKE-L5,keygen,1024,64,0.0,1,0,1,ip-172-31-43-26,linux,0,95.7123,10.45,KEM,True,2025-11-21T22:09:01.239035,,209
BIKE-L5,keygen,1024,64,0.0,1,0,1,ip-172-31-43-26,linux,0,95.69,10.45,KEM,True,2025-11-21T22:09:01.334781,,210
BIKE-L5,encap,0,1,0.0,1,0,1,ip-172-31-43-26,linux,0,100.7901,9.92,KEM,True,2025-11-21T22:09:01.435629,,211
BIKE-L5,encap,0,1,0.0,1,0,1,ip-172-31-43-26,linux,0,100.7363,9.93,KEM,True,2025-11-21T22:09:01.536425,,212
BIKE-L5,encap,0,1,0.0,1,0,1,ip-172-31-43-26,linux,0,100.7421,9.93,KEM,True,2025-11-21T22:09:01.637227,,213
BIKE-L5,encap,0,1,0.0,1,0,1,ip-172-31-43-26,linux,0,100.7359,9.93,KEM,True,2025-11-21T22:09:01.738019,,214
BIKE-L5,encap,0,1,0.0,1,0,1,ip-172-31-43-26,linux,0,100.7535,9.93,KEM,True,2025-11-21T22:09:01.838828,,215
BIKE-L5,encap,0,16,0.0,1,0,1,ip-172-31-43-26,linux,0,100.7695,9.92,KEM,True,2025-11-21T22:09:01.939656,,216
BIKE-L5,encap,0,16,0.0,1,0,1,ip-172-31-43-26,linux,0,100.7237,9.93,KEM,True,2025-11-21T22:09:02.040440,,217
BIKE-L5,encap,0,16,0.0,1,0,1,ip-172-31-43-26,linux,0,100.7515,9.93,KEM,True,2025-11-21T22:09:02.141254,,218
BIKE-L5,encap,0,16,0.0,1,0,1,ip-172-31-43-26,linux,0,100.742,9.93,KEM,True,2025-11-21T22:09:02.242057,,219
BIKE-L5,encap,0,16,0.0,1,0,1,ip-172-31-43-26,linux,0,100.7477,9.93,KEM,True,2025-11-21T22:09:02.342866,,220
BIKE-L5,encap,0,64,0.0,1,0,1,ip-172-31-43-26,linux,0,100.7031,9.93,KEM,True,2025-11-21T22:09:02.443632,,221
BIKE-L5,encap,0,64,0.0,1,0,1,ip-172-31-43-26,linux,0,100.7538,9.93,KEM,True,2025-11-21T22:09:02.544443,,222
BIKE-L5,encap,0,64,0.0,1,0,1,ip-172-31-43-26,linux,0,100.7089,9.93,KEM,True,2025-11-21T22:09:02.645208,,223
BIKE-L5,encap,0,64,0.0,1,0,1,ip-172-31-43-26,linux,0,100.7296,9.93,KEM,True,2025-11-21T22:09:02.745988,,224
BIKE-L5,encap,0,64,0.0,1,0,1,ip-172-31-43-26,linux,0,100.7263,9.93,KEM,True,2025-11-21T22:09:02.846809,,225
BIKE-L5,encap,1024,1,0.0,1,0,1,ip-172-31-43-26,linux,0,100.7648,9.92,KEM,True,2025-11-21T22:09:02.947639,,226
BIKE-L5,encap,1024,1,0.0,1,0,1,ip-172-31-43-26,linux,0,100.7602,9.92,KEM,True,2025-11-21T22:09:03.048465,,227
BIKE-L5,encap,1024,1,0.0,1,0,1,ip-172-31-43-26,linux,0,100.7464,9.93,KEM,True,2025-11-21T22:09:03.149275,,228
BIKE-L5,encap,1024,1,0.0,1,0,1,ip-172-31-43-26,linux,0,100.745,9.93,KEM,True,2025-11-21T22:09:03.250081,,229
BIKE-L5,encap,1024,1,0.0,1,0,1,ip-172-31-43-26,linux,0,100.7224,9.93,KEM,True,2025-11-21T22:09:03.350866,,230
BIKE-L5,encap,1024,16,0.0,1,0,1,ip-172-31-43-26,linux,0,100.7072,9.93,KEM,True,2025-11-21T22:09:03.451626,,231
BIKE-L5,encap,1024,16,0.0,1,0,1,ip-172-31-43-26,linux,0,100.7063,9.93,KEM,True,2025-11-21T22:09:03.552383,,232
BIKE-L5,encap,1024,16,0.0,1,0,1,ip-172-31-43-26,linux,0,100.7,9.93,KEM,True,2025-11-21T22:09:03.653134,,233
BIKE-L5,encap,1024,16,0.0,1,0,1,ip-172-31-43-26,linux,0,100.7413,9.93,KEM,True,2025-11-21T22:09:03.753931,,234
BIKE-L5,encap,1024,16,0.0,1,0,1,ip-172-31-43-26,linux,0,100.7009,9.93,KEM,True,2025-11-21T22:09:03.854688,,235
BIKE-L5,encap,1024,64,0.0,1,0,1,ip-172-31-43-26,linux,0,100.7057,9.93,KEM,True,2025-11-21T22:09:03.955449,,236
BIKE-L5,encap,1024,64,0.0,1,0,1,ip-172-31-43-26,linux,0,100.7112,9.93,KEM,True,2025-11-21T22:09:04.056220,,237
BIKE-L5,encap,1024,64,0.0,1,0,1,ip-172-31-43-26,linux,0,100.6803,9.93,KEM,True,2025-11-21T22:09:04.156954,,238
BIKE-L5,encap,1024,64,0.0,1,0,1,ip-172-31-43-26,linux,0,100.7136,9.93,KEM,True,2025-11-21T22:09:04.257719,,239
BIKE-L5,encap,1024,64,0.0,1,0,1,ip-172-31-43-26,linux,0,100.7417,9.93,KEM,True,2025-11-21T22:09:04.358510,,240
BIKE-L5,decap,0,1,0.0,1,0,1,ip-172-31-43-26,linux,0,182.247,5.49,KEM,True,2025-11-21T22:09:04.540822,,241
BIKE-L5,decap,0,1,0.0,1,0,1,ip-172-31-43-26,linux,0,182.2239,5.49,KEM,True,2025-11-21T22:09:04.723120,,242
BIKE-L5,decap,0,1,0.0,1,0,1,ip-172-31-43-26,linux,0,182.2575,5.49,KEM,True,2025-11-21T22:09:04.905447,,243
BIKE-L5,decap,0,1,0.0,1,0,1,ip-172-31-43-26,linux,0,182.297,5.49,KEM,True,2025-11-21T22:09:05.087820,,244
BIKE-L5,decap,0,1,0.0,1,0,1,ip-172-31-43-26,linux,0,182.2875,5.49,KEM,True,2025-11-21T22:09:05.270181,,245
BIKE-L5,decap,0,16,0.0,1,0,1,ip-172-31-43-26,linux,0,182.2121,5.49,KEM,True,2025-11-21T22:09:05.452471,,246
BIKE-L5,decap,0,16,0.0,1,0,1,ip-172-31-43-26,linux,0,182.2821,5.49,KEM,True,2025-11-21T22:09:05.634822,,247
BIKE-L5,decap,0,16,0.0,1,0,1,ip-172-31-43-26,linux,0,182.2692,5.49,KEM,True,2025-11-21T22:09:05.817163,,248
BIKE-L5,decap,0,16,0.0,1,0,1,ip-172-31-43-26,linux,0,182.2836,5.49,KEM,True,2025-11-21T22:09:05.999526,,249
BIKE-L5,decap,0,16,0.0,1,0,1,ip-172-31-43-26,linux,0,182.2489,5.49,KEM,True,2025-11-21T22:09:06.181854,,250
BIKE-L5,decap,0,64,0.0,1,0,1,ip-172-31-43-26,linux,0,182.2436,5.49,KEM,True,2025-11-21T22:09:06.364172,,251
BIKE-L5,decap,0,64,0.0,1,0,1,ip-172-31-43-26,linux,0,182.2229,5.49,KEM,True,2025-11-21T22:09:06.546467,,252
BIKE-L5,decap,0,64,0.0,1,0,1,ip-172-31-43-26,linux,0,182.2655,5.49,KEM,True,2025-11-21T22:09:06.728797,,253
BIKE-L5,decap,0,64,0.0,1,0,1,ip-172-31-43-26,linux,0,182.2592,5.49,KEM,True,2025-11-21T22:09:06.911122,,254
BIKE-L5,decap,0,64,0.0,1,0,1,ip-172-31-43-26,linux,0,182.2662,5.49,KEM,True,2025-11-21T22:09:07.093463,,255
BIKE-L5,decap,1024,1,0.0,1,0,1,ip-172-31-43-26,linux,0,182.3129,5.49,KEM,True,2025-11-21T22:09:07.275851,,256
BIKE-L5,decap,1024,1,0.0,1,0,1,ip-172-31-43-26,linux,0,182.3566,5.48,KEM,True,2025-11-21T22:09:07.458287,,257
BIKE-L5,decap,1024,1,0.0,1,0,1,ip-172-31-43-26,linux,0,182.2477,5.49,KEM,True,2025-11-21T22:09:07.640617,,258
BIKE-L5,decap,1024,1,0.0,1,0,1,ip-172-31-43-26,linux,0,182.2058,5.49,KEM,True,2025-11-21T22:09:07.822894,,259
BIKE-L5,decap,1024,1,0.0,1,0,1,ip-172-31-43-26,linux,0,182.2558,5.49,KEM,True,2025-11-21T22:09:08.005219,,260
BIKE-L5,decap,1024,16,0.0,1,0,1,ip-172-31-43-26,linux,0,182.2342,5.49,KEM,True,2025-11-21T22:09:08.187529,,261
BIKE-L5,decap,1024,16,0.0,1,0,1,ip-172-31-43-26,linux,0,182.2227,5.49,KEM,True,2025-11-21T22:09:08.369821,,262
BIKE-L5,decap,1024,16,0.0,1,0,1,ip-172-31-43-26,linux,0,182.2439,5.49,KEM,True,2025-11-21T22:09:08.552131,,263
BIKE-L5,decap,1024,16,0.0,1,0,1,ip-172-31-43-26,linux,0,182.2514,5.49,KEM,True,2025-11-21T22:09:08.734449,,264
BIKE-L5,decap,1024,16,0.0,1,0,1,ip-172-31-43-26,linux,0,182.2851,5.49,KEM,True,2025-11-21T22:09:08.916805,,265
BIKE-L5,decap,1024,64,0.0,1,0,1,ip-172-31-43-26,linux,0,182.2572,5.49,KEM,True,2025-11-21T22:09:09.099136,,266
BIKE-L5,decap,1024,64,0.0,1,0,1,ip-172-31-43-26,linux,0,182.3005,5.49,KEM,True,2025-11-21T22:09:09.281509,,267
BIKE-L5,decap,1024,64,0.0,1,0,1,ip-172-31-43-26,linux,0,182.2444,5.49,KEM,True,2025-11-21T22:09:09.463828,,268
BIKE-L5,decap,1024,64,0.0,1,0,1,ip-172-31-43-26,linux,0,182.2843,5.49,KEM,True,2025-11-21T22:09:09.646184,,269
BIKE-L5,decap,1024,64,0.0,1,0,1,ip-172-31-43-26,linux,0,182.2454,5.49,KEM,True,2025-11-21T22:09:09.828505,,270
Classic-McEliece-348864,keygen,0,1,0.0,1,0,1,ip-172-31-43-26,linux,0,46.1753,21.66,KEM,True,2025-11-21T22:09:09.874799,,271
Classic-McEliece-348864,keygen,0,1,0.0,1,0,1,ip-172-31-43-26,linux,0,66.2627,15.09,KEM,True,2025-11-21T22:09:09.941214,,272
Classic-McEliece-348864,keygen,0,1,0.0,1,0,1,ip-172-31-43-26,linux,0,66.1932,15.11,KEM,True,2025-11-21T22:09:10.007555,,273
Classic-McEliece-348864,keygen,0,1,0.0,1,0,1,ip-172-31-43-26,linux,0,106.832,9.36,KEM,True,2025-11-21T22:09:10.114532,,274
Classic-McEliece-348864,keygen,0,1,0.0,1,0,1,ip-172-31-43-26,linux,0,167.767,5.96,KEM,True,2025-11-21T22:09:10.282449,,275
Classic-McEliece-348864,keygen,0,16,0.0,1,0,1,ip-172-31-43-26,linux,0,106.7089,9.37,KEM,True,2025-11-21T22:09:10.389300,,276
Classic-McEliece-348864,keygen,0,16,0.0,1,0,1,ip-172-31-43-26,linux,0,45.8444,21.81,KEM,True,2025-11-21T22:09:10.435286,,277
Classic-McEliece-348864,keygen,0,16,0.0,1,0,1,ip-172-31-43-26,linux,0,66.1796,15.11,KEM,True,2025-11-21T22:09:10.501608,,278
Classic-McEliece-348864,keygen,0,16,0.0,1,0,1,ip-172-31-43-26,linux,0,106.7931,9.36,KEM,True,2025-11-21T22:09:10.608548,,279
Classic-McEliece-348864,keygen,0,16,0.0,1,0,1,ip-172-31-43-26,linux,0,66.0768,15.13,KEM,True,2025-11-21T22:09:10.674767,,280
Classic-McEliece-348864,keygen,0,64,0.0,1,0,1,ip-172-31-43-26,linux,0,106.8354,9.36,KEM,True,2025-11-21T22:09:10.781746,,281
Classic-McEliece-348864,keygen,0,64,0.0,1,0,1,ip-172-31-43-26,linux,0,86.5126,11.56,KEM,True,2025-11-21T22:09:10.868399,,282
Classic-McEliece-348864,keygen,0,64,0.0,1,0,1,ip-172-31-43-26,linux,0,45.8282,21.82,KEM,True,2025-11-21T22:09:10.914371,,283
Classic-McEliece-348864,keygen,0,64,0.0,1,0,1,ip-172-31-43-26,linux,0,86.475,11.56,KEM,True,2025-11-21T22:09:11.000989,,284
Classic-McEliece-348864,keygen,0,64,0.0,1,0,1,ip-172-31-43-26,linux,0,45.8497,21.81,KEM,True,2025-11-21T22:09:11.046983,,285
Classic-McEliece-348864,keygen,1024,1,0.0,1,0,1,ip-172-31-43-26,linux,0,45.8571,21.81,KEM,True,2025-11-21T22:09:11.092983,,286
Classic-McEliece-348864,keygen,1024,1,0.0,1,0,1,ip-172-31-43-26,linux,0,45.8613,21.8,KEM,True,2025-11-21T22:09:11.138983,,287
Classic-McEliece-348864,keygen,1024,1,0.0,1,0,1,ip-172-31-43-26,linux,0,147.4697,6.78,KEM,True,2025-11-21T22:09:11.286592,,288
Classic-McEliece-348864,keygen,1024,1,0.0,1,0,1,ip-172-31-43-26,linux,0,106.805,9.36,KEM,True,2025-11-21T22:09:11.393537,,289
Classic-McEliece-348864,keygen,1024,1,0.0,1,0,1,ip-172-31-43-26,linux,0,45.8739,21.8,KEM,True,2025-11-21T22:09:11.439552,,290
Classic-McEliece-348864,keygen,1024,16,0.0,1,0,1,ip-172-31-43-26,linux,0,269.2508,3.71,KEM,True,2025-11-21T22:09:11.708947,,291
Classic-McEliece-348864,keygen,1024,16,0.0,1,0,1,ip-172-31-43-26,linux,0,127.1735,7.86,KEM,True,2025-11-21T22:09:11.836265,,292
Classic-McEliece-348864,keygen,1024,16,0.0,1,0,1,ip-172-31-43-26,linux,0,66.2378,15.1,KEM,True,2025-11-21T22:09:11.902650,,293
Classic-McEliece-348864,keygen,1024,16,0.0,1,0,1,ip-172-31-43-26,linux,0,45.8585,21.81,KEM,True,2025-11-21T22:09:11.948654,,294
Classic-McEliece-348864,keygen,1024,16,0.0,1,0,1,ip-172-31-43-26,linux,0,66.2089,15.1,KEM,True,2025-11-21T22:09:12.015036,,295
Classic-McEliece-348864,keygen,1024,64,0.0,1,0,1,ip-172-31-43-26,linux,0,66.2014,15.11,KEM,True,2025-11-21T22:09:12.081394,,296
Classic-McEliece-348864,keygen,1024,64,0.0,1,0,1,ip-172-31-43-26,linux,0,45.855,21.81,KEM,True,2025-11-21T22:09:12.127392,,297
Classic-McEliece-348864,keygen,1024,64,0.0,1,0,1,ip-172-31-43-26,linux,0,188.0846,5.32,KEM,True,2025-11-21T22:09:12.315618,,298
Classic-McEliece-348864,keygen,1024,64,0.0,1,0,1,ip-172-31-43-26,linux,0,45.8749,21.8,KEM,True,2025-11-21T22:09:12.361636,,299
Classic-McEliece-348864,keygen,1024,64,0.0,1,0,1,ip-172-31-43-26,linux,0,188.0863,5.32,KEM,True,2025-11-21T22:09:12.549862,,300
Classic-McEliece-348864,encap,0,1,0.0,1,0,1,ip-172-31-43-26,linux,0,106.9263,9.35,KEM,True,2025-11-21T22:09:12.656938,,301
Classic-McEliece-348864,encap,0,1,0.0,1,0,1,ip-172-31-43-26,linux,0,147.6023,6.77,KEM,True,2025-11-21T22:09:12.804681,,302
Classic-McEliece-348864,encap,0,1,0.0,1,0,1,ip-172-31-43-26,linux,0,86.6051,11.55,KEM,True,2025-11-21T22:09:12.891435,,303
Classic-McEliece-348864,encap,0,1,0.0,1,0,1,ip-172-31-43-26,linux,0,66.282,15.09,KEM,True,2025-11-21T22:09:12.957865,,304
Classic-McEliece-348864,encap,0,1,0.0,1,0,1,ip-172-31-43-26,linux,0,86.6568,11.54,KEM,True,2025-11-21T22:09:13.044666,,305
Classic-McEliece-348864,encap,0,16,0.0,1,0,1,ip-172-31-43-26,linux,0,208.4392,4.8,KEM,True,2025-11-21T22:09:13.253259,,306
Classic-McEliece-348864,encap,0,16,0.0,1,0,1,ip-172-31-43-26,linux,0,127.2115,7.86,KEM,True,2025-11-21T22:09:13.380616,,307
Classic-McEliece-348864,encap,0,16,0.0,1,0,1,ip-172-31-43-26,linux,0,208.3735,4.8,KEM,True,2025-11-21T22:09:13.589148,,308
Classic-McEliece-348864,encap,0,16,0.0,1,0,1,ip-172-31-43-26,linux,0,45.9438,21.77,KEM,True,2025-11-21T22:09:13.635242,,309
Classic-McEliece-348864,encap,0,16,0.0,1,0,1,ip-172-31-43-26,linux,0,45.8738,21.8,KEM,True,2025-11-21T22:09:13.681256,,310
Classic-McEliece-348864,encap,0,64,0.0,1,0,1,ip-172-31-43-26,linux,0,66.3296,15.08,KEM,True,2025-11-21T22:09:13.747729,,311
Classic-McEliece-348864,encap,0,64,0.0,1,0,1,ip-172-31-43-26,linux,0,127.3381,7.85,KEM,True,2025-11-21T22:09:13.875214,,312
Classic-McEliece-348864,encap,0,64,0.0,1,0,1,ip-172-31-43-26,linux,0,45.9644,21.76,KEM,True,2025-11-21T22:09:13.921330,,313
Classic-McEliece-348864,encap,0,64,0.0,1,0,1,ip-172-31-43-26,linux,0,86.5384,11.56,KEM,True,2025-11-21T22:09:14.008011,,314
Classic-McEliece-348864,encap,0,64,0.0,1,0,1,ip-172-31-43-26,linux,0,66.2867,15.09,KEM,True,2025-11-21T22:09:14.074445,,315
Classic-McEliece-348864,encap,1024,1,0.0,1,0,1,ip-172-31-43-26,linux,0,66.2904,15.09,KEM,True,2025-11-21T22:09:14.140880,,316
Classic-McEliece-348864,encap,1024,1,0.0,1,0,1,ip-172-31-43-26,linux,0,66.2366,15.1,KEM,True,2025-11-21T22:09:14.207263,,317
Classic-McEliece-348864,encap,1024,1,0.0,1,0,1,ip-172-31-43-26,linux,0,66.2387,15.1,KEM,True,2025-11-21T22:09:14.273642,,318
Classic-McEliece-348864,encap,1024,1,0.0,1,0,1,ip-172-31-43-26,linux,0,45.9565,21.76,KEM,True,2025-11-21T22:09:14.319741,,319
Classic-McEliece-348864,encap,1024,1,0.0,1,0,1,ip-172-31-43-26,linux,0,66.2622,15.09,KEM,True,2025-11-21T22:09:14.386166,,320
Classic-McEliece-348864,encap,1024,16,0.0,1,0,1,ip-172-31-43-26,linux,0,66.2758,15.09,KEM,True,2025-11-21T22:09:14.452583,,321
Classic-McEliece-348864,encap,1024,16,0.0,1,0,1,ip-172-31-43-26,linux,0,66.2371,15.1,KEM,True,2025-11-21T22:09:14.518961,,322
Classic-McEliece-348864,encap,1024,16,0.0,1,0,1,ip-172-31-43-26,linux,0,66.2175,15.1,KEM,True,2025-11-21T22:09:14.585325,,323
Classic-McEliece-348864,encap,1024,16,0.0,1,0,1,ip-172-31-43-26,linux,0,86.5638,11.55,KEM,True,2025-11-21T22:09:14.672033,,324
Classic-McEliece-348864,encap,1024,16,0.0,1,0,1,ip-172-31-43-26,linux,0,45.9348,21.77,KEM,True,2025-11-21T22:09:14.718136,,325
Classic-McEliece-348864,encap,1024,64,0.0,1,0,1,ip-172-31-43-26,linux,0,86.6203,11.54,KEM,True,2025-11-21T22:09:14.804895,,326
Classic-McEliece-348864,encap,1024,64,0.0,1,0,1,ip-172-31-43-26,linux,0,45.948,21.76,KEM,True,2025-11-21T22:09:14.850986,,327
Classic-McEliece-348864,encap,1024,64,0.0,1,0,1,ip-172-31-43-26,linux,0,106.913,9.35,KEM,True,2025-11-21T22:09:14.958042,,328
Classic-McEliece-348864,encap,1024,64,0.0,1,0,1,ip-172-31-43-26,linux,0,45.9497,21.76,KEM,True,2025-11-21T22:09:15.004171,,329
Classic-McEliece-348864,encap,1024,64,0.0,1,0,1,ip-172-31-43-26,linux,0,127.3033,7.86,KEM,True,2025-11-21T22:09:15.131617,,330
Classic-McEliece-348864,decap,0,1,0.0,1,0,1,ip-172-31-43-26,linux,0,68.1045,14.68,KEM,True,2025-11-21T22:09:15.199888,,331
Classic-McEliece-348864,decap,0,1,0.0,1,0,1,ip-172-31-43-26,linux,0,129.0791,7.75,KEM,True,2025-11-21T22:09:15.329127,,332
Classic-McEliece-348864,decap,0,1,0.0,1,0,1,ip-172-31-43-26,linux,0,88.4455,11.31,KEM,True,2025-11-21T22:09:15.417731,,333
Classic-McEliece-348864,decap,0,1,0.0,1,0,1,ip-172-31-43-26,linux,0,149.4193,6.69,KEM,True,2025-11-21T22:09:15.567309,,334
Classic-McEliece-348864,decap,0,1,0.0,1,0,1,ip-172-31-43-26,linux,0,68.1345,14.68,KEM,True,2025-11-21T22:09:15.635600,,335
Classic-McEliece-348864,decap,0,16,0.0,1,0,1,ip-172-31-43-26,linux,0,88.4432,11.31,KEM,True,2025-11-21T22:09:15.724198,,336
Classic-McEliece-348864,decap,0,16,0.0,1,0,1,ip-172-31-43-26,linux,0,68.1106,14.68,KEM,True,2025-11-21T22:09:15.792464,,337
Classic-McEliece-348864,decap,0,16,0.0,1,0,1,ip-172-31-43-26,linux,0,250.9576,3.98,KEM,True,2025-11-21T22:09:16.043572,,338
Classic-McEliece-348864,decap,0,16,0.0,1,0,1,ip-172-31-43-26,linux,0,128.9644,7.75,KEM,True,2025-11-21T22:09:16.172696,,339
Classic-McEliece-348864,decap,0,16,0.0,1,0,1,ip-172-31-43-26,linux,0,129.0568,7.75,KEM,True,2025-11-21T22:09:16.301916,,340
Classic-McEliece-348864,decap,0,64,0.0,1,0,1,ip-172-31-43-26,linux,0,88.4509,11.31,KEM,True,2025-11-21T22:09:16.390527,,341
Classic-McEliece-348864,decap,0,64,0.0,1,0,1,ip-172-31-43-26,linux,0,68.1169,14.68,KEM,True,2025-11-21T22:09:16.458794,,342
Classic-McEliece-348864,decap,0,64,0.0,1,0,1,ip-172-31-43-26,linux,0,68.09,14.69,KEM,True,2025-11-21T22:09:16.527041,,343
Classic-McEliece-348864,decap,0,64,0.0,1,0,1,ip-172-31-43-26,linux,0,108.6565,9.2,KEM,True,2025-11-21T22:09:16.635851,,344
Classic-McEliece-348864,decap,0,64,0.0,1,0,1,ip-172-31-43-26,linux,0,169.5465,5.9,KEM,True,2025-11-21T22:09:16.805552,,345
Classic-McEliece-348864,decap,1024,1,0.0,1,0,1,ip-172-31-43-26,linux,0,189.8975,5.27,KEM,True,2025-11-21T22:09:16.995608,,346
Classic-McEliece-348864,decap,1024,1,0.0,1,0,1,ip-172-31-43-26,linux,0,129.0909,7.75,KEM,True,2025-11-21T22:09:17.124856,,347
Classic-McEliece-348864,decap,1024,1,0.0,1,0,1,ip-172-31-43-26,linux,0,68.171,14.67,KEM,True,2025-11-21T22:09:17.193189,,348
Classic-McEliece-348864,decap,1024,1,0.0,1,0,1,ip-172-31-43-26,linux,0,68.1172,14.68,KEM,True,2025-11-21T22:09:17.261457,,349
Classic-McEliece-348864,decap,1024,1,0.0,1,0,1,ip-172-31-43-26,linux,0,129.0395,7.75,KEM,True,2025-11-21T22:09:17.390650,,350
Classic-McEliece-348864,decap,1024,16,0.0,1,0,1,ip-172-31-43-26,linux,0,108.7063,9.2,KEM,True,2025-11-21T22:09:17.499511,,351
Classic-McEliece-348864,decap,1024,16,0.0,1,0,1,ip-172-31-43-26,linux,0,68.0921,14.69,KEM,True,2025-11-21T22:09:17.567755,,352
Classic-McEliece-348864,decap,1024,16,0.0,1,0,1,ip-172-31-43-26,linux,0,68.0913,14.69,KEM,True,2025-11-21T22:09:17.636002,,353
Classic-McEliece-348864,decap,1024,16,0.0,1,0,1,ip-172-31-43-26,linux,0,169.595,5.9,KEM,True,2025-11-21T22:09:17.805742,,354
Classic-McEliece-348864,decap,1024,16,0.0,1,0,1,ip-172-31-43-26,linux,0,68.1393,14.68,KEM,True,2025-11-21T22:09:17.874036,,355
Classic-McEliece-348864,decap,1024,64,0.0,1,0,1,ip-172-31-43-26,linux,0,88.4275,11.31,KEM,True,2025-11-21T22:09:17.962631,,356
Classic-McEliece-348864,decap,1024,64,0.0,1,0,1,ip-172-31-43-26,linux,0,108.7284,9.2,KEM,True,2025-11-21T22:09:18.071517,,357
Classic-McEliece-348864,decap,1024,64,0.0,1,0,1,ip-172-31-43-26,linux,0,129.0388,7.75,KEM,True,2025-11-21T22:09:18.200717,,358
Classic-McEliece-348864,decap,1024,64,0.0,1,0,1,ip-172-31-43-26,linux,0,108.6851,9.2,KEM,True,2025-11-21T22:09:18.309592,,359
Classic-McEliece-348864,decap,1024,64,0.0,1,0,1,ip-172-31-43-26,linux,0,129.0287,7.75,KEM,True,2025-11-21T22:09:18.438775,,360
Classic-McEliece-348864f,keygen,0,1,0.0,1,0,1,ip-172-31-43-26,linux,0,45.9743,21.75,KEM,True,2025-11-21T22:09:18.484905,,361
Classic-McEliece-348864f,keygen,0,1,0.0,1,0,1,ip-172-31-43-26,linux,0,45.8565,21.81,KEM,True,2025-11-21T22:09:18.530905,,362
Classic-McEliece-348864f,keygen,0,1,0.0,1,0,1,ip-172-31-43-26,linux,0,45.846,21.81,KEM,True,2025-11-21T22:09:18.576887,,363
Classic-McEliece-348864f,keygen,0,1,0.0,1,0,1,ip-172-31-43-26,linux,0,45.8795,21.8,KEM,True,2025-11-21T22:09:18.622901,,364
Classic-McEliece-348864f,keygen,0,1,0.0,1,0,1,ip-172-31-43-26,linux,0,45.8396,21.82,KEM,True,2025-11-21T22:09:18.668881,,365
Classic-McEliece-348864f,keygen,0,16,0.0,1,0,1,ip-172-31-43-26,linux,0,45.8366,21.82,KEM,True,2025-11-21T22:09:18.714857,,366
Classic-McEliece-348864f,keygen,0,16,0.0,1,0,1,ip-172-31-43-26,linux,0,45.8305,21.82,KEM,True,2025-11-21T22:09:18.760826,,367
Classic-McEliece-348864f,keygen,0,16,0.0,1,0,1,ip-172-31-43-26,linux,0,45.8747,21.8,KEM,True,2025-11-21T22:09:18.806840,,368
Classic-McEliece-348864f,keygen,0,16,0.0,1,0,1,ip-172-31-43-26,linux,0,45.85,21.81,KEM,True,2025-11-21T22:09:18.852828,,369
Classic-McEliece-348864f,keygen,0,16,0.0,1,0,1,ip-172-31-43-26,linux,0,45.9161,21.78,KEM,True,2025-11-21T22:09:18.898880,,370
Classic-McEliece-348864f,keygen,0,64,0.0,1,0,1,ip-172-31-43-26,linux,0,45.8633,21.8,KEM,True,2025-11-21T22:09:18.944887,,371
Classic-McEliece-348864f,keygen,0,64,0.0,1,0,1,ip-172-31-43-26,linux,0,45.8184,21.83,KEM,True,2025-11-21T22:09:18.990846,,372
Classic-McEliece-348864f,keygen,0,64,0.0,1,0,1,ip-172-31-43-26,linux,0,45.8207,21.82,KEM,True,2025-11-21T22:09:19.036809,,373
Classic-McEliece-348864f,keygen,0,64,0.0,1,0,1,ip-172-31-43-26,linux,0,45.8257,21.82,KEM,True,2025-11-21T22:09:19.082769,,374
Classic-McEliece-348864f,keygen,0,64,0.0,1,0,1,ip-172-31-43-26,linux,0,45.8393,21.82,KEM,True,2025-11-21T22:09:19.128742,,375
Classic-McEliece-348864f,keygen,1024,1,0.0,1,0,1,ip-172-31-43-26,linux,0,45.868,21.8,KEM,True,2025-11-21T22:09:19.174749,,376
Classic-McEliece-348864f,keygen,1024,1,0.0,1,0,1,ip-172-31-43-26,linux,0,45.7986,21.83,KEM,True,2025-11-21T22:09:19.220680,,377
Classic-McEliece-348864f,keygen,1024,1,0.0,1,0,1,ip-172-31-43-26,linux,0,45.8138,21.83,KEM,True,2025-11-21T22:09:19.266630,,378
Classic-McEliece-348864f,keygen,1024,1,0.0,1,0,1,ip-172-31-43-26,linux,0,45.7934,21.84,KEM,True,2025-11-21T22:09:19.312556,,379
Classic-McEliece-348864f,keygen,1024,1,0.0,1,0,1,ip-172-31-43-26,linux,0,45.8515,21.81,KEM,True,2025-11-21T22:09:19.358547,,380
Classic-McEliece-348864f,keygen,1024,16,0.0,1,0,1,ip-172-31-43-26,linux,0,45.8546,21.81,KEM,True,2025-11-21T22:09:19.404542,,381
Classic-McEliece-348864f,keygen,1024,16,0.0,1,0,1,ip-172-31-43-26,linux,0,45.8276,21.82,KEM,True,2025-11-21T22:09:19.450507,,382
Classic-McEliece-348864f,keygen,1024,16,0.0,1,0,1,ip-172-31-43-26,linux,0,45.8351,21.82,KEM,True,2025-11-21T22:09:19.496480,,383
Classic-McEliece-348864f,keygen,1024,16,0.0,1,0,1,ip-172-31-43-26,linux,0,45.8621,21.8,KEM,True,2025-11-21T22:09:19.542478,,384
Classic-McEliece-348864f,keygen,1024,16,0.0,1,0,1,ip-172-31-43-26,linux,0,45.8653,21.8,KEM,True,2025-11-21T22:09:19.588480,,385
Classic-McEliece-348864f,keygen,1024,64,0.0,1,0,1,ip-172-31-43-26,linux,0,45.8163,21.83,KEM,True,2025-11-21T22:09:19.634436,,386
Classic-McEliece-348864f,keygen,1024,64,0.0,1,0,1,ip-172-31-43-26,linux,0,45.8125,21.83,KEM,True,2025-11-21T22:09:19.680381,,387
Classic-McEliece-348864f,keygen,1024,64,0.0,1,0,1,ip-172-31-43-26,linux,0,45.8298,21.82,KEM,True,2025-11-21T22:09:19.726348,,388
Classic-McEliece-348864f,keygen,1024,64,0.0,1,0,1,ip-172-31-43-26,linux,0,45.8741,21.8,KEM,True,2025-11-21T22:09:19.772358,,389
Classic-McEliece-348864f,keygen,1024,64,0.0,1,0,1,ip-172-31-43-26,linux,0,45.8452,21.81,KEM,True,2025-11-21T22:09:19.818344,,390
Classic-McEliece-348864f,encap,0,1,0.0,1,0,1,ip-172-31-43-26,linux,0,45.9532,21.76,KEM,True,2025-11-21T22:09:19.864441,,391
Classic-McEliece-348864f,encap,0,1,0.0,1,0,1,ip-172-31-43-26,linux,0,45.9305,21.77,KEM,True,2025-11-21T22:09:19.910512,,392
Classic-McEliece-348864f,encap,0,1,0.0,1,0,1,ip-172-31-43-26,linux,0,45.9098,21.78,KEM,True,2025-11-21T22:09:19.956558,,393
Classic-McEliece-348864f,encap,0,1,0.0,1,0,1,ip-172-31-43-26,linux,0,45.9213,21.78,KEM,True,2025-11-21T22:09:20.002616,,394
Classic-McEliece-348864f,encap,0,1,0.0,1,0,1,ip-172-31-43-26,linux,0,45.9326,21.77,KEM,True,2025-11-21T22:09:20.048684,,395
Classic-McEliece-348864f,encap,0,16,0.0,1,0,1,ip-172-31-43-26,linux,0,45.9365,21.77,KEM,True,2025-11-21T22:09:20.094764,,396
Classic-McEliece-348864f,encap,0,16,0.0,1,0,1,ip-172-31-43-26,linux,0,46.0641,21.71,KEM,True,2025-11-21T22:09:20.140969,,397
Classic-McEliece-348864f,encap,0,16,0.0,1,0,1,ip-172-31-43-26,linux,0,45.9551,21.76,KEM,True,2025-11-21T22:09:20.187071,,398
Classic-McEliece-348864f,encap,0,16,0.0,1,0,1,ip-172-31-43-26,linux,0,45.9197,21.78,KEM,True,2025-11-21T22:09:20.233157,,399
Classic-McEliece-348864f,encap,0,16,0.0,1,0,1,ip-172-31-43-26,linux,0,45.907,21.78,KEM,True,2025-11-21T22:09:20.279208,,400
Classic-McEliece-348864f,encap,0,64,0.0,1,0,1,ip-172-31-43-26,linux,0,45.9576,21.76,KEM,True,2025-11-21T22:09:20.325300,,401
Classic-McEliece-348864f,encap,0,64,0.0,1,0,1,ip-172-31-43-26,linux,0,45.9092,21.78,KEM,True,2025-11-21T22:09:20.371342,,402
Classic-McEliece-348864f,encap,0,64,0.0,1,0,1,ip-172-31-43-26,linux,0,45.9006,21.79,KEM,True,2025-11-21T22:09:20.417382,,403
Classic-McEliece-348864f,encap,0,64,0.0,1,0,1,ip-172-31-43-26,linux,0,45.9189,21.78,KEM,True,2025-11-21T22:09:20.463436,,404
Classic-McEliece-348864f,encap,0,64,0.0,1,0,1,ip-172-31-43-26,linux,0,45.8891,21.79,KEM,True,2025-11-21T22:09:20.509462,,405
Classic-McEliece-348864f,encap,1024,1,0.0,1,0,1,ip-172-31-43-26,linux,0,45.9417,21.77,KEM,True,2025-11-21T22:09:20.555539,,406
Classic-McEliece-348864f,encap,1024,1,0.0,1,0,1,ip-172-31-43-26,linux,0,45.8804,21.8,KEM,True,2025-11-21T22:09:20.601557,,407
Classic-McEliece-348864f,encap,1024,1,0.0,1,0,1,ip-172-31-43-26,linux,0,45.9214,21.78,KEM,True,2025-11-21T22:09:20.647610,,408
Classic-McEliece-348864f,encap,1024,1,0.0,1,0,1,ip-172-31-43-26,linux,0,45.8802,21.8,KEM,True,2025-11-21T22:09:20.693619,,409
Classic-McEliece-348864f,encap,1024,1,0.0,1,0,1,ip-172-31-43-26,linux,0,45.8822,21.79,KEM,True,2025-11-21T22:09:20.739630,,410
Classic-McEliece-348864f,encap,1024,16,0.0,1,0,1,ip-172-31-43-26,linux,0,45.958,21.76,KEM,True,2025-11-21T22:09:20.785727,,411
Classic-McEliece-348864f,encap,1024,16,0.0,1,0,1,ip-172-31-43-26,linux,0,45.8688,21.8,KEM,True,2025-11-21T22:09:20.831729,,412
Classic-McEliece-348864f,encap,1024,16,0.0,1,0,1,ip-172-31-43-26,linux,0,45.9994,21.74,KEM,True,2025-11-21T22:09:20.877861,,413
Classic-McEliece-348864f,encap,1024,16,0.0,1,0,1,ip-172-31-43-26,linux,0,45.9351,21.77,KEM,True,2025-11-21T22:09:20.923938,,414
Classic-McEliece-348864f,encap,1024,16,0.0,1,0,1,ip-172-31-43-26,linux,0,45.9691,21.75,KEM,True,2025-11-21T22:09:20.970044,,415
Classic-McEliece-348864f,encap,1024,64,0.0,1,0,1,ip-172-31-43-26,linux,0,45.9999,21.74,KEM,True,2025-11-21T22:09:21.016197,,416
Classic-McEliece-348864f,encap,1024,64,0.0,1,0,1,ip-172-31-43-26,linux,0,45.9226,21.78,KEM,True,2025-11-21T22:09:21.062267,,417
Classic-McEliece-348864f,encap,1024,64,0.0,1,0,1,ip-172-31-43-26,linux,0,45.989,21.74,KEM,True,2025-11-21T22:09:21.108396,,418
Classic-McEliece-348864f,encap,1024,64,0.0,1,0,1,ip-172-31-43-26,linux,0,45.981,21.75,KEM,True,2025-11-21T22:09:21.154521,,419
Classic-McEliece-348864f,encap,1024,64,0.0,1,0,1,ip-172-31-43-26,linux,0,45.9819,21.75,KEM,True,2025-11-21T22:09:21.200641,,420
Classic-McEliece-348864f,decap,0,1,0.0,1,0,1,ip-172-31-43-26,linux,0,68.1596,14.67,KEM,True,2025-11-21T22:09:21.268961,,421
Classic-McEliece-348864f,decap,0,1,0.0,1,0,1,ip-172-31-43-26,linux,0,68.1165,14.68,KEM,True,2025-11-21T22:09:21.337228,,422
Classic-McEliece-348864f,decap,0,1,0.0,1,0,1,ip-172-31-43-26,linux,0,68.1428,14.68,KEM,True,2025-11-21T22:09:21.405548,,423
Classic-McEliece-348864f,decap,0,1,0.0,1,0,1,ip-172-31-43-26,linux,0,68.1178,14.68,KEM,True,2025-11-21T22:09:21.473815,,424
Classic-McEliece-348864f,decap,0,1,0.0,1,0,1,ip-172-31-43-26,linux,0,68.1858,14.67,KEM,True,2025-11-21T22:09:21.542163,,425
Classic-McEliece-348864f,decap,0,16,0.0,1,0,1,ip-172-31-43-26,linux,0,68.1321,14.68,KEM,True,2025-11-21T22:09:21.610448,,426
Classic-McEliece-348864f,decap,0,16,0.0,1,0,1,ip-172-31-43-26,linux,0,68.1317,14.68,KEM,True,2025-11-21T22:09:21.678731,,427
Classic-McEliece-348864f,decap,0,16,0.0,1,0,1,ip-172-31-43-26,linux,0,68.1342,14.68,KEM,True,2025-11-21T22:09:21.747016,,428
Classic-McEliece-348864f,decap,0,16,0.0,1,0,1,ip-172-31-43-26,linux,0,68.1677,14.67,KEM,True,2025-11-21T22:09:21.815333,,429
Classic-McEliece-348864f,decap,0,16,0.0,1,0,1,ip-172-31-43-26,linux,0,68.1863,14.67,KEM,True,2025-11-21T22:09:21.883670,,430
Classic-McEliece-348864f,decap,0,64,0.0,1,0,1,ip-172-31-43-26,linux,0,68.2442,14.65,KEM,True,2025-11-21T22:09:21.952071,,431
Classic-McEliece-348864f,decap,0,64,0.0,1,0,1,ip-172-31-43-26,linux,0,68.1217,14.68,KEM,True,2025-11-21T22:09:22.020355,,432
Classic-McEliece-348864f,decap,0,64,0.0,1,0,1,ip-172-31-43-26,linux,0,68.1401,14.68,KEM,True,2025-11-21T22:09:22.088646,,433
Classic-McEliece-348864f,decap,0,64,0.0,1,0,1,ip-172-31-43-26,linux,0,68.11,14.68,KEM,True,2025-11-21T22:09:22.156906,,434
Classic-McEliece-348864f,decap,0,64,0.0,1,0,1,ip-172-31-43-26,linux,0,68.1377,14.68,KEM,True,2025-11-21T22:09:22.225197,,435
Classic-McEliece-348864f,decap,1024,1,0.0,1,0,1,ip-172-31-43-26,linux,0,68.0933,14.69,KEM,True,2025-11-21T22:09:22.293443,,436
Classic-McEliece-348864f,decap,1024,1,0.0,1,0,1,ip-172-31-43-26,linux,0,68.1292,14.68,KEM,True,2025-11-21T22:09:22.361718,,437
Classic-McEliece-348864f,decap,1024,1,0.0,1,0,1,ip-172-31-43-26,linux,0,68.129,14.68,KEM,True,2025-11-21T22:09:22.429990,,438
Classic-McEliece-348864f,decap,1024,1,0.0,1,0,1,ip-172-31-43-26,linux,0,68.1312,14.68,KEM,True,2025-11-21T22:09:22.498274,,439
Classic-McEliece-348864f,decap,1024,1,0.0,1,0,1,ip-172-31-43-26,linux,0,68.0984,14.68,KEM,True,2025-11-21T22:09:22.566520,,440
Classic-McEliece-348864f,decap,1024,16,0.0,1,0,1,ip-172-31-43-26,linux,0,68.1218,14.68,KEM,True,2025-11-21T22:09:22.634786,,441
Classic-McEliece-348864f,decap,1024,16,0.0,1,0,1,ip-172-31-43-26,linux,0,68.1174,14.68,KEM,True,2025-11-21T22:09:22.703048,,442
Classic-McEliece-348864f,decap,1024,16,0.0,1,0,1,ip-172-31-43-26,linux,0,68.1366,14.68,KEM,True,2025-11-21T22:09:22.771346,,443
Classic-McEliece-348864f,decap,1024,16,0.0,1,0,1,ip-172-31-43-26,linux,0,68.0854,14.69,KEM,True,2025-11-21T22:09:22.839582,,444
Classic-McEliece-348864f,decap,1024,16,0.0,1,0,1,ip-172-31-43-26,linux,0,68.1428,14.68,KEM,True,2025-11-21T22:09:22.907875,,445
Classic-McEliece-348864f,decap,1024,64,0.0,1,0,1,ip-172-31-43-26,linux,0,68.1283,14.68,KEM,True,2025-11-21T22:09:22.976164,,446
Classic-McEliece-348864f,decap,1024,64,0.0,1,0,1,ip-172-31-43-26,linux,0,68.152,14.67,KEM,True,2025-11-21T22:09:23.044466,,447
Classic-McEliece-348864f,decap,1024,64,0.0,1,0,1,ip-172-31-43-26,linux,0,68.1608,14.67,KEM,True,2025-11-21T22:09:23.112780,,448
Classic-McEliece-348864f,decap,1024,64,0.0,1,0,1,ip-172-31-43-26,linux,0,68.1712,14.67,KEM,True,2025-11-21T22:09:23.181107,,449
Classic-McEliece-348864f,decap,1024,64,0.0,1,0,1,ip-172-31-43-26,linux,0,68.1403,14.68,KEM,True,2025-11-21T22:09:23.249398,,450
Classic-McEliece-460896,keygen,0,1,0.0,1,0,1,ip-172-31-43-26,linux,0,132.8589,7.53,KEM,True,2025-11-21T22:09:23.382412,,451
Classic-McEliece-460896,keygen,0,1,0.0,1,0,1,ip-172-31-43-26,linux,0,499.5838,2.0,KEM,True,2025-11-21T22:09:23.882236,,452
Classic-McEliece-460896,keygen,0,1,0.0,1,0,1,ip-172-31-43-26,linux,0,193.7024,5.16,KEM,True,2025-11-21T22:09:24.076177,,453
Classic-McEliece-460896,keygen,0,1,0.0,1,0,1,ip-172-31-43-26,linux,0,438.2721,2.28,KEM,True,2025-11-21T22:09:24.514665,,454
Classic-McEliece-460896,keygen,0,1,0.0,1,0,1,ip-172-31-43-26,linux,0,193.5652,5.17,KEM,True,2025-11-21T22:09:24.708453,,455
Classic-McEliece-460896,keygen,0,16,0.0,1,0,1,ip-172-31-43-26,linux,0,132.498,7.55,KEM,True,2025-11-21T22:09:24.841193,,456
Classic-McEliece-460896,keygen,0,16,0.0,1,0,1,ip-172-31-43-26,linux,0,683.2197,1.46,KEM,True,2025-11-21T22:09:25.524624,,457
Classic-McEliece-460896,keygen,0,16,0.0,1,0,1,ip-172-31-43-26,linux,0,254.8812,3.92,KEM,True,2025-11-21T22:09:25.779736,,458
Classic-McEliece-460896,keygen,0,16,0.0,1,0,1,ip-172-31-43-26,linux,0,622.4586,1.61,KEM,True,2025-11-21T22:09:26.402414,,459
Classic-McEliece-460896,keygen,0,16,0.0,1,0,1,ip-172-31-43-26,linux,0,316.2804,3.16,KEM,True,2025-11-21T22:09:26.718909,,460
Classic-McEliece-460896,keygen,0,64,0.0,1,0,1,ip-172-31-43-26,linux,0,316.106,3.16,KEM,True,2025-11-21T22:09:27.035249,,461
Classic-McEliece-460896,keygen,0,64,0.0,1,0,1,ip-172-31-43-26,linux,0,377.0527,2.65,KEM,True,2025-11-21T22:09:27.412515,,462
Classic-McEliece-460896,keygen,0,64,0.0,1,0,1,ip-172-31-43-26,linux,0,255.0346,3.92,KEM,True,2025-11-21T22:09:27.667763,,463
Classic-McEliece-460896,keygen,0,64,0.0,1,0,1,ip-172-31-43-26,linux,0,316.3574,3.16,KEM,True,2025-11-21T22:09:27.984348,,464
Classic-McEliece-460896,keygen,0,64,0.0,1,0,1,ip-172-31-43-26,linux,0,255.0231,3.92,KEM,True,2025-11-21T22:09:28.239589,,465
Classic-McEliece-460896,keygen,1024,1,0.0,1,0,1,ip-172-31-43-26,linux,0,193.8033,5.16,KEM,True,2025-11-21T22:09:28.433609,,466
Classic-McEliece-460896,keygen,1024,1,0.0,1,0,1,ip-172-31-43-26,linux,0,744.3767,1.34,KEM,True,2025-11-21T22:09:29.178228,,467
Classic-McEliece-460896,keygen,1024,1,0.0,1,0,1,ip-172-31-43-26,linux,0,193.8341,5.16,KEM,True,2025-11-21T22:09:29.372285,,468
Classic-McEliece-460896,keygen,1024,1,0.0,1,0,1,ip-172-31-43-26,linux,0,254.8615,3.92,KEM,True,2025-11-21T22:09:29.627365,,469
Classic-McEliece-460896,keygen,1024,1,0.0,1,0,1,ip-172-31-43-26,linux,0,255.1078,3.92,KEM,True,2025-11-21T22:09:29.882689,,470
Classic-McEliece-460896,keygen,1024,16,0.0,1,0,1,ip-172-31-43-26,linux,0,866.1498,1.15,KEM,True,2025-11-21T22:09:30.749064,,471
Classic-McEliece-460896,keygen,1024,16,0.0,1,0,1,ip-172-31-43-26,linux,0,132.5582,7.54,KEM,True,2025-11-21T22:09:30.881853,,472
Classic-McEliece-460896,keygen,1024,16,0.0,1,0,1,ip-172-31-43-26,linux,0,377.2009,2.65,KEM,True,2025-11-21T22:09:31.259276,,473
Classic-McEliece-460896,keygen,1024,16,0.0,1,0,1,ip-172-31-43-26,linux,0,866.6862,1.15,KEM,True,2025-11-21T22:09:32.126199,,474
Classic-McEliece-460896,keygen,1024,16,0.0,1,0,1,ip-172-31-43-26,linux,0,193.8072,5.16,KEM,True,2025-11-21T22:09:32.320245,,475
Classic-McEliece-460896,keygen,1024,64,0.0,1,0,1,ip-172-31-43-26,linux,0,744.6763,1.34,KEM,True,2025-11-21T22:09:33.065161,,476
Classic-McEliece-460896,keygen,1024,64,0.0,1,0,1,ip-172-31-43-26,linux,0,193.6725,5.16,KEM,True,2025-11-21T22:09:33.259051,,477
Classic-McEliece-460896,keygen,1024,64,0.0,1,0,1,ip-172-31-43-26,linux,0,254.7954,3.92,KEM,True,2025-11-21T22:09:33.514074,,478
Classic-McEliece-460896,keygen,1024,64,0.0,1,0,1,ip-172-31-43-26,linux,0,193.7725,5.16,KEM,True,2025-11-21T22:09:33.708072,,479
Classic-McEliece-460896,keygen,1024,64,0.0,1,0,1,ip-172-31-43-26,linux,0,132.438,7.55,KEM,True,2025-11-21T22:09:33.840740,,480
Classic-McEliece-460896,encap,0,1,0.0,1,0,1,ip-172-31-43-26,linux,0,255.1918,3.92,KEM,True,2025-11-21T22:09:34.096026,,481
Classic-McEliece-460896,encap,0,1,0.0,1,0,1,ip-172-31-43-26,linux,0,255.0006,3.92,KEM,True,2025-11-21T22:09:34.351123,,482
Classic-McEliece-460896,encap,0,1,0.0,1,0,1,ip-172-31-43-26,linux,0,193.434,5.17,KEM,True,2025-11-21T22:09:34.544641,,483
Classic-McEliece-460896,encap,0,1,0.0,1,0,1,ip-172-31-43-26,linux,0,132.4158,7.55,KEM,True,2025-11-21T22:09:34.677145,,484
Classic-McEliece-460896,encap,0,1,0.0,1,0,1,ip-172-31-43-26,linux,0,377.2363,2.65,KEM,True,2025-11-21T22:09:35.054467,,485
Classic-McEliece-460896,encap,0,16,0.0,1,0,1,ip-172-31-43-26,linux,0,132.5198,7.55,KEM,True,2025-11-21T22:09:35.187079,,486
Classic-McEliece-460896,encap,0,16,0.0,1,0,1,ip-172-31-43-26,linux,0,132.3929,7.55,KEM,True,2025-11-21T22:09:35.319614,,487
Classic-McEliece-460896,encap,0,16,0.0,1,0,1,ip-172-31-43-26,linux,0,132.3759,7.55,KEM,True,2025-11-21T22:09:35.452074,,488
Classic-McEliece-460896,encap,0,16,0.0,1,0,1,ip-172-31-43-26,linux,0,132.3433,7.56,KEM,True,2025-11-21T22:09:35.584515,,489
Classic-McEliece-460896,encap,0,16,0.0,1,0,1,ip-172-31-43-26,linux,0,377.3712,2.65,KEM,True,2025-11-21T22:09:35.961973,,490
Classic-McEliece-460896,encap,0,64,0.0,1,0,1,ip-172-31-43-26,linux,0,193.4507,5.17,KEM,True,2025-11-21T22:09:36.155516,,491
Classic-McEliece-460896,encap,0,64,0.0,1,0,1,ip-172-31-43-26,linux,0,377.131,2.65,KEM,True,2025-11-21T22:09:36.532731,,492
Classic-McEliece-460896,encap,0,64,0.0,1,0,1,ip-172-31-43-26,linux,0,499.3577,2.0,KEM,True,2025-11-21T22:09:37.032172,,493
Classic-McEliece-460896,encap,0,64,0.0,1,0,1,ip-172-31-43-26,linux,0,132.4517,7.55,KEM,True,2025-11-21T22:09:37.164711,,494
Classic-McEliece-460896,encap,0,64,0.0,1,0,1,ip-172-31-43-26,linux,0,315.4937,3.17,KEM,True,2025-11-21T22:09:37.480291,,495
Classic-McEliece-460896,encap,1024,1,0.0,1,0,1,ip-172-31-43-26,linux,0,682.7554,1.46,KEM,True,2025-11-21T22:09:38.163132,,496
Classic-McEliece-460896,encap,1024,1,0.0,1,0,1,ip-172-31-43-26,linux,0,254.4484,3.93,KEM,True,2025-11-21T22:09:38.417666,,497
Classic-McEliece-460896,encap,1024,1,0.0,1,0,1,ip-172-31-43-26,linux,0,132.3707,7.55,KEM,True,2025-11-21T22:09:38.550121,,498
Classic-McEliece-460896,encap,1024,1,0.0,1,0,1,ip-172-31-43-26,linux,0,132.3177,7.56,KEM,True,2025-11-21T22:09:38.682518,,499
Classic-McEliece-460896,encap,1024,1,0.0,1,0,1,ip-172-31-43-26,linux,0,193.8485,5.16,KEM,True,2025-11-21T22:09:38.876447,,500
Classic-McEliece-460896,encap,1024,16,0.0,1,0,1,ip-172-31-43-26,linux,0,254.7208,3.93,KEM,True,2025-11-21T22:09:39.131255,,501
Classic-McEliece-460896,encap,1024,16,0.0,1,0,1,ip-172-31-43-26,linux,0,622.3176,1.61,KEM,True,2025-11-21T22:09:39.753654,,502
Classic-McEliece-460896,encap,1024,16,0.0,1,0,1,ip-172-31-43-26,linux,0,132.5957,7.54,KEM,True,2025-11-21T22:09:39.886338,,503
Classic-McEliece-460896,encap,1024,16,0.0,1,0,1,ip-172-31-43-26,linux,0,193.7217,5.16,KEM,True,2025-11-21T22:09:40.080148,,504
Classic-McEliece-460896,encap,1024,16,0.0,1,0,1,ip-172-31-43-26,linux,0,132.3933,7.55,KEM,True,2025-11-21T22:09:40.212626,,505
Classic-McEliece-460896,encap,1024,64,0.0,1,0,1,ip-172-31-43-26,linux,0,376.8304,2.65,KEM,True,2025-11-21T22:09:40.589542,,506
Classic-McEliece-460896,encap,1024,64,0.0,1,0,1,ip-172-31-43-26,linux,0,315.8367,3.17,KEM,True,2025-11-21T22:09:40.905460,,507
Classic-McEliece-460896,encap,1024,64,0.0,1,0,1,ip-172-31-43-26,linux,0,927.607,1.08,KEM,True,2025-11-21T22:09:41.833158,,508
Classic-McEliece-460896,encap,1024,64,0.0,1,0,1,ip-172-31-43-26,linux,0,132.4224,7.55,KEM,True,2025-11-21T22:09:41.965664,,509
Classic-McEliece-460896,encap,1024,64,0.0,1,0,1,ip-172-31-43-26,linux,0,499.6882,2.0,KEM,True,2025-11-21T22:09:42.465436,,510
Classic-McEliece-460896,decap,0,1,0.0,1,0,1,ip-172-31-43-26,linux,0,417.1185,2.4,KEM,True,2025-11-21T22:09:42.882649,,511
Classic-McEliece-460896,decap,0,1,0.0,1,0,1,ip-172-31-43-26,linux,0,355.8643,2.81,KEM,True,2025-11-21T22:09:43.238600,,512
Classic-McEliece-460896,decap,0,1,0.0,1,0,1,ip-172-31-43-26,linux,0,233.5704,4.28,KEM,True,2025-11-21T22:09:43.472257,,513
Classic-McEliece-460896,decap,0,1,0.0,1,0,1,ip-172-31-43-26,linux,0,172.4209,5.8,KEM,True,2025-11-21T22:09:43.644761,,514
Classic-McEliece-460896,decap,0,1,0.0,1,0,1,ip-172-31-43-26,linux,0,355.9763,2.81,KEM,True,2025-11-21T22:09:44.000821,,515
Classic-McEliece-460896,decap,0,16,0.0,1,0,1,ip-172-31-43-26,linux,0,294.7108,3.39,KEM,True,2025-11-21T22:09:44.295618,,516
Classic-McEliece-460896,decap,0,16,0.0,1,0,1,ip-172-31-43-26,linux,0,294.761,3.39,KEM,True,2025-11-21T22:09:44.590464,,517
Classic-McEliece-460896,decap,0,16,0.0,1,0,1,ip-172-31-43-26,linux,0,172.4704,5.8,KEM,True,2025-11-21T22:09:44.763017,,518
Classic-McEliece-460896,decap,0,16,0.0,1,0,1,ip-172-31-43-26,linux,0,294.777,3.39,KEM,True,2025-11-21T22:09:45.057881,,519
Classic-McEliece-460896,decap,0,16,0.0,1,0,1,ip-172-31-43-26,linux,0,356.2588,2.81,KEM,True,2025-11-21T22:09:45.414226,,520
Classic-McEliece-460896,decap,0,64,0.0,1,0,1,ip-172-31-43-26,linux,0,905.8106,1.1,KEM,True,2025-11-21T22:09:46.320127,,521
Classic-McEliece-460896,decap,0,64,0.0,1,0,1,ip-172-31-43-26,linux,0,233.6474,4.28,KEM,True,2025-11-21T22:09:46.553864,,522
Classic-McEliece-460896,decap,0,64,0.0,1,0,1,ip-172-31-43-26,linux,0,172.4637,5.8,KEM,True,2025-11-21T22:09:46.726412,,523
Classic-McEliece-460896,decap,0,64,0.0,1,0,1,ip-172-31-43-26,linux,0,233.747,4.28,KEM,True,2025-11-21T22:09:46.960241,,524
Classic-McEliece-460896,decap,0,64,0.0,1,0,1,ip-172-31-43-26,linux,0,172.4788,5.8,KEM,True,2025-11-21T22:09:47.132807,,525
Classic-McEliece-460896,decap,1024,1,0.0,1,0,1,ip-172-31-43-26,linux,0,294.5573,3.39,KEM,True,2025-11-21T22:09:47.427449,,526
Classic-McEliece-460896,decap,1024,1,0.0,1,0,1,ip-172-31-43-26,linux,0,233.6307,4.28,KEM,True,2025-11-21T22:09:47.661169,,527
Classic-McEliece-460896,decap,1024,1,0.0,1,0,1,ip-172-31-43-26,linux,0,723.4556,1.38,KEM,True,2025-11-21T22:09:48.384707,,528
Classic-McEliece-460896,decap,1024,1,0.0,1,0,1,ip-172-31-43-26,linux,0,172.6562,5.79,KEM,True,2025-11-21T22:09:48.557452,,529
Classic-McEliece-460896,decap,1024,1,0.0,1,0,1,ip-172-31-43-26,linux,0,233.6354,4.28,KEM,True,2025-11-21T22:09:48.791176,,530
Classic-McEliece-460896,decap,1024,16,0.0,1,0,1,ip-172-31-43-26,linux,0,172.5175,5.8,KEM,True,2025-11-21T22:09:48.963782,,531
Classic-McEliece-460896,decap,1024,16,0.0,1,0,1,ip-172-31-43-26,linux,0,233.6529,4.28,KEM,True,2025-11-21T22:09:49.197522,,532
Classic-McEliece-460896,decap,1024,16,0.0,1,0,1,ip-172-31-43-26,linux,0,172.4464,5.8,KEM,True,2025-11-21T22:09:49.370055,,533
Classic-McEliece-460896,decap,1024,16,0.0,1,0,1,ip-172-31-43-26,linux,0,172.3708,5.8,KEM,True,2025-11-21T22:09:49.542514,,534
Classic-McEliece-460896,decap,1024,16,0.0,1,0,1,ip-172-31-43-26,linux,0,172.4527,5.8,KEM,True,2025-11-21T22:09:49.715049,,535
Classic-McEliece-460896,decap,1024,64,0.0,1,0,1,ip-172-31-43-26,linux,0,233.5755,4.28,KEM,True,2025-11-21T22:09:49.948717,,536
Classic-McEliece-460896,decap,1024,64,0.0,1,0,1,ip-172-31-43-26,linux,0,238.9818,4.18,KEM,True,2025-11-21T22:09:50.187785,,537
Classic-McEliece-460896,decap,1024,64,0.0,1,0,1,ip-172-31-43-26,linux,0,417.0885,2.4,KEM,True,2025-11-21T22:09:50.604960,,538
Classic-McEliece-460896,decap,1024,64,0.0,1,0,1,ip-172-31-43-26,linux,0,417.2511,2.4,KEM,True,2025-11-21T22:09:51.022296,,539
Classic-McEliece-460896,decap,1024,64,0.0,1,0,1,ip-172-31-43-26,linux,0,172.6885,5.79,KEM,True,2025-11-21T22:09:51.195069,,540
Classic-McEliece-460896f,keygen,0,1,0.0,1,0,1,ip-172-31-43-26,linux,0,132.8555,7.53,KEM,True,2025-11-21T22:09:51.328025,,541
Classic-McEliece-460896f,keygen,0,1,0.0,1,0,1,ip-172-31-43-26,linux,0,132.9078,7.52,KEM,True,2025-11-21T22:09:51.461031,,542
Classic-McEliece-460896f,keygen,0,1,0.0,1,0,1,ip-172-31-43-26,linux,0,133.01,7.52,KEM,True,2025-11-21T22:09:51.594143,,543
Classic-McEliece-460896f,keygen,0,1,0.0,1,0,1,ip-172-31-43-26,linux,0,132.9507,7.52,KEM,True,2025-11-21T22:09:51.727176,,544
Classic-McEliece-460896f,keygen,0,1,0.0,1,0,1,ip-172-31-43-26,linux,0,132.9011,7.52,KEM,True,2025-11-21T22:09:51.860167,,545
Classic-McEliece-460896f,keygen,0,16,0.0,1,0,1,ip-172-31-43-26,linux,0,132.933,7.52,KEM,True,2025-11-21T22:09:51.993189,,546
Classic-McEliece-460896f,keygen,0,16,0.0,1,0,1,ip-172-31-43-26,linux,0,132.8573,7.53,KEM,True,2025-11-21T22:09:52.126134,,547
Classic-McEliece-460896f,keygen,0,16,0.0,1,0,1,ip-172-31-43-26,linux,0,132.8708,7.53,KEM,True,2025-11-21T22:09:52.259091,,548
Classic-McEliece-460896f,keygen,0,16,0.0,1,0,1,ip-172-31-43-26,linux,0,132.8678,7.53,KEM,True,2025-11-21T22:09:52.392055,,549
Classic-McEliece-460896f,keygen,0,16,0.0,1,0,1,ip-172-31-43-26,linux,0,132.9785,7.52,KEM,True,2025-11-21T22:09:52.525129,,550
Classic-McEliece-460896f,keygen,0,64,0.0,1,0,1,ip-172-31-43-26,linux,0,132.9335,7.52,KEM,True,2025-11-21T22:09:52.658189,,551
Classic-McEliece-460896f,keygen,0,64,0.0,1,0,1,ip-172-31-43-26,linux,0,132.8843,7.53,KEM,True,2025-11-21T22:09:52.791166,,552
Classic-McEliece-460896f,keygen,0,64,0.0,1,0,1,ip-172-31-43-26,linux,0,133.0971,7.51,KEM,True,2025-11-21T22:09:52.924350,,553
Classic-McEliece-460896f,keygen,0,64,0.0,1,0,1,ip-172-31-43-26,linux,0,132.9288,7.52,KEM,True,2025-11-21T22:09:53.057367,,554
Classic-McEliece-460896f,keygen,0,64,0.0,1,0,1,ip-172-31-43-26,linux,0,133.0038,7.52,KEM,True,2025-11-21T22:09:53.190457,,555
Classic-McEliece-460896f,keygen,1024,1,0.0,1,0,1,ip-172-31-43-26,linux,0,132.9446,7.52,KEM,True,2025-11-21T22:09:53.323491,,556
Classic-McEliece-460896f,keygen,1024,1,0.0,1,0,1,ip-172-31-43-26,linux,0,132.9774,7.52,KEM,True,2025-11-21T22:09:53.456554,,557
Classic-McEliece-460896f,keygen,1024,1,0.0,1,0,1,ip-172-31-43-26,linux,0,133.0256,7.52,KEM,True,2025-11-21T22:09:53.589664,,558
Classic-McEliece-460896f,keygen,1024,1,0.0,1,0,1,ip-172-31-43-26,linux,0,133.0436,7.52,KEM,True,2025-11-21T22:09:53.722793,,559
Classic-McEliece-460896f,keygen,1024,1,0.0,1,0,1,ip-172-31-43-26,linux,0,133.1073,7.51,KEM,True,2025-11-21T22:09:53.855986,,560
Classic-McEliece-460896f,keygen,1024,16,0.0,1,0,1,ip-172-31-43-26,linux,0,133.0459,7.52,KEM,True,2025-11-21T22:09:53.989119,,561
Classic-McEliece-460896f,keygen,1024,16,0.0,1,0,1,ip-172-31-43-26,linux,0,132.9327,7.52,KEM,True,2025-11-21T22:09:54.122138,,562
Classic-McEliece-460896f,keygen,1024,16,0.0,1,0,1,ip-172-31-43-26,linux,0,132.9982,7.52,KEM,True,2025-11-21T22:09:54.255222,,563
Classic-McEliece-460896f,keygen,1024,16,0.0,1,0,1,ip-172-31-43-26,linux,0,133.0554,7.52,KEM,True,2025-11-21T22:09:54.388365,,564
Classic-McEliece-460896f,keygen,1024,16,0.0,1,0,1,ip-172-31-43-26,linux,0,132.9829,7.52,KEM,True,2025-11-21T22:09:54.521432,,565
Classic-McEliece-460896f,keygen,1024,64,0.0,1,0,1,ip-172-31-43-26,linux,0,133.1482,7.51,KEM,True,2025-11-21T22:09:54.654666,,566
Classic-McEliece-460896f,keygen,1024,64,0.0,1,0,1,ip-172-31-43-26,linux,0,133.0984,7.51,KEM,True,2025-11-21T22:09:54.787852,,567
Classic-McEliece-460896f,keygen,1024,64,0.0,1,0,1,ip-172-31-43-26,linux,0,132.993,7.52,KEM,True,2025-11-21T22:09:54.920931,,568
Classic-McEliece-460896f,keygen,1024,64,0.0,1,0,1,ip-172-31-43-26,linux,0,132.9591,7.52,KEM,True,2025-11-21T22:09:55.053978,,569
Classic-McEliece-460896f,keygen,1024,64,0.0,1,0,1,ip-172-31-43-26,linux,0,133.0636,7.52,KEM,True,2025-11-21T22:09:55.187129,,570
Classic-McEliece-460896f,encap,0,1,0.0,1,0,1,ip-172-31-43-26,linux,0,133.09,7.51,KEM,True,2025-11-21T22:09:55.320313,,571
Classic-McEliece-460896f,encap,0,1,0.0,1,0,1,ip-172-31-43-26,linux,0,133.2333,7.51,KEM,True,2025-11-21T22:09:55.453628,,572
Classic-McEliece-460896f,encap,0,1,0.0,1,0,1,ip-172-31-43-26,linux,0,133.1613,7.51,KEM,True,2025-11-21T22:09:55.586871,,573
Classic-McEliece-460896f,encap,0,1,0.0,1,0,1,ip-172-31-43-26,linux,0,133.1472,7.51,KEM,True,2025-11-21T22:09:55.720114,,574
Classic-McEliece-460896f,encap,0,1,0.0,1,0,1,ip-172-31-43-26,linux,0,133.1681,7.51,KEM,True,2025-11-21T22:09:55.853362,,575
Classic-McEliece-460896f,encap,0,16,0.0,1,0,1,ip-172-31-43-26,linux,0,133.1869,7.51,KEM,True,2025-11-21T22:09:55.986636,,576
Classic-McEliece-460896f,encap,0,16,0.0,1,0,1,ip-172-31-43-26,linux,0,133.1334,7.51,KEM,True,2025-11-21T22:09:56.119854,,577
Classic-McEliece-460896f,encap,0,16,0.0,1,0,1,ip-172-31-43-26,linux,0,133.1154,7.51,KEM,True,2025-11-21T22:09:56.253053,,578
Classic-McEliece-460896f,encap,0,16,0.0,1,0,1,ip-172-31-43-26,linux,0,133.044,7.52,KEM,True,2025-11-21T22:09:56.386193,,579
Classic-McEliece-460896f,encap,0,16,0.0,1,0,1,ip-172-31-43-26,linux,0,133.0641,7.52,KEM,True,2025-11-21T22:09:56.519349,,580
Classic-McEliece-460896f,encap,0,64,0.0,1,0,1,ip-172-31-43-26,linux,0,133.1346,7.51,KEM,True,2025-11-21T22:09:56.652566,,581
Classic-McEliece-460896f,encap,0,64,0.0,1,0,1,ip-172-31-43-26,linux,0,133.1611,7.51,KEM,True,2025-11-21T22:09:56.785807,,582
Classic-McEliece-460896f,encap,0,64,0.0,1,0,1,ip-172-31-43-26,linux,0,133.168,7.51,KEM,True,2025-11-21T22:09:56.919057,,583
Classic-McEliece-460896f,encap,0,64,0.0,1,0,1,ip-172-31-43-26,linux,0,133.2046,7.51,KEM,True,2025-11-21T22:09:57.052351,,584
Classic-McEliece-460896f,encap,0,64,0.0,1,0,1,ip-172-31-43-26,linux,0,133.0117,7.52,KEM,True,2025-11-21T22:09:57.185445,,585
Classic-McEliece-460896f,encap,1024,1,0.0,1,0,1,ip-172-31-43-26,linux,0,133.0432,7.52,KEM,True,2025-11-21T22:09:57.318574,,586
Classic-McEliece-460896f,encap,1024,1,0.0,1,0,1,ip-172-31-43-26,linux,0,133.0441,7.52,KEM,True,2025-11-21T22:09:57.451699,,587
Classic-McEliece-460896f,encap,1024,1,0.0,1,0,1,ip-172-31-43-26,linux,0,133.0075,7.52,KEM,True,2025-11-21T22:09:57.584790,,588
Classic-McEliece-460896f,encap,1024,1,0.0,1,0,1,ip-172-31-43-26,linux,0,133.1055,7.51,KEM,True,2025-11-21T22:09:57.717977,,589
Classic-McEliece-460896f,encap,1024,1,0.0,1,0,1,ip-172-31-43-26,linux,0,133.0635,7.52,KEM,True,2025-11-21T22:09:57.851125,,590
Classic-McEliece-460896f,encap,1024,16,0.0,1,0,1,ip-172-31-43-26,linux,0,133.1102,7.51,KEM,True,2025-11-21T22:09:57.984320,,591
Classic-McEliece-460896f,encap,1024,16,0.0,1,0,1,ip-172-31-43-26,linux,0,133.0526,7.52,KEM,True,2025-11-21T22:09:58.117457,,592
Classic-McEliece-460896f,encap,1024,16,0.0,1,0,1,ip-172-31-43-26,linux,0,132.9936,7.52,KEM,True,2025-11-21T22:09:58.250532,,593
Classic-McEliece-460896f,encap,1024,16,0.0,1,0,1,ip-172-31-43-26,linux,0,133.2136,7.51,KEM,True,2025-11-21T22:09:58.383827,,594
Classic-McEliece-460896f,encap,1024,16,0.0,1,0,1,ip-172-31-43-26,linux,0,133.033,7.52,KEM,True,2025-11-21T22:09:58.516943,,595
Classic-McEliece-460896f,encap,1024,64,0.0,1,0,1,ip-172-31-43-26,linux,0,133.0269,7.52,KEM,True,2025-11-21T22:09:58.650052,,596
Classic-McEliece-460896f,encap,1024,64,0.0,1,0,1,ip-172-31-43-26,linux,0,133.2392,7.51,KEM,True,2025-11-21T22:09:58.783387,,597
Classic-McEliece-460896f,encap,1024,64,0.0,1,0,1,ip-172-31-43-26,linux,0,133.1505,7.51,KEM,True,2025-11-21T22:09:58.916621,,598
Classic-McEliece-460896f,encap,1024,64,0.0,1,0,1,ip-172-31-43-26,linux,0,133.2091,7.51,KEM,True,2025-11-21T22:09:59.049915,,599
Classic-McEliece-460896f,encap,1024,64,0.0,1,0,1,ip-172-31-43-26,linux,0,133.2019,7.51,KEM,True,2025-11-21T22:09:59.183200,,600
Classic-McEliece-460896f,decap,0,1,0.0,1,0,1,ip-172-31-43-26,linux,0,173.338,5.77,KEM,True,2025-11-21T22:09:59.356632,,601
Classic-McEliece-460896f,decap,0,1,0.0,1,0,1,ip-172-31-43-26,linux,0,173.0333,5.78,KEM,True,2025-11-21T22:09:59.529748,,602
Classic-McEliece-460896f,decap,0,1,0.0,1,0,1,ip-172-31-43-26,linux,0,173.3489,5.77,KEM,True,2025-11-21T22:09:59.703179,,603
Classic-McEliece-460896f,decap,0,1,0.0,1,0,1,ip-172-31-43-26,linux,0,173.2246,5.77,KEM,True,2025-11-21T22:09:59.876489,,604
Classic-McEliece-460896f,decap,0,1,0.0,1,0,1,ip-172-31-43-26,linux,0,173.3365,5.77,KEM,True,2025-11-21T22:10:00.049911,,605
Classic-McEliece-460896f,decap,0,16,0.0,1,0,1,ip-172-31-43-26,linux,0,173.3433,5.77,KEM,True,2025-11-21T22:10:00.223343,,606
Classic-McEliece-460896f,decap,0,16,0.0,1,0,1,ip-172-31-43-26,linux,0,173.2503,5.77,KEM,True,2025-11-21T22:10:00.396670,,607
Classic-McEliece-460896f,decap,0,16,0.0,1,0,1,ip-172-31-43-26,linux,0,173.1554,5.78,KEM,True,2025-11-21T22:10:00.569911,,608
Classic-McEliece-460896f,decap,0,16,0.0,1,0,1,ip-172-31-43-26,linux,0,173.1562,5.78,KEM,True,2025-11-21T22:10:00.743151,,609
Classic-McEliece-460896f,decap,0,16,0.0,1,0,1,ip-172-31-43-26,linux,0,173.26,5.77,KEM,True,2025-11-21T22:10:00.916492,,610
Classic-McEliece-460896f,decap,0,64,0.0,1,0,1,ip-172-31-43-26,linux,0,173.3322,5.77,KEM,True,2025-11-21T22:10:01.089915,,611
Classic-McEliece-460896f,decap,0,64,0.0,1,0,1,ip-172-31-43-26,linux,0,173.1934,5.77,KEM,True,2025-11-21T22:10:01.263193,,612
Classic-McEliece-460896f,decap,0,64,0.0,1,0,1,ip-172-31-43-26,linux,0,173.2783,5.77,KEM,True,2025-11-21T22:10:01.436555,,613
Classic-McEliece-460896f,decap,0,64,0.0,1,0,1,ip-172-31-43-26,linux,0,173.2659,5.77,KEM,True,2025-11-21T22:10:01.609906,,614
Classic-McEliece-460896f,decap,0,64,0.0,1,0,1,ip-172-31-43-26,linux,0,173.4263,5.77,KEM,True,2025-11-21T22:10:01.783461,,615
Classic-McEliece-460896f,decap,1024,1,0.0,1,0,1,ip-172-31-43-26,linux,0,173.2569,5.77,KEM,True,2025-11-21T22:10:01.956807,,616
Classic-McEliece-460896f,decap,1024,1,0.0,1,0,1,ip-172-31-43-26,linux,0,173.141,5.78,KEM,True,2025-11-21T22:10:02.130033,,617
Classic-McEliece-460896f,decap,1024,1,0.0,1,0,1,ip-172-31-43-26,linux,0,173.4361,5.77,KEM,True,2025-11-21T22:10:02.303559,,618
Classic-McEliece-460896f,decap,1024,1,0.0,1,0,1,ip-172-31-43-26,linux,0,173.1546,5.78,KEM,True,2025-11-21T22:10:02.476800,,619
Classic-McEliece-460896f,decap,1024,1,0.0,1,0,1,ip-172-31-43-26,linux,0,173.2195,5.77,KEM,True,2025-11-21T22:10:02.650108,,620
Classic-McEliece-460896f,decap,1024,16,0.0,1,0,1,ip-172-31-43-26,linux,0,173.1876,5.77,KEM,True,2025-11-21T22:10:02.823381,,621
Classic-McEliece-460896f,decap,1024,16,0.0,1,0,1,ip-172-31-43-26,linux,0,173.5138,5.76,KEM,True,2025-11-21T22:10:02.996982,,622
Classic-McEliece-460896f,decap,1024,16,0.0,1,0,1,ip-172-31-43-26,linux,0,173.3175,5.77,KEM,True,2025-11-21T22:10:03.170388,,623
Classic-McEliece-460896f,decap,1024,16,0.0,1,0,1,ip-172-31-43-26,linux,0,173.2337,5.77,KEM,True,2025-11-21T22:10:03.343708,,624
Classic-McEliece-460896f,decap,1024,16,0.0,1,0,1,ip-172-31-43-26,linux,0,178.3687,5.61,KEM,True,2025-11-21T22:10:03.522158,,625
Classic-McEliece-460896f,decap,1024,64,0.0,1,0,1,ip-172-31-43-26,linux,0,173.2477,5.77,KEM,True,2025-11-21T22:10:03.695490,,626
Classic-McEliece-460896f,decap,1024,64,0.0,1,0,1,ip-172-31-43-26,linux,0,173.3195,5.77,KEM,True,2025-11-21T22:10:03.868895,,627
Classic-McEliece-460896f,decap,1024,64,0.0,1,0,1,ip-172-31-43-26,linux,0,173.2058,5.77,KEM,True,2025-11-21T22:10:04.042185,,628
Classic-McEliece-460896f,decap,1024,64,0.0,1,0,1,ip-172-31-43-26,linux,0,173.2308,5.77,KEM,True,2025-11-21T22:10:04.215503,,629
Classic-McEliece-460896f,decap,1024,64,0.0,1,0,1,ip-172-31-43-26,linux,0,173.3469,5.77,KEM,True,2025-11-21T22:10:04.388933,,630
Classic-McEliece-6688128,keygen,0,1,0.0,1,0,1,ip-172-31-43-26,linux,0,2030.3249,0.49,KEM,True,2025-11-21T22:10:06.419486,,631
Classic-McEliece-6688128,keygen,0,1,0.0,1,0,1,ip-172-31-43-26,linux,0,1213.9815,0.82,KEM,True,2025-11-21T22:10:07.633565,,632
Classic-McEliece-6688128,keygen,0,1,0.0,1,0,1,ip-172-31-43-26,linux,0,234.4169,4.27,KEM,True,2025-11-21T22:10:07.868084,,633
Classic-McEliece-6688128,keygen,0,1,0.0,1,0,1,ip-172-31-43-26,linux,0,1050.6239,0.95,KEM,True,2025-11-21T22:10:08.918813,,634
Classic-McEliece-6688128,keygen,0,1,0.0,1,0,1,ip-172-31-43-26,linux,0,234.373,4.27,KEM,True,2025-11-21T22:10:09.153286,,635
Classic-McEliece-6688128,keygen,0,16,0.0,1,0,1,ip-172-31-43-26,linux,0,397.8599,2.51,KEM,True,2025-11-21T22:10:09.551244,,636
Classic-McEliece-6688128,keygen,0,16,0.0,1,0,1,ip-172-31-43-26,linux,0,234.8035,4.26,KEM,True,2025-11-21T22:10:09.786140,,637
Classic-McEliece-6688128,keygen,0,16,0.0,1,0,1,ip-172-31-43-26,linux,0,397.7776,2.51,KEM,True,2025-11-21T22:10:10.184008,,638
Classic-McEliece-6688128,keygen,0,16,0.0,1,0,1,ip-172-31-43-26,linux,0,724.4139,1.38,KEM,True,2025-11-21T22:10:10.908519,,639
Classic-McEliece-6688128,keygen,0,16,0.0,1,0,1,ip-172-31-43-26,linux,0,1213.7514,0.82,KEM,True,2025-11-21T22:10:12.122363,,640
Classic-McEliece-6688128,keygen,0,64,0.0,1,0,1,ip-172-31-43-26,linux,0,234.399,4.27,KEM,True,2025-11-21T22:10:12.356862,,641
Classic-McEliece-6688128,keygen,0,64,0.0,1,0,1,ip-172-31-43-26,linux,0,724.3827,1.38,KEM,True,2025-11-21T22:10:13.081335,,642
Classic-McEliece-6688128,keygen,0,64,0.0,1,0,1,ip-172-31-43-26,linux,0,234.2398,4.27,KEM,True,2025-11-21T22:10:13.315673,,643
Classic-McEliece-6688128,keygen,0,64,0.0,1,0,1,ip-172-31-43-26,linux,0,234.4949,4.26,KEM,True,2025-11-21T22:10:13.550264,,644
Classic-McEliece-6688128,keygen,0,64,0.0,1,0,1,ip-172-31-43-26,linux,0,397.2444,2.52,KEM,True,2025-11-21T22:10:13.947597,,645
Classic-McEliece-6688128,keygen,1024,1,0.0,1,0,1,ip-172-31-43-26,linux,0,397.6722,2.51,KEM,True,2025-11-21T22:10:14.345366,,646
Classic-McEliece-6688128,keygen,1024,1,0.0,1,0,1,ip-172-31-43-26,linux,0,560.5383,1.78,KEM,True,2025-11-21T22:10:14.905997,,647
Classic-McEliece-6688128,keygen,1024,1,0.0,1,0,1,ip-172-31-43-26,linux,0,724.4149,1.38,KEM,True,2025-11-21T22:10:15.630503,,648
Classic-McEliece-6688128,keygen,1024,1,0.0,1,0,1,ip-172-31-43-26,linux,0,397.7364,2.51,KEM,True,2025-11-21T22:10:16.028329,,649
Classic-McEliece-6688128,keygen,1024,1,0.0,1,0,1,ip-172-31-43-26,linux,0,560.3801,1.78,KEM,True,2025-11-21T22:10:16.588801,,650
Classic-McEliece-6688128,keygen,1024,16,0.0,1,0,1,ip-172-31-43-26,linux,0,887.4964,1.13,KEM,True,2025-11-21T22:10:17.476391,,651
Classic-McEliece-6688128,keygen,1024,16,0.0,1,0,1,ip-172-31-43-26,linux,0,234.6038,4.26,KEM,True,2025-11-21T22:10:17.711092,,652
Classic-McEliece-6688128,keygen,1024,16,0.0,1,0,1,ip-172-31-43-26,linux,0,736.3248,1.36,KEM,True,2025-11-21T22:10:18.447521,,653
Classic-McEliece-6688128,keygen,1024,16,0.0,1,0,1,ip-172-31-43-26,linux,0,398.669,2.51,KEM,True,2025-11-21T22:10:18.846286,,654
Classic-McEliece-6688128,keygen,1024,16,0.0,1,0,1,ip-172-31-43-26,linux,0,561.4575,1.78,KEM,True,2025-11-21T22:10:19.407843,,655
Classic-McEliece-6688128,keygen,1024,64,0.0,1,0,1,ip-172-31-43-26,linux,0,560.896,1.78,KEM,True,2025-11-21T22:10:19.968844,,656
Classic-McEliece-6688128,keygen,1024,64,0.0,1,0,1,ip-172-31-43-26,linux,0,725.5428,1.38,KEM,True,2025-11-21T22:10:20.694485,,657
Classic-McEliece-6688128,keygen,1024,64,0.0,1,0,1,ip-172-31-43-26,linux,0,1051.6303,0.95,KEM,True,2025-11-21T22:10:21.746212,,658
Classic-McEliece-6688128,keygen,1024,64,0.0,1,0,1,ip-172-31-43-26,linux,0,397.8351,2.51,KEM,True,2025-11-21T22:10:22.144149,,659
Classic-McEliece-6688128,keygen,1024,64,0.0,1,0,1,ip-172-31-43-26,linux,0,887.507,1.13,KEM,True,2025-11-21T22:10:23.031749,,660
Classic-McEliece-6688128,encap,0,1,0.0,1,0,1,ip-172-31-43-26,linux,0,561.5884,1.78,KEM,True,2025-11-21T22:10:23.593444,,661
Classic-McEliece-6688128,encap,0,1,0.0,1,0,1,ip-172-31-43-26,linux,0,1542.3615,0.65,KEM,True,2025-11-21T22:10:25.135890,,662
Classic-McEliece-6688128,encap,0,1,0.0,1,0,1,ip-172-31-43-26,linux,0,397.7904,2.51,KEM,True,2025-11-21T22:10:25.533772,,663
Classic-McEliece-6688128,encap,0,1,0.0,1,0,1,ip-172-31-43-26,linux,0,561.18,1.78,KEM,True,2025-11-21T22:10:26.095041,,664
Classic-McEliece-6688128,encap,0,1,0.0,1,0,1,ip-172-31-43-26,linux,0,887.7985,1.13,KEM,True,2025-11-21T22:10:26.982944,,665
Classic-McEliece-6688128,encap,0,16,0.0,1,0,1,ip-172-31-43-26,linux,0,235.0909,4.25,KEM,True,2025-11-21T22:10:27.218130,,666
Classic-McEliece-6688128,encap,0,16,0.0,1,0,1,ip-172-31-43-26,linux,0,888.3494,1.13,KEM,True,2025-11-21T22:10:28.106570,,667
Classic-McEliece-6688128,encap,0,16,0.0,1,0,1,ip-172-31-43-26,linux,0,234.9062,4.26,KEM,True,2025-11-21T22:10:28.341572,,668
Classic-McEliece-6688128,encap,0,16,0.0,1,0,1,ip-172-31-43-26,linux,0,235.0246,4.25,KEM,True,2025-11-21T22:10:28.576687,,669
Classic-McEliece-6688128,encap,0,16,0.0,1,0,1,ip-172-31-43-26,linux,0,724.4881,1.38,KEM,True,2025-11-21T22:10:29.301266,,670
Classic-McEliece-6688128,encap,0,64,0.0,1,0,1,ip-172-31-43-26,linux,0,398.8186,2.51,KEM,True,2025-11-21T22:10:29.700174,,671
Classic-McEliece-6688128,encap,0,64,0.0,1,0,1,ip-172-31-43-26,linux,0,234.7647,4.26,KEM,True,2025-11-21T22:10:29.935022,,672
Classic-McEliece-6688128,encap,0,64,0.0,1,0,1,ip-172-31-43-26,linux,0,1050.2954,0.95,KEM,True,2025-11-21T22:10:30.985434,,673
Classic-McEliece-6688128,encap,0,64,0.0,1,0,1,ip-172-31-43-26,linux,0,561.2664,1.78,KEM,True,2025-11-21T22:10:31.546791,,674
Classic-McEliece-6688128,encap,0,64,0.0,1,0,1,ip-172-31-43-26,linux,0,560.9803,1.78,KEM,True,2025-11-21T22:10:32.107860,,675
Classic-McEliece-6688128,encap,1024,1,0.0,1,0,1,ip-172-31-43-26,linux,0,234.811,4.26,KEM,True,2025-11-21T22:10:32.342763,,676
Classic-McEliece-6688128,encap,1024,1,0.0,1,0,1,ip-172-31-43-26,linux,0,397.7918,2.51,KEM,True,2025-11-21T22:10:32.740641,,677
Classic-McEliece-6688128,encap,1024,1,0.0,1,0,1,ip-172-31-43-26,linux,0,398.0484,2.51,KEM,True,2025-11-21T22:10:33.138775,,678
Classic-McEliece-6688128,encap,1024,1,0.0,1,0,1,ip-172-31-43-26,linux,0,397.9307,2.51,KEM,True,2025-11-21T22:10:33.536840,,679
Classic-McEliece-6688128,encap,1024,1,0.0,1,0,1,ip-172-31-43-26,linux,0,234.5033,4.26,KEM,True,2025-11-21T22:10:33.771434,,680
Classic-McEliece-6688128,encap,1024,16,0.0,1,0,1,ip-172-31-43-26,linux,0,561.775,1.78,KEM,True,2025-11-21T22:10:34.333298,,681
Classic-McEliece-6688128,encap,1024,16,0.0,1,0,1,ip-172-31-43-26,linux,0,560.8984,1.78,KEM,True,2025-11-21T22:10:34.894288,,682
Classic-McEliece-6688128,encap,1024,16,0.0,1,0,1,ip-172-31-43-26,linux,0,398.9167,2.51,KEM,True,2025-11-21T22:10:35.293298,,683
Classic-McEliece-6688128,encap,1024,16,0.0,1,0,1,ip-172-31-43-26,linux,0,2030.6296,0.49,KEM,True,2025-11-21T22:10:37.324017,,684
Classic-McEliece-6688128,encap,1024,16,0.0,1,0,1,ip-172-31-43-26,linux,0,561.3095,1.78,KEM,True,2025-11-21T22:10:37.885430,,685
Classic-McEliece-6688128,encap,1024,64,0.0,1,0,1,ip-172-31-43-26,linux,0,888.4228,1.13,KEM,True,2025-11-21T22:10:38.773945,,686
Classic-McEliece-6688128,encap,1024,64,0.0,1,0,1,ip-172-31-43-26,linux,0,889.0995,1.12,KEM,True,2025-11-21T22:10:39.663135,,687
Classic-McEliece-6688128,encap,1024,64,0.0,1,0,1,ip-172-31-43-26,linux,0,561.7542,1.78,KEM,True,2025-11-21T22:10:40.224978,,688
Classic-McEliece-6688128,encap,1024,64,0.0,1,0,1,ip-172-31-43-26,linux,0,1050.9243,0.95,KEM,True,2025-11-21T22:10:41.275997,,689
Classic-McEliece-6688128,encap,1024,64,0.0,1,0,1,ip-172-31-43-26,linux,0,887.614,1.13,KEM,True,2025-11-21T22:10:42.163705,,690
Classic-McEliece-6688128,decap,0,1,0.0,1,0,1,ip-172-31-43-26,linux,0,474.7459,2.11,KEM,True,2025-11-21T22:10:42.638554,,691
Classic-McEliece-6688128,decap,0,1,0.0,1,0,1,ip-172-31-43-26,linux,0,311.5597,3.21,KEM,True,2025-11-21T22:10:42.950202,,692
Classic-McEliece-6688128,decap,0,1,0.0,1,0,1,ip-172-31-43-26,linux,0,474.1096,2.11,KEM,True,2025-11-21T22:10:43.424405,,693
Classic-McEliece-6688128,decap,0,1,0.0,1,0,1,ip-172-31-43-26,linux,0,474.4748,2.11,KEM,True,2025-11-21T22:10:43.898966,,694
Classic-McEliece-6688128,decap,0,1,0.0,1,0,1,ip-172-31-43-26,linux,0,1126.9581,0.89,KEM,True,2025-11-21T22:10:45.026011,,695
Classic-McEliece-6688128,decap,0,16,0.0,1,0,1,ip-172-31-43-26,linux,0,637.4301,1.57,KEM,True,2025-11-21T22:10:45.663534,,696
Classic-McEliece-6688128,decap,0,16,0.0,1,0,1,ip-172-31-43-26,linux,0,311.3184,3.21,KEM,True,2025-11-21T22:10:45.974941,,697
Classic-McEliece-6688128,decap,0,16,0.0,1,0,1,ip-172-31-43-26,linux,0,311.435,3.21,KEM,True,2025-11-21T22:10:46.286474,,698
Classic-McEliece-6688128,decap,0,16,0.0,1,0,1,ip-172-31-43-26,linux,0,311.4089,3.21,KEM,True,2025-11-21T22:10:46.597971,,699
Classic-McEliece-6688128,decap,0,16,0.0,1,0,1,ip-172-31-43-26,linux,0,1126.3334,0.89,KEM,True,2025-11-21T22:10:47.724391,,700
Classic-McEliece-6688128,decap,0,64,0.0,1,0,1,ip-172-31-43-26,linux,0,2596.9645,0.39,KEM,True,2025-11-21T22:10:50.321449,,701
Classic-McEliece-6688128,decap,0,64,0.0,1,0,1,ip-172-31-43-26,linux,0,964.1642,1.04,KEM,True,2025-11-21T22:10:51.285708,,702
Classic-McEliece-6688128,decap,0,64,0.0,1,0,1,ip-172-31-43-26,linux,0,2106.24,0.47,KEM,True,2025-11-21T22:10:53.392040,,703
Classic-McEliece-6688128,decap,0,64,0.0,1,0,1,ip-172-31-43-26,linux,0,311.5363,3.21,KEM,True,2025-11-21T22:10:53.703674,,704
Classic-McEliece-6688128,decap,0,64,0.0,1,0,1,ip-172-31-43-26,linux,0,801.0216,1.25,KEM,True,2025-11-21T22:10:54.504781,,705
Classic-McEliece-6688128,decap,1024,1,0.0,1,0,1,ip-172-31-43-26,linux,0,638.315,1.57,KEM,True,2025-11-21T22:10:55.143191,,706
Classic-McEliece-6688128,decap,1024,1,0.0,1,0,1,ip-172-31-43-26,linux,0,638.0286,1.57,KEM,True,2025-11-21T22:10:55.781310,,707
Classic-McEliece-6688128,decap,1024,1,0.0,1,0,1,ip-172-31-43-26,linux,0,637.2461,1.57,KEM,True,2025-11-21T22:10:56.418652,,708
Classic-McEliece-6688128,decap,1024,1,0.0,1,0,1,ip-172-31-43-26,linux,0,801.2922,1.25,KEM,True,2025-11-21T22:10:57.220030,,709
Classic-McEliece-6688128,decap,1024,1,0.0,1,0,1,ip-172-31-43-26,linux,0,311.3484,3.21,KEM,True,2025-11-21T22:10:57.531471,,710
Classic-McEliece-6688128,decap,1024,16,0.0,1,0,1,ip-172-31-43-26,linux,0,1127.6336,0.89,KEM,True,2025-11-21T22:10:58.659200,,711
Classic-McEliece-6688128,decap,1024,16,0.0,1,0,1,ip-172-31-43-26,linux,0,1453.7544,0.69,KEM,True,2025-11-21T22:11:00.113047,,712
Classic-McEliece-6688128,decap,1024,16,0.0,1,0,1,ip-172-31-43-26,linux,0,310.9406,3.22,KEM,True,2025-11-21T22:11:00.424093,,713
Classic-McEliece-6688128,decap,1024,16,0.0,1,0,1,ip-172-31-43-26,linux,0,1288.9036,0.78,KEM,True,2025-11-21T22:11:01.713093,,714
Classic-McEliece-6688128,decap,1024,16,0.0,1,0,1,ip-172-31-43-26,linux,0,638.2393,1.57,KEM,True,2025-11-21T22:11:02.351427,,715
Classic-McEliece-6688128,decap,1024,64,0.0,1,0,1,ip-172-31-43-26,linux,0,2268.9157,0.44,KEM,True,2025-11-21T22:11:04.620439,,716
Classic-McEliece-6688128,decap,1024,64,0.0,1,0,1,ip-172-31-43-26,linux,0,1126.8312,0.89,KEM,True,2025-11-21T22:11:05.747364,,717
Classic-McEliece-6688128,decap,1024,64,0.0,1,0,1,ip-172-31-43-26,linux,0,637.8309,1.57,KEM,True,2025-11-21T22:11:06.385288,,718
Classic-McEliece-6688128,decap,1024,64,0.0,1,0,1,ip-172-31-43-26,linux,0,1127.3109,0.89,KEM,True,2025-11-21T22:11:07.512691,,719
Classic-McEliece-6688128,decap,1024,64,0.0,1,0,1,ip-172-31-43-26,linux,0,2107.4597,0.47,KEM,True,2025-11-21T22:11:09.620245,,720
Classic-McEliece-6688128f,keygen,0,1,0.0,1,0,1,ip-172-31-43-26,linux,0,234.6398,4.26,KEM,True,2025-11-21T22:11:09.854987,,721
Classic-McEliece-6688128f,keygen,0,1,0.0,1,0,1,ip-172-31-43-26,linux,0,234.8446,4.26,KEM,True,2025-11-21T22:11:10.089928,,722
Classic-McEliece-6688128f,keygen,0,1,0.0,1,0,1,ip-172-31-43-26,linux,0,234.4167,4.27,KEM,True,2025-11-21T22:11:10.324445,,723
Classic-McEliece-6688128f,keygen,0,1,0.0,1,0,1,ip-172-31-43-26,linux,0,234.5435,4.26,KEM,True,2025-11-21T22:11:10.559081,,724
Classic-McEliece-6688128f,keygen,0,1,0.0,1,0,1,ip-172-31-43-26,linux,0,234.6484,4.26,KEM,True,2025-11-21T22:11:10.793828,,725
Classic-McEliece-6688128f,keygen,0,16,0.0,1,0,1,ip-172-31-43-26,linux,0,234.8906,4.26,KEM,True,2025-11-21T22:11:11.028812,,726
Classic-McEliece-6688128f,keygen,0,16,0.0,1,0,1,ip-172-31-43-26,linux,0,234.4218,4.27,KEM,True,2025-11-21T22:11:11.263329,,727
Classic-McEliece-6688128f,keygen,0,16,0.0,1,0,1,ip-172-31-43-26,linux,0,234.3147,4.27,KEM,True,2025-11-21T22:11:11.497737,,728
Classic-McEliece-6688128f,keygen,0,16,0.0,1,0,1,ip-172-31-43-26,linux,0,234.6485,4.26,KEM,True,2025-11-21T22:11:11.732478,,729
Classic-McEliece-6688128f,keygen,0,16,0.0,1,0,1,ip-172-31-43-26,linux,0,234.4693,4.26,KEM,True,2025-11-21T22:11:11.967038,,730
Classic-McEliece-6688128f,keygen,0,64,0.0,1,0,1,ip-172-31-43-26,linux,0,234.4897,4.26,KEM,True,2025-11-21T22:11:12.201639,,731
Classic-McEliece-6688128f,keygen,0,64,0.0,1,0,1,ip-172-31-43-26,linux,0,234.5172,4.26,KEM,True,2025-11-21T22:11:12.436248,,732
Classic-McEliece-6688128f,keygen,0,64,0.0,1,0,1,ip-172-31-43-26,linux,0,234.4967,4.26,KEM,True,2025-11-21T22:11:12.670834,,733
Classic-McEliece-6688128f,keygen,0,64,0.0,1,0,1,ip-172-31-43-26,linux,0,234.426,4.27,KEM,True,2025-11-21T22:11:12.905349,,734
Classic-McEliece-6688128f,keygen,0,64,0.0,1,0,1,ip-172-31-43-26,linux,0,234.4229,4.27,KEM,True,2025-11-21T22:11:13.139868,,735
Classic-McEliece-6688128f,keygen,1024,1,0.0,1,0,1,ip-172-31-43-26,linux,0,234.654,4.26,KEM,True,2025-11-21T22:11:13.374613,,736
Classic-McEliece-6688128f,keygen,1024,1,0.0,1,0,1,ip-172-31-43-26,linux,0,234.5117,4.26,KEM,True,2025-11-21T22:11:13.609219,,737
Classic-McEliece-6688128f,keygen,1024,1,0.0,1,0,1,ip-172-31-43-26,linux,0,234.4818,4.26,KEM,True,2025-11-21T22:11:13.843793,,738
Classic-McEliece-6688128f,keygen,1024,1,0.0,1,0,1,ip-172-31-43-26,linux,0,234.3812,4.27,KEM,True,2025-11-21T22:11:14.078266,,739
Classic-McEliece-6688128f,keygen,1024,1,0.0,1,0,1,ip-172-31-43-26,linux,0,234.2012,4.27,KEM,True,2025-11-21T22:11:14.312558,,740
Classic-McEliece-6688128f,keygen,1024,16,0.0,1,0,1,ip-172-31-43-26,linux,0,234.1998,4.27,KEM,True,2025-11-21T22:11:14.546849,,741
Classic-McEliece-6688128f,keygen,1024,16,0.0,1,0,1,ip-172-31-43-26,linux,0,234.3893,4.27,KEM,True,2025-11-21T22:11:14.781327,,742
Classic-McEliece-6688128f,keygen,1024,16,0.0,1,0,1,ip-172-31-43-26,linux,0,234.781,4.26,KEM,True,2025-11-21T22:11:15.016244,,743
Classic-McEliece-6688128f,keygen,1024,16,0.0,1,0,1,ip-172-31-43-26,linux,0,234.7018,4.26,KEM,True,2025-11-21T22:11:15.251039,,744
Classic-McEliece-6688128f,keygen,1024,16,0.0,1,0,1,ip-172-31-43-26,linux,0,234.3437,4.27,KEM,True,2025-11-21T22:11:15.485482,,745
Classic-McEliece-6688128f,keygen,1024,64,0.0,1,0,1,ip-172-31-43-26,linux,0,234.4142,4.27,KEM,True,2025-11-21T22:11:15.719991,,746
Classic-McEliece-6688128f,keygen,1024,64,0.0,1,0,1,ip-172-31-43-26,linux,0,234.4115,4.27,KEM,True,2025-11-21T22:11:15.954493,,747
Classic-McEliece-6688128f,keygen,1024,64,0.0,1,0,1,ip-172-31-43-26,linux,0,234.5435,4.26,KEM,True,2025-11-21T22:11:16.189133,,748
Classic-McEliece-6688128f,keygen,1024,64,0.0,1,0,1,ip-172-31-43-26,linux,0,234.4861,4.26,KEM,True,2025-11-21T22:11:16.423708,,749
Classic-McEliece-6688128f,keygen,1024,64,0.0,1,0,1,ip-172-31-43-26,linux,0,234.5366,4.26,KEM,True,2025-11-21T22:11:16.658333,,750
Classic-McEliece-6688128f,encap,0,1,0.0,1,0,1,ip-172-31-43-26,linux,0,234.9279,4.26,KEM,True,2025-11-21T22:11:16.893360,,751
Classic-McEliece-6688128f,encap,0,1,0.0,1,0,1,ip-172-31-43-26,linux,0,234.8137,4.26,KEM,True,2025-11-21T22:11:17.128264,,752
Classic-McEliece-6688128f,encap,0,1,0.0,1,0,1,ip-172-31-43-26,linux,0,235.1007,4.25,KEM,True,2025-11-21T22:11:17.363453,,753
Classic-McEliece-6688128f,encap,0,1,0.0,1,0,1,ip-172-31-43-26,linux,0,234.9618,4.26,KEM,True,2025-11-21T22:11:17.598502,,754
Classic-McEliece-6688128f,encap,0,1,0.0,1,0,1,ip-172-31-43-26,linux,0,235.0541,4.25,KEM,True,2025-11-21T22:11:17.833644,,755
Classic-McEliece-6688128f,encap,0,16,0.0,1,0,1,ip-172-31-43-26,linux,0,234.8499,4.26,KEM,True,2025-11-21T22:11:18.068588,,756
Classic-McEliece-6688128f,encap,0,16,0.0,1,0,1,ip-172-31-43-26,linux,0,234.7163,4.26,KEM,True,2025-11-21T22:11:18.303397,,757
Classic-McEliece-6688128f,encap,0,16,0.0,1,0,1,ip-172-31-43-26,linux,0,235.0257,4.25,KEM,True,2025-11-21T22:11:18.538511,,758
Classic-McEliece-6688128f,encap,0,16,0.0,1,0,1,ip-172-31-43-26,linux,0,234.8167,4.26,KEM,True,2025-11-21T22:11:18.773421,,759
Classic-McEliece-6688128f,encap,0,16,0.0,1,0,1,ip-172-31-43-26,linux,0,234.8842,4.26,KEM,True,2025-11-21T22:11:19.008394,,760
Classic-McEliece-6688128f,encap,0,64,0.0,1,0,1,ip-172-31-43-26,linux,0,234.8747,4.26,KEM,True,2025-11-21T22:11:19.243359,,761
Classic-McEliece-6688128f,encap,0,64,0.0,1,0,1,ip-172-31-43-26,linux,0,234.656,4.26,KEM,True,2025-11-21T22:11:19.478117,,762
Classic-McEliece-6688128f,encap,0,64,0.0,1,0,1,ip-172-31-43-26,linux,0,234.8847,4.26,KEM,True,2025-11-21T22:11:19.713088,,763
Classic-McEliece-6688128f,encap,0,64,0.0,1,0,1,ip-172-31-43-26,linux,0,234.8987,4.26,KEM,True,2025-11-21T22:11:19.948085,,764
Classic-McEliece-6688128f,encap,0,64,0.0,1,0,1,ip-172-31-43-26,linux,0,234.8768,4.26,KEM,True,2025-11-21T22:11:20.183069,,765
Classic-McEliece-6688128f,encap,1024,1,0.0,1,0,1,ip-172-31-43-26,linux,0,234.6897,4.26,KEM,True,2025-11-21T22:11:20.417861,,766
Classic-McEliece-6688128f,encap,1024,1,0.0,1,0,1,ip-172-31-43-26,linux,0,234.8445,4.26,KEM,True,2025-11-21T22:11:20.652794,,767
Classic-McEliece-6688128f,encap,1024,1,0.0,1,0,1,ip-172-31-43-26,linux,0,235.1824,4.25,KEM,True,2025-11-21T22:11:20.888065,,768
Classic-McEliece-6688128f,encap,1024,1,0.0,1,0,1,ip-172-31-43-26,linux,0,234.5415,4.26,KEM,True,2025-11-21T22:11:21.122707,,769
Classic-McEliece-6688128f,encap,1024,1,0.0,1,0,1,ip-172-31-43-26,linux,0,234.8876,4.26,KEM,True,2025-11-21T22:11:21.357681,,770
Classic-McEliece-6688128f,encap,1024,16,0.0,1,0,1,ip-172-31-43-26,linux,0,234.6856,4.26,KEM,True,2025-11-21T22:11:21.592456,,771
Classic-McEliece-6688128f,encap,1024,16,0.0,1,0,1,ip-172-31-43-26,linux,0,234.6482,4.26,KEM,True,2025-11-21T22:11:21.827191,,772
Classic-McEliece-6688128f,encap,1024,16,0.0,1,0,1,ip-172-31-43-26,linux,0,234.7487,4.26,KEM,True,2025-11-21T22:11:22.062024,,773
Classic-McEliece-6688128f,encap,1024,16,0.0,1,0,1,ip-172-31-43-26,linux,0,234.4558,4.27,KEM,True,2025-11-21T22:11:22.296579,,774
Classic-McEliece-6688128f,encap,1024,16,0.0,1,0,1,ip-172-31-43-26,linux,0,234.888,4.26,KEM,True,2025-11-21T22:11:22.531556,,775
Classic-McEliece-6688128f,encap,1024,64,0.0,1,0,1,ip-172-31-43-26,linux,0,235.028,4.25,KEM,True,2025-11-21T22:11:22.766674,,776
Classic-McEliece-6688128f,encap,1024,64,0.0,1,0,1,ip-172-31-43-26,linux,0,235.2509,4.25,KEM,True,2025-11-21T22:11:23.002012,,777
Classic-McEliece-6688128f,encap,1024,64,0.0,1,0,1,ip-172-31-43-26,linux,0,234.6499,4.26,KEM,True,2025-11-21T22:11:23.236753,,778
Classic-McEliece-6688128f,encap,1024,64,0.0,1,0,1,ip-172-31-43-26,linux,0,234.5991,4.26,KEM,True,2025-11-21T22:11:23.471441,,779
Classic-McEliece-6688128f,encap,1024,64,0.0,1,0,1,ip-172-31-43-26,linux,0,234.9559,4.26,KEM,True,2025-11-21T22:11:23.706484,,780
Classic-McEliece-6688128f,decap,0,1,0.0,1,0,1,ip-172-31-43-26,linux,0,311.8207,3.21,KEM,True,2025-11-21T22:11:24.018405,,781
Classic-McEliece-6688128f,decap,0,1,0.0,1,0,1,ip-172-31-43-26,linux,0,311.3564,3.21,KEM,True,2025-11-21T22:11:24.329850,,782
Classic-McEliece-6688128f,decap,0,1,0.0,1,0,1,ip-172-31-43-26,linux,0,311.6963,3.21,KEM,True,2025-11-21T22:11:24.641637,,783
Classic-McEliece-6688128f,decap,0,1,0.0,1,0,1,ip-172-31-43-26,linux,0,311.474,3.21,KEM,True,2025-11-21T22:11:24.953204,,784
Classic-McEliece-6688128f,decap,0,1,0.0,1,0,1,ip-172-31-43-26,linux,0,311.4972,3.21,KEM,True,2025-11-21T22:11:25.264790,,785
Classic-McEliece-6688128f,decap,0,16,0.0,1,0,1,ip-172-31-43-26,linux,0,311.3136,3.21,KEM,True,2025-11-21T22:11:25.576194,,786
Classic-McEliece-6688128f,decap,0,16,0.0,1,0,1,ip-172-31-43-26,linux,0,311.3904,3.21,KEM,True,2025-11-21T22:11:25.887674,,787
Classic-McEliece-6688128f,decap,0,16,0.0,1,0,1,ip-172-31-43-26,linux,0,311.4966,3.21,KEM,True,2025-11-21T22:11:26.199255,,788
Classic-McEliece-6688128f,decap,0,16,0.0,1,0,1,ip-172-31-43-26,linux,0,311.4447,3.21,KEM,True,2025-11-21T22:11:26.510788,,789
Classic-McEliece-6688128f,decap,0,16,0.0,1,0,1,ip-172-31-43-26,linux,0,311.5253,3.21,KEM,True,2025-11-21T22:11:26.822401,,790
Classic-McEliece-6688128f,decap,0,64,0.0,1,0,1,ip-172-31-43-26,linux,0,311.395,3.21,KEM,True,2025-11-21T22:11:27.133887,,791
Classic-McEliece-6688128f,decap,0,64,0.0,1,0,1,ip-172-31-43-26,linux,0,311.509,3.21,KEM,True,2025-11-21T22:11:27.445484,,792
Classic-McEliece-6688128f,decap,0,64,0.0,1,0,1,ip-172-31-43-26,linux,0,311.5903,3.21,KEM,True,2025-11-21T22:11:27.757158,,793
Classic-McEliece-6688128f,decap,0,64,0.0,1,0,1,ip-172-31-43-26,linux,0,311.6225,3.21,KEM,True,2025-11-21T22:11:28.068869,,794
Classic-McEliece-6688128f,decap,0,64,0.0,1,0,1,ip-172-31-43-26,linux,0,311.6276,3.21,KEM,True,2025-11-21T22:11:28.380588,,795
Classic-McEliece-6688128f,decap,1024,1,0.0,1,0,1,ip-172-31-43-26,linux,0,311.6935,3.21,KEM,True,2025-11-21T22:11:28.692371,,796
Classic-McEliece-6688128f,decap,1024,1,0.0,1,0,1,ip-172-31-43-26,linux,0,311.2347,3.21,KEM,True,2025-11-21T22:11:29.003691,,797
Classic-McEliece-6688128f,decap,1024,1,0.0,1,0,1,ip-172-31-43-26,linux,0,311.3147,3.21,KEM,True,2025-11-21T22:11:29.315105,,798
Classic-McEliece-6688128f,decap,1024,1,0.0,1,0,1,ip-172-31-43-26,linux,0,311.2995,3.21,KEM,True,2025-11-21T22:11:29.626495,,799
Classic-McEliece-6688128f,decap,1024,1,0.0,1,0,1,ip-172-31-43-26,linux,0,311.3544,3.21,KEM,True,2025-11-21T22:11:29.937933,,800
Classic-McEliece-6688128f,decap,1024,16,0.0,1,0,1,ip-172-31-43-26,linux,0,311.4073,3.21,KEM,True,2025-11-21T22:11:30.249431,,801
Classic-McEliece-6688128f,decap,1024,16,0.0,1,0,1,ip-172-31-43-26,linux,0,311.3799,3.21,KEM,True,2025-11-21T22:11:30.560907,,802
Classic-McEliece-6688128f,decap,1024,16,0.0,1,0,1,ip-172-31-43-26,linux,0,311.7693,3.21,KEM,True,2025-11-21T22:11:30.872763,,803
Classic-McEliece-6688128f,decap,1024,16,0.0,1,0,1,ip-172-31-43-26,linux,0,311.2107,3.21,KEM,True,2025-11-21T22:11:31.184060,,804
Classic-McEliece-6688128f,decap,1024,16,0.0,1,0,1,ip-172-31-43-26,linux,0,311.2902,3.21,KEM,True,2025-11-21T22:11:31.495440,,805
Classic-McEliece-6688128f,decap,1024,64,0.0,1,0,1,ip-172-31-43-26,linux,0,311.3032,3.21,KEM,True,2025-11-21T22:11:31.806873,,806
Classic-McEliece-6688128f,decap,1024,64,0.0,1,0,1,ip-172-31-43-26,linux,0,311.3506,3.21,KEM,True,2025-11-21T22:11:32.118314,,807
Classic-McEliece-6688128f,decap,1024,64,0.0,1,0,1,ip-172-31-43-26,linux,0,311.2431,3.21,KEM,True,2025-11-21T22:11:32.429646,,808
Classic-McEliece-6688128f,decap,1024,64,0.0,1,0,1,ip-172-31-43-26,linux,0,311.3287,3.21,KEM,True,2025-11-21T22:11:32.741069,,809
Classic-McEliece-6688128f,decap,1024,64,0.0,1,0,1,ip-172-31-43-26,linux,0,311.0147,3.22,KEM,True,2025-11-21T22:11:33.052174,,810
Classic-McEliece-6960119,keygen,0,1,0.0,1,0,1,ip-172-31-43-26,linux,0,229.667,4.35,KEM,True,2025-11-21T22:11:33.282226,,811
Classic-McEliece-6960119,keygen,0,1,0.0,1,0,1,ip-172-31-43-26,linux,0,704.485,1.42,KEM,True,2025-11-21T22:11:33.987061,,812
Classic-McEliece-6960119,keygen,0,1,0.0,1,0,1,ip-172-31-43-26,linux,0,229.8711,4.35,KEM,True,2025-11-21T22:11:34.217325,,813
Classic-McEliece-6960119,keygen,0,1,0.0,1,0,1,ip-172-31-43-26,linux,0,1348.5534,0.74,KEM,True,2025-11-21T22:11:35.566252,,814
Classic-McEliece-6960119,keygen,0,1,0.0,1,0,1,ip-172-31-43-26,linux,0,546.118,1.83,KEM,True,2025-11-21T22:11:36.112716,,815
Classic-McEliece-6960119,keygen,0,16,0.0,1,0,1,ip-172-31-43-26,linux,0,1179.8336,0.85,KEM,True,2025-11-21T22:11:37.292901,,816
Classic-McEliece-6960119,keygen,0,16,0.0,1,0,1,ip-172-31-43-26,linux,0,546.2585,1.83,KEM,True,2025-11-21T22:11:37.839516,,817
Classic-McEliece-6960119,keygen,0,16,0.0,1,0,1,ip-172-31-43-26,linux,0,229.8711,4.35,KEM,True,2025-11-21T22:11:38.069735,,818
Classic-McEliece-6960119,keygen,0,16,0.0,1,0,1,ip-172-31-43-26,linux,0,388.1634,2.58,KEM,True,2025-11-21T22:11:38.458281,,819
Classic-McEliece-6960119,keygen,0,16,0.0,1,0,1,ip-172-31-43-26,linux,0,704.6445,1.42,KEM,True,2025-11-21T22:11:39.163289,,820
Classic-McEliece-6960119,keygen,0,64,0.0,1,0,1,ip-172-31-43-26,linux,0,1495.9424,0.67,KEM,True,2025-11-21T22:11:40.659575,,821
Classic-McEliece-6960119,keygen,0,64,0.0,1,0,1,ip-172-31-43-26,linux,0,388.347,2.58,KEM,True,2025-11-21T22:11:41.048296,,822
Classic-McEliece-6960119,keygen,0,64,0.0,1,0,1,ip-172-31-43-26,linux,0,1179.6864,0.85,KEM,True,2025-11-21T22:11:42.228348,,823
Classic-McEliece-6960119,keygen,0,64,0.0,1,0,1,ip-172-31-43-26,linux,0,546.207,1.83,KEM,True,2025-11-21T22:11:42.774905,,824
Classic-McEliece-6960119,keygen,0,64,0.0,1,0,1,ip-172-31-43-26,linux,0,546.62,1.83,KEM,True,2025-11-21T22:11:43.321871,,825
Classic-McEliece-6960119,keygen,1024,1,0.0,1,0,1,ip-172-31-43-26,linux,0,229.8774,4.35,KEM,True,2025-11-21T22:11:43.552123,,826
Classic-McEliece-6960119,keygen,1024,1,0.0,1,0,1,ip-172-31-43-26,linux,0,1654.9997,0.6,KEM,True,2025-11-21T22:11:45.207467,,827
Classic-McEliece-6960119,keygen,1024,1,0.0,1,0,1,ip-172-31-43-26,linux,0,388.4513,2.57,KEM,True,2025-11-21T22:11:45.596288,,828
Classic-McEliece-6960119,keygen,1024,1,0.0,1,0,1,ip-172-31-43-26,linux,0,863.1663,1.16,KEM,True,2025-11-21T22:11:46.459800,,829
Classic-McEliece-6960119,keygen,1024,1,0.0,1,0,1,ip-172-31-43-26,linux,0,546.7538,1.83,KEM,True,2025-11-21T22:11:47.006901,,830
Classic-McEliece-6960119,keygen,1024,16,0.0,1,0,1,ip-172-31-43-26,linux,0,229.9467,4.35,KEM,True,2025-11-21T22:11:47.237221,,831
Classic-McEliece-6960119,keygen,1024,16,0.0,1,0,1,ip-172-31-43-26,linux,0,1496.7573,0.67,KEM,True,2025-11-21T22:11:48.734353,,832
Classic-McEliece-6960119,keygen,1024,16,0.0,1,0,1,ip-172-31-43-26,linux,0,705.4361,1.42,KEM,True,2025-11-21T22:11:49.440159,,833
Classic-McEliece-6960119,keygen,1024,16,0.0,1,0,1,ip-172-31-43-26,linux,0,229.9587,4.35,KEM,True,2025-11-21T22:11:49.670475,,834
Classic-McEliece-6960119,keygen,1024,16,0.0,1,0,1,ip-172-31-43-26,linux,0,546.605,1.83,KEM,True,2025-11-21T22:11:50.217429,,835
Classic-McEliece-6960119,keygen,1024,64,0.0,1,0,1,ip-172-31-43-26,linux,0,1020.915,0.98,KEM,True,2025-11-21T22:11:51.238700,,836
Classic-McEliece-6960119,keygen,1024,64,0.0,1,0,1,ip-172-31-43-26,linux,0,388.0622,2.58,KEM,True,2025-11-21T22:11:51.627130,,837
Classic-McEliece-6960119,keygen,1024,64,0.0,1,0,1,ip-172-31-43-26,linux,0,388.2579,2.58,KEM,True,2025-11-21T22:11:52.015734,,838
Classic-McEliece-6960119,keygen,1024,64,0.0,1,0,1,ip-172-31-43-26,linux,0,546.7503,1.83,KEM,True,2025-11-21T22:11:52.562831,,839
Classic-McEliece-6960119,keygen,1024,64,0.0,1,0,1,ip-172-31-43-26,linux,0,547.0156,1.83,KEM,True,2025-11-21T22:11:53.110218,,840
Classic-McEliece-6960119,encap,0,1,0.0,1,0,1,ip-172-31-43-26,linux,0,230.4925,4.34,KEM,True,2025-11-21T22:11:53.341090,,841
Classic-McEliece-6960119,encap,0,1,0.0,1,0,1,ip-172-31-43-26,linux,0,388.6904,2.57,KEM,True,2025-11-21T22:11:53.730174,,842
Classic-McEliece-6960119,encap,0,1,0.0,1,0,1,ip-172-31-43-26,linux,0,546.7119,1.83,KEM,True,2025-11-21T22:11:54.277267,,843
Classic-McEliece-6960119,encap,0,1,0.0,1,0,1,ip-172-31-43-26,linux,0,1972.032,0.51,KEM,True,2025-11-21T22:11:56.249659,,844
Classic-McEliece-6960119,encap,0,1,0.0,1,0,1,ip-172-31-43-26,linux,0,546.5678,1.83,KEM,True,2025-11-21T22:11:56.796591,,845
Classic-McEliece-6960119,encap,0,16,0.0,1,0,1,ip-172-31-43-26,linux,0,230.2387,4.34,KEM,True,2025-11-21T22:11:57.027215,,846
Classic-McEliece-6960119,encap,0,16,0.0,1,0,1,ip-172-31-43-26,linux,0,1337.7182,0.75,KEM,True,2025-11-21T22:11:58.365312,,847
Classic-McEliece-6960119,encap,0,16,0.0,1,0,1,ip-172-31-43-26,linux,0,546.1227,1.83,KEM,True,2025-11-21T22:11:58.911789,,848
Classic-McEliece-6960119,encap,0,16,0.0,1,0,1,ip-172-31-43-26,linux,0,863.1222,1.16,KEM,True,2025-11-21T22:11:59.775296,,849
Classic-McEliece-6960119,encap,0,16,0.0,1,0,1,ip-172-31-43-26,linux,0,705.6037,1.42,KEM,True,2025-11-21T22:12:00.481279,,850
Classic-McEliece-6960119,encap,0,64,0.0,1,0,1,ip-172-31-43-26,linux,0,873.1906,1.15,KEM,True,2025-11-21T22:12:01.354839,,851
Classic-McEliece-6960119,encap,0,64,0.0,1,0,1,ip-172-31-43-26,linux,0,230.2492,4.34,KEM,True,2025-11-21T22:12:01.585446,,852
Classic-McEliece-6960119,encap,0,64,0.0,1,0,1,ip-172-31-43-26,linux,0,863.434,1.16,KEM,True,2025-11-21T22:12:02.449263,,853
Classic-McEliece-6960119,encap,0,64,0.0,1,0,1,ip-172-31-43-26,linux,0,388.3942,2.57,KEM,True,2025-11-21T22:12:02.838015,,854
Classic-McEliece-6960119,encap,0,64,0.0,1,0,1,ip-172-31-43-26,linux,0,1338.1025,0.75,KEM,True,2025-11-21T22:12:04.176498,,855
Classic-McEliece-6960119,encap,1024,1,0.0,1,0,1,ip-172-31-43-26,linux,0,388.4065,2.57,KEM,True,2025-11-21T22:12:04.565280,,856
Classic-McEliece-6960119,encap,1024,1,0.0,1,0,1,ip-172-31-43-26,linux,0,704.9863,1.42,KEM,True,2025-11-21T22:12:05.270621,,857
Classic-McEliece-6960119,encap,1024,1,0.0,1,0,1,ip-172-31-43-26,linux,0,230.3562,4.34,KEM,True,2025-11-21T22:12:05.501362,,858
Classic-McEliece-6960119,encap,1024,1,0.0,1,0,1,ip-172-31-43-26,linux,0,230.3054,4.34,KEM,True,2025-11-21T22:12:05.732030,,859
Classic-McEliece-6960119,encap,1024,1,0.0,1,0,1,ip-172-31-43-26,linux,0,705.033,1.42,KEM,True,2025-11-21T22:12:06.437439,,860
Classic-McEliece-6960119,encap,1024,16,0.0,1,0,1,ip-172-31-43-26,linux,0,546.7869,1.83,KEM,True,2025-11-21T22:12:06.984585,,861
Classic-McEliece-6960119,encap,1024,16,0.0,1,0,1,ip-172-31-43-26,linux,0,546.9054,1.83,KEM,True,2025-11-21T22:12:07.531845,,862
Classic-McEliece-6960119,encap,1024,16,0.0,1,0,1,ip-172-31-43-26,linux,0,704.5952,1.42,KEM,True,2025-11-21T22:12:08.236801,,863
Classic-McEliece-6960119,encap,1024,16,0.0,1,0,1,ip-172-31-43-26,linux,0,704.9913,1.42,KEM,True,2025-11-21T22:12:08.942177,,864
Classic-McEliece-6960119,encap,1024,16,0.0,1,0,1,ip-172-31-43-26,linux,0,704.9409,1.42,KEM,True,2025-11-21T22:12:09.647482,,865
Classic-McEliece-6960119,encap,1024,64,0.0,1,0,1,ip-172-31-43-26,linux,0,546.9916,1.83,KEM,True,2025-11-21T22:12:10.194828,,866
Classic-McEliece-6960119,encap,1024,64,0.0,1,0,1,ip-172-31-43-26,linux,0,704.8873,1.42,KEM,True,2025-11-21T22:12:10.900081,,867
Classic-McEliece-6960119,encap,1024,64,0.0,1,0,1,ip-172-31-43-26,linux,0,864.2662,1.16,KEM,True,2025-11-21T22:12:11.764727,,868
Classic-McEliece-6960119,encap,1024,64,0.0,1,0,1,ip-172-31-43-26,linux,0,1338.1403,0.75,KEM,True,2025-11-21T22:12:13.103254,,869
Classic-McEliece-6960119,encap,1024,64,0.0,1,0,1,ip-172-31-43-26,linux,0,230.2752,4.34,KEM,True,2025-11-21T22:12:13.333932,,870
Classic-McEliece-6960119,decap,0,1,0.0,1,0,1,ip-172-31-43-26,linux,0,621.1932,1.61,KEM,True,2025-11-21T22:12:13.955516,,871
Classic-McEliece-6960119,decap,0,1,0.0,1,0,1,ip-172-31-43-26,linux,0,304.7353,3.28,KEM,True,2025-11-21T22:12:14.260632,,872
Classic-McEliece-6960119,decap,0,1,0.0,1,0,1,ip-172-31-43-26,linux,0,304.6471,3.28,KEM,True,2025-11-21T22:12:14.565659,,873
Classic-McEliece-6960119,decap,0,1,0.0,1,0,1,ip-172-31-43-26,linux,0,1728.6045,0.58,KEM,True,2025-11-21T22:12:16.294641,,874
Classic-McEliece-6960119,decap,0,1,0.0,1,0,1,ip-172-31-43-26,linux,0,937.6828,1.07,KEM,True,2025-11-21T22:12:17.232703,,875
Classic-McEliece-6960119,decap,0,16,0.0,1,0,1,ip-172-31-43-26,linux,0,304.4172,3.28,KEM,True,2025-11-21T22:12:17.537500,,876
Classic-McEliece-6960119,decap,0,16,0.0,1,0,1,ip-172-31-43-26,linux,0,304.9318,3.28,KEM,True,2025-11-21T22:12:17.842811,,877
Classic-McEliece-6960119,decap,0,16,0.0,1,0,1,ip-172-31-43-26,linux,0,938.1519,1.07,KEM,True,2025-11-21T22:12:18.781354,,878
Classic-McEliece-6960119,decap,0,16,0.0,1,0,1,ip-172-31-43-26,linux,0,1571.4727,0.64,KEM,True,2025-11-21T22:12:20.353217,,879
Classic-McEliece-6960119,decap,0,16,0.0,1,0,1,ip-172-31-43-26,linux,0,462.7933,2.16,KEM,True,2025-11-21T22:12:20.816397,,880
Classic-McEliece-6960119,decap,0,64,0.0,1,0,1,ip-172-31-43-26,linux,0,304.6927,3.28,KEM,True,2025-11-21T22:12:21.121470,,881
Classic-McEliece-6960119,decap,0,64,0.0,1,0,1,ip-172-31-43-26,linux,0,462.9567,2.16,KEM,True,2025-11-21T22:12:21.584808,,882
Classic-McEliece-6960119,decap,0,64,0.0,1,0,1,ip-172-31-43-26,linux,0,304.6581,3.28,KEM,True,2025-11-21T22:12:21.889844,,883
Classic-McEliece-6960119,decap,0,64,0.0,1,0,1,ip-172-31-43-26,linux,0,789.0148,1.27,KEM,True,2025-11-21T22:12:22.679249,,884
Classic-McEliece-6960119,decap,0,64,0.0,1,0,1,ip-172-31-43-26,linux,0,621.5247,1.61,KEM,True,2025-11-21T22:12:23.301157,,885
Classic-McEliece-6960119,decap,1024,1,0.0,1,0,1,ip-172-31-43-26,linux,0,304.7367,3.28,KEM,True,2025-11-21T22:12:23.606289,,886
Classic-McEliece-6960119,decap,1024,1,0.0,1,0,1,ip-172-31-43-26,linux,0,621.1261,1.61,KEM,True,2025-11-21T22:12:24.227789,,887
Classic-McEliece-6960119,decap,1024,1,0.0,1,0,1,ip-172-31-43-26,linux,0,621.0946,1.61,KEM,True,2025-11-21T22:12:24.849279,,888
Classic-McEliece-6960119,decap,1024,1,0.0,1,0,1,ip-172-31-43-26,linux,0,304.6925,3.28,KEM,True,2025-11-21T22:12:25.154363,,889
Classic-McEliece-6960119,decap,1024,1,0.0,1,0,1,ip-172-31-43-26,linux,0,779.2488,1.28,KEM,True,2025-11-21T22:12:25.933997,,890
Classic-McEliece-6960119,decap,1024,16,0.0,1,0,1,ip-172-31-43-26,linux,0,1095.4113,0.91,KEM,True,2025-11-21T22:12:27.029796,,891
Classic-McEliece-6960119,decap,1024,16,0.0,1,0,1,ip-172-31-43-26,linux,0,463.788,2.16,KEM,True,2025-11-21T22:12:27.493959,,892
Classic-McEliece-6960119,decap,1024,16,0.0,1,0,1,ip-172-31-43-26,linux,0,937.5493,1.07,KEM,True,2025-11-21T22:12:28.431893,,893
Classic-McEliece-6960119,decap,1024,16,0.0,1,0,1,ip-172-31-43-26,linux,0,462.8109,2.16,KEM,True,2025-11-21T22:12:28.895083,,894
Classic-McEliece-6960119,decap,1024,16,0.0,1,0,1,ip-172-31-43-26,linux,0,2678.8172,0.37,KEM,True,2025-11-21T22:12:31.574304,,895
Classic-McEliece-6960119,decap,1024,64,0.0,1,0,1,ip-172-31-43-26,linux,0,779.2021,1.28,KEM,True,2025-11-21T22:12:32.353886,,896
Classic-McEliece-6960119,decap,1024,64,0.0,1,0,1,ip-172-31-43-26,linux,0,2838.4529,0.35,KEM,True,2025-11-21T22:12:35.192723,,897
Classic-McEliece-6960119,decap,1024,64,0.0,1,0,1,ip-172-31-43-26,linux,0,779.4224,1.28,KEM,True,2025-11-21T22:12:35.972528,,898
Classic-McEliece-6960119,decap,1024,64,0.0,1,0,1,ip-172-31-43-26,linux,0,462.8342,2.16,KEM,True,2025-11-21T22:12:36.435746,,899
Classic-McEliece-6960119,decap,1024,64,0.0,1,0,1,ip-172-31-43-26,linux,0,2363.3969,0.42,KEM,True,2025-11-21T22:12:38.799526,,900
Classic-McEliece-6960119f,keygen,0,1,0.0,1,0,1,ip-172-31-43-26,linux,0,230.3709,4.34,KEM,True,2025-11-21T22:12:39.030285,,901
Classic-McEliece-6960119f,keygen,0,1,0.0,1,0,1,ip-172-31-43-26,linux,0,230.5984,4.34,KEM,True,2025-11-21T22:12:39.261250,,902
Classic-McEliece-6960119f,keygen,0,1,0.0,1,0,1,ip-172-31-43-26,linux,0,230.5673,4.34,KEM,True,2025-11-21T22:12:39.492184,,903
Classic-McEliece-6960119f,keygen,0,1,0.0,1,0,1,ip-172-31-43-26,linux,0,230.2739,4.34,KEM,True,2025-11-21T22:12:39.722814,,904
Classic-McEliece-6960119f,keygen,0,1,0.0,1,0,1,ip-172-31-43-26,linux,0,230.5549,4.34,KEM,True,2025-11-21T22:12:39.953719,,905
Classic-McEliece-6960119f,keygen,0,16,0.0,1,0,1,ip-172-31-43-26,linux,0,230.5247,4.34,KEM,True,2025-11-21T22:12:40.184600,,906
Classic-McEliece-6960119f,keygen,0,16,0.0,1,0,1,ip-172-31-43-26,linux,0,230.5106,4.34,KEM,True,2025-11-21T22:12:40.415465,,907
Classic-McEliece-6960119f,keygen,0,16,0.0,1,0,1,ip-172-31-43-26,linux,0,230.4792,4.34,KEM,True,2025-11-21T22:12:40.646320,,908
Classic-McEliece-6960119f,keygen,0,16,0.0,1,0,1,ip-172-31-43-26,linux,0,230.3497,4.34,KEM,True,2025-11-21T22:12:40.877011,,909
Classic-McEliece-6960119f,keygen,0,16,0.0,1,0,1,ip-172-31-43-26,linux,0,230.3774,4.34,KEM,True,2025-11-21T22:12:41.107737,,910
Classic-McEliece-6960119f,keygen,0,64,0.0,1,0,1,ip-172-31-43-26,linux,0,230.4504,4.34,KEM,True,2025-11-21T22:12:41.338541,,911
Classic-McEliece-6960119f,keygen,0,64,0.0,1,0,1,ip-172-31-43-26,linux,0,230.2462,4.34,KEM,True,2025-11-21T22:12:41.569154,,912
Classic-McEliece-6960119f,keygen,0,64,0.0,1,0,1,ip-172-31-43-26,linux,0,230.2667,4.34,KEM,True,2025-11-21T22:12:41.799764,,913
Classic-McEliece-6960119f,keygen,0,64,0.0,1,0,1,ip-172-31-43-26,linux,0,230.244,4.34,KEM,True,2025-11-21T22:12:42.030377,,914
Classic-McEliece-6960119f,keygen,0,64,0.0,1,0,1,ip-172-31-43-26,linux,0,230.4915,4.34,KEM,True,2025-11-21T22:12:42.261234,,915
Classic-McEliece-6960119f,keygen,1024,1,0.0,1,0,1,ip-172-31-43-26,linux,0,230.4219,4.34,KEM,True,2025-11-21T22:12:42.492001,,916
Classic-McEliece-6960119f,keygen,1024,1,0.0,1,0,1,ip-172-31-43-26,linux,0,230.375,4.34,KEM,True,2025-11-21T22:12:42.722726,,917
Classic-McEliece-6960119f,keygen,1024,1,0.0,1,0,1,ip-172-31-43-26,linux,0,230.2723,4.34,KEM,True,2025-11-21T22:12:42.953367,,918
Classic-McEliece-6960119f,keygen,1024,1,0.0,1,0,1,ip-172-31-43-26,linux,0,230.4288,4.34,KEM,True,2025-11-21T22:12:43.184160,,919
Classic-McEliece-6960119f,keygen,1024,1,0.0,1,0,1,ip-172-31-43-26,linux,0,230.2801,4.34,KEM,True,2025-11-21T22:12:43.414783,,920
Classic-McEliece-6960119f,keygen,1024,16,0.0,1,0,1,ip-172-31-43-26,linux,0,230.4123,4.34,KEM,True,2025-11-21T22:12:43.645549,,921
Classic-McEliece-6960119f,keygen,1024,16,0.0,1,0,1,ip-172-31-43-26,linux,0,230.3321,4.34,KEM,True,2025-11-21T22:12:43.876245,,922
Classic-McEliece-6960119f,keygen,1024,16,0.0,1,0,1,ip-172-31-43-26,linux,0,230.5454,4.34,KEM,True,2025-11-21T22:12:44.107149,,923
Classic-McEliece-6960119f,keygen,1024,16,0.0,1,0,1,ip-172-31-43-26,linux,0,230.5362,4.34,KEM,True,2025-11-21T22:12:44.338031,,924
Classic-McEliece-6960119f,keygen,1024,16,0.0,1,0,1,ip-172-31-43-26,linux,0,230.3346,4.34,KEM,True,2025-11-21T22:12:44.568724,,925
Classic-McEliece-6960119f,keygen,1024,64,0.0,1,0,1,ip-172-31-43-26,linux,0,230.3249,4.34,KEM,True,2025-11-21T22:12:44.799402,,926
Classic-McEliece-6960119f,keygen,1024,64,0.0,1,0,1,ip-172-31-43-26,linux,0,240.1666,4.16,KEM,True,2025-11-21T22:12:45.039925,,927
Classic-McEliece-6960119f,keygen,1024,64,0.0,1,0,1,ip-172-31-43-26,linux,0,230.5517,4.34,KEM,True,2025-11-21T22:12:45.270828,,928
Classic-McEliece-6960119f,keygen,1024,64,0.0,1,0,1,ip-172-31-43-26,linux,0,230.3244,4.34,KEM,True,2025-11-21T22:12:45.501513,,929
Classic-McEliece-6960119f,keygen,1024,64,0.0,1,0,1,ip-172-31-43-26,linux,0,230.2678,4.34,KEM,True,2025-11-21T22:12:45.732144,,930
Classic-McEliece-6960119f,encap,0,1,0.0,1,0,1,ip-172-31-43-26,linux,0,230.8654,4.33,KEM,True,2025-11-21T22:12:45.963379,,931
Classic-McEliece-6960119f,encap,0,1,0.0,1,0,1,ip-172-31-43-26,linux,0,230.7455,4.33,KEM,True,2025-11-21T22:12:46.194494,,932
Classic-McEliece-6960119f,encap,0,1,0.0,1,0,1,ip-172-31-43-26,linux,0,230.9802,4.33,KEM,True,2025-11-21T22:12:46.425868,,933
Classic-McEliece-6960119f,encap,0,1,0.0,1,0,1,ip-172-31-43-26,linux,0,230.7307,4.33,KEM,True,2025-11-21T22:12:46.656963,,934
Classic-McEliece-6960119f,encap,0,1,0.0,1,0,1,ip-172-31-43-26,linux,0,240.4341,4.16,KEM,True,2025-11-21T22:12:46.897756,,935
Classic-McEliece-6960119f,encap,0,16,0.0,1,0,1,ip-172-31-43-26,linux,0,230.5329,4.34,KEM,True,2025-11-21T22:12:47.128649,,936
Classic-McEliece-6960119f,encap,0,16,0.0,1,0,1,ip-172-31-43-26,linux,0,230.7638,4.33,KEM,True,2025-11-21T22:12:47.359769,,937
Classic-McEliece-6960119f,encap,0,16,0.0,1,0,1,ip-172-31-43-26,linux,0,230.6695,4.34,KEM,True,2025-11-21T22:12:47.590797,,938
Classic-McEliece-6960119f,encap,0,16,0.0,1,0,1,ip-172-31-43-26,linux,0,230.6189,4.34,KEM,True,2025-11-21T22:12:47.821778,,939
Classic-McEliece-6960119f,encap,0,16,0.0,1,0,1,ip-172-31-43-26,linux,0,230.7044,4.33,KEM,True,2025-11-21T22:12:48.052845,,940
Classic-McEliece-6960119f,encap,0,64,0.0,1,0,1,ip-172-31-43-26,linux,0,230.6565,4.34,KEM,True,2025-11-21T22:12:48.283865,,941
Classic-McEliece-6960119f,encap,0,64,0.0,1,0,1,ip-172-31-43-26,linux,0,230.8746,4.33,KEM,True,2025-11-21T22:12:48.515123,,942
Classic-McEliece-6960119f,encap,0,64,0.0,1,0,1,ip-172-31-43-26,linux,0,230.7348,4.33,KEM,True,2025-11-21T22:12:48.746229,,943
Classic-McEliece-6960119f,encap,0,64,0.0,1,0,1,ip-172-31-43-26,linux,0,230.7121,4.33,KEM,True,2025-11-21T22:12:48.977322,,944
Classic-McEliece-6960119f,encap,0,64,0.0,1,0,1,ip-172-31-43-26,linux,0,240.5723,4.16,KEM,True,2025-11-21T22:12:49.218270,,945
Classic-McEliece-6960119f,encap,1024,1,0.0,1,0,1,ip-172-31-43-26,linux,0,230.6754,4.34,KEM,True,2025-11-21T22:12:49.449332,,946
Classic-McEliece-6960119f,encap,1024,1,0.0,1,0,1,ip-172-31-43-26,linux,0,230.7801,4.33,KEM,True,2025-11-21T22:12:49.680468,,947
Classic-McEliece-6960119f,encap,1024,1,0.0,1,0,1,ip-172-31-43-26,linux,0,230.6995,4.33,KEM,True,2025-11-21T22:12:49.911523,,948
Classic-McEliece-6960119f,encap,1024,1,0.0,1,0,1,ip-172-31-43-26,linux,0,230.6933,4.33,KEM,True,2025-11-21T22:12:50.142580,,949
Classic-McEliece-6960119f,encap,1024,1,0.0,1,0,1,ip-172-31-43-26,linux,0,230.4672,4.34,KEM,True,2025-11-21T22:12:50.373406,,950
Classic-McEliece-6960119f,encap,1024,16,0.0,1,0,1,ip-172-31-43-26,linux,0,230.5929,4.34,KEM,True,2025-11-21T22:12:50.604376,,951
Classic-McEliece-6960119f,encap,1024,16,0.0,1,0,1,ip-172-31-43-26,linux,0,230.9018,4.33,KEM,True,2025-11-21T22:12:50.835627,,952
Classic-McEliece-6960119f,encap,1024,16,0.0,1,0,1,ip-172-31-43-26,linux,0,230.6882,4.33,KEM,True,2025-11-21T22:12:51.066670,,953
Classic-McEliece-6960119f,encap,1024,16,0.0,1,0,1,ip-172-31-43-26,linux,0,230.7676,4.33,KEM,True,2025-11-21T22:12:51.297796,,954
Classic-McEliece-6960119f,encap,1024,16,0.0,1,0,1,ip-172-31-43-26,linux,0,230.6492,4.34,KEM,True,2025-11-21T22:12:51.528805,,955
Classic-McEliece-6960119f,encap,1024,64,0.0,1,0,1,ip-172-31-43-26,linux,0,230.6627,4.34,KEM,True,2025-11-21T22:12:51.759825,,956
Classic-McEliece-6960119f,encap,1024,64,0.0,1,0,1,ip-172-31-43-26,linux,0,230.7566,4.33,KEM,True,2025-11-21T22:12:51.990944,,957
Classic-McEliece-6960119f,encap,1024,64,0.0,1,0,1,ip-172-31-43-26,linux,0,230.6699,4.34,KEM,True,2025-11-21T22:12:52.221980,,958
Classic-McEliece-6960119f,encap,1024,64,0.0,1,0,1,ip-172-31-43-26,linux,0,230.6001,4.34,KEM,True,2025-11-21T22:12:52.452943,,959
Classic-McEliece-6960119f,encap,1024,64,0.0,1,0,1,ip-172-31-43-26,linux,0,230.6545,4.34,KEM,True,2025-11-21T22:12:52.683961,,960
Classic-McEliece-6960119f,decap,0,1,0.0,1,0,1,ip-172-31-43-26,linux,0,305.0328,3.28,KEM,True,2025-11-21T22:12:52.989397,,961
Classic-McEliece-6960119f,decap,0,1,0.0,1,0,1,ip-172-31-43-26,linux,0,305.2771,3.28,KEM,True,2025-11-21T22:12:53.295055,,962
Classic-McEliece-6960119f,decap,0,1,0.0,1,0,1,ip-172-31-43-26,linux,0,305.0496,3.28,KEM,True,2025-11-21T22:12:53.600492,,963
Classic-McEliece-6960119f,decap,0,1,0.0,1,0,1,ip-172-31-43-26,linux,0,305.2648,3.28,KEM,True,2025-11-21T22:12:53.906151,,964
Classic-McEliece-6960119f,decap,0,1,0.0,1,0,1,ip-172-31-43-26,linux,0,305.1176,3.28,KEM,True,2025-11-21T22:12:54.211649,,965
Classic-McEliece-6960119f,decap,0,16,0.0,1,0,1,ip-172-31-43-26,linux,0,304.8376,3.28,KEM,True,2025-11-21T22:12:54.516868,,966
Classic-McEliece-6960119f,decap,0,16,0.0,1,0,1,ip-172-31-43-26,linux,0,305.0048,3.28,KEM,True,2025-11-21T22:12:54.822262,,967
Classic-McEliece-6960119f,decap,0,16,0.0,1,0,1,ip-172-31-43-26,linux,0,305.0493,3.28,KEM,True,2025-11-21T22:12:55.127693,,968
Classic-McEliece-6960119f,decap,0,16,0.0,1,0,1,ip-172-31-43-26,linux,0,305.1702,3.28,KEM,True,2025-11-21T22:12:55.433256,,969
Classic-McEliece-6960119f,decap,0,16,0.0,1,0,1,ip-172-31-43-26,linux,0,305.3507,3.27,KEM,True,2025-11-21T22:12:55.738987,,970
Classic-McEliece-6960119f,decap,0,64,0.0,1,0,1,ip-172-31-43-26,linux,0,305.2223,3.28,KEM,True,2025-11-21T22:12:56.044585,,971
Classic-McEliece-6960119f,decap,0,64,0.0,1,0,1,ip-172-31-43-26,linux,0,304.9677,3.28,KEM,True,2025-11-21T22:12:56.349940,,972
Classic-McEliece-6960119f,decap,0,64,0.0,1,0,1,ip-172-31-43-26,linux,0,305.182,3.28,KEM,True,2025-11-21T22:12:56.655507,,973
Classic-McEliece-6960119f,decap,0,64,0.0,1,0,1,ip-172-31-43-26,linux,0,305.1317,3.28,KEM,True,2025-11-21T22:12:56.961022,,974
Classic-McEliece-6960119f,decap,0,64,0.0,1,0,1,ip-172-31-43-26,linux,0,305.0701,3.28,KEM,True,2025-11-21T22:12:57.266499,,975
Classic-McEliece-6960119f,decap,1024,1,0.0,1,0,1,ip-172-31-43-26,linux,0,305.0232,3.28,KEM,True,2025-11-21T22:12:57.571899,,976
Classic-McEliece-6960119f,decap,1024,1,0.0,1,0,1,ip-172-31-43-26,linux,0,305.0157,3.28,KEM,True,2025-11-21T22:12:57.877303,,977
Classic-McEliece-6960119f,decap,1024,1,0.0,1,0,1,ip-172-31-43-26,linux,0,305.0627,3.28,KEM,True,2025-11-21T22:12:58.182740,,978
Classic-McEliece-6960119f,decap,1024,1,0.0,1,0,1,ip-172-31-43-26,linux,0,304.9357,3.28,KEM,True,2025-11-21T22:12:58.488055,,979
Classic-McEliece-6960119f,decap,1024,1,0.0,1,0,1,ip-172-31-43-26,linux,0,304.8625,3.28,KEM,True,2025-11-21T22:12:58.793316,,980
Classic-McEliece-6960119f,decap,1024,16,0.0,1,0,1,ip-172-31-43-26,linux,0,305.4023,3.27,KEM,True,2025-11-21T22:12:59.099107,,981
Classic-McEliece-6960119f,decap,1024,16,0.0,1,0,1,ip-172-31-43-26,linux,0,304.9617,3.28,KEM,True,2025-11-21T22:12:59.404442,,982
Classic-McEliece-6960119f,decap,1024,16,0.0,1,0,1,ip-172-31-43-26,linux,0,305.3432,3.28,KEM,True,2025-11-21T22:12:59.710194,,983
Classic-McEliece-6960119f,decap,1024,16,0.0,1,0,1,ip-172-31-43-26,linux,0,305.3151,3.28,KEM,True,2025-11-21T22:13:00.015900,,984
Classic-McEliece-6960119f,decap,1024,16,0.0,1,0,1,ip-172-31-43-26,linux,0,305.8561,3.27,KEM,True,2025-11-21T22:13:00.322152,,985
Classic-McEliece-6960119f,decap,1024,64,0.0,1,0,1,ip-172-31-43-26,linux,0,305.3301,3.28,KEM,True,2025-11-21T22:13:00.627857,,986
Classic-McEliece-6960119f,decap,1024,64,0.0,1,0,1,ip-172-31-43-26,linux,0,305.1664,3.28,KEM,True,2025-11-21T22:13:00.933402,,987
Classic-McEliece-6960119f,decap,1024,64,0.0,1,0,1,ip-172-31-43-26,linux,0,305.3233,3.28,KEM,True,2025-11-21T22:13:01.239122,,988
Classic-McEliece-6960119f,decap,1024,64,0.0,1,0,1,ip-172-31-43-26,linux,0,305.1631,3.28,KEM,True,2025-11-21T22:13:01.544663,,989
Classic-McEliece-6960119f,decap,1024,64,0.0,1,0,1,ip-172-31-43-26,linux,0,305.3471,3.27,KEM,True,2025-11-21T22:13:01.850399,,990
Classic-McEliece-8192128,keygen,0,1,0.0,1,0,1,ip-172-31-43-26,linux,0,484.3473,2.06,KEM,True,2025-11-21T22:13:02.335014,,991
Classic-McEliece-8192128,keygen,0,1,0.0,1,0,1,ip-172-31-43-26,linux,0,895.8267,1.12,KEM,True,2025-11-21T22:13:03.231190,,992
Classic-McEliece-8192128,keygen,0,1,0.0,1,0,1,ip-172-31-43-26,linux,0,278.1524,3.6,KEM,True,2025-11-21T22:13:03.509650,,993
Classic-McEliece-8192128,keygen,0,1,0.0,1,0,1,ip-172-31-43-26,linux,0,484.2936,2.06,KEM,True,2025-11-21T22:13:03.994291,,994
Classic-McEliece-8192128,keygen,0,1,0.0,1,0,1,ip-172-31-43-26,linux,0,689.3698,1.45,KEM,True,2025-11-21T22:13:04.683962,,995
Classic-McEliece-8192128,keygen,0,16,0.0,1,0,1,ip-172-31-43-26,linux,0,1102.6645,0.91,KEM,True,2025-11-21T22:13:05.786982,,996
Classic-McEliece-8192128,keygen,0,16,0.0,1,0,1,ip-172-31-43-26,linux,0,278.1737,3.59,KEM,True,2025-11-21T22:13:06.065471,,997
Classic-McEliece-8192128,keygen,0,16,0.0,1,0,1,ip-172-31-43-26,linux,0,278.0597,3.6,KEM,True,2025-11-21T22:13:06.343843,,998
Classic-McEliece-8192128,keygen,0,16,0.0,1,0,1,ip-172-31-43-26,linux,0,689.3633,1.45,KEM,True,2025-11-21T22:13:07.033520,,999
Classic-McEliece-8192128,keygen,0,16,0.0,1,0,1,ip-172-31-43-26,linux,0,1719.2611,0.58,KEM,True,2025-11-21T22:13:08.753086,,1000
Classic-McEliece-8192128,keygen,0,64,0.0,1,0,1,ip-172-31-43-26,linux,0,1308.2698,0.76,KEM,True,2025-11-21T22:13:10.061685,,1001
Classic-McEliece-8192128,keygen,0,64,0.0,1,0,1,ip-172-31-43-26,linux,0,484.0275,2.07,KEM,True,2025-11-21T22:13:10.546023,,1002
Classic-McEliece-8192128,keygen,0,64,0.0,1,0,1,ip-172-31-43-26,linux,0,690.0596,1.45,KEM,True,2025-11-21T22:13:11.236404,,1003
Classic-McEliece-8192128,keygen,0,64,0.0,1,0,1,ip-172-31-43-26,linux,0,483.671,2.07,KEM,True,2025-11-21T22:13:11.720380,,1004
Classic-McEliece-8192128,keygen,0,64,0.0,1,0,1,ip-172-31-43-26,linux,0,484.2836,2.06,KEM,True,2025-11-21T22:13:12.204970,,1005
Classic-McEliece-8192128,keygen,1024,1,0.0,1,0,1,ip-172-31-43-26,linux,0,1101.4249,0.91,KEM,True,2025-11-21T22:13:13.306707,,1006
Classic-McEliece-8192128,keygen,1024,1,0.0,1,0,1,ip-172-31-43-26,linux,0,483.8863,2.07,KEM,True,2025-11-21T22:13:13.790902,,1007
Classic-McEliece-8192128,keygen,1024,1,0.0,1,0,1,ip-172-31-43-26,linux,0,1102.3948,0.91,KEM,True,2025-11-21T22:13:14.893604,,1008
Classic-McEliece-8192128,keygen,1024,1,0.0,1,0,1,ip-172-31-43-26,linux,0,485.1318,2.06,KEM,True,2025-11-21T22:13:15.379047,,1009
Classic-McEliece-8192128,keygen,1024,1,0.0,1,0,1,ip-172-31-43-26,linux,0,277.9689,3.6,KEM,True,2025-11-21T22:13:15.657345,,1010
Classic-McEliece-8192128,keygen,1024,16,0.0,1,0,1,ip-172-31-43-26,linux,0,277.9506,3.6,KEM,True,2025-11-21T22:13:15.935601,,1011
Classic-McEliece-8192128,keygen,1024,16,0.0,1,0,1,ip-172-31-43-26,linux,0,278.2813,3.59,KEM,True,2025-11-21T22:13:16.214212,,1012
Classic-McEliece-8192128,keygen,1024,16,0.0,1,0,1,ip-172-31-43-26,linux,0,689.7001,1.45,KEM,True,2025-11-21T22:13:16.904243,,1013
Classic-McEliece-8192128,keygen,1024,16,0.0,1,0,1,ip-172-31-43-26,linux,0,1101.9345,0.91,KEM,True,2025-11-21T22:13:18.006487,,1014
Classic-McEliece-8192128,keygen,1024,16,0.0,1,0,1,ip-172-31-43-26,linux,0,897.0267,1.11,KEM,True,2025-11-21T22:13:18.903825,,1015
Classic-McEliece-8192128,keygen,1024,64,0.0,1,0,1,ip-172-31-43-26,linux,0,278.1773,3.59,KEM,True,2025-11-21T22:13:19.182338,,1016
Classic-McEliece-8192128,keygen,1024,64,0.0,1,0,1,ip-172-31-43-26,linux,0,484.1951,2.07,KEM,True,2025-11-21T22:13:19.666838,,1017
Classic-McEliece-8192128,keygen,1024,64,0.0,1,0,1,ip-172-31-43-26,linux,0,895.7373,1.12,KEM,True,2025-11-21T22:13:20.562880,,1018
Classic-McEliece-8192128,keygen,1024,64,0.0,1,0,1,ip-172-31-43-26,linux,0,1730.6938,0.58,KEM,True,2025-11-21T22:13:22.293885,,1019
Classic-McEliece-8192128,keygen,1024,64,0.0,1,0,1,ip-172-31-43-26,linux,0,2749.0655,0.36,KEM,True,2025-11-21T22:13:25.043286,,1020
Classic-McEliece-8192128,encap,0,1,0.0,1,0,1,ip-172-31-43-26,linux,0,690.9097,1.45,KEM,True,2025-11-21T22:13:25.734528,,1021
Classic-McEliece-8192128,encap,0,1,0.0,1,0,1,ip-172-31-43-26,linux,0,690.1872,1.45,KEM,True,2025-11-21T22:13:26.425037,,1022
Classic-McEliece-8192128,encap,0,1,0.0,1,0,1,ip-172-31-43-26,linux,0,278.0389,3.6,KEM,True,2025-11-21T22:13:26.703408,,1023
Classic-McEliece-8192128,encap,0,1,0.0,1,0,1,ip-172-31-43-26,linux,0,484.1898,2.07,KEM,True,2025-11-21T22:13:27.187913,,1024
Classic-McEliece-8192128,encap,0,1,0.0,1,0,1,ip-172-31-43-26,linux,0,1319.6753,0.76,KEM,True,2025-11-21T22:13:28.507906,,1025
Classic-McEliece-8192128,encap,0,16,0.0,1,0,1,ip-172-31-43-26,linux,0,1308.6429,0.76,KEM,True,2025-11-21T22:13:29.816873,,1026
Classic-McEliece-8192128,encap,0,16,0.0,1,0,1,ip-172-31-43-26,linux,0,691.0856,1.45,KEM,True,2025-11-21T22:13:30.508306,,1027
Classic-McEliece-8192128,encap,0,16,0.0,1,0,1,ip-172-31-43-26,linux,0,1514.3791,0.66,KEM,True,2025-11-21T22:13:32.022993,,1028
Classic-McEliece-8192128,encap,0,16,0.0,1,0,1,ip-172-31-43-26,linux,0,689.7488,1.45,KEM,True,2025-11-21T22:13:32.713066,,1029
Classic-McEliece-8192128,encap,0,16,0.0,1,0,1,ip-172-31-43-26,linux,0,1514.4402,0.66,KEM,True,2025-11-21T22:13:34.227843,,1030
Classic-McEliece-8192128,encap,0,64,0.0,1,0,1,ip-172-31-43-26,linux,0,896.2256,1.12,KEM,True,2025-11-21T22:13:35.124385,,1031
Classic-McEliece-8192128,encap,0,64,0.0,1,0,1,ip-172-31-43-26,linux,0,1721.6838,0.58,KEM,True,2025-11-21T22:13:36.846399,,1032
Classic-McEliece-8192128,encap,0,64,0.0,1,0,1,ip-172-31-43-26,linux,0,896.4274,1.12,KEM,True,2025-11-21T22:13:37.743169,,1033
Classic-McEliece-8192128,encap,0,64,0.0,1,0,1,ip-172-31-43-26,linux,0,484.4783,2.06,KEM,True,2025-11-21T22:13:38.227958,,1034
Classic-McEliece-8192128,encap,0,64,0.0,1,0,1,ip-172-31-43-26,linux,0,895.2837,1.12,KEM,True,2025-11-21T22:13:39.123565,,1035
Classic-McEliece-8192128,encap,1024,1,0.0,1,0,1,ip-172-31-43-26,linux,0,278.3363,3.59,KEM,True,2025-11-21T22:13:39.402248,,1036
Classic-McEliece-8192128,encap,1024,1,0.0,1,0,1,ip-172-31-43-26,linux,0,1101.8455,0.91,KEM,True,2025-11-21T22:13:40.504401,,1037
Classic-McEliece-8192128,encap,1024,1,0.0,1,0,1,ip-172-31-43-26,linux,0,896.5553,1.12,KEM,True,2025-11-21T22:13:41.401297,,1038
Classic-McEliece-8192128,encap,1024,1,0.0,1,0,1,ip-172-31-43-26,linux,0,278.5751,3.59,KEM,True,2025-11-21T22:13:41.680209,,1039
Classic-McEliece-8192128,encap,1024,1,0.0,1,0,1,ip-172-31-43-26,linux,0,1721.5978,0.58,KEM,True,2025-11-21T22:13:43.402138,,1040
Classic-McEliece-8192128,encap,1024,16,0.0,1,0,1,ip-172-31-43-26,linux,0,278.0173,3.6,KEM,True,2025-11-21T22:13:43.680474,,1041
Classic-McEliece-8192128,encap,1024,16,0.0,1,0,1,ip-172-31-43-26,linux,0,689.6079,1.45,KEM,True,2025-11-21T22:13:44.370409,,1042
Classic-McEliece-8192128,encap,1024,16,0.0,1,0,1,ip-172-31-43-26,linux,0,1307.819,0.76,KEM,True,2025-11-21T22:13:45.678546,,1043
Classic-McEliece-8192128,encap,1024,16,0.0,1,0,1,ip-172-31-43-26,linux,0,484.3913,2.06,KEM,True,2025-11-21T22:13:46.163278,,1044
Classic-McEliece-8192128,encap,1024,16,0.0,1,0,1,ip-172-31-43-26,linux,0,278.1883,3.59,KEM,True,2025-11-21T22:13:46.441782,,1045
Classic-McEliece-8192128,encap,1024,64,0.0,1,0,1,ip-172-31-43-26,linux,0,483.8814,2.07,KEM,True,2025-11-21T22:13:46.925978,,1046
Classic-McEliece-8192128,encap,1024,64,0.0,1,0,1,ip-172-31-43-26,linux,0,689.384,1.45,KEM,True,2025-11-21T22:13:47.615680,,1047
Classic-McEliece-8192128,encap,1024,64,0.0,1,0,1,ip-172-31-43-26,linux,0,483.9965,2.07,KEM,True,2025-11-21T22:13:48.099989,,1048
Classic-McEliece-8192128,encap,1024,64,0.0,1,0,1,ip-172-31-43-26,linux,0,896.8596,1.12,KEM,True,2025-11-21T22:13:48.997188,,1049
Classic-McEliece-8192128,encap,1024,64,0.0,1,0,1,ip-172-31-43-26,linux,0,1101.4061,0.91,KEM,True,2025-11-21T22:13:50.098908,,1050
Classic-McEliece-8192128,decap,0,1,0.0,1,0,1,ip-172-31-43-26,linux,0,783.7296,1.28,KEM,True,2025-11-21T22:13:50.882989,,1051
Classic-McEliece-8192128,decap,0,1,0.0,1,0,1,ip-172-31-43-26,linux,0,577.4741,1.73,KEM,True,2025-11-21T22:13:51.460806,,1052
Classic-McEliece-8192128,decap,0,1,0.0,1,0,1,ip-172-31-43-26,linux,0,1195.6826,0.84,KEM,True,2025-11-21T22:13:52.656834,,1053
Classic-McEliece-8192128,decap,0,1,0.0,1,0,1,ip-172-31-43-26,linux,0,990.2109,1.01,KEM,True,2025-11-21T22:13:53.647387,,1054
Classic-McEliece-8192128,decap,0,1,0.0,1,0,1,ip-172-31-43-26,linux,0,372.2607,2.69,KEM,True,2025-11-21T22:13:54.019993,,1055
Classic-McEliece-8192128,decap,0,16,0.0,1,0,1,ip-172-31-43-26,linux,0,578.1199,1.73,KEM,True,2025-11-21T22:13:54.598464,,1056
Classic-McEliece-8192128,decap,0,16,0.0,1,0,1,ip-172-31-43-26,linux,0,783.7212,1.28,KEM,True,2025-11-21T22:13:55.382530,,1057
Classic-McEliece-8192128,decap,0,16,0.0,1,0,1,ip-172-31-43-26,linux,0,577.6132,1.73,KEM,True,2025-11-21T22:13:55.960494,,1058
Classic-McEliece-8192128,decap,0,16,0.0,1,0,1,ip-172-31-43-26,linux,0,371.9232,2.69,KEM,True,2025-11-21T22:13:56.332762,,1059
Classic-McEliece-8192128,decap,0,16,0.0,1,0,1,ip-172-31-43-26,linux,0,578.2978,1.73,KEM,True,2025-11-21T22:13:56.911446,,1060
Classic-McEliece-8192128,decap,0,64,0.0,1,0,1,ip-172-31-43-26,linux,0,1812.8767,0.55,KEM,True,2025-11-21T22:13:58.724677,,1061
Classic-McEliece-8192128,decap,0,64,0.0,1,0,1,ip-172-31-43-26,linux,0,372.0812,2.69,KEM,True,2025-11-21T22:13:59.097110,,1062
Classic-McEliece-8192128,decap,0,64,0.0,1,0,1,ip-172-31-43-26,linux,0,372.2551,2.69,KEM,True,2025-11-21T22:13:59.469701,,1063
Classic-McEliece-8192128,decap,0,64,0.0,1,0,1,ip-172-31-43-26,linux,0,578.1686,1.73,KEM,True,2025-11-21T22:14:00.048231,,1064
Classic-McEliece-8192128,decap,0,64,0.0,1,0,1,ip-172-31-43-26,linux,0,784.7407,1.27,KEM,True,2025-11-21T22:14:00.833322,,1065
Classic-McEliece-8192128,decap,1024,1,0.0,1,0,1,ip-172-31-43-26,linux,0,1195.8713,0.84,KEM,True,2025-11-21T22:14:02.029539,,1066
Classic-McEliece-8192128,decap,1024,1,0.0,1,0,1,ip-172-31-43-26,linux,0,371.9919,2.69,KEM,True,2025-11-21T22:14:02.401882,,1067
Classic-McEliece-8192128,decap,1024,1,0.0,1,0,1,ip-172-31-43-26,linux,0,372.2193,2.69,KEM,True,2025-11-21T22:14:02.774449,,1068
Classic-McEliece-8192128,decap,1024,1,0.0,1,0,1,ip-172-31-43-26,linux,0,2228.0018,0.45,KEM,True,2025-11-21T22:14:05.002800,,1069
Classic-McEliece-8192128,decap,1024,1,0.0,1,0,1,ip-172-31-43-26,linux,0,1609.9042,0.62,KEM,True,2025-11-21T22:14:06.613056,,1070
Classic-McEliece-8192128,decap,1024,16,0.0,1,0,1,ip-172-31-43-26,linux,0,578.6448,1.73,KEM,True,2025-11-21T22:14:07.192062,,1071
Classic-McEliece-8192128,decap,1024,16,0.0,1,0,1,ip-172-31-43-26,linux,0,2637.4335,0.38,KEM,True,2025-11-21T22:14:09.829852,,1072
Classic-McEliece-8192128,decap,1024,16,0.0,1,0,1,ip-172-31-43-26,linux,0,784.1479,1.28,KEM,True,2025-11-21T22:14:10.614358,,1073
Classic-McEliece-8192128,decap,1024,16,0.0,1,0,1,ip-172-31-43-26,linux,0,1401.5406,0.71,KEM,True,2025-11-21T22:14:12.016264,,1074
Classic-McEliece-8192128,decap,1024,16,0.0,1,0,1,ip-172-31-43-26,linux,0,1415.1795,0.71,KEM,True,2025-11-21T22:14:13.431792,,1075
Classic-McEliece-8192128,decap,1024,64,0.0,1,0,1,ip-172-31-43-26,linux,0,372.2685,2.69,KEM,True,2025-11-21T22:14:13.804416,,1076
Classic-McEliece-8192128,decap,1024,64,0.0,1,0,1,ip-172-31-43-26,linux,0,372.5933,2.68,KEM,True,2025-11-21T22:14:14.177358,,1077
Classic-McEliece-8192128,decap,1024,64,0.0,1,0,1,ip-172-31-43-26,linux,0,784.3611,1.27,KEM,True,2025-11-21T22:14:14.962065,,1078
Classic-McEliece-8192128,decap,1024,64,0.0,1,0,1,ip-172-31-43-26,linux,0,372.3632,2.69,KEM,True,2025-11-21T22:14:15.334776,,1079
Classic-McEliece-8192128,decap,1024,64,0.0,1,0,1,ip-172-31-43-26,linux,0,989.0516,1.01,KEM,True,2025-11-21T22:14:16.324187,,1080
Classic-McEliece-8192128f,keygen,0,1,0.0,1,0,1,ip-172-31-43-26,linux,0,278.5781,3.59,KEM,True,2025-11-21T22:14:16.603079,,1081
Classic-McEliece-8192128f,keygen,0,1,0.0,1,0,1,ip-172-31-43-26,linux,0,278.5546,3.59,KEM,True,2025-11-21T22:14:16.881953,,1082
Classic-McEliece-8192128f,keygen,0,1,0.0,1,0,1,ip-172-31-43-26,linux,0,278.2412,3.59,KEM,True,2025-11-21T22:14:17.160505,,1083
Classic-McEliece-8192128f,keygen,0,1,0.0,1,0,1,ip-172-31-43-26,linux,0,278.4131,3.59,KEM,True,2025-11-21T22:14:17.439243,,1084
Classic-McEliece-8192128f,keygen,0,1,0.0,1,0,1,ip-172-31-43-26,linux,0,290.2748,3.45,KEM,True,2025-11-21T22:14:17.729822,,1085
Classic-McEliece-8192128f,keygen,0,16,0.0,1,0,1,ip-172-31-43-26,linux,0,278.4759,3.59,KEM,True,2025-11-21T22:14:18.008609,,1086
Classic-McEliece-8192128f,keygen,0,16,0.0,1,0,1,ip-172-31-43-26,linux,0,278.4494,3.59,KEM,True,2025-11-21T22:14:18.287373,,1087
Classic-McEliece-8192128f,keygen,0,16,0.0,1,0,1,ip-172-31-43-26,linux,0,278.6829,3.59,KEM,True,2025-11-21T22:14:18.566374,,1088
Classic-McEliece-8192128f,keygen,0,16,0.0,1,0,1,ip-172-31-43-26,linux,0,278.1677,3.59,KEM,True,2025-11-21T22:14:18.844851,,1089
Classic-McEliece-8192128f,keygen,0,16,0.0,1,0,1,ip-172-31-43-26,linux,0,278.1618,3.6,KEM,True,2025-11-21T22:14:19.123334,,1090
Classic-McEliece-8192128f,keygen,0,64,0.0,1,0,1,ip-172-31-43-26,linux,0,278.1683,3.59,KEM,True,2025-11-21T22:14:19.401806,,1091
Classic-McEliece-8192128f,keygen,0,64,0.0,1,0,1,ip-172-31-43-26,linux,0,278.2951,3.59,KEM,True,2025-11-21T22:14:19.680410,,1092
Classic-McEliece-8192128f,keygen,0,64,0.0,1,0,1,ip-172-31-43-26,linux,0,278.4166,3.59,KEM,True,2025-11-21T22:14:19.959149,,1093
Classic-McEliece-8192128f,keygen,0,64,0.0,1,0,1,ip-172-31-43-26,linux,0,278.3254,3.59,KEM,True,2025-11-21T22:14:20.237774,,1094
Classic-McEliece-8192128f,keygen,0,64,0.0,1,0,1,ip-172-31-43-26,linux,0,278.3439,3.59,KEM,True,2025-11-21T22:14:20.516432,,1095
Classic-McEliece-8192128f,keygen,1024,1,0.0,1,0,1,ip-172-31-43-26,linux,0,278.393,3.59,KEM,True,2025-11-21T22:14:20.795150,,1096
Classic-McEliece-8192128f,keygen,1024,1,0.0,1,0,1,ip-172-31-43-26,linux,0,278.2602,3.59,KEM,True,2025-11-21T22:14:21.073710,,1097
Classic-McEliece-8192128f,keygen,1024,1,0.0,1,0,1,ip-172-31-43-26,linux,0,278.0943,3.6,KEM,True,2025-11-21T22:14:21.352134,,1098
Classic-McEliece-8192128f,keygen,1024,1,0.0,1,0,1,ip-172-31-43-26,linux,0,278.4773,3.59,KEM,True,2025-11-21T22:14:21.630907,,1099
Classic-McEliece-8192128f,keygen,1024,1,0.0,1,0,1,ip-172-31-43-26,linux,0,278.2868,3.59,KEM,True,2025-11-21T22:14:21.909503,,1100
Classic-McEliece-8192128f,keygen,1024,16,0.0,1,0,1,ip-172-31-43-26,linux,0,278.3477,3.59,KEM,True,2025-11-21T22:14:22.188178,,1101
Classic-McEliece-8192128f,keygen,1024,16,0.0,1,0,1,ip-172-31-43-26,linux,0,278.352,3.59,KEM,True,2025-11-21T22:14:22.466834,,1102
Classic-McEliece-8192128f,keygen,1024,16,0.0,1,0,1,ip-172-31-43-26,linux,0,278.301,3.59,KEM,True,2025-11-21T22:14:22.745441,,1103
Classic-McEliece-8192128f,keygen,1024,16,0.0,1,0,1,ip-172-31-43-26,linux,0,278.3696,3.59,KEM,True,2025-11-21T22:14:23.024127,,1104
Classic-McEliece-8192128f,keygen,1024,16,0.0,1,0,1,ip-172-31-43-26,linux,0,278.2369,3.59,KEM,True,2025-11-21T22:14:23.302666,,1105
Classic-McEliece-8192128f,keygen,1024,64,0.0,1,0,1,ip-172-31-43-26,linux,0,278.5015,3.59,KEM,True,2025-11-21T22:14:23.581474,,1106
Classic-McEliece-8192128f,keygen,1024,64,0.0,1,0,1,ip-172-31-43-26,linux,0,278.4709,3.59,KEM,True,2025-11-21T22:14:23.860268,,1107
Classic-McEliece-8192128f,keygen,1024,64,0.0,1,0,1,ip-172-31-43-26,linux,0,278.4667,3.59,KEM,True,2025-11-21T22:14:24.139030,,1108
Classic-McEliece-8192128f,keygen,1024,64,0.0,1,0,1,ip-172-31-43-26,linux,0,278.2428,3.59,KEM,True,2025-11-21T22:14:24.417591,,1109
Classic-McEliece-8192128f,keygen,1024,64,0.0,1,0,1,ip-172-31-43-26,linux,0,278.6578,3.59,KEM,True,2025-11-21T22:14:24.696549,,1110
Classic-McEliece-8192128f,encap,0,1,0.0,1,0,1,ip-172-31-43-26,linux,0,278.5184,3.59,KEM,True,2025-11-21T22:14:24.975390,,1111
Classic-McEliece-8192128f,encap,0,1,0.0,1,0,1,ip-172-31-43-26,linux,0,278.8032,3.59,KEM,True,2025-11-21T22:14:25.254514,,1112
Classic-McEliece-8192128f,encap,0,1,0.0,1,0,1,ip-172-31-43-26,linux,0,278.8164,3.59,KEM,True,2025-11-21T22:14:25.533639,,1113
Classic-McEliece-8192128f,encap,0,1,0.0,1,0,1,ip-172-31-43-26,linux,0,278.8491,3.59,KEM,True,2025-11-21T22:14:25.812805,,1114
Classic-McEliece-8192128f,encap,0,1,0.0,1,0,1,ip-172-31-43-26,linux,0,278.8718,3.59,KEM,True,2025-11-21T22:14:26.091987,,1115
Classic-McEliece-8192128f,encap,0,16,0.0,1,0,1,ip-172-31-43-26,linux,0,278.6615,3.59,KEM,True,2025-11-21T22:14:26.370969,,1116
Classic-McEliece-8192128f,encap,0,16,0.0,1,0,1,ip-172-31-43-26,linux,0,278.6007,3.59,KEM,True,2025-11-21T22:14:26.649889,,1117
Classic-McEliece-8192128f,encap,0,16,0.0,1,0,1,ip-172-31-43-26,linux,0,278.5889,3.59,KEM,True,2025-11-21T22:14:26.928791,,1118
Classic-McEliece-8192128f,encap,0,16,0.0,1,0,1,ip-172-31-43-26,linux,0,278.7763,3.59,KEM,True,2025-11-21T22:14:27.207883,,1119
Classic-McEliece-8192128f,encap,0,16,0.0,1,0,1,ip-172-31-43-26,linux,0,278.7921,3.59,KEM,True,2025-11-21T22:14:27.486993,,1120
Classic-McEliece-8192128f,encap,0,64,0.0,1,0,1,ip-172-31-43-26,linux,0,278.6063,3.59,KEM,True,2025-11-21T22:14:27.765923,,1121
Classic-McEliece-8192128f,encap,0,64,0.0,1,0,1,ip-172-31-43-26,linux,0,290.7901,3.44,KEM,True,2025-11-21T22:14:28.057029,,1122
Classic-McEliece-8192128f,encap,0,64,0.0,1,0,1,ip-172-31-43-26,linux,0,278.8445,3.59,KEM,True,2025-11-21T22:14:28.336262,,1123
Classic-McEliece-8192128f,encap,0,64,0.0,1,0,1,ip-172-31-43-26,linux,0,278.5987,3.59,KEM,True,2025-11-21T22:14:28.615198,,1124
Classic-McEliece-8192128f,encap,0,64,0.0,1,0,1,ip-172-31-43-26,linux,0,278.5597,3.59,KEM,True,2025-11-21T22:14:28.894068,,1125
Classic-McEliece-8192128f,encap,1024,1,0.0,1,0,1,ip-172-31-43-26,linux,0,278.5431,3.59,KEM,True,2025-11-21T22:14:29.172953,,1126
Classic-McEliece-8192128f,encap,1024,1,0.0,1,0,1,ip-172-31-43-26,linux,0,279.151,3.58,KEM,True,2025-11-21T22:14:29.452421,,1127
Classic-McEliece-8192128f,encap,1024,1,0.0,1,0,1,ip-172-31-43-26,linux,0,278.6921,3.59,KEM,True,2025-11-21T22:14:29.731431,,1128
Classic-McEliece-8192128f,encap,1024,1,0.0,1,0,1,ip-172-31-43-26,linux,0,278.798,3.59,KEM,True,2025-11-21T22:14:30.010548,,1129
Classic-McEliece-8192128f,encap,1024,1,0.0,1,0,1,ip-172-31-43-26,linux,0,278.8626,3.59,KEM,True,2025-11-21T22:14:30.289729,,1130
Classic-McEliece-8192128f,encap,1024,16,0.0,1,0,1,ip-172-31-43-26,linux,0,279.4781,3.58,KEM,True,2025-11-21T22:14:30.569527,,1131
Classic-McEliece-8192128f,encap,1024,16,0.0,1,0,1,ip-172-31-43-26,linux,0,278.549,3.59,KEM,True,2025-11-21T22:14:30.848390,,1132
Classic-McEliece-8192128f,encap,1024,16,0.0,1,0,1,ip-172-31-43-26,linux,0,278.7636,3.59,KEM,True,2025-11-21T22:14:31.127463,,1133
Classic-McEliece-8192128f,encap,1024,16,0.0,1,0,1,ip-172-31-43-26,linux,0,278.4538,3.59,KEM,True,2025-11-21T22:14:31.406263,,1134
Classic-McEliece-8192128f,encap,1024,16,0.0,1,0,1,ip-172-31-43-26,linux,0,279.1037,3.58,KEM,True,2025-11-21T22:14:31.685684,,1135
Classic-McEliece-8192128f,encap,1024,64,0.0,1,0,1,ip-172-31-43-26,linux,0,278.8357,3.59,KEM,True,2025-11-21T22:14:31.964836,,1136
Classic-McEliece-8192128f,encap,1024,64,0.0,1,0,1,ip-172-31-43-26,linux,0,278.8272,3.59,KEM,True,2025-11-21T22:14:32.243986,,1137
Classic-McEliece-8192128f,encap,1024,64,0.0,1,0,1,ip-172-31-43-26,linux,0,278.5542,3.59,KEM,True,2025-11-21T22:14:32.522852,,1138
Classic-McEliece-8192128f,encap,1024,64,0.0,1,0,1,ip-172-31-43-26,linux,0,278.4986,3.59,KEM,True,2025-11-21T22:14:32.801674,,1139
Classic-McEliece-8192128f,encap,1024,64,0.0,1,0,1,ip-172-31-43-26,linux,0,278.5611,3.59,KEM,True,2025-11-21T22:14:33.080552,,1140
Classic-McEliece-8192128f,decap,0,1,0.0,1,0,1,ip-172-31-43-26,linux,0,372.3215,2.69,KEM,True,2025-11-21T22:14:33.453237,,1141
Classic-McEliece-8192128f,decap,0,1,0.0,1,0,1,ip-172-31-43-26,linux,0,372.625,2.68,KEM,True,2025-11-21T22:14:33.826217,,1142
Classic-McEliece-8192128f,decap,0,1,0.0,1,0,1,ip-172-31-43-26,linux,0,372.3209,2.69,KEM,True,2025-11-21T22:14:34.198876,,1143
Classic-McEliece-8192128f,decap,0,1,0.0,1,0,1,ip-172-31-43-26,linux,0,372.599,2.68,KEM,True,2025-11-21T22:14:34.571810,,1144
Classic-McEliece-8192128f,decap,0,1,0.0,1,0,1,ip-172-31-43-26,linux,0,372.653,2.68,KEM,True,2025-11-21T22:14:34.944800,,1145
Classic-McEliece-8192128f,decap,0,16,0.0,1,0,1,ip-172-31-43-26,linux,0,372.9021,2.68,KEM,True,2025-11-21T22:14:35.318040,,1146
Classic-McEliece-8192128f,decap,0,16,0.0,1,0,1,ip-172-31-43-26,linux,0,372.5333,2.68,KEM,True,2025-11-21T22:14:35.690924,,1147
Classic-McEliece-8192128f,decap,0,16,0.0,1,0,1,ip-172-31-43-26,linux,0,372.5625,2.68,KEM,True,2025-11-21T22:14:36.063834,,1148
Classic-McEliece-8192128f,decap,0,16,0.0,1,0,1,ip-172-31-43-26,linux,0,372.4117,2.69,KEM,True,2025-11-21T22:14:36.436594,,1149
Classic-McEliece-8192128f,decap,0,16,0.0,1,0,1,ip-172-31-43-26,linux,0,372.6326,2.68,KEM,True,2025-11-21T22:14:36.809567,,1150
Classic-McEliece-8192128f,decap,0,64,0.0,1,0,1,ip-172-31-43-26,linux,0,372.7143,2.68,KEM,True,2025-11-21T22:14:37.182625,,1151
Classic-McEliece-8192128f,decap,0,64,0.0,1,0,1,ip-172-31-43-26,linux,0,373.0894,2.68,KEM,True,2025-11-21T22:14:37.556056,,1152
Classic-McEliece-8192128f,decap,0,64,0.0,1,0,1,ip-172-31-43-26,linux,0,372.428,2.69,KEM,True,2025-11-21T22:14:37.928843,,1153
Classic-McEliece-8192128f,decap,0,64,0.0,1,0,1,ip-172-31-43-26,linux,0,372.4036,2.69,KEM,True,2025-11-21T22:14:38.301596,,1154
Classic-McEliece-8192128f,decap,0,64,0.0,1,0,1,ip-172-31-43-26,linux,0,372.5272,2.68,KEM,True,2025-11-21T22:14:38.674469,,1155
Classic-McEliece-8192128f,decap,1024,1,0.0,1,0,1,ip-172-31-43-26,linux,0,372.7378,2.68,KEM,True,2025-11-21T22:14:39.047544,,1156
Classic-McEliece-8192128f,decap,1024,1,0.0,1,0,1,ip-172-31-43-26,linux,0,372.3722,2.69,KEM,True,2025-11-21T22:14:39.420274,,1157
Classic-McEliece-8192128f,decap,1024,1,0.0,1,0,1,ip-172-31-43-26,linux,0,372.7638,2.68,KEM,True,2025-11-21T22:14:39.793374,,1158
Classic-McEliece-8192128f,decap,1024,1,0.0,1,0,1,ip-172-31-43-26,linux,0,372.5075,2.68,KEM,True,2025-11-21T22:14:40.166240,,1159
Classic-McEliece-8192128f,decap,1024,1,0.0,1,0,1,ip-172-31-43-26,linux,0,372.9598,2.68,KEM,True,2025-11-21T22:14:40.539550,,1160
Classic-McEliece-8192128f,decap,1024,16,0.0,1,0,1,ip-172-31-43-26,linux,0,372.5911,2.68,KEM,True,2025-11-21T22:14:40.912488,,1161
Classic-McEliece-8192128f,decap,1024,16,0.0,1,0,1,ip-172-31-43-26,linux,0,372.4093,2.69,KEM,True,2025-11-21T22:14:41.285257,,1162
Classic-McEliece-8192128f,decap,1024,16,0.0,1,0,1,ip-172-31-43-26,linux,0,372.5679,2.68,KEM,True,2025-11-21T22:14:41.658177,,1163
Classic-McEliece-8192128f,decap,1024,16,0.0,1,0,1,ip-172-31-43-26,linux,0,372.5928,2.68,KEM,True,2025-11-21T22:14:42.031126,,1164
Classic-McEliece-8192128f,decap,1024,16,0.0,1,0,1,ip-172-31-43-26,linux,0,372.6205,2.68,KEM,True,2025-11-21T22:14:42.404090,,1165
Classic-McEliece-8192128f,decap,1024,64,0.0,1,0,1,ip-172-31-43-26,linux,0,372.6121,2.68,KEM,True,2025-11-21T22:14:42.777059,,1166
Classic-McEliece-8192128f,decap,1024,64,0.0,1,0,1,ip-172-31-43-26,linux,0,372.4192,2.69,KEM,True,2025-11-21T22:14:43.149834,,1167
Classic-McEliece-8192128f,decap,1024,64,0.0,1,0,1,ip-172-31-43-26,linux,0,372.868,2.68,KEM,True,2025-11-21T22:14:43.523045,,1168
Classic-McEliece-8192128f,decap,1024,64,0.0,1,0,1,ip-172-31-43-26,linux,0,372.6653,2.68,KEM,True,2025-11-21T22:14:43.896067,,1169
Classic-McEliece-8192128f,decap,1024,64,0.0,1,0,1,ip-172-31-43-26,linux,0,372.5618,2.68,KEM,True,2025-11-21T22:14:44.268978,,1170
FrodoKEM-1344-AES,keygen,0,1,0.0,1,0,1,ip-172-31-43-26,linux,0,1.625,615.39,KEM,True,2025-11-21T22:14:44.270693,,1171
FrodoKEM-1344-AES,keygen,0,1,0.0,1,0,1,ip-172-31-43-26,linux,0,1.3555,737.73,KEM,True,2025-11-21T22:14:44.272105,,1172
FrodoKEM-1344-AES,keygen,0,1,0.0,1,0,1,ip-172-31-43-26,linux,0,1.3382,747.29,KEM,True,2025-11-21T22:14:44.273481,,1173
FrodoKEM-1344-AES,keygen,0,1,0.0,1,0,1,ip-172-31-43-26,linux,0,1.3393,746.64,KEM,True,2025-11-21T22:14:44.274853,,1174
FrodoKEM-1344-AES,keygen,0,1,0.0,1,0,1,ip-172-31-43-26,linux,0,1.3415,745.44,KEM,True,2025-11-21T22:14:44.276226,,1175
FrodoKEM-1344-AES,keygen,0,16,0.0,1,0,1,ip-172-31-43-26,linux,0,1.3379,747.41,KEM,True,2025-11-21T22:14:44.277598,,1176
FrodoKEM-1344-AES,keygen,0,16,0.0,1,0,1,ip-172-31-43-26,linux,0,1.3372,747.81,KEM,True,2025-11-21T22:14:44.278968,,1177
FrodoKEM-1344-AES,keygen,0,16,0.0,1,0,1,ip-172-31-43-26,linux,0,1.3461,742.88,KEM,True,2025-11-21T22:14:44.280348,,1178
FrodoKEM-1344-AES,keygen,0,16,0.0,1,0,1,ip-172-31-43-26,linux,0,1.3324,750.53,KEM,True,2025-11-21T22:14:44.281715,,1179
FrodoKEM-1344-AES,keygen,0,16,0.0,1,0,1,ip-172-31-43-26,linux,0,1.3585,736.12,KEM,True,2025-11-21T22:14:44.283107,,1180
FrodoKEM-1344-AES,keygen,0,64,0.0,1,0,1,ip-172-31-43-26,linux,0,1.3297,752.07,KEM,True,2025-11-21T22:14:44.284471,,1181
FrodoKEM-1344-AES,keygen,0,64,0.0,1,0,1,ip-172-31-43-26,linux,0,1.3334,749.97,KEM,True,2025-11-21T22:14:44.285839,,1182
FrodoKEM-1344-AES,keygen,0,64,0.0,1,0,1,ip-172-31-43-26,linux,0,1.3374,747.72,KEM,True,2025-11-21T22:14:44.287207,,1183
FrodoKEM-1344-AES,keygen,0,64,0.0,1,0,1,ip-172-31-43-26,linux,0,1.3274,753.37,KEM,True,2025-11-21T22:14:44.288563,,1184
FrodoKEM-1344-AES,keygen,0,64,0.0,1,0,1,ip-172-31-43-26,linux,0,1.3179,758.78,KEM,True,2025-11-21T22:14:44.289914,,1185
FrodoKEM-1344-AES,keygen,1024,1,0.0,1,0,1,ip-172-31-43-26,linux,0,1.34,746.3,KEM,True,2025-11-21T22:14:44.291290,,1186
FrodoKEM-1344-AES,keygen,1024,1,0.0,1,0,1,ip-172-31-43-26,linux,0,1.3282,752.89,KEM,True,2025-11-21T22:14:44.292708,,1187
FrodoKEM-1344-AES,keygen,1024,1,0.0,1,0,1,ip-172-31-43-26,linux,0,1.3261,754.08,KEM,True,2025-11-21T22:14:44.294071,,1188
FrodoKEM-1344-AES,keygen,1024,1,0.0,1,0,1,ip-172-31-43-26,linux,0,1.3384,747.19,KEM,True,2025-11-21T22:14:44.295451,,1189
FrodoKEM-1344-AES,keygen,1024,1,0.0,1,0,1,ip-172-31-43-26,linux,0,1.3209,757.08,KEM,True,2025-11-21T22:14:44.296806,,1190
FrodoKEM-1344-AES,keygen,1024,16,0.0,1,0,1,ip-172-31-43-26,linux,0,1.3271,753.5,KEM,True,2025-11-21T22:14:44.298167,,1191
FrodoKEM-1344-AES,keygen,1024,16,0.0,1,0,1,ip-172-31-43-26,linux,0,1.3267,753.74,KEM,True,2025-11-21T22:14:44.299525,,1192
FrodoKEM-1344-AES,keygen,1024,16,0.0,1,0,1,ip-172-31-43-26,linux,0,1.3154,760.25,KEM,True,2025-11-21T22:14:44.300874,,1193
FrodoKEM-1344-AES,keygen,1024,16,0.0,1,0,1,ip-172-31-43-26,linux,0,1.321,757.01,KEM,True,2025-11-21T22:14:44.302231,,1194
FrodoKEM-1344-AES,keygen,1024,16,0.0,1,0,1,ip-172-31-43-26,linux,0,1.3316,750.98,KEM,True,2025-11-21T22:14:44.303602,,1195
FrodoKEM-1344-AES,keygen,1024,64,0.0,1,0,1,ip-172-31-43-26,linux,0,1.3316,750.98,KEM,True,2025-11-21T22:14:44.304969,,1196
FrodoKEM-1344-AES,keygen,1024,64,0.0,1,0,1,ip-172-31-43-26,linux,0,1.3369,747.98,KEM,True,2025-11-21T22:14:44.306337,,1197
FrodoKEM-1344-AES,keygen,1024,64,0.0,1,0,1,ip-172-31-43-26,linux,0,1.3284,752.78,KEM,True,2025-11-21T22:14:44.307699,,1198
FrodoKEM-1344-AES,keygen,1024,64,0.0,1,0,1,ip-172-31-43-26,linux,0,1.319,758.15,KEM,True,2025-11-21T22:14:44.309049,,1199
FrodoKEM-1344-AES,keygen,1024,64,0.0,1,0,1,ip-172-31-43-26,linux,0,1.3316,750.98,KEM,True,2025-11-21T22:14:44.310411,,1200
FrodoKEM-1344-AES,encap,0,1,0.0,1,0,1,ip-172-31-43-26,linux,0,2.9615,337.67,KEM,True,2025-11-21T22:14:44.313418,,1201
FrodoKEM-1344-AES,encap,0,1,0.0,1,0,1,ip-172-31-43-26,linux,0,2.9182,342.68,KEM,True,2025-11-21T22:14:44.316377,,1202
FrodoKEM-1344-AES,encap,0,1,0.0,1,0,1,ip-172-31-43-26,linux,0,2.9283,341.5,KEM,True,2025-11-21T22:14:44.319346,,1203
FrodoKEM-1344-AES,encap,0,1,0.0,1,0,1,ip-172-31-43-26,linux,0,2.939,340.25,KEM,True,2025-11-21T22:14:44.322326,,1204
FrodoKEM-1344-AES,encap,0,1,0.0,1,0,1,ip-172-31-43-26,linux,0,2.9282,341.51,KEM,True,2025-11-21T22:14:44.325296,,1205
FrodoKEM-1344-AES,encap,0,16,0.0,1,0,1,ip-172-31-43-26,linux,0,2.9282,341.5,KEM,True,2025-11-21T22:14:44.328265,,1206
FrodoKEM-1344-AES,encap,0,16,0.0,1,0,1,ip-172-31-43-26,linux,0,2.9286,341.46,KEM,True,2025-11-21T22:14:44.331233,,1207
FrodoKEM-1344-AES,encap,0,16,0.0,1,0,1,ip-172-31-43-26,linux,0,2.9127,343.33,KEM,True,2025-11-21T22:14:44.334180,,1208
FrodoKEM-1344-AES,encap,0,16,0.0,1,0,1,ip-172-31-43-26,linux,0,2.922,342.23,KEM,True,2025-11-21T22:14:44.337134,,1209
FrodoKEM-1344-AES,encap,0,16,0.0,1,0,1,ip-172-31-43-26,linux,0,2.9275,341.59,KEM,True,2025-11-21T22:14:44.340102,,1210
FrodoKEM-1344-AES,encap,0,64,0.0,1,0,1,ip-172-31-43-26,linux,0,2.9289,341.42,KEM,True,2025-11-21T22:14:44.343067,,1211
FrodoKEM-1344-AES,encap,0,64,0.0,1,0,1,ip-172-31-43-26,linux,0,2.9157,342.97,KEM,True,2025-11-21T22:14:44.346030,,1212
FrodoKEM-1344-AES,encap,0,64,0.0,1,0,1,ip-172-31-43-26,linux,0,2.9204,342.42,KEM,True,2025-11-21T22:14:44.348989,,1213
FrodoKEM-1344-AES,encap,0,64,0.0,1,0,1,ip-172-31-43-26,linux,0,2.9386,340.3,KEM,True,2025-11-21T22:14:44.351968,,1214
FrodoKEM-1344-AES,encap,0,64,0.0,1,0,1,ip-172-31-43-26,linux,0,2.926,341.76,KEM,True,2025-11-21T22:14:44.354933,,1215
FrodoKEM-1344-AES,encap,1024,1,0.0,1,0,1,ip-172-31-43-26,linux,0,2.9004,344.78,KEM,True,2025-11-21T22:14:44.357873,,1216
FrodoKEM-1344-AES,encap,1024,1,0.0,1,0,1,ip-172-31-43-26,linux,0,2.9156,342.98,KEM,True,2025-11-21T22:14:44.360827,,1217
FrodoKEM-1344-AES,encap,1024,1,0.0,1,0,1,ip-172-31-43-26,linux,0,2.9298,341.32,KEM,True,2025-11-21T22:14:44.363796,,1218
FrodoKEM-1344-AES,encap,1024,1,0.0,1,0,1,ip-172-31-43-26,linux,0,2.9285,341.48,KEM,True,2025-11-21T22:14:44.366765,,1219
FrodoKEM-1344-AES,encap,1024,1,0.0,1,0,1,ip-172-31-43-26,linux,0,2.919,342.58,KEM,True,2025-11-21T22:14:44.369723,,1220
FrodoKEM-1344-AES,encap,1024,16,0.0,1,0,1,ip-172-31-43-26,linux,0,2.9361,340.58,KEM,True,2025-11-21T22:14:44.372696,,1221
FrodoKEM-1344-AES,encap,1024,16,0.0,1,0,1,ip-172-31-43-26,linux,0,2.9285,341.47,KEM,True,2025-11-21T22:14:44.375664,,1222
FrodoKEM-1344-AES,encap,1024,16,0.0,1,0,1,ip-172-31-43-26,linux,0,2.9101,343.63,KEM,True,2025-11-21T22:14:44.378613,,1223
FrodoKEM-1344-AES,encap,1024,16,0.0,1,0,1,ip-172-31-43-26,linux,0,2.9205,342.41,KEM,True,2025-11-21T22:14:44.381572,,1224
FrodoKEM-1344-AES,encap,1024,16,0.0,1,0,1,ip-172-31-43-26,linux,0,2.94,340.14,KEM,True,2025-11-21T22:14:44.384550,,1225
FrodoKEM-1344-AES,encap,1024,64,0.0,1,0,1,ip-172-31-43-26,linux,0,2.9124,343.36,KEM,True,2025-11-21T22:14:44.387502,,1226
FrodoKEM-1344-AES,encap,1024,64,0.0,1,0,1,ip-172-31-43-26,linux,0,2.9263,341.73,KEM,True,2025-11-21T22:14:44.390467,,1227
FrodoKEM-1344-AES,encap,1024,64,0.0,1,0,1,ip-172-31-43-26,linux,0,2.9276,341.57,KEM,True,2025-11-21T22:14:44.393433,,1228
FrodoKEM-1344-AES,encap,1024,64,0.0,1,0,1,ip-172-31-43-26,linux,0,2.9322,341.04,KEM,True,2025-11-21T22:14:44.396405,,1229
FrodoKEM-1344-AES,encap,1024,64,0.0,1,0,1,ip-172-31-43-26,linux,0,2.9297,341.34,KEM,True,2025-11-21T22:14:44.399373,,1230
FrodoKEM-1344-AES,decap,0,1,0.0,1,0,1,ip-172-31-43-26,linux,0,4.447,224.87,KEM,True,2025-11-21T22:14:44.403870,,1231
FrodoKEM-1344-AES,decap,0,1,0.0,1,0,1,ip-172-31-43-26,linux,0,4.4425,225.1,KEM,True,2025-11-21T22:14:44.408353,,1232
FrodoKEM-1344-AES,decap,0,1,0.0,1,0,1,ip-172-31-43-26,linux,0,4.4379,225.33,KEM,True,2025-11-21T22:14:44.412830,,1233
FrodoKEM-1344-AES,decap,0,1,0.0,1,0,1,ip-172-31-43-26,linux,0,4.4596,224.24,KEM,True,2025-11-21T22:14:44.417329,,1234
FrodoKEM-1344-AES,decap,0,1,0.0,1,0,1,ip-172-31-43-26,linux,0,4.4519,224.62,KEM,True,2025-11-21T22:14:44.421821,,1235
FrodoKEM-1344-AES,decap,0,16,0.0,1,0,1,ip-172-31-43-26,linux,0,4.464,224.02,KEM,True,2025-11-21T22:14:44.426325,,1236
FrodoKEM-1344-AES,decap,0,16,0.0,1,0,1,ip-172-31-43-26,linux,0,4.4503,224.7,KEM,True,2025-11-21T22:14:44.430815,,1237
FrodoKEM-1344-AES,decap,0,16,0.0,1,0,1,ip-172-31-43-26,linux,0,4.4622,224.11,KEM,True,2025-11-21T22:14:44.435314,,1238
FrodoKEM-1344-AES,decap,0,16,0.0,1,0,1,ip-172-31-43-26,linux,0,4.4545,224.49,KEM,True,2025-11-21T22:14:44.439812,,1239
FrodoKEM-1344-AES,decap,0,16,0.0,1,0,1,ip-172-31-43-26,linux,0,4.4423,225.11,KEM,True,2025-11-21T22:14:44.444296,,1240
FrodoKEM-1344-AES,decap,0,64,0.0,1,0,1,ip-172-31-43-26,linux,0,4.442,225.12,KEM,True,2025-11-21T22:14:44.448778,,1241
FrodoKEM-1344-AES,decap,0,64,0.0,1,0,1,ip-172-31-43-26,linux,0,4.4514,224.65,KEM,True,2025-11-21T22:14:44.453266,,1242
FrodoKEM-1344-AES,decap,0,64,0.0,1,0,1,ip-172-31-43-26,linux,0,4.4594,224.24,KEM,True,2025-11-21T22:14:44.457766,,1243
FrodoKEM-1344-AES,decap,0,64,0.0,1,0,1,ip-172-31-43-26,linux,0,4.485,222.97,KEM,True,2025-11-21T22:14:44.462292,,1244
FrodoKEM-1344-AES,decap,0,64,0.0,1,0,1,ip-172-31-43-26,linux,0,4.4699,223.72,KEM,True,2025-11-21T22:14:44.466809,,1245
FrodoKEM-1344-AES,decap,1024,1,0.0,1,0,1,ip-172-31-43-26,linux,0,4.4554,224.45,KEM,True,2025-11-21T22:14:44.471306,,1246
FrodoKEM-1344-AES,decap,1024,1,0.0,1,0,1,ip-172-31-43-26,linux,0,4.4603,224.2,KEM,True,2025-11-21T22:14:44.475808,,1247
FrodoKEM-1344-AES,decap,1024,1,0.0,1,0,1,ip-172-31-43-26,linux,0,4.4655,223.94,KEM,True,2025-11-21T22:14:44.480311,,1248
FrodoKEM-1344-AES,decap,1024,1,0.0,1,0,1,ip-172-31-43-26,linux,0,4.4545,224.49,KEM,True,2025-11-21T22:14:44.484805,,1249
FrodoKEM-1344-AES,decap,1024,1,0.0,1,0,1,ip-172-31-43-26,linux,0,4.4494,224.75,KEM,True,2025-11-21T22:14:44.489297,,1250
FrodoKEM-1344-AES,decap,1024,16,0.0,1,0,1,ip-172-31-43-26,linux,0,4.4499,224.72,KEM,True,2025-11-21T22:14:44.493791,,1251
FrodoKEM-1344-AES,decap,1024,16,0.0,1,0,1,ip-172-31-43-26,linux,0,4.4679,223.82,KEM,True,2025-11-21T22:14:44.498300,,1252
FrodoKEM-1344-AES,decap,1024,16,0.0,1,0,1,ip-172-31-43-26,linux,0,4.4507,224.68,KEM,True,2025-11-21T22:14:44.502791,,1253
FrodoKEM-1344-AES,decap,1024,16,0.0,1,0,1,ip-172-31-43-26,linux,0,4.4624,224.1,KEM,True,2025-11-21T22:14:44.507332,,1254
FrodoKEM-1344-AES,decap,1024,16,0.0,1,0,1,ip-172-31-43-26,linux,0,4.4559,224.42,KEM,True,2025-11-21T22:14:44.511826,,1255
FrodoKEM-1344-AES,decap,1024,64,0.0,1,0,1,ip-172-31-43-26,linux,0,4.453,224.57,KEM,True,2025-11-21T22:14:44.516319,,1256
FrodoKEM-1344-AES,decap,1024,64,0.0,1,0,1,ip-172-31-43-26,linux,0,4.4506,224.69,KEM,True,2025-11-21T22:14:44.520806,,1257
FrodoKEM-1344-AES,decap,1024,64,0.0,1,0,1,ip-172-31-43-26,linux,0,4.4478,224.83,KEM,True,2025-11-21T22:14:44.525294,,1258
FrodoKEM-1344-AES,decap,1024,64,0.0,1,0,1,ip-172-31-43-26,linux,0,4.4501,224.72,KEM,True,2025-11-21T22:14:44.529780,,1259
FrodoKEM-1344-AES,decap,1024,64,0.0,1,0,1,ip-172-31-43-26,linux,0,4.4649,223.97,KEM,True,2025-11-21T22:14:44.534282,,1260
FrodoKEM-1344-SHAKE,keygen,0,1,0.0,1,0,1,ip-172-31-43-26,linux,0,8.5405,117.09,KEM,True,2025-11-21T22:14:44.542872,,1261
FrodoKEM-1344-SHAKE,keygen,0,1,0.0,1,0,1,ip-172-31-43-26,linux,0,8.4951,117.71,KEM,True,2025-11-21T22:14:44.551403,,1262
FrodoKEM-1344-SHAKE,keygen,0,1,0.0,1,0,1,ip-172-31-43-26,linux,0,8.4959,117.7,KEM,True,2025-11-21T22:14:44.559933,,1263
FrodoKEM-1344-SHAKE,keygen,0,1,0.0,1,0,1,ip-172-31-43-26,linux,0,8.4884,117.81,KEM,True,2025-11-21T22:14:44.568452,,1264
FrodoKEM-1344-SHAKE,keygen,0,1,0.0,1,0,1,ip-172-31-43-26,linux,0,8.4887,117.8,KEM,True,2025-11-21T22:14:44.576972,,1265
FrodoKEM-1344-SHAKE,keygen,0,16,0.0,1,0,1,ip-172-31-43-26,linux,0,8.4944,117.72,KEM,True,2025-11-21T22:14:44.585495,,1266
FrodoKEM-1344-SHAKE,keygen,0,16,0.0,1,0,1,ip-172-31-43-26,linux,0,8.4966,117.69,KEM,True,2025-11-21T22:14:44.594023,,1267
FrodoKEM-1344-SHAKE,keygen,0,16,0.0,1,0,1,ip-172-31-43-26,linux,0,8.5127,117.47,KEM,True,2025-11-21T22:14:44.602570,,1268
FrodoKEM-1344-SHAKE,keygen,0,16,0.0,1,0,1,ip-172-31-43-26,linux,0,8.5049,117.58,KEM,True,2025-11-21T22:14:44.611108,,1269
FrodoKEM-1344-SHAKE,keygen,0,16,0.0,1,0,1,ip-172-31-43-26,linux,0,8.5027,117.61,KEM,True,2025-11-21T22:14:44.619642,,1270
FrodoKEM-1344-SHAKE,keygen,0,64,0.0,1,0,1,ip-172-31-43-26,linux,0,8.4973,117.68,KEM,True,2025-11-21T22:14:44.628172,,1271
FrodoKEM-1344-SHAKE,keygen,0,64,0.0,1,0,1,ip-172-31-43-26,linux,0,8.5029,117.61,KEM,True,2025-11-21T22:14:44.636707,,1272
FrodoKEM-1344-SHAKE,keygen,0,64,0.0,1,0,1,ip-172-31-43-26,linux,0,8.501,117.63,KEM,True,2025-11-21T22:14:44.645239,,1273
FrodoKEM-1344-SHAKE,keygen,0,64,0.0,1,0,1,ip-172-31-43-26,linux,0,8.4944,117.72,KEM,True,2025-11-21T22:14:44.653763,,1274
FrodoKEM-1344-SHAKE,keygen,0,64,0.0,1,0,1,ip-172-31-43-26,linux,0,8.4984,117.67,KEM,True,2025-11-21T22:14:44.662295,,1275
FrodoKEM-1344-SHAKE,keygen,1024,1,0.0,1,0,1,ip-172-31-43-26,linux,0,8.4946,117.72,KEM,True,2025-11-21T22:14:44.670825,,1276
FrodoKEM-1344-SHAKE,keygen,1024,1,0.0,1,0,1,ip-172-31-43-26,linux,0,8.4967,117.69,KEM,True,2025-11-21T22:14:44.679352,,1277
FrodoKEM-1344-SHAKE,keygen,1024,1,0.0,1,0,1,ip-172-31-43-26,linux,0,8.4887,117.8,KEM,True,2025-11-21T22:14:44.687875,,1278
FrodoKEM-1344-SHAKE,keygen,1024,1,0.0,1,0,1,ip-172-31-43-26,linux,0,8.4961,117.7,KEM,True,2025-11-21T22:14:44.696400,,1279
FrodoKEM-1344-SHAKE,keygen,1024,1,0.0,1,0,1,ip-172-31-43-26,linux,0,8.49,117.79,KEM,True,2025-11-21T22:14:44.704922,,1280
FrodoKEM-1344-SHAKE,keygen,1024,16,0.0,1,0,1,ip-172-31-43-26,linux,0,8.4987,117.67,KEM,True,2025-11-21T22:14:44.713455,,1281
FrodoKEM-1344-SHAKE,keygen,1024,16,0.0,1,0,1,ip-172-31-43-26,linux,0,8.508,117.54,KEM,True,2025-11-21T22:14:44.721994,,1282
FrodoKEM-1344-SHAKE,keygen,1024,16,0.0,1,0,1,ip-172-31-43-26,linux,0,8.5008,117.64,KEM,True,2025-11-21T22:14:44.730531,,1283
FrodoKEM-1344-SHAKE,keygen,1024,16,0.0,1,0,1,ip-172-31-43-26,linux,0,8.5027,117.61,KEM,True,2025-11-21T22:14:44.739068,,1284
FrodoKEM-1344-SHAKE,keygen,1024,16,0.0,1,0,1,ip-172-31-43-26,linux,0,8.502,117.62,KEM,True,2025-11-21T22:14:44.747600,,1285
FrodoKEM-1344-SHAKE,keygen,1024,64,0.0,1,0,1,ip-172-31-43-26,linux,0,8.5079,117.54,KEM,True,2025-11-21T22:14:44.756143,,1286
FrodoKEM-1344-SHAKE,keygen,1024,64,0.0,1,0,1,ip-172-31-43-26,linux,0,8.4953,117.71,KEM,True,2025-11-21T22:14:44.764668,,1287
FrodoKEM-1344-SHAKE,keygen,1024,64,0.0,1,0,1,ip-172-31-43-26,linux,0,8.4985,117.67,KEM,True,2025-11-21T22:14:44.773199,,1288
FrodoKEM-1344-SHAKE,keygen,1024,64,0.0,1,0,1,ip-172-31-43-26,linux,0,8.4985,117.67,KEM,True,2025-11-21T22:14:44.781732,,1289
FrodoKEM-1344-SHAKE,keygen,1024,64,0.0,1,0,1,ip-172-31-43-26,linux,0,8.5024,117.61,KEM,True,2025-11-21T22:14:44.790268,,1290
FrodoKEM-1344-SHAKE,encap,0,1,0.0,1,0,1,ip-172-31-43-26,linux,0,17.6211,56.75,KEM,True,2025-11-21T22:14:44.807927,,1291
FrodoKEM-1344-SHAKE,encap,0,1,0.0,1,0,1,ip-172-31-43-26,linux,0,17.63,56.72,KEM,True,2025-11-21T22:14:44.825594,,1292
FrodoKEM-1344-SHAKE,encap,0,1,0.0,1,0,1,ip-172-31-43-26,linux,0,17.6286,56.73,KEM,True,2025-11-21T22:14:44.843262,,1293
FrodoKEM-1344-SHAKE,encap,0,1,0.0,1,0,1,ip-172-31-43-26,linux,0,17.6282,56.73,KEM,True,2025-11-21T22:14:44.860933,,1294
FrodoKEM-1344-SHAKE,encap,0,1,0.0,1,0,1,ip-172-31-43-26,linux,0,17.6702,56.59,KEM,True,2025-11-21T22:14:44.878646,,1295
FrodoKEM-1344-SHAKE,encap,0,16,0.0,1,0,1,ip-172-31-43-26,linux,0,17.6348,56.71,KEM,True,2025-11-21T22:14:44.896336,,1296
FrodoKEM-1344-SHAKE,encap,0,16,0.0,1,0,1,ip-172-31-43-26,linux,0,17.6446,56.67,KEM,True,2025-11-21T22:14:44.914028,,1297
FrodoKEM-1344-SHAKE,encap,0,16,0.0,1,0,1,ip-172-31-43-26,linux,0,17.6389,56.69,KEM,True,2025-11-21T22:14:44.931718,,1298
FrodoKEM-1344-SHAKE,encap,0,16,0.0,1,0,1,ip-172-31-43-26,linux,0,17.6316,56.72,KEM,True,2025-11-21T22:14:44.949397,,1299
FrodoKEM-1344-SHAKE,encap,0,16,0.0,1,0,1,ip-172-31-43-26,linux,0,17.6342,56.71,KEM,True,2025-11-21T22:14:44.967076,,1300
FrodoKEM-1344-SHAKE,encap,0,64,0.0,1,0,1,ip-172-31-43-26,linux,0,17.609,56.79,KEM,True,2025-11-21T22:14:44.984735,,1301
FrodoKEM-1344-SHAKE,encap,0,64,0.0,1,0,1,ip-172-31-43-26,linux,0,17.6337,56.71,KEM,True,2025-11-21T22:14:45.002408,,1302
FrodoKEM-1344-SHAKE,encap,0,64,0.0,1,0,1,ip-172-31-43-26,linux,0,17.6367,56.7,KEM,True,2025-11-21T22:14:45.020093,,1303
FrodoKEM-1344-SHAKE,encap,0,64,0.0,1,0,1,ip-172-31-43-26,linux,0,17.6355,56.7,KEM,True,2025-11-21T22:14:45.037791,,1304
FrodoKEM-1344-SHAKE,encap,0,64,0.0,1,0,1,ip-172-31-43-26,linux,0,17.6345,56.71,KEM,True,2025-11-21T22:14:45.055480,,1305
FrodoKEM-1344-SHAKE,encap,1024,1,0.0,1,0,1,ip-172-31-43-26,linux,0,17.6303,56.72,KEM,True,2025-11-21T22:14:45.073167,,1306
FrodoKEM-1344-SHAKE,encap,1024,1,0.0,1,0,1,ip-172-31-43-26,linux,0,17.6269,56.73,KEM,True,2025-11-21T22:14:45.090850,,1307
FrodoKEM-1344-SHAKE,encap,1024,1,0.0,1,0,1,ip-172-31-43-26,linux,0,17.6405,56.69,KEM,True,2025-11-21T22:14:45.108543,,1308
FrodoKEM-1344-SHAKE,encap,1024,1,0.0,1,0,1,ip-172-31-43-26,linux,0,17.6507,56.66,KEM,True,2025-11-21T22:14:45.126252,,1309
FrodoKEM-1344-SHAKE,encap,1024,1,0.0,1,0,1,ip-172-31-43-26,linux,0,17.6319,56.72,KEM,True,2025-11-21T22:14:45.143939,,1310
FrodoKEM-1344-SHAKE,encap,1024,16,0.0,1,0,1,ip-172-31-43-26,linux,0,17.6218,56.75,KEM,True,2025-11-21T22:14:45.161614,,1311
FrodoKEM-1344-SHAKE,encap,1024,16,0.0,1,0,1,ip-172-31-43-26,linux,0,17.625,56.74,KEM,True,2025-11-21T22:14:45.179289,,1312
FrodoKEM-1344-SHAKE,encap,1024,16,0.0,1,0,1,ip-172-31-43-26,linux,0,17.6321,56.71,KEM,True,2025-11-21T22:14:45.196968,,1313
FrodoKEM-1344-SHAKE,encap,1024,16,0.0,1,0,1,ip-172-31-43-26,linux,0,17.6333,56.71,KEM,True,2025-11-21T22:14:45.214648,,1314
FrodoKEM-1344-SHAKE,encap,1024,16,0.0,1,0,1,ip-172-31-43-26,linux,0,17.6314,56.72,KEM,True,2025-11-21T22:14:45.232321,,1315
FrodoKEM-1344-SHAKE,encap,1024,64,0.0,1,0,1,ip-172-31-43-26,linux,0,17.6221,56.75,KEM,True,2025-11-21T22:14:45.249989,,1316
FrodoKEM-1344-SHAKE,encap,1024,64,0.0,1,0,1,ip-172-31-43-26,linux,0,17.6445,56.67,KEM,True,2025-11-21T22:14:45.267678,,1317
FrodoKEM-1344-SHAKE,encap,1024,64,0.0,1,0,1,ip-172-31-43-26,linux,0,17.6207,56.75,KEM,True,2025-11-21T22:14:45.285341,,1318
FrodoKEM-1344-SHAKE,encap,1024,64,0.0,1,0,1,ip-172-31-43-26,linux,0,17.643,56.68,KEM,True,2025-11-21T22:14:45.303030,,1319
FrodoKEM-1344-SHAKE,encap,1024,64,0.0,1,0,1,ip-172-31-43-26,linux,0,17.6248,56.74,KEM,True,2025-11-21T22:14:45.320743,,1320
FrodoKEM-1344-SHAKE,decap,0,1,0.0,1,0,1,ip-172-31-43-26,linux,0,26.6961,37.46,KEM,True,2025-11-21T22:14:45.347497,,1321
FrodoKEM-1344-SHAKE,decap,0,1,0.0,1,0,1,ip-172-31-43-26,linux,0,26.7144,37.43,KEM,True,2025-11-21T22:14:45.374262,,1322
FrodoKEM-1344-SHAKE,decap,0,1,0.0,1,0,1,ip-172-31-43-26,linux,0,26.6789,37.48,KEM,True,2025-11-21T22:14:45.400991,,1323
FrodoKEM-1344-SHAKE,decap,0,1,0.0,1,0,1,ip-172-31-43-26,linux,0,26.6879,37.47,KEM,True,2025-11-21T22:14:45.427725,,1324
FrodoKEM-1344-SHAKE,decap,0,1,0.0,1,0,1,ip-172-31-43-26,linux,0,26.6831,37.48,KEM,True,2025-11-21T22:14:45.454455,,1325
FrodoKEM-1344-SHAKE,decap,0,16,0.0,1,0,1,ip-172-31-43-26,linux,0,26.6953,37.46,KEM,True,2025-11-21T22:14:45.481201,,1326
FrodoKEM-1344-SHAKE,decap,0,16,0.0,1,0,1,ip-172-31-43-26,linux,0,26.7142,37.43,KEM,True,2025-11-21T22:14:45.507966,,1327
FrodoKEM-1344-SHAKE,decap,0,16,0.0,1,0,1,ip-172-31-43-26,linux,0,26.7112,37.44,KEM,True,2025-11-21T22:14:45.534731,,1328
FrodoKEM-1344-SHAKE,decap,0,16,0.0,1,0,1,ip-172-31-43-26,linux,0,26.7199,37.43,KEM,True,2025-11-21T22:14:45.561502,,1329
FrodoKEM-1344-SHAKE,decap,0,16,0.0,1,0,1,ip-172-31-43-26,linux,0,26.7151,37.43,KEM,True,2025-11-21T22:14:45.588267,,1330
FrodoKEM-1344-SHAKE,decap,0,64,0.0,1,0,1,ip-172-31-43-26,linux,0,26.6903,37.47,KEM,True,2025-11-21T22:14:45.615007,,1331
FrodoKEM-1344-SHAKE,decap,0,64,0.0,1,0,1,ip-172-31-43-26,linux,0,26.7009,37.45,KEM,True,2025-11-21T22:14:45.641759,,1332
FrodoKEM-1344-SHAKE,decap,0,64,0.0,1,0,1,ip-172-31-43-26,linux,0,26.6809,37.48,KEM,True,2025-11-21T22:14:45.668493,,1333
FrodoKEM-1344-SHAKE,decap,0,64,0.0,1,0,1,ip-172-31-43-26,linux,0,26.7153,37.43,KEM,True,2025-11-21T22:14:45.695260,,1334
FrodoKEM-1344-SHAKE,decap,0,64,0.0,1,0,1,ip-172-31-43-26,linux,0,26.6874,37.47,KEM,True,2025-11-21T22:14:45.722005,,1335
FrodoKEM-1344-SHAKE,decap,1024,1,0.0,1,0,1,ip-172-31-43-26,linux,0,26.7311,37.41,KEM,True,2025-11-21T22:14:45.748790,,1336
FrodoKEM-1344-SHAKE,decap,1024,1,0.0,1,0,1,ip-172-31-43-26,linux,0,26.7005,37.45,KEM,True,2025-11-21T22:14:45.775545,,1337
FrodoKEM-1344-SHAKE,decap,1024,1,0.0,1,0,1,ip-172-31-43-26,linux,0,26.6922,37.46,KEM,True,2025-11-21T22:14:45.802288,,1338
FrodoKEM-1344-SHAKE,decap,1024,1,0.0,1,0,1,ip-172-31-43-26,linux,0,26.6854,37.47,KEM,True,2025-11-21T22:14:45.829023,,1339
FrodoKEM-1344-SHAKE,decap,1024,1,0.0,1,0,1,ip-172-31-43-26,linux,0,26.7139,37.43,KEM,True,2025-11-21T22:14:45.855785,,1340
FrodoKEM-1344-SHAKE,decap,1024,16,0.0,1,0,1,ip-172-31-43-26,linux,0,26.7235,37.42,KEM,True,2025-11-21T22:14:45.882559,,1341
FrodoKEM-1344-SHAKE,decap,1024,16,0.0,1,0,1,ip-172-31-43-26,linux,0,26.6933,37.46,KEM,True,2025-11-21T22:14:45.909302,,1342
FrodoKEM-1344-SHAKE,decap,1024,16,0.0,1,0,1,ip-172-31-43-26,linux,0,26.704,37.45,KEM,True,2025-11-21T22:14:45.936055,,1343
FrodoKEM-1344-SHAKE,decap,1024,16,0.0,1,0,1,ip-172-31-43-26,linux,0,26.6947,37.46,KEM,True,2025-11-21T22:14:45.962796,,1344
FrodoKEM-1344-SHAKE,decap,1024,16,0.0,1,0,1,ip-172-31-43-26,linux,0,26.7009,37.45,KEM,True,2025-11-21T22:14:45.989547,,1345
FrodoKEM-1344-SHAKE,decap,1024,64,0.0,1,0,1,ip-172-31-43-26,linux,0,26.6963,37.46,KEM,True,2025-11-21T22:14:46.016293,,1346
FrodoKEM-1344-SHAKE,decap,1024,64,0.0,1,0,1,ip-172-31-43-26,linux,0,26.6889,37.47,KEM,True,2025-11-21T22:14:46.043037,,1347
FrodoKEM-1344-SHAKE,decap,1024,64,0.0,1,0,1,ip-172-31-43-26,linux,0,26.7058,37.44,KEM,True,2025-11-21T22:14:46.069798,,1348
FrodoKEM-1344-SHAKE,decap,1024,64,0.0,1,0,1,ip-172-31-43-26,linux,0,26.6886,37.47,KEM,True,2025-11-21T22:14:46.096539,,1349
FrodoKEM-1344-SHAKE,decap,1024,64,0.0,1,0,1,ip-172-31-43-26,linux,0,26.6831,37.48,KEM,True,2025-11-21T22:14:46.123276,,1350
FrodoKEM-640-AES,keygen,0,1,0.0,1,0,1,ip-172-31-43-26,linux,0,0.4706,2125.11,KEM,True,2025-11-21T22:14:46.123804,,1351
FrodoKEM-640-AES,keygen,0,1,0.0,1,0,1,ip-172-31-43-26,linux,0,0.3859,2591.11,KEM,True,2025-11-21T22:14:46.124227,,1352
FrodoKEM-640-AES,keygen,0,1,0.0,1,0,1,ip-172-31-43-26,linux,0,0.3763,2657.43,KEM,True,2025-11-21T22:14:46.124631,,1353
FrodoKEM-640-AES,keygen,0,1,0.0,1,0,1,ip-172-31-43-26,linux,0,0.3734,2678.36,KEM,True,2025-11-21T22:14:46.125026,,1354
FrodoKEM-640-AES,keygen,0,1,0.0,1,0,1,ip-172-31-43-26,linux,0,0.3762,2657.85,KEM,True,2025-11-21T22:14:46.125426,,1355
FrodoKEM-640-AES,keygen,0,16,0.0,1,0,1,ip-172-31-43-26,linux,0,0.3647,2741.64,KEM,True,2025-11-21T22:14:46.125816,,1356
FrodoKEM-640-AES,keygen,0,16,0.0,1,0,1,ip-172-31-43-26,linux,0,0.3792,2637.2,KEM,True,2025-11-21T22:14:46.126218,,1357
FrodoKEM-640-AES,keygen,0,16,0.0,1,0,1,ip-172-31-43-26,linux,0,0.3816,2620.26,KEM,True,2025-11-21T22:14:46.126624,,1358
FrodoKEM-640-AES,keygen,0,16,0.0,1,0,1,ip-172-31-43-26,linux,0,0.3708,2696.97,KEM,True,2025-11-21T22:14:46.127019,,1359
FrodoKEM-640-AES,keygen,0,16,0.0,1,0,1,ip-172-31-43-26,linux,0,0.3882,2575.78,KEM,True,2025-11-21T22:14:46.127433,,1360
FrodoKEM-640-AES,keygen,0,64,0.0,1,0,1,ip-172-31-43-26,linux,0,0.3756,2662.33,KEM,True,2025-11-21T22:14:46.127840,,1361
FrodoKEM-640-AES,keygen,0,64,0.0,1,0,1,ip-172-31-43-26,linux,0,0.3814,2622.19,KEM,True,2025-11-21T22:14:46.128247,,1362
FrodoKEM-640-AES,keygen,0,64,0.0,1,0,1,ip-172-31-43-26,linux,0,0.3715,2691.56,KEM,True,2025-11-21T22:14:46.128644,,1363
FrodoKEM-640-AES,keygen,0,64,0.0,1,0,1,ip-172-31-43-26,linux,0,0.3727,2683.02,KEM,True,2025-11-21T22:14:46.129041,,1364
FrodoKEM-640-AES,keygen,0,64,0.0,1,0,1,ip-172-31-43-26,linux,0,0.3797,2633.57,KEM,True,2025-11-21T22:14:46.129443,,1365
FrodoKEM-640-AES,keygen,1024,1,0.0,1,0,1,ip-172-31-43-26,linux,0,0.3721,2687.23,KEM,True,2025-11-21T22:14:46.129840,,1366
FrodoKEM-640-AES,keygen,1024,1,0.0,1,0,1,ip-172-31-43-26,linux,0,0.3727,2683.2,KEM,True,2025-11-21T22:14:46.130237,,1367
FrodoKEM-640-AES,keygen,1024,1,0.0,1,0,1,ip-172-31-43-26,linux,0,0.3692,2708.69,KEM,True,2025-11-21T22:14:46.130635,,1368
FrodoKEM-640-AES,keygen,1024,1,0.0,1,0,1,ip-172-31-43-26,linux,0,0.3692,2708.76,KEM,True,2025-11-21T22:14:46.131027,,1369
FrodoKEM-640-AES,keygen,1024,1,0.0,1,0,1,ip-172-31-43-26,linux,0,0.3808,2625.76,KEM,True,2025-11-21T22:14:46.131430,,1370
FrodoKEM-640-AES,keygen,1024,16,0.0,1,0,1,ip-172-31-43-26,linux,0,0.3722,2686.76,KEM,True,2025-11-21T22:14:46.131827,,1371
FrodoKEM-640-AES,keygen,1024,16,0.0,1,0,1,ip-172-31-43-26,linux,0,0.3752,2664.98,KEM,True,2025-11-21T22:14:46.132226,,1372
FrodoKEM-640-AES,keygen,1024,16,0.0,1,0,1,ip-172-31-43-26,linux,0,0.3664,2729.63,KEM,True,2025-11-21T22:14:46.132616,,1373
FrodoKEM-640-AES,keygen,1024,16,0.0,1,0,1,ip-172-31-43-26,linux,0,0.3678,2718.55,KEM,True,2025-11-21T22:14:46.133006,,1374
FrodoKEM-640-AES,keygen,1024,16,0.0,1,0,1,ip-172-31-43-26,linux,0,0.3869,2584.77,KEM,True,2025-11-21T22:14:46.133419,,1375
FrodoKEM-640-AES,keygen,1024,64,0.0,1,0,1,ip-172-31-43-26,linux,0,0.3827,2613.03,KEM,True,2025-11-21T22:14:46.133832,,1376
FrodoKEM-640-AES,keygen,1024,64,0.0,1,0,1,ip-172-31-43-26,linux,0,0.3878,2578.44,KEM,True,2025-11-21T22:14:46.134253,,1377
FrodoKEM-640-AES,keygen,1024,64,0.0,1,0,1,ip-172-31-43-26,linux,0,0.3762,2657.96,KEM,True,2025-11-21T22:14:46.134660,,1378
FrodoKEM-640-AES,keygen,1024,64,0.0,1,0,1,ip-172-31-43-26,linux,0,0.3738,2675.02,KEM,True,2025-11-21T22:14:46.135058,,1379
FrodoKEM-640-AES,keygen,1024,64,0.0,1,0,1,ip-172-31-43-26,linux,0,0.3815,2621.49,KEM,True,2025-11-21T22:14:46.135465,,1380
FrodoKEM-640-AES,encap,0,1,0.0,1,0,1,ip-172-31-43-26,linux,0,0.8989,1112.41,KEM,True,2025-11-21T22:14:46.136402,,1381
FrodoKEM-640-AES,encap,0,1,0.0,1,0,1,ip-172-31-43-26,linux,0,0.8491,1177.73,KEM,True,2025-11-21T22:14:46.137284,,1382
FrodoKEM-640-AES,encap,0,1,0.0,1,0,1,ip-172-31-43-26,linux,0,0.8423,1187.26,KEM,True,2025-11-21T22:14:46.138155,,1383
FrodoKEM-640-AES,encap,0,1,0.0,1,0,1,ip-172-31-43-26,linux,0,0.8488,1178.17,KEM,True,2025-11-21T22:14:46.139036,,1384
FrodoKEM-640-AES,encap,0,1,0.0,1,0,1,ip-172-31-43-26,linux,0,0.8412,1188.77,KEM,True,2025-11-21T22:14:46.139904,,1385
FrodoKEM-640-AES,encap,0,16,0.0,1,0,1,ip-172-31-43-26,linux,0,0.8501,1176.39,KEM,True,2025-11-21T22:14:46.140826,,1386
FrodoKEM-640-AES,encap,0,16,0.0,1,0,1,ip-172-31-43-26,linux,0,0.8556,1168.78,KEM,True,2025-11-21T22:14:46.141711,,1387
FrodoKEM-640-AES,encap,0,16,0.0,1,0,1,ip-172-31-43-26,linux,0,0.865,1156.01,KEM,True,2025-11-21T22:14:46.142611,,1388
FrodoKEM-640-AES,encap,0,16,0.0,1,0,1,ip-172-31-43-26,linux,0,0.852,1173.69,KEM,True,2025-11-21T22:14:46.143495,,1389
FrodoKEM-640-AES,encap,0,16,0.0,1,0,1,ip-172-31-43-26,linux,0,0.8437,1185.23,KEM,True,2025-11-21T22:14:46.144374,,1390
FrodoKEM-640-AES,encap,0,64,0.0,1,0,1,ip-172-31-43-26,linux,0,0.8517,1174.06,KEM,True,2025-11-21T22:14:46.145261,,1391
FrodoKEM-640-AES,encap,0,64,0.0,1,0,1,ip-172-31-43-26,linux,0,0.8524,1173.11,KEM,True,2025-11-21T22:14:46.146142,,1392
FrodoKEM-640-AES,encap,0,64,0.0,1,0,1,ip-172-31-43-26,linux,0,0.8434,1185.63,KEM,True,2025-11-21T22:14:46.147013,,1393
FrodoKEM-640-AES,encap,0,64,0.0,1,0,1,ip-172-31-43-26,linux,0,0.8521,1173.58,KEM,True,2025-11-21T22:14:46.147896,,1394
FrodoKEM-640-AES,encap,0,64,0.0,1,0,1,ip-172-31-43-26,linux,0,0.8457,1182.4,KEM,True,2025-11-21T22:14:46.148770,,1395
FrodoKEM-640-AES,encap,1024,1,0.0,1,0,1,ip-172-31-43-26,linux,0,0.8502,1176.23,KEM,True,2025-11-21T22:14:46.149653,,1396
FrodoKEM-640-AES,encap,1024,1,0.0,1,0,1,ip-172-31-43-26,linux,0,0.8474,1180.06,KEM,True,2025-11-21T22:14:46.150530,,1397
FrodoKEM-640-AES,encap,1024,1,0.0,1,0,1,ip-172-31-43-26,linux,0,0.8419,1187.81,KEM,True,2025-11-21T22:14:46.151404,,1398
FrodoKEM-640-AES,encap,1024,1,0.0,1,0,1,ip-172-31-43-26,linux,0,0.8486,1178.41,KEM,True,2025-11-21T22:14:46.152281,,1399
FrodoKEM-640-AES,encap,1024,1,0.0,1,0,1,ip-172-31-43-26,linux,0,0.8409,1189.25,KEM,True,2025-11-21T22:14:46.153156,,1400
FrodoKEM-640-AES,encap,1024,16,0.0,1,0,1,ip-172-31-43-26,linux,0,0.838,1193.31,KEM,True,2025-11-21T22:14:46.154022,,1401
FrodoKEM-640-AES,encap,1024,16,0.0,1,0,1,ip-172-31-43-26,linux,0,0.8492,1177.55,KEM,True,2025-11-21T22:14:46.154897,,1402
FrodoKEM-640-AES,encap,1024,16,0.0,1,0,1,ip-172-31-43-26,linux,0,0.849,1177.89,KEM,True,2025-11-21T22:14:46.155778,,1403
FrodoKEM-640-AES,encap,1024,16,0.0,1,0,1,ip-172-31-43-26,linux,0,0.8397,1190.89,KEM,True,2025-11-21T22:14:46.156646,,1404
FrodoKEM-640-AES,encap,1024,16,0.0,1,0,1,ip-172-31-43-26,linux,0,0.8422,1187.31,KEM,True,2025-11-21T22:14:46.157516,,1405
FrodoKEM-640-AES,encap,1024,64,0.0,1,0,1,ip-172-31-43-26,linux,0,0.8639,1157.5,KEM,True,2025-11-21T22:14:46.158413,,1406
FrodoKEM-640-AES,encap,1024,64,0.0,1,0,1,ip-172-31-43-26,linux,0,0.8435,1185.54,KEM,True,2025-11-21T22:14:46.159291,,1407
FrodoKEM-640-AES,encap,1024,64,0.0,1,0,1,ip-172-31-43-26,linux,0,0.8496,1177.04,KEM,True,2025-11-21T22:14:46.160171,,1408
FrodoKEM-640-AES,encap,1024,64,0.0,1,0,1,ip-172-31-43-26,linux,0,0.8407,1189.44,KEM,True,2025-11-21T22:14:46.161038,,1409
FrodoKEM-640-AES,encap,1024,64,0.0,1,0,1,ip-172-31-43-26,linux,0,0.8543,1170.56,KEM,True,2025-11-21T22:14:46.161919,,1410
FrodoKEM-640-AES,decap,0,1,0.0,1,0,1,ip-172-31-43-26,linux,0,1.3123,762.02,KEM,True,2025-11-21T22:14:46.163272,,1411
FrodoKEM-640-AES,decap,0,1,0.0,1,0,1,ip-172-31-43-26,linux,0,1.2937,772.95,KEM,True,2025-11-21T22:14:46.164602,,1412
FrodoKEM-640-AES,decap,0,1,0.0,1,0,1,ip-172-31-43-26,linux,0,1.2907,774.75,KEM,True,2025-11-21T22:14:46.165922,,1413
FrodoKEM-640-AES,decap,0,1,0.0,1,0,1,ip-172-31-43-26,linux,0,1.3052,766.16,KEM,True,2025-11-21T22:14:46.167262,,1414
FrodoKEM-640-AES,decap,0,1,0.0,1,0,1,ip-172-31-43-26,linux,0,1.2847,778.4,KEM,True,2025-11-21T22:14:46.168575,,1415
FrodoKEM-640-AES,decap,0,16,0.0,1,0,1,ip-172-31-43-26,linux,0,1.2859,777.69,KEM,True,2025-11-21T22:14:46.169890,,1416
FrodoKEM-640-AES,decap,0,16,0.0,1,0,1,ip-172-31-43-26,linux,0,1.3115,762.5,KEM,True,2025-11-21T22:14:46.171233,,1417
FrodoKEM-640-AES,decap,0,16,0.0,1,0,1,ip-172-31-43-26,linux,0,1.3069,765.14,KEM,True,2025-11-21T22:14:46.172574,,1418
FrodoKEM-640-AES,decap,0,16,0.0,1,0,1,ip-172-31-43-26,linux,0,1.293,773.38,KEM,True,2025-11-21T22:14:46.173901,,1419
FrodoKEM-640-AES,decap,0,16,0.0,1,0,1,ip-172-31-43-26,linux,0,1.3008,768.76,KEM,True,2025-11-21T22:14:46.175230,,1420
FrodoKEM-640-AES,decap,0,64,0.0,1,0,1,ip-172-31-43-26,linux,0,1.2912,774.45,KEM,True,2025-11-21T22:14:46.176551,,1421
FrodoKEM-640-AES,decap,0,64,0.0,1,0,1,ip-172-31-43-26,linux,0,1.2926,773.65,KEM,True,2025-11-21T22:14:46.177876,,1422
FrodoKEM-640-AES,decap,0,64,0.0,1,0,1,ip-172-31-43-26,linux,0,1.3106,763.01,KEM,True,2025-11-21T22:14:46.179217,,1423
FrodoKEM-640-AES,decap,0,64,0.0,1,0,1,ip-172-31-43-26,linux,0,1.2929,773.44,KEM,True,2025-11-21T22:14:46.180547,,1424
FrodoKEM-640-AES,decap,0,64,0.0,1,0,1,ip-172-31-43-26,linux,0,1.294,772.83,KEM,True,2025-11-21T22:14:46.181871,,1425
FrodoKEM-640-AES,decap,1024,1,0.0,1,0,1,ip-172-31-43-26,linux,0,1.3057,765.89,KEM,True,2025-11-21T22:14:46.183212,,1426
FrodoKEM-640-AES,decap,1024,1,0.0,1,0,1,ip-172-31-43-26,linux,0,1.2832,779.27,KEM,True,2025-11-21T22:14:46.184529,,1427
FrodoKEM-640-AES,decap,1024,1,0.0,1,0,1,ip-172-31-43-26,linux,0,1.2911,774.51,KEM,True,2025-11-21T22:14:46.185850,,1428
FrodoKEM-640-AES,decap,1024,1,0.0,1,0,1,ip-172-31-43-26,linux,0,1.3161,759.81,KEM,True,2025-11-21T22:14:46.187201,,1429
FrodoKEM-640-AES,decap,1024,1,0.0,1,0,1,ip-172-31-43-26,linux,0,1.2961,771.55,KEM,True,2025-11-21T22:14:46.188530,,1430
FrodoKEM-640-AES,decap,1024,16,0.0,1,0,1,ip-172-31-43-26,linux,0,1.2984,770.17,KEM,True,2025-11-21T22:14:46.189860,,1431
FrodoKEM-640-AES,decap,1024,16,0.0,1,0,1,ip-172-31-43-26,linux,0,1.3146,760.67,KEM,True,2025-11-21T22:14:46.191208,,1432
FrodoKEM-640-AES,decap,1024,16,0.0,1,0,1,ip-172-31-43-26,linux,0,1.2954,771.97,KEM,True,2025-11-21T22:14:46.192537,,1433
FrodoKEM-640-AES,decap,1024,16,0.0,1,0,1,ip-172-31-43-26,linux,0,1.2856,777.87,KEM,True,2025-11-21T22:14:46.193851,,1434
FrodoKEM-640-AES,decap,1024,16,0.0,1,0,1,ip-172-31-43-26,linux,0,1.3031,767.38,KEM,True,2025-11-21T22:14:46.195183,,1435
FrodoKEM-640-AES,decap,1024,64,0.0,1,0,1,ip-172-31-43-26,linux,0,1.2857,777.77,KEM,True,2025-11-21T22:14:46.196504,,1436
FrodoKEM-640-AES,decap,1024,64,0.0,1,0,1,ip-172-31-43-26,linux,0,1.2867,777.16,KEM,True,2025-11-21T22:14:46.197820,,1437
FrodoKEM-640-AES,decap,1024,64,0.0,1,0,1,ip-172-31-43-26,linux,0,1.3082,764.4,KEM,True,2025-11-21T22:14:46.199165,,1438
FrodoKEM-640-AES,decap,1024,64,0.0,1,0,1,ip-172-31-43-26,linux,0,1.2876,776.62,KEM,True,2025-11-21T22:14:46.200487,,1439
FrodoKEM-640-AES,decap,1024,64,0.0,1,0,1,ip-172-31-43-26,linux,0,1.2885,776.09,KEM,True,2025-11-21T22:14:46.201805,,1440
FrodoKEM-640-SHAKE,keygen,0,1,0.0,1,0,1,ip-172-31-43-26,linux,0,2.1468,465.8,KEM,True,2025-11-21T22:14:46.203989,,1441
FrodoKEM-640-SHAKE,keygen,0,1,0.0,1,0,1,ip-172-31-43-26,linux,0,2.1072,474.56,KEM,True,2025-11-21T22:14:46.206127,,1442
FrodoKEM-640-SHAKE,keygen,0,1,0.0,1,0,1,ip-172-31-43-26,linux,0,2.111,473.71,KEM,True,2025-11-21T22:14:46.208264,,1443
FrodoKEM-640-SHAKE,keygen,0,1,0.0,1,0,1,ip-172-31-43-26,linux,0,2.104,475.29,KEM,True,2025-11-21T22:14:46.210394,,1444
FrodoKEM-640-SHAKE,keygen,0,1,0.0,1,0,1,ip-172-31-43-26,linux,0,2.1147,472.88,KEM,True,2025-11-21T22:14:46.212532,,1445
FrodoKEM-640-SHAKE,keygen,0,16,0.0,1,0,1,ip-172-31-43-26,linux,0,2.1074,474.51,KEM,True,2025-11-21T22:14:46.214667,,1446
FrodoKEM-640-SHAKE,keygen,0,16,0.0,1,0,1,ip-172-31-43-26,linux,0,2.1019,475.75,KEM,True,2025-11-21T22:14:46.216794,,1447
FrodoKEM-640-SHAKE,keygen,0,16,0.0,1,0,1,ip-172-31-43-26,linux,0,2.1012,475.92,KEM,True,2025-11-21T22:14:46.218920,,1448
FrodoKEM-640-SHAKE,keygen,0,16,0.0,1,0,1,ip-172-31-43-26,linux,0,2.0986,476.51,KEM,True,2025-11-21T22:14:46.221042,,1449
FrodoKEM-640-SHAKE,keygen,0,16,0.0,1,0,1,ip-172-31-43-26,linux,0,2.1078,474.43,KEM,True,2025-11-21T22:14:46.223174,,1450
FrodoKEM-640-SHAKE,keygen,0,64,0.0,1,0,1,ip-172-31-43-26,linux,0,2.1028,475.55,KEM,True,2025-11-21T22:14:46.225301,,1451
FrodoKEM-640-SHAKE,keygen,0,64,0.0,1,0,1,ip-172-31-43-26,linux,0,2.1027,475.58,KEM,True,2025-11-21T22:14:46.227428,,1452
FrodoKEM-640-SHAKE,keygen,0,64,0.0,1,0,1,ip-172-31-43-26,linux,0,2.103,475.51,KEM,True,2025-11-21T22:14:46.229596,,1453
FrodoKEM-640-SHAKE,keygen,0,64,0.0,1,0,1,ip-172-31-43-26,linux,0,2.1031,475.49,KEM,True,2025-11-21T22:14:46.231725,,1454
FrodoKEM-640-SHAKE,keygen,0,64,0.0,1,0,1,ip-172-31-43-26,linux,0,2.1025,475.63,KEM,True,2025-11-21T22:14:46.233855,,1455
FrodoKEM-640-SHAKE,keygen,1024,1,0.0,1,0,1,ip-172-31-43-26,linux,0,2.1187,471.99,KEM,True,2025-11-21T22:14:46.236002,,1456
FrodoKEM-640-SHAKE,keygen,1024,1,0.0,1,0,1,ip-172-31-43-26,linux,0,2.1125,473.37,KEM,True,2025-11-21T22:14:46.238142,,1457
FrodoKEM-640-SHAKE,keygen,1024,1,0.0,1,0,1,ip-172-31-43-26,linux,0,2.1119,473.5,KEM,True,2025-11-21T22:14:46.240280,,1458
FrodoKEM-640-SHAKE,keygen,1024,1,0.0,1,0,1,ip-172-31-43-26,linux,0,2.1101,473.91,KEM,True,2025-11-21T22:14:46.242420,,1459
FrodoKEM-640-SHAKE,keygen,1024,1,0.0,1,0,1,ip-172-31-43-26,linux,0,2.1089,474.18,KEM,True,2025-11-21T22:14:46.244556,,1460
FrodoKEM-640-SHAKE,keygen,1024,16,0.0,1,0,1,ip-172-31-43-26,linux,0,2.1127,473.32,KEM,True,2025-11-21T22:14:46.246699,,1461
FrodoKEM-640-SHAKE,keygen,1024,16,0.0,1,0,1,ip-172-31-43-26,linux,0,2.1036,475.38,KEM,True,2025-11-21T22:14:46.248830,,1462
FrodoKEM-640-SHAKE,keygen,1024,16,0.0,1,0,1,ip-172-31-43-26,linux,0,2.1122,473.43,KEM,True,2025-11-21T22:14:46.250971,,1463
FrodoKEM-640-SHAKE,keygen,1024,16,0.0,1,0,1,ip-172-31-43-26,linux,0,2.1155,472.7,KEM,True,2025-11-21T22:14:46.253117,,1464
FrodoKEM-640-SHAKE,keygen,1024,16,0.0,1,0,1,ip-172-31-43-26,linux,0,2.1141,473.02,KEM,True,2025-11-21T22:14:46.255264,,1465
FrodoKEM-640-SHAKE,keygen,1024,64,0.0,1,0,1,ip-172-31-43-26,linux,0,2.1052,475.02,KEM,True,2025-11-21T22:14:46.257399,,1466
FrodoKEM-640-SHAKE,keygen,1024,64,0.0,1,0,1,ip-172-31-43-26,linux,0,2.1117,473.55,KEM,True,2025-11-21T22:14:46.259541,,1467
FrodoKEM-640-SHAKE,keygen,1024,64,0.0,1,0,1,ip-172-31-43-26,linux,0,2.108,474.38,KEM,True,2025-11-21T22:14:46.261682,,1468
FrodoKEM-640-SHAKE,keygen,1024,64,0.0,1,0,1,ip-172-31-43-26,linux,0,2.1118,473.53,KEM,True,2025-11-21T22:14:46.263825,,1469
FrodoKEM-640-SHAKE,keygen,1024,64,0.0,1,0,1,ip-172-31-43-26,linux,0,2.1074,474.53,KEM,True,2025-11-21T22:14:46.265963,,1470
FrodoKEM-640-SHAKE,encap,0,1,0.0,1,0,1,ip-172-31-43-26,linux,0,4.4094,226.79,KEM,True,2025-11-21T22:14:46.270412,,1471
FrodoKEM-640-SHAKE,encap,0,1,0.0,1,0,1,ip-172-31-43-26,linux,0,4.4112,226.7,KEM,True,2025-11-21T22:14:46.274854,,1472
FrodoKEM-640-SHAKE,encap,0,1,0.0,1,0,1,ip-172-31-43-26,linux,0,4.4091,226.8,KEM,True,2025-11-21T22:14:46.279294,,1473
FrodoKEM-640-SHAKE,encap,0,1,0.0,1,0,1,ip-172-31-43-26,linux,0,4.3957,227.49,KEM,True,2025-11-21T22:14:46.283722,,1474
FrodoKEM-640-SHAKE,encap,0,1,0.0,1,0,1,ip-172-31-43-26,linux,0,4.4064,226.94,KEM,True,2025-11-21T22:14:46.288159,,1475
FrodoKEM-640-SHAKE,encap,0,16,0.0,1,0,1,ip-172-31-43-26,linux,0,4.4062,226.95,KEM,True,2025-11-21T22:14:46.292598,,1476
FrodoKEM-640-SHAKE,encap,0,16,0.0,1,0,1,ip-172-31-43-26,linux,0,4.3941,227.58,KEM,True,2025-11-21T22:14:46.297025,,1477
FrodoKEM-640-SHAKE,encap,0,16,0.0,1,0,1,ip-172-31-43-26,linux,0,4.4042,227.06,KEM,True,2025-11-21T22:14:46.301458,,1478
FrodoKEM-640-SHAKE,encap,0,16,0.0,1,0,1,ip-172-31-43-26,linux,0,4.4014,227.2,KEM,True,2025-11-21T22:14:46.305889,,1479
FrodoKEM-640-SHAKE,encap,0,16,0.0,1,0,1,ip-172-31-43-26,linux,0,4.4097,226.77,KEM,True,2025-11-21T22:14:46.310328,,1480
FrodoKEM-640-SHAKE,encap,0,64,0.0,1,0,1,ip-172-31-43-26,linux,0,4.3976,227.4,KEM,True,2025-11-21T22:14:46.314759,,1481
FrodoKEM-640-SHAKE,encap,0,64,0.0,1,0,1,ip-172-31-43-26,linux,0,4.4105,226.73,KEM,True,2025-11-21T22:14:46.319200,,1482
FrodoKEM-640-SHAKE,encap,0,64,0.0,1,0,1,ip-172-31-43-26,linux,0,4.3955,227.5,KEM,True,2025-11-21T22:14:46.323627,,1483
FrodoKEM-640-SHAKE,encap,0,64,0.0,1,0,1,ip-172-31-43-26,linux,0,4.3932,227.62,KEM,True,2025-11-21T22:14:46.328049,,1484
FrodoKEM-640-SHAKE,encap,0,64,0.0,1,0,1,ip-172-31-43-26,linux,0,4.4101,226.75,KEM,True,2025-11-21T22:14:46.332493,,1485
FrodoKEM-640-SHAKE,encap,1024,1,0.0,1,0,1,ip-172-31-43-26,linux,0,4.396,227.48,KEM,True,2025-11-21T22:14:46.336919,,1486
FrodoKEM-640-SHAKE,encap,1024,1,0.0,1,0,1,ip-172-31-43-26,linux,0,4.401,227.22,KEM,True,2025-11-21T22:14:46.341347,,1487
FrodoKEM-640-SHAKE,encap,1024,1,0.0,1,0,1,ip-172-31-43-26,linux,0,4.3964,227.46,KEM,True,2025-11-21T22:14:46.345773,,1488
FrodoKEM-640-SHAKE,encap,1024,1,0.0,1,0,1,ip-172-31-43-26,linux,0,4.3963,227.47,KEM,True,2025-11-21T22:14:46.350200,,1489
FrodoKEM-640-SHAKE,encap,1024,1,0.0,1,0,1,ip-172-31-43-26,linux,0,4.4024,227.15,KEM,True,2025-11-21T22:14:46.354632,,1490
FrodoKEM-640-SHAKE,encap,1024,16,0.0,1,0,1,ip-172-31-43-26,linux,0,4.3957,227.49,KEM,True,2025-11-21T22:14:46.359058,,1491
FrodoKEM-640-SHAKE,encap,1024,16,0.0,1,0,1,ip-172-31-43-26,linux,0,4.4073,226.9,KEM,True,2025-11-21T22:14:46.363494,,1492
FrodoKEM-640-SHAKE,encap,1024,16,0.0,1,0,1,ip-172-31-43-26,linux,0,4.399,227.32,KEM,True,2025-11-21T22:14:46.367926,,1493
FrodoKEM-640-SHAKE,encap,1024,16,0.0,1,0,1,ip-172-31-43-26,linux,0,4.4085,226.84,KEM,True,2025-11-21T22:14:46.372365,,1494
FrodoKEM-640-SHAKE,encap,1024,16,0.0,1,0,1,ip-172-31-43-26,linux,0,4.4072,226.9,KEM,True,2025-11-21T22:14:46.376805,,1495
FrodoKEM-640-SHAKE,encap,1024,64,0.0,1,0,1,ip-172-31-43-26,linux,0,4.3986,227.35,KEM,True,2025-11-21T22:14:46.381237,,1496
FrodoKEM-640-SHAKE,encap,1024,64,0.0,1,0,1,ip-172-31-43-26,linux,0,4.4026,227.14,KEM,True,2025-11-21T22:14:46.385671,,1497
FrodoKEM-640-SHAKE,encap,1024,64,0.0,1,0,1,ip-172-31-43-26,linux,0,4.394,227.58,KEM,True,2025-11-21T22:14:46.390099,,1498
FrodoKEM-640-SHAKE,encap,1024,64,0.0,1,0,1,ip-172-31-43-26,linux,0,4.4056,226.99,KEM,True,2025-11-21T22:14:46.394535,,1499
FrodoKEM-640-SHAKE,encap,1024,64,0.0,1,0,1,ip-172-31-43-26,linux,0,4.4028,227.13,KEM,True,2025-11-21T22:14:46.398968,,1500
FrodoKEM-640-SHAKE,decap,0,1,0.0,1,0,1,ip-172-31-43-26,linux,0,6.6683,149.96,KEM,True,2025-11-21T22:14:46.405677,,1501
FrodoKEM-640-SHAKE,decap,0,1,0.0,1,0,1,ip-172-31-43-26,linux,0,6.683,149.63,KEM,True,2025-11-21T22:14:46.412390,,1502
FrodoKEM-640-SHAKE,decap,0,1,0.0,1,0,1,ip-172-31-43-26,linux,0,6.6694,149.94,KEM,True,2025-11-21T22:14:46.419099,,1503
FrodoKEM-640-SHAKE,decap,0,1,0.0,1,0,1,ip-172-31-43-26,linux,0,6.6565,150.23,KEM,True,2025-11-21T22:14:46.425787,,1504
FrodoKEM-640-SHAKE,decap,0,1,0.0,1,0,1,ip-172-31-43-26,linux,0,6.6684,149.96,KEM,True,2025-11-21T22:14:46.432485,,1505
FrodoKEM-640-SHAKE,decap,0,16,0.0,1,0,1,ip-172-31-43-26,linux,0,6.6749,149.82,KEM,True,2025-11-21T22:14:46.439192,,1506
FrodoKEM-640-SHAKE,decap,0,16,0.0,1,0,1,ip-172-31-43-26,linux,0,6.6701,149.92,KEM,True,2025-11-21T22:14:46.445897,,1507
FrodoKEM-640-SHAKE,decap,0,16,0.0,1,0,1,ip-172-31-43-26,linux,0,6.6813,149.67,KEM,True,2025-11-21T22:14:46.452610,,1508
FrodoKEM-640-SHAKE,decap,0,16,0.0,1,0,1,ip-172-31-43-26,linux,0,6.6704,149.92,KEM,True,2025-11-21T22:14:46.459312,,1509
FrodoKEM-640-SHAKE,decap,0,16,0.0,1,0,1,ip-172-31-43-26,linux,0,6.6605,150.14,KEM,True,2025-11-21T22:14:46.466002,,1510
FrodoKEM-640-SHAKE,decap,0,64,0.0,1,0,1,ip-172-31-43-26,linux,0,6.6812,149.67,KEM,True,2025-11-21T22:14:46.472712,,1511
FrodoKEM-640-SHAKE,decap,0,64,0.0,1,0,1,ip-172-31-43-26,linux,0,6.6766,149.78,KEM,True,2025-11-21T22:14:46.479419,,1512
FrodoKEM-640-SHAKE,decap,0,64,0.0,1,0,1,ip-172-31-43-26,linux,0,6.6649,150.04,KEM,True,2025-11-21T22:14:46.486112,,1513
FrodoKEM-640-SHAKE,decap,0,64,0.0,1,0,1,ip-172-31-43-26,linux,0,6.6607,150.13,KEM,True,2025-11-21T22:14:46.492802,,1514
FrodoKEM-640-SHAKE,decap,0,64,0.0,1,0,1,ip-172-31-43-26,linux,0,6.6641,150.06,KEM,True,2025-11-21T22:14:46.499493,,1515
FrodoKEM-640-SHAKE,decap,1024,1,0.0,1,0,1,ip-172-31-43-26,linux,0,6.6686,149.96,KEM,True,2025-11-21T22:14:46.506191,,1516
FrodoKEM-640-SHAKE,decap,1024,1,0.0,1,0,1,ip-172-31-43-26,linux,0,6.6728,149.86,KEM,True,2025-11-21T22:14:46.512895,,1517
FrodoKEM-640-SHAKE,decap,1024,1,0.0,1,0,1,ip-172-31-43-26,linux,0,6.6767,149.78,KEM,True,2025-11-21T22:14:46.519608,,1518
FrodoKEM-640-SHAKE,decap,1024,1,0.0,1,0,1,ip-172-31-43-26,linux,0,6.6674,149.98,KEM,True,2025-11-21T22:14:46.526309,,1519
FrodoKEM-640-SHAKE,decap,1024,1,0.0,1,0,1,ip-172-31-43-26,linux,0,6.6757,149.8,KEM,True,2025-11-21T22:14:46.533061,,1520
FrodoKEM-640-SHAKE,decap,1024,16,0.0,1,0,1,ip-172-31-43-26,linux,0,6.6811,149.68,KEM,True,2025-11-21T22:14:46.539783,,1521
FrodoKEM-640-SHAKE,decap,1024,16,0.0,1,0,1,ip-172-31-43-26,linux,0,6.6723,149.87,KEM,True,2025-11-21T22:14:46.546489,,1522
FrodoKEM-640-SHAKE,decap,1024,16,0.0,1,0,1,ip-172-31-43-26,linux,0,6.6661,150.01,KEM,True,2025-11-21T22:14:46.553185,,1523
FrodoKEM-640-SHAKE,decap,1024,16,0.0,1,0,1,ip-172-31-43-26,linux,0,6.6728,149.86,KEM,True,2025-11-21T22:14:46.559886,,1524
FrodoKEM-640-SHAKE,decap,1024,16,0.0,1,0,1,ip-172-31-43-26,linux,0,6.6754,149.8,KEM,True,2025-11-21T22:14:46.566593,,1525
FrodoKEM-640-SHAKE,decap,1024,64,0.0,1,0,1,ip-172-31-43-26,linux,0,6.675,149.81,KEM,True,2025-11-21T22:14:46.573300,,1526
FrodoKEM-640-SHAKE,decap,1024,64,0.0,1,0,1,ip-172-31-43-26,linux,0,6.6784,149.74,KEM,True,2025-11-21T22:14:46.580013,,1527
FrodoKEM-640-SHAKE,decap,1024,64,0.0,1,0,1,ip-172-31-43-26,linux,0,6.6797,149.71,KEM,True,2025-11-21T22:14:46.586728,,1528
FrodoKEM-640-SHAKE,decap,1024,64,0.0,1,0,1,ip-172-31-43-26,linux,0,6.6673,149.99,KEM,True,2025-11-21T22:14:46.593427,,1529
FrodoKEM-640-SHAKE,decap,1024,64,0.0,1,0,1,ip-172-31-43-26,linux,0,6.6641,150.06,KEM,True,2025-11-21T22:14:46.600120,,1530
FrodoKEM-976-AES,keygen,0,1,0.0,1,0,1,ip-172-31-43-26,linux,0,0.8185,1221.79,KEM,True,2025-11-21T22:14:46.600981,,1531
FrodoKEM-976-AES,keygen,0,1,0.0,1,0,1,ip-172-31-43-26,linux,0,0.7658,1305.89,KEM,True,2025-11-21T22:14:46.601780,,1532
FrodoKEM-976-AES,keygen,0,1,0.0,1,0,1,ip-172-31-43-26,linux,0,0.7685,1301.23,KEM,True,2025-11-21T22:14:46.602577,,1533
FrodoKEM-976-AES,keygen,0,1,0.0,1,0,1,ip-172-31-43-26,linux,0,0.7675,1302.85,KEM,True,2025-11-21T22:14:46.603377,,1534
FrodoKEM-976-AES,keygen,0,1,0.0,1,0,1,ip-172-31-43-26,linux,0,0.7617,1312.87,KEM,True,2025-11-21T22:14:46.604166,,1535
FrodoKEM-976-AES,keygen,0,16,0.0,1,0,1,ip-172-31-43-26,linux,0,0.7464,1339.76,KEM,True,2025-11-21T22:14:46.604939,,1536
FrodoKEM-976-AES,keygen,0,16,0.0,1,0,1,ip-172-31-43-26,linux,0,0.7562,1322.4,KEM,True,2025-11-21T22:14:46.605720,,1537
FrodoKEM-976-AES,keygen,0,16,0.0,1,0,1,ip-172-31-43-26,linux,0,0.7748,1290.61,KEM,True,2025-11-21T22:14:46.606522,,1538
FrodoKEM-976-AES,keygen,0,16,0.0,1,0,1,ip-172-31-43-26,linux,0,0.7679,1302.2,KEM,True,2025-11-21T22:14:46.607321,,1539
FrodoKEM-976-AES,keygen,0,16,0.0,1,0,1,ip-172-31-43-26,linux,0,0.7581,1319.16,KEM,True,2025-11-21T22:14:46.608106,,1540
FrodoKEM-976-AES,keygen,0,64,0.0,1,0,1,ip-172-31-43-26,linux,0,0.7585,1318.35,KEM,True,2025-11-21T22:14:46.608890,,1541
FrodoKEM-976-AES,keygen,0,64,0.0,1,0,1,ip-172-31-43-26,linux,0,0.7679,1302.22,KEM,True,2025-11-21T22:14:46.609685,,1542
FrodoKEM-976-AES,keygen,0,64,0.0,1,0,1,ip-172-31-43-26,linux,0,0.7762,1288.38,KEM,True,2025-11-21T22:14:46.610495,,1543
FrodoKEM-976-AES,keygen,0,64,0.0,1,0,1,ip-172-31-43-26,linux,0,0.7583,1318.66,KEM,True,2025-11-21T22:14:46.611283,,1544
FrodoKEM-976-AES,keygen,0,64,0.0,1,0,1,ip-172-31-43-26,linux,0,0.7529,1328.14,KEM,True,2025-11-21T22:14:46.612063,,1545
FrodoKEM-976-AES,keygen,1024,1,0.0,1,0,1,ip-172-31-43-26,linux,0,0.7587,1317.97,KEM,True,2025-11-21T22:14:46.612847,,1546
FrodoKEM-976-AES,keygen,1024,1,0.0,1,0,1,ip-172-31-43-26,linux,0,0.7673,1303.28,KEM,True,2025-11-21T22:14:46.613642,,1547
FrodoKEM-976-AES,keygen,1024,1,0.0,1,0,1,ip-172-31-43-26,linux,0,0.7676,1302.69,KEM,True,2025-11-21T22:14:46.614442,,1548
FrodoKEM-976-AES,keygen,1024,1,0.0,1,0,1,ip-172-31-43-26,linux,0,0.7656,1306.21,KEM,True,2025-11-21T22:14:46.615239,,1549
FrodoKEM-976-AES,keygen,1024,1,0.0,1,0,1,ip-172-31-43-26,linux,0,0.7605,1314.88,KEM,True,2025-11-21T22:14:46.616031,,1550
FrodoKEM-976-AES,keygen,1024,16,0.0,1,0,1,ip-172-31-43-26,linux,0,0.7625,1311.54,KEM,True,2025-11-21T22:14:46.616820,,1551
FrodoKEM-976-AES,keygen,1024,16,0.0,1,0,1,ip-172-31-43-26,linux,0,0.7709,1297.18,KEM,True,2025-11-21T22:14:46.617622,,1552
FrodoKEM-976-AES,keygen,1024,16,0.0,1,0,1,ip-172-31-43-26,linux,0,0.7737,1292.54,KEM,True,2025-11-21T22:14:46.618423,,1553
FrodoKEM-976-AES,keygen,1024,16,0.0,1,0,1,ip-172-31-43-26,linux,0,0.7586,1318.19,KEM,True,2025-11-21T22:14:46.619211,,1554
FrodoKEM-976-AES,keygen,1024,16,0.0,1,0,1,ip-172-31-43-26,linux,0,0.7549,1324.62,KEM,True,2025-11-21T22:14:46.619996,,1555
FrodoKEM-976-AES,keygen,1024,64,0.0,1,0,1,ip-172-31-43-26,linux,0,0.7626,1311.36,KEM,True,2025-11-21T22:14:46.620785,,1556
FrodoKEM-976-AES,keygen,1024,64,0.0,1,0,1,ip-172-31-43-26,linux,0,0.7649,1307.29,KEM,True,2025-11-21T22:14:46.621582,,1557
FrodoKEM-976-AES,keygen,1024,64,0.0,1,0,1,ip-172-31-43-26,linux,0,0.7758,1289.0,KEM,True,2025-11-21T22:14:46.622387,,1558
FrodoKEM-976-AES,keygen,1024,64,0.0,1,0,1,ip-172-31-43-26,linux,0,0.7665,1304.67,KEM,True,2025-11-21T22:14:46.623187,,1559
FrodoKEM-976-AES,keygen,1024,64,0.0,1,0,1,ip-172-31-43-26,linux,0,0.7646,1307.92,KEM,True,2025-11-21T22:14:46.623984,,1560
FrodoKEM-976-AES,encap,0,1,0.0,1,0,1,ip-172-31-43-26,linux,0,1.7261,579.33,KEM,True,2025-11-21T22:14:46.625750,,1561
FrodoKEM-976-AES,encap,0,1,0.0,1,0,1,ip-172-31-43-26,linux,0,1.6972,589.21,KEM,True,2025-11-21T22:14:46.627488,,1562
FrodoKEM-976-AES,encap,0,1,0.0,1,0,1,ip-172-31-43-26,linux,0,1.678,595.95,KEM,True,2025-11-21T22:14:46.629206,,1563
FrodoKEM-976-AES,encap,0,1,0.0,1,0,1,ip-172-31-43-26,linux,0,1.6682,599.45,KEM,True,2025-11-21T22:14:46.630907,,1564
FrodoKEM-976-AES,encap,0,1,0.0,1,0,1,ip-172-31-43-26,linux,0,1.6821,594.49,KEM,True,2025-11-21T22:14:46.632627,,1565
FrodoKEM-976-AES,encap,0,16,0.0,1,0,1,ip-172-31-43-26,linux,0,1.6898,591.78,KEM,True,2025-11-21T22:14:46.634355,,1566
FrodoKEM-976-AES,encap,0,16,0.0,1,0,1,ip-172-31-43-26,linux,0,1.6652,600.53,KEM,True,2025-11-21T22:14:46.636054,,1567
FrodoKEM-976-AES,encap,0,16,0.0,1,0,1,ip-172-31-43-26,linux,0,1.6709,598.48,KEM,True,2025-11-21T22:14:46.637756,,1568
FrodoKEM-976-AES,encap,0,16,0.0,1,0,1,ip-172-31-43-26,linux,0,1.6893,591.97,KEM,True,2025-11-21T22:14:46.639480,,1569
FrodoKEM-976-AES,encap,0,16,0.0,1,0,1,ip-172-31-43-26,linux,0,1.6788,595.67,KEM,True,2025-11-21T22:14:46.641195,,1570
FrodoKEM-976-AES,encap,0,64,0.0,1,0,1,ip-172-31-43-26,linux,0,1.6746,597.16,KEM,True,2025-11-21T22:14:46.642907,,1571
FrodoKEM-976-AES,encap,0,64,0.0,1,0,1,ip-172-31-43-26,linux,0,1.6807,594.98,KEM,True,2025-11-21T22:14:46.644627,,1572
FrodoKEM-976-AES,encap,0,64,0.0,1,0,1,ip-172-31-43-26,linux,0,1.6802,595.15,KEM,True,2025-11-21T22:14:46.646345,,1573
FrodoKEM-976-AES,encap,0,64,0.0,1,0,1,ip-172-31-43-26,linux,0,1.6695,599.0,KEM,True,2025-11-21T22:14:46.648049,,1574
FrodoKEM-976-AES,encap,0,64,0.0,1,0,1,ip-172-31-43-26,linux,0,1.6729,597.75,KEM,True,2025-11-21T22:14:46.649759,,1575
FrodoKEM-976-AES,encap,1024,1,0.0,1,0,1,ip-172-31-43-26,linux,0,1.6912,591.28,KEM,True,2025-11-21T22:14:46.651489,,1576
FrodoKEM-976-AES,encap,1024,1,0.0,1,0,1,ip-172-31-43-26,linux,0,1.6821,594.49,KEM,True,2025-11-21T22:14:46.653209,,1577
FrodoKEM-976-AES,encap,1024,1,0.0,1,0,1,ip-172-31-43-26,linux,0,1.6869,592.79,KEM,True,2025-11-21T22:14:46.654932,,1578
FrodoKEM-976-AES,encap,1024,1,0.0,1,0,1,ip-172-31-43-26,linux,0,1.6825,594.36,KEM,True,2025-11-21T22:14:46.656647,,1579
FrodoKEM-976-AES,encap,1024,1,0.0,1,0,1,ip-172-31-43-26,linux,0,1.6889,592.11,KEM,True,2025-11-21T22:14:46.658373,,1580
FrodoKEM-976-AES,encap,1024,16,0.0,1,0,1,ip-172-31-43-26,linux,0,1.6778,596.01,KEM,True,2025-11-21T22:14:46.660088,,1581
FrodoKEM-976-AES,encap,1024,16,0.0,1,0,1,ip-172-31-43-26,linux,0,1.6683,599.42,KEM,True,2025-11-21T22:14:46.661800,,1582
FrodoKEM-976-AES,encap,1024,16,0.0,1,0,1,ip-172-31-43-26,linux,0,1.6983,588.84,KEM,True,2025-11-21T22:14:46.663535,,1583
FrodoKEM-976-AES,encap,1024,16,0.0,1,0,1,ip-172-31-43-26,linux,0,1.6769,596.34,KEM,True,2025-11-21T22:14:46.665249,,1584
FrodoKEM-976-AES,encap,1024,16,0.0,1,0,1,ip-172-31-43-26,linux,0,1.6705,598.64,KEM,True,2025-11-21T22:14:46.666955,,1585
FrodoKEM-976-AES,encap,1024,64,0.0,1,0,1,ip-172-31-43-26,linux,0,1.6783,595.83,KEM,True,2025-11-21T22:14:46.668670,,1586
FrodoKEM-976-AES,encap,1024,64,0.0,1,0,1,ip-172-31-43-26,linux,0,1.6938,590.39,KEM,True,2025-11-21T22:14:46.670438,,1587
FrodoKEM-976-AES,encap,1024,64,0.0,1,0,1,ip-172-31-43-26,linux,0,1.6803,595.12,KEM,True,2025-11-21T22:14:46.672159,,1588
FrodoKEM-976-AES,encap,1024,64,0.0,1,0,1,ip-172-31-43-26,linux,0,1.6732,597.66,KEM,True,2025-11-21T22:14:46.673866,,1589
FrodoKEM-976-AES,encap,1024,64,0.0,1,0,1,ip-172-31-43-26,linux,0,1.6731,597.68,KEM,True,2025-11-21T22:14:46.675571,,1590
FrodoKEM-976-AES,decap,0,1,0.0,1,0,1,ip-172-31-43-26,linux,0,2.543,393.24,KEM,True,2025-11-21T22:14:46.678159,,1591
FrodoKEM-976-AES,decap,0,1,0.0,1,0,1,ip-172-31-43-26,linux,0,2.5426,393.3,KEM,True,2025-11-21T22:14:46.680733,,1592
FrodoKEM-976-AES,decap,0,1,0.0,1,0,1,ip-172-31-43-26,linux,0,2.5485,392.39,KEM,True,2025-11-21T22:14:46.683311,,1593
FrodoKEM-976-AES,decap,0,1,0.0,1,0,1,ip-172-31-43-26,linux,0,2.5295,395.33,KEM,True,2025-11-21T22:14:46.685878,,1594
FrodoKEM-976-AES,decap,0,1,0.0,1,0,1,ip-172-31-43-26,linux,0,2.5463,392.72,KEM,True,2025-11-21T22:14:46.688455,,1595
FrodoKEM-976-AES,decap,0,16,0.0,1,0,1,ip-172-31-43-26,linux,0,2.5417,393.44,KEM,True,2025-11-21T22:14:46.691030,,1596
FrodoKEM-976-AES,decap,0,16,0.0,1,0,1,ip-172-31-43-26,linux,0,2.545,392.93,KEM,True,2025-11-21T22:14:46.693613,,1597
FrodoKEM-976-AES,decap,0,16,0.0,1,0,1,ip-172-31-43-26,linux,0,2.568,389.41,KEM,True,2025-11-21T22:14:46.696221,,1598
FrodoKEM-976-AES,decap,0,16,0.0,1,0,1,ip-172-31-43-26,linux,0,2.5543,391.49,KEM,True,2025-11-21T22:14:46.698813,,1599
FrodoKEM-976-AES,decap,0,16,0.0,1,0,1,ip-172-31-43-26,linux,0,2.5507,392.05,KEM,True,2025-11-21T22:14:46.701400,,1600
FrodoKEM-976-AES,decap,0,64,0.0,1,0,1,ip-172-31-43-26,linux,0,2.5442,393.05,KEM,True,2025-11-21T22:14:46.703982,,1601
FrodoKEM-976-AES,decap,0,64,0.0,1,0,1,ip-172-31-43-26,linux,0,2.5481,392.46,KEM,True,2025-11-21T22:14:46.706561,,1602
FrodoKEM-976-AES,decap,0,64,0.0,1,0,1,ip-172-31-43-26,linux,0,2.5473,392.57,KEM,True,2025-11-21T22:14:46.709144,,1603
FrodoKEM-976-AES,decap,0,64,0.0,1,0,1,ip-172-31-43-26,linux,0,2.5356,394.38,KEM,True,2025-11-21T22:14:46.711709,,1604
FrodoKEM-976-AES,decap,0,64,0.0,1,0,1,ip-172-31-43-26,linux,0,2.5513,391.96,KEM,True,2025-11-21T22:14:46.714291,,1605
FrodoKEM-976-AES,decap,1024,1,0.0,1,0,1,ip-172-31-43-26,linux,0,2.5357,394.37,KEM,True,2025-11-21T22:14:46.716863,,1606
FrodoKEM-976-AES,decap,1024,1,0.0,1,0,1,ip-172-31-43-26,linux,0,2.5431,393.23,KEM,True,2025-11-21T22:14:46.719442,,1607
FrodoKEM-976-AES,decap,1024,1,0.0,1,0,1,ip-172-31-43-26,linux,0,2.5371,394.15,KEM,True,2025-11-21T22:14:46.722016,,1608
FrodoKEM-976-AES,decap,1024,1,0.0,1,0,1,ip-172-31-43-26,linux,0,2.5526,391.76,KEM,True,2025-11-21T22:14:46.724606,,1609
FrodoKEM-976-AES,decap,1024,1,0.0,1,0,1,ip-172-31-43-26,linux,0,2.5394,393.79,KEM,True,2025-11-21T22:14:46.727181,,1610
FrodoKEM-976-AES,decap,1024,16,0.0,1,0,1,ip-172-31-43-26,linux,0,2.5279,395.58,KEM,True,2025-11-21T22:14:46.729743,,1611
FrodoKEM-976-AES,decap,1024,16,0.0,1,0,1,ip-172-31-43-26,linux,0,2.56,390.63,KEM,True,2025-11-21T22:14:46.732335,,1612
FrodoKEM-976-AES,decap,1024,16,0.0,1,0,1,ip-172-31-43-26,linux,0,2.5437,393.13,KEM,True,2025-11-21T22:14:46.734916,,1613
FrodoKEM-976-AES,decap,1024,16,0.0,1,0,1,ip-172-31-43-26,linux,0,2.5485,392.39,KEM,True,2025-11-21T22:14:46.737499,,1614
FrodoKEM-976-AES,decap,1024,16,0.0,1,0,1,ip-172-31-43-26,linux,0,2.5491,392.29,KEM,True,2025-11-21T22:14:46.740084,,1615
FrodoKEM-976-AES,decap,1024,64,0.0,1,0,1,ip-172-31-43-26,linux,0,2.5341,394.61,KEM,True,2025-11-21T22:14:46.742658,,1616
FrodoKEM-976-AES,decap,1024,64,0.0,1,0,1,ip-172-31-43-26,linux,0,2.5479,392.48,KEM,True,2025-11-21T22:14:46.745238,,1617
FrodoKEM-976-AES,decap,1024,64,0.0,1,0,1,ip-172-31-43-26,linux,0,2.5434,393.18,KEM,True,2025-11-21T22:14:46.747817,,1618
FrodoKEM-976-AES,decap,1024,64,0.0,1,0,1,ip-172-31-43-26,linux,0,2.5513,391.96,KEM,True,2025-11-21T22:14:46.750406,,1619
FrodoKEM-976-AES,decap,1024,64,0.0,1,0,1,ip-172-31-43-26,linux,0,2.5322,394.92,KEM,True,2025-11-21T22:14:46.752969,,1620
FrodoKEM-976-SHAKE,keygen,0,1,0.0,1,0,1,ip-172-31-43-26,linux,0,4.6863,213.39,KEM,True,2025-11-21T22:14:46.757694,,1621
FrodoKEM-976-SHAKE,keygen,0,1,0.0,1,0,1,ip-172-31-43-26,linux,0,4.6863,213.39,KEM,True,2025-11-21T22:14:46.762409,,1622
FrodoKEM-976-SHAKE,keygen,0,1,0.0,1,0,1,ip-172-31-43-26,linux,0,4.6967,212.92,KEM,True,2025-11-21T22:14:46.767134,,1623
FrodoKEM-976-SHAKE,keygen,0,1,0.0,1,0,1,ip-172-31-43-26,linux,0,4.6828,213.55,KEM,True,2025-11-21T22:14:46.771847,,1624
FrodoKEM-976-SHAKE,keygen,0,1,0.0,1,0,1,ip-172-31-43-26,linux,0,4.6806,213.65,KEM,True,2025-11-21T22:14:46.776559,,1625
FrodoKEM-976-SHAKE,keygen,0,16,0.0,1,0,1,ip-172-31-43-26,linux,0,4.6733,213.98,KEM,True,2025-11-21T22:14:46.781260,,1626
FrodoKEM-976-SHAKE,keygen,0,16,0.0,1,0,1,ip-172-31-43-26,linux,0,4.679,213.72,KEM,True,2025-11-21T22:14:46.785970,,1627
FrodoKEM-976-SHAKE,keygen,0,16,0.0,1,0,1,ip-172-31-43-26,linux,0,4.6787,213.74,KEM,True,2025-11-21T22:14:46.790675,,1628
FrodoKEM-976-SHAKE,keygen,0,16,0.0,1,0,1,ip-172-31-43-26,linux,0,4.6673,214.26,KEM,True,2025-11-21T22:14:46.795368,,1629
FrodoKEM-976-SHAKE,keygen,0,16,0.0,1,0,1,ip-172-31-43-26,linux,0,4.6743,213.93,KEM,True,2025-11-21T22:14:46.800068,,1630
FrodoKEM-976-SHAKE,keygen,0,64,0.0,1,0,1,ip-172-31-43-26,linux,0,4.6761,213.85,KEM,True,2025-11-21T22:14:46.804770,,1631
FrodoKEM-976-SHAKE,keygen,0,64,0.0,1,0,1,ip-172-31-43-26,linux,0,4.6757,213.87,KEM,True,2025-11-21T22:14:46.809474,,1632
FrodoKEM-976-SHAKE,keygen,0,64,0.0,1,0,1,ip-172-31-43-26,linux,0,4.6682,214.21,KEM,True,2025-11-21T22:14:46.814167,,1633
FrodoKEM-976-SHAKE,keygen,0,64,0.0,1,0,1,ip-172-31-43-26,linux,0,4.6829,213.54,KEM,True,2025-11-21T22:14:46.818876,,1634
FrodoKEM-976-SHAKE,keygen,0,64,0.0,1,0,1,ip-172-31-43-26,linux,0,4.6715,214.07,KEM,True,2025-11-21T22:14:46.823572,,1635
FrodoKEM-976-SHAKE,keygen,1024,1,0.0,1,0,1,ip-172-31-43-26,linux,0,4.6634,214.43,KEM,True,2025-11-21T22:14:46.828261,,1636
FrodoKEM-976-SHAKE,keygen,1024,1,0.0,1,0,1,ip-172-31-43-26,linux,0,4.6654,214.34,KEM,True,2025-11-21T22:14:46.832951,,1637
FrodoKEM-976-SHAKE,keygen,1024,1,0.0,1,0,1,ip-172-31-43-26,linux,0,4.6691,214.18,KEM,True,2025-11-21T22:14:46.837645,,1638
FrodoKEM-976-SHAKE,keygen,1024,1,0.0,1,0,1,ip-172-31-43-26,linux,0,4.673,213.99,KEM,True,2025-11-21T22:14:46.842344,,1639
FrodoKEM-976-SHAKE,keygen,1024,1,0.0,1,0,1,ip-172-31-43-26,linux,0,4.6739,213.95,KEM,True,2025-11-21T22:14:46.847046,,1640
FrodoKEM-976-SHAKE,keygen,1024,16,0.0,1,0,1,ip-172-31-43-26,linux,0,4.6845,213.47,KEM,True,2025-11-21T22:14:46.851762,,1641
FrodoKEM-976-SHAKE,keygen,1024,16,0.0,1,0,1,ip-172-31-43-26,linux,0,4.6723,214.03,KEM,True,2025-11-21T22:14:46.856464,,1642
FrodoKEM-976-SHAKE,keygen,1024,16,0.0,1,0,1,ip-172-31-43-26,linux,0,4.6823,213.57,KEM,True,2025-11-21T22:14:46.861175,,1643
FrodoKEM-976-SHAKE,keygen,1024,16,0.0,1,0,1,ip-172-31-43-26,linux,0,4.6754,213.88,KEM,True,2025-11-21T22:14:46.865881,,1644
FrodoKEM-976-SHAKE,keygen,1024,16,0.0,1,0,1,ip-172-31-43-26,linux,0,4.7105,212.29,KEM,True,2025-11-21T22:14:46.870626,,1645
FrodoKEM-976-SHAKE,keygen,1024,64,0.0,1,0,1,ip-172-31-43-26,linux,0,4.6816,213.6,KEM,True,2025-11-21T22:14:46.875345,,1646
FrodoKEM-976-SHAKE,keygen,1024,64,0.0,1,0,1,ip-172-31-43-26,linux,0,4.6765,213.84,KEM,True,2025-11-21T22:14:46.880053,,1647
FrodoKEM-976-SHAKE,keygen,1024,64,0.0,1,0,1,ip-172-31-43-26,linux,0,4.6898,213.23,KEM,True,2025-11-21T22:14:46.884777,,1648
FrodoKEM-976-SHAKE,keygen,1024,64,0.0,1,0,1,ip-172-31-43-26,linux,0,4.6789,213.73,KEM,True,2025-11-21T22:14:46.889488,,1649
FrodoKEM-976-SHAKE,keygen,1024,64,0.0,1,0,1,ip-172-31-43-26,linux,0,4.6741,213.95,KEM,True,2025-11-21T22:14:46.894192,,1650
FrodoKEM-976-SHAKE,encap,0,1,0.0,1,0,1,ip-172-31-43-26,linux,0,9.7194,102.89,KEM,True,2025-11-21T22:14:46.903950,,1651
FrodoKEM-976-SHAKE,encap,0,1,0.0,1,0,1,ip-172-31-43-26,linux,0,9.7194,102.89,KEM,True,2025-11-21T22:14:46.913702,,1652
FrodoKEM-976-SHAKE,encap,0,1,0.0,1,0,1,ip-172-31-43-26,linux,0,9.7252,102.83,KEM,True,2025-11-21T22:14:46.923465,,1653
FrodoKEM-976-SHAKE,encap,0,1,0.0,1,0,1,ip-172-31-43-26,linux,0,9.7482,102.58,KEM,True,2025-11-21T22:14:46.933289,,1654
FrodoKEM-976-SHAKE,encap,0,1,0.0,1,0,1,ip-172-31-43-26,linux,0,9.7416,102.65,KEM,True,2025-11-21T22:14:46.943071,,1655
FrodoKEM-976-SHAKE,encap,0,16,0.0,1,0,1,ip-172-31-43-26,linux,0,9.7285,102.79,KEM,True,2025-11-21T22:14:46.952847,,1656
FrodoKEM-976-SHAKE,encap,0,16,0.0,1,0,1,ip-172-31-43-26,linux,0,9.7305,102.77,KEM,True,2025-11-21T22:14:46.962615,,1657
FrodoKEM-976-SHAKE,encap,0,16,0.0,1,0,1,ip-172-31-43-26,linux,0,9.7168,102.91,KEM,True,2025-11-21T22:14:46.972369,,1658
FrodoKEM-976-SHAKE,encap,0,16,0.0,1,0,1,ip-172-31-43-26,linux,0,9.7202,102.88,KEM,True,2025-11-21T22:14:46.982122,,1659
FrodoKEM-976-SHAKE,encap,0,16,0.0,1,0,1,ip-172-31-43-26,linux,0,9.7358,102.71,KEM,True,2025-11-21T22:14:46.991891,,1660
FrodoKEM-976-SHAKE,encap,0,64,0.0,1,0,1,ip-172-31-43-26,linux,0,9.7331,102.74,KEM,True,2025-11-21T22:14:47.001659,,1661
FrodoKEM-976-SHAKE,encap,0,64,0.0,1,0,1,ip-172-31-43-26,linux,0,9.7296,102.78,KEM,True,2025-11-21T22:14:47.011426,,1662
FrodoKEM-976-SHAKE,encap,0,64,0.0,1,0,1,ip-172-31-43-26,linux,0,9.7189,102.89,KEM,True,2025-11-21T22:14:47.021178,,1663
FrodoKEM-976-SHAKE,encap,0,64,0.0,1,0,1,ip-172-31-43-26,linux,0,9.7222,102.86,KEM,True,2025-11-21T22:14:47.030936,,1664
FrodoKEM-976-SHAKE,encap,0,64,0.0,1,0,1,ip-172-31-43-26,linux,0,9.7282,102.79,KEM,True,2025-11-21T22:14:47.040699,,1665
FrodoKEM-976-SHAKE,encap,1024,1,0.0,1,0,1,ip-172-31-43-26,linux,0,9.7332,102.74,KEM,True,2025-11-21T22:14:47.050468,,1666
FrodoKEM-976-SHAKE,encap,1024,1,0.0,1,0,1,ip-172-31-43-26,linux,0,9.7241,102.84,KEM,True,2025-11-21T22:14:47.060227,,1667
FrodoKEM-976-SHAKE,encap,1024,1,0.0,1,0,1,ip-172-31-43-26,linux,0,9.7313,102.76,KEM,True,2025-11-21T22:14:47.069994,,1668
FrodoKEM-976-SHAKE,encap,1024,1,0.0,1,0,1,ip-172-31-43-26,linux,0,9.7395,102.67,KEM,True,2025-11-21T22:14:47.079770,,1669
FrodoKEM-976-SHAKE,encap,1024,1,0.0,1,0,1,ip-172-31-43-26,linux,0,9.7369,102.7,KEM,True,2025-11-21T22:14:47.089541,,1670
FrodoKEM-976-SHAKE,encap,1024,16,0.0,1,0,1,ip-172-31-43-26,linux,0,9.7283,102.79,KEM,True,2025-11-21T22:14:47.099306,,1671
FrodoKEM-976-SHAKE,encap,1024,16,0.0,1,0,1,ip-172-31-43-26,linux,0,9.7225,102.85,KEM,True,2025-11-21T22:14:47.109062,,1672
FrodoKEM-976-SHAKE,encap,1024,16,0.0,1,0,1,ip-172-31-43-26,linux,0,9.7257,102.82,KEM,True,2025-11-21T22:14:47.118822,,1673
FrodoKEM-976-SHAKE,encap,1024,16,0.0,1,0,1,ip-172-31-43-26,linux,0,9.7258,102.82,KEM,True,2025-11-21T22:14:47.128582,,1674
FrodoKEM-976-SHAKE,encap,1024,16,0.0,1,0,1,ip-172-31-43-26,linux,0,9.7266,102.81,KEM,True,2025-11-21T22:14:47.138345,,1675
FrodoKEM-976-SHAKE,encap,1024,64,0.0,1,0,1,ip-172-31-43-26,linux,0,9.7139,102.94,KEM,True,2025-11-21T22:14:47.148097,,1676
FrodoKEM-976-SHAKE,encap,1024,64,0.0,1,0,1,ip-172-31-43-26,linux,0,9.7217,102.86,KEM,True,2025-11-21T22:14:47.157851,,1677
FrodoKEM-976-SHAKE,encap,1024,64,0.0,1,0,1,ip-172-31-43-26,linux,0,9.7233,102.85,KEM,True,2025-11-21T22:14:47.167610,,1678
FrodoKEM-976-SHAKE,encap,1024,64,0.0,1,0,1,ip-172-31-43-26,linux,0,9.7125,102.96,KEM,True,2025-11-21T22:14:47.177355,,1679
FrodoKEM-976-SHAKE,encap,1024,64,0.0,1,0,1,ip-172-31-43-26,linux,0,9.7317,102.76,KEM,True,2025-11-21T22:14:47.187122,,1680
FrodoKEM-976-SHAKE,decap,0,1,0.0,1,0,1,ip-172-31-43-26,linux,0,14.7224,67.92,KEM,True,2025-11-21T22:14:47.201890,,1681
FrodoKEM-976-SHAKE,decap,0,1,0.0,1,0,1,ip-172-31-43-26,linux,0,14.7452,67.82,KEM,True,2025-11-21T22:14:47.216674,,1682
FrodoKEM-976-SHAKE,decap,0,1,0.0,1,0,1,ip-172-31-43-26,linux,0,14.7427,67.83,KEM,True,2025-11-21T22:14:47.231454,,1683
FrodoKEM-976-SHAKE,decap,0,1,0.0,1,0,1,ip-172-31-43-26,linux,0,14.7417,67.83,KEM,True,2025-11-21T22:14:47.246232,,1684
FrodoKEM-976-SHAKE,decap,0,1,0.0,1,0,1,ip-172-31-43-26,linux,0,14.7245,67.91,KEM,True,2025-11-21T22:14:47.261000,,1685
FrodoKEM-976-SHAKE,decap,0,16,0.0,1,0,1,ip-172-31-43-26,linux,0,14.7345,67.87,KEM,True,2025-11-21T22:14:47.275772,,1686
FrodoKEM-976-SHAKE,decap,0,16,0.0,1,0,1,ip-172-31-43-26,linux,0,14.7415,67.84,KEM,True,2025-11-21T22:14:47.290553,,1687
FrodoKEM-976-SHAKE,decap,0,16,0.0,1,0,1,ip-172-31-43-26,linux,0,14.7215,67.93,KEM,True,2025-11-21T22:14:47.305313,,1688
FrodoKEM-976-SHAKE,decap,0,16,0.0,1,0,1,ip-172-31-43-26,linux,0,14.7262,67.91,KEM,True,2025-11-21T22:14:47.320075,,1689
FrodoKEM-976-SHAKE,decap,0,16,0.0,1,0,1,ip-172-31-43-26,linux,0,14.7279,67.9,KEM,True,2025-11-21T22:14:47.334844,,1690
FrodoKEM-976-SHAKE,decap,0,64,0.0,1,0,1,ip-172-31-43-26,linux,0,14.7303,67.89,KEM,True,2025-11-21T22:14:47.349613,,1691
FrodoKEM-976-SHAKE,decap,0,64,0.0,1,0,1,ip-172-31-43-26,linux,0,14.7372,67.86,KEM,True,2025-11-21T22:14:47.364387,,1692
FrodoKEM-976-SHAKE,decap,0,64,0.0,1,0,1,ip-172-31-43-26,linux,0,14.7297,67.89,KEM,True,2025-11-21T22:14:47.379151,,1693
FrodoKEM-976-SHAKE,decap,0,64,0.0,1,0,1,ip-172-31-43-26,linux,0,14.724,67.92,KEM,True,2025-11-21T22:14:47.393912,,1694
FrodoKEM-976-SHAKE,decap,0,64,0.0,1,0,1,ip-172-31-43-26,linux,0,14.7261,67.91,KEM,True,2025-11-21T22:14:47.408670,,1695
FrodoKEM-976-SHAKE,decap,1024,1,0.0,1,0,1,ip-172-31-43-26,linux,0,14.7328,67.88,KEM,True,2025-11-21T22:14:47.423439,,1696
FrodoKEM-976-SHAKE,decap,1024,1,0.0,1,0,1,ip-172-31-43-26,linux,0,14.7267,67.9,KEM,True,2025-11-21T22:14:47.438204,,1697
FrodoKEM-976-SHAKE,decap,1024,1,0.0,1,0,1,ip-172-31-43-26,linux,0,14.7369,67.86,KEM,True,2025-11-21T22:14:47.452976,,1698
FrodoKEM-976-SHAKE,decap,1024,1,0.0,1,0,1,ip-172-31-43-26,linux,0,14.7447,67.82,KEM,True,2025-11-21T22:14:47.467759,,1699
FrodoKEM-976-SHAKE,decap,1024,1,0.0,1,0,1,ip-172-31-43-26,linux,0,14.7377,67.85,KEM,True,2025-11-21T22:14:47.482535,,1700
FrodoKEM-976-SHAKE,decap,1024,16,0.0,1,0,1,ip-172-31-43-26,linux,0,14.738,67.85,KEM,True,2025-11-21T22:14:47.497310,,1701
FrodoKEM-976-SHAKE,decap,1024,16,0.0,1,0,1,ip-172-31-43-26,linux,0,14.7245,67.91,KEM,True,2025-11-21T22:14:47.512070,,1702
FrodoKEM-976-SHAKE,decap,1024,16,0.0,1,0,1,ip-172-31-43-26,linux,0,14.7336,67.87,KEM,True,2025-11-21T22:14:47.526847,,1703
FrodoKEM-976-SHAKE,decap,1024,16,0.0,1,0,1,ip-172-31-43-26,linux,0,14.7261,67.91,KEM,True,2025-11-21T22:14:47.541608,,1704
FrodoKEM-976-SHAKE,decap,1024,16,0.0,1,0,1,ip-172-31-43-26,linux,0,14.7369,67.86,KEM,True,2025-11-21T22:14:47.556380,,1705
FrodoKEM-976-SHAKE,decap,1024,64,0.0,1,0,1,ip-172-31-43-26,linux,0,14.7424,67.83,KEM,True,2025-11-21T22:14:47.571164,,1706
FrodoKEM-976-SHAKE,decap,1024,64,0.0,1,0,1,ip-172-31-43-26,linux,0,14.7296,67.89,KEM,True,2025-11-21T22:14:47.585931,,1707
FrodoKEM-976-SHAKE,decap,1024,64,0.0,1,0,1,ip-172-31-43-26,linux,0,14.7252,67.91,KEM,True,2025-11-21T22:14:47.600694,,1708
FrodoKEM-976-SHAKE,decap,1024,64,0.0,1,0,1,ip-172-31-43-26,linux,0,14.7378,67.85,KEM,True,2025-11-21T22:14:47.615471,,1709
FrodoKEM-976-SHAKE,decap,1024,64,0.0,1,0,1,ip-172-31-43-26,linux,0,14.7292,67.89,KEM,True,2025-11-21T22:14:47.630237,,1710
Kyber1024,keygen,0,1,0.0,1,0,1,ip-172-31-43-26,linux,0,0.1577,6342.6,KEM,True,2025-11-21T22:14:47.630444,,1711
Kyber1024,keygen,0,1,0.0,1,0,1,ip-172-31-43-26,linux,0,0.0516,19377.59,KEM,True,2025-11-21T22:14:47.630529,,1712
Kyber1024,keygen,0,1,0.0,1,0,1,ip-172-31-43-26,linux,0,0.0456,21942.82,KEM,True,2025-11-21T22:14:47.630599,,1713
Kyber1024,keygen,0,1,0.0,1,0,1,ip-172-31-43-26,linux,0,0.0454,22025.46,KEM,True,2025-11-21T22:14:47.630668,,1714
Kyber1024,keygen,0,1,0.0,1,0,1,ip-172-31-43-26,linux,0,0.0458,21820.72,KEM,True,2025-11-21T22:14:47.630736,,1715
Kyber1024,keygen,0,16,0.0,1,0,1,ip-172-31-43-26,linux,0,0.046,21719.77,KEM,True,2025-11-21T22:14:47.630805,,1716
Kyber1024,keygen,0,16,0.0,1,0,1,ip-172-31-43-26,linux,0,0.046,21732.52,KEM,True,2025-11-21T22:14:47.630873,,1717
Kyber1024,keygen,0,16,0.0,1,0,1,ip-172-31-43-26,linux,0,0.0473,21120.66,KEM,True,2025-11-21T22:14:47.630942,,1718
Kyber1024,keygen,0,16,0.0,1,0,1,ip-172-31-43-26,linux,0,0.0469,21303.34,KEM,True,2025-11-21T22:14:47.631011,,1719
Kyber1024,keygen,0,16,0.0,1,0,1,ip-172-31-43-26,linux,0,0.047,21264.38,KEM,True,2025-11-21T22:14:47.631081,,1720
Kyber1024,keygen,0,64,0.0,1,0,1,ip-172-31-43-26,linux,0,0.0596,16782.47,KEM,True,2025-11-21T22:14:47.631215,,1721
Kyber1024,keygen,0,64,0.0,1,0,1,ip-172-31-43-26,linux,0,0.0487,20518.29,KEM,True,2025-11-21T22:14:47.631291,,1722
Kyber1024,keygen,0,64,0.0,1,0,1,ip-172-31-43-26,linux,0,0.0448,22307.98,KEM,True,2025-11-21T22:14:47.631359,,1723
Kyber1024,keygen,0,64,0.0,1,0,1,ip-172-31-43-26,linux,0,0.0464,21540.12,KEM,True,2025-11-21T22:14:47.631427,,1724
Kyber1024,keygen,0,64,0.0,1,0,1,ip-172-31-43-26,linux,0,0.0521,19200.12,KEM,True,2025-11-21T22:14:47.631501,,1725
Kyber1024,keygen,1024,1,0.0,1,0,1,ip-172-31-43-26,linux,0,0.0467,21397.24,KEM,True,2025-11-21T22:14:47.631571,,1726
Kyber1024,keygen,1024,1,0.0,1,0,1,ip-172-31-43-26,linux,0,0.0465,21523.89,KEM,True,2025-11-21T22:14:47.631639,,1727
Kyber1024,keygen,1024,1,0.0,1,0,1,ip-172-31-43-26,linux,0,0.0457,21876.57,KEM,True,2025-11-21T22:14:47.631707,,1728
Kyber1024,keygen,1024,1,0.0,1,0,1,ip-172-31-43-26,linux,0,0.0472,21190.93,KEM,True,2025-11-21T22:14:47.631775,,1729
Kyber1024,keygen,1024,1,0.0,1,0,1,ip-172-31-43-26,linux,0,0.0477,20967.88,KEM,True,2025-11-21T22:14:47.631844,,1730
Kyber1024,keygen,1024,16,0.0,1,0,1,ip-172-31-43-26,linux,0,0.0471,21210.26,KEM,True,2025-11-21T22:14:47.631913,,1731
Kyber1024,keygen,1024,16,0.0,1,0,1,ip-172-31-43-26,linux,0,0.0466,21469.36,KEM,True,2025-11-21T22:14:47.631980,,1732
Kyber1024,keygen,1024,16,0.0,1,0,1,ip-172-31-43-26,linux,0,0.0454,22022.07,KEM,True,2025-11-21T22:14:47.632047,,1733
Kyber1024,keygen,1024,16,0.0,1,0,1,ip-172-31-43-26,linux,0,0.0535,18686.7,KEM,True,2025-11-21T22:14:47.632122,,1734
Kyber1024,keygen,1024,16,0.0,1,0,1,ip-172-31-43-26,linux,0,0.0478,20899.52,KEM,True,2025-11-21T22:14:47.632194,,1735
Kyber1024,keygen,1024,64,0.0,1,0,1,ip-172-31-43-26,linux,0,0.0462,21623.96,KEM,True,2025-11-21T22:14:47.632263,,1736
Kyber1024,keygen,1024,64,0.0,1,0,1,ip-172-31-43-26,linux,0,0.0452,22144.96,KEM,True,2025-11-21T22:14:47.632330,,1737
Kyber1024,keygen,1024,64,0.0,1,0,1,ip-172-31-43-26,linux,0,0.0425,23546.59,KEM,True,2025-11-21T22:14:47.632394,,1738
Kyber1024,keygen,1024,64,0.0,1,0,1,ip-172-31-43-26,linux,0,0.0446,22404.95,KEM,True,2025-11-21T22:14:47.632459,,1739
Kyber1024,keygen,1024,64,0.0,1,0,1,ip-172-31-43-26,linux,0,0.0467,21411.44,KEM,True,2025-11-21T22:14:47.632527,,1740
Kyber1024,encap,0,1,0.0,1,0,1,ip-172-31-43-26,linux,0,0.0914,10943.79,KEM,True,2025-11-21T22:14:47.632648,,1741
Kyber1024,encap,0,1,0.0,1,0,1,ip-172-31-43-26,linux,0,0.085,11768.31,KEM,True,2025-11-21T22:14:47.632756,,1742
Kyber1024,encap,0,1,0.0,1,0,1,ip-172-31-43-26,linux,0,0.0875,11428.83,KEM,True,2025-11-21T22:14:47.632865,,1743
Kyber1024,encap,0,1,0.0,1,0,1,ip-172-31-43-26,linux,0,0.0945,10580.67,KEM,True,2025-11-21T22:14:47.632984,,1744
Kyber1024,encap,0,1,0.0,1,0,1,ip-172-31-43-26,linux,0,0.0951,10520.34,KEM,True,2025-11-21T22:14:47.633106,,1745
Kyber1024,encap,0,16,0.0,1,0,1,ip-172-31-43-26,linux,0,0.0891,11221.33,KEM,True,2025-11-21T22:14:47.633219,,1746
Kyber1024,encap,0,16,0.0,1,0,1,ip-172-31-43-26,linux,0,0.0847,11809.58,KEM,True,2025-11-21T22:14:47.633326,,1747
Kyber1024,encap,0,16,0.0,1,0,1,ip-172-31-43-26,linux,0,0.0844,11855.22,KEM,True,2025-11-21T22:14:47.633433,,1748
Kyber1024,encap,0,16,0.0,1,0,1,ip-172-31-43-26,linux,0,0.0876,11416.83,KEM,True,2025-11-21T22:14:47.633542,,1749
Kyber1024,encap,0,16,0.0,1,0,1,ip-172-31-43-26,linux,0,0.0857,11673.38,KEM,True,2025-11-21T22:14:47.633649,,1750
Kyber1024,encap,0,64,0.0,1,0,1,ip-172-31-43-26,linux,0,0.0847,11805.12,KEM,True,2025-11-21T22:14:47.633756,,1751
Kyber1024,encap,0,64,0.0,1,0,1,ip-172-31-43-26,linux,0,0.0898,11139.45,KEM,True,2025-11-21T22:14:47.633869,,1752
Kyber1024,encap,0,64,0.0,1,0,1,ip-172-31-43-26,linux,0,0.0884,11317.59,KEM,True,2025-11-21T22:14:47.633980,,1753
Kyber1024,encap,0,64,0.0,1,0,1,ip-172-31-43-26,linux,0,0.0853,11722.78,KEM,True,2025-11-21T22:14:47.634088,,1754
Kyber1024,encap,0,64,0.0,1,0,1,ip-172-31-43-26,linux,0,0.0916,10915.96,KEM,True,2025-11-21T22:14:47.634210,,1755
Kyber1024,encap,1024,1,0.0,1,0,1,ip-172-31-43-26,linux,0,0.0975,10259.36,KEM,True,2025-11-21T22:14:47.634331,,1756
Kyber1024,encap,1024,1,0.0,1,0,1,ip-172-31-43-26,linux,0,0.0858,11656.78,KEM,True,2025-11-21T22:14:47.634438,,1757
Kyber1024,encap,1024,1,0.0,1,0,1,ip-172-31-43-26,linux,0,0.0836,11963.73,KEM,True,2025-11-21T22:14:47.634544,,1758
Kyber1024,encap,1024,1,0.0,1,0,1,ip-172-31-43-26,linux,0,0.0843,11865.35,KEM,True,2025-11-21T22:14:47.634650,,1759
Kyber1024,encap,1024,1,0.0,1,0,1,ip-172-31-43-26,linux,0,0.0867,11532.3,KEM,True,2025-11-21T22:14:47.634759,,1760
Kyber1024,encap,1024,16,0.0,1,0,1,ip-172-31-43-26,linux,0,0.0878,11387.32,KEM,True,2025-11-21T22:14:47.634869,,1761
Kyber1024,encap,1024,16,0.0,1,0,1,ip-172-31-43-26,linux,0,0.0842,11870.99,KEM,True,2025-11-21T22:14:47.634976,,1762
Kyber1024,encap,1024,16,0.0,1,0,1,ip-172-31-43-26,linux,0,0.0855,11690.57,KEM,True,2025-11-21T22:14:47.635083,,1763
Kyber1024,encap,1024,16,0.0,1,0,1,ip-172-31-43-26,linux,0,0.0951,10511.16,KEM,True,2025-11-21T22:14:47.635214,,1764
Kyber1024,encap,1024,16,0.0,1,0,1,ip-172-31-43-26,linux,0,0.0898,11135.11,KEM,True,2025-11-21T22:14:47.635330,,1765
Kyber1024,encap,1024,64,0.0,1,0,1,ip-172-31-43-26,linux,0,0.0849,11783.84,KEM,True,2025-11-21T22:14:47.635438,,1766
Kyber1024,encap,1024,64,0.0,1,0,1,ip-172-31-43-26,linux,0,0.0827,12091.02,KEM,True,2025-11-21T22:14:47.635543,,1767
Kyber1024,encap,1024,64,0.0,1,0,1,ip-172-31-43-26,linux,0,0.0871,11487.52,KEM,True,2025-11-21T22:14:47.635652,,1768
Kyber1024,encap,1024,64,0.0,1,0,1,ip-172-31-43-26,linux,0,0.084,11898.81,KEM,True,2025-11-21T22:14:47.635758,,1769
Kyber1024,encap,1024,64,0.0,1,0,1,ip-172-31-43-26,linux,0,0.0869,11506.55,KEM,True,2025-11-21T22:14:47.635866,,1770
Kyber1024,decap,0,1,0.0,1,0,1,ip-172-31-43-26,linux,0,0.1212,8251.44,KEM,True,2025-11-21T22:14:47.636017,,1771
Kyber1024,decap,0,1,0.0,1,0,1,ip-172-31-43-26,linux,0,0.128,7812.68,KEM,True,2025-11-21T22:14:47.636167,,1772
Kyber1024,decap,0,1,0.0,1,0,1,ip-172-31-43-26,linux,0,0.1208,8280.61,KEM,True,2025-11-21T22:14:47.636311,,1773
Kyber1024,decap,0,1,0.0,1,0,1,ip-172-31-43-26,linux,0,0.1191,8399.76,KEM,True,2025-11-21T22:14:47.636453,,1774
Kyber1024,decap,0,1,0.0,1,0,1,ip-172-31-43-26,linux,0,0.1186,8432.56,KEM,True,2025-11-21T22:14:47.636594,,1775
Kyber1024,decap,0,16,0.0,1,0,1,ip-172-31-43-26,linux,0,0.1196,8358.62,KEM,True,2025-11-21T22:14:47.636736,,1776
Kyber1024,decap,0,16,0.0,1,0,1,ip-172-31-43-26,linux,0,0.1189,8410.99,KEM,True,2025-11-21T22:14:47.636877,,1777
Kyber1024,decap,0,16,0.0,1,0,1,ip-172-31-43-26,linux,0,0.1167,8570.52,KEM,True,2025-11-21T22:14:47.637016,,1778
Kyber1024,decap,0,16,0.0,1,0,1,ip-172-31-43-26,linux,0,0.1269,7877.92,KEM,True,2025-11-21T22:14:47.637165,,1779
Kyber1024,decap,0,16,0.0,1,0,1,ip-172-31-43-26,linux,0,0.1215,8228.15,KEM,True,2025-11-21T22:14:47.637309,,1780
Kyber1024,decap,0,64,0.0,1,0,1,ip-172-31-43-26,linux,0,0.1196,8360.37,KEM,True,2025-11-21T22:14:47.637452,,1781
Kyber1024,decap,0,64,0.0,1,0,1,ip-172-31-43-26,linux,0,0.1178,8485.79,KEM,True,2025-11-21T22:14:47.637592,,1782
Kyber1024,decap,0,64,0.0,1,0,1,ip-172-31-43-26,linux,0,0.1188,8417.08,KEM,True,2025-11-21T22:14:47.637732,,1783
Kyber1024,decap,0,64,0.0,1,0,1,ip-172-31-43-26,linux,0,0.1205,8297.1,KEM,True,2025-11-21T22:14:47.637875,,1784
Kyber1024,decap,0,64,0.0,1,0,1,ip-172-31-43-26,linux,0,0.1195,8371.28,KEM,True,2025-11-21T22:14:47.638016,,1785
Kyber1024,decap,1024,1,0.0,1,0,1,ip-172-31-43-26,linux,0,0.1312,7623.11,KEM,True,2025-11-21T22:14:47.638171,,1786
Kyber1024,decap,1024,1,0.0,1,0,1,ip-172-31-43-26,linux,0,0.1347,7421.81,KEM,True,2025-11-21T22:14:47.638335,,1787
Kyber1024,decap,1024,1,0.0,1,0,1,ip-172-31-43-26,linux,0,0.1228,8140.21,KEM,True,2025-11-21T22:14:47.638482,,1788
Kyber1024,decap,1024,1,0.0,1,0,1,ip-172-31-43-26,linux,0,0.1195,8371.35,KEM,True,2025-11-21T22:14:47.638624,,1789
Kyber1024,decap,1024,1,0.0,1,0,1,ip-172-31-43-26,linux,0,0.1183,8455.87,KEM,True,2025-11-21T22:14:47.638765,,1790
Kyber1024,decap,1024,16,0.0,1,0,1,ip-172-31-43-26,linux,0,0.1251,7995.33,KEM,True,2025-11-21T22:14:47.638913,,1791
Kyber1024,decap,1024,16,0.0,1,0,1,ip-172-31-43-26,linux,0,0.1273,7853.79,KEM,True,2025-11-21T22:14:47.639091,,1792
Kyber1024,decap,1024,16,0.0,1,0,1,ip-172-31-43-26,linux,0,0.1247,8016.22,KEM,True,2025-11-21T22:14:47.639255,,1793
Kyber1024,decap,1024,16,0.0,1,0,1,ip-172-31-43-26,linux,0,0.1236,8093.5,KEM,True,2025-11-21T22:14:47.639402,,1794
Kyber1024,decap,1024,16,0.0,1,0,1,ip-172-31-43-26,linux,0,0.1228,8143.99,KEM,True,2025-11-21T22:14:47.639548,,1795
Kyber1024,decap,1024,64,0.0,1,0,1,ip-172-31-43-26,linux,0,0.1218,8209.91,KEM,True,2025-11-21T22:14:47.639693,,1796
Kyber1024,decap,1024,64,0.0,1,0,1,ip-172-31-43-26,linux,0,0.1226,8155.01,KEM,True,2025-11-21T22:14:47.639839,,1797
Kyber1024,decap,1024,64,0.0,1,0,1,ip-172-31-43-26,linux,0,0.1184,8445.02,KEM,True,2025-11-21T22:14:47.639981,,1798
Kyber1024,decap,1024,64,0.0,1,0,1,ip-172-31-43-26,linux,0,0.1265,7903.76,KEM,True,2025-11-21T22:14:47.640131,,1799
Kyber1024,decap,1024,64,0.0,1,0,1,ip-172-31-43-26,linux,0,0.1226,8155.88,KEM,True,2025-11-21T22:14:47.640277,,1800
Kyber512,keygen,0,1,0.0,1,0,1,ip-172-31-43-26,linux,0,0.1063,9409.37,KEM,True,2025-11-21T22:14:47.640416,,1801
Kyber512,keygen,0,1,0.0,1,0,1,ip-172-31-43-26,linux,0,0.0327,30543.68,KEM,True,2025-11-21T22:14:47.640477,,1802
Kyber512,keygen,0,1,0.0,1,0,1,ip-172-31-43-26,linux,0,0.0306,32707.53,KEM,True,2025-11-21T22:14:47.640530,,1803
Kyber512,keygen,0,1,0.0,1,0,1,ip-172-31-43-26,linux,0,0.0288,34741.52,KEM,True,2025-11-21T22:14:47.640580,,1804
Kyber512,keygen,0,1,0.0,1,0,1,ip-172-31-43-26,linux,0,0.029,34456.62,KEM,True,2025-11-21T22:14:47.640630,,1805
Kyber512,keygen,0,16,0.0,1,0,1,ip-172-31-43-26,linux,0,0.0286,34980.94,KEM,True,2025-11-21T22:14:47.640681,,1806
Kyber512,keygen,0,16,0.0,1,0,1,ip-172-31-43-26,linux,0,0.0294,34051.83,KEM,True,2025-11-21T22:14:47.640731,,1807
Kyber512,keygen,0,16,0.0,1,0,1,ip-172-31-43-26,linux,0,0.0288,34759.64,KEM,True,2025-11-21T22:14:47.640782,,1808
Kyber512,keygen,0,16,0.0,1,0,1,ip-172-31-43-26,linux,0,0.0296,33763.25,KEM,True,2025-11-21T22:14:47.640833,,1809
Kyber512,keygen,0,16,0.0,1,0,1,ip-172-31-43-26,linux,0,0.0286,34947.93,KEM,True,2025-11-21T22:14:47.640883,,1810
Kyber512,keygen,0,64,0.0,1,0,1,ip-172-31-43-26,linux,0,0.0296,33760.97,KEM,True,2025-11-21T22:14:47.640934,,1811
Kyber512,keygen,0,64,0.0,1,0,1,ip-172-31-43-26,linux,0,0.0287,34869.94,KEM,True,2025-11-21T22:14:47.640984,,1812
Kyber512,keygen,0,64,0.0,1,0,1,ip-172-31-43-26,linux,0,0.0285,35065.57,KEM,True,2025-11-21T22:14:47.641034,,1813
Kyber512,keygen,0,64,0.0,1,0,1,ip-172-31-43-26,linux,0,0.0297,33665.5,KEM,True,2025-11-21T22:14:47.641084,,1814
Kyber512,keygen,0,64,0.0,1,0,1,ip-172-31-43-26,linux,0,0.0405,24702.34,KEM,True,2025-11-21T22:14:47.641165,,1815
Kyber512,keygen,1024,1,0.0,1,0,1,ip-172-31-43-26,linux,0,0.0312,32070.81,KEM,True,2025-11-21T22:14:47.641223,,1816
Kyber512,keygen,1024,1,0.0,1,0,1,ip-172-31-43-26,linux,0,0.032,31267.59,KEM,True,2025-11-21T22:14:47.641277,,1817
Kyber512,keygen,1024,1,0.0,1,0,1,ip-172-31-43-26,linux,0,0.0312,32051.28,KEM,True,2025-11-21T22:14:47.641330,,1818
Kyber512,keygen,1024,1,0.0,1,0,1,ip-172-31-43-26,linux,0,0.0296,33760.97,KEM,True,2025-11-21T22:14:47.641382,,1819
Kyber512,keygen,1024,1,0.0,1,0,1,ip-172-31-43-26,linux,0,0.0287,34811.67,KEM,True,2025-11-21T22:14:47.641433,,1820
Kyber512,keygen,1024,16,0.0,1,0,1,ip-172-31-43-26,linux,0,0.0289,34554.25,KEM,True,2025-11-21T22:14:47.641484,,1821
Kyber512,keygen,1024,16,0.0,1,0,1,ip-172-31-43-26,linux,0,0.0325,30796.71,KEM,True,2025-11-21T22:14:47.641537,,1822
Kyber512,keygen,1024,16,0.0,1,0,1,ip-172-31-43-26,linux,0,0.0325,30736.13,KEM,True,2025-11-21T22:14:47.641592,,1823
Kyber512,keygen,1024,16,0.0,1,0,1,ip-172-31-43-26,linux,0,0.03,33332.22,KEM,True,2025-11-21T22:14:47.641644,,1824
Kyber512,keygen,1024,16,0.0,1,0,1,ip-172-31-43-26,linux,0,0.0308,32519.27,KEM,True,2025-11-21T22:14:47.641697,,1825
Kyber512,keygen,1024,64,0.0,1,0,1,ip-172-31-43-26,linux,0,0.0307,32570.11,KEM,True,2025-11-21T22:14:47.641749,,1826
Kyber512,keygen,1024,64,0.0,1,0,1,ip-172-31-43-26,linux,0,0.03,33370.04,KEM,True,2025-11-21T22:14:47.641801,,1827
Kyber512,keygen,1024,64,0.0,1,0,1,ip-172-31-43-26,linux,0,0.0293,34099.43,KEM,True,2025-11-21T22:14:47.641852,,1828
Kyber512,keygen,1024,64,0.0,1,0,1,ip-172-31-43-26,linux,0,0.0286,34969.93,KEM,True,2025-11-21T22:14:47.641902,,1829
Kyber512,keygen,1024,64,0.0,1,0,1,ip-172-31-43-26,linux,0,0.0294,33977.78,KEM,True,2025-11-21T22:14:47.641952,,1830
Kyber512,encap,0,1,0.0,1,0,1,ip-172-31-43-26,linux,0,0.0745,13418.32,KEM,True,2025-11-21T22:14:47.642057,,1831
Kyber512,encap,0,1,0.0,1,0,1,ip-172-31-43-26,linux,0,0.07,14278.78,KEM,True,2025-11-21T22:14:47.642153,,1832
Kyber512,encap,0,1,0.0,1,0,1,ip-172-31-43-26,linux,0,0.0555,18027.11,KEM,True,2025-11-21T22:14:47.642236,,1833
Kyber512,encap,0,1,0.0,1,0,1,ip-172-31-43-26,linux,0,0.0553,18076.97,KEM,True,2025-11-21T22:14:47.642322,,1834
Kyber512,encap,0,1,0.0,1,0,1,ip-172-31-43-26,linux,0,0.0503,19891.79,KEM,True,2025-11-21T22:14:47.642396,,1835
Kyber512,encap,0,16,0.0,1,0,1,ip-172-31-43-26,linux,0,0.0505,19820.43,KEM,True,2025-11-21T22:14:47.642470,,1836
Kyber512,encap,0,16,0.0,1,0,1,ip-172-31-43-26,linux,0,0.0497,20140.18,KEM,True,2025-11-21T22:14:47.642542,,1837
Kyber512,encap,0,16,0.0,1,0,1,ip-172-31-43-26,linux,0,0.0511,19555.69,KEM,True,2025-11-21T22:14:47.642616,,1838
Kyber512,encap,0,16,0.0,1,0,1,ip-172-31-43-26,linux,0,0.0491,20374.48,KEM,True,2025-11-21T22:14:47.642689,,1839
Kyber512,encap,0,16,0.0,1,0,1,ip-172-31-43-26,linux,0,0.0505,19785.92,KEM,True,2025-11-21T22:14:47.642762,,1840
Kyber512,encap,0,64,0.0,1,0,1,ip-172-31-43-26,linux,0,0.0514,19446.17,KEM,True,2025-11-21T22:14:47.642837,,1841
Kyber512,encap,0,64,0.0,1,0,1,ip-172-31-43-26,linux,0,0.0501,19952.11,KEM,True,2025-11-21T22:14:47.642909,,1842
Kyber512,encap,0,64,0.0,1,0,1,ip-172-31-43-26,linux,0,0.0494,20259.32,KEM,True,2025-11-21T22:14:47.642981,,1843
Kyber512,encap,0,64,0.0,1,0,1,ip-172-31-43-26,linux,0,0.05,20019.22,KEM,True,2025-11-21T22:14:47.643054,,1844
Kyber512,encap,0,64,0.0,1,0,1,ip-172-31-43-26,linux,0,0.0593,16852.32,KEM,True,2025-11-21T22:14:47.643136,,1845
Kyber512,encap,1024,1,0.0,1,0,1,ip-172-31-43-26,linux,0,0.0506,19762.85,KEM,True,2025-11-21T22:14:47.643212,,1846
Kyber512,encap,1024,1,0.0,1,0,1,ip-172-31-43-26,linux,0,0.0502,19900.5,KEM,True,2025-11-21T22:14:47.643285,,1847
Kyber512,encap,1024,1,0.0,1,0,1,ip-172-31-43-26,linux,0,0.0501,19977.63,KEM,True,2025-11-21T22:14:47.643358,,1848
Kyber512,encap,1024,1,0.0,1,0,1,ip-172-31-43-26,linux,0,0.0501,19949.33,KEM,True,2025-11-21T22:14:47.643430,,1849
Kyber512,encap,1024,1,0.0,1,0,1,ip-172-31-43-26,linux,0,0.0495,20222.04,KEM,True,2025-11-21T22:14:47.643503,,1850
Kyber512,encap,1024,16,0.0,1,0,1,ip-172-31-43-26,linux,0,0.0502,19927.86,KEM,True,2025-11-21T22:14:47.643576,,1851
Kyber512,encap,1024,16,0.0,1,0,1,ip-172-31-43-26,linux,0,0.0482,20726.25,KEM,True,2025-11-21T22:14:47.643647,,1852
Kyber512,encap,1024,16,0.0,1,0,1,ip-172-31-43-26,linux,0,0.0503,19871.63,KEM,True,2025-11-21T22:14:47.643720,,1853
Kyber512,encap,1024,16,0.0,1,0,1,ip-172-31-43-26,linux,0,0.0503,19872.02,KEM,True,2025-11-21T22:14:47.643792,,1854
Kyber512,encap,1024,16,0.0,1,0,1,ip-172-31-43-26,linux,0,0.0484,20662.86,KEM,True,2025-11-21T22:14:47.643863,,1855
Kyber512,encap,1024,64,0.0,1,0,1,ip-172-31-43-26,linux,0,0.0497,20116.68,KEM,True,2025-11-21T22:14:47.643935,,1856
Kyber512,encap,1024,64,0.0,1,0,1,ip-172-31-43-26,linux,0,0.0491,20349.19,KEM,True,2025-11-21T22:14:47.644007,,1857
Kyber512,encap,1024,64,0.0,1,0,1,ip-172-31-43-26,linux,0,0.0505,19813.75,KEM,True,2025-11-21T22:14:47.644079,,1858
Kyber512,encap,1024,64,0.0,1,0,1,ip-172-31-43-26,linux,0,0.0523,19129.24,KEM,True,2025-11-21T22:14:47.644164,,1859
Kyber512,encap,1024,64,0.0,1,0,1,ip-172-31-43-26,linux,0,0.0499,20044.5,KEM,True,2025-11-21T22:14:47.644237,,1860
Kyber512,decap,0,1,0.0,1,0,1,ip-172-31-43-26,linux,0,0.0686,14569.83,KEM,True,2025-11-21T22:14:47.644337,,1861
Kyber512,decap,0,1,0.0,1,0,1,ip-172-31-43-26,linux,0,0.0674,14831.07,KEM,True,2025-11-21T22:14:47.644427,,1862
Kyber512,decap,0,1,0.0,1,0,1,ip-172-31-43-26,linux,0,0.0704,14211.01,KEM,True,2025-11-21T22:14:47.644548,,1863
Kyber512,decap,0,1,0.0,1,0,1,ip-172-31-43-26,linux,0,0.0657,15226.49,KEM,True,2025-11-21T22:14:47.644638,,1864
Kyber512,decap,0,1,0.0,1,0,1,ip-172-31-43-26,linux,0,0.0659,15164.84,KEM,True,2025-11-21T22:14:47.644726,,1865
Kyber512,decap,0,16,0.0,1,0,1,ip-172-31-43-26,linux,0,0.066,15159.78,KEM,True,2025-11-21T22:14:47.644815,,1866
Kyber512,decap,0,16,0.0,1,0,1,ip-172-31-43-26,linux,0,0.0655,15259.49,KEM,True,2025-11-21T22:14:47.644902,,1867
Kyber512,decap,0,16,0.0,1,0,1,ip-172-31-43-26,linux,0,0.0664,15065.69,KEM,True,2025-11-21T22:14:47.644990,,1868
Kyber512,decap,0,16,0.0,1,0,1,ip-172-31-43-26,linux,0,0.0649,15419.25,KEM,True,2025-11-21T22:14:47.645078,,1869
Kyber512,decap,0,16,0.0,1,0,1,ip-172-31-43-26,linux,0,0.0692,14457.76,KEM,True,2025-11-21T22:14:47.645182,,1870
Kyber512,decap,0,64,0.0,1,0,1,ip-172-31-43-26,linux,0,0.0661,15125.62,KEM,True,2025-11-21T22:14:47.645272,,1871
Kyber512,decap,0,64,0.0,1,0,1,ip-172-31-43-26,linux,0,0.0664,15054.8,KEM,True,2025-11-21T22:14:47.645360,,1872
Kyber512,decap,0,64,0.0,1,0,1,ip-172-31-43-26,linux,0,0.0656,15249.25,KEM,True,2025-11-21T22:14:47.645448,,1873
Kyber512,decap,0,64,0.0,1,0,1,ip-172-31-43-26,linux,0,0.0668,14959.31,KEM,True,2025-11-21T22:14:47.645537,,1874
Kyber512,decap,0,64,0.0,1,0,1,ip-172-31-43-26,linux,0,0.0645,15493.55,KEM,True,2025-11-21T22:14:47.645623,,1875
Kyber512,decap,1024,1,0.0,1,0,1,ip-172-31-43-26,linux,0,0.0653,15324.5,KEM,True,2025-11-21T22:14:47.645711,,1876
Kyber512,decap,1024,1,0.0,1,0,1,ip-172-31-43-26,linux,0,0.0657,15226.03,KEM,True,2025-11-21T22:14:47.645798,,1877
Kyber512,decap,1024,1,0.0,1,0,1,ip-172-31-43-26,linux,0,0.0648,15441.63,KEM,True,2025-11-21T22:14:47.645885,,1878
Kyber512,decap,1024,1,0.0,1,0,1,ip-172-31-43-26,linux,0,0.0647,15457.86,KEM,True,2025-11-21T22:14:47.645971,,1879
Kyber512,decap,1024,1,0.0,1,0,1,ip-172-31-43-26,linux,0,0.0653,15323.56,KEM,True,2025-11-21T22:14:47.646058,,1880
Kyber512,decap,1024,16,0.0,1,0,1,ip-172-31-43-26,linux,0,0.0846,11823.69,KEM,True,2025-11-21T22:14:47.646166,,1881
Kyber512,decap,1024,16,0.0,1,0,1,ip-172-31-43-26,linux,0,0.0779,12842.58,KEM,True,2025-11-21T22:14:47.646272,,1882
Kyber512,decap,1024,16,0.0,1,0,1,ip-172-31-43-26,linux,0,0.0673,14868.78,KEM,True,2025-11-21T22:14:47.646363,,1883
Kyber512,decap,1024,16,0.0,1,0,1,ip-172-31-43-26,linux,0,0.0656,15248.09,KEM,True,2025-11-21T22:14:47.646451,,1884
Kyber512,decap,1024,16,0.0,1,0,1,ip-172-31-43-26,linux,0,0.0652,15328.25,KEM,True,2025-11-21T22:14:47.646539,,1885
Kyber512,decap,1024,64,0.0,1,0,1,ip-172-31-43-26,linux,0,0.0656,15255.06,KEM,True,2025-11-21T22:14:47.646627,,1886
Kyber512,decap,1024,64,0.0,1,0,1,ip-172-31-43-26,linux,0,0.0661,15130.42,KEM,True,2025-11-21T22:14:47.646715,,1887
Kyber512,decap,1024,64,0.0,1,0,1,ip-172-31-43-26,linux,0,0.0656,15249.25,KEM,True,2025-11-21T22:14:47.646803,,1888
Kyber512,decap,1024,64,0.0,1,0,1,ip-172-31-43-26,linux,0,0.0654,15279.31,KEM,True,2025-11-21T22:14:47.646890,,1889
Kyber512,decap,1024,64,0.0,1,0,1,ip-172-31-43-26,linux,0,0.066,15155.88,KEM,True,2025-11-21T22:14:47.646978,,1890
Kyber768,keygen,0,1,0.0,1,0,1,ip-172-31-43-26,linux,0,0.0804,12436.73,KEM,True,2025-11-21T22:14:47.647090,,1891
Kyber768,keygen,0,1,0.0,1,0,1,ip-172-31-43-26,linux,0,0.0423,23616.1,KEM,True,2025-11-21T22:14:47.647169,,1892
Kyber768,keygen,0,1,0.0,1,0,1,ip-172-31-43-26,linux,0,0.0358,27931.4,KEM,True,2025-11-21T22:14:47.647228,,1893
Kyber768,keygen,0,1,0.0,1,0,1,ip-172-31-43-26,linux,0,0.037,26994.93,KEM,True,2025-11-21T22:14:47.647286,,1894
Kyber768,keygen,0,1,0.0,1,0,1,ip-172-31-43-26,linux,0,0.0365,27427.32,KEM,True,2025-11-21T22:14:47.647344,,1895
Kyber768,keygen,0,16,0.0,1,0,1,ip-172-31-43-26,linux,0,0.0362,27590.77,KEM,True,2025-11-21T22:14:47.647401,,1896
Kyber768,keygen,0,16,0.0,1,0,1,ip-172-31-43-26,linux,0,0.0361,27688.56,KEM,True,2025-11-21T22:14:47.647458,,1897
Kyber768,keygen,0,16,0.0,1,0,1,ip-172-31-43-26,linux,0,0.0365,27372.51,KEM,True,2025-11-21T22:14:47.647516,,1898
Kyber768,keygen,0,16,0.0,1,0,1,ip-172-31-43-26,linux,0,0.0362,27623.55,KEM,True,2025-11-21T22:14:47.647574,,1899
Kyber768,keygen,0,16,0.0,1,0,1,ip-172-31-43-26,linux,0,0.037,27061.4,KEM,True,2025-11-21T22:14:47.647632,,1900
Kyber768,keygen,0,64,0.0,1,0,1,ip-172-31-43-26,linux,0,0.0357,28007.28,KEM,True,2025-11-21T22:14:47.647689,,1901
Kyber768,keygen,0,64,0.0,1,0,1,ip-172-31-43-26,linux,0,0.0363,27525.46,KEM,True,2025-11-21T22:14:47.647746,,1902
Kyber768,keygen,0,64,0.0,1,0,1,ip-172-31-43-26,linux,0,0.0385,26002.39,KEM,True,2025-11-21T22:14:47.647807,,1903
Kyber768,keygen,0,64,0.0,1,0,1,ip-172-31-43-26,linux,0,0.0367,27216.07,KEM,True,2025-11-21T22:14:47.647866,,1904
Kyber768,keygen,0,64,0.0,1,0,1,ip-172-31-43-26,linux,0,0.0354,28226.26,KEM,True,2025-11-21T22:14:47.647922,,1905
Kyber768,keygen,1024,1,0.0,1,0,1,ip-172-31-43-26,linux,0,0.0361,27730.79,KEM,True,2025-11-21T22:14:47.647980,,1906
Kyber768,keygen,1024,1,0.0,1,0,1,ip-172-31-43-26,linux,0,0.0348,28758.77,KEM,True,2025-11-21T22:14:47.648037,,1907
Kyber768,keygen,1024,1,0.0,1,0,1,ip-172-31-43-26,linux,0,0.0362,27622.78,KEM,True,2025-11-21T22:14:47.648101,,1908
Kyber768,keygen,1024,1,0.0,1,0,1,ip-172-31-43-26,linux,0,0.0404,24762.28,KEM,True,2025-11-21T22:14:47.648164,,1909
Kyber768,keygen,1024,1,0.0,1,0,1,ip-172-31-43-26,linux,0,0.038,26311.63,KEM,True,2025-11-21T22:14:47.648224,,1910
Kyber768,keygen,1024,16,0.0,1,0,1,ip-172-31-43-26,linux,0,0.0371,26932.4,KEM,True,2025-11-21T22:14:47.648283,,1911
Kyber768,keygen,1024,16,0.0,1,0,1,ip-172-31-43-26,linux,0,0.0352,28401.02,KEM,True,2025-11-21T22:14:47.648339,,1912
Kyber768,keygen,1024,16,0.0,1,0,1,ip-172-31-43-26,linux,0,0.0363,27561.12,KEM,True,2025-11-21T22:14:47.648397,,1913
Kyber768,keygen,1024,16,0.0,1,0,1,ip-172-31-43-26,linux,0,0.0351,28460.84,KEM,True,2025-11-21T22:14:47.648453,,1914
Kyber768,keygen,1024,16,0.0,1,0,1,ip-172-31-43-26,linux,0,0.0359,27839.64,KEM,True,2025-11-21T22:14:47.648510,,1915
Kyber768,keygen,1024,64,0.0,1,0,1,ip-172-31-43-26,linux,0,0.0351,28506.27,KEM,True,2025-11-21T22:14:47.648567,,1916
Kyber768,keygen,1024,64,0.0,1,0,1,ip-172-31-43-26,linux,0,0.0352,28434.13,KEM,True,2025-11-21T22:14:47.648623,,1917
Kyber768,keygen,1024,64,0.0,1,0,1,ip-172-31-43-26,linux,0,0.0369,27082.66,KEM,True,2025-11-21T22:14:47.648681,,1918
Kyber768,keygen,1024,64,0.0,1,0,1,ip-172-31-43-26,linux,0,0.0355,28145.23,KEM,True,2025-11-21T22:14:47.648738,,1919
Kyber768,keygen,1024,64,0.0,1,0,1,ip-172-31-43-26,linux,0,0.0354,28287.74,KEM,True,2025-11-21T22:14:47.648795,,1920
Kyber768,encap,0,1,0.0,1,0,1,ip-172-31-43-26,linux,0,0.0864,11576.75,KEM,True,2025-11-21T22:14:47.648910,,1921
Kyber768,encap,0,1,0.0,1,0,1,ip-172-31-43-26,linux,0,0.0674,14847.37,KEM,True,2025-11-21T22:14:47.649001,,1922
Kyber768,encap,0,1,0.0,1,0,1,ip-172-31-43-26,linux,0,0.0656,15252.97,KEM,True,2025-11-21T22:14:47.649089,,1923
Kyber768,encap,0,1,0.0,1,0,1,ip-172-31-43-26,linux,0,0.0686,14583.42,KEM,True,2025-11-21T22:14:47.649189,,1924
Kyber768,encap,0,1,0.0,1,0,1,ip-172-31-43-26,linux,0,0.0654,15281.64,KEM,True,2025-11-21T22:14:47.649277,,1925
Kyber768,encap,0,16,0.0,1,0,1,ip-172-31-43-26,linux,0,0.066,15144.4,KEM,True,2025-11-21T22:14:47.649366,,1926
Kyber768,encap,0,16,0.0,1,0,1,ip-172-31-43-26,linux,0,0.0647,15449.98,KEM,True,2025-11-21T22:14:47.649453,,1927
Kyber768,encap,0,16,0.0,1,0,1,ip-172-31-43-26,linux,0,0.0659,15181.19,KEM,True,2025-11-21T22:14:47.649541,,1928
Kyber768,encap,0,16,0.0,1,0,1,ip-172-31-43-26,linux,0,0.0644,15521.44,KEM,True,2025-11-21T22:14:47.649628,,1929
Kyber768,encap,0,16,0.0,1,0,1,ip-172-31-43-26,linux,0,0.0657,15217.69,KEM,True,2025-11-21T22:14:47.649716,,1930
Kyber768,encap,0,64,0.0,1,0,1,ip-172-31-43-26,linux,0,0.0655,15265.31,KEM,True,2025-11-21T22:14:47.649803,,1931
Kyber768,encap,0,64,0.0,1,0,1,ip-172-31-43-26,linux,0,0.0642,15586.28,KEM,True,2025-11-21T22:14:47.649889,,1932
Kyber768,encap,0,64,0.0,1,0,1,ip-172-31-43-26,linux,0,0.0636,15727.23,KEM,True,2025-11-21T22:14:47.649974,,1933
Kyber768,encap,0,64,0.0,1,0,1,ip-172-31-43-26,linux,0,0.0708,14118.31,KEM,True,2025-11-21T22:14:47.650089,,1934
Kyber768,encap,0,64,0.0,1,0,1,ip-172-31-43-26,linux,0,0.0694,14399.68,KEM,True,2025-11-21T22:14:47.650193,,1935
Kyber768,encap,1024,1,0.0,1,0,1,ip-172-31-43-26,linux,0,0.0721,13862.7,KEM,True,2025-11-21T22:14:47.650289,,1936
Kyber768,encap,1024,1,0.0,1,0,1,ip-172-31-43-26,linux,0,0.0665,15029.01,KEM,True,2025-11-21T22:14:47.650378,,1937
Kyber768,encap,1024,1,0.0,1,0,1,ip-172-31-43-26,linux,0,0.065,15382.25,KEM,True,2025-11-21T22:14:47.650465,,1938
Kyber768,encap,1024,1,0.0,1,0,1,ip-172-31-43-26,linux,0,0.0647,15455.23,KEM,True,2025-11-21T22:14:47.650551,,1939
Kyber768,encap,1024,1,0.0,1,0,1,ip-172-31-43-26,linux,0,0.0661,15138.67,KEM,True,2025-11-21T22:14:47.650639,,1940
Kyber768,encap,1024,16,0.0,1,0,1,ip-172-31-43-26,linux,0,0.0662,15101.41,KEM,True,2025-11-21T22:14:47.650727,,1941
Kyber768,encap,1024,16,0.0,1,0,1,ip-172-31-43-26,linux,0,0.0659,15166.22,KEM,True,2025-11-21T22:14:47.650815,,1942
Kyber768,encap,1024,16,0.0,1,0,1,ip-172-31-43-26,linux,0,0.0658,15189.26,KEM,True,2025-11-21T22:14:47.650902,,1943
Kyber768,encap,1024,16,0.0,1,0,1,ip-172-31-43-26,linux,0,0.0664,15070.23,KEM,True,2025-11-21T22:14:47.650990,,1944
Kyber768,encap,1024,16,0.0,1,0,1,ip-172-31-43-26,linux,0,0.0657,15215.14,KEM,True,2025-11-21T22:14:47.651078,,1945
Kyber768,encap,1024,64,0.0,1,0,1,ip-172-31-43-26,linux,0,0.0679,14721.04,KEM,True,2025-11-21T22:14:47.651179,,1946
Kyber768,encap,1024,64,0.0,1,0,1,ip-172-31-43-26,linux,0,0.0652,15335.54,KEM,True,2025-11-21T22:14:47.651268,,1947
Kyber768,encap,1024,64,0.0,1,0,1,ip-172-31-43-26,linux,0,0.0663,15079.09,KEM,True,2025-11-21T22:14:47.651356,,1948
Kyber768,encap,1024,64,0.0,1,0,1,ip-172-31-43-26,linux,0,0.0648,15420.44,KEM,True,2025-11-21T22:14:47.651442,,1949
Kyber768,encap,1024,64,0.0,1,0,1,ip-172-31-43-26,linux,0,0.0658,15189.95,KEM,True,2025-11-21T22:14:47.651530,,1950
Kyber768,decap,0,1,0.0,1,0,1,ip-172-31-43-26,linux,0,0.0949,10538.63,KEM,True,2025-11-21T22:14:47.651655,,1951
Kyber768,decap,0,1,0.0,1,0,1,ip-172-31-43-26,linux,0,0.0888,11259.36,KEM,True,2025-11-21T22:14:47.651766,,1952
Kyber768,decap,0,1,0.0,1,0,1,ip-172-31-43-26,linux,0,0.0879,11379.02,KEM,True,2025-11-21T22:14:47.651875,,1953
Kyber768,decap,0,1,0.0,1,0,1,ip-172-31-43-26,linux,0,0.0877,11399.52,KEM,True,2025-11-21T22:14:47.651985,,1954
Kyber768,decap,0,1,0.0,1,0,1,ip-172-31-43-26,linux,0,0.0983,10176.05,KEM,True,2025-11-21T22:14:47.652106,,1955
Kyber768,decap,0,16,0.0,1,0,1,ip-172-31-43-26,linux,0,0.091,10984.91,KEM,True,2025-11-21T22:14:47.652220,,1956
Kyber768,decap,0,16,0.0,1,0,1,ip-172-31-43-26,linux,0,0.0902,11092.5,KEM,True,2025-11-21T22:14:47.652331,,1957
Kyber768,decap,0,16,0.0,1,0,1,ip-172-31-43-26,linux,0,0.0899,11121.99,KEM,True,2025-11-21T22:14:47.652443,,1958
Kyber768,decap,0,16,0.0,1,0,1,ip-172-31-43-26,linux,0,0.0897,11147.77,KEM,True,2025-11-21T22:14:47.652555,,1959
Kyber768,decap,0,16,0.0,1,0,1,ip-172-31-43-26,linux,0,0.0893,11198.08,KEM,True,2025-11-21T22:14:47.652667,,1960
Kyber768,decap,0,64,0.0,1,0,1,ip-172-31-43-26,linux,0,0.0888,11256.82,KEM,True,2025-11-21T22:14:47.652778,,1961
Kyber768,decap,0,64,0.0,1,0,1,ip-172-31-43-26,linux,0,0.0889,11248.72,KEM,True,2025-11-21T22:14:47.652888,,1962
Kyber768,decap,0,64,0.0,1,0,1,ip-172-31-43-26,linux,0,0.0898,11132.39,KEM,True,2025-11-21T22:14:47.653000,,1963
Kyber768,decap,0,64,0.0,1,0,1,ip-172-31-43-26,linux,0,0.1029,9722.52,KEM,True,2025-11-21T22:14:47.653127,,1964
Kyber768,decap,0,64,0.0,1,0,1,ip-172-31-43-26,linux,0,0.0956,10457.41,KEM,True,2025-11-21T22:14:47.653252,,1965
Kyber768,decap,1024,1,0.0,1,0,1,ip-172-31-43-26,linux,0,0.0919,10883.17,KEM,True,2025-11-21T22:14:47.653370,,1966
Kyber768,decap,1024,1,0.0,1,0,1,ip-172-31-43-26,linux,0,0.0917,10904.06,KEM,True,2025-11-21T22:14:47.653485,,1967
Kyber768,decap,1024,1,0.0,1,0,1,ip-172-31-43-26,linux,0,0.091,10984.54,KEM,True,2025-11-21T22:14:47.653598,,1968
Kyber768,decap,1024,1,0.0,1,0,1,ip-172-31-43-26,linux,0,0.0889,11250.11,KEM,True,2025-11-21T22:14:47.653709,,1969
Kyber768,decap,1024,1,0.0,1,0,1,ip-172-31-43-26,linux,0,0.089,11238.99,KEM,True,2025-11-21T22:14:47.653820,,1970
Kyber768,decap,1024,16,0.0,1,0,1,ip-172-31-43-26,linux,0,0.0895,11171.94,KEM,True,2025-11-21T22:14:47.653932,,1971
Kyber768,decap,1024,16,0.0,1,0,1,ip-172-31-43-26,linux,0,0.0925,10812.8,KEM,True,2025-11-21T22:14:47.654046,,1972
Kyber768,decap,1024,16,0.0,1,0,1,ip-172-31-43-26,linux,0,0.1047,9552.01,KEM,True,2025-11-21T22:14:47.654174,,1973
Kyber768,decap,1024,16,0.0,1,0,1,ip-172-31-43-26,linux,0,0.0993,10067.76,KEM,True,2025-11-21T22:14:47.654302,,1974
Kyber768,decap,1024,16,0.0,1,0,1,ip-172-31-43-26,linux,0,0.0919,10883.64,KEM,True,2025-11-21T22:14:47.654417,,1975
Kyber768,decap,1024,64,0.0,1,0,1,ip-172-31-43-26,linux,0,0.0907,11019.65,KEM,True,2025-11-21T22:14:47.654529,,1976
Kyber768,decap,1024,64,0.0,1,0,1,ip-172-31-43-26,linux,0,0.0896,11164.33,KEM,True,2025-11-21T22:14:47.654641,,1977
Kyber768,decap,1024,64,0.0,1,0,1,ip-172-31-43-26,linux,0,0.09,11112.96,KEM,True,2025-11-21T22:14:47.654752,,1978
Kyber768,decap,1024,64,0.0,1,0,1,ip-172-31-43-26,linux,0,0.0906,11043.38,KEM,True,2025-11-21T22:14:47.654865,,1979
Kyber768,decap,1024,64,0.0,1,0,1,ip-172-31-43-26,linux,0,0.0886,11287.57,KEM,True,2025-11-21T22:14:47.654975,,1980
ML-KEM-1024,keygen,0,1,0.0,1,0,1,ip-172-31-43-26,linux,0,0.1196,8363.16,KEM,True,2025-11-21T22:14:47.655128,,1981
ML-KEM-1024,keygen,0,1,0.0,1,0,1,ip-172-31-43-26,linux,0,0.0588,17007.38,KEM,True,2025-11-21T22:14:47.655222,,1982
ML-KEM-1024,keygen,0,1,0.0,1,0,1,ip-172-31-43-26,linux,0,0.0514,19439.75,KEM,True,2025-11-21T22:14:47.655298,,1983
ML-KEM-1024,keygen,0,1,0.0,1,0,1,ip-172-31-43-26,linux,0,0.0499,20059.78,KEM,True,2025-11-21T22:14:47.655370,,1984
ML-KEM-1024,keygen,0,1,0.0,1,0,1,ip-172-31-43-26,linux,0,0.0482,20746.46,KEM,True,2025-11-21T22:14:47.655441,,1985
ML-KEM-1024,keygen,0,16,0.0,1,0,1,ip-172-31-43-26,linux,0,0.0476,21007.52,KEM,True,2025-11-21T22:14:47.655511,,1986
ML-KEM-1024,keygen,0,16,0.0,1,0,1,ip-172-31-43-26,linux,0,0.048,20838.98,KEM,True,2025-11-21T22:14:47.655581,,1987
ML-KEM-1024,keygen,0,16,0.0,1,0,1,ip-172-31-43-26,linux,0,0.0496,20170.24,KEM,True,2025-11-21T22:14:47.655652,,1988
ML-KEM-1024,keygen,0,16,0.0,1,0,1,ip-172-31-43-26,linux,0,0.0493,20274.93,KEM,True,2025-11-21T22:14:47.655723,,1989
ML-KEM-1024,keygen,0,16,0.0,1,0,1,ip-172-31-43-26,linux,0,0.0478,20908.69,KEM,True,2025-11-21T22:14:47.655793,,1990
ML-KEM-1024,keygen,0,64,0.0,1,0,1,ip-172-31-43-26,linux,0,0.0487,20538.52,KEM,True,2025-11-21T22:14:47.655864,,1991
ML-KEM-1024,keygen,0,64,0.0,1,0,1,ip-172-31-43-26,linux,0,0.0486,20595.2,KEM,True,2025-11-21T22:14:47.655934,,1992
ML-KEM-1024,keygen,0,64,0.0,1,0,1,ip-172-31-43-26,linux,0,0.0478,20905.19,KEM,True,2025-11-21T22:14:47.656003,,1993
ML-KEM-1024,keygen,0,64,0.0,1,0,1,ip-172-31-43-26,linux,0,0.0485,20619.41,KEM,True,2025-11-21T22:14:47.656074,,1994
ML-KEM-1024,keygen,0,64,0.0,1,0,1,ip-172-31-43-26,linux,0,0.0581,17225.05,KEM,True,2025-11-21T22:14:47.656154,,1995
ML-KEM-1024,keygen,1024,1,0.0,1,0,1,ip-172-31-43-26,linux,0,0.0528,18928.64,KEM,True,2025-11-21T22:14:47.656230,,1996
ML-KEM-1024,keygen,1024,1,0.0,1,0,1,ip-172-31-43-26,linux,0,0.0485,20626.21,KEM,True,2025-11-21T22:14:47.656301,,1997
ML-KEM-1024,keygen,1024,1,0.0,1,0,1,ip-172-31-43-26,linux,0,0.0481,20775.77,KEM,True,2025-11-21T22:14:47.656371,,1998
ML-KEM-1024,keygen,1024,1,0.0,1,0,1,ip-172-31-43-26,linux,0,0.0496,20142.61,KEM,True,2025-11-21T22:14:47.656443,,1999
ML-KEM-1024,keygen,1024,1,0.0,1,0,1,ip-172-31-43-26,linux,0,0.0496,20149.1,KEM,True,2025-11-21T22:14:47.656513,,2000
ML-KEM-1024,keygen,1024,16,0.0,1,0,1,ip-172-31-43-26,linux,0,0.049,20421.5,KEM,True,2025-11-21T22:14:47.656584,,2001
ML-KEM-1024,keygen,1024,16,0.0,1,0,1,ip-172-31-43-26,linux,0,0.0505,19811.4,KEM,True,2025-11-21T22:14:47.656656,,2002
ML-KEM-1024,keygen,1024,16,0.0,1,0,1,ip-172-31-43-26,linux,0,0.0483,20706.51,KEM,True,2025-11-21T22:14:47.656727,,2003
ML-KEM-1024,keygen,1024,16,0.0,1,0,1,ip-172-31-43-26,linux,0,0.0493,20278.63,KEM,True,2025-11-21T22:14:47.656797,,2004
ML-KEM-1024,keygen,1024,16,0.0,1,0,1,ip-172-31-43-26,linux,0,0.0538,18592.89,KEM,True,2025-11-21T22:14:47.656904,,2005
ML-KEM-1024,keygen,1024,64,0.0,1,0,1,ip-172-31-43-26,linux,0,0.0499,20053.34,KEM,True,2025-11-21T22:14:47.656976,,2006
ML-KEM-1024,keygen,1024,64,0.0,1,0,1,ip-172-31-43-26,linux,0,0.0486,20588.42,KEM,True,2025-11-21T22:14:47.657046,,2007
ML-KEM-1024,keygen,1024,64,0.0,1,0,1,ip-172-31-43-26,linux,0,0.06,16662.78,KEM,True,2025-11-21T22:14:47.657128,,2008
ML-KEM-1024,keygen,1024,64,0.0,1,0,1,ip-172-31-43-26,linux,0,0.0502,19927.86,KEM,True,2025-11-21T22:14:47.657201,,2009
ML-KEM-1024,keygen,1024,64,0.0,1,0,1,ip-172-31-43-26,linux,0,0.0488,20497.68,KEM,True,2025-11-21T22:14:47.657272,,2010
ML-KEM-1024,encap,0,1,0.0,1,0,1,ip-172-31-43-26,linux,0,0.093,10747.49,KEM,True,2025-11-21T22:14:47.657395,,2011
ML-KEM-1024,encap,0,1,0.0,1,0,1,ip-172-31-43-26,linux,0,0.0895,11171.81,KEM,True,2025-11-21T22:14:47.657508,,2012
ML-KEM-1024,encap,0,1,0.0,1,0,1,ip-172-31-43-26,linux,0,0.091,10988.17,KEM,True,2025-11-21T22:14:47.657621,,2013
ML-KEM-1024,encap,0,1,0.0,1,0,1,ip-172-31-43-26,linux,0,0.0901,11094.59,KEM,True,2025-11-21T22:14:47.657733,,2014
ML-KEM-1024,encap,0,1,0.0,1,0,1,ip-172-31-43-26,linux,0,0.089,11241.01,KEM,True,2025-11-21T22:14:47.657844,,2015
ML-KEM-1024,encap,0,16,0.0,1,0,1,ip-172-31-43-26,linux,0,0.0886,11283.63,KEM,True,2025-11-21T22:14:47.657955,,2016
ML-KEM-1024,encap,0,16,0.0,1,0,1,ip-172-31-43-26,linux,0,0.0865,11565.37,KEM,True,2025-11-21T22:14:47.658063,,2017
ML-KEM-1024,encap,0,16,0.0,1,0,1,ip-172-31-43-26,linux,0,0.0961,10400.42,KEM,True,2025-11-21T22:14:47.658181,,2018
ML-KEM-1024,encap,0,16,0.0,1,0,1,ip-172-31-43-26,linux,0,0.0968,10331.75,KEM,True,2025-11-21T22:14:47.658302,,2019
ML-KEM-1024,encap,0,16,0.0,1,0,1,ip-172-31-43-26,linux,0,0.09,11106.79,KEM,True,2025-11-21T22:14:47.658415,,2020
ML-KEM-1024,encap,0,64,0.0,1,0,1,ip-172-31-43-26,linux,0,0.0929,10768.67,KEM,True,2025-11-21T22:14:47.658531,,2021
ML-KEM-1024,encap,0,64,0.0,1,0,1,ip-172-31-43-26,linux,0,0.0897,11150.51,KEM,True,2025-11-21T22:14:47.658642,,2022
ML-KEM-1024,encap,0,64,0.0,1,0,1,ip-172-31-43-26,linux,0,0.0892,11215.41,KEM,True,2025-11-21T22:14:47.658754,,2023
ML-KEM-1024,encap,0,64,0.0,1,0,1,ip-172-31-43-26,linux,0,0.0897,11151.88,KEM,True,2025-11-21T22:14:47.658867,,2024
ML-KEM-1024,encap,0,64,0.0,1,0,1,ip-172-31-43-26,linux,0,0.0912,10970.45,KEM,True,2025-11-21T22:14:47.658980,,2025
ML-KEM-1024,encap,1024,1,0.0,1,0,1,ip-172-31-43-26,linux,0,0.1049,9535.62,KEM,True,2025-11-21T22:14:47.659108,,2026
ML-KEM-1024,encap,1024,1,0.0,1,0,1,ip-172-31-43-26,linux,0,0.0922,10849.52,KEM,True,2025-11-21T22:14:47.659225,,2027
ML-KEM-1024,encap,1024,1,0.0,1,0,1,ip-172-31-43-26,linux,0,0.0895,11174.56,KEM,True,2025-11-21T22:14:47.659339,,2028
ML-KEM-1024,encap,1024,1,0.0,1,0,1,ip-172-31-43-26,linux,0,0.0897,11147.4,KEM,True,2025-11-21T22:14:47.659451,,2029
ML-KEM-1024,encap,1024,1,0.0,1,0,1,ip-172-31-43-26,linux,0,0.0906,11032.53,KEM,True,2025-11-21T22:14:47.659564,,2030
ML-KEM-1024,encap,1024,16,0.0,1,0,1,ip-172-31-43-26,linux,0,0.0916,10916.67,KEM,True,2025-11-21T22:14:47.659680,,2031
ML-KEM-1024,encap,1024,16,0.0,1,0,1,ip-172-31-43-26,linux,0,0.0891,11224.86,KEM,True,2025-11-21T22:14:47.659792,,2032
ML-KEM-1024,encap,1024,16,0.0,1,0,1,ip-172-31-43-26,linux,0,0.0877,11403.94,KEM,True,2025-11-21T22:14:47.659902,,2033
ML-KEM-1024,encap,1024,16,0.0,1,0,1,ip-172-31-43-26,linux,0,0.0882,11337.1,KEM,True,2025-11-21T22:14:47.660013,,2034
ML-KEM-1024,encap,1024,16,0.0,1,0,1,ip-172-31-43-26,linux,0,0.0999,10014.82,KEM,True,2025-11-21T22:14:47.660135,,2035
ML-KEM-1024,encap,1024,64,0.0,1,0,1,ip-172-31-43-26,linux,0,0.0912,10964.31,KEM,True,2025-11-21T22:14:47.660251,,2036
ML-KEM-1024,encap,1024,64,0.0,1,0,1,ip-172-31-43-26,linux,0,0.0911,10975.86,KEM,True,2025-11-21T22:14:47.660365,,2037
ML-KEM-1024,encap,1024,64,0.0,1,0,1,ip-172-31-43-26,linux,0,0.0889,11242.27,KEM,True,2025-11-21T22:14:47.660477,,2038
ML-KEM-1024,encap,1024,64,0.0,1,0,1,ip-172-31-43-26,linux,0,0.0881,11354.35,KEM,True,2025-11-21T22:14:47.660587,,2039
ML-KEM-1024,encap,1024,64,0.0,1,0,1,ip-172-31-43-26,linux,0,0.0909,11005.22,KEM,True,2025-11-21T22:14:47.660700,,2040
ML-KEM-1024,decap,0,1,0.0,1,0,1,ip-172-31-43-26,linux,0,0.1333,7500.98,KEM,True,2025-11-21T22:14:47.660864,,2041
ML-KEM-1024,decap,0,1,0.0,1,0,1,ip-172-31-43-26,linux,0,0.13,7692.49,KEM,True,2025-11-21T22:14:47.661016,,2042
ML-KEM-1024,decap,0,1,0.0,1,0,1,ip-172-31-43-26,linux,0,0.1451,6892.13,KEM,True,2025-11-21T22:14:47.661185,,2043
ML-KEM-1024,decap,0,1,0.0,1,0,1,ip-172-31-43-26,linux,0,0.1358,7365.99,KEM,True,2025-11-21T22:14:47.661349,,2044
ML-KEM-1024,decap,0,1,0.0,1,0,1,ip-172-31-43-26,linux,0,0.1336,7487.22,KEM,True,2025-11-21T22:14:47.661507,,2045
ML-KEM-1024,decap,0,16,0.0,1,0,1,ip-172-31-43-26,linux,0,0.1313,7613.54,KEM,True,2025-11-21T22:14:47.661662,,2046
ML-KEM-1024,decap,0,16,0.0,1,0,1,ip-172-31-43-26,linux,0,0.1382,7236.52,KEM,True,2025-11-21T22:14:47.661823,,2047
ML-KEM-1024,decap,0,16,0.0,1,0,1,ip-172-31-43-26,linux,0,0.1329,7524.17,KEM,True,2025-11-21T22:14:47.661978,,2048
ML-KEM-1024,decap,0,16,0.0,1,0,1,ip-172-31-43-26,linux,0,0.1413,7077.69,KEM,True,2025-11-21T22:14:47.662142,,2049
ML-KEM-1024,decap,0,16,0.0,1,0,1,ip-172-31-43-26,linux,0,0.1392,7185.2,KEM,True,2025-11-21T22:14:47.662304,,2050
ML-KEM-1024,decap,0,64,0.0,1,0,1,ip-172-31-43-26,linux,0,0.1318,7588.52,KEM,True,2025-11-21T22:14:47.662460,,2051
ML-KEM-1024,decap,0,64,0.0,1,0,1,ip-172-31-43-26,linux,0,0.1367,7314.43,KEM,True,2025-11-21T22:14:47.662619,,2052
ML-KEM-1024,decap,0,64,0.0,1,0,1,ip-172-31-43-26,linux,0,0.1309,7638.6,KEM,True,2025-11-21T22:14:47.662772,,2053
ML-KEM-1024,decap,0,64,0.0,1,0,1,ip-172-31-43-26,linux,0,0.1363,7337.4,KEM,True,2025-11-21T22:14:47.662930,,2054
ML-KEM-1024,decap,0,64,0.0,1,0,1,ip-172-31-43-26,linux,0,0.1293,7733.71,KEM,True,2025-11-21T22:14:47.663082,,2055
ML-KEM-1024,decap,1024,1,0.0,1,0,1,ip-172-31-43-26,linux,0,0.1397,7159.12,KEM,True,2025-11-21T22:14:47.663270,,2056
ML-KEM-1024,decap,1024,1,0.0,1,0,1,ip-172-31-43-26,linux,0,0.1343,7445.18,KEM,True,2025-11-21T22:14:47.663432,,2057
ML-KEM-1024,decap,1024,1,0.0,1,0,1,ip-172-31-43-26,linux,0,0.1326,7541.93,KEM,True,2025-11-21T22:14:47.663588,,2058
ML-KEM-1024,decap,1024,1,0.0,1,0,1,ip-172-31-43-26,linux,0,0.1323,7561.21,KEM,True,2025-11-21T22:14:47.663742,,2059
ML-KEM-1024,decap,1024,1,0.0,1,0,1,ip-172-31-43-26,linux,0,0.1326,7543.87,KEM,True,2025-11-21T22:14:47.663898,,2060
ML-KEM-1024,decap,1024,16,0.0,1,0,1,ip-172-31-43-26,linux,0,0.1351,7399.46,KEM,True,2025-11-21T22:14:47.664056,,2061
ML-KEM-1024,decap,1024,16,0.0,1,0,1,ip-172-31-43-26,linux,0,0.1465,6824.45,KEM,True,2025-11-21T22:14:47.664227,,2062
ML-KEM-1024,decap,1024,16,0.0,1,0,1,ip-172-31-43-26,linux,0,0.1389,7197.66,KEM,True,2025-11-21T22:14:47.664396,,2063
ML-KEM-1024,decap,1024,16,0.0,1,0,1,ip-172-31-43-26,linux,0,0.1313,7614.35,KEM,True,2025-11-21T22:14:47.664551,,2064
ML-KEM-1024,decap,1024,16,0.0,1,0,1,ip-172-31-43-26,linux,0,0.1323,7558.12,KEM,True,2025-11-21T22:14:47.664707,,2065
ML-KEM-1024,decap,1024,64,0.0,1,0,1,ip-172-31-43-26,linux,0,0.14,7142.09,KEM,True,2025-11-21T22:14:47.664871,,2066
ML-KEM-1024,decap,1024,64,0.0,1,0,1,ip-172-31-43-26,linux,0,0.1311,7630.09,KEM,True,2025-11-21T22:14:47.665024,,2067
ML-KEM-1024,decap,1024,64,0.0,1,0,1,ip-172-31-43-26,linux,0,0.1395,7168.2,KEM,True,2025-11-21T22:14:47.665187,,2068
ML-KEM-1024,decap,1024,64,0.0,1,0,1,ip-172-31-43-26,linux,0,0.1351,7403.02,KEM,True,2025-11-21T22:14:47.665346,,2069
ML-KEM-1024,decap,1024,64,0.0,1,0,1,ip-172-31-43-26,linux,0,0.1317,7593.42,KEM,True,2025-11-21T22:14:47.665501,,2070
ML-KEM-512,keygen,0,1,0.0,1,0,1,ip-172-31-43-26,linux,0,0.0631,15842.34,KEM,True,2025-11-21T22:14:47.665596,,2071
ML-KEM-512,keygen,0,1,0.0,1,0,1,ip-172-31-43-26,linux,0,0.0317,31531.82,KEM,True,2025-11-21T22:14:47.665655,,2072
ML-KEM-512,keygen,0,1,0.0,1,0,1,ip-172-31-43-26,linux,0,0.0292,34291.2,KEM,True,2025-11-21T22:14:47.665706,,2073
ML-KEM-512,keygen,0,1,0.0,1,0,1,ip-172-31-43-26,linux,0,0.0291,34411.56,KEM,True,2025-11-21T22:14:47.665757,,2074
ML-KEM-512,keygen,0,1,0.0,1,0,1,ip-172-31-43-26,linux,0,0.0315,31753.09,KEM,True,2025-11-21T22:14:47.665836,,2075
ML-KEM-512,keygen,0,16,0.0,1,0,1,ip-172-31-43-26,linux,0,0.0283,35364.43,KEM,True,2025-11-21T22:14:47.665888,,2076
ML-KEM-512,keygen,0,16,0.0,1,0,1,ip-172-31-43-26,linux,0,0.0284,35218.71,KEM,True,2025-11-21T22:14:47.665939,,2077
ML-KEM-512,keygen,0,16,0.0,1,0,1,ip-172-31-43-26,linux,0,0.0274,36457.76,KEM,True,2025-11-21T22:14:47.665988,,2078
ML-KEM-512,keygen,0,16,0.0,1,0,1,ip-172-31-43-26,linux,0,0.027,37072.74,KEM,True,2025-11-21T22:14:47.666036,,2079
ML-KEM-512,keygen,0,16,0.0,1,0,1,ip-172-31-43-26,linux,0,0.027,37078.23,KEM,True,2025-11-21T22:14:47.666085,,2080
ML-KEM-512,keygen,0,64,0.0,1,0,1,ip-172-31-43-26,linux,0,0.0317,31563.66,KEM,True,2025-11-21T22:14:47.666152,,2081
ML-KEM-512,keygen,0,64,0.0,1,0,1,ip-172-31-43-26,linux,0,0.0291,34381.98,KEM,True,2025-11-21T22:14:47.666204,,2082
ML-KEM-512,keygen,0,64,0.0,1,0,1,ip-172-31-43-26,linux,0,0.0364,27437.1,KEM,True,2025-11-21T22:14:47.666262,,2083
ML-KEM-512,keygen,0,64,0.0,1,0,1,ip-172-31-43-26,linux,0,0.029,34440.01,KEM,True,2025-11-21T22:14:47.666313,,2084
ML-KEM-512,keygen,0,64,0.0,1,0,1,ip-172-31-43-26,linux,0,0.0284,35259.69,KEM,True,2025-11-21T22:14:47.666363,,2085
ML-KEM-512,keygen,1024,1,0.0,1,0,1,ip-172-31-43-26,linux,0,0.029,34463.74,KEM,True,2025-11-21T22:14:47.666415,,2086
ML-KEM-512,keygen,1024,1,0.0,1,0,1,ip-172-31-43-26,linux,0,0.0286,34923.52,KEM,True,2025-11-21T22:14:47.666465,,2087
ML-KEM-512,keygen,1024,1,0.0,1,0,1,ip-172-31-43-26,linux,0,0.0285,35143.21,KEM,True,2025-11-21T22:14:47.666515,,2088
ML-KEM-512,keygen,1024,1,0.0,1,0,1,ip-172-31-43-26,linux,0,0.0293,34168.18,KEM,True,2025-11-21T22:14:47.666566,,2089
ML-KEM-512,keygen,1024,1,0.0,1,0,1,ip-172-31-43-26,linux,0,0.0284,35187.73,KEM,True,2025-11-21T22:14:47.666616,,2090
ML-KEM-512,keygen,1024,16,0.0,1,0,1,ip-172-31-43-26,linux,0,0.0287,34861.43,KEM,True,2025-11-21T22:14:47.666667,,2091
ML-KEM-512,keygen,1024,16,0.0,1,0,1,ip-172-31-43-26,linux,0,0.0285,35101.27,KEM,True,2025-11-21T22:14:47.666718,,2092
ML-KEM-512,keygen,1024,16,0.0,1,0,1,ip-172-31-43-26,linux,0,0.0301,33225.9,KEM,True,2025-11-21T22:14:47.666770,,2093
ML-KEM-512,keygen,1024,16,0.0,1,0,1,ip-172-31-43-26,linux,0,0.029,34536.35,KEM,True,2025-11-21T22:14:47.666821,,2094
ML-KEM-512,keygen,1024,16,0.0,1,0,1,ip-172-31-43-26,linux,0,0.0297,33648.51,KEM,True,2025-11-21T22:14:47.666873,,2095
ML-KEM-512,keygen,1024,64,0.0,1,0,1,ip-172-31-43-26,linux,0,0.0291,34372.53,KEM,True,2025-11-21T22:14:47.666924,,2096
ML-KEM-512,keygen,1024,64,0.0,1,0,1,ip-172-31-43-26,linux,0,0.0293,34127.36,KEM,True,2025-11-21T22:14:47.666975,,2097
ML-KEM-512,keygen,1024,64,0.0,1,0,1,ip-172-31-43-26,linux,0,0.029,34458.99,KEM,True,2025-11-21T22:14:47.667026,,2098
ML-KEM-512,keygen,1024,64,0.0,1,0,1,ip-172-31-43-26,linux,0,0.029,34448.31,KEM,True,2025-11-21T22:14:47.667077,,2099
ML-KEM-512,keygen,1024,64,0.0,1,0,1,ip-172-31-43-26,linux,0,0.0313,31899.96,KEM,True,2025-11-21T22:14:47.667140,,2100
ML-KEM-512,encap,0,1,0.0,1,0,1,ip-172-31-43-26,linux,0,0.0571,17507.62,KEM,True,2025-11-21T22:14:47.667229,,2101
ML-KEM-512,encap,0,1,0.0,1,0,1,ip-172-31-43-26,linux,0,0.0522,19165.53,KEM,True,2025-11-21T22:14:47.667304,,2102
ML-KEM-512,encap,0,1,0.0,1,0,1,ip-172-31-43-26,linux,0,0.0505,19815.71,KEM,True,2025-11-21T22:14:47.667375,,2103
ML-KEM-512,encap,0,1,0.0,1,0,1,ip-172-31-43-26,linux,0,0.0492,20333.47,KEM,True,2025-11-21T22:14:47.667446,,2104
ML-KEM-512,encap,0,1,0.0,1,0,1,ip-172-31-43-26,linux,0,0.05,19985.21,KEM,True,2025-11-21T22:14:47.667519,,2105
ML-KEM-512,encap,0,16,0.0,1,0,1,ip-172-31-43-26,linux,0,0.0514,19466.61,KEM,True,2025-11-21T22:14:47.667593,,2106
ML-KEM-512,encap,0,16,0.0,1,0,1,ip-172-31-43-26,linux,0,0.0496,20157.23,KEM,True,2025-11-21T22:14:47.667666,,2107
ML-KEM-512,encap,0,16,0.0,1,0,1,ip-172-31-43-26,linux,0,0.0499,20039.28,KEM,True,2025-11-21T22:14:47.667738,,2108
ML-KEM-512,encap,0,16,0.0,1,0,1,ip-172-31-43-26,linux,0,0.0505,19794.14,KEM,True,2025-11-21T22:14:47.667810,,2109
ML-KEM-512,encap,0,16,0.0,1,0,1,ip-172-31-43-26,linux,0,0.0509,19637.49,KEM,True,2025-11-21T22:14:47.667883,,2110
ML-KEM-512,encap,0,64,0.0,1,0,1,ip-172-31-43-26,linux,0,0.0514,19461.69,KEM,True,2025-11-21T22:14:47.667957,,2111
ML-KEM-512,encap,0,64,0.0,1,0,1,ip-172-31-43-26,linux,0,0.0499,20050.53,KEM,True,2025-11-21T22:14:47.668029,,2112
ML-KEM-512,encap,0,64,0.0,1,0,1,ip-172-31-43-26,linux,0,0.0618,16193.02,KEM,True,2025-11-21T22:14:47.668113,,2113
ML-KEM-512,encap,0,64,0.0,1,0,1,ip-172-31-43-26,linux,0,0.0488,20487.19,KEM,True,2025-11-21T22:14:47.668185,,2114
ML-KEM-512,encap,0,64,0.0,1,0,1,ip-172-31-43-26,linux,0,0.0486,20582.48,KEM,True,2025-11-21T22:14:47.668256,,2115
ML-KEM-512,encap,1024,1,0.0,1,0,1,ip-172-31-43-26,linux,0,0.048,20842.02,KEM,True,2025-11-21T22:14:47.668326,,2116
ML-KEM-512,encap,1024,1,0.0,1,0,1,ip-172-31-43-26,linux,0,0.0463,21603.4,KEM,True,2025-11-21T22:14:47.668394,,2117
ML-KEM-512,encap,1024,1,0.0,1,0,1,ip-172-31-43-26,linux,0,0.0497,20140.58,KEM,True,2025-11-21T22:14:47.668465,,2118
ML-KEM-512,encap,1024,1,0.0,1,0,1,ip-172-31-43-26,linux,0,0.0489,20464.13,KEM,True,2025-11-21T22:14:47.668535,,2119
ML-KEM-512,encap,1024,1,0.0,1,0,1,ip-172-31-43-26,linux,0,0.05,19981.62,KEM,True,2025-11-21T22:14:47.668607,,2120
ML-KEM-512,encap,1024,16,0.0,1,0,1,ip-172-31-43-26,linux,0,0.0478,20916.13,KEM,True,2025-11-21T22:14:47.668677,,2121
ML-KEM-512,encap,1024,16,0.0,1,0,1,ip-172-31-43-26,linux,0,0.0502,19925.08,KEM,True,2025-11-21T22:14:47.668749,,2122
ML-KEM-512,encap,1024,16,0.0,1,0,1,ip-172-31-43-26,linux,0,0.049,20388.61,KEM,True,2025-11-21T22:14:47.668821,,2123
ML-KEM-512,encap,1024,16,0.0,1,0,1,ip-172-31-43-26,linux,0,0.0483,20684.66,KEM,True,2025-11-21T22:14:47.668891,,2124
ML-KEM-512,encap,1024,16,0.0,1,0,1,ip-172-31-43-26,linux,0,0.0497,20129.23,KEM,True,2025-11-21T22:14:47.668963,,2125
ML-KEM-512,encap,1024,64,0.0,1,0,1,ip-172-31-43-26,linux,0,0.0475,21041.56,KEM,True,2025-11-21T22:14:47.669033,,2126
ML-KEM-512,encap,1024,64,0.0,1,0,1,ip-172-31-43-26,linux,0,0.0675,14814.81,KEM,True,2025-11-21T22:14:47.669127,,2127
ML-KEM-512,encap,1024,64,0.0,1,0,1,ip-172-31-43-26,linux,0,0.0574,17426.16,KEM,True,2025-11-21T22:14:47.669213,,2128
ML-KEM-512,encap,1024,64,0.0,1,0,1,ip-172-31-43-26,linux,0,0.0511,19582.5,KEM,True,2025-11-21T22:14:47.669288,,2129
ML-KEM-512,encap,1024,64,0.0,1,0,1,ip-172-31-43-26,linux,0,0.0491,20356.23,KEM,True,2025-11-21T22:14:47.669360,,2130
ML-KEM-512,decap,0,1,0.0,1,0,1,ip-172-31-43-26,linux,0,0.0718,13918.66,KEM,True,2025-11-21T22:14:47.669462,,2131
ML-KEM-512,decap,0,1,0.0,1,0,1,ip-172-31-43-26,linux,0,0.0751,13323.74,KEM,True,2025-11-21T22:14:47.669560,,2132
ML-KEM-512,decap,0,1,0.0,1,0,1,ip-172-31-43-26,linux,0,0.0685,14602.59,KEM,True,2025-11-21T22:14:47.669652,,2133
ML-KEM-512,decap,0,1,0.0,1,0,1,ip-172-31-43-26,linux,0,0.068,14698.75,KEM,True,2025-11-21T22:14:47.669741,,2134
ML-KEM-512,decap,0,1,0.0,1,0,1,ip-172-31-43-26,linux,0,0.0683,14633.79,KEM,True,2025-11-21T22:14:47.669832,,2135
ML-KEM-512,decap,0,16,0.0,1,0,1,ip-172-31-43-26,linux,0,0.0686,14571.95,KEM,True,2025-11-21T22:14:47.669923,,2136
ML-KEM-512,decap,0,16,0.0,1,0,1,ip-172-31-43-26,linux,0,0.0682,14653.52,KEM,True,2025-11-21T22:14:47.670014,,2137
ML-KEM-512,decap,0,16,0.0,1,0,1,ip-172-31-43-26,linux,0,0.0786,12721.03,KEM,True,2025-11-21T22:14:47.670115,,2138
ML-KEM-512,decap,0,16,0.0,1,0,1,ip-172-31-43-26,linux,0,0.0699,14297.36,KEM,True,2025-11-21T22:14:47.670209,,2139
ML-KEM-512,decap,0,16,0.0,1,0,1,ip-172-31-43-26,linux,0,0.0767,13034.41,KEM,True,2025-11-21T22:14:47.670308,,2140
ML-KEM-512,decap,0,64,0.0,1,0,1,ip-172-31-43-26,linux,0,0.0709,14107.95,KEM,True,2025-11-21T22:14:47.670402,,2141
ML-KEM-512,decap,0,64,0.0,1,0,1,ip-172-31-43-26,linux,0,0.0706,14169.72,KEM,True,2025-11-21T22:14:47.670496,,2142
ML-KEM-512,decap,0,64,0.0,1,0,1,ip-172-31-43-26,linux,0,0.0719,13917.5,KEM,True,2025-11-21T22:14:47.670591,,2143
ML-KEM-512,decap,0,64,0.0,1,0,1,ip-172-31-43-26,linux,0,0.0698,14322.34,KEM,True,2025-11-21T22:14:47.670685,,2144
ML-KEM-512,decap,0,64,0.0,1,0,1,ip-172-31-43-26,linux,0,0.0742,13477.82,KEM,True,2025-11-21T22:14:47.670804,,2145
ML-KEM-512,decap,1024,1,0.0,1,0,1,ip-172-31-43-26,linux,0,0.0688,14543.55,KEM,True,2025-11-21T22:14:47.670899,,2146
ML-KEM-512,decap,1024,1,0.0,1,0,1,ip-172-31-43-26,linux,0,0.0684,14616.46,KEM,True,2025-11-21T22:14:47.670990,,2147
ML-KEM-512,decap,1024,1,0.0,1,0,1,ip-172-31-43-26,linux,0,0.0688,14525.81,KEM,True,2025-11-21T22:14:47.671082,,2148
ML-KEM-512,decap,1024,1,0.0,1,0,1,ip-172-31-43-26,linux,0,0.0799,12511.42,KEM,True,2025-11-21T22:14:47.671200,,2149
ML-KEM-512,decap,1024,1,0.0,1,0,1,ip-172-31-43-26,linux,0,0.0734,13628.81,KEM,True,2025-11-21T22:14:47.671300,,2150
ML-KEM-512,decap,1024,16,0.0,1,0,1,ip-172-31-43-26,linux,0,0.0703,14218.89,KEM,True,2025-11-21T22:14:47.671394,,2151
ML-KEM-512,decap,1024,16,0.0,1,0,1,ip-172-31-43-26,linux,0,0.0702,14247.04,KEM,True,2025-11-21T22:14:47.671488,,2152
ML-KEM-512,decap,1024,16,0.0,1,0,1,ip-172-31-43-26,linux,0,0.0716,13962.19,KEM,True,2025-11-21T22:14:47.671582,,2153
ML-KEM-512,decap,1024,16,0.0,1,0,1,ip-172-31-43-26,linux,0,0.0681,14694.21,KEM,True,2025-11-21T22:14:47.671673,,2154
ML-KEM-512,decap,1024,16,0.0,1,0,1,ip-172-31-43-26,linux,0,0.069,14483.73,KEM,True,2025-11-21T22:14:47.671765,,2155
ML-KEM-512,decap,1024,64,0.0,1,0,1,ip-172-31-43-26,linux,0,0.0684,14618.39,KEM,True,2025-11-21T22:14:47.671857,,2156
ML-KEM-512,decap,1024,64,0.0,1,0,1,ip-172-31-43-26,linux,0,0.0683,14651.37,KEM,True,2025-11-21T22:14:47.671948,,2157
ML-KEM-512,decap,1024,64,0.0,1,0,1,ip-172-31-43-26,linux,0,0.0666,15017.27,KEM,True,2025-11-21T22:14:47.672037,,2158
ML-KEM-512,decap,1024,64,0.0,1,0,1,ip-172-31-43-26,linux,0,0.0773,12935.27,KEM,True,2025-11-21T22:14:47.672137,,2159
ML-KEM-512,decap,1024,64,0.0,1,0,1,ip-172-31-43-26,linux,0,0.0736,13584.74,KEM,True,2025-11-21T22:14:47.672234,,2160
ML-KEM-768,keygen,0,1,0.0,1,0,1,ip-172-31-43-26,linux,0,0.0447,22357.36,KEM,True,2025-11-21T22:14:47.672310,,2161
ML-KEM-768,keygen,0,1,0.0,1,0,1,ip-172-31-43-26,linux,0,0.0391,25600.33,KEM,True,2025-11-21T22:14:47.672372,,2162
ML-KEM-768,keygen,0,1,0.0,1,0,1,ip-172-31-43-26,linux,0,0.0383,26114.43,KEM,True,2025-11-21T22:14:47.672433,,2163
ML-KEM-768,keygen,0,1,0.0,1,0,1,ip-172-31-43-26,linux,0,0.0369,27100.27,KEM,True,2025-11-21T22:14:47.672491,,2164
ML-KEM-768,keygen,0,1,0.0,1,0,1,ip-172-31-43-26,linux,0,0.0373,26796.72,KEM,True,2025-11-21T22:14:47.672550,,2165
ML-KEM-768,keygen,0,16,0.0,1,0,1,ip-172-31-43-26,linux,0,0.0376,26607.77,KEM,True,2025-11-21T22:14:47.672609,,2166
ML-KEM-768,keygen,0,16,0.0,1,0,1,ip-172-31-43-26,linux,0,0.0375,26695.85,KEM,True,2025-11-21T22:14:47.672668,,2167
ML-KEM-768,keygen,0,16,0.0,1,0,1,ip-172-31-43-26,linux,0,0.0407,24587.54,KEM,True,2025-11-21T22:14:47.672730,,2168
ML-KEM-768,keygen,0,16,0.0,1,0,1,ip-172-31-43-26,linux,0,0.0372,26883.89,KEM,True,2025-11-21T22:14:47.672790,,2169
ML-KEM-768,keygen,0,16,0.0,1,0,1,ip-172-31-43-26,linux,0,0.0373,26819.0,KEM,True,2025-11-21T22:14:47.672848,,2170
ML-KEM-768,keygen,0,64,0.0,1,0,1,ip-172-31-43-26,linux,0,0.038,26337.97,KEM,True,2025-11-21T22:14:47.672908,,2171
ML-KEM-768,keygen,0,64,0.0,1,0,1,ip-172-31-43-26,linux,0,0.0374,26727.96,KEM,True,2025-11-21T22:14:47.672966,,2172
ML-KEM-768,keygen,0,64,0.0,1,0,1,ip-172-31-43-26,linux,0,0.038,26348.38,KEM,True,2025-11-21T22:14:47.673025,,2173
ML-KEM-768,keygen,0,64,0.0,1,0,1,ip-172-31-43-26,linux,0,0.0382,26154.05,KEM,True,2025-11-21T22:14:47.673084,,2174
ML-KEM-768,keygen,0,64,0.0,1,0,1,ip-172-31-43-26,linux,0,0.0404,24728.6,KEM,True,2025-11-21T22:14:47.673158,,2175
ML-KEM-768,keygen,1024,1,0.0,1,0,1,ip-172-31-43-26,linux,0,0.0382,26186.92,KEM,True,2025-11-21T22:14:47.673220,,2176
ML-KEM-768,keygen,1024,1,0.0,1,0,1,ip-172-31-43-26,linux,0,0.0383,26091.27,KEM,True,2025-11-21T22:14:47.673279,,2177
ML-KEM-768,keygen,1024,1,0.0,1,0,1,ip-172-31-43-26,linux,0,0.0378,26471.13,KEM,True,2025-11-21T22:14:47.673338,,2178
ML-KEM-768,keygen,1024,1,0.0,1,0,1,ip-172-31-43-26,linux,0,0.0377,26520.27,KEM,True,2025-11-21T22:14:47.673397,,2179
ML-KEM-768,keygen,1024,1,0.0,1,0,1,ip-172-31-43-26,linux,0,0.0377,26509.73,KEM,True,2025-11-21T22:14:47.673456,,2180
ML-KEM-768,keygen,1024,16,0.0,1,0,1,ip-172-31-43-26,linux,0,0.0403,24807.12,KEM,True,2025-11-21T22:14:47.673518,,2181
ML-KEM-768,keygen,1024,16,0.0,1,0,1,ip-172-31-43-26,linux,0,0.0375,26636.83,KEM,True,2025-11-21T22:14:47.673577,,2182
ML-KEM-768,keygen,1024,16,0.0,1,0,1,ip-172-31-43-26,linux,0,0.0373,26814.68,KEM,True,2025-11-21T22:14:47.673635,,2183
ML-KEM-768,keygen,1024,16,0.0,1,0,1,ip-172-31-43-26,linux,0,0.0389,25697.69,KEM,True,2025-11-21T22:14:47.673695,,2184
ML-KEM-768,keygen,1024,16,0.0,1,0,1,ip-172-31-43-26,linux,0,0.0373,26840.59,KEM,True,2025-11-21T22:14:47.673753,,2185
ML-KEM-768,keygen,1024,64,0.0,1,0,1,ip-172-31-43-26,linux,0,0.0387,25864.52,KEM,True,2025-11-21T22:14:47.673813,,2186
ML-KEM-768,keygen,1024,64,0.0,1,0,1,ip-172-31-43-26,linux,0,0.0365,27369.52,KEM,True,2025-11-21T22:14:47.673871,,2187
ML-KEM-768,keygen,1024,64,0.0,1,0,1,ip-172-31-43-26,linux,0,0.0365,27392.76,KEM,True,2025-11-21T22:14:47.673928,,2188
ML-KEM-768,keygen,1024,64,0.0,1,0,1,ip-172-31-43-26,linux,0,0.0384,26048.45,KEM,True,2025-11-21T22:14:47.673988,,2189
ML-KEM-768,keygen,1024,64,0.0,1,0,1,ip-172-31-43-26,linux,0,0.0364,27501.24,KEM,True,2025-11-21T22:14:47.674046,,2190
ML-KEM-768,encap,0,1,0.0,1,0,1,ip-172-31-43-26,linux,0,0.0834,11993.0,KEM,True,2025-11-21T22:14:47.674159,,2191
ML-KEM-768,encap,0,1,0.0,1,0,1,ip-172-31-43-26,linux,0,0.0785,12745.67,KEM,True,2025-11-21T22:14:47.674266,,2192
ML-KEM-768,encap,0,1,0.0,1,0,1,ip-172-31-43-26,linux,0,0.07,14284.08,KEM,True,2025-11-21T22:14:47.674361,,2193
ML-KEM-768,encap,0,1,0.0,1,0,1,ip-172-31-43-26,linux,0,0.0711,14055.6,KEM,True,2025-11-21T22:14:47.674455,,2194
ML-KEM-768,encap,0,1,0.0,1,0,1,ip-172-31-43-26,linux,0,0.0678,14752.31,KEM,True,2025-11-21T22:14:47.674545,,2195
ML-KEM-768,encap,0,16,0.0,1,0,1,ip-172-31-43-26,linux,0,0.0679,14735.35,KEM,True,2025-11-21T22:14:47.674636,,2196
ML-KEM-768,encap,0,16,0.0,1,0,1,ip-172-31-43-26,linux,0,0.0671,14904.24,KEM,True,2025-11-21T22:14:47.674725,,2197
ML-KEM-768,encap,0,16,0.0,1,0,1,ip-172-31-43-26,linux,0,0.0651,15358.86,KEM,True,2025-11-21T22:14:47.674813,,2198
ML-KEM-768,encap,0,16,0.0,1,0,1,ip-172-31-43-26,linux,0,0.0652,15348.25,KEM,True,2025-11-21T22:14:47.674900,,2199
ML-KEM-768,encap,0,16,0.0,1,0,1,ip-172-31-43-26,linux,0,0.0647,15449.98,KEM,True,2025-11-21T22:14:47.674986,,2200
ML-KEM-768,encap,0,64,0.0,1,0,1,ip-172-31-43-26,linux,0,0.0688,14540.38,KEM,True,2025-11-21T22:14:47.675078,,2201
ML-KEM-768,encap,0,64,0.0,1,0,1,ip-172-31-43-26,linux,0,0.0703,14222.53,KEM,True,2025-11-21T22:14:47.675178,,2202
ML-KEM-768,encap,0,64,0.0,1,0,1,ip-172-31-43-26,linux,0,0.0642,15575.11,KEM,True,2025-11-21T22:14:47.675266,,2203
ML-KEM-768,encap,0,64,0.0,1,0,1,ip-172-31-43-26,linux,0,0.0679,14718.22,KEM,True,2025-11-21T22:14:47.675356,,2204
ML-KEM-768,encap,0,64,0.0,1,0,1,ip-172-31-43-26,linux,0,0.0699,14310.25,KEM,True,2025-11-21T22:14:47.675449,,2205
ML-KEM-768,encap,1024,1,0.0,1,0,1,ip-172-31-43-26,linux,0,0.066,15148.99,KEM,True,2025-11-21T22:14:47.675538,,2206
ML-KEM-768,encap,1024,1,0.0,1,0,1,ip-172-31-43-26,linux,0,0.0673,14859.5,KEM,True,2025-11-21T22:14:47.675628,,2207
ML-KEM-768,encap,1024,1,0.0,1,0,1,ip-172-31-43-26,linux,0,0.0674,14838.56,KEM,True,2025-11-21T22:14:47.675718,,2208
ML-KEM-768,encap,1024,1,0.0,1,0,1,ip-172-31-43-26,linux,0,0.065,15380.59,KEM,True,2025-11-21T22:14:47.675805,,2209
ML-KEM-768,encap,1024,1,0.0,1,0,1,ip-172-31-43-26,linux,0,0.0651,15359.57,KEM,True,2025-11-21T22:14:47.675892,,2210
ML-KEM-768,encap,1024,16,0.0,1,0,1,ip-172-31-43-26,linux,0,0.0671,14897.36,KEM,True,2025-11-21T22:14:47.675982,,2211
ML-KEM-768,encap,1024,16,0.0,1,0,1,ip-172-31-43-26,linux,0,0.0699,14297.36,KEM,True,2025-11-21T22:14:47.676074,,2212
ML-KEM-768,encap,1024,16,0.0,1,0,1,ip-172-31-43-26,linux,0,0.0675,14804.94,KEM,True,2025-11-21T22:14:47.676171,,2213
ML-KEM-768,encap,1024,16,0.0,1,0,1,ip-172-31-43-26,linux,0,0.0668,14961.77,KEM,True,2025-11-21T22:14:47.676263,,2214
ML-KEM-768,encap,1024,16,0.0,1,0,1,ip-172-31-43-26,linux,0,0.0685,14607.28,KEM,True,2025-11-21T22:14:47.676377,,2215
ML-KEM-768,encap,1024,64,0.0,1,0,1,ip-172-31-43-26,linux,0,0.0677,14775.2,KEM,True,2025-11-21T22:14:47.676468,,2216
ML-KEM-768,encap,1024,64,0.0,1,0,1,ip-172-31-43-26,linux,0,0.0671,14900.24,KEM,True,2025-11-21T22:14:47.676557,,2217
ML-KEM-768,encap,1024,64,0.0,1,0,1,ip-172-31-43-26,linux,0,0.0647,15462.88,KEM,True,2025-11-21T22:14:47.676644,,2218
ML-KEM-768,encap,1024,64,0.0,1,0,1,ip-172-31-43-26,linux,0,0.0673,14850.01,KEM,True,2025-11-21T22:14:47.676733,,2219
ML-KEM-768,encap,1024,64,0.0,1,0,1,ip-172-31-43-26,linux,0,0.0656,15238.79,KEM,True,2025-11-21T22:14:47.676821,,2220
ML-KEM-768,decap,0,1,0.0,1,0,1,ip-172-31-43-26,linux,0,0.0992,10081.36,KEM,True,2025-11-21T22:14:47.676951,,2221
ML-KEM-768,decap,0,1,0.0,1,0,1,ip-172-31-43-26,linux,0,0.0963,10387.99,KEM,True,2025-11-21T22:14:47.677070,,2222
ML-KEM-768,decap,0,1,0.0,1,0,1,ip-172-31-43-26,linux,0,0.1057,9458.23,KEM,True,2025-11-21T22:14:47.677198,,2223
ML-KEM-768,decap,0,1,0.0,1,0,1,ip-172-31-43-26,linux,0,0.0971,10294.1,KEM,True,2025-11-21T22:14:47.677319,,2224
ML-KEM-768,decap,0,1,0.0,1,0,1,ip-172-31-43-26,linux,0,0.097,10310.77,KEM,True,2025-11-21T22:14:47.677438,,2225
ML-KEM-768,decap,0,16,0.0,1,0,1,ip-172-31-43-26,linux,0,0.0956,10461.35,KEM,True,2025-11-21T22:14:47.677556,,2226
ML-KEM-768,decap,0,16,0.0,1,0,1,ip-172-31-43-26,linux,0,0.0969,10315.45,KEM,True,2025-11-21T22:14:47.677676,,2227
ML-KEM-768,decap,0,16,0.0,1,0,1,ip-172-31-43-26,linux,0,0.095,10524.21,KEM,True,2025-11-21T22:14:47.677793,,2228
ML-KEM-768,decap,0,16,0.0,1,0,1,ip-172-31-43-26,linux,0,0.0972,10286.48,KEM,True,2025-11-21T22:14:47.677912,,2229
ML-KEM-768,decap,0,16,0.0,1,0,1,ip-172-31-43-26,linux,0,0.0961,10401.28,KEM,True,2025-11-21T22:14:47.678030,,2230
ML-KEM-768,decap,0,64,0.0,1,0,1,ip-172-31-43-26,linux,0,0.1164,8591.58,KEM,True,2025-11-21T22:14:47.678171,,2231
ML-KEM-768,decap,0,64,0.0,1,0,1,ip-172-31-43-26,linux,0,0.1112,8994.99,KEM,True,2025-11-21T22:14:47.678311,,2232
ML-KEM-768,decap,0,64,0.0,1,0,1,ip-172-31-43-26,linux,0,0.1004,9961.75,KEM,True,2025-11-21T22:14:47.678436,,2233
ML-KEM-768,decap,0,64,0.0,1,0,1,ip-172-31-43-26,linux,0,0.0981,10195.24,KEM,True,2025-11-21T22:14:47.678558,,2234
ML-KEM-768,decap,0,64,0.0,1,0,1,ip-172-31-43-26,linux,0,0.0975,10253.36,KEM,True,2025-11-21T22:14:47.678677,,2235
ML-KEM-768,decap,1024,1,0.0,1,0,1,ip-172-31-43-26,linux,0,0.0981,10193.37,KEM,True,2025-11-21T22:14:47.678799,,2236
ML-KEM-768,decap,1024,1,0.0,1,0,1,ip-172-31-43-26,linux,0,0.0959,10432.86,KEM,True,2025-11-21T22:14:47.678918,,2237
ML-KEM-768,decap,1024,1,0.0,1,0,1,ip-172-31-43-26,linux,0,0.097,10305.56,KEM,True,2025-11-21T22:14:47.679038,,2238
ML-KEM-768,decap,1024,1,0.0,1,0,1,ip-172-31-43-26,linux,0,0.1077,9285.74,KEM,True,2025-11-21T22:14:47.679169,,2239
ML-KEM-768,decap,1024,1,0.0,1,0,1,ip-172-31-43-26,linux,0,0.0982,10178.64,KEM,True,2025-11-21T22:14:47.679291,,2240
ML-KEM-768,decap,1024,16,0.0,1,0,1,ip-172-31-43-26,linux,0,0.0977,10232.9,KEM,True,2025-11-21T22:14:47.679412,,2241
ML-KEM-768,decap,1024,16,0.0,1,0,1,ip-172-31-43-26,linux,0,0.0998,10015.02,KEM,True,2025-11-21T22:14:47.679535,,2242
ML-KEM-768,decap,1024,16,0.0,1,0,1,ip-172-31-43-26,linux,0,0.0968,10331.22,KEM,True,2025-11-21T22:14:47.679655,,2243
ML-KEM-768,decap,1024,16,0.0,1,0,1,ip-172-31-43-26,linux,0,0.0963,10384.11,KEM,True,2025-11-21T22:14:47.679775,,2244
ML-KEM-768,decap,1024,16,0.0,1,0,1,ip-172-31-43-26,linux,0,0.0957,10452.27,KEM,True,2025-11-21T22:14:47.679892,,2245
ML-KEM-768,decap,1024,64,0.0,1,0,1,ip-172-31-43-26,linux,0,0.0971,10295.8,KEM,True,2025-11-21T22:14:47.680012,,2246
ML-KEM-768,decap,1024,64,0.0,1,0,1,ip-172-31-43-26,linux,0,0.1044,9575.06,KEM,True,2025-11-21T22:14:47.680140,,2247
ML-KEM-768,decap,1024,64,0.0,1,0,1,ip-172-31-43-26,linux,0,0.0965,10361.3,KEM,True,2025-11-21T22:14:47.680260,,2248
ML-KEM-768,decap,1024,64,0.0,1,0,1,ip-172-31-43-26,linux,0,0.096,10420.47,KEM,True,2025-11-21T22:14:47.680379,,2249
ML-KEM-768,decap,1024,64,0.0,1,0,1,ip-172-31-43-26,linux,0,0.0978,10222.65,KEM,True,2025-11-21T22:14:47.680500,,2250
sntrup761,keygen,0,1,0.0,1,0,1,ip-172-31-43-26,linux,0,3.5903,278.53,KEM,True,2025-11-21T22:14:47.684125,,2251
sntrup761,keygen,0,1,0.0,1,0,1,ip-172-31-43-26,linux,0,3.523,283.85,KEM,True,2025-11-21T22:14:47.687687,,2252
sntrup761,keygen,0,1,0.0,1,0,1,ip-172-31-43-26,linux,0,3.5187,284.19,KEM,True,2025-11-21T22:14:47.691238,,2253
sntrup761,keygen,0,1,0.0,1,0,1,ip-172-31-43-26,linux,0,3.5085,285.02,KEM,True,2025-11-21T22:14:47.694779,,2254
sntrup761,keygen,0,1,0.0,1,0,1,ip-172-31-43-26,linux,0,3.5119,284.74,KEM,True,2025-11-21T22:14:47.698325,,2255
sntrup761,keygen,0,16,0.0,1,0,1,ip-172-31-43-26,linux,0,3.5043,285.36,KEM,True,2025-11-21T22:14:47.701862,,2256
sntrup761,keygen,0,16,0.0,1,0,1,ip-172-31-43-26,linux,0,3.5084,285.03,KEM,True,2025-11-21T22:14:47.705401,,2257
sntrup761,keygen,0,16,0.0,1,0,1,ip-172-31-43-26,linux,0,3.5059,285.23,KEM,True,2025-11-21T22:14:47.708938,,2258
sntrup761,keygen,0,16,0.0,1,0,1,ip-172-31-43-26,linux,0,3.51,284.9,KEM,True,2025-11-21T22:14:47.712478,,2259
sntrup761,keygen,0,16,0.0,1,0,1,ip-172-31-43-26,linux,0,3.5075,285.1,KEM,True,2025-11-21T22:14:47.716015,,2260
sntrup761,keygen,0,64,0.0,1,0,1,ip-172-31-43-26,linux,0,3.5068,285.16,KEM,True,2025-11-21T22:14:47.719554,,2261
sntrup761,keygen,0,64,0.0,1,0,1,ip-172-31-43-26,linux,0,3.504,285.39,KEM,True,2025-11-21T22:14:47.723091,,2262
sntrup761,keygen,0,64,0.0,1,0,1,ip-172-31-43-26,linux,0,3.5016,285.58,KEM,True,2025-11-21T22:14:47.726627,,2263
sntrup761,keygen,0,64,0.0,1,0,1,ip-172-31-43-26,linux,0,3.522,283.93,KEM,True,2025-11-21T22:14:47.730180,,2264
sntrup761,keygen,0,64,0.0,1,0,1,ip-172-31-43-26,linux,0,3.5039,285.4,KEM,True,2025-11-21T22:14:47.733716,,2265
sntrup761,keygen,1024,1,0.0,1,0,1,ip-172-31-43-26,linux,0,3.5061,285.22,KEM,True,2025-11-21T22:14:47.737254,,2266
sntrup761,keygen,1024,1,0.0,1,0,1,ip-172-31-43-26,linux,0,3.5077,285.09,KEM,True,2025-11-21T22:14:47.740792,,2267
sntrup761,keygen,1024,1,0.0,1,0,1,ip-172-31-43-26,linux,0,3.507,285.14,KEM,True,2025-11-21T22:14:47.744330,,2268
sntrup761,keygen,1024,1,0.0,1,0,1,ip-172-31-43-26,linux,0,3.507,285.14,KEM,True,2025-11-21T22:14:47.747868,,2269
sntrup761,keygen,1024,1,0.0,1,0,1,ip-172-31-43-26,linux,0,3.505,285.3,KEM,True,2025-11-21T22:14:47.751404,,2270
sntrup761,keygen,1024,16,0.0,1,0,1,ip-172-31-43-26,linux,0,3.5077,285.08,KEM,True,2025-11-21T22:14:47.754940,,2271
sntrup761,keygen,1024,16,0.0,1,0,1,ip-172-31-43-26,linux,0,3.5091,284.97,KEM,True,2025-11-21T22:14:47.758478,,2272
sntrup761,keygen,1024,16,0.0,1,0,1,ip-172-31-43-26,linux,0,3.4973,285.94,KEM,True,2025-11-21T22:14:47.762006,,2273
sntrup761,keygen,1024,16,0.0,1,0,1,ip-172-31-43-26,linux,0,3.5075,285.1,KEM,True,2025-11-21T22:14:47.765542,,2274
sntrup761,keygen,1024,16,0.0,1,0,1,ip-172-31-43-26,linux,0,3.5024,285.52,KEM,True,2025-11-21T22:14:47.769077,,2275
sntrup761,keygen,1024,64,0.0,1,0,1,ip-172-31-43-26,linux,0,3.5022,285.53,KEM,True,2025-11-21T22:14:47.772619,,2276
sntrup761,keygen,1024,64,0.0,1,0,1,ip-172-31-43-26,linux,0,3.5003,285.69,KEM,True,2025-11-21T22:14:47.776148,,2277
sntrup761,keygen,1024,64,0.0,1,0,1,ip-172-31-43-26,linux,0,3.5057,285.25,KEM,True,2025-11-21T22:14:47.779685,,2278
sntrup761,keygen,1024,64,0.0,1,0,1,ip-172-31-43-26,linux,0,3.5038,285.41,KEM,True,2025-11-21T22:14:47.783221,,2279
sntrup761,keygen,1024,64,0.0,1,0,1,ip-172-31-43-26,linux,0,3.5006,285.66,KEM,True,2025-11-21T22:14:47.786750,,2280
sntrup761,encap,0,1,0.0,1,0,1,ip-172-31-43-26,linux,0,3.6616,273.1,KEM,True,2025-11-21T22:14:47.790448,,2281
sntrup761,encap,0,1,0.0,1,0,1,ip-172-31-43-26,linux,0,3.6356,275.06,KEM,True,2025-11-21T22:14:47.794117,,2282
sntrup761,encap,0,1,0.0,1,0,1,ip-172-31-43-26,linux,0,3.6305,275.45,KEM,True,2025-11-21T22:14:47.797778,,2283
sntrup761,encap,0,1,0.0,1,0,1,ip-172-31-43-26,linux,0,3.6273,275.69,KEM,True,2025-11-21T22:14:47.801436,,2284
sntrup761,encap,0,1,0.0,1,0,1,ip-172-31-43-26,linux,0,3.6251,275.85,KEM,True,2025-11-21T22:14:47.805092,,2285
sntrup761,encap,0,16,0.0,1,0,1,ip-172-31-43-26,linux,0,3.6291,275.55,KEM,True,2025-11-21T22:14:47.808796,,2286
sntrup761,encap,0,16,0.0,1,0,1,ip-172-31-43-26,linux,0,3.6318,275.35,KEM,True,2025-11-21T22:14:47.812460,,2287
sntrup761,encap,0,16,0.0,1,0,1,ip-172-31-43-26,linux,0,3.6367,274.98,KEM,True,2025-11-21T22:14:47.816130,,2288
sntrup761,encap,0,16,0.0,1,0,1,ip-172-31-43-26,linux,0,3.6259,275.8,KEM,True,2025-11-21T22:14:47.819787,,2289
sntrup761,encap,0,16,0.0,1,0,1,ip-172-31-43-26,linux,0,3.6342,275.16,KEM,True,2025-11-21T22:14:47.823452,,2290
sntrup761,encap,0,64,0.0,1,0,1,ip-172-31-43-26,linux,0,3.6281,275.63,KEM,True,2025-11-21T22:14:47.827111,,2291
sntrup761,encap,0,64,0.0,1,0,1,ip-172-31-43-26,linux,0,3.6284,275.6,KEM,True,2025-11-21T22:14:47.830770,,2292
sntrup761,encap,0,64,0.0,1,0,1,ip-172-31-43-26,linux,0,3.6246,275.89,KEM,True,2025-11-21T22:14:47.834424,,2293
sntrup761,encap,0,64,0.0,1,0,1,ip-172-31-43-26,linux,0,3.6174,276.44,KEM,True,2025-11-21T22:14:47.838071,,2294
sntrup761,encap,0,64,0.0,1,0,1,ip-172-31-43-26,linux,0,3.6137,276.72,KEM,True,2025-11-21T22:14:47.841719,,2295
sntrup761,encap,1024,1,0.0,1,0,1,ip-172-31-43-26,linux,0,3.6294,275.53,KEM,True,2025-11-21T22:14:47.845378,,2296
sntrup761,encap,1024,1,0.0,1,0,1,ip-172-31-43-26,linux,0,3.6252,275.85,KEM,True,2025-11-21T22:14:47.849033,,2297
sntrup761,encap,1024,1,0.0,1,0,1,ip-172-31-43-26,linux,0,3.6238,275.95,KEM,True,2025-11-21T22:14:47.852687,,2298
sntrup761,encap,1024,1,0.0,1,0,1,ip-172-31-43-26,linux,0,3.6209,276.17,KEM,True,2025-11-21T22:14:47.856337,,2299
sntrup761,encap,1024,1,0.0,1,0,1,ip-172-31-43-26,linux,0,3.6225,276.05,KEM,True,2025-11-21T22:14:47.859988,,2300
sntrup761,encap,1024,16,0.0,1,0,1,ip-172-31-43-26,linux,0,3.6272,275.69,KEM,True,2025-11-21T22:14:47.863646,,2301
sntrup761,encap,1024,16,0.0,1,0,1,ip-172-31-43-26,linux,0,3.6258,275.8,KEM,True,2025-11-21T22:14:47.867302,,2302
sntrup761,encap,1024,16,0.0,1,0,1,ip-172-31-43-26,linux,0,3.6536,273.7,KEM,True,2025-11-21T22:14:47.870986,,2303
sntrup761,encap,1024,16,0.0,1,0,1,ip-172-31-43-26,linux,0,3.6341,275.18,KEM,True,2025-11-21T22:14:47.874657,,2304
sntrup761,encap,1024,16,0.0,1,0,1,ip-172-31-43-26,linux,0,3.6309,275.41,KEM,True,2025-11-21T22:14:47.878321,,2305
sntrup761,encap,1024,64,0.0,1,0,1,ip-172-31-43-26,linux,0,3.626,275.78,KEM,True,2025-11-21T22:14:47.881980,,2306
sntrup761,encap,1024,64,0.0,1,0,1,ip-172-31-43-26,linux,0,3.6241,275.93,KEM,True,2025-11-21T22:14:47.885635,,2307
sntrup761,encap,1024,64,0.0,1,0,1,ip-172-31-43-26,linux,0,3.6278,275.65,KEM,True,2025-11-21T22:14:47.889295,,2308
sntrup761,encap,1024,64,0.0,1,0,1,ip-172-31-43-26,linux,0,3.6275,275.67,KEM,True,2025-11-21T22:14:47.892953,,2309
sntrup761,encap,1024,64,0.0,1,0,1,ip-172-31-43-26,linux,0,3.6236,275.97,KEM,True,2025-11-21T22:14:47.896608,,2310
sntrup761,decap,0,1,0.0,1,0,1,ip-172-31-43-26,linux,0,3.8587,259.16,KEM,True,2025-11-21T22:14:47.900503,,2311
sntrup761,decap,0,1,0.0,1,0,1,ip-172-31-43-26,linux,0,3.8734,258.17,KEM,True,2025-11-21T22:14:47.904409,,2312
sntrup761,decap,0,1,0.0,1,0,1,ip-172-31-43-26,linux,0,3.8626,258.89,KEM,True,2025-11-21T22:14:47.908304,,2313
sntrup761,decap,0,1,0.0,1,0,1,ip-172-31-43-26,linux,0,3.8614,258.97,KEM,True,2025-11-21T22:14:47.912196,,2314
sntrup761,decap,0,1,0.0,1,0,1,ip-172-31-43-26,linux,0,3.8642,258.78,KEM,True,2025-11-21T22:14:47.916099,,2315
sntrup761,decap,0,16,0.0,1,0,1,ip-172-31-43-26,linux,0,3.87,258.4,KEM,True,2025-11-21T22:14:47.920002,,2316
sntrup761,decap,0,16,0.0,1,0,1,ip-172-31-43-26,linux,0,3.86,259.07,KEM,True,2025-11-21T22:14:47.923895,,2317
sntrup761,decap,0,16,0.0,1,0,1,ip-172-31-43-26,linux,0,3.8597,259.09,KEM,True,2025-11-21T22:14:47.927788,,2318
sntrup761,decap,0,16,0.0,1,0,1,ip-172-31-43-26,linux,0,3.8583,259.18,KEM,True,2025-11-21T22:14:47.931679,,2319
sntrup761,decap,0,16,0.0,1,0,1,ip-172-31-43-26,linux,0,3.8545,259.44,KEM,True,2025-11-21T22:14:47.935565,,2320
sntrup761,decap,0,64,0.0,1,0,1,ip-172-31-43-26,linux,0,3.8543,259.45,KEM,True,2025-11-21T22:14:47.939451,,2321
sntrup761,decap,0,64,0.0,1,0,1,ip-172-31-43-26,linux,0,3.8631,258.86,KEM,True,2025-11-21T22:14:47.943349,,2322
sntrup761,decap,0,64,0.0,1,0,1,ip-172-31-43-26,linux,0,3.8628,258.88,KEM,True,2025-11-21T22:14:47.947243,,2323
sntrup761,decap,0,64,0.0,1,0,1,ip-172-31-43-26,linux,0,3.8562,259.32,KEM,True,2025-11-21T22:14:47.951131,,2324
sntrup761,decap,0,64,0.0,1,0,1,ip-172-31-43-26,linux,0,3.8564,259.31,KEM,True,2025-11-21T22:14:47.955018,,2325
sntrup761,decap,1024,1,0.0,1,0,1,ip-172-31-43-26,linux,0,3.8527,259.56,KEM,True,2025-11-21T22:14:47.958901,,2326
sntrup761,decap,1024,1,0.0,1,0,1,ip-172-31-43-26,linux,0,3.8558,259.35,KEM,True,2025-11-21T22:14:47.962788,,2327
sntrup761,decap,1024,1,0.0,1,0,1,ip-172-31-43-26,linux,0,3.856,259.33,KEM,True,2025-11-21T22:14:47.966675,,2328
sntrup761,decap,1024,1,0.0,1,0,1,ip-172-31-43-26,linux,0,3.8619,258.94,KEM,True,2025-11-21T22:14:47.970568,,2329
sntrup761,decap,1024,1,0.0,1,0,1,ip-172-31-43-26,linux,0,3.8629,258.87,KEM,True,2025-11-21T22:14:47.974462,,2330
sntrup761,decap,1024,16,0.0,1,0,1,ip-172-31-43-26,linux,0,3.8609,259.01,KEM,True,2025-11-21T22:14:47.978355,,2331
sntrup761,decap,1024,16,0.0,1,0,1,ip-172-31-43-26,linux,0,3.8555,259.37,KEM,True,2025-11-21T22:14:47.982241,,2332
sntrup761,decap,1024,16,0.0,1,0,1,ip-172-31-43-26,linux,0,3.8503,259.72,KEM,True,2025-11-21T22:14:47.986128,,2333
sntrup761,decap,1024,16,0.0,1,0,1,ip-172-31-43-26,linux,0,3.8547,259.43,KEM,True,2025-11-21T22:14:47.990013,,2334
sntrup761,decap,1024,16,0.0,1,0,1,ip-172-31-43-26,linux,0,3.8514,259.65,KEM,True,2025-11-21T22:14:47.993895,,2335
sntrup761,decap,1024,64,0.0,1,0,1,ip-172-31-43-26,linux,0,3.8561,259.33,KEM,True,2025-11-21T22:14:47.997783,,2336
sntrup761,decap,1024,64,0.0,1,0,1,ip-172-31-43-26,linux,0,3.8539,259.47,KEM,True,2025-11-21T22:14:48.001666,,2337
sntrup761,decap,1024,64,0.0,1,0,1,ip-172-31-43-26,linux,0,3.8548,259.41,KEM,True,2025-11-21T22:14:48.005554,,2338
sntrup761,decap,1024,64,0.0,1,0,1,ip-172-31-43-26,linux,0,3.8578,259.22,KEM,True,2025-11-21T22:14:48.009443,,2339
sntrup761,decap,1024,64,0.0,1,0,1,ip-172-31-43-26,linux,0,3.8544,259.44,KEM,True,2025-11-21T22:14:48.013328,,2340
