algorithm,operation,message_bytes,concurrency,cpu_ghz,aesni,avx2,neon,machine_id,os_name,containerized,latency_ms,throughput_ops,crypto_type,correctness,timestamp,notes,trial_id
Dilithium2,sign,0,1,2.5,1,1,0,ip-172-31-41-169,linux,0,2.4153,414.03,Signature,True,2025-11-21T06:38:04.731468,,1
Dilithium2,sign,0,1,2.5,1,1,0,ip-172-31-41-169,linux,0,0.2639,3789.4,Signature,True,2025-11-21T06:38:04.731925,,2
Dilithium2,sign,0,1,2.5,1,1,0,ip-172-31-41-169,linux,0,0.2363,4231.19,Signature,True,2025-11-21T06:38:04.732317,,3
Dilithium2,sign,0,1,2.5,1,1,0,ip-172-31-41-169,linux,0,0.3154,3171.0,Signature,True,2025-11-21T06:38:04.732763,,4
Dilithium2,sign,0,1,2.5,1,1,0,ip-172-31-41-169,linux,0,0.1632,6128.92,Signature,True,2025-11-21T06:38:04.733053,,5
Dilithium2,sign,0,16,2.5,1,1,0,ip-172-31-41-169,linux,0,0.1721,5809.9,Signature,True,2025-11-21T06:38:04.733361,,6
Dilithium2,sign,0,16,2.5,1,1,0,ip-172-31-41-169,linux,0,0.216,4629.14,Signature,True,2025-11-21T06:38:04.733694,,7
Dilithium2,sign,0,16,2.5,1,1,0,ip-172-31-41-169,linux,0,0.2161,4627.27,Signature,True,2025-11-21T06:38:04.734025,,8
Dilithium2,sign,0,16,2.5,1,1,0,ip-172-31-41-169,linux,0,0.2455,4073.44,Signature,True,2025-11-21T06:38:04.734384,,9
Dilithium2,sign,0,16,2.5,1,1,0,ip-172-31-41-169,linux,0,0.2774,3605.14,Signature,True,2025-11-21T06:38:04.734778,,10
Dilithium2,sign,0,64,2.5,1,1,0,ip-172-31-41-169,linux,0,0.2297,4354.28,Signature,True,2025-11-21T06:38:04.735123,,11
Dilithium2,sign,0,64,2.5,1,1,0,ip-172-31-41-169,linux,0,0.1741,5743.43,Signature,True,2025-11-21T06:38:04.735433,,12
Dilithium2,sign,0,64,2.5,1,1,0,ip-172-31-41-169,linux,0,0.2421,4130.15,Signature,True,2025-11-21T06:38:04.735790,,13
Dilithium2,sign,0,64,2.5,1,1,0,ip-172-31-41-169,linux,0,0.1706,5862.76,Signature,True,2025-11-21T06:38:04.736088,,14
Dilithium2,sign,0,64,2.5,1,1,0,ip-172-31-41-169,linux,0,0.2082,4802.38,Signature,True,2025-11-21T06:38:04.736492,,15
Dilithium2,sign,1024,1,2.5,1,1,0,ip-172-31-41-169,linux,0,0.2484,4026.41,Signature,True,2025-11-21T06:38:04.736861,,16
Dilithium2,sign,1024,1,2.5,1,1,0,ip-172-31-41-169,linux,0,0.1909,5237.82,Signature,True,2025-11-21T06:38:04.737172,,17
Dilithium2,sign,1024,1,2.5,1,1,0,ip-172-31-41-169,linux,0,0.2193,4560.75,Signature,True,2025-11-21T06:38:04.737507,,18
Dilithium2,sign,1024,1,2.5,1,1,0,ip-172-31-41-169,linux,0,0.2085,4796.19,Signature,True,2025-11-21T06:38:04.737831,,19
Dilithium2,sign,1024,1,2.5,1,1,0,ip-172-31-41-169,linux,0,0.1725,5795.99,Signature,True,2025-11-21T06:38:04.738115,,20
Dilithium2,sign,1024,16,2.5,1,1,0,ip-172-31-41-169,linux,0,0.242,4132.28,Signature,True,2025-11-21T06:38:04.738486,,21
Dilithium2,sign,1024,16,2.5,1,1,0,ip-172-31-41-169,linux,0,0.1732,5773.04,Signature,True,2025-11-21T06:38:04.738772,,22
Dilithium2,sign,1024,16,2.5,1,1,0,ip-172-31-41-169,linux,0,0.1858,5382.1,Signature,True,2025-11-21T06:38:04.739071,,23
Dilithium2,sign,1024,16,2.5,1,1,0,ip-172-31-41-169,linux,0,0.2088,4790.37,Signature,True,2025-11-21T06:38:04.739427,,24
Dilithium2,sign,1024,16,2.5,1,1,0,ip-172-31-41-169,linux,0,0.1844,5423.05,Signature,True,2025-11-21T06:38:04.739725,,25
Dilithium2,sign,1024,64,2.5,1,1,0,ip-172-31-41-169,linux,0,0.4545,2200.16,Signature,True,2025-11-21T06:38:04.740294,,26
Dilithium2,sign,1024,64,2.5,1,1,0,ip-172-31-41-169,linux,0,0.2207,4530.57,Signature,True,2025-11-21T06:38:04.740636,,27
Dilithium2,sign,1024,64,2.5,1,1,0,ip-172-31-41-169,linux,0,0.1615,6190.07,Signature,True,2025-11-21T06:38:04.740913,,28
Dilithium2,sign,1024,64,2.5,1,1,0,ip-172-31-41-169,linux,0,0.1756,5694.34,Signature,True,2025-11-21T06:38:04.741203,,29
Dilithium2,sign,1024,64,2.5,1,1,0,ip-172-31-41-169,linux,0,0.2165,4619.09,Signature,True,2025-11-21T06:38:04.741534,,30
Dilithium2,verify,0,1,2.5,1,1,0,ip-172-31-41-169,linux,0,0.1934,5171.59,Signature,True,2025-11-21T06:38:04.741849,,31
Dilithium2,verify,0,1,2.5,1,1,0,ip-172-31-41-169,linux,0,0.3827,2613.11,Signature,True,2025-11-21T06:38:04.742345,,32
Dilithium2,verify,0,1,2.5,1,1,0,ip-172-31-41-169,linux,0,0.2776,3601.72,Signature,True,2025-11-21T06:38:04.742738,,33
Dilithium2,verify,0,1,2.5,1,1,0,ip-172-31-41-169,linux,0,0.2024,4941.79,Signature,True,2025-11-21T06:38:04.743055,,34
Dilithium2,verify,0,1,2.5,1,1,0,ip-172-31-41-169,linux,0,0.2729,3663.74,Signature,True,2025-11-21T06:38:04.743459,,35
Dilithium2,verify,0,16,2.5,1,1,0,ip-172-31-41-169,linux,0,0.1787,5595.56,Signature,True,2025-11-21T06:38:04.743751,,36
Dilithium2,verify,0,16,2.5,1,1,0,ip-172-31-41-169,linux,0,0.3608,2771.78,Signature,True,2025-11-21T06:38:04.744226,,37
Dilithium2,verify,0,16,2.5,1,1,0,ip-172-31-41-169,linux,0,0.1584,6312.29,Signature,True,2025-11-21T06:38:04.744510,,38
Dilithium2,verify,0,16,2.5,1,1,0,ip-172-31-41-169,linux,0,0.1909,5237.82,Signature,True,2025-11-21T06:38:04.744815,,39
Dilithium2,verify,0,16,2.5,1,1,0,ip-172-31-41-169,linux,0,0.1746,5728.49,Signature,True,2025-11-21T06:38:04.745102,,40
Dilithium2,verify,0,64,2.5,1,1,0,ip-172-31-41-169,linux,0,0.3618,2763.7,Signature,True,2025-11-21T06:38:04.745592,,41
Dilithium2,verify,0,64,2.5,1,1,0,ip-172-31-41-169,linux,0,0.1772,5642.26,Signature,True,2025-11-21T06:38:04.745888,,42
Dilithium2,verify,0,64,2.5,1,1,0,ip-172-31-41-169,linux,0,0.2489,4017.82,Signature,True,2025-11-21T06:38:04.746251,,43
Dilithium2,verify,0,64,2.5,1,1,0,ip-172-31-41-169,linux,0,0.2318,4313.49,Signature,True,2025-11-21T06:38:04.746597,,44
Dilithium2,verify,0,64,2.5,1,1,0,ip-172-31-41-169,linux,0,0.1914,5225.86,Signature,True,2025-11-21T06:38:04.746903,,45
Dilithium2,verify,1024,1,2.5,1,1,0,ip-172-31-41-169,linux,0,0.1867,5356.19,Signature,True,2025-11-21T06:38:04.747205,,46
Dilithium2,verify,1024,1,2.5,1,1,0,ip-172-31-41-169,linux,0,0.427,2342.18,Signature,True,2025-11-21T06:38:04.747745,,47
Dilithium2,verify,1024,1,2.5,1,1,0,ip-172-31-41-169,linux,0,0.1601,6244.73,Signature,True,2025-11-21T06:38:04.748018,,48
Dilithium2,verify,1024,1,2.5,1,1,0,ip-172-31-41-169,linux,0,0.2234,4477.12,Signature,True,2025-11-21T06:38:04.748363,,49
Dilithium2,verify,1024,1,2.5,1,1,0,ip-172-31-41-169,linux,0,0.239,4184.77,Signature,True,2025-11-21T06:38:04.748719,,50
Dilithium2,verify,1024,16,2.5,1,1,0,ip-172-31-41-169,linux,0,0.1829,5467.59,Signature,True,2025-11-21T06:38:04.749017,,51
Dilithium2,verify,1024,16,2.5,1,1,0,ip-172-31-41-169,linux,0,0.1602,6243.52,Signature,True,2025-11-21T06:38:04.749316,,52
Dilithium2,verify,1024,16,2.5,1,1,0,ip-172-31-41-169,linux,0,0.2351,4253.04,Signature,True,2025-11-21T06:38:04.749664,,53
Dilithium2,verify,1024,16,2.5,1,1,0,ip-172-31-41-169,linux,0,0.1736,5759.31,Signature,True,2025-11-21T06:38:04.749951,,54
Dilithium2,verify,1024,16,2.5,1,1,0,ip-172-31-41-169,linux,0,0.1986,5034.49,Signature,True,2025-11-21T06:38:04.750261,,55
Dilithium2,verify,1024,64,2.5,1,1,0,ip-172-31-41-169,linux,0,0.2067,4838.28,Signature,True,2025-11-21T06:38:04.750582,,56
Dilithium2,verify,1024,64,2.5,1,1,0,ip-172-31-41-169,linux,0,0.1989,5027.5,Signature,True,2025-11-21T06:38:04.750892,,57
Dilithium2,verify,1024,64,2.5,1,1,0,ip-172-31-41-169,linux,0,0.2241,4461.54,Signature,True,2025-11-21T06:38:04.751229,,58
Dilithium2,verify,1024,64,2.5,1,1,0,ip-172-31-41-169,linux,0,0.2933,3409.14,Signature,True,2025-11-21T06:38:04.751636,,59
Dilithium2,verify,1024,64,2.5,1,1,0,ip-172-31-41-169,linux,0,0.4558,2194.07,Signature,True,2025-11-21T06:38:04.752206,,60
Dilithium3,sign,0,1,2.5,1,1,0,ip-172-31-41-169,linux,0,0.3583,2791.18,Signature,True,2025-11-21T06:38:04.752694,,61
Dilithium3,sign,0,1,2.5,1,1,0,ip-172-31-41-169,linux,0,0.2271,4403.04,Signature,True,2025-11-21T06:38:04.753046,,62
Dilithium3,sign,0,1,2.5,1,1,0,ip-172-31-41-169,linux,0,0.2789,3586.07,Signature,True,2025-11-21T06:38:04.753455,,63
Dilithium3,sign,0,1,2.5,1,1,0,ip-172-31-41-169,linux,0,0.207,4831.97,Signature,True,2025-11-21T06:38:04.753776,,64
Dilithium3,sign,0,1,2.5,1,1,0,ip-172-31-41-169,linux,0,0.3258,3069.64,Signature,True,2025-11-21T06:38:04.754217,,65
Dilithium3,sign,0,16,2.5,1,1,0,ip-172-31-41-169,linux,0,0.2239,4466.44,Signature,True,2025-11-21T06:38:04.754557,,66
Dilithium3,sign,0,16,2.5,1,1,0,ip-172-31-41-169,linux,0,0.206,4853.33,Signature,True,2025-11-21T06:38:04.754876,,67
Dilithium3,sign,0,16,2.5,1,1,0,ip-172-31-41-169,linux,0,0.2194,4556.97,Signature,True,2025-11-21T06:38:04.755208,,68
Dilithium3,sign,0,16,2.5,1,1,0,ip-172-31-41-169,linux,0,0.2058,4857.95,Signature,True,2025-11-21T06:38:04.755526,,69
Dilithium3,sign,0,16,2.5,1,1,0,ip-172-31-41-169,linux,0,0.3454,2894.86,Signature,True,2025-11-21T06:38:04.756028,,70
Dilithium3,sign,0,64,2.5,1,1,0,ip-172-31-41-169,linux,0,0.2409,4150.74,Signature,True,2025-11-21T06:38:04.756455,,71
Dilithium3,sign,0,64,2.5,1,1,0,ip-172-31-41-169,linux,0,0.2637,3791.66,Signature,True,2025-11-21T06:38:04.756837,,72
Dilithium3,sign,0,64,2.5,1,1,0,ip-172-31-41-169,linux,0,0.4041,2474.38,Signature,True,2025-11-21T06:38:04.757354,,73
Dilithium3,sign,0,64,2.5,1,1,0,ip-172-31-41-169,linux,0,0.2734,3657.87,Signature,True,2025-11-21T06:38:04.757741,,74
Dilithium3,sign,0,64,2.5,1,1,0,ip-172-31-41-169,linux,0,0.2403,4161.26,Signature,True,2025-11-21T06:38:04.758094,,75
Dilithium3,sign,1024,1,2.5,1,1,0,ip-172-31-41-169,linux,0,0.2608,3834.22,Signature,True,2025-11-21T06:38:04.758484,,76
Dilithium3,sign,1024,1,2.5,1,1,0,ip-172-31-41-169,linux,0,0.5048,1980.86,Signature,True,2025-11-21T06:38:04.759105,,77
Dilithium3,sign,1024,1,2.5,1,1,0,ip-172-31-41-169,linux,0,0.4223,2367.82,Signature,True,2025-11-21T06:38:04.759652,,78
Dilithium3,sign,1024,1,2.5,1,1,0,ip-172-31-41-169,linux,0,0.3018,3312.96,Signature,True,2025-11-21T06:38:04.760069,,79
Dilithium3,sign,1024,1,2.5,1,1,0,ip-172-31-41-169,linux,0,0.2524,3962.14,Signature,True,2025-11-21T06:38:04.760463,,80
Dilithium3,sign,1024,16,2.5,1,1,0,ip-172-31-41-169,linux,0,0.2698,3707.1,Signature,True,2025-11-21T06:38:04.760849,,81
Dilithium3,sign,1024,16,2.5,1,1,0,ip-172-31-41-169,linux,0,0.4234,2362.04,Signature,True,2025-11-21T06:38:04.761386,,82
Dilithium3,sign,1024,16,2.5,1,1,0,ip-172-31-41-169,linux,0,0.3471,2881.23,Signature,True,2025-11-21T06:38:04.761847,,83
Dilithium3,sign,1024,16,2.5,1,1,0,ip-172-31-41-169,linux,0,0.3314,3017.83,Signature,True,2025-11-21T06:38:04.762293,,84
Dilithium3,sign,1024,16,2.5,1,1,0,ip-172-31-41-169,linux,0,0.2745,3643.24,Signature,True,2025-11-21T06:38:04.762680,,85
Dilithium3,sign,1024,64,2.5,1,1,0,ip-172-31-41-169,linux,0,0.2166,4616.04,Signature,True,2025-11-21T06:38:04.763020,,86
Dilithium3,sign,1024,64,2.5,1,1,0,ip-172-31-41-169,linux,0,0.2738,3651.67,Signature,True,2025-11-21T06:38:04.763409,,87
Dilithium3,sign,1024,64,2.5,1,1,0,ip-172-31-41-169,linux,0,0.214,4673.77,Signature,True,2025-11-21T06:38:04.763739,,88
Dilithium3,sign,1024,64,2.5,1,1,0,ip-172-31-41-169,linux,0,0.241,4149.41,Signature,True,2025-11-21T06:38:04.764094,,89
Dilithium3,sign,1024,64,2.5,1,1,0,ip-172-31-41-169,linux,0,0.2137,4679.46,Signature,True,2025-11-21T06:38:04.764436,,90
Dilithium3,verify,0,1,2.5,1,1,0,ip-172-31-41-169,linux,0,0.2471,4046.58,Signature,True,2025-11-21T06:38:04.764803,,91
Dilithium3,verify,0,1,2.5,1,1,0,ip-172-31-41-169,linux,0,0.3312,3019.04,Signature,True,2025-11-21T06:38:04.765251,,92
Dilithium3,verify,0,1,2.5,1,1,0,ip-172-31-41-169,linux,0,0.2083,4800.75,Signature,True,2025-11-21T06:38:04.765578,,93
Dilithium3,verify,0,1,2.5,1,1,0,ip-172-31-41-169,linux,0,0.5891,1697.49,Signature,True,2025-11-21T06:38:04.766286,,94
Dilithium3,verify,0,1,2.5,1,1,0,ip-172-31-41-169,linux,0,0.2237,4470.53,Signature,True,2025-11-21T06:38:04.766630,,95
Dilithium3,verify,0,16,2.5,1,1,0,ip-172-31-41-169,linux,0,0.2061,4852.39,Signature,True,2025-11-21T06:38:04.766951,,96
Dilithium3,verify,0,16,2.5,1,1,0,ip-172-31-41-169,linux,0,0.2222,4499.72,Signature,True,2025-11-21T06:38:04.767288,,97
Dilithium3,verify,0,16,2.5,1,1,0,ip-172-31-41-169,linux,0,0.3102,3224.12,Signature,True,2025-11-21T06:38:04.767712,,98
Dilithium3,verify,0,16,2.5,1,1,0,ip-172-31-41-169,linux,0,0.4038,2476.17,Signature,True,2025-11-21T06:38:04.768234,,99
Dilithium3,verify,0,16,2.5,1,1,0,ip-172-31-41-169,linux,0,0.2762,3620.41,Signature,True,2025-11-21T06:38:04.768642,,100
Dilithium3,verify,0,64,2.5,1,1,0,ip-172-31-41-169,linux,0,0.2267,4411.62,Signature,True,2025-11-21T06:38:04.768986,,101
Dilithium3,verify,0,64,2.5,1,1,0,ip-172-31-41-169,linux,0,0.2354,4248.5,Signature,True,2025-11-21T06:38:04.769336,,102
Dilithium3,verify,0,64,2.5,1,1,0,ip-172-31-41-169,linux,0,0.2378,4204.84,Signature,True,2025-11-21T06:38:04.769689,,103
Dilithium3,verify,0,64,2.5,1,1,0,ip-172-31-41-169,linux,0,0.3099,3227.18,Signature,True,2025-11-21T06:38:04.770112,,104
Dilithium3,verify,0,64,2.5,1,1,0,ip-172-31-41-169,linux,0,0.2063,4847.19,Signature,True,2025-11-21T06:38:04.770439,,105
Dilithium3,verify,1024,1,2.5,1,1,0,ip-172-31-41-169,linux,0,0.3346,2988.45,Signature,True,2025-11-21T06:38:04.770889,,106
Dilithium3,verify,1024,1,2.5,1,1,0,ip-172-31-41-169,linux,0,0.2909,3437.69,Signature,True,2025-11-21T06:38:04.771293,,107
Dilithium3,verify,1024,1,2.5,1,1,0,ip-172-31-41-169,linux,0,0.4695,2129.88,Signature,True,2025-11-21T06:38:04.771877,,108
Dilithium3,verify,1024,1,2.5,1,1,0,ip-172-31-41-169,linux,0,0.3854,2594.81,Signature,True,2025-11-21T06:38:04.772379,,109
Dilithium3,verify,1024,1,2.5,1,1,0,ip-172-31-41-169,linux,0,0.4121,2426.51,Signature,True,2025-11-21T06:38:04.772919,,110
Dilithium3,verify,1024,16,2.5,1,1,0,ip-172-31-41-169,linux,0,0.2443,4093.56,Signature,True,2025-11-21T06:38:04.773280,,111
Dilithium3,verify,1024,16,2.5,1,1,0,ip-172-31-41-169,linux,0,0.3001,3332.09,Signature,True,2025-11-21T06:38:04.773696,,112
Dilithium3,verify,1024,16,2.5,1,1,0,ip-172-31-41-169,linux,0,0.212,4717.58,Signature,True,2025-11-21T06:38:04.774021,,113
Dilithium3,verify,1024,16,2.5,1,1,0,ip-172-31-41-169,linux,0,0.309,3236.76,Signature,True,2025-11-21T06:38:04.774443,,114
Dilithium3,verify,1024,16,2.5,1,1,0,ip-172-31-41-169,linux,0,0.4089,2445.62,Signature,True,2025-11-21T06:38:04.774967,,115
Dilithium3,verify,1024,64,2.5,1,1,0,ip-172-31-41-169,linux,0,0.3015,3316.78,Signature,True,2025-11-21T06:38:04.775382,,116
Dilithium3,verify,1024,64,2.5,1,1,0,ip-172-31-41-169,linux,0,0.324,3086.31,Signature,True,2025-11-21T06:38:04.775820,,117
Dilithium3,verify,1024,64,2.5,1,1,0,ip-172-31-41-169,linux,0,0.3879,2578.3,Signature,True,2025-11-21T06:38:04.776323,,118
Dilithium3,verify,1024,64,2.5,1,1,0,ip-172-31-41-169,linux,0,0.6205,1611.67,Signature,True,2025-11-21T06:38:04.777070,,119
Dilithium3,verify,1024,64,2.5,1,1,0,ip-172-31-41-169,linux,0,0.3455,2894.45,Signature,True,2025-11-21T06:38:04.777549,,120
Dilithium5,sign,0,1,2.5,1,1,0,ip-172-31-41-169,linux,0,0.4349,2299.6,Signature,True,2025-11-21T06:38:04.778110,,121
Dilithium5,sign,0,1,2.5,1,1,0,ip-172-31-41-169,linux,0,0.3598,2779.02,Signature,True,2025-11-21T06:38:04.778614,,122
Dilithium5,sign,0,1,2.5,1,1,0,ip-172-31-41-169,linux,0,0.3065,3263.08,Signature,True,2025-11-21T06:38:04.779041,,123
Dilithium5,sign,0,1,2.5,1,1,0,ip-172-31-41-169,linux,0,0.3974,2516.2,Signature,True,2025-11-21T06:38:04.779576,,124
Dilithium5,sign,0,1,2.5,1,1,0,ip-172-31-41-169,linux,0,0.6563,1523.69,Signature,True,2025-11-21T06:38:04.780349,,125
Dilithium5,sign,0,16,2.5,1,1,0,ip-172-31-41-169,linux,0,0.404,2475.26,Signature,True,2025-11-21T06:38:04.780883,,126
Dilithium5,sign,0,16,2.5,1,1,0,ip-172-31-41-169,linux,0,0.3467,2884.55,Signature,True,2025-11-21T06:38:04.781351,,127
Dilithium5,sign,0,16,2.5,1,1,0,ip-172-31-41-169,linux,0,0.3969,2519.39,Signature,True,2025-11-21T06:38:04.781867,,128
Dilithium5,sign,0,16,2.5,1,1,0,ip-172-31-41-169,linux,0,0.342,2924.11,Signature,True,2025-11-21T06:38:04.782326,,129
Dilithium5,sign,0,16,2.5,1,1,0,ip-172-31-41-169,linux,0,0.3706,2698.28,Signature,True,2025-11-21T06:38:04.782815,,130
Dilithium5,sign,0,64,2.5,1,1,0,ip-172-31-41-169,linux,0,0.3824,2614.98,Signature,True,2025-11-21T06:38:04.783315,,131
Dilithium5,sign,0,64,2.5,1,1,0,ip-172-31-41-169,linux,0,0.3009,3323.01,Signature,True,2025-11-21T06:38:04.783731,,132
Dilithium5,sign,0,64,2.5,1,1,0,ip-172-31-41-169,linux,0,0.3273,3055.53,Signature,True,2025-11-21T06:38:04.784177,,133
Dilithium5,sign,0,64,2.5,1,1,0,ip-172-31-41-169,linux,0,0.3316,3015.72,Signature,True,2025-11-21T06:38:04.784688,,134
Dilithium5,sign,0,64,2.5,1,1,0,ip-172-31-41-169,linux,0,0.3858,2591.88,Signature,True,2025-11-21T06:38:04.785196,,135
Dilithium5,sign,1024,1,2.5,1,1,0,ip-172-31-41-169,linux,0,0.3136,3188.35,Signature,True,2025-11-21T06:38:04.785630,,136
Dilithium5,sign,1024,1,2.5,1,1,0,ip-172-31-41-169,linux,0,0.4119,2427.92,Signature,True,2025-11-21T06:38:04.786159,,137
Dilithium5,sign,1024,1,2.5,1,1,0,ip-172-31-41-169,linux,0,0.3879,2577.68,Signature,True,2025-11-21T06:38:04.786704,,138
Dilithium5,sign,1024,1,2.5,1,1,0,ip-172-31-41-169,linux,0,0.4947,2021.55,Signature,True,2025-11-21T06:38:04.787319,,139
Dilithium5,sign,1024,1,2.5,1,1,0,ip-172-31-41-169,linux,0,0.4069,2457.57,Signature,True,2025-11-21T06:38:04.787849,,140
Dilithium5,sign,1024,16,2.5,1,1,0,ip-172-31-41-169,linux,0,0.477,2096.62,Signature,True,2025-11-21T06:38:04.788448,,141
Dilithium5,sign,1024,16,2.5,1,1,0,ip-172-31-41-169,linux,0,0.3856,2593.19,Signature,True,2025-11-21T06:38:04.788959,,142
Dilithium5,sign,1024,16,2.5,1,1,0,ip-172-31-41-169,linux,0,0.3661,2731.74,Signature,True,2025-11-21T06:38:04.789446,,143
Dilithium5,sign,1024,16,2.5,1,1,0,ip-172-31-41-169,linux,0,0.2918,3426.89,Signature,True,2025-11-21T06:38:04.789859,,144
Dilithium5,sign,1024,16,2.5,1,1,0,ip-172-31-41-169,linux,0,0.3927,2546.75,Signature,True,2025-11-21T06:38:04.790368,,145
Dilithium5,sign,1024,64,2.5,1,1,0,ip-172-31-41-169,linux,0,0.3707,2697.39,Signature,True,2025-11-21T06:38:04.790857,,146
Dilithium5,sign,1024,64,2.5,1,1,0,ip-172-31-41-169,linux,0,0.304,3289.68,Signature,True,2025-11-21T06:38:04.791276,,147
Dilithium5,sign,1024,64,2.5,1,1,0,ip-172-31-41-169,linux,0,0.2894,3455.28,Signature,True,2025-11-21T06:38:04.791681,,148
Dilithium5,sign,1024,64,2.5,1,1,0,ip-172-31-41-169,linux,0,0.3695,2706.1,Signature,True,2025-11-21T06:38:04.792169,,149
Dilithium5,sign,1024,64,2.5,1,1,0,ip-172-31-41-169,linux,0,0.4474,2235.24,Signature,True,2025-11-21T06:38:04.792801,,150
Dilithium5,verify,0,1,2.5,1,1,0,ip-172-31-41-169,linux,0,0.3347,2987.58,Signature,True,2025-11-21T06:38:04.793271,,151
Dilithium5,verify,0,1,2.5,1,1,0,ip-172-31-41-169,linux,0,0.3611,2769.02,Signature,True,2025-11-21T06:38:04.793751,,152
Dilithium5,verify,0,1,2.5,1,1,0,ip-172-31-41-169,linux,0,0.3688,2711.8,Signature,True,2025-11-21T06:38:04.794241,,153
Dilithium5,verify,0,1,2.5,1,1,0,ip-172-31-41-169,linux,0,0.385,2597.17,Signature,True,2025-11-21T06:38:04.794747,,154
Dilithium5,verify,0,1,2.5,1,1,0,ip-172-31-41-169,linux,0,0.324,3086.52,Signature,True,2025-11-21T06:38:04.795194,,155
Dilithium5,verify,0,16,2.5,1,1,0,ip-172-31-41-169,linux,0,0.3344,2990.06,Signature,True,2025-11-21T06:38:04.795651,,156
Dilithium5,verify,0,16,2.5,1,1,0,ip-172-31-41-169,linux,0,0.4102,2437.83,Signature,True,2025-11-21T06:38:04.796183,,157
Dilithium5,verify,0,16,2.5,1,1,0,ip-172-31-41-169,linux,0,0.3596,2780.88,Signature,True,2025-11-21T06:38:04.796725,,158
Dilithium5,verify,0,16,2.5,1,1,0,ip-172-31-41-169,linux,0,0.3185,3140.03,Signature,True,2025-11-21T06:38:04.797165,,159
Dilithium5,verify,0,16,2.5,1,1,0,ip-172-31-41-169,linux,0,0.4889,2045.5,Signature,True,2025-11-21T06:38:04.797772,,160
Dilithium5,verify,0,64,2.5,1,1,0,ip-172-31-41-169,linux,0,0.4831,2069.9,Signature,True,2025-11-21T06:38:04.798373,,161
Dilithium5,verify,0,64,2.5,1,1,0,ip-172-31-41-169,linux,0,0.2839,3522.73,Signature,True,2025-11-21T06:38:04.798774,,162
Dilithium5,verify,0,64,2.5,1,1,0,ip-172-31-41-169,linux,0,0.3162,3162.08,Signature,True,2025-11-21T06:38:04.799205,,163
Dilithium5,verify,0,64,2.5,1,1,0,ip-172-31-41-169,linux,0,0.4087,2446.88,Signature,True,2025-11-21T06:38:04.799729,,164
Dilithium5,verify,0,64,2.5,1,1,0,ip-172-31-41-169,linux,0,0.4862,2056.71,Signature,True,2025-11-21T06:38:04.800334,,165
Dilithium5,verify,1024,1,2.5,1,1,0,ip-172-31-41-169,linux,0,0.3544,2821.85,Signature,True,2025-11-21T06:38:04.800818,,166
Dilithium5,verify,1024,1,2.5,1,1,0,ip-172-31-41-169,linux,0,0.3053,3275.07,Signature,True,2025-11-21T06:38:04.801243,,167
Dilithium5,verify,1024,1,2.5,1,1,0,ip-172-31-41-169,linux,0,0.4022,2486.59,Signature,True,2025-11-21T06:38:04.801763,,168
Dilithium5,verify,1024,1,2.5,1,1,0,ip-172-31-41-169,linux,0,0.3459,2891.36,Signature,True,2025-11-21T06:38:04.802226,,169
Dilithium5,verify,1024,1,2.5,1,1,0,ip-172-31-41-169,linux,0,0.2906,3440.99,Signature,True,2025-11-21T06:38:04.802634,,170
Dilithium5,verify,1024,16,2.5,1,1,0,ip-172-31-41-169,linux,0,0.2895,3453.86,Signature,True,2025-11-21T06:38:04.803040,,171
Dilithium5,verify,1024,16,2.5,1,1,0,ip-172-31-41-169,linux,0,0.4185,2389.67,Signature,True,2025-11-21T06:38:04.803586,,172
Dilithium5,verify,1024,16,2.5,1,1,0,ip-172-31-41-169,linux,0,0.3096,3229.93,Signature,True,2025-11-21T06:38:04.804011,,173
Dilithium5,verify,1024,16,2.5,1,1,0,ip-172-31-41-169,linux,0,0.3853,2595.23,Signature,True,2025-11-21T06:38:04.804517,,174
Dilithium5,verify,1024,16,2.5,1,1,0,ip-172-31-41-169,linux,0,0.2913,3433.44,Signature,True,2025-11-21T06:38:04.804927,,175
Dilithium5,verify,1024,64,2.5,1,1,0,ip-172-31-41-169,linux,0,0.415,2409.88,Signature,True,2025-11-21T06:38:04.805459,,176
Dilithium5,verify,1024,64,2.5,1,1,0,ip-172-31-41-169,linux,0,0.3737,2676.17,Signature,True,2025-11-21T06:38:04.805950,,177
Dilithium5,verify,1024,64,2.5,1,1,0,ip-172-31-41-169,linux,0,0.4576,2185.49,Signature,True,2025-11-21T06:38:04.806530,,178
Dilithium5,verify,1024,64,2.5,1,1,0,ip-172-31-41-169,linux,0,0.3525,2836.49,Signature,True,2025-11-21T06:38:04.807010,,179
Dilithium5,verify,1024,64,2.5,1,1,0,ip-172-31-41-169,linux,0,0.3449,2899.25,Signature,True,2025-11-21T06:38:04.807475,,180
Falcon-1024,sign,0,1,2.5,1,1,0,ip-172-31-41-169,linux,0,30.0685,33.26,Signature,True,2025-11-21T06:38:04.837617,,181
Falcon-1024,sign,0,1,2.5,1,1,0,ip-172-31-41-169,linux,0,39.2583,25.47,Signature,True,2025-11-21T06:38:04.876963,,182
Falcon-1024,sign,0,1,2.5,1,1,0,ip-172-31-41-169,linux,0,21.5261,46.46,Signature,True,2025-11-21T06:38:04.898580,,183
Falcon-1024,sign,0,1,2.5,1,1,0,ip-172-31-41-169,linux,0,23.8032,42.01,Signature,True,2025-11-21T06:38:04.922477,,184
Falcon-1024,sign,0,1,2.5,1,1,0,ip-172-31-41-169,linux,0,21.7899,45.89,Signature,True,2025-11-21T06:38:04.944359,,185
Falcon-1024,sign,0,16,2.5,1,1,0,ip-172-31-41-169,linux,0,24.8847,40.19,Signature,True,2025-11-21T06:38:04.969340,,186
Falcon-1024,sign,0,16,2.5,1,1,0,ip-172-31-41-169,linux,0,23.9678,41.72,Signature,True,2025-11-21T06:38:04.993399,,187
Falcon-1024,sign,0,16,2.5,1,1,0,ip-172-31-41-169,linux,0,25.8778,38.64,Signature,True,2025-11-21T06:38:05.019367,,188
Falcon-1024,sign,0,16,2.5,1,1,0,ip-172-31-41-169,linux,0,22.8114,43.84,Signature,True,2025-11-21T06:38:05.042270,,189
Falcon-1024,sign,0,16,2.5,1,1,0,ip-172-31-41-169,linux,0,26.4772,37.77,Signature,True,2025-11-21T06:38:05.068835,,190
Falcon-1024,sign,0,64,2.5,1,1,0,ip-172-31-41-169,linux,0,27.2823,36.65,Signature,True,2025-11-21T06:38:05.096203,,191
Falcon-1024,sign,0,64,2.5,1,1,0,ip-172-31-41-169,linux,0,25.9175,38.58,Signature,True,2025-11-21T06:38:05.122217,,192
Falcon-1024,sign,0,64,2.5,1,1,0,ip-172-31-41-169,linux,0,23.6614,42.26,Signature,True,2025-11-21T06:38:05.145971,,193
Falcon-1024,sign,0,64,2.5,1,1,0,ip-172-31-41-169,linux,0,24.8574,40.23,Signature,True,2025-11-21T06:38:05.170916,,194
Falcon-1024,sign,0,64,2.5,1,1,0,ip-172-31-41-169,linux,0,23.6876,42.22,Signature,True,2025-11-21T06:38:05.194694,,195
Falcon-1024,sign,1024,1,2.5,1,1,0,ip-172-31-41-169,linux,0,26.4364,37.83,Signature,True,2025-11-21T06:38:05.221220,,196
Falcon-1024,sign,1024,1,2.5,1,1,0,ip-172-31-41-169,linux,0,21.9342,45.59,Signature,True,2025-11-21T06:38:05.243241,,197
Falcon-1024,sign,1024,1,2.5,1,1,0,ip-172-31-41-169,linux,0,25.2777,39.56,Signature,True,2025-11-21T06:38:05.268608,,198
Falcon-1024,sign,1024,1,2.5,1,1,0,ip-172-31-41-169,linux,0,25.388,39.39,Signature,True,2025-11-21T06:38:05.294085,,199
Falcon-1024,sign,1024,1,2.5,1,1,0,ip-172-31-41-169,linux,0,31.6327,31.61,Signature,True,2025-11-21T06:38:05.325823,,200
Falcon-1024,sign,1024,16,2.5,1,1,0,ip-172-31-41-169,linux,0,24.5383,40.75,Signature,True,2025-11-21T06:38:05.350449,,201
Falcon-1024,sign,1024,16,2.5,1,1,0,ip-172-31-41-169,linux,0,22.0087,45.44,Signature,True,2025-11-21T06:38:05.372544,,202
Falcon-1024,sign,1024,16,2.5,1,1,0,ip-172-31-41-169,linux,0,30.8244,32.44,Signature,True,2025-11-21T06:38:05.403459,,203
Falcon-1024,sign,1024,16,2.5,1,1,0,ip-172-31-41-169,linux,0,22.7097,44.03,Signature,True,2025-11-21T06:38:05.426257,,204
Falcon-1024,sign,1024,16,2.5,1,1,0,ip-172-31-41-169,linux,0,22.1204,45.21,Signature,True,2025-11-21T06:38:05.448509,,205
Falcon-1024,sign,1024,64,2.5,1,1,0,ip-172-31-41-169,linux,0,42.6744,23.43,Signature,True,2025-11-21T06:38:05.491273,,206
Falcon-1024,sign,1024,64,2.5,1,1,0,ip-172-31-41-169,linux,0,24.6224,40.61,Signature,True,2025-11-21T06:38:05.515985,,207
Falcon-1024,sign,1024,64,2.5,1,1,0,ip-172-31-41-169,linux,0,24.1826,41.35,Signature,True,2025-11-21T06:38:05.540264,,208
Falcon-1024,sign,1024,64,2.5,1,1,0,ip-172-31-41-169,linux,0,27.0092,37.02,Signature,True,2025-11-21T06:38:05.567364,,209
Falcon-1024,sign,1024,64,2.5,1,1,0,ip-172-31-41-169,linux,0,22.1465,45.15,Signature,True,2025-11-21T06:38:05.589597,,210
Falcon-1024,verify,0,1,2.5,1,1,0,ip-172-31-41-169,linux,0,58.4746,17.1,Signature,True,2025-11-21T06:38:05.648169,,211
Falcon-1024,verify,0,1,2.5,1,1,0,ip-172-31-41-169,linux,0,25.2832,39.55,Signature,True,2025-11-21T06:38:05.673545,,212
Falcon-1024,verify,0,1,2.5,1,1,0,ip-172-31-41-169,linux,0,21.9011,45.66,Signature,True,2025-11-21T06:38:05.695539,,213
Falcon-1024,verify,0,1,2.5,1,1,0,ip-172-31-41-169,linux,0,26.1146,38.29,Signature,True,2025-11-21T06:38:05.721741,,214
Falcon-1024,verify,0,1,2.5,1,1,0,ip-172-31-41-169,linux,0,22.9863,43.5,Signature,True,2025-11-21T06:38:05.744816,,215
Falcon-1024,verify,0,16,2.5,1,1,0,ip-172-31-41-169,linux,0,37.891,26.39,Signature,True,2025-11-21T06:38:05.782798,,216
Falcon-1024,verify,0,16,2.5,1,1,0,ip-172-31-41-169,linux,0,28.6135,34.95,Signature,True,2025-11-21T06:38:05.811503,,217
Falcon-1024,verify,0,16,2.5,1,1,0,ip-172-31-41-169,linux,0,23.4384,42.67,Signature,True,2025-11-21T06:38:05.835030,,218
Falcon-1024,verify,0,16,2.5,1,1,0,ip-172-31-41-169,linux,0,32.9088,30.39,Signature,True,2025-11-21T06:38:05.868026,,219
Falcon-1024,verify,0,16,2.5,1,1,0,ip-172-31-41-169,linux,0,23.0114,43.46,Signature,True,2025-11-21T06:38:05.891130,,220
Falcon-1024,verify,0,64,2.5,1,1,0,ip-172-31-41-169,linux,0,26.9512,37.1,Signature,True,2025-11-21T06:38:05.918181,,221
Falcon-1024,verify,0,64,2.5,1,1,0,ip-172-31-41-169,linux,0,22.4472,44.55,Signature,True,2025-11-21T06:38:05.940718,,222
Falcon-1024,verify,0,64,2.5,1,1,0,ip-172-31-41-169,linux,0,26.1429,38.25,Signature,True,2025-11-21T06:38:05.966948,,223
Falcon-1024,verify,0,64,2.5,1,1,0,ip-172-31-41-169,linux,0,26.9047,37.17,Signature,True,2025-11-21T06:38:05.993937,,224
Falcon-1024,verify,0,64,2.5,1,1,0,ip-172-31-41-169,linux,0,29.4546,33.95,Signature,True,2025-11-21T06:38:06.023477,,225
Falcon-1024,verify,1024,1,2.5,1,1,0,ip-172-31-41-169,linux,0,22.0066,45.44,Signature,True,2025-11-21T06:38:06.045575,,226
Falcon-1024,verify,1024,1,2.5,1,1,0,ip-172-31-41-169,linux,0,26.6436,37.53,Signature,True,2025-11-21T06:38:06.072306,,227
Falcon-1024,verify,1024,1,2.5,1,1,0,ip-172-31-41-169,linux,0,29.8765,33.47,Signature,True,2025-11-21T06:38:06.102270,,228
Falcon-1024,verify,1024,1,2.5,1,1,0,ip-172-31-41-169,linux,0,23.11,43.27,Signature,True,2025-11-21T06:38:06.125467,,229
Falcon-1024,verify,1024,1,2.5,1,1,0,ip-172-31-41-169,linux,0,30.9818,32.28,Signature,True,2025-11-21T06:38:06.156538,,230
Falcon-1024,verify,1024,16,2.5,1,1,0,ip-172-31-41-169,linux,0,21.9607,45.54,Signature,True,2025-11-21T06:38:06.178590,,231
Falcon-1024,verify,1024,16,2.5,1,1,0,ip-172-31-41-169,linux,0,22.2219,45.0,Signature,True,2025-11-21T06:38:06.200900,,232
Falcon-1024,verify,1024,16,2.5,1,1,0,ip-172-31-41-169,linux,0,25.0933,39.85,Signature,True,2025-11-21T06:38:06.226077,,233
Falcon-1024,verify,1024,16,2.5,1,1,0,ip-172-31-41-169,linux,0,42.112,23.75,Signature,True,2025-11-21T06:38:06.268299,,234
Falcon-1024,verify,1024,16,2.5,1,1,0,ip-172-31-41-169,linux,0,21.851,45.76,Signature,True,2025-11-21T06:38:06.290242,,235
Falcon-1024,verify,1024,64,2.5,1,1,0,ip-172-31-41-169,linux,0,22.1615,45.12,Signature,True,2025-11-21T06:38:06.312496,,236
Falcon-1024,verify,1024,64,2.5,1,1,0,ip-172-31-41-169,linux,0,22.9535,43.57,Signature,True,2025-11-21T06:38:06.335539,,237
Falcon-1024,verify,1024,64,2.5,1,1,0,ip-172-31-41-169,linux,0,22.9385,43.59,Signature,True,2025-11-21T06:38:06.358566,,238
Falcon-1024,verify,1024,64,2.5,1,1,0,ip-172-31-41-169,linux,0,23.8006,42.02,Signature,True,2025-11-21T06:38:06.382451,,239
Falcon-1024,verify,1024,64,2.5,1,1,0,ip-172-31-41-169,linux,0,23.9912,41.68,Signature,True,2025-11-21T06:38:06.406527,,240
Falcon-512,sign,0,1,2.5,1,1,0,ip-172-31-41-169,linux,0,10.9068,91.69,Signature,True,2025-11-21T06:38:06.417524,,241
Falcon-512,sign,0,1,2.5,1,1,0,ip-172-31-41-169,linux,0,7.9665,125.53,Signature,True,2025-11-21T06:38:06.425575,,242
Falcon-512,sign,0,1,2.5,1,1,0,ip-172-31-41-169,linux,0,8.1012,123.44,Signature,True,2025-11-21T06:38:06.433759,,243
Falcon-512,sign,0,1,2.5,1,1,0,ip-172-31-41-169,linux,0,8.5917,116.39,Signature,True,2025-11-21T06:38:06.442428,,244
Falcon-512,sign,0,1,2.5,1,1,0,ip-172-31-41-169,linux,0,8.9034,112.32,Signature,True,2025-11-21T06:38:06.451406,,245
Falcon-512,sign,0,16,2.5,1,1,0,ip-172-31-41-169,linux,0,7.3652,135.77,Signature,True,2025-11-21T06:38:06.458851,,246
Falcon-512,sign,0,16,2.5,1,1,0,ip-172-31-41-169,linux,0,7.1591,139.68,Signature,True,2025-11-21T06:38:06.466087,,247
Falcon-512,sign,0,16,2.5,1,1,0,ip-172-31-41-169,linux,0,7.3155,136.7,Signature,True,2025-11-21T06:38:06.473502,,248
Falcon-512,sign,0,16,2.5,1,1,0,ip-172-31-41-169,linux,0,8.8707,112.73,Signature,True,2025-11-21T06:38:06.482450,,249
Falcon-512,sign,0,16,2.5,1,1,0,ip-172-31-41-169,linux,0,9.211,108.57,Signature,True,2025-11-21T06:38:06.491738,,250
Falcon-512,sign,0,64,2.5,1,1,0,ip-172-31-41-169,linux,0,7.3855,135.4,Signature,True,2025-11-21T06:38:06.499201,,251
Falcon-512,sign,0,64,2.5,1,1,0,ip-172-31-41-169,linux,0,9.126,109.58,Signature,True,2025-11-21T06:38:06.508406,,252
Falcon-512,sign,0,64,2.5,1,1,0,ip-172-31-41-169,linux,0,7.6013,131.56,Signature,True,2025-11-21T06:38:06.516084,,253
Falcon-512,sign,0,64,2.5,1,1,0,ip-172-31-41-169,linux,0,8.3155,120.26,Signature,True,2025-11-21T06:38:06.524487,,254
Falcon-512,sign,0,64,2.5,1,1,0,ip-172-31-41-169,linux,0,7.1239,140.37,Signature,True,2025-11-21T06:38:06.531687,,255
Falcon-512,sign,1024,1,2.5,1,1,0,ip-172-31-41-169,linux,0,8.53,117.23,Signature,True,2025-11-21T06:38:06.540297,,256
Falcon-512,sign,1024,1,2.5,1,1,0,ip-172-31-41-169,linux,0,7.3855,135.4,Signature,True,2025-11-21T06:38:06.547764,,257
Falcon-512,sign,1024,1,2.5,1,1,0,ip-172-31-41-169,linux,0,8.2887,120.65,Signature,True,2025-11-21T06:38:06.556132,,258
Falcon-512,sign,1024,1,2.5,1,1,0,ip-172-31-41-169,linux,0,8.9788,111.37,Signature,True,2025-11-21T06:38:06.565210,,259
Falcon-512,sign,1024,1,2.5,1,1,0,ip-172-31-41-169,linux,0,13.8486,72.21,Signature,True,2025-11-21T06:38:06.579136,,260
Falcon-512,sign,1024,16,2.5,1,1,0,ip-172-31-41-169,linux,0,15.4434,64.75,Signature,True,2025-11-21T06:38:06.594669,,261
Falcon-512,sign,1024,16,2.5,1,1,0,ip-172-31-41-169,linux,0,7.3168,136.67,Signature,True,2025-11-21T06:38:06.602063,,262
Falcon-512,sign,1024,16,2.5,1,1,0,ip-172-31-41-169,linux,0,10.2236,97.81,Signature,True,2025-11-21T06:38:06.612365,,263
Falcon-512,sign,1024,16,2.5,1,1,0,ip-172-31-41-169,linux,0,8.3364,119.96,Signature,True,2025-11-21T06:38:06.620780,,264
Falcon-512,sign,1024,16,2.5,1,1,0,ip-172-31-41-169,linux,0,8.1932,122.05,Signature,True,2025-11-21T06:38:06.629050,,265
Falcon-512,sign,1024,64,2.5,1,1,0,ip-172-31-41-169,linux,0,7.1297,140.26,Signature,True,2025-11-21T06:38:06.636261,,266
Falcon-512,sign,1024,64,2.5,1,1,0,ip-172-31-41-169,linux,0,8.6494,115.61,Signature,True,2025-11-21T06:38:06.644987,,267
Falcon-512,sign,1024,64,2.5,1,1,0,ip-172-31-41-169,linux,0,8.0144,124.78,Signature,True,2025-11-21T06:38:06.653081,,268
Falcon-512,sign,1024,64,2.5,1,1,0,ip-172-31-41-169,linux,0,8.8846,112.55,Signature,True,2025-11-21T06:38:06.662355,,269
Falcon-512,sign,1024,64,2.5,1,1,0,ip-172-31-41-169,linux,0,8.5261,117.29,Signature,True,2025-11-21T06:38:06.670980,,270
Falcon-512,verify,0,1,2.5,1,1,0,ip-172-31-41-169,linux,0,7.3082,136.83,Signature,True,2025-11-21T06:38:06.678379,,271
Falcon-512,verify,0,1,2.5,1,1,0,ip-172-31-41-169,linux,0,8.3467,119.81,Signature,True,2025-11-21T06:38:06.686850,,272
Falcon-512,verify,0,1,2.5,1,1,0,ip-172-31-41-169,linux,0,8.1127,123.26,Signature,True,2025-11-21T06:38:06.695044,,273
Falcon-512,verify,0,1,2.5,1,1,0,ip-172-31-41-169,linux,0,9.9806,100.19,Signature,True,2025-11-21T06:38:06.705104,,274
Falcon-512,verify,0,1,2.5,1,1,0,ip-172-31-41-169,linux,0,7.3775,135.55,Signature,True,2025-11-21T06:38:06.712569,,275
Falcon-512,verify,0,16,2.5,1,1,0,ip-172-31-41-169,linux,0,7.1169,140.51,Signature,True,2025-11-21T06:38:06.719762,,276
Falcon-512,verify,0,16,2.5,1,1,0,ip-172-31-41-169,linux,0,10.1057,98.95,Signature,True,2025-11-21T06:38:06.729947,,277
Falcon-512,verify,0,16,2.5,1,1,0,ip-172-31-41-169,linux,0,8.3505,119.75,Signature,True,2025-11-21T06:38:06.738379,,278
Falcon-512,verify,0,16,2.5,1,1,0,ip-172-31-41-169,linux,0,8.7377,114.45,Signature,True,2025-11-21T06:38:06.747193,,279
Falcon-512,verify,0,16,2.5,1,1,0,ip-172-31-41-169,linux,0,16.4693,60.72,Signature,True,2025-11-21T06:38:06.763744,,280
Falcon-512,verify,0,64,2.5,1,1,0,ip-172-31-41-169,linux,0,7.1482,139.9,Signature,True,2025-11-21T06:38:06.770977,,281
Falcon-512,verify,0,64,2.5,1,1,0,ip-172-31-41-169,linux,0,7.3883,135.35,Signature,True,2025-11-21T06:38:06.778443,,282
Falcon-512,verify,0,64,2.5,1,1,0,ip-172-31-41-169,linux,0,13.2454,75.5,Signature,True,2025-11-21T06:38:06.791773,,283
Falcon-512,verify,0,64,2.5,1,1,0,ip-172-31-41-169,linux,0,10.6716,93.71,Signature,True,2025-11-21T06:38:06.802544,,284
Falcon-512,verify,0,64,2.5,1,1,0,ip-172-31-41-169,linux,0,9.2431,108.19,Signature,True,2025-11-21T06:38:06.811868,,285
Falcon-512,verify,1024,1,2.5,1,1,0,ip-172-31-41-169,linux,0,8.9714,111.47,Signature,True,2025-11-21T06:38:06.820923,,286
Falcon-512,verify,1024,1,2.5,1,1,0,ip-172-31-41-169,linux,0,13.6407,73.31,Signature,True,2025-11-21T06:38:06.834639,,287
Falcon-512,verify,1024,1,2.5,1,1,0,ip-172-31-41-169,linux,0,11.754,85.08,Signature,True,2025-11-21T06:38:06.846474,,288
Falcon-512,verify,1024,1,2.5,1,1,0,ip-172-31-41-169,linux,0,8.5628,116.78,Signature,True,2025-11-21T06:38:06.855118,,289
Falcon-512,verify,1024,1,2.5,1,1,0,ip-172-31-41-169,linux,0,9.6084,104.08,Signature,True,2025-11-21T06:38:06.864814,,290
Falcon-512,verify,1024,16,2.5,1,1,0,ip-172-31-41-169,linux,0,8.386,119.25,Signature,True,2025-11-21T06:38:06.873291,,291
Falcon-512,verify,1024,16,2.5,1,1,0,ip-172-31-41-169,linux,0,7.8584,127.25,Signature,True,2025-11-21T06:38:06.881233,,292
Falcon-512,verify,1024,16,2.5,1,1,0,ip-172-31-41-169,linux,0,12.8555,77.79,Signature,True,2025-11-21T06:38:06.894163,,293
Falcon-512,verify,1024,16,2.5,1,1,0,ip-172-31-41-169,linux,0,7.3753,135.59,Signature,True,2025-11-21T06:38:06.901618,,294
Falcon-512,verify,1024,16,2.5,1,1,0,ip-172-31-41-169,linux,0,16.1751,61.82,Signature,True,2025-11-21T06:38:06.917876,,295
Falcon-512,verify,1024,64,2.5,1,1,0,ip-172-31-41-169,linux,0,8.9266,112.02,Signature,True,2025-11-21T06:38:06.926888,,296
Falcon-512,verify,1024,64,2.5,1,1,0,ip-172-31-41-169,linux,0,7.8257,127.78,Signature,True,2025-11-21T06:38:06.934794,,297
Falcon-512,verify,1024,64,2.5,1,1,0,ip-172-31-41-169,linux,0,7.8221,127.84,Signature,True,2025-11-21T06:38:06.942694,,298
Falcon-512,verify,1024,64,2.5,1,1,0,ip-172-31-41-169,linux,0,10.3067,97.02,Signature,True,2025-11-21T06:38:06.953077,,299
Falcon-512,verify,1024,64,2.5,1,1,0,ip-172-31-41-169,linux,0,11.5542,86.55,Signature,True,2025-11-21T06:38:06.964720,,300
Falcon-padded-1024,sign,0,1,2.5,1,1,0,ip-172-31-41-169,linux,0,22.5952,44.26,Signature,True,2025-11-21T06:38:06.987405,,301
Falcon-padded-1024,sign,0,1,2.5,1,1,0,ip-172-31-41-169,linux,0,22.1538,45.14,Signature,True,2025-11-21T06:38:07.009648,,302
Falcon-padded-1024,sign,0,1,2.5,1,1,0,ip-172-31-41-169,linux,0,22.3502,44.74,Signature,True,2025-11-21T06:38:07.032087,,303
Falcon-padded-1024,sign,0,1,2.5,1,1,0,ip-172-31-41-169,linux,0,31.2399,32.01,Signature,True,2025-11-21T06:38:07.063430,,304
Falcon-padded-1024,sign,0,1,2.5,1,1,0,ip-172-31-41-169,linux,0,28.4926,35.1,Signature,True,2025-11-21T06:38:07.092007,,305
Falcon-padded-1024,sign,0,16,2.5,1,1,0,ip-172-31-41-169,linux,0,23.9187,41.81,Signature,True,2025-11-21T06:38:07.116018,,306
Falcon-padded-1024,sign,0,16,2.5,1,1,0,ip-172-31-41-169,linux,0,28.8565,34.65,Signature,True,2025-11-21T06:38:07.144966,,307
Falcon-padded-1024,sign,0,16,2.5,1,1,0,ip-172-31-41-169,linux,0,22.9321,43.61,Signature,True,2025-11-21T06:38:07.167981,,308
Falcon-padded-1024,sign,0,16,2.5,1,1,0,ip-172-31-41-169,linux,0,31.5357,31.71,Signature,True,2025-11-21T06:38:07.199608,,309
Falcon-padded-1024,sign,0,16,2.5,1,1,0,ip-172-31-41-169,linux,0,23.7042,42.19,Signature,True,2025-11-21T06:38:07.223398,,310
Falcon-padded-1024,sign,0,64,2.5,1,1,0,ip-172-31-41-169,linux,0,43.7784,22.84,Signature,True,2025-11-21T06:38:07.267265,,311
Falcon-padded-1024,sign,0,64,2.5,1,1,0,ip-172-31-41-169,linux,0,21.4765,46.56,Signature,True,2025-11-21T06:38:07.288829,,312
Falcon-padded-1024,sign,0,64,2.5,1,1,0,ip-172-31-41-169,linux,0,23.543,42.48,Signature,True,2025-11-21T06:38:07.312461,,313
Falcon-padded-1024,sign,0,64,2.5,1,1,0,ip-172-31-41-169,linux,0,26.3093,38.01,Signature,True,2025-11-21T06:38:07.338854,,314
Falcon-padded-1024,sign,0,64,2.5,1,1,0,ip-172-31-41-169,linux,0,22.3457,44.75,Signature,True,2025-11-21T06:38:07.361284,,315
Falcon-padded-1024,sign,1024,1,2.5,1,1,0,ip-172-31-41-169,linux,0,22.5044,44.44,Signature,True,2025-11-21T06:38:07.383874,,316
Falcon-padded-1024,sign,1024,1,2.5,1,1,0,ip-172-31-41-169,linux,0,23.9942,41.68,Signature,True,2025-11-21T06:38:07.407949,,317
Falcon-padded-1024,sign,1024,1,2.5,1,1,0,ip-172-31-41-169,linux,0,23.9912,41.68,Signature,True,2025-11-21T06:38:07.432024,,318
Falcon-padded-1024,sign,1024,1,2.5,1,1,0,ip-172-31-41-169,linux,0,37.693,26.53,Signature,True,2025-11-21T06:38:07.469813,,319
Falcon-padded-1024,sign,1024,1,2.5,1,1,0,ip-172-31-41-169,linux,0,21.4175,46.69,Signature,True,2025-11-21T06:38:07.491318,,320
Falcon-padded-1024,sign,1024,16,2.5,1,1,0,ip-172-31-41-169,linux,0,31.153,32.1,Signature,True,2025-11-21T06:38:07.522559,,321
Falcon-padded-1024,sign,1024,16,2.5,1,1,0,ip-172-31-41-169,linux,0,21.8777,45.71,Signature,True,2025-11-21T06:38:07.544520,,322
Falcon-padded-1024,sign,1024,16,2.5,1,1,0,ip-172-31-41-169,linux,0,23.8474,41.93,Signature,True,2025-11-21T06:38:07.568453,,323
Falcon-padded-1024,sign,1024,16,2.5,1,1,0,ip-172-31-41-169,linux,0,40.402,24.75,Signature,True,2025-11-21T06:38:07.608940,,324
Falcon-padded-1024,sign,1024,16,2.5,1,1,0,ip-172-31-41-169,linux,0,21.9119,45.64,Signature,True,2025-11-21T06:38:07.630937,,325
Falcon-padded-1024,sign,1024,64,2.5,1,1,0,ip-172-31-41-169,linux,0,23.644,42.29,Signature,True,2025-11-21T06:38:07.654664,,326
Falcon-padded-1024,sign,1024,64,2.5,1,1,0,ip-172-31-41-169,linux,0,25.8521,38.68,Signature,True,2025-11-21T06:38:07.680598,,327
Falcon-padded-1024,sign,1024,64,2.5,1,1,0,ip-172-31-41-169,linux,0,22.7047,44.04,Signature,True,2025-11-21T06:38:07.703390,,328
Falcon-padded-1024,sign,1024,64,2.5,1,1,0,ip-172-31-41-169,linux,0,21.6846,46.12,Signature,True,2025-11-21T06:38:07.725162,,329
Falcon-padded-1024,sign,1024,64,2.5,1,1,0,ip-172-31-41-169,linux,0,26.0106,38.45,Signature,True,2025-11-21T06:38:07.751256,,330
Falcon-padded-1024,verify,0,1,2.5,1,1,0,ip-172-31-41-169,linux,0,21.4852,46.54,Signature,True,2025-11-21T06:38:07.772840,,331
Falcon-padded-1024,verify,0,1,2.5,1,1,0,ip-172-31-41-169,linux,0,23.2901,42.94,Signature,True,2025-11-21T06:38:07.796231,,332
Falcon-padded-1024,verify,0,1,2.5,1,1,0,ip-172-31-41-169,linux,0,21.6858,46.11,Signature,True,2025-11-21T06:38:07.818001,,333
Falcon-padded-1024,verify,0,1,2.5,1,1,0,ip-172-31-41-169,linux,0,22.3541,44.73,Signature,True,2025-11-21T06:38:07.840438,,334
Falcon-padded-1024,verify,0,1,2.5,1,1,0,ip-172-31-41-169,linux,0,42.0264,23.79,Signature,True,2025-11-21T06:38:07.882547,,335
Falcon-padded-1024,verify,0,16,2.5,1,1,0,ip-172-31-41-169,linux,0,26.3559,37.94,Signature,True,2025-11-21T06:38:07.908988,,336
Falcon-padded-1024,verify,0,16,2.5,1,1,0,ip-172-31-41-169,linux,0,24.2481,41.24,Signature,True,2025-11-21T06:38:07.933358,,337
Falcon-padded-1024,verify,0,16,2.5,1,1,0,ip-172-31-41-169,linux,0,23.268,42.98,Signature,True,2025-11-21T06:38:07.956709,,338
Falcon-padded-1024,verify,0,16,2.5,1,1,0,ip-172-31-41-169,linux,0,22.718,44.02,Signature,True,2025-11-21T06:38:07.979511,,339
Falcon-padded-1024,verify,0,16,2.5,1,1,0,ip-172-31-41-169,linux,0,32.1397,31.11,Signature,True,2025-11-21T06:38:08.011742,,340
Falcon-padded-1024,verify,0,64,2.5,1,1,0,ip-172-31-41-169,linux,0,29.8294,33.52,Signature,True,2025-11-21T06:38:08.041659,,341
Falcon-padded-1024,verify,0,64,2.5,1,1,0,ip-172-31-41-169,linux,0,33.2228,30.1,Signature,True,2025-11-21T06:38:08.074965,,342
Falcon-padded-1024,verify,0,64,2.5,1,1,0,ip-172-31-41-169,linux,0,21.6287,46.23,Signature,True,2025-11-21T06:38:08.096671,,343
Falcon-padded-1024,verify,0,64,2.5,1,1,0,ip-172-31-41-169,linux,0,21.6983,46.09,Signature,True,2025-11-21T06:38:08.118447,,344
Falcon-padded-1024,verify,0,64,2.5,1,1,0,ip-172-31-41-169,linux,0,23.358,42.81,Signature,True,2025-11-21T06:38:08.141894,,345
Falcon-padded-1024,verify,1024,1,2.5,1,1,0,ip-172-31-41-169,linux,0,22.9193,43.63,Signature,True,2025-11-21T06:38:08.164899,,346
Falcon-padded-1024,verify,1024,1,2.5,1,1,0,ip-172-31-41-169,linux,0,25.199,39.68,Signature,True,2025-11-21T06:38:08.190180,,347
Falcon-padded-1024,verify,1024,1,2.5,1,1,0,ip-172-31-41-169,linux,0,26.1264,38.28,Signature,True,2025-11-21T06:38:08.216386,,348
Falcon-padded-1024,verify,1024,1,2.5,1,1,0,ip-172-31-41-169,linux,0,21.6453,46.2,Signature,True,2025-11-21T06:38:08.238116,,349
Falcon-padded-1024,verify,1024,1,2.5,1,1,0,ip-172-31-41-169,linux,0,23.4639,42.62,Signature,True,2025-11-21T06:38:08.261676,,350
Falcon-padded-1024,verify,1024,16,2.5,1,1,0,ip-172-31-41-169,linux,0,29.5314,33.86,Signature,True,2025-11-21T06:38:08.291302,,351
Falcon-padded-1024,verify,1024,16,2.5,1,1,0,ip-172-31-41-169,linux,0,21.5772,46.35,Signature,True,2025-11-21T06:38:08.312964,,352
Falcon-padded-1024,verify,1024,16,2.5,1,1,0,ip-172-31-41-169,linux,0,23.1841,43.13,Signature,True,2025-11-21T06:38:08.336233,,353
Falcon-padded-1024,verify,1024,16,2.5,1,1,0,ip-172-31-41-169,linux,0,23.5967,42.38,Signature,True,2025-11-21T06:38:08.359914,,354
Falcon-padded-1024,verify,1024,16,2.5,1,1,0,ip-172-31-41-169,linux,0,23.8917,41.86,Signature,True,2025-11-21T06:38:08.383890,,355
Falcon-padded-1024,verify,1024,64,2.5,1,1,0,ip-172-31-41-169,linux,0,41.0917,24.34,Signature,True,2025-11-21T06:38:08.425068,,356
Falcon-padded-1024,verify,1024,64,2.5,1,1,0,ip-172-31-41-169,linux,0,21.6986,46.09,Signature,True,2025-11-21T06:38:08.446866,,357
Falcon-padded-1024,verify,1024,64,2.5,1,1,0,ip-172-31-41-169,linux,0,35.595,28.09,Signature,True,2025-11-21T06:38:08.482548,,358
Falcon-padded-1024,verify,1024,64,2.5,1,1,0,ip-172-31-41-169,linux,0,26.3004,38.02,Signature,True,2025-11-21T06:38:08.508942,,359
Falcon-padded-1024,verify,1024,64,2.5,1,1,0,ip-172-31-41-169,linux,0,26.2648,38.07,Signature,True,2025-11-21T06:38:08.535293,,360
Falcon-padded-512,sign,0,1,2.5,1,1,0,ip-172-31-41-169,linux,0,7.456,134.12,Signature,True,2025-11-21T06:38:08.542845,,361
Falcon-padded-512,sign,0,1,2.5,1,1,0,ip-172-31-41-169,linux,0,9.0189,110.88,Signature,True,2025-11-21T06:38:08.551940,,362
Falcon-padded-512,sign,0,1,2.5,1,1,0,ip-172-31-41-169,linux,0,7.1089,140.67,Signature,True,2025-11-21T06:38:08.559122,,363
Falcon-padded-512,sign,0,1,2.5,1,1,0,ip-172-31-41-169,linux,0,9.6354,103.78,Signature,True,2025-11-21T06:38:08.568838,,364
Falcon-padded-512,sign,0,1,2.5,1,1,0,ip-172-31-41-169,linux,0,7.6015,131.55,Signature,True,2025-11-21T06:38:08.576511,,365
Falcon-padded-512,sign,0,16,2.5,1,1,0,ip-172-31-41-169,linux,0,7.5468,132.51,Signature,True,2025-11-21T06:38:08.584132,,366
Falcon-padded-512,sign,0,16,2.5,1,1,0,ip-172-31-41-169,linux,0,7.7951,128.29,Signature,True,2025-11-21T06:38:08.592006,,367
Falcon-padded-512,sign,0,16,2.5,1,1,0,ip-172-31-41-169,linux,0,11.7157,85.36,Signature,True,2025-11-21T06:38:08.603798,,368
Falcon-padded-512,sign,0,16,2.5,1,1,0,ip-172-31-41-169,linux,0,8.5778,116.58,Signature,True,2025-11-21T06:38:08.612455,,369
Falcon-padded-512,sign,0,16,2.5,1,1,0,ip-172-31-41-169,linux,0,7.5979,131.62,Signature,True,2025-11-21T06:38:08.620132,,370
Falcon-padded-512,sign,0,64,2.5,1,1,0,ip-172-31-41-169,linux,0,7.3378,136.28,Signature,True,2025-11-21T06:38:08.627553,,371
Falcon-padded-512,sign,0,64,2.5,1,1,0,ip-172-31-41-169,linux,0,8.3057,120.4,Signature,True,2025-11-21T06:38:08.635931,,372
Falcon-padded-512,sign,0,64,2.5,1,1,0,ip-172-31-41-169,linux,0,9.3007,107.52,Signature,True,2025-11-21T06:38:08.645319,,373
Falcon-padded-512,sign,0,64,2.5,1,1,0,ip-172-31-41-169,linux,0,10.1316,98.7,Signature,True,2025-11-21T06:38:08.655529,,374
Falcon-padded-512,sign,0,64,2.5,1,1,0,ip-172-31-41-169,linux,0,7.5845,131.85,Signature,True,2025-11-21T06:38:08.663191,,375
Falcon-padded-512,sign,1024,1,2.5,1,1,0,ip-172-31-41-169,linux,0,9.3145,107.36,Signature,True,2025-11-21T06:38:08.672579,,376
Falcon-padded-512,sign,1024,1,2.5,1,1,0,ip-172-31-41-169,linux,0,9.5319,104.91,Signature,True,2025-11-21T06:38:08.682190,,377
Falcon-padded-512,sign,1024,1,2.5,1,1,0,ip-172-31-41-169,linux,0,7.1266,140.32,Signature,True,2025-11-21T06:38:08.689397,,378
Falcon-padded-512,sign,1024,1,2.5,1,1,0,ip-172-31-41-169,linux,0,12.0596,82.92,Signature,True,2025-11-21T06:38:08.701532,,379
Falcon-padded-512,sign,1024,1,2.5,1,1,0,ip-172-31-41-169,linux,0,7.8409,127.54,Signature,True,2025-11-21T06:38:08.709449,,380
Falcon-padded-512,sign,1024,16,2.5,1,1,0,ip-172-31-41-169,linux,0,7.8513,127.37,Signature,True,2025-11-21T06:38:08.717378,,381
Falcon-padded-512,sign,1024,16,2.5,1,1,0,ip-172-31-41-169,linux,0,10.7389,93.12,Signature,True,2025-11-21T06:38:08.728191,,382
Falcon-padded-512,sign,1024,16,2.5,1,1,0,ip-172-31-41-169,linux,0,8.5965,116.33,Signature,True,2025-11-21T06:38:08.736870,,383
Falcon-padded-512,sign,1024,16,2.5,1,1,0,ip-172-31-41-169,linux,0,10.429,95.89,Signature,True,2025-11-21T06:38:08.747380,,384
Falcon-padded-512,sign,1024,16,2.5,1,1,0,ip-172-31-41-169,linux,0,7.297,137.04,Signature,True,2025-11-21T06:38:08.754755,,385
Falcon-padded-512,sign,1024,64,2.5,1,1,0,ip-172-31-41-169,linux,0,8.9451,111.79,Signature,True,2025-11-21T06:38:08.763777,,386
Falcon-padded-512,sign,1024,64,2.5,1,1,0,ip-172-31-41-169,linux,0,7.1212,140.42,Signature,True,2025-11-21T06:38:08.770976,,387
Falcon-padded-512,sign,1024,64,2.5,1,1,0,ip-172-31-41-169,linux,0,8.7459,114.34,Signature,True,2025-11-21T06:38:08.779796,,388
Falcon-padded-512,sign,1024,64,2.5,1,1,0,ip-172-31-41-169,linux,0,11.3707,87.95,Signature,True,2025-11-21T06:38:08.791242,,389
Falcon-padded-512,sign,1024,64,2.5,1,1,0,ip-172-31-41-169,linux,0,13.4868,74.15,Signature,True,2025-11-21T06:38:08.804806,,390
Falcon-padded-512,verify,0,1,2.5,1,1,0,ip-172-31-41-169,linux,0,15.6171,64.03,Signature,True,2025-11-21T06:38:08.820512,,391
Falcon-padded-512,verify,0,1,2.5,1,1,0,ip-172-31-41-169,linux,0,12.0027,83.31,Signature,True,2025-11-21T06:38:08.832596,,392
Falcon-padded-512,verify,0,1,2.5,1,1,0,ip-172-31-41-169,linux,0,7.5893,131.76,Signature,True,2025-11-21T06:38:08.840263,,393
Falcon-padded-512,verify,0,1,2.5,1,1,0,ip-172-31-41-169,linux,0,9.723,102.85,Signature,True,2025-11-21T06:38:08.850063,,394
Falcon-padded-512,verify,0,1,2.5,1,1,0,ip-172-31-41-169,linux,0,14.4783,69.07,Signature,True,2025-11-21T06:38:08.864619,,395
Falcon-padded-512,verify,0,16,2.5,1,1,0,ip-172-31-41-169,linux,0,7.5896,131.76,Signature,True,2025-11-21T06:38:08.872291,,396
Falcon-padded-512,verify,0,16,2.5,1,1,0,ip-172-31-41-169,linux,0,8.3286,120.07,Signature,True,2025-11-21T06:38:08.880694,,397
Falcon-padded-512,verify,0,16,2.5,1,1,0,ip-172-31-41-169,linux,0,14.0466,71.19,Signature,True,2025-11-21T06:38:08.894818,,398
Falcon-padded-512,verify,0,16,2.5,1,1,0,ip-172-31-41-169,linux,0,9.6512,103.61,Signature,True,2025-11-21T06:38:08.904546,,399
Falcon-padded-512,verify,0,16,2.5,1,1,0,ip-172-31-41-169,linux,0,8.7355,114.47,Signature,True,2025-11-21T06:38:08.913355,,400
Falcon-padded-512,verify,0,64,2.5,1,1,0,ip-172-31-41-169,linux,0,9.7391,102.68,Signature,True,2025-11-21T06:38:08.923214,,401
Falcon-padded-512,verify,0,64,2.5,1,1,0,ip-172-31-41-169,linux,0,9.0376,110.65,Signature,True,2025-11-21T06:38:08.932329,,402
Falcon-padded-512,verify,0,64,2.5,1,1,0,ip-172-31-41-169,linux,0,8.3496,119.77,Signature,True,2025-11-21T06:38:08.940756,,403
Falcon-padded-512,verify,0,64,2.5,1,1,0,ip-172-31-41-169,linux,0,9.8859,101.15,Signature,True,2025-11-21T06:38:08.950720,,404
Falcon-padded-512,verify,0,64,2.5,1,1,0,ip-172-31-41-169,linux,0,7.377,135.56,Signature,True,2025-11-21T06:38:08.958174,,405
Falcon-padded-512,verify,1024,1,2.5,1,1,0,ip-172-31-41-169,linux,0,9.9406,100.6,Signature,True,2025-11-21T06:38:08.968195,,406
Falcon-padded-512,verify,1024,1,2.5,1,1,0,ip-172-31-41-169,linux,0,7.5686,132.13,Signature,True,2025-11-21T06:38:08.975841,,407
Falcon-padded-512,verify,1024,1,2.5,1,1,0,ip-172-31-41-169,linux,0,10.1826,98.21,Signature,True,2025-11-21T06:38:08.986098,,408
Falcon-padded-512,verify,1024,1,2.5,1,1,0,ip-172-31-41-169,linux,0,7.136,140.13,Signature,True,2025-11-21T06:38:08.993327,,409
Falcon-padded-512,verify,1024,1,2.5,1,1,0,ip-172-31-41-169,linux,0,9.7105,102.98,Signature,True,2025-11-21T06:38:09.003109,,410
Falcon-padded-512,verify,1024,16,2.5,1,1,0,ip-172-31-41-169,linux,0,16.1634,61.87,Signature,True,2025-11-21T06:38:09.019356,,411
Falcon-padded-512,verify,1024,16,2.5,1,1,0,ip-172-31-41-169,linux,0,13.7432,72.76,Signature,True,2025-11-21T06:38:09.033185,,412
Falcon-padded-512,verify,1024,16,2.5,1,1,0,ip-172-31-41-169,linux,0,8.0882,123.64,Signature,True,2025-11-21T06:38:09.041354,,413
Falcon-padded-512,verify,1024,16,2.5,1,1,0,ip-172-31-41-169,linux,0,7.5796,131.93,Signature,True,2025-11-21T06:38:09.049011,,414
Falcon-padded-512,verify,1024,16,2.5,1,1,0,ip-172-31-41-169,linux,0,8.7989,113.65,Signature,True,2025-11-21T06:38:09.057886,,415
Falcon-padded-512,verify,1024,64,2.5,1,1,0,ip-172-31-41-169,linux,0,8.3872,119.23,Signature,True,2025-11-21T06:38:09.066351,,416
Falcon-padded-512,verify,1024,64,2.5,1,1,0,ip-172-31-41-169,linux,0,8.5317,117.21,Signature,True,2025-11-21T06:38:09.074959,,417
Falcon-padded-512,verify,1024,64,2.5,1,1,0,ip-172-31-41-169,linux,0,8.3135,120.29,Signature,True,2025-11-21T06:38:09.083347,,418
Falcon-padded-512,verify,1024,64,2.5,1,1,0,ip-172-31-41-169,linux,0,9.1434,109.37,Signature,True,2025-11-21T06:38:09.092563,,419
Falcon-padded-512,verify,1024,64,2.5,1,1,0,ip-172-31-41-169,linux,0,7.3499,136.06,Signature,True,2025-11-21T06:38:09.099980,,420
MAYO-1,sign,0,1,2.5,1,1,0,ip-172-31-41-169,linux,0,0.7938,1259.7,Signature,True,2025-11-21T06:38:09.100868,,421
MAYO-1,sign,0,1,2.5,1,1,0,ip-172-31-41-169,linux,0,0.5037,1985.33,Signature,True,2025-11-21T06:38:09.101425,,422
MAYO-1,sign,0,1,2.5,1,1,0,ip-172-31-41-169,linux,0,0.4792,2086.64,Signature,True,2025-11-21T06:38:09.101948,,423
MAYO-1,sign,0,1,2.5,1,1,0,ip-172-31-41-169,linux,0,0.4905,2038.89,Signature,True,2025-11-21T06:38:09.102480,,424
MAYO-1,sign,0,1,2.5,1,1,0,ip-172-31-41-169,linux,0,0.4937,2025.32,Signature,True,2025-11-21T06:38:09.103015,,425
MAYO-1,sign,0,16,2.5,1,1,0,ip-172-31-41-169,linux,0,0.4893,2043.75,Signature,True,2025-11-21T06:38:09.103548,,426
MAYO-1,sign,0,16,2.5,1,1,0,ip-172-31-41-169,linux,0,0.4861,2057.02,Signature,True,2025-11-21T06:38:09.104075,,427
MAYO-1,sign,0,16,2.5,1,1,0,ip-172-31-41-169,linux,0,0.4918,2033.33,Signature,True,2025-11-21T06:38:09.104607,,428
MAYO-1,sign,0,16,2.5,1,1,0,ip-172-31-41-169,linux,0,0.4771,2096.03,Signature,True,2025-11-21T06:38:09.105124,,429
MAYO-1,sign,0,16,2.5,1,1,0,ip-172-31-41-169,linux,0,0.4789,2088.3,Signature,True,2025-11-21T06:38:09.105658,,430
MAYO-1,sign,0,64,2.5,1,1,0,ip-172-31-41-169,linux,0,0.4869,2053.88,Signature,True,2025-11-21T06:38:09.106185,,431
MAYO-1,sign,0,64,2.5,1,1,0,ip-172-31-41-169,linux,0,0.4748,2106.11,Signature,True,2025-11-21T06:38:09.106698,,432
MAYO-1,sign,0,64,2.5,1,1,0,ip-172-31-41-169,linux,0,0.4861,2057.24,Signature,True,2025-11-21T06:38:09.107223,,433
MAYO-1,sign,0,64,2.5,1,1,0,ip-172-31-41-169,linux,0,0.4758,2101.58,Signature,True,2025-11-21T06:38:09.107737,,434
MAYO-1,sign,0,64,2.5,1,1,0,ip-172-31-41-169,linux,0,0.4938,2025.01,Signature,True,2025-11-21T06:38:09.108269,,435
MAYO-1,sign,1024,1,2.5,1,1,0,ip-172-31-41-169,linux,0,0.4868,2054.26,Signature,True,2025-11-21T06:38:09.108797,,436
MAYO-1,sign,1024,1,2.5,1,1,0,ip-172-31-41-169,linux,0,0.4936,2025.73,Signature,True,2025-11-21T06:38:09.109331,,437
MAYO-1,sign,1024,1,2.5,1,1,0,ip-172-31-41-169,linux,0,0.482,2074.69,Signature,True,2025-11-21T06:38:09.109852,,438
MAYO-1,sign,1024,1,2.5,1,1,0,ip-172-31-41-169,linux,0,0.4911,2036.25,Signature,True,2025-11-21T06:38:09.110382,,439
MAYO-1,sign,1024,1,2.5,1,1,0,ip-172-31-41-169,linux,0,0.4818,2075.56,Signature,True,2025-11-21T06:38:09.110903,,440
MAYO-1,sign,1024,16,2.5,1,1,0,ip-172-31-41-169,linux,0,0.49,2040.93,Signature,True,2025-11-21T06:38:09.111434,,441
MAYO-1,sign,1024,16,2.5,1,1,0,ip-172-31-41-169,linux,0,0.4811,2078.62,Signature,True,2025-11-21T06:38:09.111954,,442
MAYO-1,sign,1024,16,2.5,1,1,0,ip-172-31-41-169,linux,0,0.4977,2009.17,Signature,True,2025-11-21T06:38:09.112491,,443
MAYO-1,sign,1024,16,2.5,1,1,0,ip-172-31-41-169,linux,0,0.4818,2075.67,Signature,True,2025-11-21T06:38:09.113011,,444
MAYO-1,sign,1024,16,2.5,1,1,0,ip-172-31-41-169,linux,0,0.4929,2028.69,Signature,True,2025-11-21T06:38:09.113542,,445
MAYO-1,sign,1024,64,2.5,1,1,0,ip-172-31-41-169,linux,0,0.4818,2075.62,Signature,True,2025-11-21T06:38:09.114064,,446
MAYO-1,sign,1024,64,2.5,1,1,0,ip-172-31-41-169,linux,0,0.4912,2035.76,Signature,True,2025-11-21T06:38:09.114595,,447
MAYO-1,sign,1024,64,2.5,1,1,0,ip-172-31-41-169,linux,0,0.48,2083.42,Signature,True,2025-11-21T06:38:09.115114,,448
MAYO-1,sign,1024,64,2.5,1,1,0,ip-172-31-41-169,linux,0,0.4815,2076.93,Signature,True,2025-11-21T06:38:09.115651,,449
MAYO-1,sign,1024,64,2.5,1,1,0,ip-172-31-41-169,linux,0,0.5121,1952.57,Signature,True,2025-11-21T06:38:09.116202,,450
MAYO-1,verify,0,1,2.5,1,1,0,ip-172-31-41-169,linux,0,0.48,2083.37,Signature,True,2025-11-21T06:38:09.116730,,451
MAYO-1,verify,0,1,2.5,1,1,0,ip-172-31-41-169,linux,0,0.4875,2051.29,Signature,True,2025-11-21T06:38:09.117257,,452
MAYO-1,verify,0,1,2.5,1,1,0,ip-172-31-41-169,linux,0,0.4767,2097.72,Signature,True,2025-11-21T06:38:09.117774,,453
MAYO-1,verify,0,1,2.5,1,1,0,ip-172-31-41-169,linux,0,0.4866,2054.95,Signature,True,2025-11-21T06:38:09.118299,,454
MAYO-1,verify,0,1,2.5,1,1,0,ip-172-31-41-169,linux,0,0.4756,2102.79,Signature,True,2025-11-21T06:38:09.118813,,455
MAYO-1,verify,0,16,2.5,1,1,0,ip-172-31-41-169,linux,0,0.4859,2058.13,Signature,True,2025-11-21T06:38:09.119339,,456
MAYO-1,verify,0,16,2.5,1,1,0,ip-172-31-41-169,linux,0,0.4771,2095.86,Signature,True,2025-11-21T06:38:09.119854,,457
MAYO-1,verify,0,16,2.5,1,1,0,ip-172-31-41-169,linux,0,0.4986,2005.75,Signature,True,2025-11-21T06:38:09.120391,,458
MAYO-1,verify,0,16,2.5,1,1,0,ip-172-31-41-169,linux,0,0.4761,2100.6,Signature,True,2025-11-21T06:38:09.120906,,459
MAYO-1,verify,0,16,2.5,1,1,0,ip-172-31-41-169,linux,0,0.5009,1996.22,Signature,True,2025-11-21T06:38:09.121456,,460
MAYO-1,verify,0,64,2.5,1,1,0,ip-172-31-41-169,linux,0,0.4773,2094.93,Signature,True,2025-11-21T06:38:09.121975,,461
MAYO-1,verify,0,64,2.5,1,1,0,ip-172-31-41-169,linux,0,0.4862,2056.98,Signature,True,2025-11-21T06:38:09.122500,,462
MAYO-1,verify,0,64,2.5,1,1,0,ip-172-31-41-169,linux,0,0.4763,2099.65,Signature,True,2025-11-21T06:38:09.123015,,463
MAYO-1,verify,0,64,2.5,1,1,0,ip-172-31-41-169,linux,0,0.4874,2051.84,Signature,True,2025-11-21T06:38:09.123539,,464
MAYO-1,verify,0,64,2.5,1,1,0,ip-172-31-41-169,linux,0,0.4828,2071.29,Signature,True,2025-11-21T06:38:09.124061,,465
MAYO-1,verify,1024,1,2.5,1,1,0,ip-172-31-41-169,linux,0,0.491,2036.62,Signature,True,2025-11-21T06:38:09.124591,,466
MAYO-1,verify,1024,1,2.5,1,1,0,ip-172-31-41-169,linux,0,0.482,2074.48,Signature,True,2025-11-21T06:38:09.125111,,467
MAYO-1,verify,1024,1,2.5,1,1,0,ip-172-31-41-169,linux,0,0.4834,2068.54,Signature,True,2025-11-21T06:38:09.125650,,468
MAYO-1,verify,1024,1,2.5,1,1,0,ip-172-31-41-169,linux,0,0.5112,1956.19,Signature,True,2025-11-21T06:38:09.126245,,469
MAYO-1,verify,1024,1,2.5,1,1,0,ip-172-31-41-169,linux,0,0.4863,2056.16,Signature,True,2025-11-21T06:38:09.126773,,470
MAYO-1,verify,1024,16,2.5,1,1,0,ip-172-31-41-169,linux,0,0.4932,2027.55,Signature,True,2025-11-21T06:38:09.127307,,471
MAYO-1,verify,1024,16,2.5,1,1,0,ip-172-31-41-169,linux,0,0.4801,2083.06,Signature,True,2025-11-21T06:38:09.127825,,472
MAYO-1,verify,1024,16,2.5,1,1,0,ip-172-31-41-169,linux,0,0.5025,1990.19,Signature,True,2025-11-21T06:38:09.128366,,473
MAYO-1,verify,1024,16,2.5,1,1,0,ip-172-31-41-169,linux,0,0.482,2074.66,Signature,True,2025-11-21T06:38:09.128887,,474
MAYO-1,verify,1024,16,2.5,1,1,0,ip-172-31-41-169,linux,0,0.4925,2030.42,Signature,True,2025-11-21T06:38:09.129418,,475
MAYO-1,verify,1024,64,2.5,1,1,0,ip-172-31-41-169,linux,0,0.4816,2076.58,Signature,True,2025-11-21T06:38:09.129939,,476
MAYO-1,verify,1024,64,2.5,1,1,0,ip-172-31-41-169,linux,0,0.5185,1928.76,Signature,True,2025-11-21T06:38:09.130495,,477
MAYO-1,verify,1024,64,2.5,1,1,0,ip-172-31-41-169,linux,0,0.4797,2084.82,Signature,True,2025-11-21T06:38:09.131012,,478
MAYO-1,verify,1024,64,2.5,1,1,0,ip-172-31-41-169,linux,0,0.4923,2031.25,Signature,True,2025-11-21T06:38:09.131542,,479
MAYO-1,verify,1024,64,2.5,1,1,0,ip-172-31-41-169,linux,0,0.4893,2043.76,Signature,True,2025-11-21T06:38:09.132070,,480
MAYO-2,sign,0,1,2.5,1,1,0,ip-172-31-41-169,linux,0,0.3823,2615.46,Signature,True,2025-11-21T06:38:09.132501,,481
MAYO-2,sign,0,1,2.5,1,1,0,ip-172-31-41-169,linux,0,0.283,3533.88,Signature,True,2025-11-21T06:38:09.132828,,482
MAYO-2,sign,0,1,2.5,1,1,0,ip-172-31-41-169,linux,0,0.2654,3767.56,Signature,True,2025-11-21T06:38:09.133133,,483
MAYO-2,sign,0,1,2.5,1,1,0,ip-172-31-41-169,linux,0,0.2656,3765.23,Signature,True,2025-11-21T06:38:09.133455,,484
MAYO-2,sign,0,1,2.5,1,1,0,ip-172-31-41-169,linux,0,0.2623,3813.02,Signature,True,2025-11-21T06:38:09.133755,,485
MAYO-2,sign,0,16,2.5,1,1,0,ip-172-31-41-169,linux,0,0.2618,3819.55,Signature,True,2025-11-21T06:38:09.134054,,486
MAYO-2,sign,0,16,2.5,1,1,0,ip-172-31-41-169,linux,0,0.2743,3645.3,Signature,True,2025-11-21T06:38:09.134365,,487
MAYO-2,sign,0,16,2.5,1,1,0,ip-172-31-41-169,linux,0,0.2626,3808.1,Signature,True,2025-11-21T06:38:09.134664,,488
MAYO-2,sign,0,16,2.5,1,1,0,ip-172-31-41-169,linux,0,0.2608,3834.06,Signature,True,2025-11-21T06:38:09.134960,,489
MAYO-2,sign,0,16,2.5,1,1,0,ip-172-31-41-169,linux,0,0.2847,3512.99,Signature,True,2025-11-21T06:38:09.135280,,490
MAYO-2,sign,0,64,2.5,1,1,0,ip-172-31-41-169,linux,0,0.2605,3838.46,Signature,True,2025-11-21T06:38:09.135577,,491
MAYO-2,sign,0,64,2.5,1,1,0,ip-172-31-41-169,linux,0,0.2602,3843.45,Signature,True,2025-11-21T06:38:09.135873,,492
MAYO-2,sign,0,64,2.5,1,1,0,ip-172-31-41-169,linux,0,0.2799,3573.16,Signature,True,2025-11-21T06:38:09.136188,,493
MAYO-2,sign,0,64,2.5,1,1,0,ip-172-31-41-169,linux,0,0.2792,3581.76,Signature,True,2025-11-21T06:38:09.136506,,494
MAYO-2,sign,0,64,2.5,1,1,0,ip-172-31-41-169,linux,0,0.2607,3835.61,Signature,True,2025-11-21T06:38:09.136801,,495
MAYO-2,sign,1024,1,2.5,1,1,0,ip-172-31-41-169,linux,0,0.3155,3169.81,Signature,True,2025-11-21T06:38:09.137155,,496
MAYO-2,sign,1024,1,2.5,1,1,0,ip-172-31-41-169,linux,0,0.2718,3678.77,Signature,True,2025-11-21T06:38:09.137467,,497
MAYO-2,sign,1024,1,2.5,1,1,0,ip-172-31-41-169,linux,0,0.2679,3732.21,Signature,True,2025-11-21T06:38:09.137772,,498
MAYO-2,sign,1024,1,2.5,1,1,0,ip-172-31-41-169,linux,0,0.3656,2734.98,Signature,True,2025-11-21T06:38:09.138178,,499
MAYO-2,sign,1024,1,2.5,1,1,0,ip-172-31-41-169,linux,0,0.2671,3744.55,Signature,True,2025-11-21T06:38:09.138481,,500
MAYO-2,sign,1024,16,2.5,1,1,0,ip-172-31-41-169,linux,0,0.2667,3749.59,Signature,True,2025-11-21T06:38:09.138784,,501
MAYO-2,sign,1024,16,2.5,1,1,0,ip-172-31-41-169,linux,0,0.2668,3747.87,Signature,True,2025-11-21T06:38:09.139087,,502
MAYO-2,sign,1024,16,2.5,1,1,0,ip-172-31-41-169,linux,0,0.2862,3493.9,Signature,True,2025-11-21T06:38:09.139409,,503
MAYO-2,sign,1024,16,2.5,1,1,0,ip-172-31-41-169,linux,0,0.2674,3740.3,Signature,True,2025-11-21T06:38:09.139714,,504
MAYO-2,sign,1024,16,2.5,1,1,0,ip-172-31-41-169,linux,0,0.266,3759.82,Signature,True,2025-11-21T06:38:09.140015,,505
MAYO-2,sign,1024,64,2.5,1,1,0,ip-172-31-41-169,linux,0,0.2889,3461.99,Signature,True,2025-11-21T06:38:09.140348,,506
MAYO-2,sign,1024,64,2.5,1,1,0,ip-172-31-41-169,linux,0,0.267,3745.92,Signature,True,2025-11-21T06:38:09.140653,,507
MAYO-2,sign,1024,64,2.5,1,1,0,ip-172-31-41-169,linux,0,0.2658,3762.43,Signature,True,2025-11-21T06:38:09.140954,,508
MAYO-2,sign,1024,64,2.5,1,1,0,ip-172-31-41-169,linux,0,0.2789,3586.16,Signature,True,2025-11-21T06:38:09.141269,,509
MAYO-2,sign,1024,64,2.5,1,1,0,ip-172-31-41-169,linux,0,0.2665,3752.67,Signature,True,2025-11-21T06:38:09.141571,,510
MAYO-2,verify,0,1,2.5,1,1,0,ip-172-31-41-169,linux,0,0.2666,3751.08,Signature,True,2025-11-21T06:38:09.141888,,511
MAYO-2,verify,0,1,2.5,1,1,0,ip-172-31-41-169,linux,0,0.2728,3665.17,Signature,True,2025-11-21T06:38:09.142197,,512
MAYO-2,verify,0,1,2.5,1,1,0,ip-172-31-41-169,linux,0,0.2608,3834.84,Signature,True,2025-11-21T06:38:09.142493,,513
MAYO-2,verify,0,1,2.5,1,1,0,ip-172-31-41-169,linux,0,0.2597,3849.87,Signature,True,2025-11-21T06:38:09.142788,,514
MAYO-2,verify,0,1,2.5,1,1,0,ip-172-31-41-169,linux,0,0.2905,3442.74,Signature,True,2025-11-21T06:38:09.143114,,515
MAYO-2,verify,0,16,2.5,1,1,0,ip-172-31-41-169,linux,0,0.2652,3770.92,Signature,True,2025-11-21T06:38:09.143436,,516
MAYO-2,verify,0,16,2.5,1,1,0,ip-172-31-41-169,linux,0,0.2611,3829.42,Signature,True,2025-11-21T06:38:09.143734,,517
MAYO-2,verify,0,16,2.5,1,1,0,ip-172-31-41-169,linux,0,0.261,3831.12,Signature,True,2025-11-21T06:38:09.144031,,518
MAYO-2,verify,0,16,2.5,1,1,0,ip-172-31-41-169,linux,0,0.2749,3637.45,Signature,True,2025-11-21T06:38:09.144352,,519
MAYO-2,verify,0,16,2.5,1,1,0,ip-172-31-41-169,linux,0,0.2617,3821.18,Signature,True,2025-11-21T06:38:09.144650,,520
MAYO-2,verify,0,64,2.5,1,1,0,ip-172-31-41-169,linux,0,0.2617,3821.83,Signature,True,2025-11-21T06:38:09.144949,,521
MAYO-2,verify,0,64,2.5,1,1,0,ip-172-31-41-169,linux,0,0.275,3635.81,Signature,True,2025-11-21T06:38:09.145260,,522
MAYO-2,verify,0,64,2.5,1,1,0,ip-172-31-41-169,linux,0,0.2611,3830.49,Signature,True,2025-11-21T06:38:09.145558,,523
MAYO-2,verify,0,64,2.5,1,1,0,ip-172-31-41-169,linux,0,0.2609,3833.28,Signature,True,2025-11-21T06:38:09.145854,,524
MAYO-2,verify,0,64,2.5,1,1,0,ip-172-31-41-169,linux,0,0.2711,3689.22,Signature,True,2025-11-21T06:38:09.146161,,525
MAYO-2,verify,1024,1,2.5,1,1,0,ip-172-31-41-169,linux,0,0.2688,3720.85,Signature,True,2025-11-21T06:38:09.146467,,526
MAYO-2,verify,1024,1,2.5,1,1,0,ip-172-31-41-169,linux,0,0.2665,3752.02,Signature,True,2025-11-21T06:38:09.146769,,527
MAYO-2,verify,1024,1,2.5,1,1,0,ip-172-31-41-169,linux,0,0.2662,3756.69,Signature,True,2025-11-21T06:38:09.147071,,528
MAYO-2,verify,1024,1,2.5,1,1,0,ip-172-31-41-169,linux,0,0.2793,3579.74,Signature,True,2025-11-21T06:38:09.147386,,529
MAYO-2,verify,1024,1,2.5,1,1,0,ip-172-31-41-169,linux,0,0.2656,3764.96,Signature,True,2025-11-21T06:38:09.147688,,530
MAYO-2,verify,1024,16,2.5,1,1,0,ip-172-31-41-169,linux,0,0.265,3773.36,Signature,True,2025-11-21T06:38:09.147990,,531
MAYO-2,verify,1024,16,2.5,1,1,0,ip-172-31-41-169,linux,0,0.3174,3150.4,Signature,True,2025-11-21T06:38:09.148344,,532
MAYO-2,verify,1024,16,2.5,1,1,0,ip-172-31-41-169,linux,0,0.2697,3708.21,Signature,True,2025-11-21T06:38:09.148656,,533
MAYO-2,verify,1024,16,2.5,1,1,0,ip-172-31-41-169,linux,0,0.2673,3740.93,Signature,True,2025-11-21T06:38:09.148961,,534
MAYO-2,verify,1024,16,2.5,1,1,0,ip-172-31-41-169,linux,0,0.2786,3588.87,Signature,True,2025-11-21T06:38:09.149275,,535
MAYO-2,verify,1024,64,2.5,1,1,0,ip-172-31-41-169,linux,0,0.2669,3746.3,Signature,True,2025-11-21T06:38:09.149578,,536
MAYO-2,verify,1024,64,2.5,1,1,0,ip-172-31-41-169,linux,0,0.2657,3763.44,Signature,True,2025-11-21T06:38:09.149880,,537
MAYO-2,verify,1024,64,2.5,1,1,0,ip-172-31-41-169,linux,0,0.2817,3549.31,Signature,True,2025-11-21T06:38:09.150239,,538
MAYO-2,verify,1024,64,2.5,1,1,0,ip-172-31-41-169,linux,0,0.2674,3739.98,Signature,True,2025-11-21T06:38:09.150543,,539
MAYO-2,verify,1024,64,2.5,1,1,0,ip-172-31-41-169,linux,0,0.2655,3765.84,Signature,True,2025-11-21T06:38:09.150845,,540
MAYO-3,sign,0,1,2.5,1,1,0,ip-172-31-41-169,linux,0,1.305,766.28,Signature,True,2025-11-21T06:38:09.152202,,541
MAYO-3,sign,0,1,2.5,1,1,0,ip-172-31-41-169,linux,0,0.994,1006.03,Signature,True,2025-11-21T06:38:09.153247,,542
MAYO-3,sign,0,1,2.5,1,1,0,ip-172-31-41-169,linux,0,0.9807,1019.67,Signature,True,2025-11-21T06:38:09.154298,,543
MAYO-3,sign,0,1,2.5,1,1,0,ip-172-31-41-169,linux,0,0.9738,1026.91,Signature,True,2025-11-21T06:38:09.155317,,544
MAYO-3,sign,0,1,2.5,1,1,0,ip-172-31-41-169,linux,0,0.9854,1014.83,Signature,True,2025-11-21T06:38:09.156345,,545
MAYO-3,sign,0,16,2.5,1,1,0,ip-172-31-41-169,linux,0,0.9752,1025.44,Signature,True,2025-11-21T06:38:09.157366,,546
MAYO-3,sign,0,16,2.5,1,1,0,ip-172-31-41-169,linux,0,0.9743,1026.42,Signature,True,2025-11-21T06:38:09.158383,,547
MAYO-3,sign,0,16,2.5,1,1,0,ip-172-31-41-169,linux,0,0.9727,1028.05,Signature,True,2025-11-21T06:38:09.159398,,548
MAYO-3,sign,0,16,2.5,1,1,0,ip-172-31-41-169,linux,0,1.0151,985.16,Signature,True,2025-11-21T06:38:09.160456,,549
MAYO-3,sign,0,16,2.5,1,1,0,ip-172-31-41-169,linux,0,1.0047,995.34,Signature,True,2025-11-21T06:38:09.161506,,550
MAYO-3,sign,0,64,2.5,1,1,0,ip-172-31-41-169,linux,0,0.9879,1012.29,Signature,True,2025-11-21T06:38:09.162539,,551
MAYO-3,sign,0,64,2.5,1,1,0,ip-172-31-41-169,linux,0,1.0009,999.13,Signature,True,2025-11-21T06:38:09.163585,,552
MAYO-3,sign,0,64,2.5,1,1,0,ip-172-31-41-169,linux,0,0.9958,1004.2,Signature,True,2025-11-21T06:38:09.164625,,553
MAYO-3,sign,0,64,2.5,1,1,0,ip-172-31-41-169,linux,0,0.9968,1003.25,Signature,True,2025-11-21T06:38:09.165668,,554
MAYO-3,sign,0,64,2.5,1,1,0,ip-172-31-41-169,linux,0,0.9853,1014.96,Signature,True,2025-11-21T06:38:09.166698,,555
MAYO-3,sign,1024,1,2.5,1,1,0,ip-172-31-41-169,linux,0,0.989,1011.14,Signature,True,2025-11-21T06:38:09.167733,,556
MAYO-3,sign,1024,1,2.5,1,1,0,ip-172-31-41-169,linux,0,0.996,1003.99,Signature,True,2025-11-21T06:38:09.168773,,557
MAYO-3,sign,1024,1,2.5,1,1,0,ip-172-31-41-169,linux,0,0.9881,1012.02,Signature,True,2025-11-21T06:38:09.169806,,558
MAYO-3,sign,1024,1,2.5,1,1,0,ip-172-31-41-169,linux,0,0.9936,1006.49,Signature,True,2025-11-21T06:38:09.170843,,559
MAYO-3,sign,1024,1,2.5,1,1,0,ip-172-31-41-169,linux,0,0.9994,1000.63,Signature,True,2025-11-21T06:38:09.171888,,560
MAYO-3,sign,1024,16,2.5,1,1,0,ip-172-31-41-169,linux,0,0.9999,1000.13,Signature,True,2025-11-21T06:38:09.172934,,561
MAYO-3,sign,1024,16,2.5,1,1,0,ip-172-31-41-169,linux,0,0.9876,1012.51,Signature,True,2025-11-21T06:38:09.173971,,562
MAYO-3,sign,1024,16,2.5,1,1,0,ip-172-31-41-169,linux,0,0.9851,1015.14,Signature,True,2025-11-21T06:38:09.175001,,563
MAYO-3,sign,1024,16,2.5,1,1,0,ip-172-31-41-169,linux,0,1.0203,980.13,Signature,True,2025-11-21T06:38:09.176067,,564
MAYO-3,sign,1024,16,2.5,1,1,0,ip-172-31-41-169,linux,0,1.0091,991.02,Signature,True,2025-11-21T06:38:09.177122,,565
MAYO-3,sign,1024,64,2.5,1,1,0,ip-172-31-41-169,linux,0,0.9924,1007.63,Signature,True,2025-11-21T06:38:09.178180,,566
MAYO-3,sign,1024,64,2.5,1,1,0,ip-172-31-41-169,linux,0,0.9878,1012.32,Signature,True,2025-11-21T06:38:09.179212,,567
MAYO-3,sign,1024,64,2.5,1,1,0,ip-172-31-41-169,linux,0,0.9991,1000.92,Signature,True,2025-11-21T06:38:09.180258,,568
MAYO-3,sign,1024,64,2.5,1,1,0,ip-172-31-41-169,linux,0,1.0145,985.67,Signature,True,2025-11-21T06:38:09.181318,,569
MAYO-3,sign,1024,64,2.5,1,1,0,ip-172-31-41-169,linux,0,0.9906,1009.53,Signature,True,2025-11-21T06:38:09.182354,,570
MAYO-3,verify,0,1,2.5,1,1,0,ip-172-31-41-169,linux,0,1.0066,993.41,Signature,True,2025-11-21T06:38:09.183413,,571
MAYO-3,verify,0,1,2.5,1,1,0,ip-172-31-41-169,linux,0,0.9986,1001.44,Signature,True,2025-11-21T06:38:09.184459,,572
MAYO-3,verify,0,1,2.5,1,1,0,ip-172-31-41-169,linux,0,0.9999,1000.13,Signature,True,2025-11-21T06:38:09.185507,,573
MAYO-3,verify,0,1,2.5,1,1,0,ip-172-31-41-169,linux,0,0.9984,1001.61,Signature,True,2025-11-21T06:38:09.186550,,574
MAYO-3,verify,0,1,2.5,1,1,0,ip-172-31-41-169,linux,0,0.9836,1016.62,Signature,True,2025-11-21T06:38:09.187578,,575
MAYO-3,verify,0,16,2.5,1,1,0,ip-172-31-41-169,linux,0,0.9986,1001.36,Signature,True,2025-11-21T06:38:09.188623,,576
MAYO-3,verify,0,16,2.5,1,1,0,ip-172-31-41-169,linux,0,0.991,1009.06,Signature,True,2025-11-21T06:38:09.189659,,577
MAYO-3,verify,0,16,2.5,1,1,0,ip-172-31-41-169,linux,0,0.9882,1011.92,Signature,True,2025-11-21T06:38:09.190693,,578
MAYO-3,verify,0,16,2.5,1,1,0,ip-172-31-41-169,linux,0,0.9836,1016.71,Signature,True,2025-11-21T06:38:09.191721,,579
MAYO-3,verify,0,16,2.5,1,1,0,ip-172-31-41-169,linux,0,1.025,975.62,Signature,True,2025-11-21T06:38:09.192790,,580
MAYO-3,verify,0,64,2.5,1,1,0,ip-172-31-41-169,linux,0,0.9843,1015.9,Signature,True,2025-11-21T06:38:09.193820,,581
MAYO-3,verify,0,64,2.5,1,1,0,ip-172-31-41-169,linux,0,0.9879,1012.29,Signature,True,2025-11-21T06:38:09.194851,,582
MAYO-3,verify,0,64,2.5,1,1,0,ip-172-31-41-169,linux,0,0.9825,1017.85,Signature,True,2025-11-21T06:38:09.195881,,583
MAYO-3,verify,0,64,2.5,1,1,0,ip-172-31-41-169,linux,0,1.009,991.07,Signature,True,2025-11-21T06:38:09.196935,,584
MAYO-3,verify,0,64,2.5,1,1,0,ip-172-31-41-169,linux,0,0.9923,1007.75,Signature,True,2025-11-21T06:38:09.197976,,585
MAYO-3,verify,1024,1,2.5,1,1,0,ip-172-31-41-169,linux,0,0.9926,1007.49,Signature,True,2025-11-21T06:38:09.199015,,586
MAYO-3,verify,1024,1,2.5,1,1,0,ip-172-31-41-169,linux,0,0.9861,1014.12,Signature,True,2025-11-21T06:38:09.200053,,587
MAYO-3,verify,1024,1,2.5,1,1,0,ip-172-31-41-169,linux,0,1.0412,960.46,Signature,True,2025-11-21T06:38:09.201156,,588
MAYO-3,verify,1024,1,2.5,1,1,0,ip-172-31-41-169,linux,0,1.1893,840.82,Signature,True,2025-11-21T06:38:09.202390,,589
MAYO-3,verify,1024,1,2.5,1,1,0,ip-172-31-41-169,linux,0,1.0791,926.7,Signature,True,2025-11-21T06:38:09.203514,,590
MAYO-3,verify,1024,16,2.5,1,1,0,ip-172-31-41-169,linux,0,1.0022,997.79,Signature,True,2025-11-21T06:38:09.204562,,591
MAYO-3,verify,1024,16,2.5,1,1,0,ip-172-31-41-169,linux,0,0.9897,1010.36,Signature,True,2025-11-21T06:38:09.205597,,592
MAYO-3,verify,1024,16,2.5,1,1,0,ip-172-31-41-169,linux,0,0.9882,1011.96,Signature,True,2025-11-21T06:38:09.206629,,593
MAYO-3,verify,1024,16,2.5,1,1,0,ip-172-31-41-169,linux,0,0.9876,1012.55,Signature,True,2025-11-21T06:38:09.207660,,594
MAYO-3,verify,1024,16,2.5,1,1,0,ip-172-31-41-169,linux,0,0.9919,1008.14,Signature,True,2025-11-21T06:38:09.208696,,595
MAYO-3,verify,1024,64,2.5,1,1,0,ip-172-31-41-169,linux,0,0.9868,1013.38,Signature,True,2025-11-21T06:38:09.209727,,596
MAYO-3,verify,1024,64,2.5,1,1,0,ip-172-31-41-169,linux,0,0.9999,1000.11,Signature,True,2025-11-21T06:38:09.210770,,597
MAYO-3,verify,1024,64,2.5,1,1,0,ip-172-31-41-169,linux,0,0.985,1015.25,Signature,True,2025-11-21T06:38:09.211800,,598
MAYO-3,verify,1024,64,2.5,1,1,0,ip-172-31-41-169,linux,0,0.9968,1003.24,Signature,True,2025-11-21T06:38:09.212841,,599
MAYO-3,verify,1024,64,2.5,1,1,0,ip-172-31-41-169,linux,0,1.0063,993.7,Signature,True,2025-11-21T06:38:09.213893,,600
MAYO-5,sign,0,1,2.5,1,1,0,ip-172-31-41-169,linux,0,2.7715,360.82,Signature,True,2025-11-21T06:38:09.216724,,601
MAYO-5,sign,0,1,2.5,1,1,0,ip-172-31-41-169,linux,0,2.262,442.09,Signature,True,2025-11-21T06:38:09.219051,,602
MAYO-5,sign,0,1,2.5,1,1,0,ip-172-31-41-169,linux,0,2.3205,430.94,Signature,True,2025-11-21T06:38:09.221432,,603
MAYO-5,sign,0,1,2.5,1,1,0,ip-172-31-41-169,linux,0,2.2973,435.29,Signature,True,2025-11-21T06:38:09.223789,,604
MAYO-5,sign,0,1,2.5,1,1,0,ip-172-31-41-169,linux,0,2.2748,439.6,Signature,True,2025-11-21T06:38:09.226120,,605
MAYO-5,sign,0,16,2.5,1,1,0,ip-172-31-41-169,linux,0,2.2729,439.96,Signature,True,2025-11-21T06:38:09.228462,,606
MAYO-5,sign,0,16,2.5,1,1,0,ip-172-31-41-169,linux,0,2.2727,440.0,Signature,True,2025-11-21T06:38:09.230790,,607
MAYO-5,sign,0,16,2.5,1,1,0,ip-172-31-41-169,linux,0,2.2918,436.34,Signature,True,2025-11-21T06:38:09.233176,,608
MAYO-5,sign,0,16,2.5,1,1,0,ip-172-31-41-169,linux,0,2.2807,438.45,Signature,True,2025-11-21T06:38:09.235516,,609
MAYO-5,sign,0,16,2.5,1,1,0,ip-172-31-41-169,linux,0,2.2632,441.84,Signature,True,2025-11-21T06:38:09.237841,,610
MAYO-5,sign,0,64,2.5,1,1,0,ip-172-31-41-169,linux,0,2.3006,434.67,Signature,True,2025-11-21T06:38:09.240209,,611
MAYO-5,sign,0,64,2.5,1,1,0,ip-172-31-41-169,linux,0,2.2894,436.8,Signature,True,2025-11-21T06:38:09.242562,,612
MAYO-5,sign,0,64,2.5,1,1,0,ip-172-31-41-169,linux,0,2.2817,438.27,Signature,True,2025-11-21T06:38:09.244908,,613
MAYO-5,sign,0,64,2.5,1,1,0,ip-172-31-41-169,linux,0,2.3057,433.7,Signature,True,2025-11-21T06:38:09.247280,,614
MAYO-5,sign,0,64,2.5,1,1,0,ip-172-31-41-169,linux,0,2.3509,425.36,Signature,True,2025-11-21T06:38:09.249695,,615
MAYO-5,sign,1024,1,2.5,1,1,0,ip-172-31-41-169,linux,0,2.3436,426.69,Signature,True,2025-11-21T06:38:09.252108,,616
MAYO-5,sign,1024,1,2.5,1,1,0,ip-172-31-41-169,linux,0,2.3724,421.52,Signature,True,2025-11-21T06:38:09.254573,,617
MAYO-5,sign,1024,1,2.5,1,1,0,ip-172-31-41-169,linux,0,2.3731,421.39,Signature,True,2025-11-21T06:38:09.257015,,618
MAYO-5,sign,1024,1,2.5,1,1,0,ip-172-31-41-169,linux,0,2.3134,432.27,Signature,True,2025-11-21T06:38:09.259390,,619
MAYO-5,sign,1024,1,2.5,1,1,0,ip-172-31-41-169,linux,0,2.274,439.76,Signature,True,2025-11-21T06:38:09.261725,,620
MAYO-5,sign,1024,16,2.5,1,1,0,ip-172-31-41-169,linux,0,2.288,437.06,Signature,True,2025-11-21T06:38:09.264074,,621
MAYO-5,sign,1024,16,2.5,1,1,0,ip-172-31-41-169,linux,0,2.3343,428.4,Signature,True,2025-11-21T06:38:09.266467,,622
MAYO-5,sign,1024,16,2.5,1,1,0,ip-172-31-41-169,linux,0,2.334,428.44,Signature,True,2025-11-21T06:38:09.268860,,623
MAYO-5,sign,1024,16,2.5,1,1,0,ip-172-31-41-169,linux,0,2.2795,438.69,Signature,True,2025-11-21T06:38:09.271200,,624
MAYO-5,sign,1024,16,2.5,1,1,0,ip-172-31-41-169,linux,0,2.2756,439.44,Signature,True,2025-11-21T06:38:09.273530,,625
MAYO-5,sign,1024,64,2.5,1,1,0,ip-172-31-41-169,linux,0,2.273,439.95,Signature,True,2025-11-21T06:38:09.275860,,626
MAYO-5,sign,1024,64,2.5,1,1,0,ip-172-31-41-169,linux,0,2.2871,437.23,Signature,True,2025-11-21T06:38:09.278203,,627
MAYO-5,sign,1024,64,2.5,1,1,0,ip-172-31-41-169,linux,0,2.2893,436.81,Signature,True,2025-11-21T06:38:09.280549,,628
MAYO-5,sign,1024,64,2.5,1,1,0,ip-172-31-41-169,linux,0,2.2784,438.91,Signature,True,2025-11-21T06:38:09.282887,,629
MAYO-5,sign,1024,64,2.5,1,1,0,ip-172-31-41-169,linux,0,2.2946,435.8,Signature,True,2025-11-21T06:38:09.285246,,630
MAYO-5,verify,0,1,2.5,1,1,0,ip-172-31-41-169,linux,0,2.2576,442.94,Signature,True,2025-11-21T06:38:09.287577,,631
MAYO-5,verify,0,1,2.5,1,1,0,ip-172-31-41-169,linux,0,2.2978,435.2,Signature,True,2025-11-21T06:38:09.289937,,632
MAYO-5,verify,0,1,2.5,1,1,0,ip-172-31-41-169,linux,0,2.2808,438.44,Signature,True,2025-11-21T06:38:09.292280,,633
MAYO-5,verify,0,1,2.5,1,1,0,ip-172-31-41-169,linux,0,2.2536,443.74,Signature,True,2025-11-21T06:38:09.294591,,634
MAYO-5,verify,0,1,2.5,1,1,0,ip-172-31-41-169,linux,0,2.2708,440.36,Signature,True,2025-11-21T06:38:09.296921,,635
MAYO-5,verify,0,16,2.5,1,1,0,ip-172-31-41-169,linux,0,2.2872,437.22,Signature,True,2025-11-21T06:38:09.299269,,636
MAYO-5,verify,0,16,2.5,1,1,0,ip-172-31-41-169,linux,0,2.2713,440.28,Signature,True,2025-11-21T06:38:09.301596,,637
MAYO-5,verify,0,16,2.5,1,1,0,ip-172-31-41-169,linux,0,2.2507,444.32,Signature,True,2025-11-21T06:38:09.303900,,638
MAYO-5,verify,0,16,2.5,1,1,0,ip-172-31-41-169,linux,0,2.2936,435.99,Signature,True,2025-11-21T06:38:09.306247,,639
MAYO-5,verify,0,16,2.5,1,1,0,ip-172-31-41-169,linux,0,2.2681,440.9,Signature,True,2025-11-21T06:38:09.308567,,640
MAYO-5,verify,0,64,2.5,1,1,0,ip-172-31-41-169,linux,0,2.255,443.46,Signature,True,2025-11-21T06:38:09.310874,,641
MAYO-5,verify,0,64,2.5,1,1,0,ip-172-31-41-169,linux,0,2.2652,441.46,Signature,True,2025-11-21T06:38:09.313191,,642
MAYO-5,verify,0,64,2.5,1,1,0,ip-172-31-41-169,linux,0,2.2636,441.77,Signature,True,2025-11-21T06:38:09.315505,,643
MAYO-5,verify,0,64,2.5,1,1,0,ip-172-31-41-169,linux,0,2.2566,443.14,Signature,True,2025-11-21T06:38:09.317817,,644
MAYO-5,verify,0,64,2.5,1,1,0,ip-172-31-41-169,linux,0,2.2538,443.69,Signature,True,2025-11-21T06:38:09.320129,,645
MAYO-5,verify,1024,1,2.5,1,1,0,ip-172-31-41-169,linux,0,2.2652,441.47,Signature,True,2025-11-21T06:38:09.322466,,646
MAYO-5,verify,1024,1,2.5,1,1,0,ip-172-31-41-169,linux,0,2.2894,436.8,Signature,True,2025-11-21T06:38:09.324812,,647
MAYO-5,verify,1024,1,2.5,1,1,0,ip-172-31-41-169,linux,0,2.2722,440.1,Signature,True,2025-11-21T06:38:09.327158,,648
MAYO-5,verify,1024,1,2.5,1,1,0,ip-172-31-41-169,linux,0,2.2675,441.02,Signature,True,2025-11-21T06:38:09.329482,,649
MAYO-5,verify,1024,1,2.5,1,1,0,ip-172-31-41-169,linux,0,2.2469,445.05,Signature,True,2025-11-21T06:38:09.331786,,650
MAYO-5,verify,1024,16,2.5,1,1,0,ip-172-31-41-169,linux,0,2.2578,442.9,Signature,True,2025-11-21T06:38:09.334105,,651
MAYO-5,verify,1024,16,2.5,1,1,0,ip-172-31-41-169,linux,0,2.2875,437.16,Signature,True,2025-11-21T06:38:09.336469,,652
MAYO-5,verify,1024,16,2.5,1,1,0,ip-172-31-41-169,linux,0,2.2577,442.93,Signature,True,2025-11-21T06:38:09.338785,,653
MAYO-5,verify,1024,16,2.5,1,1,0,ip-172-31-41-169,linux,0,2.328,429.56,Signature,True,2025-11-21T06:38:09.341172,,654
MAYO-5,verify,1024,16,2.5,1,1,0,ip-172-31-41-169,linux,0,2.2654,441.43,Signature,True,2025-11-21T06:38:09.343497,,655
MAYO-5,verify,1024,64,2.5,1,1,0,ip-172-31-41-169,linux,0,2.2633,441.83,Signature,True,2025-11-21T06:38:09.345820,,656
MAYO-5,verify,1024,64,2.5,1,1,0,ip-172-31-41-169,linux,0,2.3017,434.47,Signature,True,2025-11-21T06:38:09.348186,,657
MAYO-5,verify,1024,64,2.5,1,1,0,ip-172-31-41-169,linux,0,2.3147,432.01,Signature,True,2025-11-21T06:38:09.350571,,658
MAYO-5,verify,1024,64,2.5,1,1,0,ip-172-31-41-169,linux,0,2.2676,440.99,Signature,True,2025-11-21T06:38:09.352900,,659
MAYO-5,verify,1024,64,2.5,1,1,0,ip-172-31-41-169,linux,0,2.2904,436.61,Signature,True,2025-11-21T06:38:09.355252,,660
ML-DSA-44,sign,0,1,2.5,1,1,0,ip-172-31-41-169,linux,0,0.2749,3637.51,Signature,True,2025-11-21T06:38:09.355599,,661
ML-DSA-44,sign,0,1,2.5,1,1,0,ip-172-31-41-169,linux,0,0.2421,4131.28,Signature,True,2025-11-21T06:38:09.355888,,662
ML-DSA-44,sign,0,1,2.5,1,1,0,ip-172-31-41-169,linux,0,0.3182,3142.93,Signature,True,2025-11-21T06:38:09.356250,,663
ML-DSA-44,sign,0,1,2.5,1,1,0,ip-172-31-41-169,linux,0,0.1639,6100.24,Signature,True,2025-11-21T06:38:09.356461,,664
ML-DSA-44,sign,0,1,2.5,1,1,0,ip-172-31-41-169,linux,0,0.2041,4899.9,Signature,True,2025-11-21T06:38:09.356707,,665
ML-DSA-44,sign,0,16,2.5,1,1,0,ip-172-31-41-169,linux,0,0.1955,5114.36,Signature,True,2025-11-21T06:38:09.356944,,666
ML-DSA-44,sign,0,16,2.5,1,1,0,ip-172-31-41-169,linux,0,0.2189,4569.32,Signature,True,2025-11-21T06:38:09.357204,,667
ML-DSA-44,sign,0,16,2.5,1,1,0,ip-172-31-41-169,linux,0,0.1695,5899.74,Signature,True,2025-11-21T06:38:09.357413,,668
ML-DSA-44,sign,0,16,2.5,1,1,0,ip-172-31-41-169,linux,0,0.2229,4486.54,Signature,True,2025-11-21T06:38:09.357676,,669
ML-DSA-44,sign,0,16,2.5,1,1,0,ip-172-31-41-169,linux,0,0.1588,6297.71,Signature,True,2025-11-21T06:38:09.357875,,670
ML-DSA-44,sign,0,64,2.5,1,1,0,ip-172-31-41-169,linux,0,0.1711,5844.33,Signature,True,2025-11-21T06:38:09.358087,,671
ML-DSA-44,sign,0,64,2.5,1,1,0,ip-172-31-41-169,linux,0,0.2477,4037.76,Signature,True,2025-11-21T06:38:09.358387,,672
ML-DSA-44,sign,0,64,2.5,1,1,0,ip-172-31-41-169,linux,0,0.2033,4918.28,Signature,True,2025-11-21T06:38:09.358630,,673
ML-DSA-44,sign,0,64,2.5,1,1,0,ip-172-31-41-169,linux,0,0.1833,5456.73,Signature,True,2025-11-21T06:38:09.358853,,674
ML-DSA-44,sign,0,64,2.5,1,1,0,ip-172-31-41-169,linux,0,0.1567,6382.76,Signature,True,2025-11-21T06:38:09.359048,,675
ML-DSA-44,sign,1024,1,2.5,1,1,0,ip-172-31-41-169,linux,0,0.2179,4589.81,Signature,True,2025-11-21T06:38:09.359307,,676
ML-DSA-44,sign,1024,1,2.5,1,1,0,ip-172-31-41-169,linux,0,0.1887,5299.0,Signature,True,2025-11-21T06:38:09.359537,,677
ML-DSA-44,sign,1024,1,2.5,1,1,0,ip-172-31-41-169,linux,0,0.2417,4137.55,Signature,True,2025-11-21T06:38:09.359863,,678
ML-DSA-44,sign,1024,1,2.5,1,1,0,ip-172-31-41-169,linux,0,0.2747,3639.74,Signature,True,2025-11-21T06:38:09.360180,,679
ML-DSA-44,sign,1024,1,2.5,1,1,0,ip-172-31-41-169,linux,0,0.2391,4182.89,Signature,True,2025-11-21T06:38:09.360460,,680
ML-DSA-44,sign,1024,16,2.5,1,1,0,ip-172-31-41-169,linux,0,0.1654,6046.1,Signature,True,2025-11-21T06:38:09.360666,,681
ML-DSA-44,sign,1024,16,2.5,1,1,0,ip-172-31-41-169,linux,0,0.2076,4816.38,Signature,True,2025-11-21T06:38:09.360913,,682
ML-DSA-44,sign,1024,16,2.5,1,1,0,ip-172-31-41-169,linux,0,0.2018,4954.54,Signature,True,2025-11-21T06:38:09.361155,,683
ML-DSA-44,sign,1024,16,2.5,1,1,0,ip-172-31-41-169,linux,0,0.2183,4580.45,Signature,True,2025-11-21T06:38:09.361413,,684
ML-DSA-44,sign,1024,16,2.5,1,1,0,ip-172-31-41-169,linux,0,0.3524,2838.02,Signature,True,2025-11-21T06:38:09.361804,,685
ML-DSA-44,sign,1024,64,2.5,1,1,0,ip-172-31-41-169,linux,0,0.1862,5370.57,Signature,True,2025-11-21T06:38:09.362030,,686
ML-DSA-44,sign,1024,64,2.5,1,1,0,ip-172-31-41-169,linux,0,0.2062,4850.79,Signature,True,2025-11-21T06:38:09.362276,,687
ML-DSA-44,sign,1024,64,2.5,1,1,0,ip-172-31-41-169,linux,0,0.2336,4281.23,Signature,True,2025-11-21T06:38:09.362552,,688
ML-DSA-44,sign,1024,64,2.5,1,1,0,ip-172-31-41-169,linux,0,0.1643,6086.02,Signature,True,2025-11-21T06:38:09.362756,,689
ML-DSA-44,sign,1024,64,2.5,1,1,0,ip-172-31-41-169,linux,0,0.2301,4346.41,Signature,True,2025-11-21T06:38:09.363025,,690
ML-DSA-44,verify,0,1,2.5,1,1,0,ip-172-31-41-169,linux,0,0.216,4629.59,Signature,True,2025-11-21T06:38:09.363295,,691
ML-DSA-44,verify,0,1,2.5,1,1,0,ip-172-31-41-169,linux,0,0.1583,6316.64,Signature,True,2025-11-21T06:38:09.363495,,692
ML-DSA-44,verify,0,1,2.5,1,1,0,ip-172-31-41-169,linux,0,0.1734,5767.41,Signature,True,2025-11-21T06:38:09.363710,,693
ML-DSA-44,verify,0,1,2.5,1,1,0,ip-172-31-41-169,linux,0,0.2054,4869.38,Signature,True,2025-11-21T06:38:09.363959,,694
ML-DSA-44,verify,0,1,2.5,1,1,0,ip-172-31-41-169,linux,0,0.252,3967.92,Signature,True,2025-11-21T06:38:09.364251,,695
ML-DSA-44,verify,0,16,2.5,1,1,0,ip-172-31-41-169,linux,0,0.1862,5370.77,Signature,True,2025-11-21T06:38:09.364479,,696
ML-DSA-44,verify,0,16,2.5,1,1,0,ip-172-31-41-169,linux,0,0.1583,6316.32,Signature,True,2025-11-21T06:38:09.364677,,697
ML-DSA-44,verify,0,16,2.5,1,1,0,ip-172-31-41-169,linux,0,0.2039,4903.55,Signature,True,2025-11-21T06:38:09.364920,,698
ML-DSA-44,verify,0,16,2.5,1,1,0,ip-172-31-41-169,linux,0,0.2202,4540.79,Signature,True,2025-11-21T06:38:09.365180,,699
ML-DSA-44,verify,0,16,2.5,1,1,0,ip-172-31-41-169,linux,0,0.3451,2897.77,Signature,True,2025-11-21T06:38:09.365565,,700
ML-DSA-44,verify,0,64,2.5,1,1,0,ip-172-31-41-169,linux,0,0.2229,4486.9,Signature,True,2025-11-21T06:38:09.365828,,701
ML-DSA-44,verify,0,64,2.5,1,1,0,ip-172-31-41-169,linux,0,0.1698,5889.98,Signature,True,2025-11-21T06:38:09.366037,,702
ML-DSA-44,verify,0,64,2.5,1,1,0,ip-172-31-41-169,linux,0,0.1703,5871.44,Signature,True,2025-11-21T06:38:09.366247,,703
ML-DSA-44,verify,0,64,2.5,1,1,0,ip-172-31-41-169,linux,0,0.2231,4483.26,Signature,True,2025-11-21T06:38:09.366509,,704
ML-DSA-44,verify,0,64,2.5,1,1,0,ip-172-31-41-169,linux,0,0.169,5918.18,Signature,True,2025-11-21T06:38:09.366717,,705
ML-DSA-44,verify,1024,1,2.5,1,1,0,ip-172-31-41-169,linux,0,0.1689,5920.0,Signature,True,2025-11-21T06:38:09.366928,,706
ML-DSA-44,verify,1024,1,2.5,1,1,0,ip-172-31-41-169,linux,0,0.2641,3786.49,Signature,True,2025-11-21T06:38:09.367232,,707
ML-DSA-44,verify,1024,1,2.5,1,1,0,ip-172-31-41-169,linux,0,0.2164,4621.5,Signature,True,2025-11-21T06:38:09.367488,,708
ML-DSA-44,verify,1024,1,2.5,1,1,0,ip-172-31-41-169,linux,0,0.1635,6116.28,Signature,True,2025-11-21T06:38:09.367691,,709
ML-DSA-44,verify,1024,1,2.5,1,1,0,ip-172-31-41-169,linux,0,0.1736,5759.07,Signature,True,2025-11-21T06:38:09.367904,,710
ML-DSA-44,verify,1024,16,2.5,1,1,0,ip-172-31-41-169,linux,0,0.2243,4459.15,Signature,True,2025-11-21T06:38:09.368168,,711
ML-DSA-44,verify,1024,16,2.5,1,1,0,ip-172-31-41-169,linux,0,0.1772,5644.77,Signature,True,2025-11-21T06:38:09.368386,,712
ML-DSA-44,verify,1024,16,2.5,1,1,0,ip-172-31-41-169,linux,0,0.2141,4670.58,Signature,True,2025-11-21T06:38:09.368641,,713
ML-DSA-44,verify,1024,16,2.5,1,1,0,ip-172-31-41-169,linux,0,0.1883,5310.31,Signature,True,2025-11-21T06:38:09.368869,,714
ML-DSA-44,verify,1024,16,2.5,1,1,0,ip-172-31-41-169,linux,0,0.2923,3420.8,Signature,True,2025-11-21T06:38:09.369200,,715
ML-DSA-44,verify,1024,64,2.5,1,1,0,ip-172-31-41-169,linux,0,0.2311,4327.54,Signature,True,2025-11-21T06:38:09.369472,,716
ML-DSA-44,verify,1024,64,2.5,1,1,0,ip-172-31-41-169,linux,0,0.1956,5112.4,Signature,True,2025-11-21T06:38:09.369707,,717
ML-DSA-44,verify,1024,64,2.5,1,1,0,ip-172-31-41-169,linux,0,0.1739,5751.09,Signature,True,2025-11-21T06:38:09.369921,,718
ML-DSA-44,verify,1024,64,2.5,1,1,0,ip-172-31-41-169,linux,0,0.2008,4979.73,Signature,True,2025-11-21T06:38:09.370160,,719
ML-DSA-44,verify,1024,64,2.5,1,1,0,ip-172-31-41-169,linux,0,0.2014,4965.05,Signature,True,2025-11-21T06:38:09.370401,,720
ML-DSA-65,sign,0,1,2.5,1,1,0,ip-172-31-41-169,linux,0,0.3213,3112.74,Signature,True,2025-11-21T06:38:09.370778,,721
ML-DSA-65,sign,0,1,2.5,1,1,0,ip-172-31-41-169,linux,0,0.2138,4677.03,Signature,True,2025-11-21T06:38:09.371034,,722
ML-DSA-65,sign,0,1,2.5,1,1,0,ip-172-31-41-169,linux,0,0.2393,4179.66,Signature,True,2025-11-21T06:38:09.371313,,723
ML-DSA-65,sign,0,1,2.5,1,1,0,ip-172-31-41-169,linux,0,0.2435,4106.1,Signature,True,2025-11-21T06:38:09.371597,,724
ML-DSA-65,sign,0,1,2.5,1,1,0,ip-172-31-41-169,linux,0,0.2389,4186.38,Signature,True,2025-11-21T06:38:09.371875,,725
ML-DSA-65,sign,0,16,2.5,1,1,0,ip-172-31-41-169,linux,0,0.2991,3343.11,Signature,True,2025-11-21T06:38:09.372216,,726
ML-DSA-65,sign,0,16,2.5,1,1,0,ip-172-31-41-169,linux,0,0.4724,2116.64,Signature,True,2025-11-21T06:38:09.372731,,727
ML-DSA-65,sign,0,16,2.5,1,1,0,ip-172-31-41-169,linux,0,0.2251,4442.41,Signature,True,2025-11-21T06:38:09.372996,,728
ML-DSA-65,sign,0,16,2.5,1,1,0,ip-172-31-41-169,linux,0,0.3588,2786.98,Signature,True,2025-11-21T06:38:09.373394,,729
ML-DSA-65,sign,0,16,2.5,1,1,0,ip-172-31-41-169,linux,0,0.214,4673.6,Signature,True,2025-11-21T06:38:09.373648,,730
ML-DSA-65,sign,0,64,2.5,1,1,0,ip-172-31-41-169,linux,0,0.3169,3155.16,Signature,True,2025-11-21T06:38:09.374006,,731
ML-DSA-65,sign,0,64,2.5,1,1,0,ip-172-31-41-169,linux,0,0.2353,4249.89,Signature,True,2025-11-21T06:38:09.374282,,732
ML-DSA-65,sign,0,64,2.5,1,1,0,ip-172-31-41-169,linux,0,0.2116,4725.92,Signature,True,2025-11-21T06:38:09.374536,,733
ML-DSA-65,sign,0,64,2.5,1,1,0,ip-172-31-41-169,linux,0,0.2088,4788.4,Signature,True,2025-11-21T06:38:09.374785,,734
ML-DSA-65,sign,0,64,2.5,1,1,0,ip-172-31-41-169,linux,0,0.2573,3885.8,Signature,True,2025-11-21T06:38:09.375082,,735
ML-DSA-65,sign,1024,1,2.5,1,1,0,ip-172-31-41-169,linux,0,0.434,2304.08,Signature,True,2025-11-21T06:38:09.375557,,736
ML-DSA-65,sign,1024,1,2.5,1,1,0,ip-172-31-41-169,linux,0,0.6437,1553.52,Signature,True,2025-11-21T06:38:09.376242,,737
ML-DSA-65,sign,1024,1,2.5,1,1,0,ip-172-31-41-169,linux,0,0.2676,3736.92,Signature,True,2025-11-21T06:38:09.376553,,738
ML-DSA-65,sign,1024,1,2.5,1,1,0,ip-172-31-41-169,linux,0,0.2675,3738.15,Signature,True,2025-11-21T06:38:09.376863,,739
ML-DSA-65,sign,1024,1,2.5,1,1,0,ip-172-31-41-169,linux,0,0.3591,2785.05,Signature,True,2025-11-21T06:38:09.377263,,740
ML-DSA-65,sign,1024,16,2.5,1,1,0,ip-172-31-41-169,linux,0,0.3409,2933.32,Signature,True,2025-11-21T06:38:09.377646,,741
ML-DSA-65,sign,1024,16,2.5,1,1,0,ip-172-31-41-169,linux,0,0.2156,4638.69,Signature,True,2025-11-21T06:38:09.377903,,742
ML-DSA-65,sign,1024,16,2.5,1,1,0,ip-172-31-41-169,linux,0,0.2474,4041.37,Signature,True,2025-11-21T06:38:09.378191,,743
ML-DSA-65,sign,1024,16,2.5,1,1,0,ip-172-31-41-169,linux,0,0.2497,4005.32,Signature,True,2025-11-21T06:38:09.378481,,744
ML-DSA-65,sign,1024,16,2.5,1,1,0,ip-172-31-41-169,linux,0,0.2617,3820.76,Signature,True,2025-11-21T06:38:09.378783,,745
ML-DSA-65,sign,1024,64,2.5,1,1,0,ip-172-31-41-169,linux,0,0.3102,3223.8,Signature,True,2025-11-21T06:38:09.379170,,746
ML-DSA-65,sign,1024,64,2.5,1,1,0,ip-172-31-41-169,linux,0,0.3001,3332.73,Signature,True,2025-11-21T06:38:09.379511,,747
ML-DSA-65,sign,1024,64,2.5,1,1,0,ip-172-31-41-169,linux,0,0.3323,3009.52,Signature,True,2025-11-21T06:38:09.379885,,748
ML-DSA-65,sign,1024,64,2.5,1,1,0,ip-172-31-41-169,linux,0,0.2386,4190.27,Signature,True,2025-11-21T06:38:09.380164,,749
ML-DSA-65,sign,1024,64,2.5,1,1,0,ip-172-31-41-169,linux,0,0.452,2212.63,Signature,True,2025-11-21T06:38:09.380658,,750
ML-DSA-65,verify,0,1,2.5,1,1,0,ip-172-31-41-169,linux,0,0.2553,3917.68,Signature,True,2025-11-21T06:38:09.380964,,751
ML-DSA-65,verify,0,1,2.5,1,1,0,ip-172-31-41-169,linux,0,0.2744,3644.86,Signature,True,2025-11-21T06:38:09.381280,,752
ML-DSA-65,verify,0,1,2.5,1,1,0,ip-172-31-41-169,linux,0,0.2881,3470.58,Signature,True,2025-11-21T06:38:09.381608,,753
ML-DSA-65,verify,0,1,2.5,1,1,0,ip-172-31-41-169,linux,0,0.3572,2799.87,Signature,True,2025-11-21T06:38:09.382006,,754
ML-DSA-65,verify,0,1,2.5,1,1,0,ip-172-31-41-169,linux,0,0.2431,4113.06,Signature,True,2025-11-21T06:38:09.382289,,755
ML-DSA-65,verify,0,16,2.5,1,1,0,ip-172-31-41-169,linux,0,0.2107,4745.59,Signature,True,2025-11-21T06:38:09.382541,,756
ML-DSA-65,verify,0,16,2.5,1,1,0,ip-172-31-41-169,linux,0,0.3381,2957.91,Signature,True,2025-11-21T06:38:09.382919,,757
ML-DSA-65,verify,0,16,2.5,1,1,0,ip-172-31-41-169,linux,0,0.2622,3814.23,Signature,True,2025-11-21T06:38:09.383224,,758
ML-DSA-65,verify,0,16,2.5,1,1,0,ip-172-31-41-169,linux,0,0.2423,4126.57,Signature,True,2025-11-21T06:38:09.383508,,759
ML-DSA-65,verify,0,16,2.5,1,1,0,ip-172-31-41-169,linux,0,0.289,3460.28,Signature,True,2025-11-21T06:38:09.383837,,760
ML-DSA-65,verify,0,64,2.5,1,1,0,ip-172-31-41-169,linux,0,0.366,2732.24,Signature,True,2025-11-21T06:38:09.384245,,761
ML-DSA-65,verify,0,64,2.5,1,1,0,ip-172-31-41-169,linux,0,0.2989,3345.63,Signature,True,2025-11-21T06:38:09.384586,,762
ML-DSA-65,verify,0,64,2.5,1,1,0,ip-172-31-41-169,linux,0,0.6338,1577.78,Signature,True,2025-11-21T06:38:09.385260,,763
ML-DSA-65,verify,0,64,2.5,1,1,0,ip-172-31-41-169,linux,0,0.3017,3314.94,Signature,True,2025-11-21T06:38:09.385603,,764
ML-DSA-65,verify,0,64,2.5,1,1,0,ip-172-31-41-169,linux,0,0.2109,4740.64,Signature,True,2025-11-21T06:38:09.385857,,765
ML-DSA-65,verify,1024,1,2.5,1,1,0,ip-172-31-41-169,linux,0,0.4291,2330.56,Signature,True,2025-11-21T06:38:09.386329,,766
ML-DSA-65,verify,1024,1,2.5,1,1,0,ip-172-31-41-169,linux,0,0.2682,3729.06,Signature,True,2025-11-21T06:38:09.386638,,767
ML-DSA-65,verify,1024,1,2.5,1,1,0,ip-172-31-41-169,linux,0,0.3898,2565.44,Signature,True,2025-11-21T06:38:09.387068,,768
ML-DSA-65,verify,1024,1,2.5,1,1,0,ip-172-31-41-169,linux,0,0.2481,4030.44,Signature,True,2025-11-21T06:38:09.387356,,769
ML-DSA-65,verify,1024,1,2.5,1,1,0,ip-172-31-41-169,linux,0,0.2173,4601.89,Signature,True,2025-11-21T06:38:09.387615,,770
ML-DSA-65,verify,1024,16,2.5,1,1,0,ip-172-31-41-169,linux,0,0.2517,3972.94,Signature,True,2025-11-21T06:38:09.387908,,771
ML-DSA-65,verify,1024,16,2.5,1,1,0,ip-172-31-41-169,linux,0,0.3942,2536.55,Signature,True,2025-11-21T06:38:09.388342,,772
ML-DSA-65,verify,1024,16,2.5,1,1,0,ip-172-31-41-169,linux,0,0.2403,4160.63,Signature,True,2025-11-21T06:38:09.388625,,773
ML-DSA-65,verify,1024,16,2.5,1,1,0,ip-172-31-41-169,linux,0,0.3031,3299.21,Signature,True,2025-11-21T06:38:09.388969,,774
ML-DSA-65,verify,1024,16,2.5,1,1,0,ip-172-31-41-169,linux,0,0.2604,3839.57,Signature,True,2025-11-21T06:38:09.389270,,775
ML-DSA-65,verify,1024,64,2.5,1,1,0,ip-172-31-41-169,linux,0,0.2233,4478.42,Signature,True,2025-11-21T06:38:09.389535,,776
ML-DSA-65,verify,1024,64,2.5,1,1,0,ip-172-31-41-169,linux,0,0.2557,3910.82,Signature,True,2025-11-21T06:38:09.389830,,777
ML-DSA-65,verify,1024,64,2.5,1,1,0,ip-172-31-41-169,linux,0,0.2203,4539.9,Signature,True,2025-11-21T06:38:09.390089,,778
ML-DSA-65,verify,1024,64,2.5,1,1,0,ip-172-31-41-169,linux,0,0.2908,3438.67,Signature,True,2025-11-21T06:38:09.390419,,779
ML-DSA-65,verify,1024,64,2.5,1,1,0,ip-172-31-41-169,linux,0,0.3199,3125.91,Signature,True,2025-11-21T06:38:09.390778,,780
ML-DSA-87,sign,0,1,2.5,1,1,0,ip-172-31-41-169,linux,0,0.4354,2296.61,Signature,True,2025-11-21T06:38:09.391270,,781
ML-DSA-87,sign,0,1,2.5,1,1,0,ip-172-31-41-169,linux,0,0.3606,2773.01,Signature,True,2025-11-21T06:38:09.391676,,782
ML-DSA-87,sign,0,1,2.5,1,1,0,ip-172-31-41-169,linux,0,0.3476,2876.7,Signature,True,2025-11-21T06:38:09.392067,,783
ML-DSA-87,sign,0,1,2.5,1,1,0,ip-172-31-41-169,linux,0,0.3653,2737.71,Signature,True,2025-11-21T06:38:09.392476,,784
ML-DSA-87,sign,0,1,2.5,1,1,0,ip-172-31-41-169,linux,0,0.2792,3581.48,Signature,True,2025-11-21T06:38:09.392798,,785
ML-DSA-87,sign,0,16,2.5,1,1,0,ip-172-31-41-169,linux,0,0.5335,1874.54,Signature,True,2025-11-21T06:38:09.393374,,786
ML-DSA-87,sign,0,16,2.5,1,1,0,ip-172-31-41-169,linux,0,0.3961,2524.46,Signature,True,2025-11-21T06:38:09.393812,,787
ML-DSA-87,sign,0,16,2.5,1,1,0,ip-172-31-41-169,linux,0,0.3586,2788.75,Signature,True,2025-11-21T06:38:09.394211,,788
ML-DSA-87,sign,0,16,2.5,1,1,0,ip-172-31-41-169,linux,0,0.277,3610.12,Signature,True,2025-11-21T06:38:09.394528,,789
ML-DSA-87,sign,0,16,2.5,1,1,0,ip-172-31-41-169,linux,0,0.3025,3306.09,Signature,True,2025-11-21T06:38:09.394871,,790
ML-DSA-87,sign,0,64,2.5,1,1,0,ip-172-31-41-169,linux,0,0.302,3311.27,Signature,True,2025-11-21T06:38:09.395217,,791
ML-DSA-87,sign,0,64,2.5,1,1,0,ip-172-31-41-169,linux,0,0.3628,2756.3,Signature,True,2025-11-21T06:38:09.395622,,792
ML-DSA-87,sign,0,64,2.5,1,1,0,ip-172-31-41-169,linux,0,0.4704,2125.85,Signature,True,2025-11-21T06:38:09.396134,,793
ML-DSA-87,sign,0,64,2.5,1,1,0,ip-172-31-41-169,linux,0,0.3015,3316.55,Signature,True,2025-11-21T06:38:09.396506,,794
ML-DSA-87,sign,0,64,2.5,1,1,0,ip-172-31-41-169,linux,0,0.3936,2540.48,Signature,True,2025-11-21T06:38:09.396942,,795
ML-DSA-87,sign,1024,1,2.5,1,1,0,ip-172-31-41-169,linux,0,0.319,3134.42,Signature,True,2025-11-21T06:38:09.397304,,796
ML-DSA-87,sign,1024,1,2.5,1,1,0,ip-172-31-41-169,linux,0,0.3132,3192.6,Signature,True,2025-11-21T06:38:09.397659,,797
ML-DSA-87,sign,1024,1,2.5,1,1,0,ip-172-31-41-169,linux,0,0.3457,2892.49,Signature,True,2025-11-21T06:38:09.398046,,798
ML-DSA-87,sign,1024,1,2.5,1,1,0,ip-172-31-41-169,linux,0,0.33,3030.55,Signature,True,2025-11-21T06:38:09.398416,,799
ML-DSA-87,sign,1024,1,2.5,1,1,0,ip-172-31-41-169,linux,0,0.2852,3505.89,Signature,True,2025-11-21T06:38:09.398742,,800
ML-DSA-87,sign,1024,16,2.5,1,1,0,ip-172-31-41-169,linux,0,0.3518,2842.87,Signature,True,2025-11-21T06:38:09.399148,,801
ML-DSA-87,sign,1024,16,2.5,1,1,0,ip-172-31-41-169,linux,0,0.3411,2931.78,Signature,True,2025-11-21T06:38:09.399533,,802
ML-DSA-87,sign,1024,16,2.5,1,1,0,ip-172-31-41-169,linux,0,0.2843,3517.91,Signature,True,2025-11-21T06:38:09.399859,,803
ML-DSA-87,sign,1024,16,2.5,1,1,0,ip-172-31-41-169,linux,0,0.3629,2755.33,Signature,True,2025-11-21T06:38:09.400263,,804
ML-DSA-87,sign,1024,16,2.5,1,1,0,ip-172-31-41-169,linux,0,0.3509,2849.89,Signature,True,2025-11-21T06:38:09.400655,,805
ML-DSA-87,sign,1024,64,2.5,1,1,0,ip-172-31-41-169,linux,0,0.3606,2773.2,Signature,True,2025-11-21T06:38:09.401056,,806
ML-DSA-87,sign,1024,64,2.5,1,1,0,ip-172-31-41-169,linux,0,0.4076,2453.51,Signature,True,2025-11-21T06:38:09.401504,,807
ML-DSA-87,sign,1024,64,2.5,1,1,0,ip-172-31-41-169,linux,0,0.4076,2453.42,Signature,True,2025-11-21T06:38:09.401953,,808
ML-DSA-87,sign,1024,64,2.5,1,1,0,ip-172-31-41-169,linux,0,0.3421,2923.51,Signature,True,2025-11-21T06:38:09.402336,,809
ML-DSA-87,sign,1024,64,2.5,1,1,0,ip-172-31-41-169,linux,0,0.4304,2323.56,Signature,True,2025-11-21T06:38:09.402810,,810
ML-DSA-87,verify,0,1,2.5,1,1,0,ip-172-31-41-169,linux,0,0.5362,1864.84,Signature,True,2025-11-21T06:38:09.403404,,811
ML-DSA-87,verify,0,1,2.5,1,1,0,ip-172-31-41-169,linux,0,0.3292,3037.5,Signature,True,2025-11-21T06:38:09.403776,,812
ML-DSA-87,verify,0,1,2.5,1,1,0,ip-172-31-41-169,linux,0,0.4066,2459.41,Signature,True,2025-11-21T06:38:09.404227,,813
ML-DSA-87,verify,0,1,2.5,1,1,0,ip-172-31-41-169,linux,0,0.3117,3208.52,Signature,True,2025-11-21T06:38:09.404618,,814
ML-DSA-87,verify,0,1,2.5,1,1,0,ip-172-31-41-169,linux,0,0.3265,3063.09,Signature,True,2025-11-21T06:38:09.404987,,815
ML-DSA-87,verify,0,16,2.5,1,1,0,ip-172-31-41-169,linux,0,0.4797,2084.61,Signature,True,2025-11-21T06:38:09.405509,,816
ML-DSA-87,verify,0,16,2.5,1,1,0,ip-172-31-41-169,linux,0,0.3301,3029.31,Signature,True,2025-11-21T06:38:09.405883,,817
ML-DSA-87,verify,0,16,2.5,1,1,0,ip-172-31-41-169,linux,0,0.3098,3228.11,Signature,True,2025-11-21T06:38:09.406234,,818
ML-DSA-87,verify,0,16,2.5,1,1,0,ip-172-31-41-169,linux,0,0.3825,2614.64,Signature,True,2025-11-21T06:38:09.406657,,819
ML-DSA-87,verify,0,16,2.5,1,1,0,ip-172-31-41-169,linux,0,0.3827,2613.12,Signature,True,2025-11-21T06:38:09.407080,,820
ML-DSA-87,verify,0,64,2.5,1,1,0,ip-172-31-41-169,linux,0,0.3371,2966.69,Signature,True,2025-11-21T06:38:09.407459,,821
ML-DSA-87,verify,0,64,2.5,1,1,0,ip-172-31-41-169,linux,0,0.3247,3080.03,Signature,True,2025-11-21T06:38:09.407825,,822
ML-DSA-87,verify,0,64,2.5,1,1,0,ip-172-31-41-169,linux,0,0.405,2469.09,Signature,True,2025-11-21T06:38:09.408271,,823
ML-DSA-87,verify,0,64,2.5,1,1,0,ip-172-31-41-169,linux,0,0.2778,3599.34,Signature,True,2025-11-21T06:38:09.408591,,824
ML-DSA-87,verify,0,64,2.5,1,1,0,ip-172-31-41-169,linux,0,0.303,3300.17,Signature,True,2025-11-21T06:38:09.408936,,825
ML-DSA-87,verify,1024,1,2.5,1,1,0,ip-172-31-41-169,linux,0,0.3495,2861.14,Signature,True,2025-11-21T06:38:09.409331,,826
ML-DSA-87,verify,1024,1,2.5,1,1,0,ip-172-31-41-169,linux,0,0.4055,2465.96,Signature,True,2025-11-21T06:38:09.409779,,827
ML-DSA-87,verify,1024,1,2.5,1,1,0,ip-172-31-41-169,linux,0,0.3349,2985.57,Signature,True,2025-11-21T06:38:09.410155,,828
ML-DSA-87,verify,1024,1,2.5,1,1,0,ip-172-31-41-169,linux,0,0.4246,2354.99,Signature,True,2025-11-21T06:38:09.410621,,829
ML-DSA-87,verify,1024,1,2.5,1,1,0,ip-172-31-41-169,linux,0,0.312,3205.56,Signature,True,2025-11-21T06:38:09.410975,,830
ML-DSA-87,verify,1024,16,2.5,1,1,0,ip-172-31-41-169,linux,0,0.3557,2811.29,Signature,True,2025-11-21T06:38:09.411373,,831
ML-DSA-87,verify,1024,16,2.5,1,1,0,ip-172-31-41-169,linux,0,0.332,3011.98,Signature,True,2025-11-21T06:38:09.411746,,832
ML-DSA-87,verify,1024,16,2.5,1,1,0,ip-172-31-41-169,linux,0,0.295,3390.26,Signature,True,2025-11-21T06:38:09.412081,,833
ML-DSA-87,verify,1024,16,2.5,1,1,0,ip-172-31-41-169,linux,0,0.3523,2838.09,Signature,True,2025-11-21T06:38:09.412478,,834
ML-DSA-87,verify,1024,16,2.5,1,1,0,ip-172-31-41-169,linux,0,0.437,2288.19,Signature,True,2025-11-21T06:38:09.412961,,835
ML-DSA-87,verify,1024,64,2.5,1,1,0,ip-172-31-41-169,linux,0,0.2979,3357.15,Signature,True,2025-11-21T06:38:09.413301,,836
ML-DSA-87,verify,1024,64,2.5,1,1,0,ip-172-31-41-169,linux,0,0.312,3205.36,Signature,True,2025-11-21T06:38:09.413655,,837
ML-DSA-87,verify,1024,64,2.5,1,1,0,ip-172-31-41-169,linux,0,0.3432,2913.54,Signature,True,2025-11-21T06:38:09.414041,,838
ML-DSA-87,verify,1024,64,2.5,1,1,0,ip-172-31-41-169,linux,0,0.5137,1946.67,Signature,True,2025-11-21T06:38:09.414597,,839
ML-DSA-87,verify,1024,64,2.5,1,1,0,ip-172-31-41-169,linux,0,0.6049,1653.05,Signature,True,2025-11-21T06:38:09.415252,,840
OV-III,sign,0,1,2.5,1,1,0,ip-172-31-41-169,linux,0,9.7743,102.31,Signature,True,2025-11-21T06:38:09.425285,,841
OV-III,sign,0,1,2.5,1,1,0,ip-172-31-41-169,linux,0,7.966,125.53,Signature,True,2025-11-21T06:38:09.433567,,842
OV-III,sign,0,1,2.5,1,1,0,ip-172-31-41-169,linux,0,8.4599,118.2,Signature,True,2025-11-21T06:38:09.442334,,843
OV-III,sign,0,1,2.5,1,1,0,ip-172-31-41-169,linux,0,8.3567,119.66,Signature,True,2025-11-21T06:38:09.451009,,844
OV-III,sign,0,1,2.5,1,1,0,ip-172-31-41-169,linux,0,8.258,121.09,Signature,True,2025-11-21T06:38:09.459553,,845
OV-III,sign,0,16,2.5,1,1,0,ip-172-31-41-169,linux,0,8.0406,124.37,Signature,True,2025-11-21T06:38:09.467901,,846
OV-III,sign,0,16,2.5,1,1,0,ip-172-31-41-169,linux,0,8.1866,122.15,Signature,True,2025-11-21T06:38:09.476372,,847
OV-III,sign,0,16,2.5,1,1,0,ip-172-31-41-169,linux,0,8.0158,124.75,Signature,True,2025-11-21T06:38:09.484685,,848
OV-III,sign,0,16,2.5,1,1,0,ip-172-31-41-169,linux,0,8.1883,122.13,Signature,True,2025-11-21T06:38:09.493173,,849
OV-III,sign,0,16,2.5,1,1,0,ip-172-31-41-169,linux,0,8.0822,123.73,Signature,True,2025-11-21T06:38:09.501558,,850
OV-III,sign,0,64,2.5,1,1,0,ip-172-31-41-169,linux,0,8.2228,121.61,Signature,True,2025-11-21T06:38:09.510070,,851
OV-III,sign,0,64,2.5,1,1,0,ip-172-31-41-169,linux,0,8.0807,123.75,Signature,True,2025-11-21T06:38:09.518482,,852
OV-III,sign,0,64,2.5,1,1,0,ip-172-31-41-169,linux,0,8.354,119.7,Signature,True,2025-11-21T06:38:09.527128,,853
OV-III,sign,0,64,2.5,1,1,0,ip-172-31-41-169,linux,0,7.9024,126.54,Signature,True,2025-11-21T06:38:09.535386,,854
OV-III,sign,0,64,2.5,1,1,0,ip-172-31-41-169,linux,0,8.2376,121.39,Signature,True,2025-11-21T06:38:09.543903,,855
OV-III,sign,1024,1,2.5,1,1,0,ip-172-31-41-169,linux,0,8.68,115.21,Signature,True,2025-11-21T06:38:09.552946,,856
OV-III,sign,1024,1,2.5,1,1,0,ip-172-31-41-169,linux,0,8.7501,114.28,Signature,True,2025-11-21T06:38:09.562041,,857
OV-III,sign,1024,1,2.5,1,1,0,ip-172-31-41-169,linux,0,8.706,114.86,Signature,True,2025-11-21T06:38:09.571087,,858
OV-III,sign,1024,1,2.5,1,1,0,ip-172-31-41-169,linux,0,8.5206,117.36,Signature,True,2025-11-21T06:38:09.579966,,859
OV-III,sign,1024,1,2.5,1,1,0,ip-172-31-41-169,linux,0,8.7104,114.8,Signature,True,2025-11-21T06:38:09.589035,,860
OV-III,sign,1024,16,2.5,1,1,0,ip-172-31-41-169,linux,0,8.9667,111.52,Signature,True,2025-11-21T06:38:09.598383,,861
OV-III,sign,1024,16,2.5,1,1,0,ip-172-31-41-169,linux,0,8.6055,116.21,Signature,True,2025-11-21T06:38:09.607343,,862
OV-III,sign,1024,16,2.5,1,1,0,ip-172-31-41-169,linux,0,8.6245,115.95,Signature,True,2025-11-21T06:38:09.616318,,863
OV-III,sign,1024,16,2.5,1,1,0,ip-172-31-41-169,linux,0,8.8805,112.61,Signature,True,2025-11-21T06:38:09.625560,,864
OV-III,sign,1024,16,2.5,1,1,0,ip-172-31-41-169,linux,0,9.046,110.55,Signature,True,2025-11-21T06:38:09.634960,,865
OV-III,sign,1024,64,2.5,1,1,0,ip-172-31-41-169,linux,0,9.0143,110.94,Signature,True,2025-11-21T06:38:09.644400,,866
OV-III,sign,1024,64,2.5,1,1,0,ip-172-31-41-169,linux,0,9.1707,109.04,Signature,True,2025-11-21T06:38:09.653929,,867
OV-III,sign,1024,64,2.5,1,1,0,ip-172-31-41-169,linux,0,9.035,110.68,Signature,True,2025-11-21T06:38:09.663379,,868
OV-III,sign,1024,64,2.5,1,1,0,ip-172-31-41-169,linux,0,8.6585,115.49,Signature,True,2025-11-21T06:38:09.672395,,869
OV-III,sign,1024,64,2.5,1,1,0,ip-172-31-41-169,linux,0,8.5377,117.13,Signature,True,2025-11-21T06:38:09.681303,,870
OV-III,verify,0,1,2.5,1,1,0,ip-172-31-41-169,linux,0,8.2204,121.65,Signature,True,2025-11-21T06:38:09.689812,,871
OV-III,verify,0,1,2.5,1,1,0,ip-172-31-41-169,linux,0,8.0395,124.39,Signature,True,2025-11-21T06:38:09.698161,,872
OV-III,verify,0,1,2.5,1,1,0,ip-172-31-41-169,linux,0,8.1398,122.85,Signature,True,2025-11-21T06:38:09.706576,,873
OV-III,verify,0,1,2.5,1,1,0,ip-172-31-41-169,linux,0,8.0248,124.61,Signature,True,2025-11-21T06:38:09.714892,,874
OV-III,verify,0,1,2.5,1,1,0,ip-172-31-41-169,linux,0,7.9619,125.6,Signature,True,2025-11-21T06:38:09.723131,,875
OV-III,verify,0,16,2.5,1,1,0,ip-172-31-41-169,linux,0,7.9682,125.5,Signature,True,2025-11-21T06:38:09.731398,,876
OV-III,verify,0,16,2.5,1,1,0,ip-172-31-41-169,linux,0,8.182,122.22,Signature,True,2025-11-21T06:38:09.739865,,877
OV-III,verify,0,16,2.5,1,1,0,ip-172-31-41-169,linux,0,7.9196,126.27,Signature,True,2025-11-21T06:38:09.748077,,878
OV-III,verify,0,16,2.5,1,1,0,ip-172-31-41-169,linux,0,7.9915,125.13,Signature,True,2025-11-21T06:38:09.756387,,879
OV-III,verify,0,16,2.5,1,1,0,ip-172-31-41-169,linux,0,8.3465,119.81,Signature,True,2025-11-21T06:38:09.765032,,880
OV-III,verify,0,64,2.5,1,1,0,ip-172-31-41-169,linux,0,8.4046,118.98,Signature,True,2025-11-21T06:38:09.773730,,881
OV-III,verify,0,64,2.5,1,1,0,ip-172-31-41-169,linux,0,8.1153,123.22,Signature,True,2025-11-21T06:38:09.782155,,882
OV-III,verify,0,64,2.5,1,1,0,ip-172-31-41-169,linux,0,8.0909,123.6,Signature,True,2025-11-21T06:38:09.790562,,883
OV-III,verify,0,64,2.5,1,1,0,ip-172-31-41-169,linux,0,8.2163,121.71,Signature,True,2025-11-21T06:38:09.799075,,884
OV-III,verify,0,64,2.5,1,1,0,ip-172-31-41-169,linux,0,8.1142,123.24,Signature,True,2025-11-21T06:38:09.807502,,885
OV-III,verify,1024,1,2.5,1,1,0,ip-172-31-41-169,linux,0,8.9407,111.85,Signature,True,2025-11-21T06:38:09.816817,,886
OV-III,verify,1024,1,2.5,1,1,0,ip-172-31-41-169,linux,0,9.0013,111.1,Signature,True,2025-11-21T06:38:09.826228,,887
OV-III,verify,1024,1,2.5,1,1,0,ip-172-31-41-169,linux,0,9.0291,110.75,Signature,True,2025-11-21T06:38:09.835631,,888
OV-III,verify,1024,1,2.5,1,1,0,ip-172-31-41-169,linux,0,9.0935,109.97,Signature,True,2025-11-21T06:38:09.845096,,889
OV-III,verify,1024,1,2.5,1,1,0,ip-172-31-41-169,linux,0,8.955,111.67,Signature,True,2025-11-21T06:38:09.854434,,890
OV-III,verify,1024,16,2.5,1,1,0,ip-172-31-41-169,linux,0,8.8385,113.14,Signature,True,2025-11-21T06:38:09.863638,,891
OV-III,verify,1024,16,2.5,1,1,0,ip-172-31-41-169,linux,0,9.0497,110.5,Signature,True,2025-11-21T06:38:09.873058,,892
OV-III,verify,1024,16,2.5,1,1,0,ip-172-31-41-169,linux,0,8.908,112.26,Signature,True,2025-11-21T06:38:09.882384,,893
OV-III,verify,1024,16,2.5,1,1,0,ip-172-31-41-169,linux,0,8.8887,112.5,Signature,True,2025-11-21T06:38:09.891638,,894
OV-III,verify,1024,16,2.5,1,1,0,ip-172-31-41-169,linux,0,8.9035,112.32,Signature,True,2025-11-21T06:38:09.900900,,895
OV-III,verify,1024,64,2.5,1,1,0,ip-172-31-41-169,linux,0,8.843,113.08,Signature,True,2025-11-21T06:38:09.910106,,896
OV-III,verify,1024,64,2.5,1,1,0,ip-172-31-41-169,linux,0,8.8658,112.79,Signature,True,2025-11-21T06:38:09.919396,,897
OV-III,verify,1024,64,2.5,1,1,0,ip-172-31-41-169,linux,0,8.7533,114.24,Signature,True,2025-11-21T06:38:09.928514,,898
OV-III,verify,1024,64,2.5,1,1,0,ip-172-31-41-169,linux,0,8.7425,114.38,Signature,True,2025-11-21T06:38:09.937600,,899
OV-III,verify,1024,64,2.5,1,1,0,ip-172-31-41-169,linux,0,8.8916,112.47,Signature,True,2025-11-21T06:38:09.946856,,900
OV-III-pkc,sign,0,1,2.5,1,1,0,ip-172-31-41-169,linux,0,7.6742,130.31,Signature,True,2025-11-21T06:38:09.954787,,901
OV-III-pkc,sign,0,1,2.5,1,1,0,ip-172-31-41-169,linux,0,7.6305,131.05,Signature,True,2025-11-21T06:38:09.962662,,902
OV-III-pkc,sign,0,1,2.5,1,1,0,ip-172-31-41-169,linux,0,7.633,131.01,Signature,True,2025-11-21T06:38:09.970546,,903
OV-III-pkc,sign,0,1,2.5,1,1,0,ip-172-31-41-169,linux,0,7.4713,133.85,Signature,True,2025-11-21T06:38:09.978294,,904
OV-III-pkc,sign,0,1,2.5,1,1,0,ip-172-31-41-169,linux,0,7.5743,132.03,Signature,True,2025-11-21T06:38:09.986121,,905
OV-III-pkc,sign,0,16,2.5,1,1,0,ip-172-31-41-169,linux,0,7.5893,131.76,Signature,True,2025-11-21T06:38:09.993987,,906
OV-III-pkc,sign,0,16,2.5,1,1,0,ip-172-31-41-169,linux,0,7.7144,129.63,Signature,True,2025-11-21T06:38:10.001967,,907
OV-III-pkc,sign,0,16,2.5,1,1,0,ip-172-31-41-169,linux,0,7.8439,127.49,Signature,True,2025-11-21T06:38:10.010062,,908
OV-III-pkc,sign,0,16,2.5,1,1,0,ip-172-31-41-169,linux,0,7.6626,130.5,Signature,True,2025-11-21T06:38:10.017994,,909
OV-III-pkc,sign,0,16,2.5,1,1,0,ip-172-31-41-169,linux,0,7.6555,130.62,Signature,True,2025-11-21T06:38:10.025889,,910
OV-III-pkc,sign,0,64,2.5,1,1,0,ip-172-31-41-169,linux,0,7.6576,130.59,Signature,True,2025-11-21T06:38:10.033802,,911
OV-III-pkc,sign,0,64,2.5,1,1,0,ip-172-31-41-169,linux,0,7.6195,131.24,Signature,True,2025-11-21T06:38:10.041664,,912
OV-III-pkc,sign,0,64,2.5,1,1,0,ip-172-31-41-169,linux,0,7.6503,130.71,Signature,True,2025-11-21T06:38:10.049567,,913
OV-III-pkc,sign,0,64,2.5,1,1,0,ip-172-31-41-169,linux,0,7.7245,129.46,Signature,True,2025-11-21T06:38:10.057541,,914
OV-III-pkc,sign,0,64,2.5,1,1,0,ip-172-31-41-169,linux,0,7.6556,130.62,Signature,True,2025-11-21T06:38:10.065451,,915
OV-III-pkc,sign,1024,1,2.5,1,1,0,ip-172-31-41-169,linux,0,7.7201,129.53,Signature,True,2025-11-21T06:38:10.073430,,916
OV-III-pkc,sign,1024,1,2.5,1,1,0,ip-172-31-41-169,linux,0,7.7306,129.36,Signature,True,2025-11-21T06:38:10.081423,,917
OV-III-pkc,sign,1024,1,2.5,1,1,0,ip-172-31-41-169,linux,0,7.7456,129.11,Signature,True,2025-11-21T06:38:10.089424,,918
OV-III-pkc,sign,1024,1,2.5,1,1,0,ip-172-31-41-169,linux,0,7.7347,129.29,Signature,True,2025-11-21T06:38:10.097416,,919
OV-III-pkc,sign,1024,1,2.5,1,1,0,ip-172-31-41-169,linux,0,7.6883,130.07,Signature,True,2025-11-21T06:38:10.105361,,920
OV-III-pkc,sign,1024,16,2.5,1,1,0,ip-172-31-41-169,linux,0,7.7783,128.56,Signature,True,2025-11-21T06:38:10.113398,,921
OV-III-pkc,sign,1024,16,2.5,1,1,0,ip-172-31-41-169,linux,0,7.7712,128.68,Signature,True,2025-11-21T06:38:10.121427,,922
OV-III-pkc,sign,1024,16,2.5,1,1,0,ip-172-31-41-169,linux,0,7.6952,129.95,Signature,True,2025-11-21T06:38:10.129374,,923
OV-III-pkc,sign,1024,16,2.5,1,1,0,ip-172-31-41-169,linux,0,7.6628,130.5,Signature,True,2025-11-21T06:38:10.137308,,924
OV-III-pkc,sign,1024,16,2.5,1,1,0,ip-172-31-41-169,linux,0,7.7503,129.03,Signature,True,2025-11-21T06:38:10.145328,,925
OV-III-pkc,sign,1024,64,2.5,1,1,0,ip-172-31-41-169,linux,0,7.717,129.58,Signature,True,2025-11-21T06:38:10.153331,,926
OV-III-pkc,sign,1024,64,2.5,1,1,0,ip-172-31-41-169,linux,0,7.617,131.29,Signature,True,2025-11-21T06:38:10.161225,,927
OV-III-pkc,sign,1024,64,2.5,1,1,0,ip-172-31-41-169,linux,0,7.5603,132.27,Signature,True,2025-11-21T06:38:10.169027,,928
OV-III-pkc,sign,1024,64,2.5,1,1,0,ip-172-31-41-169,linux,0,7.6178,131.27,Signature,True,2025-11-21T06:38:10.176897,,929
OV-III-pkc,sign,1024,64,2.5,1,1,0,ip-172-31-41-169,linux,0,7.791,128.35,Signature,True,2025-11-21T06:38:10.184949,,930
OV-III-pkc,verify,0,1,2.5,1,1,0,ip-172-31-41-169,linux,0,7.6992,129.88,Signature,True,2025-11-21T06:38:10.192906,,931
OV-III-pkc,verify,0,1,2.5,1,1,0,ip-172-31-41-169,linux,0,7.5968,131.63,Signature,True,2025-11-21T06:38:10.200745,,932
OV-III-pkc,verify,0,1,2.5,1,1,0,ip-172-31-41-169,linux,0,7.6161,131.3,Signature,True,2025-11-21T06:38:10.208602,,933
OV-III-pkc,verify,0,1,2.5,1,1,0,ip-172-31-41-169,linux,0,7.5949,131.67,Signature,True,2025-11-21T06:38:10.216438,,934
OV-III-pkc,verify,0,1,2.5,1,1,0,ip-172-31-41-169,linux,0,7.7366,129.26,Signature,True,2025-11-21T06:38:10.224420,,935
OV-III-pkc,verify,0,16,2.5,1,1,0,ip-172-31-41-169,linux,0,7.6973,129.91,Signature,True,2025-11-21T06:38:10.232363,,936
OV-III-pkc,verify,0,16,2.5,1,1,0,ip-172-31-41-169,linux,0,7.6744,130.3,Signature,True,2025-11-21T06:38:10.240309,,937
OV-III-pkc,verify,0,16,2.5,1,1,0,ip-172-31-41-169,linux,0,7.5421,132.59,Signature,True,2025-11-21T06:38:10.248101,,938
OV-III-pkc,verify,0,16,2.5,1,1,0,ip-172-31-41-169,linux,0,7.6325,131.02,Signature,True,2025-11-21T06:38:10.255991,,939
OV-III-pkc,verify,0,16,2.5,1,1,0,ip-172-31-41-169,linux,0,7.5665,132.16,Signature,True,2025-11-21T06:38:10.263803,,940
OV-III-pkc,verify,0,64,2.5,1,1,0,ip-172-31-41-169,linux,0,7.6384,130.92,Signature,True,2025-11-21T06:38:10.271688,,941
OV-III-pkc,verify,0,64,2.5,1,1,0,ip-172-31-41-169,linux,0,7.6327,131.01,Signature,True,2025-11-21T06:38:10.279566,,942
OV-III-pkc,verify,0,64,2.5,1,1,0,ip-172-31-41-169,linux,0,7.7308,129.35,Signature,True,2025-11-21T06:38:10.287549,,943
OV-III-pkc,verify,0,64,2.5,1,1,0,ip-172-31-41-169,linux,0,7.5947,131.67,Signature,True,2025-11-21T06:38:10.295387,,944
OV-III-pkc,verify,0,64,2.5,1,1,0,ip-172-31-41-169,linux,0,7.573,132.05,Signature,True,2025-11-21T06:38:10.303217,,945
OV-III-pkc,verify,1024,1,2.5,1,1,0,ip-172-31-41-169,linux,0,7.6771,130.26,Signature,True,2025-11-21T06:38:10.311162,,946
OV-III-pkc,verify,1024,1,2.5,1,1,0,ip-172-31-41-169,linux,0,7.697,129.92,Signature,True,2025-11-21T06:38:10.319108,,947
OV-III-pkc,verify,1024,1,2.5,1,1,0,ip-172-31-41-169,linux,0,7.6377,130.93,Signature,True,2025-11-21T06:38:10.327003,,948
OV-III-pkc,verify,1024,1,2.5,1,1,0,ip-172-31-41-169,linux,0,7.7294,129.38,Signature,True,2025-11-21T06:38:10.334992,,949
OV-III-pkc,verify,1024,1,2.5,1,1,0,ip-172-31-41-169,linux,0,7.8442,127.48,Signature,True,2025-11-21T06:38:10.343091,,950
OV-III-pkc,verify,1024,16,2.5,1,1,0,ip-172-31-41-169,linux,0,7.7979,128.24,Signature,True,2025-11-21T06:38:10.351262,,951
OV-III-pkc,verify,1024,16,2.5,1,1,0,ip-172-31-41-169,linux,0,7.7147,129.62,Signature,True,2025-11-21T06:38:10.359272,,952
OV-III-pkc,verify,1024,16,2.5,1,1,0,ip-172-31-41-169,linux,0,7.6233,131.18,Signature,True,2025-11-21T06:38:10.367173,,953
OV-III-pkc,verify,1024,16,2.5,1,1,0,ip-172-31-41-169,linux,0,7.5951,131.66,Signature,True,2025-11-21T06:38:10.375030,,954
OV-III-pkc,verify,1024,16,2.5,1,1,0,ip-172-31-41-169,linux,0,7.655,130.63,Signature,True,2025-11-21T06:38:10.382940,,955
OV-III-pkc,verify,1024,64,2.5,1,1,0,ip-172-31-41-169,linux,0,7.6816,130.18,Signature,True,2025-11-21T06:38:10.390871,,956
OV-III-pkc,verify,1024,64,2.5,1,1,0,ip-172-31-41-169,linux,0,7.8575,127.27,Signature,True,2025-11-21T06:38:10.398991,,957
OV-III-pkc,verify,1024,64,2.5,1,1,0,ip-172-31-41-169,linux,0,7.8248,127.8,Signature,True,2025-11-21T06:38:10.407069,,958
OV-III-pkc,verify,1024,64,2.5,1,1,0,ip-172-31-41-169,linux,0,7.6789,130.23,Signature,True,2025-11-21T06:38:10.415027,,959
OV-III-pkc,verify,1024,64,2.5,1,1,0,ip-172-31-41-169,linux,0,7.8234,127.82,Signature,True,2025-11-21T06:38:10.423104,,960
OV-III-pkc-skc,sign,0,1,2.5,1,1,0,ip-172-31-41-169,linux,0,10.0705,99.3,Signature,True,2025-11-21T06:38:10.433308,,961
OV-III-pkc-skc,sign,0,1,2.5,1,1,0,ip-172-31-41-169,linux,0,9.2342,108.29,Signature,True,2025-11-21T06:38:10.442638,,962
OV-III-pkc-skc,sign,0,1,2.5,1,1,0,ip-172-31-41-169,linux,0,9.2234,108.42,Signature,True,2025-11-21T06:38:10.451958,,963
OV-III-pkc-skc,sign,0,1,2.5,1,1,0,ip-172-31-41-169,linux,0,9.2336,108.3,Signature,True,2025-11-21T06:38:10.461287,,964
OV-III-pkc-skc,sign,0,1,2.5,1,1,0,ip-172-31-41-169,linux,0,9.1701,109.05,Signature,True,2025-11-21T06:38:10.470550,,965
OV-III-pkc-skc,sign,0,16,2.5,1,1,0,ip-172-31-41-169,linux,0,9.1044,109.84,Signature,True,2025-11-21T06:38:10.479748,,966
OV-III-pkc-skc,sign,0,16,2.5,1,1,0,ip-172-31-41-169,linux,0,9.1899,108.82,Signature,True,2025-11-21T06:38:10.489036,,967
OV-III-pkc-skc,sign,0,16,2.5,1,1,0,ip-172-31-41-169,linux,0,9.225,108.4,Signature,True,2025-11-21T06:38:10.498356,,968
OV-III-pkc-skc,sign,0,16,2.5,1,1,0,ip-172-31-41-169,linux,0,9.18,108.93,Signature,True,2025-11-21T06:38:10.507629,,969
OV-III-pkc-skc,sign,0,16,2.5,1,1,0,ip-172-31-41-169,linux,0,9.1954,108.75,Signature,True,2025-11-21T06:38:10.516924,,970
OV-III-pkc-skc,sign,0,64,2.5,1,1,0,ip-172-31-41-169,linux,0,9.1952,108.75,Signature,True,2025-11-21T06:38:10.526217,,971
OV-III-pkc-skc,sign,0,64,2.5,1,1,0,ip-172-31-41-169,linux,0,9.0985,109.91,Signature,True,2025-11-21T06:38:10.535408,,972
OV-III-pkc-skc,sign,0,64,2.5,1,1,0,ip-172-31-41-169,linux,0,9.0985,109.91,Signature,True,2025-11-21T06:38:10.544599,,973
OV-III-pkc-skc,sign,0,64,2.5,1,1,0,ip-172-31-41-169,linux,0,9.1063,109.81,Signature,True,2025-11-21T06:38:10.553797,,974
OV-III-pkc-skc,sign,0,64,2.5,1,1,0,ip-172-31-41-169,linux,0,9.073,110.22,Signature,True,2025-11-21T06:38:10.562964,,975
OV-III-pkc-skc,sign,1024,1,2.5,1,1,0,ip-172-31-41-169,linux,0,9.2252,108.4,Signature,True,2025-11-21T06:38:10.572282,,976
OV-III-pkc-skc,sign,1024,1,2.5,1,1,0,ip-172-31-41-169,linux,0,9.0758,110.18,Signature,True,2025-11-21T06:38:10.581451,,977
OV-III-pkc-skc,sign,1024,1,2.5,1,1,0,ip-172-31-41-169,linux,0,9.1042,109.84,Signature,True,2025-11-21T06:38:10.590651,,978
OV-III-pkc-skc,sign,1024,1,2.5,1,1,0,ip-172-31-41-169,linux,0,9.1479,109.32,Signature,True,2025-11-21T06:38:10.599895,,979
OV-III-pkc-skc,sign,1024,1,2.5,1,1,0,ip-172-31-41-169,linux,0,9.1576,109.2,Signature,True,2025-11-21T06:38:10.609159,,980
OV-III-pkc-skc,sign,1024,16,2.5,1,1,0,ip-172-31-41-169,linux,0,9.1323,109.5,Signature,True,2025-11-21T06:38:10.618385,,981
OV-III-pkc-skc,sign,1024,16,2.5,1,1,0,ip-172-31-41-169,linux,0,9.1671,109.09,Signature,True,2025-11-21T06:38:10.627646,,982
OV-III-pkc-skc,sign,1024,16,2.5,1,1,0,ip-172-31-41-169,linux,0,9.1892,108.82,Signature,True,2025-11-21T06:38:10.636931,,983
OV-III-pkc-skc,sign,1024,16,2.5,1,1,0,ip-172-31-41-169,linux,0,9.1198,109.65,Signature,True,2025-11-21T06:38:10.646159,,984
OV-III-pkc-skc,sign,1024,16,2.5,1,1,0,ip-172-31-41-169,linux,0,9.1069,109.81,Signature,True,2025-11-21T06:38:10.655359,,985
OV-III-pkc-skc,sign,1024,64,2.5,1,1,0,ip-172-31-41-169,linux,0,9.4403,105.93,Signature,True,2025-11-21T06:38:10.664894,,986
OV-III-pkc-skc,sign,1024,64,2.5,1,1,0,ip-172-31-41-169,linux,0,9.1323,109.5,Signature,True,2025-11-21T06:38:10.674123,,987
OV-III-pkc-skc,sign,1024,64,2.5,1,1,0,ip-172-31-41-169,linux,0,9.1578,109.2,Signature,True,2025-11-21T06:38:10.683389,,988
OV-III-pkc-skc,sign,1024,64,2.5,1,1,0,ip-172-31-41-169,linux,0,9.1419,109.39,Signature,True,2025-11-21T06:38:10.692627,,989
OV-III-pkc-skc,sign,1024,64,2.5,1,1,0,ip-172-31-41-169,linux,0,9.2201,108.46,Signature,True,2025-11-21T06:38:10.701942,,990
OV-III-pkc-skc,verify,0,1,2.5,1,1,0,ip-172-31-41-169,linux,0,9.1253,109.59,Signature,True,2025-11-21T06:38:10.711173,,991
OV-III-pkc-skc,verify,0,1,2.5,1,1,0,ip-172-31-41-169,linux,0,9.2308,108.33,Signature,True,2025-11-21T06:38:10.720497,,992
OV-III-pkc-skc,verify,0,1,2.5,1,1,0,ip-172-31-41-169,linux,0,9.3034,107.49,Signature,True,2025-11-21T06:38:10.729898,,993
OV-III-pkc-skc,verify,0,1,2.5,1,1,0,ip-172-31-41-169,linux,0,9.1502,109.29,Signature,True,2025-11-21T06:38:10.739160,,994
OV-III-pkc-skc,verify,0,1,2.5,1,1,0,ip-172-31-41-169,linux,0,9.2951,107.58,Signature,True,2025-11-21T06:38:10.748548,,995
OV-III-pkc-skc,verify,0,16,2.5,1,1,0,ip-172-31-41-169,linux,0,9.1784,108.95,Signature,True,2025-11-21T06:38:10.757826,,996
OV-III-pkc-skc,verify,0,16,2.5,1,1,0,ip-172-31-41-169,linux,0,9.3599,106.84,Signature,True,2025-11-21T06:38:10.767281,,997
OV-III-pkc-skc,verify,0,16,2.5,1,1,0,ip-172-31-41-169,linux,0,9.2106,108.57,Signature,True,2025-11-21T06:38:10.776591,,998
OV-III-pkc-skc,verify,0,16,2.5,1,1,0,ip-172-31-41-169,linux,0,9.1122,109.74,Signature,True,2025-11-21T06:38:10.785799,,999
OV-III-pkc-skc,verify,0,16,2.5,1,1,0,ip-172-31-41-169,linux,0,9.1764,108.98,Signature,True,2025-11-21T06:38:10.795072,,1000
OV-III-pkc-skc,verify,0,64,2.5,1,1,0,ip-172-31-41-169,linux,0,9.1953,108.75,Signature,True,2025-11-21T06:38:10.804377,,1001
OV-III-pkc-skc,verify,0,64,2.5,1,1,0,ip-172-31-41-169,linux,0,9.185,108.87,Signature,True,2025-11-21T06:38:10.813659,,1002
OV-III-pkc-skc,verify,0,64,2.5,1,1,0,ip-172-31-41-169,linux,0,9.1132,109.73,Signature,True,2025-11-21T06:38:10.822865,,1003
OV-III-pkc-skc,verify,0,64,2.5,1,1,0,ip-172-31-41-169,linux,0,9.2431,108.19,Signature,True,2025-11-21T06:38:10.832204,,1004
OV-III-pkc-skc,verify,0,64,2.5,1,1,0,ip-172-31-41-169,linux,0,9.1045,109.84,Signature,True,2025-11-21T06:38:10.841404,,1005
OV-III-pkc-skc,verify,1024,1,2.5,1,1,0,ip-172-31-41-169,linux,0,9.1159,109.7,Signature,True,2025-11-21T06:38:10.850616,,1006
OV-III-pkc-skc,verify,1024,1,2.5,1,1,0,ip-172-31-41-169,linux,0,9.1149,109.71,Signature,True,2025-11-21T06:38:10.859825,,1007
OV-III-pkc-skc,verify,1024,1,2.5,1,1,0,ip-172-31-41-169,linux,0,9.1292,109.54,Signature,True,2025-11-21T06:38:10.869050,,1008
OV-III-pkc-skc,verify,1024,1,2.5,1,1,0,ip-172-31-41-169,linux,0,9.1592,109.18,Signature,True,2025-11-21T06:38:10.878305,,1009
OV-III-pkc-skc,verify,1024,1,2.5,1,1,0,ip-172-31-41-169,linux,0,9.2674,107.91,Signature,True,2025-11-21T06:38:10.887667,,1010
OV-III-pkc-skc,verify,1024,16,2.5,1,1,0,ip-172-31-41-169,linux,0,9.2044,108.64,Signature,True,2025-11-21T06:38:10.896973,,1011
OV-III-pkc-skc,verify,1024,16,2.5,1,1,0,ip-172-31-41-169,linux,0,9.2087,108.59,Signature,True,2025-11-21T06:38:10.906284,,1012
OV-III-pkc-skc,verify,1024,16,2.5,1,1,0,ip-172-31-41-169,linux,0,9.2536,108.07,Signature,True,2025-11-21T06:38:10.915634,,1013
OV-III-pkc-skc,verify,1024,16,2.5,1,1,0,ip-172-31-41-169,linux,0,9.171,109.04,Signature,True,2025-11-21T06:38:10.924902,,1014
OV-III-pkc-skc,verify,1024,16,2.5,1,1,0,ip-172-31-41-169,linux,0,9.2346,108.29,Signature,True,2025-11-21T06:38:10.934232,,1015
OV-III-pkc-skc,verify,1024,64,2.5,1,1,0,ip-172-31-41-169,linux,0,9.1483,109.31,Signature,True,2025-11-21T06:38:10.943477,,1016
OV-III-pkc-skc,verify,1024,64,2.5,1,1,0,ip-172-31-41-169,linux,0,9.2421,108.2,Signature,True,2025-11-21T06:38:10.952852,,1017
OV-III-pkc-skc,verify,1024,64,2.5,1,1,0,ip-172-31-41-169,linux,0,9.1512,109.27,Signature,True,2025-11-21T06:38:10.962105,,1018
OV-III-pkc-skc,verify,1024,64,2.5,1,1,0,ip-172-31-41-169,linux,0,9.1239,109.6,Signature,True,2025-11-21T06:38:10.971336,,1019
OV-III-pkc-skc,verify,1024,64,2.5,1,1,0,ip-172-31-41-169,linux,0,9.2682,107.9,Signature,True,2025-11-21T06:38:10.980701,,1020
OV-Ip,sign,0,1,2.5,1,1,0,ip-172-31-41-169,linux,0,1.5693,637.23,Signature,True,2025-11-21T06:38:10.982370,,1021
OV-Ip,sign,0,1,2.5,1,1,0,ip-172-31-41-169,linux,0,1.1858,843.34,Signature,True,2025-11-21T06:38:10.983636,,1022
OV-Ip,sign,0,1,2.5,1,1,0,ip-172-31-41-169,linux,0,1.1463,872.4,Signature,True,2025-11-21T06:38:10.984847,,1023
OV-Ip,sign,0,1,2.5,1,1,0,ip-172-31-41-169,linux,0,1.1327,882.85,Signature,True,2025-11-21T06:38:10.986039,,1024
OV-Ip,sign,0,1,2.5,1,1,0,ip-172-31-41-169,linux,0,1.1471,871.73,Signature,True,2025-11-21T06:38:10.987240,,1025
OV-Ip,sign,0,16,2.5,1,1,0,ip-172-31-41-169,linux,0,1.1445,873.76,Signature,True,2025-11-21T06:38:10.988440,,1026
OV-Ip,sign,0,16,2.5,1,1,0,ip-172-31-41-169,linux,0,1.1308,884.31,Signature,True,2025-11-21T06:38:10.989625,,1027
OV-Ip,sign,0,16,2.5,1,1,0,ip-172-31-41-169,linux,0,1.1267,887.52,Signature,True,2025-11-21T06:38:10.990804,,1028
OV-Ip,sign,0,16,2.5,1,1,0,ip-172-31-41-169,linux,0,1.1282,886.38,Signature,True,2025-11-21T06:38:10.991984,,1029
OV-Ip,sign,0,16,2.5,1,1,0,ip-172-31-41-169,linux,0,1.144,874.15,Signature,True,2025-11-21T06:38:10.993179,,1030
OV-Ip,sign,0,64,2.5,1,1,0,ip-172-31-41-169,linux,0,1.1297,885.19,Signature,True,2025-11-21T06:38:10.994362,,1031
OV-Ip,sign,0,64,2.5,1,1,0,ip-172-31-41-169,linux,0,1.1994,833.73,Signature,True,2025-11-21T06:38:10.995639,,1032
OV-Ip,sign,0,64,2.5,1,1,0,ip-172-31-41-169,linux,0,1.1411,876.33,Signature,True,2025-11-21T06:38:10.996833,,1033
OV-Ip,sign,0,64,2.5,1,1,0,ip-172-31-41-169,linux,0,1.1255,888.51,Signature,True,2025-11-21T06:38:10.998030,,1034
OV-Ip,sign,0,64,2.5,1,1,0,ip-172-31-41-169,linux,0,1.1509,868.9,Signature,True,2025-11-21T06:38:10.999233,,1035
OV-Ip,sign,1024,1,2.5,1,1,0,ip-172-31-41-169,linux,0,1.1943,837.31,Signature,True,2025-11-21T06:38:11.000480,,1036
OV-Ip,sign,1024,1,2.5,1,1,0,ip-172-31-41-169,linux,0,1.1368,879.67,Signature,True,2025-11-21T06:38:11.001670,,1037
OV-Ip,sign,1024,1,2.5,1,1,0,ip-172-31-41-169,linux,0,1.1321,883.35,Signature,True,2025-11-21T06:38:11.002856,,1038
OV-Ip,sign,1024,1,2.5,1,1,0,ip-172-31-41-169,linux,0,1.1374,879.18,Signature,True,2025-11-21T06:38:11.004058,,1039
OV-Ip,sign,1024,1,2.5,1,1,0,ip-172-31-41-169,linux,0,1.1843,844.38,Signature,True,2025-11-21T06:38:11.005294,,1040
OV-Ip,sign,1024,16,2.5,1,1,0,ip-172-31-41-169,linux,0,1.1409,876.48,Signature,True,2025-11-21T06:38:11.006490,,1041
OV-Ip,sign,1024,16,2.5,1,1,0,ip-172-31-41-169,linux,0,1.1376,879.06,Signature,True,2025-11-21T06:38:11.007680,,1042
OV-Ip,sign,1024,16,2.5,1,1,0,ip-172-31-41-169,linux,0,1.1516,868.35,Signature,True,2025-11-21T06:38:11.008882,,1043
OV-Ip,sign,1024,16,2.5,1,1,0,ip-172-31-41-169,linux,0,1.1334,882.32,Signature,True,2025-11-21T06:38:11.010068,,1044
OV-Ip,sign,1024,16,2.5,1,1,0,ip-172-31-41-169,linux,0,1.1637,859.31,Signature,True,2025-11-21T06:38:11.011283,,1045
OV-Ip,sign,1024,64,2.5,1,1,0,ip-172-31-41-169,linux,0,1.1428,875.06,Signature,True,2025-11-21T06:38:11.012479,,1046
OV-Ip,sign,1024,64,2.5,1,1,0,ip-172-31-41-169,linux,0,1.1445,873.75,Signature,True,2025-11-21T06:38:11.013675,,1047
OV-Ip,sign,1024,64,2.5,1,1,0,ip-172-31-41-169,linux,0,1.1298,885.08,Signature,True,2025-11-21T06:38:11.014855,,1048
OV-Ip,sign,1024,64,2.5,1,1,0,ip-172-31-41-169,linux,0,1.1261,888.02,Signature,True,2025-11-21T06:38:11.016032,,1049
OV-Ip,sign,1024,64,2.5,1,1,0,ip-172-31-41-169,linux,0,1.1464,872.26,Signature,True,2025-11-21T06:38:11.017237,,1050
OV-Ip,verify,0,1,2.5,1,1,0,ip-172-31-41-169,linux,0,1.1254,888.54,Signature,True,2025-11-21T06:38:11.018420,,1051
OV-Ip,verify,0,1,2.5,1,1,0,ip-172-31-41-169,linux,0,1.1301,884.88,Signature,True,2025-11-21T06:38:11.019600,,1052
OV-Ip,verify,0,1,2.5,1,1,0,ip-172-31-41-169,linux,0,1.1752,850.88,Signature,True,2025-11-21T06:38:11.020826,,1053
OV-Ip,verify,0,1,2.5,1,1,0,ip-172-31-41-169,linux,0,1.128,886.55,Signature,True,2025-11-21T06:38:11.022006,,1054
OV-Ip,verify,0,1,2.5,1,1,0,ip-172-31-41-169,linux,0,1.1344,881.49,Signature,True,2025-11-21T06:38:11.023193,,1055
OV-Ip,verify,0,16,2.5,1,1,0,ip-172-31-41-169,linux,0,1.2087,827.32,Signature,True,2025-11-21T06:38:11.024452,,1056
OV-Ip,verify,0,16,2.5,1,1,0,ip-172-31-41-169,linux,0,1.1323,883.13,Signature,True,2025-11-21T06:38:11.025641,,1057
OV-Ip,verify,0,16,2.5,1,1,0,ip-172-31-41-169,linux,0,1.125,888.85,Signature,True,2025-11-21T06:38:11.026817,,1058
OV-Ip,verify,0,16,2.5,1,1,0,ip-172-31-41-169,linux,0,1.1252,888.7,Signature,True,2025-11-21T06:38:11.027992,,1059
OV-Ip,verify,0,16,2.5,1,1,0,ip-172-31-41-169,linux,0,1.1455,872.99,Signature,True,2025-11-21T06:38:11.029188,,1060
OV-Ip,verify,0,64,2.5,1,1,0,ip-172-31-41-169,linux,0,1.1278,886.71,Signature,True,2025-11-21T06:38:11.030365,,1061
OV-Ip,verify,0,64,2.5,1,1,0,ip-172-31-41-169,linux,0,1.148,871.08,Signature,True,2025-11-21T06:38:11.031564,,1062
OV-Ip,verify,0,64,2.5,1,1,0,ip-172-31-41-169,linux,0,1.2018,832.05,Signature,True,2025-11-21T06:38:11.032819,,1063
OV-Ip,verify,0,64,2.5,1,1,0,ip-172-31-41-169,linux,0,1.127,887.28,Signature,True,2025-11-21T06:38:11.034001,,1064
OV-Ip,verify,0,64,2.5,1,1,0,ip-172-31-41-169,linux,0,1.1365,879.87,Signature,True,2025-11-21T06:38:11.035189,,1065
OV-Ip,verify,1024,1,2.5,1,1,0,ip-172-31-41-169,linux,0,1.1899,840.43,Signature,True,2025-11-21T06:38:11.036431,,1066
OV-Ip,verify,1024,1,2.5,1,1,0,ip-172-31-41-169,linux,0,1.1329,882.67,Signature,True,2025-11-21T06:38:11.037616,,1067
OV-Ip,verify,1024,1,2.5,1,1,0,ip-172-31-41-169,linux,0,1.132,883.39,Signature,True,2025-11-21T06:38:11.038799,,1068
OV-Ip,verify,1024,1,2.5,1,1,0,ip-172-31-41-169,linux,0,1.1284,886.24,Signature,True,2025-11-21T06:38:11.039978,,1069
OV-Ip,verify,1024,1,2.5,1,1,0,ip-172-31-41-169,linux,0,1.1486,870.6,Signature,True,2025-11-21T06:38:11.041176,,1070
OV-Ip,verify,1024,16,2.5,1,1,0,ip-172-31-41-169,linux,0,1.1488,870.5,Signature,True,2025-11-21T06:38:11.042375,,1071
OV-Ip,verify,1024,16,2.5,1,1,0,ip-172-31-41-169,linux,0,1.1385,878.36,Signature,True,2025-11-21T06:38:11.043566,,1072
OV-Ip,verify,1024,16,2.5,1,1,0,ip-172-31-41-169,linux,0,1.2456,802.81,Signature,True,2025-11-21T06:38:11.044864,,1073
OV-Ip,verify,1024,16,2.5,1,1,0,ip-172-31-41-169,linux,0,1.1371,879.41,Signature,True,2025-11-21T06:38:11.046057,,1074
OV-Ip,verify,1024,16,2.5,1,1,0,ip-172-31-41-169,linux,0,1.1859,843.27,Signature,True,2025-11-21T06:38:11.047295,,1075
OV-Ip,verify,1024,64,2.5,1,1,0,ip-172-31-41-169,linux,0,1.1475,871.44,Signature,True,2025-11-21T06:38:11.048498,,1076
OV-Ip,verify,1024,64,2.5,1,1,0,ip-172-31-41-169,linux,0,1.1456,872.88,Signature,True,2025-11-21T06:38:11.049697,,1077
OV-Ip,verify,1024,64,2.5,1,1,0,ip-172-31-41-169,linux,0,1.13,884.92,Signature,True,2025-11-21T06:38:11.050882,,1078
OV-Ip,verify,1024,64,2.5,1,1,0,ip-172-31-41-169,linux,0,1.1622,860.45,Signature,True,2025-11-21T06:38:11.052094,,1079
OV-Ip,verify,1024,64,2.5,1,1,0,ip-172-31-41-169,linux,0,1.1461,872.51,Signature,True,2025-11-21T06:38:11.053303,,1080
OV-Ip-pkc,sign,0,1,2.5,1,1,0,ip-172-31-41-169,linux,0,1.2549,796.88,Signature,True,2025-11-21T06:38:11.054618,,1081
OV-Ip-pkc,sign,0,1,2.5,1,1,0,ip-172-31-41-169,linux,0,1.1554,865.48,Signature,True,2025-11-21T06:38:11.055826,,1082
OV-Ip-pkc,sign,0,1,2.5,1,1,0,ip-172-31-41-169,linux,0,1.1676,856.43,Signature,True,2025-11-21T06:38:11.057044,,1083
OV-Ip-pkc,sign,0,1,2.5,1,1,0,ip-172-31-41-169,linux,0,1.1751,850.96,Signature,True,2025-11-21T06:38:11.058271,,1084
OV-Ip-pkc,sign,0,1,2.5,1,1,0,ip-172-31-41-169,linux,0,1.1465,872.21,Signature,True,2025-11-21T06:38:11.059466,,1085
OV-Ip-pkc,sign,0,16,2.5,1,1,0,ip-172-31-41-169,linux,0,1.216,822.38,Signature,True,2025-11-21T06:38:11.060732,,1086
OV-Ip-pkc,sign,0,16,2.5,1,1,0,ip-172-31-41-169,linux,0,1.1661,857.55,Signature,True,2025-11-21T06:38:11.061987,,1087
OV-Ip-pkc,sign,0,16,2.5,1,1,0,ip-172-31-41-169,linux,0,1.1577,863.81,Signature,True,2025-11-21T06:38:11.063196,,1088
OV-Ip-pkc,sign,0,16,2.5,1,1,0,ip-172-31-41-169,linux,0,1.1799,847.53,Signature,True,2025-11-21T06:38:11.064424,,1089
OV-Ip-pkc,sign,0,16,2.5,1,1,0,ip-172-31-41-169,linux,0,1.1622,860.46,Signature,True,2025-11-21T06:38:11.065638,,1090
OV-Ip-pkc,sign,0,64,2.5,1,1,0,ip-172-31-41-169,linux,0,1.1747,851.25,Signature,True,2025-11-21T06:38:11.066866,,1091
OV-Ip-pkc,sign,0,64,2.5,1,1,0,ip-172-31-41-169,linux,0,1.1597,862.31,Signature,True,2025-11-21T06:38:11.068077,,1092
OV-Ip-pkc,sign,0,64,2.5,1,1,0,ip-172-31-41-169,linux,0,1.1883,841.51,Signature,True,2025-11-21T06:38:11.069316,,1093
OV-Ip-pkc,sign,0,64,2.5,1,1,0,ip-172-31-41-169,linux,0,1.1537,866.79,Signature,True,2025-11-21T06:38:11.070521,,1094
OV-Ip-pkc,sign,0,64,2.5,1,1,0,ip-172-31-41-169,linux,0,1.1623,860.37,Signature,True,2025-11-21T06:38:11.071732,,1095
OV-Ip-pkc,sign,1024,1,2.5,1,1,0,ip-172-31-41-169,linux,0,1.1676,856.48,Signature,True,2025-11-21T06:38:11.072953,,1096
OV-Ip-pkc,sign,1024,1,2.5,1,1,0,ip-172-31-41-169,linux,0,1.1677,856.37,Signature,True,2025-11-21T06:38:11.074174,,1097
OV-Ip-pkc,sign,1024,1,2.5,1,1,0,ip-172-31-41-169,linux,0,1.1791,848.11,Signature,True,2025-11-21T06:38:11.075401,,1098
OV-Ip-pkc,sign,1024,1,2.5,1,1,0,ip-172-31-41-169,linux,0,1.1611,861.28,Signature,True,2025-11-21T06:38:11.076612,,1099
OV-Ip-pkc,sign,1024,1,2.5,1,1,0,ip-172-31-41-169,linux,0,1.1563,864.83,Signature,True,2025-11-21T06:38:11.077818,,1100
OV-Ip-pkc,sign,1024,16,2.5,1,1,0,ip-172-31-41-169,linux,0,1.158,863.56,Signature,True,2025-11-21T06:38:11.079027,,1101
OV-Ip-pkc,sign,1024,16,2.5,1,1,0,ip-172-31-41-169,linux,0,1.165,858.39,Signature,True,2025-11-21T06:38:11.080241,,1102
OV-Ip-pkc,sign,1024,16,2.5,1,1,0,ip-172-31-41-169,linux,0,1.1768,849.78,Signature,True,2025-11-21T06:38:11.081469,,1103
OV-Ip-pkc,sign,1024,16,2.5,1,1,0,ip-172-31-41-169,linux,0,1.1675,856.53,Signature,True,2025-11-21T06:38:11.082690,,1104
OV-Ip-pkc,sign,1024,16,2.5,1,1,0,ip-172-31-41-169,linux,0,1.1661,857.54,Signature,True,2025-11-21T06:38:11.083904,,1105
OV-Ip-pkc,sign,1024,64,2.5,1,1,0,ip-172-31-41-169,linux,0,1.1793,847.94,Signature,True,2025-11-21T06:38:11.085134,,1106
OV-Ip-pkc,sign,1024,64,2.5,1,1,0,ip-172-31-41-169,linux,0,1.1939,837.57,Signature,True,2025-11-21T06:38:11.086389,,1107
OV-Ip-pkc,sign,1024,64,2.5,1,1,0,ip-172-31-41-169,linux,0,1.1705,854.33,Signature,True,2025-11-21T06:38:11.087609,,1108
OV-Ip-pkc,sign,1024,64,2.5,1,1,0,ip-172-31-41-169,linux,0,1.1772,849.45,Signature,True,2025-11-21T06:38:11.088835,,1109
OV-Ip-pkc,sign,1024,64,2.5,1,1,0,ip-172-31-41-169,linux,0,1.1658,857.77,Signature,True,2025-11-21T06:38:11.090051,,1110
OV-Ip-pkc,verify,0,1,2.5,1,1,0,ip-172-31-41-169,linux,0,1.1751,851.02,Signature,True,2025-11-21T06:38:11.091284,,1111
OV-Ip-pkc,verify,0,1,2.5,1,1,0,ip-172-31-41-169,linux,0,1.1554,865.47,Signature,True,2025-11-21T06:38:11.092489,,1112
OV-Ip-pkc,verify,0,1,2.5,1,1,0,ip-172-31-41-169,linux,0,1.1941,837.46,Signature,True,2025-11-21T06:38:11.093732,,1113
OV-Ip-pkc,verify,0,1,2.5,1,1,0,ip-172-31-41-169,linux,0,1.1501,869.46,Signature,True,2025-11-21T06:38:11.094932,,1114
OV-Ip-pkc,verify,0,1,2.5,1,1,0,ip-172-31-41-169,linux,0,1.1571,864.25,Signature,True,2025-11-21T06:38:11.096151,,1115
OV-Ip-pkc,verify,0,16,2.5,1,1,0,ip-172-31-41-169,linux,0,1.1675,856.55,Signature,True,2025-11-21T06:38:11.097368,,1116
OV-Ip-pkc,verify,0,16,2.5,1,1,0,ip-172-31-41-169,linux,0,1.1458,872.73,Signature,True,2025-11-21T06:38:11.098562,,1117
OV-Ip-pkc,verify,0,16,2.5,1,1,0,ip-172-31-41-169,linux,0,1.1551,865.74,Signature,True,2025-11-21T06:38:11.099765,,1118
OV-Ip-pkc,verify,0,16,2.5,1,1,0,ip-172-31-41-169,linux,0,1.1579,863.6,Signature,True,2025-11-21T06:38:11.100972,,1119
OV-Ip-pkc,verify,0,16,2.5,1,1,0,ip-172-31-41-169,linux,0,1.1648,858.49,Signature,True,2025-11-21T06:38:11.102187,,1120
OV-Ip-pkc,verify,0,64,2.5,1,1,0,ip-172-31-41-169,linux,0,1.1637,859.34,Signature,True,2025-11-21T06:38:11.103398,,1121
OV-Ip-pkc,verify,0,64,2.5,1,1,0,ip-172-31-41-169,linux,0,1.1543,866.31,Signature,True,2025-11-21T06:38:11.104602,,1122
OV-Ip-pkc,verify,0,64,2.5,1,1,0,ip-172-31-41-169,linux,0,1.1671,856.82,Signature,True,2025-11-21T06:38:11.105817,,1123
OV-Ip-pkc,verify,0,64,2.5,1,1,0,ip-172-31-41-169,linux,0,1.1648,858.48,Signature,True,2025-11-21T06:38:11.107032,,1124
OV-Ip-pkc,verify,0,64,2.5,1,1,0,ip-172-31-41-169,linux,0,1.1641,859.0,Signature,True,2025-11-21T06:38:11.108248,,1125
OV-Ip-pkc,verify,1024,1,2.5,1,1,0,ip-172-31-41-169,linux,0,1.1697,854.89,Signature,True,2025-11-21T06:38:11.109467,,1126
OV-Ip-pkc,verify,1024,1,2.5,1,1,0,ip-172-31-41-169,linux,0,1.1604,861.8,Signature,True,2025-11-21T06:38:11.110678,,1127
OV-Ip-pkc,verify,1024,1,2.5,1,1,0,ip-172-31-41-169,linux,0,1.1534,866.98,Signature,True,2025-11-21T06:38:11.111881,,1128
OV-Ip-pkc,verify,1024,1,2.5,1,1,0,ip-172-31-41-169,linux,0,1.1661,857.55,Signature,True,2025-11-21T06:38:11.113095,,1129
OV-Ip-pkc,verify,1024,1,2.5,1,1,0,ip-172-31-41-169,linux,0,1.1756,850.61,Signature,True,2025-11-21T06:38:11.114319,,1130
OV-Ip-pkc,verify,1024,16,2.5,1,1,0,ip-172-31-41-169,linux,0,1.1605,861.68,Signature,True,2025-11-21T06:38:11.115530,,1131
OV-Ip-pkc,verify,1024,16,2.5,1,1,0,ip-172-31-41-169,linux,0,1.1853,843.63,Signature,True,2025-11-21T06:38:11.116766,,1132
OV-Ip-pkc,verify,1024,16,2.5,1,1,0,ip-172-31-41-169,linux,0,1.1741,851.71,Signature,True,2025-11-21T06:38:11.117989,,1133
OV-Ip-pkc,verify,1024,16,2.5,1,1,0,ip-172-31-41-169,linux,0,1.186,843.16,Signature,True,2025-11-21T06:38:11.119225,,1134
OV-Ip-pkc,verify,1024,16,2.5,1,1,0,ip-172-31-41-169,linux,0,1.1674,856.6,Signature,True,2025-11-21T06:38:11.120442,,1135
OV-Ip-pkc,verify,1024,64,2.5,1,1,0,ip-172-31-41-169,linux,0,1.1547,865.99,Signature,True,2025-11-21T06:38:11.121650,,1136
OV-Ip-pkc,verify,1024,64,2.5,1,1,0,ip-172-31-41-169,linux,0,1.1949,836.92,Signature,True,2025-11-21T06:38:11.122893,,1137
OV-Ip-pkc,verify,1024,64,2.5,1,1,0,ip-172-31-41-169,linux,0,1.1612,861.17,Signature,True,2025-11-21T06:38:11.124104,,1138
OV-Ip-pkc,verify,1024,64,2.5,1,1,0,ip-172-31-41-169,linux,0,1.18,847.47,Signature,True,2025-11-21T06:38:11.125369,,1139
OV-Ip-pkc,verify,1024,64,2.5,1,1,0,ip-172-31-41-169,linux,0,1.1552,865.67,Signature,True,2025-11-21T06:38:11.126573,,1140
OV-Ip-pkc-skc,sign,0,1,2.5,1,1,0,ip-172-31-41-169,linux,0,1.8501,540.5,Signature,True,2025-11-21T06:38:11.128482,,1141
OV-Ip-pkc-skc,sign,0,1,2.5,1,1,0,ip-172-31-41-169,linux,0,1.735,576.37,Signature,True,2025-11-21T06:38:11.130268,,1142
OV-Ip-pkc-skc,sign,0,1,2.5,1,1,0,ip-172-31-41-169,linux,0,1.7167,582.51,Signature,True,2025-11-21T06:38:11.132034,,1143
OV-Ip-pkc-skc,sign,0,1,2.5,1,1,0,ip-172-31-41-169,linux,0,1.7326,577.18,Signature,True,2025-11-21T06:38:11.133822,,1144
OV-Ip-pkc-skc,sign,0,1,2.5,1,1,0,ip-172-31-41-169,linux,0,1.7233,580.27,Signature,True,2025-11-21T06:38:11.135592,,1145
OV-Ip-pkc-skc,sign,0,16,2.5,1,1,0,ip-172-31-41-169,linux,0,1.7372,575.63,Signature,True,2025-11-21T06:38:11.137378,,1146
OV-Ip-pkc-skc,sign,0,16,2.5,1,1,0,ip-172-31-41-169,linux,0,1.7116,584.25,Signature,True,2025-11-21T06:38:11.139147,,1147
OV-Ip-pkc-skc,sign,0,16,2.5,1,1,0,ip-172-31-41-169,linux,0,1.7378,575.45,Signature,True,2025-11-21T06:38:11.140931,,1148
OV-Ip-pkc-skc,sign,0,16,2.5,1,1,0,ip-172-31-41-169,linux,0,1.7314,577.58,Signature,True,2025-11-21T06:38:11.142710,,1149
OV-Ip-pkc-skc,sign,0,16,2.5,1,1,0,ip-172-31-41-169,linux,0,1.7397,574.82,Signature,True,2025-11-21T06:38:11.144497,,1150
OV-Ip-pkc-skc,sign,0,64,2.5,1,1,0,ip-172-31-41-169,linux,0,1.7453,572.96,Signature,True,2025-11-21T06:38:11.146292,,1151
OV-Ip-pkc-skc,sign,0,64,2.5,1,1,0,ip-172-31-41-169,linux,0,1.7293,578.26,Signature,True,2025-11-21T06:38:11.148068,,1152
OV-Ip-pkc-skc,sign,0,64,2.5,1,1,0,ip-172-31-41-169,linux,0,1.7162,582.68,Signature,True,2025-11-21T06:38:11.149831,,1153
OV-Ip-pkc-skc,sign,0,64,2.5,1,1,0,ip-172-31-41-169,linux,0,1.7108,584.51,Signature,True,2025-11-21T06:38:11.151633,,1154
OV-Ip-pkc-skc,sign,0,64,2.5,1,1,0,ip-172-31-41-169,linux,0,1.7422,574.0,Signature,True,2025-11-21T06:38:11.153424,,1155
OV-Ip-pkc-skc,sign,1024,1,2.5,1,1,0,ip-172-31-41-169,linux,0,1.7478,572.13,Signature,True,2025-11-21T06:38:11.155224,,1156
OV-Ip-pkc-skc,sign,1024,1,2.5,1,1,0,ip-172-31-41-169,linux,0,1.73,578.05,Signature,True,2025-11-21T06:38:11.157002,,1157
OV-Ip-pkc-skc,sign,1024,1,2.5,1,1,0,ip-172-31-41-169,linux,0,1.7338,576.78,Signature,True,2025-11-21T06:38:11.158787,,1158
OV-Ip-pkc-skc,sign,1024,1,2.5,1,1,0,ip-172-31-41-169,linux,0,1.743,573.73,Signature,True,2025-11-21T06:38:11.160581,,1159
OV-Ip-pkc-skc,sign,1024,1,2.5,1,1,0,ip-172-31-41-169,linux,0,1.7335,576.87,Signature,True,2025-11-21T06:38:11.162367,,1160
OV-Ip-pkc-skc,sign,1024,16,2.5,1,1,0,ip-172-31-41-169,linux,0,1.7229,580.42,Signature,True,2025-11-21T06:38:11.164159,,1161
OV-Ip-pkc-skc,sign,1024,16,2.5,1,1,0,ip-172-31-41-169,linux,0,1.7253,579.62,Signature,True,2025-11-21T06:38:11.165942,,1162
OV-Ip-pkc-skc,sign,1024,16,2.5,1,1,0,ip-172-31-41-169,linux,0,1.7306,577.84,Signature,True,2025-11-21T06:38:11.167723,,1163
OV-Ip-pkc-skc,sign,1024,16,2.5,1,1,0,ip-172-31-41-169,linux,0,1.7527,570.56,Signature,True,2025-11-21T06:38:11.169524,,1164
OV-Ip-pkc-skc,sign,1024,16,2.5,1,1,0,ip-172-31-41-169,linux,0,1.7552,569.75,Signature,True,2025-11-21T06:38:11.171328,,1165
OV-Ip-pkc-skc,sign,1024,64,2.5,1,1,0,ip-172-31-41-169,linux,0,1.7342,576.64,Signature,True,2025-11-21T06:38:11.173114,,1166
OV-Ip-pkc-skc,sign,1024,64,2.5,1,1,0,ip-172-31-41-169,linux,0,1.7342,576.63,Signature,True,2025-11-21T06:38:11.174909,,1167
OV-Ip-pkc-skc,sign,1024,64,2.5,1,1,0,ip-172-31-41-169,linux,0,1.7648,566.64,Signature,True,2025-11-21T06:38:11.176723,,1168
OV-Ip-pkc-skc,sign,1024,64,2.5,1,1,0,ip-172-31-41-169,linux,0,1.7359,576.08,Signature,True,2025-11-21T06:38:11.178510,,1169
OV-Ip-pkc-skc,sign,1024,64,2.5,1,1,0,ip-172-31-41-169,linux,0,1.7528,570.53,Signature,True,2025-11-21T06:38:11.180315,,1170
OV-Ip-pkc-skc,verify,0,1,2.5,1,1,0,ip-172-31-41-169,linux,0,1.7392,574.99,Signature,True,2025-11-21T06:38:11.182113,,1171
OV-Ip-pkc-skc,verify,0,1,2.5,1,1,0,ip-172-31-41-169,linux,0,1.7119,584.14,Signature,True,2025-11-21T06:38:11.183896,,1172
OV-Ip-pkc-skc,verify,0,1,2.5,1,1,0,ip-172-31-41-169,linux,0,1.735,576.37,Signature,True,2025-11-21T06:38:11.185681,,1173
OV-Ip-pkc-skc,verify,0,1,2.5,1,1,0,ip-172-31-41-169,linux,0,1.733,577.05,Signature,True,2025-11-21T06:38:11.187464,,1174
OV-Ip-pkc-skc,verify,0,1,2.5,1,1,0,ip-172-31-41-169,linux,0,1.7488,571.82,Signature,True,2025-11-21T06:38:11.189265,,1175
OV-Ip-pkc-skc,verify,0,16,2.5,1,1,0,ip-172-31-41-169,linux,0,1.7176,582.2,Signature,True,2025-11-21T06:38:11.191033,,1176
OV-Ip-pkc-skc,verify,0,16,2.5,1,1,0,ip-172-31-41-169,linux,0,1.7418,574.11,Signature,True,2025-11-21T06:38:11.192826,,1177
OV-Ip-pkc-skc,verify,0,16,2.5,1,1,0,ip-172-31-41-169,linux,0,1.7478,572.15,Signature,True,2025-11-21T06:38:11.194625,,1178
OV-Ip-pkc-skc,verify,0,16,2.5,1,1,0,ip-172-31-41-169,linux,0,1.7348,576.45,Signature,True,2025-11-21T06:38:11.196409,,1179
OV-Ip-pkc-skc,verify,0,16,2.5,1,1,0,ip-172-31-41-169,linux,0,1.7184,581.93,Signature,True,2025-11-21T06:38:11.198178,,1180
OV-Ip-pkc-skc,verify,0,64,2.5,1,1,0,ip-172-31-41-169,linux,0,1.7478,572.14,Signature,True,2025-11-21T06:38:11.199976,,1181
OV-Ip-pkc-skc,verify,0,64,2.5,1,1,0,ip-172-31-41-169,linux,0,1.733,577.04,Signature,True,2025-11-21T06:38:11.201762,,1182
OV-Ip-pkc-skc,verify,0,64,2.5,1,1,0,ip-172-31-41-169,linux,0,1.7247,579.8,Signature,True,2025-11-21T06:38:11.203536,,1183
OV-Ip-pkc-skc,verify,0,64,2.5,1,1,0,ip-172-31-41-169,linux,0,1.7433,573.64,Signature,True,2025-11-21T06:38:11.205330,,1184
OV-Ip-pkc-skc,verify,0,64,2.5,1,1,0,ip-172-31-41-169,linux,0,1.7059,586.2,Signature,True,2025-11-21T06:38:11.207087,,1185
OV-Ip-pkc-skc,verify,1024,1,2.5,1,1,0,ip-172-31-41-169,linux,0,1.7561,569.43,Signature,True,2025-11-21T06:38:11.208895,,1186
OV-Ip-pkc-skc,verify,1024,1,2.5,1,1,0,ip-172-31-41-169,linux,0,1.7272,578.98,Signature,True,2025-11-21T06:38:11.210673,,1187
OV-Ip-pkc-skc,verify,1024,1,2.5,1,1,0,ip-172-31-41-169,linux,0,1.7439,573.44,Signature,True,2025-11-21T06:38:11.212465,,1188
OV-Ip-pkc-skc,verify,1024,1,2.5,1,1,0,ip-172-31-41-169,linux,0,1.7369,575.74,Signature,True,2025-11-21T06:38:11.214252,,1189
OV-Ip-pkc-skc,verify,1024,1,2.5,1,1,0,ip-172-31-41-169,linux,0,1.7285,578.52,Signature,True,2025-11-21T06:38:11.216032,,1190
OV-Ip-pkc-skc,verify,1024,16,2.5,1,1,0,ip-172-31-41-169,linux,0,1.7179,582.1,Signature,True,2025-11-21T06:38:11.217807,,1191
OV-Ip-pkc-skc,verify,1024,16,2.5,1,1,0,ip-172-31-41-169,linux,0,1.7129,583.82,Signature,True,2025-11-21T06:38:11.219567,,1192
OV-Ip-pkc-skc,verify,1024,16,2.5,1,1,0,ip-172-31-41-169,linux,0,1.7417,574.14,Signature,True,2025-11-21T06:38:11.221358,,1193
OV-Ip-pkc-skc,verify,1024,16,2.5,1,1,0,ip-172-31-41-169,linux,0,1.7236,580.18,Signature,True,2025-11-21T06:38:11.223130,,1194
OV-Ip-pkc-skc,verify,1024,16,2.5,1,1,0,ip-172-31-41-169,linux,0,1.7395,574.88,Signature,True,2025-11-21T06:38:11.224929,,1195
OV-Ip-pkc-skc,verify,1024,64,2.5,1,1,0,ip-172-31-41-169,linux,0,1.7494,571.63,Signature,True,2025-11-21T06:38:11.226734,,1196
OV-Ip-pkc-skc,verify,1024,64,2.5,1,1,0,ip-172-31-41-169,linux,0,1.7808,561.55,Signature,True,2025-11-21T06:38:11.228600,,1197
OV-Ip-pkc-skc,verify,1024,64,2.5,1,1,0,ip-172-31-41-169,linux,0,1.7421,574.01,Signature,True,2025-11-21T06:38:11.230395,,1198
OV-Ip-pkc-skc,verify,1024,64,2.5,1,1,0,ip-172-31-41-169,linux,0,1.7411,574.36,Signature,True,2025-11-21T06:38:11.232186,,1199
OV-Ip-pkc-skc,verify,1024,64,2.5,1,1,0,ip-172-31-41-169,linux,0,1.792,558.03,Signature,True,2025-11-21T06:38:11.234031,,1200
OV-Is,sign,0,1,2.5,1,1,0,ip-172-31-41-169,linux,0,2.1042,475.24,Signature,True,2025-11-21T06:38:11.236213,,1201
OV-Is,sign,0,1,2.5,1,1,0,ip-172-31-41-169,linux,0,1.8834,530.94,Signature,True,2025-11-21T06:38:11.238165,,1202
OV-Is,sign,0,1,2.5,1,1,0,ip-172-31-41-169,linux,0,1.8142,551.19,Signature,True,2025-11-21T06:38:11.240039,,1203
OV-Is,sign,0,1,2.5,1,1,0,ip-172-31-41-169,linux,0,1.8963,527.33,Signature,True,2025-11-21T06:38:11.242010,,1204
OV-Is,sign,0,1,2.5,1,1,0,ip-172-31-41-169,linux,0,1.7972,556.43,Signature,True,2025-11-21T06:38:11.243867,,1205
OV-Is,sign,0,16,2.5,1,1,0,ip-172-31-41-169,linux,0,1.8356,544.77,Signature,True,2025-11-21T06:38:11.245765,,1206
OV-Is,sign,0,16,2.5,1,1,0,ip-172-31-41-169,linux,0,1.8582,538.14,Signature,True,2025-11-21T06:38:11.247682,,1207
OV-Is,sign,0,16,2.5,1,1,0,ip-172-31-41-169,linux,0,1.8819,531.38,Signature,True,2025-11-21T06:38:11.249630,,1208
OV-Is,sign,0,16,2.5,1,1,0,ip-172-31-41-169,linux,0,1.9298,518.2,Signature,True,2025-11-21T06:38:11.251625,,1209
OV-Is,sign,0,16,2.5,1,1,0,ip-172-31-41-169,linux,0,1.9592,510.41,Signature,True,2025-11-21T06:38:11.253650,,1210
OV-Is,sign,0,64,2.5,1,1,0,ip-172-31-41-169,linux,0,1.8546,539.2,Signature,True,2025-11-21T06:38:11.255566,,1211
OV-Is,sign,0,64,2.5,1,1,0,ip-172-31-41-169,linux,0,1.8997,526.39,Signature,True,2025-11-21T06:38:11.257530,,1212
OV-Is,sign,0,64,2.5,1,1,0,ip-172-31-41-169,linux,0,1.8784,532.38,Signature,True,2025-11-21T06:38:11.259470,,1213
OV-Is,sign,0,64,2.5,1,1,0,ip-172-31-41-169,linux,0,1.8051,554.0,Signature,True,2025-11-21T06:38:11.261335,,1214
OV-Is,sign,0,64,2.5,1,1,0,ip-172-31-41-169,linux,0,1.8024,554.8,Signature,True,2025-11-21T06:38:11.263197,,1215
OV-Is,sign,1024,1,2.5,1,1,0,ip-172-31-41-169,linux,0,1.9276,518.77,Signature,True,2025-11-21T06:38:11.265186,,1216
OV-Is,sign,1024,1,2.5,1,1,0,ip-172-31-41-169,linux,0,1.8499,540.57,Signature,True,2025-11-21T06:38:11.267094,,1217
OV-Is,sign,1024,1,2.5,1,1,0,ip-172-31-41-169,linux,0,1.7869,559.61,Signature,True,2025-11-21T06:38:11.268956,,1218
OV-Is,sign,1024,1,2.5,1,1,0,ip-172-31-41-169,linux,0,1.8042,554.27,Signature,True,2025-11-21T06:38:11.270815,,1219
OV-Is,sign,1024,1,2.5,1,1,0,ip-172-31-41-169,linux,0,1.8327,545.64,Signature,True,2025-11-21T06:38:11.272703,,1220
OV-Is,sign,1024,16,2.5,1,1,0,ip-172-31-41-169,linux,0,1.7923,557.93,Signature,True,2025-11-21T06:38:11.274591,,1221
OV-Is,sign,1024,16,2.5,1,1,0,ip-172-31-41-169,linux,0,1.8473,541.32,Signature,True,2025-11-21T06:38:11.276496,,1222
OV-Is,sign,1024,16,2.5,1,1,0,ip-172-31-41-169,linux,0,1.932,517.59,Signature,True,2025-11-21T06:38:11.278494,,1223
OV-Is,sign,1024,16,2.5,1,1,0,ip-172-31-41-169,linux,0,1.8954,527.58,Signature,True,2025-11-21T06:38:11.280453,,1224
OV-Is,sign,1024,16,2.5,1,1,0,ip-172-31-41-169,linux,0,1.8128,551.63,Signature,True,2025-11-21T06:38:11.282324,,1225
OV-Is,sign,1024,64,2.5,1,1,0,ip-172-31-41-169,linux,0,1.8153,550.88,Signature,True,2025-11-21T06:38:11.284199,,1226
OV-Is,sign,1024,64,2.5,1,1,0,ip-172-31-41-169,linux,0,1.8071,553.37,Signature,True,2025-11-21T06:38:11.286063,,1227
OV-Is,sign,1024,64,2.5,1,1,0,ip-172-31-41-169,linux,0,1.8122,551.82,Signature,True,2025-11-21T06:38:11.287934,,1228
OV-Is,sign,1024,64,2.5,1,1,0,ip-172-31-41-169,linux,0,1.8349,545.0,Signature,True,2025-11-21T06:38:11.289827,,1229
OV-Is,sign,1024,64,2.5,1,1,0,ip-172-31-41-169,linux,0,1.865,536.19,Signature,True,2025-11-21T06:38:11.291756,,1230
OV-Is,verify,0,1,2.5,1,1,0,ip-172-31-41-169,linux,0,1.8361,544.63,Signature,True,2025-11-21T06:38:11.293660,,1231
OV-Is,verify,0,1,2.5,1,1,0,ip-172-31-41-169,linux,0,1.8681,535.3,Signature,True,2025-11-21T06:38:11.295592,,1232
OV-Is,verify,0,1,2.5,1,1,0,ip-172-31-41-169,linux,0,1.8968,527.22,Signature,True,2025-11-21T06:38:11.297552,,1233
OV-Is,verify,0,1,2.5,1,1,0,ip-172-31-41-169,linux,0,1.8655,536.05,Signature,True,2025-11-21T06:38:11.299478,,1234
OV-Is,verify,0,1,2.5,1,1,0,ip-172-31-41-169,linux,0,1.8161,550.64,Signature,True,2025-11-21T06:38:11.301350,,1235
OV-Is,verify,0,16,2.5,1,1,0,ip-172-31-41-169,linux,0,1.7973,556.38,Signature,True,2025-11-21T06:38:11.303205,,1236
OV-Is,verify,0,16,2.5,1,1,0,ip-172-31-41-169,linux,0,1.8022,554.88,Signature,True,2025-11-21T06:38:11.305062,,1237
OV-Is,verify,0,16,2.5,1,1,0,ip-172-31-41-169,linux,0,1.8152,550.92,Signature,True,2025-11-21T06:38:11.306937,,1238
OV-Is,verify,0,16,2.5,1,1,0,ip-172-31-41-169,linux,0,1.9082,524.06,Signature,True,2025-11-21T06:38:11.308906,,1239
OV-Is,verify,0,16,2.5,1,1,0,ip-172-31-41-169,linux,0,1.784,560.54,Signature,True,2025-11-21T06:38:11.310751,,1240
OV-Is,verify,0,64,2.5,1,1,0,ip-172-31-41-169,linux,0,1.8192,549.68,Signature,True,2025-11-21T06:38:11.312630,,1241
OV-Is,verify,0,64,2.5,1,1,0,ip-172-31-41-169,linux,0,1.822,548.86,Signature,True,2025-11-21T06:38:11.314510,,1242
OV-Is,verify,0,64,2.5,1,1,0,ip-172-31-41-169,linux,0,1.8816,531.47,Signature,True,2025-11-21T06:38:11.316453,,1243
OV-Is,verify,0,64,2.5,1,1,0,ip-172-31-41-169,linux,0,1.8599,537.65,Signature,True,2025-11-21T06:38:11.318371,,1244
OV-Is,verify,0,64,2.5,1,1,0,ip-172-31-41-169,linux,0,1.8902,529.06,Signature,True,2025-11-21T06:38:11.320323,,1245
OV-Is,verify,1024,1,2.5,1,1,0,ip-172-31-41-169,linux,0,1.8593,537.85,Signature,True,2025-11-21T06:38:11.322246,,1246
OV-Is,verify,1024,1,2.5,1,1,0,ip-172-31-41-169,linux,0,1.783,560.86,Signature,True,2025-11-21T06:38:11.324087,,1247
OV-Is,verify,1024,1,2.5,1,1,0,ip-172-31-41-169,linux,0,1.837,544.35,Signature,True,2025-11-21T06:38:11.325982,,1248
OV-Is,verify,1024,1,2.5,1,1,0,ip-172-31-41-169,linux,0,1.8222,548.78,Signature,True,2025-11-21T06:38:11.327862,,1249
OV-Is,verify,1024,1,2.5,1,1,0,ip-172-31-41-169,linux,0,1.9094,523.71,Signature,True,2025-11-21T06:38:11.329833,,1250
OV-Is,verify,1024,16,2.5,1,1,0,ip-172-31-41-169,linux,0,1.9044,525.09,Signature,True,2025-11-21T06:38:11.331801,,1251
OV-Is,verify,1024,16,2.5,1,1,0,ip-172-31-41-169,linux,0,1.9014,525.94,Signature,True,2025-11-21T06:38:11.333764,,1252
OV-Is,verify,1024,16,2.5,1,1,0,ip-172-31-41-169,linux,0,1.8664,535.8,Signature,True,2025-11-21T06:38:11.335693,,1253
OV-Is,verify,1024,16,2.5,1,1,0,ip-172-31-41-169,linux,0,1.8069,553.42,Signature,True,2025-11-21T06:38:11.337556,,1254
OV-Is,verify,1024,16,2.5,1,1,0,ip-172-31-41-169,linux,0,1.8004,555.43,Signature,True,2025-11-21T06:38:11.339412,,1255
OV-Is,verify,1024,64,2.5,1,1,0,ip-172-31-41-169,linux,0,1.8754,533.22,Signature,True,2025-11-21T06:38:11.341344,,1256
OV-Is,verify,1024,64,2.5,1,1,0,ip-172-31-41-169,linux,0,1.8286,546.86,Signature,True,2025-11-21T06:38:11.343232,,1257
OV-Is,verify,1024,64,2.5,1,1,0,ip-172-31-41-169,linux,0,1.8489,540.86,Signature,True,2025-11-21T06:38:11.345162,,1258
OV-Is,verify,1024,64,2.5,1,1,0,ip-172-31-41-169,linux,0,1.8029,554.67,Signature,True,2025-11-21T06:38:11.347023,,1259
OV-Is,verify,1024,64,2.5,1,1,0,ip-172-31-41-169,linux,0,1.8285,546.9,Signature,True,2025-11-21T06:38:11.348910,,1260
OV-Is-pkc,sign,0,1,2.5,1,1,0,ip-172-31-41-169,linux,0,1.8673,535.52,Signature,True,2025-11-21T06:38:11.350849,,1261
OV-Is-pkc,sign,0,1,2.5,1,1,0,ip-172-31-41-169,linux,0,1.8387,543.85,Signature,True,2025-11-21T06:38:11.352750,,1262
OV-Is-pkc,sign,0,1,2.5,1,1,0,ip-172-31-41-169,linux,0,1.765,566.56,Signature,True,2025-11-21T06:38:11.354578,,1263
OV-Is-pkc,sign,0,1,2.5,1,1,0,ip-172-31-41-169,linux,0,1.6886,592.2,Signature,True,2025-11-21T06:38:11.356321,,1264
OV-Is-pkc,sign,0,1,2.5,1,1,0,ip-172-31-41-169,linux,0,1.723,580.39,Signature,True,2025-11-21T06:38:11.358098,,1265
OV-Is-pkc,sign,0,16,2.5,1,1,0,ip-172-31-41-169,linux,0,1.7379,575.42,Signature,True,2025-11-21T06:38:11.359915,,1266
OV-Is-pkc,sign,0,16,2.5,1,1,0,ip-172-31-41-169,linux,0,1.7028,587.25,Signature,True,2025-11-21T06:38:11.361672,,1267
OV-Is-pkc,sign,0,16,2.5,1,1,0,ip-172-31-41-169,linux,0,1.7016,587.68,Signature,True,2025-11-21T06:38:11.363430,,1268
OV-Is-pkc,sign,0,16,2.5,1,1,0,ip-172-31-41-169,linux,0,1.7287,578.47,Signature,True,2025-11-21T06:38:11.365213,,1269
OV-Is-pkc,sign,0,16,2.5,1,1,0,ip-172-31-41-169,linux,0,1.7409,574.4,Signature,True,2025-11-21T06:38:11.367010,,1270
OV-Is-pkc,sign,0,64,2.5,1,1,0,ip-172-31-41-169,linux,0,1.7212,580.98,Signature,True,2025-11-21T06:38:11.368787,,1271
OV-Is-pkc,sign,0,64,2.5,1,1,0,ip-172-31-41-169,linux,0,1.6608,602.11,Signature,True,2025-11-21T06:38:11.370505,,1272
OV-Is-pkc,sign,0,64,2.5,1,1,0,ip-172-31-41-169,linux,0,1.7569,569.2,Signature,True,2025-11-21T06:38:11.372315,,1273
OV-Is-pkc,sign,0,64,2.5,1,1,0,ip-172-31-41-169,linux,0,1.758,568.84,Signature,True,2025-11-21T06:38:11.374130,,1274
OV-Is-pkc,sign,0,64,2.5,1,1,0,ip-172-31-41-169,linux,0,1.7107,584.56,Signature,True,2025-11-21T06:38:11.375910,,1275
OV-Is-pkc,sign,1024,1,2.5,1,1,0,ip-172-31-41-169,linux,0,1.8247,548.05,Signature,True,2025-11-21T06:38:11.377800,,1276
OV-Is-pkc,sign,1024,1,2.5,1,1,0,ip-172-31-41-169,linux,0,1.7868,559.65,Signature,True,2025-11-21T06:38:11.379652,,1277
OV-Is-pkc,sign,1024,1,2.5,1,1,0,ip-172-31-41-169,linux,0,1.8267,547.43,Signature,True,2025-11-21T06:38:11.381542,,1278
OV-Is-pkc,sign,1024,1,2.5,1,1,0,ip-172-31-41-169,linux,0,1.7582,568.76,Signature,True,2025-11-21T06:38:11.383361,,1279
OV-Is-pkc,sign,1024,1,2.5,1,1,0,ip-172-31-41-169,linux,0,1.7063,586.06,Signature,True,2025-11-21T06:38:11.385122,,1280
OV-Is-pkc,sign,1024,16,2.5,1,1,0,ip-172-31-41-169,linux,0,1.7086,585.28,Signature,True,2025-11-21T06:38:11.386899,,1281
OV-Is-pkc,sign,1024,16,2.5,1,1,0,ip-172-31-41-169,linux,0,1.7738,563.76,Signature,True,2025-11-21T06:38:11.388732,,1282
OV-Is-pkc,sign,1024,16,2.5,1,1,0,ip-172-31-41-169,linux,0,1.7414,574.26,Signature,True,2025-11-21T06:38:11.390530,,1283
OV-Is-pkc,sign,1024,16,2.5,1,1,0,ip-172-31-41-169,linux,0,1.7369,575.75,Signature,True,2025-11-21T06:38:11.392320,,1284
OV-Is-pkc,sign,1024,16,2.5,1,1,0,ip-172-31-41-169,linux,0,1.7557,569.56,Signature,True,2025-11-21T06:38:11.394134,,1285
OV-Is-pkc,sign,1024,64,2.5,1,1,0,ip-172-31-41-169,linux,0,1.6832,594.09,Signature,True,2025-11-21T06:38:11.395884,,1286
OV-Is-pkc,sign,1024,64,2.5,1,1,0,ip-172-31-41-169,linux,0,1.7442,573.31,Signature,True,2025-11-21T06:38:11.397683,,1287
OV-Is-pkc,sign,1024,64,2.5,1,1,0,ip-172-31-41-169,linux,0,1.7603,568.07,Signature,True,2025-11-21T06:38:11.399503,,1288
OV-Is-pkc,sign,1024,64,2.5,1,1,0,ip-172-31-41-169,linux,0,1.7141,583.39,Signature,True,2025-11-21T06:38:11.401269,,1289
OV-Is-pkc,sign,1024,64,2.5,1,1,0,ip-172-31-41-169,linux,0,1.7005,588.05,Signature,True,2025-11-21T06:38:11.403058,,1290
OV-Is-pkc,verify,0,1,2.5,1,1,0,ip-172-31-41-169,linux,0,1.7923,557.96,Signature,True,2025-11-21T06:38:11.404918,,1291
OV-Is-pkc,verify,0,1,2.5,1,1,0,ip-172-31-41-169,linux,0,1.677,596.29,Signature,True,2025-11-21T06:38:11.406650,,1292
OV-Is-pkc,verify,0,1,2.5,1,1,0,ip-172-31-41-169,linux,0,1.7286,578.49,Signature,True,2025-11-21T06:38:11.408429,,1293
OV-Is-pkc,verify,0,1,2.5,1,1,0,ip-172-31-41-169,linux,0,1.699,588.57,Signature,True,2025-11-21T06:38:11.410183,,1294
OV-Is-pkc,verify,0,1,2.5,1,1,0,ip-172-31-41-169,linux,0,1.676,596.68,Signature,True,2025-11-21T06:38:11.411909,,1295
OV-Is-pkc,verify,0,16,2.5,1,1,0,ip-172-31-41-169,linux,0,1.7088,585.19,Signature,True,2025-11-21T06:38:11.413673,,1296
OV-Is-pkc,verify,0,16,2.5,1,1,0,ip-172-31-41-169,linux,0,1.743,573.71,Signature,True,2025-11-21T06:38:11.415471,,1297
OV-Is-pkc,verify,0,16,2.5,1,1,0,ip-172-31-41-169,linux,0,1.7406,574.52,Signature,True,2025-11-21T06:38:11.417267,,1298
OV-Is-pkc,verify,0,16,2.5,1,1,0,ip-172-31-41-169,linux,0,1.7409,574.42,Signature,True,2025-11-21T06:38:11.419066,,1299
OV-Is-pkc,verify,0,16,2.5,1,1,0,ip-172-31-41-169,linux,0,1.7105,584.61,Signature,True,2025-11-21T06:38:11.420832,,1300
OV-Is-pkc,verify,0,64,2.5,1,1,0,ip-172-31-41-169,linux,0,1.7608,567.92,Signature,True,2025-11-21T06:38:11.422651,,1301
OV-Is-pkc,verify,0,64,2.5,1,1,0,ip-172-31-41-169,linux,0,1.8186,549.87,Signature,True,2025-11-21T06:38:11.424529,,1302
OV-Is-pkc,verify,0,64,2.5,1,1,0,ip-172-31-41-169,linux,0,1.7755,563.21,Signature,True,2025-11-21T06:38:11.426364,,1303
OV-Is-pkc,verify,0,64,2.5,1,1,0,ip-172-31-41-169,linux,0,1.7694,565.16,Signature,True,2025-11-21T06:38:11.428192,,1304
OV-Is-pkc,verify,0,64,2.5,1,1,0,ip-172-31-41-169,linux,0,1.7312,577.63,Signature,True,2025-11-21T06:38:11.429975,,1305
OV-Is-pkc,verify,1024,1,2.5,1,1,0,ip-172-31-41-169,linux,0,1.7467,572.51,Signature,True,2025-11-21T06:38:11.431782,,1306
OV-Is-pkc,verify,1024,1,2.5,1,1,0,ip-172-31-41-169,linux,0,1.7168,582.48,Signature,True,2025-11-21T06:38:11.433552,,1307
OV-Is-pkc,verify,1024,1,2.5,1,1,0,ip-172-31-41-169,linux,0,1.716,582.75,Signature,True,2025-11-21T06:38:11.435322,,1308
OV-Is-pkc,verify,1024,1,2.5,1,1,0,ip-172-31-41-169,linux,0,1.8582,538.16,Signature,True,2025-11-21T06:38:11.437238,,1309
OV-Is-pkc,verify,1024,1,2.5,1,1,0,ip-172-31-41-169,linux,0,1.7501,571.38,Signature,True,2025-11-21T06:38:11.439047,,1310
OV-Is-pkc,verify,1024,16,2.5,1,1,0,ip-172-31-41-169,linux,0,1.7298,578.09,Signature,True,2025-11-21T06:38:11.440834,,1311
OV-Is-pkc,verify,1024,16,2.5,1,1,0,ip-172-31-41-169,linux,0,1.7886,559.11,Signature,True,2025-11-21T06:38:11.442682,,1312
OV-Is-pkc,verify,1024,16,2.5,1,1,0,ip-172-31-41-169,linux,0,1.7981,556.13,Signature,True,2025-11-21T06:38:11.444538,,1313
OV-Is-pkc,verify,1024,16,2.5,1,1,0,ip-172-31-41-169,linux,0,1.7502,571.36,Signature,True,2025-11-21T06:38:11.446345,,1314
OV-Is-pkc,verify,1024,16,2.5,1,1,0,ip-172-31-41-169,linux,0,1.846,541.71,Signature,True,2025-11-21T06:38:11.448249,,1315
OV-Is-pkc,verify,1024,64,2.5,1,1,0,ip-172-31-41-169,linux,0,1.7521,570.76,Signature,True,2025-11-21T06:38:11.450057,,1316
OV-Is-pkc,verify,1024,64,2.5,1,1,0,ip-172-31-41-169,linux,0,1.8313,546.06,Signature,True,2025-11-21T06:38:11.451948,,1317
OV-Is-pkc,verify,1024,64,2.5,1,1,0,ip-172-31-41-169,linux,0,1.7226,580.53,Signature,True,2025-11-21T06:38:11.453733,,1318
OV-Is-pkc,verify,1024,64,2.5,1,1,0,ip-172-31-41-169,linux,0,1.7735,563.85,Signature,True,2025-11-21T06:38:11.455566,,1319
OV-Is-pkc,verify,1024,64,2.5,1,1,0,ip-172-31-41-169,linux,0,1.7303,577.93,Signature,True,2025-11-21T06:38:11.457352,,1320
OV-Is-pkc-skc,sign,0,1,2.5,1,1,0,ip-172-31-41-169,linux,0,2.6781,373.4,Signature,True,2025-11-21T06:38:11.460102,,1321
OV-Is-pkc-skc,sign,0,1,2.5,1,1,0,ip-172-31-41-169,linux,0,2.6023,384.27,Signature,True,2025-11-21T06:38:11.462783,,1322
OV-Is-pkc-skc,sign,0,1,2.5,1,1,0,ip-172-31-41-169,linux,0,2.6473,377.74,Signature,True,2025-11-21T06:38:11.465493,,1323
OV-Is-pkc-skc,sign,0,1,2.5,1,1,0,ip-172-31-41-169,linux,0,2.7011,370.23,Signature,True,2025-11-21T06:38:11.468260,,1324
OV-Is-pkc-skc,sign,0,1,2.5,1,1,0,ip-172-31-41-169,linux,0,2.662,375.65,Signature,True,2025-11-21T06:38:11.470988,,1325
OV-Is-pkc-skc,sign,0,16,2.5,1,1,0,ip-172-31-41-169,linux,0,2.6156,382.32,Signature,True,2025-11-21T06:38:11.473670,,1326
OV-Is-pkc-skc,sign,0,16,2.5,1,1,0,ip-172-31-41-169,linux,0,2.7491,363.75,Signature,True,2025-11-21T06:38:11.476492,,1327
OV-Is-pkc-skc,sign,0,16,2.5,1,1,0,ip-172-31-41-169,linux,0,2.6849,372.45,Signature,True,2025-11-21T06:38:11.479248,,1328
OV-Is-pkc-skc,sign,0,16,2.5,1,1,0,ip-172-31-41-169,linux,0,2.6567,376.4,Signature,True,2025-11-21T06:38:11.481971,,1329
OV-Is-pkc-skc,sign,0,16,2.5,1,1,0,ip-172-31-41-169,linux,0,2.6513,377.18,Signature,True,2025-11-21T06:38:11.484691,,1330
OV-Is-pkc-skc,sign,0,64,2.5,1,1,0,ip-172-31-41-169,linux,0,2.6863,372.25,Signature,True,2025-11-21T06:38:11.487444,,1331
OV-Is-pkc-skc,sign,0,64,2.5,1,1,0,ip-172-31-41-169,linux,0,2.6683,374.77,Signature,True,2025-11-21T06:38:11.490174,,1332
OV-Is-pkc-skc,sign,0,64,2.5,1,1,0,ip-172-31-41-169,linux,0,2.5738,388.53,Signature,True,2025-11-21T06:38:11.492804,,1333
OV-Is-pkc-skc,sign,0,64,2.5,1,1,0,ip-172-31-41-169,linux,0,2.6139,382.57,Signature,True,2025-11-21T06:38:11.495476,,1334
OV-Is-pkc-skc,sign,0,64,2.5,1,1,0,ip-172-31-41-169,linux,0,2.6302,380.2,Signature,True,2025-11-21T06:38:11.498167,,1335
OV-Is-pkc-skc,sign,1024,1,2.5,1,1,0,ip-172-31-41-169,linux,0,2.6686,374.72,Signature,True,2025-11-21T06:38:11.500899,,1336
OV-Is-pkc-skc,sign,1024,1,2.5,1,1,0,ip-172-31-41-169,linux,0,2.6539,376.8,Signature,True,2025-11-21T06:38:11.503617,,1337
OV-Is-pkc-skc,sign,1024,1,2.5,1,1,0,ip-172-31-41-169,linux,0,2.7128,368.62,Signature,True,2025-11-21T06:38:11.506399,,1338
OV-Is-pkc-skc,sign,1024,1,2.5,1,1,0,ip-172-31-41-169,linux,0,2.7086,369.19,Signature,True,2025-11-21T06:38:11.509172,,1339
OV-Is-pkc-skc,sign,1024,1,2.5,1,1,0,ip-172-31-41-169,linux,0,2.6394,378.88,Signature,True,2025-11-21T06:38:11.511874,,1340
OV-Is-pkc-skc,sign,1024,16,2.5,1,1,0,ip-172-31-41-169,linux,0,2.6723,374.21,Signature,True,2025-11-21T06:38:11.514615,,1341
OV-Is-pkc-skc,sign,1024,16,2.5,1,1,0,ip-172-31-41-169,linux,0,2.6475,377.72,Signature,True,2025-11-21T06:38:11.517327,,1342
OV-Is-pkc-skc,sign,1024,16,2.5,1,1,0,ip-172-31-41-169,linux,0,2.6603,375.9,Signature,True,2025-11-21T06:38:11.520063,,1343
OV-Is-pkc-skc,sign,1024,16,2.5,1,1,0,ip-172-31-41-169,linux,0,2.5986,384.82,Signature,True,2025-11-21T06:38:11.522723,,1344
OV-Is-pkc-skc,sign,1024,16,2.5,1,1,0,ip-172-31-41-169,linux,0,2.6007,384.51,Signature,True,2025-11-21T06:38:11.525383,,1345
OV-Is-pkc-skc,sign,1024,64,2.5,1,1,0,ip-172-31-41-169,linux,0,2.6078,383.47,Signature,True,2025-11-21T06:38:11.528061,,1346
OV-Is-pkc-skc,sign,1024,64,2.5,1,1,0,ip-172-31-41-169,linux,0,2.6647,375.28,Signature,True,2025-11-21T06:38:11.530793,,1347
OV-Is-pkc-skc,sign,1024,64,2.5,1,1,0,ip-172-31-41-169,linux,0,2.6023,384.27,Signature,True,2025-11-21T06:38:11.533458,,1348
OV-Is-pkc-skc,sign,1024,64,2.5,1,1,0,ip-172-31-41-169,linux,0,2.635,379.5,Signature,True,2025-11-21T06:38:11.536161,,1349
OV-Is-pkc-skc,sign,1024,64,2.5,1,1,0,ip-172-31-41-169,linux,0,2.6626,375.57,Signature,True,2025-11-21T06:38:11.538885,,1350
OV-Is-pkc-skc,verify,0,1,2.5,1,1,0,ip-172-31-41-169,linux,0,2.6398,378.81,Signature,True,2025-11-21T06:38:11.541593,,1351
OV-Is-pkc-skc,verify,0,1,2.5,1,1,0,ip-172-31-41-169,linux,0,2.6622,375.62,Signature,True,2025-11-21T06:38:11.544321,,1352
OV-Is-pkc-skc,verify,0,1,2.5,1,1,0,ip-172-31-41-169,linux,0,2.7155,368.26,Signature,True,2025-11-21T06:38:11.547105,,1353
OV-Is-pkc-skc,verify,0,1,2.5,1,1,0,ip-172-31-41-169,linux,0,2.6655,375.16,Signature,True,2025-11-21T06:38:11.549856,,1354
OV-Is-pkc-skc,verify,0,1,2.5,1,1,0,ip-172-31-41-169,linux,0,2.6653,375.19,Signature,True,2025-11-21T06:38:11.552587,,1355
OV-Is-pkc-skc,verify,0,16,2.5,1,1,0,ip-172-31-41-169,linux,0,2.572,388.81,Signature,True,2025-11-21T06:38:11.555223,,1356
OV-Is-pkc-skc,verify,0,16,2.5,1,1,0,ip-172-31-41-169,linux,0,2.5993,384.72,Signature,True,2025-11-21T06:38:11.557917,,1357
OV-Is-pkc-skc,verify,0,16,2.5,1,1,0,ip-172-31-41-169,linux,0,2.633,379.8,Signature,True,2025-11-21T06:38:11.560614,,1358
OV-Is-pkc-skc,verify,0,16,2.5,1,1,0,ip-172-31-41-169,linux,0,2.689,371.88,Signature,True,2025-11-21T06:38:11.563368,,1359
OV-Is-pkc-skc,verify,0,16,2.5,1,1,0,ip-172-31-41-169,linux,0,2.6284,380.47,Signature,True,2025-11-21T06:38:11.566061,,1360
OV-Is-pkc-skc,verify,0,64,2.5,1,1,0,ip-172-31-41-169,linux,0,2.6295,380.3,Signature,True,2025-11-21T06:38:11.568755,,1361
OV-Is-pkc-skc,verify,0,64,2.5,1,1,0,ip-172-31-41-169,linux,0,2.6031,384.16,Signature,True,2025-11-21T06:38:11.571417,,1362
OV-Is-pkc-skc,verify,0,64,2.5,1,1,0,ip-172-31-41-169,linux,0,2.5925,385.72,Signature,True,2025-11-21T06:38:11.574070,,1363
OV-Is-pkc-skc,verify,0,64,2.5,1,1,0,ip-172-31-41-169,linux,0,2.5966,385.12,Signature,True,2025-11-21T06:38:11.576727,,1364
OV-Is-pkc-skc,verify,0,64,2.5,1,1,0,ip-172-31-41-169,linux,0,2.6016,384.38,Signature,True,2025-11-21T06:38:11.579386,,1365
OV-Is-pkc-skc,verify,1024,1,2.5,1,1,0,ip-172-31-41-169,linux,0,2.5904,386.03,Signature,True,2025-11-21T06:38:11.582037,,1366
OV-Is-pkc-skc,verify,1024,1,2.5,1,1,0,ip-172-31-41-169,linux,0,2.6138,382.58,Signature,True,2025-11-21T06:38:11.584708,,1367
OV-Is-pkc-skc,verify,1024,1,2.5,1,1,0,ip-172-31-41-169,linux,0,2.6067,383.62,Signature,True,2025-11-21T06:38:11.587374,,1368
OV-Is-pkc-skc,verify,1024,1,2.5,1,1,0,ip-172-31-41-169,linux,0,2.6288,380.4,Signature,True,2025-11-21T06:38:11.590062,,1369
OV-Is-pkc-skc,verify,1024,1,2.5,1,1,0,ip-172-31-41-169,linux,0,2.7228,367.26,Signature,True,2025-11-21T06:38:11.592849,,1370
OV-Is-pkc-skc,verify,1024,16,2.5,1,1,0,ip-172-31-41-169,linux,0,2.6658,375.12,Signature,True,2025-11-21T06:38:11.595580,,1371
OV-Is-pkc-skc,verify,1024,16,2.5,1,1,0,ip-172-31-41-169,linux,0,2.6428,378.39,Signature,True,2025-11-21T06:38:11.598278,,1372
OV-Is-pkc-skc,verify,1024,16,2.5,1,1,0,ip-172-31-41-169,linux,0,2.6275,380.59,Signature,True,2025-11-21T06:38:11.600961,,1373
OV-Is-pkc-skc,verify,1024,16,2.5,1,1,0,ip-172-31-41-169,linux,0,2.6596,376.0,Signature,True,2025-11-21T06:38:11.603681,,1374
OV-Is-pkc-skc,verify,1024,16,2.5,1,1,0,ip-172-31-41-169,linux,0,2.616,382.27,Signature,True,2025-11-21T06:38:11.606353,,1375
OV-Is-pkc-skc,verify,1024,64,2.5,1,1,0,ip-172-31-41-169,linux,0,2.592,385.8,Signature,True,2025-11-21T06:38:11.609002,,1376
OV-Is-pkc-skc,verify,1024,64,2.5,1,1,0,ip-172-31-41-169,linux,0,2.6192,381.8,Signature,True,2025-11-21T06:38:11.611678,,1377
OV-Is-pkc-skc,verify,1024,64,2.5,1,1,0,ip-172-31-41-169,linux,0,2.6285,380.45,Signature,True,2025-11-21T06:38:11.614362,,1378
OV-Is-pkc-skc,verify,1024,64,2.5,1,1,0,ip-172-31-41-169,linux,0,2.6476,377.71,Signature,True,2025-11-21T06:38:11.617069,,1379
OV-Is-pkc-skc,verify,1024,64,2.5,1,1,0,ip-172-31-41-169,linux,0,2.6119,382.87,Signature,True,2025-11-21T06:38:11.619736,,1380
OV-V,sign,0,1,2.5,1,1,0,ip-172-31-41-169,linux,0,27.5968,36.24,Signature,True,2025-11-21T06:38:11.647765,,1381
OV-V,sign,0,1,2.5,1,1,0,ip-172-31-41-169,linux,0,25.4678,39.27,Signature,True,2025-11-21T06:38:11.673810,,1382
OV-V,sign,0,1,2.5,1,1,0,ip-172-31-41-169,linux,0,26.524,37.7,Signature,True,2025-11-21T06:38:11.700879,,1383
OV-V,sign,0,1,2.5,1,1,0,ip-172-31-41-169,linux,0,25.4092,39.36,Signature,True,2025-11-21T06:38:11.726846,,1384
OV-V,sign,0,1,2.5,1,1,0,ip-172-31-41-169,linux,0,25.8843,38.63,Signature,True,2025-11-21T06:38:11.753310,,1385
OV-V,sign,0,16,2.5,1,1,0,ip-172-31-41-169,linux,0,26.3701,37.92,Signature,True,2025-11-21T06:38:11.780291,,1386
OV-V,sign,0,16,2.5,1,1,0,ip-172-31-41-169,linux,0,26.2375,38.11,Signature,True,2025-11-21T06:38:11.807073,,1387
OV-V,sign,0,16,2.5,1,1,0,ip-172-31-41-169,linux,0,26.0269,38.42,Signature,True,2025-11-21T06:38:11.833683,,1388
OV-V,sign,0,16,2.5,1,1,0,ip-172-31-41-169,linux,0,26.6058,37.59,Signature,True,2025-11-21T06:38:11.860836,,1389
OV-V,sign,0,16,2.5,1,1,0,ip-172-31-41-169,linux,0,26.1139,38.29,Signature,True,2025-11-21T06:38:11.887565,,1390
OV-V,sign,0,64,2.5,1,1,0,ip-172-31-41-169,linux,0,26.1952,38.17,Signature,True,2025-11-21T06:38:11.914358,,1391
OV-V,sign,0,64,2.5,1,1,0,ip-172-31-41-169,linux,0,26.1517,38.24,Signature,True,2025-11-21T06:38:11.941063,,1392
OV-V,sign,0,64,2.5,1,1,0,ip-172-31-41-169,linux,0,25.9375,38.55,Signature,True,2025-11-21T06:38:11.967619,,1393
OV-V,sign,0,64,2.5,1,1,0,ip-172-31-41-169,linux,0,25.9408,38.55,Signature,True,2025-11-21T06:38:11.994114,,1394
OV-V,sign,0,64,2.5,1,1,0,ip-172-31-41-169,linux,0,26.5617,37.65,Signature,True,2025-11-21T06:38:12.021320,,1395
OV-V,sign,1024,1,2.5,1,1,0,ip-172-31-41-169,linux,0,26.1381,38.26,Signature,True,2025-11-21T06:38:12.048031,,1396
OV-V,sign,1024,1,2.5,1,1,0,ip-172-31-41-169,linux,0,26.5721,37.63,Signature,True,2025-11-21T06:38:12.075223,,1397
OV-V,sign,1024,1,2.5,1,1,0,ip-172-31-41-169,linux,0,25.933,38.56,Signature,True,2025-11-21T06:38:12.101722,,1398
OV-V,sign,1024,1,2.5,1,1,0,ip-172-31-41-169,linux,0,26.102,38.31,Signature,True,2025-11-21T06:38:12.128438,,1399
OV-V,sign,1024,1,2.5,1,1,0,ip-172-31-41-169,linux,0,25.7803,38.79,Signature,True,2025-11-21T06:38:12.154775,,1400
OV-V,sign,1024,16,2.5,1,1,0,ip-172-31-41-169,linux,0,26.1901,38.18,Signature,True,2025-11-21T06:38:12.181552,,1401
OV-V,sign,1024,16,2.5,1,1,0,ip-172-31-41-169,linux,0,26.2841,38.05,Signature,True,2025-11-21T06:38:12.208459,,1402
OV-V,sign,1024,16,2.5,1,1,0,ip-172-31-41-169,linux,0,26.7215,37.42,Signature,True,2025-11-21T06:38:12.235729,,1403
OV-V,sign,1024,16,2.5,1,1,0,ip-172-31-41-169,linux,0,26.0261,38.42,Signature,True,2025-11-21T06:38:12.262361,,1404
OV-V,sign,1024,16,2.5,1,1,0,ip-172-31-41-169,linux,0,26.3059,38.01,Signature,True,2025-11-21T06:38:12.289267,,1405
OV-V,sign,1024,64,2.5,1,1,0,ip-172-31-41-169,linux,0,26.1978,38.17,Signature,True,2025-11-21T06:38:12.316031,,1406
OV-V,sign,1024,64,2.5,1,1,0,ip-172-31-41-169,linux,0,26.5255,37.7,Signature,True,2025-11-21T06:38:12.343125,,1407
OV-V,sign,1024,64,2.5,1,1,0,ip-172-31-41-169,linux,0,25.9708,38.5,Signature,True,2025-11-21T06:38:12.369689,,1408
OV-V,sign,1024,64,2.5,1,1,0,ip-172-31-41-169,linux,0,25.9167,38.59,Signature,True,2025-11-21T06:38:12.396187,,1409
OV-V,sign,1024,64,2.5,1,1,0,ip-172-31-41-169,linux,0,25.9632,38.52,Signature,True,2025-11-21T06:38:12.422721,,1410
OV-V,verify,0,1,2.5,1,1,0,ip-172-31-41-169,linux,0,26.2438,38.1,Signature,True,2025-11-21T06:38:12.449565,,1411
OV-V,verify,0,1,2.5,1,1,0,ip-172-31-41-169,linux,0,25.943,38.55,Signature,True,2025-11-21T06:38:12.476080,,1412
OV-V,verify,0,1,2.5,1,1,0,ip-172-31-41-169,linux,0,26.2077,38.16,Signature,True,2025-11-21T06:38:12.502860,,1413
OV-V,verify,0,1,2.5,1,1,0,ip-172-31-41-169,linux,0,25.639,39.0,Signature,True,2025-11-21T06:38:12.529055,,1414
OV-V,verify,0,1,2.5,1,1,0,ip-172-31-41-169,linux,0,25.8127,38.74,Signature,True,2025-11-21T06:38:12.555479,,1415
OV-V,verify,0,16,2.5,1,1,0,ip-172-31-41-169,linux,0,25.8272,38.72,Signature,True,2025-11-21T06:38:12.581869,,1416
OV-V,verify,0,16,2.5,1,1,0,ip-172-31-41-169,linux,0,26.4875,37.75,Signature,True,2025-11-21T06:38:12.608905,,1417
OV-V,verify,0,16,2.5,1,1,0,ip-172-31-41-169,linux,0,26.0855,38.34,Signature,True,2025-11-21T06:38:12.635606,,1418
OV-V,verify,0,16,2.5,1,1,0,ip-172-31-41-169,linux,0,26.8961,37.18,Signature,True,2025-11-21T06:38:12.663061,,1419
OV-V,verify,0,16,2.5,1,1,0,ip-172-31-41-169,linux,0,26.1536,38.24,Signature,True,2025-11-21T06:38:12.689806,,1420
OV-V,verify,0,64,2.5,1,1,0,ip-172-31-41-169,linux,0,26.0199,38.43,Signature,True,2025-11-21T06:38:12.716431,,1421
OV-V,verify,0,64,2.5,1,1,0,ip-172-31-41-169,linux,0,26.3514,37.95,Signature,True,2025-11-21T06:38:12.743390,,1422
OV-V,verify,0,64,2.5,1,1,0,ip-172-31-41-169,linux,0,26.2794,38.05,Signature,True,2025-11-21T06:38:12.770250,,1423
OV-V,verify,0,64,2.5,1,1,0,ip-172-31-41-169,linux,0,25.8678,38.66,Signature,True,2025-11-21T06:38:12.796678,,1424
OV-V,verify,0,64,2.5,1,1,0,ip-172-31-41-169,linux,0,26.1063,38.3,Signature,True,2025-11-21T06:38:12.823382,,1425
OV-V,verify,1024,1,2.5,1,1,0,ip-172-31-41-169,linux,0,26.063,38.37,Signature,True,2025-11-21T06:38:12.850029,,1426
OV-V,verify,1024,1,2.5,1,1,0,ip-172-31-41-169,linux,0,26.452,37.8,Signature,True,2025-11-21T06:38:12.877030,,1427
OV-V,verify,1024,1,2.5,1,1,0,ip-172-31-41-169,linux,0,26.0512,38.39,Signature,True,2025-11-21T06:38:12.903638,,1428
OV-V,verify,1024,1,2.5,1,1,0,ip-172-31-41-169,linux,0,26.1667,38.22,Signature,True,2025-11-21T06:38:12.930407,,1429
OV-V,verify,1024,1,2.5,1,1,0,ip-172-31-41-169,linux,0,25.8449,38.69,Signature,True,2025-11-21T06:38:12.956809,,1430
OV-V,verify,1024,16,2.5,1,1,0,ip-172-31-41-169,linux,0,26.1226,38.28,Signature,True,2025-11-21T06:38:12.983548,,1431
OV-V,verify,1024,16,2.5,1,1,0,ip-172-31-41-169,linux,0,26.0213,38.43,Signature,True,2025-11-21T06:38:13.010162,,1432
OV-V,verify,1024,16,2.5,1,1,0,ip-172-31-41-169,linux,0,26.2827,38.05,Signature,True,2025-11-21T06:38:13.037012,,1433
OV-V,verify,1024,16,2.5,1,1,0,ip-172-31-41-169,linux,0,26.2195,38.14,Signature,True,2025-11-21T06:38:13.063798,,1434
OV-V,verify,1024,16,2.5,1,1,0,ip-172-31-41-169,linux,0,26.8699,37.22,Signature,True,2025-11-21T06:38:13.091282,,1435
OV-V,verify,1024,64,2.5,1,1,0,ip-172-31-41-169,linux,0,26.1772,38.2,Signature,True,2025-11-21T06:38:13.118021,,1436
OV-V,verify,1024,64,2.5,1,1,0,ip-172-31-41-169,linux,0,26.3137,38.0,Signature,True,2025-11-21T06:38:13.144885,,1437
OV-V,verify,1024,64,2.5,1,1,0,ip-172-31-41-169,linux,0,26.2165,38.14,Signature,True,2025-11-21T06:38:13.171663,,1438
OV-V,verify,1024,64,2.5,1,1,0,ip-172-31-41-169,linux,0,26.1664,38.22,Signature,True,2025-11-21T06:38:13.198421,,1439
OV-V,verify,1024,64,2.5,1,1,0,ip-172-31-41-169,linux,0,25.7405,38.85,Signature,True,2025-11-21T06:38:13.224711,,1440
OV-V-pkc,sign,0,1,2.5,1,1,0,ip-172-31-41-169,linux,0,23.5633,42.44,Signature,True,2025-11-21T06:38:13.248715,,1441
OV-V-pkc,sign,0,1,2.5,1,1,0,ip-172-31-41-169,linux,0,22.4058,44.63,Signature,True,2025-11-21T06:38:13.271547,,1442
OV-V-pkc,sign,0,1,2.5,1,1,0,ip-172-31-41-169,linux,0,22.5548,44.34,Signature,True,2025-11-21T06:38:13.294531,,1443
OV-V-pkc,sign,0,1,2.5,1,1,0,ip-172-31-41-169,linux,0,22.6757,44.1,Signature,True,2025-11-21T06:38:13.317643,,1444
OV-V-pkc,sign,0,1,2.5,1,1,0,ip-172-31-41-169,linux,0,23.3069,42.91,Signature,True,2025-11-21T06:38:13.341422,,1445
OV-V-pkc,sign,0,16,2.5,1,1,0,ip-172-31-41-169,linux,0,22.5764,44.29,Signature,True,2025-11-21T06:38:13.364503,,1446
OV-V-pkc,sign,0,16,2.5,1,1,0,ip-172-31-41-169,linux,0,22.6653,44.12,Signature,True,2025-11-21T06:38:13.387590,,1447
OV-V-pkc,sign,0,16,2.5,1,1,0,ip-172-31-41-169,linux,0,22.5573,44.33,Signature,True,2025-11-21T06:38:13.410575,,1448
OV-V-pkc,sign,0,16,2.5,1,1,0,ip-172-31-41-169,linux,0,22.8244,43.81,Signature,True,2025-11-21T06:38:13.433823,,1449
OV-V-pkc,sign,0,16,2.5,1,1,0,ip-172-31-41-169,linux,0,22.7641,43.93,Signature,True,2025-11-21T06:38:13.457034,,1450
OV-V-pkc,sign,0,64,2.5,1,1,0,ip-172-31-41-169,linux,0,22.8998,43.67,Signature,True,2025-11-21T06:38:13.480426,,1451
OV-V-pkc,sign,0,64,2.5,1,1,0,ip-172-31-41-169,linux,0,22.836,43.79,Signature,True,2025-11-21T06:38:13.503709,,1452
OV-V-pkc,sign,0,64,2.5,1,1,0,ip-172-31-41-169,linux,0,23.0062,43.47,Signature,True,2025-11-21T06:38:13.527172,,1453
OV-V-pkc,sign,0,64,2.5,1,1,0,ip-172-31-41-169,linux,0,22.8053,43.85,Signature,True,2025-11-21T06:38:13.550469,,1454
OV-V-pkc,sign,0,64,2.5,1,1,0,ip-172-31-41-169,linux,0,22.6755,44.1,Signature,True,2025-11-21T06:38:13.573565,,1455
OV-V-pkc,sign,1024,1,2.5,1,1,0,ip-172-31-41-169,linux,0,22.5283,44.39,Signature,True,2025-11-21T06:38:13.596540,,1456
OV-V-pkc,sign,1024,1,2.5,1,1,0,ip-172-31-41-169,linux,0,22.8035,43.85,Signature,True,2025-11-21T06:38:13.619766,,1457
OV-V-pkc,sign,1024,1,2.5,1,1,0,ip-172-31-41-169,linux,0,22.539,44.37,Signature,True,2025-11-21T06:38:13.642745,,1458
OV-V-pkc,sign,1024,1,2.5,1,1,0,ip-172-31-41-169,linux,0,22.8052,43.85,Signature,True,2025-11-21T06:38:13.665977,,1459
OV-V-pkc,sign,1024,1,2.5,1,1,0,ip-172-31-41-169,linux,0,22.4567,44.53,Signature,True,2025-11-21T06:38:13.688883,,1460
OV-V-pkc,sign,1024,16,2.5,1,1,0,ip-172-31-41-169,linux,0,23.4296,42.68,Signature,True,2025-11-21T06:38:13.712741,,1461
OV-V-pkc,sign,1024,16,2.5,1,1,0,ip-172-31-41-169,linux,0,22.8808,43.7,Signature,True,2025-11-21T06:38:13.736084,,1462
OV-V-pkc,sign,1024,16,2.5,1,1,0,ip-172-31-41-169,linux,0,22.8703,43.72,Signature,True,2025-11-21T06:38:13.759457,,1463
OV-V-pkc,sign,1024,16,2.5,1,1,0,ip-172-31-41-169,linux,0,22.8027,43.85,Signature,True,2025-11-21T06:38:13.782714,,1464
OV-V-pkc,sign,1024,16,2.5,1,1,0,ip-172-31-41-169,linux,0,22.9171,43.64,Signature,True,2025-11-21T06:38:13.806054,,1465
OV-V-pkc,sign,1024,64,2.5,1,1,0,ip-172-31-41-169,linux,0,22.5404,44.36,Signature,True,2025-11-21T06:38:13.829050,,1466
OV-V-pkc,sign,1024,64,2.5,1,1,0,ip-172-31-41-169,linux,0,22.9697,43.54,Signature,True,2025-11-21T06:38:13.852496,,1467
OV-V-pkc,sign,1024,64,2.5,1,1,0,ip-172-31-41-169,linux,0,22.6636,44.12,Signature,True,2025-11-21T06:38:13.875597,,1468
OV-V-pkc,sign,1024,64,2.5,1,1,0,ip-172-31-41-169,linux,0,22.8721,43.72,Signature,True,2025-11-21T06:38:13.898904,,1469
OV-V-pkc,sign,1024,64,2.5,1,1,0,ip-172-31-41-169,linux,0,22.6448,44.16,Signature,True,2025-11-21T06:38:13.921994,,1470
OV-V-pkc,verify,0,1,2.5,1,1,0,ip-172-31-41-169,linux,0,22.9064,43.66,Signature,True,2025-11-21T06:38:13.945394,,1471
OV-V-pkc,verify,0,1,2.5,1,1,0,ip-172-31-41-169,linux,0,23.0025,43.47,Signature,True,2025-11-21T06:38:13.968836,,1472
OV-V-pkc,verify,0,1,2.5,1,1,0,ip-172-31-41-169,linux,0,22.6273,44.19,Signature,True,2025-11-21T06:38:13.991894,,1473
OV-V-pkc,verify,0,1,2.5,1,1,0,ip-172-31-41-169,linux,0,22.6709,44.11,Signature,True,2025-11-21T06:38:14.014998,,1474
OV-V-pkc,verify,0,1,2.5,1,1,0,ip-172-31-41-169,linux,0,22.8516,43.76,Signature,True,2025-11-21T06:38:14.038328,,1475
OV-V-pkc,verify,0,16,2.5,1,1,0,ip-172-31-41-169,linux,0,22.969,43.54,Signature,True,2025-11-21T06:38:14.061747,,1476
OV-V-pkc,verify,0,16,2.5,1,1,0,ip-172-31-41-169,linux,0,22.7083,44.04,Signature,True,2025-11-21T06:38:14.084883,,1477
OV-V-pkc,verify,0,16,2.5,1,1,0,ip-172-31-41-169,linux,0,22.8191,43.82,Signature,True,2025-11-21T06:38:14.108194,,1478
OV-V-pkc,verify,0,16,2.5,1,1,0,ip-172-31-41-169,linux,0,22.8956,43.68,Signature,True,2025-11-21T06:38:14.131537,,1479
OV-V-pkc,verify,0,16,2.5,1,1,0,ip-172-31-41-169,linux,0,22.6544,44.14,Signature,True,2025-11-21T06:38:14.154629,,1480
OV-V-pkc,verify,0,64,2.5,1,1,0,ip-172-31-41-169,linux,0,22.7253,44.0,Signature,True,2025-11-21T06:38:14.177787,,1481
OV-V-pkc,verify,0,64,2.5,1,1,0,ip-172-31-41-169,linux,0,22.8292,43.8,Signature,True,2025-11-21T06:38:14.201061,,1482
OV-V-pkc,verify,0,64,2.5,1,1,0,ip-172-31-41-169,linux,0,22.7837,43.89,Signature,True,2025-11-21T06:38:14.224361,,1483
OV-V-pkc,verify,0,64,2.5,1,1,0,ip-172-31-41-169,linux,0,22.8156,43.83,Signature,True,2025-11-21T06:38:14.247617,,1484
OV-V-pkc,verify,0,64,2.5,1,1,0,ip-172-31-41-169,linux,0,23.073,43.34,Signature,True,2025-11-21T06:38:14.271124,,1485
OV-V-pkc,verify,1024,1,2.5,1,1,0,ip-172-31-41-169,linux,0,22.5888,44.27,Signature,True,2025-11-21T06:38:14.294235,,1486
OV-V-pkc,verify,1024,1,2.5,1,1,0,ip-172-31-41-169,linux,0,22.7488,43.96,Signature,True,2025-11-21T06:38:14.317463,,1487
OV-V-pkc,verify,1024,1,2.5,1,1,0,ip-172-31-41-169,linux,0,22.5361,44.37,Signature,True,2025-11-21T06:38:14.340485,,1488
OV-V-pkc,verify,1024,1,2.5,1,1,0,ip-172-31-41-169,linux,0,22.7068,44.04,Signature,True,2025-11-21T06:38:14.363629,,1489
OV-V-pkc,verify,1024,1,2.5,1,1,0,ip-172-31-41-169,linux,0,22.551,44.34,Signature,True,2025-11-21T06:38:14.386612,,1490
OV-V-pkc,verify,1024,16,2.5,1,1,0,ip-172-31-41-169,linux,0,22.6858,44.08,Signature,True,2025-11-21T06:38:14.409726,,1491
OV-V-pkc,verify,1024,16,2.5,1,1,0,ip-172-31-41-169,linux,0,22.6668,44.12,Signature,True,2025-11-21T06:38:14.432827,,1492
OV-V-pkc,verify,1024,16,2.5,1,1,0,ip-172-31-41-169,linux,0,22.744,43.97,Signature,True,2025-11-21T06:38:14.456006,,1493
OV-V-pkc,verify,1024,16,2.5,1,1,0,ip-172-31-41-169,linux,0,22.6903,44.07,Signature,True,2025-11-21T06:38:14.479175,,1494
OV-V-pkc,verify,1024,16,2.5,1,1,0,ip-172-31-41-169,linux,0,22.7527,43.95,Signature,True,2025-11-21T06:38:14.502464,,1495
OV-V-pkc,verify,1024,64,2.5,1,1,0,ip-172-31-41-169,linux,0,22.9038,43.66,Signature,True,2025-11-21T06:38:14.525806,,1496
OV-V-pkc,verify,1024,64,2.5,1,1,0,ip-172-31-41-169,linux,0,22.8297,43.8,Signature,True,2025-11-21T06:38:14.549073,,1497
OV-V-pkc,verify,1024,64,2.5,1,1,0,ip-172-31-41-169,linux,0,22.7664,43.92,Signature,True,2025-11-21T06:38:14.572364,,1498
OV-V-pkc,verify,1024,64,2.5,1,1,0,ip-172-31-41-169,linux,0,24.5826,40.68,Signature,True,2025-11-21T06:38:14.597406,,1499
OV-V-pkc,verify,1024,64,2.5,1,1,0,ip-172-31-41-169,linux,0,22.4875,44.47,Signature,True,2025-11-21T06:38:14.620389,,1500
OV-V-pkc-skc,sign,0,1,2.5,1,1,0,ip-172-31-41-169,linux,0,28.7479,34.79,Signature,True,2025-11-21T06:38:14.649253,,1501
OV-V-pkc-skc,sign,0,1,2.5,1,1,0,ip-172-31-41-169,linux,0,26.9338,37.13,Signature,True,2025-11-21T06:38:14.676287,,1502
OV-V-pkc-skc,sign,0,1,2.5,1,1,0,ip-172-31-41-169,linux,0,26.5006,37.73,Signature,True,2025-11-21T06:38:14.702892,,1503
OV-V-pkc-skc,sign,0,1,2.5,1,1,0,ip-172-31-41-169,linux,0,26.6478,37.53,Signature,True,2025-11-21T06:38:14.729645,,1504
OV-V-pkc-skc,sign,0,1,2.5,1,1,0,ip-172-31-41-169,linux,0,26.5745,37.63,Signature,True,2025-11-21T06:38:14.756323,,1505
OV-V-pkc-skc,sign,0,16,2.5,1,1,0,ip-172-31-41-169,linux,0,26.8905,37.19,Signature,True,2025-11-21T06:38:14.783318,,1506
OV-V-pkc-skc,sign,0,16,2.5,1,1,0,ip-172-31-41-169,linux,0,26.5334,37.69,Signature,True,2025-11-21T06:38:14.809952,,1507
OV-V-pkc-skc,sign,0,16,2.5,1,1,0,ip-172-31-41-169,linux,0,26.5592,37.65,Signature,True,2025-11-21T06:38:14.836617,,1508
OV-V-pkc-skc,sign,0,16,2.5,1,1,0,ip-172-31-41-169,linux,0,26.6111,37.58,Signature,True,2025-11-21T06:38:14.863332,,1509
OV-V-pkc-skc,sign,0,16,2.5,1,1,0,ip-172-31-41-169,linux,0,26.7603,37.37,Signature,True,2025-11-21T06:38:14.890191,,1510
OV-V-pkc-skc,sign,0,64,2.5,1,1,0,ip-172-31-41-169,linux,0,26.547,37.67,Signature,True,2025-11-21T06:38:14.916840,,1511
OV-V-pkc-skc,sign,0,64,2.5,1,1,0,ip-172-31-41-169,linux,0,26.48,37.76,Signature,True,2025-11-21T06:38:14.943419,,1512
OV-V-pkc-skc,sign,0,64,2.5,1,1,0,ip-172-31-41-169,linux,0,26.5464,37.67,Signature,True,2025-11-21T06:38:14.970067,,1513
OV-V-pkc-skc,sign,0,64,2.5,1,1,0,ip-172-31-41-169,linux,0,26.507,37.73,Signature,True,2025-11-21T06:38:14.996691,,1514
OV-V-pkc-skc,sign,0,64,2.5,1,1,0,ip-172-31-41-169,linux,0,27.1352,36.85,Signature,True,2025-11-21T06:38:15.023931,,1515
OV-V-pkc-skc,sign,1024,1,2.5,1,1,0,ip-172-31-41-169,linux,0,26.5697,37.64,Signature,True,2025-11-21T06:38:15.050611,,1516
OV-V-pkc-skc,sign,1024,1,2.5,1,1,0,ip-172-31-41-169,linux,0,26.7472,37.39,Signature,True,2025-11-21T06:38:15.077461,,1517
OV-V-pkc-skc,sign,1024,1,2.5,1,1,0,ip-172-31-41-169,linux,0,26.5383,37.68,Signature,True,2025-11-21T06:38:15.104102,,1518
OV-V-pkc-skc,sign,1024,1,2.5,1,1,0,ip-172-31-41-169,linux,0,26.5846,37.62,Signature,True,2025-11-21T06:38:15.130799,,1519
OV-V-pkc-skc,sign,1024,1,2.5,1,1,0,ip-172-31-41-169,linux,0,26.739,37.4,Signature,True,2025-11-21T06:38:15.157643,,1520
OV-V-pkc-skc,sign,1024,16,2.5,1,1,0,ip-172-31-41-169,linux,0,27.1085,36.89,Signature,True,2025-11-21T06:38:15.184854,,1521
OV-V-pkc-skc,sign,1024,16,2.5,1,1,0,ip-172-31-41-169,linux,0,26.6006,37.59,Signature,True,2025-11-21T06:38:15.211557,,1522
OV-V-pkc-skc,sign,1024,16,2.5,1,1,0,ip-172-31-41-169,linux,0,26.6878,37.47,Signature,True,2025-11-21T06:38:15.238351,,1523
OV-V-pkc-skc,sign,1024,16,2.5,1,1,0,ip-172-31-41-169,linux,0,26.8323,37.27,Signature,True,2025-11-21T06:38:15.265286,,1524
OV-V-pkc-skc,sign,1024,16,2.5,1,1,0,ip-172-31-41-169,linux,0,26.5407,37.68,Signature,True,2025-11-21T06:38:15.291932,,1525
OV-V-pkc-skc,sign,1024,64,2.5,1,1,0,ip-172-31-41-169,linux,0,26.738,37.4,Signature,True,2025-11-21T06:38:15.318776,,1526
OV-V-pkc-skc,sign,1024,64,2.5,1,1,0,ip-172-31-41-169,linux,0,26.4509,37.81,Signature,True,2025-11-21T06:38:15.345333,,1527
OV-V-pkc-skc,sign,1024,64,2.5,1,1,0,ip-172-31-41-169,linux,0,26.6019,37.59,Signature,True,2025-11-21T06:38:15.372036,,1528
OV-V-pkc-skc,sign,1024,64,2.5,1,1,0,ip-172-31-41-169,linux,0,26.9382,37.12,Signature,True,2025-11-21T06:38:15.399089,,1529
OV-V-pkc-skc,sign,1024,64,2.5,1,1,0,ip-172-31-41-169,linux,0,26.9685,37.08,Signature,True,2025-11-21T06:38:15.426193,,1530
OV-V-pkc-skc,verify,0,1,2.5,1,1,0,ip-172-31-41-169,linux,0,26.9043,37.17,Signature,True,2025-11-21T06:38:15.453208,,1531
OV-V-pkc-skc,verify,0,1,2.5,1,1,0,ip-172-31-41-169,linux,0,26.4203,37.85,Signature,True,2025-11-21T06:38:15.479732,,1532
OV-V-pkc-skc,verify,0,1,2.5,1,1,0,ip-172-31-41-169,linux,0,26.5369,37.68,Signature,True,2025-11-21T06:38:15.506370,,1533
OV-V-pkc-skc,verify,0,1,2.5,1,1,0,ip-172-31-41-169,linux,0,26.714,37.43,Signature,True,2025-11-21T06:38:15.533186,,1534
OV-V-pkc-skc,verify,0,1,2.5,1,1,0,ip-172-31-41-169,linux,0,26.4149,37.86,Signature,True,2025-11-21T06:38:15.559703,,1535
OV-V-pkc-skc,verify,0,16,2.5,1,1,0,ip-172-31-41-169,linux,0,26.4412,37.82,Signature,True,2025-11-21T06:38:15.586247,,1536
OV-V-pkc-skc,verify,0,16,2.5,1,1,0,ip-172-31-41-169,linux,0,26.6519,37.52,Signature,True,2025-11-21T06:38:15.612998,,1537
OV-V-pkc-skc,verify,0,16,2.5,1,1,0,ip-172-31-41-169,linux,0,26.653,37.52,Signature,True,2025-11-21T06:38:15.639755,,1538
OV-V-pkc-skc,verify,0,16,2.5,1,1,0,ip-172-31-41-169,linux,0,26.9151,37.15,Signature,True,2025-11-21T06:38:15.666775,,1539
OV-V-pkc-skc,verify,0,16,2.5,1,1,0,ip-172-31-41-169,linux,0,26.5228,37.7,Signature,True,2025-11-21T06:38:15.693399,,1540
OV-V-pkc-skc,verify,0,64,2.5,1,1,0,ip-172-31-41-169,linux,0,26.4866,37.75,Signature,True,2025-11-21T06:38:15.719989,,1541
OV-V-pkc-skc,verify,0,64,2.5,1,1,0,ip-172-31-41-169,linux,0,26.5538,37.66,Signature,True,2025-11-21T06:38:15.746654,,1542
OV-V-pkc-skc,verify,0,64,2.5,1,1,0,ip-172-31-41-169,linux,0,26.6111,37.58,Signature,True,2025-11-21T06:38:15.773364,,1543
OV-V-pkc-skc,verify,0,64,2.5,1,1,0,ip-172-31-41-169,linux,0,26.5182,37.71,Signature,True,2025-11-21T06:38:15.799987,,1544
OV-V-pkc-skc,verify,0,64,2.5,1,1,0,ip-172-31-41-169,linux,0,26.6751,37.49,Signature,True,2025-11-21T06:38:15.826782,,1545
OV-V-pkc-skc,verify,1024,1,2.5,1,1,0,ip-172-31-41-169,linux,0,26.5869,37.61,Signature,True,2025-11-21T06:38:15.853479,,1546
OV-V-pkc-skc,verify,1024,1,2.5,1,1,0,ip-172-31-41-169,linux,0,26.7281,37.41,Signature,True,2025-11-21T06:38:15.880311,,1547
OV-V-pkc-skc,verify,1024,1,2.5,1,1,0,ip-172-31-41-169,linux,0,26.549,37.67,Signature,True,2025-11-21T06:38:15.906965,,1548
OV-V-pkc-skc,verify,1024,1,2.5,1,1,0,ip-172-31-41-169,linux,0,26.887,37.19,Signature,True,2025-11-21T06:38:15.933957,,1549
OV-V-pkc-skc,verify,1024,1,2.5,1,1,0,ip-172-31-41-169,linux,0,26.5025,37.73,Signature,True,2025-11-21T06:38:15.960570,,1550
OV-V-pkc-skc,verify,1024,16,2.5,1,1,0,ip-172-31-41-169,linux,0,26.8557,37.24,Signature,True,2025-11-21T06:38:15.987531,,1551
OV-V-pkc-skc,verify,1024,16,2.5,1,1,0,ip-172-31-41-169,linux,0,26.5727,37.63,Signature,True,2025-11-21T06:38:16.014208,,1552
OV-V-pkc-skc,verify,1024,16,2.5,1,1,0,ip-172-31-41-169,linux,0,26.6847,37.47,Signature,True,2025-11-21T06:38:16.040992,,1553
OV-V-pkc-skc,verify,1024,16,2.5,1,1,0,ip-172-31-41-169,linux,0,26.471,37.78,Signature,True,2025-11-21T06:38:16.067566,,1554
OV-V-pkc-skc,verify,1024,16,2.5,1,1,0,ip-172-31-41-169,linux,0,26.6588,37.51,Signature,True,2025-11-21T06:38:16.094330,,1555
OV-V-pkc-skc,verify,1024,64,2.5,1,1,0,ip-172-31-41-169,linux,0,26.5541,37.66,Signature,True,2025-11-21T06:38:16.120991,,1556
OV-V-pkc-skc,verify,1024,64,2.5,1,1,0,ip-172-31-41-169,linux,0,26.7028,37.45,Signature,True,2025-11-21T06:38:16.147797,,1557
OV-V-pkc-skc,verify,1024,64,2.5,1,1,0,ip-172-31-41-169,linux,0,26.6844,37.48,Signature,True,2025-11-21T06:38:16.174585,,1558
OV-V-pkc-skc,verify,1024,64,2.5,1,1,0,ip-172-31-41-169,linux,0,26.4877,37.75,Signature,True,2025-11-21T06:38:16.201176,,1559
OV-V-pkc-skc,verify,1024,64,2.5,1,1,0,ip-172-31-41-169,linux,0,26.6705,37.49,Signature,True,2025-11-21T06:38:16.227948,,1560
SPHINCS+-SHA2-128f-simple,sign,0,1,2.5,1,1,0,ip-172-31-41-169,linux,0,11.15,89.69,Signature,True,2025-11-21T06:38:16.239256,,1561
SPHINCS+-SHA2-128f-simple,sign,0,1,2.5,1,1,0,ip-172-31-41-169,linux,0,10.8287,92.35,Signature,True,2025-11-21T06:38:16.250169,,1562
SPHINCS+-SHA2-128f-simple,sign,0,1,2.5,1,1,0,ip-172-31-41-169,linux,0,10.7462,93.06,Signature,True,2025-11-21T06:38:16.260993,,1563
SPHINCS+-SHA2-128f-simple,sign,0,1,2.5,1,1,0,ip-172-31-41-169,linux,0,10.7613,92.93,Signature,True,2025-11-21T06:38:16.271824,,1564
SPHINCS+-SHA2-128f-simple,sign,0,1,2.5,1,1,0,ip-172-31-41-169,linux,0,10.7342,93.16,Signature,True,2025-11-21T06:38:16.282625,,1565
SPHINCS+-SHA2-128f-simple,sign,0,16,2.5,1,1,0,ip-172-31-41-169,linux,0,10.7676,92.87,Signature,True,2025-11-21T06:38:16.293464,,1566
SPHINCS+-SHA2-128f-simple,sign,0,16,2.5,1,1,0,ip-172-31-41-169,linux,0,10.7911,92.67,Signature,True,2025-11-21T06:38:16.304324,,1567
SPHINCS+-SHA2-128f-simple,sign,0,16,2.5,1,1,0,ip-172-31-41-169,linux,0,10.7229,93.26,Signature,True,2025-11-21T06:38:16.315115,,1568
SPHINCS+-SHA2-128f-simple,sign,0,16,2.5,1,1,0,ip-172-31-41-169,linux,0,10.7694,92.86,Signature,True,2025-11-21T06:38:16.325960,,1569
SPHINCS+-SHA2-128f-simple,sign,0,16,2.5,1,1,0,ip-172-31-41-169,linux,0,10.7775,92.79,Signature,True,2025-11-21T06:38:16.336808,,1570
SPHINCS+-SHA2-128f-simple,sign,0,64,2.5,1,1,0,ip-172-31-41-169,linux,0,10.7692,92.86,Signature,True,2025-11-21T06:38:16.347647,,1571
SPHINCS+-SHA2-128f-simple,sign,0,64,2.5,1,1,0,ip-172-31-41-169,linux,0,10.7803,92.76,Signature,True,2025-11-21T06:38:16.358499,,1572
SPHINCS+-SHA2-128f-simple,sign,0,64,2.5,1,1,0,ip-172-31-41-169,linux,0,10.7825,92.74,Signature,True,2025-11-21T06:38:16.369352,,1573
SPHINCS+-SHA2-128f-simple,sign,0,64,2.5,1,1,0,ip-172-31-41-169,linux,0,10.7927,92.66,Signature,True,2025-11-21T06:38:16.380213,,1574
SPHINCS+-SHA2-128f-simple,sign,0,64,2.5,1,1,0,ip-172-31-41-169,linux,0,10.7865,92.71,Signature,True,2025-11-21T06:38:16.391066,,1575
SPHINCS+-SHA2-128f-simple,sign,1024,1,2.5,1,1,0,ip-172-31-41-169,linux,0,10.8264,92.37,Signature,True,2025-11-21T06:38:16.401961,,1576
SPHINCS+-SHA2-128f-simple,sign,1024,1,2.5,1,1,0,ip-172-31-41-169,linux,0,10.7913,92.67,Signature,True,2025-11-21T06:38:16.412825,,1577
SPHINCS+-SHA2-128f-simple,sign,1024,1,2.5,1,1,0,ip-172-31-41-169,linux,0,10.7707,92.84,Signature,True,2025-11-21T06:38:16.423667,,1578
SPHINCS+-SHA2-128f-simple,sign,1024,1,2.5,1,1,0,ip-172-31-41-169,linux,0,10.83,92.34,Signature,True,2025-11-21T06:38:16.434570,,1579
SPHINCS+-SHA2-128f-simple,sign,1024,1,2.5,1,1,0,ip-172-31-41-169,linux,0,10.796,92.63,Signature,True,2025-11-21T06:38:16.445443,,1580
SPHINCS+-SHA2-128f-simple,sign,1024,16,2.5,1,1,0,ip-172-31-41-169,linux,0,10.803,92.57,Signature,True,2025-11-21T06:38:16.456319,,1581
SPHINCS+-SHA2-128f-simple,sign,1024,16,2.5,1,1,0,ip-172-31-41-169,linux,0,10.801,92.58,Signature,True,2025-11-21T06:38:16.467192,,1582
SPHINCS+-SHA2-128f-simple,sign,1024,16,2.5,1,1,0,ip-172-31-41-169,linux,0,10.7886,92.69,Signature,True,2025-11-21T06:38:16.478054,,1583
SPHINCS+-SHA2-128f-simple,sign,1024,16,2.5,1,1,0,ip-172-31-41-169,linux,0,10.7891,92.69,Signature,True,2025-11-21T06:38:16.488917,,1584
SPHINCS+-SHA2-128f-simple,sign,1024,16,2.5,1,1,0,ip-172-31-41-169,linux,0,10.8087,92.52,Signature,True,2025-11-21T06:38:16.499798,,1585
SPHINCS+-SHA2-128f-simple,sign,1024,64,2.5,1,1,0,ip-172-31-41-169,linux,0,10.9381,91.42,Signature,True,2025-11-21T06:38:16.510823,,1586
SPHINCS+-SHA2-128f-simple,sign,1024,64,2.5,1,1,0,ip-172-31-41-169,linux,0,10.8139,92.47,Signature,True,2025-11-21T06:38:16.521721,,1587
SPHINCS+-SHA2-128f-simple,sign,1024,64,2.5,1,1,0,ip-172-31-41-169,linux,0,10.768,92.87,Signature,True,2025-11-21T06:38:16.532564,,1588
SPHINCS+-SHA2-128f-simple,sign,1024,64,2.5,1,1,0,ip-172-31-41-169,linux,0,10.7545,92.98,Signature,True,2025-11-21T06:38:16.543391,,1589
SPHINCS+-SHA2-128f-simple,sign,1024,64,2.5,1,1,0,ip-172-31-41-169,linux,0,10.7972,92.62,Signature,True,2025-11-21T06:38:16.554259,,1590
SPHINCS+-SHA2-128f-simple,verify,0,1,2.5,1,1,0,ip-172-31-41-169,linux,0,10.7458,93.06,Signature,True,2025-11-21T06:38:16.565082,,1591
SPHINCS+-SHA2-128f-simple,verify,0,1,2.5,1,1,0,ip-172-31-41-169,linux,0,10.7833,92.74,Signature,True,2025-11-21T06:38:16.575946,,1592
SPHINCS+-SHA2-128f-simple,verify,0,1,2.5,1,1,0,ip-172-31-41-169,linux,0,10.79,92.68,Signature,True,2025-11-21T06:38:16.586805,,1593
SPHINCS+-SHA2-128f-simple,verify,0,1,2.5,1,1,0,ip-172-31-41-169,linux,0,10.7237,93.25,Signature,True,2025-11-21T06:38:16.597597,,1594
SPHINCS+-SHA2-128f-simple,verify,0,1,2.5,1,1,0,ip-172-31-41-169,linux,0,10.7373,93.13,Signature,True,2025-11-21T06:38:16.608400,,1595
SPHINCS+-SHA2-128f-simple,verify,0,16,2.5,1,1,0,ip-172-31-41-169,linux,0,10.7927,92.65,Signature,True,2025-11-21T06:38:16.619260,,1596
SPHINCS+-SHA2-128f-simple,verify,0,16,2.5,1,1,0,ip-172-31-41-169,linux,0,10.8002,92.59,Signature,True,2025-11-21T06:38:16.630128,,1597
SPHINCS+-SHA2-128f-simple,verify,0,16,2.5,1,1,0,ip-172-31-41-169,linux,0,10.8244,92.38,Signature,True,2025-11-21T06:38:16.641046,,1598
SPHINCS+-SHA2-128f-simple,verify,0,16,2.5,1,1,0,ip-172-31-41-169,linux,0,10.8155,92.46,Signature,True,2025-11-21T06:38:16.651935,,1599
SPHINCS+-SHA2-128f-simple,verify,0,16,2.5,1,1,0,ip-172-31-41-169,linux,0,10.8899,91.83,Signature,True,2025-11-21T06:38:16.662898,,1600
SPHINCS+-SHA2-128f-simple,verify,0,64,2.5,1,1,0,ip-172-31-41-169,linux,0,10.8335,92.31,Signature,True,2025-11-21T06:38:16.673813,,1601
SPHINCS+-SHA2-128f-simple,verify,0,64,2.5,1,1,0,ip-172-31-41-169,linux,0,10.7749,92.81,Signature,True,2025-11-21T06:38:16.684665,,1602
SPHINCS+-SHA2-128f-simple,verify,0,64,2.5,1,1,0,ip-172-31-41-169,linux,0,10.7984,92.61,Signature,True,2025-11-21T06:38:16.695549,,1603
SPHINCS+-SHA2-128f-simple,verify,0,64,2.5,1,1,0,ip-172-31-41-169,linux,0,10.7746,92.81,Signature,True,2025-11-21T06:38:16.706392,,1604
SPHINCS+-SHA2-128f-simple,verify,0,64,2.5,1,1,0,ip-172-31-41-169,linux,0,10.8092,92.51,Signature,True,2025-11-21T06:38:16.717273,,1605
SPHINCS+-SHA2-128f-simple,verify,1024,1,2.5,1,1,0,ip-172-31-41-169,linux,0,10.8257,92.37,Signature,True,2025-11-21T06:38:16.728177,,1606
SPHINCS+-SHA2-128f-simple,verify,1024,1,2.5,1,1,0,ip-172-31-41-169,linux,0,10.8006,92.59,Signature,True,2025-11-21T06:38:16.739054,,1607
SPHINCS+-SHA2-128f-simple,verify,1024,1,2.5,1,1,0,ip-172-31-41-169,linux,0,10.801,92.58,Signature,True,2025-11-21T06:38:16.749926,,1608
SPHINCS+-SHA2-128f-simple,verify,1024,1,2.5,1,1,0,ip-172-31-41-169,linux,0,10.8252,92.38,Signature,True,2025-11-21T06:38:16.760827,,1609
SPHINCS+-SHA2-128f-simple,verify,1024,1,2.5,1,1,0,ip-172-31-41-169,linux,0,11.6673,85.71,Signature,True,2025-11-21T06:38:16.772575,,1610
SPHINCS+-SHA2-128f-simple,verify,1024,16,2.5,1,1,0,ip-172-31-41-169,linux,0,10.8518,92.15,Signature,True,2025-11-21T06:38:16.783524,,1611
SPHINCS+-SHA2-128f-simple,verify,1024,16,2.5,1,1,0,ip-172-31-41-169,linux,0,10.8467,92.19,Signature,True,2025-11-21T06:38:16.794453,,1612
SPHINCS+-SHA2-128f-simple,verify,1024,16,2.5,1,1,0,ip-172-31-41-169,linux,0,10.7889,92.69,Signature,True,2025-11-21T06:38:16.805318,,1613
SPHINCS+-SHA2-128f-simple,verify,1024,16,2.5,1,1,0,ip-172-31-41-169,linux,0,10.7459,93.06,Signature,True,2025-11-21T06:38:16.816136,,1614
SPHINCS+-SHA2-128f-simple,verify,1024,16,2.5,1,1,0,ip-172-31-41-169,linux,0,10.7664,92.88,Signature,True,2025-11-21T06:38:16.826981,,1615
SPHINCS+-SHA2-128f-simple,verify,1024,64,2.5,1,1,0,ip-172-31-41-169,linux,0,10.8053,92.55,Signature,True,2025-11-21T06:38:16.837860,,1616
SPHINCS+-SHA2-128f-simple,verify,1024,64,2.5,1,1,0,ip-172-31-41-169,linux,0,10.8092,92.51,Signature,True,2025-11-21T06:38:16.848740,,1617
SPHINCS+-SHA2-128f-simple,verify,1024,64,2.5,1,1,0,ip-172-31-41-169,linux,0,10.7888,92.69,Signature,True,2025-11-21T06:38:16.859603,,1618
SPHINCS+-SHA2-128f-simple,verify,1024,64,2.5,1,1,0,ip-172-31-41-169,linux,0,10.7771,92.79,Signature,True,2025-11-21T06:38:16.870452,,1619
SPHINCS+-SHA2-128f-simple,verify,1024,64,2.5,1,1,0,ip-172-31-41-169,linux,0,10.761,92.93,Signature,True,2025-11-21T06:38:16.881282,,1620
SPHINCS+-SHA2-128s-simple,sign,0,1,2.5,1,1,0,ip-172-31-41-169,linux,0,219.2229,4.56,Signature,True,2025-11-21T06:38:17.100624,,1621
SPHINCS+-SHA2-128s-simple,sign,0,1,2.5,1,1,0,ip-172-31-41-169,linux,0,219.2378,4.56,Signature,True,2025-11-21T06:38:17.319961,,1622
SPHINCS+-SHA2-128s-simple,sign,0,1,2.5,1,1,0,ip-172-31-41-169,linux,0,218.939,4.57,Signature,True,2025-11-21T06:38:17.538992,,1623
SPHINCS+-SHA2-128s-simple,sign,0,1,2.5,1,1,0,ip-172-31-41-169,linux,0,218.8194,4.57,Signature,True,2025-11-21T06:38:17.757896,,1624
SPHINCS+-SHA2-128s-simple,sign,0,1,2.5,1,1,0,ip-172-31-41-169,linux,0,218.7781,4.57,Signature,True,2025-11-21T06:38:17.976765,,1625
SPHINCS+-SHA2-128s-simple,sign,0,16,2.5,1,1,0,ip-172-31-41-169,linux,0,218.8731,4.57,Signature,True,2025-11-21T06:38:18.195730,,1626
SPHINCS+-SHA2-128s-simple,sign,0,16,2.5,1,1,0,ip-172-31-41-169,linux,0,219.0053,4.57,Signature,True,2025-11-21T06:38:18.414823,,1627
SPHINCS+-SHA2-128s-simple,sign,0,16,2.5,1,1,0,ip-172-31-41-169,linux,0,218.9597,4.57,Signature,True,2025-11-21T06:38:18.633875,,1628
SPHINCS+-SHA2-128s-simple,sign,0,16,2.5,1,1,0,ip-172-31-41-169,linux,0,219.0062,4.57,Signature,True,2025-11-21T06:38:18.852971,,1629
SPHINCS+-SHA2-128s-simple,sign,0,16,2.5,1,1,0,ip-172-31-41-169,linux,0,218.7587,4.57,Signature,True,2025-11-21T06:38:19.071817,,1630
SPHINCS+-SHA2-128s-simple,sign,0,64,2.5,1,1,0,ip-172-31-41-169,linux,0,219.013,4.57,Signature,True,2025-11-21T06:38:19.290920,,1631
SPHINCS+-SHA2-128s-simple,sign,0,64,2.5,1,1,0,ip-172-31-41-169,linux,0,218.9004,4.57,Signature,True,2025-11-21T06:38:19.509915,,1632
SPHINCS+-SHA2-128s-simple,sign,0,64,2.5,1,1,0,ip-172-31-41-169,linux,0,218.9515,4.57,Signature,True,2025-11-21T06:38:19.728956,,1633
SPHINCS+-SHA2-128s-simple,sign,0,64,2.5,1,1,0,ip-172-31-41-169,linux,0,218.8816,4.57,Signature,True,2025-11-21T06:38:19.947930,,1634
SPHINCS+-SHA2-128s-simple,sign,0,64,2.5,1,1,0,ip-172-31-41-169,linux,0,218.7036,4.57,Signature,True,2025-11-21T06:38:20.166722,,1635
SPHINCS+-SHA2-128s-simple,sign,1024,1,2.5,1,1,0,ip-172-31-41-169,linux,0,218.9085,4.57,Signature,True,2025-11-21T06:38:20.385719,,1636
SPHINCS+-SHA2-128s-simple,sign,1024,1,2.5,1,1,0,ip-172-31-41-169,linux,0,218.9851,4.57,Signature,True,2025-11-21T06:38:20.604793,,1637
SPHINCS+-SHA2-128s-simple,sign,1024,1,2.5,1,1,0,ip-172-31-41-169,linux,0,218.9137,4.57,Signature,True,2025-11-21T06:38:20.823798,,1638
SPHINCS+-SHA2-128s-simple,sign,1024,1,2.5,1,1,0,ip-172-31-41-169,linux,0,218.7534,4.57,Signature,True,2025-11-21T06:38:21.042638,,1639
SPHINCS+-SHA2-128s-simple,sign,1024,1,2.5,1,1,0,ip-172-31-41-169,linux,0,218.8819,4.57,Signature,True,2025-11-21T06:38:21.261612,,1640
SPHINCS+-SHA2-128s-simple,sign,1024,16,2.5,1,1,0,ip-172-31-41-169,linux,0,218.819,4.57,Signature,True,2025-11-21T06:38:21.480516,,1641
SPHINCS+-SHA2-128s-simple,sign,1024,16,2.5,1,1,0,ip-172-31-41-169,linux,0,218.8737,4.57,Signature,True,2025-11-21T06:38:21.699479,,1642
SPHINCS+-SHA2-128s-simple,sign,1024,16,2.5,1,1,0,ip-172-31-41-169,linux,0,218.9846,4.57,Signature,True,2025-11-21T06:38:21.918552,,1643
SPHINCS+-SHA2-128s-simple,sign,1024,16,2.5,1,1,0,ip-172-31-41-169,linux,0,218.9446,4.57,Signature,True,2025-11-21T06:38:22.137587,,1644
SPHINCS+-SHA2-128s-simple,sign,1024,16,2.5,1,1,0,ip-172-31-41-169,linux,0,219.0295,4.57,Signature,True,2025-11-21T06:38:22.356707,,1645
SPHINCS+-SHA2-128s-simple,sign,1024,64,2.5,1,1,0,ip-172-31-41-169,linux,0,218.8415,4.57,Signature,True,2025-11-21T06:38:22.575641,,1646
SPHINCS+-SHA2-128s-simple,sign,1024,64,2.5,1,1,0,ip-172-31-41-169,linux,0,219.2091,4.56,Signature,True,2025-11-21T06:38:22.794943,,1647
SPHINCS+-SHA2-128s-simple,sign,1024,64,2.5,1,1,0,ip-172-31-41-169,linux,0,218.6965,4.57,Signature,True,2025-11-21T06:38:23.013727,,1648
SPHINCS+-SHA2-128s-simple,sign,1024,64,2.5,1,1,0,ip-172-31-41-169,linux,0,218.9342,4.57,Signature,True,2025-11-21T06:38:23.232752,,1649
SPHINCS+-SHA2-128s-simple,sign,1024,64,2.5,1,1,0,ip-172-31-41-169,linux,0,218.8297,4.57,Signature,True,2025-11-21T06:38:23.451676,,1650
SPHINCS+-SHA2-128s-simple,verify,0,1,2.5,1,1,0,ip-172-31-41-169,linux,0,219.3343,4.56,Signature,True,2025-11-21T06:38:23.671115,,1651
SPHINCS+-SHA2-128s-simple,verify,0,1,2.5,1,1,0,ip-172-31-41-169,linux,0,218.7945,4.57,Signature,True,2025-11-21T06:38:23.890008,,1652
SPHINCS+-SHA2-128s-simple,verify,0,1,2.5,1,1,0,ip-172-31-41-169,linux,0,218.6955,4.57,Signature,True,2025-11-21T06:38:24.108795,,1653
SPHINCS+-SHA2-128s-simple,verify,0,1,2.5,1,1,0,ip-172-31-41-169,linux,0,218.9384,4.57,Signature,True,2025-11-21T06:38:24.327825,,1654
SPHINCS+-SHA2-128s-simple,verify,0,1,2.5,1,1,0,ip-172-31-41-169,linux,0,218.8533,4.57,Signature,True,2025-11-21T06:38:24.546768,,1655
SPHINCS+-SHA2-128s-simple,verify,0,16,2.5,1,1,0,ip-172-31-41-169,linux,0,218.8531,4.57,Signature,True,2025-11-21T06:38:24.765710,,1656
SPHINCS+-SHA2-128s-simple,verify,0,16,2.5,1,1,0,ip-172-31-41-169,linux,0,218.7784,4.57,Signature,True,2025-11-21T06:38:24.984577,,1657
SPHINCS+-SHA2-128s-simple,verify,0,16,2.5,1,1,0,ip-172-31-41-169,linux,0,218.701,4.57,Signature,True,2025-11-21T06:38:25.203368,,1658
SPHINCS+-SHA2-128s-simple,verify,0,16,2.5,1,1,0,ip-172-31-41-169,linux,0,218.7338,4.57,Signature,True,2025-11-21T06:38:25.422191,,1659
SPHINCS+-SHA2-128s-simple,verify,0,16,2.5,1,1,0,ip-172-31-41-169,linux,0,218.9188,4.57,Signature,True,2025-11-21T06:38:25.641198,,1660
SPHINCS+-SHA2-128s-simple,verify,0,64,2.5,1,1,0,ip-172-31-41-169,linux,0,219.3732,4.56,Signature,True,2025-11-21T06:38:25.860664,,1661
SPHINCS+-SHA2-128s-simple,verify,0,64,2.5,1,1,0,ip-172-31-41-169,linux,0,218.9635,4.57,Signature,True,2025-11-21T06:38:26.079719,,1662
SPHINCS+-SHA2-128s-simple,verify,0,64,2.5,1,1,0,ip-172-31-41-169,linux,0,218.7856,4.57,Signature,True,2025-11-21T06:38:26.298593,,1663
SPHINCS+-SHA2-128s-simple,verify,0,64,2.5,1,1,0,ip-172-31-41-169,linux,0,219.1208,4.56,Signature,True,2025-11-21T06:38:26.517804,,1664
SPHINCS+-SHA2-128s-simple,verify,0,64,2.5,1,1,0,ip-172-31-41-169,linux,0,218.8938,4.57,Signature,True,2025-11-21T06:38:26.736789,,1665
SPHINCS+-SHA2-128s-simple,verify,1024,1,2.5,1,1,0,ip-172-31-41-169,linux,0,218.8928,4.57,Signature,True,2025-11-21T06:38:26.955777,,1666
SPHINCS+-SHA2-128s-simple,verify,1024,1,2.5,1,1,0,ip-172-31-41-169,linux,0,218.7245,4.57,Signature,True,2025-11-21T06:38:27.174591,,1667
SPHINCS+-SHA2-128s-simple,verify,1024,1,2.5,1,1,0,ip-172-31-41-169,linux,0,218.9861,4.57,Signature,True,2025-11-21T06:38:27.393666,,1668
SPHINCS+-SHA2-128s-simple,verify,1024,1,2.5,1,1,0,ip-172-31-41-169,linux,0,218.9315,4.57,Signature,True,2025-11-21T06:38:27.612689,,1669
SPHINCS+-SHA2-128s-simple,verify,1024,1,2.5,1,1,0,ip-172-31-41-169,linux,0,218.7843,4.57,Signature,True,2025-11-21T06:38:27.831560,,1670
SPHINCS+-SHA2-128s-simple,verify,1024,16,2.5,1,1,0,ip-172-31-41-169,linux,0,218.6888,4.57,Signature,True,2025-11-21T06:38:28.050341,,1671
SPHINCS+-SHA2-128s-simple,verify,1024,16,2.5,1,1,0,ip-172-31-41-169,linux,0,218.8667,4.57,Signature,True,2025-11-21T06:38:28.269299,,1672
SPHINCS+-SHA2-128s-simple,verify,1024,16,2.5,1,1,0,ip-172-31-41-169,linux,0,218.9666,4.57,Signature,True,2025-11-21T06:38:28.488360,,1673
SPHINCS+-SHA2-128s-simple,verify,1024,16,2.5,1,1,0,ip-172-31-41-169,linux,0,219.0564,4.57,Signature,True,2025-11-21T06:38:28.707506,,1674
SPHINCS+-SHA2-128s-simple,verify,1024,16,2.5,1,1,0,ip-172-31-41-169,linux,0,218.8352,4.57,Signature,True,2025-11-21T06:38:28.926432,,1675
SPHINCS+-SHA2-128s-simple,verify,1024,64,2.5,1,1,0,ip-172-31-41-169,linux,0,218.9438,4.57,Signature,True,2025-11-21T06:38:29.145465,,1676
SPHINCS+-SHA2-128s-simple,verify,1024,64,2.5,1,1,0,ip-172-31-41-169,linux,0,219.0596,4.56,Signature,True,2025-11-21T06:38:29.364617,,1677
SPHINCS+-SHA2-128s-simple,verify,1024,64,2.5,1,1,0,ip-172-31-41-169,linux,0,218.8914,4.57,Signature,True,2025-11-21T06:38:29.583598,,1678
SPHINCS+-SHA2-128s-simple,verify,1024,64,2.5,1,1,0,ip-172-31-41-169,linux,0,218.9546,4.57,Signature,True,2025-11-21T06:38:29.802640,,1679
SPHINCS+-SHA2-128s-simple,verify,1024,64,2.5,1,1,0,ip-172-31-41-169,linux,0,218.8824,4.57,Signature,True,2025-11-21T06:38:30.021611,,1680
SPHINCS+-SHA2-192f-simple,sign,0,1,2.5,1,1,0,ip-172-31-41-169,linux,0,18.2691,54.74,Signature,True,2025-11-21T06:38:30.040030,,1681
SPHINCS+-SHA2-192f-simple,sign,0,1,2.5,1,1,0,ip-172-31-41-169,linux,0,18.0755,55.32,Signature,True,2025-11-21T06:38:30.058204,,1682
SPHINCS+-SHA2-192f-simple,sign,0,1,2.5,1,1,0,ip-172-31-41-169,linux,0,18.0269,55.47,Signature,True,2025-11-21T06:38:30.076310,,1683
SPHINCS+-SHA2-192f-simple,sign,0,1,2.5,1,1,0,ip-172-31-41-169,linux,0,18.0355,55.45,Signature,True,2025-11-21T06:38:30.094423,,1684
SPHINCS+-SHA2-192f-simple,sign,0,1,2.5,1,1,0,ip-172-31-41-169,linux,0,17.9872,55.6,Signature,True,2025-11-21T06:38:30.112484,,1685
SPHINCS+-SHA2-192f-simple,sign,0,16,2.5,1,1,0,ip-172-31-41-169,linux,0,18.3915,54.37,Signature,True,2025-11-21T06:38:30.130950,,1686
SPHINCS+-SHA2-192f-simple,sign,0,16,2.5,1,1,0,ip-172-31-41-169,linux,0,18.0798,55.31,Signature,True,2025-11-21T06:38:30.149117,,1687
SPHINCS+-SHA2-192f-simple,sign,0,16,2.5,1,1,0,ip-172-31-41-169,linux,0,18.0726,55.33,Signature,True,2025-11-21T06:38:30.167280,,1688
SPHINCS+-SHA2-192f-simple,sign,0,16,2.5,1,1,0,ip-172-31-41-169,linux,0,18.0871,55.29,Signature,True,2025-11-21T06:38:30.185446,,1689
SPHINCS+-SHA2-192f-simple,sign,0,16,2.5,1,1,0,ip-172-31-41-169,linux,0,18.0507,55.4,Signature,True,2025-11-21T06:38:30.203574,,1690
SPHINCS+-SHA2-192f-simple,sign,0,64,2.5,1,1,0,ip-172-31-41-169,linux,0,18.0725,55.33,Signature,True,2025-11-21T06:38:30.221724,,1691
SPHINCS+-SHA2-192f-simple,sign,0,64,2.5,1,1,0,ip-172-31-41-169,linux,0,18.0205,55.49,Signature,True,2025-11-21T06:38:30.239821,,1692
SPHINCS+-SHA2-192f-simple,sign,0,64,2.5,1,1,0,ip-172-31-41-169,linux,0,18.041,55.43,Signature,True,2025-11-21T06:38:30.257938,,1693
SPHINCS+-SHA2-192f-simple,sign,0,64,2.5,1,1,0,ip-172-31-41-169,linux,0,18.1145,55.2,Signature,True,2025-11-21T06:38:30.276131,,1694
SPHINCS+-SHA2-192f-simple,sign,0,64,2.5,1,1,0,ip-172-31-41-169,linux,0,18.0415,55.43,Signature,True,2025-11-21T06:38:30.294262,,1695
SPHINCS+-SHA2-192f-simple,sign,1024,1,2.5,1,1,0,ip-172-31-41-169,linux,0,18.1004,55.25,Signature,True,2025-11-21T06:38:30.312440,,1696
SPHINCS+-SHA2-192f-simple,sign,1024,1,2.5,1,1,0,ip-172-31-41-169,linux,0,18.0699,55.34,Signature,True,2025-11-21T06:38:30.330590,,1697
SPHINCS+-SHA2-192f-simple,sign,1024,1,2.5,1,1,0,ip-172-31-41-169,linux,0,18.0851,55.29,Signature,True,2025-11-21T06:38:30.348759,,1698
SPHINCS+-SHA2-192f-simple,sign,1024,1,2.5,1,1,0,ip-172-31-41-169,linux,0,18.0706,55.34,Signature,True,2025-11-21T06:38:30.366910,,1699
SPHINCS+-SHA2-192f-simple,sign,1024,1,2.5,1,1,0,ip-172-31-41-169,linux,0,18.0613,55.37,Signature,True,2025-11-21T06:38:30.385049,,1700
SPHINCS+-SHA2-192f-simple,sign,1024,16,2.5,1,1,0,ip-172-31-41-169,linux,0,18.0916,55.27,Signature,True,2025-11-21T06:38:30.403218,,1701
SPHINCS+-SHA2-192f-simple,sign,1024,16,2.5,1,1,0,ip-172-31-41-169,linux,0,18.1586,55.07,Signature,True,2025-11-21T06:38:30.421457,,1702
SPHINCS+-SHA2-192f-simple,sign,1024,16,2.5,1,1,0,ip-172-31-41-169,linux,0,18.116,55.2,Signature,True,2025-11-21T06:38:30.439658,,1703
SPHINCS+-SHA2-192f-simple,sign,1024,16,2.5,1,1,0,ip-172-31-41-169,linux,0,18.0313,55.46,Signature,True,2025-11-21T06:38:30.457773,,1704
SPHINCS+-SHA2-192f-simple,sign,1024,16,2.5,1,1,0,ip-172-31-41-169,linux,0,18.0603,55.37,Signature,True,2025-11-21T06:38:30.475911,,1705
SPHINCS+-SHA2-192f-simple,sign,1024,64,2.5,1,1,0,ip-172-31-41-169,linux,0,18.0753,55.32,Signature,True,2025-11-21T06:38:30.494065,,1706
SPHINCS+-SHA2-192f-simple,sign,1024,64,2.5,1,1,0,ip-172-31-41-169,linux,0,18.113,55.21,Signature,True,2025-11-21T06:38:30.512256,,1707
SPHINCS+-SHA2-192f-simple,sign,1024,64,2.5,1,1,0,ip-172-31-41-169,linux,0,18.0353,55.45,Signature,True,2025-11-21T06:38:30.530369,,1708
SPHINCS+-SHA2-192f-simple,sign,1024,64,2.5,1,1,0,ip-172-31-41-169,linux,0,18.0815,55.31,Signature,True,2025-11-21T06:38:30.548531,,1709
SPHINCS+-SHA2-192f-simple,sign,1024,64,2.5,1,1,0,ip-172-31-41-169,linux,0,18.0692,55.34,Signature,True,2025-11-21T06:38:30.566679,,1710
SPHINCS+-SHA2-192f-simple,verify,0,1,2.5,1,1,0,ip-172-31-41-169,linux,0,18.1899,54.98,Signature,True,2025-11-21T06:38:30.584959,,1711
SPHINCS+-SHA2-192f-simple,verify,0,1,2.5,1,1,0,ip-172-31-41-169,linux,0,18.0373,55.44,Signature,True,2025-11-21T06:38:30.603081,,1712
SPHINCS+-SHA2-192f-simple,verify,0,1,2.5,1,1,0,ip-172-31-41-169,linux,0,18.0712,55.34,Signature,True,2025-11-21T06:38:30.621241,,1713
SPHINCS+-SHA2-192f-simple,verify,0,1,2.5,1,1,0,ip-172-31-41-169,linux,0,18.0313,55.46,Signature,True,2025-11-21T06:38:30.639353,,1714
SPHINCS+-SHA2-192f-simple,verify,0,1,2.5,1,1,0,ip-172-31-41-169,linux,0,18.0569,55.38,Signature,True,2025-11-21T06:38:30.657489,,1715
SPHINCS+-SHA2-192f-simple,verify,0,16,2.5,1,1,0,ip-172-31-41-169,linux,0,18.3445,54.51,Signature,True,2025-11-21T06:38:30.675917,,1716
SPHINCS+-SHA2-192f-simple,verify,0,16,2.5,1,1,0,ip-172-31-41-169,linux,0,18.1003,55.25,Signature,True,2025-11-21T06:38:30.694106,,1717
SPHINCS+-SHA2-192f-simple,verify,0,16,2.5,1,1,0,ip-172-31-41-169,linux,0,18.0365,55.44,Signature,True,2025-11-21T06:38:30.712234,,1718
SPHINCS+-SHA2-192f-simple,verify,0,16,2.5,1,1,0,ip-172-31-41-169,linux,0,18.0301,55.46,Signature,True,2025-11-21T06:38:30.730350,,1719
SPHINCS+-SHA2-192f-simple,verify,0,16,2.5,1,1,0,ip-172-31-41-169,linux,0,18.0904,55.28,Signature,True,2025-11-21T06:38:30.748519,,1720
SPHINCS+-SHA2-192f-simple,verify,0,64,2.5,1,1,0,ip-172-31-41-169,linux,0,18.1239,55.18,Signature,True,2025-11-21T06:38:30.766725,,1721
SPHINCS+-SHA2-192f-simple,verify,0,64,2.5,1,1,0,ip-172-31-41-169,linux,0,18.0938,55.27,Signature,True,2025-11-21T06:38:30.784902,,1722
SPHINCS+-SHA2-192f-simple,verify,0,64,2.5,1,1,0,ip-172-31-41-169,linux,0,18.0494,55.4,Signature,True,2025-11-21T06:38:30.803027,,1723
SPHINCS+-SHA2-192f-simple,verify,0,64,2.5,1,1,0,ip-172-31-41-169,linux,0,18.0971,55.26,Signature,True,2025-11-21T06:38:30.821200,,1724
SPHINCS+-SHA2-192f-simple,verify,0,64,2.5,1,1,0,ip-172-31-41-169,linux,0,18.0603,55.37,Signature,True,2025-11-21T06:38:30.839338,,1725
SPHINCS+-SHA2-192f-simple,verify,1024,1,2.5,1,1,0,ip-172-31-41-169,linux,0,18.0619,55.37,Signature,True,2025-11-21T06:38:30.857482,,1726
SPHINCS+-SHA2-192f-simple,verify,1024,1,2.5,1,1,0,ip-172-31-41-169,linux,0,18.0643,55.36,Signature,True,2025-11-21T06:38:30.875626,,1727
SPHINCS+-SHA2-192f-simple,verify,1024,1,2.5,1,1,0,ip-172-31-41-169,linux,0,18.0511,55.4,Signature,True,2025-11-21T06:38:30.893753,,1728
SPHINCS+-SHA2-192f-simple,verify,1024,1,2.5,1,1,0,ip-172-31-41-169,linux,0,18.1433,55.12,Signature,True,2025-11-21T06:38:30.911975,,1729
SPHINCS+-SHA2-192f-simple,verify,1024,1,2.5,1,1,0,ip-172-31-41-169,linux,0,18.0625,55.36,Signature,True,2025-11-21T06:38:30.930123,,1730
SPHINCS+-SHA2-192f-simple,verify,1024,16,2.5,1,1,0,ip-172-31-41-169,linux,0,18.0604,55.37,Signature,True,2025-11-21T06:38:30.948273,,1731
SPHINCS+-SHA2-192f-simple,verify,1024,16,2.5,1,1,0,ip-172-31-41-169,linux,0,18.048,55.41,Signature,True,2025-11-21T06:38:30.966403,,1732
SPHINCS+-SHA2-192f-simple,verify,1024,16,2.5,1,1,0,ip-172-31-41-169,linux,0,18.0815,55.31,Signature,True,2025-11-21T06:38:30.984567,,1733
SPHINCS+-SHA2-192f-simple,verify,1024,16,2.5,1,1,0,ip-172-31-41-169,linux,0,18.3212,54.58,Signature,True,2025-11-21T06:38:31.002969,,1734
SPHINCS+-SHA2-192f-simple,verify,1024,16,2.5,1,1,0,ip-172-31-41-169,linux,0,18.1699,55.04,Signature,True,2025-11-21T06:38:31.021237,,1735
SPHINCS+-SHA2-192f-simple,verify,1024,64,2.5,1,1,0,ip-172-31-41-169,linux,0,18.0962,55.26,Signature,True,2025-11-21T06:38:31.039422,,1736
SPHINCS+-SHA2-192f-simple,verify,1024,64,2.5,1,1,0,ip-172-31-41-169,linux,0,18.0648,55.36,Signature,True,2025-11-21T06:38:31.057565,,1737
SPHINCS+-SHA2-192f-simple,verify,1024,64,2.5,1,1,0,ip-172-31-41-169,linux,0,18.0657,55.35,Signature,True,2025-11-21T06:38:31.075714,,1738
SPHINCS+-SHA2-192f-simple,verify,1024,64,2.5,1,1,0,ip-172-31-41-169,linux,0,18.0763,55.32,Signature,True,2025-11-21T06:38:31.093870,,1739
SPHINCS+-SHA2-192f-simple,verify,1024,64,2.5,1,1,0,ip-172-31-41-169,linux,0,18.0462,55.41,Signature,True,2025-11-21T06:38:31.111994,,1740
SPHINCS+-SHA2-192s-simple,sign,0,1,2.5,1,1,0,ip-172-31-41-169,linux,0,400.0139,2.5,Signature,True,2025-11-21T06:38:31.512150,,1741
SPHINCS+-SHA2-192s-simple,sign,0,1,2.5,1,1,0,ip-172-31-41-169,linux,0,400.32,2.5,Signature,True,2025-11-21T06:38:31.912560,,1742
SPHINCS+-SHA2-192s-simple,sign,0,1,2.5,1,1,0,ip-172-31-41-169,linux,0,400.8809,2.49,Signature,True,2025-11-21T06:38:32.313533,,1743
SPHINCS+-SHA2-192s-simple,sign,0,1,2.5,1,1,0,ip-172-31-41-169,linux,0,399.8892,2.5,Signature,True,2025-11-21T06:38:32.713511,,1744
SPHINCS+-SHA2-192s-simple,sign,0,1,2.5,1,1,0,ip-172-31-41-169,linux,0,399.5482,2.5,Signature,True,2025-11-21T06:38:33.113154,,1745
SPHINCS+-SHA2-192s-simple,sign,0,16,2.5,1,1,0,ip-172-31-41-169,linux,0,399.7351,2.5,Signature,True,2025-11-21T06:38:33.512978,,1746
SPHINCS+-SHA2-192s-simple,sign,0,16,2.5,1,1,0,ip-172-31-41-169,linux,0,400.1252,2.5,Signature,True,2025-11-21T06:38:33.913194,,1747
SPHINCS+-SHA2-192s-simple,sign,0,16,2.5,1,1,0,ip-172-31-41-169,linux,0,399.5579,2.5,Signature,True,2025-11-21T06:38:34.312840,,1748
SPHINCS+-SHA2-192s-simple,sign,0,16,2.5,1,1,0,ip-172-31-41-169,linux,0,399.9991,2.5,Signature,True,2025-11-21T06:38:34.712934,,1749
SPHINCS+-SHA2-192s-simple,sign,0,16,2.5,1,1,0,ip-172-31-41-169,linux,0,399.6432,2.5,Signature,True,2025-11-21T06:38:35.112671,,1750
SPHINCS+-SHA2-192s-simple,sign,0,64,2.5,1,1,0,ip-172-31-41-169,linux,0,399.577,2.5,Signature,True,2025-11-21T06:38:35.512341,,1751
SPHINCS+-SHA2-192s-simple,sign,0,64,2.5,1,1,0,ip-172-31-41-169,linux,0,400.4627,2.5,Signature,True,2025-11-21T06:38:35.912898,,1752
SPHINCS+-SHA2-192s-simple,sign,0,64,2.5,1,1,0,ip-172-31-41-169,linux,0,399.71,2.5,Signature,True,2025-11-21T06:38:36.312698,,1753
SPHINCS+-SHA2-192s-simple,sign,0,64,2.5,1,1,0,ip-172-31-41-169,linux,0,399.7004,2.5,Signature,True,2025-11-21T06:38:36.712489,,1754
SPHINCS+-SHA2-192s-simple,sign,0,64,2.5,1,1,0,ip-172-31-41-169,linux,0,400.3667,2.5,Signature,True,2025-11-21T06:38:37.112947,,1755
SPHINCS+-SHA2-192s-simple,sign,1024,1,2.5,1,1,0,ip-172-31-41-169,linux,0,399.494,2.5,Signature,True,2025-11-21T06:38:37.512537,,1756
SPHINCS+-SHA2-192s-simple,sign,1024,1,2.5,1,1,0,ip-172-31-41-169,linux,0,399.8614,2.5,Signature,True,2025-11-21T06:38:37.912490,,1757
SPHINCS+-SHA2-192s-simple,sign,1024,1,2.5,1,1,0,ip-172-31-41-169,linux,0,399.6329,2.5,Signature,True,2025-11-21T06:38:38.312211,,1758
SPHINCS+-SHA2-192s-simple,sign,1024,1,2.5,1,1,0,ip-172-31-41-169,linux,0,399.953,2.5,Signature,True,2025-11-21T06:38:38.712256,,1759
SPHINCS+-SHA2-192s-simple,sign,1024,1,2.5,1,1,0,ip-172-31-41-169,linux,0,399.6653,2.5,Signature,True,2025-11-21T06:38:39.112012,,1760
SPHINCS+-SHA2-192s-simple,sign,1024,16,2.5,1,1,0,ip-172-31-41-169,linux,0,399.6236,2.5,Signature,True,2025-11-21T06:38:39.511734,,1761
SPHINCS+-SHA2-192s-simple,sign,1024,16,2.5,1,1,0,ip-172-31-41-169,linux,0,399.7511,2.5,Signature,True,2025-11-21T06:38:39.911577,,1762
SPHINCS+-SHA2-192s-simple,sign,1024,16,2.5,1,1,0,ip-172-31-41-169,linux,0,399.514,2.5,Signature,True,2025-11-21T06:38:40.311179,,1763
SPHINCS+-SHA2-192s-simple,sign,1024,16,2.5,1,1,0,ip-172-31-41-169,linux,0,399.7331,2.5,Signature,True,2025-11-21T06:38:40.711002,,1764
SPHINCS+-SHA2-192s-simple,sign,1024,16,2.5,1,1,0,ip-172-31-41-169,linux,0,399.609,2.5,Signature,True,2025-11-21T06:38:41.110706,,1765
SPHINCS+-SHA2-192s-simple,sign,1024,64,2.5,1,1,0,ip-172-31-41-169,linux,0,399.6542,2.5,Signature,True,2025-11-21T06:38:41.510453,,1766
SPHINCS+-SHA2-192s-simple,sign,1024,64,2.5,1,1,0,ip-172-31-41-169,linux,0,406.1827,2.46,Signature,True,2025-11-21T06:38:41.916731,,1767
SPHINCS+-SHA2-192s-simple,sign,1024,64,2.5,1,1,0,ip-172-31-41-169,linux,0,403.6511,2.48,Signature,True,2025-11-21T06:38:42.323174,,1768
SPHINCS+-SHA2-192s-simple,sign,1024,64,2.5,1,1,0,ip-172-31-41-169,linux,0,400.2661,2.5,Signature,True,2025-11-21T06:38:42.723535,,1769
SPHINCS+-SHA2-192s-simple,sign,1024,64,2.5,1,1,0,ip-172-31-41-169,linux,0,404.4237,2.47,Signature,True,2025-11-21T06:38:43.128065,,1770
SPHINCS+-SHA2-192s-simple,verify,0,1,2.5,1,1,0,ip-172-31-41-169,linux,0,399.831,2.5,Signature,True,2025-11-21T06:38:43.528023,,1771
SPHINCS+-SHA2-192s-simple,verify,0,1,2.5,1,1,0,ip-172-31-41-169,linux,0,400.2951,2.5,Signature,True,2025-11-21T06:38:43.928417,,1772
SPHINCS+-SHA2-192s-simple,verify,0,1,2.5,1,1,0,ip-172-31-41-169,linux,0,400.0457,2.5,Signature,True,2025-11-21T06:38:44.328556,,1773
SPHINCS+-SHA2-192s-simple,verify,0,1,2.5,1,1,0,ip-172-31-41-169,linux,0,399.9036,2.5,Signature,True,2025-11-21T06:38:44.728552,,1774
SPHINCS+-SHA2-192s-simple,verify,0,1,2.5,1,1,0,ip-172-31-41-169,linux,0,400.2485,2.5,Signature,True,2025-11-21T06:38:45.128891,,1775
SPHINCS+-SHA2-192s-simple,verify,0,16,2.5,1,1,0,ip-172-31-41-169,linux,0,403.9617,2.48,Signature,True,2025-11-21T06:38:45.532951,,1776
SPHINCS+-SHA2-192s-simple,verify,0,16,2.5,1,1,0,ip-172-31-41-169,linux,0,399.8663,2.5,Signature,True,2025-11-21T06:38:45.932920,,1777
SPHINCS+-SHA2-192s-simple,verify,0,16,2.5,1,1,0,ip-172-31-41-169,linux,0,399.8791,2.5,Signature,True,2025-11-21T06:38:46.332893,,1778
SPHINCS+-SHA2-192s-simple,verify,0,16,2.5,1,1,0,ip-172-31-41-169,linux,0,400.4914,2.5,Signature,True,2025-11-21T06:38:46.733479,,1779
SPHINCS+-SHA2-192s-simple,verify,0,16,2.5,1,1,0,ip-172-31-41-169,linux,0,399.7484,2.5,Signature,True,2025-11-21T06:38:47.133324,,1780
SPHINCS+-SHA2-192s-simple,verify,0,64,2.5,1,1,0,ip-172-31-41-169,linux,0,399.8728,2.5,Signature,True,2025-11-21T06:38:47.533292,,1781
SPHINCS+-SHA2-192s-simple,verify,0,64,2.5,1,1,0,ip-172-31-41-169,linux,0,399.7987,2.5,Signature,True,2025-11-21T06:38:47.933181,,1782
SPHINCS+-SHA2-192s-simple,verify,0,64,2.5,1,1,0,ip-172-31-41-169,linux,0,399.6402,2.5,Signature,True,2025-11-21T06:38:48.332910,,1783
SPHINCS+-SHA2-192s-simple,verify,0,64,2.5,1,1,0,ip-172-31-41-169,linux,0,399.6568,2.5,Signature,True,2025-11-21T06:38:48.732659,,1784
SPHINCS+-SHA2-192s-simple,verify,0,64,2.5,1,1,0,ip-172-31-41-169,linux,0,399.7407,2.5,Signature,True,2025-11-21T06:38:49.132493,,1785
SPHINCS+-SHA2-192s-simple,verify,1024,1,2.5,1,1,0,ip-172-31-41-169,linux,0,399.9787,2.5,Signature,True,2025-11-21T06:38:49.532566,,1786
SPHINCS+-SHA2-192s-simple,verify,1024,1,2.5,1,1,0,ip-172-31-41-169,linux,0,400.0375,2.5,Signature,True,2025-11-21T06:38:49.932693,,1787
SPHINCS+-SHA2-192s-simple,verify,1024,1,2.5,1,1,0,ip-172-31-41-169,linux,0,399.7794,2.5,Signature,True,2025-11-21T06:38:50.332563,,1788
SPHINCS+-SHA2-192s-simple,verify,1024,1,2.5,1,1,0,ip-172-31-41-169,linux,0,399.8424,2.5,Signature,True,2025-11-21T06:38:50.732496,,1789
SPHINCS+-SHA2-192s-simple,verify,1024,1,2.5,1,1,0,ip-172-31-41-169,linux,0,399.6128,2.5,Signature,True,2025-11-21T06:38:51.132231,,1790
SPHINCS+-SHA2-192s-simple,verify,1024,16,2.5,1,1,0,ip-172-31-41-169,linux,0,399.9776,2.5,Signature,True,2025-11-21T06:38:51.532302,,1791
SPHINCS+-SHA2-192s-simple,verify,1024,16,2.5,1,1,0,ip-172-31-41-169,linux,0,399.5676,2.5,Signature,True,2025-11-21T06:38:51.931963,,1792
SPHINCS+-SHA2-192s-simple,verify,1024,16,2.5,1,1,0,ip-172-31-41-169,linux,0,399.7213,2.5,Signature,True,2025-11-21T06:38:52.331773,,1793
SPHINCS+-SHA2-192s-simple,verify,1024,16,2.5,1,1,0,ip-172-31-41-169,linux,0,399.757,2.5,Signature,True,2025-11-21T06:38:52.731623,,1794
SPHINCS+-SHA2-192s-simple,verify,1024,16,2.5,1,1,0,ip-172-31-41-169,linux,0,399.6762,2.5,Signature,True,2025-11-21T06:38:53.131393,,1795
SPHINCS+-SHA2-192s-simple,verify,1024,64,2.5,1,1,0,ip-172-31-41-169,linux,0,399.7355,2.5,Signature,True,2025-11-21T06:38:53.531223,,1796
SPHINCS+-SHA2-192s-simple,verify,1024,64,2.5,1,1,0,ip-172-31-41-169,linux,0,400.763,2.5,Signature,True,2025-11-21T06:38:53.932077,,1797
SPHINCS+-SHA2-192s-simple,verify,1024,64,2.5,1,1,0,ip-172-31-41-169,linux,0,400.1186,2.5,Signature,True,2025-11-21T06:38:54.332315,,1798
SPHINCS+-SHA2-192s-simple,verify,1024,64,2.5,1,1,0,ip-172-31-41-169,linux,0,400.0312,2.5,Signature,True,2025-11-21T06:38:54.732439,,1799
SPHINCS+-SHA2-192s-simple,verify,1024,64,2.5,1,1,0,ip-172-31-41-169,linux,0,399.8281,2.5,Signature,True,2025-11-21T06:38:55.132359,,1800
