algorithm,operation,message_bytes,concurrency,cpu_ghz,aesni,avx2,neon,machine_id,os_name,containerized,latency_ms,throughput_ops,crypto_type,correctness,timestamp,notes,trial_id
Dilithium2,sign,0,1,2.0,1,1,0,MacBook-Pro-4.local,darwin,0,1.2456,802.8,Signature,True,2025-11-20T22:32:40.486951,,1
Dilithium2,sign,0,1,2.0,1,1,0,MacBook-Pro-4.local,darwin,0,0.1651,6058.4,Signature,True,2025-11-20T22:32:40.487678,,2
Dilithium2,sign,0,1,2.0,1,1,0,MacBook-Pro-4.local,darwin,0,0.1644,6081.43,Signature,True,2025-11-20T22:32:40.487976,,3
Dilithium2,sign,0,1,2.0,1,1,0,MacBook-Pro-4.local,darwin,0,0.1524,6559.7,Signature,True,2025-11-20T22:32:40.488194,,4
Dilithium2,sign,0,1,2.0,1,1,0,MacBook-Pro-4.local,darwin,0,0.1277,7833.12,Signature,True,2025-11-20T22:32:40.488405,,5
Dilithium2,sign,0,16,2.0,1,1,0,MacBook-Pro-4.local,darwin,0,0.1369,7302.95,Signature,True,2025-11-20T22:32:40.488612,,6
Dilithium2,sign,0,16,2.0,1,1,0,MacBook-Pro-4.local,darwin,0,0.2613,3826.98,Signature,True,2025-11-20T22:32:40.488930,,7
Dilithium2,sign,0,16,2.0,1,1,0,MacBook-Pro-4.local,darwin,0,0.1335,7492.99,Signature,True,2025-11-20T22:32:40.489125,,8
Dilithium2,sign,0,16,2.0,1,1,0,MacBook-Pro-4.local,darwin,0,0.2661,3758.38,Signature,True,2025-11-20T22:32:40.489446,,9
Dilithium2,sign,0,16,2.0,1,1,0,MacBook-Pro-4.local,darwin,0,0.1473,6788.45,Signature,True,2025-11-20T22:32:40.489648,,10
Dilithium2,sign,0,64,2.0,1,1,0,MacBook-Pro-4.local,darwin,0,0.1642,6091.88,Signature,True,2025-11-20T22:32:40.489868,,11
Dilithium2,sign,0,64,2.0,1,1,0,MacBook-Pro-4.local,darwin,0,0.1267,7893.03,Signature,True,2025-11-20T22:32:40.490055,,12
Dilithium2,sign,0,64,2.0,1,1,0,MacBook-Pro-4.local,darwin,0,0.1544,6476.56,Signature,True,2025-11-20T22:32:40.490269,,13
Dilithium2,sign,0,64,2.0,1,1,0,MacBook-Pro-4.local,darwin,0,0.16,6248.2,Signature,True,2025-11-20T22:32:40.490487,,14
Dilithium2,sign,0,64,2.0,1,1,0,MacBook-Pro-4.local,darwin,0,0.2366,4225.79,Signature,True,2025-11-20T22:32:40.490779,,15
Dilithium2,sign,1024,1,2.0,1,1,0,MacBook-Pro-4.local,darwin,0,0.2066,4839.76,Signature,True,2025-11-20T22:32:40.491043,,16
Dilithium2,sign,1024,1,2.0,1,1,0,MacBook-Pro-4.local,darwin,0,0.145,6898.55,Signature,True,2025-11-20T22:32:40.491247,,17
Dilithium2,sign,1024,1,2.0,1,1,0,MacBook-Pro-4.local,darwin,0,0.1985,5038.34,Signature,True,2025-11-20T22:32:40.491508,,18
Dilithium2,sign,1024,1,2.0,1,1,0,MacBook-Pro-4.local,darwin,0,0.1822,5488.66,Signature,True,2025-11-20T22:32:40.491746,,19
Dilithium2,sign,1024,1,2.0,1,1,0,MacBook-Pro-4.local,darwin,0,0.1425,7018.68,Signature,True,2025-11-20T22:32:40.491944,,20
Dilithium2,sign,1024,16,2.0,1,1,0,MacBook-Pro-4.local,darwin,0,0.1676,5966.66,Signature,True,2025-11-20T22:32:40.492168,,21
Dilithium2,sign,1024,16,2.0,1,1,0,MacBook-Pro-4.local,darwin,0,0.2263,4418.76,Signature,True,2025-11-20T22:32:40.492450,,22
Dilithium2,sign,1024,16,2.0,1,1,0,MacBook-Pro-4.local,darwin,0,0.1763,5670.7,Signature,True,2025-11-20T22:32:40.492682,,23
Dilithium2,sign,1024,16,2.0,1,1,0,MacBook-Pro-4.local,darwin,0,0.2138,4677.05,Signature,True,2025-11-20T22:32:40.492951,,24
Dilithium2,sign,1024,16,2.0,1,1,0,MacBook-Pro-4.local,darwin,0,0.2109,4740.62,Signature,True,2025-11-20T22:32:40.493217,,25
Dilithium2,sign,1024,64,2.0,1,1,0,MacBook-Pro-4.local,darwin,0,0.2512,3980.42,Signature,True,2025-11-20T22:32:40.493524,,26
Dilithium2,sign,1024,64,2.0,1,1,0,MacBook-Pro-4.local,darwin,0,0.163,6136.66,Signature,True,2025-11-20T22:32:40.493743,,27
Dilithium2,sign,1024,64,2.0,1,1,0,MacBook-Pro-4.local,darwin,0,0.1588,6298.98,Signature,True,2025-11-20T22:32:40.493957,,28
Dilithium2,sign,1024,64,2.0,1,1,0,MacBook-Pro-4.local,darwin,0,0.1966,5086.24,Signature,True,2025-11-20T22:32:40.494254,,29
Dilithium2,sign,1024,64,2.0,1,1,0,MacBook-Pro-4.local,darwin,0,0.1523,6568.01,Signature,True,2025-11-20T22:32:40.494475,,30
Dilithium2,verify,0,1,2.0,1,1,0,MacBook-Pro-4.local,darwin,0,0.1736,5758.81,Signature,True,2025-11-20T22:32:40.494711,,31
Dilithium2,verify,0,1,2.0,1,1,0,MacBook-Pro-4.local,darwin,0,0.2569,3892.55,Signature,True,2025-11-20T22:32:40.495039,,32
Dilithium2,verify,0,1,2.0,1,1,0,MacBook-Pro-4.local,darwin,0,0.2294,4359.26,Signature,True,2025-11-20T22:32:40.495357,,33
Dilithium2,verify,0,1,2.0,1,1,0,MacBook-Pro-4.local,darwin,0,0.2937,3404.88,Signature,True,2025-11-20T22:32:40.495743,,34
Dilithium2,verify,0,1,2.0,1,1,0,MacBook-Pro-4.local,darwin,0,0.4499,2222.55,Signature,True,2025-11-20T22:32:40.496298,,35
Dilithium2,verify,0,16,2.0,1,1,0,MacBook-Pro-4.local,darwin,0,0.2511,3981.86,Signature,True,2025-11-20T22:32:40.496707,,36
Dilithium2,verify,0,16,2.0,1,1,0,MacBook-Pro-4.local,darwin,0,0.4045,2472.21,Signature,True,2025-11-20T22:32:40.497243,,37
Dilithium2,verify,0,16,2.0,1,1,0,MacBook-Pro-4.local,darwin,0,0.2557,3910.54,Signature,True,2025-11-20T22:32:40.497630,,38
Dilithium2,verify,0,16,2.0,1,1,0,MacBook-Pro-4.local,darwin,0,0.191,5236.51,Signature,True,2025-11-20T22:32:40.497992,,39
Dilithium2,verify,0,16,2.0,1,1,0,MacBook-Pro-4.local,darwin,0,0.2275,4394.89,Signature,True,2025-11-20T22:32:40.498340,,40
Dilithium2,verify,0,64,2.0,1,1,0,MacBook-Pro-4.local,darwin,0,0.1489,6715.06,Signature,True,2025-11-20T22:32:40.498580,,41
Dilithium2,verify,0,64,2.0,1,1,0,MacBook-Pro-4.local,darwin,0,0.2208,4528.23,Signature,True,2025-11-20T22:32:40.498867,,42
Dilithium2,verify,0,64,2.0,1,1,0,MacBook-Pro-4.local,darwin,0,0.362,2762.81,Signature,True,2025-11-20T22:32:40.499430,,43
Dilithium2,verify,0,64,2.0,1,1,0,MacBook-Pro-4.local,darwin,0,0.2525,3959.88,Signature,True,2025-11-20T22:32:40.499864,,44
Dilithium2,verify,0,64,2.0,1,1,0,MacBook-Pro-4.local,darwin,0,0.1595,6270.03,Signature,True,2025-11-20T22:32:40.500128,,45
Dilithium2,verify,1024,1,2.0,1,1,0,MacBook-Pro-4.local,darwin,0,0.2332,4287.8,Signature,True,2025-11-20T22:32:40.500438,,46
Dilithium2,verify,1024,1,2.0,1,1,0,MacBook-Pro-4.local,darwin,0,0.3788,2640.2,Signature,True,2025-11-20T22:32:40.500891,,47
Dilithium2,verify,1024,1,2.0,1,1,0,MacBook-Pro-4.local,darwin,0,0.1756,5696.32,Signature,True,2025-11-20T22:32:40.501181,,48
Dilithium2,verify,1024,1,2.0,1,1,0,MacBook-Pro-4.local,darwin,0,0.2206,4533.93,Signature,True,2025-11-20T22:32:40.501474,,49
Dilithium2,verify,1024,1,2.0,1,1,0,MacBook-Pro-4.local,darwin,0,0.3783,2643.36,Signature,True,2025-11-20T22:32:40.501934,,50
Dilithium2,verify,1024,16,2.0,1,1,0,MacBook-Pro-4.local,darwin,0,0.1966,5085.72,Signature,True,2025-11-20T22:32:40.502226,,51
Dilithium2,verify,1024,16,2.0,1,1,0,MacBook-Pro-4.local,darwin,0,0.1997,5008.06,Signature,True,2025-11-20T22:32:40.502500,,52
Dilithium2,verify,1024,16,2.0,1,1,0,MacBook-Pro-4.local,darwin,0,0.1429,6999.03,Signature,True,2025-11-20T22:32:40.502737,,53
Dilithium2,verify,1024,16,2.0,1,1,0,MacBook-Pro-4.local,darwin,0,0.1883,5311.21,Signature,True,2025-11-20T22:32:40.503034,,54
Dilithium2,verify,1024,16,2.0,1,1,0,MacBook-Pro-4.local,darwin,0,0.1803,5545.05,Signature,True,2025-11-20T22:32:40.503275,,55
Dilithium2,verify,1024,64,2.0,1,1,0,MacBook-Pro-4.local,darwin,0,0.148,6756.58,Signature,True,2025-11-20T22:32:40.503481,,56
Dilithium2,verify,1024,64,2.0,1,1,0,MacBook-Pro-4.local,darwin,0,0.1299,7697.04,Signature,True,2025-11-20T22:32:40.503712,,57
Dilithium2,verify,1024,64,2.0,1,1,0,MacBook-Pro-4.local,darwin,0,0.225,4444.27,Signature,True,2025-11-20T22:32:40.504013,,58
Dilithium2,verify,1024,64,2.0,1,1,0,MacBook-Pro-4.local,darwin,0,0.1995,5013.34,Signature,True,2025-11-20T22:32:40.504305,,59
Dilithium2,verify,1024,64,2.0,1,1,0,MacBook-Pro-4.local,darwin,0,0.179,5587.75,Signature,True,2025-11-20T22:32:40.504573,,60
Dilithium3,sign,0,1,2.0,1,1,0,MacBook-Pro-4.local,darwin,0,0.3995,2503.4,Signature,True,2025-11-20T22:32:40.505047,,61
Dilithium3,sign,0,1,2.0,1,1,0,MacBook-Pro-4.local,darwin,0,0.3046,3283.28,Signature,True,2025-11-20T22:32:40.505561,,62
Dilithium3,sign,0,1,2.0,1,1,0,MacBook-Pro-4.local,darwin,0,0.2408,4152.75,Signature,True,2025-11-20T22:32:40.505895,,63
Dilithium3,sign,0,1,2.0,1,1,0,MacBook-Pro-4.local,darwin,0,0.2041,4899.53,Signature,True,2025-11-20T22:32:40.506161,,64
Dilithium3,sign,0,1,2.0,1,1,0,MacBook-Pro-4.local,darwin,0,0.2149,4652.25,Signature,True,2025-11-20T22:32:40.506437,,65
Dilithium3,sign,0,16,2.0,1,1,0,MacBook-Pro-4.local,darwin,0,0.2284,4377.56,Signature,True,2025-11-20T22:32:40.506727,,66
Dilithium3,sign,0,16,2.0,1,1,0,MacBook-Pro-4.local,darwin,0,0.1878,5326.09,Signature,True,2025-11-20T22:32:40.506975,,67
Dilithium3,sign,0,16,2.0,1,1,0,MacBook-Pro-4.local,darwin,0,0.2186,4574.27,Signature,True,2025-11-20T22:32:40.507415,,68
Dilithium3,sign,0,16,2.0,1,1,0,MacBook-Pro-4.local,darwin,0,0.2729,3663.92,Signature,True,2025-11-20T22:32:40.507746,,69
Dilithium3,sign,0,16,2.0,1,1,0,MacBook-Pro-4.local,darwin,0,0.2625,3809.99,Signature,True,2025-11-20T22:32:40.508069,,70
Dilithium3,sign,0,64,2.0,1,1,0,MacBook-Pro-4.local,darwin,0,0.2579,3877.32,Signature,True,2025-11-20T22:32:40.508388,,71
Dilithium3,sign,0,64,2.0,1,1,0,MacBook-Pro-4.local,darwin,0,0.3523,2838.51,Signature,True,2025-11-20T22:32:40.508804,,72
Dilithium3,sign,0,64,2.0,1,1,0,MacBook-Pro-4.local,darwin,0,0.2162,4625.39,Signature,True,2025-11-20T22:32:40.509079,,73
Dilithium3,sign,0,64,2.0,1,1,0,MacBook-Pro-4.local,darwin,0,0.187,5348.65,Signature,True,2025-11-20T22:32:40.509325,,74
Dilithium3,sign,0,64,2.0,1,1,0,MacBook-Pro-4.local,darwin,0,0.185,5406.52,Signature,True,2025-11-20T22:32:40.509570,,75
Dilithium3,sign,1024,1,2.0,1,1,0,MacBook-Pro-4.local,darwin,0,0.3556,2812.15,Signature,True,2025-11-20T22:32:40.509991,,76
Dilithium3,sign,1024,1,2.0,1,1,0,MacBook-Pro-4.local,darwin,0,0.2211,4523.35,Signature,True,2025-11-20T22:32:40.510283,,77
Dilithium3,sign,1024,1,2.0,1,1,0,MacBook-Pro-4.local,darwin,0,0.4305,2323.0,Signature,True,2025-11-20T22:32:40.510772,,78
Dilithium3,sign,1024,1,2.0,1,1,0,MacBook-Pro-4.local,darwin,0,0.2436,4104.91,Signature,True,2025-11-20T22:32:40.511074,,79
Dilithium3,sign,1024,1,2.0,1,1,0,MacBook-Pro-4.local,darwin,0,0.189,5289.66,Signature,True,2025-11-20T22:32:40.511320,,80
Dilithium3,sign,1024,16,2.0,1,1,0,MacBook-Pro-4.local,darwin,0,0.2037,4908.84,Signature,True,2025-11-20T22:32:40.511581,,81
Dilithium3,sign,1024,16,2.0,1,1,0,MacBook-Pro-4.local,darwin,0,0.2027,4932.57,Signature,True,2025-11-20T22:32:40.511841,,82
Dilithium3,sign,1024,16,2.0,1,1,0,MacBook-Pro-4.local,darwin,0,0.2177,4593.96,Signature,True,2025-11-20T22:32:40.512116,,83
Dilithium3,sign,1024,16,2.0,1,1,0,MacBook-Pro-4.local,darwin,0,0.1894,5279.69,Signature,True,2025-11-20T22:32:40.512362,,84
Dilithium3,sign,1024,16,2.0,1,1,0,MacBook-Pro-4.local,darwin,0,0.2022,4945.13,Signature,True,2025-11-20T22:32:40.512621,,85
Dilithium3,sign,1024,64,2.0,1,1,0,MacBook-Pro-4.local,darwin,0,0.219,4565.94,Signature,True,2025-11-20T22:32:40.512897,,86
Dilithium3,sign,1024,64,2.0,1,1,0,MacBook-Pro-4.local,darwin,0,0.1894,5281.2,Signature,True,2025-11-20T22:32:40.513143,,87
Dilithium3,sign,1024,64,2.0,1,1,0,MacBook-Pro-4.local,darwin,0,0.2044,4892.27,Signature,True,2025-11-20T22:32:40.513404,,88
Dilithium3,sign,1024,64,2.0,1,1,0,MacBook-Pro-4.local,darwin,0,0.1899,5265.73,Signature,True,2025-11-20T22:32:40.513651,,89
Dilithium3,sign,1024,64,2.0,1,1,0,MacBook-Pro-4.local,darwin,0,0.2192,4562.44,Signature,True,2025-11-20T22:32:40.513927,,90
Dilithium3,verify,0,1,2.0,1,1,0,MacBook-Pro-4.local,darwin,0,0.3316,3016.06,Signature,True,2025-11-20T22:32:40.514319,,91
Dilithium3,verify,0,1,2.0,1,1,0,MacBook-Pro-4.local,darwin,0,0.3499,2857.89,Signature,True,2025-11-20T22:32:40.514732,,92
Dilithium3,verify,0,1,2.0,1,1,0,MacBook-Pro-4.local,darwin,0,0.1982,5045.48,Signature,True,2025-11-20T22:32:40.514988,,93
Dilithium3,verify,0,1,2.0,1,1,0,MacBook-Pro-4.local,darwin,0,0.2263,4418.82,Signature,True,2025-11-20T22:32:40.515270,,94
Dilithium3,verify,0,1,2.0,1,1,0,MacBook-Pro-4.local,darwin,0,0.3193,3131.93,Signature,True,2025-11-20T22:32:40.515646,,95
Dilithium3,verify,0,16,2.0,1,1,0,MacBook-Pro-4.local,darwin,0,0.1835,5449.33,Signature,True,2025-11-20T22:32:40.515887,,96
Dilithium3,verify,0,16,2.0,1,1,0,MacBook-Pro-4.local,darwin,0,0.3048,3281.18,Signature,True,2025-11-20T22:32:40.516247,,97
Dilithium3,verify,0,16,2.0,1,1,0,MacBook-Pro-4.local,darwin,0,0.3541,2824.18,Signature,True,2025-11-20T22:32:40.516666,,98
Dilithium3,verify,0,16,2.0,1,1,0,MacBook-Pro-4.local,darwin,0,0.2103,4756.2,Signature,True,2025-11-20T22:32:40.516934,,99
Dilithium3,verify,0,16,2.0,1,1,0,MacBook-Pro-4.local,darwin,0,0.3866,2586.89,Signature,True,2025-11-20T22:32:40.517377,,100
Dilithium3,verify,0,64,2.0,1,1,0,MacBook-Pro-4.local,darwin,0,0.2277,4391.51,Signature,True,2025-11-20T22:32:40.517669,,101
Dilithium3,verify,0,64,2.0,1,1,0,MacBook-Pro-4.local,darwin,0,0.2007,4982.16,Signature,True,2025-11-20T22:32:40.517927,,102
Dilithium3,verify,0,64,2.0,1,1,0,MacBook-Pro-4.local,darwin,0,0.2742,3647.25,Signature,True,2025-11-20T22:32:40.518261,,103
Dilithium3,verify,0,64,2.0,1,1,0,MacBook-Pro-4.local,darwin,0,0.2693,3713.63,Signature,True,2025-11-20T22:32:40.518601,,104
Dilithium3,verify,0,64,2.0,1,1,0,MacBook-Pro-4.local,darwin,0,0.4988,2004.87,Signature,True,2025-11-20T22:32:40.519209,,105
Dilithium3,verify,1024,1,2.0,1,1,0,MacBook-Pro-4.local,darwin,0,0.4413,2265.8,Signature,True,2025-11-20T22:32:40.519769,,106
Dilithium3,verify,1024,1,2.0,1,1,0,MacBook-Pro-4.local,darwin,0,0.3087,3239.2,Signature,True,2025-11-20T22:32:40.520147,,107
Dilithium3,verify,1024,1,2.0,1,1,0,MacBook-Pro-4.local,darwin,0,0.3332,3001.03,Signature,True,2025-11-20T22:32:40.520541,,108
Dilithium3,verify,1024,1,2.0,1,1,0,MacBook-Pro-4.local,darwin,0,0.3283,3046.29,Signature,True,2025-11-20T22:32:40.520931,,109
Dilithium3,verify,1024,1,2.0,1,1,0,MacBook-Pro-4.local,darwin,0,0.2043,4894.74,Signature,True,2025-11-20T22:32:40.521194,,110
Dilithium3,verify,1024,16,2.0,1,1,0,MacBook-Pro-4.local,darwin,0,0.2259,4426.86,Signature,True,2025-11-20T22:32:40.521479,,111
Dilithium3,verify,1024,16,2.0,1,1,0,MacBook-Pro-4.local,darwin,0,0.2619,3818.09,Signature,True,2025-11-20T22:32:40.521800,,112
Dilithium3,verify,1024,16,2.0,1,1,0,MacBook-Pro-4.local,darwin,0,0.231,4329.17,Signature,True,2025-11-20T22:32:40.522089,,113
Dilithium3,verify,1024,16,2.0,1,1,0,MacBook-Pro-4.local,darwin,0,0.2945,3395.87,Signature,True,2025-11-20T22:32:40.522441,,114
Dilithium3,verify,1024,16,2.0,1,1,0,MacBook-Pro-4.local,darwin,0,0.2339,4274.75,Signature,True,2025-11-20T22:32:40.522733,,115
Dilithium3,verify,1024,64,2.0,1,1,0,MacBook-Pro-4.local,darwin,0,0.327,3058.22,Signature,True,2025-11-20T22:32:40.523118,,116
Dilithium3,verify,1024,64,2.0,1,1,0,MacBook-Pro-4.local,darwin,0,0.2796,3576.9,Signature,True,2025-11-20T22:32:40.523456,,117
Dilithium3,verify,1024,64,2.0,1,1,0,MacBook-Pro-4.local,darwin,0,0.2799,3573.29,Signature,True,2025-11-20T22:32:40.523792,,118
Dilithium3,verify,1024,64,2.0,1,1,0,MacBook-Pro-4.local,darwin,0,0.2834,3529.05,Signature,True,2025-11-20T22:32:40.524134,,119
Dilithium3,verify,1024,64,2.0,1,1,0,MacBook-Pro-4.local,darwin,0,0.1929,5183.41,Signature,True,2025-11-20T22:32:40.524388,,120
Dilithium5,sign,0,1,2.0,1,1,0,MacBook-Pro-4.local,darwin,0,0.6683,1496.35,Signature,True,2025-11-20T22:32:40.525121,,121
Dilithium5,sign,0,1,2.0,1,1,0,MacBook-Pro-4.local,darwin,0,0.3743,2671.74,Signature,True,2025-11-20T22:32:40.525562,,122
Dilithium5,sign,0,1,2.0,1,1,0,MacBook-Pro-4.local,darwin,0,0.369,2709.88,Signature,True,2025-11-20T22:32:40.525991,,123
Dilithium5,sign,0,1,2.0,1,1,0,MacBook-Pro-4.local,darwin,0,0.4129,2422.14,Signature,True,2025-11-20T22:32:40.526463,,124
Dilithium5,sign,0,1,2.0,1,1,0,MacBook-Pro-4.local,darwin,0,0.2733,3658.93,Signature,True,2025-11-20T22:32:40.526796,,125
Dilithium5,sign,0,16,2.0,1,1,0,MacBook-Pro-4.local,darwin,0,0.2732,3659.67,Signature,True,2025-11-20T22:32:40.527127,,126
Dilithium5,sign,0,16,2.0,1,1,0,MacBook-Pro-4.local,darwin,0,0.2716,3681.97,Signature,True,2025-11-20T22:32:40.527470,,127
Dilithium5,sign,0,16,2.0,1,1,0,MacBook-Pro-4.local,darwin,0,0.4521,2212.14,Signature,True,2025-11-20T22:32:40.527978,,128
Dilithium5,sign,0,16,2.0,1,1,0,MacBook-Pro-4.local,darwin,0,0.4315,2317.71,Signature,True,2025-11-20T22:32:40.528469,,129
Dilithium5,sign,0,16,2.0,1,1,0,MacBook-Pro-4.local,darwin,0,0.2704,3698.31,Signature,True,2025-11-20T22:32:40.528799,,130
Dilithium5,sign,0,64,2.0,1,1,0,MacBook-Pro-4.local,darwin,0,0.2788,3587.39,Signature,True,2025-11-20T22:32:40.529137,,131
Dilithium5,sign,0,64,2.0,1,1,0,MacBook-Pro-4.local,darwin,0,0.4577,2184.7,Signature,True,2025-11-20T22:32:40.529651,,132
Dilithium5,sign,0,64,2.0,1,1,0,MacBook-Pro-4.local,darwin,0,0.4003,2498.16,Signature,True,2025-11-20T22:32:40.530111,,133
Dilithium5,sign,0,64,2.0,1,1,0,MacBook-Pro-4.local,darwin,0,0.2773,3606.01,Signature,True,2025-11-20T22:32:40.530512,,134
Dilithium5,sign,0,64,2.0,1,1,0,MacBook-Pro-4.local,darwin,0,0.3666,2728.01,Signature,True,2025-11-20T22:32:40.530939,,135
Dilithium5,sign,1024,1,2.0,1,1,0,MacBook-Pro-4.local,darwin,0,0.2796,3577.14,Signature,True,2025-11-20T22:32:40.531278,,136
Dilithium5,sign,1024,1,2.0,1,1,0,MacBook-Pro-4.local,darwin,0,0.3037,3293.17,Signature,True,2025-11-20T22:32:40.531647,,137
Dilithium5,sign,1024,1,2.0,1,1,0,MacBook-Pro-4.local,darwin,0,0.2794,3579.64,Signature,True,2025-11-20T22:32:40.531986,,138
Dilithium5,sign,1024,1,2.0,1,1,0,MacBook-Pro-4.local,darwin,0,0.4495,2224.55,Signature,True,2025-11-20T22:32:40.532493,,139
Dilithium5,sign,1024,1,2.0,1,1,0,MacBook-Pro-4.local,darwin,0,0.316,3164.09,Signature,True,2025-11-20T22:32:40.532868,,140
Dilithium5,sign,1024,16,2.0,1,1,0,MacBook-Pro-4.local,darwin,0,0.3421,2922.92,Signature,True,2025-11-20T22:32:40.533271,,141
Dilithium5,sign,1024,16,2.0,1,1,0,MacBook-Pro-4.local,darwin,0,0.3188,3137.14,Signature,True,2025-11-20T22:32:40.533655,,142
Dilithium5,sign,1024,16,2.0,1,1,0,MacBook-Pro-4.local,darwin,0,0.3864,2587.92,Signature,True,2025-11-20T22:32:40.534106,,143
Dilithium5,sign,1024,16,2.0,1,1,0,MacBook-Pro-4.local,darwin,0,0.4821,2074.05,Signature,True,2025-11-20T22:32:40.534664,,144
Dilithium5,sign,1024,16,2.0,1,1,0,MacBook-Pro-4.local,darwin,0,0.4985,2005.88,Signature,True,2025-11-20T22:32:40.535233,,145
Dilithium5,sign,1024,64,2.0,1,1,0,MacBook-Pro-4.local,darwin,0,0.4967,2013.24,Signature,True,2025-11-20T22:32:40.535859,,146
Dilithium5,sign,1024,64,2.0,1,1,0,MacBook-Pro-4.local,darwin,0,0.2978,3357.98,Signature,True,2025-11-20T22:32:40.536246,,147
Dilithium5,sign,1024,64,2.0,1,1,0,MacBook-Pro-4.local,darwin,0,0.4126,2423.43,Signature,True,2025-11-20T22:32:40.536728,,148
Dilithium5,sign,1024,64,2.0,1,1,0,MacBook-Pro-4.local,darwin,0,0.3773,2650.44,Signature,True,2025-11-20T22:32:40.537176,,149
Dilithium5,sign,1024,64,2.0,1,1,0,MacBook-Pro-4.local,darwin,0,0.3989,2506.69,Signature,True,2025-11-20T22:32:40.537685,,150
Dilithium5,verify,0,1,2.0,1,1,0,MacBook-Pro-4.local,darwin,0,0.3259,3068.4,Signature,True,2025-11-20T22:32:40.538085,,151
Dilithium5,verify,0,1,2.0,1,1,0,MacBook-Pro-4.local,darwin,0,0.3645,2743.56,Signature,True,2025-11-20T22:32:40.538514,,152
Dilithium5,verify,0,1,2.0,1,1,0,MacBook-Pro-4.local,darwin,0,0.2977,3359.17,Signature,True,2025-11-20T22:32:40.538885,,153
Dilithium5,verify,0,1,2.0,1,1,0,MacBook-Pro-4.local,darwin,0,0.2823,3542.12,Signature,True,2025-11-20T22:32:40.539229,,154
Dilithium5,verify,0,1,2.0,1,1,0,MacBook-Pro-4.local,darwin,0,0.3523,2838.14,Signature,True,2025-11-20T22:32:40.539641,,155
Dilithium5,verify,0,16,2.0,1,1,0,MacBook-Pro-4.local,darwin,0,0.2901,3446.89,Signature,True,2025-11-20T22:32:40.539992,,156
Dilithium5,verify,0,16,2.0,1,1,0,MacBook-Pro-4.local,darwin,0,0.5792,1726.56,Signature,True,2025-11-20T22:32:40.540630,,157
Dilithium5,verify,0,16,2.0,1,1,0,MacBook-Pro-4.local,darwin,0,0.3358,2977.58,Signature,True,2025-11-20T22:32:40.541025,,158
Dilithium5,verify,0,16,2.0,1,1,0,MacBook-Pro-4.local,darwin,0,0.282,3545.51,Signature,True,2025-11-20T22:32:40.541369,,159
Dilithium5,verify,0,16,2.0,1,1,0,MacBook-Pro-4.local,darwin,0,0.5443,1837.15,Signature,True,2025-11-20T22:32:40.541971,,160
Dilithium5,verify,0,64,2.0,1,1,0,MacBook-Pro-4.local,darwin,0,0.333,3003.04,Signature,True,2025-11-20T22:32:40.542364,,161
Dilithium5,verify,0,64,2.0,1,1,0,MacBook-Pro-4.local,darwin,0,0.4476,2234.09,Signature,True,2025-11-20T22:32:40.542871,,162
Dilithium5,verify,0,64,2.0,1,1,0,MacBook-Pro-4.local,darwin,0,0.3138,3186.98,Signature,True,2025-11-20T22:32:40.543242,,163
Dilithium5,verify,0,64,2.0,1,1,0,MacBook-Pro-4.local,darwin,0,0.2726,3668.08,Signature,True,2025-11-20T22:32:40.543572,,164
Dilithium5,verify,0,64,2.0,1,1,0,MacBook-Pro-4.local,darwin,0,0.2734,3657.89,Signature,True,2025-11-20T22:32:40.543902,,165
Dilithium5,verify,1024,1,2.0,1,1,0,MacBook-Pro-4.local,darwin,0,0.3702,2701.23,Signature,True,2025-11-20T22:32:40.544340,,166
Dilithium5,verify,1024,1,2.0,1,1,0,MacBook-Pro-4.local,darwin,0,0.2819,3547.66,Signature,True,2025-11-20T22:32:40.544681,,167
Dilithium5,verify,1024,1,2.0,1,1,0,MacBook-Pro-4.local,darwin,0,0.3738,2675.13,Signature,True,2025-11-20T22:32:40.545116,,168
Dilithium5,verify,1024,1,2.0,1,1,0,MacBook-Pro-4.local,darwin,0,0.3063,3264.51,Signature,True,2025-11-20T22:32:40.545481,,169
Dilithium5,verify,1024,1,2.0,1,1,0,MacBook-Pro-4.local,darwin,0,0.4042,2473.88,Signature,True,2025-11-20T22:32:40.545942,,170
Dilithium5,verify,1024,16,2.0,1,1,0,MacBook-Pro-4.local,darwin,0,0.2792,3581.61,Signature,True,2025-11-20T22:32:40.546280,,171
Dilithium5,verify,1024,16,2.0,1,1,0,MacBook-Pro-4.local,darwin,0,0.3206,3119.35,Signature,True,2025-11-20T22:32:40.546660,,172
Dilithium5,verify,1024,16,2.0,1,1,0,MacBook-Pro-4.local,darwin,0,0.3985,2509.72,Signature,True,2025-11-20T22:32:40.547120,,173
Dilithium5,verify,1024,16,2.0,1,1,0,MacBook-Pro-4.local,darwin,0,0.2989,3346.09,Signature,True,2025-11-20T22:32:40.547477,,174
Dilithium5,verify,1024,16,2.0,1,1,0,MacBook-Pro-4.local,darwin,0,0.2953,3386.16,Signature,True,2025-11-20T22:32:40.547828,,175
Dilithium5,verify,1024,64,2.0,1,1,0,MacBook-Pro-4.local,darwin,0,0.4506,2219.15,Signature,True,2025-11-20T22:32:40.548339,,176
Dilithium5,verify,1024,64,2.0,1,1,0,MacBook-Pro-4.local,darwin,0,0.497,2011.95,Signature,True,2025-11-20T22:32:40.548893,,177
Dilithium5,verify,1024,64,2.0,1,1,0,MacBook-Pro-4.local,darwin,0,0.3505,2852.77,Signature,True,2025-11-20T22:32:40.549301,,178
Dilithium5,verify,1024,64,2.0,1,1,0,MacBook-Pro-4.local,darwin,0,0.4158,2405.0,Signature,True,2025-11-20T22:32:40.549775,,179
Dilithium5,verify,1024,64,2.0,1,1,0,MacBook-Pro-4.local,darwin,0,0.4706,2124.81,Signature,True,2025-11-20T22:32:40.550307,,180
Falcon-1024,sign,0,1,2.0,1,1,0,MacBook-Pro-4.local,darwin,0,31.4654,31.78,Signature,True,2025-11-20T22:32:40.581830,,181
Falcon-1024,sign,0,1,2.0,1,1,0,MacBook-Pro-4.local,darwin,0,20.3745,49.08,Signature,True,2025-11-20T22:32:40.602279,,182
Falcon-1024,sign,0,1,2.0,1,1,0,MacBook-Pro-4.local,darwin,0,24.6896,40.5,Signature,True,2025-11-20T22:32:40.627044,,183
Falcon-1024,sign,0,1,2.0,1,1,0,MacBook-Pro-4.local,darwin,0,20.8952,47.86,Signature,True,2025-11-20T22:32:40.648034,,184
Falcon-1024,sign,0,1,2.0,1,1,0,MacBook-Pro-4.local,darwin,0,20.8922,47.86,Signature,True,2025-11-20T22:32:40.669051,,185
Falcon-1024,sign,0,16,2.0,1,1,0,MacBook-Pro-4.local,darwin,0,19.1413,52.24,Signature,True,2025-11-20T22:32:40.688302,,186
Falcon-1024,sign,0,16,2.0,1,1,0,MacBook-Pro-4.local,darwin,0,18.9415,52.79,Signature,True,2025-11-20T22:32:40.707340,,187
Falcon-1024,sign,0,16,2.0,1,1,0,MacBook-Pro-4.local,darwin,0,18.1903,54.97,Signature,True,2025-11-20T22:32:40.725603,,188
Falcon-1024,sign,0,16,2.0,1,1,0,MacBook-Pro-4.local,darwin,0,18.3614,54.46,Signature,True,2025-11-20T22:32:40.744046,,189
Falcon-1024,sign,0,16,2.0,1,1,0,MacBook-Pro-4.local,darwin,0,18.0821,55.3,Signature,True,2025-11-20T22:32:40.762206,,190
Falcon-1024,sign,0,64,2.0,1,1,0,MacBook-Pro-4.local,darwin,0,18.111,55.22,Signature,True,2025-11-20T22:32:40.780396,,191
Falcon-1024,sign,0,64,2.0,1,1,0,MacBook-Pro-4.local,darwin,0,25.038,39.94,Signature,True,2025-11-20T22:32:40.805580,,192
Falcon-1024,sign,0,64,2.0,1,1,0,MacBook-Pro-4.local,darwin,0,18.6318,53.67,Signature,True,2025-11-20T22:32:40.824294,,193
Falcon-1024,sign,0,64,2.0,1,1,0,MacBook-Pro-4.local,darwin,0,20.6772,48.36,Signature,True,2025-11-20T22:32:40.845055,,194
Falcon-1024,sign,0,64,2.0,1,1,0,MacBook-Pro-4.local,darwin,0,39.7152,25.18,Signature,True,2025-11-20T22:32:40.884920,,195
Falcon-1024,sign,1024,1,2.0,1,1,0,MacBook-Pro-4.local,darwin,0,17.8929,55.89,Signature,True,2025-11-20T22:32:40.902922,,196
Falcon-1024,sign,1024,1,2.0,1,1,0,MacBook-Pro-4.local,darwin,0,23.7713,42.07,Signature,True,2025-11-20T22:32:40.926748,,197
Falcon-1024,sign,1024,1,2.0,1,1,0,MacBook-Pro-4.local,darwin,0,18.1008,55.25,Signature,True,2025-11-20T22:32:40.944909,,198
Falcon-1024,sign,1024,1,2.0,1,1,0,MacBook-Pro-4.local,darwin,0,22.529,44.39,Signature,True,2025-11-20T22:32:40.967492,,199
Falcon-1024,sign,1024,1,2.0,1,1,0,MacBook-Pro-4.local,darwin,0,21.4944,46.52,Signature,True,2025-11-20T22:32:40.989127,,200
Falcon-1024,sign,1024,16,2.0,1,1,0,MacBook-Pro-4.local,darwin,0,18.6333,53.67,Signature,True,2025-11-20T22:32:41.007840,,201
Falcon-1024,sign,1024,16,2.0,1,1,0,MacBook-Pro-4.local,darwin,0,24.758,40.39,Signature,True,2025-11-20T22:32:41.032673,,202
Falcon-1024,sign,1024,16,2.0,1,1,0,MacBook-Pro-4.local,darwin,0,36.8921,27.11,Signature,True,2025-11-20T22:32:41.069646,,203
Falcon-1024,sign,1024,16,2.0,1,1,0,MacBook-Pro-4.local,darwin,0,19.3323,51.73,Signature,True,2025-11-20T22:32:41.089056,,204
Falcon-1024,sign,1024,16,2.0,1,1,0,MacBook-Pro-4.local,darwin,0,18.5467,53.92,Signature,True,2025-11-20T22:32:41.107670,,205
Falcon-1024,sign,1024,64,2.0,1,1,0,MacBook-Pro-4.local,darwin,0,18.7671,53.28,Signature,True,2025-11-20T22:32:41.126512,,206
Falcon-1024,sign,1024,64,2.0,1,1,0,MacBook-Pro-4.local,darwin,0,19.4075,51.53,Signature,True,2025-11-20T22:32:41.146001,,207
Falcon-1024,sign,1024,64,2.0,1,1,0,MacBook-Pro-4.local,darwin,0,18.6524,53.61,Signature,True,2025-11-20T22:32:41.164717,,208
Falcon-1024,sign,1024,64,2.0,1,1,0,MacBook-Pro-4.local,darwin,0,19.3503,51.68,Signature,True,2025-11-20T22:32:41.184113,,209
Falcon-1024,sign,1024,64,2.0,1,1,0,MacBook-Pro-4.local,darwin,0,22.8905,43.69,Signature,True,2025-11-20T22:32:41.207079,,210
Falcon-1024,verify,0,1,2.0,1,1,0,MacBook-Pro-4.local,darwin,0,25.567,39.11,Signature,True,2025-11-20T22:32:41.232736,,211
Falcon-1024,verify,0,1,2.0,1,1,0,MacBook-Pro-4.local,darwin,0,22.6637,44.12,Signature,True,2025-11-20T22:32:41.255484,,212
Falcon-1024,verify,0,1,2.0,1,1,0,MacBook-Pro-4.local,darwin,0,18.8531,53.04,Signature,True,2025-11-20T22:32:41.274416,,213
Falcon-1024,verify,0,1,2.0,1,1,0,MacBook-Pro-4.local,darwin,0,18.3852,54.39,Signature,True,2025-11-20T22:32:41.292877,,214
Falcon-1024,verify,0,1,2.0,1,1,0,MacBook-Pro-4.local,darwin,0,23.0392,43.4,Signature,True,2025-11-20T22:32:41.315997,,215
Falcon-1024,verify,0,16,2.0,1,1,0,MacBook-Pro-4.local,darwin,0,25.146,39.77,Signature,True,2025-11-20T22:32:41.341272,,216
Falcon-1024,verify,0,16,2.0,1,1,0,MacBook-Pro-4.local,darwin,0,19.7313,50.68,Signature,True,2025-11-20T22:32:41.361080,,217
Falcon-1024,verify,0,16,2.0,1,1,0,MacBook-Pro-4.local,darwin,0,18.0791,55.31,Signature,True,2025-11-20T22:32:41.379244,,218
Falcon-1024,verify,0,16,2.0,1,1,0,MacBook-Pro-4.local,darwin,0,19.8678,50.33,Signature,True,2025-11-20T22:32:41.399192,,219
Falcon-1024,verify,0,16,2.0,1,1,0,MacBook-Pro-4.local,darwin,0,20.6605,48.4,Signature,True,2025-11-20T22:32:41.419928,,220
Falcon-1024,verify,0,64,2.0,1,1,0,MacBook-Pro-4.local,darwin,0,35.7997,27.93,Signature,True,2025-11-20T22:32:41.455814,,221
Falcon-1024,verify,0,64,2.0,1,1,0,MacBook-Pro-4.local,darwin,0,18.6703,53.56,Signature,True,2025-11-20T22:32:41.474554,,222
Falcon-1024,verify,0,64,2.0,1,1,0,MacBook-Pro-4.local,darwin,0,23.2516,43.01,Signature,True,2025-11-20T22:32:41.497859,,223
Falcon-1024,verify,0,64,2.0,1,1,0,MacBook-Pro-4.local,darwin,0,21.7924,45.89,Signature,True,2025-11-20T22:32:41.519726,,224
Falcon-1024,verify,0,64,2.0,1,1,0,MacBook-Pro-4.local,darwin,0,19.8064,50.49,Signature,True,2025-11-20T22:32:41.539616,,225
Falcon-1024,verify,1024,1,2.0,1,1,0,MacBook-Pro-4.local,darwin,0,22.4101,44.62,Signature,True,2025-11-20T22:32:41.562108,,226
Falcon-1024,verify,1024,1,2.0,1,1,0,MacBook-Pro-4.local,darwin,0,19.0054,52.62,Signature,True,2025-11-20T22:32:41.581176,,227
Falcon-1024,verify,1024,1,2.0,1,1,0,MacBook-Pro-4.local,darwin,0,23.5112,42.53,Signature,True,2025-11-20T22:32:41.604760,,228
Falcon-1024,verify,1024,1,2.0,1,1,0,MacBook-Pro-4.local,darwin,0,20.6804,48.35,Signature,True,2025-11-20T22:32:41.625502,,229
Falcon-1024,verify,1024,1,2.0,1,1,0,MacBook-Pro-4.local,darwin,0,17.6244,56.74,Signature,True,2025-11-20T22:32:41.643188,,230
Falcon-1024,verify,1024,16,2.0,1,1,0,MacBook-Pro-4.local,darwin,0,19.7341,50.67,Signature,True,2025-11-20T22:32:41.662972,,231
Falcon-1024,verify,1024,16,2.0,1,1,0,MacBook-Pro-4.local,darwin,0,31.8823,31.37,Signature,True,2025-11-20T22:32:41.694919,,232
Falcon-1024,verify,1024,16,2.0,1,1,0,MacBook-Pro-4.local,darwin,0,18.9877,52.67,Signature,True,2025-11-20T22:32:41.713988,,233
Falcon-1024,verify,1024,16,2.0,1,1,0,MacBook-Pro-4.local,darwin,0,19.6803,50.81,Signature,True,2025-11-20T22:32:41.733746,,234
Falcon-1024,verify,1024,16,2.0,1,1,0,MacBook-Pro-4.local,darwin,0,21.2108,47.15,Signature,True,2025-11-20T22:32:41.755014,,235
Falcon-1024,verify,1024,64,2.0,1,1,0,MacBook-Pro-4.local,darwin,0,20.4445,48.91,Signature,True,2025-11-20T22:32:41.775536,,236
Falcon-1024,verify,1024,64,2.0,1,1,0,MacBook-Pro-4.local,darwin,0,22.0312,45.39,Signature,True,2025-11-20T22:32:41.797643,,237
Falcon-1024,verify,1024,64,2.0,1,1,0,MacBook-Pro-4.local,darwin,0,19.2476,51.95,Signature,True,2025-11-20T22:32:41.816969,,238
Falcon-1024,verify,1024,64,2.0,1,1,0,MacBook-Pro-4.local,darwin,0,22.2132,45.02,Signature,True,2025-11-20T22:32:41.839265,,239
Falcon-1024,verify,1024,64,2.0,1,1,0,MacBook-Pro-4.local,darwin,0,18.6685,53.57,Signature,True,2025-11-20T22:32:41.858005,,240
Falcon-512,sign,0,1,2.0,1,1,0,MacBook-Pro-4.local,darwin,0,10.4798,95.42,Signature,True,2025-11-20T22:32:41.868550,,241
Falcon-512,sign,0,1,2.0,1,1,0,MacBook-Pro-4.local,darwin,0,7.8385,127.58,Signature,True,2025-11-20T22:32:41.876467,,242
Falcon-512,sign,0,1,2.0,1,1,0,MacBook-Pro-4.local,darwin,0,6.9464,143.96,Signature,True,2025-11-20T22:32:41.883555,,243
Falcon-512,sign,0,1,2.0,1,1,0,MacBook-Pro-4.local,darwin,0,9.5914,104.26,Signature,True,2025-11-20T22:32:41.893220,,244
Falcon-512,sign,0,1,2.0,1,1,0,MacBook-Pro-4.local,darwin,0,6.4507,155.02,Signature,True,2025-11-20T22:32:41.899718,,245
Falcon-512,sign,0,16,2.0,1,1,0,MacBook-Pro-4.local,darwin,0,6.9736,143.4,Signature,True,2025-11-20T22:32:41.906738,,246
Falcon-512,sign,0,16,2.0,1,1,0,MacBook-Pro-4.local,darwin,0,7.6309,131.05,Signature,True,2025-11-20T22:32:41.914445,,247
Falcon-512,sign,0,16,2.0,1,1,0,MacBook-Pro-4.local,darwin,0,6.9129,144.66,Signature,True,2025-11-20T22:32:41.921434,,248
Falcon-512,sign,0,16,2.0,1,1,0,MacBook-Pro-4.local,darwin,0,6.4719,154.51,Signature,True,2025-11-20T22:32:41.927971,,249
Falcon-512,sign,0,16,2.0,1,1,0,MacBook-Pro-4.local,darwin,0,6.7942,147.18,Signature,True,2025-11-20T22:32:41.934806,,250
Falcon-512,sign,0,64,2.0,1,1,0,MacBook-Pro-4.local,darwin,0,7.7818,128.5,Signature,True,2025-11-20T22:32:41.942634,,251
Falcon-512,sign,0,64,2.0,1,1,0,MacBook-Pro-4.local,darwin,0,12.048,83.0,Signature,True,2025-11-20T22:32:41.954737,,252
Falcon-512,sign,0,64,2.0,1,1,0,MacBook-Pro-4.local,darwin,0,8.0646,124.0,Signature,True,2025-11-20T22:32:41.962907,,253
Falcon-512,sign,0,64,2.0,1,1,0,MacBook-Pro-4.local,darwin,0,7.7538,128.97,Signature,True,2025-11-20T22:32:41.970737,,254
Falcon-512,sign,0,64,2.0,1,1,0,MacBook-Pro-4.local,darwin,0,13.3048,75.16,Signature,True,2025-11-20T22:32:41.984123,,255
Falcon-512,sign,1024,1,2.0,1,1,0,MacBook-Pro-4.local,darwin,0,7.2396,138.13,Signature,True,2025-11-20T22:32:41.991446,,256
Falcon-512,sign,1024,1,2.0,1,1,0,MacBook-Pro-4.local,darwin,0,6.0055,166.51,Signature,True,2025-11-20T22:32:41.997517,,257
Falcon-512,sign,1024,1,2.0,1,1,0,MacBook-Pro-4.local,darwin,0,6.8263,146.49,Signature,True,2025-11-20T22:32:42.004385,,258
Falcon-512,sign,1024,1,2.0,1,1,0,MacBook-Pro-4.local,darwin,0,9.2484,108.13,Signature,True,2025-11-20T22:32:42.013796,,259
Falcon-512,sign,1024,1,2.0,1,1,0,MacBook-Pro-4.local,darwin,0,7.2039,138.81,Signature,True,2025-11-20T22:32:42.021065,,260
Falcon-512,sign,1024,16,2.0,1,1,0,MacBook-Pro-4.local,darwin,0,10.325,96.85,Signature,True,2025-11-20T22:32:42.031453,,261
Falcon-512,sign,1024,16,2.0,1,1,0,MacBook-Pro-4.local,darwin,0,8.0588,124.09,Signature,True,2025-11-20T22:32:42.039605,,262
Falcon-512,sign,1024,16,2.0,1,1,0,MacBook-Pro-4.local,darwin,0,7.5309,132.79,Signature,True,2025-11-20T22:32:42.047229,,263
Falcon-512,sign,1024,16,2.0,1,1,0,MacBook-Pro-4.local,darwin,0,16.0656,62.24,Signature,True,2025-11-20T22:32:42.063375,,264
Falcon-512,sign,1024,16,2.0,1,1,0,MacBook-Pro-4.local,darwin,0,10.1445,98.58,Signature,True,2025-11-20T22:32:42.073611,,265
Falcon-512,sign,1024,64,2.0,1,1,0,MacBook-Pro-4.local,darwin,0,6.2833,159.15,Signature,True,2025-11-20T22:32:42.080100,,266
Falcon-512,sign,1024,64,2.0,1,1,0,MacBook-Pro-4.local,darwin,0,9.7415,102.65,Signature,True,2025-11-20T22:32:42.089921,,267
Falcon-512,sign,1024,64,2.0,1,1,0,MacBook-Pro-4.local,darwin,0,7.5234,132.92,Signature,True,2025-11-20T22:32:42.097529,,268
Falcon-512,sign,1024,64,2.0,1,1,0,MacBook-Pro-4.local,darwin,0,11.176,89.48,Signature,True,2025-11-20T22:32:42.108783,,269
Falcon-512,sign,1024,64,2.0,1,1,0,MacBook-Pro-4.local,darwin,0,6.2976,158.79,Signature,True,2025-11-20T22:32:42.115190,,270
Falcon-512,verify,0,1,2.0,1,1,0,MacBook-Pro-4.local,darwin,0,12.2549,81.6,Signature,True,2025-11-20T22:32:42.127527,,271
Falcon-512,verify,0,1,2.0,1,1,0,MacBook-Pro-4.local,darwin,0,5.6453,177.14,Signature,True,2025-11-20T22:32:42.133235,,272
Falcon-512,verify,0,1,2.0,1,1,0,MacBook-Pro-4.local,darwin,0,10.0554,99.45,Signature,True,2025-11-20T22:32:42.143353,,273
Falcon-512,verify,0,1,2.0,1,1,0,MacBook-Pro-4.local,darwin,0,5.8995,169.51,Signature,True,2025-11-20T22:32:42.149334,,274
Falcon-512,verify,0,1,2.0,1,1,0,MacBook-Pro-4.local,darwin,0,6.1332,163.05,Signature,True,2025-11-20T22:32:42.155541,,275
Falcon-512,verify,0,16,2.0,1,1,0,MacBook-Pro-4.local,darwin,0,6.191,161.52,Signature,True,2025-11-20T22:32:42.161808,,276
Falcon-512,verify,0,16,2.0,1,1,0,MacBook-Pro-4.local,darwin,0,11.3888,87.81,Signature,True,2025-11-20T22:32:42.173294,,277
Falcon-512,verify,0,16,2.0,1,1,0,MacBook-Pro-4.local,darwin,0,7.3646,135.79,Signature,True,2025-11-20T22:32:42.180738,,278
Falcon-512,verify,0,16,2.0,1,1,0,MacBook-Pro-4.local,darwin,0,6.944,144.01,Signature,True,2025-11-20T22:32:42.187763,,279
Falcon-512,verify,0,16,2.0,1,1,0,MacBook-Pro-4.local,darwin,0,7.903,126.53,Signature,True,2025-11-20T22:32:42.195742,,280
Falcon-512,verify,0,64,2.0,1,1,0,MacBook-Pro-4.local,darwin,0,6.6355,150.71,Signature,True,2025-11-20T22:32:42.202522,,281
Falcon-512,verify,0,64,2.0,1,1,0,MacBook-Pro-4.local,darwin,0,7.586,131.82,Signature,True,2025-11-20T22:32:42.210177,,282
Falcon-512,verify,0,64,2.0,1,1,0,MacBook-Pro-4.local,darwin,0,5.9869,167.03,Signature,True,2025-11-20T22:32:42.216241,,283
Falcon-512,verify,0,64,2.0,1,1,0,MacBook-Pro-4.local,darwin,0,6.9097,144.72,Signature,True,2025-11-20T22:32:42.223227,,284
Falcon-512,verify,0,64,2.0,1,1,0,MacBook-Pro-4.local,darwin,0,8.7329,114.51,Signature,True,2025-11-20T22:32:42.232055,,285
Falcon-512,verify,1024,1,2.0,1,1,0,MacBook-Pro-4.local,darwin,0,7.8811,126.89,Signature,True,2025-11-20T22:32:42.240028,,286
Falcon-512,verify,1024,1,2.0,1,1,0,MacBook-Pro-4.local,darwin,0,6.4623,154.74,Signature,True,2025-11-20T22:32:42.246569,,287
Falcon-512,verify,1024,1,2.0,1,1,0,MacBook-Pro-4.local,darwin,0,12.8042,78.1,Signature,True,2025-11-20T22:32:42.259422,,288
Falcon-512,verify,1024,1,2.0,1,1,0,MacBook-Pro-4.local,darwin,0,5.9273,168.71,Signature,True,2025-11-20T22:32:42.265432,,289
Falcon-512,verify,1024,1,2.0,1,1,0,MacBook-Pro-4.local,darwin,0,6.0698,164.75,Signature,True,2025-11-20T22:32:42.271571,,290
Falcon-512,verify,1024,16,2.0,1,1,0,MacBook-Pro-4.local,darwin,0,7.0486,141.87,Signature,True,2025-11-20T22:32:42.278696,,291
Falcon-512,verify,1024,16,2.0,1,1,0,MacBook-Pro-4.local,darwin,0,9.3267,107.22,Signature,True,2025-11-20T22:32:42.288104,,292
Falcon-512,verify,1024,16,2.0,1,1,0,MacBook-Pro-4.local,darwin,0,12.2756,81.46,Signature,True,2025-11-20T22:32:42.300463,,293
Falcon-512,verify,1024,16,2.0,1,1,0,MacBook-Pro-4.local,darwin,0,6.448,155.09,Signature,True,2025-11-20T22:32:42.306988,,294
Falcon-512,verify,1024,16,2.0,1,1,0,MacBook-Pro-4.local,darwin,0,10.0117,99.88,Signature,True,2025-11-20T22:32:42.317081,,295
Falcon-512,verify,1024,64,2.0,1,1,0,MacBook-Pro-4.local,darwin,0,9.8692,101.33,Signature,True,2025-11-20T22:32:42.327069,,296
Falcon-512,verify,1024,64,2.0,1,1,0,MacBook-Pro-4.local,darwin,0,7.9926,125.12,Signature,True,2025-11-20T22:32:42.335151,,297
Falcon-512,verify,1024,64,2.0,1,1,0,MacBook-Pro-4.local,darwin,0,6.7456,148.24,Signature,True,2025-11-20T22:32:42.341975,,298
Falcon-512,verify,1024,64,2.0,1,1,0,MacBook-Pro-4.local,darwin,0,6.0303,165.83,Signature,True,2025-11-20T22:32:42.348068,,299
Falcon-512,verify,1024,64,2.0,1,1,0,MacBook-Pro-4.local,darwin,0,10.7353,93.15,Signature,True,2025-11-20T22:32:42.358859,,300
Falcon-padded-1024,sign,0,1,2.0,1,1,0,MacBook-Pro-4.local,darwin,0,18.9769,52.7,Signature,True,2025-11-20T22:32:42.377959,,301
Falcon-padded-1024,sign,0,1,2.0,1,1,0,MacBook-Pro-4.local,darwin,0,29.8028,33.55,Signature,True,2025-11-20T22:32:42.407877,,302
Falcon-padded-1024,sign,0,1,2.0,1,1,0,MacBook-Pro-4.local,darwin,0,22.6054,44.24,Signature,True,2025-11-20T22:32:42.430553,,303
Falcon-padded-1024,sign,0,1,2.0,1,1,0,MacBook-Pro-4.local,darwin,0,36.2838,27.56,Signature,True,2025-11-20T22:32:42.466960,,304
Falcon-padded-1024,sign,0,1,2.0,1,1,0,MacBook-Pro-4.local,darwin,0,45.8161,21.83,Signature,True,2025-11-20T22:32:42.512874,,305
Falcon-padded-1024,sign,0,16,2.0,1,1,0,MacBook-Pro-4.local,darwin,0,20.0007,50.0,Signature,True,2025-11-20T22:32:42.532954,,306
Falcon-padded-1024,sign,0,16,2.0,1,1,0,MacBook-Pro-4.local,darwin,0,20.2329,49.42,Signature,True,2025-11-20T22:32:42.553242,,307
Falcon-padded-1024,sign,0,16,2.0,1,1,0,MacBook-Pro-4.local,darwin,0,18.4749,54.13,Signature,True,2025-11-20T22:32:42.571853,,308
Falcon-padded-1024,sign,0,16,2.0,1,1,0,MacBook-Pro-4.local,darwin,0,21.0844,47.43,Signature,True,2025-11-20T22:32:42.593018,,309
Falcon-padded-1024,sign,0,16,2.0,1,1,0,MacBook-Pro-4.local,darwin,0,24.1795,41.36,Signature,True,2025-11-20T22:32:42.617275,,310
Falcon-padded-1024,sign,0,64,2.0,1,1,0,MacBook-Pro-4.local,darwin,0,18.8149,53.15,Signature,True,2025-11-20T22:32:42.636180,,311
Falcon-padded-1024,sign,0,64,2.0,1,1,0,MacBook-Pro-4.local,darwin,0,21.0247,47.56,Signature,True,2025-11-20T22:32:42.657287,,312
Falcon-padded-1024,sign,0,64,2.0,1,1,0,MacBook-Pro-4.local,darwin,0,22.0124,45.43,Signature,True,2025-11-20T22:32:42.679379,,313
Falcon-padded-1024,sign,0,64,2.0,1,1,0,MacBook-Pro-4.local,darwin,0,18.2343,54.84,Signature,True,2025-11-20T22:32:42.697697,,314
Falcon-padded-1024,sign,0,64,2.0,1,1,0,MacBook-Pro-4.local,darwin,0,20.5223,48.73,Signature,True,2025-11-20T22:32:42.718300,,315
Falcon-padded-1024,sign,1024,1,2.0,1,1,0,MacBook-Pro-4.local,darwin,0,18.6346,53.66,Signature,True,2025-11-20T22:32:42.737046,,316
Falcon-padded-1024,sign,1024,1,2.0,1,1,0,MacBook-Pro-4.local,darwin,0,19.1639,52.18,Signature,True,2025-11-20T22:32:42.756291,,317
Falcon-padded-1024,sign,1024,1,2.0,1,1,0,MacBook-Pro-4.local,darwin,0,22.5313,44.38,Signature,True,2025-11-20T22:32:42.778893,,318
Falcon-padded-1024,sign,1024,1,2.0,1,1,0,MacBook-Pro-4.local,darwin,0,36.8703,27.12,Signature,True,2025-11-20T22:32:42.815842,,319
Falcon-padded-1024,sign,1024,1,2.0,1,1,0,MacBook-Pro-4.local,darwin,0,21.7749,45.92,Signature,True,2025-11-20T22:32:42.837700,,320
Falcon-padded-1024,sign,1024,16,2.0,1,1,0,MacBook-Pro-4.local,darwin,0,17.9945,55.57,Signature,True,2025-11-20T22:32:42.855775,,321
Falcon-padded-1024,sign,1024,16,2.0,1,1,0,MacBook-Pro-4.local,darwin,0,19.3556,51.66,Signature,True,2025-11-20T22:32:42.875202,,322
Falcon-padded-1024,sign,1024,16,2.0,1,1,0,MacBook-Pro-4.local,darwin,0,18.37,54.44,Signature,True,2025-11-20T22:32:42.893651,,323
Falcon-padded-1024,sign,1024,16,2.0,1,1,0,MacBook-Pro-4.local,darwin,0,24.9067,40.15,Signature,True,2025-11-20T22:32:42.918640,,324
Falcon-padded-1024,sign,1024,16,2.0,1,1,0,MacBook-Pro-4.local,darwin,0,26.6451,37.53,Signature,True,2025-11-20T22:32:42.945388,,325
Falcon-padded-1024,sign,1024,64,2.0,1,1,0,MacBook-Pro-4.local,darwin,0,23.1812,43.14,Signature,True,2025-11-20T22:32:42.968653,,326
Falcon-padded-1024,sign,1024,64,2.0,1,1,0,MacBook-Pro-4.local,darwin,0,26.8285,37.27,Signature,True,2025-11-20T22:32:42.995561,,327
Falcon-padded-1024,sign,1024,64,2.0,1,1,0,MacBook-Pro-4.local,darwin,0,19.6669,50.85,Signature,True,2025-11-20T22:32:43.015342,,328
Falcon-padded-1024,sign,1024,64,2.0,1,1,0,MacBook-Pro-4.local,darwin,0,20.0822,49.8,Signature,True,2025-11-20T22:32:43.035508,,329
Falcon-padded-1024,sign,1024,64,2.0,1,1,0,MacBook-Pro-4.local,darwin,0,18.5212,53.99,Signature,True,2025-11-20T22:32:43.054106,,330
Falcon-padded-1024,verify,0,1,2.0,1,1,0,MacBook-Pro-4.local,darwin,0,23.4265,42.69,Signature,True,2025-11-20T22:32:43.077664,,331
Falcon-padded-1024,verify,0,1,2.0,1,1,0,MacBook-Pro-4.local,darwin,0,19.0832,52.4,Signature,True,2025-11-20T22:32:43.096820,,332
Falcon-padded-1024,verify,0,1,2.0,1,1,0,MacBook-Pro-4.local,darwin,0,21.2454,47.07,Signature,True,2025-11-20T22:32:43.118190,,333
Falcon-padded-1024,verify,0,1,2.0,1,1,0,MacBook-Pro-4.local,darwin,0,21.6639,46.16,Signature,True,2025-11-20T22:32:43.139932,,334
Falcon-padded-1024,verify,0,1,2.0,1,1,0,MacBook-Pro-4.local,darwin,0,18.5496,53.91,Signature,True,2025-11-20T22:32:43.158553,,335
Falcon-padded-1024,verify,0,16,2.0,1,1,0,MacBook-Pro-4.local,darwin,0,19.1233,52.29,Signature,True,2025-11-20T22:32:43.177767,,336
Falcon-padded-1024,verify,0,16,2.0,1,1,0,MacBook-Pro-4.local,darwin,0,28.512,35.07,Signature,True,2025-11-20T22:32:43.206393,,337
Falcon-padded-1024,verify,0,16,2.0,1,1,0,MacBook-Pro-4.local,darwin,0,19.6671,50.85,Signature,True,2025-11-20T22:32:43.226145,,338
Falcon-padded-1024,verify,0,16,2.0,1,1,0,MacBook-Pro-4.local,darwin,0,22.1309,45.19,Signature,True,2025-11-20T22:32:43.248415,,339
Falcon-padded-1024,verify,0,16,2.0,1,1,0,MacBook-Pro-4.local,darwin,0,18.6665,53.57,Signature,True,2025-11-20T22:32:43.267174,,340
Falcon-padded-1024,verify,0,64,2.0,1,1,0,MacBook-Pro-4.local,darwin,0,20.2685,49.34,Signature,True,2025-11-20T22:32:43.287526,,341
Falcon-padded-1024,verify,0,64,2.0,1,1,0,MacBook-Pro-4.local,darwin,0,22.1428,45.16,Signature,True,2025-11-20T22:32:43.309745,,342
Falcon-padded-1024,verify,0,64,2.0,1,1,0,MacBook-Pro-4.local,darwin,0,19.2732,51.89,Signature,True,2025-11-20T22:32:43.329118,,343
Falcon-padded-1024,verify,0,64,2.0,1,1,0,MacBook-Pro-4.local,darwin,0,20.4544,48.89,Signature,True,2025-11-20T22:32:43.349650,,344
Falcon-padded-1024,verify,0,64,2.0,1,1,0,MacBook-Pro-4.local,darwin,0,26.6536,37.52,Signature,True,2025-11-20T22:32:43.376385,,345
Falcon-padded-1024,verify,1024,1,2.0,1,1,0,MacBook-Pro-4.local,darwin,0,18.1969,54.95,Signature,True,2025-11-20T22:32:43.394661,,346
Falcon-padded-1024,verify,1024,1,2.0,1,1,0,MacBook-Pro-4.local,darwin,0,17.899,55.87,Signature,True,2025-11-20T22:32:43.412612,,347
Falcon-padded-1024,verify,1024,1,2.0,1,1,0,MacBook-Pro-4.local,darwin,0,18.7459,53.34,Signature,True,2025-11-20T22:32:43.431427,,348
Falcon-padded-1024,verify,1024,1,2.0,1,1,0,MacBook-Pro-4.local,darwin,0,18.1084,55.22,Signature,True,2025-11-20T22:32:43.449614,,349
Falcon-padded-1024,verify,1024,1,2.0,1,1,0,MacBook-Pro-4.local,darwin,0,29.7202,33.65,Signature,True,2025-11-20T22:32:43.479415,,350
Falcon-padded-1024,verify,1024,16,2.0,1,1,0,MacBook-Pro-4.local,darwin,0,20.7053,48.3,Signature,True,2025-11-20T22:32:43.500224,,351
Falcon-padded-1024,verify,1024,16,2.0,1,1,0,MacBook-Pro-4.local,darwin,0,21.5885,46.32,Signature,True,2025-11-20T22:32:43.521891,,352
Falcon-padded-1024,verify,1024,16,2.0,1,1,0,MacBook-Pro-4.local,darwin,0,19.0884,52.39,Signature,True,2025-11-20T22:32:43.541056,,353
Falcon-padded-1024,verify,1024,16,2.0,1,1,0,MacBook-Pro-4.local,darwin,0,22.754,43.95,Signature,True,2025-11-20T22:32:43.563879,,354
Falcon-padded-1024,verify,1024,16,2.0,1,1,0,MacBook-Pro-4.local,darwin,0,18.0761,55.32,Signature,True,2025-11-20T22:32:43.582009,,355
Falcon-padded-1024,verify,1024,64,2.0,1,1,0,MacBook-Pro-4.local,darwin,0,21.1457,47.29,Signature,True,2025-11-20T22:32:43.603227,,356
Falcon-padded-1024,verify,1024,64,2.0,1,1,0,MacBook-Pro-4.local,darwin,0,20.3456,49.15,Signature,True,2025-11-20T22:32:43.623652,,357
Falcon-padded-1024,verify,1024,64,2.0,1,1,0,MacBook-Pro-4.local,darwin,0,17.9438,55.73,Signature,True,2025-11-20T22:32:43.641673,,358
Falcon-padded-1024,verify,1024,64,2.0,1,1,0,MacBook-Pro-4.local,darwin,0,22.806,43.85,Signature,True,2025-11-20T22:32:43.664532,,359
Falcon-padded-1024,verify,1024,64,2.0,1,1,0,MacBook-Pro-4.local,darwin,0,31.0877,32.17,Signature,True,2025-11-20T22:32:43.695691,,360
Falcon-padded-512,sign,0,1,2.0,1,1,0,MacBook-Pro-4.local,darwin,0,6.2792,159.26,Signature,True,2025-11-20T22:32:43.702066,,361
Falcon-padded-512,sign,0,1,2.0,1,1,0,MacBook-Pro-4.local,darwin,0,6.2277,160.57,Signature,True,2025-11-20T22:32:43.708390,,362
Falcon-padded-512,sign,0,1,2.0,1,1,0,MacBook-Pro-4.local,darwin,0,6.4948,153.97,Signature,True,2025-11-20T22:32:43.714940,,363
Falcon-padded-512,sign,0,1,2.0,1,1,0,MacBook-Pro-4.local,darwin,0,5.7553,173.75,Signature,True,2025-11-20T22:32:43.720761,,364
Falcon-padded-512,sign,0,1,2.0,1,1,0,MacBook-Pro-4.local,darwin,0,9.1484,109.31,Signature,True,2025-11-20T22:32:43.729949,,365
Falcon-padded-512,sign,0,16,2.0,1,1,0,MacBook-Pro-4.local,darwin,0,6.8124,146.79,Signature,True,2025-11-20T22:32:43.736808,,366
Falcon-padded-512,sign,0,16,2.0,1,1,0,MacBook-Pro-4.local,darwin,0,6.1985,161.33,Signature,True,2025-11-20T22:32:43.743081,,367
Falcon-padded-512,sign,0,16,2.0,1,1,0,MacBook-Pro-4.local,darwin,0,6.7801,147.49,Signature,True,2025-11-20T22:32:43.749931,,368
Falcon-padded-512,sign,0,16,2.0,1,1,0,MacBook-Pro-4.local,darwin,0,10.2703,97.37,Signature,True,2025-11-20T22:32:43.760273,,369
Falcon-padded-512,sign,0,16,2.0,1,1,0,MacBook-Pro-4.local,darwin,0,8.4674,118.1,Signature,True,2025-11-20T22:32:43.768799,,370
Falcon-padded-512,sign,0,64,2.0,1,1,0,MacBook-Pro-4.local,darwin,0,7.7036,129.81,Signature,True,2025-11-20T22:32:43.776563,,371
Falcon-padded-512,sign,0,64,2.0,1,1,0,MacBook-Pro-4.local,darwin,0,9.2642,107.94,Signature,True,2025-11-20T22:32:43.785951,,372
Falcon-padded-512,sign,0,64,2.0,1,1,0,MacBook-Pro-4.local,darwin,0,6.0293,165.86,Signature,True,2025-11-20T22:32:43.792052,,373
Falcon-padded-512,sign,0,64,2.0,1,1,0,MacBook-Pro-4.local,darwin,0,6.6091,151.31,Signature,True,2025-11-20T22:32:43.798725,,374
Falcon-padded-512,sign,0,64,2.0,1,1,0,MacBook-Pro-4.local,darwin,0,7.2716,137.52,Signature,True,2025-11-20T22:32:43.806036,,375
Falcon-padded-512,sign,1024,1,2.0,1,1,0,MacBook-Pro-4.local,darwin,0,5.8708,170.34,Signature,True,2025-11-20T22:32:43.811961,,376
Falcon-padded-512,sign,1024,1,2.0,1,1,0,MacBook-Pro-4.local,darwin,0,8.5028,117.61,Signature,True,2025-11-20T22:32:43.820559,,377
Falcon-padded-512,sign,1024,1,2.0,1,1,0,MacBook-Pro-4.local,darwin,0,5.808,172.18,Signature,True,2025-11-20T22:32:43.826449,,378
Falcon-padded-512,sign,1024,1,2.0,1,1,0,MacBook-Pro-4.local,darwin,0,6.3211,158.2,Signature,True,2025-11-20T22:32:43.832840,,379
Falcon-padded-512,sign,1024,1,2.0,1,1,0,MacBook-Pro-4.local,darwin,0,5.6443,177.17,Signature,True,2025-11-20T22:32:43.838539,,380
Falcon-padded-512,sign,1024,16,2.0,1,1,0,MacBook-Pro-4.local,darwin,0,8.9913,111.22,Signature,True,2025-11-20T22:32:43.847578,,381
Falcon-padded-512,sign,1024,16,2.0,1,1,0,MacBook-Pro-4.local,darwin,0,6.3431,157.65,Signature,True,2025-11-20T22:32:43.853965,,382
Falcon-padded-512,sign,1024,16,2.0,1,1,0,MacBook-Pro-4.local,darwin,0,11.1078,90.03,Signature,True,2025-11-20T22:32:43.865134,,383
Falcon-padded-512,sign,1024,16,2.0,1,1,0,MacBook-Pro-4.local,darwin,0,6.0421,165.51,Signature,True,2025-11-20T22:32:43.871223,,384
Falcon-padded-512,sign,1024,16,2.0,1,1,0,MacBook-Pro-4.local,darwin,0,8.9526,111.7,Signature,True,2025-11-20T22:32:43.880221,,385
Falcon-padded-512,sign,1024,64,2.0,1,1,0,MacBook-Pro-4.local,darwin,0,6.365,157.11,Signature,True,2025-11-20T22:32:43.886667,,386
Falcon-padded-512,sign,1024,64,2.0,1,1,0,MacBook-Pro-4.local,darwin,0,6.2057,161.14,Signature,True,2025-11-20T22:32:43.892984,,387
Falcon-padded-512,sign,1024,64,2.0,1,1,0,MacBook-Pro-4.local,darwin,0,7.0652,141.54,Signature,True,2025-11-20T22:32:43.900111,,388
Falcon-padded-512,sign,1024,64,2.0,1,1,0,MacBook-Pro-4.local,darwin,0,7.4746,133.79,Signature,True,2025-11-20T22:32:43.907735,,389
Falcon-padded-512,sign,1024,64,2.0,1,1,0,MacBook-Pro-4.local,darwin,0,6.4336,155.43,Signature,True,2025-11-20T22:32:43.914226,,390
Falcon-padded-512,verify,0,1,2.0,1,1,0,MacBook-Pro-4.local,darwin,0,6.0342,165.72,Signature,True,2025-11-20T22:32:43.920305,,391
Falcon-padded-512,verify,0,1,2.0,1,1,0,MacBook-Pro-4.local,darwin,0,12.785,78.22,Signature,True,2025-11-20T22:32:43.933147,,392
Falcon-padded-512,verify,0,1,2.0,1,1,0,MacBook-Pro-4.local,darwin,0,7.0739,141.36,Signature,True,2025-11-20T22:32:43.940300,,393
Falcon-padded-512,verify,0,1,2.0,1,1,0,MacBook-Pro-4.local,darwin,0,5.6128,178.16,Signature,True,2025-11-20T22:32:43.946036,,394
Falcon-padded-512,verify,0,1,2.0,1,1,0,MacBook-Pro-4.local,darwin,0,8.4665,118.11,Signature,True,2025-11-20T22:32:43.954542,,395
Falcon-padded-512,verify,0,16,2.0,1,1,0,MacBook-Pro-4.local,darwin,0,6.9849,143.17,Signature,True,2025-11-20T22:32:43.961564,,396
Falcon-padded-512,verify,0,16,2.0,1,1,0,MacBook-Pro-4.local,darwin,0,5.6777,176.13,Signature,True,2025-11-20T22:32:43.967282,,397
Falcon-padded-512,verify,0,16,2.0,1,1,0,MacBook-Pro-4.local,darwin,0,7.3467,136.12,Signature,True,2025-11-20T22:32:43.974713,,398
Falcon-padded-512,verify,0,16,2.0,1,1,0,MacBook-Pro-4.local,darwin,0,8.9593,111.62,Signature,True,2025-11-20T22:32:43.983744,,399
Falcon-padded-512,verify,0,16,2.0,1,1,0,MacBook-Pro-4.local,darwin,0,7.4253,134.67,Signature,True,2025-11-20T22:32:43.991293,,400
Falcon-padded-512,verify,0,64,2.0,1,1,0,MacBook-Pro-4.local,darwin,0,10.8306,92.33,Signature,True,2025-11-20T22:32:44.002204,,401
Falcon-padded-512,verify,0,64,2.0,1,1,0,MacBook-Pro-4.local,darwin,0,6.3451,157.6,Signature,True,2025-11-20T22:32:44.008632,,402
Falcon-padded-512,verify,0,64,2.0,1,1,0,MacBook-Pro-4.local,darwin,0,5.9159,169.04,Signature,True,2025-11-20T22:32:44.014617,,403
Falcon-padded-512,verify,0,64,2.0,1,1,0,MacBook-Pro-4.local,darwin,0,7.5566,132.33,Signature,True,2025-11-20T22:32:44.022221,,404
Falcon-padded-512,verify,0,64,2.0,1,1,0,MacBook-Pro-4.local,darwin,0,6.9271,144.36,Signature,True,2025-11-20T22:32:44.029219,,405
Falcon-padded-512,verify,1024,1,2.0,1,1,0,MacBook-Pro-4.local,darwin,0,6.1725,162.01,Signature,True,2025-11-20T22:32:44.035433,,406
Falcon-padded-512,verify,1024,1,2.0,1,1,0,MacBook-Pro-4.local,darwin,0,5.7962,172.53,Signature,True,2025-11-20T22:32:44.041278,,407
Falcon-padded-512,verify,1024,1,2.0,1,1,0,MacBook-Pro-4.local,darwin,0,5.6675,176.44,Signature,True,2025-11-20T22:32:44.046991,,408
Falcon-padded-512,verify,1024,1,2.0,1,1,0,MacBook-Pro-4.local,darwin,0,6.9549,143.78,Signature,True,2025-11-20T22:32:44.054002,,409
Falcon-padded-512,verify,1024,1,2.0,1,1,0,MacBook-Pro-4.local,darwin,0,5.9378,168.41,Signature,True,2025-11-20T22:32:44.059987,,410
Falcon-padded-512,verify,1024,16,2.0,1,1,0,MacBook-Pro-4.local,darwin,0,5.5561,179.98,Signature,True,2025-11-20T22:32:44.065580,,411
Falcon-padded-512,verify,1024,16,2.0,1,1,0,MacBook-Pro-4.local,darwin,0,6.108,163.72,Signature,True,2025-11-20T22:32:44.071730,,412
Falcon-padded-512,verify,1024,16,2.0,1,1,0,MacBook-Pro-4.local,darwin,0,5.755,173.76,Signature,True,2025-11-20T22:32:44.077555,,413
Falcon-padded-512,verify,1024,16,2.0,1,1,0,MacBook-Pro-4.local,darwin,0,10.6667,93.75,Signature,True,2025-11-20T22:32:44.088270,,414
Falcon-padded-512,verify,1024,16,2.0,1,1,0,MacBook-Pro-4.local,darwin,0,6.6537,150.29,Signature,True,2025-11-20T22:32:44.095053,,415
Falcon-padded-512,verify,1024,64,2.0,1,1,0,MacBook-Pro-4.local,darwin,0,7.2077,138.74,Signature,True,2025-11-20T22:32:44.102314,,416
Falcon-padded-512,verify,1024,64,2.0,1,1,0,MacBook-Pro-4.local,darwin,0,6.3071,158.55,Signature,True,2025-11-20T22:32:44.108675,,417
Falcon-padded-512,verify,1024,64,2.0,1,1,0,MacBook-Pro-4.local,darwin,0,6.6164,151.14,Signature,True,2025-11-20T22:32:44.115371,,418
Falcon-padded-512,verify,1024,64,2.0,1,1,0,MacBook-Pro-4.local,darwin,0,5.8953,169.63,Signature,True,2025-11-20T22:32:44.121307,,419
Falcon-padded-512,verify,1024,64,2.0,1,1,0,MacBook-Pro-4.local,darwin,0,11.623,86.04,Signature,True,2025-11-20T22:32:44.132978,,420
MAYO-1,sign,0,1,2.0,1,1,0,MacBook-Pro-4.local,darwin,0,0.7419,1347.96,Signature,True,2025-11-20T22:32:44.133785,,421
MAYO-1,sign,0,1,2.0,1,1,0,MacBook-Pro-4.local,darwin,0,0.4021,2486.63,Signature,True,2025-11-20T22:32:44.134261,,422
MAYO-1,sign,0,1,2.0,1,1,0,MacBook-Pro-4.local,darwin,0,0.3034,3296.04,Signature,True,2025-11-20T22:32:44.134607,,423
MAYO-1,sign,0,1,2.0,1,1,0,MacBook-Pro-4.local,darwin,0,0.2909,3438.07,Signature,True,2025-11-20T22:32:44.134925,,424
MAYO-1,sign,0,1,2.0,1,1,0,MacBook-Pro-4.local,darwin,0,0.2888,3462.44,Signature,True,2025-11-20T22:32:44.135239,,425
MAYO-1,sign,0,16,2.0,1,1,0,MacBook-Pro-4.local,darwin,0,0.2879,3473.69,Signature,True,2025-11-20T22:32:44.135553,,426
MAYO-1,sign,0,16,2.0,1,1,0,MacBook-Pro-4.local,darwin,0,0.2892,3458.29,Signature,True,2025-11-20T22:32:44.135867,,427
MAYO-1,sign,0,16,2.0,1,1,0,MacBook-Pro-4.local,darwin,0,0.2868,3486.92,Signature,True,2025-11-20T22:32:44.136178,,428
MAYO-1,sign,0,16,2.0,1,1,0,MacBook-Pro-4.local,darwin,0,0.287,3484.02,Signature,True,2025-11-20T22:32:44.136489,,429
MAYO-1,sign,0,16,2.0,1,1,0,MacBook-Pro-4.local,darwin,0,0.2889,3461.41,Signature,True,2025-11-20T22:32:44.136801,,430
MAYO-1,sign,0,64,2.0,1,1,0,MacBook-Pro-4.local,darwin,0,0.2845,3515.22,Signature,True,2025-11-20T22:32:44.137109,,431
MAYO-1,sign,0,64,2.0,1,1,0,MacBook-Pro-4.local,darwin,0,0.2853,3504.65,Signature,True,2025-11-20T22:32:44.137418,,432
MAYO-1,sign,0,64,2.0,1,1,0,MacBook-Pro-4.local,darwin,0,0.2856,3501.12,Signature,True,2025-11-20T22:32:44.137727,,433
MAYO-1,sign,0,64,2.0,1,1,0,MacBook-Pro-4.local,darwin,0,0.2861,3495.22,Signature,True,2025-11-20T22:32:44.138037,,434
MAYO-1,sign,0,64,2.0,1,1,0,MacBook-Pro-4.local,darwin,0,0.2846,3514.0,Signature,True,2025-11-20T22:32:44.138345,,435
MAYO-1,sign,1024,1,2.0,1,1,0,MacBook-Pro-4.local,darwin,0,0.2922,3422.01,Signature,True,2025-11-20T22:32:44.138662,,436
MAYO-1,sign,1024,1,2.0,1,1,0,MacBook-Pro-4.local,darwin,0,0.2918,3426.84,Signature,True,2025-11-20T22:32:44.138978,,437
MAYO-1,sign,1024,1,2.0,1,1,0,MacBook-Pro-4.local,darwin,0,0.2941,3399.67,Signature,True,2025-11-20T22:32:44.139296,,438
MAYO-1,sign,1024,1,2.0,1,1,0,MacBook-Pro-4.local,darwin,0,0.2902,3446.14,Signature,True,2025-11-20T22:32:44.139610,,439
MAYO-1,sign,1024,1,2.0,1,1,0,MacBook-Pro-4.local,darwin,0,0.2905,3442.22,Signature,True,2025-11-20T22:32:44.139924,,440
MAYO-1,sign,1024,16,2.0,1,1,0,MacBook-Pro-4.local,darwin,0,0.2915,3430.18,Signature,True,2025-11-20T22:32:44.140239,,441
MAYO-1,sign,1024,16,2.0,1,1,0,MacBook-Pro-4.local,darwin,0,0.2907,3440.46,Signature,True,2025-11-20T22:32:44.140553,,442
MAYO-1,sign,1024,16,2.0,1,1,0,MacBook-Pro-4.local,darwin,0,0.2904,3443.13,Signature,True,2025-11-20T22:32:44.140866,,443
MAYO-1,sign,1024,16,2.0,1,1,0,MacBook-Pro-4.local,darwin,0,0.2916,3429.37,Signature,True,2025-11-20T22:32:44.141181,,444
MAYO-1,sign,1024,16,2.0,1,1,0,MacBook-Pro-4.local,darwin,0,0.2924,3420.25,Signature,True,2025-11-20T22:32:44.141496,,445
MAYO-1,sign,1024,64,2.0,1,1,0,MacBook-Pro-4.local,darwin,0,0.2924,3419.49,Signature,True,2025-11-20T22:32:44.141813,,446
MAYO-1,sign,1024,64,2.0,1,1,0,MacBook-Pro-4.local,darwin,0,0.2895,3453.84,Signature,True,2025-11-20T22:32:44.142126,,447
MAYO-1,sign,1024,64,2.0,1,1,0,MacBook-Pro-4.local,darwin,0,0.2926,3417.99,Signature,True,2025-11-20T22:32:44.142442,,448
MAYO-1,sign,1024,64,2.0,1,1,0,MacBook-Pro-4.local,darwin,0,0.291,3436.56,Signature,True,2025-11-20T22:32:44.142756,,449
MAYO-1,sign,1024,64,2.0,1,1,0,MacBook-Pro-4.local,darwin,0,0.2944,3396.58,Signature,True,2025-11-20T22:32:44.143074,,450
MAYO-1,verify,0,1,2.0,1,1,0,MacBook-Pro-4.local,darwin,0,0.2967,3370.59,Signature,True,2025-11-20T22:32:44.143398,,451
MAYO-1,verify,0,1,2.0,1,1,0,MacBook-Pro-4.local,darwin,0,0.2932,3410.45,Signature,True,2025-11-20T22:32:44.143715,,452
MAYO-1,verify,0,1,2.0,1,1,0,MacBook-Pro-4.local,darwin,0,0.2853,3504.58,Signature,True,2025-11-20T22:32:44.144024,,453
MAYO-1,verify,0,1,2.0,1,1,0,MacBook-Pro-4.local,darwin,0,0.2864,3491.92,Signature,True,2025-11-20T22:32:44.144334,,454
MAYO-1,verify,0,1,2.0,1,1,0,MacBook-Pro-4.local,darwin,0,0.2857,3500.26,Signature,True,2025-11-20T22:32:44.144643,,455
MAYO-1,verify,0,16,2.0,1,1,0,MacBook-Pro-4.local,darwin,0,0.2856,3501.82,Signature,True,2025-11-20T22:32:44.144952,,456
MAYO-1,verify,0,16,2.0,1,1,0,MacBook-Pro-4.local,darwin,0,0.285,3509.35,Signature,True,2025-11-20T22:32:44.145260,,457
MAYO-1,verify,0,16,2.0,1,1,0,MacBook-Pro-4.local,darwin,0,0.3046,3282.96,Signature,True,2025-11-20T22:32:44.145588,,458
MAYO-1,verify,0,16,2.0,1,1,0,MacBook-Pro-4.local,darwin,0,0.2881,3470.97,Signature,True,2025-11-20T22:32:44.145901,,459
MAYO-1,verify,0,16,2.0,1,1,0,MacBook-Pro-4.local,darwin,0,0.2949,3390.63,Signature,True,2025-11-20T22:32:44.146284,,460
MAYO-1,verify,0,64,2.0,1,1,0,MacBook-Pro-4.local,darwin,0,0.2852,3506.78,Signature,True,2025-11-20T22:32:44.146595,,461
MAYO-1,verify,0,64,2.0,1,1,0,MacBook-Pro-4.local,darwin,0,0.2868,3487.04,Signature,True,2025-11-20T22:32:44.146905,,462
MAYO-1,verify,0,64,2.0,1,1,0,MacBook-Pro-4.local,darwin,0,0.287,3484.78,Signature,True,2025-11-20T22:32:44.147216,,463
MAYO-1,verify,0,64,2.0,1,1,0,MacBook-Pro-4.local,darwin,0,0.2929,3414.06,Signature,True,2025-11-20T22:32:44.147532,,464
MAYO-1,verify,0,64,2.0,1,1,0,MacBook-Pro-4.local,darwin,0,0.2867,3488.08,Signature,True,2025-11-20T22:32:44.147842,,465
MAYO-1,verify,1024,1,2.0,1,1,0,MacBook-Pro-4.local,darwin,0,0.2918,3426.43,Signature,True,2025-11-20T22:32:44.148158,,466
MAYO-1,verify,1024,1,2.0,1,1,0,MacBook-Pro-4.local,darwin,0,0.2911,3434.79,Signature,True,2025-11-20T22:32:44.148473,,467
MAYO-1,verify,1024,1,2.0,1,1,0,MacBook-Pro-4.local,darwin,0,0.2939,3403.1,Signature,True,2025-11-20T22:32:44.148791,,468
MAYO-1,verify,1024,1,2.0,1,1,0,MacBook-Pro-4.local,darwin,0,0.2898,3451.02,Signature,True,2025-11-20T22:32:44.149104,,469
MAYO-1,verify,1024,1,2.0,1,1,0,MacBook-Pro-4.local,darwin,0,0.4018,2488.61,Signature,True,2025-11-20T22:32:44.149534,,470
MAYO-1,verify,1024,16,2.0,1,1,0,MacBook-Pro-4.local,darwin,0,0.6178,1618.56,Signature,True,2025-11-20T22:32:44.150201,,471
MAYO-1,verify,1024,16,2.0,1,1,0,MacBook-Pro-4.local,darwin,0,0.4902,2039.93,Signature,True,2025-11-20T22:32:44.150748,,472
MAYO-1,verify,1024,16,2.0,1,1,0,MacBook-Pro-4.local,darwin,0,0.459,2178.89,Signature,True,2025-11-20T22:32:44.151271,,473
MAYO-1,verify,1024,16,2.0,1,1,0,MacBook-Pro-4.local,darwin,0,0.565,1769.78,Signature,True,2025-11-20T22:32:44.151899,,474
MAYO-1,verify,1024,16,2.0,1,1,0,MacBook-Pro-4.local,darwin,0,0.4042,2474.11,Signature,True,2025-11-20T22:32:44.152360,,475
MAYO-1,verify,1024,64,2.0,1,1,0,MacBook-Pro-4.local,darwin,0,0.3063,3265.03,Signature,True,2025-11-20T22:32:44.152714,,476
MAYO-1,verify,1024,64,2.0,1,1,0,MacBook-Pro-4.local,darwin,0,0.2954,3385.61,Signature,True,2025-11-20T22:32:44.153040,,477
MAYO-1,verify,1024,64,2.0,1,1,0,MacBook-Pro-4.local,darwin,0,0.2935,3407.55,Signature,True,2025-11-20T22:32:44.153359,,478
MAYO-1,verify,1024,64,2.0,1,1,0,MacBook-Pro-4.local,darwin,0,0.2919,3425.6,Signature,True,2025-11-20T22:32:44.153676,,479
MAYO-1,verify,1024,64,2.0,1,1,0,MacBook-Pro-4.local,darwin,0,0.293,3413.1,Signature,True,2025-11-20T22:32:44.153993,,480
MAYO-2,sign,0,1,2.0,1,1,0,MacBook-Pro-4.local,darwin,0,0.2918,3426.52,Signature,True,2025-11-20T22:32:44.154316,,481
MAYO-2,sign,0,1,2.0,1,1,0,MacBook-Pro-4.local,darwin,0,0.1976,5060.32,Signature,True,2025-11-20T22:32:44.154542,,482
MAYO-2,sign,0,1,2.0,1,1,0,MacBook-Pro-4.local,darwin,0,0.1939,5157.67,Signature,True,2025-11-20T22:32:44.154760,,483
MAYO-2,sign,0,1,2.0,1,1,0,MacBook-Pro-4.local,darwin,0,0.1931,5179.58,Signature,True,2025-11-20T22:32:44.154977,,484
MAYO-2,sign,0,1,2.0,1,1,0,MacBook-Pro-4.local,darwin,0,0.1968,5080.47,Signature,True,2025-11-20T22:32:44.155198,,485
MAYO-2,sign,0,16,2.0,1,1,0,MacBook-Pro-4.local,darwin,0,0.1954,5118.68,Signature,True,2025-11-20T22:32:44.155417,,486
MAYO-2,sign,0,16,2.0,1,1,0,MacBook-Pro-4.local,darwin,0,0.2009,4978.49,Signature,True,2025-11-20T22:32:44.155642,,487
MAYO-2,sign,0,16,2.0,1,1,0,MacBook-Pro-4.local,darwin,0,0.2227,4491.21,Signature,True,2025-11-20T22:32:44.155888,,488
MAYO-2,sign,0,16,2.0,1,1,0,MacBook-Pro-4.local,darwin,0,0.1981,5047.09,Signature,True,2025-11-20T22:32:44.156110,,489
MAYO-2,sign,0,16,2.0,1,1,0,MacBook-Pro-4.local,darwin,0,0.1967,5084.48,Signature,True,2025-11-20T22:32:44.156330,,490
MAYO-2,sign,0,64,2.0,1,1,0,MacBook-Pro-4.local,darwin,0,0.1928,5187.8,Signature,True,2025-11-20T22:32:44.156547,,491
MAYO-2,sign,0,64,2.0,1,1,0,MacBook-Pro-4.local,darwin,0,0.1951,5125.92,Signature,True,2025-11-20T22:32:44.156765,,492
MAYO-2,sign,0,64,2.0,1,1,0,MacBook-Pro-4.local,darwin,0,0.195,5128.21,Signature,True,2025-11-20T22:32:44.156983,,493
MAYO-2,sign,0,64,2.0,1,1,0,MacBook-Pro-4.local,darwin,0,0.203,4926.25,Signature,True,2025-11-20T22:32:44.157209,,494
MAYO-2,sign,0,64,2.0,1,1,0,MacBook-Pro-4.local,darwin,0,0.2121,4715.8,Signature,True,2025-11-20T22:32:44.157458,,495
MAYO-2,sign,1024,1,2.0,1,1,0,MacBook-Pro-4.local,darwin,0,0.2336,4281.28,Signature,True,2025-11-20T22:32:44.157717,,496
MAYO-2,sign,1024,1,2.0,1,1,0,MacBook-Pro-4.local,darwin,0,0.2388,4187.75,Signature,True,2025-11-20T22:32:44.157980,,497
MAYO-2,sign,1024,1,2.0,1,1,0,MacBook-Pro-4.local,darwin,0,0.2117,4723.49,Signature,True,2025-11-20T22:32:44.158252,,498
MAYO-2,sign,1024,1,2.0,1,1,0,MacBook-Pro-4.local,darwin,0,0.2619,3818.67,Signature,True,2025-11-20T22:32:44.158542,,499
MAYO-2,sign,1024,1,2.0,1,1,0,MacBook-Pro-4.local,darwin,0,0.3721,2687.62,Signature,True,2025-11-20T22:32:44.158957,,500
MAYO-2,sign,1024,16,2.0,1,1,0,MacBook-Pro-4.local,darwin,0,0.3669,2725.52,Signature,True,2025-11-20T22:32:44.159381,,501
MAYO-2,sign,1024,16,2.0,1,1,0,MacBook-Pro-4.local,darwin,0,0.228,4386.87,Signature,True,2025-11-20T22:32:44.159656,,502
MAYO-2,sign,1024,16,2.0,1,1,0,MacBook-Pro-4.local,darwin,0,0.3454,2894.95,Signature,True,2025-11-20T22:32:44.160037,,503
MAYO-2,sign,1024,16,2.0,1,1,0,MacBook-Pro-4.local,darwin,0,0.2618,3819.29,Signature,True,2025-11-20T22:32:44.160338,,504
MAYO-2,sign,1024,16,2.0,1,1,0,MacBook-Pro-4.local,darwin,0,0.2477,4037.92,Signature,True,2025-11-20T22:32:44.160627,,505
MAYO-2,sign,1024,64,2.0,1,1,0,MacBook-Pro-4.local,darwin,0,0.2088,4789.59,Signature,True,2025-11-20T22:32:44.160865,,506
MAYO-2,sign,1024,64,2.0,1,1,0,MacBook-Pro-4.local,darwin,0,0.204,4902.42,Signature,True,2025-11-20T22:32:44.161094,,507
MAYO-2,sign,1024,64,2.0,1,1,0,MacBook-Pro-4.local,darwin,0,0.1992,5019.42,Signature,True,2025-11-20T22:32:44.161319,,508
MAYO-2,sign,1024,64,2.0,1,1,0,MacBook-Pro-4.local,darwin,0,0.1997,5008.06,Signature,True,2025-11-20T22:32:44.161543,,509
MAYO-2,sign,1024,64,2.0,1,1,0,MacBook-Pro-4.local,darwin,0,0.2602,3843.45,Signature,True,2025-11-20T22:32:44.161837,,510
MAYO-2,verify,0,1,2.0,1,1,0,MacBook-Pro-4.local,darwin,0,0.2234,4475.57,Signature,True,2025-11-20T22:32:44.162109,,511
MAYO-2,verify,0,1,2.0,1,1,0,MacBook-Pro-4.local,darwin,0,0.2037,4908.19,Signature,True,2025-11-20T22:32:44.162344,,512
MAYO-2,verify,0,1,2.0,1,1,0,MacBook-Pro-4.local,darwin,0,0.2015,4963.49,Signature,True,2025-11-20T22:32:44.162573,,513
MAYO-2,verify,0,1,2.0,1,1,0,MacBook-Pro-4.local,darwin,0,0.2016,4960.96,Signature,True,2025-11-20T22:32:44.162800,,514
MAYO-2,verify,0,1,2.0,1,1,0,MacBook-Pro-4.local,darwin,0,0.2024,4940.93,Signature,True,2025-11-20T22:32:44.163027,,515
MAYO-2,verify,0,16,2.0,1,1,0,MacBook-Pro-4.local,darwin,0,0.207,4832.06,Signature,True,2025-11-20T22:32:44.163259,,516
MAYO-2,verify,0,16,2.0,1,1,0,MacBook-Pro-4.local,darwin,0,0.1965,5090.12,Signature,True,2025-11-20T22:32:44.163480,,517
MAYO-2,verify,0,16,2.0,1,1,0,MacBook-Pro-4.local,darwin,0,0.1982,5044.65,Signature,True,2025-11-20T22:32:44.163703,,518
MAYO-2,verify,0,16,2.0,1,1,0,MacBook-Pro-4.local,darwin,0,0.1982,5046.35,Signature,True,2025-11-20T22:32:44.163925,,519
MAYO-2,verify,0,16,2.0,1,1,0,MacBook-Pro-4.local,darwin,0,0.1986,5036.08,Signature,True,2025-11-20T22:32:44.164147,,520
MAYO-2,verify,0,64,2.0,1,1,0,MacBook-Pro-4.local,darwin,0,0.2008,4980.55,Signature,True,2025-11-20T22:32:44.164373,,521
MAYO-2,verify,0,64,2.0,1,1,0,MacBook-Pro-4.local,darwin,0,0.1998,5004.3,Signature,True,2025-11-20T22:32:44.164596,,522
MAYO-2,verify,0,64,2.0,1,1,0,MacBook-Pro-4.local,darwin,0,0.1964,5090.98,Signature,True,2025-11-20T22:32:44.164817,,523
MAYO-2,verify,0,64,2.0,1,1,0,MacBook-Pro-4.local,darwin,0,0.1963,5094.09,Signature,True,2025-11-20T22:32:44.165036,,524
MAYO-2,verify,0,64,2.0,1,1,0,MacBook-Pro-4.local,darwin,0,0.1997,5007.56,Signature,True,2025-11-20T22:32:44.165261,,525
MAYO-2,verify,1024,1,2.0,1,1,0,MacBook-Pro-4.local,darwin,0,0.2101,4760.57,Signature,True,2025-11-20T22:32:44.165496,,526
MAYO-2,verify,1024,1,2.0,1,1,0,MacBook-Pro-4.local,darwin,0,0.2057,4862.39,Signature,True,2025-11-20T22:32:44.165726,,527
MAYO-2,verify,1024,1,2.0,1,1,0,MacBook-Pro-4.local,darwin,0,0.2205,4535.46,Signature,True,2025-11-20T22:32:44.166037,,528
MAYO-2,verify,1024,1,2.0,1,1,0,MacBook-Pro-4.local,darwin,0,0.2072,4825.14,Signature,True,2025-11-20T22:32:44.166270,,529
MAYO-2,verify,1024,1,2.0,1,1,0,MacBook-Pro-4.local,darwin,0,0.1994,5015.37,Signature,True,2025-11-20T22:32:44.166494,,530
MAYO-2,verify,1024,16,2.0,1,1,0,MacBook-Pro-4.local,darwin,0,0.206,4854.84,Signature,True,2025-11-20T22:32:44.166725,,531
MAYO-2,verify,1024,16,2.0,1,1,0,MacBook-Pro-4.local,darwin,0,0.3596,2780.63,Signature,True,2025-11-20T22:32:44.167125,,532
MAYO-2,verify,1024,16,2.0,1,1,0,MacBook-Pro-4.local,darwin,0,0.2206,4532.78,Signature,True,2025-11-20T22:32:44.167396,,533
MAYO-2,verify,1024,16,2.0,1,1,0,MacBook-Pro-4.local,darwin,0,0.2048,4882.26,Signature,True,2025-11-20T22:32:44.167630,,534
MAYO-2,verify,1024,16,2.0,1,1,0,MacBook-Pro-4.local,darwin,0,0.2003,4993.03,Signature,True,2025-11-20T22:32:44.167856,,535
MAYO-2,verify,1024,64,2.0,1,1,0,MacBook-Pro-4.local,darwin,0,0.205,4879.07,Signature,True,2025-11-20T22:32:44.168087,,536
MAYO-2,verify,1024,64,2.0,1,1,0,MacBook-Pro-4.local,darwin,0,0.2141,4670.8,Signature,True,2025-11-20T22:32:44.168328,,537
MAYO-2,verify,1024,64,2.0,1,1,0,MacBook-Pro-4.local,darwin,0,0.2388,4187.73,Signature,True,2025-11-20T22:32:44.168596,,538
MAYO-2,verify,1024,64,2.0,1,1,0,MacBook-Pro-4.local,darwin,0,0.3634,2752.15,Signature,True,2025-11-20T22:32:44.169028,,539
MAYO-2,verify,1024,64,2.0,1,1,0,MacBook-Pro-4.local,darwin,0,0.27,3703.79,Signature,True,2025-11-20T22:32:44.169361,,540
MAYO-3,sign,0,1,2.0,1,1,0,MacBook-Pro-4.local,darwin,0,1.096,912.37,Signature,True,2025-11-20T22:32:44.170524,,541
MAYO-3,sign,0,1,2.0,1,1,0,MacBook-Pro-4.local,darwin,0,0.7235,1382.26,Signature,True,2025-11-20T22:32:44.171282,,542
MAYO-3,sign,0,1,2.0,1,1,0,MacBook-Pro-4.local,darwin,0,0.7238,1381.68,Signature,True,2025-11-20T22:32:44.172036,,543
MAYO-3,sign,0,1,2.0,1,1,0,MacBook-Pro-4.local,darwin,0,0.7152,1398.22,Signature,True,2025-11-20T22:32:44.172778,,544
MAYO-3,sign,0,1,2.0,1,1,0,MacBook-Pro-4.local,darwin,0,0.7167,1395.23,Signature,True,2025-11-20T22:32:44.173520,,545
MAYO-3,sign,0,16,2.0,1,1,0,MacBook-Pro-4.local,darwin,0,0.7187,1391.44,Signature,True,2025-11-20T22:32:44.174265,,546
MAYO-3,sign,0,16,2.0,1,1,0,MacBook-Pro-4.local,darwin,0,0.7144,1399.82,Signature,True,2025-11-20T22:32:44.175005,,547
MAYO-3,sign,0,16,2.0,1,1,0,MacBook-Pro-4.local,darwin,0,0.731,1367.96,Signature,True,2025-11-20T22:32:44.175761,,548
MAYO-3,sign,0,16,2.0,1,1,0,MacBook-Pro-4.local,darwin,0,0.7488,1335.49,Signature,True,2025-11-20T22:32:44.176536,,549
MAYO-3,sign,0,16,2.0,1,1,0,MacBook-Pro-4.local,darwin,0,0.7195,1389.88,Signature,True,2025-11-20T22:32:44.177281,,550
MAYO-3,sign,0,64,2.0,1,1,0,MacBook-Pro-4.local,darwin,0,0.7182,1392.4,Signature,True,2025-11-20T22:32:44.178025,,551
MAYO-3,sign,0,64,2.0,1,1,0,MacBook-Pro-4.local,darwin,0,0.7305,1368.98,Signature,True,2025-11-20T22:32:44.178781,,552
MAYO-3,sign,0,64,2.0,1,1,0,MacBook-Pro-4.local,darwin,0,0.837,1194.72,Signature,True,2025-11-20T22:32:44.179649,,553
MAYO-3,sign,0,64,2.0,1,1,0,MacBook-Pro-4.local,darwin,0,0.9443,1058.99,Signature,True,2025-11-20T22:32:44.180647,,554
MAYO-3,sign,0,64,2.0,1,1,0,MacBook-Pro-4.local,darwin,0,0.9756,1025.0,Signature,True,2025-11-20T22:32:44.181671,,555
MAYO-3,sign,1024,1,2.0,1,1,0,MacBook-Pro-4.local,darwin,0,0.7948,1258.17,Signature,True,2025-11-20T22:32:44.182506,,556
MAYO-3,sign,1024,1,2.0,1,1,0,MacBook-Pro-4.local,darwin,0,0.9195,1087.56,Signature,True,2025-11-20T22:32:44.183483,,557
MAYO-3,sign,1024,1,2.0,1,1,0,MacBook-Pro-4.local,darwin,0,0.822,1216.51,Signature,True,2025-11-20T22:32:44.184349,,558
MAYO-3,sign,1024,1,2.0,1,1,0,MacBook-Pro-4.local,darwin,0,0.8601,1162.6,Signature,True,2025-11-20T22:32:44.185242,,559
MAYO-3,sign,1024,1,2.0,1,1,0,MacBook-Pro-4.local,darwin,0,0.7999,1250.15,Signature,True,2025-11-20T22:32:44.186081,,560
MAYO-3,sign,1024,16,2.0,1,1,0,MacBook-Pro-4.local,darwin,0,0.8306,1203.97,Signature,True,2025-11-20T22:32:44.186945,,561
MAYO-3,sign,1024,16,2.0,1,1,0,MacBook-Pro-4.local,darwin,0,0.7519,1329.9,Signature,True,2025-11-20T22:32:44.187740,,562
MAYO-3,sign,1024,16,2.0,1,1,0,MacBook-Pro-4.local,darwin,0,0.73,1369.92,Signature,True,2025-11-20T22:32:44.188499,,563
MAYO-3,sign,1024,16,2.0,1,1,0,MacBook-Pro-4.local,darwin,0,0.744,1344.12,Signature,True,2025-11-20T22:32:44.189270,,564
MAYO-3,sign,1024,16,2.0,1,1,0,MacBook-Pro-4.local,darwin,0,0.7309,1368.24,Signature,True,2025-11-20T22:32:44.190028,,565
MAYO-3,sign,1024,64,2.0,1,1,0,MacBook-Pro-4.local,darwin,0,0.7421,1347.57,Signature,True,2025-11-20T22:32:44.190797,,566
MAYO-3,sign,1024,64,2.0,1,1,0,MacBook-Pro-4.local,darwin,0,0.7367,1357.33,Signature,True,2025-11-20T22:32:44.191559,,567
MAYO-3,sign,1024,64,2.0,1,1,0,MacBook-Pro-4.local,darwin,0,0.7532,1327.66,Signature,True,2025-11-20T22:32:44.192338,,568
MAYO-3,sign,1024,64,2.0,1,1,0,MacBook-Pro-4.local,darwin,0,0.7484,1336.18,Signature,True,2025-11-20T22:32:44.193112,,569
MAYO-3,sign,1024,64,2.0,1,1,0,MacBook-Pro-4.local,darwin,0,0.7285,1372.73,Signature,True,2025-11-20T22:32:44.193866,,570
MAYO-3,verify,0,1,2.0,1,1,0,MacBook-Pro-4.local,darwin,0,0.7384,1354.25,Signature,True,2025-11-20T22:32:44.194634,,571
MAYO-3,verify,0,1,2.0,1,1,0,MacBook-Pro-4.local,darwin,0,0.7218,1385.37,Signature,True,2025-11-20T22:32:44.195381,,572
MAYO-3,verify,0,1,2.0,1,1,0,MacBook-Pro-4.local,darwin,0,0.7428,1346.3,Signature,True,2025-11-20T22:32:44.196149,,573
MAYO-3,verify,0,1,2.0,1,1,0,MacBook-Pro-4.local,darwin,0,0.722,1385.0,Signature,True,2025-11-20T22:32:44.196896,,574
MAYO-3,verify,0,1,2.0,1,1,0,MacBook-Pro-4.local,darwin,0,0.7195,1389.86,Signature,True,2025-11-20T22:32:44.197640,,575
MAYO-3,verify,0,16,2.0,1,1,0,MacBook-Pro-4.local,darwin,0,0.7262,1377.1,Signature,True,2025-11-20T22:32:44.198391,,576
MAYO-3,verify,0,16,2.0,1,1,0,MacBook-Pro-4.local,darwin,0,0.7449,1342.49,Signature,True,2025-11-20T22:32:44.199160,,577
MAYO-3,verify,0,16,2.0,1,1,0,MacBook-Pro-4.local,darwin,0,0.7939,1259.55,Signature,True,2025-11-20T22:32:44.199983,,578
MAYO-3,verify,0,16,2.0,1,1,0,MacBook-Pro-4.local,darwin,0,0.7948,1258.14,Signature,True,2025-11-20T22:32:44.200824,,579
MAYO-3,verify,0,16,2.0,1,1,0,MacBook-Pro-4.local,darwin,0,0.729,1371.79,Signature,True,2025-11-20T22:32:44.201589,,580
MAYO-3,verify,0,64,2.0,1,1,0,MacBook-Pro-4.local,darwin,0,0.7214,1386.23,Signature,True,2025-11-20T22:32:44.202339,,581
MAYO-3,verify,0,64,2.0,1,1,0,MacBook-Pro-4.local,darwin,0,0.7437,1344.59,Signature,True,2025-11-20T22:32:44.203110,,582
MAYO-3,verify,0,64,2.0,1,1,0,MacBook-Pro-4.local,darwin,0,0.7758,1288.92,Signature,True,2025-11-20T22:32:44.203914,,583
MAYO-3,verify,0,64,2.0,1,1,0,MacBook-Pro-4.local,darwin,0,0.8769,1140.33,Signature,True,2025-11-20T22:32:44.204825,,584
MAYO-3,verify,0,64,2.0,1,1,0,MacBook-Pro-4.local,darwin,0,1.1136,898.0,Signature,True,2025-11-20T22:32:44.205990,,585
MAYO-3,verify,1024,1,2.0,1,1,0,MacBook-Pro-4.local,darwin,0,0.757,1321.02,Signature,True,2025-11-20T22:32:44.206801,,586
MAYO-3,verify,1024,1,2.0,1,1,0,MacBook-Pro-4.local,darwin,0,0.7461,1340.22,Signature,True,2025-11-20T22:32:44.207578,,587
MAYO-3,verify,1024,1,2.0,1,1,0,MacBook-Pro-4.local,darwin,0,0.73,1369.78,Signature,True,2025-11-20T22:32:44.208335,,588
MAYO-3,verify,1024,1,2.0,1,1,0,MacBook-Pro-4.local,darwin,0,0.7445,1343.25,Signature,True,2025-11-20T22:32:44.209106,,589
MAYO-3,verify,1024,1,2.0,1,1,0,MacBook-Pro-4.local,darwin,0,0.7313,1367.5,Signature,True,2025-11-20T22:32:44.209863,,590
MAYO-3,verify,1024,16,2.0,1,1,0,MacBook-Pro-4.local,darwin,0,0.7244,1380.41,Signature,True,2025-11-20T22:32:44.210614,,591
MAYO-3,verify,1024,16,2.0,1,1,0,MacBook-Pro-4.local,darwin,0,0.753,1327.95,Signature,True,2025-11-20T22:32:44.211393,,592
MAYO-3,verify,1024,16,2.0,1,1,0,MacBook-Pro-4.local,darwin,0,0.776,1288.61,Signature,True,2025-11-20T22:32:44.212199,,593
MAYO-3,verify,1024,16,2.0,1,1,0,MacBook-Pro-4.local,darwin,0,0.7272,1375.12,Signature,True,2025-11-20T22:32:44.212951,,594
MAYO-3,verify,1024,16,2.0,1,1,0,MacBook-Pro-4.local,darwin,0,0.7319,1366.38,Signature,True,2025-11-20T22:32:44.213708,,595
MAYO-3,verify,1024,64,2.0,1,1,0,MacBook-Pro-4.local,darwin,0,0.7614,1313.38,Signature,True,2025-11-20T22:32:44.214563,,596
MAYO-3,verify,1024,64,2.0,1,1,0,MacBook-Pro-4.local,darwin,0,0.7295,1370.83,Signature,True,2025-11-20T22:32:44.215320,,597
MAYO-3,verify,1024,64,2.0,1,1,0,MacBook-Pro-4.local,darwin,0,0.738,1355.08,Signature,True,2025-11-20T22:32:44.216083,,598
MAYO-3,verify,1024,64,2.0,1,1,0,MacBook-Pro-4.local,darwin,0,0.8563,1167.8,Signature,True,2025-11-20T22:32:44.216972,,599
MAYO-3,verify,1024,64,2.0,1,1,0,MacBook-Pro-4.local,darwin,0,0.9355,1068.9,Signature,True,2025-11-20T22:32:44.217964,,600
MAYO-5,sign,0,1,2.0,1,1,0,MacBook-Pro-4.local,darwin,0,3.3727,296.5,Signature,True,2025-11-20T22:32:44.221473,,601
MAYO-5,sign,0,1,2.0,1,1,0,MacBook-Pro-4.local,darwin,0,1.7035,587.02,Signature,True,2025-11-20T22:32:44.223254,,602
MAYO-5,sign,0,1,2.0,1,1,0,MacBook-Pro-4.local,darwin,0,1.3484,741.63,Signature,True,2025-11-20T22:32:44.224643,,603
MAYO-5,sign,0,1,2.0,1,1,0,MacBook-Pro-4.local,darwin,0,1.4048,711.83,Signature,True,2025-11-20T22:32:44.226078,,604
MAYO-5,sign,0,1,2.0,1,1,0,MacBook-Pro-4.local,darwin,0,1.3531,739.04,Signature,True,2025-11-20T22:32:44.227458,,605
MAYO-5,sign,0,16,2.0,1,1,0,MacBook-Pro-4.local,darwin,0,1.339,746.84,Signature,True,2025-11-20T22:32:44.228825,,606
MAYO-5,sign,0,16,2.0,1,1,0,MacBook-Pro-4.local,darwin,0,1.3348,749.19,Signature,True,2025-11-20T22:32:44.230186,,607
MAYO-5,sign,0,16,2.0,1,1,0,MacBook-Pro-4.local,darwin,0,1.3427,744.75,Signature,True,2025-11-20T22:32:44.231554,,608
MAYO-5,sign,0,16,2.0,1,1,0,MacBook-Pro-4.local,darwin,0,1.3401,746.2,Signature,True,2025-11-20T22:32:44.232920,,609
MAYO-5,sign,0,16,2.0,1,1,0,MacBook-Pro-4.local,darwin,0,1.6778,596.01,Signature,True,2025-11-20T22:32:44.234635,,610
MAYO-5,sign,0,64,2.0,1,1,0,MacBook-Pro-4.local,darwin,0,2.1301,469.46,Signature,True,2025-11-20T22:32:44.236849,,611
MAYO-5,sign,0,64,2.0,1,1,0,MacBook-Pro-4.local,darwin,0,1.4726,679.09,Signature,True,2025-11-20T22:32:44.238394,,612
MAYO-5,sign,0,64,2.0,1,1,0,MacBook-Pro-4.local,darwin,0,1.7021,587.52,Signature,True,2025-11-20T22:32:44.240197,,613
MAYO-5,sign,0,64,2.0,1,1,0,MacBook-Pro-4.local,darwin,0,2.0605,485.32,Signature,True,2025-11-20T22:32:44.242390,,614
MAYO-5,sign,0,64,2.0,1,1,0,MacBook-Pro-4.local,darwin,0,1.4503,689.5,Signature,True,2025-11-20T22:32:44.243960,,615
MAYO-5,sign,1024,1,2.0,1,1,0,MacBook-Pro-4.local,darwin,0,1.3813,723.96,Signature,True,2025-11-20T22:32:44.245382,,616
MAYO-5,sign,1024,1,2.0,1,1,0,MacBook-Pro-4.local,darwin,0,1.374,727.78,Signature,True,2025-11-20T22:32:44.246786,,617
MAYO-5,sign,1024,1,2.0,1,1,0,MacBook-Pro-4.local,darwin,0,1.3616,734.42,Signature,True,2025-11-20T22:32:44.248174,,618
MAYO-5,sign,1024,1,2.0,1,1,0,MacBook-Pro-4.local,darwin,0,1.4035,712.49,Signature,True,2025-11-20T22:32:44.249639,,619
MAYO-5,sign,1024,1,2.0,1,1,0,MacBook-Pro-4.local,darwin,0,1.5044,664.74,Signature,True,2025-11-20T22:32:44.251215,,620
MAYO-5,sign,1024,16,2.0,1,1,0,MacBook-Pro-4.local,darwin,0,1.3817,723.74,Signature,True,2025-11-20T22:32:44.252637,,621
MAYO-5,sign,1024,16,2.0,1,1,0,MacBook-Pro-4.local,darwin,0,1.3685,730.75,Signature,True,2025-11-20T22:32:44.254033,,622
MAYO-5,sign,1024,16,2.0,1,1,0,MacBook-Pro-4.local,darwin,0,1.3449,743.56,Signature,True,2025-11-20T22:32:44.255404,,623
MAYO-5,sign,1024,16,2.0,1,1,0,MacBook-Pro-4.local,darwin,0,1.3458,743.06,Signature,True,2025-11-20T22:32:44.256775,,624
MAYO-5,sign,1024,16,2.0,1,1,0,MacBook-Pro-4.local,darwin,0,1.3844,722.35,Signature,True,2025-11-20T22:32:44.258185,,625
MAYO-5,sign,1024,64,2.0,1,1,0,MacBook-Pro-4.local,darwin,0,1.62,617.28,Signature,True,2025-11-20T22:32:44.259878,,626
MAYO-5,sign,1024,64,2.0,1,1,0,MacBook-Pro-4.local,darwin,0,1.6551,604.19,Signature,True,2025-11-20T22:32:44.261615,,627
MAYO-5,sign,1024,64,2.0,1,1,0,MacBook-Pro-4.local,darwin,0,1.4855,673.16,Signature,True,2025-11-20T22:32:44.263156,,628
MAYO-5,sign,1024,64,2.0,1,1,0,MacBook-Pro-4.local,darwin,0,1.3576,736.59,Signature,True,2025-11-20T22:32:44.264560,,629
MAYO-5,sign,1024,64,2.0,1,1,0,MacBook-Pro-4.local,darwin,0,1.3767,726.35,Signature,True,2025-11-20T22:32:44.265997,,630
MAYO-5,verify,0,1,2.0,1,1,0,MacBook-Pro-4.local,darwin,0,1.4579,685.91,Signature,True,2025-11-20T22:32:44.267539,,631
MAYO-5,verify,0,1,2.0,1,1,0,MacBook-Pro-4.local,darwin,0,1.3509,740.26,Signature,True,2025-11-20T22:32:44.268932,,632
MAYO-5,verify,0,1,2.0,1,1,0,MacBook-Pro-4.local,darwin,0,1.3485,741.58,Signature,True,2025-11-20T22:32:44.270314,,633
MAYO-5,verify,0,1,2.0,1,1,0,MacBook-Pro-4.local,darwin,0,1.3547,738.17,Signature,True,2025-11-20T22:32:44.271696,,634
MAYO-5,verify,0,1,2.0,1,1,0,MacBook-Pro-4.local,darwin,0,1.3455,743.21,Signature,True,2025-11-20T22:32:44.273080,,635
MAYO-5,verify,0,16,2.0,1,1,0,MacBook-Pro-4.local,darwin,0,1.3462,742.81,Signature,True,2025-11-20T22:32:44.274454,,636
MAYO-5,verify,0,16,2.0,1,1,0,MacBook-Pro-4.local,darwin,0,1.3432,744.5,Signature,True,2025-11-20T22:32:44.275823,,637
MAYO-5,verify,0,16,2.0,1,1,0,MacBook-Pro-4.local,darwin,0,1.3887,720.12,Signature,True,2025-11-20T22:32:44.277242,,638
MAYO-5,verify,0,16,2.0,1,1,0,MacBook-Pro-4.local,darwin,0,1.7785,562.27,Signature,True,2025-11-20T22:32:44.279066,,639
MAYO-5,verify,0,16,2.0,1,1,0,MacBook-Pro-4.local,darwin,0,1.5303,653.48,Signature,True,2025-11-20T22:32:44.280665,,640
MAYO-5,verify,0,64,2.0,1,1,0,MacBook-Pro-4.local,darwin,0,1.5968,626.26,Signature,True,2025-11-20T22:32:44.282359,,641
MAYO-5,verify,0,64,2.0,1,1,0,MacBook-Pro-4.local,darwin,0,1.6889,592.09,Signature,True,2025-11-20T22:32:44.284110,,642
MAYO-5,verify,0,64,2.0,1,1,0,MacBook-Pro-4.local,darwin,0,1.4053,711.57,Signature,True,2025-11-20T22:32:44.285568,,643
MAYO-5,verify,0,64,2.0,1,1,0,MacBook-Pro-4.local,darwin,0,1.3441,744.0,Signature,True,2025-11-20T22:32:44.286943,,644
MAYO-5,verify,0,64,2.0,1,1,0,MacBook-Pro-4.local,darwin,0,1.3414,745.51,Signature,True,2025-11-20T22:32:44.288312,,645
MAYO-5,verify,1024,1,2.0,1,1,0,MacBook-Pro-4.local,darwin,0,1.3547,738.18,Signature,True,2025-11-20T22:32:44.289696,,646
MAYO-5,verify,1024,1,2.0,1,1,0,MacBook-Pro-4.local,darwin,0,1.3439,744.11,Signature,True,2025-11-20T22:32:44.291066,,647
MAYO-5,verify,1024,1,2.0,1,1,0,MacBook-Pro-4.local,darwin,0,1.3458,743.07,Signature,True,2025-11-20T22:32:44.292437,,648
MAYO-5,verify,1024,1,2.0,1,1,0,MacBook-Pro-4.local,darwin,0,1.3564,737.25,Signature,True,2025-11-20T22:32:44.293820,,649
MAYO-5,verify,1024,1,2.0,1,1,0,MacBook-Pro-4.local,darwin,0,1.3473,742.23,Signature,True,2025-11-20T22:32:44.295192,,650
MAYO-5,verify,1024,16,2.0,1,1,0,MacBook-Pro-4.local,darwin,0,1.3517,739.79,Signature,True,2025-11-20T22:32:44.296570,,651
MAYO-5,verify,1024,16,2.0,1,1,0,MacBook-Pro-4.local,darwin,0,1.3604,735.1,Signature,True,2025-11-20T22:32:44.297955,,652
MAYO-5,verify,1024,16,2.0,1,1,0,MacBook-Pro-4.local,darwin,0,1.345,743.52,Signature,True,2025-11-20T22:32:44.299325,,653
MAYO-5,verify,1024,16,2.0,1,1,0,MacBook-Pro-4.local,darwin,0,1.9929,501.77,Signature,True,2025-11-20T22:32:44.301356,,654
MAYO-5,verify,1024,16,2.0,1,1,0,MacBook-Pro-4.local,darwin,0,1.8799,531.93,Signature,True,2025-11-20T22:32:44.303360,,655
MAYO-5,verify,1024,64,2.0,1,1,0,MacBook-Pro-4.local,darwin,0,1.4245,702.0,Signature,True,2025-11-20T22:32:44.304854,,656
MAYO-5,verify,1024,64,2.0,1,1,0,MacBook-Pro-4.local,darwin,0,1.3608,734.87,Signature,True,2025-11-20T22:32:44.306255,,657
MAYO-5,verify,1024,64,2.0,1,1,0,MacBook-Pro-4.local,darwin,0,1.3419,745.19,Signature,True,2025-11-20T22:32:44.307626,,658
MAYO-5,verify,1024,64,2.0,1,1,0,MacBook-Pro-4.local,darwin,0,1.3402,746.17,Signature,True,2025-11-20T22:32:44.308992,,659
MAYO-5,verify,1024,64,2.0,1,1,0,MacBook-Pro-4.local,darwin,0,1.3803,724.48,Signature,True,2025-11-20T22:32:44.310399,,660
ML-DSA-44,sign,0,1,2.0,1,1,0,MacBook-Pro-4.local,darwin,0,0.3174,3150.95,Signature,True,2025-11-20T22:32:44.310751,,661
ML-DSA-44,sign,0,1,2.0,1,1,0,MacBook-Pro-4.local,darwin,0,0.1306,7655.27,Signature,True,2025-11-20T22:32:44.310912,,662
ML-DSA-44,sign,0,1,2.0,1,1,0,MacBook-Pro-4.local,darwin,0,0.1593,6277.11,Signature,True,2025-11-20T22:32:44.311121,,663
ML-DSA-44,sign,0,1,2.0,1,1,0,MacBook-Pro-4.local,darwin,0,0.1944,5144.27,Signature,True,2025-11-20T22:32:44.311340,,664
ML-DSA-44,sign,0,1,2.0,1,1,0,MacBook-Pro-4.local,darwin,0,0.1778,5625.63,Signature,True,2025-11-20T22:32:44.311591,,665
ML-DSA-44,sign,0,16,2.0,1,1,0,MacBook-Pro-4.local,darwin,0,0.1228,8146.04,Signature,True,2025-11-20T22:32:44.311741,,666
ML-DSA-44,sign,0,16,2.0,1,1,0,MacBook-Pro-4.local,darwin,0,0.1359,7356.67,Signature,True,2025-11-20T22:32:44.311904,,667
ML-DSA-44,sign,0,16,2.0,1,1,0,MacBook-Pro-4.local,darwin,0,0.142,7042.8,Signature,True,2025-11-20T22:32:44.312070,,668
ML-DSA-44,sign,0,16,2.0,1,1,0,MacBook-Pro-4.local,darwin,0,0.1854,5392.87,Signature,True,2025-11-20T22:32:44.312281,,669
ML-DSA-44,sign,0,16,2.0,1,1,0,MacBook-Pro-4.local,darwin,0,0.1351,7400.45,Signature,True,2025-11-20T22:32:44.312441,,670
ML-DSA-44,sign,0,64,2.0,1,1,0,MacBook-Pro-4.local,darwin,0,0.1355,7377.95,Signature,True,2025-11-20T22:32:44.312603,,671
ML-DSA-44,sign,0,64,2.0,1,1,0,MacBook-Pro-4.local,darwin,0,0.1772,5644.49,Signature,True,2025-11-20T22:32:44.312804,,672
ML-DSA-44,sign,0,64,2.0,1,1,0,MacBook-Pro-4.local,darwin,0,0.2819,3546.73,Signature,True,2025-11-20T22:32:44.313111,,673
ML-DSA-44,sign,0,64,2.0,1,1,0,MacBook-Pro-4.local,darwin,0,0.1631,6129.63,Signature,True,2025-11-20T22:32:44.313301,,674
ML-DSA-44,sign,0,64,2.0,1,1,0,MacBook-Pro-4.local,darwin,0,0.1693,5906.81,Signature,True,2025-11-20T22:32:44.313500,,675
ML-DSA-44,sign,1024,1,2.0,1,1,0,MacBook-Pro-4.local,darwin,0,0.3956,2527.52,Signature,True,2025-11-20T22:32:44.314052,,676
ML-DSA-44,sign,1024,1,2.0,1,1,0,MacBook-Pro-4.local,darwin,0,0.2229,4485.73,Signature,True,2025-11-20T22:32:44.314360,,677
ML-DSA-44,sign,1024,1,2.0,1,1,0,MacBook-Pro-4.local,darwin,0,0.225,4444.25,Signature,True,2025-11-20T22:32:44.314627,,678
ML-DSA-44,sign,1024,1,2.0,1,1,0,MacBook-Pro-4.local,darwin,0,0.1789,5590.47,Signature,True,2025-11-20T22:32:44.314835,,679
ML-DSA-44,sign,1024,1,2.0,1,1,0,MacBook-Pro-4.local,darwin,0,0.1947,5135.61,Signature,True,2025-11-20T22:32:44.315060,,680
ML-DSA-44,sign,1024,16,2.0,1,1,0,MacBook-Pro-4.local,darwin,0,0.1402,7134.35,Signature,True,2025-11-20T22:32:44.315236,,681
ML-DSA-44,sign,1024,16,2.0,1,1,0,MacBook-Pro-4.local,darwin,0,0.2153,4644.75,Signature,True,2025-11-20T22:32:44.315476,,682
ML-DSA-44,sign,1024,16,2.0,1,1,0,MacBook-Pro-4.local,darwin,0,0.227,4404.47,Signature,True,2025-11-20T22:32:44.315737,,683
ML-DSA-44,sign,1024,16,2.0,1,1,0,MacBook-Pro-4.local,darwin,0,0.1971,5073.41,Signature,True,2025-11-20T22:32:44.315963,,684
ML-DSA-44,sign,1024,16,2.0,1,1,0,MacBook-Pro-4.local,darwin,0,0.2026,4936.98,Signature,True,2025-11-20T22:32:44.316189,,685
ML-DSA-44,sign,1024,64,2.0,1,1,0,MacBook-Pro-4.local,darwin,0,0.1969,5078.82,Signature,True,2025-11-20T22:32:44.316415,,686
ML-DSA-44,sign,1024,64,2.0,1,1,0,MacBook-Pro-4.local,darwin,0,0.1394,7174.22,Signature,True,2025-11-20T22:32:44.316578,,687
ML-DSA-44,sign,1024,64,2.0,1,1,0,MacBook-Pro-4.local,darwin,0,0.2487,4021.04,Signature,True,2025-11-20T22:32:44.316864,,688
ML-DSA-44,sign,1024,64,2.0,1,1,0,MacBook-Pro-4.local,darwin,0,0.2064,4845.45,Signature,True,2025-11-20T22:32:44.317138,,689
ML-DSA-44,sign,1024,64,2.0,1,1,0,MacBook-Pro-4.local,darwin,0,0.2017,4956.78,Signature,True,2025-11-20T22:32:44.317410,,690
ML-DSA-44,verify,0,1,2.0,1,1,0,MacBook-Pro-4.local,darwin,0,0.2002,4995.13,Signature,True,2025-11-20T22:32:44.317690,,691
ML-DSA-44,verify,0,1,2.0,1,1,0,MacBook-Pro-4.local,darwin,0,0.2133,4688.28,Signature,True,2025-11-20T22:32:44.317932,,692
ML-DSA-44,verify,0,1,2.0,1,1,0,MacBook-Pro-4.local,darwin,0,0.2135,4683.27,Signature,True,2025-11-20T22:32:44.318175,,693
ML-DSA-44,verify,0,1,2.0,1,1,0,MacBook-Pro-4.local,darwin,0,0.2738,3652.54,Signature,True,2025-11-20T22:32:44.318495,,694
ML-DSA-44,verify,0,1,2.0,1,1,0,MacBook-Pro-4.local,darwin,0,0.2519,3970.52,Signature,True,2025-11-20T22:32:44.318790,,695
ML-DSA-44,verify,0,16,2.0,1,1,0,MacBook-Pro-4.local,darwin,0,0.1329,7526.21,Signature,True,2025-11-20T22:32:44.318992,,696
ML-DSA-44,verify,0,16,2.0,1,1,0,MacBook-Pro-4.local,darwin,0,0.3209,3116.12,Signature,True,2025-11-20T22:32:44.319402,,697
ML-DSA-44,verify,0,16,2.0,1,1,0,MacBook-Pro-4.local,darwin,0,0.1886,5302.11,Signature,True,2025-11-20T22:32:44.319643,,698
ML-DSA-44,verify,0,16,2.0,1,1,0,MacBook-Pro-4.local,darwin,0,0.3036,3293.97,Signature,True,2025-11-20T22:32:44.319979,,699
ML-DSA-44,verify,0,16,2.0,1,1,0,MacBook-Pro-4.local,darwin,0,0.2008,4979.31,Signature,True,2025-11-20T22:32:44.320206,,700
ML-DSA-44,verify,0,64,2.0,1,1,0,MacBook-Pro-4.local,darwin,0,0.1681,5948.45,Signature,True,2025-11-20T22:32:44.320402,,701
ML-DSA-44,verify,0,64,2.0,1,1,0,MacBook-Pro-4.local,darwin,0,0.2251,4442.75,Signature,True,2025-11-20T22:32:44.320657,,702
ML-DSA-44,verify,0,64,2.0,1,1,0,MacBook-Pro-4.local,darwin,0,0.206,4854.56,Signature,True,2025-11-20T22:32:44.320920,,703
ML-DSA-44,verify,0,64,2.0,1,1,0,MacBook-Pro-4.local,darwin,0,0.2579,3877.61,Signature,True,2025-11-20T22:32:44.321242,,704
ML-DSA-44,verify,0,64,2.0,1,1,0,MacBook-Pro-4.local,darwin,0,0.1292,7737.0,Signature,True,2025-11-20T22:32:44.321404,,705
ML-DSA-44,verify,1024,1,2.0,1,1,0,MacBook-Pro-4.local,darwin,0,0.2278,4390.34,Signature,True,2025-11-20T22:32:44.321659,,706
ML-DSA-44,verify,1024,1,2.0,1,1,0,MacBook-Pro-4.local,darwin,0,0.154,6493.04,Signature,True,2025-11-20T22:32:44.321838,,707
ML-DSA-44,verify,1024,1,2.0,1,1,0,MacBook-Pro-4.local,darwin,0,0.167,5987.13,Signature,True,2025-11-20T22:32:44.322030,,708
ML-DSA-44,verify,1024,1,2.0,1,1,0,MacBook-Pro-4.local,darwin,0,0.1307,7649.18,Signature,True,2025-11-20T22:32:44.322184,,709
ML-DSA-44,verify,1024,1,2.0,1,1,0,MacBook-Pro-4.local,darwin,0,0.2665,3751.77,Signature,True,2025-11-20T22:32:44.322475,,710
ML-DSA-44,verify,1024,16,2.0,1,1,0,MacBook-Pro-4.local,darwin,0,0.1813,5515.57,Signature,True,2025-11-20T22:32:44.322708,,711
ML-DSA-44,verify,1024,16,2.0,1,1,0,MacBook-Pro-4.local,darwin,0,0.196,5102.9,Signature,True,2025-11-20T22:32:44.322945,,712
ML-DSA-44,verify,1024,16,2.0,1,1,0,MacBook-Pro-4.local,darwin,0,0.2667,3749.38,Signature,True,2025-11-20T22:32:44.323241,,713
ML-DSA-44,verify,1024,16,2.0,1,1,0,MacBook-Pro-4.local,darwin,0,0.191,5236.37,Signature,True,2025-11-20T22:32:44.323457,,714
ML-DSA-44,verify,1024,16,2.0,1,1,0,MacBook-Pro-4.local,darwin,0,0.2012,4971.39,Signature,True,2025-11-20T22:32:44.323683,,715
ML-DSA-44,verify,1024,64,2.0,1,1,0,MacBook-Pro-4.local,darwin,0,0.1535,6516.31,Signature,True,2025-11-20T22:32:44.323864,,716
ML-DSA-44,verify,1024,64,2.0,1,1,0,MacBook-Pro-4.local,darwin,0,0.2626,3808.13,Signature,True,2025-11-20T22:32:44.324156,,717
ML-DSA-44,verify,1024,64,2.0,1,1,0,MacBook-Pro-4.local,darwin,0,0.1812,5518.52,Signature,True,2025-11-20T22:32:44.324379,,718
ML-DSA-44,verify,1024,64,2.0,1,1,0,MacBook-Pro-4.local,darwin,0,0.1981,5046.71,Signature,True,2025-11-20T22:32:44.324606,,719
ML-DSA-44,verify,1024,64,2.0,1,1,0,MacBook-Pro-4.local,darwin,0,0.3141,3183.85,Signature,True,2025-11-20T22:32:44.324946,,720
ML-DSA-65,sign,0,1,2.0,1,1,0,MacBook-Pro-4.local,darwin,0,0.4328,2310.71,Signature,True,2025-11-20T22:32:44.325429,,721
ML-DSA-65,sign,0,1,2.0,1,1,0,MacBook-Pro-4.local,darwin,0,0.521,1919.3,Signature,True,2025-11-20T22:32:44.325980,,722
ML-DSA-65,sign,0,1,2.0,1,1,0,MacBook-Pro-4.local,darwin,0,0.2142,4669.08,Signature,True,2025-11-20T22:32:44.326220,,723
ML-DSA-65,sign,0,1,2.0,1,1,0,MacBook-Pro-4.local,darwin,0,0.2337,4279.01,Signature,True,2025-11-20T22:32:44.326478,,724
ML-DSA-65,sign,0,1,2.0,1,1,0,MacBook-Pro-4.local,darwin,0,0.2313,4324.23,Signature,True,2025-11-20T22:32:44.326734,,725
ML-DSA-65,sign,0,16,2.0,1,1,0,MacBook-Pro-4.local,darwin,0,0.2137,4678.76,Signature,True,2025-11-20T22:32:44.326973,,726
ML-DSA-65,sign,0,16,2.0,1,1,0,MacBook-Pro-4.local,darwin,0,0.3667,2727.26,Signature,True,2025-11-20T22:32:44.327364,,727
ML-DSA-65,sign,0,16,2.0,1,1,0,MacBook-Pro-4.local,darwin,0,0.2,5001.23,Signature,True,2025-11-20T22:32:44.327588,,728
ML-DSA-65,sign,0,16,2.0,1,1,0,MacBook-Pro-4.local,darwin,0,0.3074,3253.4,Signature,True,2025-11-20T22:32:44.327920,,729
ML-DSA-65,sign,0,16,2.0,1,1,0,MacBook-Pro-4.local,darwin,0,0.2155,4639.7,Signature,True,2025-11-20T22:32:44.328161,,730
ML-DSA-65,sign,0,64,2.0,1,1,0,MacBook-Pro-4.local,darwin,0,0.2205,4535.91,Signature,True,2025-11-20T22:32:44.328406,,731
ML-DSA-65,sign,0,64,2.0,1,1,0,MacBook-Pro-4.local,darwin,0,0.2375,4210.7,Signature,True,2025-11-20T22:32:44.328716,,732
ML-DSA-65,sign,0,64,2.0,1,1,0,MacBook-Pro-4.local,darwin,0,0.4247,2354.35,Signature,True,2025-11-20T22:32:44.329166,,733
ML-DSA-65,sign,0,64,2.0,1,1,0,MacBook-Pro-4.local,darwin,0,0.2479,4033.93,Signature,True,2025-11-20T22:32:44.329439,,734
ML-DSA-65,sign,0,64,2.0,1,1,0,MacBook-Pro-4.local,darwin,0,0.1898,5268.7,Signature,True,2025-11-20T22:32:44.329653,,735
ML-DSA-65,sign,1024,1,2.0,1,1,0,MacBook-Pro-4.local,darwin,0,0.2496,4006.7,Signature,True,2025-11-20T22:32:44.329927,,736
ML-DSA-65,sign,1024,1,2.0,1,1,0,MacBook-Pro-4.local,darwin,0,0.1955,5115.98,Signature,True,2025-11-20T22:32:44.330147,,737
ML-DSA-65,sign,1024,1,2.0,1,1,0,MacBook-Pro-4.local,darwin,0,0.3249,3077.9,Signature,True,2025-11-20T22:32:44.330496,,738
ML-DSA-65,sign,1024,1,2.0,1,1,0,MacBook-Pro-4.local,darwin,0,0.2176,4594.93,Signature,True,2025-11-20T22:32:44.330738,,739
ML-DSA-65,sign,1024,1,2.0,1,1,0,MacBook-Pro-4.local,darwin,0,0.2567,3895.58,Signature,True,2025-11-20T22:32:44.331019,,740
ML-DSA-65,sign,1024,16,2.0,1,1,0,MacBook-Pro-4.local,darwin,0,0.2072,4827.33,Signature,True,2025-11-20T22:32:44.331252,,741
ML-DSA-65,sign,1024,16,2.0,1,1,0,MacBook-Pro-4.local,darwin,0,0.2504,3994.01,Signature,True,2025-11-20T22:32:44.331527,,742
ML-DSA-65,sign,1024,16,2.0,1,1,0,MacBook-Pro-4.local,darwin,0,0.2213,4518.24,Signature,True,2025-11-20T22:32:44.331772,,743
ML-DSA-65,sign,1024,16,2.0,1,1,0,MacBook-Pro-4.local,darwin,0,0.2593,3856.43,Signature,True,2025-11-20T22:32:44.332056,,744
ML-DSA-65,sign,1024,16,2.0,1,1,0,MacBook-Pro-4.local,darwin,0,0.298,3355.33,Signature,True,2025-11-20T22:32:44.332378,,745
ML-DSA-65,sign,1024,64,2.0,1,1,0,MacBook-Pro-4.local,darwin,0,0.208,4807.23,Signature,True,2025-11-20T22:32:44.332610,,746
ML-DSA-65,sign,1024,64,2.0,1,1,0,MacBook-Pro-4.local,darwin,0,0.3117,3208.32,Signature,True,2025-11-20T22:32:44.332946,,747
ML-DSA-65,sign,1024,64,2.0,1,1,0,MacBook-Pro-4.local,darwin,0,0.1957,5109.55,Signature,True,2025-11-20T22:32:44.333166,,748
ML-DSA-65,sign,1024,64,2.0,1,1,0,MacBook-Pro-4.local,darwin,0,0.36,2777.8,Signature,True,2025-11-20T22:32:44.333551,,749
ML-DSA-65,sign,1024,64,2.0,1,1,0,MacBook-Pro-4.local,darwin,0,0.3633,2752.5,Signature,True,2025-11-20T22:32:44.333951,,750
ML-DSA-65,verify,0,1,2.0,1,1,0,MacBook-Pro-4.local,darwin,0,0.2476,4038.05,Signature,True,2025-11-20T22:32:44.334237,,751
ML-DSA-65,verify,0,1,2.0,1,1,0,MacBook-Pro-4.local,darwin,0,0.1844,5422.41,Signature,True,2025-11-20T22:32:44.334447,,752
ML-DSA-65,verify,0,1,2.0,1,1,0,MacBook-Pro-4.local,darwin,0,0.2129,4695.98,Signature,True,2025-11-20T22:32:44.334685,,753
ML-DSA-65,verify,0,1,2.0,1,1,0,MacBook-Pro-4.local,darwin,0,0.2792,3581.06,Signature,True,2025-11-20T22:32:44.334989,,754
ML-DSA-65,verify,0,1,2.0,1,1,0,MacBook-Pro-4.local,darwin,0,0.2134,4686.89,Signature,True,2025-11-20T22:32:44.335234,,755
ML-DSA-65,verify,0,16,2.0,1,1,0,MacBook-Pro-4.local,darwin,0,0.1825,5480.23,Signature,True,2025-11-20T22:32:44.335443,,756
ML-DSA-65,verify,0,16,2.0,1,1,0,MacBook-Pro-4.local,darwin,0,0.4006,2496.57,Signature,True,2025-11-20T22:32:44.335868,,757
ML-DSA-65,verify,0,16,2.0,1,1,0,MacBook-Pro-4.local,darwin,0,0.1856,5387.23,Signature,True,2025-11-20T22:32:44.336080,,758
ML-DSA-65,verify,0,16,2.0,1,1,0,MacBook-Pro-4.local,darwin,0,0.2095,4773.25,Signature,True,2025-11-20T22:32:44.336314,,759
ML-DSA-65,verify,0,16,2.0,1,1,0,MacBook-Pro-4.local,darwin,0,0.2979,3356.78,Signature,True,2025-11-20T22:32:44.336637,,760
ML-DSA-65,verify,0,64,2.0,1,1,0,MacBook-Pro-4.local,darwin,0,0.3841,2603.64,Signature,True,2025-11-20T22:32:44.337048,,761
ML-DSA-65,verify,0,64,2.0,1,1,0,MacBook-Pro-4.local,darwin,0,0.2132,4689.57,Signature,True,2025-11-20T22:32:44.337286,,762
ML-DSA-65,verify,0,64,2.0,1,1,0,MacBook-Pro-4.local,darwin,0,0.1962,5096.01,Signature,True,2025-11-20T22:32:44.337507,,763
ML-DSA-65,verify,0,64,2.0,1,1,0,MacBook-Pro-4.local,darwin,0,0.1967,5083.24,Signature,True,2025-11-20T22:32:44.337728,,764
ML-DSA-65,verify,0,64,2.0,1,1,0,MacBook-Pro-4.local,darwin,0,0.1967,5085.07,Signature,True,2025-11-20T22:32:44.337949,,765
ML-DSA-65,verify,1024,1,2.0,1,1,0,MacBook-Pro-4.local,darwin,0,0.2045,4889.57,Signature,True,2025-11-20T22:32:44.338179,,766
ML-DSA-65,verify,1024,1,2.0,1,1,0,MacBook-Pro-4.local,darwin,0,0.1882,5312.76,Signature,True,2025-11-20T22:32:44.338392,,767
ML-DSA-65,verify,1024,1,2.0,1,1,0,MacBook-Pro-4.local,darwin,0,0.2379,4204.24,Signature,True,2025-11-20T22:32:44.338655,,768
ML-DSA-65,verify,1024,1,2.0,1,1,0,MacBook-Pro-4.local,darwin,0,0.3865,2587.01,Signature,True,2025-11-20T22:32:44.339066,,769
ML-DSA-65,verify,1024,1,2.0,1,1,0,MacBook-Pro-4.local,darwin,0,0.3221,3104.17,Signature,True,2025-11-20T22:32:44.339414,,770
ML-DSA-65,verify,1024,16,2.0,1,1,0,MacBook-Pro-4.local,darwin,0,0.202,4951.21,Signature,True,2025-11-20T22:32:44.339641,,771
ML-DSA-65,verify,1024,16,2.0,1,1,0,MacBook-Pro-4.local,darwin,0,0.3338,2996.06,Signature,True,2025-11-20T22:32:44.339999,,772
ML-DSA-65,verify,1024,16,2.0,1,1,0,MacBook-Pro-4.local,darwin,0,0.2538,3940.48,Signature,True,2025-11-20T22:32:44.340280,,773
ML-DSA-65,verify,1024,16,2.0,1,1,0,MacBook-Pro-4.local,darwin,0,0.2173,4602.67,Signature,True,2025-11-20T22:32:44.340522,,774
ML-DSA-65,verify,1024,16,2.0,1,1,0,MacBook-Pro-4.local,darwin,0,0.2017,4957.91,Signature,True,2025-11-20T22:32:44.340748,,775
ML-DSA-65,verify,1024,64,2.0,1,1,0,MacBook-Pro-4.local,darwin,0,0.3303,3027.35,Signature,True,2025-11-20T22:32:44.341103,,776
ML-DSA-65,verify,1024,64,2.0,1,1,0,MacBook-Pro-4.local,darwin,0,0.2207,4530.32,Signature,True,2025-11-20T22:32:44.341350,,777
ML-DSA-65,verify,1024,64,2.0,1,1,0,MacBook-Pro-4.local,darwin,0,0.2802,3569.19,Signature,True,2025-11-20T22:32:44.341656,,778
ML-DSA-65,verify,1024,64,2.0,1,1,0,MacBook-Pro-4.local,darwin,0,0.3192,3132.48,Signature,True,2025-11-20T22:32:44.342001,,779
ML-DSA-65,verify,1024,64,2.0,1,1,0,MacBook-Pro-4.local,darwin,0,0.288,3471.7,Signature,True,2025-11-20T22:32:44.342315,,780
ML-DSA-87,sign,0,1,2.0,1,1,0,MacBook-Pro-4.local,darwin,0,0.4444,2250.05,Signature,True,2025-11-20T22:32:44.342790,,781
ML-DSA-87,sign,0,1,2.0,1,1,0,MacBook-Pro-4.local,darwin,0,0.2797,3574.7,Signature,True,2025-11-20T22:32:44.343099,,782
ML-DSA-87,sign,0,1,2.0,1,1,0,MacBook-Pro-4.local,darwin,0,0.2947,3393.73,Signature,True,2025-11-20T22:32:44.343420,,783
ML-DSA-87,sign,0,1,2.0,1,1,0,MacBook-Pro-4.local,darwin,0,0.5117,1954.2,Signature,True,2025-11-20T22:32:44.343957,,784
ML-DSA-87,sign,0,1,2.0,1,1,0,MacBook-Pro-4.local,darwin,0,0.3177,3148.09,Signature,True,2025-11-20T22:32:44.344306,,785
ML-DSA-87,sign,0,16,2.0,1,1,0,MacBook-Pro-4.local,darwin,0,0.4142,2414.4,Signature,True,2025-11-20T22:32:44.344763,,786
ML-DSA-87,sign,0,16,2.0,1,1,0,MacBook-Pro-4.local,darwin,0,0.2819,3547.04,Signature,True,2025-11-20T22:32:44.345074,,787
ML-DSA-87,sign,0,16,2.0,1,1,0,MacBook-Pro-4.local,darwin,0,0.2773,3605.79,Signature,True,2025-11-20T22:32:44.345378,,788
ML-DSA-87,sign,0,16,2.0,1,1,0,MacBook-Pro-4.local,darwin,0,0.2792,3582.08,Signature,True,2025-11-20T22:32:44.345683,,789
ML-DSA-87,sign,0,16,2.0,1,1,0,MacBook-Pro-4.local,darwin,0,0.3361,2975.62,Signature,True,2025-11-20T22:32:44.346045,,790
ML-DSA-87,sign,0,64,2.0,1,1,0,MacBook-Pro-4.local,darwin,0,0.4002,2498.93,Signature,True,2025-11-20T22:32:44.346471,,791
ML-DSA-87,sign,0,64,2.0,1,1,0,MacBook-Pro-4.local,darwin,0,0.3765,2655.75,Signature,True,2025-11-20T22:32:44.346872,,792
ML-DSA-87,sign,0,64,2.0,1,1,0,MacBook-Pro-4.local,darwin,0,0.2951,3388.73,Signature,True,2025-11-20T22:32:44.347193,,793
ML-DSA-87,sign,0,64,2.0,1,1,0,MacBook-Pro-4.local,darwin,0,0.4547,2199.21,Signature,True,2025-11-20T22:32:44.347673,,794
ML-DSA-87,sign,0,64,2.0,1,1,0,MacBook-Pro-4.local,darwin,0,0.3518,2842.3,Signature,True,2025-11-20T22:32:44.348051,,795
ML-DSA-87,sign,1024,1,2.0,1,1,0,MacBook-Pro-4.local,darwin,0,0.3142,3182.32,Signature,True,2025-11-20T22:32:44.348394,,796
ML-DSA-87,sign,1024,1,2.0,1,1,0,MacBook-Pro-4.local,darwin,0,0.2853,3504.7,Signature,True,2025-11-20T22:32:44.348706,,797
ML-DSA-87,sign,1024,1,2.0,1,1,0,MacBook-Pro-4.local,darwin,0,0.3109,3216.17,Signature,True,2025-11-20T22:32:44.349046,,798
ML-DSA-87,sign,1024,1,2.0,1,1,0,MacBook-Pro-4.local,darwin,0,0.612,1633.97,Signature,True,2025-11-20T22:32:44.349877,,799
ML-DSA-87,sign,1024,1,2.0,1,1,0,MacBook-Pro-4.local,darwin,0,0.3718,2689.78,Signature,True,2025-11-20T22:32:44.350328,,800
ML-DSA-87,sign,1024,16,2.0,1,1,0,MacBook-Pro-4.local,darwin,0,0.2874,3478.89,Signature,True,2025-11-20T22:32:44.350650,,801
ML-DSA-87,sign,1024,16,2.0,1,1,0,MacBook-Pro-4.local,darwin,0,0.4194,2384.58,Signature,True,2025-11-20T22:32:44.351096,,802
ML-DSA-87,sign,1024,16,2.0,1,1,0,MacBook-Pro-4.local,darwin,0,0.3012,3319.67,Signature,True,2025-11-20T22:32:44.351423,,803
ML-DSA-87,sign,1024,16,2.0,1,1,0,MacBook-Pro-4.local,darwin,0,0.3667,2726.76,Signature,True,2025-11-20T22:32:44.351815,,804
ML-DSA-87,sign,1024,16,2.0,1,1,0,MacBook-Pro-4.local,darwin,0,0.2826,3539.15,Signature,True,2025-11-20T22:32:44.352124,,805
ML-DSA-87,sign,1024,64,2.0,1,1,0,MacBook-Pro-4.local,darwin,0,0.412,2427.19,Signature,True,2025-11-20T22:32:44.352561,,806
ML-DSA-87,sign,1024,64,2.0,1,1,0,MacBook-Pro-4.local,darwin,0,0.2869,3485.05,Signature,True,2025-11-20T22:32:44.352874,,807
ML-DSA-87,sign,1024,64,2.0,1,1,0,MacBook-Pro-4.local,darwin,0,0.4046,2471.65,Signature,True,2025-11-20T22:32:44.353307,,808
ML-DSA-87,sign,1024,64,2.0,1,1,0,MacBook-Pro-4.local,darwin,0,0.3444,2903.57,Signature,True,2025-11-20T22:32:44.353677,,809
ML-DSA-87,sign,1024,64,2.0,1,1,0,MacBook-Pro-4.local,darwin,0,0.3006,3326.68,Signature,True,2025-11-20T22:32:44.354002,,810
ML-DSA-87,verify,0,1,2.0,1,1,0,MacBook-Pro-4.local,darwin,0,0.2938,3403.64,Signature,True,2025-11-20T22:32:44.354326,,811
ML-DSA-87,verify,0,1,2.0,1,1,0,MacBook-Pro-4.local,darwin,0,0.2724,3670.44,Signature,True,2025-11-20T22:32:44.354625,,812
ML-DSA-87,verify,0,1,2.0,1,1,0,MacBook-Pro-4.local,darwin,0,0.2706,3694.95,Signature,True,2025-11-20T22:32:44.354921,,813
ML-DSA-87,verify,0,1,2.0,1,1,0,MacBook-Pro-4.local,darwin,0,0.3328,3004.44,Signature,True,2025-11-20T22:32:44.355279,,814
ML-DSA-87,verify,0,1,2.0,1,1,0,MacBook-Pro-4.local,darwin,0,0.3085,3241.52,Signature,True,2025-11-20T22:32:44.355615,,815
ML-DSA-87,verify,0,16,2.0,1,1,0,MacBook-Pro-4.local,darwin,0,0.5137,1946.74,Signature,True,2025-11-20T22:32:44.356157,,816
ML-DSA-87,verify,0,16,2.0,1,1,0,MacBook-Pro-4.local,darwin,0,0.3414,2929.54,Signature,True,2025-11-20T22:32:44.356525,,817
ML-DSA-87,verify,0,16,2.0,1,1,0,MacBook-Pro-4.local,darwin,0,0.6179,1618.46,Signature,True,2025-11-20T22:32:44.357172,,818
ML-DSA-87,verify,0,16,2.0,1,1,0,MacBook-Pro-4.local,darwin,0,0.6234,1604.14,Signature,True,2025-11-20T22:32:44.357839,,819
ML-DSA-87,verify,0,16,2.0,1,1,0,MacBook-Pro-4.local,darwin,0,0.3471,2881.34,Signature,True,2025-11-20T22:32:44.358255,,820
ML-DSA-87,verify,0,64,2.0,1,1,0,MacBook-Pro-4.local,darwin,0,0.4099,2439.48,Signature,True,2025-11-20T22:32:44.358704,,821
ML-DSA-87,verify,0,64,2.0,1,1,0,MacBook-Pro-4.local,darwin,0,0.4749,2105.49,Signature,True,2025-11-20T22:32:44.359251,,822
ML-DSA-87,verify,0,64,2.0,1,1,0,MacBook-Pro-4.local,darwin,0,0.3431,2914.94,Signature,True,2025-11-20T22:32:44.359636,,823
ML-DSA-87,verify,0,64,2.0,1,1,0,MacBook-Pro-4.local,darwin,0,0.3362,2974.17,Signature,True,2025-11-20T22:32:44.360003,,824
ML-DSA-87,verify,0,64,2.0,1,1,0,MacBook-Pro-4.local,darwin,0,0.2877,3475.71,Signature,True,2025-11-20T22:32:44.360319,,825
ML-DSA-87,verify,1024,1,2.0,1,1,0,MacBook-Pro-4.local,darwin,0,0.3367,2970.11,Signature,True,2025-11-20T22:32:44.360706,,826
ML-DSA-87,verify,1024,1,2.0,1,1,0,MacBook-Pro-4.local,darwin,0,0.3168,3156.42,Signature,True,2025-11-20T22:32:44.361049,,827
ML-DSA-87,verify,1024,1,2.0,1,1,0,MacBook-Pro-4.local,darwin,0,0.2963,3375.13,Signature,True,2025-11-20T22:32:44.361380,,828
ML-DSA-87,verify,1024,1,2.0,1,1,0,MacBook-Pro-4.local,darwin,0,0.3404,2937.34,Signature,True,2025-11-20T22:32:44.361754,,829
ML-DSA-87,verify,1024,1,2.0,1,1,0,MacBook-Pro-4.local,darwin,0,0.2832,3531.34,Signature,True,2025-11-20T22:32:44.362062,,830
ML-DSA-87,verify,1024,16,2.0,1,1,0,MacBook-Pro-4.local,darwin,0,0.3222,3103.6,Signature,True,2025-11-20T22:32:44.362411,,831
ML-DSA-87,verify,1024,16,2.0,1,1,0,MacBook-Pro-4.local,darwin,0,0.2766,3614.95,Signature,True,2025-11-20T22:32:44.362714,,832
ML-DSA-87,verify,1024,16,2.0,1,1,0,MacBook-Pro-4.local,darwin,0,0.3355,2980.57,Signature,True,2025-11-20T22:32:44.363075,,833
ML-DSA-87,verify,1024,16,2.0,1,1,0,MacBook-Pro-4.local,darwin,0,0.3021,3310.43,Signature,True,2025-11-20T22:32:44.363404,,834
ML-DSA-87,verify,1024,16,2.0,1,1,0,MacBook-Pro-4.local,darwin,0,0.3987,2508.0,Signature,True,2025-11-20T22:32:44.363834,,835
ML-DSA-87,verify,1024,64,2.0,1,1,0,MacBook-Pro-4.local,darwin,0,0.4343,2302.79,Signature,True,2025-11-20T22:32:44.364297,,836
ML-DSA-87,verify,1024,64,2.0,1,1,0,MacBook-Pro-4.local,darwin,0,0.2799,3572.84,Signature,True,2025-11-20T22:32:44.364603,,837
ML-DSA-87,verify,1024,64,2.0,1,1,0,MacBook-Pro-4.local,darwin,0,0.3318,3013.84,Signature,True,2025-11-20T22:32:44.364961,,838
ML-DSA-87,verify,1024,64,2.0,1,1,0,MacBook-Pro-4.local,darwin,0,0.389,2570.72,Signature,True,2025-11-20T22:32:44.365377,,839
ML-DSA-87,verify,1024,64,2.0,1,1,0,MacBook-Pro-4.local,darwin,0,0.3196,3129.01,Signature,True,2025-11-20T22:32:44.365724,,840
OV-III,sign,0,1,2.0,1,1,0,MacBook-Pro-4.local,darwin,0,7.5449,132.54,Signature,True,2025-11-20T22:32:44.373317,,841
OV-III,sign,0,1,2.0,1,1,0,MacBook-Pro-4.local,darwin,0,4.8945,204.31,Signature,True,2025-11-20T22:32:44.378302,,842
OV-III,sign,0,1,2.0,1,1,0,MacBook-Pro-4.local,darwin,0,5.5434,180.39,Signature,True,2025-11-20T22:32:44.383959,,843
OV-III,sign,0,1,2.0,1,1,0,MacBook-Pro-4.local,darwin,0,5.0979,196.16,Signature,True,2025-11-20T22:32:44.389138,,844
OV-III,sign,0,1,2.0,1,1,0,MacBook-Pro-4.local,darwin,0,4.532,220.65,Signature,True,2025-11-20T22:32:44.393745,,845
OV-III,sign,0,16,2.0,1,1,0,MacBook-Pro-4.local,darwin,0,4.4013,227.21,Signature,True,2025-11-20T22:32:44.398202,,846
OV-III,sign,0,16,2.0,1,1,0,MacBook-Pro-4.local,darwin,0,5.4883,182.21,Signature,True,2025-11-20T22:32:44.403745,,847
OV-III,sign,0,16,2.0,1,1,0,MacBook-Pro-4.local,darwin,0,4.5427,220.13,Signature,True,2025-11-20T22:32:44.408362,,848
OV-III,sign,0,16,2.0,1,1,0,MacBook-Pro-4.local,darwin,0,4.5334,220.59,Signature,True,2025-11-20T22:32:44.412952,,849
OV-III,sign,0,16,2.0,1,1,0,MacBook-Pro-4.local,darwin,0,4.5557,219.5,Signature,True,2025-11-20T22:32:44.417561,,850
OV-III,sign,0,64,2.0,1,1,0,MacBook-Pro-4.local,darwin,0,5.5033,181.71,Signature,True,2025-11-20T22:32:44.423143,,851
OV-III,sign,0,64,2.0,1,1,0,MacBook-Pro-4.local,darwin,0,4.6865,213.38,Signature,True,2025-11-20T22:32:44.427931,,852
OV-III,sign,0,64,2.0,1,1,0,MacBook-Pro-4.local,darwin,0,4.4948,222.48,Signature,True,2025-11-20T22:32:44.432489,,853
OV-III,sign,0,64,2.0,1,1,0,MacBook-Pro-4.local,darwin,0,4.6159,216.64,Signature,True,2025-11-20T22:32:44.437158,,854
OV-III,sign,0,64,2.0,1,1,0,MacBook-Pro-4.local,darwin,0,5.3684,186.28,Signature,True,2025-11-20T22:32:44.442604,,855
OV-III,sign,1024,1,2.0,1,1,0,MacBook-Pro-4.local,darwin,0,4.4572,224.36,Signature,True,2025-11-20T22:32:44.447139,,856
OV-III,sign,1024,1,2.0,1,1,0,MacBook-Pro-4.local,darwin,0,4.7921,208.68,Signature,True,2025-11-20T22:32:44.451987,,857
OV-III,sign,1024,1,2.0,1,1,0,MacBook-Pro-4.local,darwin,0,4.449,224.77,Signature,True,2025-11-20T22:32:44.456502,,858
OV-III,sign,1024,1,2.0,1,1,0,MacBook-Pro-4.local,darwin,0,5.2648,189.94,Signature,True,2025-11-20T22:32:44.461823,,859
OV-III,sign,1024,1,2.0,1,1,0,MacBook-Pro-4.local,darwin,0,4.6566,214.75,Signature,True,2025-11-20T22:32:44.466642,,860
OV-III,sign,1024,16,2.0,1,1,0,MacBook-Pro-4.local,darwin,0,5.595,178.73,Signature,True,2025-11-20T22:32:44.472389,,861
OV-III,sign,1024,16,2.0,1,1,0,MacBook-Pro-4.local,darwin,0,5.7467,174.01,Signature,True,2025-11-20T22:32:44.478223,,862
OV-III,sign,1024,16,2.0,1,1,0,MacBook-Pro-4.local,darwin,0,6.3979,156.3,Signature,True,2025-11-20T22:32:44.484707,,863
OV-III,sign,1024,16,2.0,1,1,0,MacBook-Pro-4.local,darwin,0,5.6299,177.62,Signature,True,2025-11-20T22:32:44.490422,,864
OV-III,sign,1024,16,2.0,1,1,0,MacBook-Pro-4.local,darwin,0,5.3816,185.82,Signature,True,2025-11-20T22:32:44.495876,,865
OV-III,sign,1024,64,2.0,1,1,0,MacBook-Pro-4.local,darwin,0,5.0167,199.34,Signature,True,2025-11-20T22:32:44.501017,,866
OV-III,sign,1024,64,2.0,1,1,0,MacBook-Pro-4.local,darwin,0,4.652,214.96,Signature,True,2025-11-20T22:32:44.505744,,867
OV-III,sign,1024,64,2.0,1,1,0,MacBook-Pro-4.local,darwin,0,4.4531,224.56,Signature,True,2025-11-20T22:32:44.510250,,868
OV-III,sign,1024,64,2.0,1,1,0,MacBook-Pro-4.local,darwin,0,4.407,226.91,Signature,True,2025-11-20T22:32:44.514706,,869
OV-III,sign,1024,64,2.0,1,1,0,MacBook-Pro-4.local,darwin,0,4.5119,221.64,Signature,True,2025-11-20T22:32:44.519263,,870
OV-III,verify,0,1,2.0,1,1,0,MacBook-Pro-4.local,darwin,0,4.4254,225.97,Signature,True,2025-11-20T22:32:44.523743,,871
OV-III,verify,0,1,2.0,1,1,0,MacBook-Pro-4.local,darwin,0,4.3923,227.67,Signature,True,2025-11-20T22:32:44.528180,,872
OV-III,verify,0,1,2.0,1,1,0,MacBook-Pro-4.local,darwin,0,5.4464,183.61,Signature,True,2025-11-20T22:32:44.533679,,873
OV-III,verify,0,1,2.0,1,1,0,MacBook-Pro-4.local,darwin,0,5.7014,175.4,Signature,True,2025-11-20T22:32:44.539461,,874
OV-III,verify,0,1,2.0,1,1,0,MacBook-Pro-4.local,darwin,0,5.5759,179.34,Signature,True,2025-11-20T22:32:44.545119,,875
OV-III,verify,0,16,2.0,1,1,0,MacBook-Pro-4.local,darwin,0,5.8572,170.73,Signature,True,2025-11-20T22:32:44.551100,,876
OV-III,verify,0,16,2.0,1,1,0,MacBook-Pro-4.local,darwin,0,5.1869,192.79,Signature,True,2025-11-20T22:32:44.556465,,877
OV-III,verify,0,16,2.0,1,1,0,MacBook-Pro-4.local,darwin,0,5.7545,173.78,Signature,True,2025-11-20T22:32:44.562370,,878
OV-III,verify,0,16,2.0,1,1,0,MacBook-Pro-4.local,darwin,0,5.5596,179.87,Signature,True,2025-11-20T22:32:44.568014,,879
OV-III,verify,0,16,2.0,1,1,0,MacBook-Pro-4.local,darwin,0,5.1485,194.23,Signature,True,2025-11-20T22:32:44.573276,,880
OV-III,verify,0,64,2.0,1,1,0,MacBook-Pro-4.local,darwin,0,5.8646,170.52,Signature,True,2025-11-20T22:32:44.579258,,881
OV-III,verify,0,64,2.0,1,1,0,MacBook-Pro-4.local,darwin,0,5.3361,187.4,Signature,True,2025-11-20T22:32:44.584674,,882
OV-III,verify,0,64,2.0,1,1,0,MacBook-Pro-4.local,darwin,0,5.2895,189.05,Signature,True,2025-11-20T22:32:44.590048,,883
OV-III,verify,0,64,2.0,1,1,0,MacBook-Pro-4.local,darwin,0,4.8278,207.13,Signature,True,2025-11-20T22:32:44.594990,,884
OV-III,verify,0,64,2.0,1,1,0,MacBook-Pro-4.local,darwin,0,6.0009,166.64,Signature,True,2025-11-20T22:32:44.601097,,885
OV-III,verify,1024,1,2.0,1,1,0,MacBook-Pro-4.local,darwin,0,6.9048,144.83,Signature,True,2025-11-20T22:32:44.608095,,886
OV-III,verify,1024,1,2.0,1,1,0,MacBook-Pro-4.local,darwin,0,6.463,154.73,Signature,True,2025-11-20T22:32:44.614664,,887
OV-III,verify,1024,1,2.0,1,1,0,MacBook-Pro-4.local,darwin,0,4.7782,209.29,Signature,True,2025-11-20T22:32:44.619521,,888
OV-III,verify,1024,1,2.0,1,1,0,MacBook-Pro-4.local,darwin,0,5.514,181.35,Signature,True,2025-11-20T22:32:44.625141,,889
OV-III,verify,1024,1,2.0,1,1,0,MacBook-Pro-4.local,darwin,0,5.7466,174.02,Signature,True,2025-11-20T22:32:44.630971,,890
OV-III,verify,1024,16,2.0,1,1,0,MacBook-Pro-4.local,darwin,0,4.7561,210.26,Signature,True,2025-11-20T22:32:44.635811,,891
OV-III,verify,1024,16,2.0,1,1,0,MacBook-Pro-4.local,darwin,0,5.0343,198.64,Signature,True,2025-11-20T22:32:44.640925,,892
OV-III,verify,1024,16,2.0,1,1,0,MacBook-Pro-4.local,darwin,0,5.397,185.29,Signature,True,2025-11-20T22:32:44.646404,,893
OV-III,verify,1024,16,2.0,1,1,0,MacBook-Pro-4.local,darwin,0,4.9384,202.49,Signature,True,2025-11-20T22:32:44.651456,,894
OV-III,verify,1024,16,2.0,1,1,0,MacBook-Pro-4.local,darwin,0,5.267,189.86,Signature,True,2025-11-20T22:32:44.656807,,895
OV-III,verify,1024,64,2.0,1,1,0,MacBook-Pro-4.local,darwin,0,5.7565,173.72,Signature,True,2025-11-20T22:32:44.662649,,896
OV-III,verify,1024,64,2.0,1,1,0,MacBook-Pro-4.local,darwin,0,4.8089,207.95,Signature,True,2025-11-20T22:32:44.667540,,897
OV-III,verify,1024,64,2.0,1,1,0,MacBook-Pro-4.local,darwin,0,5.0262,198.96,Signature,True,2025-11-20T22:32:44.672648,,898
OV-III,verify,1024,64,2.0,1,1,0,MacBook-Pro-4.local,darwin,0,5.3136,188.2,Signature,True,2025-11-20T22:32:44.678045,,899
OV-III,verify,1024,64,2.0,1,1,0,MacBook-Pro-4.local,darwin,0,4.5078,221.84,Signature,True,2025-11-20T22:32:44.682629,,900
OV-III-pkc,sign,0,1,2.0,1,1,0,MacBook-Pro-4.local,darwin,0,6.3128,158.41,Signature,True,2025-11-20T22:32:44.689007,,901
OV-III-pkc,sign,0,1,2.0,1,1,0,MacBook-Pro-4.local,darwin,0,5.2726,189.66,Signature,True,2025-11-20T22:32:44.694367,,902
OV-III-pkc,sign,0,1,2.0,1,1,0,MacBook-Pro-4.local,darwin,0,5.4832,182.38,Signature,True,2025-11-20T22:32:44.699937,,903
OV-III-pkc,sign,0,1,2.0,1,1,0,MacBook-Pro-4.local,darwin,0,4.4776,223.33,Signature,True,2025-11-20T22:32:44.704489,,904
OV-III-pkc,sign,0,1,2.0,1,1,0,MacBook-Pro-4.local,darwin,0,5.3745,186.06,Signature,True,2025-11-20T22:32:44.709922,,905
OV-III-pkc,sign,0,16,2.0,1,1,0,MacBook-Pro-4.local,darwin,0,4.6712,214.08,Signature,True,2025-11-20T22:32:44.714676,,906
OV-III-pkc,sign,0,16,2.0,1,1,0,MacBook-Pro-4.local,darwin,0,4.6328,215.85,Signature,True,2025-11-20T22:32:44.719468,,907
OV-III-pkc,sign,0,16,2.0,1,1,0,MacBook-Pro-4.local,darwin,0,4.5706,218.79,Signature,True,2025-11-20T22:32:44.724116,,908
OV-III-pkc,sign,0,16,2.0,1,1,0,MacBook-Pro-4.local,darwin,0,5.4593,183.17,Signature,True,2025-11-20T22:32:44.729665,,909
OV-III-pkc,sign,0,16,2.0,1,1,0,MacBook-Pro-4.local,darwin,0,4.612,216.83,Signature,True,2025-11-20T22:32:44.734362,,910
OV-III-pkc,sign,0,64,2.0,1,1,0,MacBook-Pro-4.local,darwin,0,4.6043,217.19,Signature,True,2025-11-20T22:32:44.739041,,911
OV-III-pkc,sign,0,64,2.0,1,1,0,MacBook-Pro-4.local,darwin,0,4.4754,223.44,Signature,True,2025-11-20T22:32:44.743574,,912
OV-III-pkc,sign,0,64,2.0,1,1,0,MacBook-Pro-4.local,darwin,0,5.2586,190.17,Signature,True,2025-11-20T22:32:44.748893,,913
OV-III-pkc,sign,0,64,2.0,1,1,0,MacBook-Pro-4.local,darwin,0,4.5509,219.74,Signature,True,2025-11-20T22:32:44.753521,,914
OV-III-pkc,sign,0,64,2.0,1,1,0,MacBook-Pro-4.local,darwin,0,4.6142,216.72,Signature,True,2025-11-20T22:32:44.758201,,915
OV-III-pkc,sign,1024,1,2.0,1,1,0,MacBook-Pro-4.local,darwin,0,5.4075,184.93,Signature,True,2025-11-20T22:32:44.763715,,916
OV-III-pkc,sign,1024,1,2.0,1,1,0,MacBook-Pro-4.local,darwin,0,5.7938,172.6,Signature,True,2025-11-20T22:32:44.769638,,917
OV-III-pkc,sign,1024,1,2.0,1,1,0,MacBook-Pro-4.local,darwin,0,4.472,223.61,Signature,True,2025-11-20T22:32:44.774184,,918
OV-III-pkc,sign,1024,1,2.0,1,1,0,MacBook-Pro-4.local,darwin,0,4.4818,223.12,Signature,True,2025-11-20T22:32:44.778717,,919
OV-III-pkc,sign,1024,1,2.0,1,1,0,MacBook-Pro-4.local,darwin,0,4.655,214.82,Signature,True,2025-11-20T22:32:44.783481,,920
OV-III-pkc,sign,1024,16,2.0,1,1,0,MacBook-Pro-4.local,darwin,0,5.3564,186.69,Signature,True,2025-11-20T22:32:44.788946,,921
OV-III-pkc,sign,1024,16,2.0,1,1,0,MacBook-Pro-4.local,darwin,0,4.4002,227.26,Signature,True,2025-11-20T22:32:44.793421,,922
OV-III-pkc,sign,1024,16,2.0,1,1,0,MacBook-Pro-4.local,darwin,0,4.4342,225.52,Signature,True,2025-11-20T22:32:44.797900,,923
OV-III-pkc,sign,1024,16,2.0,1,1,0,MacBook-Pro-4.local,darwin,0,4.8935,204.35,Signature,True,2025-11-20T22:32:44.802847,,924
OV-III-pkc,sign,1024,16,2.0,1,1,0,MacBook-Pro-4.local,darwin,0,5.4682,182.88,Signature,True,2025-11-20T22:32:44.808413,,925
OV-III-pkc,sign,1024,64,2.0,1,1,0,MacBook-Pro-4.local,darwin,0,4.3956,227.5,Signature,True,2025-11-20T22:32:44.812885,,926
OV-III-pkc,sign,1024,64,2.0,1,1,0,MacBook-Pro-4.local,darwin,0,4.6396,215.54,Signature,True,2025-11-20T22:32:44.817578,,927
OV-III-pkc,sign,1024,64,2.0,1,1,0,MacBook-Pro-4.local,darwin,0,4.4642,224.01,Signature,True,2025-11-20T22:32:44.822115,,928
OV-III-pkc,sign,1024,64,2.0,1,1,0,MacBook-Pro-4.local,darwin,0,4.3912,227.73,Signature,True,2025-11-20T22:32:44.826556,,929
OV-III-pkc,sign,1024,64,2.0,1,1,0,MacBook-Pro-4.local,darwin,0,4.4181,226.34,Signature,True,2025-11-20T22:32:44.831018,,930
OV-III-pkc,verify,0,1,2.0,1,1,0,MacBook-Pro-4.local,darwin,0,4.4825,223.09,Signature,True,2025-11-20T22:32:44.835561,,931
OV-III-pkc,verify,0,1,2.0,1,1,0,MacBook-Pro-4.local,darwin,0,5.3519,186.85,Signature,True,2025-11-20T22:32:44.841013,,932
OV-III-pkc,verify,0,1,2.0,1,1,0,MacBook-Pro-4.local,darwin,0,5.2654,189.92,Signature,True,2025-11-20T22:32:44.846360,,933
OV-III-pkc,verify,0,1,2.0,1,1,0,MacBook-Pro-4.local,darwin,0,5.1261,195.08,Signature,True,2025-11-20T22:32:44.851614,,934
OV-III-pkc,verify,0,1,2.0,1,1,0,MacBook-Pro-4.local,darwin,0,5.0087,199.65,Signature,True,2025-11-20T22:32:44.856712,,935
OV-III-pkc,verify,0,16,2.0,1,1,0,MacBook-Pro-4.local,darwin,0,4.3712,228.77,Signature,True,2025-11-20T22:32:44.861159,,936
OV-III-pkc,verify,0,16,2.0,1,1,0,MacBook-Pro-4.local,darwin,0,5.4311,184.12,Signature,True,2025-11-20T22:32:44.866646,,937
OV-III-pkc,verify,0,16,2.0,1,1,0,MacBook-Pro-4.local,darwin,0,4.8631,205.63,Signature,True,2025-11-20T22:32:44.871619,,938
OV-III-pkc,verify,0,16,2.0,1,1,0,MacBook-Pro-4.local,darwin,0,4.528,220.85,Signature,True,2025-11-20T22:32:44.876218,,939
OV-III-pkc,verify,0,16,2.0,1,1,0,MacBook-Pro-4.local,darwin,0,5.238,190.91,Signature,True,2025-11-20T22:32:44.881527,,940
OV-III-pkc,verify,0,64,2.0,1,1,0,MacBook-Pro-4.local,darwin,0,5.3817,185.81,Signature,True,2025-11-20T22:32:44.886992,,941
OV-III-pkc,verify,0,64,2.0,1,1,0,MacBook-Pro-4.local,darwin,0,4.6865,213.38,Signature,True,2025-11-20T22:32:44.891755,,942
OV-III-pkc,verify,0,64,2.0,1,1,0,MacBook-Pro-4.local,darwin,0,4.4391,225.27,Signature,True,2025-11-20T22:32:44.896261,,943
OV-III-pkc,verify,0,64,2.0,1,1,0,MacBook-Pro-4.local,darwin,0,4.4549,224.47,Signature,True,2025-11-20T22:32:44.900763,,944
OV-III-pkc,verify,0,64,2.0,1,1,0,MacBook-Pro-4.local,darwin,0,4.9085,203.73,Signature,True,2025-11-20T22:32:44.905739,,945
OV-III-pkc,verify,1024,1,2.0,1,1,0,MacBook-Pro-4.local,darwin,0,4.5094,221.76,Signature,True,2025-11-20T22:32:44.910332,,946
OV-III-pkc,verify,1024,1,2.0,1,1,0,MacBook-Pro-4.local,darwin,0,5.3005,188.66,Signature,True,2025-11-20T22:32:44.915698,,947
OV-III-pkc,verify,1024,1,2.0,1,1,0,MacBook-Pro-4.local,darwin,0,4.8322,206.94,Signature,True,2025-11-20T22:32:44.920612,,948
OV-III-pkc,verify,1024,1,2.0,1,1,0,MacBook-Pro-4.local,darwin,0,5.5468,180.28,Signature,True,2025-11-20T22:32:44.926236,,949
OV-III-pkc,verify,1024,1,2.0,1,1,0,MacBook-Pro-4.local,darwin,0,5.1933,192.56,Signature,True,2025-11-20T22:32:44.931512,,950
OV-III-pkc,verify,1024,16,2.0,1,1,0,MacBook-Pro-4.local,darwin,0,5.0958,196.24,Signature,True,2025-11-20T22:32:44.936700,,951
OV-III-pkc,verify,1024,16,2.0,1,1,0,MacBook-Pro-4.local,darwin,0,4.6111,216.87,Signature,True,2025-11-20T22:32:44.941494,,952
OV-III-pkc,verify,1024,16,2.0,1,1,0,MacBook-Pro-4.local,darwin,0,5.0441,198.25,Signature,True,2025-11-20T22:32:44.946617,,953
OV-III-pkc,verify,1024,16,2.0,1,1,0,MacBook-Pro-4.local,darwin,0,5.5905,178.87,Signature,True,2025-11-20T22:32:44.952324,,954
OV-III-pkc,verify,1024,16,2.0,1,1,0,MacBook-Pro-4.local,darwin,0,4.9812,200.76,Signature,True,2025-11-20T22:32:44.957421,,955
OV-III-pkc,verify,1024,64,2.0,1,1,0,MacBook-Pro-4.local,darwin,0,5.7105,175.12,Signature,True,2025-11-20T22:32:44.963241,,956
OV-III-pkc,verify,1024,64,2.0,1,1,0,MacBook-Pro-4.local,darwin,0,5.148,194.25,Signature,True,2025-11-20T22:32:44.968497,,957
OV-III-pkc,verify,1024,64,2.0,1,1,0,MacBook-Pro-4.local,darwin,0,4.6094,216.95,Signature,True,2025-11-20T22:32:44.973341,,958
OV-III-pkc,verify,1024,64,2.0,1,1,0,MacBook-Pro-4.local,darwin,0,5.294,188.89,Signature,True,2025-11-20T22:32:44.978712,,959
OV-III-pkc,verify,1024,64,2.0,1,1,0,MacBook-Pro-4.local,darwin,0,4.8903,204.49,Signature,True,2025-11-20T22:32:44.983722,,960
OV-III-pkc-skc,sign,0,1,2.0,1,1,0,MacBook-Pro-4.local,darwin,0,8.8721,112.71,Signature,True,2025-11-20T22:32:44.992721,,961
OV-III-pkc-skc,sign,0,1,2.0,1,1,0,MacBook-Pro-4.local,darwin,0,7.9517,125.76,Signature,True,2025-11-20T22:32:45.000794,,962
OV-III-pkc-skc,sign,0,1,2.0,1,1,0,MacBook-Pro-4.local,darwin,0,7.1578,139.71,Signature,True,2025-11-20T22:32:45.008089,,963
OV-III-pkc-skc,sign,0,1,2.0,1,1,0,MacBook-Pro-4.local,darwin,0,7.6048,131.5,Signature,True,2025-11-20T22:32:45.015849,,964
OV-III-pkc-skc,sign,0,1,2.0,1,1,0,MacBook-Pro-4.local,darwin,0,8.6522,115.58,Signature,True,2025-11-20T22:32:45.024607,,965
OV-III-pkc-skc,sign,0,16,2.0,1,1,0,MacBook-Pro-4.local,darwin,0,8.9718,111.46,Signature,True,2025-11-20T22:32:45.033663,,966
OV-III-pkc-skc,sign,0,16,2.0,1,1,0,MacBook-Pro-4.local,darwin,0,7.7659,128.77,Signature,True,2025-11-20T22:32:45.041511,,967
OV-III-pkc-skc,sign,0,16,2.0,1,1,0,MacBook-Pro-4.local,darwin,0,8.3232,120.15,Signature,True,2025-11-20T22:32:45.049922,,968
OV-III-pkc-skc,sign,0,16,2.0,1,1,0,MacBook-Pro-4.local,darwin,0,7.6026,131.53,Signature,True,2025-11-20T22:32:45.057605,,969
OV-III-pkc-skc,sign,0,16,2.0,1,1,0,MacBook-Pro-4.local,darwin,0,7.779,128.55,Signature,True,2025-11-20T22:32:45.065467,,970
OV-III-pkc-skc,sign,0,64,2.0,1,1,0,MacBook-Pro-4.local,darwin,0,8.2618,121.04,Signature,True,2025-11-20T22:32:45.073819,,971
OV-III-pkc-skc,sign,0,64,2.0,1,1,0,MacBook-Pro-4.local,darwin,0,8.8041,113.58,Signature,True,2025-11-20T22:32:45.082707,,972
OV-III-pkc-skc,sign,0,64,2.0,1,1,0,MacBook-Pro-4.local,darwin,0,8.0052,124.92,Signature,True,2025-11-20T22:32:45.090791,,973
OV-III-pkc-skc,sign,0,64,2.0,1,1,0,MacBook-Pro-4.local,darwin,0,7.9398,125.95,Signature,True,2025-11-20T22:32:45.098813,,974
OV-III-pkc-skc,sign,0,64,2.0,1,1,0,MacBook-Pro-4.local,darwin,0,8.4147,118.84,Signature,True,2025-11-20T22:32:45.107307,,975
OV-III-pkc-skc,sign,1024,1,2.0,1,1,0,MacBook-Pro-4.local,darwin,0,8.5968,116.32,Signature,True,2025-11-20T22:32:45.115986,,976
OV-III-pkc-skc,sign,1024,1,2.0,1,1,0,MacBook-Pro-4.local,darwin,0,7.7,129.87,Signature,True,2025-11-20T22:32:45.123767,,977
OV-III-pkc-skc,sign,1024,1,2.0,1,1,0,MacBook-Pro-4.local,darwin,0,8.1262,123.06,Signature,True,2025-11-20T22:32:45.131973,,978
OV-III-pkc-skc,sign,1024,1,2.0,1,1,0,MacBook-Pro-4.local,darwin,0,7.3496,136.06,Signature,True,2025-11-20T22:32:45.139403,,979
OV-III-pkc-skc,sign,1024,1,2.0,1,1,0,MacBook-Pro-4.local,darwin,0,7.2075,138.74,Signature,True,2025-11-20T22:32:45.146687,,980
OV-III-pkc-skc,sign,1024,16,2.0,1,1,0,MacBook-Pro-4.local,darwin,0,7.6289,131.08,Signature,True,2025-11-20T22:32:45.154398,,981
OV-III-pkc-skc,sign,1024,16,2.0,1,1,0,MacBook-Pro-4.local,darwin,0,7.0813,141.22,Signature,True,2025-11-20T22:32:45.161560,,982
OV-III-pkc-skc,sign,1024,16,2.0,1,1,0,MacBook-Pro-4.local,darwin,0,8.3353,119.97,Signature,True,2025-11-20T22:32:45.169972,,983
OV-III-pkc-skc,sign,1024,16,2.0,1,1,0,MacBook-Pro-4.local,darwin,0,7.1072,140.7,Signature,True,2025-11-20T22:32:45.177158,,984
OV-III-pkc-skc,sign,1024,16,2.0,1,1,0,MacBook-Pro-4.local,darwin,0,8.561,116.81,Signature,True,2025-11-20T22:32:45.185799,,985
OV-III-pkc-skc,sign,1024,64,2.0,1,1,0,MacBook-Pro-4.local,darwin,0,8.5393,117.11,Signature,True,2025-11-20T22:32:45.194429,,986
OV-III-pkc-skc,sign,1024,64,2.0,1,1,0,MacBook-Pro-4.local,darwin,0,7.1762,139.35,Signature,True,2025-11-20T22:32:45.201687,,987
OV-III-pkc-skc,sign,1024,64,2.0,1,1,0,MacBook-Pro-4.local,darwin,0,7.2169,138.56,Signature,True,2025-11-20T22:32:45.208981,,988
OV-III-pkc-skc,sign,1024,64,2.0,1,1,0,MacBook-Pro-4.local,darwin,0,6.8396,146.21,Signature,True,2025-11-20T22:32:45.215883,,989
OV-III-pkc-skc,sign,1024,64,2.0,1,1,0,MacBook-Pro-4.local,darwin,0,15.5223,64.42,Signature,True,2025-11-20T22:32:45.231458,,990
OV-III-pkc-skc,verify,0,1,2.0,1,1,0,MacBook-Pro-4.local,darwin,0,7.0347,142.15,Signature,True,2025-11-20T22:32:45.238581,,991
OV-III-pkc-skc,verify,0,1,2.0,1,1,0,MacBook-Pro-4.local,darwin,0,6.8813,145.32,Signature,True,2025-11-20T22:32:45.245524,,992
OV-III-pkc-skc,verify,0,1,2.0,1,1,0,MacBook-Pro-4.local,darwin,0,7.2484,137.96,Signature,True,2025-11-20T22:32:45.252820,,993
OV-III-pkc-skc,verify,0,1,2.0,1,1,0,MacBook-Pro-4.local,darwin,0,6.8871,145.2,Signature,True,2025-11-20T22:32:45.259772,,994
OV-III-pkc-skc,verify,0,1,2.0,1,1,0,MacBook-Pro-4.local,darwin,0,7.1621,139.62,Signature,True,2025-11-20T22:32:45.267008,,995
OV-III-pkc-skc,verify,0,16,2.0,1,1,0,MacBook-Pro-4.local,darwin,0,7.6147,131.32,Signature,True,2025-11-20T22:32:45.274764,,996
OV-III-pkc-skc,verify,0,16,2.0,1,1,0,MacBook-Pro-4.local,darwin,0,6.4218,155.72,Signature,True,2025-11-20T22:32:45.281269,,997
OV-III-pkc-skc,verify,0,16,2.0,1,1,0,MacBook-Pro-4.local,darwin,0,8.154,122.64,Signature,True,2025-11-20T22:32:45.289492,,998
OV-III-pkc-skc,verify,0,16,2.0,1,1,0,MacBook-Pro-4.local,darwin,0,6.8969,144.99,Signature,True,2025-11-20T22:32:45.296523,,999
OV-III-pkc-skc,verify,0,16,2.0,1,1,0,MacBook-Pro-4.local,darwin,0,7.2126,138.65,Signature,True,2025-11-20T22:32:45.303817,,1000
OV-III-pkc-skc,verify,0,64,2.0,1,1,0,MacBook-Pro-4.local,darwin,0,7.9711,125.45,Signature,True,2025-11-20T22:32:45.311868,,1001
OV-III-pkc-skc,verify,0,64,2.0,1,1,0,MacBook-Pro-4.local,darwin,0,7.3587,135.89,Signature,True,2025-11-20T22:32:45.319307,,1002
OV-III-pkc-skc,verify,0,64,2.0,1,1,0,MacBook-Pro-4.local,darwin,0,7.9477,125.82,Signature,True,2025-11-20T22:32:45.327340,,1003
OV-III-pkc-skc,verify,0,64,2.0,1,1,0,MacBook-Pro-4.local,darwin,0,7.6481,130.75,Signature,True,2025-11-20T22:32:45.335072,,1004
OV-III-pkc-skc,verify,0,64,2.0,1,1,0,MacBook-Pro-4.local,darwin,0,9.1523,109.26,Signature,True,2025-11-20T22:32:45.344352,,1005
OV-III-pkc-skc,verify,1024,1,2.0,1,1,0,MacBook-Pro-4.local,darwin,0,7.7412,129.18,Signature,True,2025-11-20T22:32:45.352199,,1006
OV-III-pkc-skc,verify,1024,1,2.0,1,1,0,MacBook-Pro-4.local,darwin,0,8.0992,123.47,Signature,True,2025-11-20T22:32:45.360376,,1007
OV-III-pkc-skc,verify,1024,1,2.0,1,1,0,MacBook-Pro-4.local,darwin,0,7.8909,126.73,Signature,True,2025-11-20T22:32:45.368348,,1008
OV-III-pkc-skc,verify,1024,1,2.0,1,1,0,MacBook-Pro-4.local,darwin,0,7.8538,127.33,Signature,True,2025-11-20T22:32:45.376280,,1009
OV-III-pkc-skc,verify,1024,1,2.0,1,1,0,MacBook-Pro-4.local,darwin,0,7.6827,130.16,Signature,True,2025-11-20T22:32:45.384046,,1010
OV-III-pkc-skc,verify,1024,16,2.0,1,1,0,MacBook-Pro-4.local,darwin,0,8.3446,119.84,Signature,True,2025-11-20T22:32:45.392472,,1011
OV-III-pkc-skc,verify,1024,16,2.0,1,1,0,MacBook-Pro-4.local,darwin,0,7.7425,129.16,Signature,True,2025-11-20T22:32:45.400294,,1012
OV-III-pkc-skc,verify,1024,16,2.0,1,1,0,MacBook-Pro-4.local,darwin,0,7.7204,129.53,Signature,True,2025-11-20T22:32:45.408095,,1013
OV-III-pkc-skc,verify,1024,16,2.0,1,1,0,MacBook-Pro-4.local,darwin,0,7.6611,130.53,Signature,True,2025-11-20T22:32:45.415837,,1014
OV-III-pkc-skc,verify,1024,16,2.0,1,1,0,MacBook-Pro-4.local,darwin,0,7.6366,130.95,Signature,True,2025-11-20T22:32:45.423555,,1015
OV-III-pkc-skc,verify,1024,64,2.0,1,1,0,MacBook-Pro-4.local,darwin,0,8.2082,121.83,Signature,True,2025-11-20T22:32:45.431847,,1016
OV-III-pkc-skc,verify,1024,64,2.0,1,1,0,MacBook-Pro-4.local,darwin,0,8.3912,119.17,Signature,True,2025-11-20T22:32:45.440318,,1017
OV-III-pkc-skc,verify,1024,64,2.0,1,1,0,MacBook-Pro-4.local,darwin,0,8.082,123.73,Signature,True,2025-11-20T22:32:45.448479,,1018
OV-III-pkc-skc,verify,1024,64,2.0,1,1,0,MacBook-Pro-4.local,darwin,0,7.8016,128.18,Signature,True,2025-11-20T22:32:45.456360,,1019
OV-III-pkc-skc,verify,1024,64,2.0,1,1,0,MacBook-Pro-4.local,darwin,0,8.323,120.15,Signature,True,2025-11-20T22:32:45.464763,,1020
OV-Ip,sign,0,1,2.0,1,1,0,MacBook-Pro-4.local,darwin,0,2.1242,470.76,Signature,True,2025-11-20T22:32:45.467004,,1021
OV-Ip,sign,0,1,2.0,1,1,0,MacBook-Pro-4.local,darwin,0,0.9942,1005.81,Signature,True,2025-11-20T22:32:45.468072,,1022
OV-Ip,sign,0,1,2.0,1,1,0,MacBook-Pro-4.local,darwin,0,1.2292,813.54,Signature,True,2025-11-20T22:32:45.469476,,1023
OV-Ip,sign,0,1,2.0,1,1,0,MacBook-Pro-4.local,darwin,0,0.8558,1168.56,Signature,True,2025-11-20T22:32:45.470399,,1024
OV-Ip,sign,0,1,2.0,1,1,0,MacBook-Pro-4.local,darwin,0,0.8197,1219.97,Signature,True,2025-11-20T22:32:45.471253,,1025
OV-Ip,sign,0,16,2.0,1,1,0,MacBook-Pro-4.local,darwin,0,0.8407,1189.42,Signature,True,2025-11-20T22:32:45.472125,,1026
OV-Ip,sign,0,16,2.0,1,1,0,MacBook-Pro-4.local,darwin,0,0.8277,1208.24,Signature,True,2025-11-20T22:32:45.472981,,1027
OV-Ip,sign,0,16,2.0,1,1,0,MacBook-Pro-4.local,darwin,0,1.1393,877.75,Signature,True,2025-11-20T22:32:45.474156,,1028
OV-Ip,sign,0,16,2.0,1,1,0,MacBook-Pro-4.local,darwin,0,1.284,778.8,Signature,True,2025-11-20T22:32:45.475546,,1029
OV-Ip,sign,0,16,2.0,1,1,0,MacBook-Pro-4.local,darwin,0,1.0393,962.18,Signature,True,2025-11-20T22:32:45.476662,,1030
OV-Ip,sign,0,64,2.0,1,1,0,MacBook-Pro-4.local,darwin,0,1.1319,883.51,Signature,True,2025-11-20T22:32:45.477964,,1031
OV-Ip,sign,0,64,2.0,1,1,0,MacBook-Pro-4.local,darwin,0,0.93,1075.28,Signature,True,2025-11-20T22:32:45.478973,,1032
OV-Ip,sign,0,64,2.0,1,1,0,MacBook-Pro-4.local,darwin,0,0.841,1189.04,Signature,True,2025-11-20T22:32:45.479851,,1033
OV-Ip,sign,0,64,2.0,1,1,0,MacBook-Pro-4.local,darwin,0,0.8359,1196.32,Signature,True,2025-11-20T22:32:45.480717,,1034
OV-Ip,sign,0,64,2.0,1,1,0,MacBook-Pro-4.local,darwin,0,0.8377,1193.78,Signature,True,2025-11-20T22:32:45.481584,,1035
OV-Ip,sign,1024,1,2.0,1,1,0,MacBook-Pro-4.local,darwin,0,1.329,752.47,Signature,True,2025-11-20T22:32:45.483015,,1036
OV-Ip,sign,1024,1,2.0,1,1,0,MacBook-Pro-4.local,darwin,0,1.003,997.05,Signature,True,2025-11-20T22:32:45.484125,,1037
OV-Ip,sign,1024,1,2.0,1,1,0,MacBook-Pro-4.local,darwin,0,0.8839,1131.37,Signature,True,2025-11-20T22:32:45.485067,,1038
OV-Ip,sign,1024,1,2.0,1,1,0,MacBook-Pro-4.local,darwin,0,1.0675,936.74,Signature,True,2025-11-20T22:32:45.486174,,1039
OV-Ip,sign,1024,1,2.0,1,1,0,MacBook-Pro-4.local,darwin,0,1.0154,984.79,Signature,True,2025-11-20T22:32:45.487267,,1040
OV-Ip,sign,1024,16,2.0,1,1,0,MacBook-Pro-4.local,darwin,0,0.8497,1176.82,Signature,True,2025-11-20T22:32:45.488164,,1041
OV-Ip,sign,1024,16,2.0,1,1,0,MacBook-Pro-4.local,darwin,0,0.8425,1186.89,Signature,True,2025-11-20T22:32:45.489038,,1042
OV-Ip,sign,1024,16,2.0,1,1,0,MacBook-Pro-4.local,darwin,0,0.8856,1129.18,Signature,True,2025-11-20T22:32:45.489988,,1043
OV-Ip,sign,1024,16,2.0,1,1,0,MacBook-Pro-4.local,darwin,0,1.4562,686.72,Signature,True,2025-11-20T22:32:45.491535,,1044
OV-Ip,sign,1024,16,2.0,1,1,0,MacBook-Pro-4.local,darwin,0,1.0622,941.48,Signature,True,2025-11-20T22:32:45.492678,,1045
OV-Ip,sign,1024,64,2.0,1,1,0,MacBook-Pro-4.local,darwin,0,1.2684,788.39,Signature,True,2025-11-20T22:32:45.494025,,1046
OV-Ip,sign,1024,64,2.0,1,1,0,MacBook-Pro-4.local,darwin,0,1.1591,862.75,Signature,True,2025-11-20T22:32:45.495263,,1047
OV-Ip,sign,1024,64,2.0,1,1,0,MacBook-Pro-4.local,darwin,0,0.9186,1088.57,Signature,True,2025-11-20T22:32:45.496262,,1048
OV-Ip,sign,1024,64,2.0,1,1,0,MacBook-Pro-4.local,darwin,0,0.851,1175.12,Signature,True,2025-11-20T22:32:45.497145,,1049
OV-Ip,sign,1024,64,2.0,1,1,0,MacBook-Pro-4.local,darwin,0,1.2372,808.3,Signature,True,2025-11-20T22:32:45.498421,,1050
OV-Ip,verify,0,1,2.0,1,1,0,MacBook-Pro-4.local,darwin,0,1.6413,609.26,Signature,True,2025-11-20T22:32:45.500226,,1051
OV-Ip,verify,0,1,2.0,1,1,0,MacBook-Pro-4.local,darwin,0,1.4922,670.16,Signature,True,2025-11-20T22:32:45.501878,,1052
OV-Ip,verify,0,1,2.0,1,1,0,MacBook-Pro-4.local,darwin,0,0.8553,1169.19,Signature,True,2025-11-20T22:32:45.502800,,1053
OV-Ip,verify,0,1,2.0,1,1,0,MacBook-Pro-4.local,darwin,0,1.2078,827.92,Signature,True,2025-11-20T22:32:45.504050,,1054
OV-Ip,verify,0,1,2.0,1,1,0,MacBook-Pro-4.local,darwin,0,0.9075,1101.96,Signature,True,2025-11-20T22:32:45.505020,,1055
OV-Ip,verify,0,16,2.0,1,1,0,MacBook-Pro-4.local,darwin,0,1.3692,730.35,Signature,True,2025-11-20T22:32:45.506436,,1056
OV-Ip,verify,0,16,2.0,1,1,0,MacBook-Pro-4.local,darwin,0,1.5442,647.56,Signature,True,2025-11-20T22:32:45.508095,,1057
OV-Ip,verify,0,16,2.0,1,1,0,MacBook-Pro-4.local,darwin,0,0.9584,1043.41,Signature,True,2025-11-20T22:32:45.509181,,1058
OV-Ip,verify,0,16,2.0,1,1,0,MacBook-Pro-4.local,darwin,0,1.053,949.67,Signature,True,2025-11-20T22:32:45.510288,,1059
OV-Ip,verify,0,16,2.0,1,1,0,MacBook-Pro-4.local,darwin,0,1.2522,798.62,Signature,True,2025-11-20T22:32:45.511599,,1060
OV-Ip,verify,0,64,2.0,1,1,0,MacBook-Pro-4.local,darwin,0,0.9597,1042.01,Signature,True,2025-11-20T22:32:45.512632,,1061
OV-Ip,verify,0,64,2.0,1,1,0,MacBook-Pro-4.local,darwin,0,1.479,676.12,Signature,True,2025-11-20T22:32:45.514176,,1062
OV-Ip,verify,0,64,2.0,1,1,0,MacBook-Pro-4.local,darwin,0,1.3026,767.71,Signature,True,2025-11-20T22:32:45.515651,,1063
OV-Ip,verify,0,64,2.0,1,1,0,MacBook-Pro-4.local,darwin,0,0.9048,1105.21,Signature,True,2025-11-20T22:32:45.516619,,1064
OV-Ip,verify,0,64,2.0,1,1,0,MacBook-Pro-4.local,darwin,0,0.8882,1125.88,Signature,True,2025-11-20T22:32:45.517540,,1065
OV-Ip,verify,1024,1,2.0,1,1,0,MacBook-Pro-4.local,darwin,0,0.8553,1169.22,Signature,True,2025-11-20T22:32:45.518476,,1066
OV-Ip,verify,1024,1,2.0,1,1,0,MacBook-Pro-4.local,darwin,0,0.8486,1178.44,Signature,True,2025-11-20T22:32:45.519356,,1067
OV-Ip,verify,1024,1,2.0,1,1,0,MacBook-Pro-4.local,darwin,0,0.8516,1174.29,Signature,True,2025-11-20T22:32:45.520237,,1068
OV-Ip,verify,1024,1,2.0,1,1,0,MacBook-Pro-4.local,darwin,0,0.9843,1015.93,Signature,True,2025-11-20T22:32:45.521258,,1069
OV-Ip,verify,1024,1,2.0,1,1,0,MacBook-Pro-4.local,darwin,0,1.1922,838.82,Signature,True,2025-11-20T22:32:45.522512,,1070
OV-Ip,verify,1024,16,2.0,1,1,0,MacBook-Pro-4.local,darwin,0,1.2283,814.12,Signature,True,2025-11-20T22:32:45.523809,,1071
OV-Ip,verify,1024,16,2.0,1,1,0,MacBook-Pro-4.local,darwin,0,1.2545,797.13,Signature,True,2025-11-20T22:32:45.525132,,1072
OV-Ip,verify,1024,16,2.0,1,1,0,MacBook-Pro-4.local,darwin,0,0.985,1015.26,Signature,True,2025-11-20T22:32:45.526174,,1073
OV-Ip,verify,1024,16,2.0,1,1,0,MacBook-Pro-4.local,darwin,0,1.1237,889.91,Signature,True,2025-11-20T22:32:45.527356,,1074
OV-Ip,verify,1024,16,2.0,1,1,0,MacBook-Pro-4.local,darwin,0,0.9759,1024.68,Signature,True,2025-11-20T22:32:45.528429,,1075
OV-Ip,verify,1024,64,2.0,1,1,0,MacBook-Pro-4.local,darwin,0,1.5522,644.25,Signature,True,2025-11-20T22:32:45.530053,,1076
OV-Ip,verify,1024,64,2.0,1,1,0,MacBook-Pro-4.local,darwin,0,0.9765,1024.05,Signature,True,2025-11-20T22:32:45.531136,,1077
OV-Ip,verify,1024,64,2.0,1,1,0,MacBook-Pro-4.local,darwin,0,0.895,1117.3,Signature,True,2025-11-20T22:32:45.532092,,1078
OV-Ip,verify,1024,64,2.0,1,1,0,MacBook-Pro-4.local,darwin,0,1.1077,902.81,Signature,True,2025-11-20T22:32:45.533240,,1079
OV-Ip,verify,1024,64,2.0,1,1,0,MacBook-Pro-4.local,darwin,0,0.8506,1175.65,Signature,True,2025-11-20T22:32:45.534140,,1080
OV-Ip-pkc,sign,0,1,2.0,1,1,0,MacBook-Pro-4.local,darwin,0,0.9924,1007.67,Signature,True,2025-11-20T22:32:45.535175,,1081
OV-Ip-pkc,sign,0,1,2.0,1,1,0,MacBook-Pro-4.local,darwin,0,0.8539,1171.15,Signature,True,2025-11-20T22:32:45.536065,,1082
OV-Ip-pkc,sign,0,1,2.0,1,1,0,MacBook-Pro-4.local,darwin,0,0.9514,1051.13,Signature,True,2025-11-20T22:32:45.537056,,1083
OV-Ip-pkc,sign,0,1,2.0,1,1,0,MacBook-Pro-4.local,darwin,0,1.5877,629.83,Signature,True,2025-11-20T22:32:45.538718,,1084
OV-Ip-pkc,sign,0,1,2.0,1,1,0,MacBook-Pro-4.local,darwin,0,1.2243,816.8,Signature,True,2025-11-20T22:32:45.540094,,1085
OV-Ip-pkc,sign,0,16,2.0,1,1,0,MacBook-Pro-4.local,darwin,0,0.8756,1142.11,Signature,True,2025-11-20T22:32:45.541064,,1086
OV-Ip-pkc,sign,0,16,2.0,1,1,0,MacBook-Pro-4.local,darwin,0,1.2369,808.5,Signature,True,2025-11-20T22:32:45.542343,,1087
OV-Ip-pkc,sign,0,16,2.0,1,1,0,MacBook-Pro-4.local,darwin,0,1.0155,984.7,Signature,True,2025-11-20T22:32:45.543420,,1088
OV-Ip-pkc,sign,0,16,2.0,1,1,0,MacBook-Pro-4.local,darwin,0,1.0037,996.28,Signature,True,2025-11-20T22:32:45.544487,,1089
OV-Ip-pkc,sign,0,16,2.0,1,1,0,MacBook-Pro-4.local,darwin,0,0.9803,1020.12,Signature,True,2025-11-20T22:32:45.545593,,1090
OV-Ip-pkc,sign,0,64,2.0,1,1,0,MacBook-Pro-4.local,darwin,0,1.4504,689.47,Signature,True,2025-11-20T22:32:45.547192,,1091
OV-Ip-pkc,sign,0,64,2.0,1,1,0,MacBook-Pro-4.local,darwin,0,0.9909,1009.18,Signature,True,2025-11-20T22:32:45.548285,,1092
OV-Ip-pkc,sign,0,64,2.0,1,1,0,MacBook-Pro-4.local,darwin,0,0.8812,1134.86,Signature,True,2025-11-20T22:32:45.549222,,1093
OV-Ip-pkc,sign,0,64,2.0,1,1,0,MacBook-Pro-4.local,darwin,0,0.8312,1203.05,Signature,True,2025-11-20T22:32:45.550101,,1094
OV-Ip-pkc,sign,0,64,2.0,1,1,0,MacBook-Pro-4.local,darwin,0,0.8652,1155.76,Signature,True,2025-11-20T22:32:45.550999,,1095
OV-Ip-pkc,sign,1024,1,2.0,1,1,0,MacBook-Pro-4.local,darwin,0,0.8255,1211.43,Signature,True,2025-11-20T22:32:45.551857,,1096
OV-Ip-pkc,sign,1024,1,2.0,1,1,0,MacBook-Pro-4.local,darwin,0,0.8396,1191.08,Signature,True,2025-11-20T22:32:45.552726,,1097
OV-Ip-pkc,sign,1024,1,2.0,1,1,0,MacBook-Pro-4.local,darwin,0,1.2149,823.1,Signature,True,2025-11-20T22:32:45.553981,,1098
OV-Ip-pkc,sign,1024,1,2.0,1,1,0,MacBook-Pro-4.local,darwin,0,1.2022,831.83,Signature,True,2025-11-20T22:32:45.555437,,1099
OV-Ip-pkc,sign,1024,1,2.0,1,1,0,MacBook-Pro-4.local,darwin,0,0.9057,1104.16,Signature,True,2025-11-20T22:32:45.556414,,1100
OV-Ip-pkc,sign,1024,16,2.0,1,1,0,MacBook-Pro-4.local,darwin,0,0.9163,1091.34,Signature,True,2025-11-20T22:32:45.557394,,1101
OV-Ip-pkc,sign,1024,16,2.0,1,1,0,MacBook-Pro-4.local,darwin,0,0.9939,1006.18,Signature,True,2025-11-20T22:32:45.558438,,1102
OV-Ip-pkc,sign,1024,16,2.0,1,1,0,MacBook-Pro-4.local,darwin,0,0.9337,1070.98,Signature,True,2025-11-20T22:32:45.559424,,1103
OV-Ip-pkc,sign,1024,16,2.0,1,1,0,MacBook-Pro-4.local,darwin,0,1.1518,868.23,Signature,True,2025-11-20T22:32:45.560630,,1104
OV-Ip-pkc,sign,1024,16,2.0,1,1,0,MacBook-Pro-4.local,darwin,0,1.1147,897.14,Signature,True,2025-11-20T22:32:45.561862,,1105
OV-Ip-pkc,sign,1024,64,2.0,1,1,0,MacBook-Pro-4.local,darwin,0,1.2937,773.0,Signature,True,2025-11-20T22:32:45.563377,,1106
OV-Ip-pkc,sign,1024,64,2.0,1,1,0,MacBook-Pro-4.local,darwin,0,0.8853,1129.58,Signature,True,2025-11-20T22:32:45.564328,,1107
OV-Ip-pkc,sign,1024,64,2.0,1,1,0,MacBook-Pro-4.local,darwin,0,0.8295,1205.53,Signature,True,2025-11-20T22:32:45.565191,,1108
OV-Ip-pkc,sign,1024,64,2.0,1,1,0,MacBook-Pro-4.local,darwin,0,1.0515,951.02,Signature,True,2025-11-20T22:32:45.566278,,1109
OV-Ip-pkc,sign,1024,64,2.0,1,1,0,MacBook-Pro-4.local,darwin,0,0.8589,1164.22,Signature,True,2025-11-20T22:32:45.567183,,1110
OV-Ip-pkc,verify,0,1,2.0,1,1,0,MacBook-Pro-4.local,darwin,0,0.8481,1179.04,Signature,True,2025-11-20T22:32:45.568072,,1111
OV-Ip-pkc,verify,0,1,2.0,1,1,0,MacBook-Pro-4.local,darwin,0,0.9837,1016.54,Signature,True,2025-11-20T22:32:45.569091,,1112
OV-Ip-pkc,verify,0,1,2.0,1,1,0,MacBook-Pro-4.local,darwin,0,1.228,814.31,Signature,True,2025-11-20T22:32:45.570409,,1113
OV-Ip-pkc,verify,0,1,2.0,1,1,0,MacBook-Pro-4.local,darwin,0,1.0168,983.48,Signature,True,2025-11-20T22:32:45.571503,,1114
OV-Ip-pkc,verify,0,1,2.0,1,1,0,MacBook-Pro-4.local,darwin,0,1.1301,884.86,Signature,True,2025-11-20T22:32:45.572698,,1115
OV-Ip-pkc,verify,0,16,2.0,1,1,0,MacBook-Pro-4.local,darwin,0,1.1547,866.04,Signature,True,2025-11-20T22:32:45.573935,,1116
OV-Ip-pkc,verify,0,16,2.0,1,1,0,MacBook-Pro-4.local,darwin,0,1.1125,898.9,Signature,True,2025-11-20T22:32:45.575278,,1117
OV-Ip-pkc,verify,0,16,2.0,1,1,0,MacBook-Pro-4.local,darwin,0,0.9906,1009.47,Signature,True,2025-11-20T22:32:45.576334,,1118
OV-Ip-pkc,verify,0,16,2.0,1,1,0,MacBook-Pro-4.local,darwin,0,1.174,851.77,Signature,True,2025-11-20T22:32:45.577580,,1119
OV-Ip-pkc,verify,0,16,2.0,1,1,0,MacBook-Pro-4.local,darwin,0,1.213,824.39,Signature,True,2025-11-20T22:32:45.578928,,1120
OV-Ip-pkc,verify,0,64,2.0,1,1,0,MacBook-Pro-4.local,darwin,0,1.0512,951.28,Signature,True,2025-11-20T22:32:45.580053,,1121
OV-Ip-pkc,verify,0,64,2.0,1,1,0,MacBook-Pro-4.local,darwin,0,0.8416,1188.25,Signature,True,2025-11-20T22:32:45.580952,,1122
OV-Ip-pkc,verify,0,64,2.0,1,1,0,MacBook-Pro-4.local,darwin,0,1.1612,861.17,Signature,True,2025-11-20T22:32:45.582188,,1123
OV-Ip-pkc,verify,0,64,2.0,1,1,0,MacBook-Pro-4.local,darwin,0,1.2852,778.09,Signature,True,2025-11-20T22:32:45.583545,,1124
OV-Ip-pkc,verify,0,64,2.0,1,1,0,MacBook-Pro-4.local,darwin,0,1.1601,861.97,Signature,True,2025-11-20T22:32:45.584844,,1125
OV-Ip-pkc,verify,1024,1,2.0,1,1,0,MacBook-Pro-4.local,darwin,0,1.23,812.98,Signature,True,2025-11-20T22:32:45.586147,,1126
OV-Ip-pkc,verify,1024,1,2.0,1,1,0,MacBook-Pro-4.local,darwin,0,0.8685,1151.41,Signature,True,2025-11-20T22:32:45.587090,,1127
OV-Ip-pkc,verify,1024,1,2.0,1,1,0,MacBook-Pro-4.local,darwin,0,0.8474,1180.12,Signature,True,2025-11-20T22:32:45.587986,,1128
OV-Ip-pkc,verify,1024,1,2.0,1,1,0,MacBook-Pro-4.local,darwin,0,0.8385,1192.67,Signature,True,2025-11-20T22:32:45.588861,,1129
OV-Ip-pkc,verify,1024,1,2.0,1,1,0,MacBook-Pro-4.local,darwin,0,0.9495,1053.2,Signature,True,2025-11-20T22:32:45.589847,,1130
OV-Ip-pkc,verify,1024,16,2.0,1,1,0,MacBook-Pro-4.local,darwin,0,0.871,1148.08,Signature,True,2025-11-20T22:32:45.590758,,1131
OV-Ip-pkc,verify,1024,16,2.0,1,1,0,MacBook-Pro-4.local,darwin,0,0.9807,1019.64,Signature,True,2025-11-20T22:32:45.591775,,1132
OV-Ip-pkc,verify,1024,16,2.0,1,1,0,MacBook-Pro-4.local,darwin,0,1.1165,895.66,Signature,True,2025-11-20T22:32:45.593033,,1133
OV-Ip-pkc,verify,1024,16,2.0,1,1,0,MacBook-Pro-4.local,darwin,0,1.2453,803.02,Signature,True,2025-11-20T22:32:45.594355,,1134
OV-Ip-pkc,verify,1024,16,2.0,1,1,0,MacBook-Pro-4.local,darwin,0,1.4216,703.43,Signature,True,2025-11-20T22:32:45.595855,,1135
OV-Ip-pkc,verify,1024,64,2.0,1,1,0,MacBook-Pro-4.local,darwin,0,0.8889,1125.05,Signature,True,2025-11-20T22:32:45.596841,,1136
OV-Ip-pkc,verify,1024,64,2.0,1,1,0,MacBook-Pro-4.local,darwin,0,0.8331,1200.4,Signature,True,2025-11-20T22:32:45.597712,,1137
OV-Ip-pkc,verify,1024,64,2.0,1,1,0,MacBook-Pro-4.local,darwin,0,1.0125,987.64,Signature,True,2025-11-20T22:32:45.598787,,1138
OV-Ip-pkc,verify,1024,64,2.0,1,1,0,MacBook-Pro-4.local,darwin,0,0.8396,1191.1,Signature,True,2025-11-20T22:32:45.599674,,1139
OV-Ip-pkc,verify,1024,64,2.0,1,1,0,MacBook-Pro-4.local,darwin,0,1.1551,865.71,Signature,True,2025-11-20T22:32:45.600870,,1140
OV-Ip-pkc-skc,sign,0,1,2.0,1,1,0,MacBook-Pro-4.local,darwin,0,1.7852,560.17,Signature,True,2025-11-20T22:32:45.602754,,1141
OV-Ip-pkc-skc,sign,0,1,2.0,1,1,0,MacBook-Pro-4.local,darwin,0,1.3968,715.94,Signature,True,2025-11-20T22:32:45.604219,,1142
OV-Ip-pkc-skc,sign,0,1,2.0,1,1,0,MacBook-Pro-4.local,darwin,0,1.2735,785.24,Signature,True,2025-11-20T22:32:45.605539,,1143
OV-Ip-pkc-skc,sign,0,1,2.0,1,1,0,MacBook-Pro-4.local,darwin,0,1.2762,783.56,Signature,True,2025-11-20T22:32:45.606846,,1144
OV-Ip-pkc-skc,sign,0,1,2.0,1,1,0,MacBook-Pro-4.local,darwin,0,1.5603,640.92,Signature,True,2025-11-20T22:32:45.608444,,1145
OV-Ip-pkc-skc,sign,0,16,2.0,1,1,0,MacBook-Pro-4.local,darwin,0,2.0782,481.19,Signature,True,2025-11-20T22:32:45.610694,,1146
OV-Ip-pkc-skc,sign,0,16,2.0,1,1,0,MacBook-Pro-4.local,darwin,0,1.2981,770.38,Signature,True,2025-11-20T22:32:45.612061,,1147
OV-Ip-pkc-skc,sign,0,16,2.0,1,1,0,MacBook-Pro-4.local,darwin,0,1.3116,762.45,Signature,True,2025-11-20T22:32:45.613406,,1148
OV-Ip-pkc-skc,sign,0,16,2.0,1,1,0,MacBook-Pro-4.local,darwin,0,1.3117,762.38,Signature,True,2025-11-20T22:32:45.614747,,1149
OV-Ip-pkc-skc,sign,0,16,2.0,1,1,0,MacBook-Pro-4.local,darwin,0,1.5356,651.21,Signature,True,2025-11-20T22:32:45.616344,,1150
OV-Ip-pkc-skc,sign,0,64,2.0,1,1,0,MacBook-Pro-4.local,darwin,0,1.8911,528.78,Signature,True,2025-11-20T22:32:45.618352,,1151
OV-Ip-pkc-skc,sign,0,64,2.0,1,1,0,MacBook-Pro-4.local,darwin,0,1.3403,746.1,Signature,True,2025-11-20T22:32:45.619786,,1152
OV-Ip-pkc-skc,sign,0,64,2.0,1,1,0,MacBook-Pro-4.local,darwin,0,1.276,783.68,Signature,True,2025-11-20T22:32:45.621097,,1153
OV-Ip-pkc-skc,sign,0,64,2.0,1,1,0,MacBook-Pro-4.local,darwin,0,1.2802,781.14,Signature,True,2025-11-20T22:32:45.622406,,1154
OV-Ip-pkc-skc,sign,0,64,2.0,1,1,0,MacBook-Pro-4.local,darwin,0,1.3026,767.67,Signature,True,2025-11-20T22:32:45.623737,,1155
OV-Ip-pkc-skc,sign,1024,1,2.0,1,1,0,MacBook-Pro-4.local,darwin,0,1.6452,607.85,Signature,True,2025-11-20T22:32:45.625423,,1156
OV-Ip-pkc-skc,sign,1024,1,2.0,1,1,0,MacBook-Pro-4.local,darwin,0,2.0137,496.6,Signature,True,2025-11-20T22:32:45.627572,,1157
OV-Ip-pkc-skc,sign,1024,1,2.0,1,1,0,MacBook-Pro-4.local,darwin,0,1.4939,669.39,Signature,True,2025-11-20T22:32:45.629276,,1158
OV-Ip-pkc-skc,sign,1024,1,2.0,1,1,0,MacBook-Pro-4.local,darwin,0,1.2898,775.33,Signature,True,2025-11-20T22:32:45.630618,,1159
OV-Ip-pkc-skc,sign,1024,1,2.0,1,1,0,MacBook-Pro-4.local,darwin,0,1.477,677.04,Signature,True,2025-11-20T22:32:45.632130,,1160
OV-Ip-pkc-skc,sign,1024,16,2.0,1,1,0,MacBook-Pro-4.local,darwin,0,1.9274,518.84,Signature,True,2025-11-20T22:32:45.634134,,1161
OV-Ip-pkc-skc,sign,1024,16,2.0,1,1,0,MacBook-Pro-4.local,darwin,0,1.3536,738.77,Signature,True,2025-11-20T22:32:45.635555,,1162
OV-Ip-pkc-skc,sign,1024,16,2.0,1,1,0,MacBook-Pro-4.local,darwin,0,1.2744,784.7,Signature,True,2025-11-20T22:32:45.636863,,1163
OV-Ip-pkc-skc,sign,1024,16,2.0,1,1,0,MacBook-Pro-4.local,darwin,0,1.2706,787.05,Signature,True,2025-11-20T22:32:45.638166,,1164
OV-Ip-pkc-skc,sign,1024,16,2.0,1,1,0,MacBook-Pro-4.local,darwin,0,1.2691,787.99,Signature,True,2025-11-20T22:32:45.639463,,1165
OV-Ip-pkc-skc,sign,1024,64,2.0,1,1,0,MacBook-Pro-4.local,darwin,0,1.6403,609.65,Signature,True,2025-11-20T22:32:45.641142,,1166
OV-Ip-pkc-skc,sign,1024,64,2.0,1,1,0,MacBook-Pro-4.local,darwin,0,1.7441,573.36,Signature,True,2025-11-20T22:32:45.643070,,1167
OV-Ip-pkc-skc,sign,1024,64,2.0,1,1,0,MacBook-Pro-4.local,darwin,0,1.8986,526.71,Signature,True,2025-11-20T22:32:45.645099,,1168
OV-Ip-pkc-skc,sign,1024,64,2.0,1,1,0,MacBook-Pro-4.local,darwin,0,1.7926,557.85,Signature,True,2025-11-20T22:32:45.646966,,1169
OV-Ip-pkc-skc,sign,1024,64,2.0,1,1,0,MacBook-Pro-4.local,darwin,0,1.5674,637.99,Signature,True,2025-11-20T22:32:45.648602,,1170
OV-Ip-pkc-skc,verify,0,1,2.0,1,1,0,MacBook-Pro-4.local,darwin,0,2.4483,408.45,Signature,True,2025-11-20T22:32:45.651128,,1171
OV-Ip-pkc-skc,verify,0,1,2.0,1,1,0,MacBook-Pro-4.local,darwin,0,1.376,726.75,Signature,True,2025-11-20T22:32:45.652606,,1172
OV-Ip-pkc-skc,verify,0,1,2.0,1,1,0,MacBook-Pro-4.local,darwin,0,1.2734,785.31,Signature,True,2025-11-20T22:32:45.653917,,1173
OV-Ip-pkc-skc,verify,0,1,2.0,1,1,0,MacBook-Pro-4.local,darwin,0,1.2638,791.24,Signature,True,2025-11-20T22:32:45.655210,,1174
OV-Ip-pkc-skc,verify,0,1,2.0,1,1,0,MacBook-Pro-4.local,darwin,0,1.402,713.27,Signature,True,2025-11-20T22:32:45.656648,,1175
OV-Ip-pkc-skc,verify,0,16,2.0,1,1,0,MacBook-Pro-4.local,darwin,0,2.1073,474.54,Signature,True,2025-11-20T22:32:45.658827,,1176
OV-Ip-pkc-skc,verify,0,16,2.0,1,1,0,MacBook-Pro-4.local,darwin,0,1.5854,630.77,Signature,True,2025-11-20T22:32:45.660488,,1177
OV-Ip-pkc-skc,verify,0,16,2.0,1,1,0,MacBook-Pro-4.local,darwin,0,1.5528,643.98,Signature,True,2025-11-20T22:32:45.662104,,1178
OV-Ip-pkc-skc,verify,0,16,2.0,1,1,0,MacBook-Pro-4.local,darwin,0,1.5476,646.17,Signature,True,2025-11-20T22:32:45.663720,,1179
OV-Ip-pkc-skc,verify,0,16,2.0,1,1,0,MacBook-Pro-4.local,darwin,0,1.7253,579.61,Signature,True,2025-11-20T22:32:45.665507,,1180
OV-Ip-pkc-skc,verify,0,64,2.0,1,1,0,MacBook-Pro-4.local,darwin,0,1.4168,705.84,Signature,True,2025-11-20T22:32:45.667029,,1181
OV-Ip-pkc-skc,verify,0,64,2.0,1,1,0,MacBook-Pro-4.local,darwin,0,1.3297,752.03,Signature,True,2025-11-20T22:32:45.668410,,1182
OV-Ip-pkc-skc,verify,0,64,2.0,1,1,0,MacBook-Pro-4.local,darwin,0,1.2719,786.22,Signature,True,2025-11-20T22:32:45.669713,,1183
OV-Ip-pkc-skc,verify,0,64,2.0,1,1,0,MacBook-Pro-4.local,darwin,0,1.2737,785.09,Signature,True,2025-11-20T22:32:45.671015,,1184
OV-Ip-pkc-skc,verify,0,64,2.0,1,1,0,MacBook-Pro-4.local,darwin,0,1.7837,560.63,Signature,True,2025-11-20T22:32:45.672857,,1185
OV-Ip-pkc-skc,verify,1024,1,2.0,1,1,0,MacBook-Pro-4.local,darwin,0,1.6233,616.01,Signature,True,2025-11-20T22:32:45.674645,,1186
OV-Ip-pkc-skc,verify,1024,1,2.0,1,1,0,MacBook-Pro-4.local,darwin,0,1.3734,728.09,Signature,True,2025-11-20T22:32:45.676097,,1187
OV-Ip-pkc-skc,verify,1024,1,2.0,1,1,0,MacBook-Pro-4.local,darwin,0,1.2761,783.64,Signature,True,2025-11-20T22:32:45.677407,,1188
OV-Ip-pkc-skc,verify,1024,1,2.0,1,1,0,MacBook-Pro-4.local,darwin,0,1.2761,783.62,Signature,True,2025-11-20T22:32:45.678712,,1189
OV-Ip-pkc-skc,verify,1024,1,2.0,1,1,0,MacBook-Pro-4.local,darwin,0,1.4407,694.11,Signature,True,2025-11-20T22:32:45.680193,,1190
OV-Ip-pkc-skc,verify,1024,16,2.0,1,1,0,MacBook-Pro-4.local,darwin,0,1.8251,547.92,Signature,True,2025-11-20T22:32:45.682103,,1191
OV-Ip-pkc-skc,verify,1024,16,2.0,1,1,0,MacBook-Pro-4.local,darwin,0,1.4537,687.9,Signature,True,2025-11-20T22:32:45.683655,,1192
OV-Ip-pkc-skc,verify,1024,16,2.0,1,1,0,MacBook-Pro-4.local,darwin,0,1.303,767.48,Signature,True,2025-11-20T22:32:45.685010,,1193
OV-Ip-pkc-skc,verify,1024,16,2.0,1,1,0,MacBook-Pro-4.local,darwin,0,1.2844,778.6,Signature,True,2025-11-20T22:32:45.686327,,1194
OV-Ip-pkc-skc,verify,1024,16,2.0,1,1,0,MacBook-Pro-4.local,darwin,0,1.3352,748.93,Signature,True,2025-11-20T22:32:45.687697,,1195
OV-Ip-pkc-skc,verify,1024,64,2.0,1,1,0,MacBook-Pro-4.local,darwin,0,1.8314,546.03,Signature,True,2025-11-20T22:32:45.689591,,1196
OV-Ip-pkc-skc,verify,1024,64,2.0,1,1,0,MacBook-Pro-4.local,darwin,0,1.3784,725.5,Signature,True,2025-11-20T22:32:45.691069,,1197
OV-Ip-pkc-skc,verify,1024,64,2.0,1,1,0,MacBook-Pro-4.local,darwin,0,1.2854,777.94,Signature,True,2025-11-20T22:32:45.692439,,1198
OV-Ip-pkc-skc,verify,1024,64,2.0,1,1,0,MacBook-Pro-4.local,darwin,0,1.2827,779.62,Signature,True,2025-11-20T22:32:45.693753,,1199
OV-Ip-pkc-skc,verify,1024,64,2.0,1,1,0,MacBook-Pro-4.local,darwin,0,1.2832,779.29,Signature,True,2025-11-20T22:32:45.695064,,1200
OV-Is,sign,0,1,2.0,1,1,0,MacBook-Pro-4.local,darwin,0,2.9253,341.84,Signature,True,2025-11-20T22:32:45.698056,,1201
OV-Is,sign,0,1,2.0,1,1,0,MacBook-Pro-4.local,darwin,0,1.3553,737.84,Signature,True,2025-11-20T22:32:45.699484,,1202
OV-Is,sign,0,1,2.0,1,1,0,MacBook-Pro-4.local,darwin,0,1.2147,823.28,Signature,True,2025-11-20T22:32:45.700748,,1203
OV-Is,sign,0,1,2.0,1,1,0,MacBook-Pro-4.local,darwin,0,1.1839,844.65,Signature,True,2025-11-20T22:32:45.701963,,1204
OV-Is,sign,0,1,2.0,1,1,0,MacBook-Pro-4.local,darwin,0,1.4575,686.1,Signature,True,2025-11-20T22:32:45.703453,,1205
OV-Is,sign,0,16,2.0,1,1,0,MacBook-Pro-4.local,darwin,0,1.775,563.38,Signature,True,2025-11-20T22:32:45.705313,,1206
OV-Is,sign,0,16,2.0,1,1,0,MacBook-Pro-4.local,darwin,0,1.2778,782.6,Signature,True,2025-11-20T22:32:45.706672,,1207
OV-Is,sign,0,16,2.0,1,1,0,MacBook-Pro-4.local,darwin,0,1.2901,775.16,Signature,True,2025-11-20T22:32:45.708014,,1208
OV-Is,sign,0,16,2.0,1,1,0,MacBook-Pro-4.local,darwin,0,1.3908,719.02,Signature,True,2025-11-20T22:32:45.709444,,1209
OV-Is,sign,0,16,2.0,1,1,0,MacBook-Pro-4.local,darwin,0,1.694,590.32,Signature,True,2025-11-20T22:32:45.711221,,1210
OV-Is,sign,0,64,2.0,1,1,0,MacBook-Pro-4.local,darwin,0,1.5035,665.14,Signature,True,2025-11-20T22:32:45.712915,,1211
OV-Is,sign,0,64,2.0,1,1,0,MacBook-Pro-4.local,darwin,0,1.2265,815.32,Signature,True,2025-11-20T22:32:45.714199,,1212
OV-Is,sign,0,64,2.0,1,1,0,MacBook-Pro-4.local,darwin,0,1.285,778.2,Signature,True,2025-11-20T22:32:45.715521,,1213
OV-Is,sign,0,64,2.0,1,1,0,MacBook-Pro-4.local,darwin,0,1.9275,518.82,Signature,True,2025-11-20T22:32:45.717499,,1214
OV-Is,sign,0,64,2.0,1,1,0,MacBook-Pro-4.local,darwin,0,1.5147,660.19,Signature,True,2025-11-20T22:32:45.719090,,1215
OV-Is,sign,1024,1,2.0,1,1,0,MacBook-Pro-4.local,darwin,0,1.2342,810.27,Signature,True,2025-11-20T22:32:45.720390,,1216
OV-Is,sign,1024,1,2.0,1,1,0,MacBook-Pro-4.local,darwin,0,1.1908,839.75,Signature,True,2025-11-20T22:32:45.721614,,1217
OV-Is,sign,1024,1,2.0,1,1,0,MacBook-Pro-4.local,darwin,0,1.1963,835.9,Signature,True,2025-11-20T22:32:45.722840,,1218
OV-Is,sign,1024,1,2.0,1,1,0,MacBook-Pro-4.local,darwin,0,1.184,844.58,Signature,True,2025-11-20T22:32:45.724052,,1219
OV-Is,sign,1024,1,2.0,1,1,0,MacBook-Pro-4.local,darwin,0,1.3958,716.41,Signature,True,2025-11-20T22:32:45.725483,,1220
OV-Is,sign,1024,16,2.0,1,1,0,MacBook-Pro-4.local,darwin,0,1.7365,575.86,Signature,True,2025-11-20T22:32:45.727283,,1221
OV-Is,sign,1024,16,2.0,1,1,0,MacBook-Pro-4.local,darwin,0,1.3709,729.42,Signature,True,2025-11-20T22:32:45.728791,,1222
OV-Is,sign,1024,16,2.0,1,1,0,MacBook-Pro-4.local,darwin,0,1.2316,811.93,Signature,True,2025-11-20T22:32:45.730069,,1223
OV-Is,sign,1024,16,2.0,1,1,0,MacBook-Pro-4.local,darwin,0,1.2091,827.09,Signature,True,2025-11-20T22:32:45.731309,,1224
OV-Is,sign,1024,16,2.0,1,1,0,MacBook-Pro-4.local,darwin,0,1.3828,723.19,Signature,True,2025-11-20T22:32:45.732728,,1225
OV-Is,sign,1024,64,2.0,1,1,0,MacBook-Pro-4.local,darwin,0,1.2896,775.4,Signature,True,2025-11-20T22:32:45.734072,,1226
OV-Is,sign,1024,64,2.0,1,1,0,MacBook-Pro-4.local,darwin,0,1.3398,746.39,Signature,True,2025-11-20T22:32:45.735455,,1227
OV-Is,sign,1024,64,2.0,1,1,0,MacBook-Pro-4.local,darwin,0,1.2271,814.91,Signature,True,2025-11-20T22:32:45.736723,,1228
OV-Is,sign,1024,64,2.0,1,1,0,MacBook-Pro-4.local,darwin,0,1.1736,852.11,Signature,True,2025-11-20T22:32:45.737926,,1229
OV-Is,sign,1024,64,2.0,1,1,0,MacBook-Pro-4.local,darwin,0,1.1704,854.42,Signature,True,2025-11-20T22:32:45.739125,,1230
OV-Is,verify,0,1,2.0,1,1,0,MacBook-Pro-4.local,darwin,0,1.1685,855.83,Signature,True,2025-11-20T22:32:45.740328,,1231
OV-Is,verify,0,1,2.0,1,1,0,MacBook-Pro-4.local,darwin,0,1.405,711.73,Signature,True,2025-11-20T22:32:45.741767,,1232
OV-Is,verify,0,1,2.0,1,1,0,MacBook-Pro-4.local,darwin,0,1.4418,693.59,Signature,True,2025-11-20T22:32:45.743263,,1233
OV-Is,verify,0,1,2.0,1,1,0,MacBook-Pro-4.local,darwin,0,1.4288,699.89,Signature,True,2025-11-20T22:32:45.744753,,1234
OV-Is,verify,0,1,2.0,1,1,0,MacBook-Pro-4.local,darwin,0,1.2122,824.94,Signature,True,2025-11-20T22:32:45.746016,,1235
OV-Is,verify,0,16,2.0,1,1,0,MacBook-Pro-4.local,darwin,0,1.1645,858.72,Signature,True,2025-11-20T22:32:45.747215,,1236
OV-Is,verify,0,16,2.0,1,1,0,MacBook-Pro-4.local,darwin,0,1.1808,846.9,Signature,True,2025-11-20T22:32:45.748425,,1237
OV-Is,verify,0,16,2.0,1,1,0,MacBook-Pro-4.local,darwin,0,2.1219,471.28,Signature,True,2025-11-20T22:32:45.750625,,1238
OV-Is,verify,0,16,2.0,1,1,0,MacBook-Pro-4.local,darwin,0,2.255,443.46,Signature,True,2025-11-20T22:32:45.753009,,1239
OV-Is,verify,0,16,2.0,1,1,0,MacBook-Pro-4.local,darwin,0,1.2354,809.43,Signature,True,2025-11-20T22:32:45.754362,,1240
OV-Is,verify,0,64,2.0,1,1,0,MacBook-Pro-4.local,darwin,0,1.2006,832.91,Signature,True,2025-11-20T22:32:45.755599,,1241
OV-Is,verify,0,64,2.0,1,1,0,MacBook-Pro-4.local,darwin,0,1.1945,837.2,Signature,True,2025-11-20T22:32:45.756823,,1242
OV-Is,verify,0,64,2.0,1,1,0,MacBook-Pro-4.local,darwin,0,1.1672,856.78,Signature,True,2025-11-20T22:32:45.758018,,1243
OV-Is,verify,0,64,2.0,1,1,0,MacBook-Pro-4.local,darwin,0,1.5692,637.26,Signature,True,2025-11-20T22:32:45.759627,,1244
OV-Is,verify,0,64,2.0,1,1,0,MacBook-Pro-4.local,darwin,0,1.5726,635.88,Signature,True,2025-11-20T22:32:45.761420,,1245
OV-Is,verify,1024,1,2.0,1,1,0,MacBook-Pro-4.local,darwin,0,1.5101,662.22,Signature,True,2025-11-20T22:32:45.763008,,1246
OV-Is,verify,1024,1,2.0,1,1,0,MacBook-Pro-4.local,darwin,0,1.3463,742.78,Signature,True,2025-11-20T22:32:45.764411,,1247
OV-Is,verify,1024,1,2.0,1,1,0,MacBook-Pro-4.local,darwin,0,1.3985,715.06,Signature,True,2025-11-20T22:32:45.765860,,1248
OV-Is,verify,1024,1,2.0,1,1,0,MacBook-Pro-4.local,darwin,0,1.6319,612.77,Signature,True,2025-11-20T22:32:45.767548,,1249
OV-Is,verify,1024,1,2.0,1,1,0,MacBook-Pro-4.local,darwin,0,1.2552,796.67,Signature,True,2025-11-20T22:32:45.768896,,1250
OV-Is,verify,1024,16,2.0,1,1,0,MacBook-Pro-4.local,darwin,0,1.2053,829.69,Signature,True,2025-11-20T22:32:45.770138,,1251
OV-Is,verify,1024,16,2.0,1,1,0,MacBook-Pro-4.local,darwin,0,1.2293,813.45,Signature,True,2025-11-20T22:32:45.771397,,1252
OV-Is,verify,1024,16,2.0,1,1,0,MacBook-Pro-4.local,darwin,0,1.1965,835.77,Signature,True,2025-11-20T22:32:45.772623,,1253
OV-Is,verify,1024,16,2.0,1,1,0,MacBook-Pro-4.local,darwin,0,1.1942,837.35,Signature,True,2025-11-20T22:32:45.773846,,1254
OV-Is,verify,1024,16,2.0,1,1,0,MacBook-Pro-4.local,darwin,0,1.5468,646.49,Signature,True,2025-11-20T22:32:45.775430,,1255
OV-Is,verify,1024,64,2.0,1,1,0,MacBook-Pro-4.local,darwin,0,1.3401,746.2,Signature,True,2025-11-20T22:32:45.776865,,1256
OV-Is,verify,1024,64,2.0,1,1,0,MacBook-Pro-4.local,darwin,0,1.1936,837.78,Signature,True,2025-11-20T22:32:45.778105,,1257
OV-Is,verify,1024,64,2.0,1,1,0,MacBook-Pro-4.local,darwin,0,1.1756,850.6,Signature,True,2025-11-20T22:32:45.779312,,1258
OV-Is,verify,1024,64,2.0,1,1,0,MacBook-Pro-4.local,darwin,0,1.2079,827.88,Signature,True,2025-11-20T22:32:45.780549,,1259
OV-Is,verify,1024,64,2.0,1,1,0,MacBook-Pro-4.local,darwin,0,1.161,861.3,Signature,True,2025-11-20T22:32:45.781739,,1260
OV-Is-pkc,sign,0,1,2.0,1,1,0,MacBook-Pro-4.local,darwin,0,2.1835,457.99,Signature,True,2025-11-20T22:32:45.783987,,1261
OV-Is-pkc,sign,0,1,2.0,1,1,0,MacBook-Pro-4.local,darwin,0,1.2752,784.16,Signature,True,2025-11-20T22:32:45.785326,,1262
OV-Is-pkc,sign,0,1,2.0,1,1,0,MacBook-Pro-4.local,darwin,0,1.1453,873.15,Signature,True,2025-11-20T22:32:45.786506,,1263
OV-Is-pkc,sign,0,1,2.0,1,1,0,MacBook-Pro-4.local,darwin,0,1.2033,831.05,Signature,True,2025-11-20T22:32:45.787739,,1264
OV-Is-pkc,sign,0,1,2.0,1,1,0,MacBook-Pro-4.local,darwin,0,1.6987,588.7,Signature,True,2025-11-20T22:32:45.789480,,1265
OV-Is-pkc,sign,0,16,2.0,1,1,0,MacBook-Pro-4.local,darwin,0,1.6876,592.56,Signature,True,2025-11-20T22:32:45.791244,,1266
OV-Is-pkc,sign,0,16,2.0,1,1,0,MacBook-Pro-4.local,darwin,0,1.1915,839.28,Signature,True,2025-11-20T22:32:45.792538,,1267
OV-Is-pkc,sign,0,16,2.0,1,1,0,MacBook-Pro-4.local,darwin,0,1.1445,873.75,Signature,True,2025-11-20T22:32:45.793722,,1268
OV-Is-pkc,sign,0,16,2.0,1,1,0,MacBook-Pro-4.local,darwin,0,1.1691,855.34,Signature,True,2025-11-20T22:32:45.794921,,1269
OV-Is-pkc,sign,0,16,2.0,1,1,0,MacBook-Pro-4.local,darwin,0,1.1589,862.88,Signature,True,2025-11-20T22:32:45.796107,,1270
OV-Is-pkc,sign,0,64,2.0,1,1,0,MacBook-Pro-4.local,darwin,0,1.2422,805.04,Signature,True,2025-11-20T22:32:45.797380,,1271
OV-Is-pkc,sign,0,64,2.0,1,1,0,MacBook-Pro-4.local,darwin,0,1.7952,557.05,Signature,True,2025-11-20T22:32:45.799225,,1272
OV-Is-pkc,sign,0,64,2.0,1,1,0,MacBook-Pro-4.local,darwin,0,1.5299,653.63,Signature,True,2025-11-20T22:32:45.800885,,1273
OV-Is-pkc,sign,0,64,2.0,1,1,0,MacBook-Pro-4.local,darwin,0,1.3086,764.17,Signature,True,2025-11-20T22:32:45.802255,,1274
OV-Is-pkc,sign,0,64,2.0,1,1,0,MacBook-Pro-4.local,darwin,0,1.1828,845.44,Signature,True,2025-11-20T22:32:45.803485,,1275
OV-Is-pkc,sign,1024,1,2.0,1,1,0,MacBook-Pro-4.local,darwin,0,1.2067,828.71,Signature,True,2025-11-20T22:32:45.804728,,1276
OV-Is-pkc,sign,1024,1,2.0,1,1,0,MacBook-Pro-4.local,darwin,0,1.2138,823.87,Signature,True,2025-11-20T22:32:45.805974,,1277
OV-Is-pkc,sign,1024,1,2.0,1,1,0,MacBook-Pro-4.local,darwin,0,1.708,585.47,Signature,True,2025-11-20T22:32:45.807720,,1278
OV-Is-pkc,sign,1024,1,2.0,1,1,0,MacBook-Pro-4.local,darwin,0,1.2323,811.49,Signature,True,2025-11-20T22:32:45.809013,,1279
OV-Is-pkc,sign,1024,1,2.0,1,1,0,MacBook-Pro-4.local,darwin,0,1.1844,844.3,Signature,True,2025-11-20T22:32:45.810231,,1280
OV-Is-pkc,sign,1024,16,2.0,1,1,0,MacBook-Pro-4.local,darwin,0,1.1616,860.87,Signature,True,2025-11-20T22:32:45.811424,,1281
OV-Is-pkc,sign,1024,16,2.0,1,1,0,MacBook-Pro-4.local,darwin,0,1.2267,815.21,Signature,True,2025-11-20T22:32:45.812678,,1282
OV-Is-pkc,sign,1024,16,2.0,1,1,0,MacBook-Pro-4.local,darwin,0,1.1518,868.2,Signature,True,2025-11-20T22:32:45.813883,,1283
OV-Is-pkc,sign,1024,16,2.0,1,1,0,MacBook-Pro-4.local,darwin,0,1.5706,636.71,Signature,True,2025-11-20T22:32:45.815492,,1284
OV-Is-pkc,sign,1024,16,2.0,1,1,0,MacBook-Pro-4.local,darwin,0,1.3439,744.1,Signature,True,2025-11-20T22:32:45.816900,,1285
OV-Is-pkc,sign,1024,64,2.0,1,1,0,MacBook-Pro-4.local,darwin,0,1.8043,554.23,Signature,True,2025-11-20T22:32:45.818777,,1286
OV-Is-pkc,sign,1024,64,2.0,1,1,0,MacBook-Pro-4.local,darwin,0,2.5753,388.31,Signature,True,2025-11-20T22:32:45.821456,,1287
OV-Is-pkc,sign,1024,64,2.0,1,1,0,MacBook-Pro-4.local,darwin,0,1.9416,515.03,Signature,True,2025-11-20T22:32:45.823489,,1288
OV-Is-pkc,sign,1024,64,2.0,1,1,0,MacBook-Pro-4.local,darwin,0,1.579,633.32,Signature,True,2025-11-20T22:32:45.825142,,1289
OV-Is-pkc,sign,1024,64,2.0,1,1,0,MacBook-Pro-4.local,darwin,0,1.1934,837.94,Signature,True,2025-11-20T22:32:45.826396,,1290
OV-Is-pkc,verify,0,1,2.0,1,1,0,MacBook-Pro-4.local,darwin,0,1.1505,869.2,Signature,True,2025-11-20T22:32:45.827587,,1291
OV-Is-pkc,verify,0,1,2.0,1,1,0,MacBook-Pro-4.local,darwin,0,1.1586,863.15,Signature,True,2025-11-20T22:32:45.828775,,1292
OV-Is-pkc,verify,0,1,2.0,1,1,0,MacBook-Pro-4.local,darwin,0,1.415,706.72,Signature,True,2025-11-20T22:32:45.830227,,1293
OV-Is-pkc,verify,0,1,2.0,1,1,0,MacBook-Pro-4.local,darwin,0,1.3193,757.98,Signature,True,2025-11-20T22:32:45.831611,,1294
OV-Is-pkc,verify,0,1,2.0,1,1,0,MacBook-Pro-4.local,darwin,0,1.3288,752.58,Signature,True,2025-11-20T22:32:45.832991,,1295
OV-Is-pkc,verify,0,16,2.0,1,1,0,MacBook-Pro-4.local,darwin,0,1.1689,855.5,Signature,True,2025-11-20T22:32:45.834203,,1296
OV-Is-pkc,verify,0,16,2.0,1,1,0,MacBook-Pro-4.local,darwin,0,1.1654,858.11,Signature,True,2025-11-20T22:32:45.835400,,1297
OV-Is-pkc,verify,0,16,2.0,1,1,0,MacBook-Pro-4.local,darwin,0,1.3817,723.72,Signature,True,2025-11-20T22:32:45.836847,,1298
OV-Is-pkc,verify,0,16,2.0,1,1,0,MacBook-Pro-4.local,darwin,0,1.6129,620.02,Signature,True,2025-11-20T22:32:45.838540,,1299
OV-Is-pkc,verify,0,16,2.0,1,1,0,MacBook-Pro-4.local,darwin,0,1.4675,681.43,Signature,True,2025-11-20T22:32:45.840106,,1300
OV-Is-pkc,verify,0,64,2.0,1,1,0,MacBook-Pro-4.local,darwin,0,1.2888,775.91,Signature,True,2025-11-20T22:32:45.841453,,1301
OV-Is-pkc,verify,0,64,2.0,1,1,0,MacBook-Pro-4.local,darwin,0,1.1588,862.99,Signature,True,2025-11-20T22:32:45.842659,,1302
OV-Is-pkc,verify,0,64,2.0,1,1,0,MacBook-Pro-4.local,darwin,0,1.1444,873.79,Signature,True,2025-11-20T22:32:45.843841,,1303
OV-Is-pkc,verify,0,64,2.0,1,1,0,MacBook-Pro-4.local,darwin,0,1.1768,849.78,Signature,True,2025-11-20T22:32:45.845047,,1304
OV-Is-pkc,verify,0,64,2.0,1,1,0,MacBook-Pro-4.local,darwin,0,1.4707,679.93,Signature,True,2025-11-20T22:32:45.846555,,1305
OV-Is-pkc,verify,1024,1,2.0,1,1,0,MacBook-Pro-4.local,darwin,0,1.2382,807.63,Signature,True,2025-11-20T22:32:45.847889,,1306
OV-Is-pkc,verify,1024,1,2.0,1,1,0,MacBook-Pro-4.local,darwin,0,1.3026,767.68,Signature,True,2025-11-20T22:32:45.849278,,1307
OV-Is-pkc,verify,1024,1,2.0,1,1,0,MacBook-Pro-4.local,darwin,0,1.2351,809.66,Signature,True,2025-11-20T22:32:45.850592,,1308
OV-Is-pkc,verify,1024,1,2.0,1,1,0,MacBook-Pro-4.local,darwin,0,1.1801,847.39,Signature,True,2025-11-20T22:32:45.851808,,1309
OV-Is-pkc,verify,1024,1,2.0,1,1,0,MacBook-Pro-4.local,darwin,0,1.256,796.17,Signature,True,2025-11-20T22:32:45.853126,,1310
OV-Is-pkc,verify,1024,16,2.0,1,1,0,MacBook-Pro-4.local,darwin,0,1.4703,680.12,Signature,True,2025-11-20T22:32:45.854655,,1311
OV-Is-pkc,verify,1024,16,2.0,1,1,0,MacBook-Pro-4.local,darwin,0,1.2093,826.94,Signature,True,2025-11-20T22:32:45.855918,,1312
OV-Is-pkc,verify,1024,16,2.0,1,1,0,MacBook-Pro-4.local,darwin,0,1.1648,858.54,Signature,True,2025-11-20T22:32:45.857114,,1313
OV-Is-pkc,verify,1024,16,2.0,1,1,0,MacBook-Pro-4.local,darwin,0,1.1584,863.29,Signature,True,2025-11-20T22:32:45.858302,,1314
OV-Is-pkc,verify,1024,16,2.0,1,1,0,MacBook-Pro-4.local,darwin,0,1.288,776.4,Signature,True,2025-11-20T22:32:45.859628,,1315
OV-Is-pkc,verify,1024,64,2.0,1,1,0,MacBook-Pro-4.local,darwin,0,1.1932,838.12,Signature,True,2025-11-20T22:32:45.860879,,1316
OV-Is-pkc,verify,1024,64,2.0,1,1,0,MacBook-Pro-4.local,darwin,0,1.5376,650.37,Signature,True,2025-11-20T22:32:45.862456,,1317
OV-Is-pkc,verify,1024,64,2.0,1,1,0,MacBook-Pro-4.local,darwin,0,1.2043,830.36,Signature,True,2025-11-20T22:32:45.863718,,1318
OV-Is-pkc,verify,1024,64,2.0,1,1,0,MacBook-Pro-4.local,darwin,0,1.1684,855.86,Signature,True,2025-11-20T22:32:45.864920,,1319
OV-Is-pkc,verify,1024,64,2.0,1,1,0,MacBook-Pro-4.local,darwin,0,1.215,823.07,Signature,True,2025-11-20T22:32:45.866170,,1320
OV-Is-pkc-skc,sign,0,1,2.0,1,1,0,MacBook-Pro-4.local,darwin,0,1.9156,522.02,Signature,True,2025-11-20T22:32:45.868136,,1321
OV-Is-pkc-skc,sign,0,1,2.0,1,1,0,MacBook-Pro-4.local,darwin,0,2.1672,461.43,Signature,True,2025-11-20T22:32:45.870348,,1322
OV-Is-pkc-skc,sign,0,1,2.0,1,1,0,MacBook-Pro-4.local,darwin,0,1.8355,544.8,Signature,True,2025-11-20T22:32:45.872275,,1323
OV-Is-pkc-skc,sign,0,1,2.0,1,1,0,MacBook-Pro-4.local,darwin,0,1.7692,565.22,Signature,True,2025-11-20T22:32:45.874076,,1324
OV-Is-pkc-skc,sign,0,1,2.0,1,1,0,MacBook-Pro-4.local,darwin,0,1.7687,565.37,Signature,True,2025-11-20T22:32:45.875872,,1325
OV-Is-pkc-skc,sign,0,16,2.0,1,1,0,MacBook-Pro-4.local,darwin,0,2.015,496.27,Signature,True,2025-11-20T22:32:45.877923,,1326
OV-Is-pkc-skc,sign,0,16,2.0,1,1,0,MacBook-Pro-4.local,darwin,0,1.9215,520.41,Signature,True,2025-11-20T22:32:45.879962,,1327
OV-Is-pkc-skc,sign,0,16,2.0,1,1,0,MacBook-Pro-4.local,darwin,0,1.7748,563.45,Signature,True,2025-11-20T22:32:45.881775,,1328
OV-Is-pkc-skc,sign,0,16,2.0,1,1,0,MacBook-Pro-4.local,darwin,0,2.0042,498.95,Signature,True,2025-11-20T22:32:45.883813,,1329
OV-Is-pkc-skc,sign,0,16,2.0,1,1,0,MacBook-Pro-4.local,darwin,0,2.0332,491.85,Signature,True,2025-11-20T22:32:45.885899,,1330
OV-Is-pkc-skc,sign,0,64,2.0,1,1,0,MacBook-Pro-4.local,darwin,0,1.8843,530.7,Signature,True,2025-11-20T22:32:45.887843,,1331
OV-Is-pkc-skc,sign,0,64,2.0,1,1,0,MacBook-Pro-4.local,darwin,0,1.7656,566.38,Signature,True,2025-11-20T22:32:45.889644,,1332
OV-Is-pkc-skc,sign,0,64,2.0,1,1,0,MacBook-Pro-4.local,darwin,0,1.771,564.66,Signature,True,2025-11-20T22:32:45.891487,,1333
OV-Is-pkc-skc,sign,0,64,2.0,1,1,0,MacBook-Pro-4.local,darwin,0,1.9864,503.42,Signature,True,2025-11-20T22:32:45.893514,,1334
OV-Is-pkc-skc,sign,0,64,2.0,1,1,0,MacBook-Pro-4.local,darwin,0,2.4415,409.59,Signature,True,2025-11-20T22:32:45.896053,,1335
OV-Is-pkc-skc,sign,1024,1,2.0,1,1,0,MacBook-Pro-4.local,darwin,0,1.8448,542.06,Signature,True,2025-11-20T22:32:45.897965,,1336
OV-Is-pkc-skc,sign,1024,1,2.0,1,1,0,MacBook-Pro-4.local,darwin,0,2.0107,497.35,Signature,True,2025-11-20T22:32:45.900016,,1337
OV-Is-pkc-skc,sign,1024,1,2.0,1,1,0,MacBook-Pro-4.local,darwin,0,2.5326,394.86,Signature,True,2025-11-20T22:32:45.902618,,1338
OV-Is-pkc-skc,sign,1024,1,2.0,1,1,0,MacBook-Pro-4.local,darwin,0,1.926,519.21,Signature,True,2025-11-20T22:32:45.904618,,1339
OV-Is-pkc-skc,sign,1024,1,2.0,1,1,0,MacBook-Pro-4.local,darwin,0,1.7997,555.66,Signature,True,2025-11-20T22:32:45.906465,,1340
OV-Is-pkc-skc,sign,1024,16,2.0,1,1,0,MacBook-Pro-4.local,darwin,0,1.9796,505.16,Signature,True,2025-11-20T22:32:45.908483,,1341
OV-Is-pkc-skc,sign,1024,16,2.0,1,1,0,MacBook-Pro-4.local,darwin,0,2.3636,423.09,Signature,True,2025-11-20T22:32:45.910908,,1342
OV-Is-pkc-skc,sign,1024,16,2.0,1,1,0,MacBook-Pro-4.local,darwin,0,2.1663,461.61,Signature,True,2025-11-20T22:32:45.913148,,1343
OV-Is-pkc-skc,sign,1024,16,2.0,1,1,0,MacBook-Pro-4.local,darwin,0,1.8212,549.1,Signature,True,2025-11-20T22:32:45.915018,,1344
OV-Is-pkc-skc,sign,1024,16,2.0,1,1,0,MacBook-Pro-4.local,darwin,0,2.033,491.89,Signature,True,2025-11-20T22:32:45.917089,,1345
OV-Is-pkc-skc,sign,1024,64,2.0,1,1,0,MacBook-Pro-4.local,darwin,0,2.0595,485.57,Signature,True,2025-11-20T22:32:45.919233,,1346
OV-Is-pkc-skc,sign,1024,64,2.0,1,1,0,MacBook-Pro-4.local,darwin,0,1.8236,548.36,Signature,True,2025-11-20T22:32:45.921102,,1347
OV-Is-pkc-skc,sign,1024,64,2.0,1,1,0,MacBook-Pro-4.local,darwin,0,1.7841,560.5,Signature,True,2025-11-20T22:32:45.922917,,1348
OV-Is-pkc-skc,sign,1024,64,2.0,1,1,0,MacBook-Pro-4.local,darwin,0,2.0537,486.94,Signature,True,2025-11-20T22:32:45.925050,,1349
OV-Is-pkc-skc,sign,1024,64,2.0,1,1,0,MacBook-Pro-4.local,darwin,0,1.8614,537.23,Signature,True,2025-11-20T22:32:45.927012,,1350
OV-Is-pkc-skc,verify,0,1,2.0,1,1,0,MacBook-Pro-4.local,darwin,0,1.7689,565.33,Signature,True,2025-11-20T22:32:45.928823,,1351
OV-Is-pkc-skc,verify,0,1,2.0,1,1,0,MacBook-Pro-4.local,darwin,0,2.1372,467.89,Signature,True,2025-11-20T22:32:45.931001,,1352
OV-Is-pkc-skc,verify,0,1,2.0,1,1,0,MacBook-Pro-4.local,darwin,0,2.5379,394.03,Signature,True,2025-11-20T22:32:45.933627,,1353
OV-Is-pkc-skc,verify,0,1,2.0,1,1,0,MacBook-Pro-4.local,darwin,0,1.9292,518.36,Signature,True,2025-11-20T22:32:45.935623,,1354
OV-Is-pkc-skc,verify,0,1,2.0,1,1,0,MacBook-Pro-4.local,darwin,0,1.7859,559.95,Signature,True,2025-11-20T22:32:45.937456,,1355
OV-Is-pkc-skc,verify,0,16,2.0,1,1,0,MacBook-Pro-4.local,darwin,0,1.763,567.22,Signature,True,2025-11-20T22:32:45.939251,,1356
OV-Is-pkc-skc,verify,0,16,2.0,1,1,0,MacBook-Pro-4.local,darwin,0,1.8522,539.89,Signature,True,2025-11-20T22:32:45.941132,,1357
OV-Is-pkc-skc,verify,0,16,2.0,1,1,0,MacBook-Pro-4.local,darwin,0,1.9436,514.51,Signature,True,2025-11-20T22:32:45.943141,,1358
OV-Is-pkc-skc,verify,0,16,2.0,1,1,0,MacBook-Pro-4.local,darwin,0,1.7959,556.83,Signature,True,2025-11-20T22:32:45.944992,,1359
OV-Is-pkc-skc,verify,0,16,2.0,1,1,0,MacBook-Pro-4.local,darwin,0,1.8087,552.89,Signature,True,2025-11-20T22:32:45.946835,,1360
OV-Is-pkc-skc,verify,0,64,2.0,1,1,0,MacBook-Pro-4.local,darwin,0,2.7973,357.49,Signature,True,2025-11-20T22:32:45.949675,,1361
OV-Is-pkc-skc,verify,0,64,2.0,1,1,0,MacBook-Pro-4.local,darwin,0,2.2589,442.7,Signature,True,2025-11-20T22:32:45.952074,,1362
OV-Is-pkc-skc,verify,0,64,2.0,1,1,0,MacBook-Pro-4.local,darwin,0,1.8994,526.48,Signature,True,2025-11-20T22:32:45.954037,,1363
OV-Is-pkc-skc,verify,0,64,2.0,1,1,0,MacBook-Pro-4.local,darwin,0,1.8061,553.67,Signature,True,2025-11-20T22:32:45.955875,,1364
OV-Is-pkc-skc,verify,0,64,2.0,1,1,0,MacBook-Pro-4.local,darwin,0,2.1765,459.44,Signature,True,2025-11-20T22:32:45.958088,,1365
OV-Is-pkc-skc,verify,1024,1,2.0,1,1,0,MacBook-Pro-4.local,darwin,0,1.8395,543.63,Signature,True,2025-11-20T22:32:45.959989,,1366
OV-Is-pkc-skc,verify,1024,1,2.0,1,1,0,MacBook-Pro-4.local,darwin,0,1.8185,549.92,Signature,True,2025-11-20T22:32:45.961842,,1367
OV-Is-pkc-skc,verify,1024,1,2.0,1,1,0,MacBook-Pro-4.local,darwin,0,1.7966,556.61,Signature,True,2025-11-20T22:32:45.963667,,1368
OV-Is-pkc-skc,verify,1024,1,2.0,1,1,0,MacBook-Pro-4.local,darwin,0,2.0926,477.88,Signature,True,2025-11-20T22:32:45.965799,,1369
OV-Is-pkc-skc,verify,1024,1,2.0,1,1,0,MacBook-Pro-4.local,darwin,0,2.5134,397.86,Signature,True,2025-11-20T22:32:45.968393,,1370
OV-Is-pkc-skc,verify,1024,16,2.0,1,1,0,MacBook-Pro-4.local,darwin,0,2.2741,439.73,Signature,True,2025-11-20T22:32:45.970749,,1371
OV-Is-pkc-skc,verify,1024,16,2.0,1,1,0,MacBook-Pro-4.local,darwin,0,2.2948,435.76,Signature,True,2025-11-20T22:32:45.973119,,1372
OV-Is-pkc-skc,verify,1024,16,2.0,1,1,0,MacBook-Pro-4.local,darwin,0,1.9369,516.3,Signature,True,2025-11-20T22:32:45.975178,,1373
OV-Is-pkc-skc,verify,1024,16,2.0,1,1,0,MacBook-Pro-4.local,darwin,0,1.7962,556.74,Signature,True,2025-11-20T22:32:45.977021,,1374
OV-Is-pkc-skc,verify,1024,16,2.0,1,1,0,MacBook-Pro-4.local,darwin,0,1.8089,552.81,Signature,True,2025-11-20T22:32:45.978862,,1375
OV-Is-pkc-skc,verify,1024,64,2.0,1,1,0,MacBook-Pro-4.local,darwin,0,2.1914,456.34,Signature,True,2025-11-20T22:32:45.981091,,1376
OV-Is-pkc-skc,verify,1024,64,2.0,1,1,0,MacBook-Pro-4.local,darwin,0,2.2229,449.86,Signature,True,2025-11-20T22:32:45.983387,,1377
OV-Is-pkc-skc,verify,1024,64,2.0,1,1,0,MacBook-Pro-4.local,darwin,0,2.4731,404.36,Signature,True,2025-11-20T22:32:45.985937,,1378
OV-Is-pkc-skc,verify,1024,64,2.0,1,1,0,MacBook-Pro-4.local,darwin,0,1.9673,508.3,Signature,True,2025-11-20T22:32:45.988008,,1379
OV-Is-pkc-skc,verify,1024,64,2.0,1,1,0,MacBook-Pro-4.local,darwin,0,2.1513,464.83,Signature,True,2025-11-20T22:32:45.990255,,1380
OV-V,sign,0,1,2.0,1,1,0,MacBook-Pro-4.local,darwin,0,18.2777,54.71,Signature,True,2025-11-20T22:32:46.008700,,1381
OV-V,sign,0,1,2.0,1,1,0,MacBook-Pro-4.local,darwin,0,13.4773,74.2,Signature,True,2025-11-20T22:32:46.022263,,1382
OV-V,sign,0,1,2.0,1,1,0,MacBook-Pro-4.local,darwin,0,12.3032,81.28,Signature,True,2025-11-20T22:32:46.034654,,1383
OV-V,sign,0,1,2.0,1,1,0,MacBook-Pro-4.local,darwin,0,13.5328,73.89,Signature,True,2025-11-20T22:32:46.048283,,1384
OV-V,sign,0,1,2.0,1,1,0,MacBook-Pro-4.local,darwin,0,23.2973,42.92,Signature,True,2025-11-20T22:32:46.071685,,1385
OV-V,sign,0,16,2.0,1,1,0,MacBook-Pro-4.local,darwin,0,22.8292,43.8,Signature,True,2025-11-20T22:32:46.094681,,1386
OV-V,sign,0,16,2.0,1,1,0,MacBook-Pro-4.local,darwin,0,18.0945,55.27,Signature,True,2025-11-20T22:32:46.112876,,1387
OV-V,sign,0,16,2.0,1,1,0,MacBook-Pro-4.local,darwin,0,16.6625,60.01,Signature,True,2025-11-20T22:32:46.129686,,1388
OV-V,sign,0,16,2.0,1,1,0,MacBook-Pro-4.local,darwin,0,15.6924,63.72,Signature,True,2025-11-20T22:32:46.145467,,1389
OV-V,sign,0,16,2.0,1,1,0,MacBook-Pro-4.local,darwin,0,14.8017,67.56,Signature,True,2025-11-20T22:32:46.160375,,1390
OV-V,sign,0,64,2.0,1,1,0,MacBook-Pro-4.local,darwin,0,17.1283,58.38,Signature,True,2025-11-20T22:32:46.177625,,1391
OV-V,sign,0,64,2.0,1,1,0,MacBook-Pro-4.local,darwin,0,16.789,59.56,Signature,True,2025-11-20T22:32:46.194508,,1392
OV-V,sign,0,64,2.0,1,1,0,MacBook-Pro-4.local,darwin,0,14.3327,69.77,Signature,True,2025-11-20T22:32:46.208931,,1393
OV-V,sign,0,64,2.0,1,1,0,MacBook-Pro-4.local,darwin,0,16.5207,60.53,Signature,True,2025-11-20T22:32:46.225539,,1394
OV-V,sign,0,64,2.0,1,1,0,MacBook-Pro-4.local,darwin,0,14.5578,68.69,Signature,True,2025-11-20T22:32:46.240181,,1395
OV-V,sign,1024,1,2.0,1,1,0,MacBook-Pro-4.local,darwin,0,12.2959,81.33,Signature,True,2025-11-20T22:32:46.252567,,1396
OV-V,sign,1024,1,2.0,1,1,0,MacBook-Pro-4.local,darwin,0,14.067,71.09,Signature,True,2025-11-20T22:32:46.266717,,1397
OV-V,sign,1024,1,2.0,1,1,0,MacBook-Pro-4.local,darwin,0,12.4423,80.37,Signature,True,2025-11-20T22:32:46.279245,,1398
OV-V,sign,1024,1,2.0,1,1,0,MacBook-Pro-4.local,darwin,0,14.5231,68.86,Signature,True,2025-11-20T22:32:46.293909,,1399
OV-V,sign,1024,1,2.0,1,1,0,MacBook-Pro-4.local,darwin,0,13.3886,74.69,Signature,True,2025-11-20T22:32:46.307390,,1400
OV-V,sign,1024,16,2.0,1,1,0,MacBook-Pro-4.local,darwin,0,12.3594,80.91,Signature,True,2025-11-20T22:32:46.319844,,1401
OV-V,sign,1024,16,2.0,1,1,0,MacBook-Pro-4.local,darwin,0,14.0188,71.33,Signature,True,2025-11-20T22:32:46.333984,,1402
OV-V,sign,1024,16,2.0,1,1,0,MacBook-Pro-4.local,darwin,0,13.0101,76.86,Signature,True,2025-11-20T22:32:46.347089,,1403
OV-V,sign,1024,16,2.0,1,1,0,MacBook-Pro-4.local,darwin,0,13.9753,71.55,Signature,True,2025-11-20T22:32:46.361160,,1404
OV-V,sign,1024,16,2.0,1,1,0,MacBook-Pro-4.local,darwin,0,14.3559,69.66,Signature,True,2025-11-20T22:32:46.375660,,1405
OV-V,sign,1024,64,2.0,1,1,0,MacBook-Pro-4.local,darwin,0,15.571,64.22,Signature,True,2025-11-20T22:32:46.391338,,1406
OV-V,sign,1024,64,2.0,1,1,0,MacBook-Pro-4.local,darwin,0,13.895,71.97,Signature,True,2025-11-20T22:32:46.405381,,1407
OV-V,sign,1024,64,2.0,1,1,0,MacBook-Pro-4.local,darwin,0,14.299,69.93,Signature,True,2025-11-20T22:32:46.419767,,1408
OV-V,sign,1024,64,2.0,1,1,0,MacBook-Pro-4.local,darwin,0,13.7701,72.62,Signature,True,2025-11-20T22:32:46.433656,,1409
OV-V,sign,1024,64,2.0,1,1,0,MacBook-Pro-4.local,darwin,0,13.1231,76.2,Signature,True,2025-11-20T22:32:46.446875,,1410
OV-V,verify,0,1,2.0,1,1,0,MacBook-Pro-4.local,darwin,0,13.3804,74.74,Signature,True,2025-11-20T22:32:46.460462,,1411
OV-V,verify,0,1,2.0,1,1,0,MacBook-Pro-4.local,darwin,0,15.6399,63.94,Signature,True,2025-11-20T22:32:46.476223,,1412
OV-V,verify,0,1,2.0,1,1,0,MacBook-Pro-4.local,darwin,0,14.3083,69.89,Signature,True,2025-11-20T22:32:46.490649,,1413
OV-V,verify,0,1,2.0,1,1,0,MacBook-Pro-4.local,darwin,0,13.6899,73.05,Signature,True,2025-11-20T22:32:46.504458,,1414
OV-V,verify,0,1,2.0,1,1,0,MacBook-Pro-4.local,darwin,0,14.9552,66.87,Signature,True,2025-11-20T22:32:46.519532,,1415
OV-V,verify,0,16,2.0,1,1,0,MacBook-Pro-4.local,darwin,0,13.9012,71.94,Signature,True,2025-11-20T22:32:46.533568,,1416
OV-V,verify,0,16,2.0,1,1,0,MacBook-Pro-4.local,darwin,0,13.9784,71.54,Signature,True,2025-11-20T22:32:46.547801,,1417
OV-V,verify,0,16,2.0,1,1,0,MacBook-Pro-4.local,darwin,0,13.6169,73.44,Signature,True,2025-11-20T22:32:46.561544,,1418
OV-V,verify,0,16,2.0,1,1,0,MacBook-Pro-4.local,darwin,0,13.3011,75.18,Signature,True,2025-11-20T22:32:46.574964,,1419
OV-V,verify,0,16,2.0,1,1,0,MacBook-Pro-4.local,darwin,0,12.9492,77.22,Signature,True,2025-11-20T22:32:46.588002,,1420
OV-V,verify,0,64,2.0,1,1,0,MacBook-Pro-4.local,darwin,0,13.7533,72.71,Signature,True,2025-11-20T22:32:46.601843,,1421
OV-V,verify,0,64,2.0,1,1,0,MacBook-Pro-4.local,darwin,0,12.7467,78.45,Signature,True,2025-11-20T22:32:46.614678,,1422
OV-V,verify,0,64,2.0,1,1,0,MacBook-Pro-4.local,darwin,0,12.9485,77.23,Signature,True,2025-11-20T22:32:46.627726,,1423
OV-V,verify,0,64,2.0,1,1,0,MacBook-Pro-4.local,darwin,0,15.2618,65.52,Signature,True,2025-11-20T22:32:46.643083,,1424
OV-V,verify,0,64,2.0,1,1,0,MacBook-Pro-4.local,darwin,0,12.8703,77.7,Signature,True,2025-11-20T22:32:46.656039,,1425
OV-V,verify,1024,1,2.0,1,1,0,MacBook-Pro-4.local,darwin,0,13.0196,76.81,Signature,True,2025-11-20T22:32:46.669148,,1426
OV-V,verify,1024,1,2.0,1,1,0,MacBook-Pro-4.local,darwin,0,13.0597,76.57,Signature,True,2025-11-20T22:32:46.682299,,1427
OV-V,verify,1024,1,2.0,1,1,0,MacBook-Pro-4.local,darwin,0,12.3756,80.8,Signature,True,2025-11-20T22:32:46.694770,,1428
OV-V,verify,1024,1,2.0,1,1,0,MacBook-Pro-4.local,darwin,0,14.2217,70.32,Signature,True,2025-11-20T22:32:46.709088,,1429
OV-V,verify,1024,1,2.0,1,1,0,MacBook-Pro-4.local,darwin,0,13.5237,73.94,Signature,True,2025-11-20T22:32:46.722699,,1430
OV-V,verify,1024,16,2.0,1,1,0,MacBook-Pro-4.local,darwin,0,12.9968,76.94,Signature,True,2025-11-20T22:32:46.735817,,1431
OV-V,verify,1024,16,2.0,1,1,0,MacBook-Pro-4.local,darwin,0,12.0043,83.3,Signature,True,2025-11-20T22:32:46.747907,,1432
OV-V,verify,1024,16,2.0,1,1,0,MacBook-Pro-4.local,darwin,0,12.3309,81.1,Signature,True,2025-11-20T22:32:46.760326,,1433
OV-V,verify,1024,16,2.0,1,1,0,MacBook-Pro-4.local,darwin,0,12.9776,77.06,Signature,True,2025-11-20T22:32:46.773424,,1434
OV-V,verify,1024,16,2.0,1,1,0,MacBook-Pro-4.local,darwin,0,12.9404,77.28,Signature,True,2025-11-20T22:32:46.786454,,1435
OV-V,verify,1024,64,2.0,1,1,0,MacBook-Pro-4.local,darwin,0,12.4962,80.02,Signature,True,2025-11-20T22:32:46.799041,,1436
OV-V,verify,1024,64,2.0,1,1,0,MacBook-Pro-4.local,darwin,0,12.2177,81.85,Signature,True,2025-11-20T22:32:46.811342,,1437
OV-V,verify,1024,64,2.0,1,1,0,MacBook-Pro-4.local,darwin,0,12.1353,82.4,Signature,True,2025-11-20T22:32:46.823569,,1438
OV-V,verify,1024,64,2.0,1,1,0,MacBook-Pro-4.local,darwin,0,12.6522,79.04,Signature,True,2025-11-20T22:32:46.836308,,1439
OV-V,verify,1024,64,2.0,1,1,0,MacBook-Pro-4.local,darwin,0,12.0364,83.08,Signature,True,2025-11-20T22:32:46.848436,,1440
OV-V-pkc,sign,0,1,2.0,1,1,0,MacBook-Pro-4.local,darwin,0,14.1985,70.43,Signature,True,2025-11-20T22:32:46.863090,,1441
OV-V-pkc,sign,0,1,2.0,1,1,0,MacBook-Pro-4.local,darwin,0,13.5919,73.57,Signature,True,2025-11-20T22:32:46.876794,,1442
OV-V-pkc,sign,0,1,2.0,1,1,0,MacBook-Pro-4.local,darwin,0,12.3167,81.19,Signature,True,2025-11-20T22:32:46.889216,,1443
OV-V-pkc,sign,0,1,2.0,1,1,0,MacBook-Pro-4.local,darwin,0,11.996,83.36,Signature,True,2025-11-20T22:32:46.901319,,1444
OV-V-pkc,sign,0,1,2.0,1,1,0,MacBook-Pro-4.local,darwin,0,12.3263,81.13,Signature,True,2025-11-20T22:32:46.913755,,1445
OV-V-pkc,sign,0,16,2.0,1,1,0,MacBook-Pro-4.local,darwin,0,12.6032,79.34,Signature,True,2025-11-20T22:32:46.926503,,1446
OV-V-pkc,sign,0,16,2.0,1,1,0,MacBook-Pro-4.local,darwin,0,11.9835,83.45,Signature,True,2025-11-20T22:32:46.938617,,1447
OV-V-pkc,sign,0,16,2.0,1,1,0,MacBook-Pro-4.local,darwin,0,12.7765,78.27,Signature,True,2025-11-20T22:32:46.951491,,1448
OV-V-pkc,sign,0,16,2.0,1,1,0,MacBook-Pro-4.local,darwin,0,12.8257,77.97,Signature,True,2025-11-20T22:32:46.964431,,1449
OV-V-pkc,sign,0,16,2.0,1,1,0,MacBook-Pro-4.local,darwin,0,12.035,83.09,Signature,True,2025-11-20T22:32:46.976577,,1450
OV-V-pkc,sign,0,64,2.0,1,1,0,MacBook-Pro-4.local,darwin,0,13.085,76.42,Signature,True,2025-11-20T22:32:46.989770,,1451
OV-V-pkc,sign,0,64,2.0,1,1,0,MacBook-Pro-4.local,darwin,0,12.6094,79.31,Signature,True,2025-11-20T22:32:47.002501,,1452
OV-V-pkc,sign,0,64,2.0,1,1,0,MacBook-Pro-4.local,darwin,0,12.496,80.03,Signature,True,2025-11-20T22:32:47.015117,,1453
OV-V-pkc,sign,0,64,2.0,1,1,0,MacBook-Pro-4.local,darwin,0,12.9119,77.45,Signature,True,2025-11-20T22:32:47.028132,,1454
OV-V-pkc,sign,0,64,2.0,1,1,0,MacBook-Pro-4.local,darwin,0,13.7742,72.6,Signature,True,2025-11-20T22:32:47.042030,,1455
OV-V-pkc,sign,1024,1,2.0,1,1,0,MacBook-Pro-4.local,darwin,0,13.6968,73.01,Signature,True,2025-11-20T22:32:47.055825,,1456
OV-V-pkc,sign,1024,1,2.0,1,1,0,MacBook-Pro-4.local,darwin,0,13.6886,73.05,Signature,True,2025-11-20T22:32:47.069644,,1457
OV-V-pkc,sign,1024,1,2.0,1,1,0,MacBook-Pro-4.local,darwin,0,12.8478,77.83,Signature,True,2025-11-20T22:32:47.082588,,1458
OV-V-pkc,sign,1024,1,2.0,1,1,0,MacBook-Pro-4.local,darwin,0,12.6866,78.82,Signature,True,2025-11-20T22:32:47.095402,,1459
OV-V-pkc,sign,1024,1,2.0,1,1,0,MacBook-Pro-4.local,darwin,0,13.6575,73.22,Signature,True,2025-11-20T22:32:47.109153,,1460
OV-V-pkc,sign,1024,16,2.0,1,1,0,MacBook-Pro-4.local,darwin,0,13.9252,71.81,Signature,True,2025-11-20T22:32:47.123174,,1461
OV-V-pkc,sign,1024,16,2.0,1,1,0,MacBook-Pro-4.local,darwin,0,13.1321,76.15,Signature,True,2025-11-20T22:32:47.136404,,1462
OV-V-pkc,sign,1024,16,2.0,1,1,0,MacBook-Pro-4.local,darwin,0,12.3998,80.65,Signature,True,2025-11-20T22:32:47.148925,,1463
OV-V-pkc,sign,1024,16,2.0,1,1,0,MacBook-Pro-4.local,darwin,0,12.7374,78.51,Signature,True,2025-11-20T22:32:47.161754,,1464
OV-V-pkc,sign,1024,16,2.0,1,1,0,MacBook-Pro-4.local,darwin,0,12.4829,80.11,Signature,True,2025-11-20T22:32:47.174338,,1465
OV-V-pkc,sign,1024,64,2.0,1,1,0,MacBook-Pro-4.local,darwin,0,13.7032,72.98,Signature,True,2025-11-20T22:32:47.188188,,1466
OV-V-pkc,sign,1024,64,2.0,1,1,0,MacBook-Pro-4.local,darwin,0,14.2806,70.03,Signature,True,2025-11-20T22:32:47.202608,,1467
OV-V-pkc,sign,1024,64,2.0,1,1,0,MacBook-Pro-4.local,darwin,0,16.174,61.83,Signature,True,2025-11-20T22:32:47.218877,,1468
OV-V-pkc,sign,1024,64,2.0,1,1,0,MacBook-Pro-4.local,darwin,0,14.0036,71.41,Signature,True,2025-11-20T22:32:47.232983,,1469
OV-V-pkc,sign,1024,64,2.0,1,1,0,MacBook-Pro-4.local,darwin,0,12.5847,79.46,Signature,True,2025-11-20T22:32:47.245669,,1470
OV-V-pkc,verify,0,1,2.0,1,1,0,MacBook-Pro-4.local,darwin,0,12.9177,77.41,Signature,True,2025-11-20T22:32:47.258703,,1471
OV-V-pkc,verify,0,1,2.0,1,1,0,MacBook-Pro-4.local,darwin,0,14.9269,66.99,Signature,True,2025-11-20T22:32:47.273735,,1472
OV-V-pkc,verify,0,1,2.0,1,1,0,MacBook-Pro-4.local,darwin,0,12.9643,77.13,Signature,True,2025-11-20T22:32:47.286794,,1473
OV-V-pkc,verify,0,1,2.0,1,1,0,MacBook-Pro-4.local,darwin,0,12.1414,82.36,Signature,True,2025-11-20T22:32:47.299061,,1474
OV-V-pkc,verify,0,1,2.0,1,1,0,MacBook-Pro-4.local,darwin,0,12.565,79.59,Signature,True,2025-11-20T22:32:47.311720,,1475
OV-V-pkc,verify,0,16,2.0,1,1,0,MacBook-Pro-4.local,darwin,0,13.0855,76.42,Signature,True,2025-11-20T22:32:47.324899,,1476
OV-V-pkc,verify,0,16,2.0,1,1,0,MacBook-Pro-4.local,darwin,0,12.0188,83.2,Signature,True,2025-11-20T22:32:47.337014,,1477
OV-V-pkc,verify,0,16,2.0,1,1,0,MacBook-Pro-4.local,darwin,0,13.1787,75.88,Signature,True,2025-11-20T22:32:47.350300,,1478
OV-V-pkc,verify,0,16,2.0,1,1,0,MacBook-Pro-4.local,darwin,0,13.0679,76.52,Signature,True,2025-11-20T22:32:47.363497,,1479
OV-V-pkc,verify,0,16,2.0,1,1,0,MacBook-Pro-4.local,darwin,0,13.0919,76.38,Signature,True,2025-11-20T22:32:47.376691,,1480
OV-V-pkc,verify,0,64,2.0,1,1,0,MacBook-Pro-4.local,darwin,0,14.2413,70.22,Signature,True,2025-11-20T22:32:47.391035,,1481
OV-V-pkc,verify,0,64,2.0,1,1,0,MacBook-Pro-4.local,darwin,0,13.0685,76.52,Signature,True,2025-11-20T22:32:47.404200,,1482
OV-V-pkc,verify,0,64,2.0,1,1,0,MacBook-Pro-4.local,darwin,0,12.8521,77.81,Signature,True,2025-11-20T22:32:47.417180,,1483
OV-V-pkc,verify,0,64,2.0,1,1,0,MacBook-Pro-4.local,darwin,0,13.3908,74.68,Signature,True,2025-11-20T22:32:47.430661,,1484
OV-V-pkc,verify,0,64,2.0,1,1,0,MacBook-Pro-4.local,darwin,0,13.5123,74.01,Signature,True,2025-11-20T22:32:47.444302,,1485
OV-V-pkc,verify,1024,1,2.0,1,1,0,MacBook-Pro-4.local,darwin,0,13.0339,76.72,Signature,True,2025-11-20T22:32:47.457565,,1486
OV-V-pkc,verify,1024,1,2.0,1,1,0,MacBook-Pro-4.local,darwin,0,13.1679,75.94,Signature,True,2025-11-20T22:32:47.470854,,1487
OV-V-pkc,verify,1024,1,2.0,1,1,0,MacBook-Pro-4.local,darwin,0,13.3452,74.93,Signature,True,2025-11-20T22:32:47.484310,,1488
OV-V-pkc,verify,1024,1,2.0,1,1,0,MacBook-Pro-4.local,darwin,0,12.3624,80.89,Signature,True,2025-11-20T22:32:47.496795,,1489
OV-V-pkc,verify,1024,1,2.0,1,1,0,MacBook-Pro-4.local,darwin,0,13.7028,72.98,Signature,True,2025-11-20T22:32:47.510589,,1490
OV-V-pkc,verify,1024,16,2.0,1,1,0,MacBook-Pro-4.local,darwin,0,14.2499,70.18,Signature,True,2025-11-20T22:32:47.524933,,1491
OV-V-pkc,verify,1024,16,2.0,1,1,0,MacBook-Pro-4.local,darwin,0,12.8044,78.1,Signature,True,2025-11-20T22:32:47.537832,,1492
OV-V-pkc,verify,1024,16,2.0,1,1,0,MacBook-Pro-4.local,darwin,0,12.8777,77.65,Signature,True,2025-11-20T22:32:47.550880,,1493
OV-V-pkc,verify,1024,16,2.0,1,1,0,MacBook-Pro-4.local,darwin,0,13.7497,72.73,Signature,True,2025-11-20T22:32:47.564725,,1494
OV-V-pkc,verify,1024,16,2.0,1,1,0,MacBook-Pro-4.local,darwin,0,14.4869,69.03,Signature,True,2025-11-20T22:32:47.579313,,1495
OV-V-pkc,verify,1024,64,2.0,1,1,0,MacBook-Pro-4.local,darwin,0,16.23,61.61,Signature,True,2025-11-20T22:32:47.595635,,1496
OV-V-pkc,verify,1024,64,2.0,1,1,0,MacBook-Pro-4.local,darwin,0,14.5941,68.52,Signature,True,2025-11-20T22:32:47.610322,,1497
OV-V-pkc,verify,1024,64,2.0,1,1,0,MacBook-Pro-4.local,darwin,0,14.536,68.79,Signature,True,2025-11-20T22:32:47.624952,,1498
OV-V-pkc,verify,1024,64,2.0,1,1,0,MacBook-Pro-4.local,darwin,0,15.9892,62.54,Signature,True,2025-11-20T22:32:47.641097,,1499
OV-V-pkc,verify,1024,64,2.0,1,1,0,MacBook-Pro-4.local,darwin,0,14.7861,67.63,Signature,True,2025-11-20T22:32:47.655977,,1500
OV-V-pkc-skc,sign,0,1,2.0,1,1,0,MacBook-Pro-4.local,darwin,0,20.0809,49.8,Signature,True,2025-11-20T22:32:47.676185,,1501
OV-V-pkc-skc,sign,0,1,2.0,1,1,0,MacBook-Pro-4.local,darwin,0,19.7443,50.65,Signature,True,2025-11-20T22:32:47.696021,,1502
OV-V-pkc-skc,sign,0,1,2.0,1,1,0,MacBook-Pro-4.local,darwin,0,20.1135,49.72,Signature,True,2025-11-20T22:32:47.716227,,1503
OV-V-pkc-skc,sign,0,1,2.0,1,1,0,MacBook-Pro-4.local,darwin,0,20.0474,49.88,Signature,True,2025-11-20T22:32:47.736361,,1504
OV-V-pkc-skc,sign,0,1,2.0,1,1,0,MacBook-Pro-4.local,darwin,0,19.0703,52.44,Signature,True,2025-11-20T22:32:47.755536,,1505
OV-V-pkc-skc,sign,0,16,2.0,1,1,0,MacBook-Pro-4.local,darwin,0,18.5749,53.84,Signature,True,2025-11-20T22:32:47.774203,,1506
OV-V-pkc-skc,sign,0,16,2.0,1,1,0,MacBook-Pro-4.local,darwin,0,19.6904,50.79,Signature,True,2025-11-20T22:32:47.794017,,1507
OV-V-pkc-skc,sign,0,16,2.0,1,1,0,MacBook-Pro-4.local,darwin,0,18.8677,53.0,Signature,True,2025-11-20T22:32:47.812973,,1508
OV-V-pkc-skc,sign,0,16,2.0,1,1,0,MacBook-Pro-4.local,darwin,0,21.3439,46.85,Signature,True,2025-11-20T22:32:47.834435,,1509
OV-V-pkc-skc,sign,0,16,2.0,1,1,0,MacBook-Pro-4.local,darwin,0,24.6275,40.61,Signature,True,2025-11-20T22:32:47.859213,,1510
OV-V-pkc-skc,sign,0,64,2.0,1,1,0,MacBook-Pro-4.local,darwin,0,22.3955,44.65,Signature,True,2025-11-20T22:32:47.881711,,1511
OV-V-pkc-skc,sign,0,64,2.0,1,1,0,MacBook-Pro-4.local,darwin,0,22.2002,45.04,Signature,True,2025-11-20T22:32:47.904020,,1512
OV-V-pkc-skc,sign,0,64,2.0,1,1,0,MacBook-Pro-4.local,darwin,0,23.2461,43.02,Signature,True,2025-11-20T22:32:47.927399,,1513
OV-V-pkc-skc,sign,0,64,2.0,1,1,0,MacBook-Pro-4.local,darwin,0,20.3024,49.26,Signature,True,2025-11-20T22:32:47.947790,,1514
OV-V-pkc-skc,sign,0,64,2.0,1,1,0,MacBook-Pro-4.local,darwin,0,21.8612,45.74,Signature,True,2025-11-20T22:32:47.969796,,1515
OV-V-pkc-skc,sign,1024,1,2.0,1,1,0,MacBook-Pro-4.local,darwin,0,20.3038,49.25,Signature,True,2025-11-20T22:32:47.990230,,1516
OV-V-pkc-skc,sign,1024,1,2.0,1,1,0,MacBook-Pro-4.local,darwin,0,20.7386,48.22,Signature,True,2025-11-20T22:32:48.011054,,1517
OV-V-pkc-skc,sign,1024,1,2.0,1,1,0,MacBook-Pro-4.local,darwin,0,19.4985,51.29,Signature,True,2025-11-20T22:32:48.030671,,1518
OV-V-pkc-skc,sign,1024,1,2.0,1,1,0,MacBook-Pro-4.local,darwin,0,19.1088,52.33,Signature,True,2025-11-20T22:32:48.049882,,1519
OV-V-pkc-skc,sign,1024,1,2.0,1,1,0,MacBook-Pro-4.local,darwin,0,18.9244,52.84,Signature,True,2025-11-20T22:32:48.068897,,1520
OV-V-pkc-skc,sign,1024,16,2.0,1,1,0,MacBook-Pro-4.local,darwin,0,18.4443,54.22,Signature,True,2025-11-20T22:32:48.087429,,1521
OV-V-pkc-skc,sign,1024,16,2.0,1,1,0,MacBook-Pro-4.local,darwin,0,17.3295,57.71,Signature,True,2025-11-20T22:32:48.104848,,1522
OV-V-pkc-skc,sign,1024,16,2.0,1,1,0,MacBook-Pro-4.local,darwin,0,19.8751,50.31,Signature,True,2025-11-20T22:32:48.124815,,1523
OV-V-pkc-skc,sign,1024,16,2.0,1,1,0,MacBook-Pro-4.local,darwin,0,18.0864,55.29,Signature,True,2025-11-20T22:32:48.142992,,1524
OV-V-pkc-skc,sign,1024,16,2.0,1,1,0,MacBook-Pro-4.local,darwin,0,20.6381,48.45,Signature,True,2025-11-20T22:32:48.163730,,1525
OV-V-pkc-skc,sign,1024,64,2.0,1,1,0,MacBook-Pro-4.local,darwin,0,18.918,52.86,Signature,True,2025-11-20T22:32:48.182767,,1526
OV-V-pkc-skc,sign,1024,64,2.0,1,1,0,MacBook-Pro-4.local,darwin,0,18.9419,52.79,Signature,True,2025-11-20T22:32:48.201796,,1527
OV-V-pkc-skc,sign,1024,64,2.0,1,1,0,MacBook-Pro-4.local,darwin,0,19.594,51.04,Signature,True,2025-11-20T22:32:48.221516,,1528
OV-V-pkc-skc,sign,1024,64,2.0,1,1,0,MacBook-Pro-4.local,darwin,0,19.3678,51.63,Signature,True,2025-11-20T22:32:48.240969,,1529
OV-V-pkc-skc,sign,1024,64,2.0,1,1,0,MacBook-Pro-4.local,darwin,0,20.2913,49.28,Signature,True,2025-11-20T22:32:48.261350,,1530
OV-V-pkc-skc,verify,0,1,2.0,1,1,0,MacBook-Pro-4.local,darwin,0,20.8957,47.86,Signature,True,2025-11-20T22:32:48.282365,,1531
OV-V-pkc-skc,verify,0,1,2.0,1,1,0,MacBook-Pro-4.local,darwin,0,18.7579,53.31,Signature,True,2025-11-20T22:32:48.301211,,1532
OV-V-pkc-skc,verify,0,1,2.0,1,1,0,MacBook-Pro-4.local,darwin,0,19.359,51.66,Signature,True,2025-11-20T22:32:48.320702,,1533
OV-V-pkc-skc,verify,0,1,2.0,1,1,0,MacBook-Pro-4.local,darwin,0,17.8998,55.87,Signature,True,2025-11-20T22:32:48.338687,,1534
OV-V-pkc-skc,verify,0,1,2.0,1,1,0,MacBook-Pro-4.local,darwin,0,17.8654,55.97,Signature,True,2025-11-20T22:32:48.356682,,1535
OV-V-pkc-skc,verify,0,16,2.0,1,1,0,MacBook-Pro-4.local,darwin,0,18.6637,53.58,Signature,True,2025-11-20T22:32:48.375445,,1536
OV-V-pkc-skc,verify,0,16,2.0,1,1,0,MacBook-Pro-4.local,darwin,0,20.0575,49.86,Signature,True,2025-11-20T22:32:48.395587,,1537
OV-V-pkc-skc,verify,0,16,2.0,1,1,0,MacBook-Pro-4.local,darwin,0,17.5345,57.03,Signature,True,2025-11-20T22:32:48.413211,,1538
OV-V-pkc-skc,verify,0,16,2.0,1,1,0,MacBook-Pro-4.local,darwin,0,17.6587,56.63,Signature,True,2025-11-20T22:32:48.430969,,1539
OV-V-pkc-skc,verify,0,16,2.0,1,1,0,MacBook-Pro-4.local,darwin,0,18.7317,53.39,Signature,True,2025-11-20T22:32:48.449797,,1540
OV-V-pkc-skc,verify,0,64,2.0,1,1,0,MacBook-Pro-4.local,darwin,0,18.4606,54.17,Signature,True,2025-11-20T22:32:48.468383,,1541
OV-V-pkc-skc,verify,0,64,2.0,1,1,0,MacBook-Pro-4.local,darwin,0,19.3912,51.57,Signature,True,2025-11-20T22:32:48.487910,,1542
OV-V-pkc-skc,verify,0,64,2.0,1,1,0,MacBook-Pro-4.local,darwin,0,18.5142,54.01,Signature,True,2025-11-20T22:32:48.506521,,1543
OV-V-pkc-skc,verify,0,64,2.0,1,1,0,MacBook-Pro-4.local,darwin,0,17.9117,55.83,Signature,True,2025-11-20T22:32:48.524519,,1544
OV-V-pkc-skc,verify,0,64,2.0,1,1,0,MacBook-Pro-4.local,darwin,0,20.1003,49.75,Signature,True,2025-11-20T22:32:48.544717,,1545
OV-V-pkc-skc,verify,1024,1,2.0,1,1,0,MacBook-Pro-4.local,darwin,0,17.8183,56.12,Signature,True,2025-11-20T22:32:48.562630,,1546
OV-V-pkc-skc,verify,1024,1,2.0,1,1,0,MacBook-Pro-4.local,darwin,0,17.5569,56.96,Signature,True,2025-11-20T22:32:48.580288,,1547
OV-V-pkc-skc,verify,1024,1,2.0,1,1,0,MacBook-Pro-4.local,darwin,0,17.5188,57.08,Signature,True,2025-11-20T22:32:48.597905,,1548
OV-V-pkc-skc,verify,1024,1,2.0,1,1,0,MacBook-Pro-4.local,darwin,0,17.1851,58.19,Signature,True,2025-11-20T22:32:48.615193,,1549
OV-V-pkc-skc,verify,1024,1,2.0,1,1,0,MacBook-Pro-4.local,darwin,0,18.586,53.8,Signature,True,2025-11-20T22:32:48.633904,,1550
OV-V-pkc-skc,verify,1024,16,2.0,1,1,0,MacBook-Pro-4.local,darwin,0,19.0609,52.46,Signature,True,2025-11-20T22:32:48.653118,,1551
OV-V-pkc-skc,verify,1024,16,2.0,1,1,0,MacBook-Pro-4.local,darwin,0,17.4563,57.29,Signature,True,2025-11-20T22:32:48.670663,,1552
OV-V-pkc-skc,verify,1024,16,2.0,1,1,0,MacBook-Pro-4.local,darwin,0,17.9696,55.65,Signature,True,2025-11-20T22:32:48.688734,,1553
OV-V-pkc-skc,verify,1024,16,2.0,1,1,0,MacBook-Pro-4.local,darwin,0,18.3177,54.59,Signature,True,2025-11-20T22:32:48.707152,,1554
OV-V-pkc-skc,verify,1024,16,2.0,1,1,0,MacBook-Pro-4.local,darwin,0,18.3714,54.43,Signature,True,2025-11-20T22:32:48.725626,,1555
OV-V-pkc-skc,verify,1024,64,2.0,1,1,0,MacBook-Pro-4.local,darwin,0,17.5862,56.86,Signature,True,2025-11-20T22:32:48.743394,,1556
OV-V-pkc-skc,verify,1024,64,2.0,1,1,0,MacBook-Pro-4.local,darwin,0,17.154,58.3,Signature,True,2025-11-20T22:32:48.760648,,1557
OV-V-pkc-skc,verify,1024,64,2.0,1,1,0,MacBook-Pro-4.local,darwin,0,17.418,57.41,Signature,True,2025-11-20T22:32:48.778165,,1558
OV-V-pkc-skc,verify,1024,64,2.0,1,1,0,MacBook-Pro-4.local,darwin,0,18.3388,54.53,Signature,True,2025-11-20T22:32:48.796613,,1559
OV-V-pkc-skc,verify,1024,64,2.0,1,1,0,MacBook-Pro-4.local,darwin,0,18.4275,54.27,Signature,True,2025-11-20T22:32:48.815175,,1560
SPHINCS+-SHA2-128f-simple,sign,0,1,2.0,1,1,0,MacBook-Pro-4.local,darwin,0,8.1251,123.08,Signature,True,2025-11-20T22:32:48.823386,,1561
SPHINCS+-SHA2-128f-simple,sign,0,1,2.0,1,1,0,MacBook-Pro-4.local,darwin,0,8.0536,124.17,Signature,True,2025-11-20T22:32:48.831482,,1562
SPHINCS+-SHA2-128f-simple,sign,0,1,2.0,1,1,0,MacBook-Pro-4.local,darwin,0,8.2294,121.52,Signature,True,2025-11-20T22:32:48.839766,,1563
SPHINCS+-SHA2-128f-simple,sign,0,1,2.0,1,1,0,MacBook-Pro-4.local,darwin,0,7.9887,125.18,Signature,True,2025-11-20T22:32:48.847824,,1564
SPHINCS+-SHA2-128f-simple,sign,0,1,2.0,1,1,0,MacBook-Pro-4.local,darwin,0,8.0479,124.26,Signature,True,2025-11-20T22:32:48.855925,,1565
SPHINCS+-SHA2-128f-simple,sign,0,16,2.0,1,1,0,MacBook-Pro-4.local,darwin,0,8.0037,124.94,Signature,True,2025-11-20T22:32:48.864010,,1566
SPHINCS+-SHA2-128f-simple,sign,0,16,2.0,1,1,0,MacBook-Pro-4.local,darwin,0,8.392,119.16,Signature,True,2025-11-20T22:32:48.872459,,1567
SPHINCS+-SHA2-128f-simple,sign,0,16,2.0,1,1,0,MacBook-Pro-4.local,darwin,0,8.2722,120.89,Signature,True,2025-11-20T22:32:48.880814,,1568
SPHINCS+-SHA2-128f-simple,sign,0,16,2.0,1,1,0,MacBook-Pro-4.local,darwin,0,8.3782,119.36,Signature,True,2025-11-20T22:32:48.889299,,1569
SPHINCS+-SHA2-128f-simple,sign,0,16,2.0,1,1,0,MacBook-Pro-4.local,darwin,0,7.9708,125.46,Signature,True,2025-11-20T22:32:48.897340,,1570
SPHINCS+-SHA2-128f-simple,sign,0,64,2.0,1,1,0,MacBook-Pro-4.local,darwin,0,8.075,123.84,Signature,True,2025-11-20T22:32:48.905470,,1571
SPHINCS+-SHA2-128f-simple,sign,0,64,2.0,1,1,0,MacBook-Pro-4.local,darwin,0,7.8851,126.82,Signature,True,2025-11-20T22:32:48.913404,,1572
SPHINCS+-SHA2-128f-simple,sign,0,64,2.0,1,1,0,MacBook-Pro-4.local,darwin,0,8.3846,119.27,Signature,True,2025-11-20T22:32:48.921829,,1573
SPHINCS+-SHA2-128f-simple,sign,0,64,2.0,1,1,0,MacBook-Pro-4.local,darwin,0,7.9905,125.15,Signature,True,2025-11-20T22:32:48.929914,,1574
SPHINCS+-SHA2-128f-simple,sign,0,64,2.0,1,1,0,MacBook-Pro-4.local,darwin,0,7.9956,125.07,Signature,True,2025-11-20T22:32:48.937960,,1575
SPHINCS+-SHA2-128f-simple,sign,1024,1,2.0,1,1,0,MacBook-Pro-4.local,darwin,0,7.9116,126.4,Signature,True,2025-11-20T22:32:48.945927,,1576
SPHINCS+-SHA2-128f-simple,sign,1024,1,2.0,1,1,0,MacBook-Pro-4.local,darwin,0,8.3592,119.63,Signature,True,2025-11-20T22:32:48.954326,,1577
SPHINCS+-SHA2-128f-simple,sign,1024,1,2.0,1,1,0,MacBook-Pro-4.local,darwin,0,8.4899,117.79,Signature,True,2025-11-20T22:32:48.962940,,1578
SPHINCS+-SHA2-128f-simple,sign,1024,1,2.0,1,1,0,MacBook-Pro-4.local,darwin,0,7.9954,125.07,Signature,True,2025-11-20T22:32:48.971006,,1579
SPHINCS+-SHA2-128f-simple,sign,1024,1,2.0,1,1,0,MacBook-Pro-4.local,darwin,0,8.1379,122.88,Signature,True,2025-11-20T22:32:48.979199,,1580
SPHINCS+-SHA2-128f-simple,sign,1024,16,2.0,1,1,0,MacBook-Pro-4.local,darwin,0,8.1429,122.81,Signature,True,2025-11-20T22:32:48.987416,,1581
SPHINCS+-SHA2-128f-simple,sign,1024,16,2.0,1,1,0,MacBook-Pro-4.local,darwin,0,8.0067,124.9,Signature,True,2025-11-20T22:32:48.995487,,1582
SPHINCS+-SHA2-128f-simple,sign,1024,16,2.0,1,1,0,MacBook-Pro-4.local,darwin,0,8.3124,120.3,Signature,True,2025-11-20T22:32:49.003860,,1583
SPHINCS+-SHA2-128f-simple,sign,1024,16,2.0,1,1,0,MacBook-Pro-4.local,darwin,0,8.0286,124.55,Signature,True,2025-11-20T22:32:49.011967,,1584
SPHINCS+-SHA2-128f-simple,sign,1024,16,2.0,1,1,0,MacBook-Pro-4.local,darwin,0,8.4855,117.85,Signature,True,2025-11-20T22:32:49.020519,,1585
SPHINCS+-SHA2-128f-simple,sign,1024,64,2.0,1,1,0,MacBook-Pro-4.local,darwin,0,8.212,121.77,Signature,True,2025-11-20T22:32:49.028853,,1586
SPHINCS+-SHA2-128f-simple,sign,1024,64,2.0,1,1,0,MacBook-Pro-4.local,darwin,0,8.6154,116.07,Signature,True,2025-11-20T22:32:49.037698,,1587
SPHINCS+-SHA2-128f-simple,sign,1024,64,2.0,1,1,0,MacBook-Pro-4.local,darwin,0,8.0558,124.13,Signature,True,2025-11-20T22:32:49.045837,,1588
SPHINCS+-SHA2-128f-simple,sign,1024,64,2.0,1,1,0,MacBook-Pro-4.local,darwin,0,8.2795,120.78,Signature,True,2025-11-20T22:32:49.054190,,1589
SPHINCS+-SHA2-128f-simple,sign,1024,64,2.0,1,1,0,MacBook-Pro-4.local,darwin,0,8.8922,112.46,Signature,True,2025-11-20T22:32:49.063187,,1590
SPHINCS+-SHA2-128f-simple,verify,0,1,2.0,1,1,0,MacBook-Pro-4.local,darwin,0,8.6047,116.21,Signature,True,2025-11-20T22:32:49.071883,,1591
SPHINCS+-SHA2-128f-simple,verify,0,1,2.0,1,1,0,MacBook-Pro-4.local,darwin,0,8.8643,112.81,Signature,True,2025-11-20T22:32:49.080848,,1592
SPHINCS+-SHA2-128f-simple,verify,0,1,2.0,1,1,0,MacBook-Pro-4.local,darwin,0,8.4763,117.98,Signature,True,2025-11-20T22:32:49.089449,,1593
SPHINCS+-SHA2-128f-simple,verify,0,1,2.0,1,1,0,MacBook-Pro-4.local,darwin,0,8.4969,117.69,Signature,True,2025-11-20T22:32:49.098046,,1594
SPHINCS+-SHA2-128f-simple,verify,0,1,2.0,1,1,0,MacBook-Pro-4.local,darwin,0,9.123,109.61,Signature,True,2025-11-20T22:32:49.107487,,1595
SPHINCS+-SHA2-128f-simple,verify,0,16,2.0,1,1,0,MacBook-Pro-4.local,darwin,0,8.5494,116.97,Signature,True,2025-11-20T22:32:49.116118,,1596
SPHINCS+-SHA2-128f-simple,verify,0,16,2.0,1,1,0,MacBook-Pro-4.local,darwin,0,8.5994,116.29,Signature,True,2025-11-20T22:32:49.124816,,1597
SPHINCS+-SHA2-128f-simple,verify,0,16,2.0,1,1,0,MacBook-Pro-4.local,darwin,0,8.5963,116.33,Signature,True,2025-11-20T22:32:49.133568,,1598
SPHINCS+-SHA2-128f-simple,verify,0,16,2.0,1,1,0,MacBook-Pro-4.local,darwin,0,8.517,117.41,Signature,True,2025-11-20T22:32:49.142170,,1599
SPHINCS+-SHA2-128f-simple,verify,0,16,2.0,1,1,0,MacBook-Pro-4.local,darwin,0,8.4852,117.85,Signature,True,2025-11-20T22:32:49.150736,,1600
SPHINCS+-SHA2-128f-simple,verify,0,64,2.0,1,1,0,MacBook-Pro-4.local,darwin,0,8.8385,113.14,Signature,True,2025-11-20T22:32:49.159693,,1601
SPHINCS+-SHA2-128f-simple,verify,0,64,2.0,1,1,0,MacBook-Pro-4.local,darwin,0,9.079,110.14,Signature,True,2025-11-20T22:32:49.168877,,1602
SPHINCS+-SHA2-128f-simple,verify,0,64,2.0,1,1,0,MacBook-Pro-4.local,darwin,0,8.2014,121.93,Signature,True,2025-11-20T22:32:49.177243,,1603
SPHINCS+-SHA2-128f-simple,verify,0,64,2.0,1,1,0,MacBook-Pro-4.local,darwin,0,9.5841,104.34,Signature,True,2025-11-20T22:32:49.186960,,1604
SPHINCS+-SHA2-128f-simple,verify,0,64,2.0,1,1,0,MacBook-Pro-4.local,darwin,0,8.7432,114.37,Signature,True,2025-11-20T22:32:49.195914,,1605
SPHINCS+-SHA2-128f-simple,verify,1024,1,2.0,1,1,0,MacBook-Pro-4.local,darwin,0,8.7465,114.33,Signature,True,2025-11-20T22:32:49.204750,,1606
SPHINCS+-SHA2-128f-simple,verify,1024,1,2.0,1,1,0,MacBook-Pro-4.local,darwin,0,9.1584,109.19,Signature,True,2025-11-20T22:32:49.213993,,1607
SPHINCS+-SHA2-128f-simple,verify,1024,1,2.0,1,1,0,MacBook-Pro-4.local,darwin,0,8.5794,116.56,Signature,True,2025-11-20T22:32:49.222664,,1608
SPHINCS+-SHA2-128f-simple,verify,1024,1,2.0,1,1,0,MacBook-Pro-4.local,darwin,0,9.5173,105.07,Signature,True,2025-11-20T22:32:49.232286,,1609
SPHINCS+-SHA2-128f-simple,verify,1024,1,2.0,1,1,0,MacBook-Pro-4.local,darwin,0,8.1382,122.88,Signature,True,2025-11-20T22:32:49.240698,,1610
SPHINCS+-SHA2-128f-simple,verify,1024,16,2.0,1,1,0,MacBook-Pro-4.local,darwin,0,8.9691,111.49,Signature,True,2025-11-20T22:32:49.249744,,1611
SPHINCS+-SHA2-128f-simple,verify,1024,16,2.0,1,1,0,MacBook-Pro-4.local,darwin,0,7.9534,125.73,Signature,True,2025-11-20T22:32:49.257777,,1612
SPHINCS+-SHA2-128f-simple,verify,1024,16,2.0,1,1,0,MacBook-Pro-4.local,darwin,0,9.8746,101.27,Signature,True,2025-11-20T22:32:49.267716,,1613
SPHINCS+-SHA2-128f-simple,verify,1024,16,2.0,1,1,0,MacBook-Pro-4.local,darwin,0,8.1366,122.9,Signature,True,2025-11-20T22:32:49.275934,,1614
SPHINCS+-SHA2-128f-simple,verify,1024,16,2.0,1,1,0,MacBook-Pro-4.local,darwin,0,9.1016,109.87,Signature,True,2025-11-20T22:32:49.285112,,1615
SPHINCS+-SHA2-128f-simple,verify,1024,64,2.0,1,1,0,MacBook-Pro-4.local,darwin,0,7.9298,126.11,Signature,True,2025-11-20T22:32:49.293117,,1616
SPHINCS+-SHA2-128f-simple,verify,1024,64,2.0,1,1,0,MacBook-Pro-4.local,darwin,0,9.2662,107.92,Signature,True,2025-11-20T22:32:49.302440,,1617
SPHINCS+-SHA2-128f-simple,verify,1024,64,2.0,1,1,0,MacBook-Pro-4.local,darwin,0,8.4653,118.13,Signature,True,2025-11-20T22:32:49.310984,,1618
SPHINCS+-SHA2-128f-simple,verify,1024,64,2.0,1,1,0,MacBook-Pro-4.local,darwin,0,8.949,111.74,Signature,True,2025-11-20T22:32:49.320041,,1619
SPHINCS+-SHA2-128f-simple,verify,1024,64,2.0,1,1,0,MacBook-Pro-4.local,darwin,0,8.2277,121.54,Signature,True,2025-11-20T22:32:49.328344,,1620
SPHINCS+-SHA2-128s-simple,sign,0,1,2.0,1,1,0,MacBook-Pro-4.local,darwin,0,173.7001,5.76,Signature,True,2025-11-20T22:32:49.502128,,1621
SPHINCS+-SHA2-128s-simple,sign,0,1,2.0,1,1,0,MacBook-Pro-4.local,darwin,0,175.4866,5.7,Signature,True,2025-11-20T22:32:49.677703,,1622
SPHINCS+-SHA2-128s-simple,sign,0,1,2.0,1,1,0,MacBook-Pro-4.local,darwin,0,174.8452,5.72,Signature,True,2025-11-20T22:32:49.852683,,1623
SPHINCS+-SHA2-128s-simple,sign,0,1,2.0,1,1,0,MacBook-Pro-4.local,darwin,0,174.7067,5.72,Signature,True,2025-11-20T22:32:50.027526,,1624
SPHINCS+-SHA2-128s-simple,sign,0,1,2.0,1,1,0,MacBook-Pro-4.local,darwin,0,169.351,5.9,Signature,True,2025-11-20T22:32:50.197055,,1625
SPHINCS+-SHA2-128s-simple,sign,0,16,2.0,1,1,0,MacBook-Pro-4.local,darwin,0,169.3055,5.91,Signature,True,2025-11-20T22:32:50.366448,,1626
SPHINCS+-SHA2-128s-simple,sign,0,16,2.0,1,1,0,MacBook-Pro-4.local,darwin,0,173.4719,5.76,Signature,True,2025-11-20T22:32:50.540006,,1627
SPHINCS+-SHA2-128s-simple,sign,0,16,2.0,1,1,0,MacBook-Pro-4.local,darwin,0,172.0692,5.81,Signature,True,2025-11-20T22:32:50.712156,,1628
SPHINCS+-SHA2-128s-simple,sign,0,16,2.0,1,1,0,MacBook-Pro-4.local,darwin,0,171.9652,5.82,Signature,True,2025-11-20T22:32:50.884205,,1629
SPHINCS+-SHA2-128s-simple,sign,0,16,2.0,1,1,0,MacBook-Pro-4.local,darwin,0,168.0807,5.95,Signature,True,2025-11-20T22:32:51.052429,,1630
SPHINCS+-SHA2-128s-simple,sign,0,64,2.0,1,1,0,MacBook-Pro-4.local,darwin,0,169.3925,5.9,Signature,True,2025-11-20T22:32:51.221906,,1631
SPHINCS+-SHA2-128s-simple,sign,0,64,2.0,1,1,0,MacBook-Pro-4.local,darwin,0,171.8162,5.82,Signature,True,2025-11-20T22:32:51.393810,,1632
SPHINCS+-SHA2-128s-simple,sign,0,64,2.0,1,1,0,MacBook-Pro-4.local,darwin,0,175.5511,5.7,Signature,True,2025-11-20T22:32:51.569464,,1633
SPHINCS+-SHA2-128s-simple,sign,0,64,2.0,1,1,0,MacBook-Pro-4.local,darwin,0,172.03,5.81,Signature,True,2025-11-20T22:32:51.741609,,1634
SPHINCS+-SHA2-128s-simple,sign,0,64,2.0,1,1,0,MacBook-Pro-4.local,darwin,0,171.6999,5.82,Signature,True,2025-11-20T22:32:51.913489,,1635
SPHINCS+-SHA2-128s-simple,sign,1024,1,2.0,1,1,0,MacBook-Pro-4.local,darwin,0,172.7944,5.79,Signature,True,2025-11-20T22:32:52.086488,,1636
SPHINCS+-SHA2-128s-simple,sign,1024,1,2.0,1,1,0,MacBook-Pro-4.local,darwin,0,169.9487,5.88,Signature,True,2025-11-20T22:32:52.256525,,1637
SPHINCS+-SHA2-128s-simple,sign,1024,1,2.0,1,1,0,MacBook-Pro-4.local,darwin,0,168.6861,5.93,Signature,True,2025-11-20T22:32:52.425298,,1638
SPHINCS+-SHA2-128s-simple,sign,1024,1,2.0,1,1,0,MacBook-Pro-4.local,darwin,0,168.086,5.95,Signature,True,2025-11-20T22:32:52.593471,,1639
SPHINCS+-SHA2-128s-simple,sign,1024,1,2.0,1,1,0,MacBook-Pro-4.local,darwin,0,169.058,5.92,Signature,True,2025-11-20T22:32:52.762617,,1640
SPHINCS+-SHA2-128s-simple,sign,1024,16,2.0,1,1,0,MacBook-Pro-4.local,darwin,0,165.1367,6.06,Signature,True,2025-11-20T22:32:52.927843,,1641
SPHINCS+-SHA2-128s-simple,sign,1024,16,2.0,1,1,0,MacBook-Pro-4.local,darwin,0,165.3686,6.05,Signature,True,2025-11-20T22:32:53.093385,,1642
SPHINCS+-SHA2-128s-simple,sign,1024,16,2.0,1,1,0,MacBook-Pro-4.local,darwin,0,169.8871,5.89,Signature,True,2025-11-20T22:32:53.263362,,1643
SPHINCS+-SHA2-128s-simple,sign,1024,16,2.0,1,1,0,MacBook-Pro-4.local,darwin,0,164.7823,6.07,Signature,True,2025-11-20T22:32:53.428229,,1644
SPHINCS+-SHA2-128s-simple,sign,1024,16,2.0,1,1,0,MacBook-Pro-4.local,darwin,0,164.9714,6.06,Signature,True,2025-11-20T22:32:53.593293,,1645
SPHINCS+-SHA2-128s-simple,sign,1024,64,2.0,1,1,0,MacBook-Pro-4.local,darwin,0,196.5078,5.09,Signature,True,2025-11-20T22:32:53.789893,,1646
SPHINCS+-SHA2-128s-simple,sign,1024,64,2.0,1,1,0,MacBook-Pro-4.local,darwin,0,172.7959,5.79,Signature,True,2025-11-20T22:32:53.962780,,1647
SPHINCS+-SHA2-128s-simple,sign,1024,64,2.0,1,1,0,MacBook-Pro-4.local,darwin,0,169.0874,5.91,Signature,True,2025-11-20T22:32:54.131984,,1648
SPHINCS+-SHA2-128s-simple,sign,1024,64,2.0,1,1,0,MacBook-Pro-4.local,darwin,0,163.1085,6.13,Signature,True,2025-11-20T22:32:54.295194,,1649
SPHINCS+-SHA2-128s-simple,sign,1024,64,2.0,1,1,0,MacBook-Pro-4.local,darwin,0,170.6834,5.86,Signature,True,2025-11-20T22:32:54.465965,,1650
SPHINCS+-SHA2-128s-simple,verify,0,1,2.0,1,1,0,MacBook-Pro-4.local,darwin,0,169.1032,5.91,Signature,True,2025-11-20T22:32:54.635180,,1651
SPHINCS+-SHA2-128s-simple,verify,0,1,2.0,1,1,0,MacBook-Pro-4.local,darwin,0,165.7637,6.03,Signature,True,2025-11-20T22:32:54.801030,,1652
SPHINCS+-SHA2-128s-simple,verify,0,1,2.0,1,1,0,MacBook-Pro-4.local,darwin,0,165.4176,6.05,Signature,True,2025-11-20T22:32:54.966568,,1653
SPHINCS+-SHA2-128s-simple,verify,0,1,2.0,1,1,0,MacBook-Pro-4.local,darwin,0,164.1731,6.09,Signature,True,2025-11-20T22:32:55.130898,,1654
SPHINCS+-SHA2-128s-simple,verify,0,1,2.0,1,1,0,MacBook-Pro-4.local,darwin,0,165.2695,6.05,Signature,True,2025-11-20T22:32:55.296255,,1655
SPHINCS+-SHA2-128s-simple,verify,0,16,2.0,1,1,0,MacBook-Pro-4.local,darwin,0,164.1522,6.09,Signature,True,2025-11-20T22:32:55.460498,,1656
SPHINCS+-SHA2-128s-simple,verify,0,16,2.0,1,1,0,MacBook-Pro-4.local,darwin,0,164.8436,6.07,Signature,True,2025-11-20T22:32:55.625428,,1657
SPHINCS+-SHA2-128s-simple,verify,0,16,2.0,1,1,0,MacBook-Pro-4.local,darwin,0,166.2266,6.02,Signature,True,2025-11-20T22:32:55.791804,,1658
SPHINCS+-SHA2-128s-simple,verify,0,16,2.0,1,1,0,MacBook-Pro-4.local,darwin,0,163.164,6.13,Signature,True,2025-11-20T22:32:55.955082,,1659
SPHINCS+-SHA2-128s-simple,verify,0,16,2.0,1,1,0,MacBook-Pro-4.local,darwin,0,163.45,6.12,Signature,True,2025-11-20T22:32:56.118620,,1660
SPHINCS+-SHA2-128s-simple,verify,0,64,2.0,1,1,0,MacBook-Pro-4.local,darwin,0,163.0319,6.13,Signature,True,2025-11-20T22:32:56.281742,,1661
SPHINCS+-SHA2-128s-simple,verify,0,64,2.0,1,1,0,MacBook-Pro-4.local,darwin,0,162.598,6.15,Signature,True,2025-11-20T22:32:56.444425,,1662
SPHINCS+-SHA2-128s-simple,verify,0,64,2.0,1,1,0,MacBook-Pro-4.local,darwin,0,165.1356,6.06,Signature,True,2025-11-20T22:32:56.609651,,1663
SPHINCS+-SHA2-128s-simple,verify,0,64,2.0,1,1,0,MacBook-Pro-4.local,darwin,0,162.8764,6.14,Signature,True,2025-11-20T22:32:56.772681,,1664
SPHINCS+-SHA2-128s-simple,verify,0,64,2.0,1,1,0,MacBook-Pro-4.local,darwin,0,159.9691,6.25,Signature,True,2025-11-20T22:32:56.932738,,1665
SPHINCS+-SHA2-128s-simple,verify,1024,1,2.0,1,1,0,MacBook-Pro-4.local,darwin,0,165.6586,6.04,Signature,True,2025-11-20T22:32:57.098482,,1666
SPHINCS+-SHA2-128s-simple,verify,1024,1,2.0,1,1,0,MacBook-Pro-4.local,darwin,0,167.3498,5.98,Signature,True,2025-11-20T22:32:57.265922,,1667
SPHINCS+-SHA2-128s-simple,verify,1024,1,2.0,1,1,0,MacBook-Pro-4.local,darwin,0,161.2043,6.2,Signature,True,2025-11-20T22:32:57.427245,,1668
SPHINCS+-SHA2-128s-simple,verify,1024,1,2.0,1,1,0,MacBook-Pro-4.local,darwin,0,162.2335,6.16,Signature,True,2025-11-20T22:32:57.589644,,1669
SPHINCS+-SHA2-128s-simple,verify,1024,1,2.0,1,1,0,MacBook-Pro-4.local,darwin,0,164.2962,6.09,Signature,True,2025-11-20T22:32:57.754089,,1670
SPHINCS+-SHA2-128s-simple,verify,1024,16,2.0,1,1,0,MacBook-Pro-4.local,darwin,0,165.4841,6.04,Signature,True,2025-11-20T22:32:57.919666,,1671
SPHINCS+-SHA2-128s-simple,verify,1024,16,2.0,1,1,0,MacBook-Pro-4.local,darwin,0,165.6496,6.04,Signature,True,2025-11-20T22:32:58.085403,,1672
SPHINCS+-SHA2-128s-simple,verify,1024,16,2.0,1,1,0,MacBook-Pro-4.local,darwin,0,165.1315,6.06,Signature,True,2025-11-20T22:32:58.250625,,1673
SPHINCS+-SHA2-128s-simple,verify,1024,16,2.0,1,1,0,MacBook-Pro-4.local,darwin,0,162.2556,6.16,Signature,True,2025-11-20T22:32:58.412971,,1674
SPHINCS+-SHA2-128s-simple,verify,1024,16,2.0,1,1,0,MacBook-Pro-4.local,darwin,0,164.9698,6.06,Signature,True,2025-11-20T22:32:58.578026,,1675
SPHINCS+-SHA2-128s-simple,verify,1024,64,2.0,1,1,0,MacBook-Pro-4.local,darwin,0,166.1287,6.02,Signature,True,2025-11-20T22:32:58.744246,,1676
SPHINCS+-SHA2-128s-simple,verify,1024,64,2.0,1,1,0,MacBook-Pro-4.local,darwin,0,166.2838,6.01,Signature,True,2025-11-20T22:32:58.910617,,1677
SPHINCS+-SHA2-128s-simple,verify,1024,64,2.0,1,1,0,MacBook-Pro-4.local,darwin,0,163.5633,6.11,Signature,True,2025-11-20T22:32:59.074268,,1678
SPHINCS+-SHA2-128s-simple,verify,1024,64,2.0,1,1,0,MacBook-Pro-4.local,darwin,0,162.9041,6.14,Signature,True,2025-11-20T22:32:59.237262,,1679
SPHINCS+-SHA2-128s-simple,verify,1024,64,2.0,1,1,0,MacBook-Pro-4.local,darwin,0,161.8946,6.18,Signature,True,2025-11-20T22:32:59.399245,,1680
SPHINCS+-SHA2-192f-simple,sign,0,1,2.0,1,1,0,MacBook-Pro-4.local,darwin,0,15.5076,64.48,Signature,True,2025-11-20T22:32:59.414834,,1681
SPHINCS+-SHA2-192f-simple,sign,0,1,2.0,1,1,0,MacBook-Pro-4.local,darwin,0,14.0639,71.1,Signature,True,2025-11-20T22:32:59.428979,,1682
SPHINCS+-SHA2-192f-simple,sign,0,1,2.0,1,1,0,MacBook-Pro-4.local,darwin,0,13.9039,71.92,Signature,True,2025-11-20T22:32:59.442967,,1683
SPHINCS+-SHA2-192f-simple,sign,0,1,2.0,1,1,0,MacBook-Pro-4.local,darwin,0,13.8306,72.3,Signature,True,2025-11-20T22:32:59.456882,,1684
SPHINCS+-SHA2-192f-simple,sign,0,1,2.0,1,1,0,MacBook-Pro-4.local,darwin,0,13.4201,74.51,Signature,True,2025-11-20T22:32:59.470372,,1685
SPHINCS+-SHA2-192f-simple,sign,0,16,2.0,1,1,0,MacBook-Pro-4.local,darwin,0,13.6428,73.3,Signature,True,2025-11-20T22:32:59.484075,,1686
SPHINCS+-SHA2-192f-simple,sign,0,16,2.0,1,1,0,MacBook-Pro-4.local,darwin,0,14.1262,70.79,Signature,True,2025-11-20T22:32:59.498284,,1687
SPHINCS+-SHA2-192f-simple,sign,0,16,2.0,1,1,0,MacBook-Pro-4.local,darwin,0,13.9262,71.81,Signature,True,2025-11-20T22:32:59.512289,,1688
SPHINCS+-SHA2-192f-simple,sign,0,16,2.0,1,1,0,MacBook-Pro-4.local,darwin,0,14.1063,70.89,Signature,True,2025-11-20T22:32:59.526473,,1689
SPHINCS+-SHA2-192f-simple,sign,0,16,2.0,1,1,0,MacBook-Pro-4.local,darwin,0,13.674,73.13,Signature,True,2025-11-20T22:32:59.540225,,1690
SPHINCS+-SHA2-192f-simple,sign,0,64,2.0,1,1,0,MacBook-Pro-4.local,darwin,0,13.5072,74.03,Signature,True,2025-11-20T22:32:59.553880,,1691
SPHINCS+-SHA2-192f-simple,sign,0,64,2.0,1,1,0,MacBook-Pro-4.local,darwin,0,13.9169,71.86,Signature,True,2025-11-20T22:32:59.567860,,1692
SPHINCS+-SHA2-192f-simple,sign,0,64,2.0,1,1,0,MacBook-Pro-4.local,darwin,0,13.9328,71.77,Signature,True,2025-11-20T22:32:59.581870,,1693
SPHINCS+-SHA2-192f-simple,sign,0,64,2.0,1,1,0,MacBook-Pro-4.local,darwin,0,13.8763,72.07,Signature,True,2025-11-20T22:32:59.595827,,1694
SPHINCS+-SHA2-192f-simple,sign,0,64,2.0,1,1,0,MacBook-Pro-4.local,darwin,0,14.1482,70.68,Signature,True,2025-11-20T22:32:59.610055,,1695
SPHINCS+-SHA2-192f-simple,sign,1024,1,2.0,1,1,0,MacBook-Pro-4.local,darwin,0,13.641,73.31,Signature,True,2025-11-20T22:32:59.623791,,1696
SPHINCS+-SHA2-192f-simple,sign,1024,1,2.0,1,1,0,MacBook-Pro-4.local,darwin,0,13.416,74.54,Signature,True,2025-11-20T22:32:59.637300,,1697
SPHINCS+-SHA2-192f-simple,sign,1024,1,2.0,1,1,0,MacBook-Pro-4.local,darwin,0,13.9647,71.61,Signature,True,2025-11-20T22:32:59.651317,,1698
SPHINCS+-SHA2-192f-simple,sign,1024,1,2.0,1,1,0,MacBook-Pro-4.local,darwin,0,13.8836,72.03,Signature,True,2025-11-20T22:32:59.665285,,1699
SPHINCS+-SHA2-192f-simple,sign,1024,1,2.0,1,1,0,MacBook-Pro-4.local,darwin,0,13.5567,73.76,Signature,True,2025-11-20T22:32:59.678915,,1700
SPHINCS+-SHA2-192f-simple,sign,1024,16,2.0,1,1,0,MacBook-Pro-4.local,darwin,0,13.5721,73.68,Signature,True,2025-11-20T22:32:59.692550,,1701
SPHINCS+-SHA2-192f-simple,sign,1024,16,2.0,1,1,0,MacBook-Pro-4.local,darwin,0,13.4063,74.59,Signature,True,2025-11-20T22:32:59.706021,,1702
SPHINCS+-SHA2-192f-simple,sign,1024,16,2.0,1,1,0,MacBook-Pro-4.local,darwin,0,12.5729,79.54,Signature,True,2025-11-20T22:32:59.718628,,1703
SPHINCS+-SHA2-192f-simple,sign,1024,16,2.0,1,1,0,MacBook-Pro-4.local,darwin,0,13.9643,71.61,Signature,True,2025-11-20T22:32:59.732643,,1704
SPHINCS+-SHA2-192f-simple,sign,1024,16,2.0,1,1,0,MacBook-Pro-4.local,darwin,0,15.9106,62.85,Signature,True,2025-11-20T22:32:59.748710,,1705
SPHINCS+-SHA2-192f-simple,sign,1024,64,2.0,1,1,0,MacBook-Pro-4.local,darwin,0,13.8635,72.13,Signature,True,2025-11-20T22:32:59.762649,,1706
SPHINCS+-SHA2-192f-simple,sign,1024,64,2.0,1,1,0,MacBook-Pro-4.local,darwin,0,13.8392,72.26,Signature,True,2025-11-20T22:32:59.776567,,1707
SPHINCS+-SHA2-192f-simple,sign,1024,64,2.0,1,1,0,MacBook-Pro-4.local,darwin,0,13.3983,74.64,Signature,True,2025-11-20T22:32:59.790037,,1708
SPHINCS+-SHA2-192f-simple,sign,1024,64,2.0,1,1,0,MacBook-Pro-4.local,darwin,0,13.5065,74.04,Signature,True,2025-11-20T22:32:59.803578,,1709
SPHINCS+-SHA2-192f-simple,sign,1024,64,2.0,1,1,0,MacBook-Pro-4.local,darwin,0,13.8379,72.27,Signature,True,2025-11-20T22:32:59.817470,,1710
SPHINCS+-SHA2-192f-simple,verify,0,1,2.0,1,1,0,MacBook-Pro-4.local,darwin,0,13.9108,71.89,Signature,True,2025-11-20T22:32:59.831467,,1711
SPHINCS+-SHA2-192f-simple,verify,0,1,2.0,1,1,0,MacBook-Pro-4.local,darwin,0,13.7083,72.95,Signature,True,2025-11-20T22:32:59.845261,,1712
SPHINCS+-SHA2-192f-simple,verify,0,1,2.0,1,1,0,MacBook-Pro-4.local,darwin,0,13.9815,71.52,Signature,True,2025-11-20T22:32:59.859388,,1713
SPHINCS+-SHA2-192f-simple,verify,0,1,2.0,1,1,0,MacBook-Pro-4.local,darwin,0,13.8301,72.31,Signature,True,2025-11-20T22:32:59.873317,,1714
SPHINCS+-SHA2-192f-simple,verify,0,1,2.0,1,1,0,MacBook-Pro-4.local,darwin,0,13.5396,73.86,Signature,True,2025-11-20T22:32:59.886930,,1715
SPHINCS+-SHA2-192f-simple,verify,0,16,2.0,1,1,0,MacBook-Pro-4.local,darwin,0,14.0746,71.05,Signature,True,2025-11-20T22:32:59.901063,,1716
SPHINCS+-SHA2-192f-simple,verify,0,16,2.0,1,1,0,MacBook-Pro-4.local,darwin,0,13.993,71.46,Signature,True,2025-11-20T22:32:59.915133,,1717
SPHINCS+-SHA2-192f-simple,verify,0,16,2.0,1,1,0,MacBook-Pro-4.local,darwin,0,13.9966,71.45,Signature,True,2025-11-20T22:32:59.929209,,1718
SPHINCS+-SHA2-192f-simple,verify,0,16,2.0,1,1,0,MacBook-Pro-4.local,darwin,0,14.2485,70.18,Signature,True,2025-11-20T22:32:59.943542,,1719
SPHINCS+-SHA2-192f-simple,verify,0,16,2.0,1,1,0,MacBook-Pro-4.local,darwin,0,13.4998,74.07,Signature,True,2025-11-20T22:32:59.957117,,1720
SPHINCS+-SHA2-192f-simple,verify,0,64,2.0,1,1,0,MacBook-Pro-4.local,darwin,0,13.3797,74.74,Signature,True,2025-11-20T22:32:59.970547,,1721
SPHINCS+-SHA2-192f-simple,verify,0,64,2.0,1,1,0,MacBook-Pro-4.local,darwin,0,13.8231,72.34,Signature,True,2025-11-20T22:32:59.984412,,1722
SPHINCS+-SHA2-192f-simple,verify,0,64,2.0,1,1,0,MacBook-Pro-4.local,darwin,0,14.3225,69.82,Signature,True,2025-11-20T22:32:59.998811,,1723
SPHINCS+-SHA2-192f-simple,verify,0,64,2.0,1,1,0,MacBook-Pro-4.local,darwin,0,13.9401,71.74,Signature,True,2025-11-20T22:33:00.012833,,1724
SPHINCS+-SHA2-192f-simple,verify,0,64,2.0,1,1,0,MacBook-Pro-4.local,darwin,0,14.1793,70.53,Signature,True,2025-11-20T22:33:00.027157,,1725
SPHINCS+-SHA2-192f-simple,verify,1024,1,2.0,1,1,0,MacBook-Pro-4.local,darwin,0,13.4482,74.36,Signature,True,2025-11-20T22:33:00.040688,,1726
SPHINCS+-SHA2-192f-simple,verify,1024,1,2.0,1,1,0,MacBook-Pro-4.local,darwin,0,13.4086,74.58,Signature,True,2025-11-20T22:33:00.054142,,1727
SPHINCS+-SHA2-192f-simple,verify,1024,1,2.0,1,1,0,MacBook-Pro-4.local,darwin,0,13.9105,71.89,Signature,True,2025-11-20T22:33:00.068099,,1728
SPHINCS+-SHA2-192f-simple,verify,1024,1,2.0,1,1,0,MacBook-Pro-4.local,darwin,0,13.8616,72.14,Signature,True,2025-11-20T22:33:00.082046,,1729
SPHINCS+-SHA2-192f-simple,verify,1024,1,2.0,1,1,0,MacBook-Pro-4.local,darwin,0,13.4771,74.2,Signature,True,2025-11-20T22:33:00.095602,,1730
SPHINCS+-SHA2-192f-simple,verify,1024,16,2.0,1,1,0,MacBook-Pro-4.local,darwin,0,13.5408,73.85,Signature,True,2025-11-20T22:33:00.109205,,1731
SPHINCS+-SHA2-192f-simple,verify,1024,16,2.0,1,1,0,MacBook-Pro-4.local,darwin,0,13.3867,74.7,Signature,True,2025-11-20T22:33:00.122654,,1732
SPHINCS+-SHA2-192f-simple,verify,1024,16,2.0,1,1,0,MacBook-Pro-4.local,darwin,0,13.5634,73.73,Signature,True,2025-11-20T22:33:00.136255,,1733
SPHINCS+-SHA2-192f-simple,verify,1024,16,2.0,1,1,0,MacBook-Pro-4.local,darwin,0,14.0037,71.41,Signature,True,2025-11-20T22:33:00.150320,,1734
SPHINCS+-SHA2-192f-simple,verify,1024,16,2.0,1,1,0,MacBook-Pro-4.local,darwin,0,13.8445,72.23,Signature,True,2025-11-20T22:33:00.164263,,1735
SPHINCS+-SHA2-192f-simple,verify,1024,64,2.0,1,1,0,MacBook-Pro-4.local,darwin,0,13.6002,73.53,Signature,True,2025-11-20T22:33:00.177990,,1736
SPHINCS+-SHA2-192f-simple,verify,1024,64,2.0,1,1,0,MacBook-Pro-4.local,darwin,0,13.494,74.11,Signature,True,2025-11-20T22:33:00.191548,,1737
SPHINCS+-SHA2-192f-simple,verify,1024,64,2.0,1,1,0,MacBook-Pro-4.local,darwin,0,13.4092,74.58,Signature,True,2025-11-20T22:33:00.205077,,1738
SPHINCS+-SHA2-192f-simple,verify,1024,64,2.0,1,1,0,MacBook-Pro-4.local,darwin,0,13.5482,73.81,Signature,True,2025-11-20T22:33:00.218668,,1739
SPHINCS+-SHA2-192f-simple,verify,1024,64,2.0,1,1,0,MacBook-Pro-4.local,darwin,0,14.1993,70.43,Signature,True,2025-11-20T22:33:00.232928,,1740
SPHINCS+-SHA2-192s-simple,sign,0,1,2.0,1,1,0,MacBook-Pro-4.local,darwin,0,303.1312,3.3,Signature,True,2025-11-20T22:33:00.536162,,1741
SPHINCS+-SHA2-192s-simple,sign,0,1,2.0,1,1,0,MacBook-Pro-4.local,darwin,0,298.0516,3.36,Signature,True,2025-11-20T22:33:00.834305,,1742
SPHINCS+-SHA2-192s-simple,sign,0,1,2.0,1,1,0,MacBook-Pro-4.local,darwin,0,297.7002,3.36,Signature,True,2025-11-20T22:33:01.132096,,1743
SPHINCS+-SHA2-192s-simple,sign,0,1,2.0,1,1,0,MacBook-Pro-4.local,darwin,0,299.7981,3.34,Signature,True,2025-11-20T22:33:01.431984,,1744
SPHINCS+-SHA2-192s-simple,sign,0,1,2.0,1,1,0,MacBook-Pro-4.local,darwin,0,297.0196,3.37,Signature,True,2025-11-20T22:33:01.729098,,1745
SPHINCS+-SHA2-192s-simple,sign,0,16,2.0,1,1,0,MacBook-Pro-4.local,darwin,0,293.2771,3.41,Signature,True,2025-11-20T22:33:02.022471,,1746
SPHINCS+-SHA2-192s-simple,sign,0,16,2.0,1,1,0,MacBook-Pro-4.local,darwin,0,299.1951,3.34,Signature,True,2025-11-20T22:33:02.321756,,1747
SPHINCS+-SHA2-192s-simple,sign,0,16,2.0,1,1,0,MacBook-Pro-4.local,darwin,0,301.6528,3.32,Signature,True,2025-11-20T22:33:02.623542,,1748
SPHINCS+-SHA2-192s-simple,sign,0,16,2.0,1,1,0,MacBook-Pro-4.local,darwin,0,302.6285,3.3,Signature,True,2025-11-20T22:33:02.926268,,1749
SPHINCS+-SHA2-192s-simple,sign,0,16,2.0,1,1,0,MacBook-Pro-4.local,darwin,0,295.4518,3.38,Signature,True,2025-11-20T22:33:03.221901,,1750
SPHINCS+-SHA2-192s-simple,sign,0,64,2.0,1,1,0,MacBook-Pro-4.local,darwin,0,300.9793,3.32,Signature,True,2025-11-20T22:33:03.522989,,1751
SPHINCS+-SHA2-192s-simple,sign,0,64,2.0,1,1,0,MacBook-Pro-4.local,darwin,0,296.4582,3.37,Signature,True,2025-11-20T22:33:03.819554,,1752
SPHINCS+-SHA2-192s-simple,sign,0,64,2.0,1,1,0,MacBook-Pro-4.local,darwin,0,306.2669,3.27,Signature,True,2025-11-20T22:33:04.125913,,1753
SPHINCS+-SHA2-192s-simple,sign,0,64,2.0,1,1,0,MacBook-Pro-4.local,darwin,0,302.3968,3.31,Signature,True,2025-11-20T22:33:04.428408,,1754
SPHINCS+-SHA2-192s-simple,sign,0,64,2.0,1,1,0,MacBook-Pro-4.local,darwin,0,303.1972,3.3,Signature,True,2025-11-20T22:33:04.731697,,1755
SPHINCS+-SHA2-192s-simple,sign,1024,1,2.0,1,1,0,MacBook-Pro-4.local,darwin,0,297.3294,3.36,Signature,True,2025-11-20T22:33:05.029120,,1756
SPHINCS+-SHA2-192s-simple,sign,1024,1,2.0,1,1,0,MacBook-Pro-4.local,darwin,0,299.6487,3.34,Signature,True,2025-11-20T22:33:05.328857,,1757
SPHINCS+-SHA2-192s-simple,sign,1024,1,2.0,1,1,0,MacBook-Pro-4.local,darwin,0,299.1744,3.34,Signature,True,2025-11-20T22:33:05.628125,,1758
SPHINCS+-SHA2-192s-simple,sign,1024,1,2.0,1,1,0,MacBook-Pro-4.local,darwin,0,298.7738,3.35,Signature,True,2025-11-20T22:33:05.926992,,1759
SPHINCS+-SHA2-192s-simple,sign,1024,1,2.0,1,1,0,MacBook-Pro-4.local,darwin,0,292.9124,3.41,Signature,True,2025-11-20T22:33:06.220027,,1760
SPHINCS+-SHA2-192s-simple,sign,1024,16,2.0,1,1,0,MacBook-Pro-4.local,darwin,0,295.233,3.39,Signature,True,2025-11-20T22:33:06.515554,,1761
SPHINCS+-SHA2-192s-simple,sign,1024,16,2.0,1,1,0,MacBook-Pro-4.local,darwin,0,295.3915,3.39,Signature,True,2025-11-20T22:33:06.811037,,1762
SPHINCS+-SHA2-192s-simple,sign,1024,16,2.0,1,1,0,MacBook-Pro-4.local,darwin,0,296.4422,3.37,Signature,True,2025-11-20T22:33:07.107568,,1763
SPHINCS+-SHA2-192s-simple,sign,1024,16,2.0,1,1,0,MacBook-Pro-4.local,darwin,0,307.6484,3.25,Signature,True,2025-11-20T22:33:07.415332,,1764
SPHINCS+-SHA2-192s-simple,sign,1024,16,2.0,1,1,0,MacBook-Pro-4.local,darwin,0,311.0586,3.21,Signature,True,2025-11-20T22:33:07.726478,,1765
SPHINCS+-SHA2-192s-simple,sign,1024,64,2.0,1,1,0,MacBook-Pro-4.local,darwin,0,307.4663,3.25,Signature,True,2025-11-20T22:33:08.034041,,1766
SPHINCS+-SHA2-192s-simple,sign,1024,64,2.0,1,1,0,MacBook-Pro-4.local,darwin,0,305.9144,3.27,Signature,True,2025-11-20T22:33:08.340048,,1767
SPHINCS+-SHA2-192s-simple,sign,1024,64,2.0,1,1,0,MacBook-Pro-4.local,darwin,0,303.2648,3.3,Signature,True,2025-11-20T22:33:08.643408,,1768
SPHINCS+-SHA2-192s-simple,sign,1024,64,2.0,1,1,0,MacBook-Pro-4.local,darwin,0,307.9723,3.25,Signature,True,2025-11-20T22:33:08.951477,,1769
SPHINCS+-SHA2-192s-simple,sign,1024,64,2.0,1,1,0,MacBook-Pro-4.local,darwin,0,303.2709,3.3,Signature,True,2025-11-20T22:33:09.254867,,1770
SPHINCS+-SHA2-192s-simple,verify,0,1,2.0,1,1,0,MacBook-Pro-4.local,darwin,0,307.9642,3.25,Signature,True,2025-11-20T22:33:09.562957,,1771
SPHINCS+-SHA2-192s-simple,verify,0,1,2.0,1,1,0,MacBook-Pro-4.local,darwin,0,306.3739,3.26,Signature,True,2025-11-20T22:33:09.870467,,1772
SPHINCS+-SHA2-192s-simple,verify,0,1,2.0,1,1,0,MacBook-Pro-4.local,darwin,0,305.12,3.28,Signature,True,2025-11-20T22:33:10.175678,,1773
SPHINCS+-SHA2-192s-simple,verify,0,1,2.0,1,1,0,MacBook-Pro-4.local,darwin,0,304.1361,3.29,Signature,True,2025-11-20T22:33:10.479906,,1774
SPHINCS+-SHA2-192s-simple,verify,0,1,2.0,1,1,0,MacBook-Pro-4.local,darwin,0,311.8193,3.21,Signature,True,2025-11-20T22:33:10.791821,,1775
SPHINCS+-SHA2-192s-simple,verify,0,16,2.0,1,1,0,MacBook-Pro-4.local,darwin,0,308.5783,3.24,Signature,True,2025-11-20T22:33:11.100528,,1776
SPHINCS+-SHA2-192s-simple,verify,0,16,2.0,1,1,0,MacBook-Pro-4.local,darwin,0,311.9367,3.21,Signature,True,2025-11-20T22:33:11.412564,,1777
SPHINCS+-SHA2-192s-simple,verify,0,16,2.0,1,1,0,MacBook-Pro-4.local,darwin,0,306.3431,3.26,Signature,True,2025-11-20T22:33:11.719001,,1778
SPHINCS+-SHA2-192s-simple,verify,0,16,2.0,1,1,0,MacBook-Pro-4.local,darwin,0,304.3538,3.29,Signature,True,2025-11-20T22:33:12.023447,,1779
SPHINCS+-SHA2-192s-simple,verify,0,16,2.0,1,1,0,MacBook-Pro-4.local,darwin,0,305.841,3.27,Signature,True,2025-11-20T22:33:12.329382,,1780
SPHINCS+-SHA2-192s-simple,verify,0,64,2.0,1,1,0,MacBook-Pro-4.local,darwin,0,304.5325,3.28,Signature,True,2025-11-20T22:33:12.634026,,1781
SPHINCS+-SHA2-192s-simple,verify,0,64,2.0,1,1,0,MacBook-Pro-4.local,darwin,0,304.3136,3.29,Signature,True,2025-11-20T22:33:12.938466,,1782
SPHINCS+-SHA2-192s-simple,verify,0,64,2.0,1,1,0,MacBook-Pro-4.local,darwin,0,305.6891,3.27,Signature,True,2025-11-20T22:33:13.244249,,1783
SPHINCS+-SHA2-192s-simple,verify,0,64,2.0,1,1,0,MacBook-Pro-4.local,darwin,0,304.8464,3.28,Signature,True,2025-11-20T22:33:13.549187,,1784
SPHINCS+-SHA2-192s-simple,verify,0,64,2.0,1,1,0,MacBook-Pro-4.local,darwin,0,303.8035,3.29,Signature,True,2025-11-20T22:33:13.853080,,1785
SPHINCS+-SHA2-192s-simple,verify,1024,1,2.0,1,1,0,MacBook-Pro-4.local,darwin,0,304.9445,3.28,Signature,True,2025-11-20T22:33:14.158119,,1786
SPHINCS+-SHA2-192s-simple,verify,1024,1,2.0,1,1,0,MacBook-Pro-4.local,darwin,0,304.3581,3.29,Signature,True,2025-11-20T22:33:14.462598,,1787
SPHINCS+-SHA2-192s-simple,verify,1024,1,2.0,1,1,0,MacBook-Pro-4.local,darwin,0,304.5974,3.28,Signature,True,2025-11-20T22:33:14.767287,,1788
SPHINCS+-SHA2-192s-simple,verify,1024,1,2.0,1,1,0,MacBook-Pro-4.local,darwin,0,304.19,3.29,Signature,True,2025-11-20T22:33:15.071566,,1789
SPHINCS+-SHA2-192s-simple,verify,1024,1,2.0,1,1,0,MacBook-Pro-4.local,darwin,0,303.1803,3.3,Signature,True,2025-11-20T22:33:15.374840,,1790
SPHINCS+-SHA2-192s-simple,verify,1024,16,2.0,1,1,0,MacBook-Pro-4.local,darwin,0,309.6677,3.23,Signature,True,2025-11-20T22:33:15.684597,,1791
SPHINCS+-SHA2-192s-simple,verify,1024,16,2.0,1,1,0,MacBook-Pro-4.local,darwin,0,299.0154,3.34,Signature,True,2025-11-20T22:33:15.983698,,1792
SPHINCS+-SHA2-192s-simple,verify,1024,16,2.0,1,1,0,MacBook-Pro-4.local,darwin,0,327.4257,3.05,Signature,True,2025-11-20T22:33:16.311208,,1793
SPHINCS+-SHA2-192s-simple,verify,1024,16,2.0,1,1,0,MacBook-Pro-4.local,darwin,0,321.773,3.11,Signature,True,2025-11-20T22:33:16.633069,,1794
SPHINCS+-SHA2-192s-simple,verify,1024,16,2.0,1,1,0,MacBook-Pro-4.local,darwin,0,312.5198,3.2,Signature,True,2025-11-20T22:33:16.945674,,1795
SPHINCS+-SHA2-192s-simple,verify,1024,64,2.0,1,1,0,MacBook-Pro-4.local,darwin,0,309.186,3.23,Signature,True,2025-11-20T22:33:17.254977,,1796
SPHINCS+-SHA2-192s-simple,verify,1024,64,2.0,1,1,0,MacBook-Pro-4.local,darwin,0,320.7079,3.12,Signature,True,2025-11-20T22:33:17.575780,,1797
SPHINCS+-SHA2-192s-simple,verify,1024,64,2.0,1,1,0,MacBook-Pro-4.local,darwin,0,315.7415,3.17,Signature,True,2025-11-20T22:33:17.891638,,1798
SPHINCS+-SHA2-192s-simple,verify,1024,64,2.0,1,1,0,MacBook-Pro-4.local,darwin,0,322.2267,3.1,Signature,True,2025-11-20T22:33:18.213959,,1799
SPHINCS+-SHA2-192s-simple,verify,1024,64,2.0,1,1,0,MacBook-Pro-4.local,darwin,0,320.0473,3.12,Signature,True,2025-11-20T22:33:18.534100,,1800
