algorithm,operation,message_bytes,concurrency,cpu_ghz,aesni,avx2,neon,machine_id,os_name,containerized,latency_ms,throughput_ops,crypto_type,correctness,timestamp,notes,trial_id
BIKE-L1,keygen,0,1,2.0,1,1,0,MacBook-Pro-4.local,darwin,0,0.7687,1300.83,KEM,True,2025-11-20T22:36:03.573924,,1
BIKE-L1,keygen,0,1,2.0,1,1,0,MacBook-Pro-4.local,darwin,0,0.324,3086.47,KEM,True,2025-11-20T22:36:03.574763,,2
BIKE-L1,keygen,0,1,2.0,1,1,0,MacBook-Pro-4.local,darwin,0,0.25,3999.89,KEM,True,2025-11-20T22:36:03.575045,,3
BIKE-L1,keygen,0,1,2.0,1,1,0,MacBook-Pro-4.local,darwin,0,0.223,4484.97,KEM,True,2025-11-20T22:36:03.575294,,4
BIKE-L1,keygen,0,1,2.0,1,1,0,MacBook-Pro-4.local,darwin,0,0.2271,4404.2,KEM,True,2025-11-20T22:36:03.575545,,5
BIKE-L1,keygen,0,16,2.0,1,1,0,MacBook-Pro-4.local,darwin,0,0.2192,4563.02,KEM,True,2025-11-20T22:36:03.575788,,6
BIKE-L1,keygen,0,16,2.0,1,1,0,MacBook-Pro-4.local,darwin,0,0.2193,4560.23,KEM,True,2025-11-20T22:36:03.576030,,7
BIKE-L1,keygen,0,16,2.0,1,1,0,MacBook-Pro-4.local,darwin,0,0.2199,4548.06,KEM,True,2025-11-20T22:36:03.576271,,8
BIKE-L1,keygen,0,16,2.0,1,1,0,MacBook-Pro-4.local,darwin,0,0.217,4608.19,KEM,True,2025-11-20T22:36:03.576509,,9
BIKE-L1,keygen,0,16,2.0,1,1,0,MacBook-Pro-4.local,darwin,0,0.2177,4593.98,KEM,True,2025-11-20T22:36:03.576748,,10
BIKE-L1,keygen,0,64,2.0,1,1,0,MacBook-Pro-4.local,darwin,0,0.2175,4598.27,KEM,True,2025-11-20T22:36:03.576987,,11
BIKE-L1,keygen,0,64,2.0,1,1,0,MacBook-Pro-4.local,darwin,0,0.2195,4555.12,KEM,True,2025-11-20T22:36:03.577229,,12
BIKE-L1,keygen,0,64,2.0,1,1,0,MacBook-Pro-4.local,darwin,0,0.219,4567.07,KEM,True,2025-11-20T22:36:03.577471,,13
BIKE-L1,keygen,0,64,2.0,1,1,0,MacBook-Pro-4.local,darwin,0,0.219,4566.34,KEM,True,2025-11-20T22:36:03.577711,,14
BIKE-L1,keygen,0,64,2.0,1,1,0,MacBook-Pro-4.local,darwin,0,0.2191,4563.23,KEM,True,2025-11-20T22:36:03.577951,,15
BIKE-L1,keygen,1024,1,2.0,1,1,0,MacBook-Pro-4.local,darwin,0,0.2173,4601.95,KEM,True,2025-11-20T22:36:03.578191,,16
BIKE-L1,keygen,1024,1,2.0,1,1,0,MacBook-Pro-4.local,darwin,0,0.2154,4641.86,KEM,True,2025-11-20T22:36:03.578428,,17
BIKE-L1,keygen,1024,1,2.0,1,1,0,MacBook-Pro-4.local,darwin,0,0.2167,4614.08,KEM,True,2025-11-20T22:36:03.578666,,18
BIKE-L1,keygen,1024,1,2.0,1,1,0,MacBook-Pro-4.local,darwin,0,0.217,4607.68,KEM,True,2025-11-20T22:36:03.578904,,19
BIKE-L1,keygen,1024,1,2.0,1,1,0,MacBook-Pro-4.local,darwin,0,0.221,4524.05,KEM,True,2025-11-20T22:36:03.579146,,20
BIKE-L1,keygen,1024,16,2.0,1,1,0,MacBook-Pro-4.local,darwin,0,0.2169,4610.25,KEM,True,2025-11-20T22:36:03.579385,,21
BIKE-L1,keygen,1024,16,2.0,1,1,0,MacBook-Pro-4.local,darwin,0,0.2198,4550.29,KEM,True,2025-11-20T22:36:03.579630,,22
BIKE-L1,keygen,1024,16,2.0,1,1,0,MacBook-Pro-4.local,darwin,0,0.2186,4574.73,KEM,True,2025-11-20T22:36:03.579870,,23
BIKE-L1,keygen,1024,16,2.0,1,1,0,MacBook-Pro-4.local,darwin,0,0.2161,4627.59,KEM,True,2025-11-20T22:36:03.580107,,24
BIKE-L1,keygen,1024,16,2.0,1,1,0,MacBook-Pro-4.local,darwin,0,0.2167,4614.42,KEM,True,2025-11-20T22:36:03.580345,,25
BIKE-L1,keygen,1024,64,2.0,1,1,0,MacBook-Pro-4.local,darwin,0,0.2178,4591.49,KEM,True,2025-11-20T22:36:03.580584,,26
BIKE-L1,keygen,1024,64,2.0,1,1,0,MacBook-Pro-4.local,darwin,0,0.2207,4531.65,KEM,True,2025-11-20T22:36:03.580826,,27
BIKE-L1,keygen,1024,64,2.0,1,1,0,MacBook-Pro-4.local,darwin,0,0.2171,4606.85,KEM,True,2025-11-20T22:36:03.581065,,28
BIKE-L1,keygen,1024,64,2.0,1,1,0,MacBook-Pro-4.local,darwin,0,0.2165,4619.58,KEM,True,2025-11-20T22:36:03.581303,,29
BIKE-L1,keygen,1024,64,2.0,1,1,0,MacBook-Pro-4.local,darwin,0,0.2175,4597.98,KEM,True,2025-11-20T22:36:03.581541,,30
BIKE-L1,encap,0,1,2.0,1,1,0,MacBook-Pro-4.local,darwin,0,0.337,2967.05,KEM,True,2025-11-20T22:36:03.581906,,31
BIKE-L1,encap,0,1,2.0,1,1,0,MacBook-Pro-4.local,darwin,0,0.2746,3642.1,KEM,True,2025-11-20T22:36:03.582208,,32
BIKE-L1,encap,0,1,2.0,1,1,0,MacBook-Pro-4.local,darwin,0,0.2705,3696.61,KEM,True,2025-11-20T22:36:03.582502,,33
BIKE-L1,encap,0,1,2.0,1,1,0,MacBook-Pro-4.local,darwin,0,0.2685,3724.94,KEM,True,2025-11-20T22:36:03.582793,,34
BIKE-L1,encap,0,1,2.0,1,1,0,MacBook-Pro-4.local,darwin,0,0.2697,3707.66,KEM,True,2025-11-20T22:36:03.583085,,35
BIKE-L1,encap,0,16,2.0,1,1,0,MacBook-Pro-4.local,darwin,0,0.2701,3702.99,KEM,True,2025-11-20T22:36:03.583377,,36
BIKE-L1,encap,0,16,2.0,1,1,0,MacBook-Pro-4.local,darwin,0,0.2704,3698.01,KEM,True,2025-11-20T22:36:03.583670,,37
BIKE-L1,encap,0,16,2.0,1,1,0,MacBook-Pro-4.local,darwin,0,0.2674,3740.39,KEM,True,2025-11-20T22:36:03.583959,,38
BIKE-L1,encap,0,16,2.0,1,1,0,MacBook-Pro-4.local,darwin,0,0.2665,3752.87,KEM,True,2025-11-20T22:36:03.584248,,39
BIKE-L1,encap,0,16,2.0,1,1,0,MacBook-Pro-4.local,darwin,0,0.3448,2900.57,KEM,True,2025-11-20T22:36:03.584619,,40
BIKE-L1,encap,0,64,2.0,1,1,0,MacBook-Pro-4.local,darwin,0,0.2781,3596.23,KEM,True,2025-11-20T22:36:03.584940,,41
BIKE-L1,encap,0,64,2.0,1,1,0,MacBook-Pro-4.local,darwin,0,0.2715,3683.24,KEM,True,2025-11-20T22:36:03.585239,,42
BIKE-L1,encap,0,64,2.0,1,1,0,MacBook-Pro-4.local,darwin,0,0.2712,3687.71,KEM,True,2025-11-20T22:36:03.585534,,43
BIKE-L1,encap,0,64,2.0,1,1,0,MacBook-Pro-4.local,darwin,0,0.2702,3701.32,KEM,True,2025-11-20T22:36:03.585827,,44
BIKE-L1,encap,0,64,2.0,1,1,0,MacBook-Pro-4.local,darwin,0,0.27,3703.91,KEM,True,2025-11-20T22:36:03.586120,,45
BIKE-L1,encap,1024,1,2.0,1,1,0,MacBook-Pro-4.local,darwin,0,0.269,3717.69,KEM,True,2025-11-20T22:36:03.586412,,46
BIKE-L1,encap,1024,1,2.0,1,1,0,MacBook-Pro-4.local,darwin,0,0.2683,3727.52,KEM,True,2025-11-20T22:36:03.586703,,47
BIKE-L1,encap,1024,1,2.0,1,1,0,MacBook-Pro-4.local,darwin,0,0.2947,3393.15,KEM,True,2025-11-20T22:36:03.587032,,48
BIKE-L1,encap,1024,1,2.0,1,1,0,MacBook-Pro-4.local,darwin,0,0.2921,3423.11,KEM,True,2025-11-20T22:36:03.587385,,49
BIKE-L1,encap,1024,1,2.0,1,1,0,MacBook-Pro-4.local,darwin,0,0.2729,3664.56,KEM,True,2025-11-20T22:36:03.587685,,50
BIKE-L1,encap,1024,16,2.0,1,1,0,MacBook-Pro-4.local,darwin,0,0.2725,3669.93,KEM,True,2025-11-20T22:36:03.587982,,51
BIKE-L1,encap,1024,16,2.0,1,1,0,MacBook-Pro-4.local,darwin,0,0.2829,3534.42,KEM,True,2025-11-20T22:36:03.588288,,52
BIKE-L1,encap,1024,16,2.0,1,1,0,MacBook-Pro-4.local,darwin,0,0.3749,2667.03,KEM,True,2025-11-20T22:36:03.588760,,53
BIKE-L1,encap,1024,16,2.0,1,1,0,MacBook-Pro-4.local,darwin,0,0.2794,3579.1,KEM,True,2025-11-20T22:36:03.589085,,54
BIKE-L1,encap,1024,16,2.0,1,1,0,MacBook-Pro-4.local,darwin,0,0.2721,3675.13,KEM,True,2025-11-20T22:36:03.589384,,55
BIKE-L1,encap,1024,64,2.0,1,1,0,MacBook-Pro-4.local,darwin,0,0.2668,3748.58,KEM,True,2025-11-20T22:36:03.589676,,56
BIKE-L1,encap,1024,64,2.0,1,1,0,MacBook-Pro-4.local,darwin,0,0.2674,3739.11,KEM,True,2025-11-20T22:36:03.589966,,57
BIKE-L1,encap,1024,64,2.0,1,1,0,MacBook-Pro-4.local,darwin,0,0.2693,3713.83,KEM,True,2025-11-20T22:36:03.590258,,58
BIKE-L1,encap,1024,64,2.0,1,1,0,MacBook-Pro-4.local,darwin,0,0.2686,3722.38,KEM,True,2025-11-20T22:36:03.590550,,59
BIKE-L1,encap,1024,64,2.0,1,1,0,MacBook-Pro-4.local,darwin,0,0.2752,3633.39,KEM,True,2025-11-20T22:36:03.590847,,60
BIKE-L1,decap,0,1,2.0,1,1,0,MacBook-Pro-4.local,darwin,0,0.8827,1132.85,KEM,True,2025-11-20T22:36:03.591758,,61
BIKE-L1,decap,0,1,2.0,1,1,0,MacBook-Pro-4.local,darwin,0,0.8616,1160.63,KEM,True,2025-11-20T22:36:03.592646,,62
BIKE-L1,decap,0,1,2.0,1,1,0,MacBook-Pro-4.local,darwin,0,0.8556,1168.8,KEM,True,2025-11-20T22:36:03.593526,,63
BIKE-L1,decap,0,1,2.0,1,1,0,MacBook-Pro-4.local,darwin,0,0.8443,1184.46,KEM,True,2025-11-20T22:36:03.594394,,64
BIKE-L1,decap,0,1,2.0,1,1,0,MacBook-Pro-4.local,darwin,0,0.8553,1169.11,KEM,True,2025-11-20T22:36:03.595274,,65
BIKE-L1,decap,0,16,2.0,1,1,0,MacBook-Pro-4.local,darwin,0,0.8514,1174.58,KEM,True,2025-11-20T22:36:03.596150,,66
BIKE-L1,decap,0,16,2.0,1,1,0,MacBook-Pro-4.local,darwin,0,0.8546,1170.09,KEM,True,2025-11-20T22:36:03.597029,,67
BIKE-L1,decap,0,16,2.0,1,1,0,MacBook-Pro-4.local,darwin,0,0.8356,1196.74,KEM,True,2025-11-20T22:36:03.597888,,68
BIKE-L1,decap,0,16,2.0,1,1,0,MacBook-Pro-4.local,darwin,0,0.8441,1184.67,KEM,True,2025-11-20T22:36:03.598755,,69
BIKE-L1,decap,0,16,2.0,1,1,0,MacBook-Pro-4.local,darwin,0,0.8543,1170.56,KEM,True,2025-11-20T22:36:03.599633,,70
BIKE-L1,decap,0,64,2.0,1,1,0,MacBook-Pro-4.local,darwin,0,0.8672,1153.19,KEM,True,2025-11-20T22:36:03.600524,,71
BIKE-L1,decap,0,64,2.0,1,1,0,MacBook-Pro-4.local,darwin,0,0.854,1171.0,KEM,True,2025-11-20T22:36:03.601404,,72
BIKE-L1,decap,0,64,2.0,1,1,0,MacBook-Pro-4.local,darwin,0,0.8915,1121.73,KEM,True,2025-11-20T22:36:03.602379,,73
BIKE-L1,decap,0,64,2.0,1,1,0,MacBook-Pro-4.local,darwin,0,0.8597,1163.24,KEM,True,2025-11-20T22:36:03.603264,,74
BIKE-L1,decap,0,64,2.0,1,1,0,MacBook-Pro-4.local,darwin,0,0.9389,1065.06,KEM,True,2025-11-20T22:36:03.604232,,75
BIKE-L1,decap,1024,1,2.0,1,1,0,MacBook-Pro-4.local,darwin,0,0.9981,1001.87,KEM,True,2025-11-20T22:36:03.605282,,76
BIKE-L1,decap,1024,1,2.0,1,1,0,MacBook-Pro-4.local,darwin,0,0.9763,1024.32,KEM,True,2025-11-20T22:36:03.606311,,77
BIKE-L1,decap,1024,1,2.0,1,1,0,MacBook-Pro-4.local,darwin,0,1.1746,851.38,KEM,True,2025-11-20T22:36:03.607572,,78
BIKE-L1,decap,1024,1,2.0,1,1,0,MacBook-Pro-4.local,darwin,0,0.8737,1144.62,KEM,True,2025-11-20T22:36:03.608501,,79
BIKE-L1,decap,1024,1,2.0,1,1,0,MacBook-Pro-4.local,darwin,0,0.8537,1171.31,KEM,True,2025-11-20T22:36:03.609383,,80
BIKE-L1,decap,1024,16,2.0,1,1,0,MacBook-Pro-4.local,darwin,0,0.839,1191.85,KEM,True,2025-11-20T22:36:03.610249,,81
BIKE-L1,decap,1024,16,2.0,1,1,0,MacBook-Pro-4.local,darwin,0,0.8438,1185.13,KEM,True,2025-11-20T22:36:03.611117,,82
BIKE-L1,decap,1024,16,2.0,1,1,0,MacBook-Pro-4.local,darwin,0,0.853,1172.32,KEM,True,2025-11-20T22:36:03.611995,,83
BIKE-L1,decap,1024,16,2.0,1,1,0,MacBook-Pro-4.local,darwin,0,0.8557,1168.7,KEM,True,2025-11-20T22:36:03.612873,,84
BIKE-L1,decap,1024,16,2.0,1,1,0,MacBook-Pro-4.local,darwin,0,0.8523,1173.32,KEM,True,2025-11-20T22:36:03.613749,,85
BIKE-L1,decap,1024,64,2.0,1,1,0,MacBook-Pro-4.local,darwin,0,0.8511,1174.95,KEM,True,2025-11-20T22:36:03.614624,,86
BIKE-L1,decap,1024,64,2.0,1,1,0,MacBook-Pro-4.local,darwin,0,0.8507,1175.44,KEM,True,2025-11-20T22:36:03.615498,,87
BIKE-L1,decap,1024,64,2.0,1,1,0,MacBook-Pro-4.local,darwin,0,0.8504,1175.92,KEM,True,2025-11-20T22:36:03.616372,,88
BIKE-L1,decap,1024,64,2.0,1,1,0,MacBook-Pro-4.local,darwin,0,0.8524,1173.16,KEM,True,2025-11-20T22:36:03.617247,,89
BIKE-L1,decap,1024,64,2.0,1,1,0,MacBook-Pro-4.local,darwin,0,0.8517,1174.12,KEM,True,2025-11-20T22:36:03.618122,,90
BIKE-L3,keygen,0,1,2.0,1,1,0,MacBook-Pro-4.local,darwin,0,0.7978,1253.39,KEM,True,2025-11-20T22:36:03.618954,,91
BIKE-L3,keygen,0,1,2.0,1,1,0,MacBook-Pro-4.local,darwin,0,0.8307,1203.74,KEM,True,2025-11-20T22:36:03.619868,,92
BIKE-L3,keygen,0,1,2.0,1,1,0,MacBook-Pro-4.local,darwin,0,0.8264,1210.13,KEM,True,2025-11-20T22:36:03.620775,,93
BIKE-L3,keygen,0,1,2.0,1,1,0,MacBook-Pro-4.local,darwin,0,0.7106,1407.34,KEM,True,2025-11-20T22:36:03.621603,,94
BIKE-L3,keygen,0,1,2.0,1,1,0,MacBook-Pro-4.local,darwin,0,0.636,1572.43,KEM,True,2025-11-20T22:36:03.622279,,95
BIKE-L3,keygen,0,16,2.0,1,1,0,MacBook-Pro-4.local,darwin,0,0.6362,1571.73,KEM,True,2025-11-20T22:36:03.622946,,96
BIKE-L3,keygen,0,16,2.0,1,1,0,MacBook-Pro-4.local,darwin,0,0.5856,1707.74,KEM,True,2025-11-20T22:36:03.623562,,97
BIKE-L3,keygen,0,16,2.0,1,1,0,MacBook-Pro-4.local,darwin,0,0.5814,1719.92,KEM,True,2025-11-20T22:36:03.624167,,98
BIKE-L3,keygen,0,16,2.0,1,1,0,MacBook-Pro-4.local,darwin,0,0.5804,1722.86,KEM,True,2025-11-20T22:36:03.624770,,99
BIKE-L3,keygen,0,16,2.0,1,1,0,MacBook-Pro-4.local,darwin,0,0.5806,1722.42,KEM,True,2025-11-20T22:36:03.625373,,100
BIKE-L3,keygen,0,64,2.0,1,1,0,MacBook-Pro-4.local,darwin,0,0.5866,1704.8,KEM,True,2025-11-20T22:36:03.625983,,101
BIKE-L3,keygen,0,64,2.0,1,1,0,MacBook-Pro-4.local,darwin,0,0.5819,1718.4,KEM,True,2025-11-20T22:36:03.626614,,102
BIKE-L3,keygen,0,64,2.0,1,1,0,MacBook-Pro-4.local,darwin,0,0.5807,1722.14,KEM,True,2025-11-20T22:36:03.627217,,103
BIKE-L3,keygen,0,64,2.0,1,1,0,MacBook-Pro-4.local,darwin,0,0.5867,1704.38,KEM,True,2025-11-20T22:36:03.627826,,104
BIKE-L3,keygen,0,64,2.0,1,1,0,MacBook-Pro-4.local,darwin,0,0.5835,1713.92,KEM,True,2025-11-20T22:36:03.628432,,105
BIKE-L3,keygen,1024,1,2.0,1,1,0,MacBook-Pro-4.local,darwin,0,0.583,1715.23,KEM,True,2025-11-20T22:36:03.629038,,106
BIKE-L3,keygen,1024,1,2.0,1,1,0,MacBook-Pro-4.local,darwin,0,0.5802,1723.49,KEM,True,2025-11-20T22:36:03.629641,,107
BIKE-L3,keygen,1024,1,2.0,1,1,0,MacBook-Pro-4.local,darwin,0,0.5903,1694.12,KEM,True,2025-11-20T22:36:03.630253,,108
BIKE-L3,keygen,1024,1,2.0,1,1,0,MacBook-Pro-4.local,darwin,0,0.5874,1702.4,KEM,True,2025-11-20T22:36:03.630862,,109
BIKE-L3,keygen,1024,1,2.0,1,1,0,MacBook-Pro-4.local,darwin,0,0.5801,1723.85,KEM,True,2025-11-20T22:36:03.631464,,110
BIKE-L3,keygen,1024,16,2.0,1,1,0,MacBook-Pro-4.local,darwin,0,0.5792,1726.55,KEM,True,2025-11-20T22:36:03.632066,,111
BIKE-L3,keygen,1024,16,2.0,1,1,0,MacBook-Pro-4.local,darwin,0,0.582,1718.14,KEM,True,2025-11-20T22:36:03.632670,,112
BIKE-L3,keygen,1024,16,2.0,1,1,0,MacBook-Pro-4.local,darwin,0,0.5804,1722.96,KEM,True,2025-11-20T22:36:03.633272,,113
BIKE-L3,keygen,1024,16,2.0,1,1,0,MacBook-Pro-4.local,darwin,0,0.5791,1726.83,KEM,True,2025-11-20T22:36:03.633873,,114
BIKE-L3,keygen,1024,16,2.0,1,1,0,MacBook-Pro-4.local,darwin,0,0.5816,1719.38,KEM,True,2025-11-20T22:36:03.634476,,115
BIKE-L3,keygen,1024,64,2.0,1,1,0,MacBook-Pro-4.local,darwin,0,0.5802,1723.65,KEM,True,2025-11-20T22:36:03.635078,,116
BIKE-L3,keygen,1024,64,2.0,1,1,0,MacBook-Pro-4.local,darwin,0,0.5804,1723.01,KEM,True,2025-11-20T22:36:03.635680,,117
BIKE-L3,keygen,1024,64,2.0,1,1,0,MacBook-Pro-4.local,darwin,0,0.5796,1725.43,KEM,True,2025-11-20T22:36:03.636280,,118
BIKE-L3,keygen,1024,64,2.0,1,1,0,MacBook-Pro-4.local,darwin,0,0.5811,1720.89,KEM,True,2025-11-20T22:36:03.636883,,119
BIKE-L3,keygen,1024,64,2.0,1,1,0,MacBook-Pro-4.local,darwin,0,0.6952,1438.38,KEM,True,2025-11-20T22:36:03.637645,,120
BIKE-L3,encap,0,1,2.0,1,1,0,MacBook-Pro-4.local,darwin,0,0.9385,1065.53,KEM,True,2025-11-20T22:36:03.638672,,121
BIKE-L3,encap,0,1,2.0,1,1,0,MacBook-Pro-4.local,darwin,0,0.9673,1033.76,KEM,True,2025-11-20T22:36:03.639758,,122
BIKE-L3,encap,0,1,2.0,1,1,0,MacBook-Pro-4.local,darwin,0,0.8665,1154.02,KEM,True,2025-11-20T22:36:03.640693,,123
BIKE-L3,encap,0,1,2.0,1,1,0,MacBook-Pro-4.local,darwin,0,0.742,1347.77,KEM,True,2025-11-20T22:36:03.641490,,124
BIKE-L3,encap,0,1,2.0,1,1,0,MacBook-Pro-4.local,darwin,0,0.73,1369.96,KEM,True,2025-11-20T22:36:03.642291,,125
BIKE-L3,encap,0,16,2.0,1,1,0,MacBook-Pro-4.local,darwin,0,0.8818,1134.05,KEM,True,2025-11-20T22:36:03.643225,,126
BIKE-L3,encap,0,16,2.0,1,1,0,MacBook-Pro-4.local,darwin,0,0.7037,1421.0,KEM,True,2025-11-20T22:36:03.643984,,127
BIKE-L3,encap,0,16,2.0,1,1,0,MacBook-Pro-4.local,darwin,0,0.6985,1431.63,KEM,True,2025-11-20T22:36:03.644710,,128
BIKE-L3,encap,0,16,2.0,1,1,0,MacBook-Pro-4.local,darwin,0,0.6885,1452.38,KEM,True,2025-11-20T22:36:03.645423,,129
BIKE-L3,encap,0,16,2.0,1,1,0,MacBook-Pro-4.local,darwin,0,0.7024,1423.69,KEM,True,2025-11-20T22:36:03.646149,,130
BIKE-L3,encap,0,64,2.0,1,1,0,MacBook-Pro-4.local,darwin,0,0.696,1436.84,KEM,True,2025-11-20T22:36:03.646870,,131
BIKE-L3,encap,0,64,2.0,1,1,0,MacBook-Pro-4.local,darwin,0,0.7002,1428.21,KEM,True,2025-11-20T22:36:03.647595,,132
BIKE-L3,encap,0,64,2.0,1,1,0,MacBook-Pro-4.local,darwin,0,0.6862,1457.37,KEM,True,2025-11-20T22:36:03.648305,,133
BIKE-L3,encap,0,64,2.0,1,1,0,MacBook-Pro-4.local,darwin,0,0.6869,1455.73,KEM,True,2025-11-20T22:36:03.649014,,134
BIKE-L3,encap,0,64,2.0,1,1,0,MacBook-Pro-4.local,darwin,0,0.6905,1448.14,KEM,True,2025-11-20T22:36:03.649727,,135
BIKE-L3,encap,1024,1,2.0,1,1,0,MacBook-Pro-4.local,darwin,0,0.6897,1449.88,KEM,True,2025-11-20T22:36:03.650441,,136
BIKE-L3,encap,1024,1,2.0,1,1,0,MacBook-Pro-4.local,darwin,0,0.6848,1460.33,KEM,True,2025-11-20T22:36:03.651150,,137
BIKE-L3,encap,1024,1,2.0,1,1,0,MacBook-Pro-4.local,darwin,0,0.6886,1452.3,KEM,True,2025-11-20T22:36:03.651863,,138
BIKE-L3,encap,1024,1,2.0,1,1,0,MacBook-Pro-4.local,darwin,0,0.686,1457.71,KEM,True,2025-11-20T22:36:03.652572,,139
BIKE-L3,encap,1024,1,2.0,1,1,0,MacBook-Pro-4.local,darwin,0,0.689,1451.28,KEM,True,2025-11-20T22:36:03.653284,,140
BIKE-L3,encap,1024,16,2.0,1,1,0,MacBook-Pro-4.local,darwin,0,0.6919,1445.24,KEM,True,2025-11-20T22:36:03.653999,,141
BIKE-L3,encap,1024,16,2.0,1,1,0,MacBook-Pro-4.local,darwin,0,0.7828,1277.41,KEM,True,2025-11-20T22:36:03.654811,,142
BIKE-L3,encap,1024,16,2.0,1,1,0,MacBook-Pro-4.local,darwin,0,0.7811,1280.28,KEM,True,2025-11-20T22:36:03.655641,,143
BIKE-L3,encap,1024,16,2.0,1,1,0,MacBook-Pro-4.local,darwin,0,0.727,1375.52,KEM,True,2025-11-20T22:36:03.656483,,144
BIKE-L3,encap,1024,16,2.0,1,1,0,MacBook-Pro-4.local,darwin,0,0.7165,1395.69,KEM,True,2025-11-20T22:36:03.657235,,145
BIKE-L3,encap,1024,64,2.0,1,1,0,MacBook-Pro-4.local,darwin,0,0.8788,1137.89,KEM,True,2025-11-20T22:36:03.658158,,146
BIKE-L3,encap,1024,64,2.0,1,1,0,MacBook-Pro-4.local,darwin,0,0.7292,1371.33,KEM,True,2025-11-20T22:36:03.658949,,147
BIKE-L3,encap,1024,64,2.0,1,1,0,MacBook-Pro-4.local,darwin,0,0.9071,1102.42,KEM,True,2025-11-20T22:36:03.659893,,148
BIKE-L3,encap,1024,64,2.0,1,1,0,MacBook-Pro-4.local,darwin,0,0.7161,1396.4,KEM,True,2025-11-20T22:36:03.660653,,149
BIKE-L3,encap,1024,64,2.0,1,1,0,MacBook-Pro-4.local,darwin,0,0.7707,1297.59,KEM,True,2025-11-20T22:36:03.661457,,150
BIKE-L3,decap,0,1,2.0,1,1,0,MacBook-Pro-4.local,darwin,0,2.5441,393.06,KEM,True,2025-11-20T22:36:03.664050,,151
BIKE-L3,decap,0,1,2.0,1,1,0,MacBook-Pro-4.local,darwin,0,2.519,396.98,KEM,True,2025-11-20T22:36:03.666597,,152
BIKE-L3,decap,0,1,2.0,1,1,0,MacBook-Pro-4.local,darwin,0,2.5122,398.06,KEM,True,2025-11-20T22:36:03.669136,,153
BIKE-L3,decap,0,1,2.0,1,1,0,MacBook-Pro-4.local,darwin,0,2.6438,378.24,KEM,True,2025-11-20T22:36:03.671811,,154
BIKE-L3,decap,0,1,2.0,1,1,0,MacBook-Pro-4.local,darwin,0,2.5495,392.23,KEM,True,2025-11-20T22:36:03.674413,,155
BIKE-L3,decap,0,16,2.0,1,1,0,MacBook-Pro-4.local,darwin,0,2.5175,397.22,KEM,True,2025-11-20T22:36:03.676960,,156
BIKE-L3,decap,0,16,2.0,1,1,0,MacBook-Pro-4.local,darwin,0,2.8588,349.79,KEM,True,2025-11-20T22:36:03.679860,,157
BIKE-L3,decap,0,16,2.0,1,1,0,MacBook-Pro-4.local,darwin,0,2.554,391.55,KEM,True,2025-11-20T22:36:03.682481,,158
BIKE-L3,decap,0,16,2.0,1,1,0,MacBook-Pro-4.local,darwin,0,2.5191,396.97,KEM,True,2025-11-20T22:36:03.685030,,159
BIKE-L3,decap,0,16,2.0,1,1,0,MacBook-Pro-4.local,darwin,0,2.5078,398.75,KEM,True,2025-11-20T22:36:03.687563,,160
BIKE-L3,decap,0,64,2.0,1,1,0,MacBook-Pro-4.local,darwin,0,2.5666,389.62,KEM,True,2025-11-20T22:36:03.690168,,161
BIKE-L3,decap,0,64,2.0,1,1,0,MacBook-Pro-4.local,darwin,0,2.5231,396.34,KEM,True,2025-11-20T22:36:03.692735,,162
BIKE-L3,decap,0,64,2.0,1,1,0,MacBook-Pro-4.local,darwin,0,2.5453,392.87,KEM,True,2025-11-20T22:36:03.695309,,163
BIKE-L3,decap,0,64,2.0,1,1,0,MacBook-Pro-4.local,darwin,0,2.939,340.25,KEM,True,2025-11-20T22:36:03.698311,,164
BIKE-L3,decap,0,64,2.0,1,1,0,MacBook-Pro-4.local,darwin,0,2.6783,373.37,KEM,True,2025-11-20T22:36:03.701091,,165
BIKE-L3,decap,1024,1,2.0,1,1,0,MacBook-Pro-4.local,darwin,0,2.5398,393.73,KEM,True,2025-11-20T22:36:03.703678,,166
BIKE-L3,decap,1024,1,2.0,1,1,0,MacBook-Pro-4.local,darwin,0,2.6884,371.96,KEM,True,2025-11-20T22:36:03.706399,,167
BIKE-L3,decap,1024,1,2.0,1,1,0,MacBook-Pro-4.local,darwin,0,2.5507,392.04,KEM,True,2025-11-20T22:36:03.708994,,168
BIKE-L3,decap,1024,1,2.0,1,1,0,MacBook-Pro-4.local,darwin,0,2.5295,395.34,KEM,True,2025-11-20T22:36:03.711553,,169
BIKE-L3,decap,1024,1,2.0,1,1,0,MacBook-Pro-4.local,darwin,0,2.8546,350.32,KEM,True,2025-11-20T22:36:03.714501,,170
BIKE-L3,decap,1024,16,2.0,1,1,0,MacBook-Pro-4.local,darwin,0,2.9712,336.57,KEM,True,2025-11-20T22:36:03.717561,,171
BIKE-L3,decap,1024,16,2.0,1,1,0,MacBook-Pro-4.local,darwin,0,2.8147,355.28,KEM,True,2025-11-20T22:36:03.720451,,172
BIKE-L3,decap,1024,16,2.0,1,1,0,MacBook-Pro-4.local,darwin,0,2.8656,348.96,KEM,True,2025-11-20T22:36:03.723403,,173
BIKE-L3,decap,1024,16,2.0,1,1,0,MacBook-Pro-4.local,darwin,0,2.6722,374.22,KEM,True,2025-11-20T22:36:03.726244,,174
BIKE-L3,decap,1024,16,2.0,1,1,0,MacBook-Pro-4.local,darwin,0,2.5294,395.34,KEM,True,2025-11-20T22:36:03.728827,,175
BIKE-L3,decap,1024,64,2.0,1,1,0,MacBook-Pro-4.local,darwin,0,2.5142,397.75,KEM,True,2025-11-20T22:36:03.731372,,176
BIKE-L3,decap,1024,64,2.0,1,1,0,MacBook-Pro-4.local,darwin,0,2.5183,397.09,KEM,True,2025-11-20T22:36:03.733916,,177
BIKE-L3,decap,1024,64,2.0,1,1,0,MacBook-Pro-4.local,darwin,0,2.5193,396.94,KEM,True,2025-11-20T22:36:03.736460,,178
BIKE-L3,decap,1024,64,2.0,1,1,0,MacBook-Pro-4.local,darwin,0,2.9409,340.04,KEM,True,2025-11-20T22:36:03.739439,,179
BIKE-L3,decap,1024,64,2.0,1,1,0,MacBook-Pro-4.local,darwin,0,2.7009,370.24,KEM,True,2025-11-20T22:36:03.742215,,180
BIKE-L5,keygen,0,1,2.0,1,1,0,MacBook-Pro-4.local,darwin,0,1.7226,580.52,KEM,True,2025-11-20T22:36:03.743992,,181
BIKE-L5,keygen,0,1,2.0,1,1,0,MacBook-Pro-4.local,darwin,0,1.4097,709.35,KEM,True,2025-11-20T22:36:03.745436,,182
BIKE-L5,keygen,0,1,2.0,1,1,0,MacBook-Pro-4.local,darwin,0,1.4202,704.13,KEM,True,2025-11-20T22:36:03.746881,,183
BIKE-L5,keygen,0,1,2.0,1,1,0,MacBook-Pro-4.local,darwin,0,1.4111,708.67,KEM,True,2025-11-20T22:36:03.748316,,184
BIKE-L5,keygen,0,1,2.0,1,1,0,MacBook-Pro-4.local,darwin,0,1.4622,683.92,KEM,True,2025-11-20T22:36:03.749804,,185
BIKE-L5,keygen,0,16,2.0,1,1,0,MacBook-Pro-4.local,darwin,0,1.9212,520.52,KEM,True,2025-11-20T22:36:03.751788,,186
BIKE-L5,keygen,0,16,2.0,1,1,0,MacBook-Pro-4.local,darwin,0,1.4574,686.14,KEM,True,2025-11-20T22:36:03.753322,,187
BIKE-L5,keygen,0,16,2.0,1,1,0,MacBook-Pro-4.local,darwin,0,1.5516,644.5,KEM,True,2025-11-20T22:36:03.754909,,188
BIKE-L5,keygen,0,16,2.0,1,1,0,MacBook-Pro-4.local,darwin,0,1.4372,695.8,KEM,True,2025-11-20T22:36:03.756394,,189
BIKE-L5,keygen,0,16,2.0,1,1,0,MacBook-Pro-4.local,darwin,0,1.4027,712.93,KEM,True,2025-11-20T22:36:03.757825,,190
BIKE-L5,keygen,0,64,2.0,1,1,0,MacBook-Pro-4.local,darwin,0,1.4444,692.31,KEM,True,2025-11-20T22:36:03.759300,,191
BIKE-L5,keygen,0,64,2.0,1,1,0,MacBook-Pro-4.local,darwin,0,1.731,577.71,KEM,True,2025-11-20T22:36:03.761077,,192
BIKE-L5,keygen,0,64,2.0,1,1,0,MacBook-Pro-4.local,darwin,0,1.5555,642.88,KEM,True,2025-11-20T22:36:03.762694,,193
BIKE-L5,keygen,0,64,2.0,1,1,0,MacBook-Pro-4.local,darwin,0,1.4294,699.61,KEM,True,2025-11-20T22:36:03.764169,,194
BIKE-L5,keygen,0,64,2.0,1,1,0,MacBook-Pro-4.local,darwin,0,1.4035,712.48,KEM,True,2025-11-20T22:36:03.765600,,195
BIKE-L5,keygen,1024,1,2.0,1,1,0,MacBook-Pro-4.local,darwin,0,1.3986,715.02,KEM,True,2025-11-20T22:36:03.767026,,196
BIKE-L5,keygen,1024,1,2.0,1,1,0,MacBook-Pro-4.local,darwin,0,1.4106,708.9,KEM,True,2025-11-20T22:36:03.768462,,197
BIKE-L5,keygen,1024,1,2.0,1,1,0,MacBook-Pro-4.local,darwin,0,1.4014,713.59,KEM,True,2025-11-20T22:36:03.769888,,198
BIKE-L5,keygen,1024,1,2.0,1,1,0,MacBook-Pro-4.local,darwin,0,1.5332,652.24,KEM,True,2025-11-20T22:36:03.771451,,199
BIKE-L5,keygen,1024,1,2.0,1,1,0,MacBook-Pro-4.local,darwin,0,1.5189,658.39,KEM,True,2025-11-20T22:36:03.773014,,200
BIKE-L5,keygen,1024,16,2.0,1,1,0,MacBook-Pro-4.local,darwin,0,1.4229,702.78,KEM,True,2025-11-20T22:36:03.774468,,201
BIKE-L5,keygen,1024,16,2.0,1,1,0,MacBook-Pro-4.local,darwin,0,1.4003,714.15,KEM,True,2025-11-20T22:36:03.775894,,202
BIKE-L5,keygen,1024,16,2.0,1,1,0,MacBook-Pro-4.local,darwin,0,1.4124,708.03,KEM,True,2025-11-20T22:36:03.777330,,203
BIKE-L5,keygen,1024,16,2.0,1,1,0,MacBook-Pro-4.local,darwin,0,1.401,713.8,KEM,True,2025-11-20T22:36:03.778755,,204
BIKE-L5,keygen,1024,16,2.0,1,1,0,MacBook-Pro-4.local,darwin,0,1.4043,712.11,KEM,True,2025-11-20T22:36:03.780185,,205
BIKE-L5,keygen,1024,64,2.0,1,1,0,MacBook-Pro-4.local,darwin,0,1.399,714.78,KEM,True,2025-11-20T22:36:03.781609,,206
BIKE-L5,keygen,1024,64,2.0,1,1,0,MacBook-Pro-4.local,darwin,0,1.406,711.24,KEM,True,2025-11-20T22:36:03.783040,,207
BIKE-L5,keygen,1024,64,2.0,1,1,0,MacBook-Pro-4.local,darwin,0,1.3986,715.02,KEM,True,2025-11-20T22:36:03.784462,,208
BIKE-L5,keygen,1024,64,2.0,1,1,0,MacBook-Pro-4.local,darwin,0,1.4732,678.81,KEM,True,2025-11-20T22:36:03.785963,,209
BIKE-L5,keygen,1024,64,2.0,1,1,0,MacBook-Pro-4.local,darwin,0,2.0764,481.61,KEM,True,2025-11-20T22:36:03.788089,,210
BIKE-L5,encap,0,1,2.0,1,1,0,MacBook-Pro-4.local,darwin,0,2.2212,450.21,KEM,True,2025-11-20T22:36:03.790407,,211
BIKE-L5,encap,0,1,2.0,1,1,0,MacBook-Pro-4.local,darwin,0,1.6783,595.84,KEM,True,2025-11-20T22:36:03.792179,,212
BIKE-L5,encap,0,1,2.0,1,1,0,MacBook-Pro-4.local,darwin,0,1.625,615.38,KEM,True,2025-11-20T22:36:03.793833,,213
BIKE-L5,encap,0,1,2.0,1,1,0,MacBook-Pro-4.local,darwin,0,1.6239,615.78,KEM,True,2025-11-20T22:36:03.795484,,214
BIKE-L5,encap,0,1,2.0,1,1,0,MacBook-Pro-4.local,darwin,0,1.7822,561.09,KEM,True,2025-11-20T22:36:03.797362,,215
BIKE-L5,encap,0,16,2.0,1,1,0,MacBook-Pro-4.local,darwin,0,1.8185,549.92,KEM,True,2025-11-20T22:36:03.799283,,216
BIKE-L5,encap,0,16,2.0,1,1,0,MacBook-Pro-4.local,darwin,0,1.9247,519.56,KEM,True,2025-11-20T22:36:03.801287,,217
BIKE-L5,encap,0,16,2.0,1,1,0,MacBook-Pro-4.local,darwin,0,1.6472,607.08,KEM,True,2025-11-20T22:36:03.803028,,218
BIKE-L5,encap,0,16,2.0,1,1,0,MacBook-Pro-4.local,darwin,0,1.6649,600.62,KEM,True,2025-11-20T22:36:03.804728,,219
BIKE-L5,encap,0,16,2.0,1,1,0,MacBook-Pro-4.local,darwin,0,1.6854,593.32,KEM,True,2025-11-20T22:36:03.806493,,220
BIKE-L5,encap,0,64,2.0,1,1,0,MacBook-Pro-4.local,darwin,0,1.6353,611.49,KEM,True,2025-11-20T22:36:03.808162,,221
BIKE-L5,encap,0,64,2.0,1,1,0,MacBook-Pro-4.local,darwin,0,1.6229,616.17,KEM,True,2025-11-20T22:36:03.809811,,222
BIKE-L5,encap,0,64,2.0,1,1,0,MacBook-Pro-4.local,darwin,0,1.6193,617.55,KEM,True,2025-11-20T22:36:03.811455,,223
BIKE-L5,encap,0,64,2.0,1,1,0,MacBook-Pro-4.local,darwin,0,1.6241,615.71,KEM,True,2025-11-20T22:36:03.813104,,224
BIKE-L5,encap,0,64,2.0,1,1,0,MacBook-Pro-4.local,darwin,0,1.6246,615.53,KEM,True,2025-11-20T22:36:03.814753,,225
BIKE-L5,encap,1024,1,2.0,1,1,0,MacBook-Pro-4.local,darwin,0,1.6347,611.72,KEM,True,2025-11-20T22:36:03.816413,,226
BIKE-L5,encap,1024,1,2.0,1,1,0,MacBook-Pro-4.local,darwin,0,1.6301,613.45,KEM,True,2025-11-20T22:36:03.818068,,227
BIKE-L5,encap,1024,1,2.0,1,1,0,MacBook-Pro-4.local,darwin,0,1.6211,616.88,KEM,True,2025-11-20T22:36:03.819713,,228
BIKE-L5,encap,1024,1,2.0,1,1,0,MacBook-Pro-4.local,darwin,0,1.8583,538.14,KEM,True,2025-11-20T22:36:03.821603,,229
BIKE-L5,encap,1024,1,2.0,1,1,0,MacBook-Pro-4.local,darwin,0,1.8031,554.61,KEM,True,2025-11-20T22:36:03.823468,,230
BIKE-L5,encap,1024,16,2.0,1,1,0,MacBook-Pro-4.local,darwin,0,1.6313,613.0,KEM,True,2025-11-20T22:36:03.825142,,231
BIKE-L5,encap,1024,16,2.0,1,1,0,MacBook-Pro-4.local,darwin,0,1.6297,613.61,KEM,True,2025-11-20T22:36:03.826799,,232
BIKE-L5,encap,1024,16,2.0,1,1,0,MacBook-Pro-4.local,darwin,0,1.6251,615.34,KEM,True,2025-11-20T22:36:03.828449,,233
BIKE-L5,encap,1024,16,2.0,1,1,0,MacBook-Pro-4.local,darwin,0,1.6248,615.46,KEM,True,2025-11-20T22:36:03.830098,,234
BIKE-L5,encap,1024,16,2.0,1,1,0,MacBook-Pro-4.local,darwin,0,1.6301,613.45,KEM,True,2025-11-20T22:36:03.831752,,235
BIKE-L5,encap,1024,64,2.0,1,1,0,MacBook-Pro-4.local,darwin,0,1.6225,616.32,KEM,True,2025-11-20T22:36:03.833400,,236
BIKE-L5,encap,1024,64,2.0,1,1,0,MacBook-Pro-4.local,darwin,0,1.6234,616.0,KEM,True,2025-11-20T22:36:03.835047,,237
BIKE-L5,encap,1024,64,2.0,1,1,0,MacBook-Pro-4.local,darwin,0,1.6205,617.09,KEM,True,2025-11-20T22:36:03.836692,,238
BIKE-L5,encap,1024,64,2.0,1,1,0,MacBook-Pro-4.local,darwin,0,1.7124,583.99,KEM,True,2025-11-20T22:36:03.838459,,239
BIKE-L5,encap,1024,64,2.0,1,1,0,MacBook-Pro-4.local,darwin,0,1.6315,612.95,KEM,True,2025-11-20T22:36:03.840124,,240
BIKE-L5,decap,0,1,2.0,1,1,0,MacBook-Pro-4.local,darwin,0,6.2082,161.08,KEM,True,2025-11-20T22:36:03.846364,,241
BIKE-L5,decap,0,1,2.0,1,1,0,MacBook-Pro-4.local,darwin,0,6.1534,162.51,KEM,True,2025-11-20T22:36:03.852544,,242
BIKE-L5,decap,0,1,2.0,1,1,0,MacBook-Pro-4.local,darwin,0,7.3036,136.92,KEM,True,2025-11-20T22:36:03.859888,,243
BIKE-L5,decap,0,1,2.0,1,1,0,MacBook-Pro-4.local,darwin,0,6.2896,158.99,KEM,True,2025-11-20T22:36:03.866248,,244
BIKE-L5,decap,0,1,2.0,1,1,0,MacBook-Pro-4.local,darwin,0,6.8792,145.36,KEM,True,2025-11-20T22:36:03.873175,,245
BIKE-L5,decap,0,16,2.0,1,1,0,MacBook-Pro-4.local,darwin,0,6.3439,157.63,KEM,True,2025-11-20T22:36:03.879608,,246
BIKE-L5,decap,0,16,2.0,1,1,0,MacBook-Pro-4.local,darwin,0,6.1688,162.11,KEM,True,2025-11-20T22:36:03.885829,,247
BIKE-L5,decap,0,16,2.0,1,1,0,MacBook-Pro-4.local,darwin,0,6.3831,156.66,KEM,True,2025-11-20T22:36:03.892250,,248
BIKE-L5,decap,0,16,2.0,1,1,0,MacBook-Pro-4.local,darwin,0,6.6323,150.78,KEM,True,2025-11-20T22:36:03.898942,,249
BIKE-L5,decap,0,16,2.0,1,1,0,MacBook-Pro-4.local,darwin,0,6.3752,156.86,KEM,True,2025-11-20T22:36:03.905394,,250
BIKE-L5,decap,0,64,2.0,1,1,0,MacBook-Pro-4.local,darwin,0,6.6891,149.5,KEM,True,2025-11-20T22:36:03.912147,,251
BIKE-L5,decap,0,64,2.0,1,1,0,MacBook-Pro-4.local,darwin,0,6.2502,160.0,KEM,True,2025-11-20T22:36:03.918466,,252
BIKE-L5,decap,0,64,2.0,1,1,0,MacBook-Pro-4.local,darwin,0,6.206,161.14,KEM,True,2025-11-20T22:36:03.924714,,253
BIKE-L5,decap,0,64,2.0,1,1,0,MacBook-Pro-4.local,darwin,0,6.1828,161.74,KEM,True,2025-11-20T22:36:03.930944,,254
BIKE-L5,decap,0,64,2.0,1,1,0,MacBook-Pro-4.local,darwin,0,6.5136,153.53,KEM,True,2025-11-20T22:36:03.937516,,255
BIKE-L5,decap,1024,1,2.0,1,1,0,MacBook-Pro-4.local,darwin,0,6.9742,143.38,KEM,True,2025-11-20T22:36:03.944639,,256
BIKE-L5,decap,1024,1,2.0,1,1,0,MacBook-Pro-4.local,darwin,0,6.7108,149.01,KEM,True,2025-11-20T22:36:03.951468,,257
BIKE-L5,decap,1024,1,2.0,1,1,0,MacBook-Pro-4.local,darwin,0,6.3714,156.95,KEM,True,2025-11-20T22:36:03.957917,,258
BIKE-L5,decap,1024,1,2.0,1,1,0,MacBook-Pro-4.local,darwin,0,6.3893,156.51,KEM,True,2025-11-20T22:36:03.964371,,259
BIKE-L5,decap,1024,1,2.0,1,1,0,MacBook-Pro-4.local,darwin,0,6.4239,155.67,KEM,True,2025-11-20T22:36:03.970853,,260
BIKE-L5,decap,1024,16,2.0,1,1,0,MacBook-Pro-4.local,darwin,0,6.6078,151.34,KEM,True,2025-11-20T22:36:03.977524,,261
BIKE-L5,decap,1024,16,2.0,1,1,0,MacBook-Pro-4.local,darwin,0,6.2195,160.79,KEM,True,2025-11-20T22:36:03.983810,,262
BIKE-L5,decap,1024,16,2.0,1,1,0,MacBook-Pro-4.local,darwin,0,6.3238,158.13,KEM,True,2025-11-20T22:36:03.990174,,263
BIKE-L5,decap,1024,16,2.0,1,1,0,MacBook-Pro-4.local,darwin,0,6.1925,161.49,KEM,True,2025-11-20T22:36:03.996413,,264
BIKE-L5,decap,1024,16,2.0,1,1,0,MacBook-Pro-4.local,darwin,0,6.234,160.41,KEM,True,2025-11-20T22:36:04.002680,,265
BIKE-L5,decap,1024,64,2.0,1,1,0,MacBook-Pro-4.local,darwin,0,6.3115,158.44,KEM,True,2025-11-20T22:36:04.009037,,266
BIKE-L5,decap,1024,64,2.0,1,1,0,MacBook-Pro-4.local,darwin,0,6.3888,156.52,KEM,True,2025-11-20T22:36:04.015488,,267
BIKE-L5,decap,1024,64,2.0,1,1,0,MacBook-Pro-4.local,darwin,0,6.4049,156.13,KEM,True,2025-11-20T22:36:04.021949,,268
BIKE-L5,decap,1024,64,2.0,1,1,0,MacBook-Pro-4.local,darwin,0,6.2878,159.04,KEM,True,2025-11-20T22:36:04.028321,,269
BIKE-L5,decap,1024,64,2.0,1,1,0,MacBook-Pro-4.local,darwin,0,6.1781,161.86,KEM,True,2025-11-20T22:36:04.034548,,270
Classic-McEliece-348864,keygen,0,1,2.0,1,1,0,MacBook-Pro-4.local,darwin,0,36.685,27.26,KEM,True,2025-11-20T22:36:04.071288,,271
Classic-McEliece-348864,keygen,0,1,2.0,1,1,0,MacBook-Pro-4.local,darwin,0,38.7902,25.78,KEM,True,2025-11-20T22:36:04.110186,,272
Classic-McEliece-348864,keygen,0,1,2.0,1,1,0,MacBook-Pro-4.local,darwin,0,36.548,27.36,KEM,True,2025-11-20T22:36:04.146822,,273
Classic-McEliece-348864,keygen,0,1,2.0,1,1,0,MacBook-Pro-4.local,darwin,0,36.1959,27.63,KEM,True,2025-11-20T22:36:04.183204,,274
Classic-McEliece-348864,keygen,0,1,2.0,1,1,0,MacBook-Pro-4.local,darwin,0,58.9138,16.97,KEM,True,2025-11-20T22:36:04.242216,,275
Classic-McEliece-348864,keygen,0,16,2.0,1,1,0,MacBook-Pro-4.local,darwin,0,42.735,23.4,KEM,True,2025-11-20T22:36:04.285049,,276
Classic-McEliece-348864,keygen,0,16,2.0,1,1,0,MacBook-Pro-4.local,darwin,0,49.0037,20.41,KEM,True,2025-11-20T22:36:04.334149,,277
Classic-McEliece-348864,keygen,0,16,2.0,1,1,0,MacBook-Pro-4.local,darwin,0,42.5551,23.5,KEM,True,2025-11-20T22:36:04.376800,,278
Classic-McEliece-348864,keygen,0,16,2.0,1,1,0,MacBook-Pro-4.local,darwin,0,77.9741,12.82,KEM,True,2025-11-20T22:36:04.454881,,279
Classic-McEliece-348864,keygen,0,16,2.0,1,1,0,MacBook-Pro-4.local,darwin,0,51.2535,19.51,KEM,True,2025-11-20T22:36:04.506233,,280
Classic-McEliece-348864,keygen,0,64,2.0,1,1,0,MacBook-Pro-4.local,darwin,0,42.7439,23.4,KEM,True,2025-11-20T22:36:04.549095,,281
Classic-McEliece-348864,keygen,0,64,2.0,1,1,0,MacBook-Pro-4.local,darwin,0,39.0031,25.64,KEM,True,2025-11-20T22:36:04.588192,,282
Classic-McEliece-348864,keygen,0,64,2.0,1,1,0,MacBook-Pro-4.local,darwin,0,39.277,25.46,KEM,True,2025-11-20T22:36:04.627590,,283
Classic-McEliece-348864,keygen,0,64,2.0,1,1,0,MacBook-Pro-4.local,darwin,0,62.8655,15.91,KEM,True,2025-11-20T22:36:04.690567,,284
Classic-McEliece-348864,keygen,0,64,2.0,1,1,0,MacBook-Pro-4.local,darwin,0,49.1277,20.36,KEM,True,2025-11-20T22:36:04.739873,,285
Classic-McEliece-348864,keygen,1024,1,2.0,1,1,0,MacBook-Pro-4.local,darwin,0,52.8746,18.91,KEM,True,2025-11-20T22:36:04.792847,,286
Classic-McEliece-348864,keygen,1024,1,2.0,1,1,0,MacBook-Pro-4.local,darwin,0,42.8347,23.35,KEM,True,2025-11-20T22:36:04.835776,,287
Classic-McEliece-348864,keygen,1024,1,2.0,1,1,0,MacBook-Pro-4.local,darwin,0,58.5386,17.08,KEM,True,2025-11-20T22:36:04.894469,,288
Classic-McEliece-348864,keygen,1024,1,2.0,1,1,0,MacBook-Pro-4.local,darwin,0,49.1659,20.34,KEM,True,2025-11-20T22:36:04.943729,,289
Classic-McEliece-348864,keygen,1024,1,2.0,1,1,0,MacBook-Pro-4.local,darwin,0,45.879,21.8,KEM,True,2025-11-20T22:36:04.989703,,290
Classic-McEliece-348864,keygen,1024,16,2.0,1,1,0,MacBook-Pro-4.local,darwin,0,36.1219,27.68,KEM,True,2025-11-20T22:36:05.025939,,291
Classic-McEliece-348864,keygen,1024,16,2.0,1,1,0,MacBook-Pro-4.local,darwin,0,38.9987,25.64,KEM,True,2025-11-20T22:36:05.065060,,292
Classic-McEliece-348864,keygen,1024,16,2.0,1,1,0,MacBook-Pro-4.local,darwin,0,70.641,14.16,KEM,True,2025-11-20T22:36:05.135794,,293
Classic-McEliece-348864,keygen,1024,16,2.0,1,1,0,MacBook-Pro-4.local,darwin,0,40.1207,24.92,KEM,True,2025-11-20T22:36:05.176035,,294
Classic-McEliece-348864,keygen,1024,16,2.0,1,1,0,MacBook-Pro-4.local,darwin,0,37.1877,26.89,KEM,True,2025-11-20T22:36:05.213321,,295
Classic-McEliece-348864,keygen,1024,64,2.0,1,1,0,MacBook-Pro-4.local,darwin,0,62.0969,16.1,KEM,True,2025-11-20T22:36:05.275544,,296
Classic-McEliece-348864,keygen,1024,64,2.0,1,1,0,MacBook-Pro-4.local,darwin,0,38.9618,25.67,KEM,True,2025-11-20T22:36:05.314616,,297
Classic-McEliece-348864,keygen,1024,64,2.0,1,1,0,MacBook-Pro-4.local,darwin,0,37.5027,26.66,KEM,True,2025-11-20T22:36:05.352209,,298
Classic-McEliece-348864,keygen,1024,64,2.0,1,1,0,MacBook-Pro-4.local,darwin,0,38.3465,26.08,KEM,True,2025-11-20T22:36:05.390644,,299
Classic-McEliece-348864,keygen,1024,64,2.0,1,1,0,MacBook-Pro-4.local,darwin,0,36.9574,27.06,KEM,True,2025-11-20T22:36:05.427698,,300
Classic-McEliece-348864,encap,0,1,2.0,1,1,0,MacBook-Pro-4.local,darwin,0,65.5306,15.26,KEM,True,2025-11-20T22:36:05.493354,,301
Classic-McEliece-348864,encap,0,1,2.0,1,1,0,MacBook-Pro-4.local,darwin,0,61.0137,16.39,KEM,True,2025-11-20T22:36:05.554451,,302
Classic-McEliece-348864,encap,0,1,2.0,1,1,0,MacBook-Pro-4.local,darwin,0,43.1547,23.17,KEM,True,2025-11-20T22:36:05.597712,,303
Classic-McEliece-348864,encap,0,1,2.0,1,1,0,MacBook-Pro-4.local,darwin,0,36.6232,27.31,KEM,True,2025-11-20T22:36:05.634456,,304
Classic-McEliece-348864,encap,0,1,2.0,1,1,0,MacBook-Pro-4.local,darwin,0,46.1743,21.66,KEM,True,2025-11-20T22:36:05.680737,,305
Classic-McEliece-348864,encap,0,16,2.0,1,1,0,MacBook-Pro-4.local,darwin,0,39.898,25.06,KEM,True,2025-11-20T22:36:05.720728,,306
Classic-McEliece-348864,encap,0,16,2.0,1,1,0,MacBook-Pro-4.local,darwin,0,47.5446,21.03,KEM,True,2025-11-20T22:36:05.768358,,307
Classic-McEliece-348864,encap,0,16,2.0,1,1,0,MacBook-Pro-4.local,darwin,0,40.0882,24.94,KEM,True,2025-11-20T22:36:05.808526,,308
Classic-McEliece-348864,encap,0,16,2.0,1,1,0,MacBook-Pro-4.local,darwin,0,51.2488,19.51,KEM,True,2025-11-20T22:36:05.859862,,309
Classic-McEliece-348864,encap,0,16,2.0,1,1,0,MacBook-Pro-4.local,darwin,0,40.4895,24.7,KEM,True,2025-11-20T22:36:05.900443,,310
Classic-McEliece-348864,encap,0,64,2.0,1,1,0,MacBook-Pro-4.local,darwin,0,39.2376,25.49,KEM,True,2025-11-20T22:36:05.939763,,311
Classic-McEliece-348864,encap,0,64,2.0,1,1,0,MacBook-Pro-4.local,darwin,0,39.5762,25.27,KEM,True,2025-11-20T22:36:05.979421,,312
Classic-McEliece-348864,encap,0,64,2.0,1,1,0,MacBook-Pro-4.local,darwin,0,36.0547,27.74,KEM,True,2025-11-20T22:36:06.015566,,313
Classic-McEliece-348864,encap,0,64,2.0,1,1,0,MacBook-Pro-4.local,darwin,0,54.8986,18.22,KEM,True,2025-11-20T22:36:06.070581,,314
Classic-McEliece-348864,encap,0,64,2.0,1,1,0,MacBook-Pro-4.local,darwin,0,44.4171,22.51,KEM,True,2025-11-20T22:36:06.115084,,315
Classic-McEliece-348864,encap,1024,1,2.0,1,1,0,MacBook-Pro-4.local,darwin,0,103.9877,9.62,KEM,True,2025-11-20T22:36:06.219158,,316
Classic-McEliece-348864,encap,1024,1,2.0,1,1,0,MacBook-Pro-4.local,darwin,0,47.4778,21.06,KEM,True,2025-11-20T22:36:06.266725,,317
Classic-McEliece-348864,encap,1024,1,2.0,1,1,0,MacBook-Pro-4.local,darwin,0,38.9308,25.69,KEM,True,2025-11-20T22:36:06.305748,,318
Classic-McEliece-348864,encap,1024,1,2.0,1,1,0,MacBook-Pro-4.local,darwin,0,34.2884,29.16,KEM,True,2025-11-20T22:36:06.340121,,319
Classic-McEliece-348864,encap,1024,1,2.0,1,1,0,MacBook-Pro-4.local,darwin,0,39.1817,25.52,KEM,True,2025-11-20T22:36:06.379383,,320
Classic-McEliece-348864,encap,1024,16,2.0,1,1,0,MacBook-Pro-4.local,darwin,0,44.7742,22.33,KEM,True,2025-11-20T22:36:06.424251,,321
Classic-McEliece-348864,encap,1024,16,2.0,1,1,0,MacBook-Pro-4.local,darwin,0,36.5615,27.35,KEM,True,2025-11-20T22:36:06.460896,,322
Classic-McEliece-348864,encap,1024,16,2.0,1,1,0,MacBook-Pro-4.local,darwin,0,34.8289,28.71,KEM,True,2025-11-20T22:36:06.495810,,323
Classic-McEliece-348864,encap,1024,16,2.0,1,1,0,MacBook-Pro-4.local,darwin,0,36.1253,27.68,KEM,True,2025-11-20T22:36:06.532050,,324
Classic-McEliece-348864,encap,1024,16,2.0,1,1,0,MacBook-Pro-4.local,darwin,0,48.1348,20.77,KEM,True,2025-11-20T22:36:06.580276,,325
Classic-McEliece-348864,encap,1024,64,2.0,1,1,0,MacBook-Pro-4.local,darwin,0,41.6945,23.98,KEM,True,2025-11-20T22:36:06.622060,,326
Classic-McEliece-348864,encap,1024,64,2.0,1,1,0,MacBook-Pro-4.local,darwin,0,48.0192,20.82,KEM,True,2025-11-20T22:36:06.670159,,327
Classic-McEliece-348864,encap,1024,64,2.0,1,1,0,MacBook-Pro-4.local,darwin,0,48.6425,20.56,KEM,True,2025-11-20T22:36:06.718895,,328
Classic-McEliece-348864,encap,1024,64,2.0,1,1,0,MacBook-Pro-4.local,darwin,0,35.7563,27.97,KEM,True,2025-11-20T22:36:06.754741,,329
Classic-McEliece-348864,encap,1024,64,2.0,1,1,0,MacBook-Pro-4.local,darwin,0,36.2152,27.61,KEM,True,2025-11-20T22:36:06.791085,,330
Classic-McEliece-348864,decap,0,1,2.0,1,1,0,MacBook-Pro-4.local,darwin,0,38.5244,25.96,KEM,True,2025-11-20T22:36:06.829704,,331
Classic-McEliece-348864,decap,0,1,2.0,1,1,0,MacBook-Pro-4.local,darwin,0,42.6831,23.43,KEM,True,2025-11-20T22:36:06.872470,,332
Classic-McEliece-348864,decap,0,1,2.0,1,1,0,MacBook-Pro-4.local,darwin,0,48.8553,20.47,KEM,True,2025-11-20T22:36:06.921415,,333
Classic-McEliece-348864,decap,0,1,2.0,1,1,0,MacBook-Pro-4.local,darwin,0,35.9074,27.85,KEM,True,2025-11-20T22:36:06.957418,,334
Classic-McEliece-348864,decap,0,1,2.0,1,1,0,MacBook-Pro-4.local,darwin,0,41.24,24.25,KEM,True,2025-11-20T22:36:06.998852,,335
Classic-McEliece-348864,decap,0,16,2.0,1,1,0,MacBook-Pro-4.local,darwin,0,37.1451,26.92,KEM,True,2025-11-20T22:36:07.036254,,336
Classic-McEliece-348864,decap,0,16,2.0,1,1,0,MacBook-Pro-4.local,darwin,0,39.9799,25.01,KEM,True,2025-11-20T22:36:07.076434,,337
Classic-McEliece-348864,decap,0,16,2.0,1,1,0,MacBook-Pro-4.local,darwin,0,36.7511,27.21,KEM,True,2025-11-20T22:36:07.113346,,338
Classic-McEliece-348864,decap,0,16,2.0,1,1,0,MacBook-Pro-4.local,darwin,0,35.8676,27.88,KEM,True,2025-11-20T22:36:07.149331,,339
Classic-McEliece-348864,decap,0,16,2.0,1,1,0,MacBook-Pro-4.local,darwin,0,42.9534,23.28,KEM,True,2025-11-20T22:36:07.192411,,340
Classic-McEliece-348864,decap,0,64,2.0,1,1,0,MacBook-Pro-4.local,darwin,0,36.8154,27.16,KEM,True,2025-11-20T22:36:07.229307,,341
Classic-McEliece-348864,decap,0,64,2.0,1,1,0,MacBook-Pro-4.local,darwin,0,36.7183,27.23,KEM,True,2025-11-20T22:36:07.266149,,342
Classic-McEliece-348864,decap,0,64,2.0,1,1,0,MacBook-Pro-4.local,darwin,0,38.9988,25.64,KEM,True,2025-11-20T22:36:07.305274,,343
Classic-McEliece-348864,decap,0,64,2.0,1,1,0,MacBook-Pro-4.local,darwin,0,36.1994,27.62,KEM,True,2025-11-20T22:36:07.341562,,344
Classic-McEliece-348864,decap,0,64,2.0,1,1,0,MacBook-Pro-4.local,darwin,0,45.0033,22.22,KEM,True,2025-11-20T22:36:07.386655,,345
Classic-McEliece-348864,decap,1024,1,2.0,1,1,0,MacBook-Pro-4.local,darwin,0,54.7779,18.26,KEM,True,2025-11-20T22:36:07.441525,,346
Classic-McEliece-348864,decap,1024,1,2.0,1,1,0,MacBook-Pro-4.local,darwin,0,51.6643,19.36,KEM,True,2025-11-20T22:36:07.493279,,347
Classic-McEliece-348864,decap,1024,1,2.0,1,1,0,MacBook-Pro-4.local,darwin,0,35.7052,28.01,KEM,True,2025-11-20T22:36:07.529133,,348
Classic-McEliece-348864,decap,1024,1,2.0,1,1,0,MacBook-Pro-4.local,darwin,0,36.3657,27.5,KEM,True,2025-11-20T22:36:07.565568,,349
Classic-McEliece-348864,decap,1024,1,2.0,1,1,0,MacBook-Pro-4.local,darwin,0,41.7327,23.96,KEM,True,2025-11-20T22:36:07.607383,,350
Classic-McEliece-348864,decap,1024,16,2.0,1,1,0,MacBook-Pro-4.local,darwin,0,44.8501,22.3,KEM,True,2025-11-20T22:36:07.652320,,351
Classic-McEliece-348864,decap,1024,16,2.0,1,1,0,MacBook-Pro-4.local,darwin,0,35.6918,28.02,KEM,True,2025-11-20T22:36:07.688093,,352
Classic-McEliece-348864,decap,1024,16,2.0,1,1,0,MacBook-Pro-4.local,darwin,0,36.3318,27.52,KEM,True,2025-11-20T22:36:07.724507,,353
Classic-McEliece-348864,decap,1024,16,2.0,1,1,0,MacBook-Pro-4.local,darwin,0,47.9286,20.86,KEM,True,2025-11-20T22:36:07.772525,,354
Classic-McEliece-348864,decap,1024,16,2.0,1,1,0,MacBook-Pro-4.local,darwin,0,49.729,20.11,KEM,True,2025-11-20T22:36:07.822362,,355
Classic-McEliece-348864,decap,1024,64,2.0,1,1,0,MacBook-Pro-4.local,darwin,0,56.6517,17.65,KEM,True,2025-11-20T22:36:07.879103,,356
Classic-McEliece-348864,decap,1024,64,2.0,1,1,0,MacBook-Pro-4.local,darwin,0,35.4228,28.23,KEM,True,2025-11-20T22:36:07.914614,,357
Classic-McEliece-348864,decap,1024,64,2.0,1,1,0,MacBook-Pro-4.local,darwin,0,35.4848,28.18,KEM,True,2025-11-20T22:36:07.950178,,358
Classic-McEliece-348864,decap,1024,64,2.0,1,1,0,MacBook-Pro-4.local,darwin,0,36.7286,27.23,KEM,True,2025-11-20T22:36:07.986984,,359
Classic-McEliece-348864,decap,1024,64,2.0,1,1,0,MacBook-Pro-4.local,darwin,0,36.156,27.66,KEM,True,2025-11-20T22:36:08.023221,,360
Classic-McEliece-348864f,keygen,0,1,2.0,1,1,0,MacBook-Pro-4.local,darwin,0,34.3703,29.09,KEM,True,2025-11-20T22:36:08.057724,,361
Classic-McEliece-348864f,keygen,0,1,2.0,1,1,0,MacBook-Pro-4.local,darwin,0,34.9053,28.65,KEM,True,2025-11-20T22:36:08.092710,,362
Classic-McEliece-348864f,keygen,0,1,2.0,1,1,0,MacBook-Pro-4.local,darwin,0,34.6181,28.89,KEM,True,2025-11-20T22:36:08.127455,,363
Classic-McEliece-348864f,keygen,0,1,2.0,1,1,0,MacBook-Pro-4.local,darwin,0,34.7948,28.74,KEM,True,2025-11-20T22:36:08.162372,,364
Classic-McEliece-348864f,keygen,0,1,2.0,1,1,0,MacBook-Pro-4.local,darwin,0,34.7527,28.77,KEM,True,2025-11-20T22:36:08.197220,,365
Classic-McEliece-348864f,keygen,0,16,2.0,1,1,0,MacBook-Pro-4.local,darwin,0,35.4554,28.2,KEM,True,2025-11-20T22:36:08.232771,,366
Classic-McEliece-348864f,keygen,0,16,2.0,1,1,0,MacBook-Pro-4.local,darwin,0,35.1828,28.42,KEM,True,2025-11-20T22:36:08.268050,,367
Classic-McEliece-348864f,keygen,0,16,2.0,1,1,0,MacBook-Pro-4.local,darwin,0,35.35,28.29,KEM,True,2025-11-20T22:36:08.303495,,368
Classic-McEliece-348864f,keygen,0,16,2.0,1,1,0,MacBook-Pro-4.local,darwin,0,35.3878,28.26,KEM,True,2025-11-20T22:36:08.338975,,369
Classic-McEliece-348864f,keygen,0,16,2.0,1,1,0,MacBook-Pro-4.local,darwin,0,34.6991,28.82,KEM,True,2025-11-20T22:36:08.373764,,370
Classic-McEliece-348864f,keygen,0,64,2.0,1,1,0,MacBook-Pro-4.local,darwin,0,35.1791,28.43,KEM,True,2025-11-20T22:36:08.409066,,371
Classic-McEliece-348864f,keygen,0,64,2.0,1,1,0,MacBook-Pro-4.local,darwin,0,34.9385,28.62,KEM,True,2025-11-20T22:36:08.444097,,372
Classic-McEliece-348864f,keygen,0,64,2.0,1,1,0,MacBook-Pro-4.local,darwin,0,34.8954,28.66,KEM,True,2025-11-20T22:36:08.479091,,373
Classic-McEliece-348864f,keygen,0,64,2.0,1,1,0,MacBook-Pro-4.local,darwin,0,34.4759,29.01,KEM,True,2025-11-20T22:36:08.513661,,374
Classic-McEliece-348864f,keygen,0,64,2.0,1,1,0,MacBook-Pro-4.local,darwin,0,36.4839,27.41,KEM,True,2025-11-20T22:36:08.550237,,375
Classic-McEliece-348864f,keygen,1024,1,2.0,1,1,0,MacBook-Pro-4.local,darwin,0,35.2519,28.37,KEM,True,2025-11-20T22:36:08.585612,,376
Classic-McEliece-348864f,keygen,1024,1,2.0,1,1,0,MacBook-Pro-4.local,darwin,0,35.0511,28.53,KEM,True,2025-11-20T22:36:08.620762,,377
Classic-McEliece-348864f,keygen,1024,1,2.0,1,1,0,MacBook-Pro-4.local,darwin,0,34.859,28.69,KEM,True,2025-11-20T22:36:08.655721,,378
Classic-McEliece-348864f,keygen,1024,1,2.0,1,1,0,MacBook-Pro-4.local,darwin,0,40.4001,24.75,KEM,True,2025-11-20T22:36:08.696208,,379
Classic-McEliece-348864f,keygen,1024,1,2.0,1,1,0,MacBook-Pro-4.local,darwin,0,39.2963,25.45,KEM,True,2025-11-20T22:36:08.735594,,380
Classic-McEliece-348864f,keygen,1024,16,2.0,1,1,0,MacBook-Pro-4.local,darwin,0,39.7785,25.14,KEM,True,2025-11-20T22:36:08.775462,,381
Classic-McEliece-348864f,keygen,1024,16,2.0,1,1,0,MacBook-Pro-4.local,darwin,0,34.4393,29.04,KEM,True,2025-11-20T22:36:08.809986,,382
Classic-McEliece-348864f,keygen,1024,16,2.0,1,1,0,MacBook-Pro-4.local,darwin,0,34.6201,28.88,KEM,True,2025-11-20T22:36:08.844692,,383
Classic-McEliece-348864f,keygen,1024,16,2.0,1,1,0,MacBook-Pro-4.local,darwin,0,34.9754,28.59,KEM,True,2025-11-20T22:36:08.879762,,384
Classic-McEliece-348864f,keygen,1024,16,2.0,1,1,0,MacBook-Pro-4.local,darwin,0,34.0549,29.36,KEM,True,2025-11-20T22:36:08.913903,,385
Classic-McEliece-348864f,keygen,1024,64,2.0,1,1,0,MacBook-Pro-4.local,darwin,0,34.0969,29.33,KEM,True,2025-11-20T22:36:08.948076,,386
Classic-McEliece-348864f,keygen,1024,64,2.0,1,1,0,MacBook-Pro-4.local,darwin,0,33.9483,29.46,KEM,True,2025-11-20T22:36:08.982110,,387
Classic-McEliece-348864f,keygen,1024,64,2.0,1,1,0,MacBook-Pro-4.local,darwin,0,35.0405,28.54,KEM,True,2025-11-20T22:36:09.017230,,388
Classic-McEliece-348864f,keygen,1024,64,2.0,1,1,0,MacBook-Pro-4.local,darwin,0,47.5169,21.05,KEM,True,2025-11-20T22:36:09.064848,,389
Classic-McEliece-348864f,keygen,1024,64,2.0,1,1,0,MacBook-Pro-4.local,darwin,0,35.1614,28.44,KEM,True,2025-11-20T22:36:09.100124,,390
Classic-McEliece-348864f,encap,0,1,2.0,1,1,0,MacBook-Pro-4.local,darwin,0,32.6514,30.63,KEM,True,2025-11-20T22:36:09.132865,,391
Classic-McEliece-348864f,encap,0,1,2.0,1,1,0,MacBook-Pro-4.local,darwin,0,35.3275,28.31,KEM,True,2025-11-20T22:36:09.168262,,392
Classic-McEliece-348864f,encap,0,1,2.0,1,1,0,MacBook-Pro-4.local,darwin,0,34.8424,28.7,KEM,True,2025-11-20T22:36:09.203195,,393
Classic-McEliece-348864f,encap,0,1,2.0,1,1,0,MacBook-Pro-4.local,darwin,0,35.3717,28.27,KEM,True,2025-11-20T22:36:09.238686,,394
Classic-McEliece-348864f,encap,0,1,2.0,1,1,0,MacBook-Pro-4.local,darwin,0,34.7635,28.77,KEM,True,2025-11-20T22:36:09.273534,,395
Classic-McEliece-348864f,encap,0,16,2.0,1,1,0,MacBook-Pro-4.local,darwin,0,34.2062,29.23,KEM,True,2025-11-20T22:36:09.307829,,396
Classic-McEliece-348864f,encap,0,16,2.0,1,1,0,MacBook-Pro-4.local,darwin,0,38.5668,25.93,KEM,True,2025-11-20T22:36:09.346471,,397
Classic-McEliece-348864f,encap,0,16,2.0,1,1,0,MacBook-Pro-4.local,darwin,0,34.617,28.89,KEM,True,2025-11-20T22:36:09.381174,,398
Classic-McEliece-348864f,encap,0,16,2.0,1,1,0,MacBook-Pro-4.local,darwin,0,35.3332,28.3,KEM,True,2025-11-20T22:36:09.416606,,399
Classic-McEliece-348864f,encap,0,16,2.0,1,1,0,MacBook-Pro-4.local,darwin,0,41.036,24.37,KEM,True,2025-11-20T22:36:09.457732,,400
Classic-McEliece-348864f,encap,0,64,2.0,1,1,0,MacBook-Pro-4.local,darwin,0,34.9865,28.58,KEM,True,2025-11-20T22:36:09.492816,,401
Classic-McEliece-348864f,encap,0,64,2.0,1,1,0,MacBook-Pro-4.local,darwin,0,35.2859,28.34,KEM,True,2025-11-20T22:36:09.528196,,402
Classic-McEliece-348864f,encap,0,64,2.0,1,1,0,MacBook-Pro-4.local,darwin,0,35.7613,27.96,KEM,True,2025-11-20T22:36:09.564052,,403
Classic-McEliece-348864f,encap,0,64,2.0,1,1,0,MacBook-Pro-4.local,darwin,0,34.8356,28.71,KEM,True,2025-11-20T22:36:09.599014,,404
Classic-McEliece-348864f,encap,0,64,2.0,1,1,0,MacBook-Pro-4.local,darwin,0,34.9135,28.64,KEM,True,2025-11-20T22:36:09.634019,,405
Classic-McEliece-348864f,encap,1024,1,2.0,1,1,0,MacBook-Pro-4.local,darwin,0,34.3314,29.13,KEM,True,2025-11-20T22:36:09.668444,,406
Classic-McEliece-348864f,encap,1024,1,2.0,1,1,0,MacBook-Pro-4.local,darwin,0,45.7909,21.84,KEM,True,2025-11-20T22:36:09.714334,,407
Classic-McEliece-348864f,encap,1024,1,2.0,1,1,0,MacBook-Pro-4.local,darwin,0,35.2581,28.36,KEM,True,2025-11-20T22:36:09.749703,,408
Classic-McEliece-348864f,encap,1024,1,2.0,1,1,0,MacBook-Pro-4.local,darwin,0,34.5024,28.98,KEM,True,2025-11-20T22:36:09.784302,,409
Classic-McEliece-348864f,encap,1024,1,2.0,1,1,0,MacBook-Pro-4.local,darwin,0,34.7028,28.82,KEM,True,2025-11-20T22:36:09.819189,,410
Classic-McEliece-348864f,encap,1024,16,2.0,1,1,0,MacBook-Pro-4.local,darwin,0,34.5567,28.94,KEM,True,2025-11-20T22:36:09.853839,,411
Classic-McEliece-348864f,encap,1024,16,2.0,1,1,0,MacBook-Pro-4.local,darwin,0,34.8526,28.69,KEM,True,2025-11-20T22:36:09.888780,,412
Classic-McEliece-348864f,encap,1024,16,2.0,1,1,0,MacBook-Pro-4.local,darwin,0,34.3501,29.11,KEM,True,2025-11-20T22:36:09.923222,,413
Classic-McEliece-348864f,encap,1024,16,2.0,1,1,0,MacBook-Pro-4.local,darwin,0,34.6237,28.88,KEM,True,2025-11-20T22:36:09.957933,,414
Classic-McEliece-348864f,encap,1024,16,2.0,1,1,0,MacBook-Pro-4.local,darwin,0,35.1582,28.44,KEM,True,2025-11-20T22:36:09.993207,,415
Classic-McEliece-348864f,encap,1024,64,2.0,1,1,0,MacBook-Pro-4.local,darwin,0,34.282,29.17,KEM,True,2025-11-20T22:36:10.027608,,416
Classic-McEliece-348864f,encap,1024,64,2.0,1,1,0,MacBook-Pro-4.local,darwin,0,35.6682,28.04,KEM,True,2025-11-20T22:36:10.063357,,417
Classic-McEliece-348864f,encap,1024,64,2.0,1,1,0,MacBook-Pro-4.local,darwin,0,34.2668,29.18,KEM,True,2025-11-20T22:36:10.097713,,418
Classic-McEliece-348864f,encap,1024,64,2.0,1,1,0,MacBook-Pro-4.local,darwin,0,33.9506,29.45,KEM,True,2025-11-20T22:36:10.131749,,419
Classic-McEliece-348864f,encap,1024,64,2.0,1,1,0,MacBook-Pro-4.local,darwin,0,34.4149,29.06,KEM,True,2025-11-20T22:36:10.166251,,420
Classic-McEliece-348864f,decap,0,1,2.0,1,1,0,MacBook-Pro-4.local,darwin,0,34.3652,29.1,KEM,True,2025-11-20T22:36:10.200780,,421
Classic-McEliece-348864f,decap,0,1,2.0,1,1,0,MacBook-Pro-4.local,darwin,0,35.469,28.19,KEM,True,2025-11-20T22:36:10.236360,,422
Classic-McEliece-348864f,decap,0,1,2.0,1,1,0,MacBook-Pro-4.local,darwin,0,34.9168,28.64,KEM,True,2025-11-20T22:36:10.271366,,423
Classic-McEliece-348864f,decap,0,1,2.0,1,1,0,MacBook-Pro-4.local,darwin,0,35.3909,28.26,KEM,True,2025-11-20T22:36:10.306840,,424
Classic-McEliece-348864f,decap,0,1,2.0,1,1,0,MacBook-Pro-4.local,darwin,0,34.6008,28.9,KEM,True,2025-11-20T22:36:10.341530,,425
Classic-McEliece-348864f,decap,0,16,2.0,1,1,0,MacBook-Pro-4.local,darwin,0,35.2391,28.38,KEM,True,2025-11-20T22:36:10.376861,,426
Classic-McEliece-348864f,decap,0,16,2.0,1,1,0,MacBook-Pro-4.local,darwin,0,35.1875,28.42,KEM,True,2025-11-20T22:36:10.412140,,427
Classic-McEliece-348864f,decap,0,16,2.0,1,1,0,MacBook-Pro-4.local,darwin,0,35.6909,28.02,KEM,True,2025-11-20T22:36:10.447917,,428
Classic-McEliece-348864f,decap,0,16,2.0,1,1,0,MacBook-Pro-4.local,darwin,0,35.0865,28.5,KEM,True,2025-11-20T22:36:10.483085,,429
Classic-McEliece-348864f,decap,0,16,2.0,1,1,0,MacBook-Pro-4.local,darwin,0,45.8876,21.79,KEM,True,2025-11-20T22:36:10.529061,,430
Classic-McEliece-348864f,decap,0,64,2.0,1,1,0,MacBook-Pro-4.local,darwin,0,35.1827,28.42,KEM,True,2025-11-20T22:36:10.564338,,431
Classic-McEliece-348864f,decap,0,64,2.0,1,1,0,MacBook-Pro-4.local,darwin,0,34.8905,28.66,KEM,True,2025-11-20T22:36:10.599319,,432
Classic-McEliece-348864f,decap,0,64,2.0,1,1,0,MacBook-Pro-4.local,darwin,0,35.6188,28.08,KEM,True,2025-11-20T22:36:10.635027,,433
Classic-McEliece-348864f,decap,0,64,2.0,1,1,0,MacBook-Pro-4.local,darwin,0,34.5144,28.97,KEM,True,2025-11-20T22:36:10.669632,,434
Classic-McEliece-348864f,decap,0,64,2.0,1,1,0,MacBook-Pro-4.local,darwin,0,35.1307,28.47,KEM,True,2025-11-20T22:36:10.704877,,435
Classic-McEliece-348864f,decap,1024,1,2.0,1,1,0,MacBook-Pro-4.local,darwin,0,34.6498,28.86,KEM,True,2025-11-20T22:36:10.739616,,436
Classic-McEliece-348864f,decap,1024,1,2.0,1,1,0,MacBook-Pro-4.local,darwin,0,34.332,29.13,KEM,True,2025-11-20T22:36:10.774036,,437
Classic-McEliece-348864f,decap,1024,1,2.0,1,1,0,MacBook-Pro-4.local,darwin,0,34.1141,29.31,KEM,True,2025-11-20T22:36:10.808237,,438
Classic-McEliece-348864f,decap,1024,1,2.0,1,1,0,MacBook-Pro-4.local,darwin,0,34.4901,28.99,KEM,True,2025-11-20T22:36:10.842811,,439
Classic-McEliece-348864f,decap,1024,1,2.0,1,1,0,MacBook-Pro-4.local,darwin,0,34.5002,28.99,KEM,True,2025-11-20T22:36:10.877403,,440
Classic-McEliece-348864f,decap,1024,16,2.0,1,1,0,MacBook-Pro-4.local,darwin,0,34.6345,28.87,KEM,True,2025-11-20T22:36:10.912128,,441
Classic-McEliece-348864f,decap,1024,16,2.0,1,1,0,MacBook-Pro-4.local,darwin,0,34.6102,28.89,KEM,True,2025-11-20T22:36:10.946859,,442
Classic-McEliece-348864f,decap,1024,16,2.0,1,1,0,MacBook-Pro-4.local,darwin,0,34.2672,29.18,KEM,True,2025-11-20T22:36:10.981241,,443
Classic-McEliece-348864f,decap,1024,16,2.0,1,1,0,MacBook-Pro-4.local,darwin,0,33.6765,29.69,KEM,True,2025-11-20T22:36:11.014999,,444
Classic-McEliece-348864f,decap,1024,16,2.0,1,1,0,MacBook-Pro-4.local,darwin,0,35.0579,28.52,KEM,True,2025-11-20T22:36:11.050144,,445
Classic-McEliece-348864f,decap,1024,64,2.0,1,1,0,MacBook-Pro-4.local,darwin,0,35.3873,28.26,KEM,True,2025-11-20T22:36:11.085630,,446
Classic-McEliece-348864f,decap,1024,64,2.0,1,1,0,MacBook-Pro-4.local,darwin,0,35.4712,28.19,KEM,True,2025-11-20T22:36:11.121188,,447
Classic-McEliece-348864f,decap,1024,64,2.0,1,1,0,MacBook-Pro-4.local,darwin,0,34.5502,28.94,KEM,True,2025-11-20T22:36:11.155822,,448
Classic-McEliece-348864f,decap,1024,64,2.0,1,1,0,MacBook-Pro-4.local,darwin,0,34.979,28.59,KEM,True,2025-11-20T22:36:11.190911,,449
Classic-McEliece-348864f,decap,1024,64,2.0,1,1,0,MacBook-Pro-4.local,darwin,0,34.8712,28.68,KEM,True,2025-11-20T22:36:11.225872,,450
Classic-McEliece-460896,keygen,0,1,2.0,1,1,0,MacBook-Pro-4.local,darwin,0,159.3898,6.27,KEM,True,2025-11-20T22:36:11.385364,,451
Classic-McEliece-460896,keygen,0,1,2.0,1,1,0,MacBook-Pro-4.local,darwin,0,105.427,9.49,KEM,True,2025-11-20T22:36:11.490883,,452
Classic-McEliece-460896,keygen,0,1,2.0,1,1,0,MacBook-Pro-4.local,darwin,0,104.6346,9.56,KEM,True,2025-11-20T22:36:11.595605,,453
Classic-McEliece-460896,keygen,0,1,2.0,1,1,0,MacBook-Pro-4.local,darwin,0,145.271,6.88,KEM,True,2025-11-20T22:36:11.740974,,454
Classic-McEliece-460896,keygen,0,1,2.0,1,1,0,MacBook-Pro-4.local,darwin,0,104.9993,9.52,KEM,True,2025-11-20T22:36:11.846071,,455
Classic-McEliece-460896,keygen,0,16,2.0,1,1,0,MacBook-Pro-4.local,darwin,0,103.9272,9.62,KEM,True,2025-11-20T22:36:11.950099,,456
Classic-McEliece-460896,keygen,0,16,2.0,1,1,0,MacBook-Pro-4.local,darwin,0,105.6788,9.46,KEM,True,2025-11-20T22:36:12.055875,,457
Classic-McEliece-460896,keygen,0,16,2.0,1,1,0,MacBook-Pro-4.local,darwin,0,111.8437,8.94,KEM,True,2025-11-20T22:36:12.167815,,458
Classic-McEliece-460896,keygen,0,16,2.0,1,1,0,MacBook-Pro-4.local,darwin,0,169.0477,5.92,KEM,True,2025-11-20T22:36:12.336956,,459
Classic-McEliece-460896,keygen,0,16,2.0,1,1,0,MacBook-Pro-4.local,darwin,0,105.0214,9.52,KEM,True,2025-11-20T22:36:12.442069,,460
Classic-McEliece-460896,keygen,0,64,2.0,1,1,0,MacBook-Pro-4.local,darwin,0,129.5106,7.72,KEM,True,2025-11-20T22:36:12.571678,,461
Classic-McEliece-460896,keygen,0,64,2.0,1,1,0,MacBook-Pro-4.local,darwin,0,105.259,9.5,KEM,True,2025-11-20T22:36:12.677032,,462
Classic-McEliece-460896,keygen,0,64,2.0,1,1,0,MacBook-Pro-4.local,darwin,0,104.3843,9.58,KEM,True,2025-11-20T22:36:12.781505,,463
Classic-McEliece-460896,keygen,0,64,2.0,1,1,0,MacBook-Pro-4.local,darwin,0,122.4341,8.17,KEM,True,2025-11-20T22:36:12.904036,,464
Classic-McEliece-460896,keygen,0,64,2.0,1,1,0,MacBook-Pro-4.local,darwin,0,149.3939,6.69,KEM,True,2025-11-20T22:36:13.053526,,465
Classic-McEliece-460896,keygen,1024,1,2.0,1,1,0,MacBook-Pro-4.local,darwin,0,125.965,7.94,KEM,True,2025-11-20T22:36:13.179632,,466
Classic-McEliece-460896,keygen,1024,1,2.0,1,1,0,MacBook-Pro-4.local,darwin,0,113.8263,8.79,KEM,True,2025-11-20T22:36:13.293554,,467
Classic-McEliece-460896,keygen,1024,1,2.0,1,1,0,MacBook-Pro-4.local,darwin,0,105.1336,9.51,KEM,True,2025-11-20T22:36:13.398780,,468
Classic-McEliece-460896,keygen,1024,1,2.0,1,1,0,MacBook-Pro-4.local,darwin,0,179.5259,5.57,KEM,True,2025-11-20T22:36:13.578396,,469
Classic-McEliece-460896,keygen,1024,1,2.0,1,1,0,MacBook-Pro-4.local,darwin,0,213.3497,4.69,KEM,True,2025-11-20T22:36:13.791842,,470
Classic-McEliece-460896,keygen,1024,16,2.0,1,1,0,MacBook-Pro-4.local,darwin,0,287.3243,3.48,KEM,True,2025-11-20T22:36:14.079260,,471
Classic-McEliece-460896,keygen,1024,16,2.0,1,1,0,MacBook-Pro-4.local,darwin,0,140.1592,7.13,KEM,True,2025-11-20T22:36:14.219513,,472
Classic-McEliece-460896,keygen,1024,16,2.0,1,1,0,MacBook-Pro-4.local,darwin,0,129.9538,7.7,KEM,True,2025-11-20T22:36:14.349644,,473
Classic-McEliece-460896,keygen,1024,16,2.0,1,1,0,MacBook-Pro-4.local,darwin,0,143.5756,6.96,KEM,True,2025-11-20T22:36:14.493337,,474
Classic-McEliece-460896,keygen,1024,16,2.0,1,1,0,MacBook-Pro-4.local,darwin,0,104.7528,9.55,KEM,True,2025-11-20T22:36:14.598188,,475
Classic-McEliece-460896,keygen,1024,64,2.0,1,1,0,MacBook-Pro-4.local,darwin,0,112.9441,8.85,KEM,True,2025-11-20T22:36:14.711230,,476
Classic-McEliece-460896,keygen,1024,64,2.0,1,1,0,MacBook-Pro-4.local,darwin,0,142.1586,7.03,KEM,True,2025-11-20T22:36:14.853515,,477
Classic-McEliece-460896,keygen,1024,64,2.0,1,1,0,MacBook-Pro-4.local,darwin,0,104.3337,9.58,KEM,True,2025-11-20T22:36:14.957941,,478
Classic-McEliece-460896,keygen,1024,64,2.0,1,1,0,MacBook-Pro-4.local,darwin,0,146.0124,6.85,KEM,True,2025-11-20T22:36:15.104050,,479
Classic-McEliece-460896,keygen,1024,64,2.0,1,1,0,MacBook-Pro-4.local,darwin,0,113.3012,8.83,KEM,True,2025-11-20T22:36:15.217445,,480
Classic-McEliece-460896,encap,0,1,2.0,1,1,0,MacBook-Pro-4.local,darwin,0,169.8347,5.89,KEM,True,2025-11-20T22:36:15.387386,,481
Classic-McEliece-460896,encap,0,1,2.0,1,1,0,MacBook-Pro-4.local,darwin,0,119.5255,8.37,KEM,True,2025-11-20T22:36:15.506996,,482
Classic-McEliece-460896,encap,0,1,2.0,1,1,0,MacBook-Pro-4.local,darwin,0,119.4232,8.37,KEM,True,2025-11-20T22:36:15.626545,,483
Classic-McEliece-460896,encap,0,1,2.0,1,1,0,MacBook-Pro-4.local,darwin,0,117.3578,8.52,KEM,True,2025-11-20T22:36:15.743993,,484
Classic-McEliece-460896,encap,0,1,2.0,1,1,0,MacBook-Pro-4.local,darwin,0,139.3736,7.17,KEM,True,2025-11-20T22:36:15.883457,,485
Classic-McEliece-460896,encap,0,16,2.0,1,1,0,MacBook-Pro-4.local,darwin,0,133.3169,7.5,KEM,True,2025-11-20T22:36:16.016855,,486
Classic-McEliece-460896,encap,0,16,2.0,1,1,0,MacBook-Pro-4.local,darwin,0,114.9003,8.7,KEM,True,2025-11-20T22:36:16.131841,,487
Classic-McEliece-460896,encap,0,16,2.0,1,1,0,MacBook-Pro-4.local,darwin,0,107.904,9.27,KEM,True,2025-11-20T22:36:16.239842,,488
Classic-McEliece-460896,encap,0,16,2.0,1,1,0,MacBook-Pro-4.local,darwin,0,105.0895,9.52,KEM,True,2025-11-20T22:36:16.345027,,489
Classic-McEliece-460896,encap,0,16,2.0,1,1,0,MacBook-Pro-4.local,darwin,0,103.832,9.63,KEM,True,2025-11-20T22:36:16.448951,,490
Classic-McEliece-460896,encap,0,64,2.0,1,1,0,MacBook-Pro-4.local,darwin,0,124.3525,8.04,KEM,True,2025-11-20T22:36:16.573430,,491
Classic-McEliece-460896,encap,0,64,2.0,1,1,0,MacBook-Pro-4.local,darwin,0,125.1955,7.99,KEM,True,2025-11-20T22:36:16.698715,,492
Classic-McEliece-460896,encap,0,64,2.0,1,1,0,MacBook-Pro-4.local,darwin,0,107.0491,9.34,KEM,True,2025-11-20T22:36:16.805847,,493
Classic-McEliece-460896,encap,0,64,2.0,1,1,0,MacBook-Pro-4.local,darwin,0,104.85,9.54,KEM,True,2025-11-20T22:36:16.910789,,494
Classic-McEliece-460896,encap,0,64,2.0,1,1,0,MacBook-Pro-4.local,darwin,0,106.3251,9.41,KEM,True,2025-11-20T22:36:17.017239,,495
Classic-McEliece-460896,encap,1024,1,2.0,1,1,0,MacBook-Pro-4.local,darwin,0,119.3611,8.38,KEM,True,2025-11-20T22:36:17.136697,,496
Classic-McEliece-460896,encap,1024,1,2.0,1,1,0,MacBook-Pro-4.local,darwin,0,124.6062,8.03,KEM,True,2025-11-20T22:36:17.261394,,497
Classic-McEliece-460896,encap,1024,1,2.0,1,1,0,MacBook-Pro-4.local,darwin,0,133.8024,7.47,KEM,True,2025-11-20T22:36:17.395290,,498
Classic-McEliece-460896,encap,1024,1,2.0,1,1,0,MacBook-Pro-4.local,darwin,0,105.2194,9.5,KEM,True,2025-11-20T22:36:17.500601,,499
Classic-McEliece-460896,encap,1024,1,2.0,1,1,0,MacBook-Pro-4.local,darwin,0,225.0693,4.44,KEM,True,2025-11-20T22:36:17.725770,,500
Classic-McEliece-460896,encap,1024,16,2.0,1,1,0,MacBook-Pro-4.local,darwin,0,107.1365,9.33,KEM,True,2025-11-20T22:36:17.833048,,501
Classic-McEliece-460896,encap,1024,16,2.0,1,1,0,MacBook-Pro-4.local,darwin,0,134.3039,7.45,KEM,True,2025-11-20T22:36:17.967440,,502
Classic-McEliece-460896,encap,1024,16,2.0,1,1,0,MacBook-Pro-4.local,darwin,0,124.2792,8.05,KEM,True,2025-11-20T22:36:18.091805,,503
Classic-McEliece-460896,encap,1024,16,2.0,1,1,0,MacBook-Pro-4.local,darwin,0,105.3392,9.49,KEM,True,2025-11-20T22:36:18.197237,,504
Classic-McEliece-460896,encap,1024,16,2.0,1,1,0,MacBook-Pro-4.local,darwin,0,104.024,9.61,KEM,True,2025-11-20T22:36:18.301353,,505
Classic-McEliece-460896,encap,1024,64,2.0,1,1,0,MacBook-Pro-4.local,darwin,0,101.4668,9.86,KEM,True,2025-11-20T22:36:18.402909,,506
Classic-McEliece-460896,encap,1024,64,2.0,1,1,0,MacBook-Pro-4.local,darwin,0,120.9294,8.27,KEM,True,2025-11-20T22:36:18.523932,,507
Classic-McEliece-460896,encap,1024,64,2.0,1,1,0,MacBook-Pro-4.local,darwin,0,106.9024,9.35,KEM,True,2025-11-20T22:36:18.630926,,508
Classic-McEliece-460896,encap,1024,64,2.0,1,1,0,MacBook-Pro-4.local,darwin,0,133.4393,7.49,KEM,True,2025-11-20T22:36:18.764461,,509
Classic-McEliece-460896,encap,1024,64,2.0,1,1,0,MacBook-Pro-4.local,darwin,0,114.7718,8.71,KEM,True,2025-11-20T22:36:18.879344,,510
Classic-McEliece-460896,decap,0,1,2.0,1,1,0,MacBook-Pro-4.local,darwin,0,105.5044,9.48,KEM,True,2025-11-20T22:36:18.984948,,511
Classic-McEliece-460896,decap,0,1,2.0,1,1,0,MacBook-Pro-4.local,darwin,0,115.8425,8.63,KEM,True,2025-11-20T22:36:19.100882,,512
Classic-McEliece-460896,decap,0,1,2.0,1,1,0,MacBook-Pro-4.local,darwin,0,105.5066,9.48,KEM,True,2025-11-20T22:36:19.206482,,513
Classic-McEliece-460896,decap,0,1,2.0,1,1,0,MacBook-Pro-4.local,darwin,0,115.8821,8.63,KEM,True,2025-11-20T22:36:19.322457,,514
Classic-McEliece-460896,decap,0,1,2.0,1,1,0,MacBook-Pro-4.local,darwin,0,125.0202,8.0,KEM,True,2025-11-20T22:36:19.447568,,515
Classic-McEliece-460896,decap,0,16,2.0,1,1,0,MacBook-Pro-4.local,darwin,0,107.2311,9.33,KEM,True,2025-11-20T22:36:19.554884,,516
Classic-McEliece-460896,decap,0,16,2.0,1,1,0,MacBook-Pro-4.local,darwin,0,115.2971,8.67,KEM,True,2025-11-20T22:36:19.670265,,517
Classic-McEliece-460896,decap,0,16,2.0,1,1,0,MacBook-Pro-4.local,darwin,0,114.4946,8.73,KEM,True,2025-11-20T22:36:19.784852,,518
Classic-McEliece-460896,decap,0,16,2.0,1,1,0,MacBook-Pro-4.local,darwin,0,172.4394,5.8,KEM,True,2025-11-20T22:36:19.957377,,519
Classic-McEliece-460896,decap,0,16,2.0,1,1,0,MacBook-Pro-4.local,darwin,0,105.2733,9.5,KEM,True,2025-11-20T22:36:20.062733,,520
Classic-McEliece-460896,decap,0,64,2.0,1,1,0,MacBook-Pro-4.local,darwin,0,109.557,9.13,KEM,True,2025-11-20T22:36:20.172386,,521
Classic-McEliece-460896,decap,0,64,2.0,1,1,0,MacBook-Pro-4.local,darwin,0,162.1936,6.17,KEM,True,2025-11-20T22:36:20.334673,,522
Classic-McEliece-460896,decap,0,64,2.0,1,1,0,MacBook-Pro-4.local,darwin,0,142.0744,7.04,KEM,True,2025-11-20T22:36:20.476841,,523
Classic-McEliece-460896,decap,0,64,2.0,1,1,0,MacBook-Pro-4.local,darwin,0,120.6007,8.29,KEM,True,2025-11-20T22:36:20.597526,,524
Classic-McEliece-460896,decap,0,64,2.0,1,1,0,MacBook-Pro-4.local,darwin,0,142.7019,7.01,KEM,True,2025-11-20T22:36:20.740315,,525
Classic-McEliece-460896,decap,1024,1,2.0,1,1,0,MacBook-Pro-4.local,darwin,0,112.1943,8.91,KEM,True,2025-11-20T22:36:20.852604,,526
Classic-McEliece-460896,decap,1024,1,2.0,1,1,0,MacBook-Pro-4.local,darwin,0,113.3371,8.82,KEM,True,2025-11-20T22:36:20.966032,,527
Classic-McEliece-460896,decap,1024,1,2.0,1,1,0,MacBook-Pro-4.local,darwin,0,103.5114,9.66,KEM,True,2025-11-20T22:36:21.069631,,528
Classic-McEliece-460896,decap,1024,1,2.0,1,1,0,MacBook-Pro-4.local,darwin,0,103.8046,9.63,KEM,True,2025-11-20T22:36:21.173530,,529
Classic-McEliece-460896,decap,1024,1,2.0,1,1,0,MacBook-Pro-4.local,darwin,0,230.9833,4.33,KEM,True,2025-11-20T22:36:21.404604,,530
Classic-McEliece-460896,decap,1024,16,2.0,1,1,0,MacBook-Pro-4.local,darwin,0,100.6587,9.93,KEM,True,2025-11-20T22:36:21.505357,,531
Classic-McEliece-460896,decap,1024,16,2.0,1,1,0,MacBook-Pro-4.local,darwin,0,160.6351,6.23,KEM,True,2025-11-20T22:36:21.666082,,532
Classic-McEliece-460896,decap,1024,16,2.0,1,1,0,MacBook-Pro-4.local,darwin,0,111.2264,8.99,KEM,True,2025-11-20T22:36:21.777399,,533
Classic-McEliece-460896,decap,1024,16,2.0,1,1,0,MacBook-Pro-4.local,darwin,0,123.6542,8.09,KEM,True,2025-11-20T22:36:21.901143,,534
Classic-McEliece-460896,decap,1024,16,2.0,1,1,0,MacBook-Pro-4.local,darwin,0,150.5514,6.64,KEM,True,2025-11-20T22:36:22.051788,,535
Classic-McEliece-460896,decap,1024,64,2.0,1,1,0,MacBook-Pro-4.local,darwin,0,104.5138,9.57,KEM,True,2025-11-20T22:36:22.156902,,536
Classic-McEliece-460896,decap,1024,64,2.0,1,1,0,MacBook-Pro-4.local,darwin,0,270.3075,3.7,KEM,True,2025-11-20T22:36:22.427307,,537
Classic-McEliece-460896,decap,1024,64,2.0,1,1,0,MacBook-Pro-4.local,darwin,0,105.8325,9.45,KEM,True,2025-11-20T22:36:22.533233,,538
Classic-McEliece-460896,decap,1024,64,2.0,1,1,0,MacBook-Pro-4.local,darwin,0,104.4576,9.57,KEM,True,2025-11-20T22:36:22.637784,,539
Classic-McEliece-460896,decap,1024,64,2.0,1,1,0,MacBook-Pro-4.local,darwin,0,110.9639,9.01,KEM,True,2025-11-20T22:36:22.748833,,540
Classic-McEliece-460896f,keygen,0,1,2.0,1,1,0,MacBook-Pro-4.local,darwin,0,101.9077,9.81,KEM,True,2025-11-20T22:36:22.850843,,541
Classic-McEliece-460896f,keygen,0,1,2.0,1,1,0,MacBook-Pro-4.local,darwin,0,102.9425,9.71,KEM,True,2025-11-20T22:36:22.953882,,542
Classic-McEliece-460896f,keygen,0,1,2.0,1,1,0,MacBook-Pro-4.local,darwin,0,100.4059,9.96,KEM,True,2025-11-20T22:36:23.054382,,543
Classic-McEliece-460896f,keygen,0,1,2.0,1,1,0,MacBook-Pro-4.local,darwin,0,110.1134,9.08,KEM,True,2025-11-20T22:36:23.164592,,544
Classic-McEliece-460896f,keygen,0,1,2.0,1,1,0,MacBook-Pro-4.local,darwin,0,104.0154,9.61,KEM,True,2025-11-20T22:36:23.268694,,545
Classic-McEliece-460896f,keygen,0,16,2.0,1,1,0,MacBook-Pro-4.local,darwin,0,105.1757,9.51,KEM,True,2025-11-20T22:36:23.373962,,546
Classic-McEliece-460896f,keygen,0,16,2.0,1,1,0,MacBook-Pro-4.local,darwin,0,104.3551,9.58,KEM,True,2025-11-20T22:36:23.478438,,547
Classic-McEliece-460896f,keygen,0,16,2.0,1,1,0,MacBook-Pro-4.local,darwin,0,100.3666,9.96,KEM,True,2025-11-20T22:36:23.578895,,548
Classic-McEliece-460896f,keygen,0,16,2.0,1,1,0,MacBook-Pro-4.local,darwin,0,100.4058,9.96,KEM,True,2025-11-20T22:36:23.679399,,549
Classic-McEliece-460896f,keygen,0,16,2.0,1,1,0,MacBook-Pro-4.local,darwin,0,101.1263,9.89,KEM,True,2025-11-20T22:36:23.780642,,550
Classic-McEliece-460896f,keygen,0,64,2.0,1,1,0,MacBook-Pro-4.local,darwin,0,101.2958,9.87,KEM,True,2025-11-20T22:36:23.882051,,551
Classic-McEliece-460896f,keygen,0,64,2.0,1,1,0,MacBook-Pro-4.local,darwin,0,101.2742,9.87,KEM,True,2025-11-20T22:36:23.983464,,552
Classic-McEliece-460896f,keygen,0,64,2.0,1,1,0,MacBook-Pro-4.local,darwin,0,100.2893,9.97,KEM,True,2025-11-20T22:36:24.083848,,553
Classic-McEliece-460896f,keygen,0,64,2.0,1,1,0,MacBook-Pro-4.local,darwin,0,100.6469,9.94,KEM,True,2025-11-20T22:36:24.184591,,554
Classic-McEliece-460896f,keygen,0,64,2.0,1,1,0,MacBook-Pro-4.local,darwin,0,100.7809,9.92,KEM,True,2025-11-20T22:36:24.285473,,555
Classic-McEliece-460896f,keygen,1024,1,2.0,1,1,0,MacBook-Pro-4.local,darwin,0,99.3126,10.07,KEM,True,2025-11-20T22:36:24.384884,,556
Classic-McEliece-460896f,keygen,1024,1,2.0,1,1,0,MacBook-Pro-4.local,darwin,0,97.8126,10.22,KEM,True,2025-11-20T22:36:24.482800,,557
Classic-McEliece-460896f,keygen,1024,1,2.0,1,1,0,MacBook-Pro-4.local,darwin,0,98.7177,10.13,KEM,True,2025-11-20T22:36:24.581688,,558
Classic-McEliece-460896f,keygen,1024,1,2.0,1,1,0,MacBook-Pro-4.local,darwin,0,95.8483,10.43,KEM,True,2025-11-20T22:36:24.677650,,559
Classic-McEliece-460896f,keygen,1024,1,2.0,1,1,0,MacBook-Pro-4.local,darwin,0,100.4926,9.95,KEM,True,2025-11-20T22:36:24.778285,,560
Classic-McEliece-460896f,keygen,1024,16,2.0,1,1,0,MacBook-Pro-4.local,darwin,0,97.7329,10.23,KEM,True,2025-11-20T22:36:24.876112,,561
Classic-McEliece-460896f,keygen,1024,16,2.0,1,1,0,MacBook-Pro-4.local,darwin,0,100.8362,9.92,KEM,True,2025-11-20T22:36:24.977045,,562
Classic-McEliece-460896f,keygen,1024,16,2.0,1,1,0,MacBook-Pro-4.local,darwin,0,101.3474,9.87,KEM,True,2025-11-20T22:36:25.078488,,563
Classic-McEliece-460896f,keygen,1024,16,2.0,1,1,0,MacBook-Pro-4.local,darwin,0,101.1666,9.88,KEM,True,2025-11-20T22:36:25.179742,,564
Classic-McEliece-460896f,keygen,1024,16,2.0,1,1,0,MacBook-Pro-4.local,darwin,0,99.7783,10.02,KEM,True,2025-11-20T22:36:25.279650,,565
Classic-McEliece-460896f,keygen,1024,64,2.0,1,1,0,MacBook-Pro-4.local,darwin,0,100.4258,9.96,KEM,True,2025-11-20T22:36:25.380171,,566
Classic-McEliece-460896f,keygen,1024,64,2.0,1,1,0,MacBook-Pro-4.local,darwin,0,96.9047,10.32,KEM,True,2025-11-20T22:36:25.477167,,567
Classic-McEliece-460896f,keygen,1024,64,2.0,1,1,0,MacBook-Pro-4.local,darwin,0,100.3818,9.96,KEM,True,2025-11-20T22:36:25.577648,,568
Classic-McEliece-460896f,keygen,1024,64,2.0,1,1,0,MacBook-Pro-4.local,darwin,0,96.4476,10.37,KEM,True,2025-11-20T22:36:25.674188,,569
Classic-McEliece-460896f,keygen,1024,64,2.0,1,1,0,MacBook-Pro-4.local,darwin,0,98.7493,10.13,KEM,True,2025-11-20T22:36:25.773031,,570
Classic-McEliece-460896f,encap,0,1,2.0,1,1,0,MacBook-Pro-4.local,darwin,0,100.8408,9.92,KEM,True,2025-11-20T22:36:25.873971,,571
Classic-McEliece-460896f,encap,0,1,2.0,1,1,0,MacBook-Pro-4.local,darwin,0,101.4118,9.86,KEM,True,2025-11-20T22:36:25.975502,,572
Classic-McEliece-460896f,encap,0,1,2.0,1,1,0,MacBook-Pro-4.local,darwin,0,100.4415,9.96,KEM,True,2025-11-20T22:36:26.076035,,573
Classic-McEliece-460896f,encap,0,1,2.0,1,1,0,MacBook-Pro-4.local,darwin,0,101.5724,9.85,KEM,True,2025-11-20T22:36:26.177701,,574
Classic-McEliece-460896f,encap,0,1,2.0,1,1,0,MacBook-Pro-4.local,darwin,0,101.4626,9.86,KEM,True,2025-11-20T22:36:26.279254,,575
Classic-McEliece-460896f,encap,0,16,2.0,1,1,0,MacBook-Pro-4.local,darwin,0,101.0328,9.9,KEM,True,2025-11-20T22:36:26.380374,,576
Classic-McEliece-460896f,encap,0,16,2.0,1,1,0,MacBook-Pro-4.local,darwin,0,100.2131,9.98,KEM,True,2025-11-20T22:36:26.480681,,577
Classic-McEliece-460896f,encap,0,16,2.0,1,1,0,MacBook-Pro-4.local,darwin,0,96.321,10.38,KEM,True,2025-11-20T22:36:26.577092,,578
Classic-McEliece-460896f,encap,0,16,2.0,1,1,0,MacBook-Pro-4.local,darwin,0,101.7327,9.83,KEM,True,2025-11-20T22:36:26.678917,,579
Classic-McEliece-460896f,encap,0,16,2.0,1,1,0,MacBook-Pro-4.local,darwin,0,100.4291,9.96,KEM,True,2025-11-20T22:36:26.779439,,580
Classic-McEliece-460896f,encap,0,64,2.0,1,1,0,MacBook-Pro-4.local,darwin,0,100.105,9.99,KEM,True,2025-11-20T22:36:26.879636,,581
Classic-McEliece-460896f,encap,0,64,2.0,1,1,0,MacBook-Pro-4.local,darwin,0,96.8953,10.32,KEM,True,2025-11-20T22:36:26.976616,,582
Classic-McEliece-460896f,encap,0,64,2.0,1,1,0,MacBook-Pro-4.local,darwin,0,95.9383,10.42,KEM,True,2025-11-20T22:36:27.072640,,583
Classic-McEliece-460896f,encap,0,64,2.0,1,1,0,MacBook-Pro-4.local,darwin,0,102.4207,9.76,KEM,True,2025-11-20T22:36:27.175185,,584
Classic-McEliece-460896f,encap,0,64,2.0,1,1,0,MacBook-Pro-4.local,darwin,0,95.9065,10.43,KEM,True,2025-11-20T22:36:27.271178,,585
Classic-McEliece-460896f,encap,1024,1,2.0,1,1,0,MacBook-Pro-4.local,darwin,0,100.0985,9.99,KEM,True,2025-11-20T22:36:27.371369,,586
Classic-McEliece-460896f,encap,1024,1,2.0,1,1,0,MacBook-Pro-4.local,darwin,0,102.1104,9.79,KEM,True,2025-11-20T22:36:27.473572,,587
Classic-McEliece-460896f,encap,1024,1,2.0,1,1,0,MacBook-Pro-4.local,darwin,0,99.1151,10.09,KEM,True,2025-11-20T22:36:27.572782,,588
Classic-McEliece-460896f,encap,1024,1,2.0,1,1,0,MacBook-Pro-4.local,darwin,0,93.6275,10.68,KEM,True,2025-11-20T22:36:27.666499,,589
Classic-McEliece-460896f,encap,1024,1,2.0,1,1,0,MacBook-Pro-4.local,darwin,0,98.6166,10.14,KEM,True,2025-11-20T22:36:27.765203,,590
Classic-McEliece-460896f,encap,1024,16,2.0,1,1,0,MacBook-Pro-4.local,darwin,0,97.6783,10.24,KEM,True,2025-11-20T22:36:27.862972,,591
Classic-McEliece-460896f,encap,1024,16,2.0,1,1,0,MacBook-Pro-4.local,darwin,0,100.5116,9.95,KEM,True,2025-11-20T22:36:27.963576,,592
Classic-McEliece-460896f,encap,1024,16,2.0,1,1,0,MacBook-Pro-4.local,darwin,0,98.9805,10.1,KEM,True,2025-11-20T22:36:28.062648,,593
Classic-McEliece-460896f,encap,1024,16,2.0,1,1,0,MacBook-Pro-4.local,darwin,0,98.7068,10.13,KEM,True,2025-11-20T22:36:28.161444,,594
Classic-McEliece-460896f,encap,1024,16,2.0,1,1,0,MacBook-Pro-4.local,darwin,0,100.6307,9.94,KEM,True,2025-11-20T22:36:28.262169,,595
Classic-McEliece-460896f,encap,1024,64,2.0,1,1,0,MacBook-Pro-4.local,darwin,0,101.491,9.85,KEM,True,2025-11-20T22:36:28.363756,,596
Classic-McEliece-460896f,encap,1024,64,2.0,1,1,0,MacBook-Pro-4.local,darwin,0,96.0727,10.41,KEM,True,2025-11-20T22:36:28.459921,,597
Classic-McEliece-460896f,encap,1024,64,2.0,1,1,0,MacBook-Pro-4.local,darwin,0,99.1416,10.09,KEM,True,2025-11-20T22:36:28.559215,,598
Classic-McEliece-460896f,encap,1024,64,2.0,1,1,0,MacBook-Pro-4.local,darwin,0,98.1685,10.19,KEM,True,2025-11-20T22:36:28.657478,,599
Classic-McEliece-460896f,encap,1024,64,2.0,1,1,0,MacBook-Pro-4.local,darwin,0,99.9832,10.0,KEM,True,2025-11-20T22:36:28.757553,,600
Classic-McEliece-460896f,decap,0,1,2.0,1,1,0,MacBook-Pro-4.local,darwin,0,100.9434,9.91,KEM,True,2025-11-20T22:36:28.858688,,601
Classic-McEliece-460896f,decap,0,1,2.0,1,1,0,MacBook-Pro-4.local,darwin,0,100.4159,9.96,KEM,True,2025-11-20T22:36:28.959197,,602
Classic-McEliece-460896f,decap,0,1,2.0,1,1,0,MacBook-Pro-4.local,darwin,0,102.0659,9.8,KEM,True,2025-11-20T22:36:29.061355,,603
Classic-McEliece-460896f,decap,0,1,2.0,1,1,0,MacBook-Pro-4.local,darwin,0,101.6497,9.84,KEM,True,2025-11-20T22:36:29.163097,,604
Classic-McEliece-460896f,decap,0,1,2.0,1,1,0,MacBook-Pro-4.local,darwin,0,101.7124,9.83,KEM,True,2025-11-20T22:36:29.264900,,605
Classic-McEliece-460896f,decap,0,16,2.0,1,1,0,MacBook-Pro-4.local,darwin,0,101.6777,9.83,KEM,True,2025-11-20T22:36:29.366665,,606
Classic-McEliece-460896f,decap,0,16,2.0,1,1,0,MacBook-Pro-4.local,darwin,0,112.263,8.91,KEM,True,2025-11-20T22:36:29.479025,,607
Classic-McEliece-460896f,decap,0,16,2.0,1,1,0,MacBook-Pro-4.local,darwin,0,101.0325,9.9,KEM,True,2025-11-20T22:36:29.580180,,608
Classic-McEliece-460896f,decap,0,16,2.0,1,1,0,MacBook-Pro-4.local,darwin,0,100.9513,9.91,KEM,True,2025-11-20T22:36:29.681261,,609
Classic-McEliece-460896f,decap,0,16,2.0,1,1,0,MacBook-Pro-4.local,darwin,0,101.0665,9.89,KEM,True,2025-11-20T22:36:29.782423,,610
Classic-McEliece-460896f,decap,0,64,2.0,1,1,0,MacBook-Pro-4.local,darwin,0,102.2195,9.78,KEM,True,2025-11-20T22:36:29.884738,,611
Classic-McEliece-460896f,decap,0,64,2.0,1,1,0,MacBook-Pro-4.local,darwin,0,103.0395,9.71,KEM,True,2025-11-20T22:36:29.987861,,612
Classic-McEliece-460896f,decap,0,64,2.0,1,1,0,MacBook-Pro-4.local,darwin,0,101.2262,9.88,KEM,True,2025-11-20T22:36:30.089181,,613
Classic-McEliece-460896f,decap,0,64,2.0,1,1,0,MacBook-Pro-4.local,darwin,0,101.8924,9.81,KEM,True,2025-11-20T22:36:30.191197,,614
Classic-McEliece-460896f,decap,0,64,2.0,1,1,0,MacBook-Pro-4.local,darwin,0,104.3962,9.58,KEM,True,2025-11-20T22:36:30.295678,,615
Classic-McEliece-460896f,decap,1024,1,2.0,1,1,0,MacBook-Pro-4.local,darwin,0,100.8857,9.91,KEM,True,2025-11-20T22:36:30.396656,,616
Classic-McEliece-460896f,decap,1024,1,2.0,1,1,0,MacBook-Pro-4.local,darwin,0,100.9913,9.9,KEM,True,2025-11-20T22:36:30.497773,,617
Classic-McEliece-460896f,decap,1024,1,2.0,1,1,0,MacBook-Pro-4.local,darwin,0,102.4611,9.76,KEM,True,2025-11-20T22:36:30.600360,,618
Classic-McEliece-460896f,decap,1024,1,2.0,1,1,0,MacBook-Pro-4.local,darwin,0,101.1915,9.88,KEM,True,2025-11-20T22:36:30.701648,,619
Classic-McEliece-460896f,decap,1024,1,2.0,1,1,0,MacBook-Pro-4.local,darwin,0,101.0899,9.89,KEM,True,2025-11-20T22:36:30.802900,,620
Classic-McEliece-460896f,decap,1024,16,2.0,1,1,0,MacBook-Pro-4.local,darwin,0,100.8387,9.92,KEM,True,2025-11-20T22:36:30.903840,,621
Classic-McEliece-460896f,decap,1024,16,2.0,1,1,0,MacBook-Pro-4.local,darwin,0,101.884,9.82,KEM,True,2025-11-20T22:36:31.005832,,622
Classic-McEliece-460896f,decap,1024,16,2.0,1,1,0,MacBook-Pro-4.local,darwin,0,100.9659,9.9,KEM,True,2025-11-20T22:36:31.106888,,623
Classic-McEliece-460896f,decap,1024,16,2.0,1,1,0,MacBook-Pro-4.local,darwin,0,107.2188,9.33,KEM,True,2025-11-20T22:36:31.214203,,624
Classic-McEliece-460896f,decap,1024,16,2.0,1,1,0,MacBook-Pro-4.local,darwin,0,100.989,9.9,KEM,True,2025-11-20T22:36:31.315287,,625
Classic-McEliece-460896f,decap,1024,64,2.0,1,1,0,MacBook-Pro-4.local,darwin,0,101.6834,9.83,KEM,True,2025-11-20T22:36:31.417067,,626
Classic-McEliece-460896f,decap,1024,64,2.0,1,1,0,MacBook-Pro-4.local,darwin,0,108.5399,9.21,KEM,True,2025-11-20T22:36:31.525704,,627
Classic-McEliece-460896f,decap,1024,64,2.0,1,1,0,MacBook-Pro-4.local,darwin,0,100.7711,9.92,KEM,True,2025-11-20T22:36:31.626567,,628
Classic-McEliece-460896f,decap,1024,64,2.0,1,1,0,MacBook-Pro-4.local,darwin,0,100.7613,9.92,KEM,True,2025-11-20T22:36:31.727415,,629
Classic-McEliece-460896f,decap,1024,64,2.0,1,1,0,MacBook-Pro-4.local,darwin,0,102.991,9.71,KEM,True,2025-11-20T22:36:31.830491,,630
Classic-McEliece-6688128,keygen,0,1,2.0,1,1,0,MacBook-Pro-4.local,darwin,0,226.5858,4.41,KEM,True,2025-11-20T22:36:32.057208,,631
Classic-McEliece-6688128,keygen,0,1,2.0,1,1,0,MacBook-Pro-4.local,darwin,0,169.9679,5.88,KEM,True,2025-11-20T22:36:32.227274,,632
Classic-McEliece-6688128,keygen,0,1,2.0,1,1,0,MacBook-Pro-4.local,darwin,0,213.1925,4.69,KEM,True,2025-11-20T22:36:32.440566,,633
Classic-McEliece-6688128,keygen,0,1,2.0,1,1,0,MacBook-Pro-4.local,darwin,0,208.9206,4.79,KEM,True,2025-11-20T22:36:32.649583,,634
Classic-McEliece-6688128,keygen,0,1,2.0,1,1,0,MacBook-Pro-4.local,darwin,0,145.582,6.87,KEM,True,2025-11-20T22:36:32.795263,,635
Classic-McEliece-6688128,keygen,0,16,2.0,1,1,0,MacBook-Pro-4.local,darwin,0,189.5505,5.28,KEM,True,2025-11-20T22:36:32.984913,,636
Classic-McEliece-6688128,keygen,0,16,2.0,1,1,0,MacBook-Pro-4.local,darwin,0,294.9442,3.39,KEM,True,2025-11-20T22:36:33.279957,,637
Classic-McEliece-6688128,keygen,0,16,2.0,1,1,0,MacBook-Pro-4.local,darwin,0,188.0602,5.32,KEM,True,2025-11-20T22:36:33.468117,,638
Classic-McEliece-6688128,keygen,0,16,2.0,1,1,0,MacBook-Pro-4.local,darwin,0,149.7787,6.68,KEM,True,2025-11-20T22:36:33.617989,,639
Classic-McEliece-6688128,keygen,0,16,2.0,1,1,0,MacBook-Pro-4.local,darwin,0,165.6284,6.04,KEM,True,2025-11-20T22:36:33.783718,,640
Classic-McEliece-6688128,keygen,0,64,2.0,1,1,0,MacBook-Pro-4.local,darwin,0,233.3507,4.29,KEM,True,2025-11-20T22:36:34.017167,,641
Classic-McEliece-6688128,keygen,0,64,2.0,1,1,0,MacBook-Pro-4.local,darwin,0,253.1983,3.95,KEM,True,2025-11-20T22:36:34.270488,,642
Classic-McEliece-6688128,keygen,0,64,2.0,1,1,0,MacBook-Pro-4.local,darwin,0,189.4256,5.28,KEM,True,2025-11-20T22:36:34.460047,,643
Classic-McEliece-6688128,keygen,0,64,2.0,1,1,0,MacBook-Pro-4.local,darwin,0,144.5213,6.92,KEM,True,2025-11-20T22:36:34.604698,,644
Classic-McEliece-6688128,keygen,0,64,2.0,1,1,0,MacBook-Pro-4.local,darwin,0,184.0917,5.43,KEM,True,2025-11-20T22:36:34.788890,,645
Classic-McEliece-6688128,keygen,1024,1,2.0,1,1,0,MacBook-Pro-4.local,darwin,0,240.6219,4.16,KEM,True,2025-11-20T22:36:35.029612,,646
Classic-McEliece-6688128,keygen,1024,1,2.0,1,1,0,MacBook-Pro-4.local,darwin,0,146.9635,6.8,KEM,True,2025-11-20T22:36:35.176673,,647
Classic-McEliece-6688128,keygen,1024,1,2.0,1,1,0,MacBook-Pro-4.local,darwin,0,175.9587,5.68,KEM,True,2025-11-20T22:36:35.352786,,648
Classic-McEliece-6688128,keygen,1024,1,2.0,1,1,0,MacBook-Pro-4.local,darwin,0,239.9066,4.17,KEM,True,2025-11-20T22:36:35.592810,,649
Classic-McEliece-6688128,keygen,1024,1,2.0,1,1,0,MacBook-Pro-4.local,darwin,0,189.708,5.27,KEM,True,2025-11-20T22:36:35.782619,,650
Classic-McEliece-6688128,keygen,1024,16,2.0,1,1,0,MacBook-Pro-4.local,darwin,0,208.9826,4.79,KEM,True,2025-11-20T22:36:35.991700,,651
Classic-McEliece-6688128,keygen,1024,16,2.0,1,1,0,MacBook-Pro-4.local,darwin,0,142.9467,7.0,KEM,True,2025-11-20T22:36:36.134741,,652
Classic-McEliece-6688128,keygen,1024,16,2.0,1,1,0,MacBook-Pro-4.local,darwin,0,140.3188,7.13,KEM,True,2025-11-20T22:36:36.275143,,653
Classic-McEliece-6688128,keygen,1024,16,2.0,1,1,0,MacBook-Pro-4.local,darwin,0,310.0557,3.23,KEM,True,2025-11-20T22:36:36.585296,,654
Classic-McEliece-6688128,keygen,1024,16,2.0,1,1,0,MacBook-Pro-4.local,darwin,0,141.0825,7.09,KEM,True,2025-11-20T22:36:36.726516,,655
Classic-McEliece-6688128,keygen,1024,64,2.0,1,1,0,MacBook-Pro-4.local,darwin,0,164.8285,6.07,KEM,True,2025-11-20T22:36:36.891445,,656
Classic-McEliece-6688128,keygen,1024,64,2.0,1,1,0,MacBook-Pro-4.local,darwin,0,184.6914,5.41,KEM,True,2025-11-20T22:36:37.076230,,657
Classic-McEliece-6688128,keygen,1024,64,2.0,1,1,0,MacBook-Pro-4.local,darwin,0,210.8387,4.74,KEM,True,2025-11-20T22:36:37.287164,,658
Classic-McEliece-6688128,keygen,1024,64,2.0,1,1,0,MacBook-Pro-4.local,darwin,0,208.4704,4.8,KEM,True,2025-11-20T22:36:37.495732,,659
Classic-McEliece-6688128,keygen,1024,64,2.0,1,1,0,MacBook-Pro-4.local,darwin,0,186.6579,5.36,KEM,True,2025-11-20T22:36:37.683713,,660
Classic-McEliece-6688128,encap,0,1,2.0,1,1,0,MacBook-Pro-4.local,darwin,0,164.0924,6.09,KEM,True,2025-11-20T22:36:37.847937,,661
Classic-McEliece-6688128,encap,0,1,2.0,1,1,0,MacBook-Pro-4.local,darwin,0,167.1932,5.98,KEM,True,2025-11-20T22:36:38.015223,,662
Classic-McEliece-6688128,encap,0,1,2.0,1,1,0,MacBook-Pro-4.local,darwin,0,167.7971,5.96,KEM,True,2025-11-20T22:36:38.183114,,663
Classic-McEliece-6688128,encap,0,1,2.0,1,1,0,MacBook-Pro-4.local,darwin,0,210.7097,4.75,KEM,True,2025-11-20T22:36:38.393920,,664
Classic-McEliece-6688128,encap,0,1,2.0,1,1,0,MacBook-Pro-4.local,darwin,0,232.6558,4.3,KEM,True,2025-11-20T22:36:38.626670,,665
Classic-McEliece-6688128,encap,0,16,2.0,1,1,0,MacBook-Pro-4.local,darwin,0,149.4228,6.69,KEM,True,2025-11-20T22:36:38.776187,,666
Classic-McEliece-6688128,encap,0,16,2.0,1,1,0,MacBook-Pro-4.local,darwin,0,234.879,4.26,KEM,True,2025-11-20T22:36:39.011165,,667
Classic-McEliece-6688128,encap,0,16,2.0,1,1,0,MacBook-Pro-4.local,darwin,0,189.3706,5.28,KEM,True,2025-11-20T22:36:39.200631,,668
Classic-McEliece-6688128,encap,0,16,2.0,1,1,0,MacBook-Pro-4.local,darwin,0,232.3129,4.3,KEM,True,2025-11-20T22:36:39.433042,,669
Classic-McEliece-6688128,encap,0,16,2.0,1,1,0,MacBook-Pro-4.local,darwin,0,167.5783,5.97,KEM,True,2025-11-20T22:36:39.600712,,670
Classic-McEliece-6688128,encap,0,64,2.0,1,1,0,MacBook-Pro-4.local,darwin,0,165.0343,6.06,KEM,True,2025-11-20T22:36:39.765839,,671
Classic-McEliece-6688128,encap,0,64,2.0,1,1,0,MacBook-Pro-4.local,darwin,0,144.0166,6.94,KEM,True,2025-11-20T22:36:39.909951,,672
Classic-McEliece-6688128,encap,0,64,2.0,1,1,0,MacBook-Pro-4.local,darwin,0,198.1784,5.05,KEM,True,2025-11-20T22:36:40.108224,,673
Classic-McEliece-6688128,encap,0,64,2.0,1,1,0,MacBook-Pro-4.local,darwin,0,225.878,4.43,KEM,True,2025-11-20T22:36:40.334227,,674
Classic-McEliece-6688128,encap,0,64,2.0,1,1,0,MacBook-Pro-4.local,darwin,0,169.6706,5.89,KEM,True,2025-11-20T22:36:40.503997,,675
Classic-McEliece-6688128,encap,1024,1,2.0,1,1,0,MacBook-Pro-4.local,darwin,0,170.7251,5.86,KEM,True,2025-11-20T22:36:40.674822,,676
Classic-McEliece-6688128,encap,1024,1,2.0,1,1,0,MacBook-Pro-4.local,darwin,0,186.2542,5.37,KEM,True,2025-11-20T22:36:40.861174,,677
Classic-McEliece-6688128,encap,1024,1,2.0,1,1,0,MacBook-Pro-4.local,darwin,0,144.2914,6.93,KEM,True,2025-11-20T22:36:41.005557,,678
Classic-McEliece-6688128,encap,1024,1,2.0,1,1,0,MacBook-Pro-4.local,darwin,0,235.0493,4.25,KEM,True,2025-11-20T22:36:41.240692,,679
Classic-McEliece-6688128,encap,1024,1,2.0,1,1,0,MacBook-Pro-4.local,darwin,0,201.9403,4.95,KEM,True,2025-11-20T22:36:41.442729,,680
Classic-McEliece-6688128,encap,1024,16,2.0,1,1,0,MacBook-Pro-4.local,darwin,0,182.8613,5.47,KEM,True,2025-11-20T22:36:41.625687,,681
Classic-McEliece-6688128,encap,1024,16,2.0,1,1,0,MacBook-Pro-4.local,darwin,0,192.4262,5.2,KEM,True,2025-11-20T22:36:41.818211,,682
Classic-McEliece-6688128,encap,1024,16,2.0,1,1,0,MacBook-Pro-4.local,darwin,0,143.9705,6.95,KEM,True,2025-11-20T22:36:41.962274,,683
Classic-McEliece-6688128,encap,1024,16,2.0,1,1,0,MacBook-Pro-4.local,darwin,0,150.5893,6.64,KEM,True,2025-11-20T22:36:42.112954,,684
Classic-McEliece-6688128,encap,1024,16,2.0,1,1,0,MacBook-Pro-4.local,darwin,0,205.6299,4.86,KEM,True,2025-11-20T22:36:42.318683,,685
Classic-McEliece-6688128,encap,1024,64,2.0,1,1,0,MacBook-Pro-4.local,darwin,0,145.6358,6.87,KEM,True,2025-11-20T22:36:42.464417,,686
Classic-McEliece-6688128,encap,1024,64,2.0,1,1,0,MacBook-Pro-4.local,darwin,0,295.5606,3.38,KEM,True,2025-11-20T22:36:42.760073,,687
Classic-McEliece-6688128,encap,1024,64,2.0,1,1,0,MacBook-Pro-4.local,darwin,0,166.6961,6.0,KEM,True,2025-11-20T22:36:42.926856,,688
Classic-McEliece-6688128,encap,1024,64,2.0,1,1,0,MacBook-Pro-4.local,darwin,0,230.9416,4.33,KEM,True,2025-11-20T22:36:43.157895,,689
Classic-McEliece-6688128,encap,1024,64,2.0,1,1,0,MacBook-Pro-4.local,darwin,0,213.5249,4.68,KEM,True,2025-11-20T22:36:43.371515,,690
Classic-McEliece-6688128,decap,0,1,2.0,1,1,0,MacBook-Pro-4.local,darwin,0,185.9922,5.38,KEM,True,2025-11-20T22:36:43.557608,,691
Classic-McEliece-6688128,decap,0,1,2.0,1,1,0,MacBook-Pro-4.local,darwin,0,150.4873,6.65,KEM,True,2025-11-20T22:36:43.708186,,692
Classic-McEliece-6688128,decap,0,1,2.0,1,1,0,MacBook-Pro-4.local,darwin,0,168.8443,5.92,KEM,True,2025-11-20T22:36:43.877125,,693
Classic-McEliece-6688128,decap,0,1,2.0,1,1,0,MacBook-Pro-4.local,darwin,0,145.1854,6.89,KEM,True,2025-11-20T22:36:44.022405,,694
Classic-McEliece-6688128,decap,0,1,2.0,1,1,0,MacBook-Pro-4.local,darwin,0,168.0382,5.95,KEM,True,2025-11-20T22:36:44.190597,,695
Classic-McEliece-6688128,decap,0,16,2.0,1,1,0,MacBook-Pro-4.local,darwin,0,165.0703,6.06,KEM,True,2025-11-20T22:36:44.355765,,696
Classic-McEliece-6688128,decap,0,16,2.0,1,1,0,MacBook-Pro-4.local,darwin,0,168.2486,5.94,KEM,True,2025-11-20T22:36:44.524106,,697
Classic-McEliece-6688128,decap,0,16,2.0,1,1,0,MacBook-Pro-4.local,darwin,0,167.0885,5.98,KEM,True,2025-11-20T22:36:44.691320,,698
Classic-McEliece-6688128,decap,0,16,2.0,1,1,0,MacBook-Pro-4.local,darwin,0,177.8981,5.62,KEM,True,2025-11-20T22:36:44.869364,,699
Classic-McEliece-6688128,decap,0,16,2.0,1,1,0,MacBook-Pro-4.local,darwin,0,254.2913,3.93,KEM,True,2025-11-20T22:36:45.123745,,700
Classic-McEliece-6688128,decap,0,64,2.0,1,1,0,MacBook-Pro-4.local,darwin,0,182.3731,5.48,KEM,True,2025-11-20T22:36:45.306213,,701
Classic-McEliece-6688128,decap,0,64,2.0,1,1,0,MacBook-Pro-4.local,darwin,0,252.1562,3.97,KEM,True,2025-11-20T22:36:45.558464,,702
Classic-McEliece-6688128,decap,0,64,2.0,1,1,0,MacBook-Pro-4.local,darwin,0,208.6057,4.79,KEM,True,2025-11-20T22:36:45.767213,,703
Classic-McEliece-6688128,decap,0,64,2.0,1,1,0,MacBook-Pro-4.local,darwin,0,158.8891,6.29,KEM,True,2025-11-20T22:36:45.926196,,704
Classic-McEliece-6688128,decap,0,64,2.0,1,1,0,MacBook-Pro-4.local,darwin,0,180.0353,5.55,KEM,True,2025-11-20T22:36:46.106333,,705
Classic-McEliece-6688128,decap,1024,1,2.0,1,1,0,MacBook-Pro-4.local,darwin,0,251.484,3.98,KEM,True,2025-11-20T22:36:46.357923,,706
Classic-McEliece-6688128,decap,1024,1,2.0,1,1,0,MacBook-Pro-4.local,darwin,0,145.8015,6.86,KEM,True,2025-11-20T22:36:46.503821,,707
Classic-McEliece-6688128,decap,1024,1,2.0,1,1,0,MacBook-Pro-4.local,darwin,0,188.8843,5.29,KEM,True,2025-11-20T22:36:46.692804,,708
Classic-McEliece-6688128,decap,1024,1,2.0,1,1,0,MacBook-Pro-4.local,darwin,0,187.2242,5.34,KEM,True,2025-11-20T22:36:46.880122,,709
Classic-McEliece-6688128,decap,1024,1,2.0,1,1,0,MacBook-Pro-4.local,darwin,0,194.2793,5.15,KEM,True,2025-11-20T22:36:47.074497,,710
Classic-McEliece-6688128,decap,1024,16,2.0,1,1,0,MacBook-Pro-4.local,darwin,0,145.8305,6.86,KEM,True,2025-11-20T22:36:47.220424,,711
Classic-McEliece-6688128,decap,1024,16,2.0,1,1,0,MacBook-Pro-4.local,darwin,0,170.3663,5.87,KEM,True,2025-11-20T22:36:47.390884,,712
Classic-McEliece-6688128,decap,1024,16,2.0,1,1,0,MacBook-Pro-4.local,darwin,0,283.7473,3.52,KEM,True,2025-11-20T22:36:47.674731,,713
Classic-McEliece-6688128,decap,1024,16,2.0,1,1,0,MacBook-Pro-4.local,darwin,0,170.0584,5.88,KEM,True,2025-11-20T22:36:47.844882,,714
Classic-McEliece-6688128,decap,1024,16,2.0,1,1,0,MacBook-Pro-4.local,darwin,0,193.4692,5.17,KEM,True,2025-11-20T22:36:48.038445,,715
Classic-McEliece-6688128,decap,1024,64,2.0,1,1,0,MacBook-Pro-4.local,darwin,0,307.3829,3.25,KEM,True,2025-11-20T22:36:48.345925,,716
Classic-McEliece-6688128,decap,1024,64,2.0,1,1,0,MacBook-Pro-4.local,darwin,0,168.5263,5.93,KEM,True,2025-11-20T22:36:48.514539,,717
Classic-McEliece-6688128,decap,1024,64,2.0,1,1,0,MacBook-Pro-4.local,darwin,0,205.8966,4.86,KEM,True,2025-11-20T22:36:48.720554,,718
Classic-McEliece-6688128,decap,1024,64,2.0,1,1,0,MacBook-Pro-4.local,darwin,0,357.6256,2.8,KEM,True,2025-11-20T22:36:49.078286,,719
Classic-McEliece-6688128,decap,1024,64,2.0,1,1,0,MacBook-Pro-4.local,darwin,0,435.8649,2.29,KEM,True,2025-11-20T22:36:49.514244,,720
Classic-McEliece-6688128f,keygen,0,1,2.0,1,1,0,MacBook-Pro-4.local,darwin,0,174.0788,5.74,KEM,True,2025-11-20T22:36:49.688429,,721
Classic-McEliece-6688128f,keygen,0,1,2.0,1,1,0,MacBook-Pro-4.local,darwin,0,202.0878,4.95,KEM,True,2025-11-20T22:36:49.890617,,722
Classic-McEliece-6688128f,keygen,0,1,2.0,1,1,0,MacBook-Pro-4.local,darwin,0,147.4781,6.78,KEM,True,2025-11-20T22:36:50.039159,,723
Classic-McEliece-6688128f,keygen,0,1,2.0,1,1,0,MacBook-Pro-4.local,darwin,0,157.998,6.33,KEM,True,2025-11-20T22:36:50.197254,,724
Classic-McEliece-6688128f,keygen,0,1,2.0,1,1,0,MacBook-Pro-4.local,darwin,0,142.7056,7.01,KEM,True,2025-11-20T22:36:50.340092,,725
Classic-McEliece-6688128f,keygen,0,16,2.0,1,1,0,MacBook-Pro-4.local,darwin,0,144.69,6.91,KEM,True,2025-11-20T22:36:50.484888,,726
Classic-McEliece-6688128f,keygen,0,16,2.0,1,1,0,MacBook-Pro-4.local,darwin,0,143.994,6.94,KEM,True,2025-11-20T22:36:50.628981,,727
Classic-McEliece-6688128f,keygen,0,16,2.0,1,1,0,MacBook-Pro-4.local,darwin,0,146.9981,6.8,KEM,True,2025-11-20T22:36:50.776074,,728
Classic-McEliece-6688128f,keygen,0,16,2.0,1,1,0,MacBook-Pro-4.local,darwin,0,163.0917,6.13,KEM,True,2025-11-20T22:36:50.939257,,729
Classic-McEliece-6688128f,keygen,0,16,2.0,1,1,0,MacBook-Pro-4.local,darwin,0,156.0527,6.41,KEM,True,2025-11-20T22:36:51.095409,,730
Classic-McEliece-6688128f,keygen,0,64,2.0,1,1,0,MacBook-Pro-4.local,darwin,0,141.9463,7.04,KEM,True,2025-11-20T22:36:51.237459,,731
Classic-McEliece-6688128f,keygen,0,64,2.0,1,1,0,MacBook-Pro-4.local,darwin,0,141.9711,7.04,KEM,True,2025-11-20T22:36:51.379567,,732
Classic-McEliece-6688128f,keygen,0,64,2.0,1,1,0,MacBook-Pro-4.local,darwin,0,146.8016,6.81,KEM,True,2025-11-20T22:36:51.526468,,733
Classic-McEliece-6688128f,keygen,0,64,2.0,1,1,0,MacBook-Pro-4.local,darwin,0,140.8134,7.1,KEM,True,2025-11-20T22:36:51.667412,,734
Classic-McEliece-6688128f,keygen,0,64,2.0,1,1,0,MacBook-Pro-4.local,darwin,0,178.2403,5.61,KEM,True,2025-11-20T22:36:51.845751,,735
Classic-McEliece-6688128f,keygen,1024,1,2.0,1,1,0,MacBook-Pro-4.local,darwin,0,166.9613,5.99,KEM,True,2025-11-20T22:36:52.012812,,736
Classic-McEliece-6688128f,keygen,1024,1,2.0,1,1,0,MacBook-Pro-4.local,darwin,0,147.1078,6.8,KEM,True,2025-11-20T22:36:52.160018,,737
Classic-McEliece-6688128f,keygen,1024,1,2.0,1,1,0,MacBook-Pro-4.local,darwin,0,155.0163,6.45,KEM,True,2025-11-20T22:36:52.315165,,738
Classic-McEliece-6688128f,keygen,1024,1,2.0,1,1,0,MacBook-Pro-4.local,darwin,0,169.8881,5.89,KEM,True,2025-11-20T22:36:52.485186,,739
Classic-McEliece-6688128f,keygen,1024,1,2.0,1,1,0,MacBook-Pro-4.local,darwin,0,143.499,6.97,KEM,True,2025-11-20T22:36:52.628784,,740
Classic-McEliece-6688128f,keygen,1024,16,2.0,1,1,0,MacBook-Pro-4.local,darwin,0,143.7046,6.96,KEM,True,2025-11-20T22:36:52.772589,,741
Classic-McEliece-6688128f,keygen,1024,16,2.0,1,1,0,MacBook-Pro-4.local,darwin,0,143.3394,6.98,KEM,True,2025-11-20T22:36:52.916027,,742
Classic-McEliece-6688128f,keygen,1024,16,2.0,1,1,0,MacBook-Pro-4.local,darwin,0,141.2146,7.08,KEM,True,2025-11-20T22:36:53.057339,,743
Classic-McEliece-6688128f,keygen,1024,16,2.0,1,1,0,MacBook-Pro-4.local,darwin,0,140.2774,7.13,KEM,True,2025-11-20T22:36:53.197716,,744
Classic-McEliece-6688128f,keygen,1024,16,2.0,1,1,0,MacBook-Pro-4.local,darwin,0,140.1623,7.13,KEM,True,2025-11-20T22:36:53.337991,,745
Classic-McEliece-6688128f,keygen,1024,64,2.0,1,1,0,MacBook-Pro-4.local,darwin,0,163.1905,6.13,KEM,True,2025-11-20T22:36:53.501282,,746
Classic-McEliece-6688128f,keygen,1024,64,2.0,1,1,0,MacBook-Pro-4.local,darwin,0,193.0571,5.18,KEM,True,2025-11-20T22:36:53.694466,,747
Classic-McEliece-6688128f,keygen,1024,64,2.0,1,1,0,MacBook-Pro-4.local,darwin,0,187.5775,5.33,KEM,True,2025-11-20T22:36:53.882141,,748
Classic-McEliece-6688128f,keygen,1024,64,2.0,1,1,0,MacBook-Pro-4.local,darwin,0,145.4358,6.88,KEM,True,2025-11-20T22:36:54.027676,,749
Classic-McEliece-6688128f,keygen,1024,64,2.0,1,1,0,MacBook-Pro-4.local,darwin,0,145.2083,6.89,KEM,True,2025-11-20T22:36:54.172985,,750
Classic-McEliece-6688128f,encap,0,1,2.0,1,1,0,MacBook-Pro-4.local,darwin,0,162.6703,6.15,KEM,True,2025-11-20T22:36:54.335758,,751
Classic-McEliece-6688128f,encap,0,1,2.0,1,1,0,MacBook-Pro-4.local,darwin,0,163.1882,6.13,KEM,True,2025-11-20T22:36:54.499064,,752
Classic-McEliece-6688128f,encap,0,1,2.0,1,1,0,MacBook-Pro-4.local,darwin,0,187.2292,5.34,KEM,True,2025-11-20T22:36:54.686388,,753
Classic-McEliece-6688128f,encap,0,1,2.0,1,1,0,MacBook-Pro-4.local,darwin,0,184.5649,5.42,KEM,True,2025-11-20T22:36:54.871046,,754
Classic-McEliece-6688128f,encap,0,1,2.0,1,1,0,MacBook-Pro-4.local,darwin,0,154.0404,6.49,KEM,True,2025-11-20T22:36:55.025180,,755
Classic-McEliece-6688128f,encap,0,16,2.0,1,1,0,MacBook-Pro-4.local,darwin,0,153.5175,6.51,KEM,True,2025-11-20T22:36:55.178796,,756
Classic-McEliece-6688128f,encap,0,16,2.0,1,1,0,MacBook-Pro-4.local,darwin,0,146.2436,6.84,KEM,True,2025-11-20T22:36:55.325133,,757
Classic-McEliece-6688128f,encap,0,16,2.0,1,1,0,MacBook-Pro-4.local,darwin,0,141.5313,7.07,KEM,True,2025-11-20T22:36:55.466749,,758
Classic-McEliece-6688128f,encap,0,16,2.0,1,1,0,MacBook-Pro-4.local,darwin,0,144.0894,6.94,KEM,True,2025-11-20T22:36:55.610932,,759
Classic-McEliece-6688128f,encap,0,16,2.0,1,1,0,MacBook-Pro-4.local,darwin,0,185.6168,5.39,KEM,True,2025-11-20T22:36:55.796643,,760
Classic-McEliece-6688128f,encap,0,64,2.0,1,1,0,MacBook-Pro-4.local,darwin,0,140.753,7.1,KEM,True,2025-11-20T22:36:55.937491,,761
Classic-McEliece-6688128f,encap,0,64,2.0,1,1,0,MacBook-Pro-4.local,darwin,0,144.3599,6.93,KEM,True,2025-11-20T22:36:56.081976,,762
Classic-McEliece-6688128f,encap,0,64,2.0,1,1,0,MacBook-Pro-4.local,darwin,0,186.37,5.37,KEM,True,2025-11-20T22:36:56.268444,,763
Classic-McEliece-6688128f,encap,0,64,2.0,1,1,0,MacBook-Pro-4.local,darwin,0,155.7897,6.42,KEM,True,2025-11-20T22:36:56.424327,,764
Classic-McEliece-6688128f,encap,0,64,2.0,1,1,0,MacBook-Pro-4.local,darwin,0,141.8395,7.05,KEM,True,2025-11-20T22:36:56.566254,,765
Classic-McEliece-6688128f,encap,1024,1,2.0,1,1,0,MacBook-Pro-4.local,darwin,0,163.6249,6.11,KEM,True,2025-11-20T22:36:56.729979,,766
Classic-McEliece-6688128f,encap,1024,1,2.0,1,1,0,MacBook-Pro-4.local,darwin,0,157.998,6.33,KEM,True,2025-11-20T22:36:56.888073,,767
Classic-McEliece-6688128f,encap,1024,1,2.0,1,1,0,MacBook-Pro-4.local,darwin,0,142.5024,7.02,KEM,True,2025-11-20T22:36:57.030672,,768
Classic-McEliece-6688128f,encap,1024,1,2.0,1,1,0,MacBook-Pro-4.local,darwin,0,145.927,6.85,KEM,True,2025-11-20T22:36:57.176695,,769
Classic-McEliece-6688128f,encap,1024,1,2.0,1,1,0,MacBook-Pro-4.local,darwin,0,178.8741,5.59,KEM,True,2025-11-20T22:36:57.355664,,770
Classic-McEliece-6688128f,encap,1024,16,2.0,1,1,0,MacBook-Pro-4.local,darwin,0,142.1323,7.04,KEM,True,2025-11-20T22:36:57.497892,,771
Classic-McEliece-6688128f,encap,1024,16,2.0,1,1,0,MacBook-Pro-4.local,darwin,0,179.7995,5.56,KEM,True,2025-11-20T22:36:57.677788,,772
Classic-McEliece-6688128f,encap,1024,16,2.0,1,1,0,MacBook-Pro-4.local,darwin,0,135.9325,7.36,KEM,True,2025-11-20T22:36:57.813811,,773
Classic-McEliece-6688128f,encap,1024,16,2.0,1,1,0,MacBook-Pro-4.local,darwin,0,180.1739,5.55,KEM,True,2025-11-20T22:36:57.994081,,774
Classic-McEliece-6688128f,encap,1024,16,2.0,1,1,0,MacBook-Pro-4.local,darwin,0,164.1592,6.09,KEM,True,2025-11-20T22:36:58.158337,,775
Classic-McEliece-6688128f,encap,1024,64,2.0,1,1,0,MacBook-Pro-4.local,darwin,0,149.0105,6.71,KEM,True,2025-11-20T22:36:58.307446,,776
Classic-McEliece-6688128f,encap,1024,64,2.0,1,1,0,MacBook-Pro-4.local,darwin,0,142.4091,7.02,KEM,True,2025-11-20T22:36:58.449951,,777
Classic-McEliece-6688128f,encap,1024,64,2.0,1,1,0,MacBook-Pro-4.local,darwin,0,150.2187,6.66,KEM,True,2025-11-20T22:36:58.600265,,778
Classic-McEliece-6688128f,encap,1024,64,2.0,1,1,0,MacBook-Pro-4.local,darwin,0,143.6057,6.96,KEM,True,2025-11-20T22:36:58.743964,,779
Classic-McEliece-6688128f,encap,1024,64,2.0,1,1,0,MacBook-Pro-4.local,darwin,0,143.6559,6.96,KEM,True,2025-11-20T22:36:58.887712,,780
Classic-McEliece-6688128f,decap,0,1,2.0,1,1,0,MacBook-Pro-4.local,darwin,0,142.7695,7.0,KEM,True,2025-11-20T22:36:59.030615,,781
Classic-McEliece-6688128f,decap,0,1,2.0,1,1,0,MacBook-Pro-4.local,darwin,0,144.8063,6.91,KEM,True,2025-11-20T22:36:59.175520,,782
Classic-McEliece-6688128f,decap,0,1,2.0,1,1,0,MacBook-Pro-4.local,darwin,0,154.9568,6.45,KEM,True,2025-11-20T22:36:59.330568,,783
Classic-McEliece-6688128f,decap,0,1,2.0,1,1,0,MacBook-Pro-4.local,darwin,0,184.7854,5.41,KEM,True,2025-11-20T22:36:59.515442,,784
Classic-McEliece-6688128f,decap,0,1,2.0,1,1,0,MacBook-Pro-4.local,darwin,0,169.93,5.88,KEM,True,2025-11-20T22:36:59.685507,,785
Classic-McEliece-6688128f,decap,0,16,2.0,1,1,0,MacBook-Pro-4.local,darwin,0,177.4778,5.63,KEM,True,2025-11-20T22:36:59.863108,,786
Classic-McEliece-6688128f,decap,0,16,2.0,1,1,0,MacBook-Pro-4.local,darwin,0,160.6218,6.23,KEM,True,2025-11-20T22:37:00.023850,,787
Classic-McEliece-6688128f,decap,0,16,2.0,1,1,0,MacBook-Pro-4.local,darwin,0,159.6209,6.26,KEM,True,2025-11-20T22:37:00.183565,,788
Classic-McEliece-6688128f,decap,0,16,2.0,1,1,0,MacBook-Pro-4.local,darwin,0,176.8582,5.65,KEM,True,2025-11-20T22:37:00.360515,,789
Classic-McEliece-6688128f,decap,0,16,2.0,1,1,0,MacBook-Pro-4.local,darwin,0,177.488,5.63,KEM,True,2025-11-20T22:37:00.538097,,790
Classic-McEliece-6688128f,decap,0,64,2.0,1,1,0,MacBook-Pro-4.local,darwin,0,161.5324,6.19,KEM,True,2025-11-20T22:37:00.699723,,791
Classic-McEliece-6688128f,decap,0,64,2.0,1,1,0,MacBook-Pro-4.local,darwin,0,204.4614,4.89,KEM,True,2025-11-20T22:37:00.904282,,792
Classic-McEliece-6688128f,decap,0,64,2.0,1,1,0,MacBook-Pro-4.local,darwin,0,142.657,7.01,KEM,True,2025-11-20T22:37:01.047041,,793
Classic-McEliece-6688128f,decap,0,64,2.0,1,1,0,MacBook-Pro-4.local,darwin,0,145.3126,6.88,KEM,True,2025-11-20T22:37:01.192493,,794
Classic-McEliece-6688128f,decap,0,64,2.0,1,1,0,MacBook-Pro-4.local,darwin,0,148.4941,6.73,KEM,True,2025-11-20T22:37:01.341115,,795
Classic-McEliece-6688128f,decap,1024,1,2.0,1,1,0,MacBook-Pro-4.local,darwin,0,146.8261,6.81,KEM,True,2025-11-20T22:37:01.488041,,796
Classic-McEliece-6688128f,decap,1024,1,2.0,1,1,0,MacBook-Pro-4.local,darwin,0,143.7081,6.96,KEM,True,2025-11-20T22:37:01.631837,,797
Classic-McEliece-6688128f,decap,1024,1,2.0,1,1,0,MacBook-Pro-4.local,darwin,0,181.2597,5.52,KEM,True,2025-11-20T22:37:01.813191,,798
Classic-McEliece-6688128f,decap,1024,1,2.0,1,1,0,MacBook-Pro-4.local,darwin,0,157.3982,6.35,KEM,True,2025-11-20T22:37:01.970713,,799
Classic-McEliece-6688128f,decap,1024,1,2.0,1,1,0,MacBook-Pro-4.local,darwin,0,163.8667,6.1,KEM,True,2025-11-20T22:37:02.134667,,800
Classic-McEliece-6688128f,decap,1024,16,2.0,1,1,0,MacBook-Pro-4.local,darwin,0,145.0209,6.9,KEM,True,2025-11-20T22:37:02.279816,,801
Classic-McEliece-6688128f,decap,1024,16,2.0,1,1,0,MacBook-Pro-4.local,darwin,0,145.5927,6.87,KEM,True,2025-11-20T22:37:02.425495,,802
Classic-McEliece-6688128f,decap,1024,16,2.0,1,1,0,MacBook-Pro-4.local,darwin,0,162.956,6.14,KEM,True,2025-11-20T22:37:02.588546,,803
Classic-McEliece-6688128f,decap,1024,16,2.0,1,1,0,MacBook-Pro-4.local,darwin,0,143.3139,6.98,KEM,True,2025-11-20T22:37:02.731956,,804
Classic-McEliece-6688128f,decap,1024,16,2.0,1,1,0,MacBook-Pro-4.local,darwin,0,173.2471,5.77,KEM,True,2025-11-20T22:37:02.905324,,805
Classic-McEliece-6688128f,decap,1024,64,2.0,1,1,0,MacBook-Pro-4.local,darwin,0,145.3698,6.88,KEM,True,2025-11-20T22:37:03.050800,,806
Classic-McEliece-6688128f,decap,1024,64,2.0,1,1,0,MacBook-Pro-4.local,darwin,0,147.0926,6.8,KEM,True,2025-11-20T22:37:03.198014,,807
Classic-McEliece-6688128f,decap,1024,64,2.0,1,1,0,MacBook-Pro-4.local,darwin,0,145.0993,6.89,KEM,True,2025-11-20T22:37:03.343210,,808
Classic-McEliece-6688128f,decap,1024,64,2.0,1,1,0,MacBook-Pro-4.local,darwin,0,150.5002,6.64,KEM,True,2025-11-20T22:37:03.493806,,809
Classic-McEliece-6688128f,decap,1024,64,2.0,1,1,0,MacBook-Pro-4.local,darwin,0,153.8269,6.5,KEM,True,2025-11-20T22:37:03.647728,,810
Classic-McEliece-6960119,keygen,0,1,2.0,1,1,0,MacBook-Pro-4.local,darwin,0,164.7979,6.07,KEM,True,2025-11-20T22:37:03.812631,,811
Classic-McEliece-6960119,keygen,0,1,2.0,1,1,0,MacBook-Pro-4.local,darwin,0,159.6643,6.26,KEM,True,2025-11-20T22:37:03.972423,,812
Classic-McEliece-6960119,keygen,0,1,2.0,1,1,0,MacBook-Pro-4.local,darwin,0,169.4979,5.9,KEM,True,2025-11-20T22:37:04.142044,,813
Classic-McEliece-6960119,keygen,0,1,2.0,1,1,0,MacBook-Pro-4.local,darwin,0,220.004,4.55,KEM,True,2025-11-20T22:37:04.362167,,814
Classic-McEliece-6960119,keygen,0,1,2.0,1,1,0,MacBook-Pro-4.local,darwin,0,160.6793,6.22,KEM,True,2025-11-20T22:37:04.522949,,815
Classic-McEliece-6960119,keygen,0,16,2.0,1,1,0,MacBook-Pro-4.local,darwin,0,137.2727,7.28,KEM,True,2025-11-20T22:37:04.660347,,816
Classic-McEliece-6960119,keygen,0,16,2.0,1,1,0,MacBook-Pro-4.local,darwin,0,188.1374,5.32,KEM,True,2025-11-20T22:37:04.848585,,817
Classic-McEliece-6960119,keygen,0,16,2.0,1,1,0,MacBook-Pro-4.local,darwin,0,153.3528,6.52,KEM,True,2025-11-20T22:37:05.002074,,818
Classic-McEliece-6960119,keygen,0,16,2.0,1,1,0,MacBook-Pro-4.local,darwin,0,169.9867,5.88,KEM,True,2025-11-20T22:37:05.172157,,819
Classic-McEliece-6960119,keygen,0,16,2.0,1,1,0,MacBook-Pro-4.local,darwin,0,158.2942,6.32,KEM,True,2025-11-20T22:37:05.330547,,820
Classic-McEliece-6960119,keygen,0,64,2.0,1,1,0,MacBook-Pro-4.local,darwin,0,159.7922,6.26,KEM,True,2025-11-20T22:37:05.490451,,821
Classic-McEliece-6960119,keygen,0,64,2.0,1,1,0,MacBook-Pro-4.local,darwin,0,156.3663,6.4,KEM,True,2025-11-20T22:37:05.646916,,822
Classic-McEliece-6960119,keygen,0,64,2.0,1,1,0,MacBook-Pro-4.local,darwin,0,135.1837,7.4,KEM,True,2025-11-20T22:37:05.782232,,823
Classic-McEliece-6960119,keygen,0,64,2.0,1,1,0,MacBook-Pro-4.local,darwin,0,145.8034,6.86,KEM,True,2025-11-20T22:37:05.928164,,824
Classic-McEliece-6960119,keygen,0,64,2.0,1,1,0,MacBook-Pro-4.local,darwin,0,134.7581,7.42,KEM,True,2025-11-20T22:37:06.063017,,825
Classic-McEliece-6960119,keygen,1024,1,2.0,1,1,0,MacBook-Pro-4.local,darwin,0,194.0964,5.15,KEM,True,2025-11-20T22:37:06.257219,,826
Classic-McEliece-6960119,keygen,1024,1,2.0,1,1,0,MacBook-Pro-4.local,darwin,0,151.4398,6.6,KEM,True,2025-11-20T22:37:06.408765,,827
Classic-McEliece-6960119,keygen,1024,1,2.0,1,1,0,MacBook-Pro-4.local,darwin,0,140.1936,7.13,KEM,True,2025-11-20T22:37:06.549060,,828
Classic-McEliece-6960119,keygen,1024,1,2.0,1,1,0,MacBook-Pro-4.local,darwin,0,259.7584,3.85,KEM,True,2025-11-20T22:37:06.808920,,829
Classic-McEliece-6960119,keygen,1024,1,2.0,1,1,0,MacBook-Pro-4.local,darwin,0,134.877,7.41,KEM,True,2025-11-20T22:37:06.943897,,830
Classic-McEliece-6960119,keygen,1024,16,2.0,1,1,0,MacBook-Pro-4.local,darwin,0,170.8872,5.85,KEM,True,2025-11-20T22:37:07.114890,,831
Classic-McEliece-6960119,keygen,1024,16,2.0,1,1,0,MacBook-Pro-4.local,darwin,0,134.798,7.42,KEM,True,2025-11-20T22:37:07.249791,,832
Classic-McEliece-6960119,keygen,1024,16,2.0,1,1,0,MacBook-Pro-4.local,darwin,0,150.5471,6.64,KEM,True,2025-11-20T22:37:07.400439,,833
Classic-McEliece-6960119,keygen,1024,16,2.0,1,1,0,MacBook-Pro-4.local,darwin,0,132.7207,7.53,KEM,True,2025-11-20T22:37:07.533262,,834
Classic-McEliece-6960119,keygen,1024,16,2.0,1,1,0,MacBook-Pro-4.local,darwin,0,156.6633,6.38,KEM,True,2025-11-20T22:37:07.690043,,835
Classic-McEliece-6960119,keygen,1024,64,2.0,1,1,0,MacBook-Pro-4.local,darwin,0,153.1027,6.53,KEM,True,2025-11-20T22:37:07.843249,,836
Classic-McEliece-6960119,keygen,1024,64,2.0,1,1,0,MacBook-Pro-4.local,darwin,0,152.1152,6.57,KEM,True,2025-11-20T22:37:07.995469,,837
Classic-McEliece-6960119,keygen,1024,64,2.0,1,1,0,MacBook-Pro-4.local,darwin,0,153.6991,6.51,KEM,True,2025-11-20T22:37:08.149275,,838
Classic-McEliece-6960119,keygen,1024,64,2.0,1,1,0,MacBook-Pro-4.local,darwin,0,241.8724,4.13,KEM,True,2025-11-20T22:37:08.391251,,839
Classic-McEliece-6960119,keygen,1024,64,2.0,1,1,0,MacBook-Pro-4.local,darwin,0,297.4991,3.36,KEM,True,2025-11-20T22:37:08.688854,,840
Classic-McEliece-6960119,encap,0,1,2.0,1,1,0,MacBook-Pro-4.local,darwin,0,220.9079,4.53,KEM,True,2025-11-20T22:37:08.909862,,841
Classic-McEliece-6960119,encap,0,1,2.0,1,1,0,MacBook-Pro-4.local,darwin,0,157.8624,6.33,KEM,True,2025-11-20T22:37:09.067826,,842
Classic-McEliece-6960119,encap,0,1,2.0,1,1,0,MacBook-Pro-4.local,darwin,0,192.1158,5.21,KEM,True,2025-11-20T22:37:09.260040,,843
Classic-McEliece-6960119,encap,0,1,2.0,1,1,0,MacBook-Pro-4.local,darwin,0,189.5477,5.28,KEM,True,2025-11-20T22:37:09.449708,,844
Classic-McEliece-6960119,encap,0,1,2.0,1,1,0,MacBook-Pro-4.local,darwin,0,139.8172,7.15,KEM,True,2025-11-20T22:37:09.589628,,845
Classic-McEliece-6960119,encap,0,16,2.0,1,1,0,MacBook-Pro-4.local,darwin,0,188.7821,5.3,KEM,True,2025-11-20T22:37:09.778511,,846
Classic-McEliece-6960119,encap,0,16,2.0,1,1,0,MacBook-Pro-4.local,darwin,0,189.3315,5.28,KEM,True,2025-11-20T22:37:09.968945,,847
Classic-McEliece-6960119,encap,0,16,2.0,1,1,0,MacBook-Pro-4.local,darwin,0,155.2611,6.44,KEM,True,2025-11-20T22:37:10.124362,,848
Classic-McEliece-6960119,encap,0,16,2.0,1,1,0,MacBook-Pro-4.local,darwin,0,176.793,5.66,KEM,True,2025-11-20T22:37:10.301253,,849
Classic-McEliece-6960119,encap,0,16,2.0,1,1,0,MacBook-Pro-4.local,darwin,0,210.4053,4.75,KEM,True,2025-11-20T22:37:10.511759,,850
Classic-McEliece-6960119,encap,0,64,2.0,1,1,0,MacBook-Pro-4.local,darwin,0,134.9243,7.41,KEM,True,2025-11-20T22:37:10.646818,,851
Classic-McEliece-6960119,encap,0,64,2.0,1,1,0,MacBook-Pro-4.local,darwin,0,169.4542,5.9,KEM,True,2025-11-20T22:37:10.816372,,852
Classic-McEliece-6960119,encap,0,64,2.0,1,1,0,MacBook-Pro-4.local,darwin,0,290.5077,3.44,KEM,True,2025-11-20T22:37:11.106982,,853
Classic-McEliece-6960119,encap,0,64,2.0,1,1,0,MacBook-Pro-4.local,darwin,0,135.203,7.4,KEM,True,2025-11-20T22:37:11.242285,,854
Classic-McEliece-6960119,encap,0,64,2.0,1,1,0,MacBook-Pro-4.local,darwin,0,170.9328,5.85,KEM,True,2025-11-20T22:37:11.413317,,855
Classic-McEliece-6960119,encap,1024,1,2.0,1,1,0,MacBook-Pro-4.local,darwin,0,152.3093,6.57,KEM,True,2025-11-20T22:37:11.565716,,856
Classic-McEliece-6960119,encap,1024,1,2.0,1,1,0,MacBook-Pro-4.local,darwin,0,130.6286,7.66,KEM,True,2025-11-20T22:37:11.696430,,857
Classic-McEliece-6960119,encap,1024,1,2.0,1,1,0,MacBook-Pro-4.local,darwin,0,171.5475,5.83,KEM,True,2025-11-20T22:37:11.868077,,858
Classic-McEliece-6960119,encap,1024,1,2.0,1,1,0,MacBook-Pro-4.local,darwin,0,152.6219,6.55,KEM,True,2025-11-20T22:37:12.020797,,859
Classic-McEliece-6960119,encap,1024,1,2.0,1,1,0,MacBook-Pro-4.local,darwin,0,303.1169,3.3,KEM,True,2025-11-20T22:37:12.324022,,860
Classic-McEliece-6960119,encap,1024,16,2.0,1,1,0,MacBook-Pro-4.local,darwin,0,154.2955,6.48,KEM,True,2025-11-20T22:37:12.478418,,861
Classic-McEliece-6960119,encap,1024,16,2.0,1,1,0,MacBook-Pro-4.local,darwin,0,135.4823,7.38,KEM,True,2025-11-20T22:37:12.613995,,862
Classic-McEliece-6960119,encap,1024,16,2.0,1,1,0,MacBook-Pro-4.local,darwin,0,285.6745,3.5,KEM,True,2025-11-20T22:37:12.899761,,863
Classic-McEliece-6960119,encap,1024,16,2.0,1,1,0,MacBook-Pro-4.local,darwin,0,132.2294,7.56,KEM,True,2025-11-20T22:37:13.032097,,864
Classic-McEliece-6960119,encap,1024,16,2.0,1,1,0,MacBook-Pro-4.local,darwin,0,354.7793,2.82,KEM,True,2025-11-20T22:37:13.386983,,865
Classic-McEliece-6960119,encap,1024,64,2.0,1,1,0,MacBook-Pro-4.local,darwin,0,172.133,5.81,KEM,True,2025-11-20T22:37:13.559217,,866
Classic-McEliece-6960119,encap,1024,64,2.0,1,1,0,MacBook-Pro-4.local,darwin,0,149.3056,6.7,KEM,True,2025-11-20T22:37:13.708622,,867
Classic-McEliece-6960119,encap,1024,64,2.0,1,1,0,MacBook-Pro-4.local,darwin,0,171.5073,5.83,KEM,True,2025-11-20T22:37:13.880228,,868
Classic-McEliece-6960119,encap,1024,64,2.0,1,1,0,MacBook-Pro-4.local,darwin,0,132.2873,7.56,KEM,True,2025-11-20T22:37:14.012633,,869
Classic-McEliece-6960119,encap,1024,64,2.0,1,1,0,MacBook-Pro-4.local,darwin,0,171.8122,5.82,KEM,True,2025-11-20T22:37:14.184605,,870
Classic-McEliece-6960119,decap,0,1,2.0,1,1,0,MacBook-Pro-4.local,darwin,0,137.3261,7.28,KEM,True,2025-11-20T22:37:14.322031,,871
Classic-McEliece-6960119,decap,0,1,2.0,1,1,0,MacBook-Pro-4.local,darwin,0,231.1469,4.33,KEM,True,2025-11-20T22:37:14.553277,,872
Classic-McEliece-6960119,decap,0,1,2.0,1,1,0,MacBook-Pro-4.local,darwin,0,170.1144,5.88,KEM,True,2025-11-20T22:37:14.723489,,873
Classic-McEliece-6960119,decap,0,1,2.0,1,1,0,MacBook-Pro-4.local,darwin,0,385.4931,2.59,KEM,True,2025-11-20T22:37:15.109129,,874
Classic-McEliece-6960119,decap,0,1,2.0,1,1,0,MacBook-Pro-4.local,darwin,0,181.5192,5.51,KEM,True,2025-11-20T22:37:15.290743,,875
Classic-McEliece-6960119,decap,0,16,2.0,1,1,0,MacBook-Pro-4.local,darwin,0,154.4845,6.47,KEM,True,2025-11-20T22:37:15.445326,,876
Classic-McEliece-6960119,decap,0,16,2.0,1,1,0,MacBook-Pro-4.local,darwin,0,302.2632,3.31,KEM,True,2025-11-20T22:37:15.747688,,877
Classic-McEliece-6960119,decap,0,16,2.0,1,1,0,MacBook-Pro-4.local,darwin,0,269.91,3.7,KEM,True,2025-11-20T22:37:16.017728,,878
Classic-McEliece-6960119,decap,0,16,2.0,1,1,0,MacBook-Pro-4.local,darwin,0,192.3876,5.2,KEM,True,2025-11-20T22:37:16.210209,,879
Classic-McEliece-6960119,decap,0,16,2.0,1,1,0,MacBook-Pro-4.local,darwin,0,216.6534,4.62,KEM,True,2025-11-20T22:37:16.426960,,880
Classic-McEliece-6960119,decap,0,64,2.0,1,1,0,MacBook-Pro-4.local,darwin,0,198.4913,5.04,KEM,True,2025-11-20T22:37:16.625549,,881
Classic-McEliece-6960119,decap,0,64,2.0,1,1,0,MacBook-Pro-4.local,darwin,0,173.8742,5.75,KEM,True,2025-11-20T22:37:16.799553,,882
Classic-McEliece-6960119,decap,0,64,2.0,1,1,0,MacBook-Pro-4.local,darwin,0,190.0257,5.26,KEM,True,2025-11-20T22:37:16.989674,,883
Classic-McEliece-6960119,decap,0,64,2.0,1,1,0,MacBook-Pro-4.local,darwin,0,152.1411,6.57,KEM,True,2025-11-20T22:37:17.141914,,884
Classic-McEliece-6960119,decap,0,64,2.0,1,1,0,MacBook-Pro-4.local,darwin,0,133.9584,7.47,KEM,True,2025-11-20T22:37:17.276000,,885
Classic-McEliece-6960119,decap,1024,1,2.0,1,1,0,MacBook-Pro-4.local,darwin,0,154.0194,6.49,KEM,True,2025-11-20T22:37:17.430158,,886
Classic-McEliece-6960119,decap,1024,1,2.0,1,1,0,MacBook-Pro-4.local,darwin,0,225.9267,4.43,KEM,True,2025-11-20T22:37:17.656183,,887
Classic-McEliece-6960119,decap,1024,1,2.0,1,1,0,MacBook-Pro-4.local,darwin,0,203.4062,4.92,KEM,True,2025-11-20T22:37:17.859684,,888
Classic-McEliece-6960119,decap,1024,1,2.0,1,1,0,MacBook-Pro-4.local,darwin,0,176.4825,5.67,KEM,True,2025-11-20T22:37:18.036287,,889
Classic-McEliece-6960119,decap,1024,1,2.0,1,1,0,MacBook-Pro-4.local,darwin,0,134.9555,7.41,KEM,True,2025-11-20T22:37:18.171341,,890
Classic-McEliece-6960119,decap,1024,16,2.0,1,1,0,MacBook-Pro-4.local,darwin,0,169.5834,5.9,KEM,True,2025-11-20T22:37:18.341044,,891
Classic-McEliece-6960119,decap,1024,16,2.0,1,1,0,MacBook-Pro-4.local,darwin,0,181.5745,5.51,KEM,True,2025-11-20T22:37:18.522717,,892
Classic-McEliece-6960119,decap,1024,16,2.0,1,1,0,MacBook-Pro-4.local,darwin,0,131.6525,7.6,KEM,True,2025-11-20T22:37:18.654458,,893
Classic-McEliece-6960119,decap,1024,16,2.0,1,1,0,MacBook-Pro-4.local,darwin,0,134.5132,7.43,KEM,True,2025-11-20T22:37:18.789067,,894
Classic-McEliece-6960119,decap,1024,16,2.0,1,1,0,MacBook-Pro-4.local,darwin,0,163.0541,6.13,KEM,True,2025-11-20T22:37:18.952252,,895
Classic-McEliece-6960119,decap,1024,64,2.0,1,1,0,MacBook-Pro-4.local,darwin,0,274.3365,3.65,KEM,True,2025-11-20T22:37:19.226707,,896
Classic-McEliece-6960119,decap,1024,64,2.0,1,1,0,MacBook-Pro-4.local,darwin,0,136.9464,7.3,KEM,True,2025-11-20T22:37:19.363748,,897
Classic-McEliece-6960119,decap,1024,64,2.0,1,1,0,MacBook-Pro-4.local,darwin,0,178.7481,5.59,KEM,True,2025-11-20T22:37:19.542627,,898
Classic-McEliece-6960119,decap,1024,64,2.0,1,1,0,MacBook-Pro-4.local,darwin,0,164.1067,6.09,KEM,True,2025-11-20T22:37:19.706831,,899
Classic-McEliece-6960119,decap,1024,64,2.0,1,1,0,MacBook-Pro-4.local,darwin,0,180.3952,5.54,KEM,True,2025-11-20T22:37:19.887342,,900
Classic-McEliece-6960119f,keygen,0,1,2.0,1,1,0,MacBook-Pro-4.local,darwin,0,153.2584,6.52,KEM,True,2025-11-20T22:37:20.040703,,901
Classic-McEliece-6960119f,keygen,0,1,2.0,1,1,0,MacBook-Pro-4.local,darwin,0,150.1596,6.66,KEM,True,2025-11-20T22:37:20.190966,,902
Classic-McEliece-6960119f,keygen,0,1,2.0,1,1,0,MacBook-Pro-4.local,darwin,0,138.8968,7.2,KEM,True,2025-11-20T22:37:20.330023,,903
Classic-McEliece-6960119f,keygen,0,1,2.0,1,1,0,MacBook-Pro-4.local,darwin,0,136.0448,7.35,KEM,True,2025-11-20T22:37:20.466162,,904
Classic-McEliece-6960119f,keygen,0,1,2.0,1,1,0,MacBook-Pro-4.local,darwin,0,156.333,6.4,KEM,True,2025-11-20T22:37:20.622623,,905
Classic-McEliece-6960119f,keygen,0,16,2.0,1,1,0,MacBook-Pro-4.local,darwin,0,131.0405,7.63,KEM,True,2025-11-20T22:37:20.753797,,906
Classic-McEliece-6960119f,keygen,0,16,2.0,1,1,0,MacBook-Pro-4.local,darwin,0,172.4238,5.8,KEM,True,2025-11-20T22:37:20.926319,,907
Classic-McEliece-6960119f,keygen,0,16,2.0,1,1,0,MacBook-Pro-4.local,darwin,0,139.1897,7.18,KEM,True,2025-11-20T22:37:21.065603,,908
Classic-McEliece-6960119f,keygen,0,16,2.0,1,1,0,MacBook-Pro-4.local,darwin,0,131.2879,7.62,KEM,True,2025-11-20T22:37:21.196990,,909
Classic-McEliece-6960119f,keygen,0,16,2.0,1,1,0,MacBook-Pro-4.local,darwin,0,132.137,7.57,KEM,True,2025-11-20T22:37:21.329312,,910
Classic-McEliece-6960119f,keygen,0,64,2.0,1,1,0,MacBook-Pro-4.local,darwin,0,133.5787,7.49,KEM,True,2025-11-20T22:37:21.462986,,911
Classic-McEliece-6960119f,keygen,0,64,2.0,1,1,0,MacBook-Pro-4.local,darwin,0,133.5311,7.49,KEM,True,2025-11-20T22:37:21.596676,,912
Classic-McEliece-6960119f,keygen,0,64,2.0,1,1,0,MacBook-Pro-4.local,darwin,0,138.2456,7.23,KEM,True,2025-11-20T22:37:21.735130,,913
Classic-McEliece-6960119f,keygen,0,64,2.0,1,1,0,MacBook-Pro-4.local,darwin,0,163.664,6.11,KEM,True,2025-11-20T22:37:21.898890,,914
Classic-McEliece-6960119f,keygen,0,64,2.0,1,1,0,MacBook-Pro-4.local,darwin,0,139.3679,7.18,KEM,True,2025-11-20T22:37:22.038370,,915
Classic-McEliece-6960119f,keygen,1024,1,2.0,1,1,0,MacBook-Pro-4.local,darwin,0,155.4585,6.43,KEM,True,2025-11-20T22:37:22.193926,,916
Classic-McEliece-6960119f,keygen,1024,1,2.0,1,1,0,MacBook-Pro-4.local,darwin,0,167.0885,5.98,KEM,True,2025-11-20T22:37:22.361103,,917
Classic-McEliece-6960119f,keygen,1024,1,2.0,1,1,0,MacBook-Pro-4.local,darwin,0,146.7384,6.81,KEM,True,2025-11-20T22:37:22.507932,,918
Classic-McEliece-6960119f,keygen,1024,1,2.0,1,1,0,MacBook-Pro-4.local,darwin,0,140.4265,7.12,KEM,True,2025-11-20T22:37:22.648457,,919
Classic-McEliece-6960119f,keygen,1024,1,2.0,1,1,0,MacBook-Pro-4.local,darwin,0,132.9523,7.52,KEM,True,2025-11-20T22:37:22.781509,,920
Classic-McEliece-6960119f,keygen,1024,16,2.0,1,1,0,MacBook-Pro-4.local,darwin,0,135.829,7.36,KEM,True,2025-11-20T22:37:22.917439,,921
Classic-McEliece-6960119f,keygen,1024,16,2.0,1,1,0,MacBook-Pro-4.local,darwin,0,131.6806,7.59,KEM,True,2025-11-20T22:37:23.049221,,922
Classic-McEliece-6960119f,keygen,1024,16,2.0,1,1,0,MacBook-Pro-4.local,darwin,0,131.1238,7.63,KEM,True,2025-11-20T22:37:23.180557,,923
Classic-McEliece-6960119f,keygen,1024,16,2.0,1,1,0,MacBook-Pro-4.local,darwin,0,130.5121,7.66,KEM,True,2025-11-20T22:37:23.311169,,924
Classic-McEliece-6960119f,keygen,1024,16,2.0,1,1,0,MacBook-Pro-4.local,darwin,0,136.5808,7.32,KEM,True,2025-11-20T22:37:23.447878,,925
Classic-McEliece-6960119f,keygen,1024,64,2.0,1,1,0,MacBook-Pro-4.local,darwin,0,136.2678,7.34,KEM,True,2025-11-20T22:37:23.584287,,926
Classic-McEliece-6960119f,keygen,1024,64,2.0,1,1,0,MacBook-Pro-4.local,darwin,0,137.5555,7.27,KEM,True,2025-11-20T22:37:23.721944,,927
Classic-McEliece-6960119f,keygen,1024,64,2.0,1,1,0,MacBook-Pro-4.local,darwin,0,132.179,7.57,KEM,True,2025-11-20T22:37:23.854245,,928
Classic-McEliece-6960119f,keygen,1024,64,2.0,1,1,0,MacBook-Pro-4.local,darwin,0,132.2967,7.56,KEM,True,2025-11-20T22:37:23.986643,,929
Classic-McEliece-6960119f,keygen,1024,64,2.0,1,1,0,MacBook-Pro-4.local,darwin,0,150.3938,6.65,KEM,True,2025-11-20T22:37:24.137179,,930
Classic-McEliece-6960119f,encap,0,1,2.0,1,1,0,MacBook-Pro-4.local,darwin,0,131.916,7.58,KEM,True,2025-11-20T22:37:24.269200,,931
Classic-McEliece-6960119f,encap,0,1,2.0,1,1,0,MacBook-Pro-4.local,darwin,0,142.491,7.02,KEM,True,2025-11-20T22:37:24.411789,,932
Classic-McEliece-6960119f,encap,0,1,2.0,1,1,0,MacBook-Pro-4.local,darwin,0,134.3896,7.44,KEM,True,2025-11-20T22:37:24.546273,,933
Classic-McEliece-6960119f,encap,0,1,2.0,1,1,0,MacBook-Pro-4.local,darwin,0,132.1582,7.57,KEM,True,2025-11-20T22:37:24.678546,,934
Classic-McEliece-6960119f,encap,0,1,2.0,1,1,0,MacBook-Pro-4.local,darwin,0,129.7834,7.71,KEM,True,2025-11-20T22:37:24.808425,,935
Classic-McEliece-6960119f,encap,0,16,2.0,1,1,0,MacBook-Pro-4.local,darwin,0,130.7518,7.65,KEM,True,2025-11-20T22:37:24.939275,,936
Classic-McEliece-6960119f,encap,0,16,2.0,1,1,0,MacBook-Pro-4.local,darwin,0,130.8282,7.64,KEM,True,2025-11-20T22:37:25.070198,,937
Classic-McEliece-6960119f,encap,0,16,2.0,1,1,0,MacBook-Pro-4.local,darwin,0,132.1884,7.56,KEM,True,2025-11-20T22:37:25.202484,,938
Classic-McEliece-6960119f,encap,0,16,2.0,1,1,0,MacBook-Pro-4.local,darwin,0,131.7399,7.59,KEM,True,2025-11-20T22:37:25.334320,,939
Classic-McEliece-6960119f,encap,0,16,2.0,1,1,0,MacBook-Pro-4.local,darwin,0,131.9401,7.58,KEM,True,2025-11-20T22:37:25.466388,,940
Classic-McEliece-6960119f,encap,0,64,2.0,1,1,0,MacBook-Pro-4.local,darwin,0,139.6998,7.16,KEM,True,2025-11-20T22:37:25.606248,,941
Classic-McEliece-6960119f,encap,0,64,2.0,1,1,0,MacBook-Pro-4.local,darwin,0,141.4762,7.07,KEM,True,2025-11-20T22:37:25.747831,,942
Classic-McEliece-6960119f,encap,0,64,2.0,1,1,0,MacBook-Pro-4.local,darwin,0,140.4717,7.12,KEM,True,2025-11-20T22:37:25.888401,,943
Classic-McEliece-6960119f,encap,0,64,2.0,1,1,0,MacBook-Pro-4.local,darwin,0,130.8353,7.64,KEM,True,2025-11-20T22:37:26.019325,,944
Classic-McEliece-6960119f,encap,0,64,2.0,1,1,0,MacBook-Pro-4.local,darwin,0,136.2056,7.34,KEM,True,2025-11-20T22:37:26.155629,,945
Classic-McEliece-6960119f,encap,1024,1,2.0,1,1,0,MacBook-Pro-4.local,darwin,0,131.1812,7.62,KEM,True,2025-11-20T22:37:26.286910,,946
Classic-McEliece-6960119f,encap,1024,1,2.0,1,1,0,MacBook-Pro-4.local,darwin,0,144.4273,6.92,KEM,True,2025-11-20T22:37:26.431434,,947
Classic-McEliece-6960119f,encap,1024,1,2.0,1,1,0,MacBook-Pro-4.local,darwin,0,150.7476,6.63,KEM,True,2025-11-20T22:37:26.582279,,948
Classic-McEliece-6960119f,encap,1024,1,2.0,1,1,0,MacBook-Pro-4.local,darwin,0,132.4646,7.55,KEM,True,2025-11-20T22:37:26.714842,,949
Classic-McEliece-6960119f,encap,1024,1,2.0,1,1,0,MacBook-Pro-4.local,darwin,0,172.4772,5.8,KEM,True,2025-11-20T22:37:26.887415,,950
Classic-McEliece-6960119f,encap,1024,16,2.0,1,1,0,MacBook-Pro-4.local,darwin,0,139.6904,7.16,KEM,True,2025-11-20T22:37:27.027204,,951
Classic-McEliece-6960119f,encap,1024,16,2.0,1,1,0,MacBook-Pro-4.local,darwin,0,142.7042,7.01,KEM,True,2025-11-20T22:37:27.170007,,952
Classic-McEliece-6960119f,encap,1024,16,2.0,1,1,0,MacBook-Pro-4.local,darwin,0,145.0764,6.89,KEM,True,2025-11-20T22:37:27.315180,,953
Classic-McEliece-6960119f,encap,1024,16,2.0,1,1,0,MacBook-Pro-4.local,darwin,0,155.8099,6.42,KEM,True,2025-11-20T22:37:27.471089,,954
Classic-McEliece-6960119f,encap,1024,16,2.0,1,1,0,MacBook-Pro-4.local,darwin,0,150.3929,6.65,KEM,True,2025-11-20T22:37:27.621576,,955
Classic-McEliece-6960119f,encap,1024,64,2.0,1,1,0,MacBook-Pro-4.local,darwin,0,158.0079,6.33,KEM,True,2025-11-20T22:37:27.779683,,956
Classic-McEliece-6960119f,encap,1024,64,2.0,1,1,0,MacBook-Pro-4.local,darwin,0,135.5106,7.38,KEM,True,2025-11-20T22:37:27.915287,,957
Classic-McEliece-6960119f,encap,1024,64,2.0,1,1,0,MacBook-Pro-4.local,darwin,0,138.3342,7.23,KEM,True,2025-11-20T22:37:28.053748,,958
Classic-McEliece-6960119f,encap,1024,64,2.0,1,1,0,MacBook-Pro-4.local,darwin,0,200.0658,5.0,KEM,True,2025-11-20T22:37:28.253912,,959
Classic-McEliece-6960119f,encap,1024,64,2.0,1,1,0,MacBook-Pro-4.local,darwin,0,154.3579,6.48,KEM,True,2025-11-20T22:37:28.408368,,960
Classic-McEliece-6960119f,decap,0,1,2.0,1,1,0,MacBook-Pro-4.local,darwin,0,154.3268,6.48,KEM,True,2025-11-20T22:37:28.562795,,961
Classic-McEliece-6960119f,decap,0,1,2.0,1,1,0,MacBook-Pro-4.local,darwin,0,133.4598,7.49,KEM,True,2025-11-20T22:37:28.696350,,962
Classic-McEliece-6960119f,decap,0,1,2.0,1,1,0,MacBook-Pro-4.local,darwin,0,133.4263,7.49,KEM,True,2025-11-20T22:37:28.829874,,963
Classic-McEliece-6960119f,decap,0,1,2.0,1,1,0,MacBook-Pro-4.local,darwin,0,132.5253,7.55,KEM,True,2025-11-20T22:37:28.962495,,964
Classic-McEliece-6960119f,decap,0,1,2.0,1,1,0,MacBook-Pro-4.local,darwin,0,134.4874,7.44,KEM,True,2025-11-20T22:37:29.097080,,965
Classic-McEliece-6960119f,decap,0,16,2.0,1,1,0,MacBook-Pro-4.local,darwin,0,131.1179,7.63,KEM,True,2025-11-20T22:37:29.228299,,966
Classic-McEliece-6960119f,decap,0,16,2.0,1,1,0,MacBook-Pro-4.local,darwin,0,132.5329,7.55,KEM,True,2025-11-20T22:37:29.360925,,967
Classic-McEliece-6960119f,decap,0,16,2.0,1,1,0,MacBook-Pro-4.local,darwin,0,137.0851,7.29,KEM,True,2025-11-20T22:37:29.498108,,968
Classic-McEliece-6960119f,decap,0,16,2.0,1,1,0,MacBook-Pro-4.local,darwin,0,132.3007,7.56,KEM,True,2025-11-20T22:37:29.630510,,969
Classic-McEliece-6960119f,decap,0,16,2.0,1,1,0,MacBook-Pro-4.local,darwin,0,133.0307,7.52,KEM,True,2025-11-20T22:37:29.763631,,970
Classic-McEliece-6960119f,decap,0,64,2.0,1,1,0,MacBook-Pro-4.local,darwin,0,130.9668,7.64,KEM,True,2025-11-20T22:37:29.894693,,971
Classic-McEliece-6960119f,decap,0,64,2.0,1,1,0,MacBook-Pro-4.local,darwin,0,132.8632,7.53,KEM,True,2025-11-20T22:37:30.027712,,972
Classic-McEliece-6960119f,decap,0,64,2.0,1,1,0,MacBook-Pro-4.local,darwin,0,130.3393,7.67,KEM,True,2025-11-20T22:37:30.158148,,973
Classic-McEliece-6960119f,decap,0,64,2.0,1,1,0,MacBook-Pro-4.local,darwin,0,131.1688,7.62,KEM,True,2025-11-20T22:37:30.289446,,974
Classic-McEliece-6960119f,decap,0,64,2.0,1,1,0,MacBook-Pro-4.local,darwin,0,132.2512,7.56,KEM,True,2025-11-20T22:37:30.421790,,975
Classic-McEliece-6960119f,decap,1024,1,2.0,1,1,0,MacBook-Pro-4.local,darwin,0,147.1091,6.8,KEM,True,2025-11-20T22:37:30.568990,,976
Classic-McEliece-6960119f,decap,1024,1,2.0,1,1,0,MacBook-Pro-4.local,darwin,0,167.98,5.95,KEM,True,2025-11-20T22:37:30.737066,,977
Classic-McEliece-6960119f,decap,1024,1,2.0,1,1,0,MacBook-Pro-4.local,darwin,0,211.961,4.72,KEM,True,2025-11-20T22:37:30.949123,,978
Classic-McEliece-6960119f,decap,1024,1,2.0,1,1,0,MacBook-Pro-4.local,darwin,0,141.1526,7.08,KEM,True,2025-11-20T22:37:31.090369,,979
Classic-McEliece-6960119f,decap,1024,1,2.0,1,1,0,MacBook-Pro-4.local,darwin,0,144.7104,6.91,KEM,True,2025-11-20T22:37:31.235175,,980
Classic-McEliece-6960119f,decap,1024,16,2.0,1,1,0,MacBook-Pro-4.local,darwin,0,145.6371,6.87,KEM,True,2025-11-20T22:37:31.380928,,981
Classic-McEliece-6960119f,decap,1024,16,2.0,1,1,0,MacBook-Pro-4.local,darwin,0,168.1643,5.95,KEM,True,2025-11-20T22:37:31.549189,,982
Classic-McEliece-6960119f,decap,1024,16,2.0,1,1,0,MacBook-Pro-4.local,darwin,0,158.6166,6.3,KEM,True,2025-11-20T22:37:31.707911,,983
Classic-McEliece-6960119f,decap,1024,16,2.0,1,1,0,MacBook-Pro-4.local,darwin,0,144.0331,6.94,KEM,True,2025-11-20T22:37:31.852069,,984
Classic-McEliece-6960119f,decap,1024,16,2.0,1,1,0,MacBook-Pro-4.local,darwin,0,161.1964,6.2,KEM,True,2025-11-20T22:37:32.013390,,985
Classic-McEliece-6960119f,decap,1024,64,2.0,1,1,0,MacBook-Pro-4.local,darwin,0,182.4305,5.48,KEM,True,2025-11-20T22:37:32.195922,,986
Classic-McEliece-6960119f,decap,1024,64,2.0,1,1,0,MacBook-Pro-4.local,darwin,0,146.5931,6.82,KEM,True,2025-11-20T22:37:32.342643,,987
Classic-McEliece-6960119f,decap,1024,64,2.0,1,1,0,MacBook-Pro-4.local,darwin,0,149.1077,6.71,KEM,True,2025-11-20T22:37:32.491846,,988
Classic-McEliece-6960119f,decap,1024,64,2.0,1,1,0,MacBook-Pro-4.local,darwin,0,137.1728,7.29,KEM,True,2025-11-20T22:37:32.629108,,989
Classic-McEliece-6960119f,decap,1024,64,2.0,1,1,0,MacBook-Pro-4.local,darwin,0,132.5962,7.54,KEM,True,2025-11-20T22:37:32.761837,,990
Classic-McEliece-8192128,keygen,0,1,2.0,1,1,0,MacBook-Pro-4.local,darwin,0,198.1108,5.05,KEM,True,2025-11-20T22:37:32.960054,,991
Classic-McEliece-8192128,keygen,0,1,2.0,1,1,0,MacBook-Pro-4.local,darwin,0,439.2632,2.28,KEM,True,2025-11-20T22:37:33.399422,,992
Classic-McEliece-8192128,keygen,0,1,2.0,1,1,0,MacBook-Pro-4.local,darwin,0,165.1902,6.05,KEM,True,2025-11-20T22:37:33.564790,,993
Classic-McEliece-8192128,keygen,0,1,2.0,1,1,0,MacBook-Pro-4.local,darwin,0,188.0895,5.32,KEM,True,2025-11-20T22:37:33.753119,,994
Classic-McEliece-8192128,keygen,0,1,2.0,1,1,0,MacBook-Pro-4.local,darwin,0,165.1179,6.06,KEM,True,2025-11-20T22:37:33.918369,,995
Classic-McEliece-8192128,keygen,0,16,2.0,1,1,0,MacBook-Pro-4.local,darwin,0,154.3982,6.48,KEM,True,2025-11-20T22:37:34.072873,,996
Classic-McEliece-8192128,keygen,0,16,2.0,1,1,0,MacBook-Pro-4.local,darwin,0,210.8023,4.74,KEM,True,2025-11-20T22:37:34.283772,,997
Classic-McEliece-8192128,keygen,0,16,2.0,1,1,0,MacBook-Pro-4.local,darwin,0,191.9977,5.21,KEM,True,2025-11-20T22:37:34.475863,,998
Classic-McEliece-8192128,keygen,0,16,2.0,1,1,0,MacBook-Pro-4.local,darwin,0,200.3905,4.99,KEM,True,2025-11-20T22:37:34.676355,,999
Classic-McEliece-8192128,keygen,0,16,2.0,1,1,0,MacBook-Pro-4.local,darwin,0,206.2367,4.85,KEM,True,2025-11-20T22:37:34.882726,,1000
Classic-McEliece-8192128,keygen,0,64,2.0,1,1,0,MacBook-Pro-4.local,darwin,0,431.59,2.32,KEM,True,2025-11-20T22:37:35.314425,,1001
Classic-McEliece-8192128,keygen,0,64,2.0,1,1,0,MacBook-Pro-4.local,darwin,0,174.5122,5.73,KEM,True,2025-11-20T22:37:35.489030,,1002
Classic-McEliece-8192128,keygen,0,64,2.0,1,1,0,MacBook-Pro-4.local,darwin,0,244.4332,4.09,KEM,True,2025-11-20T22:37:35.733571,,1003
Classic-McEliece-8192128,keygen,0,64,2.0,1,1,0,MacBook-Pro-4.local,darwin,0,222.2095,4.5,KEM,True,2025-11-20T22:37:35.955884,,1004
Classic-McEliece-8192128,keygen,0,64,2.0,1,1,0,MacBook-Pro-4.local,darwin,0,223.5023,4.47,KEM,True,2025-11-20T22:37:36.179488,,1005
Classic-McEliece-8192128,keygen,1024,1,2.0,1,1,0,MacBook-Pro-4.local,darwin,0,235.1689,4.25,KEM,True,2025-11-20T22:37:36.414761,,1006
Classic-McEliece-8192128,keygen,1024,1,2.0,1,1,0,MacBook-Pro-4.local,darwin,0,148.316,6.74,KEM,True,2025-11-20T22:37:36.563178,,1007
Classic-McEliece-8192128,keygen,1024,1,2.0,1,1,0,MacBook-Pro-4.local,darwin,0,154.2853,6.48,KEM,True,2025-11-20T22:37:36.717593,,1008
Classic-McEliece-8192128,keygen,1024,1,2.0,1,1,0,MacBook-Pro-4.local,darwin,0,152.096,6.57,KEM,True,2025-11-20T22:37:36.869785,,1009
Classic-McEliece-8192128,keygen,1024,1,2.0,1,1,0,MacBook-Pro-4.local,darwin,0,164.0611,6.1,KEM,True,2025-11-20T22:37:37.033948,,1010
Classic-McEliece-8192128,keygen,1024,16,2.0,1,1,0,MacBook-Pro-4.local,darwin,0,229.184,4.36,KEM,True,2025-11-20T22:37:37.263242,,1011
Classic-McEliece-8192128,keygen,1024,16,2.0,1,1,0,MacBook-Pro-4.local,darwin,0,204.9785,4.88,KEM,True,2025-11-20T22:37:37.468369,,1012
Classic-McEliece-8192128,keygen,1024,16,2.0,1,1,0,MacBook-Pro-4.local,darwin,0,160.3256,6.24,KEM,True,2025-11-20T22:37:37.628798,,1013
Classic-McEliece-8192128,keygen,1024,16,2.0,1,1,0,MacBook-Pro-4.local,darwin,0,203.7368,4.91,KEM,True,2025-11-20T22:37:37.832664,,1014
Classic-McEliece-8192128,keygen,1024,16,2.0,1,1,0,MacBook-Pro-4.local,darwin,0,452.5957,2.21,KEM,True,2025-11-20T22:37:38.285367,,1015
Classic-McEliece-8192128,keygen,1024,64,2.0,1,1,0,MacBook-Pro-4.local,darwin,0,158.8622,6.29,KEM,True,2025-11-20T22:37:38.444364,,1016
Classic-McEliece-8192128,keygen,1024,64,2.0,1,1,0,MacBook-Pro-4.local,darwin,0,157.5115,6.35,KEM,True,2025-11-20T22:37:38.601978,,1017
Classic-McEliece-8192128,keygen,1024,64,2.0,1,1,0,MacBook-Pro-4.local,darwin,0,215.1751,4.65,KEM,True,2025-11-20T22:37:38.817256,,1018
Classic-McEliece-8192128,keygen,1024,64,2.0,1,1,0,MacBook-Pro-4.local,darwin,0,158.9995,6.29,KEM,True,2025-11-20T22:37:38.976353,,1019
Classic-McEliece-8192128,keygen,1024,64,2.0,1,1,0,MacBook-Pro-4.local,darwin,0,179.8745,5.56,KEM,True,2025-11-20T22:37:39.156325,,1020
Classic-McEliece-8192128,encap,0,1,2.0,1,1,0,MacBook-Pro-4.local,darwin,0,246.4696,4.06,KEM,True,2025-11-20T22:37:39.402905,,1021
Classic-McEliece-8192128,encap,0,1,2.0,1,1,0,MacBook-Pro-4.local,darwin,0,212.9468,4.7,KEM,True,2025-11-20T22:37:39.615967,,1022
Classic-McEliece-8192128,encap,0,1,2.0,1,1,0,MacBook-Pro-4.local,darwin,0,284.6057,3.51,KEM,True,2025-11-20T22:37:39.900668,,1023
Classic-McEliece-8192128,encap,0,1,2.0,1,1,0,MacBook-Pro-4.local,darwin,0,190.7215,5.24,KEM,True,2025-11-20T22:37:40.091488,,1024
Classic-McEliece-8192128,encap,0,1,2.0,1,1,0,MacBook-Pro-4.local,darwin,0,172.7557,5.79,KEM,True,2025-11-20T22:37:40.264341,,1025
Classic-McEliece-8192128,encap,0,16,2.0,1,1,0,MacBook-Pro-4.local,darwin,0,190.7183,5.24,KEM,True,2025-11-20T22:37:40.455151,,1026
Classic-McEliece-8192128,encap,0,16,2.0,1,1,0,MacBook-Pro-4.local,darwin,0,152.7244,6.55,KEM,True,2025-11-20T22:37:40.607972,,1027
Classic-McEliece-8192128,encap,0,16,2.0,1,1,0,MacBook-Pro-4.local,darwin,0,150.612,6.64,KEM,True,2025-11-20T22:37:40.758711,,1028
Classic-McEliece-8192128,encap,0,16,2.0,1,1,0,MacBook-Pro-4.local,darwin,0,322.583,3.1,KEM,True,2025-11-20T22:37:41.081384,,1029
Classic-McEliece-8192128,encap,0,16,2.0,1,1,0,MacBook-Pro-4.local,darwin,0,157.7416,6.34,KEM,True,2025-11-20T22:37:41.239215,,1030
Classic-McEliece-8192128,encap,0,64,2.0,1,1,0,MacBook-Pro-4.local,darwin,0,208.2368,4.8,KEM,True,2025-11-20T22:37:41.447546,,1031
Classic-McEliece-8192128,encap,0,64,2.0,1,1,0,MacBook-Pro-4.local,darwin,0,302.4048,3.31,KEM,True,2025-11-20T22:37:41.750051,,1032
Classic-McEliece-8192128,encap,0,64,2.0,1,1,0,MacBook-Pro-4.local,darwin,0,149.391,6.69,KEM,True,2025-11-20T22:37:41.899533,,1033
Classic-McEliece-8192128,encap,0,64,2.0,1,1,0,MacBook-Pro-4.local,darwin,0,267.4851,3.74,KEM,True,2025-11-20T22:37:42.167631,,1034
Classic-McEliece-8192128,encap,0,64,2.0,1,1,0,MacBook-Pro-4.local,darwin,0,148.5483,6.73,KEM,True,2025-11-20T22:37:42.316280,,1035
Classic-McEliece-8192128,encap,1024,1,2.0,1,1,0,MacBook-Pro-4.local,darwin,0,224.1501,4.46,KEM,True,2025-11-20T22:37:42.540647,,1036
Classic-McEliece-8192128,encap,1024,1,2.0,1,1,0,MacBook-Pro-4.local,darwin,0,149.0897,6.71,KEM,True,2025-11-20T22:37:42.689827,,1037
Classic-McEliece-8192128,encap,1024,1,2.0,1,1,0,MacBook-Pro-4.local,darwin,0,146.0093,6.85,KEM,True,2025-11-20T22:37:42.835939,,1038
Classic-McEliece-8192128,encap,1024,1,2.0,1,1,0,MacBook-Pro-4.local,darwin,0,198.5427,5.04,KEM,True,2025-11-20T22:37:43.034580,,1039
Classic-McEliece-8192128,encap,1024,1,2.0,1,1,0,MacBook-Pro-4.local,darwin,0,174.2038,5.74,KEM,True,2025-11-20T22:37:43.208885,,1040
Classic-McEliece-8192128,encap,1024,16,2.0,1,1,0,MacBook-Pro-4.local,darwin,0,312.0053,3.21,KEM,True,2025-11-20T22:37:43.521023,,1041
Classic-McEliece-8192128,encap,1024,16,2.0,1,1,0,MacBook-Pro-4.local,darwin,0,148.7104,6.72,KEM,True,2025-11-20T22:37:43.669831,,1042
Classic-McEliece-8192128,encap,1024,16,2.0,1,1,0,MacBook-Pro-4.local,darwin,0,208.8108,4.79,KEM,True,2025-11-20T22:37:43.878740,,1043
Classic-McEliece-8192128,encap,1024,16,2.0,1,1,0,MacBook-Pro-4.local,darwin,0,152.4074,6.56,KEM,True,2025-11-20T22:37:44.031243,,1044
Classic-McEliece-8192128,encap,1024,16,2.0,1,1,0,MacBook-Pro-4.local,darwin,0,211.2118,4.73,KEM,True,2025-11-20T22:37:44.242547,,1045
Classic-McEliece-8192128,encap,1024,64,2.0,1,1,0,MacBook-Pro-4.local,darwin,0,287.518,3.48,KEM,True,2025-11-20T22:37:44.530168,,1046
Classic-McEliece-8192128,encap,1024,64,2.0,1,1,0,MacBook-Pro-4.local,darwin,0,148.5419,6.73,KEM,True,2025-11-20T22:37:44.678805,,1047
Classic-McEliece-8192128,encap,1024,64,2.0,1,1,0,MacBook-Pro-4.local,darwin,0,169.7548,5.89,KEM,True,2025-11-20T22:37:44.848651,,1048
Classic-McEliece-8192128,encap,1024,64,2.0,1,1,0,MacBook-Pro-4.local,darwin,0,209.8355,4.77,KEM,True,2025-11-20T22:37:45.058586,,1049
Classic-McEliece-8192128,encap,1024,64,2.0,1,1,0,MacBook-Pro-4.local,darwin,0,173.647,5.76,KEM,True,2025-11-20T22:37:45.232364,,1050
Classic-McEliece-8192128,decap,0,1,2.0,1,1,0,MacBook-Pro-4.local,darwin,0,149.2157,6.7,KEM,True,2025-11-20T22:37:45.381686,,1051
Classic-McEliece-8192128,decap,0,1,2.0,1,1,0,MacBook-Pro-4.local,darwin,0,149.9945,6.67,KEM,True,2025-11-20T22:37:45.531779,,1052
Classic-McEliece-8192128,decap,0,1,2.0,1,1,0,MacBook-Pro-4.local,darwin,0,170.3882,5.87,KEM,True,2025-11-20T22:37:45.702264,,1053
Classic-McEliece-8192128,decap,0,1,2.0,1,1,0,MacBook-Pro-4.local,darwin,0,230.2357,4.34,KEM,True,2025-11-20T22:37:45.932598,,1054
Classic-McEliece-8192128,decap,0,1,2.0,1,1,0,MacBook-Pro-4.local,darwin,0,206.8475,4.83,KEM,True,2025-11-20T22:37:46.139541,,1055
Classic-McEliece-8192128,decap,0,16,2.0,1,1,0,MacBook-Pro-4.local,darwin,0,144.612,6.92,KEM,True,2025-11-20T22:37:46.284248,,1056
Classic-McEliece-8192128,decap,0,16,2.0,1,1,0,MacBook-Pro-4.local,darwin,0,185.1252,5.4,KEM,True,2025-11-20T22:37:46.469468,,1057
Classic-McEliece-8192128,decap,0,16,2.0,1,1,0,MacBook-Pro-4.local,darwin,0,327.2001,3.06,KEM,True,2025-11-20T22:37:46.796766,,1058
Classic-McEliece-8192128,decap,0,16,2.0,1,1,0,MacBook-Pro-4.local,darwin,0,149.0006,6.71,KEM,True,2025-11-20T22:37:46.945862,,1059
Classic-McEliece-8192128,decap,0,16,2.0,1,1,0,MacBook-Pro-4.local,darwin,0,225.4795,4.43,KEM,True,2025-11-20T22:37:47.171436,,1060
Classic-McEliece-8192128,decap,0,64,2.0,1,1,0,MacBook-Pro-4.local,darwin,0,245.1068,4.08,KEM,True,2025-11-20T22:37:47.416750,,1061
Classic-McEliece-8192128,decap,0,64,2.0,1,1,0,MacBook-Pro-4.local,darwin,0,149.7357,6.68,KEM,True,2025-11-20T22:37:47.566576,,1062
Classic-McEliece-8192128,decap,0,64,2.0,1,1,0,MacBook-Pro-4.local,darwin,0,262.7496,3.81,KEM,True,2025-11-20T22:37:47.829429,,1063
Classic-McEliece-8192128,decap,0,64,2.0,1,1,0,MacBook-Pro-4.local,darwin,0,267.1907,3.74,KEM,True,2025-11-20T22:37:48.096718,,1064
Classic-McEliece-8192128,decap,0,64,2.0,1,1,0,MacBook-Pro-4.local,darwin,0,164.4201,6.08,KEM,True,2025-11-20T22:37:48.261233,,1065
Classic-McEliece-8192128,decap,1024,1,2.0,1,1,0,MacBook-Pro-4.local,darwin,0,189.4595,5.28,KEM,True,2025-11-20T22:37:48.450791,,1066
Classic-McEliece-8192128,decap,1024,1,2.0,1,1,0,MacBook-Pro-4.local,darwin,0,184.8366,5.41,KEM,True,2025-11-20T22:37:48.635716,,1067
Classic-McEliece-8192128,decap,1024,1,2.0,1,1,0,MacBook-Pro-4.local,darwin,0,148.3871,6.74,KEM,True,2025-11-20T22:37:48.784194,,1068
Classic-McEliece-8192128,decap,1024,1,2.0,1,1,0,MacBook-Pro-4.local,darwin,0,183.1005,5.46,KEM,True,2025-11-20T22:37:48.967392,,1069
Classic-McEliece-8192128,decap,1024,1,2.0,1,1,0,MacBook-Pro-4.local,darwin,0,223.9029,4.47,KEM,True,2025-11-20T22:37:49.191397,,1070
Classic-McEliece-8192128,decap,1024,16,2.0,1,1,0,MacBook-Pro-4.local,darwin,0,184.6483,5.42,KEM,True,2025-11-20T22:37:49.376146,,1071
Classic-McEliece-8192128,decap,1024,16,2.0,1,1,0,MacBook-Pro-4.local,darwin,0,186.5002,5.36,KEM,True,2025-11-20T22:37:49.562744,,1072
Classic-McEliece-8192128,decap,1024,16,2.0,1,1,0,MacBook-Pro-4.local,darwin,0,162.5692,6.15,KEM,True,2025-11-20T22:37:49.725406,,1073
Classic-McEliece-8192128,decap,1024,16,2.0,1,1,0,MacBook-Pro-4.local,darwin,0,243.1906,4.11,KEM,True,2025-11-20T22:37:49.968709,,1074
Classic-McEliece-8192128,decap,1024,16,2.0,1,1,0,MacBook-Pro-4.local,darwin,0,188.1595,5.31,KEM,True,2025-11-20T22:37:50.156970,,1075
Classic-McEliece-8192128,decap,1024,64,2.0,1,1,0,MacBook-Pro-4.local,darwin,0,148.9425,6.71,KEM,True,2025-11-20T22:37:50.306005,,1076
Classic-McEliece-8192128,decap,1024,64,2.0,1,1,0,MacBook-Pro-4.local,darwin,0,151.2123,6.61,KEM,True,2025-11-20T22:37:50.457313,,1077
Classic-McEliece-8192128,decap,1024,64,2.0,1,1,0,MacBook-Pro-4.local,darwin,0,179.2252,5.58,KEM,True,2025-11-20T22:37:50.636636,,1078
Classic-McEliece-8192128,decap,1024,64,2.0,1,1,0,MacBook-Pro-4.local,darwin,0,203.7433,4.91,KEM,True,2025-11-20T22:37:50.840470,,1079
Classic-McEliece-8192128,decap,1024,64,2.0,1,1,0,MacBook-Pro-4.local,darwin,0,146.239,6.84,KEM,True,2025-11-20T22:37:50.986825,,1080
Classic-McEliece-8192128f,keygen,0,1,2.0,1,1,0,MacBook-Pro-4.local,darwin,0,147.4279,6.78,KEM,True,2025-11-20T22:37:51.134423,,1081
Classic-McEliece-8192128f,keygen,0,1,2.0,1,1,0,MacBook-Pro-4.local,darwin,0,148.1482,6.75,KEM,True,2025-11-20T22:37:51.282669,,1082
Classic-McEliece-8192128f,keygen,0,1,2.0,1,1,0,MacBook-Pro-4.local,darwin,0,147.6953,6.77,KEM,True,2025-11-20T22:37:51.430468,,1083
Classic-McEliece-8192128f,keygen,0,1,2.0,1,1,0,MacBook-Pro-4.local,darwin,0,149.124,6.71,KEM,True,2025-11-20T22:37:51.579688,,1084
Classic-McEliece-8192128f,keygen,0,1,2.0,1,1,0,MacBook-Pro-4.local,darwin,0,146.9436,6.81,KEM,True,2025-11-20T22:37:51.726734,,1085
Classic-McEliece-8192128f,keygen,0,16,2.0,1,1,0,MacBook-Pro-4.local,darwin,0,147.8346,6.76,KEM,True,2025-11-20T22:37:51.874671,,1086
Classic-McEliece-8192128f,keygen,0,16,2.0,1,1,0,MacBook-Pro-4.local,darwin,0,148.1486,6.75,KEM,True,2025-11-20T22:37:52.022911,,1087
Classic-McEliece-8192128f,keygen,0,16,2.0,1,1,0,MacBook-Pro-4.local,darwin,0,147.8684,6.76,KEM,True,2025-11-20T22:37:52.170871,,1088
Classic-McEliece-8192128f,keygen,0,16,2.0,1,1,0,MacBook-Pro-4.local,darwin,0,149.3589,6.7,KEM,True,2025-11-20T22:37:52.320329,,1089
Classic-McEliece-8192128f,keygen,0,16,2.0,1,1,0,MacBook-Pro-4.local,darwin,0,152.1243,6.57,KEM,True,2025-11-20T22:37:52.472546,,1090
Classic-McEliece-8192128f,keygen,0,64,2.0,1,1,0,MacBook-Pro-4.local,darwin,0,151.9149,6.58,KEM,True,2025-11-20T22:37:52.624564,,1091
Classic-McEliece-8192128f,keygen,0,64,2.0,1,1,0,MacBook-Pro-4.local,darwin,0,146.8747,6.81,KEM,True,2025-11-20T22:37:52.771598,,1092
Classic-McEliece-8192128f,keygen,0,64,2.0,1,1,0,MacBook-Pro-4.local,darwin,0,153.8483,6.5,KEM,True,2025-11-20T22:37:52.925547,,1093
Classic-McEliece-8192128f,keygen,0,64,2.0,1,1,0,MacBook-Pro-4.local,darwin,0,149.3498,6.7,KEM,True,2025-11-20T22:37:53.075016,,1094
Classic-McEliece-8192128f,keygen,0,64,2.0,1,1,0,MacBook-Pro-4.local,darwin,0,147.5414,6.78,KEM,True,2025-11-20T22:37:53.222656,,1095
Classic-McEliece-8192128f,keygen,1024,1,2.0,1,1,0,MacBook-Pro-4.local,darwin,0,146.4407,6.83,KEM,True,2025-11-20T22:37:53.369270,,1096
Classic-McEliece-8192128f,keygen,1024,1,2.0,1,1,0,MacBook-Pro-4.local,darwin,0,148.9106,6.72,KEM,True,2025-11-20T22:37:53.518282,,1097
Classic-McEliece-8192128f,keygen,1024,1,2.0,1,1,0,MacBook-Pro-4.local,darwin,0,147.609,6.77,KEM,True,2025-11-20T22:37:53.665992,,1098
Classic-McEliece-8192128f,keygen,1024,1,2.0,1,1,0,MacBook-Pro-4.local,darwin,0,148.8405,6.72,KEM,True,2025-11-20T22:37:53.814933,,1099
Classic-McEliece-8192128f,keygen,1024,1,2.0,1,1,0,MacBook-Pro-4.local,darwin,0,156.3255,6.4,KEM,True,2025-11-20T22:37:53.971362,,1100
Classic-McEliece-8192128f,keygen,1024,16,2.0,1,1,0,MacBook-Pro-4.local,darwin,0,148.1487,6.75,KEM,True,2025-11-20T22:37:54.119640,,1101
Classic-McEliece-8192128f,keygen,1024,16,2.0,1,1,0,MacBook-Pro-4.local,darwin,0,145.0423,6.89,KEM,True,2025-11-20T22:37:54.264789,,1102
Classic-McEliece-8192128f,keygen,1024,16,2.0,1,1,0,MacBook-Pro-4.local,darwin,0,148.6818,6.73,KEM,True,2025-11-20T22:37:54.413569,,1103
Classic-McEliece-8192128f,keygen,1024,16,2.0,1,1,0,MacBook-Pro-4.local,darwin,0,148.1346,6.75,KEM,True,2025-11-20T22:37:54.561806,,1104
Classic-McEliece-8192128f,keygen,1024,16,2.0,1,1,0,MacBook-Pro-4.local,darwin,0,144.7234,6.91,KEM,True,2025-11-20T22:37:54.706625,,1105
Classic-McEliece-8192128f,keygen,1024,64,2.0,1,1,0,MacBook-Pro-4.local,darwin,0,153.1679,6.53,KEM,True,2025-11-20T22:37:54.859925,,1106
Classic-McEliece-8192128f,keygen,1024,64,2.0,1,1,0,MacBook-Pro-4.local,darwin,0,147.9782,6.76,KEM,True,2025-11-20T22:37:55.008003,,1107
Classic-McEliece-8192128f,keygen,1024,64,2.0,1,1,0,MacBook-Pro-4.local,darwin,0,146.4859,6.83,KEM,True,2025-11-20T22:37:55.154587,,1108
Classic-McEliece-8192128f,keygen,1024,64,2.0,1,1,0,MacBook-Pro-4.local,darwin,0,147.0521,6.8,KEM,True,2025-11-20T22:37:55.301773,,1109
Classic-McEliece-8192128f,keygen,1024,64,2.0,1,1,0,MacBook-Pro-4.local,darwin,0,148.0805,6.75,KEM,True,2025-11-20T22:37:55.449978,,1110
Classic-McEliece-8192128f,encap,0,1,2.0,1,1,0,MacBook-Pro-4.local,darwin,0,149.5105,6.69,KEM,True,2025-11-20T22:37:55.599593,,1111
Classic-McEliece-8192128f,encap,0,1,2.0,1,1,0,MacBook-Pro-4.local,darwin,0,148.5035,6.73,KEM,True,2025-11-20T22:37:55.748231,,1112
Classic-McEliece-8192128f,encap,0,1,2.0,1,1,0,MacBook-Pro-4.local,darwin,0,149.7773,6.68,KEM,True,2025-11-20T22:37:55.898102,,1113
Classic-McEliece-8192128f,encap,0,1,2.0,1,1,0,MacBook-Pro-4.local,darwin,0,147.7671,6.77,KEM,True,2025-11-20T22:37:56.045956,,1114
Classic-McEliece-8192128f,encap,0,1,2.0,1,1,0,MacBook-Pro-4.local,darwin,0,142.7667,7.0,KEM,True,2025-11-20T22:37:56.188820,,1115
Classic-McEliece-8192128f,encap,0,16,2.0,1,1,0,MacBook-Pro-4.local,darwin,0,146.8647,6.81,KEM,True,2025-11-20T22:37:56.335779,,1116
Classic-McEliece-8192128f,encap,0,16,2.0,1,1,0,MacBook-Pro-4.local,darwin,0,149.4146,6.69,KEM,True,2025-11-20T22:37:56.485293,,1117
Classic-McEliece-8192128f,encap,0,16,2.0,1,1,0,MacBook-Pro-4.local,darwin,0,148.1677,6.75,KEM,True,2025-11-20T22:37:56.633556,,1118
Classic-McEliece-8192128f,encap,0,16,2.0,1,1,0,MacBook-Pro-4.local,darwin,0,151.2243,6.61,KEM,True,2025-11-20T22:37:56.784875,,1119
Classic-McEliece-8192128f,encap,0,16,2.0,1,1,0,MacBook-Pro-4.local,darwin,0,150.01,6.67,KEM,True,2025-11-20T22:37:56.934984,,1120
Classic-McEliece-8192128f,encap,0,64,2.0,1,1,0,MacBook-Pro-4.local,darwin,0,150.2907,6.65,KEM,True,2025-11-20T22:37:57.085371,,1121
Classic-McEliece-8192128f,encap,0,64,2.0,1,1,0,MacBook-Pro-4.local,darwin,0,144.4552,6.92,KEM,True,2025-11-20T22:37:57.229987,,1122
Classic-McEliece-8192128f,encap,0,64,2.0,1,1,0,MacBook-Pro-4.local,darwin,0,148.5728,6.73,KEM,True,2025-11-20T22:37:57.378657,,1123
Classic-McEliece-8192128f,encap,0,64,2.0,1,1,0,MacBook-Pro-4.local,darwin,0,147.5986,6.78,KEM,True,2025-11-20T22:37:57.526350,,1124
Classic-McEliece-8192128f,encap,0,64,2.0,1,1,0,MacBook-Pro-4.local,darwin,0,148.7956,6.72,KEM,True,2025-11-20T22:37:57.675242,,1125
Classic-McEliece-8192128f,encap,1024,1,2.0,1,1,0,MacBook-Pro-4.local,darwin,0,148.4834,6.73,KEM,True,2025-11-20T22:37:57.823828,,1126
Classic-McEliece-8192128f,encap,1024,1,2.0,1,1,0,MacBook-Pro-4.local,darwin,0,139.444,7.17,KEM,True,2025-11-20T22:37:57.963367,,1127
Classic-McEliece-8192128f,encap,1024,1,2.0,1,1,0,MacBook-Pro-4.local,darwin,0,147.307,6.79,KEM,True,2025-11-20T22:37:58.110770,,1128
Classic-McEliece-8192128f,encap,1024,1,2.0,1,1,0,MacBook-Pro-4.local,darwin,0,146.4836,6.83,KEM,True,2025-11-20T22:37:58.257350,,1129
Classic-McEliece-8192128f,encap,1024,1,2.0,1,1,0,MacBook-Pro-4.local,darwin,0,142.9428,7.0,KEM,True,2025-11-20T22:37:58.400387,,1130
Classic-McEliece-8192128f,encap,1024,16,2.0,1,1,0,MacBook-Pro-4.local,darwin,0,148.4277,6.74,KEM,True,2025-11-20T22:37:58.548916,,1131
Classic-McEliece-8192128f,encap,1024,16,2.0,1,1,0,MacBook-Pro-4.local,darwin,0,143.4999,6.97,KEM,True,2025-11-20T22:37:58.692513,,1132
Classic-McEliece-8192128f,encap,1024,16,2.0,1,1,0,MacBook-Pro-4.local,darwin,0,144.2613,6.93,KEM,True,2025-11-20T22:37:58.836900,,1133
Classic-McEliece-8192128f,encap,1024,16,2.0,1,1,0,MacBook-Pro-4.local,darwin,0,147.2729,6.79,KEM,True,2025-11-20T22:37:58.984296,,1134
Classic-McEliece-8192128f,encap,1024,16,2.0,1,1,0,MacBook-Pro-4.local,darwin,0,146.5307,6.82,KEM,True,2025-11-20T22:37:59.130926,,1135
Classic-McEliece-8192128f,encap,1024,64,2.0,1,1,0,MacBook-Pro-4.local,darwin,0,144.6366,6.91,KEM,True,2025-11-20T22:37:59.275660,,1136
Classic-McEliece-8192128f,encap,1024,64,2.0,1,1,0,MacBook-Pro-4.local,darwin,0,144.8813,6.9,KEM,True,2025-11-20T22:37:59.420642,,1137
Classic-McEliece-8192128f,encap,1024,64,2.0,1,1,0,MacBook-Pro-4.local,darwin,0,150.9518,6.62,KEM,True,2025-11-20T22:37:59.571697,,1138
Classic-McEliece-8192128f,encap,1024,64,2.0,1,1,0,MacBook-Pro-4.local,darwin,0,152.1203,6.57,KEM,True,2025-11-20T22:37:59.723905,,1139
Classic-McEliece-8192128f,encap,1024,64,2.0,1,1,0,MacBook-Pro-4.local,darwin,0,147.2655,6.79,KEM,True,2025-11-20T22:37:59.871316,,1140
Classic-McEliece-8192128f,decap,0,1,2.0,1,1,0,MacBook-Pro-4.local,darwin,0,149.174,6.7,KEM,True,2025-11-20T22:38:00.020611,,1141
Classic-McEliece-8192128f,decap,0,1,2.0,1,1,0,MacBook-Pro-4.local,darwin,0,150.0503,6.66,KEM,True,2025-11-20T22:38:00.170758,,1142
Classic-McEliece-8192128f,decap,0,1,2.0,1,1,0,MacBook-Pro-4.local,darwin,0,149.6688,6.68,KEM,True,2025-11-20T22:38:00.320523,,1143
Classic-McEliece-8192128f,decap,0,1,2.0,1,1,0,MacBook-Pro-4.local,darwin,0,149.6677,6.68,KEM,True,2025-11-20T22:38:00.470284,,1144
Classic-McEliece-8192128f,decap,0,1,2.0,1,1,0,MacBook-Pro-4.local,darwin,0,149.9251,6.67,KEM,True,2025-11-20T22:38:00.620306,,1145
Classic-McEliece-8192128f,decap,0,16,2.0,1,1,0,MacBook-Pro-4.local,darwin,0,147.1188,6.8,KEM,True,2025-11-20T22:38:00.767521,,1146
Classic-McEliece-8192128f,decap,0,16,2.0,1,1,0,MacBook-Pro-4.local,darwin,0,148.8006,6.72,KEM,True,2025-11-20T22:38:00.916404,,1147
Classic-McEliece-8192128f,decap,0,16,2.0,1,1,0,MacBook-Pro-4.local,darwin,0,147.1627,6.8,KEM,True,2025-11-20T22:38:01.063658,,1148
Classic-McEliece-8192128f,decap,0,16,2.0,1,1,0,MacBook-Pro-4.local,darwin,0,144.8817,6.9,KEM,True,2025-11-20T22:38:01.208632,,1149
Classic-McEliece-8192128f,decap,0,16,2.0,1,1,0,MacBook-Pro-4.local,darwin,0,149.5611,6.69,KEM,True,2025-11-20T22:38:01.358290,,1150
Classic-McEliece-8192128f,decap,0,64,2.0,1,1,0,MacBook-Pro-4.local,darwin,0,148.3508,6.74,KEM,True,2025-11-20T22:38:01.506738,,1151
Classic-McEliece-8192128f,decap,0,64,2.0,1,1,0,MacBook-Pro-4.local,darwin,0,149.9755,6.67,KEM,True,2025-11-20T22:38:01.656812,,1152
Classic-McEliece-8192128f,decap,0,64,2.0,1,1,0,MacBook-Pro-4.local,darwin,0,146.5011,6.83,KEM,True,2025-11-20T22:38:01.803438,,1153
Classic-McEliece-8192128f,decap,0,64,2.0,1,1,0,MacBook-Pro-4.local,darwin,0,145.6387,6.87,KEM,True,2025-11-20T22:38:01.949166,,1154
Classic-McEliece-8192128f,decap,0,64,2.0,1,1,0,MacBook-Pro-4.local,darwin,0,149.4493,6.69,KEM,True,2025-11-20T22:38:02.098706,,1155
Classic-McEliece-8192128f,decap,1024,1,2.0,1,1,0,MacBook-Pro-4.local,darwin,0,148.3522,6.74,KEM,True,2025-11-20T22:38:02.247156,,1156
Classic-McEliece-8192128f,decap,1024,1,2.0,1,1,0,MacBook-Pro-4.local,darwin,0,145.941,6.85,KEM,True,2025-11-20T22:38:02.393185,,1157
Classic-McEliece-8192128f,decap,1024,1,2.0,1,1,0,MacBook-Pro-4.local,darwin,0,149.1463,6.7,KEM,True,2025-11-20T22:38:02.542468,,1158
Classic-McEliece-8192128f,decap,1024,1,2.0,1,1,0,MacBook-Pro-4.local,darwin,0,149.2863,6.7,KEM,True,2025-11-20T22:38:02.691961,,1159
Classic-McEliece-8192128f,decap,1024,1,2.0,1,1,0,MacBook-Pro-4.local,darwin,0,147.5338,6.78,KEM,True,2025-11-20T22:38:02.839594,,1160
Classic-McEliece-8192128f,decap,1024,16,2.0,1,1,0,MacBook-Pro-4.local,darwin,0,148.1887,6.75,KEM,True,2025-11-20T22:38:02.987876,,1161
Classic-McEliece-8192128f,decap,1024,16,2.0,1,1,0,MacBook-Pro-4.local,darwin,0,146.8338,6.81,KEM,True,2025-11-20T22:38:03.134799,,1162
Classic-McEliece-8192128f,decap,1024,16,2.0,1,1,0,MacBook-Pro-4.local,darwin,0,145.9342,6.85,KEM,True,2025-11-20T22:38:03.280826,,1163
Classic-McEliece-8192128f,decap,1024,16,2.0,1,1,0,MacBook-Pro-4.local,darwin,0,155.9413,6.41,KEM,True,2025-11-20T22:38:03.436866,,1164
Classic-McEliece-8192128f,decap,1024,16,2.0,1,1,0,MacBook-Pro-4.local,darwin,0,148.7655,6.72,KEM,True,2025-11-20T22:38:03.585726,,1165
Classic-McEliece-8192128f,decap,1024,64,2.0,1,1,0,MacBook-Pro-4.local,darwin,0,149.0319,6.71,KEM,True,2025-11-20T22:38:03.734846,,1166
Classic-McEliece-8192128f,decap,1024,64,2.0,1,1,0,MacBook-Pro-4.local,darwin,0,144.5401,6.92,KEM,True,2025-11-20T22:38:03.879488,,1167
Classic-McEliece-8192128f,decap,1024,64,2.0,1,1,0,MacBook-Pro-4.local,darwin,0,145.4054,6.88,KEM,True,2025-11-20T22:38:04.025034,,1168
Classic-McEliece-8192128f,decap,1024,64,2.0,1,1,0,MacBook-Pro-4.local,darwin,0,147.9119,6.76,KEM,True,2025-11-20T22:38:04.173042,,1169
Classic-McEliece-8192128f,decap,1024,64,2.0,1,1,0,MacBook-Pro-4.local,darwin,0,144.1039,6.94,KEM,True,2025-11-20T22:38:04.317243,,1170
FrodoKEM-1344-AES,keygen,0,1,2.0,1,1,0,MacBook-Pro-4.local,darwin,0,1.3268,753.71,KEM,True,2025-11-20T22:38:04.318662,,1171
FrodoKEM-1344-AES,keygen,0,1,2.0,1,1,0,MacBook-Pro-4.local,darwin,0,1.1579,863.62,KEM,True,2025-11-20T22:38:04.319858,,1172
FrodoKEM-1344-AES,keygen,0,1,2.0,1,1,0,MacBook-Pro-4.local,darwin,0,1.14,877.18,KEM,True,2025-11-20T22:38:04.321025,,1173
FrodoKEM-1344-AES,keygen,0,1,2.0,1,1,0,MacBook-Pro-4.local,darwin,0,1.1462,872.43,KEM,True,2025-11-20T22:38:04.322195,,1174
FrodoKEM-1344-AES,keygen,0,1,2.0,1,1,0,MacBook-Pro-4.local,darwin,0,1.1394,877.67,KEM,True,2025-11-20T22:38:04.323360,,1175
FrodoKEM-1344-AES,keygen,0,16,2.0,1,1,0,MacBook-Pro-4.local,darwin,0,1.1392,877.82,KEM,True,2025-11-20T22:38:04.324523,,1176
FrodoKEM-1344-AES,keygen,0,16,2.0,1,1,0,MacBook-Pro-4.local,darwin,0,1.1419,875.77,KEM,True,2025-11-20T22:38:04.325689,,1177
FrodoKEM-1344-AES,keygen,0,16,2.0,1,1,0,MacBook-Pro-4.local,darwin,0,1.1385,878.33,KEM,True,2025-11-20T22:38:04.326850,,1178
FrodoKEM-1344-AES,keygen,0,16,2.0,1,1,0,MacBook-Pro-4.local,darwin,0,1.2058,829.34,KEM,True,2025-11-20T22:38:04.328087,,1179
FrodoKEM-1344-AES,keygen,0,16,2.0,1,1,0,MacBook-Pro-4.local,darwin,0,1.1559,865.12,KEM,True,2025-11-20T22:38:04.329289,,1180
FrodoKEM-1344-AES,keygen,0,64,2.0,1,1,0,MacBook-Pro-4.local,darwin,0,1.1456,872.93,KEM,True,2025-11-20T22:38:04.330464,,1181
FrodoKEM-1344-AES,keygen,0,64,2.0,1,1,0,MacBook-Pro-4.local,darwin,0,1.1403,876.93,KEM,True,2025-11-20T22:38:04.331630,,1182
FrodoKEM-1344-AES,keygen,0,64,2.0,1,1,0,MacBook-Pro-4.local,darwin,0,1.1367,879.72,KEM,True,2025-11-20T22:38:04.332791,,1183
FrodoKEM-1344-AES,keygen,0,64,2.0,1,1,0,MacBook-Pro-4.local,darwin,0,1.1345,881.46,KEM,True,2025-11-20T22:38:04.333949,,1184
FrodoKEM-1344-AES,keygen,0,64,2.0,1,1,0,MacBook-Pro-4.local,darwin,0,1.1433,874.63,KEM,True,2025-11-20T22:38:04.335116,,1185
FrodoKEM-1344-AES,keygen,1024,1,2.0,1,1,0,MacBook-Pro-4.local,darwin,0,1.1439,874.18,KEM,True,2025-11-20T22:38:04.336285,,1186
FrodoKEM-1344-AES,keygen,1024,1,2.0,1,1,0,MacBook-Pro-4.local,darwin,0,1.1463,872.39,KEM,True,2025-11-20T22:38:04.337455,,1187
FrodoKEM-1344-AES,keygen,1024,1,2.0,1,1,0,MacBook-Pro-4.local,darwin,0,1.1428,875.04,KEM,True,2025-11-20T22:38:04.338621,,1188
FrodoKEM-1344-AES,keygen,1024,1,2.0,1,1,0,MacBook-Pro-4.local,darwin,0,1.1396,877.48,KEM,True,2025-11-20T22:38:04.339784,,1189
FrodoKEM-1344-AES,keygen,1024,1,2.0,1,1,0,MacBook-Pro-4.local,darwin,0,1.1388,878.13,KEM,True,2025-11-20T22:38:04.340946,,1190
FrodoKEM-1344-AES,keygen,1024,16,2.0,1,1,0,MacBook-Pro-4.local,darwin,0,1.1389,878.08,KEM,True,2025-11-20T22:38:04.342109,,1191
FrodoKEM-1344-AES,keygen,1024,16,2.0,1,1,0,MacBook-Pro-4.local,darwin,0,1.1345,881.45,KEM,True,2025-11-20T22:38:04.343267,,1192
FrodoKEM-1344-AES,keygen,1024,16,2.0,1,1,0,MacBook-Pro-4.local,darwin,0,1.1355,880.69,KEM,True,2025-11-20T22:38:04.344426,,1193
FrodoKEM-1344-AES,keygen,1024,16,2.0,1,1,0,MacBook-Pro-4.local,darwin,0,1.1637,859.33,KEM,True,2025-11-20T22:38:04.345614,,1194
FrodoKEM-1344-AES,keygen,1024,16,2.0,1,1,0,MacBook-Pro-4.local,darwin,0,1.1401,877.09,KEM,True,2025-11-20T22:38:04.346780,,1195
FrodoKEM-1344-AES,keygen,1024,64,2.0,1,1,0,MacBook-Pro-4.local,darwin,0,1.1401,877.11,KEM,True,2025-11-20T22:38:04.347945,,1196
FrodoKEM-1344-AES,keygen,1024,64,2.0,1,1,0,MacBook-Pro-4.local,darwin,0,1.1371,879.43,KEM,True,2025-11-20T22:38:04.349106,,1197
FrodoKEM-1344-AES,keygen,1024,64,2.0,1,1,0,MacBook-Pro-4.local,darwin,0,1.1393,877.71,KEM,True,2025-11-20T22:38:04.350268,,1198
FrodoKEM-1344-AES,keygen,1024,64,2.0,1,1,0,MacBook-Pro-4.local,darwin,0,1.1397,877.43,KEM,True,2025-11-20T22:38:04.351432,,1199
FrodoKEM-1344-AES,keygen,1024,64,2.0,1,1,0,MacBook-Pro-4.local,darwin,0,1.1531,867.24,KEM,True,2025-11-20T22:38:04.352613,,1200
FrodoKEM-1344-AES,encap,0,1,2.0,1,1,0,MacBook-Pro-4.local,darwin,0,3.1886,313.62,KEM,True,2025-11-20T22:38:04.355854,,1201
FrodoKEM-1344-AES,encap,0,1,2.0,1,1,0,MacBook-Pro-4.local,darwin,0,2.9496,339.03,KEM,True,2025-11-20T22:38:04.358903,,1202
FrodoKEM-1344-AES,encap,0,1,2.0,1,1,0,MacBook-Pro-4.local,darwin,0,3.3986,294.23,KEM,True,2025-11-20T22:38:04.362432,,1203
FrodoKEM-1344-AES,encap,0,1,2.0,1,1,0,MacBook-Pro-4.local,darwin,0,2.8134,355.45,KEM,True,2025-11-20T22:38:04.365326,,1204
FrodoKEM-1344-AES,encap,0,1,2.0,1,1,0,MacBook-Pro-4.local,darwin,0,2.7072,369.38,KEM,True,2025-11-20T22:38:04.368090,,1205
FrodoKEM-1344-AES,encap,0,16,2.0,1,1,0,MacBook-Pro-4.local,darwin,0,2.6934,371.28,KEM,True,2025-11-20T22:38:04.370817,,1206
FrodoKEM-1344-AES,encap,0,16,2.0,1,1,0,MacBook-Pro-4.local,darwin,0,2.6909,371.62,KEM,True,2025-11-20T22:38:04.373535,,1207
FrodoKEM-1344-AES,encap,0,16,2.0,1,1,0,MacBook-Pro-4.local,darwin,0,2.6908,371.63,KEM,True,2025-11-20T22:38:04.376251,,1208
FrodoKEM-1344-AES,encap,0,16,2.0,1,1,0,MacBook-Pro-4.local,darwin,0,2.8011,357.01,KEM,True,2025-11-20T22:38:04.379088,,1209
FrodoKEM-1344-AES,encap,0,16,2.0,1,1,0,MacBook-Pro-4.local,darwin,0,3.1012,322.45,KEM,True,2025-11-20T22:38:04.382261,,1210
FrodoKEM-1344-AES,encap,0,64,2.0,1,1,0,MacBook-Pro-4.local,darwin,0,2.9531,338.63,KEM,True,2025-11-20T22:38:04.385297,,1211
FrodoKEM-1344-AES,encap,0,64,2.0,1,1,0,MacBook-Pro-4.local,darwin,0,2.8754,347.77,KEM,True,2025-11-20T22:38:04.388230,,1212
FrodoKEM-1344-AES,encap,0,64,2.0,1,1,0,MacBook-Pro-4.local,darwin,0,2.8314,353.18,KEM,True,2025-11-20T22:38:04.391119,,1213
FrodoKEM-1344-AES,encap,0,64,2.0,1,1,0,MacBook-Pro-4.local,darwin,0,2.7288,366.46,KEM,True,2025-11-20T22:38:04.393896,,1214
FrodoKEM-1344-AES,encap,0,64,2.0,1,1,0,MacBook-Pro-4.local,darwin,0,2.9318,341.09,KEM,True,2025-11-20T22:38:04.396865,,1215
FrodoKEM-1344-AES,encap,1024,1,2.0,1,1,0,MacBook-Pro-4.local,darwin,0,2.7286,366.48,KEM,True,2025-11-20T22:38:04.399647,,1216
FrodoKEM-1344-AES,encap,1024,1,2.0,1,1,0,MacBook-Pro-4.local,darwin,0,2.7052,369.65,KEM,True,2025-11-20T22:38:04.402383,,1217
FrodoKEM-1344-AES,encap,1024,1,2.0,1,1,0,MacBook-Pro-4.local,darwin,0,2.6921,371.46,KEM,True,2025-11-20T22:38:04.405102,,1218
FrodoKEM-1344-AES,encap,1024,1,2.0,1,1,0,MacBook-Pro-4.local,darwin,0,2.6949,371.07,KEM,True,2025-11-20T22:38:04.407822,,1219
FrodoKEM-1344-AES,encap,1024,1,2.0,1,1,0,MacBook-Pro-4.local,darwin,0,2.6982,370.61,KEM,True,2025-11-20T22:38:04.410546,,1220
FrodoKEM-1344-AES,encap,1024,16,2.0,1,1,0,MacBook-Pro-4.local,darwin,0,2.8426,351.79,KEM,True,2025-11-20T22:38:04.413421,,1221
FrodoKEM-1344-AES,encap,1024,16,2.0,1,1,0,MacBook-Pro-4.local,darwin,0,2.7721,360.74,KEM,True,2025-11-20T22:38:04.416288,,1222
FrodoKEM-1344-AES,encap,1024,16,2.0,1,1,0,MacBook-Pro-4.local,darwin,0,2.7111,368.85,KEM,True,2025-11-20T22:38:04.419043,,1223
FrodoKEM-1344-AES,encap,1024,16,2.0,1,1,0,MacBook-Pro-4.local,darwin,0,2.6979,370.65,KEM,True,2025-11-20T22:38:04.421771,,1224
FrodoKEM-1344-AES,encap,1024,16,2.0,1,1,0,MacBook-Pro-4.local,darwin,0,2.7631,361.92,KEM,True,2025-11-20T22:38:04.424570,,1225
FrodoKEM-1344-AES,encap,1024,64,2.0,1,1,0,MacBook-Pro-4.local,darwin,0,3.0756,325.14,KEM,True,2025-11-20T22:38:04.427708,,1226
FrodoKEM-1344-AES,encap,1024,64,2.0,1,1,0,MacBook-Pro-4.local,darwin,0,3.2893,304.02,KEM,True,2025-11-20T22:38:04.431091,,1227
FrodoKEM-1344-AES,encap,1024,64,2.0,1,1,0,MacBook-Pro-4.local,darwin,0,2.7369,365.37,KEM,True,2025-11-20T22:38:04.433903,,1228
FrodoKEM-1344-AES,encap,1024,64,2.0,1,1,0,MacBook-Pro-4.local,darwin,0,2.9899,334.46,KEM,True,2025-11-20T22:38:04.436950,,1229
FrodoKEM-1344-AES,encap,1024,64,2.0,1,1,0,MacBook-Pro-4.local,darwin,0,2.9318,341.08,KEM,True,2025-11-20T22:38:04.439959,,1230
FrodoKEM-1344-AES,decap,0,1,2.0,1,1,0,MacBook-Pro-4.local,darwin,0,4.4006,227.24,KEM,True,2025-11-20T22:38:04.444424,,1231
FrodoKEM-1344-AES,decap,0,1,2.0,1,1,0,MacBook-Pro-4.local,darwin,0,4.2105,237.5,KEM,True,2025-11-20T22:38:04.448755,,1232
FrodoKEM-1344-AES,decap,0,1,2.0,1,1,0,MacBook-Pro-4.local,darwin,0,4.1843,238.99,KEM,True,2025-11-20T22:38:04.452973,,1233
FrodoKEM-1344-AES,decap,0,1,2.0,1,1,0,MacBook-Pro-4.local,darwin,0,4.1744,239.55,KEM,True,2025-11-20T22:38:04.457175,,1234
FrodoKEM-1344-AES,decap,0,1,2.0,1,1,0,MacBook-Pro-4.local,darwin,0,4.8213,207.41,KEM,True,2025-11-20T22:38:04.462044,,1235
FrodoKEM-1344-AES,decap,0,16,2.0,1,1,0,MacBook-Pro-4.local,darwin,0,4.2157,237.21,KEM,True,2025-11-20T22:38:04.466359,,1236
FrodoKEM-1344-AES,decap,0,16,2.0,1,1,0,MacBook-Pro-4.local,darwin,0,4.177,239.41,KEM,True,2025-11-20T22:38:04.470570,,1237
FrodoKEM-1344-AES,decap,0,16,2.0,1,1,0,MacBook-Pro-4.local,darwin,0,4.4635,224.04,KEM,True,2025-11-20T22:38:04.475100,,1238
FrodoKEM-1344-AES,decap,0,16,2.0,1,1,0,MacBook-Pro-4.local,darwin,0,4.4679,223.82,KEM,True,2025-11-20T22:38:04.479680,,1239
FrodoKEM-1344-AES,decap,0,16,2.0,1,1,0,MacBook-Pro-4.local,darwin,0,4.1917,238.57,KEM,True,2025-11-20T22:38:04.483930,,1240
FrodoKEM-1344-AES,decap,0,64,2.0,1,1,0,MacBook-Pro-4.local,darwin,0,4.1768,239.42,KEM,True,2025-11-20T22:38:04.488140,,1241
FrodoKEM-1344-AES,decap,0,64,2.0,1,1,0,MacBook-Pro-4.local,darwin,0,4.1774,239.38,KEM,True,2025-11-20T22:38:04.492346,,1242
FrodoKEM-1344-AES,decap,0,64,2.0,1,1,0,MacBook-Pro-4.local,darwin,0,4.349,229.94,KEM,True,2025-11-20T22:38:04.496729,,1243
FrodoKEM-1344-AES,decap,0,64,2.0,1,1,0,MacBook-Pro-4.local,darwin,0,4.5953,217.61,KEM,True,2025-11-20T22:38:04.501413,,1244
FrodoKEM-1344-AES,decap,0,64,2.0,1,1,0,MacBook-Pro-4.local,darwin,0,4.2303,236.39,KEM,True,2025-11-20T22:38:04.505712,,1245
FrodoKEM-1344-AES,decap,1024,1,2.0,1,1,0,MacBook-Pro-4.local,darwin,0,4.1755,239.49,KEM,True,2025-11-20T22:38:04.509922,,1246
FrodoKEM-1344-AES,decap,1024,1,2.0,1,1,0,MacBook-Pro-4.local,darwin,0,5.4311,184.13,KEM,True,2025-11-20T22:38:04.515396,,1247
FrodoKEM-1344-AES,decap,1024,1,2.0,1,1,0,MacBook-Pro-4.local,darwin,0,4.2315,236.32,KEM,True,2025-11-20T22:38:04.519701,,1248
FrodoKEM-1344-AES,decap,1024,1,2.0,1,1,0,MacBook-Pro-4.local,darwin,0,4.3431,230.25,KEM,True,2025-11-20T22:38:04.524093,,1249
FrodoKEM-1344-AES,decap,1024,1,2.0,1,1,0,MacBook-Pro-4.local,darwin,0,4.2295,236.43,KEM,True,2025-11-20T22:38:04.528372,,1250
FrodoKEM-1344-AES,decap,1024,16,2.0,1,1,0,MacBook-Pro-4.local,darwin,0,4.5208,221.2,KEM,True,2025-11-20T22:38:04.532954,,1251
FrodoKEM-1344-AES,decap,1024,16,2.0,1,1,0,MacBook-Pro-4.local,darwin,0,4.5967,217.55,KEM,True,2025-11-20T22:38:04.537665,,1252
FrodoKEM-1344-AES,decap,1024,16,2.0,1,1,0,MacBook-Pro-4.local,darwin,0,4.2062,237.75,KEM,True,2025-11-20T22:38:04.541936,,1253
FrodoKEM-1344-AES,decap,1024,16,2.0,1,1,0,MacBook-Pro-4.local,darwin,0,4.5308,220.71,KEM,True,2025-11-20T22:38:04.546510,,1254
FrodoKEM-1344-AES,decap,1024,16,2.0,1,1,0,MacBook-Pro-4.local,darwin,0,4.2005,238.07,KEM,True,2025-11-20T22:38:04.550772,,1255
FrodoKEM-1344-AES,decap,1024,64,2.0,1,1,0,MacBook-Pro-4.local,darwin,0,4.1763,239.45,KEM,True,2025-11-20T22:38:04.554985,,1256
FrodoKEM-1344-AES,decap,1024,64,2.0,1,1,0,MacBook-Pro-4.local,darwin,0,4.1731,239.63,KEM,True,2025-11-20T22:38:04.559186,,1257
FrodoKEM-1344-AES,decap,1024,64,2.0,1,1,0,MacBook-Pro-4.local,darwin,0,4.2696,234.21,KEM,True,2025-11-20T22:38:04.563490,,1258
FrodoKEM-1344-AES,decap,1024,64,2.0,1,1,0,MacBook-Pro-4.local,darwin,0,4.2479,235.41,KEM,True,2025-11-20T22:38:04.567814,,1259
FrodoKEM-1344-AES,decap,1024,64,2.0,1,1,0,MacBook-Pro-4.local,darwin,0,4.3852,228.04,KEM,True,2025-11-20T22:38:04.572240,,1260
FrodoKEM-1344-SHAKE,keygen,0,1,2.0,1,1,0,MacBook-Pro-4.local,darwin,0,3.9895,250.66,KEM,True,2025-11-20T22:38:04.576298,,1261
FrodoKEM-1344-SHAKE,keygen,0,1,2.0,1,1,0,MacBook-Pro-4.local,darwin,0,3.9819,251.14,KEM,True,2025-11-20T22:38:04.580322,,1262
FrodoKEM-1344-SHAKE,keygen,0,1,2.0,1,1,0,MacBook-Pro-4.local,darwin,0,3.9277,254.6,KEM,True,2025-11-20T22:38:04.584297,,1263
FrodoKEM-1344-SHAKE,keygen,0,1,2.0,1,1,0,MacBook-Pro-4.local,darwin,0,3.8949,256.74,KEM,True,2025-11-20T22:38:04.588222,,1264
FrodoKEM-1344-SHAKE,keygen,0,1,2.0,1,1,0,MacBook-Pro-4.local,darwin,0,3.8998,256.42,KEM,True,2025-11-20T22:38:04.592149,,1265
FrodoKEM-1344-SHAKE,keygen,0,16,2.0,1,1,0,MacBook-Pro-4.local,darwin,0,4.3929,227.64,KEM,True,2025-11-20T22:38:04.596587,,1266
FrodoKEM-1344-SHAKE,keygen,0,16,2.0,1,1,0,MacBook-Pro-4.local,darwin,0,4.005,249.69,KEM,True,2025-11-20T22:38:04.600755,,1267
FrodoKEM-1344-SHAKE,keygen,0,16,2.0,1,1,0,MacBook-Pro-4.local,darwin,0,4.2972,232.71,KEM,True,2025-11-20T22:38:04.605111,,1268
FrodoKEM-1344-SHAKE,keygen,0,16,2.0,1,1,0,MacBook-Pro-4.local,darwin,0,4.2966,232.74,KEM,True,2025-11-20T22:38:04.609491,,1269
FrodoKEM-1344-SHAKE,keygen,0,16,2.0,1,1,0,MacBook-Pro-4.local,darwin,0,3.9966,250.21,KEM,True,2025-11-20T22:38:04.613568,,1270
FrodoKEM-1344-SHAKE,keygen,0,64,2.0,1,1,0,MacBook-Pro-4.local,darwin,0,3.9377,253.96,KEM,True,2025-11-20T22:38:04.617561,,1271
FrodoKEM-1344-SHAKE,keygen,0,64,2.0,1,1,0,MacBook-Pro-4.local,darwin,0,3.9097,255.77,KEM,True,2025-11-20T22:38:04.621501,,1272
FrodoKEM-1344-SHAKE,keygen,0,64,2.0,1,1,0,MacBook-Pro-4.local,darwin,0,4.3068,232.19,KEM,True,2025-11-20T22:38:04.625851,,1273
FrodoKEM-1344-SHAKE,keygen,0,64,2.0,1,1,0,MacBook-Pro-4.local,darwin,0,4.1573,240.54,KEM,True,2025-11-20T22:38:04.630117,,1274
FrodoKEM-1344-SHAKE,keygen,0,64,2.0,1,1,0,MacBook-Pro-4.local,darwin,0,3.9198,255.11,KEM,True,2025-11-20T22:38:04.634096,,1275
FrodoKEM-1344-SHAKE,keygen,1024,1,2.0,1,1,0,MacBook-Pro-4.local,darwin,0,3.9082,255.87,KEM,True,2025-11-20T22:38:04.638038,,1276
FrodoKEM-1344-SHAKE,keygen,1024,1,2.0,1,1,0,MacBook-Pro-4.local,darwin,0,3.8903,257.05,KEM,True,2025-11-20T22:38:04.641956,,1277
FrodoKEM-1344-SHAKE,keygen,1024,1,2.0,1,1,0,MacBook-Pro-4.local,darwin,0,4.1025,243.75,KEM,True,2025-11-20T22:38:04.646156,,1278
FrodoKEM-1344-SHAKE,keygen,1024,1,2.0,1,1,0,MacBook-Pro-4.local,darwin,0,4.1051,243.6,KEM,True,2025-11-20T22:38:04.650357,,1279
FrodoKEM-1344-SHAKE,keygen,1024,1,2.0,1,1,0,MacBook-Pro-4.local,darwin,0,3.9672,252.07,KEM,True,2025-11-20T22:38:04.654382,,1280
FrodoKEM-1344-SHAKE,keygen,1024,16,2.0,1,1,0,MacBook-Pro-4.local,darwin,0,3.9094,255.8,KEM,True,2025-11-20T22:38:04.658338,,1281
FrodoKEM-1344-SHAKE,keygen,1024,16,2.0,1,1,0,MacBook-Pro-4.local,darwin,0,4.0249,248.45,KEM,True,2025-11-20T22:38:04.662401,,1282
FrodoKEM-1344-SHAKE,keygen,1024,16,2.0,1,1,0,MacBook-Pro-4.local,darwin,0,4.3892,227.83,KEM,True,2025-11-20T22:38:04.666882,,1283
FrodoKEM-1344-SHAKE,keygen,1024,16,2.0,1,1,0,MacBook-Pro-4.local,darwin,0,3.9412,253.73,KEM,True,2025-11-20T22:38:04.670884,,1284
FrodoKEM-1344-SHAKE,keygen,1024,16,2.0,1,1,0,MacBook-Pro-4.local,darwin,0,3.9943,250.36,KEM,True,2025-11-20T22:38:04.674916,,1285
FrodoKEM-1344-SHAKE,keygen,1024,64,2.0,1,1,0,MacBook-Pro-4.local,darwin,0,4.4644,223.99,KEM,True,2025-11-20T22:38:04.679446,,1286
FrodoKEM-1344-SHAKE,keygen,1024,64,2.0,1,1,0,MacBook-Pro-4.local,darwin,0,4.3147,231.77,KEM,True,2025-11-20T22:38:04.683950,,1287
FrodoKEM-1344-SHAKE,keygen,1024,64,2.0,1,1,0,MacBook-Pro-4.local,darwin,0,4.3264,231.14,KEM,True,2025-11-20T22:38:04.688357,,1288
FrodoKEM-1344-SHAKE,keygen,1024,64,2.0,1,1,0,MacBook-Pro-4.local,darwin,0,3.9069,255.95,KEM,True,2025-11-20T22:38:04.692324,,1289
FrodoKEM-1344-SHAKE,keygen,1024,64,2.0,1,1,0,MacBook-Pro-4.local,darwin,0,3.9453,253.47,KEM,True,2025-11-20T22:38:04.696308,,1290
FrodoKEM-1344-SHAKE,encap,0,1,2.0,1,1,0,MacBook-Pro-4.local,darwin,0,8.0205,124.68,KEM,True,2025-11-20T22:38:04.704387,,1291
FrodoKEM-1344-SHAKE,encap,0,1,2.0,1,1,0,MacBook-Pro-4.local,darwin,0,8.3019,120.45,KEM,True,2025-11-20T22:38:04.712729,,1292
FrodoKEM-1344-SHAKE,encap,0,1,2.0,1,1,0,MacBook-Pro-4.local,darwin,0,8.3958,119.11,KEM,True,2025-11-20T22:38:04.721195,,1293
FrodoKEM-1344-SHAKE,encap,0,1,2.0,1,1,0,MacBook-Pro-4.local,darwin,0,8.2313,121.49,KEM,True,2025-11-20T22:38:04.729522,,1294
FrodoKEM-1344-SHAKE,encap,0,1,2.0,1,1,0,MacBook-Pro-4.local,darwin,0,8.0463,124.28,KEM,True,2025-11-20T22:38:04.737632,,1295
FrodoKEM-1344-SHAKE,encap,0,16,2.0,1,1,0,MacBook-Pro-4.local,darwin,0,9.0026,111.08,KEM,True,2025-11-20T22:38:04.746699,,1296
FrodoKEM-1344-SHAKE,encap,0,16,2.0,1,1,0,MacBook-Pro-4.local,darwin,0,8.1628,122.51,KEM,True,2025-11-20T22:38:04.754979,,1297
FrodoKEM-1344-SHAKE,encap,0,16,2.0,1,1,0,MacBook-Pro-4.local,darwin,0,8.8209,113.37,KEM,True,2025-11-20T22:38:04.763868,,1298
FrodoKEM-1344-SHAKE,encap,0,16,2.0,1,1,0,MacBook-Pro-4.local,darwin,0,8.0498,124.23,KEM,True,2025-11-20T22:38:04.771993,,1299
FrodoKEM-1344-SHAKE,encap,0,16,2.0,1,1,0,MacBook-Pro-4.local,darwin,0,8.2069,121.85,KEM,True,2025-11-20T22:38:04.780248,,1300
FrodoKEM-1344-SHAKE,encap,0,64,2.0,1,1,0,MacBook-Pro-4.local,darwin,0,8.0464,124.28,KEM,True,2025-11-20T22:38:04.788361,,1301
FrodoKEM-1344-SHAKE,encap,0,64,2.0,1,1,0,MacBook-Pro-4.local,darwin,0,8.0908,123.6,KEM,True,2025-11-20T22:38:04.796493,,1302
FrodoKEM-1344-SHAKE,encap,0,64,2.0,1,1,0,MacBook-Pro-4.local,darwin,0,8.6079,116.17,KEM,True,2025-11-20T22:38:04.805163,,1303
FrodoKEM-1344-SHAKE,encap,0,64,2.0,1,1,0,MacBook-Pro-4.local,darwin,0,8.031,124.52,KEM,True,2025-11-20T22:38:04.813268,,1304
FrodoKEM-1344-SHAKE,encap,0,64,2.0,1,1,0,MacBook-Pro-4.local,darwin,0,8.4113,118.89,KEM,True,2025-11-20T22:38:04.821733,,1305
FrodoKEM-1344-SHAKE,encap,1024,1,2.0,1,1,0,MacBook-Pro-4.local,darwin,0,8.5649,116.76,KEM,True,2025-11-20T22:38:04.830423,,1306
FrodoKEM-1344-SHAKE,encap,1024,1,2.0,1,1,0,MacBook-Pro-4.local,darwin,0,8.6189,116.02,KEM,True,2025-11-20T22:38:04.839214,,1307
FrodoKEM-1344-SHAKE,encap,1024,1,2.0,1,1,0,MacBook-Pro-4.local,darwin,0,8.2089,121.82,KEM,True,2025-11-20T22:38:04.847509,,1308
FrodoKEM-1344-SHAKE,encap,1024,1,2.0,1,1,0,MacBook-Pro-4.local,darwin,0,8.1086,123.33,KEM,True,2025-11-20T22:38:04.855688,,1309
FrodoKEM-1344-SHAKE,encap,1024,1,2.0,1,1,0,MacBook-Pro-4.local,darwin,0,8.1977,121.99,KEM,True,2025-11-20T22:38:04.863932,,1310
FrodoKEM-1344-SHAKE,encap,1024,16,2.0,1,1,0,MacBook-Pro-4.local,darwin,0,8.0197,124.69,KEM,True,2025-11-20T22:38:04.872005,,1311
FrodoKEM-1344-SHAKE,encap,1024,16,2.0,1,1,0,MacBook-Pro-4.local,darwin,0,8.2797,120.78,KEM,True,2025-11-20T22:38:04.880331,,1312
FrodoKEM-1344-SHAKE,encap,1024,16,2.0,1,1,0,MacBook-Pro-4.local,darwin,0,8.029,124.55,KEM,True,2025-11-20T22:38:04.888425,,1313
FrodoKEM-1344-SHAKE,encap,1024,16,2.0,1,1,0,MacBook-Pro-4.local,darwin,0,8.1066,123.36,KEM,True,2025-11-20T22:38:04.896572,,1314
FrodoKEM-1344-SHAKE,encap,1024,16,2.0,1,1,0,MacBook-Pro-4.local,darwin,0,8.2372,121.4,KEM,True,2025-11-20T22:38:04.904862,,1315
FrodoKEM-1344-SHAKE,encap,1024,64,2.0,1,1,0,MacBook-Pro-4.local,darwin,0,8.6662,115.39,KEM,True,2025-11-20T22:38:04.913596,,1316
FrodoKEM-1344-SHAKE,encap,1024,64,2.0,1,1,0,MacBook-Pro-4.local,darwin,0,8.148,122.73,KEM,True,2025-11-20T22:38:04.921828,,1317
FrodoKEM-1344-SHAKE,encap,1024,64,2.0,1,1,0,MacBook-Pro-4.local,darwin,0,8.6138,116.09,KEM,True,2025-11-20T22:38:04.930518,,1318
FrodoKEM-1344-SHAKE,encap,1024,64,2.0,1,1,0,MacBook-Pro-4.local,darwin,0,8.054,124.16,KEM,True,2025-11-20T22:38:04.938644,,1319
FrodoKEM-1344-SHAKE,encap,1024,64,2.0,1,1,0,MacBook-Pro-4.local,darwin,0,8.2661,120.98,KEM,True,2025-11-20T22:38:04.946954,,1320
FrodoKEM-1344-SHAKE,decap,0,1,2.0,1,1,0,MacBook-Pro-4.local,darwin,0,12.5116,79.93,KEM,True,2025-11-20T22:38:04.959569,,1321
FrodoKEM-1344-SHAKE,decap,0,1,2.0,1,1,0,MacBook-Pro-4.local,darwin,0,12.9917,76.97,KEM,True,2025-11-20T22:38:04.972696,,1322
FrodoKEM-1344-SHAKE,decap,0,1,2.0,1,1,0,MacBook-Pro-4.local,darwin,0,12.0982,82.66,KEM,True,2025-11-20T22:38:04.984879,,1323
FrodoKEM-1344-SHAKE,decap,0,1,2.0,1,1,0,MacBook-Pro-4.local,darwin,0,13.3909,74.68,KEM,True,2025-11-20T22:38:04.998343,,1324
FrodoKEM-1344-SHAKE,decap,0,1,2.0,1,1,0,MacBook-Pro-4.local,darwin,0,12.7447,78.46,KEM,True,2025-11-20T22:38:05.011211,,1325
FrodoKEM-1344-SHAKE,decap,0,16,2.0,1,1,0,MacBook-Pro-4.local,darwin,0,12.1913,82.03,KEM,True,2025-11-20T22:38:05.023489,,1326
FrodoKEM-1344-SHAKE,decap,0,16,2.0,1,1,0,MacBook-Pro-4.local,darwin,0,12.5425,79.73,KEM,True,2025-11-20T22:38:05.036094,,1327
FrodoKEM-1344-SHAKE,decap,0,16,2.0,1,1,0,MacBook-Pro-4.local,darwin,0,12.8445,77.85,KEM,True,2025-11-20T22:38:05.049056,,1328
FrodoKEM-1344-SHAKE,decap,0,16,2.0,1,1,0,MacBook-Pro-4.local,darwin,0,12.3152,81.2,KEM,True,2025-11-20T22:38:05.061467,,1329
FrodoKEM-1344-SHAKE,decap,0,16,2.0,1,1,0,MacBook-Pro-4.local,darwin,0,12.5948,79.4,KEM,True,2025-11-20T22:38:05.074169,,1330
FrodoKEM-1344-SHAKE,decap,0,64,2.0,1,1,0,MacBook-Pro-4.local,darwin,0,12.985,77.01,KEM,True,2025-11-20T22:38:05.087244,,1331
FrodoKEM-1344-SHAKE,decap,0,64,2.0,1,1,0,MacBook-Pro-4.local,darwin,0,12.5425,79.73,KEM,True,2025-11-20T22:38:05.099883,,1332
FrodoKEM-1344-SHAKE,decap,0,64,2.0,1,1,0,MacBook-Pro-4.local,darwin,0,12.6055,79.33,KEM,True,2025-11-20T22:38:05.112609,,1333
FrodoKEM-1344-SHAKE,decap,0,64,2.0,1,1,0,MacBook-Pro-4.local,darwin,0,12.4865,80.09,KEM,True,2025-11-20T22:38:05.125184,,1334
FrodoKEM-1344-SHAKE,decap,0,64,2.0,1,1,0,MacBook-Pro-4.local,darwin,0,12.1382,82.38,KEM,True,2025-11-20T22:38:05.137403,,1335
FrodoKEM-1344-SHAKE,decap,1024,1,2.0,1,1,0,MacBook-Pro-4.local,darwin,0,12.7929,78.17,KEM,True,2025-11-20T22:38:05.150262,,1336
FrodoKEM-1344-SHAKE,decap,1024,1,2.0,1,1,0,MacBook-Pro-4.local,darwin,0,12.718,78.63,KEM,True,2025-11-20T22:38:05.163070,,1337
FrodoKEM-1344-SHAKE,decap,1024,1,2.0,1,1,0,MacBook-Pro-4.local,darwin,0,12.144,82.35,KEM,True,2025-11-20T22:38:05.175290,,1338
FrodoKEM-1344-SHAKE,decap,1024,1,2.0,1,1,0,MacBook-Pro-4.local,darwin,0,12.6414,79.11,KEM,True,2025-11-20T22:38:05.187983,,1339
FrodoKEM-1344-SHAKE,decap,1024,1,2.0,1,1,0,MacBook-Pro-4.local,darwin,0,12.2162,81.86,KEM,True,2025-11-20T22:38:05.200281,,1340
FrodoKEM-1344-SHAKE,decap,1024,16,2.0,1,1,0,MacBook-Pro-4.local,darwin,0,12.1114,82.57,KEM,True,2025-11-20T22:38:05.212461,,1341
FrodoKEM-1344-SHAKE,decap,1024,16,2.0,1,1,0,MacBook-Pro-4.local,darwin,0,12.2789,81.44,KEM,True,2025-11-20T22:38:05.224801,,1342
FrodoKEM-1344-SHAKE,decap,1024,16,2.0,1,1,0,MacBook-Pro-4.local,darwin,0,12.7694,78.31,KEM,True,2025-11-20T22:38:05.237654,,1343
FrodoKEM-1344-SHAKE,decap,1024,16,2.0,1,1,0,MacBook-Pro-4.local,darwin,0,12.6642,78.96,KEM,True,2025-11-20T22:38:05.250416,,1344
FrodoKEM-1344-SHAKE,decap,1024,16,2.0,1,1,0,MacBook-Pro-4.local,darwin,0,12.4612,80.25,KEM,True,2025-11-20T22:38:05.262973,,1345
FrodoKEM-1344-SHAKE,decap,1024,64,2.0,1,1,0,MacBook-Pro-4.local,darwin,0,12.1407,82.37,KEM,True,2025-11-20T22:38:05.275194,,1346
FrodoKEM-1344-SHAKE,decap,1024,64,2.0,1,1,0,MacBook-Pro-4.local,darwin,0,12.1528,82.29,KEM,True,2025-11-20T22:38:05.287395,,1347
FrodoKEM-1344-SHAKE,decap,1024,64,2.0,1,1,0,MacBook-Pro-4.local,darwin,0,12.2809,81.43,KEM,True,2025-11-20T22:38:05.299736,,1348
FrodoKEM-1344-SHAKE,decap,1024,64,2.0,1,1,0,MacBook-Pro-4.local,darwin,0,12.5844,79.46,KEM,True,2025-11-20T22:38:05.312445,,1349
FrodoKEM-1344-SHAKE,decap,1024,64,2.0,1,1,0,MacBook-Pro-4.local,darwin,0,12.623,79.22,KEM,True,2025-11-20T22:38:05.325206,,1350
FrodoKEM-640-AES,keygen,0,1,2.0,1,1,0,MacBook-Pro-4.local,darwin,0,0.5514,1813.51,KEM,True,2025-11-20T22:38:05.325894,,1351
FrodoKEM-640-AES,keygen,0,1,2.0,1,1,0,MacBook-Pro-4.local,darwin,0,0.4213,2373.88,KEM,True,2025-11-20T22:38:05.326357,,1352
FrodoKEM-640-AES,keygen,0,1,2.0,1,1,0,MacBook-Pro-4.local,darwin,0,0.4279,2337.16,KEM,True,2025-11-20T22:38:05.326832,,1353
FrodoKEM-640-AES,keygen,0,1,2.0,1,1,0,MacBook-Pro-4.local,darwin,0,0.3613,2767.97,KEM,True,2025-11-20T22:38:05.327224,,1354
FrodoKEM-640-AES,keygen,0,1,2.0,1,1,0,MacBook-Pro-4.local,darwin,0,0.3518,2842.57,KEM,True,2025-11-20T22:38:05.327600,,1355
FrodoKEM-640-AES,keygen,0,16,2.0,1,1,0,MacBook-Pro-4.local,darwin,0,0.3511,2848.28,KEM,True,2025-11-20T22:38:05.327974,,1356
FrodoKEM-640-AES,keygen,0,16,2.0,1,1,0,MacBook-Pro-4.local,darwin,0,0.3505,2853.08,KEM,True,2025-11-20T22:38:05.328347,,1357
FrodoKEM-640-AES,keygen,0,16,2.0,1,1,0,MacBook-Pro-4.local,darwin,0,0.3503,2855.05,KEM,True,2025-11-20T22:38:05.328719,,1358
FrodoKEM-640-AES,keygen,0,16,2.0,1,1,0,MacBook-Pro-4.local,darwin,0,0.3499,2857.78,KEM,True,2025-11-20T22:38:05.329090,,1359
FrodoKEM-640-AES,keygen,0,16,2.0,1,1,0,MacBook-Pro-4.local,darwin,0,0.3502,2855.68,KEM,True,2025-11-20T22:38:05.329462,,1360
FrodoKEM-640-AES,keygen,0,64,2.0,1,1,0,MacBook-Pro-4.local,darwin,0,0.3496,2860.05,KEM,True,2025-11-20T22:38:05.329834,,1361
FrodoKEM-640-AES,keygen,0,64,2.0,1,1,0,MacBook-Pro-4.local,darwin,0,0.351,2849.06,KEM,True,2025-11-20T22:38:05.330207,,1362
FrodoKEM-640-AES,keygen,0,64,2.0,1,1,0,MacBook-Pro-4.local,darwin,0,0.3501,2856.39,KEM,True,2025-11-20T22:38:05.330578,,1363
FrodoKEM-640-AES,keygen,0,64,2.0,1,1,0,MacBook-Pro-4.local,darwin,0,0.3502,2855.84,KEM,True,2025-11-20T22:38:05.330950,,1364
FrodoKEM-640-AES,keygen,0,64,2.0,1,1,0,MacBook-Pro-4.local,darwin,0,0.3494,2862.39,KEM,True,2025-11-20T22:38:05.331320,,1365
FrodoKEM-640-AES,keygen,1024,1,2.0,1,1,0,MacBook-Pro-4.local,darwin,0,0.3496,2860.35,KEM,True,2025-11-20T22:38:05.331692,,1366
FrodoKEM-640-AES,keygen,1024,1,2.0,1,1,0,MacBook-Pro-4.local,darwin,0,0.3486,2868.9,KEM,True,2025-11-20T22:38:05.332062,,1367
FrodoKEM-640-AES,keygen,1024,1,2.0,1,1,0,MacBook-Pro-4.local,darwin,0,0.3499,2857.58,KEM,True,2025-11-20T22:38:05.332434,,1368
FrodoKEM-640-AES,keygen,1024,1,2.0,1,1,0,MacBook-Pro-4.local,darwin,0,0.3487,2867.92,KEM,True,2025-11-20T22:38:05.332804,,1369
FrodoKEM-640-AES,keygen,1024,1,2.0,1,1,0,MacBook-Pro-4.local,darwin,0,0.3488,2867.08,KEM,True,2025-11-20T22:38:05.333174,,1370
FrodoKEM-640-AES,keygen,1024,16,2.0,1,1,0,MacBook-Pro-4.local,darwin,0,0.3488,2866.64,KEM,True,2025-11-20T22:38:05.333545,,1371
FrodoKEM-640-AES,keygen,1024,16,2.0,1,1,0,MacBook-Pro-4.local,darwin,0,0.3497,2859.5,KEM,True,2025-11-20T22:38:05.333916,,1372
FrodoKEM-640-AES,keygen,1024,16,2.0,1,1,0,MacBook-Pro-4.local,darwin,0,0.3624,2759.3,KEM,True,2025-11-20T22:38:05.334300,,1373
FrodoKEM-640-AES,keygen,1024,16,2.0,1,1,0,MacBook-Pro-4.local,darwin,0,0.46,2173.96,KEM,True,2025-11-20T22:38:05.334789,,1374
FrodoKEM-640-AES,keygen,1024,16,2.0,1,1,0,MacBook-Pro-4.local,darwin,0,0.3949,2532.04,KEM,True,2025-11-20T22:38:05.335233,,1375
FrodoKEM-640-AES,keygen,1024,64,2.0,1,1,0,MacBook-Pro-4.local,darwin,0,0.3765,2655.78,KEM,True,2025-11-20T22:38:05.335642,,1376
FrodoKEM-640-AES,keygen,1024,64,2.0,1,1,0,MacBook-Pro-4.local,darwin,0,0.3651,2738.77,KEM,True,2025-11-20T22:38:05.336044,,1377
FrodoKEM-640-AES,keygen,1024,64,2.0,1,1,0,MacBook-Pro-4.local,darwin,0,0.5049,1980.57,KEM,True,2025-11-20T22:38:05.336589,,1378
FrodoKEM-640-AES,keygen,1024,64,2.0,1,1,0,MacBook-Pro-4.local,darwin,0,0.5044,1982.41,KEM,True,2025-11-20T22:38:05.337199,,1379
FrodoKEM-640-AES,keygen,1024,64,2.0,1,1,0,MacBook-Pro-4.local,darwin,0,0.3913,2555.3,KEM,True,2025-11-20T22:38:05.337637,,1380
FrodoKEM-640-AES,encap,0,1,2.0,1,1,0,MacBook-Pro-4.local,darwin,0,0.9336,1071.15,KEM,True,2025-11-20T22:38:05.338606,,1381
FrodoKEM-640-AES,encap,0,1,2.0,1,1,0,MacBook-Pro-4.local,darwin,0,0.8452,1183.09,KEM,True,2025-11-20T22:38:05.339481,,1382
FrodoKEM-640-AES,encap,0,1,2.0,1,1,0,MacBook-Pro-4.local,darwin,0,0.8403,1189.98,KEM,True,2025-11-20T22:38:05.340346,,1383
FrodoKEM-640-AES,encap,0,1,2.0,1,1,0,MacBook-Pro-4.local,darwin,0,0.8406,1189.69,KEM,True,2025-11-20T22:38:05.341211,,1384
FrodoKEM-640-AES,encap,0,1,2.0,1,1,0,MacBook-Pro-4.local,darwin,0,0.8379,1193.49,KEM,True,2025-11-20T22:38:05.342073,,1385
FrodoKEM-640-AES,encap,0,16,2.0,1,1,0,MacBook-Pro-4.local,darwin,0,0.9833,1017.01,KEM,True,2025-11-20T22:38:05.343087,,1386
FrodoKEM-640-AES,encap,0,16,2.0,1,1,0,MacBook-Pro-4.local,darwin,0,0.903,1107.42,KEM,True,2025-11-20T22:38:05.344065,,1387
FrodoKEM-640-AES,encap,0,16,2.0,1,1,0,MacBook-Pro-4.local,darwin,0,0.882,1133.8,KEM,True,2025-11-20T22:38:05.344983,,1388
FrodoKEM-640-AES,encap,0,16,2.0,1,1,0,MacBook-Pro-4.local,darwin,0,0.8702,1149.17,KEM,True,2025-11-20T22:38:05.345880,,1389
FrodoKEM-640-AES,encap,0,16,2.0,1,1,0,MacBook-Pro-4.local,darwin,0,0.8789,1137.74,KEM,True,2025-11-20T22:38:05.346788,,1390
FrodoKEM-640-AES,encap,0,64,2.0,1,1,0,MacBook-Pro-4.local,darwin,0,0.846,1181.97,KEM,True,2025-11-20T22:38:05.347662,,1391
FrodoKEM-640-AES,encap,0,64,2.0,1,1,0,MacBook-Pro-4.local,darwin,0,0.8485,1178.61,KEM,True,2025-11-20T22:38:05.348539,,1392
FrodoKEM-640-AES,encap,0,64,2.0,1,1,0,MacBook-Pro-4.local,darwin,0,0.8798,1136.63,KEM,True,2025-11-20T22:38:05.349448,,1393
FrodoKEM-640-AES,encap,0,64,2.0,1,1,0,MacBook-Pro-4.local,darwin,0,0.8695,1150.03,KEM,True,2025-11-20T22:38:05.350346,,1394
FrodoKEM-640-AES,encap,0,64,2.0,1,1,0,MacBook-Pro-4.local,darwin,0,0.8734,1144.9,KEM,True,2025-11-20T22:38:05.351249,,1395
FrodoKEM-640-AES,encap,1024,1,2.0,1,1,0,MacBook-Pro-4.local,darwin,0,0.9791,1021.37,KEM,True,2025-11-20T22:38:05.352267,,1396
FrodoKEM-640-AES,encap,1024,1,2.0,1,1,0,MacBook-Pro-4.local,darwin,0,1.0782,927.51,KEM,True,2025-11-20T22:38:05.353418,,1397
FrodoKEM-640-AES,encap,1024,1,2.0,1,1,0,MacBook-Pro-4.local,darwin,0,1.1313,883.92,KEM,True,2025-11-20T22:38:05.354619,,1398
FrodoKEM-640-AES,encap,1024,1,2.0,1,1,0,MacBook-Pro-4.local,darwin,0,1.0174,982.9,KEM,True,2025-11-20T22:38:05.355752,,1399
FrodoKEM-640-AES,encap,1024,1,2.0,1,1,0,MacBook-Pro-4.local,darwin,0,0.9459,1057.24,KEM,True,2025-11-20T22:38:05.356739,,1400
FrodoKEM-640-AES,encap,1024,16,2.0,1,1,0,MacBook-Pro-4.local,darwin,0,0.9091,1100.01,KEM,True,2025-11-20T22:38:05.357682,,1401
FrodoKEM-640-AES,encap,1024,16,2.0,1,1,0,MacBook-Pro-4.local,darwin,0,0.8504,1175.96,KEM,True,2025-11-20T22:38:05.358561,,1402
FrodoKEM-640-AES,encap,1024,16,2.0,1,1,0,MacBook-Pro-4.local,darwin,0,0.8805,1135.77,KEM,True,2025-11-20T22:38:05.359468,,1403
FrodoKEM-640-AES,encap,1024,16,2.0,1,1,0,MacBook-Pro-4.local,darwin,0,0.9535,1048.76,KEM,True,2025-11-20T22:38:05.360482,,1404
FrodoKEM-640-AES,encap,1024,16,2.0,1,1,0,MacBook-Pro-4.local,darwin,0,0.9051,1104.86,KEM,True,2025-11-20T22:38:05.361434,,1405
FrodoKEM-640-AES,encap,1024,64,2.0,1,1,0,MacBook-Pro-4.local,darwin,0,0.865,1156.04,KEM,True,2025-11-20T22:38:05.362334,,1406
FrodoKEM-640-AES,encap,1024,64,2.0,1,1,0,MacBook-Pro-4.local,darwin,0,0.9088,1100.38,KEM,True,2025-11-20T22:38:05.363272,,1407
FrodoKEM-640-AES,encap,1024,64,2.0,1,1,0,MacBook-Pro-4.local,darwin,0,0.8721,1146.67,KEM,True,2025-11-20T22:38:05.364174,,1408
FrodoKEM-640-AES,encap,1024,64,2.0,1,1,0,MacBook-Pro-4.local,darwin,0,0.8464,1181.51,KEM,True,2025-11-20T22:38:05.365049,,1409
FrodoKEM-640-AES,encap,1024,64,2.0,1,1,0,MacBook-Pro-4.local,darwin,0,0.8467,1181.09,KEM,True,2025-11-20T22:38:05.365921,,1410
FrodoKEM-640-AES,decap,0,1,2.0,1,1,0,MacBook-Pro-4.local,darwin,0,1.565,638.99,KEM,True,2025-11-20T22:38:05.367522,,1411
FrodoKEM-640-AES,decap,0,1,2.0,1,1,0,MacBook-Pro-4.local,darwin,0,1.4454,691.83,KEM,True,2025-11-20T22:38:05.369029,,1412
FrodoKEM-640-AES,decap,0,1,2.0,1,1,0,MacBook-Pro-4.local,darwin,0,1.4098,709.34,KEM,True,2025-11-20T22:38:05.370488,,1413
FrodoKEM-640-AES,decap,0,1,2.0,1,1,0,MacBook-Pro-4.local,darwin,0,1.4687,680.88,KEM,True,2025-11-20T22:38:05.372044,,1414
FrodoKEM-640-AES,decap,0,1,2.0,1,1,0,MacBook-Pro-4.local,darwin,0,1.6,625.0,KEM,True,2025-11-20T22:38:05.373701,,1415
FrodoKEM-640-AES,decap,0,16,2.0,1,1,0,MacBook-Pro-4.local,darwin,0,1.326,754.16,KEM,True,2025-11-20T22:38:05.375133,,1416
FrodoKEM-640-AES,decap,0,16,2.0,1,1,0,MacBook-Pro-4.local,darwin,0,1.3059,765.76,KEM,True,2025-11-20T22:38:05.376471,,1417
FrodoKEM-640-AES,decap,0,16,2.0,1,1,0,MacBook-Pro-4.local,darwin,0,1.5006,666.4,KEM,True,2025-11-20T22:38:05.378002,,1418
FrodoKEM-640-AES,decap,0,16,2.0,1,1,0,MacBook-Pro-4.local,darwin,0,1.3784,725.48,KEM,True,2025-11-20T22:38:05.379489,,1419
FrodoKEM-640-AES,decap,0,16,2.0,1,1,0,MacBook-Pro-4.local,darwin,0,1.3092,763.8,KEM,True,2025-11-20T22:38:05.380841,,1420
FrodoKEM-640-AES,decap,0,64,2.0,1,1,0,MacBook-Pro-4.local,darwin,0,1.2947,772.38,KEM,True,2025-11-20T22:38:05.382165,,1421
FrodoKEM-640-AES,decap,0,64,2.0,1,1,0,MacBook-Pro-4.local,darwin,0,1.2929,773.44,KEM,True,2025-11-20T22:38:05.383483,,1422
FrodoKEM-640-AES,decap,0,64,2.0,1,1,0,MacBook-Pro-4.local,darwin,0,1.2982,770.32,KEM,True,2025-11-20T22:38:05.384806,,1423
FrodoKEM-640-AES,decap,0,64,2.0,1,1,0,MacBook-Pro-4.local,darwin,0,1.2896,775.41,KEM,True,2025-11-20T22:38:05.386120,,1424
FrodoKEM-640-AES,decap,0,64,2.0,1,1,0,MacBook-Pro-4.local,darwin,0,1.2972,770.86,KEM,True,2025-11-20T22:38:05.387441,,1425
FrodoKEM-640-AES,decap,1024,1,2.0,1,1,0,MacBook-Pro-4.local,darwin,0,1.2893,775.62,KEM,True,2025-11-20T22:38:05.388756,,1426
FrodoKEM-640-AES,decap,1024,1,2.0,1,1,0,MacBook-Pro-4.local,darwin,0,1.4432,692.89,KEM,True,2025-11-20T22:38:05.390233,,1427
FrodoKEM-640-AES,decap,1024,1,2.0,1,1,0,MacBook-Pro-4.local,darwin,0,1.5981,625.74,KEM,True,2025-11-20T22:38:05.391900,,1428
FrodoKEM-640-AES,decap,1024,1,2.0,1,1,0,MacBook-Pro-4.local,darwin,0,1.5899,628.96,KEM,True,2025-11-20T22:38:05.393554,,1429
FrodoKEM-640-AES,decap,1024,1,2.0,1,1,0,MacBook-Pro-4.local,darwin,0,1.9581,510.7,KEM,True,2025-11-20T22:38:05.395689,,1430
FrodoKEM-640-AES,decap,1024,16,2.0,1,1,0,MacBook-Pro-4.local,darwin,0,1.3564,737.22,KEM,True,2025-11-20T22:38:05.397155,,1431
FrodoKEM-640-AES,decap,1024,16,2.0,1,1,0,MacBook-Pro-4.local,darwin,0,1.3493,741.1,KEM,True,2025-11-20T22:38:05.398552,,1432
FrodoKEM-640-AES,decap,1024,16,2.0,1,1,0,MacBook-Pro-4.local,darwin,0,1.3303,751.71,KEM,True,2025-11-20T22:38:05.399942,,1433
FrodoKEM-640-AES,decap,1024,16,2.0,1,1,0,MacBook-Pro-4.local,darwin,0,1.3237,755.45,KEM,True,2025-11-20T22:38:05.401295,,1434
FrodoKEM-640-AES,decap,1024,16,2.0,1,1,0,MacBook-Pro-4.local,darwin,0,1.3235,755.57,KEM,True,2025-11-20T22:38:05.402647,,1435
FrodoKEM-640-AES,decap,1024,64,2.0,1,1,0,MacBook-Pro-4.local,darwin,0,1.3187,758.35,KEM,True,2025-11-20T22:38:05.403995,,1436
FrodoKEM-640-AES,decap,1024,64,2.0,1,1,0,MacBook-Pro-4.local,darwin,0,1.3071,765.07,KEM,True,2025-11-20T22:38:05.405330,,1437
FrodoKEM-640-AES,decap,1024,64,2.0,1,1,0,MacBook-Pro-4.local,darwin,0,1.3212,756.89,KEM,True,2025-11-20T22:38:05.406680,,1438
FrodoKEM-640-AES,decap,1024,64,2.0,1,1,0,MacBook-Pro-4.local,darwin,0,1.3146,760.71,KEM,True,2025-11-20T22:38:05.408026,,1439
FrodoKEM-640-AES,decap,1024,64,2.0,1,1,0,MacBook-Pro-4.local,darwin,0,1.7348,576.45,KEM,True,2025-11-20T22:38:05.409827,,1440
FrodoKEM-640-SHAKE,keygen,0,1,2.0,1,1,0,MacBook-Pro-4.local,darwin,0,1.0969,911.64,KEM,True,2025-11-20T22:38:05.411062,,1441
FrodoKEM-640-SHAKE,keygen,0,1,2.0,1,1,0,MacBook-Pro-4.local,darwin,0,1.1445,873.76,KEM,True,2025-11-20T22:38:05.412254,,1442
FrodoKEM-640-SHAKE,keygen,0,1,2.0,1,1,0,MacBook-Pro-4.local,darwin,0,1.2533,797.91,KEM,True,2025-11-20T22:38:05.413578,,1443
FrodoKEM-640-SHAKE,keygen,0,1,2.0,1,1,0,MacBook-Pro-4.local,darwin,0,1.2447,803.41,KEM,True,2025-11-20T22:38:05.414908,,1444
FrodoKEM-640-SHAKE,keygen,0,1,2.0,1,1,0,MacBook-Pro-4.local,darwin,0,1.1343,881.63,KEM,True,2025-11-20T22:38:05.416088,,1445
FrodoKEM-640-SHAKE,keygen,0,16,2.0,1,1,0,MacBook-Pro-4.local,darwin,0,1.0784,927.32,KEM,True,2025-11-20T22:38:05.417231,,1446
FrodoKEM-640-SHAKE,keygen,0,16,2.0,1,1,0,MacBook-Pro-4.local,darwin,0,1.0606,942.85,KEM,True,2025-11-20T22:38:05.418320,,1447
FrodoKEM-640-SHAKE,keygen,0,16,2.0,1,1,0,MacBook-Pro-4.local,darwin,0,1.0916,916.06,KEM,True,2025-11-20T22:38:05.419435,,1448
FrodoKEM-640-SHAKE,keygen,0,16,2.0,1,1,0,MacBook-Pro-4.local,darwin,0,1.0577,945.49,KEM,True,2025-11-20T22:38:05.420517,,1449
FrodoKEM-640-SHAKE,keygen,0,16,2.0,1,1,0,MacBook-Pro-4.local,darwin,0,1.0597,943.63,KEM,True,2025-11-20T22:38:05.421599,,1450
FrodoKEM-640-SHAKE,keygen,0,64,2.0,1,1,0,MacBook-Pro-4.local,darwin,0,1.0455,956.48,KEM,True,2025-11-20T22:38:05.422667,,1451
FrodoKEM-640-SHAKE,keygen,0,64,2.0,1,1,0,MacBook-Pro-4.local,darwin,0,1.0582,945.02,KEM,True,2025-11-20T22:38:05.423747,,1452
FrodoKEM-640-SHAKE,keygen,0,64,2.0,1,1,0,MacBook-Pro-4.local,darwin,0,1.0613,942.25,KEM,True,2025-11-20T22:38:05.424831,,1453
FrodoKEM-640-SHAKE,keygen,0,64,2.0,1,1,0,MacBook-Pro-4.local,darwin,0,1.0588,944.5,KEM,True,2025-11-20T22:38:05.425912,,1454
FrodoKEM-640-SHAKE,keygen,0,64,2.0,1,1,0,MacBook-Pro-4.local,darwin,0,1.3094,763.7,KEM,True,2025-11-20T22:38:05.427250,,1455
FrodoKEM-640-SHAKE,keygen,1024,1,2.0,1,1,0,MacBook-Pro-4.local,darwin,0,1.0864,920.5,KEM,True,2025-11-20T22:38:05.428388,,1456
FrodoKEM-640-SHAKE,keygen,1024,1,2.0,1,1,0,MacBook-Pro-4.local,darwin,0,1.0523,950.29,KEM,True,2025-11-20T22:38:05.429470,,1457
FrodoKEM-640-SHAKE,keygen,1024,1,2.0,1,1,0,MacBook-Pro-4.local,darwin,0,1.0608,942.67,KEM,True,2025-11-20T22:38:05.430555,,1458
FrodoKEM-640-SHAKE,keygen,1024,1,2.0,1,1,0,MacBook-Pro-4.local,darwin,0,1.0538,948.95,KEM,True,2025-11-20T22:38:05.431632,,1459
FrodoKEM-640-SHAKE,keygen,1024,1,2.0,1,1,0,MacBook-Pro-4.local,darwin,0,1.053,949.63,KEM,True,2025-11-20T22:38:05.432707,,1460
FrodoKEM-640-SHAKE,keygen,1024,16,2.0,1,1,0,MacBook-Pro-4.local,darwin,0,1.0415,960.14,KEM,True,2025-11-20T22:38:05.433771,,1461
FrodoKEM-640-SHAKE,keygen,1024,16,2.0,1,1,0,MacBook-Pro-4.local,darwin,0,1.0407,960.9,KEM,True,2025-11-20T22:38:05.434834,,1462
FrodoKEM-640-SHAKE,keygen,1024,16,2.0,1,1,0,MacBook-Pro-4.local,darwin,0,1.0531,949.59,KEM,True,2025-11-20T22:38:05.435910,,1463
FrodoKEM-640-SHAKE,keygen,1024,16,2.0,1,1,0,MacBook-Pro-4.local,darwin,0,1.0455,956.51,KEM,True,2025-11-20T22:38:05.436977,,1464
FrodoKEM-640-SHAKE,keygen,1024,16,2.0,1,1,0,MacBook-Pro-4.local,darwin,0,1.053,949.7,KEM,True,2025-11-20T22:38:05.438053,,1465
FrodoKEM-640-SHAKE,keygen,1024,64,2.0,1,1,0,MacBook-Pro-4.local,darwin,0,1.0523,950.3,KEM,True,2025-11-20T22:38:05.439128,,1466
FrodoKEM-640-SHAKE,keygen,1024,64,2.0,1,1,0,MacBook-Pro-4.local,darwin,0,1.053,949.63,KEM,True,2025-11-20T22:38:05.440204,,1467
FrodoKEM-640-SHAKE,keygen,1024,64,2.0,1,1,0,MacBook-Pro-4.local,darwin,0,1.0537,949.06,KEM,True,2025-11-20T22:38:05.441279,,1468
FrodoKEM-640-SHAKE,keygen,1024,64,2.0,1,1,0,MacBook-Pro-4.local,darwin,0,1.0531,949.56,KEM,True,2025-11-20T22:38:05.442354,,1469
FrodoKEM-640-SHAKE,keygen,1024,64,2.0,1,1,0,MacBook-Pro-4.local,darwin,0,1.175,851.1,KEM,True,2025-11-20T22:38:05.443560,,1470
FrodoKEM-640-SHAKE,encap,0,1,2.0,1,1,0,MacBook-Pro-4.local,darwin,0,2.556,391.24,KEM,True,2025-11-20T22:38:05.446192,,1471
FrodoKEM-640-SHAKE,encap,0,1,2.0,1,1,0,MacBook-Pro-4.local,darwin,0,2.2213,450.18,KEM,True,2025-11-20T22:38:05.448515,,1472
FrodoKEM-640-SHAKE,encap,0,1,2.0,1,1,0,MacBook-Pro-4.local,darwin,0,2.3228,430.51,KEM,True,2025-11-20T22:38:05.450884,,1473
FrodoKEM-640-SHAKE,encap,0,1,2.0,1,1,0,MacBook-Pro-4.local,darwin,0,2.5266,395.79,KEM,True,2025-11-20T22:38:05.453503,,1474
FrodoKEM-640-SHAKE,encap,0,1,2.0,1,1,0,MacBook-Pro-4.local,darwin,0,2.2771,439.16,KEM,True,2025-11-20T22:38:05.455875,,1475
FrodoKEM-640-SHAKE,encap,0,16,2.0,1,1,0,MacBook-Pro-4.local,darwin,0,2.2358,447.27,KEM,True,2025-11-20T22:38:05.458159,,1476
FrodoKEM-640-SHAKE,encap,0,16,2.0,1,1,0,MacBook-Pro-4.local,darwin,0,2.3286,429.44,KEM,True,2025-11-20T22:38:05.460527,,1477
FrodoKEM-640-SHAKE,encap,0,16,2.0,1,1,0,MacBook-Pro-4.local,darwin,0,2.8905,345.96,KEM,True,2025-11-20T22:38:05.463479,,1478
FrodoKEM-640-SHAKE,encap,0,16,2.0,1,1,0,MacBook-Pro-4.local,darwin,0,2.2313,448.17,KEM,True,2025-11-20T22:38:05.465823,,1479
FrodoKEM-640-SHAKE,encap,0,16,2.0,1,1,0,MacBook-Pro-4.local,darwin,0,2.1897,456.69,KEM,True,2025-11-20T22:38:05.468046,,1480
FrodoKEM-640-SHAKE,encap,0,64,2.0,1,1,0,MacBook-Pro-4.local,darwin,0,2.2111,452.27,KEM,True,2025-11-20T22:38:05.470327,,1481
FrodoKEM-640-SHAKE,encap,0,64,2.0,1,1,0,MacBook-Pro-4.local,darwin,0,2.5312,395.07,KEM,True,2025-11-20T22:38:05.472904,,1482
FrodoKEM-640-SHAKE,encap,0,64,2.0,1,1,0,MacBook-Pro-4.local,darwin,0,2.5011,399.83,KEM,True,2025-11-20T22:38:05.475544,,1483
FrodoKEM-640-SHAKE,encap,0,64,2.0,1,1,0,MacBook-Pro-4.local,darwin,0,2.2395,446.53,KEM,True,2025-11-20T22:38:05.477835,,1484
FrodoKEM-640-SHAKE,encap,0,64,2.0,1,1,0,MacBook-Pro-4.local,darwin,0,2.3323,428.77,KEM,True,2025-11-20T22:38:05.480220,,1485
FrodoKEM-640-SHAKE,encap,1024,1,2.0,1,1,0,MacBook-Pro-4.local,darwin,0,2.2249,449.46,KEM,True,2025-11-20T22:38:05.482503,,1486
FrodoKEM-640-SHAKE,encap,1024,1,2.0,1,1,0,MacBook-Pro-4.local,darwin,0,2.1958,455.42,KEM,True,2025-11-20T22:38:05.484730,,1487
FrodoKEM-640-SHAKE,encap,1024,1,2.0,1,1,0,MacBook-Pro-4.local,darwin,0,2.1895,456.72,KEM,True,2025-11-20T22:38:05.486949,,1488
FrodoKEM-640-SHAKE,encap,1024,1,2.0,1,1,0,MacBook-Pro-4.local,darwin,0,2.1968,455.2,KEM,True,2025-11-20T22:38:05.489171,,1489
FrodoKEM-640-SHAKE,encap,1024,1,2.0,1,1,0,MacBook-Pro-4.local,darwin,0,2.1912,456.38,KEM,True,2025-11-20T22:38:05.491387,,1490
FrodoKEM-640-SHAKE,encap,1024,16,2.0,1,1,0,MacBook-Pro-4.local,darwin,0,2.2343,447.57,KEM,True,2025-11-20T22:38:05.493653,,1491
FrodoKEM-640-SHAKE,encap,1024,16,2.0,1,1,0,MacBook-Pro-4.local,darwin,0,2.3276,429.63,KEM,True,2025-11-20T22:38:05.496033,,1492
FrodoKEM-640-SHAKE,encap,1024,16,2.0,1,1,0,MacBook-Pro-4.local,darwin,0,2.2359,447.25,KEM,True,2025-11-20T22:38:05.498320,,1493
FrodoKEM-640-SHAKE,encap,1024,16,2.0,1,1,0,MacBook-Pro-4.local,darwin,0,2.208,452.89,KEM,True,2025-11-20T22:38:05.500563,,1494
FrodoKEM-640-SHAKE,encap,1024,16,2.0,1,1,0,MacBook-Pro-4.local,darwin,0,2.1994,454.67,KEM,True,2025-11-20T22:38:05.502795,,1495
FrodoKEM-640-SHAKE,encap,1024,64,2.0,1,1,0,MacBook-Pro-4.local,darwin,0,2.1931,455.97,KEM,True,2025-11-20T22:38:05.505018,,1496
FrodoKEM-640-SHAKE,encap,1024,64,2.0,1,1,0,MacBook-Pro-4.local,darwin,0,2.2065,453.21,KEM,True,2025-11-20T22:38:05.507255,,1497
FrodoKEM-640-SHAKE,encap,1024,64,2.0,1,1,0,MacBook-Pro-4.local,darwin,0,2.2361,447.21,KEM,True,2025-11-20T22:38:05.509521,,1498
FrodoKEM-640-SHAKE,encap,1024,64,2.0,1,1,0,MacBook-Pro-4.local,darwin,0,2.2706,440.4,KEM,True,2025-11-20T22:38:05.511825,,1499
FrodoKEM-640-SHAKE,encap,1024,64,2.0,1,1,0,MacBook-Pro-4.local,darwin,0,2.2377,446.9,KEM,True,2025-11-20T22:38:05.514112,,1500
FrodoKEM-640-SHAKE,decap,0,1,2.0,1,1,0,MacBook-Pro-4.local,darwin,0,3.8288,261.18,KEM,True,2025-11-20T22:38:05.517993,,1501
FrodoKEM-640-SHAKE,decap,0,1,2.0,1,1,0,MacBook-Pro-4.local,darwin,0,3.3581,297.79,KEM,True,2025-11-20T22:38:05.521426,,1502
FrodoKEM-640-SHAKE,decap,0,1,2.0,1,1,0,MacBook-Pro-4.local,darwin,0,3.3662,297.07,KEM,True,2025-11-20T22:38:05.524829,,1503
FrodoKEM-640-SHAKE,decap,0,1,2.0,1,1,0,MacBook-Pro-4.local,darwin,0,3.7223,268.65,KEM,True,2025-11-20T22:38:05.528607,,1504
FrodoKEM-640-SHAKE,decap,0,1,2.0,1,1,0,MacBook-Pro-4.local,darwin,0,3.3951,294.54,KEM,True,2025-11-20T22:38:05.532074,,1505
FrodoKEM-640-SHAKE,decap,0,16,2.0,1,1,0,MacBook-Pro-4.local,darwin,0,3.3097,302.14,KEM,True,2025-11-20T22:38:05.535433,,1506
FrodoKEM-640-SHAKE,decap,0,16,2.0,1,1,0,MacBook-Pro-4.local,darwin,0,3.2862,304.3,KEM,True,2025-11-20T22:38:05.538750,,1507
FrodoKEM-640-SHAKE,decap,0,16,2.0,1,1,0,MacBook-Pro-4.local,darwin,0,3.2905,303.91,KEM,True,2025-11-20T22:38:05.542067,,1508
FrodoKEM-640-SHAKE,decap,0,16,2.0,1,1,0,MacBook-Pro-4.local,darwin,0,3.3714,296.62,KEM,True,2025-11-20T22:38:05.545470,,1509
FrodoKEM-640-SHAKE,decap,0,16,2.0,1,1,0,MacBook-Pro-4.local,darwin,0,3.3283,300.46,KEM,True,2025-11-20T22:38:05.548854,,1510
FrodoKEM-640-SHAKE,decap,0,64,2.0,1,1,0,MacBook-Pro-4.local,darwin,0,3.3176,301.43,KEM,True,2025-11-20T22:38:05.552208,,1511
FrodoKEM-640-SHAKE,decap,0,64,2.0,1,1,0,MacBook-Pro-4.local,darwin,0,3.6623,273.05,KEM,True,2025-11-20T22:38:05.555912,,1512
FrodoKEM-640-SHAKE,decap,0,64,2.0,1,1,0,MacBook-Pro-4.local,darwin,0,3.3074,302.35,KEM,True,2025-11-20T22:38:05.559322,,1513
FrodoKEM-640-SHAKE,decap,0,64,2.0,1,1,0,MacBook-Pro-4.local,darwin,0,3.9755,251.54,KEM,True,2025-11-20T22:38:05.563348,,1514
FrodoKEM-640-SHAKE,decap,0,64,2.0,1,1,0,MacBook-Pro-4.local,darwin,0,3.7271,268.31,KEM,True,2025-11-20T22:38:05.567159,,1515
FrodoKEM-640-SHAKE,decap,1024,1,2.0,1,1,0,MacBook-Pro-4.local,darwin,0,3.3979,294.3,KEM,True,2025-11-20T22:38:05.570632,,1516
FrodoKEM-640-SHAKE,decap,1024,1,2.0,1,1,0,MacBook-Pro-4.local,darwin,0,3.309,302.21,KEM,True,2025-11-20T22:38:05.573991,,1517
FrodoKEM-640-SHAKE,decap,1024,1,2.0,1,1,0,MacBook-Pro-4.local,darwin,0,3.3245,300.8,KEM,True,2025-11-20T22:38:05.577354,,1518
FrodoKEM-640-SHAKE,decap,1024,1,2.0,1,1,0,MacBook-Pro-4.local,darwin,0,3.3238,300.86,KEM,True,2025-11-20T22:38:05.580724,,1519
FrodoKEM-640-SHAKE,decap,1024,1,2.0,1,1,0,MacBook-Pro-4.local,darwin,0,3.2827,304.63,KEM,True,2025-11-20T22:38:05.584036,,1520
FrodoKEM-640-SHAKE,decap,1024,16,2.0,1,1,0,MacBook-Pro-4.local,darwin,0,3.2914,303.82,KEM,True,2025-11-20T22:38:05.587355,,1521
FrodoKEM-640-SHAKE,decap,1024,16,2.0,1,1,0,MacBook-Pro-4.local,darwin,0,3.3149,301.67,KEM,True,2025-11-20T22:38:05.590697,,1522
FrodoKEM-640-SHAKE,decap,1024,16,2.0,1,1,0,MacBook-Pro-4.local,darwin,0,3.6794,271.79,KEM,True,2025-11-20T22:38:05.594414,,1523
FrodoKEM-640-SHAKE,decap,1024,16,2.0,1,1,0,MacBook-Pro-4.local,darwin,0,3.3384,299.54,KEM,True,2025-11-20T22:38:05.597928,,1524
FrodoKEM-640-SHAKE,decap,1024,16,2.0,1,1,0,MacBook-Pro-4.local,darwin,0,3.3359,299.77,KEM,True,2025-11-20T22:38:05.601308,,1525
FrodoKEM-640-SHAKE,decap,1024,64,2.0,1,1,0,MacBook-Pro-4.local,darwin,0,3.2985,303.17,KEM,True,2025-11-20T22:38:05.604643,,1526
FrodoKEM-640-SHAKE,decap,1024,64,2.0,1,1,0,MacBook-Pro-4.local,darwin,0,3.3391,299.49,KEM,True,2025-11-20T22:38:05.608014,,1527
FrodoKEM-640-SHAKE,decap,1024,64,2.0,1,1,0,MacBook-Pro-4.local,darwin,0,3.4028,293.88,KEM,True,2025-11-20T22:38:05.611451,,1528
FrodoKEM-640-SHAKE,decap,1024,64,2.0,1,1,0,MacBook-Pro-4.local,darwin,0,3.348,298.69,KEM,True,2025-11-20T22:38:05.614836,,1529
FrodoKEM-640-SHAKE,decap,1024,64,2.0,1,1,0,MacBook-Pro-4.local,darwin,0,3.2888,304.06,KEM,True,2025-11-20T22:38:05.618154,,1530
FrodoKEM-976-AES,keygen,0,1,2.0,1,1,0,MacBook-Pro-4.local,darwin,0,0.7627,1311.17,KEM,True,2025-11-20T22:38:05.618949,,1531
FrodoKEM-976-AES,keygen,0,1,2.0,1,1,0,MacBook-Pro-4.local,darwin,0,0.6854,1458.92,KEM,True,2025-11-20T22:38:05.619664,,1532
FrodoKEM-976-AES,keygen,0,1,2.0,1,1,0,MacBook-Pro-4.local,darwin,0,0.6849,1460.06,KEM,True,2025-11-20T22:38:05.620372,,1533
FrodoKEM-976-AES,keygen,0,1,2.0,1,1,0,MacBook-Pro-4.local,darwin,0,0.6831,1463.93,KEM,True,2025-11-20T22:38:05.621079,,1534
FrodoKEM-976-AES,keygen,0,1,2.0,1,1,0,MacBook-Pro-4.local,darwin,0,0.6816,1467.19,KEM,True,2025-11-20T22:38:05.621784,,1535
FrodoKEM-976-AES,keygen,0,16,2.0,1,1,0,MacBook-Pro-4.local,darwin,0,0.6812,1468.04,KEM,True,2025-11-20T22:38:05.622487,,1536
FrodoKEM-976-AES,keygen,0,16,2.0,1,1,0,MacBook-Pro-4.local,darwin,0,0.68,1470.57,KEM,True,2025-11-20T22:38:05.623189,,1537
FrodoKEM-976-AES,keygen,0,16,2.0,1,1,0,MacBook-Pro-4.local,darwin,0,0.6836,1462.92,KEM,True,2025-11-20T22:38:05.623895,,1538
FrodoKEM-976-AES,keygen,0,16,2.0,1,1,0,MacBook-Pro-4.local,darwin,0,0.6801,1470.32,KEM,True,2025-11-20T22:38:05.624596,,1539
FrodoKEM-976-AES,keygen,0,16,2.0,1,1,0,MacBook-Pro-4.local,darwin,0,0.6803,1470.05,KEM,True,2025-11-20T22:38:05.625298,,1540
FrodoKEM-976-AES,keygen,0,64,2.0,1,1,0,MacBook-Pro-4.local,darwin,0,0.6885,1452.4,KEM,True,2025-11-20T22:38:05.626012,,1541
FrodoKEM-976-AES,keygen,0,64,2.0,1,1,0,MacBook-Pro-4.local,darwin,0,0.7385,1354.19,KEM,True,2025-11-20T22:38:05.626784,,1542
FrodoKEM-976-AES,keygen,0,64,2.0,1,1,0,MacBook-Pro-4.local,darwin,0,1.0394,962.06,KEM,True,2025-11-20T22:38:05.627870,,1543
FrodoKEM-976-AES,keygen,0,64,2.0,1,1,0,MacBook-Pro-4.local,darwin,0,0.783,1277.07,KEM,True,2025-11-20T22:38:05.628739,,1544
FrodoKEM-976-AES,keygen,0,64,2.0,1,1,0,MacBook-Pro-4.local,darwin,0,0.6995,1429.56,KEM,True,2025-11-20T22:38:05.629487,,1545
FrodoKEM-976-AES,keygen,1024,1,2.0,1,1,0,MacBook-Pro-4.local,darwin,0,0.6903,1448.6,KEM,True,2025-11-20T22:38:05.630252,,1546
FrodoKEM-976-AES,keygen,1024,1,2.0,1,1,0,MacBook-Pro-4.local,darwin,0,0.6836,1462.76,KEM,True,2025-11-20T22:38:05.630962,,1547
FrodoKEM-976-AES,keygen,1024,1,2.0,1,1,0,MacBook-Pro-4.local,darwin,0,0.6817,1467.0,KEM,True,2025-11-20T22:38:05.631667,,1548
FrodoKEM-976-AES,keygen,1024,1,2.0,1,1,0,MacBook-Pro-4.local,darwin,0,0.6975,1433.78,KEM,True,2025-11-20T22:38:05.632387,,1549
FrodoKEM-976-AES,keygen,1024,1,2.0,1,1,0,MacBook-Pro-4.local,darwin,0,0.6829,1464.3,KEM,True,2025-11-20T22:38:05.633092,,1550
FrodoKEM-976-AES,keygen,1024,16,2.0,1,1,0,MacBook-Pro-4.local,darwin,0,0.6843,1461.39,KEM,True,2025-11-20T22:38:05.633799,,1551
FrodoKEM-976-AES,keygen,1024,16,2.0,1,1,0,MacBook-Pro-4.local,darwin,0,0.6827,1464.72,KEM,True,2025-11-20T22:38:05.634505,,1552
FrodoKEM-976-AES,keygen,1024,16,2.0,1,1,0,MacBook-Pro-4.local,darwin,0,0.6864,1456.86,KEM,True,2025-11-20T22:38:05.635214,,1553
FrodoKEM-976-AES,keygen,1024,16,2.0,1,1,0,MacBook-Pro-4.local,darwin,0,0.7393,1352.72,KEM,True,2025-11-20T22:38:05.635980,,1554
FrodoKEM-976-AES,keygen,1024,16,2.0,1,1,0,MacBook-Pro-4.local,darwin,0,0.816,1225.43,KEM,True,2025-11-20T22:38:05.636842,,1555
FrodoKEM-976-AES,keygen,1024,64,2.0,1,1,0,MacBook-Pro-4.local,darwin,0,0.7927,1261.44,KEM,True,2025-11-20T22:38:05.637706,,1556
FrodoKEM-976-AES,keygen,1024,64,2.0,1,1,0,MacBook-Pro-4.local,darwin,0,0.821,1218.02,KEM,True,2025-11-20T22:38:05.638577,,1557
FrodoKEM-976-AES,keygen,1024,64,2.0,1,1,0,MacBook-Pro-4.local,darwin,0,0.7024,1423.79,KEM,True,2025-11-20T22:38:05.639323,,1558
FrodoKEM-976-AES,keygen,1024,64,2.0,1,1,0,MacBook-Pro-4.local,darwin,0,0.7386,1353.85,KEM,True,2025-11-20T22:38:05.640092,,1559
FrodoKEM-976-AES,keygen,1024,64,2.0,1,1,0,MacBook-Pro-4.local,darwin,0,0.6899,1449.55,KEM,True,2025-11-20T22:38:05.640812,,1560
FrodoKEM-976-AES,encap,0,1,2.0,1,1,0,MacBook-Pro-4.local,darwin,0,1.6828,594.23,KEM,True,2025-11-20T22:38:05.642526,,1561
FrodoKEM-976-AES,encap,0,1,2.0,1,1,0,MacBook-Pro-4.local,darwin,0,2.0014,499.64,KEM,True,2025-11-20T22:38:05.644574,,1562
FrodoKEM-976-AES,encap,0,1,2.0,1,1,0,MacBook-Pro-4.local,darwin,0,1.9236,519.85,KEM,True,2025-11-20T22:38:05.646592,,1563
FrodoKEM-976-AES,encap,0,1,2.0,1,1,0,MacBook-Pro-4.local,darwin,0,1.6774,596.18,KEM,True,2025-11-20T22:38:05.648333,,1564
FrodoKEM-976-AES,encap,0,1,2.0,1,1,0,MacBook-Pro-4.local,darwin,0,1.6442,608.19,KEM,True,2025-11-20T22:38:05.650009,,1565
FrodoKEM-976-AES,encap,0,16,2.0,1,1,0,MacBook-Pro-4.local,darwin,0,1.6435,608.47,KEM,True,2025-11-20T22:38:05.651688,,1566
FrodoKEM-976-AES,encap,0,16,2.0,1,1,0,MacBook-Pro-4.local,darwin,0,1.6119,620.4,KEM,True,2025-11-20T22:38:05.653332,,1567
FrodoKEM-976-AES,encap,0,16,2.0,1,1,0,MacBook-Pro-4.local,darwin,0,1.6064,622.53,KEM,True,2025-11-20T22:38:05.654964,,1568
FrodoKEM-976-AES,encap,0,16,2.0,1,1,0,MacBook-Pro-4.local,darwin,0,1.6118,620.42,KEM,True,2025-11-20T22:38:05.656605,,1569
FrodoKEM-976-AES,encap,0,16,2.0,1,1,0,MacBook-Pro-4.local,darwin,0,1.8363,544.57,KEM,True,2025-11-20T22:38:05.658487,,1570
FrodoKEM-976-AES,encap,0,64,2.0,1,1,0,MacBook-Pro-4.local,darwin,0,1.94,515.48,KEM,True,2025-11-20T22:38:05.660540,,1571
FrodoKEM-976-AES,encap,0,64,2.0,1,1,0,MacBook-Pro-4.local,darwin,0,1.7896,558.8,KEM,True,2025-11-20T22:38:05.662451,,1572
FrodoKEM-976-AES,encap,0,64,2.0,1,1,0,MacBook-Pro-4.local,darwin,0,1.8712,534.42,KEM,True,2025-11-20T22:38:05.664401,,1573
FrodoKEM-976-AES,encap,0,64,2.0,1,1,0,MacBook-Pro-4.local,darwin,0,1.645,607.9,KEM,True,2025-11-20T22:38:05.666142,,1574
FrodoKEM-976-AES,encap,0,64,2.0,1,1,0,MacBook-Pro-4.local,darwin,0,1.611,620.73,KEM,True,2025-11-20T22:38:05.667784,,1575
FrodoKEM-976-AES,encap,1024,1,2.0,1,1,0,MacBook-Pro-4.local,darwin,0,1.6059,622.69,KEM,True,2025-11-20T22:38:05.669419,,1576
FrodoKEM-976-AES,encap,1024,1,2.0,1,1,0,MacBook-Pro-4.local,darwin,0,1.6042,623.38,KEM,True,2025-11-20T22:38:05.671048,,1577
FrodoKEM-976-AES,encap,1024,1,2.0,1,1,0,MacBook-Pro-4.local,darwin,0,1.6063,622.55,KEM,True,2025-11-20T22:38:05.672678,,1578
FrodoKEM-976-AES,encap,1024,1,2.0,1,1,0,MacBook-Pro-4.local,darwin,0,1.632,612.75,KEM,True,2025-11-20T22:38:05.674335,,1579
FrodoKEM-976-AES,encap,1024,1,2.0,1,1,0,MacBook-Pro-4.local,darwin,0,1.6042,623.38,KEM,True,2025-11-20T22:38:05.675964,,1580
FrodoKEM-976-AES,encap,1024,16,2.0,1,1,0,MacBook-Pro-4.local,darwin,0,1.8132,551.52,KEM,True,2025-11-20T22:38:05.677810,,1581
FrodoKEM-976-AES,encap,1024,16,2.0,1,1,0,MacBook-Pro-4.local,darwin,0,1.9298,518.18,KEM,True,2025-11-20T22:38:05.679807,,1582
FrodoKEM-976-AES,encap,1024,16,2.0,1,1,0,MacBook-Pro-4.local,darwin,0,1.8876,529.78,KEM,True,2025-11-20T22:38:05.681787,,1583
FrodoKEM-976-AES,encap,1024,16,2.0,1,1,0,MacBook-Pro-4.local,darwin,0,1.6785,595.77,KEM,True,2025-11-20T22:38:05.683530,,1584
FrodoKEM-976-AES,encap,1024,16,2.0,1,1,0,MacBook-Pro-4.local,darwin,0,1.6137,619.71,KEM,True,2025-11-20T22:38:05.685188,,1585
FrodoKEM-976-AES,encap,1024,64,2.0,1,1,0,MacBook-Pro-4.local,darwin,0,1.6067,622.38,KEM,True,2025-11-20T22:38:05.686825,,1586
FrodoKEM-976-AES,encap,1024,64,2.0,1,1,0,MacBook-Pro-4.local,darwin,0,1.6071,622.24,KEM,True,2025-11-20T22:38:05.688458,,1587
FrodoKEM-976-AES,encap,1024,64,2.0,1,1,0,MacBook-Pro-4.local,darwin,0,1.604,623.44,KEM,True,2025-11-20T22:38:05.690086,,1588
FrodoKEM-976-AES,encap,1024,64,2.0,1,1,0,MacBook-Pro-4.local,darwin,0,1.5999,625.04,KEM,True,2025-11-20T22:38:05.691710,,1589
FrodoKEM-976-AES,encap,1024,64,2.0,1,1,0,MacBook-Pro-4.local,darwin,0,1.7584,568.7,KEM,True,2025-11-20T22:38:05.693500,,1590
FrodoKEM-976-AES,decap,0,1,2.0,1,1,0,MacBook-Pro-4.local,darwin,0,2.5608,390.51,KEM,True,2025-11-20T22:38:05.696130,,1591
FrodoKEM-976-AES,decap,0,1,2.0,1,1,0,MacBook-Pro-4.local,darwin,0,2.5514,391.95,KEM,True,2025-11-20T22:38:05.698731,,1592
FrodoKEM-976-AES,decap,0,1,2.0,1,1,0,MacBook-Pro-4.local,darwin,0,2.8768,347.61,KEM,True,2025-11-20T22:38:05.701679,,1593
FrodoKEM-976-AES,decap,0,1,2.0,1,1,0,MacBook-Pro-4.local,darwin,0,2.5647,389.91,KEM,True,2025-11-20T22:38:05.704312,,1594
FrodoKEM-976-AES,decap,0,1,2.0,1,1,0,MacBook-Pro-4.local,darwin,0,2.5198,396.85,KEM,True,2025-11-20T22:38:05.706873,,1595
FrodoKEM-976-AES,decap,0,16,2.0,1,1,0,MacBook-Pro-4.local,darwin,0,2.5663,389.67,KEM,True,2025-11-20T22:38:05.709487,,1596
FrodoKEM-976-AES,decap,0,16,2.0,1,1,0,MacBook-Pro-4.local,darwin,0,3.2345,309.17,KEM,True,2025-11-20T22:38:05.712775,,1597
FrodoKEM-976-AES,decap,0,16,2.0,1,1,0,MacBook-Pro-4.local,darwin,0,2.5801,387.58,KEM,True,2025-11-20T22:38:05.715457,,1598
FrodoKEM-976-AES,decap,0,16,2.0,1,1,0,MacBook-Pro-4.local,darwin,0,2.674,373.97,KEM,True,2025-11-20T22:38:05.718182,,1599
FrodoKEM-976-AES,decap,0,16,2.0,1,1,0,MacBook-Pro-4.local,darwin,0,2.7386,365.14,KEM,True,2025-11-20T22:38:05.720998,,1600
FrodoKEM-976-AES,decap,0,64,2.0,1,1,0,MacBook-Pro-4.local,darwin,0,2.4877,401.98,KEM,True,2025-11-20T22:38:05.723538,,1601
FrodoKEM-976-AES,decap,0,64,2.0,1,1,0,MacBook-Pro-4.local,darwin,0,2.4695,404.94,KEM,True,2025-11-20T22:38:05.726038,,1602
FrodoKEM-976-AES,decap,0,64,2.0,1,1,0,MacBook-Pro-4.local,darwin,0,2.5076,398.79,KEM,True,2025-11-20T22:38:05.728578,,1603
FrodoKEM-976-AES,decap,0,64,2.0,1,1,0,MacBook-Pro-4.local,darwin,0,2.483,402.74,KEM,True,2025-11-20T22:38:05.731107,,1604
FrodoKEM-976-AES,decap,0,64,2.0,1,1,0,MacBook-Pro-4.local,darwin,0,2.476,403.88,KEM,True,2025-11-20T22:38:05.733613,,1605
FrodoKEM-976-AES,decap,1024,1,2.0,1,1,0,MacBook-Pro-4.local,darwin,0,2.7853,359.03,KEM,True,2025-11-20T22:38:05.736456,,1606
FrodoKEM-976-AES,decap,1024,1,2.0,1,1,0,MacBook-Pro-4.local,darwin,0,2.7416,364.74,KEM,True,2025-11-20T22:38:05.739317,,1607
FrodoKEM-976-AES,decap,1024,1,2.0,1,1,0,MacBook-Pro-4.local,darwin,0,2.7747,360.4,KEM,True,2025-11-20T22:38:05.742175,,1608
FrodoKEM-976-AES,decap,1024,1,2.0,1,1,0,MacBook-Pro-4.local,darwin,0,2.7141,368.44,KEM,True,2025-11-20T22:38:05.744949,,1609
FrodoKEM-976-AES,decap,1024,1,2.0,1,1,0,MacBook-Pro-4.local,darwin,0,2.5517,391.9,KEM,True,2025-11-20T22:38:05.747570,,1610
FrodoKEM-976-AES,decap,1024,16,2.0,1,1,0,MacBook-Pro-4.local,darwin,0,2.5208,396.69,KEM,True,2025-11-20T22:38:05.750133,,1611
FrodoKEM-976-AES,decap,1024,16,2.0,1,1,0,MacBook-Pro-4.local,darwin,0,2.5177,397.19,KEM,True,2025-11-20T22:38:05.752755,,1612
FrodoKEM-976-AES,decap,1024,16,2.0,1,1,0,MacBook-Pro-4.local,darwin,0,2.5373,394.12,KEM,True,2025-11-20T22:38:05.755329,,1613
FrodoKEM-976-AES,decap,1024,16,2.0,1,1,0,MacBook-Pro-4.local,darwin,0,2.5521,391.83,KEM,True,2025-11-20T22:38:05.757928,,1614
FrodoKEM-976-AES,decap,1024,16,2.0,1,1,0,MacBook-Pro-4.local,darwin,0,2.6963,370.88,KEM,True,2025-11-20T22:38:05.760676,,1615
FrodoKEM-976-AES,decap,1024,64,2.0,1,1,0,MacBook-Pro-4.local,darwin,0,2.5526,391.76,KEM,True,2025-11-20T22:38:05.763336,,1616
FrodoKEM-976-AES,decap,1024,64,2.0,1,1,0,MacBook-Pro-4.local,darwin,0,2.6051,383.86,KEM,True,2025-11-20T22:38:05.765995,,1617
FrodoKEM-976-AES,decap,1024,64,2.0,1,1,0,MacBook-Pro-4.local,darwin,0,2.5026,399.59,KEM,True,2025-11-20T22:38:05.768566,,1618
FrodoKEM-976-AES,decap,1024,64,2.0,1,1,0,MacBook-Pro-4.local,darwin,0,2.4759,403.89,KEM,True,2025-11-20T22:38:05.771070,,1619
FrodoKEM-976-AES,decap,1024,64,2.0,1,1,0,MacBook-Pro-4.local,darwin,0,2.6844,372.52,KEM,True,2025-11-20T22:38:05.773789,,1620
FrodoKEM-976-SHAKE,keygen,0,1,2.0,1,1,0,MacBook-Pro-4.local,darwin,0,2.3641,422.99,KEM,True,2025-11-20T22:38:05.776250,,1621
FrodoKEM-976-SHAKE,keygen,0,1,2.0,1,1,0,MacBook-Pro-4.local,darwin,0,2.3359,428.1,KEM,True,2025-11-20T22:38:05.778633,,1622
FrodoKEM-976-SHAKE,keygen,0,1,2.0,1,1,0,MacBook-Pro-4.local,darwin,0,2.238,446.84,KEM,True,2025-11-20T22:38:05.780901,,1623
FrodoKEM-976-SHAKE,keygen,0,1,2.0,1,1,0,MacBook-Pro-4.local,darwin,0,2.2338,447.67,KEM,True,2025-11-20T22:38:05.783161,,1624
FrodoKEM-976-SHAKE,keygen,0,1,2.0,1,1,0,MacBook-Pro-4.local,darwin,0,2.2159,451.29,KEM,True,2025-11-20T22:38:05.785400,,1625
FrodoKEM-976-SHAKE,keygen,0,16,2.0,1,1,0,MacBook-Pro-4.local,darwin,0,2.2337,447.69,KEM,True,2025-11-20T22:38:05.787658,,1626
FrodoKEM-976-SHAKE,keygen,0,16,2.0,1,1,0,MacBook-Pro-4.local,darwin,0,2.2145,451.56,KEM,True,2025-11-20T22:38:05.789896,,1627
FrodoKEM-976-SHAKE,keygen,0,16,2.0,1,1,0,MacBook-Pro-4.local,darwin,0,2.2308,448.26,KEM,True,2025-11-20T22:38:05.792149,,1628
FrodoKEM-976-SHAKE,keygen,0,16,2.0,1,1,0,MacBook-Pro-4.local,darwin,0,2.7629,361.94,KEM,True,2025-11-20T22:38:05.794951,,1629
FrodoKEM-976-SHAKE,keygen,0,16,2.0,1,1,0,MacBook-Pro-4.local,darwin,0,2.408,415.28,KEM,True,2025-11-20T22:38:05.797471,,1630
FrodoKEM-976-SHAKE,keygen,0,64,2.0,1,1,0,MacBook-Pro-4.local,darwin,0,2.2758,439.4,KEM,True,2025-11-20T22:38:05.799805,,1631
FrodoKEM-976-SHAKE,keygen,0,64,2.0,1,1,0,MacBook-Pro-4.local,darwin,0,2.3062,433.61,KEM,True,2025-11-20T22:38:05.802140,,1632
FrodoKEM-976-SHAKE,keygen,0,64,2.0,1,1,0,MacBook-Pro-4.local,darwin,0,2.3502,425.49,KEM,True,2025-11-20T22:38:05.804524,,1633
FrodoKEM-976-SHAKE,keygen,0,64,2.0,1,1,0,MacBook-Pro-4.local,darwin,0,2.2901,436.66,KEM,True,2025-11-20T22:38:05.806856,,1634
FrodoKEM-976-SHAKE,keygen,0,64,2.0,1,1,0,MacBook-Pro-4.local,darwin,0,2.6452,378.05,KEM,True,2025-11-20T22:38:05.809550,,1635
FrodoKEM-976-SHAKE,keygen,1024,1,2.0,1,1,0,MacBook-Pro-4.local,darwin,0,2.7761,360.21,KEM,True,2025-11-20T22:38:05.812533,,1636
FrodoKEM-976-SHAKE,keygen,1024,1,2.0,1,1,0,MacBook-Pro-4.local,darwin,0,2.3399,427.37,KEM,True,2025-11-20T22:38:05.815023,,1637
FrodoKEM-976-SHAKE,keygen,1024,1,2.0,1,1,0,MacBook-Pro-4.local,darwin,0,2.25,444.44,KEM,True,2025-11-20T22:38:05.817325,,1638
FrodoKEM-976-SHAKE,keygen,1024,1,2.0,1,1,0,MacBook-Pro-4.local,darwin,0,2.3295,429.28,KEM,True,2025-11-20T22:38:05.819688,,1639
FrodoKEM-976-SHAKE,keygen,1024,1,2.0,1,1,0,MacBook-Pro-4.local,darwin,0,2.2639,441.71,KEM,True,2025-11-20T22:38:05.821997,,1640
FrodoKEM-976-SHAKE,keygen,1024,16,2.0,1,1,0,MacBook-Pro-4.local,darwin,0,2.2196,450.54,KEM,True,2025-11-20T22:38:05.824247,,1641
FrodoKEM-976-SHAKE,keygen,1024,16,2.0,1,1,0,MacBook-Pro-4.local,darwin,0,2.292,436.3,KEM,True,2025-11-20T22:38:05.826564,,1642
FrodoKEM-976-SHAKE,keygen,1024,16,2.0,1,1,0,MacBook-Pro-4.local,darwin,0,2.2813,438.35,KEM,True,2025-11-20T22:38:05.828881,,1643
FrodoKEM-976-SHAKE,keygen,1024,16,2.0,1,1,0,MacBook-Pro-4.local,darwin,0,2.5829,387.16,KEM,True,2025-11-20T22:38:05.831530,,1644
FrodoKEM-976-SHAKE,keygen,1024,16,2.0,1,1,0,MacBook-Pro-4.local,darwin,0,2.4108,414.8,KEM,True,2025-11-20T22:38:05.834011,,1645
FrodoKEM-976-SHAKE,keygen,1024,64,2.0,1,1,0,MacBook-Pro-4.local,darwin,0,2.2509,444.26,KEM,True,2025-11-20T22:38:05.836313,,1646
FrodoKEM-976-SHAKE,keygen,1024,64,2.0,1,1,0,MacBook-Pro-4.local,darwin,0,2.2229,449.87,KEM,True,2025-11-20T22:38:05.838565,,1647
FrodoKEM-976-SHAKE,keygen,1024,64,2.0,1,1,0,MacBook-Pro-4.local,darwin,0,2.2414,446.16,KEM,True,2025-11-20T22:38:05.840831,,1648
FrodoKEM-976-SHAKE,keygen,1024,64,2.0,1,1,0,MacBook-Pro-4.local,darwin,0,2.3716,421.66,KEM,True,2025-11-20T22:38:05.843233,,1649
FrodoKEM-976-SHAKE,keygen,1024,64,2.0,1,1,0,MacBook-Pro-4.local,darwin,0,2.4345,410.76,KEM,True,2025-11-20T22:38:05.845723,,1650
FrodoKEM-976-SHAKE,encap,0,1,2.0,1,1,0,MacBook-Pro-4.local,darwin,0,4.7426,210.86,KEM,True,2025-11-20T22:38:05.850540,,1651
FrodoKEM-976-SHAKE,encap,0,1,2.0,1,1,0,MacBook-Pro-4.local,darwin,0,4.8175,207.58,KEM,True,2025-11-20T22:38:05.855416,,1652
FrodoKEM-976-SHAKE,encap,0,1,2.0,1,1,0,MacBook-Pro-4.local,darwin,0,4.8304,207.02,KEM,True,2025-11-20T22:38:05.860309,,1653
FrodoKEM-976-SHAKE,encap,0,1,2.0,1,1,0,MacBook-Pro-4.local,darwin,0,4.6208,216.41,KEM,True,2025-11-20T22:38:05.865029,,1654
FrodoKEM-976-SHAKE,encap,0,1,2.0,1,1,0,MacBook-Pro-4.local,darwin,0,4.6273,216.11,KEM,True,2025-11-20T22:38:05.869703,,1655
FrodoKEM-976-SHAKE,encap,0,16,2.0,1,1,0,MacBook-Pro-4.local,darwin,0,4.5588,219.35,KEM,True,2025-11-20T22:38:05.874293,,1656
FrodoKEM-976-SHAKE,encap,0,16,2.0,1,1,0,MacBook-Pro-4.local,darwin,0,5.2891,189.07,KEM,True,2025-11-20T22:38:05.879624,,1657
FrodoKEM-976-SHAKE,encap,0,16,2.0,1,1,0,MacBook-Pro-4.local,darwin,0,5.0092,199.63,KEM,True,2025-11-20T22:38:05.884745,,1658
FrodoKEM-976-SHAKE,encap,0,16,2.0,1,1,0,MacBook-Pro-4.local,darwin,0,5.1413,194.5,KEM,True,2025-11-20T22:38:05.889969,,1659
FrodoKEM-976-SHAKE,encap,0,16,2.0,1,1,0,MacBook-Pro-4.local,darwin,0,4.706,212.49,KEM,True,2025-11-20T22:38:05.894752,,1660
FrodoKEM-976-SHAKE,encap,0,64,2.0,1,1,0,MacBook-Pro-4.local,darwin,0,4.8001,208.33,KEM,True,2025-11-20T22:38:05.899656,,1661
FrodoKEM-976-SHAKE,encap,0,64,2.0,1,1,0,MacBook-Pro-4.local,darwin,0,4.7457,210.71,KEM,True,2025-11-20T22:38:05.904548,,1662
FrodoKEM-976-SHAKE,encap,0,64,2.0,1,1,0,MacBook-Pro-4.local,darwin,0,4.7409,210.93,KEM,True,2025-11-20T22:38:05.909349,,1663
FrodoKEM-976-SHAKE,encap,0,64,2.0,1,1,0,MacBook-Pro-4.local,darwin,0,4.9002,204.07,KEM,True,2025-11-20T22:38:05.914306,,1664
FrodoKEM-976-SHAKE,encap,0,64,2.0,1,1,0,MacBook-Pro-4.local,darwin,0,4.9832,200.68,KEM,True,2025-11-20T22:38:05.919370,,1665
FrodoKEM-976-SHAKE,encap,1024,1,2.0,1,1,0,MacBook-Pro-4.local,darwin,0,4.8036,208.18,KEM,True,2025-11-20T22:38:05.924269,,1666
FrodoKEM-976-SHAKE,encap,1024,1,2.0,1,1,0,MacBook-Pro-4.local,darwin,0,4.8826,204.81,KEM,True,2025-11-20T22:38:05.929217,,1667
FrodoKEM-976-SHAKE,encap,1024,1,2.0,1,1,0,MacBook-Pro-4.local,darwin,0,4.5895,217.89,KEM,True,2025-11-20T22:38:05.933863,,1668
FrodoKEM-976-SHAKE,encap,1024,1,2.0,1,1,0,MacBook-Pro-4.local,darwin,0,4.5777,218.45,KEM,True,2025-11-20T22:38:05.938472,,1669
FrodoKEM-976-SHAKE,encap,1024,1,2.0,1,1,0,MacBook-Pro-4.local,darwin,0,4.589,217.91,KEM,True,2025-11-20T22:38:05.943091,,1670
FrodoKEM-976-SHAKE,encap,1024,16,2.0,1,1,0,MacBook-Pro-4.local,darwin,0,5.3395,187.28,KEM,True,2025-11-20T22:38:05.948503,,1671
FrodoKEM-976-SHAKE,encap,1024,16,2.0,1,1,0,MacBook-Pro-4.local,darwin,0,4.756,210.26,KEM,True,2025-11-20T22:38:05.953373,,1672
FrodoKEM-976-SHAKE,encap,1024,16,2.0,1,1,0,MacBook-Pro-4.local,darwin,0,4.7614,210.02,KEM,True,2025-11-20T22:38:05.958207,,1673
FrodoKEM-976-SHAKE,encap,1024,16,2.0,1,1,0,MacBook-Pro-4.local,darwin,0,5.4537,183.36,KEM,True,2025-11-20T22:38:05.963749,,1674
FrodoKEM-976-SHAKE,encap,1024,16,2.0,1,1,0,MacBook-Pro-4.local,darwin,0,4.7191,211.9,KEM,True,2025-11-20T22:38:05.968548,,1675
FrodoKEM-976-SHAKE,encap,1024,64,2.0,1,1,0,MacBook-Pro-4.local,darwin,0,4.5654,219.04,KEM,True,2025-11-20T22:38:05.973166,,1676
FrodoKEM-976-SHAKE,encap,1024,64,2.0,1,1,0,MacBook-Pro-4.local,darwin,0,4.7459,210.71,KEM,True,2025-11-20T22:38:05.978000,,1677
FrodoKEM-976-SHAKE,encap,1024,64,2.0,1,1,0,MacBook-Pro-4.local,darwin,0,4.597,217.53,KEM,True,2025-11-20T22:38:05.982647,,1678
FrodoKEM-976-SHAKE,encap,1024,64,2.0,1,1,0,MacBook-Pro-4.local,darwin,0,4.5628,219.16,KEM,True,2025-11-20T22:38:05.987241,,1679
FrodoKEM-976-SHAKE,encap,1024,64,2.0,1,1,0,MacBook-Pro-4.local,darwin,0,4.748,210.62,KEM,True,2025-11-20T22:38:05.992026,,1680
FrodoKEM-976-SHAKE,decap,0,1,2.0,1,1,0,MacBook-Pro-4.local,darwin,0,6.9868,143.13,KEM,True,2025-11-20T22:38:05.999090,,1681
FrodoKEM-976-SHAKE,decap,0,1,2.0,1,1,0,MacBook-Pro-4.local,darwin,0,7.128,140.29,KEM,True,2025-11-20T22:38:06.006293,,1682
FrodoKEM-976-SHAKE,decap,0,1,2.0,1,1,0,MacBook-Pro-4.local,darwin,0,7.0008,142.84,KEM,True,2025-11-20T22:38:06.013365,,1683
FrodoKEM-976-SHAKE,decap,0,1,2.0,1,1,0,MacBook-Pro-4.local,darwin,0,6.8792,145.37,KEM,True,2025-11-20T22:38:06.020292,,1684
FrodoKEM-976-SHAKE,decap,0,1,2.0,1,1,0,MacBook-Pro-4.local,darwin,0,6.964,143.6,KEM,True,2025-11-20T22:38:06.027289,,1685
FrodoKEM-976-SHAKE,decap,0,16,2.0,1,1,0,MacBook-Pro-4.local,darwin,0,8.4237,118.71,KEM,True,2025-11-20T22:38:06.035771,,1686
FrodoKEM-976-SHAKE,decap,0,16,2.0,1,1,0,MacBook-Pro-4.local,darwin,0,6.9869,143.12,KEM,True,2025-11-20T22:38:06.042844,,1687
FrodoKEM-976-SHAKE,decap,0,16,2.0,1,1,0,MacBook-Pro-4.local,darwin,0,7.0005,142.85,KEM,True,2025-11-20T22:38:06.049897,,1688
FrodoKEM-976-SHAKE,decap,0,16,2.0,1,1,0,MacBook-Pro-4.local,darwin,0,7.0106,142.64,KEM,True,2025-11-20T22:38:06.057019,,1689
FrodoKEM-976-SHAKE,decap,0,16,2.0,1,1,0,MacBook-Pro-4.local,darwin,0,7.1591,139.68,KEM,True,2025-11-20T22:38:06.064265,,1690
FrodoKEM-976-SHAKE,decap,0,64,2.0,1,1,0,MacBook-Pro-4.local,darwin,0,7.4548,134.14,KEM,True,2025-11-20T22:38:06.071929,,1691
FrodoKEM-976-SHAKE,decap,0,64,2.0,1,1,0,MacBook-Pro-4.local,darwin,0,7.1366,140.12,KEM,True,2025-11-20T22:38:06.079169,,1692
FrodoKEM-976-SHAKE,decap,0,64,2.0,1,1,0,MacBook-Pro-4.local,darwin,0,6.9144,144.63,KEM,True,2025-11-20T22:38:06.086140,,1693
FrodoKEM-976-SHAKE,decap,0,64,2.0,1,1,0,MacBook-Pro-4.local,darwin,0,6.9296,144.31,KEM,True,2025-11-20T22:38:06.093111,,1694
FrodoKEM-976-SHAKE,decap,0,64,2.0,1,1,0,MacBook-Pro-4.local,darwin,0,6.9665,143.54,KEM,True,2025-11-20T22:38:06.100126,,1695
FrodoKEM-976-SHAKE,decap,1024,1,2.0,1,1,0,MacBook-Pro-4.local,darwin,0,7.2096,138.7,KEM,True,2025-11-20T22:38:06.107390,,1696
FrodoKEM-976-SHAKE,decap,1024,1,2.0,1,1,0,MacBook-Pro-4.local,darwin,0,7.8434,127.5,KEM,True,2025-11-20T22:38:06.115318,,1697
FrodoKEM-976-SHAKE,decap,1024,1,2.0,1,1,0,MacBook-Pro-4.local,darwin,0,6.9547,143.79,KEM,True,2025-11-20T22:38:06.122346,,1698
FrodoKEM-976-SHAKE,decap,1024,1,2.0,1,1,0,MacBook-Pro-4.local,darwin,0,6.9324,144.25,KEM,True,2025-11-20T22:38:06.129321,,1699
FrodoKEM-976-SHAKE,decap,1024,1,2.0,1,1,0,MacBook-Pro-4.local,darwin,0,7.3517,136.02,KEM,True,2025-11-20T22:38:06.136734,,1700
FrodoKEM-976-SHAKE,decap,1024,16,2.0,1,1,0,MacBook-Pro-4.local,darwin,0,7.0663,141.52,KEM,True,2025-11-20T22:38:06.143926,,1701
FrodoKEM-976-SHAKE,decap,1024,16,2.0,1,1,0,MacBook-Pro-4.local,darwin,0,6.8905,145.13,KEM,True,2025-11-20T22:38:06.150886,,1702
FrodoKEM-976-SHAKE,decap,1024,16,2.0,1,1,0,MacBook-Pro-4.local,darwin,0,6.8356,146.29,KEM,True,2025-11-20T22:38:06.157757,,1703
FrodoKEM-976-SHAKE,decap,1024,16,2.0,1,1,0,MacBook-Pro-4.local,darwin,0,6.9444,144.0,KEM,True,2025-11-20T22:38:06.164733,,1704
FrodoKEM-976-SHAKE,decap,1024,16,2.0,1,1,0,MacBook-Pro-4.local,darwin,0,6.9517,143.85,KEM,True,2025-11-20T22:38:06.171741,,1705
FrodoKEM-976-SHAKE,decap,1024,64,2.0,1,1,0,MacBook-Pro-4.local,darwin,0,7.0327,142.19,KEM,True,2025-11-20T22:38:06.178840,,1706
FrodoKEM-976-SHAKE,decap,1024,64,2.0,1,1,0,MacBook-Pro-4.local,darwin,0,6.9205,144.5,KEM,True,2025-11-20T22:38:06.185826,,1707
FrodoKEM-976-SHAKE,decap,1024,64,2.0,1,1,0,MacBook-Pro-4.local,darwin,0,6.9795,143.28,KEM,True,2025-11-20T22:38:06.192840,,1708
FrodoKEM-976-SHAKE,decap,1024,64,2.0,1,1,0,MacBook-Pro-4.local,darwin,0,7.3307,136.41,KEM,True,2025-11-20T22:38:06.200214,,1709
FrodoKEM-976-SHAKE,decap,1024,64,2.0,1,1,0,MacBook-Pro-4.local,darwin,0,7.3573,135.92,KEM,True,2025-11-20T22:38:06.207681,,1710
Kyber1024,keygen,0,1,2.0,1,1,0,MacBook-Pro-4.local,darwin,0,0.2195,4555.85,KEM,True,2025-11-20T22:38:06.208012,,1711
Kyber1024,keygen,0,1,2.0,1,1,0,MacBook-Pro-4.local,darwin,0,0.0763,13113.2,KEM,True,2025-11-20T22:38:06.208147,,1712
Kyber1024,keygen,0,1,2.0,1,1,0,MacBook-Pro-4.local,darwin,0,0.0413,24227.16,KEM,True,2025-11-20T22:38:06.208214,,1713
Kyber1024,keygen,0,1,2.0,1,1,0,MacBook-Pro-4.local,darwin,0,0.0395,25313.88,KEM,True,2025-11-20T22:38:06.208276,,1714
Kyber1024,keygen,0,1,2.0,1,1,0,MacBook-Pro-4.local,darwin,0,0.0392,25533.67,KEM,True,2025-11-20T22:38:06.208338,,1715
Kyber1024,keygen,0,16,2.0,1,1,0,MacBook-Pro-4.local,darwin,0,0.0382,26202.73,KEM,True,2025-11-20T22:38:06.208400,,1716
Kyber1024,keygen,0,16,2.0,1,1,0,MacBook-Pro-4.local,darwin,0,0.0388,25803.81,KEM,True,2025-11-20T22:38:06.208460,,1717
Kyber1024,keygen,0,16,2.0,1,1,0,MacBook-Pro-4.local,darwin,0,0.0403,24842.88,KEM,True,2025-11-20T22:38:06.208522,,1718
Kyber1024,keygen,0,16,2.0,1,1,0,MacBook-Pro-4.local,darwin,0,0.0385,25952.48,KEM,True,2025-11-20T22:38:06.208581,,1719
Kyber1024,keygen,0,16,2.0,1,1,0,MacBook-Pro-4.local,darwin,0,0.0378,26447.33,KEM,True,2025-11-20T22:38:06.208640,,1720
Kyber1024,keygen,0,64,2.0,1,1,0,MacBook-Pro-4.local,darwin,0,0.038,26306.76,KEM,True,2025-11-20T22:38:06.208701,,1721
Kyber1024,keygen,0,64,2.0,1,1,0,MacBook-Pro-4.local,darwin,0,0.0383,26088.53,KEM,True,2025-11-20T22:38:06.208760,,1722
Kyber1024,keygen,0,64,2.0,1,1,0,MacBook-Pro-4.local,darwin,0,0.0372,26871.59,KEM,True,2025-11-20T22:38:06.208819,,1723
Kyber1024,keygen,0,64,2.0,1,1,0,MacBook-Pro-4.local,darwin,0,0.0385,25992.26,KEM,True,2025-11-20T22:38:06.208879,,1724
Kyber1024,keygen,0,64,2.0,1,1,0,MacBook-Pro-4.local,darwin,0,0.0839,11915.69,KEM,True,2025-11-20T22:38:06.208992,,1725
Kyber1024,keygen,1024,1,2.0,1,1,0,MacBook-Pro-4.local,darwin,0,0.0531,18816.08,KEM,True,2025-11-20T22:38:06.209091,,1726
Kyber1024,keygen,1024,1,2.0,1,1,0,MacBook-Pro-4.local,darwin,0,0.0457,21902.93,KEM,True,2025-11-20T22:38:06.209165,,1727
Kyber1024,keygen,1024,1,2.0,1,1,0,MacBook-Pro-4.local,darwin,0,0.0818,12231.97,KEM,True,2025-11-20T22:38:06.209316,,1728
Kyber1024,keygen,1024,1,2.0,1,1,0,MacBook-Pro-4.local,darwin,0,0.1107,9036.77,KEM,True,2025-11-20T22:38:06.209497,,1729
Kyber1024,keygen,1024,1,2.0,1,1,0,MacBook-Pro-4.local,darwin,0,0.1017,9830.43,KEM,True,2025-11-20T22:38:06.209665,,1730
Kyber1024,keygen,1024,16,2.0,1,1,0,MacBook-Pro-4.local,darwin,0,0.0435,22973.73,KEM,True,2025-11-20T22:38:06.209754,,1731
Kyber1024,keygen,1024,16,2.0,1,1,0,MacBook-Pro-4.local,darwin,0,0.0387,25828.45,KEM,True,2025-11-20T22:38:06.209816,,1732
Kyber1024,keygen,1024,16,2.0,1,1,0,MacBook-Pro-4.local,darwin,0,0.041,24397.99,KEM,True,2025-11-20T22:38:06.209883,,1733
Kyber1024,keygen,1024,16,2.0,1,1,0,MacBook-Pro-4.local,darwin,0,0.0387,25836.49,KEM,True,2025-11-20T22:38:06.209943,,1734
Kyber1024,keygen,1024,16,2.0,1,1,0,MacBook-Pro-4.local,darwin,0,0.046,21732.04,KEM,True,2025-11-20T22:38:06.210011,,1735
Kyber1024,keygen,1024,64,2.0,1,1,0,MacBook-Pro-4.local,darwin,0,0.0388,25747.31,KEM,True,2025-11-20T22:38:06.210079,,1736
Kyber1024,keygen,1024,64,2.0,1,1,0,MacBook-Pro-4.local,darwin,0,0.0385,25967.98,KEM,True,2025-11-20T22:38:06.210168,,1737
Kyber1024,keygen,1024,64,2.0,1,1,0,MacBook-Pro-4.local,darwin,0,0.0453,22058.99,KEM,True,2025-11-20T22:38:06.210235,,1738
Kyber1024,keygen,1024,64,2.0,1,1,0,MacBook-Pro-4.local,darwin,0,0.0368,27149.57,KEM,True,2025-11-20T22:38:06.210293,,1739
Kyber1024,keygen,1024,64,2.0,1,1,0,MacBook-Pro-4.local,darwin,0,0.0404,24778.85,KEM,True,2025-11-20T22:38:06.210355,,1740
Kyber1024,encap,0,1,2.0,1,1,0,MacBook-Pro-4.local,darwin,0,0.1354,7387.0,KEM,True,2025-11-20T22:38:06.210532,,1741
Kyber1024,encap,0,1,2.0,1,1,0,MacBook-Pro-4.local,darwin,0,0.0716,13959.66,KEM,True,2025-11-20T22:38:06.210634,,1742
Kyber1024,encap,0,1,2.0,1,1,0,MacBook-Pro-4.local,darwin,0,0.0691,14469.27,KEM,True,2025-11-20T22:38:06.210730,,1743
Kyber1024,encap,0,1,2.0,1,1,0,MacBook-Pro-4.local,darwin,0,0.0852,11732.69,KEM,True,2025-11-20T22:38:06.210952,,1744
Kyber1024,encap,0,1,2.0,1,1,0,MacBook-Pro-4.local,darwin,0,0.0715,13995.22,KEM,True,2025-11-20T22:38:06.211048,,1745
Kyber1024,encap,0,16,2.0,1,1,0,MacBook-Pro-4.local,darwin,0,0.0712,14035.28,KEM,True,2025-11-20T22:38:06.211163,,1746
Kyber1024,encap,0,16,2.0,1,1,0,MacBook-Pro-4.local,darwin,0,0.0731,13673.91,KEM,True,2025-11-20T22:38:06.211264,,1747
Kyber1024,encap,0,16,2.0,1,1,0,MacBook-Pro-4.local,darwin,0,0.0738,13553.26,KEM,True,2025-11-20T22:38:06.211361,,1748
Kyber1024,encap,0,16,2.0,1,1,0,MacBook-Pro-4.local,darwin,0,0.0728,13728.53,KEM,True,2025-11-20T22:38:06.211461,,1749
Kyber1024,encap,0,16,2.0,1,1,0,MacBook-Pro-4.local,darwin,0,0.0691,14471.99,KEM,True,2025-11-20T22:38:06.211553,,1750
Kyber1024,encap,0,64,2.0,1,1,0,MacBook-Pro-4.local,darwin,0,0.0731,13680.64,KEM,True,2025-11-20T22:38:06.211661,,1751
Kyber1024,encap,0,64,2.0,1,1,0,MacBook-Pro-4.local,darwin,0,0.0715,13991.49,KEM,True,2025-11-20T22:38:06.211759,,1752
Kyber1024,encap,0,64,2.0,1,1,0,MacBook-Pro-4.local,darwin,0,0.0684,14615.83,KEM,True,2025-11-20T22:38:06.211850,,1753
Kyber1024,encap,0,64,2.0,1,1,0,MacBook-Pro-4.local,darwin,0,0.0684,14610.27,KEM,True,2025-11-20T22:38:06.211945,,1754
Kyber1024,encap,0,64,2.0,1,1,0,MacBook-Pro-4.local,darwin,0,0.073,13694.13,KEM,True,2025-11-20T22:38:06.212045,,1755
Kyber1024,encap,1024,1,2.0,1,1,0,MacBook-Pro-4.local,darwin,0,0.0766,13055.86,KEM,True,2025-11-20T22:38:06.212146,,1756
Kyber1024,encap,1024,1,2.0,1,1,0,MacBook-Pro-4.local,darwin,0,0.0759,13178.54,KEM,True,2025-11-20T22:38:06.212245,,1757
Kyber1024,encap,1024,1,2.0,1,1,0,MacBook-Pro-4.local,darwin,0,0.0702,14240.35,KEM,True,2025-11-20T22:38:06.212337,,1758
Kyber1024,encap,1024,1,2.0,1,1,0,MacBook-Pro-4.local,darwin,0,0.0731,13680.08,KEM,True,2025-11-20T22:38:06.212439,,1759
Kyber1024,encap,1024,1,2.0,1,1,0,MacBook-Pro-4.local,darwin,0,0.0687,14566.22,KEM,True,2025-11-20T22:38:06.212560,,1760
Kyber1024,encap,1024,16,2.0,1,1,0,MacBook-Pro-4.local,darwin,0,0.073,13702.2,KEM,True,2025-11-20T22:38:06.212662,,1761
Kyber1024,encap,1024,16,2.0,1,1,0,MacBook-Pro-4.local,darwin,0,0.0801,12486.73,KEM,True,2025-11-20T22:38:06.212765,,1762
Kyber1024,encap,1024,16,2.0,1,1,0,MacBook-Pro-4.local,darwin,0,0.0687,14545.45,KEM,True,2025-11-20T22:38:06.212858,,1763
Kyber1024,encap,1024,16,2.0,1,1,0,MacBook-Pro-4.local,darwin,0,0.0687,14564.1,KEM,True,2025-11-20T22:38:06.212950,,1764
Kyber1024,encap,1024,16,2.0,1,1,0,MacBook-Pro-4.local,darwin,0,0.0684,14625.24,KEM,True,2025-11-20T22:38:06.213041,,1765
Kyber1024,encap,1024,64,2.0,1,1,0,MacBook-Pro-4.local,darwin,0,0.0728,13744.38,KEM,True,2025-11-20T22:38:06.213141,,1766
Kyber1024,encap,1024,64,2.0,1,1,0,MacBook-Pro-4.local,darwin,0,0.0707,14134.68,KEM,True,2025-11-20T22:38:06.213245,,1767
Kyber1024,encap,1024,64,2.0,1,1,0,MacBook-Pro-4.local,darwin,0,0.0762,13129.57,KEM,True,2025-11-20T22:38:06.213344,,1768
Kyber1024,encap,1024,64,2.0,1,1,0,MacBook-Pro-4.local,darwin,0,0.0676,14795.09,KEM,True,2025-11-20T22:38:06.213434,,1769
Kyber1024,encap,1024,64,2.0,1,1,0,MacBook-Pro-4.local,darwin,0,0.0717,13951.47,KEM,True,2025-11-20T22:38:06.213529,,1770
Kyber1024,decap,0,1,2.0,1,1,0,MacBook-Pro-4.local,darwin,0,0.0985,10151.36,KEM,True,2025-11-20T22:38:06.213656,,1771
Kyber1024,decap,0,1,2.0,1,1,0,MacBook-Pro-4.local,darwin,0,0.0913,10948.46,KEM,True,2025-11-20T22:38:06.213771,,1772
Kyber1024,decap,0,1,2.0,1,1,0,MacBook-Pro-4.local,darwin,0,0.0926,10798.67,KEM,True,2025-11-20T22:38:06.213887,,1773
Kyber1024,decap,0,1,2.0,1,1,0,MacBook-Pro-4.local,darwin,0,0.0923,10839.52,KEM,True,2025-11-20T22:38:06.214003,,1774
Kyber1024,decap,0,1,2.0,1,1,0,MacBook-Pro-4.local,darwin,0,0.0913,10948.46,KEM,True,2025-11-20T22:38:06.214119,,1775
Kyber1024,decap,0,16,2.0,1,1,0,MacBook-Pro-4.local,darwin,0,0.0907,11024.14,KEM,True,2025-11-20T22:38:06.214234,,1776
Kyber1024,decap,0,16,2.0,1,1,0,MacBook-Pro-4.local,darwin,0,0.0899,11122.61,KEM,True,2025-11-20T22:38:06.214347,,1777
Kyber1024,decap,0,16,2.0,1,1,0,MacBook-Pro-4.local,darwin,0,0.091,10994.21,KEM,True,2025-11-20T22:38:06.214462,,1778
Kyber1024,decap,0,16,2.0,1,1,0,MacBook-Pro-4.local,darwin,0,0.0969,10319.18,KEM,True,2025-11-20T22:38:06.214582,,1779
Kyber1024,decap,0,16,2.0,1,1,0,MacBook-Pro-4.local,darwin,0,0.0903,11068.68,KEM,True,2025-11-20T22:38:06.214696,,1780
Kyber1024,decap,0,64,2.0,1,1,0,MacBook-Pro-4.local,darwin,0,0.0918,10890.04,KEM,True,2025-11-20T22:38:06.214812,,1781
Kyber1024,decap,0,64,2.0,1,1,0,MacBook-Pro-4.local,darwin,0,0.0914,10936.37,KEM,True,2025-11-20T22:38:06.214927,,1782
Kyber1024,decap,0,64,2.0,1,1,0,MacBook-Pro-4.local,darwin,0,0.0904,11062.2,KEM,True,2025-11-20T22:38:06.215056,,1783
Kyber1024,decap,0,64,2.0,1,1,0,MacBook-Pro-4.local,darwin,0,0.0933,10712.49,KEM,True,2025-11-20T22:38:06.215172,,1784
Kyber1024,decap,0,64,2.0,1,1,0,MacBook-Pro-4.local,darwin,0,0.091,10993.84,KEM,True,2025-11-20T22:38:06.215287,,1785
Kyber1024,decap,1024,1,2.0,1,1,0,MacBook-Pro-4.local,darwin,0,0.0909,10995.05,KEM,True,2025-11-20T22:38:06.215402,,1786
Kyber1024,decap,1024,1,2.0,1,1,0,MacBook-Pro-4.local,darwin,0,0.0909,11005.94,KEM,True,2025-11-20T22:38:06.215517,,1787
Kyber1024,decap,1024,1,2.0,1,1,0,MacBook-Pro-4.local,darwin,0,0.0909,10995.9,KEM,True,2025-11-20T22:38:06.215632,,1788
Kyber1024,decap,1024,1,2.0,1,1,0,MacBook-Pro-4.local,darwin,0,0.0987,10128.54,KEM,True,2025-11-20T22:38:06.215754,,1789
Kyber1024,decap,1024,1,2.0,1,1,0,MacBook-Pro-4.local,darwin,0,0.0917,10909.77,KEM,True,2025-11-20T22:38:06.215869,,1790
Kyber1024,decap,1024,16,2.0,1,1,0,MacBook-Pro-4.local,darwin,0,0.0912,10962.27,KEM,True,2025-11-20T22:38:06.215984,,1791
Kyber1024,decap,1024,16,2.0,1,1,0,MacBook-Pro-4.local,darwin,0,0.0922,10846.81,KEM,True,2025-11-20T22:38:06.216100,,1792
Kyber1024,decap,1024,16,2.0,1,1,0,MacBook-Pro-4.local,darwin,0,0.0906,11031.8,KEM,True,2025-11-20T22:38:06.216214,,1793
Kyber1024,decap,1024,16,2.0,1,1,0,MacBook-Pro-4.local,darwin,0,0.0914,10937.69,KEM,True,2025-11-20T22:38:06.216329,,1794
Kyber1024,decap,1024,16,2.0,1,1,0,MacBook-Pro-4.local,darwin,0,0.0911,10982.85,KEM,True,2025-11-20T22:38:06.216444,,1795
Kyber1024,decap,1024,64,2.0,1,1,0,MacBook-Pro-4.local,darwin,0,0.0907,11019.52,KEM,True,2025-11-20T22:38:06.216558,,1796
Kyber1024,decap,1024,64,2.0,1,1,0,MacBook-Pro-4.local,darwin,0,0.0916,10915.6,KEM,True,2025-11-20T22:38:06.216674,,1797
Kyber1024,decap,1024,64,2.0,1,1,0,MacBook-Pro-4.local,darwin,0,0.0916,10922.28,KEM,True,2025-11-20T22:38:06.216789,,1798
Kyber1024,decap,1024,64,2.0,1,1,0,MacBook-Pro-4.local,darwin,0,0.0906,11040.45,KEM,True,2025-11-20T22:38:06.216903,,1799
Kyber1024,decap,1024,64,2.0,1,1,0,MacBook-Pro-4.local,darwin,0,0.0921,10855.76,KEM,True,2025-11-20T22:38:06.217018,,1800
Kyber512,keygen,0,1,2.0,1,1,0,MacBook-Pro-4.local,darwin,0,0.1252,7984.09,KEM,True,2025-11-20T22:38:06.217172,,1801
Kyber512,keygen,0,1,2.0,1,1,0,MacBook-Pro-4.local,darwin,0,0.031,32287.22,KEM,True,2025-11-20T22:38:06.217231,,1802
Kyber512,keygen,0,1,2.0,1,1,0,MacBook-Pro-4.local,darwin,0,0.0276,36209.54,KEM,True,2025-11-20T22:38:06.217282,,1803
Kyber512,keygen,0,1,2.0,1,1,0,MacBook-Pro-4.local,darwin,0,0.0267,37478.39,KEM,True,2025-11-20T22:38:06.217331,,1804
Kyber512,keygen,0,1,2.0,1,1,0,MacBook-Pro-4.local,darwin,0,0.0267,37446.2,KEM,True,2025-11-20T22:38:06.217380,,1805
Kyber512,keygen,0,16,2.0,1,1,0,MacBook-Pro-4.local,darwin,0,0.0266,37537.51,KEM,True,2025-11-20T22:38:06.217429,,1806
Kyber512,keygen,0,16,2.0,1,1,0,MacBook-Pro-4.local,darwin,0,0.0269,37241.16,KEM,True,2025-11-20T22:38:06.217478,,1807
Kyber512,keygen,0,16,2.0,1,1,0,MacBook-Pro-4.local,darwin,0,0.0272,36776.86,KEM,True,2025-11-20T22:38:06.217527,,1808
Kyber512,keygen,0,16,2.0,1,1,0,MacBook-Pro-4.local,darwin,0,0.0264,37814.38,KEM,True,2025-11-20T22:38:06.217575,,1809
Kyber512,keygen,0,16,2.0,1,1,0,MacBook-Pro-4.local,darwin,0,0.0264,37923.32,KEM,True,2025-11-20T22:38:06.217622,,1810
Kyber512,keygen,0,64,2.0,1,1,0,MacBook-Pro-4.local,darwin,0,0.0262,38096.72,KEM,True,2025-11-20T22:38:06.217670,,1811
Kyber512,keygen,0,64,2.0,1,1,0,MacBook-Pro-4.local,darwin,0,0.0266,37537.51,KEM,True,2025-11-20T22:38:06.217718,,1812
Kyber512,keygen,0,64,2.0,1,1,0,MacBook-Pro-4.local,darwin,0,0.0314,31839.04,KEM,True,2025-11-20T22:38:06.217797,,1813
Kyber512,keygen,0,64,2.0,1,1,0,MacBook-Pro-4.local,darwin,0,0.0269,37152.57,KEM,True,2025-11-20T22:38:06.217847,,1814
Kyber512,keygen,0,64,2.0,1,1,0,MacBook-Pro-4.local,darwin,0,0.0268,37282.86,KEM,True,2025-11-20T22:38:06.217896,,1815
Kyber512,keygen,1024,1,2.0,1,1,0,MacBook-Pro-4.local,darwin,0,0.0273,36617.97,KEM,True,2025-11-20T22:38:06.217946,,1816
Kyber512,keygen,1024,1,2.0,1,1,0,MacBook-Pro-4.local,darwin,0,0.0277,36080.26,KEM,True,2025-11-20T22:38:06.217996,,1817
Kyber512,keygen,1024,1,2.0,1,1,0,MacBook-Pro-4.local,darwin,0,0.0265,37777.22,KEM,True,2025-11-20T22:38:06.218044,,1818
Kyber512,keygen,1024,1,2.0,1,1,0,MacBook-Pro-4.local,darwin,0,0.0271,36950.8,KEM,True,2025-11-20T22:38:06.218093,,1819
Kyber512,keygen,1024,1,2.0,1,1,0,MacBook-Pro-4.local,darwin,0,0.0263,37967.9,KEM,True,2025-11-20T22:38:06.218141,,1820
Kyber512,keygen,1024,16,2.0,1,1,0,MacBook-Pro-4.local,darwin,0,0.027,37093.37,KEM,True,2025-11-20T22:38:06.218190,,1821
Kyber512,keygen,1024,16,2.0,1,1,0,MacBook-Pro-4.local,darwin,0,0.0283,35376.97,KEM,True,2025-11-20T22:38:06.218240,,1822
Kyber512,keygen,1024,16,2.0,1,1,0,MacBook-Pro-4.local,darwin,0,0.027,37012.42,KEM,True,2025-11-20T22:38:06.218290,,1823
Kyber512,keygen,1024,16,2.0,1,1,0,MacBook-Pro-4.local,darwin,0,0.0263,38018.49,KEM,True,2025-11-20T22:38:06.218337,,1824
Kyber512,keygen,1024,16,2.0,1,1,0,MacBook-Pro-4.local,darwin,0,0.0264,37921.89,KEM,True,2025-11-20T22:38:06.218385,,1825
Kyber512,keygen,1024,64,2.0,1,1,0,MacBook-Pro-4.local,darwin,0,0.0266,37555.9,KEM,True,2025-11-20T22:38:06.218434,,1826
Kyber512,keygen,1024,64,2.0,1,1,0,MacBook-Pro-4.local,darwin,0,0.0263,37976.63,KEM,True,2025-11-20T22:38:06.218483,,1827
Kyber512,keygen,1024,64,2.0,1,1,0,MacBook-Pro-4.local,darwin,0,0.0263,38047.37,KEM,True,2025-11-20T22:38:06.218531,,1828
Kyber512,keygen,1024,64,2.0,1,1,0,MacBook-Pro-4.local,darwin,0,0.0271,36835.13,KEM,True,2025-11-20T22:38:06.218579,,1829
Kyber512,keygen,1024,64,2.0,1,1,0,MacBook-Pro-4.local,darwin,0,0.0273,36636.71,KEM,True,2025-11-20T22:38:06.218629,,1830
Kyber512,encap,0,1,2.0,1,1,0,MacBook-Pro-4.local,darwin,0,0.0678,14741.87,KEM,True,2025-11-20T22:38:06.218723,,1831
Kyber512,encap,0,1,2.0,1,1,0,MacBook-Pro-4.local,darwin,0,0.0466,21451.86,KEM,True,2025-11-20T22:38:06.218796,,1832
Kyber512,encap,0,1,2.0,1,1,0,MacBook-Pro-4.local,darwin,0,0.0466,21439.89,KEM,True,2025-11-20T22:38:06.218866,,1833
Kyber512,encap,0,1,2.0,1,1,0,MacBook-Pro-4.local,darwin,0,0.0451,22168.03,KEM,True,2025-11-20T22:38:06.218935,,1834
Kyber512,encap,0,1,2.0,1,1,0,MacBook-Pro-4.local,darwin,0,0.0448,22341.37,KEM,True,2025-11-20T22:38:06.219003,,1835
Kyber512,encap,0,16,2.0,1,1,0,MacBook-Pro-4.local,darwin,0,0.0449,22270.22,KEM,True,2025-11-20T22:38:06.219071,,1836
Kyber512,encap,0,16,2.0,1,1,0,MacBook-Pro-4.local,darwin,0,0.0455,21978.98,KEM,True,2025-11-20T22:38:06.219140,,1837
Kyber512,encap,0,16,2.0,1,1,0,MacBook-Pro-4.local,darwin,0,0.0449,22259.34,KEM,True,2025-11-20T22:38:06.219208,,1838
Kyber512,encap,0,16,2.0,1,1,0,MacBook-Pro-4.local,darwin,0,0.0468,21370.26,KEM,True,2025-11-20T22:38:06.219277,,1839
Kyber512,encap,0,16,2.0,1,1,0,MacBook-Pro-4.local,darwin,0,0.0449,22283.13,KEM,True,2025-11-20T22:38:06.219345,,1840
Kyber512,encap,0,64,2.0,1,1,0,MacBook-Pro-4.local,darwin,0,0.045,22238.02,KEM,True,2025-11-20T22:38:06.219413,,1841
Kyber512,encap,0,64,2.0,1,1,0,MacBook-Pro-4.local,darwin,0,0.0453,22098.45,KEM,True,2025-11-20T22:38:06.219482,,1842
Kyber512,encap,0,64,2.0,1,1,0,MacBook-Pro-4.local,darwin,0,0.0443,22548.42,KEM,True,2025-11-20T22:38:06.219549,,1843
Kyber512,encap,0,64,2.0,1,1,0,MacBook-Pro-4.local,darwin,0,0.0445,22458.78,KEM,True,2025-11-20T22:38:06.219617,,1844
Kyber512,encap,0,64,2.0,1,1,0,MacBook-Pro-4.local,darwin,0,0.0449,22273.22,KEM,True,2025-11-20T22:38:06.219684,,1845
Kyber512,encap,1024,1,2.0,1,1,0,MacBook-Pro-4.local,darwin,0,0.0449,22286.11,KEM,True,2025-11-20T22:38:06.219753,,1846
Kyber512,encap,1024,1,2.0,1,1,0,MacBook-Pro-4.local,darwin,0,0.0443,22554.02,KEM,True,2025-11-20T22:38:06.219820,,1847
Kyber512,encap,1024,1,2.0,1,1,0,MacBook-Pro-4.local,darwin,0,0.0446,22438.13,KEM,True,2025-11-20T22:38:06.219887,,1848
Kyber512,encap,1024,1,2.0,1,1,0,MacBook-Pro-4.local,darwin,0,0.0451,22159.2,KEM,True,2025-11-20T22:38:06.219955,,1849
Kyber512,encap,1024,1,2.0,1,1,0,MacBook-Pro-4.local,darwin,0,0.0448,22336.38,KEM,True,2025-11-20T22:38:06.220023,,1850
Kyber512,encap,1024,16,2.0,1,1,0,MacBook-Pro-4.local,darwin,0,0.0446,22417.52,KEM,True,2025-11-20T22:38:06.220091,,1851
Kyber512,encap,1024,16,2.0,1,1,0,MacBook-Pro-4.local,darwin,0,0.0455,22001.72,KEM,True,2025-11-20T22:38:06.220160,,1852
Kyber512,encap,1024,16,2.0,1,1,0,MacBook-Pro-4.local,darwin,0,0.0448,22302.02,KEM,True,2025-11-20T22:38:06.220227,,1853
Kyber512,encap,1024,16,2.0,1,1,0,MacBook-Pro-4.local,darwin,0,0.0441,22655.71,KEM,True,2025-11-20T22:38:06.220294,,1854
Kyber512,encap,1024,16,2.0,1,1,0,MacBook-Pro-4.local,darwin,0,0.044,22725.72,KEM,True,2025-11-20T22:38:06.220361,,1855
Kyber512,encap,1024,64,2.0,1,1,0,MacBook-Pro-4.local,darwin,0,0.0444,22541.32,KEM,True,2025-11-20T22:38:06.220429,,1856
Kyber512,encap,1024,64,2.0,1,1,0,MacBook-Pro-4.local,darwin,0,0.0445,22468.39,KEM,True,2025-11-20T22:38:06.220497,,1857
Kyber512,encap,1024,64,2.0,1,1,0,MacBook-Pro-4.local,darwin,0,0.0444,22546.88,KEM,True,2025-11-20T22:38:06.220564,,1858
Kyber512,encap,1024,64,2.0,1,1,0,MacBook-Pro-4.local,darwin,0,0.051,19597.85,KEM,True,2025-11-20T22:38:06.220637,,1859
Kyber512,encap,1024,64,2.0,1,1,0,MacBook-Pro-4.local,darwin,0,0.0451,22188.19,KEM,True,2025-11-20T22:38:06.220705,,1860
Kyber512,decap,0,1,2.0,1,1,0,MacBook-Pro-4.local,darwin,0,0.0626,15986.95,KEM,True,2025-11-20T22:38:06.220795,,1861
Kyber512,decap,0,1,2.0,1,1,0,MacBook-Pro-4.local,darwin,0,0.0586,17069.51,KEM,True,2025-11-20T22:38:06.220878,,1862
Kyber512,decap,0,1,2.0,1,1,0,MacBook-Pro-4.local,darwin,0,0.0574,17423.13,KEM,True,2025-11-20T22:38:06.220958,,1863
Kyber512,decap,0,1,2.0,1,1,0,MacBook-Pro-4.local,darwin,0,0.0572,17494.76,KEM,True,2025-11-20T22:38:06.221038,,1864
Kyber512,decap,0,1,2.0,1,1,0,MacBook-Pro-4.local,darwin,0,0.0565,17706.0,KEM,True,2025-11-20T22:38:06.221118,,1865
Kyber512,decap,0,16,2.0,1,1,0,MacBook-Pro-4.local,darwin,0,0.0568,17598.5,KEM,True,2025-11-20T22:38:06.221198,,1866
Kyber512,decap,0,16,2.0,1,1,0,MacBook-Pro-4.local,darwin,0,0.0582,17181.83,KEM,True,2025-11-20T22:38:06.221279,,1867
Kyber512,decap,0,16,2.0,1,1,0,MacBook-Pro-4.local,darwin,0,0.0583,17162.96,KEM,True,2025-11-20T22:38:06.221360,,1868
Kyber512,decap,0,16,2.0,1,1,0,MacBook-Pro-4.local,darwin,0,0.0567,17626.72,KEM,True,2025-11-20T22:38:06.221440,,1869
Kyber512,decap,0,16,2.0,1,1,0,MacBook-Pro-4.local,darwin,0,0.0629,15899.26,KEM,True,2025-11-20T22:38:06.221526,,1870
Kyber512,decap,0,64,2.0,1,1,0,MacBook-Pro-4.local,darwin,0,0.0579,17263.41,KEM,True,2025-11-20T22:38:06.221608,,1871
Kyber512,decap,0,64,2.0,1,1,0,MacBook-Pro-4.local,darwin,0,0.0573,17455.97,KEM,True,2025-11-20T22:38:06.221688,,1872
Kyber512,decap,0,64,2.0,1,1,0,MacBook-Pro-4.local,darwin,0,0.0571,17517.73,KEM,True,2025-11-20T22:38:06.221768,,1873
Kyber512,decap,0,64,2.0,1,1,0,MacBook-Pro-4.local,darwin,0,0.0604,16543.43,KEM,True,2025-11-20T22:38:06.221851,,1874
Kyber512,decap,0,64,2.0,1,1,0,MacBook-Pro-4.local,darwin,0,0.0593,16850.91,KEM,True,2025-11-20T22:38:06.221934,,1875
Kyber512,decap,1024,1,2.0,1,1,0,MacBook-Pro-4.local,darwin,0,0.0575,17404.32,KEM,True,2025-11-20T22:38:06.222015,,1876
Kyber512,decap,1024,1,2.0,1,1,0,MacBook-Pro-4.local,darwin,0,0.0581,17221.79,KEM,True,2025-11-20T22:38:06.222095,,1877
Kyber512,decap,1024,1,2.0,1,1,0,MacBook-Pro-4.local,darwin,0,0.0572,17492.62,KEM,True,2025-11-20T22:38:06.222176,,1878
Kyber512,decap,1024,1,2.0,1,1,0,MacBook-Pro-4.local,darwin,0,0.0569,17568.52,KEM,True,2025-11-20T22:38:06.222255,,1879
Kyber512,decap,1024,1,2.0,1,1,0,MacBook-Pro-4.local,darwin,0,0.0581,17209.93,KEM,True,2025-11-20T22:38:06.222336,,1880
Kyber512,decap,1024,16,2.0,1,1,0,MacBook-Pro-4.local,darwin,0,0.0581,17216.14,KEM,True,2025-11-20T22:38:06.222418,,1881
Kyber512,decap,1024,16,2.0,1,1,0,MacBook-Pro-4.local,darwin,0,0.0601,16644.47,KEM,True,2025-11-20T22:38:06.222519,,1882
Kyber512,decap,1024,16,2.0,1,1,0,MacBook-Pro-4.local,darwin,0,0.0591,16909.89,KEM,True,2025-11-20T22:38:06.222603,,1883
Kyber512,decap,1024,16,2.0,1,1,0,MacBook-Pro-4.local,darwin,0,0.0581,17197.5,KEM,True,2025-11-20T22:38:06.222684,,1884
Kyber512,decap,1024,16,2.0,1,1,0,MacBook-Pro-4.local,darwin,0,0.0611,16364.48,KEM,True,2025-11-20T22:38:06.222769,,1885
Kyber512,decap,1024,64,2.0,1,1,0,MacBook-Pro-4.local,darwin,0,0.0588,17019.55,KEM,True,2025-11-20T22:38:06.222852,,1886
Kyber512,decap,1024,64,2.0,1,1,0,MacBook-Pro-4.local,darwin,0,0.0575,17383.45,KEM,True,2025-11-20T22:38:06.222933,,1887
Kyber512,decap,1024,64,2.0,1,1,0,MacBook-Pro-4.local,darwin,0,0.057,17558.95,KEM,True,2025-11-20T22:38:06.223013,,1888
Kyber512,decap,1024,64,2.0,1,1,0,MacBook-Pro-4.local,darwin,0,0.0569,17568.52,KEM,True,2025-11-20T22:38:06.223093,,1889
Kyber512,decap,1024,64,2.0,1,1,0,MacBook-Pro-4.local,darwin,0,0.057,17541.08,KEM,True,2025-11-20T22:38:06.223173,,1890
Kyber768,keygen,0,1,2.0,1,1,0,MacBook-Pro-4.local,darwin,0,0.0853,11724.29,KEM,True,2025-11-20T22:38:06.223287,,1891
Kyber768,keygen,0,1,2.0,1,1,0,MacBook-Pro-4.local,darwin,0,0.0362,27611.36,KEM,True,2025-11-20T22:38:06.223350,,1892
Kyber768,keygen,0,1,2.0,1,1,0,MacBook-Pro-4.local,darwin,0,0.0337,29709.7,KEM,True,2025-11-20T22:38:06.223407,,1893
Kyber768,keygen,0,1,2.0,1,1,0,MacBook-Pro-4.local,darwin,0,0.034,29397.95,KEM,True,2025-11-20T22:38:06.223464,,1894
Kyber768,keygen,0,1,2.0,1,1,0,MacBook-Pro-4.local,darwin,0,0.0334,29972.43,KEM,True,2025-11-20T22:38:06.223519,,1895
Kyber768,keygen,0,16,2.0,1,1,0,MacBook-Pro-4.local,darwin,0,0.0334,29977.82,KEM,True,2025-11-20T22:38:06.223575,,1896
Kyber768,keygen,0,16,2.0,1,1,0,MacBook-Pro-4.local,darwin,0,0.0337,29639.27,KEM,True,2025-11-20T22:38:06.223631,,1897
Kyber768,keygen,0,16,2.0,1,1,0,MacBook-Pro-4.local,darwin,0,0.0329,30424.73,KEM,True,2025-11-20T22:38:06.223686,,1898
Kyber768,keygen,0,16,2.0,1,1,0,MacBook-Pro-4.local,darwin,0,0.0332,30162.24,KEM,True,2025-11-20T22:38:06.223742,,1899
Kyber768,keygen,0,16,2.0,1,1,0,MacBook-Pro-4.local,darwin,0,0.0331,30248.91,KEM,True,2025-11-20T22:38:06.223797,,1900
Kyber768,keygen,0,64,2.0,1,1,0,MacBook-Pro-4.local,darwin,0,0.0326,30680.47,KEM,True,2025-11-20T22:38:06.223852,,1901
Kyber768,keygen,0,64,2.0,1,1,0,MacBook-Pro-4.local,darwin,0,0.0325,30742.73,KEM,True,2025-11-20T22:38:06.223907,,1902
Kyber768,keygen,0,64,2.0,1,1,0,MacBook-Pro-4.local,darwin,0,0.0321,31136.15,KEM,True,2025-11-20T22:38:06.223961,,1903
Kyber768,keygen,0,64,2.0,1,1,0,MacBook-Pro-4.local,darwin,0,0.0324,30900.43,KEM,True,2025-11-20T22:38:06.224015,,1904
Kyber768,keygen,0,64,2.0,1,1,0,MacBook-Pro-4.local,darwin,0,0.0326,30689.9,KEM,True,2025-11-20T22:38:06.224069,,1905
Kyber768,keygen,1024,1,2.0,1,1,0,MacBook-Pro-4.local,darwin,0,0.0324,30833.77,KEM,True,2025-11-20T22:38:06.224124,,1906
Kyber768,keygen,1024,1,2.0,1,1,0,MacBook-Pro-4.local,darwin,0,0.0327,30539.0,KEM,True,2025-11-20T22:38:06.224178,,1907
Kyber768,keygen,1024,1,2.0,1,1,0,MacBook-Pro-4.local,darwin,0,0.0325,30749.34,KEM,True,2025-11-20T22:38:06.224232,,1908
Kyber768,keygen,1024,1,2.0,1,1,0,MacBook-Pro-4.local,darwin,0,0.0323,30929.14,KEM,True,2025-11-20T22:38:06.224286,,1909
Kyber768,keygen,1024,1,2.0,1,1,0,MacBook-Pro-4.local,darwin,0,0.0331,30212.37,KEM,True,2025-11-20T22:38:06.224341,,1910
Kyber768,keygen,1024,16,2.0,1,1,0,MacBook-Pro-4.local,darwin,0,0.0328,30453.42,KEM,True,2025-11-20T22:38:06.224395,,1911
Kyber768,keygen,1024,16,2.0,1,1,0,MacBook-Pro-4.local,darwin,0,0.0328,30459.95,KEM,True,2025-11-20T22:38:06.224449,,1912
Kyber768,keygen,1024,16,2.0,1,1,0,MacBook-Pro-4.local,darwin,0,0.0329,30354.52,KEM,True,2025-11-20T22:38:06.224503,,1913
Kyber768,keygen,1024,16,2.0,1,1,0,MacBook-Pro-4.local,darwin,0,0.0329,30387.7,KEM,True,2025-11-20T22:38:06.224558,,1914
Kyber768,keygen,1024,16,2.0,1,1,0,MacBook-Pro-4.local,darwin,0,0.0328,30518.5,KEM,True,2025-11-20T22:38:06.224612,,1915
Kyber768,keygen,1024,64,2.0,1,1,0,MacBook-Pro-4.local,darwin,0,0.0327,30590.39,KEM,True,2025-11-20T22:38:06.224667,,1916
Kyber768,keygen,1024,64,2.0,1,1,0,MacBook-Pro-4.local,darwin,0,0.0323,30940.56,KEM,True,2025-11-20T22:38:06.224722,,1917
Kyber768,keygen,1024,64,2.0,1,1,0,MacBook-Pro-4.local,darwin,0,0.033,30261.81,KEM,True,2025-11-20T22:38:06.224777,,1918
Kyber768,keygen,1024,64,2.0,1,1,0,MacBook-Pro-4.local,darwin,0,0.0332,30154.99,KEM,True,2025-11-20T22:38:06.224831,,1919
Kyber768,keygen,1024,64,2.0,1,1,0,MacBook-Pro-4.local,darwin,0,0.0328,30466.43,KEM,True,2025-11-20T22:38:06.224886,,1920
Kyber768,encap,0,1,2.0,1,1,0,MacBook-Pro-4.local,darwin,0,0.0767,13043.24,KEM,True,2025-11-20T22:38:06.224989,,1921
Kyber768,encap,0,1,2.0,1,1,0,MacBook-Pro-4.local,darwin,0,0.0589,16989.47,KEM,True,2025-11-20T22:38:06.225073,,1922
Kyber768,encap,0,1,2.0,1,1,0,MacBook-Pro-4.local,darwin,0,0.057,17546.95,KEM,True,2025-11-20T22:38:06.225154,,1923
Kyber768,encap,0,1,2.0,1,1,0,MacBook-Pro-4.local,darwin,0,0.0582,17196.62,KEM,True,2025-11-20T22:38:06.225235,,1924
Kyber768,encap,0,1,2.0,1,1,0,MacBook-Pro-4.local,darwin,0,0.0992,10079.63,KEM,True,2025-11-20T22:38:06.225363,,1925
Kyber768,encap,0,16,2.0,1,1,0,MacBook-Pro-4.local,darwin,0,0.0674,14826.9,KEM,True,2025-11-20T22:38:06.225475,,1926
Kyber768,encap,0,16,2.0,1,1,0,MacBook-Pro-4.local,darwin,0,0.0598,16733.88,KEM,True,2025-11-20T22:38:06.225563,,1927
Kyber768,encap,0,16,2.0,1,1,0,MacBook-Pro-4.local,darwin,0,0.0584,17134.74,KEM,True,2025-11-20T22:38:06.225647,,1928
Kyber768,encap,0,16,2.0,1,1,0,MacBook-Pro-4.local,darwin,0,0.0572,17475.79,KEM,True,2025-11-20T22:38:06.225729,,1929
Kyber768,encap,0,16,2.0,1,1,0,MacBook-Pro-4.local,darwin,0,0.0573,17444.4,KEM,True,2025-11-20T22:38:06.225810,,1930
Kyber768,encap,0,64,2.0,1,1,0,MacBook-Pro-4.local,darwin,0,0.0569,17586.13,KEM,True,2025-11-20T22:38:06.225891,,1931
Kyber768,encap,0,64,2.0,1,1,0,MacBook-Pro-4.local,darwin,0,0.1595,6268.06,KEM,True,2025-11-20T22:38:06.226079,,1932
Kyber768,encap,0,64,2.0,1,1,0,MacBook-Pro-4.local,darwin,0,0.1054,9484.88,KEM,True,2025-11-20T22:38:06.226229,,1933
Kyber768,encap,0,64,2.0,1,1,0,MacBook-Pro-4.local,darwin,0,0.0704,14194.67,KEM,True,2025-11-20T22:38:06.226328,,1934
Kyber768,encap,0,64,2.0,1,1,0,MacBook-Pro-4.local,darwin,0,0.0633,15786.56,KEM,True,2025-11-20T22:38:06.226446,,1935
Kyber768,encap,1024,1,2.0,1,1,0,MacBook-Pro-4.local,darwin,0,0.0582,17191.89,KEM,True,2025-11-20T22:38:06.226530,,1936
Kyber768,encap,1024,1,2.0,1,1,0,MacBook-Pro-4.local,darwin,0,0.0823,12153.47,KEM,True,2025-11-20T22:38:06.226637,,1937
Kyber768,encap,1024,1,2.0,1,1,0,MacBook-Pro-4.local,darwin,0,0.0621,16097.1,KEM,True,2025-11-20T22:38:06.226723,,1938
Kyber768,encap,1024,1,2.0,1,1,0,MacBook-Pro-4.local,darwin,0,0.057,17538.62,KEM,True,2025-11-20T22:38:06.226808,,1939
Kyber768,encap,1024,1,2.0,1,1,0,MacBook-Pro-4.local,darwin,0,0.0569,17572.83,KEM,True,2025-11-20T22:38:06.226889,,1940
Kyber768,encap,1024,16,2.0,1,1,0,MacBook-Pro-4.local,darwin,0,0.0609,16409.32,KEM,True,2025-11-20T22:38:06.226978,,1941
Kyber768,encap,1024,16,2.0,1,1,0,MacBook-Pro-4.local,darwin,0,0.0576,17375.89,KEM,True,2025-11-20T22:38:06.227059,,1942
Kyber768,encap,1024,16,2.0,1,1,0,MacBook-Pro-4.local,darwin,0,0.0644,15538.32,KEM,True,2025-11-20T22:38:06.227146,,1943
Kyber768,encap,1024,16,2.0,1,1,0,MacBook-Pro-4.local,darwin,0,0.0571,17520.5,KEM,True,2025-11-20T22:38:06.227225,,1944
Kyber768,encap,1024,16,2.0,1,1,0,MacBook-Pro-4.local,darwin,0,0.0607,16464.98,KEM,True,2025-11-20T22:38:06.227326,,1945
Kyber768,encap,1024,64,2.0,1,1,0,MacBook-Pro-4.local,darwin,0,0.0567,17636.06,KEM,True,2025-11-20T22:38:06.227407,,1946
Kyber768,encap,1024,64,2.0,1,1,0,MacBook-Pro-4.local,darwin,0,0.06,16678.9,KEM,True,2025-11-20T22:38:06.227491,,1947
Kyber768,encap,1024,64,2.0,1,1,0,MacBook-Pro-4.local,darwin,0,0.0568,17600.68,KEM,True,2025-11-20T22:38:06.227570,,1948
Kyber768,encap,1024,64,2.0,1,1,0,MacBook-Pro-4.local,darwin,0,0.0654,15285.14,KEM,True,2025-11-20T22:38:06.227658,,1949
Kyber768,encap,1024,64,2.0,1,1,0,MacBook-Pro-4.local,darwin,0,0.0564,17717.62,KEM,True,2025-11-20T22:38:06.227737,,1950
Kyber768,decap,0,1,2.0,1,1,0,MacBook-Pro-4.local,darwin,0,0.0858,11651.62,KEM,True,2025-11-20T22:38:06.227907,,1951
Kyber768,decap,0,1,2.0,1,1,0,MacBook-Pro-4.local,darwin,0,0.0885,11303.52,KEM,True,2025-11-20T22:38:06.228021,,1952
Kyber768,decap,0,1,2.0,1,1,0,MacBook-Pro-4.local,darwin,0,0.0828,12073.8,KEM,True,2025-11-20T22:38:06.228129,,1953
Kyber768,decap,0,1,2.0,1,1,0,MacBook-Pro-4.local,darwin,0,0.0745,13414.9,KEM,True,2025-11-20T22:38:06.228228,,1954
Kyber768,decap,0,1,2.0,1,1,0,MacBook-Pro-4.local,darwin,0,0.0749,13352.21,KEM,True,2025-11-20T22:38:06.228327,,1955
Kyber768,decap,0,16,2.0,1,1,0,MacBook-Pro-4.local,darwin,0,0.0736,13578.28,KEM,True,2025-11-20T22:38:06.228425,,1956
Kyber768,decap,0,16,2.0,1,1,0,MacBook-Pro-4.local,darwin,0,0.0752,13301.77,KEM,True,2025-11-20T22:38:06.228524,,1957
Kyber768,decap,0,16,2.0,1,1,0,MacBook-Pro-4.local,darwin,0,0.0814,12280.63,KEM,True,2025-11-20T22:38:06.228630,,1958
Kyber768,decap,0,16,2.0,1,1,0,MacBook-Pro-4.local,darwin,0,0.0761,13140.42,KEM,True,2025-11-20T22:38:06.228733,,1959
Kyber768,decap,0,16,2.0,1,1,0,MacBook-Pro-4.local,darwin,0,0.0755,13240.3,KEM,True,2025-11-20T22:38:06.228833,,1960
Kyber768,decap,0,64,2.0,1,1,0,MacBook-Pro-4.local,darwin,0,0.0748,13364.51,KEM,True,2025-11-20T22:38:06.228932,,1961
Kyber768,decap,0,64,2.0,1,1,0,MacBook-Pro-4.local,darwin,0,0.0757,13218.24,KEM,True,2025-11-20T22:38:06.229032,,1962
Kyber768,decap,0,64,2.0,1,1,0,MacBook-Pro-4.local,darwin,0,0.0752,13299.82,KEM,True,2025-11-20T22:38:06.229131,,1963
Kyber768,decap,0,64,2.0,1,1,0,MacBook-Pro-4.local,darwin,0,0.0738,13547.93,KEM,True,2025-11-20T22:38:06.229229,,1964
Kyber768,decap,0,64,2.0,1,1,0,MacBook-Pro-4.local,darwin,0,0.0743,13461.66,KEM,True,2025-11-20T22:38:06.229327,,1965
Kyber768,decap,1024,1,2.0,1,1,0,MacBook-Pro-4.local,darwin,0,0.0737,13574.05,KEM,True,2025-11-20T22:38:06.229425,,1966
Kyber768,decap,1024,1,2.0,1,1,0,MacBook-Pro-4.local,darwin,0,0.075,13339.03,KEM,True,2025-11-20T22:38:06.229524,,1967
Kyber768,decap,1024,1,2.0,1,1,0,MacBook-Pro-4.local,darwin,0,0.0735,13608.78,KEM,True,2025-11-20T22:38:06.229622,,1968
Kyber768,decap,1024,1,2.0,1,1,0,MacBook-Pro-4.local,darwin,0,0.0734,13624.91,KEM,True,2025-11-20T22:38:06.229720,,1969
Kyber768,decap,1024,1,2.0,1,1,0,MacBook-Pro-4.local,darwin,0,0.0734,13618.04,KEM,True,2025-11-20T22:38:06.229817,,1970
Kyber768,decap,1024,16,2.0,1,1,0,MacBook-Pro-4.local,darwin,0,0.0736,13580.51,KEM,True,2025-11-20T22:38:06.229915,,1971
Kyber768,decap,1024,16,2.0,1,1,0,MacBook-Pro-4.local,darwin,0,0.074,13518.81,KEM,True,2025-11-20T22:38:06.230013,,1972
Kyber768,decap,1024,16,2.0,1,1,0,MacBook-Pro-4.local,darwin,0,0.0738,13551.6,KEM,True,2025-11-20T22:38:06.230110,,1973
Kyber768,decap,1024,16,2.0,1,1,0,MacBook-Pro-4.local,darwin,0,0.0738,13547.01,KEM,True,2025-11-20T22:38:06.230208,,1974
Kyber768,decap,1024,16,2.0,1,1,0,MacBook-Pro-4.local,darwin,0,0.0742,13473.46,KEM,True,2025-11-20T22:38:06.230305,,1975
Kyber768,decap,1024,64,2.0,1,1,0,MacBook-Pro-4.local,darwin,0,0.0742,13468.91,KEM,True,2025-11-20T22:38:06.230404,,1976
Kyber768,decap,1024,64,2.0,1,1,0,MacBook-Pro-4.local,darwin,0,0.0743,13463.48,KEM,True,2025-11-20T22:38:06.230502,,1977
Kyber768,decap,1024,64,2.0,1,1,0,MacBook-Pro-4.local,darwin,0,0.0762,13120.26,KEM,True,2025-11-20T22:38:06.230602,,1978
Kyber768,decap,1024,64,2.0,1,1,0,MacBook-Pro-4.local,darwin,0,0.0747,13389.93,KEM,True,2025-11-20T22:38:06.230700,,1979
Kyber768,decap,1024,64,2.0,1,1,0,MacBook-Pro-4.local,darwin,0,0.0747,13382.75,KEM,True,2025-11-20T22:38:06.230798,,1980
ML-KEM-1024,keygen,0,1,2.0,1,1,0,MacBook-Pro-4.local,darwin,0,0.1113,8982.22,KEM,True,2025-11-20T22:38:06.230939,,1981
ML-KEM-1024,keygen,0,1,2.0,1,1,0,MacBook-Pro-4.local,darwin,0,0.0408,24484.61,KEM,True,2025-11-20T22:38:06.231007,,1982
ML-KEM-1024,keygen,0,1,2.0,1,1,0,MacBook-Pro-4.local,darwin,0,0.0392,25519.29,KEM,True,2025-11-20T22:38:06.231070,,1983
ML-KEM-1024,keygen,0,1,2.0,1,1,0,MacBook-Pro-4.local,darwin,0,0.0381,26241.91,KEM,True,2025-11-20T22:38:06.231132,,1984
ML-KEM-1024,keygen,0,1,2.0,1,1,0,MacBook-Pro-4.local,darwin,0,0.0383,26111.01,KEM,True,2025-11-20T22:38:06.231193,,1985
ML-KEM-1024,keygen,0,16,2.0,1,1,0,MacBook-Pro-4.local,darwin,0,0.0387,25854.49,KEM,True,2025-11-20T22:38:06.231256,,1986
ML-KEM-1024,keygen,0,16,2.0,1,1,0,MacBook-Pro-4.local,darwin,0,0.0385,25955.86,KEM,True,2025-11-20T22:38:06.231317,,1987
ML-KEM-1024,keygen,0,16,2.0,1,1,0,MacBook-Pro-4.local,darwin,0,0.0384,26031.52,KEM,True,2025-11-20T22:38:06.231378,,1988
ML-KEM-1024,keygen,0,16,2.0,1,1,0,MacBook-Pro-4.local,darwin,0,0.0378,26429.14,KEM,True,2025-11-20T22:38:06.231439,,1989
ML-KEM-1024,keygen,0,16,2.0,1,1,0,MacBook-Pro-4.local,darwin,0,0.0389,25675.28,KEM,True,2025-11-20T22:38:06.231500,,1990
ML-KEM-1024,keygen,0,64,2.0,1,1,0,MacBook-Pro-4.local,darwin,0,0.0381,26263.93,KEM,True,2025-11-20T22:38:06.231562,,1991
ML-KEM-1024,keygen,0,64,2.0,1,1,0,MacBook-Pro-4.local,darwin,0,0.0387,25831.13,KEM,True,2025-11-20T22:38:06.231624,,1992
ML-KEM-1024,keygen,0,64,2.0,1,1,0,MacBook-Pro-4.local,darwin,0,0.0373,26817.57,KEM,True,2025-11-20T22:38:06.231683,,1993
ML-KEM-1024,keygen,0,64,2.0,1,1,0,MacBook-Pro-4.local,darwin,0,0.0379,26398.48,KEM,True,2025-11-20T22:38:06.231743,,1994
ML-KEM-1024,keygen,0,64,2.0,1,1,0,MacBook-Pro-4.local,darwin,0,0.0379,26418.66,KEM,True,2025-11-20T22:38:06.231803,,1995
ML-KEM-1024,keygen,1024,1,2.0,1,1,0,MacBook-Pro-4.local,darwin,0,0.0389,25699.71,KEM,True,2025-11-20T22:38:06.231866,,1996
ML-KEM-1024,keygen,1024,1,2.0,1,1,0,MacBook-Pro-4.local,darwin,0,0.0382,26195.81,KEM,True,2025-11-20T22:38:06.231927,,1997
ML-KEM-1024,keygen,1024,1,2.0,1,1,0,MacBook-Pro-4.local,darwin,0,0.0377,26531.55,KEM,True,2025-11-20T22:38:06.231988,,1998
ML-KEM-1024,keygen,1024,1,2.0,1,1,0,MacBook-Pro-4.local,darwin,0,0.0378,26476.03,KEM,True,2025-11-20T22:38:06.232048,,1999
ML-KEM-1024,keygen,1024,1,2.0,1,1,0,MacBook-Pro-4.local,darwin,0,0.0379,26362.96,KEM,True,2025-11-20T22:38:06.232108,,2000
ML-KEM-1024,keygen,1024,16,2.0,1,1,0,MacBook-Pro-4.local,darwin,0,0.0378,26444.52,KEM,True,2025-11-20T22:38:06.232169,,2001
ML-KEM-1024,keygen,1024,16,2.0,1,1,0,MacBook-Pro-4.local,darwin,0,0.0378,26431.26,KEM,True,2025-11-20T22:38:06.232230,,2002
ML-KEM-1024,keygen,1024,16,2.0,1,1,0,MacBook-Pro-4.local,darwin,0,0.0386,25926.91,KEM,True,2025-11-20T22:38:06.232291,,2003
ML-KEM-1024,keygen,1024,16,2.0,1,1,0,MacBook-Pro-4.local,darwin,0,0.0382,26188.98,KEM,True,2025-11-20T22:38:06.232352,,2004
ML-KEM-1024,keygen,1024,16,2.0,1,1,0,MacBook-Pro-4.local,darwin,0,0.0378,26472.52,KEM,True,2025-11-20T22:38:06.232412,,2005
ML-KEM-1024,keygen,1024,64,2.0,1,1,0,MacBook-Pro-4.local,darwin,0,0.0379,26353.94,KEM,True,2025-11-20T22:38:06.232473,,2006
ML-KEM-1024,keygen,1024,64,2.0,1,1,0,MacBook-Pro-4.local,darwin,0,0.0376,26602.83,KEM,True,2025-11-20T22:38:06.232533,,2007
ML-KEM-1024,keygen,1024,64,2.0,1,1,0,MacBook-Pro-4.local,darwin,0,0.0384,26063.39,KEM,True,2025-11-20T22:38:06.232594,,2008
ML-KEM-1024,keygen,1024,64,2.0,1,1,0,MacBook-Pro-4.local,darwin,0,0.0375,26688.71,KEM,True,2025-11-20T22:38:06.232654,,2009
ML-KEM-1024,keygen,1024,64,2.0,1,1,0,MacBook-Pro-4.local,darwin,0,0.0379,26397.79,KEM,True,2025-11-20T22:38:06.232714,,2010
ML-KEM-1024,encap,0,1,2.0,1,1,0,MacBook-Pro-4.local,darwin,0,0.0704,14199.3,KEM,True,2025-11-20T22:38:06.232812,,2011
ML-KEM-1024,encap,0,1,2.0,1,1,0,MacBook-Pro-4.local,darwin,0,0.0662,15095.48,KEM,True,2025-11-20T22:38:06.232902,,2012
ML-KEM-1024,encap,0,1,2.0,1,1,0,MacBook-Pro-4.local,darwin,0,0.0673,14854.21,KEM,True,2025-11-20T22:38:06.232993,,2013
ML-KEM-1024,encap,0,1,2.0,1,1,0,MacBook-Pro-4.local,darwin,0,0.0653,15323.08,KEM,True,2025-11-20T22:38:06.233082,,2014
ML-KEM-1024,encap,0,1,2.0,1,1,0,MacBook-Pro-4.local,darwin,0,0.0655,15265.77,KEM,True,2025-11-20T22:38:06.233171,,2015
ML-KEM-1024,encap,0,16,2.0,1,1,0,MacBook-Pro-4.local,darwin,0,0.0653,15303.63,KEM,True,2025-11-20T22:38:06.233262,,2016
ML-KEM-1024,encap,0,16,2.0,1,1,0,MacBook-Pro-4.local,darwin,0,0.0648,15430.43,KEM,True,2025-11-20T22:38:06.233350,,2017
ML-KEM-1024,encap,0,16,2.0,1,1,0,MacBook-Pro-4.local,darwin,0,0.0654,15288.42,KEM,True,2025-11-20T22:38:06.233439,,2018
ML-KEM-1024,encap,0,16,2.0,1,1,0,MacBook-Pro-4.local,darwin,0,0.0697,14354.42,KEM,True,2025-11-20T22:38:06.233552,,2019
ML-KEM-1024,encap,0,16,2.0,1,1,0,MacBook-Pro-4.local,darwin,0,0.0663,15093.67,KEM,True,2025-11-20T22:38:06.233643,,2020
ML-KEM-1024,encap,0,64,2.0,1,1,0,MacBook-Pro-4.local,darwin,0,0.0659,15181.42,KEM,True,2025-11-20T22:38:06.233734,,2021
ML-KEM-1024,encap,0,64,2.0,1,1,0,MacBook-Pro-4.local,darwin,0,0.0652,15328.49,KEM,True,2025-11-20T22:38:06.233823,,2022
ML-KEM-1024,encap,0,64,2.0,1,1,0,MacBook-Pro-4.local,darwin,0,0.0666,15015.92,KEM,True,2025-11-20T22:38:06.233913,,2023
ML-KEM-1024,encap,0,64,2.0,1,1,0,MacBook-Pro-4.local,darwin,0,0.0659,15180.73,KEM,True,2025-11-20T22:38:06.234002,,2024
ML-KEM-1024,encap,0,64,2.0,1,1,0,MacBook-Pro-4.local,darwin,0,0.0655,15269.73,KEM,True,2025-11-20T22:38:06.234091,,2025
ML-KEM-1024,encap,1024,1,2.0,1,1,0,MacBook-Pro-4.local,darwin,0,0.0648,15421.62,KEM,True,2025-11-20T22:38:06.234181,,2026
ML-KEM-1024,encap,1024,1,2.0,1,1,0,MacBook-Pro-4.local,darwin,0,0.0655,15272.77,KEM,True,2025-11-20T22:38:06.234271,,2027
ML-KEM-1024,encap,1024,1,2.0,1,1,0,MacBook-Pro-4.local,darwin,0,0.0665,15030.59,KEM,True,2025-11-20T22:38:06.234361,,2028
ML-KEM-1024,encap,1024,1,2.0,1,1,0,MacBook-Pro-4.local,darwin,0,0.0647,15459.05,KEM,True,2025-11-20T22:38:06.234449,,2029
ML-KEM-1024,encap,1024,1,2.0,1,1,0,MacBook-Pro-4.local,darwin,0,0.0685,14593.64,KEM,True,2025-11-20T22:38:06.234541,,2030
ML-KEM-1024,encap,1024,16,2.0,1,1,0,MacBook-Pro-4.local,darwin,0,0.0657,15210.29,KEM,True,2025-11-20T22:38:06.234631,,2031
ML-KEM-1024,encap,1024,16,2.0,1,1,0,MacBook-Pro-4.local,darwin,0,0.0649,15410.69,KEM,True,2025-11-20T22:38:06.234720,,2032
ML-KEM-1024,encap,1024,16,2.0,1,1,0,MacBook-Pro-4.local,darwin,0,0.0649,15399.78,KEM,True,2025-11-20T22:38:06.234809,,2033
ML-KEM-1024,encap,1024,16,2.0,1,1,0,MacBook-Pro-4.local,darwin,0,0.0647,15466.46,KEM,True,2025-11-20T22:38:06.234897,,2034
ML-KEM-1024,encap,1024,16,2.0,1,1,0,MacBook-Pro-4.local,darwin,0,0.0644,15526.5,KEM,True,2025-11-20T22:38:06.234985,,2035
ML-KEM-1024,encap,1024,64,2.0,1,1,0,MacBook-Pro-4.local,darwin,0,0.0654,15299.65,KEM,True,2025-11-20T22:38:06.235075,,2036
ML-KEM-1024,encap,1024,64,2.0,1,1,0,MacBook-Pro-4.local,darwin,0,0.0691,14468.65,KEM,True,2025-11-20T22:38:06.235168,,2037
ML-KEM-1024,encap,1024,64,2.0,1,1,0,MacBook-Pro-4.local,darwin,0,0.0665,15029.01,KEM,True,2025-11-20T22:38:06.235259,,2038
ML-KEM-1024,encap,1024,64,2.0,1,1,0,MacBook-Pro-4.local,darwin,0,0.0849,11779.39,KEM,True,2025-11-20T22:38:06.235367,,2039
ML-KEM-1024,encap,1024,64,2.0,1,1,0,MacBook-Pro-4.local,darwin,0,0.0653,15309.96,KEM,True,2025-11-20T22:38:06.235457,,2040
ML-KEM-1024,decap,0,1,2.0,1,1,0,MacBook-Pro-4.local,darwin,0,0.1114,8976.66,KEM,True,2025-11-20T22:38:06.235596,,2041
ML-KEM-1024,decap,0,1,2.0,1,1,0,MacBook-Pro-4.local,darwin,0,0.0952,10501.55,KEM,True,2025-11-20T22:38:06.235716,,2042
ML-KEM-1024,decap,0,1,2.0,1,1,0,MacBook-Pro-4.local,darwin,0,0.0932,10731.68,KEM,True,2025-11-20T22:38:06.235838,,2043
ML-KEM-1024,decap,0,1,2.0,1,1,0,MacBook-Pro-4.local,darwin,0,0.0941,10623.72,KEM,True,2025-11-20T22:38:06.235956,,2044
ML-KEM-1024,decap,0,1,2.0,1,1,0,MacBook-Pro-4.local,darwin,0,0.0957,10451.5,KEM,True,2025-11-20T22:38:06.236076,,2045
ML-KEM-1024,decap,0,16,2.0,1,1,0,MacBook-Pro-4.local,darwin,0,0.0939,10646.45,KEM,True,2025-11-20T22:38:06.236194,,2046
ML-KEM-1024,decap,0,16,2.0,1,1,0,MacBook-Pro-4.local,darwin,0,0.0927,10791.21,KEM,True,2025-11-20T22:38:06.236310,,2047
ML-KEM-1024,decap,0,16,2.0,1,1,0,MacBook-Pro-4.local,darwin,0,0.0929,10763.22,KEM,True,2025-11-20T22:38:06.236427,,2048
ML-KEM-1024,decap,0,16,2.0,1,1,0,MacBook-Pro-4.local,darwin,0,0.0925,10811.4,KEM,True,2025-11-20T22:38:06.236543,,2049
ML-KEM-1024,decap,0,16,2.0,1,1,0,MacBook-Pro-4.local,darwin,0,0.0933,10713.29,KEM,True,2025-11-20T22:38:06.236660,,2050
ML-KEM-1024,decap,0,64,2.0,1,1,0,MacBook-Pro-4.local,darwin,0,0.0933,10717.08,KEM,True,2025-11-20T22:38:06.236778,,2051
ML-KEM-1024,decap,0,64,2.0,1,1,0,MacBook-Pro-4.local,darwin,0,0.0944,10596.25,KEM,True,2025-11-20T22:38:06.236896,,2052
ML-KEM-1024,decap,0,64,2.0,1,1,0,MacBook-Pro-4.local,darwin,0,0.0938,10657.69,KEM,True,2025-11-20T22:38:06.237014,,2053
ML-KEM-1024,decap,0,64,2.0,1,1,0,MacBook-Pro-4.local,darwin,0,0.0922,10842.46,KEM,True,2025-11-20T22:38:06.237130,,2054
ML-KEM-1024,decap,0,64,2.0,1,1,0,MacBook-Pro-4.local,darwin,0,0.0925,10813.5,KEM,True,2025-11-20T22:38:06.237246,,2055
ML-KEM-1024,decap,1024,1,2.0,1,1,0,MacBook-Pro-4.local,darwin,0,0.0932,10727.88,KEM,True,2025-11-20T22:38:06.237364,,2056
ML-KEM-1024,decap,1024,1,2.0,1,1,0,MacBook-Pro-4.local,darwin,0,0.0947,10554.31,KEM,True,2025-11-20T22:38:06.237483,,2057
ML-KEM-1024,decap,1024,1,2.0,1,1,0,MacBook-Pro-4.local,darwin,0,0.0929,10761.6,KEM,True,2025-11-20T22:38:06.237600,,2058
ML-KEM-1024,decap,1024,1,2.0,1,1,0,MacBook-Pro-4.local,darwin,0,0.0924,10819.59,KEM,True,2025-11-20T22:38:06.237717,,2059
ML-KEM-1024,decap,1024,1,2.0,1,1,0,MacBook-Pro-4.local,darwin,0,0.0936,10679.88,KEM,True,2025-11-20T22:38:06.237834,,2060
ML-KEM-1024,decap,1024,16,2.0,1,1,0,MacBook-Pro-4.local,darwin,0,0.0932,10724.31,KEM,True,2025-11-20T22:38:06.237952,,2061
ML-KEM-1024,decap,1024,16,2.0,1,1,0,MacBook-Pro-4.local,darwin,0,0.094,10637.74,KEM,True,2025-11-20T22:38:06.238070,,2062
ML-KEM-1024,decap,1024,16,2.0,1,1,0,MacBook-Pro-4.local,darwin,0,0.0953,10495.61,KEM,True,2025-11-20T22:38:06.238189,,2063
ML-KEM-1024,decap,1024,16,2.0,1,1,0,MacBook-Pro-4.local,darwin,0,0.093,10754.42,KEM,True,2025-11-20T22:38:06.238306,,2064
ML-KEM-1024,decap,1024,16,2.0,1,1,0,MacBook-Pro-4.local,darwin,0,0.0934,10706.53,KEM,True,2025-11-20T22:38:06.238423,,2065
ML-KEM-1024,decap,1024,64,2.0,1,1,0,MacBook-Pro-4.local,darwin,0,0.0955,10475.26,KEM,True,2025-11-20T22:38:06.238543,,2066
ML-KEM-1024,decap,1024,64,2.0,1,1,0,MacBook-Pro-4.local,darwin,0,0.0931,10735.83,KEM,True,2025-11-20T22:38:06.238660,,2067
ML-KEM-1024,decap,1024,64,2.0,1,1,0,MacBook-Pro-4.local,darwin,0,0.093,10755.58,KEM,True,2025-11-20T22:38:06.238776,,2068
ML-KEM-1024,decap,1024,64,2.0,1,1,0,MacBook-Pro-4.local,darwin,0,0.0924,10819.93,KEM,True,2025-11-20T22:38:06.238892,,2069
ML-KEM-1024,decap,1024,64,2.0,1,1,0,MacBook-Pro-4.local,darwin,0,0.0927,10789.11,KEM,True,2025-11-20T22:38:06.239008,,2070
ML-KEM-512,keygen,0,1,2.0,1,1,0,MacBook-Pro-4.local,darwin,0,0.0744,13449.72,KEM,True,2025-11-20T22:38:06.239111,,2071
ML-KEM-512,keygen,0,1,2.0,1,1,0,MacBook-Pro-4.local,darwin,0,0.0283,35338.18,KEM,True,2025-11-20T22:38:06.239165,,2072
ML-KEM-512,keygen,0,1,2.0,1,1,0,MacBook-Pro-4.local,darwin,0,0.026,38448.16,KEM,True,2025-11-20T22:38:06.239214,,2073
ML-KEM-512,keygen,0,1,2.0,1,1,0,MacBook-Pro-4.local,darwin,0,0.0261,38373.02,KEM,True,2025-11-20T22:38:06.239262,,2074
ML-KEM-512,keygen,0,1,2.0,1,1,0,MacBook-Pro-4.local,darwin,0,0.0263,38074.94,KEM,True,2025-11-20T22:38:06.239310,,2075
ML-KEM-512,keygen,0,16,2.0,1,1,0,MacBook-Pro-4.local,darwin,0,0.0264,37824.29,KEM,True,2025-11-20T22:38:06.239360,,2076
ML-KEM-512,keygen,0,16,2.0,1,1,0,MacBook-Pro-4.local,darwin,0,0.0262,38205.84,KEM,True,2025-11-20T22:38:06.239407,,2077
ML-KEM-512,keygen,0,16,2.0,1,1,0,MacBook-Pro-4.local,darwin,0,0.0267,37413.91,KEM,True,2025-11-20T22:38:06.239456,,2078
ML-KEM-512,keygen,0,16,2.0,1,1,0,MacBook-Pro-4.local,darwin,0,0.0257,38836.41,KEM,True,2025-11-20T22:38:06.239504,,2079
ML-KEM-512,keygen,0,16,2.0,1,1,0,MacBook-Pro-4.local,darwin,0,0.0258,38783.81,KEM,True,2025-11-20T22:38:06.239551,,2080
ML-KEM-512,keygen,0,64,2.0,1,1,0,MacBook-Pro-4.local,darwin,0,0.0257,38907.48,KEM,True,2025-11-20T22:38:06.239599,,2081
ML-KEM-512,keygen,0,64,2.0,1,1,0,MacBook-Pro-4.local,darwin,0,0.0272,36720.11,KEM,True,2025-11-20T22:38:06.239648,,2082
ML-KEM-512,keygen,0,64,2.0,1,1,0,MacBook-Pro-4.local,darwin,0,0.0261,38267.29,KEM,True,2025-11-20T22:38:06.239695,,2083
ML-KEM-512,keygen,0,64,2.0,1,1,0,MacBook-Pro-4.local,darwin,0,0.0259,38653.27,KEM,True,2025-11-20T22:38:06.239743,,2084
ML-KEM-512,keygen,0,64,2.0,1,1,0,MacBook-Pro-4.local,darwin,0,0.0253,39458.67,KEM,True,2025-11-20T22:38:06.239789,,2085
ML-KEM-512,keygen,1024,1,2.0,1,1,0,MacBook-Pro-4.local,darwin,0,0.0261,38352.37,KEM,True,2025-11-20T22:38:06.239837,,2086
ML-KEM-512,keygen,1024,1,2.0,1,1,0,MacBook-Pro-4.local,darwin,0,0.0297,33664.37,KEM,True,2025-11-20T22:38:06.239907,,2087
ML-KEM-512,keygen,1024,1,2.0,1,1,0,MacBook-Pro-4.local,darwin,0,0.027,37092.01,KEM,True,2025-11-20T22:38:06.239958,,2088
ML-KEM-512,keygen,1024,1,2.0,1,1,0,MacBook-Pro-4.local,darwin,0,0.0263,38050.31,KEM,True,2025-11-20T22:38:06.240006,,2089
ML-KEM-512,keygen,1024,1,2.0,1,1,0,MacBook-Pro-4.local,darwin,0,0.0259,38651.79,KEM,True,2025-11-20T22:38:06.240054,,2090
ML-KEM-512,keygen,1024,16,2.0,1,1,0,MacBook-Pro-4.local,darwin,0,0.0263,37998.22,KEM,True,2025-11-20T22:38:06.240103,,2091
ML-KEM-512,keygen,1024,16,2.0,1,1,0,MacBook-Pro-4.local,darwin,0,0.0261,38242.33,KEM,True,2025-11-20T22:38:06.240151,,2092
ML-KEM-512,keygen,1024,16,2.0,1,1,0,MacBook-Pro-4.local,darwin,0,0.0259,38569.87,KEM,True,2025-11-20T22:38:06.240198,,2093
ML-KEM-512,keygen,1024,16,2.0,1,1,0,MacBook-Pro-4.local,darwin,0,0.0255,39143.55,KEM,True,2025-11-20T22:38:06.240246,,2094
ML-KEM-512,keygen,1024,16,2.0,1,1,0,MacBook-Pro-4.local,darwin,0,0.0257,38857.58,KEM,True,2025-11-20T22:38:06.240294,,2095
ML-KEM-512,keygen,1024,64,2.0,1,1,0,MacBook-Pro-4.local,darwin,0,0.0256,39120.55,KEM,True,2025-11-20T22:38:06.240341,,2096
ML-KEM-512,keygen,1024,64,2.0,1,1,0,MacBook-Pro-4.local,darwin,0,0.0257,38850.02,KEM,True,2025-11-20T22:38:06.240389,,2097
ML-KEM-512,keygen,1024,64,2.0,1,1,0,MacBook-Pro-4.local,darwin,0,0.0258,38771.73,KEM,True,2025-11-20T22:38:06.240437,,2098
ML-KEM-512,keygen,1024,64,2.0,1,1,0,MacBook-Pro-4.local,darwin,0,0.0259,38586.16,KEM,True,2025-11-20T22:38:06.240485,,2099
ML-KEM-512,keygen,1024,64,2.0,1,1,0,MacBook-Pro-4.local,darwin,0,0.0256,39016.78,KEM,True,2025-11-20T22:38:06.240532,,2100
ML-KEM-512,encap,0,1,2.0,1,1,0,MacBook-Pro-4.local,darwin,0,0.0445,22459.28,KEM,True,2025-11-20T22:38:06.240602,,2101
ML-KEM-512,encap,0,1,2.0,1,1,0,MacBook-Pro-4.local,darwin,0,0.0434,23032.99,KEM,True,2025-11-20T22:38:06.240670,,2102
ML-KEM-512,encap,0,1,2.0,1,1,0,MacBook-Pro-4.local,darwin,0,0.0424,23568.23,KEM,True,2025-11-20T22:38:06.240735,,2103
ML-KEM-512,encap,0,1,2.0,1,1,0,MacBook-Pro-4.local,darwin,0,0.0419,23880.6,KEM,True,2025-11-20T22:38:06.240800,,2104
ML-KEM-512,encap,0,1,2.0,1,1,0,MacBook-Pro-4.local,darwin,0,0.0426,23446.67,KEM,True,2025-11-20T22:38:06.240866,,2105
ML-KEM-512,encap,0,16,2.0,1,1,0,MacBook-Pro-4.local,darwin,0,0.0424,23589.91,KEM,True,2025-11-20T22:38:06.240933,,2106
ML-KEM-512,encap,0,16,2.0,1,1,0,MacBook-Pro-4.local,darwin,0,0.0417,23975.65,KEM,True,2025-11-20T22:38:06.240997,,2107
ML-KEM-512,encap,0,16,2.0,1,1,0,MacBook-Pro-4.local,darwin,0,0.0417,23982.54,KEM,True,2025-11-20T22:38:06.241062,,2108
ML-KEM-512,encap,0,16,2.0,1,1,0,MacBook-Pro-4.local,darwin,0,0.0424,23575.47,KEM,True,2025-11-20T22:38:06.241127,,2109
ML-KEM-512,encap,0,16,2.0,1,1,0,MacBook-Pro-4.local,darwin,0,0.0425,23526.65,KEM,True,2025-11-20T22:38:06.241193,,2110
ML-KEM-512,encap,0,64,2.0,1,1,0,MacBook-Pro-4.local,darwin,0,0.0418,23896.58,KEM,True,2025-11-20T22:38:06.241258,,2111
ML-KEM-512,encap,0,64,2.0,1,1,0,MacBook-Pro-4.local,darwin,0,0.0409,24459.44,KEM,True,2025-11-20T22:38:06.241321,,2112
ML-KEM-512,encap,0,64,2.0,1,1,0,MacBook-Pro-4.local,darwin,0,0.0417,23998.09,KEM,True,2025-11-20T22:38:06.241385,,2113
ML-KEM-512,encap,0,64,2.0,1,1,0,MacBook-Pro-4.local,darwin,0,0.0413,24233.04,KEM,True,2025-11-20T22:38:06.241450,,2114
ML-KEM-512,encap,0,64,2.0,1,1,0,MacBook-Pro-4.local,darwin,0,0.0417,23977.96,KEM,True,2025-11-20T22:38:06.241514,,2115
ML-KEM-512,encap,1024,1,2.0,1,1,0,MacBook-Pro-4.local,darwin,0,0.0439,22769.72,KEM,True,2025-11-20T22:38:06.241582,,2116
ML-KEM-512,encap,1024,1,2.0,1,1,0,MacBook-Pro-4.local,darwin,0,0.042,23833.95,KEM,True,2025-11-20T22:38:06.241647,,2117
ML-KEM-512,encap,1024,1,2.0,1,1,0,MacBook-Pro-4.local,darwin,0,0.0424,23582.14,KEM,True,2025-11-20T22:38:06.241712,,2118
ML-KEM-512,encap,1024,1,2.0,1,1,0,MacBook-Pro-4.local,darwin,0,0.0428,23368.85,KEM,True,2025-11-20T22:38:06.241779,,2119
ML-KEM-512,encap,1024,1,2.0,1,1,0,MacBook-Pro-4.local,darwin,0,0.0427,23407.7,KEM,True,2025-11-20T22:38:06.241845,,2120
ML-KEM-512,encap,1024,16,2.0,1,1,0,MacBook-Pro-4.local,darwin,0,0.0441,22661.86,KEM,True,2025-11-20T22:38:06.241916,,2121
ML-KEM-512,encap,1024,16,2.0,1,1,0,MacBook-Pro-4.local,darwin,0,0.0418,23934.89,KEM,True,2025-11-20T22:38:06.241981,,2122
ML-KEM-512,encap,1024,16,2.0,1,1,0,MacBook-Pro-4.local,darwin,0,0.0428,23360.69,KEM,True,2025-11-20T22:38:06.242047,,2123
ML-KEM-512,encap,1024,16,2.0,1,1,0,MacBook-Pro-4.local,darwin,0,0.043,23245.0,KEM,True,2025-11-20T22:38:06.242113,,2124
ML-KEM-512,encap,1024,16,2.0,1,1,0,MacBook-Pro-4.local,darwin,0,0.0418,23943.5,KEM,True,2025-11-20T22:38:06.242178,,2125
ML-KEM-512,encap,1024,64,2.0,1,1,0,MacBook-Pro-4.local,darwin,0,0.0421,23743.4,KEM,True,2025-11-20T22:38:06.242244,,2126
ML-KEM-512,encap,1024,64,2.0,1,1,0,MacBook-Pro-4.local,darwin,0,0.0422,23688.27,KEM,True,2025-11-20T22:38:06.242310,,2127
ML-KEM-512,encap,1024,64,2.0,1,1,0,MacBook-Pro-4.local,darwin,0,0.0418,23916.0,KEM,True,2025-11-20T22:38:06.242375,,2128
ML-KEM-512,encap,1024,64,2.0,1,1,0,MacBook-Pro-4.local,darwin,0,0.0423,23636.19,KEM,True,2025-11-20T22:38:06.242440,,2129
ML-KEM-512,encap,1024,64,2.0,1,1,0,MacBook-Pro-4.local,darwin,0,0.0431,23183.02,KEM,True,2025-11-20T22:38:06.242508,,2130
ML-KEM-512,decap,0,1,2.0,1,1,0,MacBook-Pro-4.local,darwin,0,0.0612,16334.52,KEM,True,2025-11-20T22:38:06.242597,,2131
ML-KEM-512,decap,0,1,2.0,1,1,0,MacBook-Pro-4.local,darwin,0,0.0601,16648.35,KEM,True,2025-11-20T22:38:06.242683,,2132
ML-KEM-512,decap,0,1,2.0,1,1,0,MacBook-Pro-4.local,darwin,0,0.0613,16307.62,KEM,True,2025-11-20T22:38:06.242769,,2133
ML-KEM-512,decap,0,1,2.0,1,1,0,MacBook-Pro-4.local,darwin,0,0.0665,15034.43,KEM,True,2025-11-20T22:38:06.242861,,2134
ML-KEM-512,decap,0,1,2.0,1,1,0,MacBook-Pro-4.local,darwin,0,0.06,16664.71,KEM,True,2025-11-20T22:38:06.242946,,2135
ML-KEM-512,decap,0,16,2.0,1,1,0,MacBook-Pro-4.local,darwin,0,0.058,17235.44,KEM,True,2025-11-20T22:38:06.243029,,2136
ML-KEM-512,decap,0,16,2.0,1,1,0,MacBook-Pro-4.local,darwin,0,0.0563,17767.36,KEM,True,2025-11-20T22:38:06.243107,,2137
ML-KEM-512,decap,0,16,2.0,1,1,0,MacBook-Pro-4.local,darwin,0,0.0568,17608.42,KEM,True,2025-11-20T22:38:06.243187,,2138
ML-KEM-512,decap,0,16,2.0,1,1,0,MacBook-Pro-4.local,darwin,0,0.0561,17837.39,KEM,True,2025-11-20T22:38:06.243266,,2139
ML-KEM-512,decap,0,16,2.0,1,1,0,MacBook-Pro-4.local,darwin,0,0.0565,17705.05,KEM,True,2025-11-20T22:38:06.243345,,2140
ML-KEM-512,decap,0,64,2.0,1,1,0,MacBook-Pro-4.local,darwin,0,0.058,17247.34,KEM,True,2025-11-20T22:38:06.243426,,2141
ML-KEM-512,decap,0,64,2.0,1,1,0,MacBook-Pro-4.local,darwin,0,0.063,15876.55,KEM,True,2025-11-20T22:38:06.243513,,2142
ML-KEM-512,decap,0,64,2.0,1,1,0,MacBook-Pro-4.local,darwin,0,0.0664,15061.38,KEM,True,2025-11-20T22:38:06.243606,,2143
ML-KEM-512,decap,0,64,2.0,1,1,0,MacBook-Pro-4.local,darwin,0,0.0711,14068.26,KEM,True,2025-11-20T22:38:06.243707,,2144
ML-KEM-512,decap,0,64,2.0,1,1,0,MacBook-Pro-4.local,darwin,0,0.071,14082.71,KEM,True,2025-11-20T22:38:06.243807,,2145
ML-KEM-512,decap,1024,1,2.0,1,1,0,MacBook-Pro-4.local,darwin,0,0.0662,15105.74,KEM,True,2025-11-20T22:38:06.243903,,2146
ML-KEM-512,decap,1024,1,2.0,1,1,0,MacBook-Pro-4.local,darwin,0,0.0724,13820.17,KEM,True,2025-11-20T22:38:06.244002,,2147
ML-KEM-512,decap,1024,1,2.0,1,1,0,MacBook-Pro-4.local,darwin,0,0.0895,11168.44,KEM,True,2025-11-20T22:38:06.244158,,2148
ML-KEM-512,decap,1024,1,2.0,1,1,0,MacBook-Pro-4.local,darwin,0,0.148,6754.79,KEM,True,2025-11-20T22:38:06.244357,,2149
ML-KEM-512,decap,1024,1,2.0,1,1,0,MacBook-Pro-4.local,darwin,0,0.1056,9472.3,KEM,True,2025-11-20T22:38:06.244562,,2150
ML-KEM-512,decap,1024,16,2.0,1,1,0,MacBook-Pro-4.local,darwin,0,0.0639,15639.9,KEM,True,2025-11-20T22:38:06.244674,,2151
ML-KEM-512,decap,1024,16,2.0,1,1,0,MacBook-Pro-4.local,darwin,0,0.1046,9562.24,KEM,True,2025-11-20T22:38:06.244812,,2152
ML-KEM-512,decap,1024,16,2.0,1,1,0,MacBook-Pro-4.local,darwin,0,0.0906,11031.92,KEM,True,2025-11-20T22:38:06.244969,,2153
ML-KEM-512,decap,1024,16,2.0,1,1,0,MacBook-Pro-4.local,darwin,0,0.066,15142.57,KEM,True,2025-11-20T22:38:06.245083,,2154
ML-KEM-512,decap,1024,16,2.0,1,1,0,MacBook-Pro-4.local,darwin,0,0.0919,10877.49,KEM,True,2025-11-20T22:38:06.245313,,2155
ML-KEM-512,decap,1024,64,2.0,1,1,0,MacBook-Pro-4.local,darwin,0,0.0634,15765.41,KEM,True,2025-11-20T22:38:06.245428,,2156
ML-KEM-512,decap,1024,64,2.0,1,1,0,MacBook-Pro-4.local,darwin,0,0.0779,12832.19,KEM,True,2025-11-20T22:38:06.245531,,2157
ML-KEM-512,decap,1024,64,2.0,1,1,0,MacBook-Pro-4.local,darwin,0,0.0617,16212.72,KEM,True,2025-11-20T22:38:06.245618,,2158
ML-KEM-512,decap,1024,64,2.0,1,1,0,MacBook-Pro-4.local,darwin,0,0.0573,17463.58,KEM,True,2025-11-20T22:38:06.245714,,2159
ML-KEM-512,decap,1024,64,2.0,1,1,0,MacBook-Pro-4.local,darwin,0,0.0616,16241.93,KEM,True,2025-11-20T22:38:06.245821,,2160
ML-KEM-768,keygen,0,1,2.0,1,1,0,MacBook-Pro-4.local,darwin,0,0.0842,11880.43,KEM,True,2025-11-20T22:38:06.245934,,2161
ML-KEM-768,keygen,0,1,2.0,1,1,0,MacBook-Pro-4.local,darwin,0,0.0341,29286.0,KEM,True,2025-11-20T22:38:06.245998,,2162
ML-KEM-768,keygen,0,1,2.0,1,1,0,MacBook-Pro-4.local,darwin,0,0.0372,26908.5,KEM,True,2025-11-20T22:38:06.246083,,2163
ML-KEM-768,keygen,0,1,2.0,1,1,0,MacBook-Pro-4.local,darwin,0,0.0328,30531.57,KEM,True,2025-11-20T22:38:06.246139,,2164
ML-KEM-768,keygen,0,1,2.0,1,1,0,MacBook-Pro-4.local,darwin,0,0.0331,30249.87,KEM,True,2025-11-20T22:38:06.246198,,2165
ML-KEM-768,keygen,0,16,2.0,1,1,0,MacBook-Pro-4.local,darwin,0,0.0367,27252.42,KEM,True,2025-11-20T22:38:06.246258,,2166
ML-KEM-768,keygen,0,16,2.0,1,1,0,MacBook-Pro-4.local,darwin,0,0.0327,30576.34,KEM,True,2025-11-20T22:38:06.246313,,2167
ML-KEM-768,keygen,0,16,2.0,1,1,0,MacBook-Pro-4.local,darwin,0,0.0334,29983.21,KEM,True,2025-11-20T22:38:06.246367,,2168
ML-KEM-768,keygen,0,16,2.0,1,1,0,MacBook-Pro-4.local,darwin,0,0.0328,30531.51,KEM,True,2025-11-20T22:38:06.246424,,2169
ML-KEM-768,keygen,0,16,2.0,1,1,0,MacBook-Pro-4.local,darwin,0,0.0324,30841.36,KEM,True,2025-11-20T22:38:06.246479,,2170
ML-KEM-768,keygen,0,64,2.0,1,1,0,MacBook-Pro-4.local,darwin,0,0.0325,30785.32,KEM,True,2025-11-20T22:38:06.246535,,2171
ML-KEM-768,keygen,0,64,2.0,1,1,0,MacBook-Pro-4.local,darwin,0,0.0332,30119.57,KEM,True,2025-11-20T22:38:06.246591,,2172
ML-KEM-768,keygen,0,64,2.0,1,1,0,MacBook-Pro-4.local,darwin,0,0.0329,30366.48,KEM,True,2025-11-20T22:38:06.246646,,2173
ML-KEM-768,keygen,0,64,2.0,1,1,0,MacBook-Pro-4.local,darwin,0,0.0325,30742.73,KEM,True,2025-11-20T22:38:06.246701,,2174
ML-KEM-768,keygen,0,64,2.0,1,1,0,MacBook-Pro-4.local,darwin,0,0.033,30319.54,KEM,True,2025-11-20T22:38:06.246756,,2175
ML-KEM-768,keygen,1024,1,2.0,1,1,0,MacBook-Pro-4.local,darwin,0,0.0322,31096.47,KEM,True,2025-11-20T22:38:06.246811,,2176
ML-KEM-768,keygen,1024,1,2.0,1,1,0,MacBook-Pro-4.local,darwin,0,0.0327,30625.07,KEM,True,2025-11-20T22:38:06.246867,,2177
ML-KEM-768,keygen,1024,1,2.0,1,1,0,MacBook-Pro-4.local,darwin,0,0.0318,31438.65,KEM,True,2025-11-20T22:38:06.246921,,2178
ML-KEM-768,keygen,1024,1,2.0,1,1,0,MacBook-Pro-4.local,darwin,0,0.0375,26691.57,KEM,True,2025-11-20T22:38:06.246981,,2179
ML-KEM-768,keygen,1024,1,2.0,1,1,0,MacBook-Pro-4.local,darwin,0,0.0321,31152.64,KEM,True,2025-11-20T22:38:06.247035,,2180
ML-KEM-768,keygen,1024,16,2.0,1,1,0,MacBook-Pro-4.local,darwin,0,0.0325,30734.26,KEM,True,2025-11-20T22:38:06.247090,,2181
ML-KEM-768,keygen,1024,16,2.0,1,1,0,MacBook-Pro-4.local,darwin,0,0.0326,30639.11,KEM,True,2025-11-20T22:38:06.247145,,2182
ML-KEM-768,keygen,1024,16,2.0,1,1,0,MacBook-Pro-4.local,darwin,0,0.0323,30986.66,KEM,True,2025-11-20T22:38:06.247200,,2183
ML-KEM-768,keygen,1024,16,2.0,1,1,0,MacBook-Pro-4.local,darwin,0,0.0327,30596.93,KEM,True,2025-11-20T22:38:06.247254,,2184
ML-KEM-768,keygen,1024,16,2.0,1,1,0,MacBook-Pro-4.local,darwin,0,0.0323,30981.85,KEM,True,2025-11-20T22:38:06.247308,,2185
ML-KEM-768,keygen,1024,64,2.0,1,1,0,MacBook-Pro-4.local,darwin,0,0.0346,28925.16,KEM,True,2025-11-20T22:38:06.247365,,2186
ML-KEM-768,keygen,1024,64,2.0,1,1,0,MacBook-Pro-4.local,darwin,0,0.0328,30522.24,KEM,True,2025-11-20T22:38:06.247420,,2187
ML-KEM-768,keygen,1024,64,2.0,1,1,0,MacBook-Pro-4.local,darwin,0,0.0322,31030.87,KEM,True,2025-11-20T22:38:06.247474,,2188
ML-KEM-768,keygen,1024,64,2.0,1,1,0,MacBook-Pro-4.local,darwin,0,0.0323,30994.31,KEM,True,2025-11-20T22:38:06.247529,,2189
ML-KEM-768,keygen,1024,64,2.0,1,1,0,MacBook-Pro-4.local,darwin,0,0.0329,30417.35,KEM,True,2025-11-20T22:38:06.247583,,2190
ML-KEM-768,encap,0,1,2.0,1,1,0,MacBook-Pro-4.local,darwin,0,0.0567,17639.48,KEM,True,2025-11-20T22:38:06.247667,,2191
ML-KEM-768,encap,0,1,2.0,1,1,0,MacBook-Pro-4.local,darwin,0,0.0546,18309.32,KEM,True,2025-11-20T22:38:06.247745,,2192
ML-KEM-768,encap,0,1,2.0,1,1,0,MacBook-Pro-4.local,darwin,0,0.0546,18326.76,KEM,True,2025-11-20T22:38:06.247823,,2193
ML-KEM-768,encap,0,1,2.0,1,1,0,MacBook-Pro-4.local,darwin,0,0.0546,18320.05,KEM,True,2025-11-20T22:38:06.247901,,2194
ML-KEM-768,encap,0,1,2.0,1,1,0,MacBook-Pro-4.local,darwin,0,0.0539,18541.88,KEM,True,2025-11-20T22:38:06.247979,,2195
ML-KEM-768,encap,0,16,2.0,1,1,0,MacBook-Pro-4.local,darwin,0,0.0543,18423.33,KEM,True,2025-11-20T22:38:06.248057,,2196
ML-KEM-768,encap,0,16,2.0,1,1,0,MacBook-Pro-4.local,darwin,0,0.0532,18780.04,KEM,True,2025-11-20T22:38:06.248135,,2197
ML-KEM-768,encap,0,16,2.0,1,1,0,MacBook-Pro-4.local,darwin,0,0.0541,18496.61,KEM,True,2025-11-20T22:38:06.248212,,2198
ML-KEM-768,encap,0,16,2.0,1,1,0,MacBook-Pro-4.local,darwin,0,0.0536,18654.63,KEM,True,2025-11-20T22:38:06.248289,,2199
ML-KEM-768,encap,0,16,2.0,1,1,0,MacBook-Pro-4.local,darwin,0,0.0539,18545.98,KEM,True,2025-11-20T22:38:06.248367,,2200
ML-KEM-768,encap,0,64,2.0,1,1,0,MacBook-Pro-4.local,darwin,0,0.0537,18628.58,KEM,True,2025-11-20T22:38:06.248445,,2201
ML-KEM-768,encap,0,64,2.0,1,1,0,MacBook-Pro-4.local,darwin,0,0.053,18852.27,KEM,True,2025-11-20T22:38:06.248521,,2202
ML-KEM-768,encap,0,64,2.0,1,1,0,MacBook-Pro-4.local,darwin,0,0.0537,18610.88,KEM,True,2025-11-20T22:38:06.248598,,2203
ML-KEM-768,encap,0,64,2.0,1,1,0,MacBook-Pro-4.local,darwin,0,0.0542,18451.21,KEM,True,2025-11-20T22:38:06.248676,,2204
ML-KEM-768,encap,0,64,2.0,1,1,0,MacBook-Pro-4.local,darwin,0,0.0534,18723.08,KEM,True,2025-11-20T22:38:06.248753,,2205
ML-KEM-768,encap,1024,1,2.0,1,1,0,MacBook-Pro-4.local,darwin,0,0.0535,18674.83,KEM,True,2025-11-20T22:38:06.248831,,2206
ML-KEM-768,encap,1024,1,2.0,1,1,0,MacBook-Pro-4.local,darwin,0,0.0557,17953.65,KEM,True,2025-11-20T22:38:06.248910,,2207
ML-KEM-768,encap,1024,1,2.0,1,1,0,MacBook-Pro-4.local,darwin,0,0.0538,18574.26,KEM,True,2025-11-20T22:38:06.248987,,2208
ML-KEM-768,encap,1024,1,2.0,1,1,0,MacBook-Pro-4.local,darwin,0,0.0552,18131.69,KEM,True,2025-11-20T22:38:06.249066,,2209
ML-KEM-768,encap,1024,1,2.0,1,1,0,MacBook-Pro-4.local,darwin,0,0.0529,18906.09,KEM,True,2025-11-20T22:38:06.249142,,2210
ML-KEM-768,encap,1024,16,2.0,1,1,0,MacBook-Pro-4.local,darwin,0,0.0542,18442.36,KEM,True,2025-11-20T22:38:06.249220,,2211
ML-KEM-768,encap,1024,16,2.0,1,1,0,MacBook-Pro-4.local,darwin,0,0.0548,18261.5,KEM,True,2025-11-20T22:38:06.249298,,2212
ML-KEM-768,encap,1024,16,2.0,1,1,0,MacBook-Pro-4.local,darwin,0,0.0528,18945.14,KEM,True,2025-11-20T22:38:06.249375,,2213
ML-KEM-768,encap,1024,16,2.0,1,1,0,MacBook-Pro-4.local,darwin,0,0.0534,18736.42,KEM,True,2025-11-20T22:38:06.249452,,2214
ML-KEM-768,encap,1024,16,2.0,1,1,0,MacBook-Pro-4.local,darwin,0,0.0533,18760.31,KEM,True,2025-11-20T22:38:06.249529,,2215
ML-KEM-768,encap,1024,64,2.0,1,1,0,MacBook-Pro-4.local,darwin,0,0.054,18510.64,KEM,True,2025-11-20T22:38:06.249607,,2216
ML-KEM-768,encap,1024,64,2.0,1,1,0,MacBook-Pro-4.local,darwin,0,0.0539,18568.03,KEM,True,2025-11-20T22:38:06.249684,,2217
ML-KEM-768,encap,1024,64,2.0,1,1,0,MacBook-Pro-4.local,darwin,0,0.0533,18767.36,KEM,True,2025-11-20T22:38:06.249761,,2218
ML-KEM-768,encap,1024,64,2.0,1,1,0,MacBook-Pro-4.local,darwin,0,0.0529,18898.6,KEM,True,2025-11-20T22:38:06.249838,,2219
ML-KEM-768,encap,1024,64,2.0,1,1,0,MacBook-Pro-4.local,darwin,0,0.0533,18756.44,KEM,True,2025-11-20T22:38:06.249915,,2220
ML-KEM-768,decap,0,1,2.0,1,1,0,MacBook-Pro-4.local,darwin,0,0.0764,13086.26,KEM,True,2025-11-20T22:38:06.250019,,2221
ML-KEM-768,decap,0,1,2.0,1,1,0,MacBook-Pro-4.local,darwin,0,0.076,13153.91,KEM,True,2025-11-20T22:38:06.250120,,2222
ML-KEM-768,decap,0,1,2.0,1,1,0,MacBook-Pro-4.local,darwin,0,0.0791,12642.22,KEM,True,2025-11-20T22:38:06.250244,,2223
ML-KEM-768,decap,0,1,2.0,1,1,0,MacBook-Pro-4.local,darwin,0,0.0744,13446.1,KEM,True,2025-11-20T22:38:06.250343,,2224
ML-KEM-768,decap,0,1,2.0,1,1,0,MacBook-Pro-4.local,darwin,0,0.0754,13270.69,KEM,True,2025-11-20T22:38:06.250443,,2225
ML-KEM-768,decap,0,16,2.0,1,1,0,MacBook-Pro-4.local,darwin,0,0.0746,13401.23,KEM,True,2025-11-20T22:38:06.250543,,2226
ML-KEM-768,decap,0,16,2.0,1,1,0,MacBook-Pro-4.local,darwin,0,0.0754,13258.91,KEM,True,2025-11-20T22:38:06.250642,,2227
ML-KEM-768,decap,0,16,2.0,1,1,0,MacBook-Pro-4.local,darwin,0,0.0748,13375.06,KEM,True,2025-11-20T22:38:06.250741,,2228
ML-KEM-768,decap,0,16,2.0,1,1,0,MacBook-Pro-4.local,darwin,0,0.0752,13299.99,KEM,True,2025-11-20T22:38:06.250840,,2229
ML-KEM-768,decap,0,16,2.0,1,1,0,MacBook-Pro-4.local,darwin,0,0.075,13335.11,KEM,True,2025-11-20T22:38:06.250938,,2230
ML-KEM-768,decap,0,64,2.0,1,1,0,MacBook-Pro-4.local,darwin,0,0.0744,13440.68,KEM,True,2025-11-20T22:38:06.251037,,2231
ML-KEM-768,decap,0,64,2.0,1,1,0,MacBook-Pro-4.local,darwin,0,0.0754,13271.23,KEM,True,2025-11-20T22:38:06.251136,,2232
ML-KEM-768,decap,0,64,2.0,1,1,0,MacBook-Pro-4.local,darwin,0,0.0754,13260.48,KEM,True,2025-11-20T22:38:06.251235,,2233
ML-KEM-768,decap,0,64,2.0,1,1,0,MacBook-Pro-4.local,darwin,0,0.0744,13433.64,KEM,True,2025-11-20T22:38:06.251333,,2234
ML-KEM-768,decap,0,64,2.0,1,1,0,MacBook-Pro-4.local,darwin,0,0.0748,13375.78,KEM,True,2025-11-20T22:38:06.251431,,2235
ML-KEM-768,decap,1024,1,2.0,1,1,0,MacBook-Pro-4.local,darwin,0,0.0755,13247.49,KEM,True,2025-11-20T22:38:06.251531,,2236
ML-KEM-768,decap,1024,1,2.0,1,1,0,MacBook-Pro-4.local,darwin,0,0.0747,13391.9,KEM,True,2025-11-20T22:38:06.251630,,2237
ML-KEM-768,decap,1024,1,2.0,1,1,0,MacBook-Pro-4.local,darwin,0,0.076,13156.5,KEM,True,2025-11-20T22:38:06.251730,,2238
ML-KEM-768,decap,1024,1,2.0,1,1,0,MacBook-Pro-4.local,darwin,0,0.0751,13320.2,KEM,True,2025-11-20T22:38:06.251828,,2239
ML-KEM-768,decap,1024,1,2.0,1,1,0,MacBook-Pro-4.local,darwin,0,0.0753,13284.97,KEM,True,2025-11-20T22:38:06.251928,,2240
ML-KEM-768,decap,1024,16,2.0,1,1,0,MacBook-Pro-4.local,darwin,0,0.0744,13438.33,KEM,True,2025-11-20T22:38:06.252026,,2241
ML-KEM-768,decap,1024,16,2.0,1,1,0,MacBook-Pro-4.local,darwin,0,0.0753,13278.97,KEM,True,2025-11-20T22:38:06.252125,,2242
ML-KEM-768,decap,1024,16,2.0,1,1,0,MacBook-Pro-4.local,darwin,0,0.0745,13431.66,KEM,True,2025-11-20T22:38:06.252224,,2243
ML-KEM-768,decap,1024,16,2.0,1,1,0,MacBook-Pro-4.local,darwin,0,0.0745,13427.5,KEM,True,2025-11-20T22:38:06.252322,,2244
ML-KEM-768,decap,1024,16,2.0,1,1,0,MacBook-Pro-4.local,darwin,0,0.0748,13370.06,KEM,True,2025-11-20T22:38:06.252421,,2245
ML-KEM-768,decap,1024,64,2.0,1,1,0,MacBook-Pro-4.local,darwin,0,0.0752,13301.06,KEM,True,2025-11-20T22:38:06.252521,,2246
ML-KEM-768,decap,1024,64,2.0,1,1,0,MacBook-Pro-4.local,darwin,0,0.0741,13486.54,KEM,True,2025-11-20T22:38:06.252618,,2247
ML-KEM-768,decap,1024,64,2.0,1,1,0,MacBook-Pro-4.local,darwin,0,0.0754,13255.22,KEM,True,2025-11-20T22:38:06.252718,,2248
ML-KEM-768,decap,1024,64,2.0,1,1,0,MacBook-Pro-4.local,darwin,0,0.0773,12931.25,KEM,True,2025-11-20T22:38:06.252819,,2249
ML-KEM-768,decap,1024,64,2.0,1,1,0,MacBook-Pro-4.local,darwin,0,0.0747,13380.97,KEM,True,2025-11-20T22:38:06.252917,,2250
sntrup761,keygen,0,1,2.0,1,1,0,MacBook-Pro-4.local,darwin,0,0.3963,2523.1,KEM,True,2025-11-20T22:38:06.253343,,2251
sntrup761,keygen,0,1,2.0,1,1,0,MacBook-Pro-4.local,darwin,0,0.2717,3680.73,KEM,True,2025-11-20T22:38:06.253645,,2252
sntrup761,keygen,0,1,2.0,1,1,0,MacBook-Pro-4.local,darwin,0,0.267,3745.25,KEM,True,2025-11-20T22:38:06.253936,,2253
sntrup761,keygen,0,1,2.0,1,1,0,MacBook-Pro-4.local,darwin,0,0.2665,3752.89,KEM,True,2025-11-20T22:38:06.254229,,2254
sntrup761,keygen,0,1,2.0,1,1,0,MacBook-Pro-4.local,darwin,0,0.2667,3750.16,KEM,True,2025-11-20T22:38:06.254518,,2255
sntrup761,keygen,0,16,2.0,1,1,0,MacBook-Pro-4.local,darwin,0,0.266,3759.77,KEM,True,2025-11-20T22:38:06.254807,,2256
sntrup761,keygen,0,16,2.0,1,1,0,MacBook-Pro-4.local,darwin,0,0.2703,3699.21,KEM,True,2025-11-20T22:38:06.255100,,2257
sntrup761,keygen,0,16,2.0,1,1,0,MacBook-Pro-4.local,darwin,0,0.2652,3770.47,KEM,True,2025-11-20T22:38:06.255388,,2258
sntrup761,keygen,0,16,2.0,1,1,0,MacBook-Pro-4.local,darwin,0,0.2688,3719.59,KEM,True,2025-11-20T22:38:06.255681,,2259
sntrup761,keygen,0,16,2.0,1,1,0,MacBook-Pro-4.local,darwin,0,0.2811,3557.78,KEM,True,2025-11-20T22:38:06.255992,,2260
sntrup761,keygen,0,64,2.0,1,1,0,MacBook-Pro-4.local,darwin,0,0.281,3558.63,KEM,True,2025-11-20T22:38:06.256305,,2261
sntrup761,keygen,0,64,2.0,1,1,0,MacBook-Pro-4.local,darwin,0,0.3344,2990.69,KEM,True,2025-11-20T22:38:06.256681,,2262
sntrup761,keygen,0,64,2.0,1,1,0,MacBook-Pro-4.local,darwin,0,0.297,3366.44,KEM,True,2025-11-20T22:38:06.257063,,2263
sntrup761,keygen,0,64,2.0,1,1,0,MacBook-Pro-4.local,darwin,0,0.2759,3624.97,KEM,True,2025-11-20T22:38:06.257386,,2264
sntrup761,keygen,0,64,2.0,1,1,0,MacBook-Pro-4.local,darwin,0,0.27,3703.5,KEM,True,2025-11-20T22:38:06.257683,,2265
sntrup761,keygen,1024,1,2.0,1,1,0,MacBook-Pro-4.local,darwin,0,0.3253,3074.11,KEM,True,2025-11-20T22:38:06.258081,,2266
sntrup761,keygen,1024,1,2.0,1,1,0,MacBook-Pro-4.local,darwin,0,0.2903,3445.21,KEM,True,2025-11-20T22:38:06.258429,,2267
sntrup761,keygen,1024,1,2.0,1,1,0,MacBook-Pro-4.local,darwin,0,0.3545,2820.86,KEM,True,2025-11-20T22:38:06.258818,,2268
sntrup761,keygen,1024,1,2.0,1,1,0,MacBook-Pro-4.local,darwin,0,0.2982,3354.02,KEM,True,2025-11-20T22:38:06.259162,,2269
sntrup761,keygen,1024,1,2.0,1,1,0,MacBook-Pro-4.local,darwin,0,0.3721,2687.79,KEM,True,2025-11-20T22:38:06.259588,,2270
sntrup761,keygen,1024,16,2.0,1,1,0,MacBook-Pro-4.local,darwin,0,0.4511,2216.83,KEM,True,2025-11-20T22:38:06.260113,,2271
sntrup761,keygen,1024,16,2.0,1,1,0,MacBook-Pro-4.local,darwin,0,0.4112,2432.1,KEM,True,2025-11-20T22:38:06.260592,,2272
sntrup761,keygen,1024,16,2.0,1,1,0,MacBook-Pro-4.local,darwin,0,0.3338,2995.45,KEM,True,2025-11-20T22:38:06.261009,,2273
sntrup761,keygen,1024,16,2.0,1,1,0,MacBook-Pro-4.local,darwin,0,0.3063,3265.26,KEM,True,2025-11-20T22:38:06.261364,,2274
sntrup761,keygen,1024,16,2.0,1,1,0,MacBook-Pro-4.local,darwin,0,0.2746,3642.2,KEM,True,2025-11-20T22:38:06.261677,,2275
sntrup761,keygen,1024,64,2.0,1,1,0,MacBook-Pro-4.local,darwin,0,0.2676,3737.37,KEM,True,2025-11-20T22:38:06.261973,,2276
sntrup761,keygen,1024,64,2.0,1,1,0,MacBook-Pro-4.local,darwin,0,0.2673,3740.78,KEM,True,2025-11-20T22:38:06.262263,,2277
sntrup761,keygen,1024,64,2.0,1,1,0,MacBook-Pro-4.local,darwin,0,0.2661,3758.25,KEM,True,2025-11-20T22:38:06.262553,,2278
sntrup761,keygen,1024,64,2.0,1,1,0,MacBook-Pro-4.local,darwin,0,0.2658,3762.2,KEM,True,2025-11-20T22:38:06.262842,,2279
sntrup761,keygen,1024,64,2.0,1,1,0,MacBook-Pro-4.local,darwin,0,0.2657,3763.64,KEM,True,2025-11-20T22:38:06.263131,,2280
sntrup761,encap,0,1,2.0,1,1,0,MacBook-Pro-4.local,darwin,0,0.347,2882.23,KEM,True,2025-11-20T22:38:06.263510,,2281
sntrup761,encap,0,1,2.0,1,1,0,MacBook-Pro-4.local,darwin,0,0.2896,3453.53,KEM,True,2025-11-20T22:38:06.263830,,2282
sntrup761,encap,0,1,2.0,1,1,0,MacBook-Pro-4.local,darwin,0,0.2864,3491.75,KEM,True,2025-11-20T22:38:06.264141,,2283
sntrup761,encap,0,1,2.0,1,1,0,MacBook-Pro-4.local,darwin,0,0.2913,3432.55,KEM,True,2025-11-20T22:38:06.264461,,2284
sntrup761,encap,0,1,2.0,1,1,0,MacBook-Pro-4.local,darwin,0,0.2896,3453.53,KEM,True,2025-11-20T22:38:06.264775,,2285
sntrup761,encap,0,16,2.0,1,1,0,MacBook-Pro-4.local,darwin,0,0.2852,3506.36,KEM,True,2025-11-20T22:38:06.265086,,2286
sntrup761,encap,0,16,2.0,1,1,0,MacBook-Pro-4.local,darwin,0,0.2885,3466.64,KEM,True,2025-11-20T22:38:06.265400,,2287
sntrup761,encap,0,16,2.0,1,1,0,MacBook-Pro-4.local,darwin,0,0.2903,3445.16,KEM,True,2025-11-20T22:38:06.265718,,2288
sntrup761,encap,0,16,2.0,1,1,0,MacBook-Pro-4.local,darwin,0,0.2852,3506.57,KEM,True,2025-11-20T22:38:06.266030,,2289
sntrup761,encap,0,16,2.0,1,1,0,MacBook-Pro-4.local,darwin,0,0.2869,3485.78,KEM,True,2025-11-20T22:38:06.266343,,2290
sntrup761,encap,0,64,2.0,1,1,0,MacBook-Pro-4.local,darwin,0,0.2857,3500.66,KEM,True,2025-11-20T22:38:06.266654,,2291
sntrup761,encap,0,64,2.0,1,1,0,MacBook-Pro-4.local,darwin,0,0.2906,3441.45,KEM,True,2025-11-20T22:38:06.267025,,2292
sntrup761,encap,0,64,2.0,1,1,0,MacBook-Pro-4.local,darwin,0,0.2865,3490.15,KEM,True,2025-11-20T22:38:06.267338,,2293
sntrup761,encap,0,64,2.0,1,1,0,MacBook-Pro-4.local,darwin,0,0.2852,3506.91,KEM,True,2025-11-20T22:38:06.267652,,2294
sntrup761,encap,0,64,2.0,1,1,0,MacBook-Pro-4.local,darwin,0,0.292,3424.26,KEM,True,2025-11-20T22:38:06.267972,,2295
sntrup761,encap,1024,1,2.0,1,1,0,MacBook-Pro-4.local,darwin,0,0.2891,3458.56,KEM,True,2025-11-20T22:38:06.268287,,2296
sntrup761,encap,1024,1,2.0,1,1,0,MacBook-Pro-4.local,darwin,0,0.2848,3511.04,KEM,True,2025-11-20T22:38:06.268597,,2297
sntrup761,encap,1024,1,2.0,1,1,0,MacBook-Pro-4.local,darwin,0,0.2896,3452.75,KEM,True,2025-11-20T22:38:06.268912,,2298
sntrup761,encap,1024,1,2.0,1,1,0,MacBook-Pro-4.local,darwin,0,0.2848,3511.11,KEM,True,2025-11-20T22:38:06.269225,,2299
sntrup761,encap,1024,1,2.0,1,1,0,MacBook-Pro-4.local,darwin,0,0.2849,3509.71,KEM,True,2025-11-20T22:38:06.269533,,2300
sntrup761,encap,1024,16,2.0,1,1,0,MacBook-Pro-4.local,darwin,0,0.2844,3515.63,KEM,True,2025-11-20T22:38:06.269844,,2301
sntrup761,encap,1024,16,2.0,1,1,0,MacBook-Pro-4.local,darwin,0,0.284,3521.1,KEM,True,2025-11-20T22:38:06.270152,,2302
sntrup761,encap,1024,16,2.0,1,1,0,MacBook-Pro-4.local,darwin,0,0.2895,3454.16,KEM,True,2025-11-20T22:38:06.270465,,2303
sntrup761,encap,1024,16,2.0,1,1,0,MacBook-Pro-4.local,darwin,0,0.2928,3415.76,KEM,True,2025-11-20T22:38:06.270782,,2304
sntrup761,encap,1024,16,2.0,1,1,0,MacBook-Pro-4.local,darwin,0,0.2845,3514.8,KEM,True,2025-11-20T22:38:06.271090,,2305
sntrup761,encap,1024,64,2.0,1,1,0,MacBook-Pro-4.local,darwin,0,0.2901,3447.03,KEM,True,2025-11-20T22:38:06.271406,,2306
sntrup761,encap,1024,64,2.0,1,1,0,MacBook-Pro-4.local,darwin,0,0.2858,3499.16,KEM,True,2025-11-20T22:38:06.271715,,2307
sntrup761,encap,1024,64,2.0,1,1,0,MacBook-Pro-4.local,darwin,0,0.2896,3452.81,KEM,True,2025-11-20T22:38:06.272028,,2308
sntrup761,encap,1024,64,2.0,1,1,0,MacBook-Pro-4.local,darwin,0,0.2892,3457.64,KEM,True,2025-11-20T22:38:06.272346,,2309
sntrup761,encap,1024,64,2.0,1,1,0,MacBook-Pro-4.local,darwin,0,0.2896,3453.35,KEM,True,2025-11-20T22:38:06.272664,,2310
sntrup761,decap,0,1,2.0,1,1,0,MacBook-Pro-4.local,darwin,0,0.3063,3264.82,KEM,True,2025-11-20T22:38:06.273004,,2311
sntrup761,decap,0,1,2.0,1,1,0,MacBook-Pro-4.local,darwin,0,0.3082,3244.47,KEM,True,2025-11-20T22:38:06.273336,,2312
sntrup761,decap,0,1,2.0,1,1,0,MacBook-Pro-4.local,darwin,0,0.3124,3201.08,KEM,True,2025-11-20T22:38:06.273672,,2313
sntrup761,decap,0,1,2.0,1,1,0,MacBook-Pro-4.local,darwin,0,0.3453,2896.15,KEM,True,2025-11-20T22:38:06.274046,,2314
sntrup761,decap,0,1,2.0,1,1,0,MacBook-Pro-4.local,darwin,0,0.3189,3135.52,KEM,True,2025-11-20T22:38:06.274405,,2315
sntrup761,decap,0,16,2.0,1,1,0,MacBook-Pro-4.local,darwin,0,0.3192,3132.54,KEM,True,2025-11-20T22:38:06.274753,,2316
sntrup761,decap,0,16,2.0,1,1,0,MacBook-Pro-4.local,darwin,0,0.3048,3280.93,KEM,True,2025-11-20T22:38:06.275083,,2317
sntrup761,decap,0,16,2.0,1,1,0,MacBook-Pro-4.local,darwin,0,0.3433,2912.91,KEM,True,2025-11-20T22:38:06.275455,,2318
sntrup761,decap,0,16,2.0,1,1,0,MacBook-Pro-4.local,darwin,0,0.3172,3152.5,KEM,True,2025-11-20T22:38:06.275817,,2319
sntrup761,decap,0,16,2.0,1,1,0,MacBook-Pro-4.local,darwin,0,0.3082,3244.61,KEM,True,2025-11-20T22:38:06.276156,,2320
sntrup761,decap,0,64,2.0,1,1,0,MacBook-Pro-4.local,darwin,0,0.3134,3190.71,KEM,True,2025-11-20T22:38:06.276498,,2321
sntrup761,decap,0,64,2.0,1,1,0,MacBook-Pro-4.local,darwin,0,0.321,3115.21,KEM,True,2025-11-20T22:38:06.276858,,2322
sntrup761,decap,0,64,2.0,1,1,0,MacBook-Pro-4.local,darwin,0,0.3431,2914.77,KEM,True,2025-11-20T22:38:06.277236,,2323
sntrup761,decap,0,64,2.0,1,1,0,MacBook-Pro-4.local,darwin,0,0.34,2941.39,KEM,True,2025-11-20T22:38:06.277617,,2324
sntrup761,decap,0,64,2.0,1,1,0,MacBook-Pro-4.local,darwin,0,0.3616,2765.27,KEM,True,2025-11-20T22:38:06.278023,,2325
sntrup761,decap,1024,1,2.0,1,1,0,MacBook-Pro-4.local,darwin,0,0.3739,2674.38,KEM,True,2025-11-20T22:38:06.278444,,2326
sntrup761,decap,1024,1,2.0,1,1,0,MacBook-Pro-4.local,darwin,0,0.3931,2544.04,KEM,True,2025-11-20T22:38:06.278887,,2327
sntrup761,decap,1024,1,2.0,1,1,0,MacBook-Pro-4.local,darwin,0,0.3683,2714.85,KEM,True,2025-11-20T22:38:06.279296,,2328
sntrup761,decap,1024,1,2.0,1,1,0,MacBook-Pro-4.local,darwin,0,0.3096,3230.04,KEM,True,2025-11-20T22:38:06.279638,,2329
sntrup761,decap,1024,1,2.0,1,1,0,MacBook-Pro-4.local,darwin,0,0.3324,3008.38,KEM,True,2025-11-20T22:38:06.279997,,2330
sntrup761,decap,1024,16,2.0,1,1,0,MacBook-Pro-4.local,darwin,0,0.5961,1677.64,KEM,True,2025-11-20T22:38:06.280632,,2331
sntrup761,decap,1024,16,2.0,1,1,0,MacBook-Pro-4.local,darwin,0,0.3599,2778.23,KEM,True,2025-11-20T22:38:06.281056,,2332
sntrup761,decap,1024,16,2.0,1,1,0,MacBook-Pro-4.local,darwin,0,0.3099,3226.94,KEM,True,2025-11-20T22:38:06.281401,,2333
sntrup761,decap,1024,16,2.0,1,1,0,MacBook-Pro-4.local,darwin,0,0.3055,3273.23,KEM,True,2025-11-20T22:38:06.281732,,2334
sntrup761,decap,1024,16,2.0,1,1,0,MacBook-Pro-4.local,darwin,0,0.3049,3279.36,KEM,True,2025-11-20T22:38:06.282062,,2335
sntrup761,decap,1024,64,2.0,1,1,0,MacBook-Pro-4.local,darwin,0,0.3045,3284.04,KEM,True,2025-11-20T22:38:06.282396,,2336
sntrup761,decap,1024,64,2.0,1,1,0,MacBook-Pro-4.local,darwin,0,0.3075,3251.82,KEM,True,2025-11-20T22:38:06.282728,,2337
sntrup761,decap,1024,64,2.0,1,1,0,MacBook-Pro-4.local,darwin,0,0.3045,3283.76,KEM,True,2025-11-20T22:38:06.283064,,2338
sntrup761,decap,1024,64,2.0,1,1,0,MacBook-Pro-4.local,darwin,0,0.3034,3295.69,KEM,True,2025-11-20T22:38:06.283392,,2339
sntrup761,decap,1024,64,2.0,1,1,0,MacBook-Pro-4.local,darwin,0,0.3105,3220.53,KEM,True,2025-11-20T22:38:06.283727,,2340
